{"type":"FeatureCollection","features":[{"type":"Feature","geometry":{"type":"Polygon","coordinates":[[[-70.9468,-27.3879],[-70.94668,-27.38797],[-70.94658,-27.38799],[-70.94647,-27.38797],[-70.94636,-27.38789],[-70.94627,-27.38779],[-70.94621,-27.38764],[-70.94619,-27.38741],[-70.94617,-27.38721],[-70.94617,-27.38712],[-70.94621,-27.38705],[-70.94629,-27.38701],[-70.94638,-27.38703],[-70.946435,-27.38705],[-70.94652,-27.38714],[-70.9466,-27.38726],[-70.94667,-27.38736],[-70.94676,-27.38744],[-70.94684,-27.38749],[-70.9469,-27.38753],[-70.94694,-27.38761],[-70.9469,-27.38775],[-70.94686,-27.38784],[-70.9468,-27.3879]]]},"properties":{"comuna":"Caldera","mancha_id":"03102-88b2039b27fffff","clase":"Muy Bajo","nivel_medio":0.253,"nivel_medio_min":0.253,"nivel_medio_max":0.253,"pct_alto":5.4,"n_hexagonos":1,"area_ha":0.53}},{"type":"Feature","geometry":{"type":"Polygon","coordinates":[[[-70.91505,-27.448745],[-70.91485,-27.44887],[-70.91475,-27.44897],[-70.91463,-27.44902],[-70.9145,-27.44903],[-70.91442,-27.44897],[-70.91441,-27.44885],[-70.91449,-27.44875],[-70.91459,-27.44868],[-70.91467,-27.44866],[-70.91472,-27.44862],[-70.91472,-27.44855],[-70.91473,-27.44845],[-70.91475,-27.44837],[-70.91482,-27.44832],[-70.91493,-27.44831],[-70.915045,-27.44832],[-70.91516,-27.44835],[-70.915245,-27.448425],[-70.91525,-27.44854],[-70.91518,-27.44864],[-70.91505,-27.448745]]]},"properties":{"comuna":"Caldera","mancha_id":"03102-88b20399c7fffff","clase":"Muy Bajo","nivel_medio":0.003,"nivel_medio_min":0.003,"nivel_medio_max":0.003,"pct_alto":0.1,"n_hexagonos":1,"area_ha":0.35}},{"type":"Feature","geometry":{"type":"Polygon","coordinates":[[[-70.9146,-27.44927],[-70.91458,-27.44935],[-70.91453,-27.4494],[-70.91446,-27.44944],[-70.91432,-27.44945],[-70.91424,-27.44942],[-70.91421,-27.44932],[-70.91419,-27.44921],[-70.91421,-27.44914],[-70.91427,-27.44908],[-70.91437,-27.44907],[-70.91445,-27.44907],[-70.91453,-27.44909],[-70.91459,-27.44918],[-70.9146,-27.44927]]]},"properties":{"comuna":"Caldera","mancha_id":"03102-88b20399c7fffff-2","clase":"Muy Bajo","nivel_medio":0.003,"nivel_medio_min":0.003,"nivel_medio_max":0.003,"pct_alto":0.1,"n_hexagonos":1,"area_ha":0.14}},{"type":"Feature","geometry":{"type":"Polygon","coordinates":[[[-70.91263,-27.45262],[-70.91262,-27.45252],[-70.91263,-27.45243],[-70.91263,-27.45235],[-70.91267,-27.4523],[-70.912765,-27.452254],[-70.91282,-27.45224],[-70.912874,-27.452258],[-70.91293,-27.45225],[-70.913,-27.45234],[-70.91307,-27.45245],[-70.91316,-27.452545],[-70.91312,-27.45265],[-70.913,-27.45275],[-70.91289,-27.45278],[-70.91281,-27.45277],[-70.91268,-27.45272],[-70.91263,-27.45262]]]},"properties":{"comuna":"Caldera","mancha_id":"03102-88b20399c7fffff-3","clase":"Muy Bajo","nivel_medio":0.003,"nivel_medio_min":0.003,"nivel_medio_max":0.003,"pct_alto":0.1,"n_hexagonos":1,"area_ha":0.23}},{"type":"Feature","geometry":{"type":"Polygon","coordinates":[[[-70.91246,-27.45318],[-70.91238,-27.45311],[-70.91236,-27.45302],[-70.912369,-27.452935],[-70.91238,-27.45288],[-70.91247,-27.45285],[-70.91255,-27.452865],[-70.91265,-27.45286],[-70.91271,-27.4529],[-70.9128,-27.45295],[-70.91281,-27.45303],[-70.91277,-27.45312],[-70.91271,-27.45319],[-70.91263,-27.45323],[-70.91255,-27.45322],[-70.91246,-27.45318]]]},"properties":{"comuna":"Caldera","mancha_id":"03102-88b20399c7fffff-4","clase":"Muy Bajo","nivel_medio":0.003,"nivel_medio_min":0.003,"nivel_medio_max":0.003,"pct_alto":0.1,"n_hexagonos":1,"area_ha":0.14}},{"type":"Feature","geometry":{"type":"Polygon","coordinates":[[[-70.91205,-27.45415],[-70.91206,-27.45424],[-70.91204,-27.45431],[-70.91199,-27.45435],[-70.9119,-27.45437],[-70.91181,-27.45435],[-70.91172,-27.45429],[-70.91166,-27.45418],[-70.91166,-27.45402],[-70.91176,-27.45379],[-70.91186,-27.4537],[-70.91201,-27.4537],[-70.91207,-27.45372],[-70.91216,-27.45375],[-70.91222,-27.45383],[-70.91222,-27.45389],[-70.91216,-27.45397],[-70.9121,-27.45405],[-70.91205,-27.45415]]]},"properties":{"comuna":"Caldera","mancha_id":"03102-88b20399c7fffff-5","clase":"Muy Bajo","nivel_medio":0.003,"nivel_medio_min":0.003,"nivel_medio_max":0.003,"pct_alto":0.1,"n_hexagonos":1,"area_ha":0.29}},{"type":"Feature","geometry":{"type":"Polygon","coordinates":[[[-70.91987,-27.44555],[-70.91988,-27.44561],[-70.91986,-27.44567],[-70.9198,-27.44574],[-70.91973,-27.44577],[-70.91964,-27.44577],[-70.91956,-27.44576],[-70.91949,-27.4457],[-70.91944,-27.44564],[-70.91942,-27.44556],[-70.9194,-27.44548],[-70.91941,-27.44542],[-70.919476,-27.445378],[-70.91953,-27.44536],[-70.91961,-27.445385],[-70.91969,-27.44544],[-70.91975,-27.44546],[-70.91983,-27.4455],[-70.91987,-27.44555]]]},"properties":{"comuna":"Caldera","mancha_id":"03102-88b20399c5fffff","clase":"Muy Bajo","nivel_medio":0.007,"nivel_medio_min":0.007,"nivel_medio_max":0.007,"pct_alto":0.2,"n_hexagonos":1,"area_ha":0.15}},{"type":"Feature","geometry":{"type":"Polygon","coordinates":[[[-70.91891,-27.44586],[-70.91889,-27.44593],[-70.91882,-27.44599],[-70.91876,-27.44601],[-70.91869,-27.44603],[-70.9186,-27.44602],[-70.91852,-27.44601],[-70.91843,-27.446],[-70.91835,-27.44595],[-70.91833,-27.44587],[-70.91836,-27.44581],[-70.91845,-27.44575],[-70.91855,-27.4457],[-70.91861,-27.44565],[-70.91867,-27.445615],[-70.918755,-27.445626],[-70.9188,-27.44566],[-70.91885,-27.44569],[-70.9189,-27.445765],[-70.91891,-27.44586]]]},"properties":{"comuna":"Caldera","mancha_id":"03102-88b20399c5fffff-2","clase":"Muy Bajo","nivel_medio":0.007,"nivel_medio_min":0.007,"nivel_medio_max":0.007,"pct_alto":0.2,"n_hexagonos":1,"area_ha":0.19}},{"type":"Feature","geometry":{"type":"Polygon","coordinates":[[[-70.91743,-27.4465],[-70.91747,-27.44644],[-70.91753,-27.44642],[-70.9176,-27.44642],[-70.91773,-27.44642],[-70.91784,-27.44641],[-70.91789,-27.44644],[-70.91795,-27.44647],[-70.91801,-27.44653],[-70.91803,-27.4466],[-70.91801,-27.44669],[-70.91795,-27.44676],[-70.91786,-27.4468],[-70.91777,-27.4468],[-70.91772,-27.44676],[-70.91766,-27.44671],[-70.91758,-27.44669],[-70.91752,-27.44666],[-70.91746,-27.44662],[-70.91743,-27.44657],[-70.91743,-27.4465]]]},"properties":{"comuna":"Caldera","mancha_id":"03102-88b20399c5fffff-3","clase":"Muy Bajo","nivel_medio":0.007,"nivel_medio_min":0.007,"nivel_medio_max":0.007,"pct_alto":0.2,"n_hexagonos":1,"area_ha":0.19}},{"type":"Feature","geometry":{"type":"Polygon","coordinates":[[[-70.91846,-27.44655],[-70.91846,-27.44665],[-70.91841,-27.44675],[-70.91835,-27.44682],[-70.91829,-27.44683],[-70.91822,-27.44681],[-70.91817,-27.44675],[-70.91816,-27.44666],[-70.91815,-27.44659],[-70.91818,-27.44652],[-70.91823,-27.44647],[-70.91829,-27.44644],[-70.91836,-27.44644],[-70.91844,-27.44648],[-70.91846,-27.44655]]]},"properties":{"comuna":"Caldera","mancha_id":"03102-88b20399c5fffff-4","clase":"Muy Bajo","nivel_medio":0.007,"nivel_medio_min":0.007,"nivel_medio_max":0.007,"pct_alto":0.2,"n_hexagonos":1,"area_ha":0.1}},{"type":"Feature","geometry":{"type":"Polygon","coordinates":[[[-70.91732,-27.44705],[-70.91724,-27.44707],[-70.91716,-27.44712],[-70.917085,-27.44718],[-70.91695,-27.44721],[-70.91689,-27.4472],[-70.91681,-27.44715],[-70.91679,-27.44707],[-70.91678,-27.44698],[-70.9168,-27.44689],[-70.91686,-27.4468],[-70.91697,-27.44674],[-70.91705,-27.44671],[-70.91717,-27.44669],[-70.91725,-27.4467],[-70.91732,-27.44672],[-70.917385,-27.446755],[-70.91743,-27.44681],[-70.91743,-27.44689],[-70.91741,-27.44697],[-70.91737,-27.44702],[-70.91732,-27.44705]]]},"properties":{"comuna":"Caldera","mancha_id":"03102-88b20399c5fffff-5","clase":"Muy Bajo","nivel_medio":0.007,"nivel_medio_min":0.007,"nivel_medio_max":0.007,"pct_alto":0.2,"n_hexagonos":1,"area_ha":0.27}},{"type":"Feature","geometry":{"type":"Polygon","coordinates":[[[-70.918585,-27.44696],[-70.91857,-27.44705],[-70.91848,-27.44713],[-70.918395,-27.447195],[-70.9183,-27.44719],[-70.91824,-27.44715],[-70.9182,-27.4471],[-70.91821,-27.447005],[-70.918275,-27.446925],[-70.9184,-27.44692],[-70.918495,-27.44692],[-70.918585,-27.44696]]]},"properties":{"comuna":"Caldera","mancha_id":"03102-88b20399c5fffff-6","clase":"Muy Bajo","nivel_medio":0.007,"nivel_medio_min":0.007,"nivel_medio_max":0.007,"pct_alto":0.2,"n_hexagonos":1,"area_ha":0.09}},{"type":"Feature","geometry":{"type":"Polygon","coordinates":[[[-70.8923,-27.4818],[-70.89227,-27.48191],[-70.89217,-27.48194],[-70.892,-27.48187],[-70.89186,-27.48178],[-70.89165,-27.48174],[-70.89153,-27.48169],[-70.8915,-27.48161],[-70.89153,-27.48147],[-70.89166,-27.48134],[-70.8918,-27.4812],[-70.89196,-27.48103],[-70.89212,-27.48087],[-70.89222,-27.48065],[-70.89232,-27.48049],[-70.89237,-27.48045],[-70.89245,-27.48044],[-70.89252,-27.48046],[-70.89259,-27.4805],[-70.89266,-27.4806],[-70.89266,-27.48068],[-70.89264,-27.48078],[-70.89255,-27.48086],[-70.89241,-27.48096],[-70.8923,-27.48105],[-70.89224,-27.48112],[-70.89219,-27.48122],[-70.89217,-27.48134],[-70.89218,-27.48142],[-70.89222,-27.48159],[-70.89228,-27.48173],[-70.8923,-27.4818]]]},"properties":{"comuna":"Caldera","mancha_id":"03102-88b2039997fffff","clase":"Muy Bajo","nivel_medio":0.0,"nivel_medio_min":0.0,"nivel_medio_max":0.0,"pct_alto":0.0,"n_hexagonos":1,"area_ha":0.75}},{"type":"Feature","geometry":{"type":"Polygon","coordinates":[[[-70.8985,-27.47586],[-70.89845,-27.47598],[-70.89836,-27.47606],[-70.89828,-27.47607],[-70.8982,-27.47601],[-70.89818,-27.47593],[-70.89817,-27.47584],[-70.89815,-27.47577],[-70.8981,-27.4757],[-70.898,-27.47564],[-70.89783,-27.47563],[-70.89767,-27.47561],[-70.89752,-27.47557],[-70.89744,-27.4755],[-70.8974,-27.4754],[-70.8974,-27.47528],[-70.89744,-27.4752],[-70.89751,-27.47515],[-70.897635,-27.47516],[-70.89773,-27.47524],[-70.89783,-27.47533],[-70.89793,-27.47542],[-70.89809,-27.47547],[-70.8982,-27.47549],[-70.89833,-27.47552],[-70.89841,-27.47554],[-70.89849,-27.47558],[-70.89853,-27.47563],[-70.89853,-27.47569],[-70.89853,-27.47578],[-70.8985,-27.47586]]]},"properties":{"comuna":"Caldera","mancha_id":"03102-88b2039995fffff","clase":"Muy Bajo","nivel_medio":0.046,"nivel_medio_min":0.046,"nivel_medio_max":0.046,"pct_alto":0.0,"n_hexagonos":1,"area_ha":0.45}},{"type":"Feature","geometry":{"type":"Polygon","coordinates":[[[-70.89794,-27.47672],[-70.89786,-27.47682],[-70.89779,-27.47687],[-70.89767,-27.47687],[-70.8976,-27.47682],[-70.89757,-27.47676],[-70.897555,-27.476645],[-70.89763,-27.4765],[-70.89771,-27.47645],[-70.8978,-27.47644],[-70.89787,-27.47645],[-70.89792,-27.47649],[-70.897965,-27.476525],[-70.89797,-27.47662],[-70.89794,-27.47672]]]},"properties":{"comuna":"Caldera","mancha_id":"03102-88b2039995fffff-2","clase":"Muy Bajo","nivel_medio":0.046,"nivel_medio_min":0.046,"nivel_medio_max":0.046,"pct_alto":0.0,"n_hexagonos":1,"area_ha":0.15}},{"type":"Feature","geometry":{"type":"Polygon","coordinates":[[[-70.90388,-27.46021],[-70.90384,-27.46029],[-70.90379,-27.46034],[-70.90371,-27.46036],[-70.90362,-27.46037],[-70.90354,-27.460345],[-70.90351,-27.46027],[-70.90347,-27.46019],[-70.90341,-27.46013],[-70.90337,-27.46008],[-70.90335,-27.46002],[-70.90341,-27.45994],[-70.9035,-27.4599],[-70.903575,-27.45991],[-70.9037,-27.459925],[-70.90378,-27.45996],[-70.90385,-27.46004],[-70.90388,-27.46011],[-70.90388,-27.46021]]]},"properties":{"comuna":"Caldera","mancha_id":"03102-88b203998bfffff","clase":"Muy Bajo","nivel_medio":0.0,"nivel_medio_min":0.0,"nivel_medio_max":0.0,"pct_alto":0.0,"n_hexagonos":1,"area_ha":0.19}},{"type":"Feature","geometry":{"type":"Polygon","coordinates":[[[-70.90291,-27.46116],[-70.90284,-27.46117],[-70.90275,-27.46116],[-70.90272,-27.4611],[-70.90272,-27.46098],[-70.90274,-27.46088],[-70.90277,-27.4608],[-70.90286,-27.4606],[-70.90295,-27.46049],[-70.90306,-27.46039],[-70.90315,-27.46039],[-70.90323,-27.46047],[-70.90329,-27.46059],[-70.90337,-27.46065],[-70.90342,-27.4607],[-70.90345,-27.46078],[-70.90344,-27.46086],[-70.90338,-27.46096],[-70.90331,-27.46098],[-70.90322,-27.46097],[-70.90314,-27.46098],[-70.90303,-27.46103],[-70.90296,-27.46111],[-70.90291,-27.46116]]]},"properties":{"comuna":"Caldera","mancha_id":"03102-88b203998bfffff-2","clase":"Muy Bajo","nivel_medio":0.0,"nivel_medio_min":0.0,"nivel_medio_max":0.0,"pct_alto":0.0,"n_hexagonos":1,"area_ha":0.38}},{"type":"Feature","geometry":{"type":"Polygon","coordinates":[[[-70.90252,-27.46134],[-70.90251,-27.46142],[-70.90247,-27.46151],[-70.90237,-27.46152],[-70.90227,-27.4615],[-70.90217,-27.46142],[-70.90209,-27.46133],[-70.90205,-27.46127],[-70.90204,-27.46119],[-70.90207,-27.46112],[-70.902155,-27.4611],[-70.90222,-27.46108],[-70.90232,-27.4611],[-70.9024,-27.46117],[-70.90247,-27.46125],[-70.90252,-27.46134]]]},"properties":{"comuna":"Caldera","mancha_id":"03102-88b203998bfffff-3","clase":"Muy Bajo","nivel_medio":0.0,"nivel_medio_min":0.0,"nivel_medio_max":0.0,"pct_alto":0.0,"n_hexagonos":1,"area_ha":0.16}},{"type":"Feature","geometry":{"type":"Polygon","coordinates":[[[-70.90222,-27.46174],[-70.90222,-27.46181],[-70.90218,-27.46191],[-70.90211,-27.46195],[-70.902045,-27.461945],[-70.90198,-27.4619],[-70.90193,-27.46186],[-70.901858,-27.461849],[-70.90182,-27.46179],[-70.90186,-27.46167],[-70.90192,-27.46158],[-70.90202,-27.46155],[-70.90209,-27.46156],[-70.90217,-27.46162],[-70.90222,-27.46166],[-70.90222,-27.46174]]]},"properties":{"comuna":"Caldera","mancha_id":"03102-88b203998bfffff-4","clase":"Muy Bajo","nivel_medio":0.0,"nivel_medio_min":0.0,"nivel_medio_max":0.0,"pct_alto":0.0,"n_hexagonos":1,"area_ha":0.13}},{"type":"Feature","geometry":{"type":"Polygon","coordinates":[[[-70.91047,-27.45483],[-70.91049,-27.45472],[-70.91066,-27.45463],[-70.91084,-27.4546],[-70.910856,-27.454602],[-70.911007,-27.454619],[-70.91106,-27.45464],[-70.91117,-27.4547],[-70.91119,-27.45477],[-70.911181,-27.454831],[-70.91118,-27.45484],[-70.91104,-27.45495],[-70.9109,-27.455],[-70.91073,-27.455],[-70.91054,-27.45495],[-70.91047,-27.45483]]]},"properties":{"comuna":"Caldera","mancha_id":"03102-88b2039989fffff","clase":"Muy Bajo","nivel_medio":0.0,"nivel_medio_min":0.0,"nivel_medio_max":0.003,"pct_alto":0.0,"n_hexagonos":2,"area_ha":0.24}},{"type":"Feature","geometry":{"type":"Polygon","coordinates":[[[-70.90646,-27.45648],[-70.90651,-27.45657],[-70.90652,-27.45667],[-70.90648,-27.45675],[-70.90638,-27.45678],[-70.90626,-27.45678],[-70.90616,-27.45673],[-70.90609,-27.45667],[-70.906035,-27.456575],[-70.90605,-27.45646],[-70.90611,-27.45638],[-70.906165,-27.456366],[-70.906275,-27.45639],[-70.90636,-27.45642],[-70.90646,-27.45648]]]},"properties":{"comuna":"Caldera","mancha_id":"03102-88b2039989fffff-2","clase":"Muy Bajo","nivel_medio":0.0,"nivel_medio_min":0.0,"nivel_medio_max":0.0,"pct_alto":0.0,"n_hexagonos":1,"area_ha":0.16}},{"type":"Feature","geometry":{"type":"Polygon","coordinates":[[[-70.90638,-27.45711],[-70.90647,-27.45722],[-70.90649,-27.45734],[-70.90647,-27.45742],[-70.90635,-27.45747],[-70.90625,-27.45745],[-70.90616,-27.4574],[-70.90607,-27.45731],[-70.90603,-27.4572],[-70.90603,-27.45711],[-70.90603,-27.45703],[-70.90606,-27.45698],[-70.90615,-27.45697],[-70.90628,-27.45702],[-70.90638,-27.45711]]]},"properties":{"comuna":"Caldera","mancha_id":"03102-88b2039989fffff-3","clase":"Muy Bajo","nivel_medio":0.0,"nivel_medio_min":0.0,"nivel_medio_max":0.0,"pct_alto":0.0,"n_hexagonos":1,"area_ha":0.18}},{"type":"Feature","geometry":{"type":"Polygon","coordinates":[[[-70.90567,-27.45772],[-70.90575,-27.4578],[-70.90575,-27.45787],[-70.90569,-27.45794],[-70.90562,-27.45798],[-70.90551,-27.45795],[-70.90539,-27.45788],[-70.90528,-27.45784],[-70.90519,-27.45782],[-70.90514,-27.45778],[-70.90517,-27.45773],[-70.90522,-27.45769],[-70.90526,-27.45764],[-70.90536,-27.45763],[-70.90551,-27.45764],[-70.90567,-27.45772]]]},"properties":{"comuna":"Caldera","mancha_id":"03102-88b2039989fffff-4","clase":"Muy Bajo","nivel_medio":0.0,"nivel_medio_min":0.0,"nivel_medio_max":0.0,"pct_alto":0.0,"n_hexagonos":1,"area_ha":0.15}},{"type":"Feature","geometry":{"type":"Polygon","coordinates":[[[-70.90506,-27.45874],[-70.90503,-27.45882],[-70.90495,-27.45894],[-70.90486,-27.45902],[-70.90474,-27.45905],[-70.90466,-27.45903],[-70.90456,-27.45896],[-70.90455,-27.458835],[-70.90461,-27.45874],[-70.904722,-27.45867],[-70.90479,-27.45866],[-70.904897,-27.45867],[-70.90502,-27.45868],[-70.90506,-27.45874]]]},"properties":{"comuna":"Caldera","mancha_id":"03102-88b2039989fffff-5","clase":"Muy Bajo","nivel_medio":0.0,"nivel_medio_min":0.0,"nivel_medio_max":0.0,"pct_alto":0.0,"n_hexagonos":1,"area_ha":0.16}},{"type":"Feature","geometry":{"type":"Polygon","coordinates":[[[-70.90434,-27.45954],[-70.90432,-27.45961],[-70.90424,-27.45968],[-70.90405,-27.45971],[-70.90393,-27.45968],[-70.90386,-27.45961],[-70.90388,-27.45954],[-70.90392,-27.4595],[-70.903941,-27.459447],[-70.90403,-27.45942],[-70.90423,-27.45942],[-70.90432,-27.45947],[-70.90434,-27.45954]]]},"properties":{"comuna":"Caldera","mancha_id":"03102-88b2039989fffff-6","clase":"Muy Bajo","nivel_medio":0.0,"nivel_medio_min":0.0,"nivel_medio_max":0.0,"pct_alto":0.0,"n_hexagonos":1,"area_ha":0.12}},{"type":"Feature","geometry":{"type":"Polygon","coordinates":[[[-70.92732,-27.43756],[-70.92734,-27.43763],[-70.92734,-27.43771],[-70.92727,-27.4378],[-70.9272,-27.43781],[-70.92711,-27.43779],[-70.926995,-27.437685],[-70.92695,-27.43759],[-70.92695,-27.43751],[-70.92701,-27.43744],[-70.92712,-27.43744],[-70.92726,-27.43751],[-70.92732,-27.43756]]]},"properties":{"comuna":"Caldera","mancha_id":"03102-88b2039913fffff","clase":"Muy Bajo","nivel_medio":0.015,"nivel_medio_min":0.015,"nivel_medio_max":0.015,"pct_alto":0.5,"n_hexagonos":1,"area_ha":0.12}},{"type":"Feature","geometry":{"type":"Polygon","coordinates":[[[-70.92765,-27.43786],[-70.92769,-27.43792],[-70.92771,-27.43798],[-70.9277,-27.43807],[-70.92764,-27.43813],[-70.92757,-27.43813],[-70.9275,-27.43808],[-70.927395,-27.438005],[-70.92735,-27.43796],[-70.92734,-27.43787],[-70.92736,-27.43779],[-70.92742,-27.43775],[-70.927505,-27.437755],[-70.92758,-27.4378],[-70.92765,-27.43786]]]},"properties":{"comuna":"Caldera","mancha_id":"03102-88b2039913fffff-2","clase":"Muy Bajo","nivel_medio":0.015,"nivel_medio_min":0.015,"nivel_medio_max":0.015,"pct_alto":0.5,"n_hexagonos":1,"area_ha":0.11}},{"type":"Feature","geometry":{"type":"Polygon","coordinates":[[[-70.92799,-27.43838],[-70.92802,-27.438445],[-70.927975,-27.438535],[-70.9278,-27.43857],[-70.927685,-27.438625],[-70.92758,-27.43856],[-70.92756,-27.4385],[-70.92755,-27.4384],[-70.92757,-27.43834],[-70.92763,-27.43827],[-70.927737,-27.438245],[-70.92781,-27.43825],[-70.92791,-27.43831],[-70.92799,-27.43838]]]},"properties":{"comuna":"Caldera","mancha_id":"03102-88b2039913fffff-3","clase":"Muy Bajo","nivel_medio":0.015,"nivel_medio_min":0.015,"nivel_medio_max":0.015,"pct_alto":0.5,"n_hexagonos":1,"area_ha":0.14}},{"type":"Feature","geometry":{"type":"Polygon","coordinates":[[[-70.92812,-27.43857],[-70.92811,-27.43849],[-70.92814,-27.438425],[-70.92824,-27.43836],[-70.9283,-27.438372],[-70.928246,-27.438775],[-70.92817,-27.43868],[-70.92812,-27.43857]]]},"properties":{"comuna":"Caldera","mancha_id":"03102-88b2039913fffff-4","clase":"Muy Bajo","nivel_medio":0.015,"nivel_medio_min":0.015,"nivel_medio_max":0.015,"pct_alto":0.5,"n_hexagonos":1,"area_ha":0.05}},{"type":"Feature","geometry":{"type":"Polygon","coordinates":[[[-70.92779,-27.44119],[-70.92788,-27.441215],[-70.927919,-27.441234],[-70.927901,-27.441372],[-70.927642,-27.441454],[-70.92762,-27.44141],[-70.92759,-27.44131],[-70.927601,-27.441255],[-70.92767,-27.4412],[-70.92779,-27.44119]]]},"properties":{"comuna":"Caldera","mancha_id":"03102-88b2039913fffff-5","clase":"Muy Bajo","nivel_medio":0.015,"nivel_medio_min":0.015,"nivel_medio_max":0.015,"pct_alto":0.5,"n_hexagonos":1,"area_ha":0.07}},{"type":"Feature","geometry":{"type":"Polygon","coordinates":[[[-70.92838,-27.43338],[-70.92839,-27.43346],[-70.92837,-27.43353],[-70.9283,-27.43358],[-70.92819,-27.433585],[-70.9281,-27.43355],[-70.92806,-27.43347],[-70.92804,-27.43339],[-70.92804,-27.43331],[-70.9281,-27.43323],[-70.92818,-27.43321],[-70.92824,-27.43324],[-70.92833,-27.4333],[-70.92838,-27.43338]]]},"properties":{"comuna":"Caldera","mancha_id":"03102-88b2039911fffff","clase":"Muy Bajo","nivel_medio":0.037,"nivel_medio_min":0.037,"nivel_medio_max":0.037,"pct_alto":1.2,"n_hexagonos":1,"area_ha":0.11}},{"type":"Feature","geometry":{"type":"Polygon","coordinates":[[[-70.92868,-27.43374],[-70.92868,-27.43383],[-70.92867,-27.43392],[-70.92864,-27.43399],[-70.928535,-27.43401],[-70.92842,-27.43394],[-70.92839,-27.43382],[-70.9284,-27.43372],[-70.9284,-27.43365],[-70.928455,-27.433614],[-70.92851,-27.4336],[-70.92859,-27.43362],[-70.92866,-27.43367],[-70.92868,-27.43374]]]},"properties":{"comuna":"Caldera","mancha_id":"03102-88b2039911fffff-2","clase":"Muy Bajo","nivel_medio":0.037,"nivel_medio_min":0.037,"nivel_medio_max":0.037,"pct_alto":1.2,"n_hexagonos":1,"area_ha":0.11}},{"type":"Feature","geometry":{"type":"Polygon","coordinates":[[[-70.928265,-27.43388],[-70.92836,-27.43395],[-70.92835,-27.43401],[-70.92826,-27.4341],[-70.92817,-27.43411],[-70.92809,-27.43405],[-70.92803,-27.43397],[-70.92799,-27.43387],[-70.92802,-27.4338],[-70.928115,-27.433805],[-70.9282,-27.43382],[-70.928265,-27.43388]]]},"properties":{"comuna":"Caldera","mancha_id":"03102-88b2039911fffff-3","clase":"Muy Bajo","nivel_medio":0.037,"nivel_medio_min":0.037,"nivel_medio_max":0.037,"pct_alto":1.2,"n_hexagonos":1,"area_ha":0.08}},{"type":"Feature","geometry":{"type":"Polygon","coordinates":[[[-70.92889,-27.43425],[-70.92889,-27.43433],[-70.92886,-27.43442],[-70.92879,-27.43447],[-70.92871,-27.43448],[-70.92859,-27.43446],[-70.92853,-27.43438],[-70.92849,-27.4343],[-70.92849,-27.4342],[-70.92855,-27.43412],[-70.928625,-27.434095],[-70.9287,-27.43408],[-70.92878,-27.4341],[-70.92886,-27.43417],[-70.92889,-27.43425]]]},"properties":{"comuna":"Caldera","mancha_id":"03102-88b2039911fffff-4","clase":"Muy Bajo","nivel_medio":0.037,"nivel_medio_min":0.037,"nivel_medio_max":0.037,"pct_alto":1.2,"n_hexagonos":1,"area_ha":0.14}},{"type":"Feature","geometry":{"type":"Polygon","coordinates":[[[-70.92832,-27.434155],[-70.9284,-27.43422],[-70.92842,-27.43435],[-70.92843,-27.43447],[-70.92833,-27.43456],[-70.92825,-27.43449],[-70.92819,-27.43443],[-70.92815,-27.43433],[-70.92816,-27.43425],[-70.92818,-27.43419],[-70.92825,-27.43416],[-70.92832,-27.434155]]]},"properties":{"comuna":"Caldera","mancha_id":"03102-88b2039911fffff-5","clase":"Muy Bajo","nivel_medio":0.037,"nivel_medio_min":0.037,"nivel_medio_max":0.037,"pct_alto":1.2,"n_hexagonos":1,"area_ha":0.09}},{"type":"Feature","geometry":{"type":"Polygon","coordinates":[[[-70.92695,-27.43553],[-70.92698,-27.43543],[-70.92707,-27.43538],[-70.92718,-27.43538],[-70.92729,-27.43537],[-70.927348,-27.435453],[-70.92734,-27.43559],[-70.92729,-27.43568],[-70.92718,-27.43573],[-70.92708,-27.43573],[-70.927,-27.43568],[-70.92696,-27.4356],[-70.92695,-27.43553]]]},"properties":{"comuna":"Caldera","mancha_id":"03102-88b2039911fffff-6","clase":"Muy Bajo","nivel_medio":0.037,"nivel_medio_min":0.037,"nivel_medio_max":0.037,"pct_alto":1.2,"n_hexagonos":1,"area_ha":0.13}},{"type":"Feature","geometry":{"type":"Polygon","coordinates":[[[-70.89177,-27.49065],[-70.89178,-27.49073],[-70.89177,-27.49082],[-70.89168,-27.49086],[-70.8916,-27.49086],[-70.89152,-27.49084],[-70.89147,-27.49079],[-70.89139,-27.4907],[-70.8914,-27.49062],[-70.8915,-27.49059],[-70.89156,-27.49059],[-70.89162,-27.49059],[-70.89168,-27.49061],[-70.89177,-27.49065]]]},"properties":{"comuna":"Caldera","mancha_id":"03102-88b2038a69fffff","clase":"Muy Bajo","nivel_medio":0.018,"nivel_medio_min":0.018,"nivel_medio_max":0.018,"pct_alto":0.0,"n_hexagonos":1,"area_ha":0.09}},{"type":"Feature","geometry":{"type":"Polygon","coordinates":[[[-70.89102,-27.49091],[-70.89112,-27.49089],[-70.89119,-27.49089],[-70.89129,-27.49089],[-70.89143,-27.49087],[-70.891464,-27.490915],[-70.89149,-27.49098],[-70.89148,-27.4911],[-70.8914,-27.49118],[-70.89126,-27.49118],[-70.89117,-27.49113],[-70.8911,-27.49108],[-70.891,-27.491055],[-70.89098,-27.49097],[-70.89102,-27.49091]]]},"properties":{"comuna":"Caldera","mancha_id":"03102-88b2038a69fffff-2","clase":"Muy Bajo","nivel_medio":0.018,"nivel_medio_min":0.018,"nivel_medio_max":0.018,"pct_alto":0.0,"n_hexagonos":1,"area_ha":0.13}},{"type":"Feature","geometry":{"type":"Polygon","coordinates":[[[-70.891045,-27.49289],[-70.89097,-27.49284],[-70.89096,-27.492824],[-70.89092,-27.49276],[-70.89087,-27.49267],[-70.8908,-27.49258],[-70.89067,-27.49248],[-70.89056,-27.49242],[-70.89049,-27.49237],[-70.89044,-27.4923],[-70.89044,-27.49224],[-70.8905,-27.4922],[-70.890535,-27.492155],[-70.890645,-27.49217],[-70.89072,-27.49225],[-70.89077,-27.49231],[-70.89087,-27.49234],[-70.89099,-27.49234],[-70.8911,-27.49235],[-70.89118,-27.49241],[-70.89123,-27.49248],[-70.89123,-27.49256],[-70.89123,-27.49264],[-70.891267,-27.492727],[-70.89129,-27.49278],[-70.89129,-27.49287],[-70.89123,-27.49292],[-70.89114,-27.49292],[-70.891045,-27.49289]]]},"properties":{"comuna":"Caldera","mancha_id":"03102-88b2038a61fffff","clase":"Muy Bajo","nivel_medio":0.027,"nivel_medio_min":0.018,"nivel_medio_max":0.103,"pct_alto":0.1,"n_hexagonos":2,"area_ha":0.32}},{"type":"Feature","geometry":{"type":"Polygon","coordinates":[[[-70.89585,-27.52368],[-70.89566,-27.52365],[-70.89528,-27.52334],[-70.89524,-27.52278],[-70.89534,-27.52259],[-70.89547,-27.52251],[-70.89559,-27.52251],[-70.89582,-27.52264],[-70.89593,-27.52266],[-70.89618,-27.52263],[-70.89639,-27.52268],[-70.8965,-27.52287],[-70.89649,-27.523],[-70.89646,-27.52305],[-70.89634,-27.52316],[-70.89616,-27.5233],[-70.89615,-27.5235],[-70.896,-27.52363],[-70.89585,-27.52368]]]},"properties":{"comuna":"Caldera","mancha_id":"03102-88b2038a27fffff","clase":"Muy Bajo","nivel_medio":0.075,"nivel_medio_min":0.075,"nivel_medio_max":0.075,"pct_alto":2.5,"n_hexagonos":1,"area_ha":1.13}},{"type":"Feature","geometry":{"type":"Polygon","coordinates":[[[-70.89474,-27.52226],[-70.89485,-27.52244],[-70.894852,-27.522488],[-70.89486,-27.52266],[-70.89485,-27.52273],[-70.89478,-27.52286],[-70.8945,-27.52309],[-70.89441,-27.52333],[-70.89432,-27.52342],[-70.89418,-27.52343],[-70.89405,-27.52333],[-70.89393,-27.52309],[-70.894,-27.52279],[-70.894032,-27.522748],[-70.89431,-27.52238],[-70.89454,-27.52222],[-70.89474,-27.52226]]]},"properties":{"comuna":"Caldera","mancha_id":"03102-88b2038a21fffff","clase":"Muy Bajo","nivel_medio":0.053,"nivel_medio_min":0.0,"nivel_medio_max":0.075,"pct_alto":1.8,"n_hexagonos":2,"area_ha":0.75}},{"type":"Feature","geometry":{"type":"Polygon","coordinates":[[[-70.90509,-27.5989],[-70.90524,-27.59899],[-70.90523,-27.59911],[-70.90511,-27.59919],[-70.90492,-27.59917],[-70.904825,-27.59912],[-70.9048,-27.59899],[-70.90491,-27.59892],[-70.90509,-27.5989]]]},"properties":{"comuna":"Caldera","mancha_id":"03102-88b20389ddfffff","clase":"Muy Bajo","nivel_medio":0.0,"nivel_medio_min":0.0,"nivel_medio_max":0.0,"pct_alto":0.0,"n_hexagonos":1,"area_ha":0.11}},{"type":"Feature","geometry":{"type":"Polygon","coordinates":[[[-70.90455,-27.59946],[-70.90447,-27.5995],[-70.90428,-27.59957],[-70.90411,-27.5996],[-70.90399,-27.5995],[-70.904,-27.59935],[-70.90421,-27.59911],[-70.90439,-27.59904],[-70.90451,-27.59906],[-70.90462,-27.59919],[-70.90463,-27.59935],[-70.90455,-27.59946]]]},"properties":{"comuna":"Caldera","mancha_id":"03102-88b20389ddfffff-2","clase":"Muy Bajo","nivel_medio":0.0,"nivel_medio_min":0.0,"nivel_medio_max":0.0,"pct_alto":0.0,"n_hexagonos":1,"area_ha":0.27}},{"type":"Feature","geometry":{"type":"Polygon","coordinates":[[[-70.90519,-27.59932],[-70.90529,-27.59945],[-70.90525,-27.5996],[-70.90517,-27.59965],[-70.90508,-27.59965],[-70.90495,-27.59957],[-70.90492,-27.59946],[-70.90498,-27.59933],[-70.90519,-27.59932]]]},"properties":{"comuna":"Caldera","mancha_id":"03102-88b20389ddfffff-3","clase":"Muy Bajo","nivel_medio":0.0,"nivel_medio_min":0.0,"nivel_medio_max":0.0,"pct_alto":0.0,"n_hexagonos":1,"area_ha":0.1}},{"type":"Feature","geometry":{"type":"Polygon","coordinates":[[[-70.90382,-27.60194],[-70.904,-27.60191],[-70.9042,-27.60196],[-70.90433,-27.60192],[-70.90461,-27.60172],[-70.90485,-27.60172],[-70.90501,-27.60184],[-70.90512,-27.60207],[-70.90511,-27.60214],[-70.90502,-27.60228],[-70.90483,-27.60235],[-70.90465,-27.60238],[-70.90436,-27.60262],[-70.90417,-27.60262],[-70.90372,-27.60224],[-70.9037,-27.60208],[-70.90382,-27.60194]]]},"properties":{"comuna":"Caldera","mancha_id":"03102-88b20389d1fffff","clase":"Muy Bajo","nivel_medio":0.019,"nivel_medio_min":0.019,"nivel_medio_max":0.019,"pct_alto":0.0,"n_hexagonos":1,"area_ha":0.87}},{"type":"Feature","geometry":{"type":"Polygon","coordinates":[[[-70.9326,-27.63857],[-70.93252,-27.63864],[-70.93228,-27.63869],[-70.93205,-27.63856],[-70.93201,-27.63828],[-70.93216,-27.63816],[-70.93236,-27.63816],[-70.93254,-27.63829],[-70.93262,-27.63849],[-70.9326,-27.63857]]]},"properties":{"comuna":"Caldera","mancha_id":"03102-88b20389b5fffff","clase":"Muy Bajo","nivel_medio":0.0,"nivel_medio_min":0.0,"nivel_medio_max":0.0,"pct_alto":0.0,"n_hexagonos":1,"area_ha":0.27}},{"type":"Feature","geometry":{"type":"Polygon","coordinates":[[[-70.90001,-27.61601],[-70.9002,-27.61619],[-70.90024,-27.61632],[-70.9002,-27.61639],[-70.90005,-27.61651],[-70.89983,-27.61649],[-70.8996,-27.61635],[-70.89958,-27.6161],[-70.89985,-27.61599],[-70.90001,-27.61601]]]},"properties":{"comuna":"Caldera","mancha_id":"03102-88b2038999fffff","clase":"Muy Bajo","nivel_medio":0.0,"nivel_medio_min":0.0,"nivel_medio_max":0.0,"pct_alto":0.0,"n_hexagonos":1,"area_ha":0.28}},{"type":"Feature","geometry":{"type":"Polygon","coordinates":[[[-70.90069,-27.61681],[-70.90074,-27.61702],[-70.90075,-27.61719],[-70.90067,-27.61726],[-70.90053,-27.61735],[-70.90031,-27.6173],[-70.90018,-27.6171],[-70.90016,-27.61692],[-70.90031,-27.61673],[-70.90052,-27.61673],[-70.90069,-27.61681]]]},"properties":{"comuna":"Caldera","mancha_id":"03102-88b2038999fffff-2","clase":"Muy Bajo","nivel_medio":0.0,"nivel_medio_min":0.0,"nivel_medio_max":0.0,"pct_alto":0.0,"n_hexagonos":1,"area_ha":0.31}},{"type":"Feature","geometry":{"type":"Polygon","coordinates":[[[-70.90097,-27.61785],[-70.90098,-27.61795],[-70.90093,-27.61809],[-70.90078,-27.61817],[-70.90059,-27.61813],[-70.90046,-27.61796],[-70.90048,-27.61778],[-70.90057,-27.61765],[-70.90076,-27.61763],[-70.90088,-27.6177],[-70.90097,-27.61785]]]},"properties":{"comuna":"Caldera","mancha_id":"03102-88b2038999fffff-3","clase":"Muy Bajo","nivel_medio":0.0,"nivel_medio_min":0.0,"nivel_medio_max":0.0,"pct_alto":0.0,"n_hexagonos":1,"area_ha":0.23}},{"type":"Feature","geometry":{"type":"Polygon","coordinates":[[[-70.90049,-27.61863],[-70.90047,-27.61869],[-70.9004,-27.61874],[-70.90027,-27.61884],[-70.90007,-27.61883],[-70.9,-27.61863],[-70.90003,-27.61843],[-70.9002,-27.61833],[-70.90035,-27.61833],[-70.90047,-27.61848],[-70.90049,-27.61863]]]},"properties":{"comuna":"Caldera","mancha_id":"03102-88b2038999fffff-4","clase":"Muy Bajo","nivel_medio":0.0,"nivel_medio_min":0.0,"nivel_medio_max":0.0,"pct_alto":0.0,"n_hexagonos":1,"area_ha":0.21}},{"type":"Feature","geometry":{"type":"Polygon","coordinates":[[[-70.90953,-27.55287],[-70.90973,-27.55306],[-70.909732,-27.553081],[-70.908664,-27.553419],[-70.90868,-27.55314],[-70.9088,-27.5529],[-70.90901,-27.55276],[-70.90929,-27.55274],[-70.90953,-27.55287]]]},"properties":{"comuna":"Caldera","mancha_id":"03102-88b203886bfffff","clase":"Muy Bajo","nivel_medio":0.023,"nivel_medio_min":0.023,"nivel_medio_max":0.023,"pct_alto":0.0,"n_hexagonos":1,"area_ha":0.46}},{"type":"Feature","geometry":{"type":"Polygon","coordinates":[[[-70.90902,-27.57549],[-70.9089,-27.5757],[-70.90871,-27.57596],[-70.90852,-27.57585],[-70.90846,-27.57562],[-70.9085,-27.57543],[-70.90885,-27.57514],[-70.90911,-27.57499],[-70.90929,-27.575],[-70.9093,-27.57522],[-70.90916,-27.57534],[-70.90906,-27.57543],[-70.90902,-27.57549]]]},"properties":{"comuna":"Caldera","mancha_id":"03102-88b203883dfffff","clase":"Muy Bajo","nivel_medio":0.002,"nivel_medio_min":0.002,"nivel_medio_max":0.002,"pct_alto":0.0,"n_hexagonos":1,"area_ha":0.44}},{"type":"Feature","geometry":{"type":"Polygon","coordinates":[[[-70.9106,-27.584],[-70.91053,-27.58406],[-70.91017,-27.58423],[-70.90998,-27.58418],[-70.90977,-27.58397],[-70.90966,-27.58375],[-70.90975,-27.58361],[-70.90997,-27.58357],[-70.91028,-27.58362],[-70.91052,-27.58376],[-70.91063,-27.58392],[-70.9106,-27.584]]]},"properties":{"comuna":"Caldera","mancha_id":"03102-88b2038835fffff","clase":"Muy Bajo","nivel_medio":0.029,"nivel_medio_min":0.029,"nivel_medio_max":0.029,"pct_alto":0.7,"n_hexagonos":1,"area_ha":0.47}},{"type":"Feature","geometry":{"type":"Polygon","coordinates":[[[-70.94329,-27.64409],[-70.9434,-27.64427],[-70.94341,-27.64448],[-70.943422,-27.644538],[-70.943331,-27.645213],[-70.94332,-27.64521],[-70.94317,-27.64506],[-70.94301,-27.64488],[-70.94266,-27.64484],[-70.94256,-27.64475],[-70.94259,-27.64465],[-70.94275,-27.64464],[-70.94293,-27.6446],[-70.94299,-27.64451],[-70.94291,-27.64427],[-70.94292,-27.6441],[-70.94312,-27.64401],[-70.94329,-27.64409]]]},"properties":{"comuna":"Caldera","mancha_id":"03102-88b203134bfffff","clase":"Muy Bajo","nivel_medio":0.0,"nivel_medio_min":0.0,"nivel_medio_max":0.0,"pct_alto":0.0,"n_hexagonos":1,"area_ha":0.56}},{"type":"Feature","geometry":{"type":"Polygon","coordinates":[[[-70.473245,-26.780239],[-70.473863,-26.775602],[-70.478779,-26.77403],[-70.483077,-26.777094],[-70.487993,-26.77552],[-70.492292,-26.778584],[-70.491674,-26.783221],[-70.486757,-26.784795],[-70.482459,-26.781731],[-70.477542,-26.783304],[-70.473245,-26.780239]]]},"properties":{"comuna":"Caldera","mancha_id":"03102-88b200aac5fffff","clase":"Muy Bajo","nivel_medio":0.329,"nivel_medio_min":0.239,"nivel_medio_max":0.419,"pct_alto":3.5,"n_hexagonos":2,"area_ha":144.29}},{"type":"Feature","geometry":{"type":"Polygon","coordinates":[[[-70.511986,-26.736752],[-70.507069,-26.738327],[-70.503765,-26.735972],[-70.504419,-26.73565],[-70.505624,-26.735165],[-70.506394,-26.734847],[-70.507097,-26.734729],[-70.507901,-26.734662],[-70.508403,-26.734579],[-70.509039,-26.734395],[-70.509776,-26.734227],[-70.510395,-26.734194],[-70.511048,-26.73411],[-70.511567,-26.734127],[-70.51232,-26.734127],[-70.512335,-26.734127],[-70.511986,-26.736752]]]},"properties":{"comuna":"Caldera","mancha_id":"03102-88b200aa41fffff","clase":"Muy Bajo","nivel_medio":0.003,"nivel_medio_min":0.003,"nivel_medio_max":0.003,"pct_alto":0.0,"n_hexagonos":1,"area_ha":24.59}},{"type":"Feature","geometry":{"type":"Polygon","coordinates":[[[-70.488612,-26.770883],[-70.484314,-26.767819],[-70.479397,-26.769392],[-70.4751,-26.766328],[-70.475718,-26.76169],[-70.480634,-26.760117],[-70.481252,-26.755479],[-70.486168,-26.753905],[-70.490466,-26.756969],[-70.489848,-26.761607],[-70.494146,-26.764671],[-70.493528,-26.769309],[-70.488612,-26.770883]]]},"properties":{"comuna":"Caldera","mancha_id":"03102-88b200aa11fffff","clase":"Muy Bajo","nivel_medio":0.316,"nivel_medio_min":0.156,"nivel_medio_max":0.484,"pct_alto":0.4,"n_hexagonos":3,"area_ha":216.5}},{"type":"Feature","geometry":{"type":"Polygon","coordinates":[[[-70.473333,-26.743986],[-70.473376,-26.743959],[-70.473936,-26.743601],[-70.474823,-26.743066],[-70.475861,-26.742631],[-70.476715,-26.742212],[-70.477384,-26.741911],[-70.478205,-26.741626],[-70.478807,-26.741358],[-70.479176,-26.741057],[-70.479929,-26.740588],[-70.48105,-26.740136],[-70.481088,-26.740123],[-70.482356,-26.739668],[-70.48408,-26.739048],[-70.486541,-26.738178],[-70.488366,-26.737391],[-70.488369,-26.73739],[-70.49019,-26.736654],[-70.491613,-26.736085],[-70.492534,-26.73575],[-70.493404,-26.735499],[-70.494509,-26.735466],[-70.495246,-26.735533],[-70.496049,-26.735717],[-70.496602,-26.735951],[-70.496644,-26.735975],[-70.497171,-26.736269],[-70.497606,-26.736554],[-70.497871,-26.736833],[-70.497855,-26.736838],[-70.497237,-26.741478],[-70.492321,-26.743053],[-70.491703,-26.747692],[-70.486787,-26.749266],[-70.482489,-26.746202],[-70.477573,-26.747776],[-70.473276,-26.744711],[-70.472246,-26.745041],[-70.472329,-26.744991],[-70.472915,-26.744455],[-70.473333,-26.743986]]]},"properties":{"comuna":"Caldera","mancha_id":"03102-88b200a167fffff","clase":"Muy Bajo","nivel_medio":0.155,"nivel_medio_min":0.0,"nivel_medio_max":0.322,"pct_alto":0.1,"n_hexagonos":6,"area_ha":198.65}},{"type":"Feature","geometry":{"type":"Polygon","coordinates":[[[-70.852263,-27.050012],[-70.852213,-27.050389],[-70.85212,-27.050095],[-70.85216,-27.05002],[-70.852263,-27.050012]]]},"properties":{"comuna":"Caldera","mancha_id":"03102-88b2007663fffff","clase":"Muy Bajo","nivel_medio":0.006,"nivel_medio_min":0.006,"nivel_medio_max":0.006,"pct_alto":0.0,"n_hexagonos":1,"area_ha":0.03}},{"type":"Feature","geometry":{"type":"Polygon","coordinates":[[[-70.843795,-27.05103],[-70.843885,-27.051045],[-70.84384,-27.05111],[-70.84378,-27.051155],[-70.84372,-27.051215],[-70.843621,-27.051151],[-70.84366,-27.05111],[-70.843705,-27.05107],[-70.843795,-27.05103]]]},"properties":{"comuna":"Caldera","mancha_id":"03102-88b2007663fffff-2","clase":"Muy Bajo","nivel_medio":0.006,"nivel_medio_min":0.006,"nivel_medio_max":0.006,"pct_alto":0.0,"n_hexagonos":1,"area_ha":0.03}},{"type":"Feature","geometry":{"type":"Polygon","coordinates":[[[-70.84391,-27.05129],[-70.84385,-27.05134],[-70.84379,-27.0514],[-70.84373,-27.051415],[-70.843719,-27.051343],[-70.84374,-27.05129],[-70.84379,-27.05125],[-70.84384,-27.05121],[-70.84391,-27.05117],[-70.844035,-27.051175],[-70.84402,-27.05123],[-70.84396,-27.05126],[-70.84391,-27.05129]]]},"properties":{"comuna":"Caldera","mancha_id":"03102-88b2007663fffff-3","clase":"Muy Bajo","nivel_medio":0.006,"nivel_medio_min":0.006,"nivel_medio_max":0.006,"pct_alto":0.0,"n_hexagonos":1,"area_ha":0.04}},{"type":"Feature","geometry":{"type":"Polygon","coordinates":[[[-70.84296,-27.05132],[-70.84315,-27.05132],[-70.84324,-27.05144],[-70.84326,-27.05151],[-70.84315,-27.05158],[-70.84304,-27.05158],[-70.84298,-27.05158],[-70.84288,-27.05151],[-70.84284,-27.05141],[-70.84296,-27.05132]]]},"properties":{"comuna":"Caldera","mancha_id":"03102-88b2007663fffff-4","clase":"Muy Bajo","nivel_medio":0.006,"nivel_medio_min":0.006,"nivel_medio_max":0.006,"pct_alto":0.0,"n_hexagonos":1,"area_ha":0.09}},{"type":"Feature","geometry":{"type":"Polygon","coordinates":[[[-70.84973,-27.05421],[-70.8497,-27.054155],[-70.84977,-27.05412],[-70.84983,-27.05413],[-70.849897,-27.054117],[-70.84983,-27.05407],[-70.84977,-27.054018],[-70.849765,-27.053944],[-70.84982,-27.05393],[-70.849897,-27.053957],[-70.85,-27.05402],[-70.85004,-27.0541],[-70.85004,-27.05416],[-70.85003,-27.05423],[-70.84997,-27.05429],[-70.84988,-27.0543],[-70.8498,-27.05426],[-70.84973,-27.05421]]]},"properties":{"comuna":"Caldera","mancha_id":"03102-88b2007663fffff-5","clase":"Muy Bajo","nivel_medio":0.006,"nivel_medio_min":0.006,"nivel_medio_max":0.006,"pct_alto":0.0,"n_hexagonos":1,"area_ha":0.09}},{"type":"Feature","geometry":{"type":"Polygon","coordinates":[[[-70.82181,-27.04334],[-70.82172,-27.04347],[-70.82156,-27.04351],[-70.82148,-27.04351],[-70.8213,-27.04351],[-70.82111,-27.0435],[-70.82093,-27.04342],[-70.82084,-27.04333],[-70.82085,-27.04325],[-70.82085,-27.04319],[-70.82093,-27.0431],[-70.82109,-27.04305],[-70.82135,-27.04304],[-70.82158,-27.04306],[-70.8218,-27.04322],[-70.82181,-27.04334]]]},"properties":{"comuna":"Caldera","mancha_id":"03102-88b2007655fffff","clase":"Muy Bajo","nivel_medio":0.0,"nivel_medio_min":0.0,"nivel_medio_max":0.0,"pct_alto":0.0,"n_hexagonos":1,"area_ha":0.41}},{"type":"Feature","geometry":{"type":"Polygon","coordinates":[[[-70.82241,-27.02828],[-70.822387,-27.028198],[-70.822851,-27.028527],[-70.82267,-27.0285],[-70.82241,-27.02828]]]},"properties":{"comuna":"Caldera","mancha_id":"03102-88b200764bfffff","clase":"Muy Bajo","nivel_medio":0.044,"nivel_medio_min":0.044,"nivel_medio_max":0.044,"pct_alto":0.5,"n_hexagonos":1,"area_ha":0.03}},{"type":"Feature","geometry":{"type":"Polygon","coordinates":[[[-70.82249,-27.03185],[-70.82271,-27.03183],[-70.82283,-27.0319],[-70.82287,-27.03208],[-70.82275,-27.03224],[-70.82257,-27.03223],[-70.82242,-27.03213],[-70.82241,-27.03198],[-70.82249,-27.03185]]]},"properties":{"comuna":"Caldera","mancha_id":"03102-88b200764bfffff-2","clase":"Muy Bajo","nivel_medio":0.044,"nivel_medio_min":0.044,"nivel_medio_max":0.044,"pct_alto":0.5,"n_hexagonos":1,"area_ha":0.16}},{"type":"Feature","geometry":{"type":"Polygon","coordinates":[[[-70.82304,-27.03255],[-70.82316,-27.03264],[-70.82319,-27.03275],[-70.82317,-27.03282],[-70.823,-27.03296],[-70.82285,-27.03296],[-70.82277,-27.03279],[-70.82282,-27.03261],[-70.82304,-27.03255]]]},"properties":{"comuna":"Caldera","mancha_id":"03102-88b200764bfffff-3","clase":"Muy Bajo","nivel_medio":0.044,"nivel_medio_min":0.044,"nivel_medio_max":0.044,"pct_alto":0.5,"n_hexagonos":1,"area_ha":0.14}},{"type":"Feature","geometry":{"type":"Polygon","coordinates":[[[-70.8258,-27.03301],[-70.82594,-27.03297],[-70.82614,-27.03298],[-70.82616,-27.03305],[-70.82609,-27.03319],[-70.82593,-27.0332],[-70.82579,-27.03312],[-70.8258,-27.03301]]]},"properties":{"comuna":"Caldera","mancha_id":"03102-88b200764bfffff-4","clase":"Muy Bajo","nivel_medio":0.044,"nivel_medio_min":0.044,"nivel_medio_max":0.044,"pct_alto":0.5,"n_hexagonos":1,"area_ha":0.07}},{"type":"Feature","geometry":{"type":"Polygon","coordinates":[[[-70.82368,-27.03326],[-70.82365,-27.0332],[-70.82377,-27.03306],[-70.82393,-27.03305],[-70.82404,-27.03326],[-70.82395,-27.03337],[-70.82376,-27.03336],[-70.82368,-27.03326]]]},"properties":{"comuna":"Caldera","mancha_id":"03102-88b200764bfffff-5","clase":"Muy Bajo","nivel_medio":0.044,"nivel_medio_min":0.044,"nivel_medio_max":0.044,"pct_alto":0.5,"n_hexagonos":1,"area_ha":0.1}},{"type":"Feature","geometry":{"type":"Polygon","coordinates":[[[-70.82594,-27.03402],[-70.82578,-27.03398],[-70.82579,-27.03383],[-70.82595,-27.03364],[-70.826111,-27.033556],[-70.826052,-27.033995],[-70.82594,-27.03402]]]},"properties":{"comuna":"Caldera","mancha_id":"03102-88b200764bfffff-6","clase":"Muy Bajo","nivel_medio":0.044,"nivel_medio_min":0.044,"nivel_medio_max":0.044,"pct_alto":0.5,"n_hexagonos":1,"area_ha":0.11}},{"type":"Feature","geometry":{"type":"Polygon","coordinates":[[[-70.82571,-27.03462],[-70.82571,-27.0345],[-70.82582,-27.03442],[-70.82597,-27.03442],[-70.825994,-27.034433],[-70.82596,-27.034693],[-70.82594,-27.03471],[-70.82582,-27.03469],[-70.82571,-27.03462]]]},"properties":{"comuna":"Caldera","mancha_id":"03102-88b200764bfffff-7","clase":"Muy Bajo","nivel_medio":0.044,"nivel_medio_min":0.044,"nivel_medio_max":0.044,"pct_alto":0.5,"n_hexagonos":1,"area_ha":0.07}},{"type":"Feature","geometry":{"type":"Polygon","coordinates":[[[-70.82567,-27.035748],[-70.82567,-27.03561],[-70.82584,-27.03551],[-70.825851,-27.035514],[-70.825826,-27.035698],[-70.82567,-27.035748]]]},"properties":{"comuna":"Caldera","mancha_id":"03102-88b200764bfffff-8","clase":"Muy Bajo","nivel_medio":0.044,"nivel_medio_min":0.044,"nivel_medio_max":0.044,"pct_alto":0.5,"n_hexagonos":1,"area_ha":0.03}},{"type":"Feature","geometry":{"type":"Polygon","coordinates":[[[-70.8435,-27.07986],[-70.8435,-27.08001],[-70.8434,-27.0801],[-70.84324,-27.08011],[-70.84314,-27.08002],[-70.84321,-27.07986],[-70.84338,-27.07982],[-70.8435,-27.07986]]]},"properties":{"comuna":"Caldera","mancha_id":"03102-88b2007635fffff","clase":"Muy Bajo","nivel_medio":0.013,"nivel_medio_min":0.013,"nivel_medio_max":0.013,"pct_alto":0.4,"n_hexagonos":1,"area_ha":0.09}},{"type":"Feature","geometry":{"type":"Polygon","coordinates":[[[-70.84388,-27.08032],[-70.84398,-27.08052],[-70.84387,-27.08065],[-70.84367,-27.08064],[-70.84348,-27.08051],[-70.84338,-27.08032],[-70.84344,-27.08021],[-70.84357,-27.08017],[-70.84388,-27.08032]]]},"properties":{"comuna":"Caldera","mancha_id":"03102-88b2007635fffff-2","clase":"Muy Bajo","nivel_medio":0.013,"nivel_medio_min":0.013,"nivel_medio_max":0.013,"pct_alto":0.4,"n_hexagonos":1,"area_ha":0.2}},{"type":"Feature","geometry":{"type":"Polygon","coordinates":[[[-70.8491,-27.06336],[-70.84928,-27.06329],[-70.84944,-27.06327],[-70.84958,-27.06326],[-70.84967,-27.06324],[-70.84979,-27.06321],[-70.84987,-27.06321],[-70.84995,-27.06324],[-70.85001,-27.06325],[-70.850115,-27.06324],[-70.85012,-27.06331],[-70.850025,-27.06334],[-70.8499,-27.06338],[-70.84987,-27.06343],[-70.84988,-27.06351],[-70.84983,-27.06366],[-70.84976,-27.06369],[-70.84962,-27.06369],[-70.84949,-27.06362],[-70.84947,-27.063535],[-70.849405,-27.063465],[-70.84931,-27.06354],[-70.84926,-27.06359],[-70.84913,-27.06359],[-70.84905,-27.0636],[-70.84909,-27.06368],[-70.8492,-27.06375],[-70.84924,-27.06384],[-70.84928,-27.06392],[-70.84937,-27.06398],[-70.84944,-27.06402],[-70.84951,-27.06409],[-70.84948,-27.06418],[-70.84938,-27.06417],[-70.84929,-27.06409],[-70.84923,-27.06399],[-70.84917,-27.06397],[-70.84902,-27.06401],[-70.8489,-27.06404],[-70.84882,-27.06404],[-70.84871,-27.06401],[-70.84867,-27.06396],[-70.848683,-27.063891],[-70.84873,-27.06386],[-70.84875,-27.06372],[-70.84878,-27.0636],[-70.84887,-27.0635],[-70.84897,-27.06342],[-70.8491,-27.06336]]]},"properties":{"comuna":"Caldera","mancha_id":"03102-88b200762bfffff","clase":"Muy Bajo","nivel_medio":0.027,"nivel_medio_min":0.027,"nivel_medio_max":0.027,"pct_alto":0.5,"n_hexagonos":1,"area_ha":0.62}},{"type":"Feature","geometry":{"type":"Polygon","coordinates":[[[-70.850273,-27.063771],[-70.850345,-27.063795],[-70.850395,-27.06385],[-70.850292,-27.063925],[-70.85025,-27.06385],[-70.850186,-27.063795],[-70.85022,-27.06375],[-70.850273,-27.063771]]]},"properties":{"comuna":"Caldera","mancha_id":"03102-88b200762bfffff-2","clase":"Muy Bajo","nivel_medio":0.027,"nivel_medio_min":0.027,"nivel_medio_max":0.027,"pct_alto":0.5,"n_hexagonos":1,"area_ha":0.02}},{"type":"Feature","geometry":{"type":"Polygon","coordinates":[[[-70.85024,-27.05642],[-70.85026,-27.05649],[-70.85025,-27.05664],[-70.85019,-27.05673],[-70.85007,-27.05676],[-70.84995,-27.05675],[-70.84987,-27.05671],[-70.84984,-27.05661],[-70.84982,-27.05652],[-70.84976,-27.05641],[-70.84971,-27.05635],[-70.84968,-27.0563],[-70.849676,-27.056222],[-70.84973,-27.05624],[-70.8498,-27.056278],[-70.84992,-27.05631],[-70.85003,-27.05632],[-70.85009,-27.05632],[-70.85018,-27.05635],[-70.85024,-27.05642]]]},"properties":{"comuna":"Caldera","mancha_id":"03102-88b2007629fffff","clase":"Muy Bajo","nivel_medio":0.051,"nivel_medio_min":0.051,"nivel_medio_max":0.051,"pct_alto":1.5,"n_hexagonos":1,"area_ha":0.21}},{"type":"Feature","geometry":{"type":"Polygon","coordinates":[[[-70.85067,-27.05694],[-70.850677,-27.057025],[-70.85073,-27.05699],[-70.850765,-27.05693],[-70.850845,-27.05693],[-70.850923,-27.056927],[-70.85092,-27.056845],[-70.85092,-27.05676],[-70.850955,-27.056675],[-70.850865,-27.05666],[-70.850773,-27.056608],[-70.85067,-27.056575],[-70.85076,-27.05647],[-70.85082,-27.05644],[-70.85088,-27.05641],[-70.85094,-27.0564],[-70.851025,-27.05641],[-70.8511,-27.05641],[-70.85113,-27.056475],[-70.85119,-27.056525],[-70.85122,-27.056575],[-70.85129,-27.05665],[-70.85132,-27.05671],[-70.85133,-27.05678],[-70.85128,-27.05684],[-70.85121,-27.05687],[-70.85109,-27.0569],[-70.85102,-27.05694],[-70.85101,-27.05702],[-70.85107,-27.05707],[-70.851005,-27.05716],[-70.85089,-27.05713],[-70.85083,-27.05713],[-70.85074,-27.05714],[-70.85064,-27.05715],[-70.85053,-27.05713],[-70.8505,-27.057035],[-70.850495,-27.056895],[-70.85042,-27.056845],[-70.85034,-27.05681],[-70.850352,-27.05673],[-70.8504,-27.0567],[-70.85046,-27.05668],[-70.85055,-27.05668],[-70.85064,-27.05669],[-70.85071,-27.05672],[-70.85079,-27.05674],[-70.85076,-27.05681],[-70.850675,-27.05686],[-70.85067,-27.05694]]]},"properties":{"comuna":"Caldera","mancha_id":"03102-88b2007629fffff-2","clase":"Muy Bajo","nivel_medio":0.051,"nivel_medio_min":0.051,"nivel_medio_max":0.051,"pct_alto":1.5,"n_hexagonos":1,"area_ha":0.42}},{"type":"Feature","geometry":{"type":"Polygon","coordinates":[[[-70.84869,-27.05676],[-70.84872,-27.05682],[-70.84872,-27.05689],[-70.84868,-27.05696],[-70.84861,-27.05697],[-70.84848,-27.05693],[-70.84841,-27.05687],[-70.848415,-27.05678],[-70.848457,-27.056741],[-70.84851,-27.05672],[-70.848593,-27.056731],[-70.84869,-27.05676]]]},"properties":{"comuna":"Caldera","mancha_id":"03102-88b2007629fffff-3","clase":"Muy Bajo","nivel_medio":0.051,"nivel_medio_min":0.051,"nivel_medio_max":0.051,"pct_alto":1.5,"n_hexagonos":1,"area_ha":0.07}},{"type":"Feature","geometry":{"type":"Polygon","coordinates":[[[-70.84833,-27.05706],[-70.84835,-27.05712],[-70.84836,-27.05718],[-70.84834,-27.05725],[-70.84826,-27.05727],[-70.84813,-27.05722],[-70.84805,-27.05718],[-70.848,-27.05711],[-70.848032,-27.05703],[-70.84811,-27.05703],[-70.848175,-27.05703],[-70.84828,-27.05703],[-70.84833,-27.05706]]]},"properties":{"comuna":"Caldera","mancha_id":"03102-88b2007629fffff-4","clase":"Muy Bajo","nivel_medio":0.051,"nivel_medio_min":0.051,"nivel_medio_max":0.051,"pct_alto":1.5,"n_hexagonos":1,"area_ha":0.07}},{"type":"Feature","geometry":{"type":"Polygon","coordinates":[[[-70.84896,-27.0575],[-70.84896,-27.05757],[-70.848975,-27.057645],[-70.849075,-27.05774],[-70.84908,-27.057825],[-70.84898,-27.05779],[-70.84889,-27.05773],[-70.84882,-27.05767],[-70.84883,-27.0576],[-70.84884,-27.05752],[-70.84882,-27.05746],[-70.84877,-27.05742],[-70.848729,-27.057318],[-70.84879,-27.05729],[-70.84886,-27.05732],[-70.84896,-27.05743],[-70.84896,-27.0575]]]},"properties":{"comuna":"Caldera","mancha_id":"03102-88b2007629fffff-5","clase":"Muy Bajo","nivel_medio":0.051,"nivel_medio_min":0.051,"nivel_medio_max":0.051,"pct_alto":1.5,"n_hexagonos":1,"area_ha":0.08}},{"type":"Feature","geometry":{"type":"Polygon","coordinates":[[[-70.84851,-27.0597],[-70.84856,-27.05974],[-70.8486,-27.05981],[-70.8486,-27.05987],[-70.848545,-27.059925],[-70.848475,-27.05989],[-70.84844,-27.059795],[-70.848448,-27.059699],[-70.84851,-27.0597]]]},"properties":{"comuna":"Caldera","mancha_id":"03102-88b2007629fffff-6","clase":"Muy Bajo","nivel_medio":0.051,"nivel_medio_min":0.051,"nivel_medio_max":0.051,"pct_alto":1.5,"n_hexagonos":1,"area_ha":0.03}},{"type":"Feature","geometry":{"type":"Polygon","coordinates":[[[-70.84836,-27.0605],[-70.84849,-27.06054],[-70.84849,-27.06063],[-70.8484,-27.06068],[-70.84827,-27.06073],[-70.84818,-27.06072],[-70.84811,-27.06067],[-70.84806,-27.06062],[-70.84807,-27.06055],[-70.84816,-27.0605],[-70.84825,-27.0605],[-70.84836,-27.0605]]]},"properties":{"comuna":"Caldera","mancha_id":"03102-88b2007629fffff-7","clase":"Muy Bajo","nivel_medio":0.051,"nivel_medio_min":0.051,"nivel_medio_max":0.051,"pct_alto":1.5,"n_hexagonos":1,"area_ha":0.08}},{"type":"Feature","geometry":{"type":"Polygon","coordinates":[[[-70.855352,-27.071482],[-70.85542,-27.07147],[-70.85546,-27.07152],[-70.85554,-27.07157],[-70.85553,-27.07164],[-70.85547,-27.07164],[-70.8554,-27.0716],[-70.85534,-27.07157],[-70.855352,-27.071482]]]},"properties":{"comuna":"Caldera","mancha_id":"03102-88b2007627fffff","clase":"Muy Bajo","nivel_medio":0.041,"nivel_medio_min":0.041,"nivel_medio_max":0.041,"pct_alto":0.2,"n_hexagonos":1,"area_ha":0.02}},{"type":"Feature","geometry":{"type":"Polygon","coordinates":[[[-70.85516,-27.07163],[-70.85523,-27.07169],[-70.85526,-27.07175],[-70.85525,-27.07182],[-70.855145,-27.071855],[-70.85507,-27.071833],[-70.85514,-27.07177],[-70.85511,-27.07168],[-70.85516,-27.07163]]]},"properties":{"comuna":"Caldera","mancha_id":"03102-88b2007627fffff-2","clase":"Muy Bajo","nivel_medio":0.041,"nivel_medio_min":0.041,"nivel_medio_max":0.041,"pct_alto":0.2,"n_hexagonos":1,"area_ha":0.03}},{"type":"Feature","geometry":{"type":"Polygon","coordinates":[[[-70.85549,-27.07191],[-70.855555,-27.07194],[-70.85563,-27.072],[-70.85564,-27.07207],[-70.85558,-27.07211],[-70.85546,-27.07206],[-70.855405,-27.071985],[-70.855431,-27.071884],[-70.85549,-27.07191]]]},"properties":{"comuna":"Caldera","mancha_id":"03102-88b2007627fffff-3","clase":"Muy Bajo","nivel_medio":0.041,"nivel_medio_min":0.041,"nivel_medio_max":0.041,"pct_alto":0.2,"n_hexagonos":1,"area_ha":0.03}},{"type":"Feature","geometry":{"type":"Polygon","coordinates":[[[-70.85595,-27.07209],[-70.85585,-27.072039],[-70.85574,-27.07196],[-70.85566,-27.07189],[-70.855652,-27.071795],[-70.85575,-27.07177],[-70.85583,-27.07179],[-70.8559,-27.07179],[-70.85602,-27.07179],[-70.85612,-27.07178],[-70.85622,-27.07187],[-70.8563,-27.07199],[-70.85632,-27.07209],[-70.85637,-27.07216],[-70.85645,-27.07223],[-70.85652,-27.07235],[-70.85661,-27.07251],[-70.8566,-27.07259],[-70.85647,-27.07257],[-70.85628,-27.07245],[-70.85613,-27.07232],[-70.85603,-27.0722],[-70.85595,-27.07209]]]},"properties":{"comuna":"Caldera","mancha_id":"03102-88b2007627fffff-4","clase":"Muy Bajo","nivel_medio":0.041,"nivel_medio_min":0.041,"nivel_medio_max":0.041,"pct_alto":0.2,"n_hexagonos":1,"area_ha":0.35}},{"type":"Feature","geometry":{"type":"Polygon","coordinates":[[[-70.855837,-27.072081],[-70.85589,-27.07211],[-70.85595,-27.07218],[-70.85598,-27.07223],[-70.85598,-27.0723],[-70.85591,-27.07229],[-70.85581,-27.07222],[-70.855783,-27.072123],[-70.855837,-27.072081]]]},"properties":{"comuna":"Caldera","mancha_id":"03102-88b2007627fffff-5","clase":"Muy Bajo","nivel_medio":0.041,"nivel_medio_min":0.041,"nivel_medio_max":0.041,"pct_alto":0.2,"n_hexagonos":1,"area_ha":0.03}},{"type":"Feature","geometry":{"type":"Polygon","coordinates":[[[-70.85127,-27.07629],[-70.85143,-27.07627],[-70.851441,-27.076279],[-70.851206,-27.076354],[-70.85127,-27.07629]]]},"properties":{"comuna":"Caldera","mancha_id":"03102-88b2007623fffff","clase":"Muy Bajo","nivel_medio":0.02,"nivel_medio_min":0.02,"nivel_medio_max":0.02,"pct_alto":0.1,"n_hexagonos":1,"area_ha":0.01}},{"type":"Feature","geometry":{"type":"Polygon","coordinates":[[[-70.85196,-27.06729],[-70.85205,-27.06733],[-70.85211,-27.0674],[-70.8521,-27.0675],[-70.85196,-27.0675],[-70.8518,-27.06742],[-70.85174,-27.06736],[-70.85172,-27.06728],[-70.85176,-27.06723],[-70.85183,-27.06723],[-70.851875,-27.067264],[-70.85196,-27.06729]]]},"properties":{"comuna":"Caldera","mancha_id":"03102-88b2007621fffff","clase":"Muy Bajo","nivel_medio":0.112,"nivel_medio_min":0.112,"nivel_medio_max":0.112,"pct_alto":2.6,"n_hexagonos":1,"area_ha":0.07}},{"type":"Feature","geometry":{"type":"Polygon","coordinates":[[[-70.85194,-27.06761],[-70.85196,-27.06772],[-70.85185,-27.06787],[-70.85175,-27.0679],[-70.85164,-27.06786],[-70.85162,-27.06779],[-70.851665,-27.067725],[-70.8515,-27.06761],[-70.85137,-27.06752],[-70.85124,-27.06742],[-70.8512,-27.06735],[-70.851225,-27.067291],[-70.85128,-27.06728],[-70.85136,-27.0673],[-70.85143,-27.06735],[-70.85155,-27.06739],[-70.85168,-27.06743],[-70.85184,-27.06751],[-70.85194,-27.06761]]]},"properties":{"comuna":"Caldera","mancha_id":"03102-88b2007621fffff-2","clase":"Muy Bajo","nivel_medio":0.112,"nivel_medio_min":0.112,"nivel_medio_max":0.112,"pct_alto":2.6,"n_hexagonos":1,"area_ha":0.22}},{"type":"Feature","geometry":{"type":"Polygon","coordinates":[[[-70.81614,-27.06002],[-70.816196,-27.060025],[-70.81623,-27.06009],[-70.81619,-27.06016],[-70.8161,-27.06015],[-70.816085,-27.06007],[-70.81614,-27.06002]]]},"properties":{"comuna":"Caldera","mancha_id":"03102-88b200761dfffff","clase":"Muy Bajo","nivel_medio":0.017,"nivel_medio_min":0.017,"nivel_medio_max":0.017,"pct_alto":0.6,"n_hexagonos":1,"area_ha":0.02}},{"type":"Feature","geometry":{"type":"Polygon","coordinates":[[[-70.81666,-27.06044],[-70.81665,-27.0605],[-70.816595,-27.06057],[-70.816525,-27.060635],[-70.81648,-27.060595],[-70.8165,-27.060515],[-70.81653,-27.06044],[-70.81657,-27.0604],[-70.816581,-27.060345],[-70.8166,-27.06026],[-70.81668,-27.06024],[-70.81669,-27.06035],[-70.81666,-27.06044]]]},"properties":{"comuna":"Caldera","mancha_id":"03102-88b200761dfffff-2","clase":"Muy Bajo","nivel_medio":0.017,"nivel_medio_min":0.017,"nivel_medio_max":0.017,"pct_alto":0.6,"n_hexagonos":1,"area_ha":0.04}},{"type":"Feature","geometry":{"type":"Polygon","coordinates":[[[-70.82507,-27.06205],[-70.82507,-27.06222],[-70.825,-27.06231],[-70.82484,-27.06228],[-70.82468,-27.06208],[-70.82466,-27.06185],[-70.82466,-27.06177],[-70.82473,-27.06174],[-70.82489,-27.06174],[-70.82497,-27.06182],[-70.82507,-27.06205]]]},"properties":{"comuna":"Caldera","mancha_id":"03102-88b2007603fffff","clase":"Muy Bajo","nivel_medio":0.064,"nivel_medio_min":0.064,"nivel_medio_max":0.064,"pct_alto":1.8,"n_hexagonos":1,"area_ha":0.19}},{"type":"Feature","geometry":{"type":"Polygon","coordinates":[[[-70.95393,-27.13686],[-70.95405,-27.13668],[-70.954187,-27.136685],[-70.954137,-27.137059],[-70.95393,-27.13686]]]},"properties":{"comuna":"Caldera","mancha_id":"03102-88b2007527fffff","clase":"Muy Bajo","nivel_medio":0.012,"nivel_medio_min":0.012,"nivel_medio_max":0.012,"pct_alto":0.4,"n_hexagonos":1,"area_ha":0.06}},{"type":"Feature","geometry":{"type":"Polygon","coordinates":[[[-70.86757,-27.09478],[-70.86762,-27.09488],[-70.8676,-27.09497],[-70.86755,-27.09501],[-70.86742,-27.09501],[-70.86731,-27.09494],[-70.86726,-27.09484],[-70.86732,-27.09474],[-70.86746,-27.09473],[-70.86757,-27.09478]]]},"properties":{"comuna":"Caldera","mancha_id":"03102-88b200746bfffff","clase":"Muy Bajo","nivel_medio":0.165,"nivel_medio_min":0.165,"nivel_medio_max":0.165,"pct_alto":5.2,"n_hexagonos":1,"area_ha":0.08}},{"type":"Feature","geometry":{"type":"Polygon","coordinates":[[[-70.86579,-27.09596],[-70.86592,-27.09601],[-70.86597,-27.09612],[-70.86589,-27.09624],[-70.86573,-27.09623],[-70.86562,-27.0962],[-70.8656,-27.0961],[-70.86566,-27.096],[-70.86579,-27.09596]]]},"properties":{"comuna":"Caldera","mancha_id":"03102-88b200746bfffff-2","clase":"Muy Bajo","nivel_medio":0.165,"nivel_medio_min":0.165,"nivel_medio_max":0.165,"pct_alto":5.2,"n_hexagonos":1,"area_ha":0.08}},{"type":"Feature","geometry":{"type":"Polygon","coordinates":[[[-70.85956,-27.07923],[-70.85976,-27.07922],[-70.85985,-27.07931],[-70.85978,-27.07942],[-70.85967,-27.07948],[-70.85955,-27.07948],[-70.85948,-27.07941],[-70.85947,-27.07931],[-70.85956,-27.07923]]]},"properties":{"comuna":"Caldera","mancha_id":"03102-88b200744dfffff","clase":"Muy Bajo","nivel_medio":0.01,"nivel_medio_min":0.01,"nivel_medio_max":0.01,"pct_alto":0.2,"n_hexagonos":1,"area_ha":0.08}},{"type":"Feature","geometry":{"type":"Polygon","coordinates":[[[-70.86358,-27.07978],[-70.86368,-27.07982],[-70.86369,-27.07993],[-70.86361,-27.08004],[-70.8635,-27.08005],[-70.86338,-27.08002],[-70.86332,-27.07994],[-70.86334,-27.07983],[-70.86344,-27.07978],[-70.86358,-27.07978]]]},"properties":{"comuna":"Caldera","mancha_id":"03102-88b200744dfffff-2","clase":"Muy Bajo","nivel_medio":0.01,"nivel_medio_min":0.01,"nivel_medio_max":0.01,"pct_alto":0.2,"n_hexagonos":1,"area_ha":0.09}},{"type":"Feature","geometry":{"type":"Polygon","coordinates":[[[-70.86476,-27.07992],[-70.86481,-27.07999],[-70.86479,-27.08005],[-70.86471,-27.08014],[-70.86461,-27.08014],[-70.86454,-27.08009],[-70.86452,-27.08002],[-70.86458,-27.07993],[-70.86467,-27.0799],[-70.86476,-27.07992]]]},"properties":{"comuna":"Caldera","mancha_id":"03102-88b200744dfffff-3","clase":"Muy Bajo","nivel_medio":0.01,"nivel_medio_min":0.01,"nivel_medio_max":0.01,"pct_alto":0.2,"n_hexagonos":1,"area_ha":0.06}},{"type":"Feature","geometry":{"type":"Polygon","coordinates":[[[-70.86517,-27.08024],[-70.86527,-27.08026],[-70.86532,-27.08035],[-70.8652,-27.08048],[-70.8651,-27.08048],[-70.86503,-27.08042],[-70.86501,-27.08034],[-70.86506,-27.08026],[-70.86517,-27.08024]]]},"properties":{"comuna":"Caldera","mancha_id":"03102-88b200744dfffff-4","clase":"Muy Bajo","nivel_medio":0.01,"nivel_medio_min":0.01,"nivel_medio_max":0.01,"pct_alto":0.2,"n_hexagonos":1,"area_ha":0.06}},{"type":"Feature","geometry":{"type":"Polygon","coordinates":[[[-70.84601,-27.08493],[-70.84617,-27.08498],[-70.84624,-27.085147],[-70.84624,-27.08523],[-70.84608,-27.08526],[-70.8459,-27.08518],[-70.84587,-27.08508],[-70.84588,-27.08494],[-70.84601,-27.08493]]]},"properties":{"comuna":"Caldera","mancha_id":"03102-88b200744bfffff","clase":"Muy Bajo","nivel_medio":0.114,"nivel_medio_min":0.114,"nivel_medio_max":0.114,"pct_alto":1.3,"n_hexagonos":1,"area_ha":0.1}},{"type":"Feature","geometry":{"type":"Polygon","coordinates":[[[-70.8465,-27.08526],[-70.84668,-27.08535],[-70.84669,-27.08547],[-70.84656,-27.08557],[-70.84644,-27.08558],[-70.84633,-27.08549],[-70.84633,-27.08534],[-70.8465,-27.08526]]]},"properties":{"comuna":"Caldera","mancha_id":"03102-88b200744bfffff-2","clase":"Muy Bajo","nivel_medio":0.114,"nivel_medio_min":0.114,"nivel_medio_max":0.114,"pct_alto":1.3,"n_hexagonos":1,"area_ha":0.09}},{"type":"Feature","geometry":{"type":"Polygon","coordinates":[[[-70.84862,-27.08671],[-70.84856,-27.08688],[-70.84833,-27.08698],[-70.84805,-27.08704],[-70.84782,-27.08699],[-70.84773,-27.08685],[-70.84781,-27.08672],[-70.84798,-27.08666],[-70.84826,-27.0866],[-70.84847,-27.08661],[-70.84862,-27.08671]]]},"properties":{"comuna":"Caldera","mancha_id":"03102-88b200744bfffff-3","clase":"Muy Bajo","nivel_medio":0.114,"nivel_medio_min":0.114,"nivel_medio_max":0.114,"pct_alto":1.3,"n_hexagonos":1,"area_ha":0.31}},{"type":"Feature","geometry":{"type":"Polygon","coordinates":[[[-70.84927,-27.08681],[-70.8493,-27.08694],[-70.84928,-27.08721],[-70.84916,-27.08727],[-70.849,-27.08721],[-70.84894,-27.08698],[-70.84898,-27.08682],[-70.84914,-27.08672],[-70.84927,-27.08681]]]},"properties":{"comuna":"Caldera","mancha_id":"03102-88b200744bfffff-4","clase":"Muy Bajo","nivel_medio":0.114,"nivel_medio_min":0.114,"nivel_medio_max":0.114,"pct_alto":1.3,"n_hexagonos":1,"area_ha":0.16}},{"type":"Feature","geometry":{"type":"Polygon","coordinates":[[[-70.86599,-27.08532],[-70.86599,-27.08538],[-70.865979,-27.085435],[-70.86589,-27.08547],[-70.86581,-27.08547],[-70.86576,-27.08542],[-70.86575,-27.08535],[-70.86582,-27.08528],[-70.86591,-27.08528],[-70.86599,-27.08532]]]},"properties":{"comuna":"Caldera","mancha_id":"03102-88b2007445fffff","clase":"Muy Bajo","nivel_medio":0.031,"nivel_medio_min":0.031,"nivel_medio_max":0.031,"pct_alto":0.9,"n_hexagonos":1,"area_ha":0.04}},{"type":"Feature","geometry":{"type":"Polygon","coordinates":[[[-70.86454,-27.08817],[-70.86452,-27.08823],[-70.86446,-27.08828],[-70.86436,-27.08829],[-70.86427,-27.08826],[-70.86423,-27.08819],[-70.86424,-27.08808],[-70.86432,-27.08802],[-70.86444,-27.08802],[-70.86453,-27.08807],[-70.86454,-27.08817]]]},"properties":{"comuna":"Caldera","mancha_id":"03102-88b2007445fffff-2","clase":"Muy Bajo","nivel_medio":0.031,"nivel_medio_min":0.031,"nivel_medio_max":0.031,"pct_alto":0.9,"n_hexagonos":1,"area_ha":0.08}},{"type":"Feature","geometry":{"type":"Polygon","coordinates":[[[-70.86879,-27.12852],[-70.86874,-27.12841],[-70.868737,-27.128371],[-70.869191,-27.128226],[-70.86924,-27.1283],[-70.86923,-27.12849],[-70.86911,-27.12858],[-70.86902,-27.12858],[-70.86888,-27.12858],[-70.86879,-27.12852]]]},"properties":{"comuna":"Caldera","mancha_id":"03102-88b2007435fffff","clase":"Muy Bajo","nivel_medio":0.0,"nivel_medio_min":0.0,"nivel_medio_max":0.0,"pct_alto":0.0,"n_hexagonos":1,"area_ha":0.14}},{"type":"Feature","geometry":{"type":"Polygon","coordinates":[[[-70.8606,-27.1056],[-70.86058,-27.10571],[-70.860496,-27.105786],[-70.86015,-27.105541],[-70.86014,-27.10552],[-70.86021,-27.10539],[-70.86036,-27.10536],[-70.86053,-27.10544],[-70.8606,-27.1056]]]},"properties":{"comuna":"Caldera","mancha_id":"03102-88b200740dfffff","clase":"Muy Bajo","nivel_medio":0.07,"nivel_medio_min":0.07,"nivel_medio_max":0.07,"pct_alto":2.0,"n_hexagonos":1,"area_ha":0.13}},{"type":"Feature","geometry":{"type":"Polygon","coordinates":[[[-70.85833,-27.1041],[-70.85834,-27.1042],[-70.85826,-27.10433],[-70.8581,-27.10434],[-70.85796,-27.10429],[-70.85794,-27.1042],[-70.85796,-27.1041],[-70.85808,-27.10402],[-70.85823,-27.10402],[-70.85833,-27.1041]]]},"properties":{"comuna":"Caldera","mancha_id":"03102-88b2007409fffff","clase":"Muy Bajo","nivel_medio":0.024,"nivel_medio_min":0.024,"nivel_medio_max":0.024,"pct_alto":0.6,"n_hexagonos":1,"area_ha":0.11}},{"type":"Feature","geometry":{"type":"Polygon","coordinates":[[[-70.8586,-27.10473],[-70.85878,-27.10474],[-70.85892,-27.1048],[-70.858983,-27.104897],[-70.858567,-27.10503],[-70.85855,-27.10501],[-70.8585,-27.10482],[-70.8586,-27.10473]]]},"properties":{"comuna":"Caldera","mancha_id":"03102-88b2007409fffff-2","clase":"Muy Bajo","nivel_medio":0.024,"nivel_medio_min":0.024,"nivel_medio_max":0.024,"pct_alto":0.6,"n_hexagonos":1,"area_ha":0.1}},{"type":"Feature","geometry":{"type":"Polygon","coordinates":[[[-70.85678,-27.10523],[-70.85681,-27.1053],[-70.85677,-27.10542],[-70.85674,-27.10547],[-70.8566,-27.10546],[-70.85651,-27.10545],[-70.85645,-27.10532],[-70.85654,-27.1052],[-70.85669,-27.10518],[-70.85678,-27.10523]]]},"properties":{"comuna":"Caldera","mancha_id":"03102-88b2007409fffff-3","clase":"Muy Bajo","nivel_medio":0.024,"nivel_medio_min":0.024,"nivel_medio_max":0.024,"pct_alto":0.6,"n_hexagonos":1,"area_ha":0.09}},{"type":"Feature","geometry":{"type":"Polygon","coordinates":[[[-70.9437,-27.33344],[-70.94372,-27.33351],[-70.94371,-27.33357],[-70.94368,-27.33361],[-70.94362,-27.33363],[-70.94355,-27.33363],[-70.9435,-27.33363],[-70.94344,-27.33361],[-70.94338,-27.33356],[-70.94332,-27.33352],[-70.94326,-27.33347],[-70.94323,-27.33343],[-70.94322,-27.33336],[-70.94323,-27.3333],[-70.94325,-27.33325],[-70.94333,-27.33323],[-70.94342,-27.33323],[-70.94347,-27.33325],[-70.94361,-27.33331],[-70.94366,-27.33337],[-70.9437,-27.33344]]]},"properties":{"comuna":"Caldera","mancha_id":"03102-88b2006e91fffff","clase":"Muy Bajo","nivel_medio":0.0,"nivel_medio_min":0.0,"nivel_medio_max":0.0,"pct_alto":0.0,"n_hexagonos":1,"area_ha":0.16}},{"type":"Feature","geometry":{"type":"Polygon","coordinates":[[[-70.944885,-27.334755],[-70.94487,-27.33483],[-70.94477,-27.3349],[-70.9447,-27.33494],[-70.94462,-27.33495],[-70.9445,-27.33493],[-70.94442,-27.33487],[-70.94434,-27.33478],[-70.9443,-27.33472],[-70.94428,-27.334635],[-70.944345,-27.334575],[-70.94441,-27.33456],[-70.94447,-27.33454],[-70.94456,-27.33454],[-70.94466,-27.33456],[-70.94472,-27.33459],[-70.944765,-27.334655],[-70.94483,-27.33471],[-70.944885,-27.334755]]]},"properties":{"comuna":"Caldera","mancha_id":"03102-88b2006e91fffff-2","clase":"Muy Bajo","nivel_medio":0.0,"nivel_medio_min":0.0,"nivel_medio_max":0.0,"pct_alto":0.0,"n_hexagonos":1,"area_ha":0.19}},{"type":"Feature","geometry":{"type":"Polygon","coordinates":[[[-70.94486,-27.33566],[-70.94479,-27.33572],[-70.94473,-27.33576],[-70.9446,-27.33578],[-70.94452,-27.33577],[-70.94447,-27.33574],[-70.94448,-27.33568],[-70.94452,-27.3356],[-70.94453,-27.33553],[-70.94453,-27.33543],[-70.94456,-27.33538],[-70.94461,-27.33535],[-70.94469,-27.33535],[-70.94478,-27.33536],[-70.944869,-27.335419],[-70.94491,-27.33549],[-70.9449,-27.33561],[-70.94486,-27.33566]]]},"properties":{"comuna":"Caldera","mancha_id":"03102-88b2006e91fffff-3","clase":"Muy Bajo","nivel_medio":0.0,"nivel_medio_min":0.0,"nivel_medio_max":0.0,"pct_alto":0.0,"n_hexagonos":1,"area_ha":0.16}},{"type":"Feature","geometry":{"type":"Polygon","coordinates":[[[-70.94459,-27.33616],[-70.94452,-27.3362],[-70.94441,-27.33624],[-70.94425,-27.33625],[-70.94413,-27.33624],[-70.94404,-27.33621],[-70.94399,-27.33617],[-70.94398,-27.3361],[-70.94403,-27.33601],[-70.94413,-27.33593],[-70.94421,-27.33587],[-70.944285,-27.3358],[-70.94441,-27.335795],[-70.944468,-27.335901],[-70.94452,-27.33593],[-70.94458,-27.336],[-70.94463,-27.336075],[-70.94459,-27.33616]]]},"properties":{"comuna":"Caldera","mancha_id":"03102-88b2006e91fffff-4","clase":"Muy Bajo","nivel_medio":0.0,"nivel_medio_min":0.0,"nivel_medio_max":0.0,"pct_alto":0.0,"n_hexagonos":1,"area_ha":0.22}},{"type":"Feature","geometry":{"type":"Polygon","coordinates":[[[-70.96284,-27.37146],[-70.96277,-27.37152],[-70.96271,-27.37155],[-70.96265,-27.37156],[-70.96258,-27.37156],[-70.96253,-27.37153],[-70.96246,-27.37148],[-70.96237,-27.37142],[-70.96234,-27.371335],[-70.96235,-27.37126],[-70.96241,-27.3712],[-70.96249,-27.37114],[-70.96258,-27.37111],[-70.96267,-27.37109],[-70.962875,-27.371075],[-70.96296,-27.37109],[-70.96302,-27.37111],[-70.96308,-27.37114],[-70.96311,-27.371211],[-70.96306,-27.37127],[-70.96291,-27.37138],[-70.96284,-27.37146]]]},"properties":{"comuna":"Caldera","mancha_id":"03102-88b2006cd3fffff","clase":"Muy Bajo","nivel_medio":0.092,"nivel_medio_min":0.092,"nivel_medio_max":0.092,"pct_alto":2.1,"n_hexagonos":1,"area_ha":0.27}},{"type":"Feature","geometry":{"type":"Polygon","coordinates":[[[-70.96164,-27.37153],[-70.96165,-27.37161],[-70.96161,-27.37167],[-70.96154,-27.37169],[-70.96144,-27.37167],[-70.96137,-27.37159],[-70.96127,-27.37147],[-70.96116,-27.37139],[-70.96105,-27.37127],[-70.96102,-27.37116],[-70.96106,-27.37109],[-70.96114,-27.37101],[-70.96129,-27.37096],[-70.96141,-27.37096],[-70.96154,-27.37101],[-70.96166,-27.37108],[-70.96175,-27.37114],[-70.96181,-27.37121],[-70.961835,-27.371285],[-70.96177,-27.37132],[-70.96169,-27.37133],[-70.96164,-27.3714],[-70.96164,-27.37146],[-70.96164,-27.37153]]]},"properties":{"comuna":"Caldera","mancha_id":"03102-88b2006cd3fffff-2","clase":"Muy Bajo","nivel_medio":0.092,"nivel_medio_min":0.092,"nivel_medio_max":0.092,"pct_alto":2.1,"n_hexagonos":1,"area_ha":0.39}},{"type":"Feature","geometry":{"type":"Polygon","coordinates":[[[-70.9653,-27.36796],[-70.96522,-27.36788],[-70.96516,-27.36773],[-70.96504,-27.36746],[-70.96492,-27.36718],[-70.96482,-27.36689],[-70.96481,-27.36671],[-70.96484,-27.36663],[-70.96489,-27.36659],[-70.96499,-27.36656],[-70.96511,-27.36657],[-70.96521,-27.36659],[-70.9653,-27.36664],[-70.96539,-27.36674],[-70.9655,-27.36684],[-70.96558,-27.36695],[-70.9657,-27.36705],[-70.96586,-27.36721],[-70.96594,-27.36724],[-70.96603,-27.36724],[-70.96612,-27.36724],[-70.96622,-27.36722],[-70.96629,-27.36719],[-70.96638,-27.36713],[-70.966445,-27.367121],[-70.9665,-27.36711],[-70.96656,-27.36714],[-70.96671,-27.367265],[-70.96682,-27.36738],[-70.96684,-27.36748],[-70.96684,-27.36758],[-70.96678,-27.36765],[-70.96669,-27.36768],[-70.9665,-27.3677],[-70.96632,-27.3677],[-70.96624,-27.36773],[-70.96616,-27.3678],[-70.96614,-27.36791],[-70.96613,-27.36805],[-70.96609,-27.36818],[-70.966,-27.36825],[-70.9659,-27.36828],[-70.96583,-27.36826],[-70.96571,-27.36819],[-70.9655,-27.3681],[-70.9653,-27.36796]]]},"properties":{"comuna":"Caldera","mancha_id":"03102-88b2006cd1fffff","clase":"Muy Bajo","nivel_medio":0.057,"nivel_medio_min":0.057,"nivel_medio_max":0.057,"pct_alto":1.2,"n_hexagonos":1,"area_ha":1.89}},{"type":"Feature","geometry":{"type":"Polygon","coordinates":[[[-70.966525,-27.3707],[-70.9666,-27.37069],[-70.96667,-27.37069],[-70.966725,-27.370655],[-70.96682,-27.370655],[-70.9669,-27.37072],[-70.966985,-27.37081],[-70.967035,-27.37092],[-70.96702,-27.37101],[-70.96697,-27.37107],[-70.96692,-27.37111],[-70.96686,-27.37114],[-70.966755,-27.371145],[-70.96667,-27.3711],[-70.96662,-27.37105],[-70.96657,-27.37099],[-70.96653,-27.37094],[-70.966475,-27.37087],[-70.966475,-27.37077],[-70.966525,-27.3707]]]},"properties":{"comuna":"Caldera","mancha_id":"03102-88b2006cd1fffff-2","clase":"Muy Bajo","nivel_medio":0.057,"nivel_medio_min":0.057,"nivel_medio_max":0.057,"pct_alto":1.2,"n_hexagonos":1,"area_ha":0.22}},{"type":"Feature","geometry":{"type":"Polygon","coordinates":[[[-70.95751,-27.27066],[-70.95777,-27.270555],[-70.957817,-27.270546],[-70.95785,-27.27054],[-70.95795,-27.27051],[-70.95817,-27.27049],[-70.95835,-27.27044],[-70.95853,-27.27036],[-70.95883,-27.27035],[-70.95907,-27.27039],[-70.95919,-27.27047],[-70.95927,-27.27056],[-70.95928,-27.27066],[-70.95928,-27.27075],[-70.95923,-27.27084],[-70.9591,-27.27092],[-70.95896,-27.27093],[-70.95886,-27.27089],[-70.95877,-27.27083],[-70.95869,-27.27073],[-70.95858,-27.27073],[-70.95849,-27.27075],[-70.95841,-27.27084],[-70.958364,-27.270932],[-70.95835,-27.27096],[-70.95823,-27.27115],[-70.95806,-27.27132],[-70.95779,-27.27153],[-70.9575,-27.27167],[-70.95721,-27.27179],[-70.95703,-27.27182],[-70.95679,-27.27183],[-70.95664,-27.27182],[-70.95652,-27.27178],[-70.95632,-27.27175],[-70.95612,-27.27173],[-70.95598,-27.27166],[-70.95592,-27.27155],[-70.95596,-27.27145],[-70.95607,-27.27134],[-70.95625,-27.27132],[-70.95652,-27.2713],[-70.9567,-27.27123],[-70.9569,-27.27109],[-70.95715,-27.27091],[-70.95751,-27.27066]]]},"properties":{"comuna":"Caldera","mancha_id":"03102-88b2006529fffff","clase":"Muy Bajo","nivel_medio":0.249,"nivel_medio_min":0.182,"nivel_medio_max":0.426,"pct_alto":0.6,"n_hexagonos":2,"area_ha":2.35}},{"type":"Feature","geometry":{"type":"Polygon","coordinates":[[[-70.97252,-27.1668],[-70.97271,-27.16682],[-70.97285,-27.1669],[-70.97296,-27.16707],[-70.9729,-27.16721],[-70.97275,-27.16728],[-70.97257,-27.16727],[-70.97241,-27.16719],[-70.97234,-27.16704],[-70.97239,-27.16688],[-70.97252,-27.1668]]]},"properties":{"comuna":"Caldera","mancha_id":"03102-88b20062e7fffff","clase":"Muy Bajo","nivel_medio":0.079,"nivel_medio_min":0.079,"nivel_medio_max":0.079,"pct_alto":2.6,"n_hexagonos":1,"area_ha":0.24}},{"type":"Feature","geometry":{"type":"Polygon","coordinates":[[[-70.97203,-27.16719],[-70.97229,-27.16727],[-70.97242,-27.16734],[-70.97243,-27.16754],[-70.97228,-27.16766],[-70.97205,-27.16767],[-70.97189,-27.16761],[-70.97184,-27.16748],[-70.97184,-27.16734],[-70.97203,-27.16719]]]},"properties":{"comuna":"Caldera","mancha_id":"03102-88b20062e7fffff-2","clase":"Muy Bajo","nivel_medio":0.079,"nivel_medio_min":0.079,"nivel_medio_max":0.079,"pct_alto":2.6,"n_hexagonos":1,"area_ha":0.24}},{"type":"Feature","geometry":{"type":"Polygon","coordinates":[[[-70.97412,-27.16924],[-70.97428,-27.16939],[-70.97433,-27.16951],[-70.97423,-27.1696],[-70.97402,-27.16964],[-70.97383,-27.16961],[-70.97366,-27.16948],[-70.97365,-27.16932],[-70.97377,-27.16919],[-70.97395,-27.16918],[-70.97412,-27.16924]]]},"properties":{"comuna":"Caldera","mancha_id":"03102-88b20062e7fffff-3","clase":"Muy Bajo","nivel_medio":0.079,"nivel_medio_min":0.079,"nivel_medio_max":0.079,"pct_alto":2.6,"n_hexagonos":1,"area_ha":0.25}},{"type":"Feature","geometry":{"type":"Polygon","coordinates":[[[-70.97415,-27.17121],[-70.97432,-27.17129],[-70.97433,-27.17153],[-70.97415,-27.1717],[-70.97385,-27.17171],[-70.97381,-27.1716],[-70.9739,-27.17135],[-70.97415,-27.17121]]]},"properties":{"comuna":"Caldera","mancha_id":"03102-88b20062e7fffff-4","clase":"Muy Bajo","nivel_medio":0.079,"nivel_medio_min":0.079,"nivel_medio_max":0.079,"pct_alto":2.6,"n_hexagonos":1,"area_ha":0.21}},{"type":"Feature","geometry":{"type":"Polygon","coordinates":[[[-70.9747,-27.17166],[-70.97484,-27.17167],[-70.97493,-27.17181],[-70.9749,-27.17199],[-70.97468,-27.17207],[-70.97445,-27.17204],[-70.97439,-27.17185],[-70.97452,-27.17164],[-70.9747,-27.17166]]]},"properties":{"comuna":"Caldera","mancha_id":"03102-88b20062e7fffff-5","clase":"Muy Bajo","nivel_medio":0.079,"nivel_medio_min":0.079,"nivel_medio_max":0.079,"pct_alto":2.6,"n_hexagonos":1,"area_ha":0.2}},{"type":"Feature","geometry":{"type":"Polygon","coordinates":[[[-70.97318,-27.17179],[-70.97338,-27.17186],[-70.97336,-27.17197],[-70.97324,-27.17212],[-70.97301,-27.17218],[-70.97278,-27.17215],[-70.97275,-27.17201],[-70.97292,-27.17184],[-70.97318,-27.17179]]]},"properties":{"comuna":"Caldera","mancha_id":"03102-88b20062e7fffff-6","clase":"Muy Bajo","nivel_medio":0.079,"nivel_medio_min":0.079,"nivel_medio_max":0.079,"pct_alto":2.6,"n_hexagonos":1,"area_ha":0.19}},{"type":"Feature","geometry":{"type":"Polygon","coordinates":[[[-70.97273,-27.17298],[-70.97293,-27.17303],[-70.97299,-27.17321],[-70.97297,-27.17334],[-70.9728,-27.17347],[-70.97263,-27.17347],[-70.97248,-27.17347],[-70.97243,-27.17336],[-70.97248,-27.17311],[-70.97273,-27.17298]]]},"properties":{"comuna":"Caldera","mancha_id":"03102-88b20062e7fffff-7","clase":"Muy Bajo","nivel_medio":0.079,"nivel_medio_min":0.079,"nivel_medio_max":0.079,"pct_alto":2.6,"n_hexagonos":1,"area_ha":0.24}},{"type":"Feature","geometry":{"type":"Polygon","coordinates":[[[-70.96803,-27.16705],[-70.96813,-27.16687],[-70.968342,-27.166704],[-70.968663,-27.16693],[-70.96865,-27.16697],[-70.96827,-27.16715],[-70.96807,-27.16714],[-70.96803,-27.16705]]]},"properties":{"comuna":"Caldera","mancha_id":"03102-88b20062e3fffff","clase":"Muy Bajo","nivel_medio":0.018,"nivel_medio_min":0.018,"nivel_medio_max":0.018,"pct_alto":0.6,"n_hexagonos":1,"area_ha":0.18}},{"type":"Feature","geometry":{"type":"Polygon","coordinates":[[[-70.97391,-27.1903],[-70.97379,-27.19047],[-70.97359,-27.19055],[-70.97334,-27.19055],[-70.97313,-27.19049],[-70.97296,-27.19025],[-70.9729,-27.19006],[-70.97294,-27.18991],[-70.97301,-27.18981],[-70.97318,-27.18977],[-70.97342,-27.18976],[-70.97353,-27.18978],[-70.97376,-27.18989],[-70.97389,-27.19006],[-70.97391,-27.1903]]]},"properties":{"comuna":"Caldera","mancha_id":"03102-88b20062a7fffff","clase":"Muy Bajo","nivel_medio":0.254,"nivel_medio_min":0.254,"nivel_medio_max":0.254,"pct_alto":6.5,"n_hexagonos":1,"area_ha":0.69}},{"type":"Feature","geometry":{"type":"Polygon","coordinates":[[[-70.97237,-27.18061],[-70.97231,-27.18084],[-70.97217,-27.18097],[-70.9719,-27.18097],[-70.97166,-27.18087],[-70.97163,-27.1807],[-70.97164,-27.18057],[-70.97177,-27.1804],[-70.97202,-27.18033],[-70.97222,-27.18039],[-70.97235,-27.18049],[-70.97237,-27.18061]]]},"properties":{"comuna":"Caldera","mancha_id":"03102-88b20062a1fffff","clase":"Muy Bajo","nivel_medio":0.049,"nivel_medio_min":0.049,"nivel_medio_max":0.049,"pct_alto":1.6,"n_hexagonos":1,"area_ha":0.41}},{"type":"Feature","geometry":{"type":"Polygon","coordinates":[[[-70.96322,-27.20449],[-70.96316,-27.20469],[-70.962955,-27.20478],[-70.9627,-27.20478],[-70.96249,-27.20477],[-70.96235,-27.20466],[-70.96227,-27.20458],[-70.96228,-27.20443],[-70.96245,-27.20428],[-70.9627,-27.20427],[-70.96294,-27.20426],[-70.9631,-27.20433],[-70.96322,-27.20449]]]},"properties":{"comuna":"Caldera","mancha_id":"03102-88b20060cbfffff","clase":"Muy Bajo","nivel_medio":0.037,"nivel_medio_min":0.037,"nivel_medio_max":0.037,"pct_alto":1.2,"n_hexagonos":1,"area_ha":0.44}},{"type":"Feature","geometry":{"type":"Polygon","coordinates":[[[-70.976,-27.24191],[-70.976,-27.24176],[-70.97599,-27.24167],[-70.976047,-27.24167],[-70.97614,-27.24163],[-70.97632,-27.24163],[-70.97646,-27.24169],[-70.97647,-27.24181],[-70.97629,-27.24196],[-70.97607,-27.24194],[-70.976,-27.24191]]]},"properties":{"comuna":"Caldera","mancha_id":"03102-88b20060b9fffff","clase":"Muy Bajo","nivel_medio":0.03,"nivel_medio_min":0.03,"nivel_medio_max":0.03,"pct_alto":0.0,"n_hexagonos":1,"area_ha":0.14}},{"type":"Feature","geometry":{"type":"Polygon","coordinates":[[[-70.97731,-27.2435],[-70.977275,-27.2436],[-70.97716,-27.24362],[-70.97711,-27.24357],[-70.97695,-27.24341],[-70.9769,-27.24335],[-70.9769,-27.24323],[-70.97699,-27.24317],[-70.97711,-27.24322],[-70.9772,-27.24333],[-70.97731,-27.2435]]]},"properties":{"comuna":"Caldera","mancha_id":"03102-88b20060b9fffff-2","clase":"Muy Bajo","nivel_medio":0.03,"nivel_medio_min":0.03,"nivel_medio_max":0.03,"pct_alto":0.0,"n_hexagonos":1,"area_ha":0.11}},{"type":"Feature","geometry":{"type":"Polygon","coordinates":[[[-70.97847,-27.24662],[-70.97861,-27.2467],[-70.97863,-27.24681],[-70.97858,-27.24696],[-70.97847,-27.24701],[-70.97834,-27.24701],[-70.97826,-27.24691],[-70.97826,-27.24678],[-70.97834,-27.24664],[-70.97847,-27.24662]]]},"properties":{"comuna":"Caldera","mancha_id":"03102-88b20060b1fffff","clase":"Muy Bajo","nivel_medio":0.007,"nivel_medio_min":0.007,"nivel_medio_max":0.007,"pct_alto":0.0,"n_hexagonos":1,"area_ha":0.13}},{"type":"Feature","geometry":{"type":"Polygon","coordinates":[[[-70.97852,-27.24715],[-70.97858,-27.24722],[-70.97856,-27.24737],[-70.97853,-27.24746],[-70.97842,-27.2475],[-70.97827,-27.2475],[-70.97821,-27.24744],[-70.9782,-27.24737],[-70.97821,-27.24727],[-70.97826,-27.24715],[-70.97835,-27.24711],[-70.97844,-27.24713],[-70.97852,-27.24715]]]},"properties":{"comuna":"Caldera","mancha_id":"03102-88b20060b1fffff-2","clase":"Muy Bajo","nivel_medio":0.007,"nivel_medio_min":0.007,"nivel_medio_max":0.007,"pct_alto":0.0,"n_hexagonos":1,"area_ha":0.13}},{"type":"Feature","geometry":{"type":"Polygon","coordinates":[[[-70.97374,-27.24696],[-70.97365,-27.24655],[-70.97331,-27.24626],[-70.97303,-27.24586],[-70.972905,-27.245715],[-70.97267,-27.24544],[-70.97217,-27.24499],[-70.97199,-27.24473],[-70.9719,-27.24453],[-70.97169,-27.24449],[-70.97142,-27.24449],[-70.97114,-27.24411],[-70.97089,-27.24341],[-70.97059,-27.24308],[-70.97046,-27.24268],[-70.97006,-27.24231],[-70.9699,-27.24161],[-70.96958,-27.24093],[-70.96932,-27.24062],[-70.96892,-27.24012],[-70.968865,-27.239994],[-70.969043,-27.238657],[-70.96942,-27.23864],[-70.96971,-27.23852],[-70.97004,-27.23851],[-70.97023,-27.23863],[-70.97032,-27.23878],[-70.97014,-27.2391],[-70.97014,-27.23936],[-70.97027,-27.23985],[-70.97059,-27.24005],[-70.97079,-27.24016],[-70.97103,-27.2402],[-70.97124,-27.24029],[-70.97142,-27.2405],[-70.97148,-27.24083],[-70.97155,-27.24093],[-70.97172,-27.241],[-70.97226,-27.24105],[-70.97241,-27.24123],[-70.97239,-27.24144],[-70.97247,-27.24168],[-70.97279,-27.24191],[-70.97294,-27.24196],[-70.97313,-27.24193],[-70.97338,-27.24184],[-70.97364,-27.24184],[-70.97381,-27.24194],[-70.97393,-27.24213],[-70.97413,-27.24238],[-70.97437,-27.24263],[-70.97454,-27.24271],[-70.9748,-27.24266],[-70.97502,-27.24251],[-70.97519,-27.24257],[-70.97526,-27.2428],[-70.9752,-27.24306],[-70.97523,-27.24322],[-70.97545,-27.24326],[-70.97578,-27.24325],[-70.97611,-27.24316],[-70.9765,-27.24329],[-70.97676,-27.24364],[-70.97677,-27.24404],[-70.97674,-27.24437],[-70.97665,-27.244519],[-70.97662,-27.24457],[-70.97658,-27.24481],[-70.97656,-27.24505],[-70.9764,-27.24529],[-70.97646,-27.24542],[-70.97668,-27.24539],[-70.97691,-27.24523],[-70.97697,-27.24501],[-70.97715,-27.24478],[-70.97731,-27.24452],[-70.97747,-27.24447],[-70.97767,-27.24457],[-70.97771,-27.24486],[-70.9776,-27.24515],[-70.97749,-27.24537],[-70.97749,-27.24551],[-70.97764,-27.24555],[-70.9778,-27.24553],[-70.97802,-27.24554],[-70.97808,-27.24572],[-70.97802,-27.24593],[-70.97809,-27.24607],[-70.9782,-27.24628],[-70.97814,-27.24654],[-70.97808,-27.24679],[-70.97808,-27.24697],[-70.97802,-27.2473],[-70.97788,-27.24762],[-70.97764,-27.24796],[-70.9774,-27.24816],[-70.97736,-27.24849],[-70.97736,-27.24866],[-70.97742,-27.24882],[-70.97763,-27.24899],[-70.97763,-27.24918],[-70.97773,-27.24944],[-70.97782,-27.24951],[-70.97808,-27.24952],[-70.97825,-27.24952],[-70.9784,-27.24957],[-70.97856,-27.2497],[-70.978685,-27.249996],[-70.97882,-27.25022],[-70.97882,-27.25058],[-70.97857,-27.25056],[-70.97833,-27.25042],[-70.97813,-27.2503],[-70.978,-27.25032],[-70.978,-27.25057],[-70.97804,-27.25089],[-70.97804,-27.25115],[-70.97804,-27.25141],[-70.97792,-27.25158],[-70.97769,-27.25155],[-70.97747,-27.25149],[-70.97719,-27.25163],[-70.9769,-27.25169],[-70.97666,-27.2517],[-70.97661,-27.25149],[-70.97676,-27.25129],[-70.97682,-27.25111],[-70.97671,-27.25077],[-70.97623,-27.25029],[-70.97581,-27.25009],[-70.97568,-27.25],[-70.97552,-27.2499],[-70.97541,-27.2495],[-70.97539,-27.24922],[-70.9753,-27.24886],[-70.97508,-27.24864],[-70.97464,-27.24835],[-70.97439,-27.24806],[-70.97425,-27.24764],[-70.9742,-27.24741],[-70.97407,-27.24728],[-70.97385,-27.24713],[-70.97374,-27.24696]]]},"properties":{"comuna":"Caldera","mancha_id":"03102-88b20060b1fffff-3","clase":"Muy Bajo","nivel_medio":0.019,"nivel_medio_min":0.007,"nivel_medio_max":0.03,"pct_alto":0.0,"n_hexagonos":2,"area_ha":47.04}},{"type":"Feature","geometry":{"type":"Polygon","coordinates":[[[-70.97487,-27.24882],[-70.97492,-27.24892],[-70.974954,-27.248965],[-70.97489,-27.24908],[-70.97481,-27.2491],[-70.97471,-27.2491],[-70.97462,-27.24903],[-70.97461,-27.24892],[-70.97466,-27.24883],[-70.97477,-27.24878],[-70.97487,-27.24882]]]},"properties":{"comuna":"Caldera","mancha_id":"03102-88b20060b1fffff-4","clase":"Muy Bajo","nivel_medio":0.007,"nivel_medio_min":0.007,"nivel_medio_max":0.007,"pct_alto":0.0,"n_hexagonos":1,"area_ha":0.09}},{"type":"Feature","geometry":{"type":"Polygon","coordinates":[[[-70.97459,-27.24928],[-70.97475,-27.24931],[-70.97485,-27.24945],[-70.97482,-27.24952],[-70.97476,-27.24958],[-70.97459,-27.24958],[-70.97446,-27.24952],[-70.97438,-27.24941],[-70.97439,-27.24933],[-70.97459,-27.24928]]]},"properties":{"comuna":"Caldera","mancha_id":"03102-88b20060b1fffff-5","clase":"Muy Bajo","nivel_medio":0.007,"nivel_medio_min":0.007,"nivel_medio_max":0.007,"pct_alto":0.0,"n_hexagonos":1,"area_ha":0.12}},{"type":"Feature","geometry":{"type":"Polygon","coordinates":[[[-70.97636,-27.25188],[-70.97644,-27.25191],[-70.9765,-27.25195],[-70.97648,-27.25206],[-70.97638,-27.2521],[-70.97628,-27.25209],[-70.97625,-27.25201],[-70.97627,-27.25192],[-70.97636,-27.25188]]]},"properties":{"comuna":"Caldera","mancha_id":"03102-88b20060b1fffff-6","clase":"Muy Bajo","nivel_medio":0.007,"nivel_medio_min":0.007,"nivel_medio_max":0.007,"pct_alto":0.0,"n_hexagonos":1,"area_ha":0.05}},{"type":"Feature","geometry":{"type":"Polygon","coordinates":[[[-70.97793,-27.25201],[-70.97804,-27.25205],[-70.97807,-27.25222],[-70.97783,-27.25236],[-70.97764,-27.2524],[-70.97751,-27.25233],[-70.9775,-27.25221],[-70.97751,-27.25212],[-70.97771,-27.252],[-70.97793,-27.25201]]]},"properties":{"comuna":"Caldera","mancha_id":"03102-88b20060b1fffff-7","clase":"Muy Bajo","nivel_medio":0.007,"nivel_medio_min":0.007,"nivel_medio_max":0.007,"pct_alto":0.0,"n_hexagonos":1,"area_ha":0.19}},{"type":"Feature","geometry":{"type":"Polygon","coordinates":[[[-70.97696,-27.25215],[-70.97703,-27.25224],[-70.97703,-27.25236],[-70.97688,-27.25243],[-70.97675,-27.25244],[-70.97669,-27.25237],[-70.97674,-27.25221],[-70.97696,-27.25215]]]},"properties":{"comuna":"Caldera","mancha_id":"03102-88b20060b1fffff-8","clase":"Muy Bajo","nivel_medio":0.007,"nivel_medio_min":0.007,"nivel_medio_max":0.007,"pct_alto":0.0,"n_hexagonos":1,"area_ha":0.08}},{"type":"Feature","geometry":{"type":"Polygon","coordinates":[[[-70.9631,-27.24633],[-70.96318,-27.2465],[-70.96312,-27.24661],[-70.96295,-27.24659],[-70.96277,-27.24651],[-70.96256,-27.24638],[-70.96253,-27.24629],[-70.96263,-27.2462],[-70.96285,-27.2462],[-70.9631,-27.24633]]]},"properties":{"comuna":"Caldera","mancha_id":"03102-88b2006097fffff","clase":"Muy Bajo","nivel_medio":0.002,"nivel_medio_min":0.002,"nivel_medio_max":0.002,"pct_alto":0.0,"n_hexagonos":1,"area_ha":0.19}},{"type":"Feature","geometry":{"type":"Polygon","coordinates":[[[-70.680398,-26.664848],[-70.68088,-26.664607],[-70.681399,-26.664534],[-70.680325,-26.664881],[-70.680398,-26.664848]]]},"properties":{"comuna":"Caldera","mancha_id":"03102-88b200166dfffff","clase":"Muy Bajo","nivel_medio":0.001,"nivel_medio_min":0.001,"nivel_medio_max":0.001,"pct_alto":0.0,"n_hexagonos":1,"area_ha":0.06}},{"type":"Feature","geometry":{"type":"Polygon","coordinates":[[[-70.676663,-26.665957],[-70.67735,-26.665839],[-70.676763,-26.666028],[-70.676663,-26.665957]]]},"properties":{"comuna":"Caldera","mancha_id":"03102-88b200166dfffff-2","clase":"Muy Bajo","nivel_medio":0.001,"nivel_medio_min":0.001,"nivel_medio_max":0.001,"pct_alto":0.0,"n_hexagonos":1,"area_ha":0.03}},{"type":"Feature","geometry":{"type":"Polygon","coordinates":[[[-70.67799,-26.692322],[-70.678605,-26.687676],[-70.683526,-26.686091],[-70.687832,-26.689153],[-70.687216,-26.693799],[-70.682295,-26.695383],[-70.67799,-26.692322]]]},"properties":{"comuna":"Caldera","mancha_id":"03102-88b2001625fffff","clase":"Muy Bajo","nivel_medio":0.421,"nivel_medio_min":0.421,"nivel_medio_max":0.421,"pct_alto":9.5,"n_hexagonos":1,"area_ha":72.41}},{"type":"Feature","geometry":{"type":"Polygon","coordinates":[[[-70.652353,-26.672515],[-70.652369,-26.672267],[-70.6524,-26.672162],[-70.652353,-26.672515]]]},"properties":{"comuna":"Caldera","mancha_id":"03102-88b2001609fffff","clase":"Muy Bajo","nivel_medio":0.123,"nivel_medio_min":0.123,"nivel_medio_max":0.123,"pct_alto":0.0,"n_hexagonos":1,"area_ha":0.0}},{"type":"Feature","geometry":{"type":"Polygon","coordinates":[[[-70.652142,-26.673338],[-70.652267,-26.673165],[-70.652163,-26.673949],[-70.650452,-26.6745],[-70.650963,-26.674209],[-70.651579,-26.673807],[-70.652142,-26.673338]]]},"properties":{"comuna":"Caldera","mancha_id":"03102-88b2001609fffff-2","clase":"Muy Bajo","nivel_medio":0.123,"nivel_medio_min":0.123,"nivel_medio_max":0.123,"pct_alto":0.0,"n_hexagonos":1,"area_ha":0.54}},{"type":"Feature","geometry":{"type":"Polygon","coordinates":[[[-70.75785,-26.70496],[-70.75765,-26.70501],[-70.75749,-26.70502],[-70.75721,-26.70495],[-70.75712,-26.70484],[-70.75713,-26.70468],[-70.75729,-26.70457],[-70.75746,-26.70458],[-70.75757,-26.70459],[-70.75779,-26.70464],[-70.75785,-26.7048],[-70.75785,-26.70496]]]},"properties":{"comuna":"Caldera","mancha_id":"03102-88b2001099fffff","clase":"Muy Bajo","nivel_medio":0.326,"nivel_medio_min":0.326,"nivel_medio_max":0.326,"pct_alto":5.7,"n_hexagonos":1,"area_ha":0.29}},{"type":"Feature","geometry":{"type":"Polygon","coordinates":[[[-70.81724,-26.90083],[-70.817317,-26.900852],[-70.817318,-26.900853],[-70.817116,-26.900918],[-70.817115,-26.9009],[-70.817172,-26.900835],[-70.81724,-26.90083]]]},"properties":{"comuna":"Caldera","mancha_id":"03102-88b2000e09fffff","clase":"Muy Bajo","nivel_medio":0.012,"nivel_medio_min":0.012,"nivel_medio_max":0.012,"pct_alto":0.2,"n_hexagonos":1,"area_ha":0.01}},{"type":"Feature","geometry":{"type":"Polygon","coordinates":[[[-70.80916,-27.01759],[-70.80927,-27.01749],[-70.80936,-27.01743],[-70.809365,-27.017423],[-70.809307,-27.01786],[-70.80925,-27.01786],[-70.80914,-27.0178],[-70.80912,-27.01772],[-70.80916,-27.01759]]]},"properties":{"comuna":"Caldera","mancha_id":"03102-88b2000cb9fffff","clase":"Muy Bajo","nivel_medio":0.069,"nivel_medio_min":0.069,"nivel_medio_max":0.069,"pct_alto":0.2,"n_hexagonos":1,"area_ha":0.07}},{"type":"Feature","geometry":{"type":"Polygon","coordinates":[[[-70.81863,-27.02125],[-70.81885,-27.02125],[-70.81892,-27.0213],[-70.81893,-27.02139],[-70.818919,-27.021445],[-70.81886,-27.0215],[-70.81865,-27.0215],[-70.81855,-27.02143],[-70.81854,-27.02135],[-70.81863,-27.02125]]]},"properties":{"comuna":"Caldera","mancha_id":"03102-88b2000cb5fffff","clase":"Muy Bajo","nivel_medio":0.028,"nivel_medio_min":0.028,"nivel_medio_max":0.028,"pct_alto":0.3,"n_hexagonos":1,"area_ha":0.09}},{"type":"Feature","geometry":{"type":"Polygon","coordinates":[[[-70.81727,-27.02273],[-70.81731,-27.02279],[-70.81749,-27.02293],[-70.81751,-27.02305],[-70.81747,-27.02315],[-70.81733,-27.02322],[-70.81717,-27.0231],[-70.81715,-27.02288],[-70.817,-27.02285],[-70.81699,-27.02277],[-70.81706,-27.02265],[-70.81724,-27.02268],[-70.81727,-27.02273]]]},"properties":{"comuna":"Caldera","mancha_id":"03102-88b2000cb5fffff-2","clase":"Muy Bajo","nivel_medio":0.028,"nivel_medio_min":0.028,"nivel_medio_max":0.028,"pct_alto":0.3,"n_hexagonos":1,"area_ha":0.17}},{"type":"Feature","geometry":{"type":"Polygon","coordinates":[[[-70.81721,-27.02343],[-70.81737,-27.02348],[-70.81743,-27.02361],[-70.81739,-27.02372],[-70.81715,-27.02377],[-70.81702,-27.02372],[-70.81697,-27.02363],[-70.81696,-27.02353],[-70.81705,-27.02345],[-70.81721,-27.02343]]]},"properties":{"comuna":"Caldera","mancha_id":"03102-88b2000cb5fffff-3","clase":"Muy Bajo","nivel_medio":0.028,"nivel_medio_min":0.028,"nivel_medio_max":0.028,"pct_alto":0.3,"n_hexagonos":1,"area_ha":0.13}},{"type":"Feature","geometry":{"type":"Polygon","coordinates":[[[-70.81839,-27.02355],[-70.81853,-27.02351],[-70.81868,-27.02354],[-70.81871,-27.02367],[-70.81867,-27.02384],[-70.81852,-27.02391],[-70.81839,-27.02388],[-70.81834,-27.0238],[-70.81835,-27.02365],[-70.81839,-27.02355]]]},"properties":{"comuna":"Caldera","mancha_id":"03102-88b2000cb5fffff-4","clase":"Muy Bajo","nivel_medio":0.028,"nivel_medio_min":0.028,"nivel_medio_max":0.028,"pct_alto":0.3,"n_hexagonos":1,"area_ha":0.13}},{"type":"Feature","geometry":{"type":"Polygon","coordinates":[[[-70.81803,-27.02352],[-70.81812,-27.02356],[-70.81823,-27.02364],[-70.81824,-27.0238],[-70.81817,-27.02391],[-70.81804,-27.02394],[-70.81794,-27.02391],[-70.81785,-27.02381],[-70.81785,-27.02364],[-70.81793,-27.02355],[-70.81803,-27.02352]]]},"properties":{"comuna":"Caldera","mancha_id":"03102-88b2000cb5fffff-5","clase":"Muy Bajo","nivel_medio":0.028,"nivel_medio_min":0.028,"nivel_medio_max":0.028,"pct_alto":0.3,"n_hexagonos":1,"area_ha":0.14}},{"type":"Feature","geometry":{"type":"Polygon","coordinates":[[[-70.81902,-27.02101],[-70.8189,-27.02099],[-70.81886,-27.02092],[-70.81886,-27.02083],[-70.81893,-27.02076],[-70.819023,-27.020752],[-70.819146,-27.020839],[-70.81916,-27.02088],[-70.819135,-27.02099],[-70.81902,-27.02101]]]},"properties":{"comuna":"Caldera","mancha_id":"03102-88b2000cb5fffff-6","clase":"Muy Bajo","nivel_medio":0.028,"nivel_medio_min":0.028,"nivel_medio_max":0.028,"pct_alto":0.3,"n_hexagonos":1,"area_ha":0.07}},{"type":"Feature","geometry":{"type":"Polygon","coordinates":[[[-70.81909,-27.0214],[-70.81917,-27.02134],[-70.8193,-27.02132],[-70.81939,-27.02137],[-70.8194,-27.02149],[-70.81936,-27.02157],[-70.81922,-27.02157],[-70.81911,-27.02156],[-70.81908,-27.02148],[-70.81909,-27.0214]]]},"properties":{"comuna":"Caldera","mancha_id":"03102-88b2000cb5fffff-7","clase":"Muy Bajo","nivel_medio":0.028,"nivel_medio_min":0.028,"nivel_medio_max":0.028,"pct_alto":0.3,"n_hexagonos":1,"area_ha":0.07}},{"type":"Feature","geometry":{"type":"Polygon","coordinates":[[[-70.81897,-27.02387],[-70.81906,-27.02391],[-70.81903,-27.02405],[-70.81898,-27.02415],[-70.81889,-27.02423],[-70.81877,-27.02422],[-70.81869,-27.02411],[-70.81873,-27.02396],[-70.81884,-27.02387],[-70.81897,-27.02387]]]},"properties":{"comuna":"Caldera","mancha_id":"03102-88b2000cb5fffff-8","clase":"Muy Bajo","nivel_medio":0.028,"nivel_medio_min":0.028,"nivel_medio_max":0.028,"pct_alto":0.3,"n_hexagonos":1,"area_ha":0.11}},{"type":"Feature","geometry":{"type":"Polygon","coordinates":[[[-70.82186,-27.02532],[-70.82196,-27.02536],[-70.82196,-27.02546],[-70.82195,-27.02556],[-70.8218,-27.02569],[-70.82163,-27.02571],[-70.82156,-27.02567],[-70.82156,-27.02551],[-70.8216,-27.02541],[-70.82167,-27.02534],[-70.82186,-27.02532]]]},"properties":{"comuna":"Caldera","mancha_id":"03102-88b2000cb5fffff-9","clase":"Muy Bajo","nivel_medio":0.028,"nivel_medio_min":0.028,"nivel_medio_max":0.028,"pct_alto":0.3,"n_hexagonos":1,"area_ha":0.14}},{"type":"Feature","geometry":{"type":"Polygon","coordinates":[[[-70.82115,-27.0261],[-70.8212,-27.02617],[-70.8212,-27.02626],[-70.82117,-27.02633],[-70.82106,-27.02641],[-70.82093,-27.02642],[-70.82085,-27.02639],[-70.82082,-27.02631],[-70.82082,-27.02618],[-70.8209,-27.02608],[-70.82106,-27.02606],[-70.82115,-27.0261]]]},"properties":{"comuna":"Caldera","mancha_id":"03102-88b2000cb5fffff-10","clase":"Muy Bajo","nivel_medio":0.028,"nivel_medio_min":0.028,"nivel_medio_max":0.028,"pct_alto":0.3,"n_hexagonos":1,"area_ha":0.12}},{"type":"Feature","geometry":{"type":"Polygon","coordinates":[[[-70.82185,-27.02777],[-70.82195,-27.02776],[-70.82209,-27.02779],[-70.82215,-27.02782],[-70.822124,-27.028013],[-70.822227,-27.028086],[-70.8222,-27.02829],[-70.82206,-27.02846],[-70.822,-27.02846],[-70.82175,-27.02846],[-70.82159,-27.02837],[-70.8215,-27.0283],[-70.8215,-27.028213],[-70.8215,-27.0282],[-70.82158,-27.028],[-70.821566,-27.027945],[-70.82164,-27.02784],[-70.82169,-27.0278],[-70.82185,-27.02777]]]},"properties":{"comuna":"Caldera","mancha_id":"03102-88b2000cb5fffff-11","clase":"Muy Bajo","nivel_medio":0.037,"nivel_medio_min":0.028,"nivel_medio_max":0.044,"pct_alto":0.4,"n_hexagonos":2,"area_ha":0.44}},{"type":"Feature","geometry":{"type":"Polygon","coordinates":[[[-70.80679,-27.02003],[-70.8069,-27.0199],[-70.80713,-27.01966],[-70.80719,-27.01954],[-70.807258,-27.019465],[-70.807283,-27.019437],[-70.80734,-27.0194],[-70.807461,-27.0194],[-70.80748,-27.0194],[-70.80764,-27.01941],[-70.80773,-27.01947],[-70.80759,-27.0196],[-70.80739,-27.0199],[-70.8069,-27.02027],[-70.80683,-27.02025],[-70.80672,-27.02026],[-70.80657,-27.02043],[-70.80639,-27.02056],[-70.80608,-27.02058],[-70.80588,-27.02058],[-70.80576,-27.02057],[-70.80584,-27.02049],[-70.80601,-27.02042],[-70.80614,-27.02042],[-70.80633,-27.02039],[-70.80645,-27.0203],[-70.80656,-27.02019],[-70.80659,-27.02009],[-70.80666,-27.02005],[-70.80679,-27.02003]]]},"properties":{"comuna":"Caldera","mancha_id":"03102-88b2000cb1fffff","clase":"Muy Bajo","nivel_medio":0.075,"nivel_medio_min":0.069,"nivel_medio_max":0.075,"pct_alto":2.0,"n_hexagonos":2,"area_ha":0.58}},{"type":"Feature","geometry":{"type":"Polygon","coordinates":[[[-70.80577,-27.02138],[-70.805865,-27.0214],[-70.80589,-27.02146],[-70.80589,-27.021517],[-70.80584,-27.02156],[-70.805685,-27.02155],[-70.80564,-27.02147],[-70.805675,-27.02139],[-70.80577,-27.02138]]]},"properties":{"comuna":"Caldera","mancha_id":"03102-88b2000cb1fffff-2","clase":"Muy Bajo","nivel_medio":0.075,"nivel_medio_min":0.075,"nivel_medio_max":0.075,"pct_alto":2.0,"n_hexagonos":1,"area_ha":0.04}},{"type":"Feature","geometry":{"type":"Polygon","coordinates":[[[-70.80752,-27.02172],[-70.80768,-27.02185],[-70.8077,-27.021905],[-70.80757,-27.02203],[-70.80752,-27.02214],[-70.80741,-27.02203],[-70.80724,-27.02188],[-70.80718,-27.02178],[-70.80724,-27.02171],[-70.80726,-27.02158],[-70.80729,-27.0215],[-70.80748,-27.02152],[-70.80753,-27.02157],[-70.80755,-27.02165],[-70.80752,-27.02172]]]},"properties":{"comuna":"Caldera","mancha_id":"03102-88b2000cb1fffff-3","clase":"Muy Bajo","nivel_medio":0.075,"nivel_medio_min":0.075,"nivel_medio_max":0.075,"pct_alto":2.0,"n_hexagonos":1,"area_ha":0.2}},{"type":"Feature","geometry":{"type":"Polygon","coordinates":[[[-70.80801,-27.02198],[-70.80807,-27.02208],[-70.80814,-27.02226],[-70.80806,-27.02231],[-70.80791,-27.02242],[-70.80764,-27.02223],[-70.80767,-27.02214],[-70.80772,-27.02204],[-70.80782,-27.02193],[-70.80792,-27.02189],[-70.80801,-27.02198]]]},"properties":{"comuna":"Caldera","mancha_id":"03102-88b2000cb1fffff-4","clase":"Muy Bajo","nivel_medio":0.075,"nivel_medio_min":0.075,"nivel_medio_max":0.075,"pct_alto":2.0,"n_hexagonos":1,"area_ha":0.17}},{"type":"Feature","geometry":{"type":"Polygon","coordinates":[[[-70.8087,-27.02208],[-70.8088,-27.02217],[-70.80878,-27.02225],[-70.80871,-27.02234],[-70.80853,-27.02236],[-70.80837,-27.0223],[-70.80829,-27.02218],[-70.80836,-27.02207],[-70.80854,-27.02205],[-70.8087,-27.02208]]]},"properties":{"comuna":"Caldera","mancha_id":"03102-88b2000cb1fffff-5","clase":"Muy Bajo","nivel_medio":0.075,"nivel_medio_min":0.075,"nivel_medio_max":0.075,"pct_alto":2.0,"n_hexagonos":1,"area_ha":0.13}},{"type":"Feature","geometry":{"type":"Polygon","coordinates":[[[-70.80956,-27.02265],[-70.80965,-27.02266],[-70.80977,-27.02279],[-70.80975,-27.02293],[-70.80954,-27.023],[-70.80938,-27.02289],[-70.80933,-27.02274],[-70.80937,-27.02264],[-70.80949,-27.02259],[-70.80956,-27.02265]]]},"properties":{"comuna":"Caldera","mancha_id":"03102-88b2000cb1fffff-6","clase":"Muy Bajo","nivel_medio":0.075,"nivel_medio_min":0.075,"nivel_medio_max":0.075,"pct_alto":2.0,"n_hexagonos":1,"area_ha":0.13}},{"type":"Feature","geometry":{"type":"Polygon","coordinates":[[[-70.81252,-27.0062],[-70.81255,-27.00625],[-70.81254,-27.0064],[-70.81238,-27.00649],[-70.81223,-27.00638],[-70.81223,-27.00622],[-70.81232,-27.00612],[-70.81252,-27.0062]]]},"properties":{"comuna":"Caldera","mancha_id":"03102-88b2000c87fffff","clase":"Muy Bajo","nivel_medio":0.003,"nivel_medio_min":0.003,"nivel_medio_max":0.003,"pct_alto":0.0,"n_hexagonos":1,"area_ha":0.09}},{"type":"Feature","geometry":{"type":"Polygon","coordinates":[[[-70.81014,-27.00533],[-70.81058,-27.00511],[-70.810607,-27.005087],[-70.81102,-27.004954],[-70.812315,-27.00587],[-70.81218,-27.00597],[-70.81188,-27.00622],[-70.81196,-27.00649],[-70.81231,-27.00682],[-70.81242,-27.00726],[-70.81221,-27.00758],[-70.81174,-27.00807],[-70.81149,-27.00827],[-70.81071,-27.0086],[-70.81007,-27.00872],[-70.80973,-27.00864],[-70.8094,-27.00854],[-70.80888,-27.00823],[-70.80858,-27.00801],[-70.8086,-27.00793],[-70.80852,-27.0078],[-70.80836,-27.00774],[-70.80788,-27.00783],[-70.80779,-27.00775],[-70.80789,-27.00772],[-70.80803,-27.00762],[-70.80814,-27.00741],[-70.80817,-27.00713],[-70.80823,-27.00675],[-70.80816,-27.0066],[-70.80817,-27.00654],[-70.80849,-27.00627],[-70.80865,-27.00606],[-70.80888,-27.00589],[-70.80934,-27.00572],[-70.80991,-27.00553],[-70.81014,-27.00533]]]},"properties":{"comuna":"Caldera","mancha_id":"03102-88b2000c87fffff-2","clase":"Muy Bajo","nivel_medio":0.003,"nivel_medio_min":0.003,"nivel_medio_max":0.003,"pct_alto":0.0,"n_hexagonos":1,"area_ha":12.3}},{"type":"Feature","geometry":{"type":"Polygon","coordinates":[[[-70.80683,-27.00854],[-70.80709,-27.00844],[-70.80734,-27.00843],[-70.80757,-27.00843],[-70.80769,-27.00842],[-70.80781,-27.00842],[-70.80792,-27.00856],[-70.80793,-27.00867],[-70.80786,-27.00875],[-70.80782,-27.00883],[-70.80781,-27.00894],[-70.80783,-27.00907],[-70.80792,-27.00921],[-70.80795,-27.00931],[-70.80794,-27.00948],[-70.8078,-27.00961],[-70.80743,-27.00967],[-70.8071,-27.00964],[-70.80685,-27.00951],[-70.80661,-27.00938],[-70.80643,-27.00921],[-70.80634,-27.00914],[-70.80624,-27.00907],[-70.80626,-27.00896],[-70.80639,-27.0088],[-70.80669,-27.00864],[-70.80683,-27.00854]]]},"properties":{"comuna":"Caldera","mancha_id":"03102-88b2000c87fffff-3","clase":"Muy Bajo","nivel_medio":0.003,"nivel_medio_min":0.003,"nivel_medio_max":0.003,"pct_alto":0.0,"n_hexagonos":1,"area_ha":1.73}},{"type":"Feature","geometry":{"type":"Polygon","coordinates":[[[-70.694579,-26.922442],[-70.695195,-26.917808],[-70.70012,-26.916231],[-70.70443,-26.919289],[-70.703814,-26.923923],[-70.698888,-26.9255],[-70.694579,-26.922442]]]},"properties":{"comuna":"Caldera","mancha_id":"03102-88b20005ddfffff","clase":"Muy Bajo","nivel_medio":0.312,"nivel_medio_min":0.312,"nivel_medio_max":0.312,"pct_alto":6.7,"n_hexagonos":1,"area_ha":72.16}},{"type":"Feature","geometry":{"type":"Polygon","coordinates":[[[-70.82218,-26.84928],[-70.82217,-26.849345],[-70.82211,-26.84938],[-70.82199,-26.84939],[-70.82188,-26.84934],[-70.82184,-26.84929],[-70.821815,-26.84923],[-70.8218,-26.84915],[-70.821845,-26.849105],[-70.821915,-26.849099],[-70.82197,-26.84911],[-70.82205,-26.84913],[-70.822155,-26.8492],[-70.82218,-26.84928]]]},"properties":{"comuna":"Caldera","mancha_id":"03102-88b20000e7fffff","clase":"Muy Bajo","nivel_medio":0.0,"nivel_medio_min":0.0,"nivel_medio_max":0.0,"pct_alto":0.0,"n_hexagonos":1,"area_ha":0.09}},{"type":"Feature","geometry":{"type":"Polygon","coordinates":[[[-70.82175,-26.84978],[-70.821815,-26.849838],[-70.8218,-26.849925],[-70.82173,-26.84996],[-70.82166,-26.84996],[-70.82159,-26.84993],[-70.82152,-26.84991],[-70.821455,-26.849845],[-70.82147,-26.84978],[-70.82153,-26.849745],[-70.82163,-26.84974],[-70.821699,-26.849755],[-70.82175,-26.84978]]]},"properties":{"comuna":"Caldera","mancha_id":"03102-88b20000e7fffff-2","clase":"Muy Bajo","nivel_medio":0.0,"nivel_medio_min":0.0,"nivel_medio_max":0.0,"pct_alto":0.0,"n_hexagonos":1,"area_ha":0.06}},{"type":"Feature","geometry":{"type":"Polygon","coordinates":[[[-70.81487,-26.86813],[-70.815001,-26.868125],[-70.81559,-26.8681],[-70.81598,-26.86814],[-70.81635,-26.86838],[-70.81646,-26.86893],[-70.81659,-26.86932],[-70.81677,-26.86957],[-70.81718,-26.86984],[-70.81749,-26.86998],[-70.81789,-26.87003],[-70.81811,-26.86994],[-70.8184,-26.86991],[-70.81876,-26.86993],[-70.81917,-26.87017],[-70.8197,-26.87042],[-70.82012,-26.87047],[-70.82035,-26.87041],[-70.82052,-26.87031],[-70.8209,-26.87026],[-70.82112,-26.87033],[-70.82121,-26.87058],[-70.8214,-26.87078],[-70.82155,-26.87097],[-70.82162,-26.87132],[-70.82167,-26.87186],[-70.82192,-26.87205],[-70.82208,-26.87216],[-70.822118,-26.872662],[-70.82212,-26.87269],[-70.8222,-26.87306],[-70.82243,-26.87313],[-70.82251,-26.87316],[-70.82291,-26.87297],[-70.8235,-26.87287],[-70.82396,-26.87297],[-70.82472,-26.87296],[-70.82512,-26.87309],[-70.8252,-26.87326],[-70.82509,-26.87349],[-70.8249,-26.87403],[-70.82492,-26.87438],[-70.82492,-26.87467],[-70.825,-26.87519],[-70.82509,-26.87529],[-70.82521,-26.87536],[-70.82543,-26.87544],[-70.82593,-26.87548],[-70.82647,-26.87566],[-70.82699,-26.87571],[-70.82721,-26.87577],[-70.82753,-26.87591],[-70.828126,-26.87592],[-70.82815,-26.87592],[-70.82857,-26.8762],[-70.82876,-26.87628],[-70.82925,-26.87632],[-70.82943,-26.87646],[-70.8296,-26.87662],[-70.82985,-26.8767],[-70.82989,-26.87675],[-70.83,-26.87687],[-70.83004,-26.87696],[-70.82993,-26.877],[-70.8298,-26.87709],[-70.82963,-26.87727],[-70.82961,-26.87754],[-70.82968,-26.87769],[-70.82983,-26.87782],[-70.83001,-26.87788],[-70.83034,-26.87804],[-70.83063,-26.87825],[-70.83132,-26.87829],[-70.83155,-26.87839],[-70.83205,-26.87836],[-70.83271,-26.87848],[-70.83308,-26.87847],[-70.83339,-26.87834],[-70.83357,-26.87823],[-70.83367,-26.87822],[-70.83375,-26.87825],[-70.83386,-26.87832],[-70.83393,-26.87844],[-70.83408,-26.87863],[-70.83425,-26.87874],[-70.83459,-26.87886],[-70.83466,-26.87893],[-70.83467,-26.87902],[-70.83462,-26.87908],[-70.83442,-26.87911],[-70.83421,-26.87915],[-70.83394,-26.87944],[-70.83366,-26.88],[-70.8337,-26.88028],[-70.83368,-26.88042],[-70.83358,-26.88049],[-70.83345,-26.88053],[-70.83332,-26.8806],[-70.83322,-26.88078],[-70.83313,-26.88086],[-70.83299,-26.88091],[-70.83287,-26.88092],[-70.83278,-26.88088],[-70.83267,-26.88083],[-70.83265,-26.88076],[-70.83265,-26.88067],[-70.83262,-26.8806],[-70.83254,-26.88059],[-70.83247,-26.88059],[-70.8323,-26.88081],[-70.83219,-26.88082],[-70.83212,-26.88079],[-70.832,-26.88075],[-70.83193,-26.88068],[-70.83187,-26.88063],[-70.83176,-26.88064],[-70.83168,-26.88068],[-70.83159,-26.88077],[-70.83153,-26.88087],[-70.83152,-26.88104],[-70.83152,-26.88125],[-70.8315,-26.88133],[-70.83143,-26.88137],[-70.83137,-26.88134],[-70.83135,-26.88127],[-70.83135,-26.88112],[-70.83133,-26.88092],[-70.83127,-26.88083],[-70.8312,-26.88079],[-70.8311,-26.88081],[-70.831,-26.88088],[-70.83089,-26.881],[-70.83091,-26.88116],[-70.83081,-26.8813],[-70.83062,-26.88142],[-70.8304,-26.88146],[-70.830228,-26.881632],[-70.83014,-26.88172],[-70.83003,-26.88192],[-70.82991,-26.88217],[-70.82999,-26.88236],[-70.83008,-26.88254],[-70.83012,-26.8827],[-70.83003,-26.88297],[-70.82992,-26.88321],[-70.8299,-26.88379],[-70.82997,-26.88407],[-70.82987,-26.88477],[-70.82986,-26.88511],[-70.83034,-26.88521],[-70.83052,-26.88529],[-70.83058,-26.88538],[-70.8306,-26.88548],[-70.83058,-26.88559],[-70.83044,-26.88601],[-70.83028,-26.88635],[-70.82963,-26.88647],[-70.82922,-26.88653],[-70.82881,-26.88651],[-70.82856,-26.88658],[-70.82835,-26.88671],[-70.8284,-26.88699],[-70.8285,-26.88716],[-70.82853,-26.88732],[-70.82846,-26.8875],[-70.82834,-26.88764],[-70.82815,-26.8878],[-70.82796,-26.8879],[-70.82779,-26.88796],[-70.82762,-26.88833],[-70.82723,-26.8885],[-70.82688,-26.88857],[-70.82635,-26.88895],[-70.826276,-26.888981],[-70.82616,-26.88903],[-70.82589,-26.88904],[-70.82567,-26.88885],[-70.82554,-26.88875],[-70.82531,-26.88872],[-70.82497,-26.88879],[-70.82475,-26.88879],[-70.82462,-26.88875],[-70.8243,-26.8886],[-70.82413,-26.88853],[-70.82385,-26.88853],[-70.82357,-26.88865],[-70.82332,-26.88925],[-70.82306,-26.88962],[-70.82288,-26.89002],[-70.82288,-26.8902],[-70.82292,-26.89043],[-70.82297,-26.89061],[-70.82308,-26.8908],[-70.82318,-26.89109],[-70.82341,-26.89133],[-70.82356,-26.89154],[-70.82364,-26.8917],[-70.82409,-26.89194],[-70.8242,-26.89202],[-70.82422,-26.89211],[-70.82416,-26.89225],[-70.82364,-26.89243],[-70.82323,-26.89275],[-70.82287,-26.89343],[-70.82299,-26.89429],[-70.823062,-26.894567],[-70.82321,-26.89514],[-70.82331,-26.89544],[-70.82345,-26.89572],[-70.82367,-26.89594],[-70.82435,-26.89649],[-70.82455,-26.89688],[-70.82461,-26.89705],[-70.82459,-26.8977],[-70.82449,-26.89798],[-70.82425,-26.89826],[-70.82363,-26.89843],[-70.82346,-26.89843],[-70.82267,-26.89812],[-70.82194,-26.89787],[-70.82152,-26.89779],[-70.82111,-26.89779],[-70.82077,-26.89786],[-70.820485,-26.897976],[-70.82028,-26.89806],[-70.81977,-26.89807],[-70.81914,-26.89794],[-70.81874,-26.89776],[-70.81807,-26.89748],[-70.81699,-26.8971],[-70.81641,-26.89703],[-70.816,-26.89684],[-70.81559,-26.89662],[-70.8151,-26.89644],[-70.81483,-26.8964],[-70.81452,-26.89639],[-70.81411,-26.89652],[-70.81368,-26.89689],[-70.81344,-26.89727],[-70.8134,-26.89785],[-70.81349,-26.89823],[-70.8139,-26.8989],[-70.81431,-26.89923],[-70.815,-26.8995],[-70.81588,-26.8997],[-70.81613,-26.89991],[-70.81645,-26.90025],[-70.81675,-26.90053],[-70.8168,-26.9008],[-70.81668,-26.90099],[-70.81656,-26.901],[-70.81612,-26.90079],[-70.81577,-26.90059],[-70.81538,-26.90029],[-70.81501,-26.90005],[-70.81468,-26.89996],[-70.81447,-26.89994],[-70.81397,-26.89998],[-70.81369,-26.90034],[-70.813688,-26.90036],[-70.81364,-26.90074],[-70.81366,-26.90124],[-70.81356,-26.90157],[-70.81319,-26.90178],[-70.81241,-26.90196],[-70.81188,-26.9023],[-70.81124,-26.90399],[-70.81106,-26.90503],[-70.81066,-26.90585],[-70.81008,-26.90669],[-70.80988,-26.90713],[-70.80991,-26.90722],[-70.80997,-26.90739],[-70.81017,-26.90751],[-70.810347,-26.907531],[-70.81085,-26.90759],[-70.81121,-26.90767],[-70.81165,-26.9078],[-70.81173,-26.90783],[-70.81222,-26.90838],[-70.81257,-26.90872],[-70.81268,-26.90897],[-70.81267,-26.90926],[-70.81256,-26.90949],[-70.81218,-26.91013],[-70.81218,-26.91108],[-70.81212,-26.91198],[-70.81211,-26.91283],[-70.81236,-26.91367],[-70.8124,-26.91409],[-70.8125,-26.9144],[-70.81262,-26.91454],[-70.8131,-26.91464],[-70.8138,-26.9146],[-70.81446,-26.91463],[-70.81508,-26.91472],[-70.815646,-26.914711],[-70.81571,-26.91471],[-70.815868,-26.91464],[-70.81607,-26.91455],[-70.81626,-26.91438],[-70.81651,-26.91408],[-70.81685,-26.91403],[-70.81705,-26.91389],[-70.81743,-26.9138],[-70.81781,-26.9138],[-70.81816,-26.9139],[-70.818164,-26.913903],[-70.81851,-26.91418],[-70.81861,-26.91457],[-70.81852,-26.9148],[-70.81832,-26.915],[-70.81783,-26.91535],[-70.81769,-26.91563],[-70.81748,-26.91588],[-70.81701,-26.91637],[-70.81672,-26.91653],[-70.81611,-26.91659],[-70.8157,-26.91682],[-70.81539,-26.91727],[-70.81537,-26.91767],[-70.8154,-26.91785],[-70.81549,-26.91801],[-70.81555,-26.91831],[-70.81569,-26.91845],[-70.81574,-26.91865],[-70.8157,-26.91883],[-70.81548,-26.91917],[-70.81542,-26.9194],[-70.81554,-26.91975],[-70.81557,-26.91998],[-70.81555,-26.92013],[-70.81543,-26.92013],[-70.81531,-26.92015],[-70.8152,-26.92022],[-70.81513,-26.92035],[-70.81459,-26.92053],[-70.81438,-26.92047],[-70.81421,-26.9204],[-70.81402,-26.92035],[-70.81376,-26.92032],[-70.81336,-26.92029],[-70.813177,-26.92029],[-70.81291,-26.92029],[-70.81257,-26.92033],[-70.81223,-26.92045],[-70.81177,-26.92075],[-70.81152,-26.92084],[-70.81138,-26.92081],[-70.81124,-26.92075],[-70.81108,-26.92071],[-70.81088,-26.92068],[-70.81081,-26.92067],[-70.8106,-26.92068],[-70.81005,-26.92085],[-70.809915,-26.92099],[-70.80977,-26.92114],[-70.80977,-26.92165],[-70.80952,-26.92205],[-70.80937,-26.92235],[-70.80915,-26.92293],[-70.8091,-26.92306],[-70.80883,-26.92317],[-70.80867,-26.92331],[-70.80817,-26.9238],[-70.80805,-26.92411],[-70.80768,-26.92456],[-70.80755,-26.92496],[-70.8076,-26.92561],[-70.80768,-26.92593],[-70.8078,-26.9261],[-70.80797,-26.92623],[-70.8082,-26.92633],[-70.80837,-26.92649],[-70.80844,-26.92661],[-70.80837,-26.92682],[-70.808302,-26.926982],[-70.80824,-26.92713],[-70.80829,-26.92753],[-70.80839,-26.92781],[-70.80839,-26.92812],[-70.80818,-26.92825],[-70.80794,-26.92827],[-70.80763,-26.92834],[-70.80708,-26.92866],[-70.80673,-26.92866],[-70.8057,-26.92904],[-70.80506,-26.92922],[-70.80443,-26.92938],[-70.80433,-26.92952],[-70.8041,-26.92993],[-70.80393,-26.93026],[-70.80363,-26.93068],[-70.8033,-26.93084],[-70.80306,-26.93102],[-70.80256,-26.93152],[-70.80198,-26.93188],[-70.801821,-26.931975],[-70.80085,-26.93255],[-70.80062,-26.93276],[-70.800506,-26.932886],[-70.80044,-26.93296],[-70.80038,-26.93319],[-70.80025,-26.93358],[-70.79995,-26.93382],[-70.79948,-26.93425],[-70.79944,-26.93466],[-70.7995,-26.93508],[-70.79958,-26.93596],[-70.79964,-26.93622],[-70.79976,-26.9369],[-70.79973,-26.93766],[-70.79969,-26.93817],[-70.79949,-26.93879],[-70.79921,-26.93918],[-70.7987,-26.93954],[-70.79849,-26.93991],[-70.798538,-26.940353],[-70.79859,-26.94084],[-70.79865,-26.94119],[-70.79862,-26.94169],[-70.79846,-26.94215],[-70.79838,-26.94268],[-70.7985,-26.94296],[-70.79855,-26.94348],[-70.7985,-26.94408],[-70.79858,-26.94439],[-70.79881,-26.9446],[-70.79921,-26.94482],[-70.79933,-26.94498],[-70.79958,-26.94539],[-70.79965,-26.94561],[-70.79984,-26.94585],[-70.799965,-26.945965],[-70.80057,-26.94652],[-70.80134,-26.94701],[-70.8016,-26.94714],[-70.80256,-26.94775],[-70.80293,-26.94775],[-70.80338,-26.94778],[-70.80349,-26.94787],[-70.80355,-26.94809],[-70.80352,-26.94838],[-70.80338,-26.94864],[-70.803239,-26.948753],[-70.80308,-26.94888],[-70.80283,-26.94911],[-70.80268,-26.94928],[-70.80263,-26.94959],[-70.80246,-26.94979],[-70.80191,-26.95018],[-70.80081,-26.95065],[-70.80032,-26.95075],[-70.80001,-26.95096],[-70.79978,-26.95125],[-70.79976,-26.95186],[-70.80012,-26.95225],[-70.80022,-26.95253],[-70.80027,-26.95264],[-70.80036,-26.95294],[-70.80051,-26.95364],[-70.80063,-26.9541],[-70.80084,-26.95444],[-70.80114,-26.95479],[-70.801223,-26.954849],[-70.80149,-26.95504],[-70.80206,-26.95536],[-70.8025,-26.95552],[-70.80334,-26.95578],[-70.8037,-26.95599],[-70.80399,-26.95623],[-70.80407,-26.95642],[-70.80431,-26.95662],[-70.80457,-26.95668],[-70.8051,-26.95671],[-70.80566,-26.95677],[-70.80637,-26.95709],[-70.80675,-26.95714],[-70.80699,-26.95711],[-70.80734,-26.95704],[-70.807712,-26.956991],[-70.80795,-26.95696],[-70.80916,-26.95674],[-70.809171,-26.95674],[-70.80984,-26.95674],[-70.81045,-26.95681],[-70.81077,-26.95678],[-70.81107,-26.95669],[-70.81121,-26.95661],[-70.81137,-26.9566],[-70.81154,-26.9566],[-70.81162,-26.95668],[-70.81164,-26.95679],[-70.81147,-26.95713],[-70.81129,-26.95753],[-70.81124,-26.95802],[-70.81131,-26.95822],[-70.81144,-26.95841],[-70.81166,-26.95862],[-70.81169,-26.95879],[-70.81165,-26.9591],[-70.81129,-26.95934],[-70.81122,-26.95964],[-70.81113,-26.96011],[-70.81072,-26.96048],[-70.81023,-26.96054],[-70.80986,-26.96056],[-70.80941,-26.96063],[-70.8087,-26.96155],[-70.80864,-26.96198],[-70.80866,-26.96241],[-70.80883,-26.96279],[-70.808887,-26.962893],[-70.80898,-26.96306],[-70.80905,-26.96327],[-70.80904,-26.96344],[-70.80895,-26.96368],[-70.80865,-26.96401],[-70.80838,-26.96416],[-70.80812,-26.96419],[-70.80781,-26.96427],[-70.80755,-26.96442],[-70.80727,-26.96465],[-70.80675,-26.965],[-70.80652,-26.9653],[-70.80641,-26.96563],[-70.80642,-26.96589],[-70.80646,-26.96614],[-70.80656,-26.96638],[-70.80658,-26.96662],[-70.80656,-26.96682],[-70.80642,-26.96691],[-70.80611,-26.96693],[-70.80589,-26.96696],[-70.80579,-26.96702],[-70.80565,-26.96708],[-70.80558,-26.96705],[-70.80537,-26.96692],[-70.80502,-26.96684],[-70.80476,-26.96685],[-70.80447,-26.967],[-70.80438,-26.96713],[-70.80433,-26.9673],[-70.80432,-26.96758],[-70.80421,-26.96765],[-70.8041,-26.96767],[-70.804,-26.96763],[-70.80389,-26.9676],[-70.80375,-26.96761],[-70.80359,-26.96752],[-70.80352,-26.96751],[-70.80331,-26.96745],[-70.80312,-26.96737],[-70.80291,-26.96727],[-70.80276,-26.96713],[-70.80248,-26.96698],[-70.80235,-26.96698],[-70.801893,-26.967015],[-70.80183,-26.96702],[-70.80151,-26.96721],[-70.80103,-26.96724],[-70.80055,-26.96715],[-70.80042,-26.96715],[-70.80008,-26.96737],[-70.79983,-26.96759],[-70.79962,-26.96802],[-70.79946,-26.96822],[-70.79927,-26.96844],[-70.7992,-26.96859],[-70.799179,-26.968817],[-70.79917,-26.96892],[-70.79919,-26.96963],[-70.79873,-26.97006],[-70.79843,-26.97062],[-70.79835,-26.97101],[-70.79803,-26.97199],[-70.79774,-26.97213],[-70.79741,-26.97235],[-70.7971,-26.97251],[-70.79659,-26.97266],[-70.796421,-26.97268],[-70.79576,-26.97276],[-70.79486,-26.97291],[-70.79448,-26.97306],[-70.79393,-26.97366],[-70.7936,-26.97432],[-70.79336,-26.97468],[-70.793225,-26.975161],[-70.79315,-26.97543],[-70.79288,-26.97634],[-70.79282,-26.97675],[-70.79267,-26.9773],[-70.79242,-26.97795],[-70.79236,-26.97811],[-70.79232,-26.97914],[-70.79232,-26.97996],[-70.79218,-26.98075],[-70.79206,-26.98106],[-70.791906,-26.981287],[-70.79179,-26.98146],[-70.79144,-26.9818],[-70.7909,-26.98215],[-70.7904,-26.98283],[-70.79019,-26.98316],[-70.78999,-26.98373],[-70.78984,-26.98467],[-70.78986,-26.98509],[-70.78976,-26.98576],[-70.78953,-26.9867],[-70.7892,-26.9878],[-70.78882,-26.98876],[-70.788701,-26.989155],[-70.78851,-26.98979],[-70.78843,-26.99019],[-70.78833,-26.99077],[-70.78826,-26.99269],[-70.7883,-26.99369],[-70.788393,-26.994454],[-70.78841,-26.99459],[-70.7888,-26.99539],[-70.78893,-26.99561],[-70.7891,-26.99579],[-70.78981,-26.99634],[-70.78996,-26.99656],[-70.79002,-26.99685],[-70.78994,-26.99727],[-70.78981,-26.9976],[-70.78983,-26.99787],[-70.78988,-26.99807],[-70.78997,-26.99828],[-70.79007,-26.99845],[-70.79012,-26.99884],[-70.79014,-26.99935],[-70.79029,-26.99968],[-70.7904,-26.99991],[-70.79044,-27.0],[-70.79055,-27.00024],[-70.7906,-27.00047],[-70.79063,-27.00078],[-70.79074,-27.0015],[-70.79087,-27.00185],[-70.79087,-27.00205],[-70.79086,-27.002536],[-70.79086,-27.00255],[-70.79109,-27.00303],[-70.79164,-27.00343],[-70.79237,-27.00372],[-70.7924,-27.00397],[-70.79253,-27.0042],[-70.79281,-27.00474],[-70.79381,-27.00604],[-70.79394,-27.0062],[-70.79415,-27.0064],[-70.79445,-27.00673],[-70.7949,-27.00714],[-70.79545,-27.00772],[-70.79606,-27.00819],[-70.796392,-27.008457],[-70.79708,-27.00901],[-70.79748,-27.00937],[-70.79834,-27.0101],[-70.799,-27.01046],[-70.79948,-27.01065],[-70.79989,-27.01079],[-70.80093,-27.011],[-70.80167,-27.01105],[-70.8021,-27.01099],[-70.80202,-27.01078],[-70.80209,-27.01058],[-70.80234,-27.01051],[-70.80275,-27.01051],[-70.80312,-27.01042],[-70.80368,-27.01002],[-70.80422,-27.00979],[-70.8045,-27.00977],[-70.80477,-27.00987],[-70.80494,-27.00985],[-70.80563,-27.00989],[-70.805644,-27.009889],[-70.8061,-27.00987],[-70.80664,-27.00994],[-70.80692,-27.01026],[-70.80706,-27.01065],[-70.80705,-27.01102],[-70.80708,-27.0112],[-70.80721,-27.01135],[-70.80748,-27.01147],[-70.80758,-27.01167],[-70.80747,-27.01189],[-70.80716,-27.01232],[-70.807113,-27.012324],[-70.80694,-27.01234],[-70.80668,-27.01235],[-70.80655,-27.01257],[-70.80634,-27.01263],[-70.80623,-27.01279],[-70.80596,-27.01283],[-70.80578,-27.01294],[-70.80559,-27.01304],[-70.80535,-27.01322],[-70.80499,-27.01338],[-70.80448,-27.01338],[-70.80415,-27.01312],[-70.8038,-27.01316],[-70.80349,-27.01322],[-70.8034,-27.01332],[-70.80334,-27.01356],[-70.80309,-27.0142],[-70.80297,-27.01457],[-70.8029,-27.01492],[-70.80306,-27.01539],[-70.80326,-27.01567],[-70.80349,-27.01585],[-70.80373,-27.01592],[-70.80399,-27.01595],[-70.80426,-27.01597],[-70.8046,-27.016],[-70.80492,-27.01566],[-70.80495,-27.01559],[-70.80504,-27.015585],[-70.80512,-27.01574],[-70.80503,-27.01606],[-70.80509,-27.01616],[-70.80574,-27.01603],[-70.80602,-27.01588],[-70.80632,-27.01588],[-70.80646,-27.01603],[-70.80623,-27.01626],[-70.80628,-27.01633],[-70.80635,-27.01636],[-70.80652,-27.01645],[-70.80672,-27.01658],[-70.80689,-27.01687],[-70.80683,-27.01723],[-70.80678,-27.01731],[-70.80635,-27.01785],[-70.80605,-27.01807],[-70.80584,-27.01814],[-70.80558,-27.01844],[-70.8052,-27.01865],[-70.805,-27.01881],[-70.80479,-27.01897],[-70.80448,-27.01941],[-70.80429,-27.01959],[-70.80401,-27.01986],[-70.803681,-27.02003],[-70.80368,-27.02003],[-70.80321,-27.02059],[-70.80306,-27.02089],[-70.8029,-27.02118],[-70.80292,-27.0218],[-70.80301,-27.02209],[-70.80319,-27.02238],[-70.80312,-27.02265],[-70.80339,-27.02323],[-70.80354,-27.02341],[-70.803827,-27.023579],[-70.80425,-27.02383],[-70.8049,-27.02394],[-70.80523,-27.02382],[-70.80551,-27.02365],[-70.80585,-27.02341],[-70.80592,-27.02289],[-70.80609,-27.02262],[-70.80637,-27.02237],[-70.80659,-27.0222],[-70.80688,-27.02212],[-70.807105,-27.022215],[-70.80744,-27.02233],[-70.80782,-27.02251],[-70.80832,-27.02275],[-70.80869,-27.02292],[-70.80883,-27.02299],[-70.80895,-27.02314],[-70.80901,-27.0234],[-70.80904,-27.02363],[-70.80901,-27.02404],[-70.80885,-27.02465],[-70.80885,-27.02487],[-70.80857,-27.02511],[-70.80857,-27.02517],[-70.8086,-27.02553],[-70.80883,-27.02602],[-70.80915,-27.0265],[-70.80961,-27.027],[-70.81004,-27.02718],[-70.81033,-27.02728],[-70.810407,-27.027327],[-70.81059,-27.02744],[-70.81082,-27.02752],[-70.81108,-27.02756],[-70.81136,-27.02753],[-70.81155,-27.0276],[-70.81201,-27.02762],[-70.81234,-27.02759],[-70.8126,-27.02747],[-70.8129,-27.0274],[-70.81307,-27.02736],[-70.81326,-27.02737],[-70.81355,-27.0274],[-70.81394,-27.02745],[-70.814203,-27.027475],[-70.81446,-27.0275],[-70.8149,-27.0274],[-70.81517,-27.02712],[-70.81537,-27.02685],[-70.81594,-27.02637],[-70.81605,-27.02615],[-70.81602,-27.02592],[-70.81591,-27.02567],[-70.81592,-27.02549],[-70.81623,-27.02543],[-70.81675,-27.02524],[-70.81731,-27.0252],[-70.81753,-27.02523],[-70.8177,-27.02561],[-70.81784,-27.02575],[-70.81809,-27.02582],[-70.81835,-27.02594],[-70.81848,-27.02617],[-70.81863,-27.02634],[-70.81879,-27.02636],[-70.81904,-27.02622],[-70.81924,-27.02617],[-70.81952,-27.02626],[-70.81962,-27.02649],[-70.81959,-27.02675],[-70.81967,-27.02679],[-70.81973,-27.02683],[-70.81996,-27.02693],[-70.8204,-27.02735],[-70.82082,-27.02775],[-70.82132,-27.02807],[-70.821363,-27.028256],[-70.82139,-27.02837],[-70.82133,-27.02861],[-70.82121,-27.02885],[-70.82109,-27.02916],[-70.82108,-27.02952],[-70.82094,-27.02986],[-70.82063,-27.03004],[-70.82054,-27.03037],[-70.82039,-27.03075],[-70.81997,-27.03111],[-70.81931,-27.03162],[-70.81899,-27.03176],[-70.81867,-27.03183],[-70.81857,-27.03202],[-70.81858,-27.03235],[-70.81837,-27.0328],[-70.81824,-27.03326],[-70.81832,-27.03345],[-70.81877,-27.03356],[-70.8194,-27.03353],[-70.8197,-27.0335],[-70.8201,-27.03345],[-70.82043,-27.03328],[-70.82082,-27.03294],[-70.82135,-27.03236],[-70.8219,-27.03221],[-70.8221,-27.03222],[-70.82219,-27.03238],[-70.8222,-27.0328],[-70.82225,-27.03316],[-70.82238,-27.03333],[-70.82269,-27.03353],[-70.82289,-27.03366],[-70.82299,-27.03389],[-70.82313,-27.03398],[-70.82358,-27.03394],[-70.82391,-27.03383],[-70.82438,-27.03374],[-70.82463,-27.03383],[-70.82467,-27.03401],[-70.8246,-27.03418],[-70.8246,-27.03427],[-70.8247,-27.03434],[-70.82484,-27.03444],[-70.82483,-27.03466],[-70.82484,-27.03494],[-70.82501,-27.03511],[-70.82506,-27.03542],[-70.82482,-27.03557],[-70.82484,-27.03578],[-70.82481,-27.03599],[-70.82453,-27.03609],[-70.82422,-27.03607],[-70.82397,-27.03605],[-70.8237,-27.03615],[-70.82338,-27.03643],[-70.82333,-27.036497],[-70.820895,-27.037276],[-70.820554,-27.039844],[-70.82022,-27.04053],[-70.82021,-27.04097],[-70.8203,-27.04158],[-70.82031,-27.041682],[-70.82028,-27.041907],[-70.820335,-27.041946],[-70.82038,-27.04241],[-70.82043,-27.04284],[-70.82044,-27.0435],[-70.82042,-27.04388],[-70.82016,-27.0441],[-70.81988,-27.04421],[-70.81918,-27.04416],[-70.81896,-27.04412],[-70.81864,-27.04415],[-70.8178,-27.04441],[-70.81706,-27.04478],[-70.81641,-27.04484],[-70.81597,-27.04493],[-70.8157,-27.04548],[-70.81565,-27.04586],[-70.81544,-27.04598],[-70.8151,-27.04592],[-70.815026,-27.045914],[-70.81457,-27.04588],[-70.814,-27.04596],[-70.81363,-27.04596],[-70.81332,-27.04603],[-70.81321,-27.04619],[-70.81306,-27.0465],[-70.81278,-27.04687],[-70.81276,-27.04729],[-70.81285,-27.04789],[-70.81293,-27.04835],[-70.8128,-27.04846],[-70.81254,-27.04868],[-70.81163,-27.04894],[-70.81084,-27.04897],[-70.8103,-27.04906],[-70.80977,-27.04923],[-70.80954,-27.04933],[-70.809413,-27.049417],[-70.80932,-27.04948],[-70.80907,-27.0497],[-70.80887,-27.04994],[-70.80858,-27.05021],[-70.80822,-27.05035],[-70.80809,-27.05066],[-70.80802,-27.05121],[-70.808,-27.05167],[-70.80807,-27.05266],[-70.80806,-27.05348],[-70.80836,-27.05449],[-70.808399,-27.054574],[-70.80858,-27.05497],[-70.80888,-27.05565],[-70.80936,-27.05639],[-70.80953,-27.05683],[-70.80966,-27.05709],[-70.80993,-27.05753],[-70.8102,-27.05775],[-70.8103,-27.05787],[-70.8108,-27.05834],[-70.81109,-27.05845],[-70.81139,-27.05844],[-70.8116,-27.05857],[-70.81186,-27.05886],[-70.81182,-27.05969],[-70.81222,-27.06002],[-70.81244,-27.06036],[-70.81279,-27.06071],[-70.813023,-27.060995],[-70.81324,-27.06126],[-70.8134,-27.06135],[-70.81369,-27.06143],[-70.81423,-27.06103],[-70.81446,-27.06101],[-70.81463,-27.06089],[-70.81488,-27.06073],[-70.81524,-27.06054],[-70.81545,-27.06054],[-70.81569,-27.06052],[-70.81585,-27.06048],[-70.81622,-27.06067],[-70.81644,-27.06089],[-70.81636,-27.061],[-70.81692,-27.06145],[-70.81713,-27.06172],[-70.8174,-27.06191],[-70.81751,-27.06203],[-70.81807,-27.06235],[-70.81869,-27.06281],[-70.81917,-27.06318],[-70.81988,-27.06356],[-70.82039,-27.06386],[-70.82073,-27.063932],[-70.82086,-27.06396],[-70.821041,-27.063833],[-70.82113,-27.06377],[-70.82122,-27.063775],[-70.8213,-27.06378],[-70.82167,-27.06394],[-70.82245,-27.06388],[-70.822674,-27.063861],[-70.82269,-27.06386],[-70.82298,-27.06386],[-70.82332,-27.0637],[-70.82367,-27.06302],[-70.8239,-27.0628],[-70.8242,-27.06267],[-70.82431,-27.0627],[-70.8244,-27.06277],[-70.82429,-27.0629],[-70.82423,-27.06293],[-70.82426,-27.06316],[-70.8244,-27.06334],[-70.82634,-27.06234],[-70.82648,-27.06269],[-70.82434,-27.06387],[-70.82449,-27.06416],[-70.82464,-27.06436],[-70.82532,-27.06404],[-70.82538,-27.06415],[-70.82469,-27.06447],[-70.82506,-27.06486],[-70.82542,-27.06504],[-70.82606,-27.06542],[-70.82664,-27.06557],[-70.82698,-27.06559],[-70.82741,-27.06562],[-70.82759,-27.0656],[-70.82803,-27.06544],[-70.82859,-27.06542],[-70.82924,-27.06535],[-70.83061,-27.065],[-70.83098,-27.06456],[-70.83111,-27.06433],[-70.83109,-27.0641],[-70.83117,-27.06389],[-70.83122,-27.06363],[-70.83139,-27.06329],[-70.8314,-27.06325],[-70.8308,-27.06305],[-70.83083,-27.06301],[-70.83108,-27.06302],[-70.83144,-27.06312],[-70.83146,-27.06303],[-70.83144,-27.06274],[-70.83147,-27.06252],[-70.83143,-27.06241],[-70.83142,-27.06236],[-70.83141,-27.06232],[-70.83143,-27.06186],[-70.83146,-27.06175],[-70.8312,-27.06164],[-70.83122,-27.06157],[-70.83157,-27.0616],[-70.83164,-27.06151],[-70.83175,-27.06137],[-70.83168,-27.0613],[-70.83153,-27.06116],[-70.83157,-27.06098],[-70.83165,-27.06088],[-70.83171,-27.06075],[-70.83174,-27.06073],[-70.83012,-27.05971],[-70.83008,-27.05977],[-70.83005,-27.05975],[-70.83011,-27.05967],[-70.83005,-27.05963],[-70.8301,-27.05956],[-70.83021,-27.05963],[-70.83016,-27.05968],[-70.83179,-27.06071],[-70.83185,-27.06067],[-70.831959,-27.060653],[-70.83217,-27.06062],[-70.83235,-27.06052],[-70.83248,-27.0603],[-70.83282,-27.06007],[-70.832822,-27.060066],[-70.83295,-27.05976],[-70.83293,-27.05912],[-70.83279,-27.05872],[-70.8326,-27.05834],[-70.83241,-27.05776],[-70.83249,-27.05717],[-70.8327,-27.05682],[-70.83302,-27.0565],[-70.83366,-27.05574],[-70.83295,-27.05535],[-70.83357,-27.05448],[-70.83384,-27.05462],[-70.83367,-27.0549],[-70.83412,-27.05513],[-70.83426,-27.05499],[-70.83458,-27.05498],[-70.83503,-27.05492],[-70.83531,-27.0548],[-70.83581,-27.05449],[-70.83646,-27.05433],[-70.83713,-27.05417],[-70.837541,-27.054178],[-70.83764,-27.05418],[-70.8386,-27.05443],[-70.83919,-27.05451],[-70.83962,-27.05448],[-70.83999,-27.0543],[-70.84029,-27.05404],[-70.84062,-27.05348],[-70.84087,-27.0531],[-70.840872,-27.053056],[-70.84089,-27.0527],[-70.84084,-27.05257],[-70.84073,-27.05249],[-70.84072,-27.05239],[-70.84077,-27.0523],[-70.84089,-27.05224],[-70.84098,-27.05219],[-70.84103,-27.05209],[-70.84069,-27.05145],[-70.84028,-27.05179],[-70.8402,-27.05174],[-70.84063,-27.05139],[-70.84083,-27.05114],[-70.8409,-27.0512],[-70.84074,-27.05139],[-70.84097,-27.05177],[-70.84114,-27.05174],[-70.8412,-27.05173],[-70.84212,-27.05172],[-70.842584,-27.051767],[-70.84291,-27.0518],[-70.84318,-27.05171],[-70.84376,-27.05151],[-70.84403,-27.05168],[-70.84413,-27.05177],[-70.84437,-27.05179],[-70.84451,-27.05179],[-70.8446,-27.05173],[-70.84468,-27.05165],[-70.84479,-27.0516],[-70.84491,-27.05153],[-70.84534,-27.0514],[-70.84574,-27.05122],[-70.84601,-27.05106],[-70.84619,-27.05088],[-70.84623,-27.05069],[-70.84601,-27.05033],[-70.84608,-27.05014],[-70.84651,-27.04988],[-70.84685,-27.04995],[-70.84705,-27.05009],[-70.84752,-27.05038],[-70.84779,-27.05035],[-70.84804,-27.05033],[-70.84836,-27.05042],[-70.84868,-27.05059],[-70.84883,-27.05052],[-70.84907,-27.05043],[-70.84931,-27.05041],[-70.84934,-27.05052],[-70.84947,-27.05067],[-70.84961,-27.05054],[-70.8498,-27.05049],[-70.85002,-27.05056],[-70.85017,-27.05061],[-70.85023,-27.05066],[-70.85034,-27.05081],[-70.85068,-27.05079],[-70.85094,-27.05089],[-70.8509,-27.05063],[-70.8509,-27.05055],[-70.85096,-27.05052],[-70.85106,-27.05053],[-70.85117,-27.05058],[-70.85126,-27.05075],[-70.85142,-27.05076],[-70.85141,-27.05061],[-70.8515,-27.05038],[-70.85168,-27.05032],[-70.85208,-27.05043],[-70.85221,-27.050411],[-70.851905,-27.052715],[-70.8517,-27.05263],[-70.85157,-27.05253],[-70.85152,-27.05248],[-70.85149,-27.05233],[-70.85145,-27.0522],[-70.85134,-27.05208],[-70.85126,-27.052],[-70.85119,-27.05197],[-70.85117,-27.05191],[-70.85112,-27.05187],[-70.85104,-27.051885],[-70.85101,-27.05195],[-70.85107,-27.05199],[-70.85112,-27.05204],[-70.85117,-27.052095],[-70.85117,-27.05217],[-70.85105,-27.05218],[-70.85091,-27.05213],[-70.85076,-27.0521],[-70.85041,-27.05203],[-70.8503,-27.05198],[-70.8501,-27.0519],[-70.84995,-27.05183],[-70.84978,-27.05177],[-70.84961,-27.05176],[-70.8494,-27.05178],[-70.8492,-27.0519],[-70.84904,-27.05224],[-70.84905,-27.05235],[-70.84909,-27.05259],[-70.84911,-27.0528],[-70.84911,-27.0529],[-70.84915,-27.05306],[-70.84918,-27.05325],[-70.8492,-27.05338],[-70.84924,-27.05351],[-70.84926,-27.05357],[-70.84929,-27.05382],[-70.84929,-27.05397],[-70.84929,-27.05408],[-70.849315,-27.05419],[-70.84941,-27.05419],[-70.84953,-27.05419],[-70.84965,-27.05426],[-70.84969,-27.05436],[-70.84969,-27.05445],[-70.84964,-27.05452],[-70.84952,-27.05459],[-70.849403,-27.054615],[-70.84941,-27.05468],[-70.84948,-27.0547],[-70.84952,-27.054724],[-70.84963,-27.05479],[-70.84985,-27.05487],[-70.84987,-27.05493],[-70.84984,-27.05504],[-70.84974,-27.05509],[-70.84957,-27.05509],[-70.84945,-27.05509],[-70.84937,-27.05514],[-70.84937,-27.0552],[-70.84944,-27.05528],[-70.84951,-27.05529],[-70.84956,-27.05535],[-70.8496,-27.05544],[-70.84952,-27.05547],[-70.84941,-27.05547],[-70.84935,-27.05553],[-70.84934,-27.055625],[-70.8495,-27.05566],[-70.84955,-27.05571],[-70.84953,-27.05579],[-70.84943,-27.05584],[-70.84921,-27.05584],[-70.84915,-27.05585],[-70.84908,-27.05595],[-70.84913,-27.056],[-70.84922,-27.05602],[-70.8492,-27.0561],[-70.84903,-27.05622],[-70.84889,-27.05619],[-70.84879,-27.05616],[-70.84865,-27.05624],[-70.84849,-27.0563],[-70.84824,-27.0564],[-70.84805,-27.05646],[-70.84786,-27.05649],[-70.84774,-27.05654],[-70.84749,-27.05677],[-70.84726,-27.05691],[-70.84772,-27.05719],[-70.84772,-27.05734],[-70.84773,-27.05754],[-70.84767,-27.05782],[-70.84767,-27.05802],[-70.84766,-27.05821],[-70.84779,-27.0585],[-70.8479,-27.05884],[-70.84797,-27.05901],[-70.84798,-27.0591],[-70.848,-27.05917],[-70.84805,-27.05922],[-70.84811,-27.05922],[-70.8482,-27.05919],[-70.84826,-27.05914],[-70.84831,-27.05909],[-70.84837,-27.05904],[-70.84843,-27.05906],[-70.8485,-27.05915],[-70.84853,-27.05924],[-70.84853,-27.05931],[-70.84853,-27.05938],[-70.8486,-27.05941],[-70.84866,-27.05938],[-70.84872,-27.05934],[-70.84878,-27.05929],[-70.84884,-27.05929],[-70.84893,-27.05934],[-70.84897,-27.05944],[-70.84892,-27.05953],[-70.84885,-27.05957],[-70.848667,-27.059528],[-70.84866,-27.05959],[-70.84874,-27.05965],[-70.84876,-27.05971],[-70.84867,-27.05972],[-70.84852,-27.05963],[-70.8484,-27.059605],[-70.84838,-27.0597],[-70.8483,-27.05976],[-70.8483,-27.05984],[-70.84825,-27.05987],[-70.848205,-27.059985],[-70.84814,-27.06005],[-70.84805,-27.06005],[-70.84799,-27.06005],[-70.84797,-27.06011],[-70.847985,-27.060205],[-70.848,-27.06028],[-70.84788,-27.06032],[-70.8478,-27.06033],[-70.8477,-27.06036],[-70.84766,-27.06041],[-70.8477,-27.06046],[-70.84777,-27.06055],[-70.847735,-27.06063],[-70.84766,-27.06068],[-70.84753,-27.06065],[-70.84735,-27.06058],[-70.84712,-27.0606],[-70.846876,-27.060714],[-70.84682,-27.06074],[-70.84652,-27.06091],[-70.84637,-27.061],[-70.84625,-27.06121],[-70.84616,-27.06145],[-70.84616,-27.06156],[-70.84615,-27.06165],[-70.84612,-27.061755],[-70.84615,-27.06183],[-70.84624,-27.06188],[-70.84627,-27.06193],[-70.84626,-27.062],[-70.84619,-27.062],[-70.84607,-27.06204],[-70.84607,-27.06211],[-70.84605,-27.0622],[-70.84595,-27.06221],[-70.84581,-27.06218],[-70.84557,-27.06219],[-70.84542,-27.06225],[-70.84529,-27.06236],[-70.84523,-27.06249],[-70.84528,-27.06276],[-70.84547,-27.06299],[-70.84551,-27.06325],[-70.84564,-27.06342],[-70.84586,-27.06358],[-70.84605,-27.06363],[-70.846475,-27.063865],[-70.84661,-27.06391],[-70.84674,-27.06395],[-70.84687,-27.06407],[-70.84706,-27.06421],[-70.84724,-27.06429],[-70.84748,-27.06433],[-70.84778,-27.06436],[-70.848,-27.06436],[-70.84822,-27.06432],[-70.84838,-27.06426],[-70.84854,-27.06411],[-70.84859,-27.06408],[-70.84867,-27.06408],[-70.84882,-27.06416],[-70.84897,-27.06419],[-70.84911,-27.06422],[-70.84919,-27.06434],[-70.84921,-27.06446],[-70.84919,-27.06463],[-70.84924,-27.06468],[-70.8493,-27.06471],[-70.84932,-27.06481],[-70.84932,-27.06503],[-70.84933,-27.06517],[-70.8494,-27.06527],[-70.84957,-27.06532],[-70.84984,-27.06535],[-70.84998,-27.06535],[-70.850015,-27.06541],[-70.84995,-27.06554],[-70.84995,-27.0656],[-70.84998,-27.0657],[-70.85008,-27.0658],[-70.850166,-27.065818],[-70.85032,-27.06585],[-70.85048,-27.06593],[-70.85057,-27.06602],[-70.85067,-27.06611],[-70.85085,-27.0662],[-70.851,-27.06623],[-70.85122,-27.06623],[-70.85145,-27.06627],[-70.85152,-27.0664],[-70.85153,-27.06657],[-70.85143,-27.06665],[-70.85136,-27.06668],[-70.85118,-27.06691],[-70.85112,-27.06709],[-70.8511,-27.06727],[-70.85111,-27.06745],[-70.85119,-27.06752],[-70.85128,-27.06767],[-70.85134,-27.06781],[-70.85147,-27.06799],[-70.8516,-27.06819],[-70.85167,-27.06823],[-70.85182,-27.06824],[-70.85194,-27.06826],[-70.85199,-27.06833],[-70.852045,-27.068385],[-70.85204,-27.06847],[-70.85196,-27.06855],[-70.85197,-27.06862],[-70.851975,-27.068705],[-70.85199,-27.06879],[-70.85206,-27.06886],[-70.85213,-27.0689],[-70.8522,-27.0689],[-70.85227,-27.06892],[-70.85233,-27.06897],[-70.85236,-27.06903],[-70.8524,-27.06911],[-70.85245,-27.0692],[-70.85255,-27.06934],[-70.85269,-27.06948],[-70.85275,-27.0695],[-70.85285,-27.0695],[-70.85302,-27.0696],[-70.85314,-27.06969],[-70.85324,-27.069735],[-70.85332,-27.06975],[-70.85346,-27.06985],[-70.85358,-27.06999],[-70.85366,-27.07009],[-70.853805,-27.07021],[-70.85383,-27.07028],[-70.85388,-27.07032],[-70.85403,-27.07039],[-70.85416,-27.0705],[-70.85422,-27.07057],[-70.85423,-27.0707],[-70.85421,-27.07085],[-70.854221,-27.070956],[-70.85423,-27.07104],[-70.85433,-27.07118],[-70.8546,-27.07144],[-70.85474,-27.07154],[-70.85479,-27.07163],[-70.85482,-27.07169],[-70.8549,-27.07183],[-70.855025,-27.07191],[-70.85518,-27.072],[-70.85539,-27.0721],[-70.85559,-27.07217],[-70.85573,-27.07228],[-70.85593,-27.07241],[-70.85605,-27.07241],[-70.85608,-27.0726],[-70.8562,-27.07273],[-70.85636,-27.07279],[-70.85646,-27.07285],[-70.85656,-27.07307],[-70.85642,-27.07315],[-70.85615,-27.0731],[-70.85596,-27.07301],[-70.85587,-27.07301],[-70.85582,-27.07304],[-70.85586,-27.07311],[-70.85587,-27.07323],[-70.85564,-27.07334],[-70.85537,-27.07341],[-70.8552,-27.07343],[-70.85497,-27.07345],[-70.85488,-27.07354],[-70.85483,-27.0736],[-70.85472,-27.07368],[-70.85454,-27.07376],[-70.85433,-27.07383],[-70.8541,-27.07396],[-70.85398,-27.07407],[-70.85384,-27.07419],[-70.853771,-27.074251],[-70.85376,-27.07426],[-70.85375,-27.07436],[-70.85375,-27.074405],[-70.85375,-27.07443],[-70.85381,-27.07455],[-70.85384,-27.07466],[-70.85383,-27.07479],[-70.85377,-27.0748],[-70.85369,-27.074858],[-70.85366,-27.07488],[-70.8536,-27.07503],[-70.8536,-27.07511],[-70.85357,-27.07518],[-70.85352,-27.07523],[-70.85339,-27.07527],[-70.85328,-27.07531],[-70.85315,-27.07532],[-70.85311,-27.07542],[-70.85311,-27.07553],[-70.85303,-27.07564],[-70.85293,-27.07565],[-70.85275,-27.07565],[-70.85264,-27.07559],[-70.85254,-27.07551],[-70.8524,-27.07554],[-70.85235,-27.07561],[-70.85224,-27.07562],[-70.85215,-27.07557],[-70.85201,-27.07551],[-70.85179,-27.07548],[-70.85158,-27.07547],[-70.8514,-27.07551],[-70.85126,-27.07551],[-70.85116,-27.07548],[-70.85105,-27.07545],[-70.85089,-27.07545],[-70.85069,-27.07546],[-70.85057,-27.07546],[-70.85026,-27.0754],[-70.85009,-27.07532],[-70.84987,-27.07531],[-70.84978,-27.07538],[-70.84964,-27.0754],[-70.84947,-27.07536],[-70.84924,-27.07533],[-70.84897,-27.07534],[-70.84883,-27.07536],[-70.8487,-27.07542],[-70.84864,-27.07542],[-70.84854,-27.07542],[-70.84849,-27.07541],[-70.84811,-27.07632],[-70.84821,-27.07636],[-70.84819,-27.0764],[-70.8481,-27.07637],[-70.84808,-27.07642],[-70.84794,-27.07637],[-70.84798,-27.07626],[-70.84807,-27.07629],[-70.84844,-27.0754],[-70.84848,-27.07519],[-70.84834,-27.07482],[-70.84831,-27.07469],[-70.84826,-27.0746],[-70.84806,-27.07454],[-70.84785,-27.07442],[-70.84763,-27.07427],[-70.84728,-27.07406],[-70.84673,-27.07348],[-70.84621,-27.07292],[-70.84607,-27.07291],[-70.84583,-27.07288],[-70.84554,-27.07293],[-70.84513,-27.0731],[-70.84486,-27.07332],[-70.84487,-27.0734],[-70.84482,-27.07352],[-70.84475,-27.07354],[-70.84462,-27.07356],[-70.84447,-27.07365],[-70.844403,-27.073647],[-70.84425,-27.07364],[-70.84405,-27.07375],[-70.84371,-27.07406],[-70.84346,-27.0743],[-70.843317,-27.074443],[-70.84306,-27.0747],[-70.84254,-27.07551],[-70.84225,-27.07604],[-70.8419,-27.07715],[-70.84175,-27.07803],[-70.84177,-27.07862],[-70.84184,-27.0792],[-70.84185,-27.0796],[-70.84205,-27.07997],[-70.84228,-27.08017],[-70.84249,-27.08024],[-70.84263,-27.0802],[-70.84276,-27.0801],[-70.84297,-27.08005],[-70.84314,-27.08008],[-70.84327,-27.08023],[-70.84331,-27.08032],[-70.84338,-27.08047],[-70.84339,-27.08061],[-70.84324,-27.08093],[-70.84298,-27.08114],[-70.84274,-27.08128],[-70.84271,-27.08163],[-70.84272,-27.08199],[-70.84299,-27.08255],[-70.84322,-27.08282],[-70.84348,-27.08319],[-70.843508,-27.083248],[-70.84372,-27.08369],[-70.84382,-27.0842],[-70.84419,-27.08462],[-70.84426,-27.08493],[-70.84438,-27.08505],[-70.84465,-27.08512],[-70.84493,-27.08521],[-70.8452,-27.08537],[-70.84542,-27.08553],[-70.84573,-27.08558],[-70.84603,-27.08566],[-70.84628,-27.08597],[-70.84628,-27.08624],[-70.84622,-27.08631],[-70.8461,-27.08631],[-70.84592,-27.08632],[-70.8458,-27.08636],[-70.84577,-27.08653],[-70.84598,-27.0868],[-70.84632,-27.08713],[-70.84665,-27.08716],[-70.84707,-27.08708],[-70.84725,-27.08713],[-70.84756,-27.08723],[-70.84784,-27.08726],[-70.8481,-27.08728],[-70.84824,-27.08743],[-70.84818,-27.08781],[-70.84799,-27.08792],[-70.84783,-27.08789],[-70.84766,-27.08783],[-70.84734,-27.08809],[-70.84703,-27.08859],[-70.84703,-27.08893],[-70.84684,-27.08921],[-70.84666,-27.08944],[-70.84668,-27.08976],[-70.84675,-27.09019],[-70.84689,-27.09053],[-70.847338,-27.09089],[-70.84745,-27.09098],[-70.8479,-27.09133],[-70.84857,-27.09139],[-70.8492,-27.09137],[-70.8495,-27.09123],[-70.84961,-27.09117],[-70.85013,-27.09044],[-70.85071,-27.09],[-70.85096,-27.08987],[-70.85144,-27.08976],[-70.85207,-27.089706],[-70.85226,-27.08969],[-70.85277,-27.08955],[-70.85307,-27.08944],[-70.85324,-27.08938],[-70.85367,-27.0892],[-70.85408,-27.08882],[-70.85444,-27.08863],[-70.85479,-27.0884],[-70.85521,-27.08826],[-70.8556,-27.08795],[-70.85578,-27.08783],[-70.85511,-27.08646],[-70.85499,-27.08655],[-70.85443,-27.08666],[-70.85411,-27.0866],[-70.85386,-27.0864],[-70.85377,-27.08584],[-70.85364,-27.08539],[-70.85379,-27.08518],[-70.85402,-27.08506],[-70.85438,-27.08497],[-70.854058,-27.084308],[-70.854313,-27.084227],[-70.85462,-27.08485],[-70.85472,-27.0848],[-70.85517,-27.08455],[-70.85546,-27.08446],[-70.85567,-27.0844],[-70.85594,-27.08466],[-70.85634,-27.08491],[-70.85658,-27.0853],[-70.85657,-27.08562],[-70.85621,-27.08587],[-70.85583,-27.08615],[-70.8554,-27.08626],[-70.85535,-27.0863],[-70.85604,-27.08765],[-70.85635,-27.08745],[-70.85679,-27.08735],[-70.85723,-27.0874],[-70.85746,-27.08735],[-70.85764,-27.08725],[-70.85782,-27.08727],[-70.85818,-27.0875],[-70.85877,-27.08764],[-70.85922,-27.08763],[-70.8598,-27.08747],[-70.86013,-27.08728],[-70.86036,-27.08671],[-70.86035,-27.08645],[-70.86022,-27.08625],[-70.86009,-27.0861],[-70.86006,-27.08596],[-70.85998,-27.08581],[-70.85984,-27.08571],[-70.85953,-27.08554],[-70.85937,-27.08523],[-70.85928,-27.08502],[-70.859243,-27.084647],[-70.85922,-27.08442],[-70.85899,-27.08367],[-70.85898,-27.08335],[-70.85898,-27.08306],[-70.85905,-27.08263],[-70.85934,-27.08206],[-70.85944,-27.08175],[-70.85946,-27.08143],[-70.85981,-27.08109],[-70.85997,-27.08088],[-70.86004,-27.0808],[-70.86016,-27.08048],[-70.86015,-27.08007],[-70.85997,-27.07979],[-70.86003,-27.07944],[-70.86021,-27.07927],[-70.86052,-27.07904],[-70.86116,-27.07884],[-70.86131,-27.07889],[-70.86146,-27.07906],[-70.86146,-27.07923],[-70.86131,-27.07944],[-70.86136,-27.07957],[-70.86154,-27.07957],[-70.86172,-27.07946],[-70.86185,-27.0795],[-70.86194,-27.07961],[-70.86209,-27.07975],[-70.86235,-27.07981],[-70.86262,-27.07988],[-70.86289,-27.08008],[-70.8632,-27.08015],[-70.86346,-27.08023],[-70.86384,-27.08027],[-70.86414,-27.08033],[-70.86425,-27.08054],[-70.86423,-27.0809],[-70.86421,-27.08108],[-70.86433,-27.08116],[-70.86465,-27.08119],[-70.86479,-27.08123],[-70.865,-27.08141],[-70.86528,-27.08137],[-70.86572,-27.08154],[-70.86588,-27.08183],[-70.86582,-27.08221],[-70.86572,-27.08258],[-70.86572,-27.08304],[-70.86568,-27.08368],[-70.86567,-27.08379],[-70.8656,-27.08431],[-70.86558,-27.08491],[-70.865513,-27.085078],[-70.86546,-27.08521],[-70.86484,-27.08569],[-70.86428,-27.08616],[-70.8641,-27.08656],[-70.86405,-27.08705],[-70.86377,-27.08729],[-70.86349,-27.08739],[-70.86347,-27.08768],[-70.86358,-27.08783],[-70.86398,-27.08825],[-70.86428,-27.08867],[-70.86462,-27.08927],[-70.86473,-27.08972],[-70.86496,-27.08983],[-70.86531,-27.08983],[-70.86554,-27.08992],[-70.86579,-27.08995],[-70.86599,-27.09008],[-70.86628,-27.09036],[-70.86694,-27.09086],[-70.8673,-27.09129],[-70.86752,-27.09139],[-70.86806,-27.09131],[-70.86831,-27.09126],[-70.86843,-27.0915],[-70.86832,-27.09178],[-70.86832,-27.0919],[-70.86844,-27.09198],[-70.86883,-27.0921],[-70.86897,-27.09242],[-70.86913,-27.09272],[-70.86912,-27.092791],[-70.86908,-27.09309],[-70.86889,-27.09329],[-70.86825,-27.09338],[-70.86785,-27.0934],[-70.86759,-27.09337],[-70.867417,-27.093335],[-70.86739,-27.09333],[-70.867358,-27.093354],[-70.86726,-27.09343],[-70.86711,-27.09369],[-70.86697,-27.09422],[-70.86646,-27.09466],[-70.86612,-27.09487],[-70.86549,-27.09495],[-70.86522,-27.0951],[-70.865172,-27.09513],[-70.86503,-27.09522],[-70.86489,-27.09546],[-70.86495,-27.09583],[-70.86487,-27.09606],[-70.86493,-27.09624],[-70.865015,-27.096316],[-70.86514,-27.09643],[-70.86564,-27.09675],[-70.86586,-27.09695],[-70.86593,-27.09722],[-70.86622,-27.09739],[-70.86632,-27.09765],[-70.8662,-27.09794],[-70.86597,-27.09804],[-70.86565,-27.09813],[-70.86555,-27.09823],[-70.86556,-27.09855],[-70.86581,-27.09889],[-70.86597,-27.09915],[-70.86605,-27.09948],[-70.866042,-27.099578],[-70.86602,-27.09987],[-70.86566,-27.10014],[-70.8656,-27.1003],[-70.86572,-27.10037],[-70.86604,-27.10035],[-70.86635,-27.10051],[-70.86637,-27.10078],[-70.86653,-27.10087],[-70.86678,-27.10076],[-70.86709,-27.10067],[-70.86734,-27.10074],[-70.86751,-27.10137],[-70.86749,-27.10169],[-70.86713,-27.102],[-70.86659,-27.10242],[-70.86619,-27.10248],[-70.86593,-27.10243],[-70.86563,-27.10225],[-70.86535,-27.10211],[-70.86514,-27.1019],[-70.86492,-27.1017],[-70.86468,-27.10149],[-70.86464,-27.10129],[-70.86455,-27.10103],[-70.86401,-27.10093],[-70.86352,-27.101],[-70.86299,-27.10103],[-70.86225,-27.10071],[-70.86192,-27.10064],[-70.8617,-27.10065],[-70.8615,-27.10065],[-70.86121,-27.10073],[-70.8607,-27.10111],[-70.86062,-27.10151],[-70.8606,-27.10202],[-70.86048,-27.10229],[-70.86017,-27.10247],[-70.8595,-27.10252],[-70.859464,-27.102537],[-70.85931,-27.10261],[-70.85916,-27.10304],[-70.85876,-27.10335],[-70.8585,-27.10338],[-70.85809,-27.10345],[-70.85766,-27.10394],[-70.85727,-27.10436],[-70.85709,-27.10444],[-70.85679,-27.10445],[-70.85632,-27.10479],[-70.85607,-27.10488],[-70.85596,-27.10481],[-70.85593,-27.10464],[-70.85585,-27.10453],[-70.85563,-27.10453],[-70.85541,-27.1046],[-70.85474,-27.10448],[-70.85432,-27.10444],[-70.85391,-27.10451],[-70.85331,-27.10493],[-70.85325,-27.10508],[-70.85308,-27.1055],[-70.853045,-27.105584],[-70.85284,-27.10607],[-70.85246,-27.10703],[-70.85229,-27.10758],[-70.8523,-27.10794],[-70.8523,-27.10895],[-70.85228,-27.10962],[-70.85242,-27.11087],[-70.85244,-27.11094],[-70.85251,-27.11134],[-70.852513,-27.111397],[-70.85254,-27.11188],[-70.85269,-27.11256],[-70.85306,-27.11388],[-70.8531,-27.11401],[-70.85349,-27.11543],[-70.85362,-27.11593],[-70.85383,-27.11652],[-70.85406,-27.11716],[-70.85412,-27.11752],[-70.85414,-27.11767],[-70.85456,-27.11865],[-70.85472,-27.11894],[-70.854971,-27.119474],[-70.85504,-27.11962],[-70.85542,-27.1202],[-70.85581,-27.12065],[-70.85618,-27.12115],[-70.85661,-27.1217],[-70.85805,-27.12343],[-70.85937,-27.12504],[-70.860554,-27.126554],[-70.86059,-27.1266],[-70.86099,-27.12709],[-70.86221,-27.12831],[-70.863,-27.12902],[-70.86351,-27.12939],[-70.863825,-27.129405],[-70.86404,-27.12933],[-70.86428,-27.12919],[-70.86458,-27.12918],[-70.86497,-27.12927],[-70.865082,-27.129274],[-70.86534,-27.129456],[-70.867361,-27.12881],[-70.86744,-27.12886],[-70.86769,-27.12895],[-70.86791,-27.12904],[-70.86809,-27.12929],[-70.86819,-27.1296],[-70.86835,-27.12977],[-70.8686,-27.12991],[-70.86885,-27.12991],[-70.8691,-27.12991],[-70.8693,-27.13002],[-70.86956,-27.1303],[-70.86963,-27.13058],[-70.86984,-27.13068],[-70.86992,-27.13068],[-70.8701,-27.13068],[-70.8703,-27.13078],[-70.87038,-27.13095],[-70.87038,-27.13126],[-70.87025,-27.13165],[-70.87032,-27.13191],[-70.87044,-27.13217],[-70.87058,-27.13232],[-70.87097,-27.13263],[-70.87178,-27.13306],[-70.87237,-27.13333],[-70.87279,-27.13352],[-70.87301,-27.13396],[-70.87337,-27.13429],[-70.874079,-27.134819],[-70.87507,-27.13556],[-70.87674,-27.13677],[-70.87856,-27.13808],[-70.879,-27.138386],[-70.8802,-27.13922],[-70.88082,-27.13963],[-70.88197,-27.14026],[-70.88369,-27.14098],[-70.88587,-27.14173],[-70.887286,-27.14213],[-70.88771,-27.14225],[-70.88933,-27.1424],[-70.88978,-27.14242],[-70.89105,-27.14261],[-70.89313,-27.14261],[-70.89452,-27.14269],[-70.89529,-27.14272],[-70.89639,-27.14283],[-70.896644,-27.142838],[-70.89702,-27.14285],[-70.89757,-27.14274],[-70.89783,-27.14255],[-70.89798,-27.14236],[-70.89807,-27.142],[-70.89818,-27.14147],[-70.89846,-27.14124],[-70.89865,-27.14109],[-70.898705,-27.140952],[-70.89875,-27.14084],[-70.89881,-27.14056],[-70.8991,-27.14036],[-70.89939,-27.14037],[-70.89978,-27.14039],[-70.9002,-27.1402],[-70.90038,-27.14001],[-70.90057,-27.1398],[-70.90137,-27.13897],[-70.90187,-27.13868],[-70.901932,-27.13861],[-70.90209,-27.13843],[-70.90232,-27.13813],[-70.90256,-27.13772],[-70.90311,-27.1375],[-70.90461,-27.13739],[-70.90498,-27.13732],[-70.90526,-27.13703],[-70.90622,-27.13642],[-70.90646,-27.13616],[-70.90658,-27.13594],[-70.90652,-27.13566],[-70.90651,-27.13528],[-70.90702,-27.13493],[-70.90729,-27.13467],[-70.90757,-27.13432],[-70.907779,-27.134111],[-70.90779,-27.1341],[-70.90853,-27.13384],[-70.90899,-27.13361],[-70.90975,-27.13345],[-70.91,-27.13311],[-70.91022,-27.13256],[-70.91029,-27.13221],[-70.91027,-27.13173],[-70.91039,-27.13108],[-70.91053,-27.13083],[-70.91053,-27.13063],[-70.91044,-27.13052],[-70.91044,-27.13037],[-70.91061,-27.13009],[-70.91098,-27.12958],[-70.9111,-27.12921],[-70.91127,-27.12859],[-70.91172,-27.1281],[-70.9124,-27.12797],[-70.91315,-27.12798],[-70.913493,-27.12802],[-70.91383,-27.12806],[-70.91406,-27.12795],[-70.91533,-27.1271],[-70.91584,-27.12679],[-70.91668,-27.12653],[-70.91692,-27.12624],[-70.91709,-27.12593],[-70.91719,-27.1254],[-70.91736,-27.12455],[-70.91745,-27.12432],[-70.91778,-27.12347],[-70.918898,-27.121711],[-70.91893,-27.12166],[-70.92013,-27.12022],[-70.92042,-27.11983],[-70.92107,-27.11859],[-70.92141,-27.11785],[-70.92218,-27.117],[-70.92287,-27.11607],[-70.923584,-27.115268],[-70.923949,-27.115151],[-70.923996,-27.114801],[-70.9242,-27.11456],[-70.92427,-27.11448],[-70.92479,-27.11387],[-70.92509,-27.11362],[-70.92532,-27.11326],[-70.92564,-27.11281],[-70.92603,-27.11246],[-70.92686,-27.11172],[-70.92713,-27.11147],[-70.92721,-27.11094],[-70.92763,-27.1105],[-70.92825,-27.11028],[-70.92854,-27.11004],[-70.92898,-27.10971],[-70.92985,-27.10928],[-70.929942,-27.109254],[-70.93056,-27.10908],[-70.93137,-27.10896],[-70.93187,-27.10881],[-70.93244,-27.10878],[-70.93322,-27.10886],[-70.9334,-27.109],[-70.93341,-27.10934],[-70.93362,-27.10947],[-70.93384,-27.10947],[-70.9339,-27.10947],[-70.93424,-27.1094],[-70.9347,-27.10943],[-70.93519,-27.10956],[-70.93556,-27.10978],[-70.93603,-27.11017],[-70.93622,-27.1106],[-70.9365,-27.11073],[-70.93662,-27.1109],[-70.936692,-27.111073],[-70.93672,-27.11114],[-70.93691,-27.11124],[-70.93718,-27.11129],[-70.93748,-27.11122],[-70.93776,-27.11144],[-70.938,-27.11166],[-70.93828,-27.11202],[-70.93836,-27.1123],[-70.93826,-27.11249],[-70.93809,-27.11257],[-70.93797,-27.1128],[-70.93805,-27.11289],[-70.93826,-27.11286],[-70.93872,-27.11314],[-70.93897,-27.11328],[-70.93933,-27.11337],[-70.93951,-27.11353],[-70.93946,-27.11373],[-70.93945,-27.11397],[-70.93957,-27.11403],[-70.93986,-27.11402],[-70.94007,-27.11412],[-70.94013,-27.11432],[-70.94013,-27.1145],[-70.94017,-27.11474],[-70.94035,-27.11481],[-70.94054,-27.11485],[-70.94071,-27.11499],[-70.94088,-27.1152],[-70.94112,-27.1153],[-70.94137,-27.11534],[-70.94154,-27.11563],[-70.94151,-27.1158],[-70.94163,-27.11646],[-70.94164,-27.11681],[-70.94144,-27.11702],[-70.94137,-27.11716],[-70.94149,-27.11731],[-70.9417,-27.1173],[-70.94201,-27.11724],[-70.94226,-27.11716],[-70.94254,-27.11738],[-70.942548,-27.117485],[-70.94258,-27.11789],[-70.942585,-27.118174],[-70.94259,-27.11851],[-70.94272,-27.11881],[-70.94303,-27.1191],[-70.94325,-27.11925],[-70.94331,-27.11964],[-70.9436,-27.11994],[-70.94366,-27.12018],[-70.94355,-27.12066],[-70.94326,-27.12101],[-70.9432,-27.12114],[-70.9432,-27.12125],[-70.94344,-27.1214],[-70.94368,-27.12165],[-70.94369,-27.12196],[-70.94346,-27.12228],[-70.94336,-27.12268],[-70.94337,-27.12305],[-70.94336,-27.12347],[-70.94323,-27.1236],[-70.94304,-27.1238],[-70.94285,-27.12384],[-70.94264,-27.12393],[-70.94263,-27.12428],[-70.9427,-27.12444],[-70.94273,-27.12452],[-70.9432,-27.12458],[-70.94349,-27.12457],[-70.94406,-27.1244],[-70.94486,-27.12424],[-70.94532,-27.1242],[-70.94591,-27.12417],[-70.946362,-27.124382],[-70.9464,-27.1244],[-70.94657,-27.12462],[-70.94661,-27.125],[-70.9468,-27.12539],[-70.94706,-27.12593],[-70.94725,-27.12609],[-70.94745,-27.12607],[-70.94761,-27.12619],[-70.94768,-27.12643],[-70.94786,-27.12659],[-70.94816,-27.12674],[-70.94829,-27.12708],[-70.948297,-27.127266],[-70.9483,-27.12736],[-70.94821,-27.12757],[-70.94816,-27.12767],[-70.94793,-27.12793],[-70.94765,-27.12813],[-70.94757,-27.12819],[-70.94759,-27.12855],[-70.94743,-27.12867],[-70.94719,-27.12867],[-70.94703,-27.12877],[-70.94704,-27.12913],[-70.94713,-27.12925],[-70.94721,-27.12944],[-70.94721,-27.1298],[-70.94725,-27.13007],[-70.94764,-27.13032],[-70.94784,-27.1304],[-70.94794,-27.13044],[-70.94828,-27.13049],[-70.94857,-27.13051],[-70.94886,-27.13059],[-70.94908,-27.1309],[-70.94931,-27.1312],[-70.9495,-27.13143],[-70.94977,-27.13158],[-70.95,-27.13168],[-70.95007,-27.13191],[-70.950057,-27.132174],[-70.95005,-27.13231],[-70.95013,-27.13247],[-70.95027,-27.13278],[-70.95044,-27.13306],[-70.95063,-27.13331],[-70.95078,-27.13364],[-70.95088,-27.13384],[-70.950917,-27.134176],[-70.95092,-27.1342],[-70.950977,-27.134218],[-70.95108,-27.13425],[-70.95132,-27.13419],[-70.95152,-27.13413],[-70.95174,-27.13418],[-70.95194,-27.13433],[-70.95208,-27.1346],[-70.9526,-27.13501],[-70.9526,-27.135363],[-70.9526,-27.13537],[-70.95244,-27.13571],[-70.95245,-27.13607],[-70.9526,-27.13614],[-70.95279,-27.13609],[-70.95302,-27.13609],[-70.95304,-27.13624],[-70.95294,-27.13657],[-70.95286,-27.13675],[-70.95297,-27.13694],[-70.95322,-27.137],[-70.9535,-27.13703],[-70.95373,-27.13715],[-70.9538,-27.13747],[-70.95387,-27.13809],[-70.953988,-27.138185],[-70.953916,-27.138729],[-70.95387,-27.13876],[-70.9535,-27.13916],[-70.95305,-27.13935],[-70.95285,-27.13951],[-70.9528,-27.13975],[-70.95265,-27.13985],[-70.95226,-27.14002],[-70.95185,-27.14049],[-70.9517,-27.14098],[-70.95147,-27.14104],[-70.95124,-27.14124],[-70.95105,-27.14161],[-70.95085,-27.14194],[-70.95083,-27.142014],[-70.95072,-27.14241],[-70.95046,-27.14278],[-70.94994,-27.14312],[-70.94985,-27.14327],[-70.94986,-27.1436],[-70.94975,-27.14388],[-70.94971,-27.14403],[-70.94967,-27.14421],[-70.94964,-27.14448],[-70.94966,-27.14469],[-70.9498,-27.14492],[-70.94988,-27.14503],[-70.94995,-27.14512],[-70.95006,-27.1454],[-70.9505,-27.1455],[-70.95064,-27.14561],[-70.95075,-27.14578],[-70.95075,-27.14629],[-70.95068,-27.14655],[-70.95027,-27.14671],[-70.95014,-27.1469],[-70.95015,-27.14706],[-70.95015,-27.14752],[-70.94999,-27.14769],[-70.94984,-27.14793],[-70.94968,-27.14834],[-70.949635,-27.148455],[-70.94944,-27.14895],[-70.94946,-27.14936],[-70.94961,-27.14973],[-70.94994,-27.15],[-70.9502,-27.14997],[-70.95076,-27.14984],[-70.95104,-27.14972],[-70.95111,-27.14969],[-70.9512,-27.149559],[-70.95122,-27.14953],[-70.95139,-27.14948],[-70.95163,-27.14951],[-70.95184,-27.14952],[-70.95207,-27.14938],[-70.95232,-27.14921],[-70.95257,-27.14919],[-70.95291,-27.14936],[-70.95337,-27.14967],[-70.95366,-27.14975],[-70.95394,-27.14979],[-70.954054,-27.149847],[-70.95418,-27.14991],[-70.95448,-27.14991],[-70.95469,-27.14997],[-70.95471,-27.15011],[-70.9547,-27.15024],[-70.95484,-27.15039],[-70.95506,-27.15044],[-70.95525,-27.15028],[-70.95548,-27.15024],[-70.95566,-27.15034],[-70.95567,-27.15053],[-70.95564,-27.15065],[-70.95581,-27.15076],[-70.95597,-27.1509],[-70.95594,-27.15108],[-70.95582,-27.15113],[-70.95565,-27.15135],[-70.95581,-27.15154],[-70.95618,-27.15175],[-70.95647,-27.15174],[-70.9567,-27.15186],[-70.95693,-27.152],[-70.95711,-27.1519],[-70.95733,-27.15174],[-70.95749,-27.1518],[-70.9576,-27.15198],[-70.95761,-27.15254],[-70.95783,-27.1528],[-70.95801,-27.1531],[-70.95794,-27.15328],[-70.95782,-27.15354],[-70.95793,-27.15372],[-70.95786,-27.15401],[-70.95766,-27.15414],[-70.95742,-27.15415],[-70.95727,-27.15422],[-70.95725,-27.15442],[-70.95745,-27.15468],[-70.95779,-27.15504],[-70.95812,-27.15528],[-70.9584,-27.15527],[-70.95859,-27.15536],[-70.9587,-27.15551],[-70.9586,-27.15572],[-70.9585,-27.15594],[-70.95848,-27.15626],[-70.95846,-27.15664],[-70.95829,-27.15681],[-70.95828,-27.15698],[-70.9584,-27.15712],[-70.95857,-27.15713],[-70.95872,-27.157219],[-70.95879,-27.15726],[-70.95879,-27.15749],[-70.95862,-27.15767],[-70.95848,-27.15782],[-70.95848,-27.15795],[-70.95848,-27.15811],[-70.95864,-27.15837],[-70.95875,-27.15867],[-70.95895,-27.15908],[-70.95907,-27.15948],[-70.95928,-27.15961],[-70.9596,-27.1596],[-70.95989,-27.15959],[-70.96006,-27.15973],[-70.96021,-27.15994],[-70.96041,-27.1601],[-70.96034,-27.16043],[-70.9601,-27.1609],[-70.96004,-27.16127],[-70.96003,-27.16148],[-70.96011,-27.16193],[-70.96029,-27.16239],[-70.96066,-27.16259],[-70.96108,-27.16275],[-70.96156,-27.16284],[-70.96178,-27.16299],[-70.96205,-27.16307],[-70.96236,-27.16284],[-70.96278,-27.16263],[-70.96332,-27.16267],[-70.96385,-27.16252],[-70.96448,-27.16256],[-70.9648,-27.16274],[-70.96485,-27.1631],[-70.96487,-27.163113],[-70.964731,-27.16416],[-70.965348,-27.164594],[-70.96534,-27.16465],[-70.965,-27.16474],[-70.96481,-27.16497],[-70.96481,-27.16526],[-70.96517,-27.16539],[-70.96548,-27.16533],[-70.96595,-27.1653],[-70.966275,-27.165248],[-70.967983,-27.166451],[-70.96802,-27.16654],[-70.96807,-27.16684],[-70.96773,-27.16688],[-70.9674,-27.16689],[-70.96726,-27.16689],[-70.96718,-27.16702],[-70.96719,-27.16721],[-70.96724,-27.16757],[-70.96773,-27.16759],[-70.96807,-27.16769],[-70.96848,-27.16797],[-70.96879,-27.16801],[-70.968927,-27.168188],[-70.96902,-27.16831],[-70.96902,-27.16854],[-70.968874,-27.168588],[-70.96858,-27.168685],[-70.96847,-27.16892],[-70.96857,-27.169],[-70.96882,-27.16898],[-70.968822,-27.16898],[-70.969,-27.16894],[-70.96917,-27.16893],[-70.96925,-27.16875],[-70.96944,-27.16859],[-70.96985,-27.16863],[-70.97009,-27.16866],[-70.97033,-27.16846],[-70.97052,-27.16796],[-70.97112,-27.16761],[-70.97186,-27.16767],[-70.9722,-27.16782],[-70.97244,-27.16781],[-70.97294,-27.1677],[-70.97327,-27.16775],[-70.97344,-27.16802],[-70.97347,-27.16843],[-70.97347,-27.16885],[-70.97337,-27.16924],[-70.97313,-27.16952],[-70.97316,-27.16997],[-70.97295,-27.17013],[-70.97256,-27.17014],[-70.97226,-27.17015],[-70.97171,-27.17024],[-70.97112,-27.17066],[-70.97099,-27.17108],[-70.97103,-27.17135],[-70.97118,-27.17149],[-70.97146,-27.17155],[-70.97174,-27.17176],[-70.9719,-27.17217],[-70.97201,-27.1727],[-70.972,-27.17292],[-70.97177,-27.17316],[-70.97123,-27.17348],[-70.97116,-27.1737],[-70.971175,-27.173761],[-70.97122,-27.17394],[-70.9714,-27.17417],[-70.97138,-27.17445],[-70.97125,-27.17475],[-70.97129,-27.17519],[-70.97105,-27.17561],[-70.97109,-27.17574],[-70.97133,-27.17593],[-70.971525,-27.17624],[-70.97151,-27.17657],[-70.97155,-27.17685],[-70.97181,-27.17711],[-70.97177,-27.17773],[-70.97157,-27.17808],[-70.970945,-27.17828],[-70.97068,-27.17831],[-70.97041,-27.17852],[-70.97043,-27.17888],[-70.97044,-27.17923],[-70.97028,-27.17939],[-70.97022,-27.17966],[-70.97024,-27.17973],[-70.97028,-27.17989],[-70.97048,-27.17999],[-70.970575,-27.180016],[-70.97102,-27.18014],[-70.97136,-27.1803],[-70.97141,-27.1806],[-70.97124,-27.18079],[-70.9708,-27.18104],[-70.97069,-27.18127],[-70.97078,-27.18152],[-70.97099,-27.18175],[-70.97143,-27.18209],[-70.97163,-27.18241],[-70.97162,-27.18272],[-70.97144,-27.18298],[-70.97096,-27.18318],[-70.97072,-27.1835],[-70.97061,-27.18377],[-70.97052,-27.1839],[-70.97026,-27.18393],[-70.97001,-27.18394],[-70.96995,-27.18422],[-70.9701,-27.18434],[-70.97037,-27.18453],[-70.97056,-27.18479],[-70.97057,-27.18504],[-70.97049,-27.18515],[-70.97029,-27.18515],[-70.97015,-27.18539],[-70.97014,-27.18555],[-70.97029,-27.18582],[-70.97017,-27.18613],[-70.9702,-27.18647],[-70.9702,-27.18703],[-70.97007,-27.18766],[-70.96999,-27.18805],[-70.969938,-27.188067],[-70.96969,-27.18815],[-70.96942,-27.18825],[-70.96939,-27.18865],[-70.96952,-27.1889],[-70.96974,-27.18907],[-70.97024,-27.18912],[-70.97051,-27.18923],[-70.97074,-27.18945],[-70.970827,-27.189528],[-70.97112,-27.18979],[-70.97123,-27.1902],[-70.97108,-27.19035],[-70.97101,-27.19055],[-70.97122,-27.19074],[-70.9715,-27.19095],[-70.97153,-27.1914],[-70.97142,-27.19183],[-70.97124,-27.19194],[-70.97102,-27.19188],[-70.9708,-27.19192],[-70.97066,-27.19218],[-70.97051,-27.19252],[-70.970429,-27.192538],[-70.97014,-27.1926],[-70.96991,-27.19293],[-70.96969,-27.19305],[-70.96927,-27.19311],[-70.96894,-27.19359],[-70.96851,-27.19383],[-70.968417,-27.193998],[-70.96835,-27.19412],[-70.96825,-27.19437],[-70.96795,-27.19446],[-70.96788,-27.19468],[-70.96789,-27.19493],[-70.96792,-27.19525],[-70.96786,-27.19556],[-70.96762,-27.19576],[-70.96757,-27.19591],[-70.96762,-27.19616],[-70.96785,-27.19631],[-70.9681,-27.19631],[-70.9683,-27.19638],[-70.96831,-27.19661],[-70.96819,-27.19703],[-70.96812,-27.19738],[-70.96809,-27.19758],[-70.96784,-27.19774],[-70.96776,-27.19785],[-70.96779,-27.19826],[-70.96769,-27.19844],[-70.96725,-27.1986],[-70.96689,-27.19893],[-70.9664,-27.19938],[-70.96629,-27.19976],[-70.96628,-27.20018],[-70.96621,-27.20061],[-70.966208,-27.200614],[-70.96612,-27.20075],[-70.96587,-27.20077],[-70.96539,-27.20082],[-70.96519,-27.20096],[-70.96505,-27.20113],[-70.96504,-27.20152],[-70.96491,-27.20169],[-70.96469,-27.20172],[-70.96447,-27.20164],[-70.96419,-27.20163],[-70.96405,-27.20193],[-70.96403,-27.20213],[-70.96383,-27.2025],[-70.96323,-27.20286],[-70.96282,-27.203],[-70.96239,-27.20301],[-70.96207,-27.20287],[-70.96155,-27.20267],[-70.96089,-27.20246],[-70.96035,-27.20232],[-70.9598,-27.20229],[-70.959674,-27.202307],[-70.95913,-27.20238],[-70.95823,-27.20259],[-70.95789,-27.20266],[-70.957665,-27.2027],[-70.95709,-27.20267],[-70.95643,-27.20275],[-70.955995,-27.202795],[-70.95547,-27.20304],[-70.95503,-27.2034],[-70.95459,-27.20351],[-70.95431,-27.20369],[-70.95388,-27.20419],[-70.95355,-27.20466],[-70.95348,-27.20476],[-70.95341,-27.20516],[-70.95339,-27.20574],[-70.95328,-27.20636],[-70.953216,-27.206632],[-70.9532,-27.2067],[-70.95288,-27.20729],[-70.95232,-27.20792],[-70.95207,-27.2084],[-70.95172,-27.20862],[-70.95143,-27.20893],[-70.95132,-27.20935],[-70.95112,-27.20988],[-70.95089,-27.21047],[-70.95088,-27.2109],[-70.951055,-27.21102],[-70.95149,-27.21125],[-70.9516,-27.21148],[-70.95172,-27.21164],[-70.95203,-27.21182],[-70.95227,-27.21224],[-70.952206,-27.212466],[-70.95218,-27.21256],[-70.95197,-27.21262],[-70.95195,-27.21282],[-70.95186,-27.21317],[-70.95153,-27.21329],[-70.95099,-27.21336],[-70.95088,-27.21356],[-70.95095,-27.21373],[-70.95126,-27.21385],[-70.95145,-27.2141],[-70.95139,-27.21437],[-70.95108,-27.21441],[-70.9507,-27.21436],[-70.95035,-27.21435],[-70.95015,-27.21448],[-70.94998,-27.21459],[-70.94978,-27.2151],[-70.94965,-27.21542],[-70.9495,-27.21564],[-70.94944,-27.21572],[-70.94944,-27.21601],[-70.94911,-27.21613],[-70.94864,-27.21617],[-70.948357,-27.216316],[-70.94831,-27.21634],[-70.9481,-27.2167],[-70.94802,-27.21692],[-70.94772,-27.21728],[-70.94741,-27.21802],[-70.947262,-27.218473],[-70.94726,-27.21848],[-70.94713,-27.21901],[-70.94712,-27.21984],[-70.94713,-27.22042],[-70.94715,-27.22117],[-70.94725,-27.22163],[-70.94747,-27.22216],[-70.94779,-27.22256],[-70.94815,-27.22294],[-70.94839,-27.22327],[-70.94844,-27.22371],[-70.94834,-27.22408],[-70.94814,-27.22433],[-70.94778,-27.2245],[-70.94759,-27.22473],[-70.94756,-27.22499],[-70.94781,-27.22543],[-70.94803,-27.22584],[-70.94839,-27.22604],[-70.94873,-27.22633],[-70.94908,-27.22639],[-70.94935,-27.22637],[-70.94967,-27.22631],[-70.95012,-27.22614],[-70.95052,-27.22608],[-70.9508,-27.22606],[-70.95102,-27.22596],[-70.95135,-27.22575],[-70.951832,-27.225769],[-70.951818,-27.225876],[-70.952118,-27.226088],[-70.95216,-27.22625],[-70.95207,-27.22657],[-70.95212,-27.22669],[-70.9523,-27.22676],[-70.95258,-27.22668],[-70.952859,-27.22661],[-70.954119,-27.227498],[-70.95412,-27.22751],[-70.954166,-27.227531],[-70.955329,-27.22835],[-70.95537,-27.2285],[-70.9555,-27.22886],[-70.95564,-27.2291],[-70.95561,-27.22937],[-70.95546,-27.22956],[-70.95548,-27.22978],[-70.95558,-27.22991],[-70.95563,-27.23013],[-70.95563,-27.23031],[-70.95547,-27.23051],[-70.95539,-27.23064],[-70.95549,-27.23075],[-70.95577,-27.23099],[-70.955819,-27.231371],[-70.955788,-27.231599],[-70.95574,-27.23176],[-70.95556,-27.2319],[-70.9551,-27.23196],[-70.95482,-27.23214],[-70.95466,-27.23213],[-70.95425,-27.23216],[-70.95388,-27.23229],[-70.95367,-27.23221],[-70.95327,-27.2319],[-70.95284,-27.23175],[-70.95255,-27.23172],[-70.95184,-27.23187],[-70.95131,-27.23223],[-70.95075,-27.23337],[-70.95057,-27.23367],[-70.950146,-27.234811],[-70.95012,-27.23488],[-70.95007,-27.2353],[-70.94975,-27.23657],[-70.94958,-27.23716],[-70.94953,-27.23817],[-70.94953,-27.23875],[-70.9497,-27.23972],[-70.949712,-27.239833],[-70.94976,-27.24028],[-70.95021,-27.24151],[-70.95038,-27.24213],[-70.95079,-27.24289],[-70.95109,-27.2434],[-70.95139,-27.24404],[-70.95177,-27.24456],[-70.95339,-27.24596],[-70.95383,-27.246354],[-70.95415,-27.24664],[-70.95492,-27.24716],[-70.95564,-27.24751],[-70.95613,-27.24758],[-70.9563,-27.24752],[-70.95643,-27.24748],[-70.95665,-27.24732],[-70.95693,-27.24708],[-70.95719,-27.24676],[-70.95725,-27.24651],[-70.9575,-27.24631],[-70.95786,-27.24607],[-70.95819,-27.24593],[-70.95854,-27.24584],[-70.95886,-27.24562],[-70.9593,-27.24541],[-70.95948,-27.24545],[-70.95955,-27.24559],[-70.95948,-27.24586],[-70.95947,-27.24617],[-70.9596,-27.24631],[-70.95966,-27.24645],[-70.95985,-27.24656],[-70.95996,-27.2468],[-70.95993,-27.24708],[-70.96008,-27.2471],[-70.96027,-27.24698],[-70.96054,-27.2467],[-70.96082,-27.24654],[-70.96096,-27.24687],[-70.96098,-27.24722],[-70.96117,-27.24722],[-70.9614,-27.24707],[-70.96166,-27.24685],[-70.96196,-27.24666],[-70.96222,-27.24669],[-70.96255,-27.2469],[-70.96284,-27.24704],[-70.96317,-27.24709],[-70.963191,-27.247109],[-70.963151,-27.247405],[-70.96281,-27.24748],[-70.96277,-27.24765],[-70.96292,-27.24769],[-70.963117,-27.247666],[-70.963026,-27.24835],[-70.9627,-27.24835],[-70.96235,-27.24827],[-70.96208,-27.2482],[-70.96194,-27.24838],[-70.96185,-27.2485],[-70.96179,-27.24867],[-70.96184,-27.24884],[-70.96219,-27.24892],[-70.96253,-27.24898],[-70.96258,-27.24901],[-70.96288,-27.24919],[-70.96304,-27.24951],[-70.96326,-27.24966],[-70.96328,-27.24992],[-70.963175,-27.25],[-70.96302,-27.25013],[-70.96268,-27.25021],[-70.96226,-27.25046],[-70.962,-27.25066],[-70.96165,-27.2509],[-70.96159,-27.25122],[-70.96147,-27.25145],[-70.96105,-27.25158],[-70.96048,-27.25156],[-70.96029,-27.25145],[-70.96008,-27.25123],[-70.95973,-27.25121],[-70.95931,-27.25129],[-70.95899,-27.25165],[-70.95854,-27.25199],[-70.95779,-27.252158],[-70.95756,-27.25221],[-70.95734,-27.25225],[-70.95718,-27.25228],[-70.95659,-27.25257],[-70.95622,-27.25304],[-70.95601,-27.25348],[-70.95596,-27.25372],[-70.95583,-27.25386],[-70.95565,-27.25414],[-70.95534,-27.25447],[-70.95494,-27.25476],[-70.95453,-27.25499],[-70.95426,-27.25515],[-70.95396,-27.25525],[-70.95353,-27.25532],[-70.95316,-27.25548],[-70.95285,-27.25559],[-70.95242,-27.25571],[-70.95225,-27.25579],[-70.95203,-27.25603],[-70.951852,-27.256236],[-70.95184,-27.25625],[-70.95153,-27.25655],[-70.95145,-27.25671],[-70.95144,-27.25703],[-70.95145,-27.25741],[-70.95152,-27.25797],[-70.95158,-27.25845],[-70.95162,-27.2589],[-70.95173,-27.25909],[-70.95203,-27.25947],[-70.952081,-27.259533],[-70.95278,-27.2604],[-70.95339,-27.26093],[-70.95403,-27.26155],[-70.95419,-27.2618],[-70.95425,-27.26198],[-70.95426,-27.26223],[-70.9542,-27.26248],[-70.95403,-27.26272],[-70.953966,-27.262779],[-70.9535,-27.26321],[-70.95339,-27.26338],[-70.95329,-27.26366],[-70.95318,-27.26403],[-70.95318,-27.26494],[-70.95316,-27.26541],[-70.95305,-27.26572],[-70.95299,-27.26599],[-70.953,-27.26616],[-70.95304,-27.26632],[-70.9531,-27.26644],[-70.9531,-27.26659],[-70.95303,-27.26675],[-70.95292,-27.26692],[-70.95286,-27.26724],[-70.95287,-27.26806],[-70.95291,-27.26868],[-70.95296,-27.26884],[-70.95316,-27.26904],[-70.9534,-27.26931],[-70.953579,-27.269589],[-70.95365,-27.2697],[-70.95377,-27.2699],[-70.95399,-27.27013],[-70.95419,-27.27022],[-70.95435,-27.27034],[-70.95442,-27.27046],[-70.95442,-27.27056],[-70.95431,-27.27065],[-70.95408,-27.27076],[-70.95338,-27.27077],[-70.95269,-27.27086],[-70.95188,-27.271],[-70.95117,-27.27123],[-70.95082,-27.2714],[-70.950471,-27.271654],[-70.95045,-27.27167],[-70.9502,-27.27204],[-70.95005,-27.27218],[-70.94983,-27.27227],[-70.9491,-27.27283],[-70.94849,-27.27333],[-70.94759,-27.27412],[-70.94745,-27.27436],[-70.94729,-27.27457],[-70.94714,-27.27469],[-70.94694,-27.27476],[-70.94682,-27.27483],[-70.94662,-27.27503],[-70.94637,-27.27544],[-70.94581,-27.27627],[-70.945649,-27.276543],[-70.945067,-27.276729],[-70.94498,-27.277387],[-70.94459,-27.27794],[-70.94404,-27.27873],[-70.94355,-27.27937],[-70.94281,-27.28033],[-70.94237,-27.28087],[-70.94159,-27.28187],[-70.94139,-27.28218],[-70.94128,-27.282361],[-70.939514,-27.282924],[-70.939138,-27.285755],[-70.93899,-27.28599],[-70.93871,-27.28652],[-70.93857,-27.28686],[-70.9383,-27.28763],[-70.93826,-27.287749],[-70.9381,-27.28823],[-70.93791,-27.28859],[-70.93772,-27.28887],[-70.93761,-27.28917],[-70.9375,-27.28964],[-70.93749,-27.28979],[-70.93745,-27.29014],[-70.93736,-27.29068],[-70.93725,-27.29093],[-70.93699,-27.29125],[-70.93668,-27.29173],[-70.93645,-27.29218],[-70.93617,-27.29259],[-70.93605,-27.29272],[-70.93593,-27.29303],[-70.93591,-27.29336],[-70.9359,-27.29411],[-70.93583,-27.29446],[-70.93565,-27.29493],[-70.935568,-27.295304],[-70.933346,-27.293739],[-70.928407,-27.295312],[-70.927793,-27.299933],[-70.922853,-27.301505],[-70.922239,-27.306125],[-70.926565,-27.309172],[-70.925951,-27.313791],[-70.921011,-27.315364],[-70.916686,-27.312317],[-70.911746,-27.313889],[-70.911132,-27.318507],[-70.915457,-27.321554],[-70.914843,-27.326173],[-70.919168,-27.32922],[-70.924108,-27.327648],[-70.924722,-27.323029],[-70.929662,-27.321457],[-70.930276,-27.316838],[-70.93217,-27.316235],[-70.93217,-27.31691],[-70.9322,-27.31727],[-70.93227,-27.31782],[-70.9323,-27.31809],[-70.93237,-27.31836],[-70.93242,-27.31861],[-70.93241,-27.31933],[-70.93237,-27.31962],[-70.93239,-27.32003],[-70.93246,-27.32033],[-70.93257,-27.32076],[-70.93264,-27.32111],[-70.93263,-27.32149],[-70.93269,-27.3222],[-70.93278,-27.32251],[-70.93287,-27.32268],[-70.93289,-27.32301],[-70.93284,-27.32352],[-70.932835,-27.323692],[-70.93283,-27.3239],[-70.93289,-27.3243],[-70.93291,-27.32451],[-70.93317,-27.32559],[-70.93321,-27.32585],[-70.93321,-27.3262],[-70.93329,-27.3273],[-70.9333,-27.32761],[-70.93336,-27.32789],[-70.933498,-27.328187],[-70.933374,-27.329122],[-70.933885,-27.329483],[-70.93423,-27.33066],[-70.93447,-27.33117],[-70.93515,-27.33208],[-70.93648,-27.33345],[-70.93696,-27.33371],[-70.937474,-27.333869],[-70.93764,-27.33392],[-70.93838,-27.33421],[-70.93894,-27.33451],[-70.93942,-27.33484],[-70.9396,-27.33488],[-70.94046,-27.33484],[-70.94091,-27.33477],[-70.94116,-27.3347],[-70.94134,-27.33454],[-70.94144,-27.33436],[-70.94143,-27.33416],[-70.94137,-27.33397],[-70.94138,-27.33383],[-70.94143,-27.33367],[-70.94142,-27.33338],[-70.94145,-27.33321],[-70.94159,-27.33312],[-70.94179,-27.33303],[-70.94194,-27.33286],[-70.94206,-27.33261],[-70.94216,-27.3324],[-70.94231,-27.33229],[-70.94246,-27.33229],[-70.94254,-27.33234],[-70.94262,-27.33248],[-70.94269,-27.33259],[-70.9428,-27.33264],[-70.94293,-27.33264],[-70.94315,-27.33256],[-70.94331,-27.33245],[-70.94341,-27.33246],[-70.94346,-27.33253],[-70.94345,-27.33267],[-70.94331,-27.33288],[-70.94316,-27.33309],[-70.94309,-27.33334],[-70.94308,-27.33355],[-70.94308,-27.3337],[-70.9431,-27.33389],[-70.94317,-27.33396],[-70.94326,-27.33397],[-70.94343,-27.33397],[-70.94354,-27.33402],[-70.94357,-27.33408],[-70.94358,-27.33416],[-70.94347,-27.33431],[-70.94333,-27.3344],[-70.9433,-27.3345],[-70.94331,-27.3346],[-70.94342,-27.3347],[-70.94365,-27.33474],[-70.94388,-27.33476],[-70.94398,-27.33479],[-70.94409,-27.33491],[-70.9441,-27.33503],[-70.94411,-27.33509],[-70.94421,-27.33517],[-70.94436,-27.33527],[-70.94442,-27.33539],[-70.94442,-27.33553],[-70.94431,-27.33568],[-70.94409,-27.33586],[-70.94388,-27.33605],[-70.94382,-27.33619],[-70.94379,-27.33637],[-70.94374,-27.33652],[-70.94374,-27.33665],[-70.94377,-27.3368],[-70.94382,-27.33697],[-70.94381,-27.33732],[-70.94374,-27.33747],[-70.94374,-27.33763],[-70.94376,-27.33781],[-70.94383,-27.33798],[-70.94406,-27.33836],[-70.94419,-27.33848],[-70.94425,-27.33865],[-70.94425,-27.33883],[-70.944235,-27.338935],[-70.94419,-27.33924],[-70.94418,-27.33948],[-70.94419,-27.33971],[-70.94424,-27.3399],[-70.94432,-27.33996],[-70.94444,-27.33996],[-70.94466,-27.33983],[-70.94487,-27.33973],[-70.94504,-27.33972],[-70.94521,-27.33979],[-70.94535,-27.33988],[-70.94539,-27.34],[-70.94549,-27.34031],[-70.94553,-27.34037],[-70.94566,-27.3404],[-70.94588,-27.34037],[-70.94611,-27.34022],[-70.94638,-27.33997],[-70.9466,-27.33988],[-70.94695,-27.33979],[-70.94719,-27.33977],[-70.94742,-27.33984],[-70.9476,-27.33997],[-70.94771,-27.3401],[-70.94772,-27.34027],[-70.94767,-27.34041],[-70.94757,-27.34051],[-70.94754,-27.34058],[-70.94756,-27.34066],[-70.94764,-27.34075],[-70.94781,-27.34075],[-70.94792,-27.34069],[-70.94806,-27.34057],[-70.94816,-27.34052],[-70.94826,-27.34053],[-70.94842,-27.34061],[-70.94851,-27.34073],[-70.94851,-27.34091],[-70.94853,-27.34117],[-70.94859,-27.34127],[-70.94873,-27.34135],[-70.94883,-27.34143],[-70.94883,-27.34151],[-70.94882,-27.34163],[-70.94881,-27.34175],[-70.94884,-27.34186],[-70.94897,-27.34195],[-70.94908,-27.34206],[-70.9491,-27.34217],[-70.94924,-27.34228],[-70.94943,-27.34236],[-70.94954,-27.34245],[-70.94957,-27.34256],[-70.94958,-27.34268],[-70.94971,-27.34281],[-70.94992,-27.34291],[-70.95006,-27.34302],[-70.95014,-27.3431],[-70.95037,-27.34334],[-70.950398,-27.343432],[-70.95047,-27.34367],[-70.95048,-27.34414],[-70.95044,-27.34465],[-70.95037,-27.34501],[-70.95034,-27.34541],[-70.95035,-27.34565],[-70.9504,-27.34598],[-70.95052,-27.34617],[-70.95072,-27.34637],[-70.95096,-27.34649],[-70.95121,-27.34652],[-70.95142,-27.34661],[-70.95166,-27.34672],[-70.95186,-27.34689],[-70.95199,-27.34703],[-70.95213,-27.3473],[-70.952149,-27.347391],[-70.95218,-27.34754],[-70.95218,-27.348],[-70.95222,-27.34819],[-70.95231,-27.34842],[-70.95272,-27.34906],[-70.95283,-27.34926],[-70.95291,-27.34953],[-70.95294,-27.34976],[-70.95301,-27.34993],[-70.9531,-27.35014],[-70.95312,-27.35028],[-70.95305,-27.35047],[-70.953,-27.35068],[-70.95301,-27.35088],[-70.95322,-27.35104],[-70.95341,-27.35117],[-70.9535,-27.35126],[-70.95354,-27.35135],[-70.95357,-27.35152],[-70.95371,-27.35161],[-70.954027,-27.351729],[-70.95403,-27.35173],[-70.95423,-27.35194],[-70.95448,-27.35221],[-70.95467,-27.35236],[-70.95476,-27.3524],[-70.95517,-27.35243],[-70.95528,-27.35243],[-70.95542,-27.35243],[-70.95549,-27.35254],[-70.95539,-27.35268],[-70.95515,-27.35285],[-70.95494,-27.35305],[-70.95485,-27.35322],[-70.95488,-27.35361],[-70.95495,-27.3539],[-70.95511,-27.35439],[-70.955121,-27.354533],[-70.95513,-27.35466],[-70.95519,-27.35488],[-70.95536,-27.3553],[-70.95568,-27.35577],[-70.95622,-27.35637],[-70.95667,-27.3566],[-70.95702,-27.35672],[-70.95721,-27.3569],[-70.95723,-27.35703],[-70.95721,-27.35726],[-70.95721,-27.35742],[-70.95713,-27.35763],[-70.95692,-27.35783],[-70.95679,-27.35787],[-70.95671,-27.35799],[-70.95679,-27.35815],[-70.95698,-27.3583],[-70.95705,-27.35838],[-70.95706,-27.35849],[-70.95702,-27.35866],[-70.95686,-27.35876],[-70.95669,-27.35877],[-70.95654,-27.35883],[-70.95642,-27.359],[-70.95645,-27.35927],[-70.95656,-27.35962],[-70.95664,-27.36043],[-70.95667,-27.36088],[-70.95669,-27.36121],[-70.956752,-27.361488],[-70.9568,-27.3617],[-70.95698,-27.36189],[-70.95704,-27.36201],[-70.95705,-27.36217],[-70.95708,-27.36229],[-70.95722,-27.3624],[-70.95747,-27.36255],[-70.95764,-27.36261],[-70.95791,-27.36265],[-70.95808,-27.36264],[-70.95861,-27.36245],[-70.958918,-27.362254],[-70.95894,-27.36224],[-70.95915,-27.36197],[-70.95926,-27.36177],[-70.95928,-27.36146],[-70.95934,-27.36126],[-70.95952,-27.36115],[-70.95964,-27.36091],[-70.95973,-27.36075],[-70.95983,-27.36071],[-70.96,-27.36072],[-70.96015,-27.36079],[-70.96019,-27.3609],[-70.96013,-27.36109],[-70.96002,-27.36126],[-70.95993,-27.36141],[-70.95992,-27.36148],[-70.96007,-27.36153],[-70.96023,-27.36153],[-70.96034,-27.36154],[-70.96048,-27.36158],[-70.9607,-27.36169],[-70.9611,-27.36198],[-70.96134,-27.36214],[-70.96177,-27.36229],[-70.96223,-27.36251],[-70.96239,-27.36262],[-70.96266,-27.36266],[-70.96315,-27.36271],[-70.96366,-27.36273],[-70.96383,-27.36275],[-70.96404,-27.36287],[-70.964439,-27.363464],[-70.96447,-27.36351],[-70.9646,-27.3638],[-70.96463,-27.36398],[-70.96471,-27.36414],[-70.96481,-27.36433],[-70.96482,-27.36443],[-70.96484,-27.36456],[-70.96484,-27.36505],[-70.96469,-27.36535],[-70.96455,-27.3655],[-70.96438,-27.36554],[-70.9642,-27.3656],[-70.96404,-27.36573],[-70.96401,-27.36584],[-70.96401,-27.36611],[-70.96401,-27.36631],[-70.96395,-27.36644],[-70.96375,-27.36655],[-70.96357,-27.36656],[-70.96336,-27.36662],[-70.96318,-27.36673],[-70.9631,-27.36686],[-70.96312,-27.36708],[-70.96318,-27.36748],[-70.9633,-27.36768],[-70.96341,-27.3678],[-70.96347,-27.36784],[-70.96355,-27.36782],[-70.96367,-27.36771],[-70.96377,-27.36765],[-70.96393,-27.36764],[-70.96399,-27.36768],[-70.964,-27.36777],[-70.96399,-27.36789],[-70.964,-27.36797],[-70.96409,-27.36807],[-70.96413,-27.36815],[-70.96413,-27.36825],[-70.9641,-27.36835],[-70.96404,-27.36851],[-70.96376,-27.36883],[-70.96373,-27.36896],[-70.96372,-27.36909],[-70.96377,-27.36923],[-70.96389,-27.36935],[-70.9642,-27.36947],[-70.96477,-27.36965],[-70.96525,-27.3699],[-70.96573,-27.37037],[-70.96595,-27.37059],[-70.96605,-27.37073],[-70.96605,-27.37086],[-70.96594,-27.37102],[-70.9659,-27.37117],[-70.9659,-27.37137],[-70.96592,-27.37163],[-70.96584,-27.37176],[-70.965718,-27.371902],[-70.965535,-27.37196],[-70.965517,-27.372098],[-70.96547,-27.37214],[-70.96529,-27.37216],[-70.96507,-27.37214],[-70.96488,-27.37218],[-70.96466,-27.37228],[-70.96451,-27.37232],[-70.96435,-27.37233],[-70.96416,-27.37227],[-70.96396,-27.37217],[-70.96382,-27.37205],[-70.96372,-27.3719],[-70.96366,-27.37177],[-70.96364,-27.37158],[-70.96363,-27.37138],[-70.96357,-27.37117],[-70.96342,-27.37102],[-70.96326,-27.37097],[-70.96312,-27.37097],[-70.96293,-27.37098],[-70.96252,-27.37102],[-70.9622,-27.37098],[-70.96183,-27.3708],[-70.96166,-27.37068],[-70.96149,-27.37059],[-70.96125,-27.37054],[-70.96087,-27.37052],[-70.96033,-27.37054],[-70.96016,-27.37059],[-70.96002,-27.3707],[-70.95993,-27.37082],[-70.95993,-27.37101],[-70.95993,-27.37116],[-70.95987,-27.37124],[-70.95974,-27.37125],[-70.95944,-27.37119],[-70.95925,-27.3711],[-70.95909,-27.37111],[-70.9589,-27.37124],[-70.95864,-27.37139],[-70.95835,-27.3715],[-70.958,-27.37158],[-70.95777,-27.37166],[-70.9576,-27.37182],[-70.95747,-27.37196],[-70.95741,-27.3721],[-70.95743,-27.37233],[-70.95744,-27.37289],[-70.95738,-27.37304],[-70.957,-27.37333],[-70.95675,-27.37345],[-70.95666,-27.37361],[-70.95669,-27.37376],[-70.9566,-27.37387],[-70.95626,-27.37408],[-70.95603,-27.37431],[-70.95578,-27.3747],[-70.955675,-27.374925],[-70.95565,-27.37498],[-70.955658,-27.375052],[-70.955666,-27.375113],[-70.95567,-27.37515],[-70.95578,-27.37535],[-70.95596,-27.37561],[-70.95607,-27.37575],[-70.95619,-27.37599],[-70.9562,-27.37614],[-70.95618,-27.37629],[-70.95612,-27.37641],[-70.95584,-27.37655],[-70.95554,-27.37667],[-70.95535,-27.37682],[-70.95519,-27.37705],[-70.95494,-27.3774],[-70.95475,-27.37787],[-70.95471,-27.37809],[-70.95457,-27.37824],[-70.95434,-27.37846],[-70.95416,-27.37865],[-70.95412,-27.37879],[-70.9541,-27.37903],[-70.95418,-27.37922],[-70.95423,-27.37933],[-70.95419,-27.37944],[-70.95408,-27.37948],[-70.95374,-27.37944],[-70.95345,-27.37948],[-70.95317,-27.37962],[-70.95309,-27.37983],[-70.95301,-27.38019],[-70.95287,-27.3804],[-70.95257,-27.38065],[-70.9523,-27.38072],[-70.95197,-27.38072],[-70.95174,-27.38062],[-70.95146,-27.38033],[-70.9511,-27.37999],[-70.95087,-27.37985],[-70.95054,-27.37978],[-70.950295,-27.379799],[-70.95015,-27.37981],[-70.94987,-27.37993],[-70.94955,-27.38015],[-70.94941,-27.3802],[-70.94928,-27.38015],[-70.94916,-27.38008],[-70.949,-27.38008],[-70.94881,-27.38007],[-70.94866,-27.37996],[-70.9486,-27.37981],[-70.94858,-27.37958],[-70.94843,-27.3794],[-70.94809,-27.37927],[-70.94756,-27.3792],[-70.9472,-27.37923],[-70.94698,-27.37935],[-70.94675,-27.3795],[-70.94671,-27.37957],[-70.94667,-27.37973],[-70.9466,-27.3799],[-70.94644,-27.3801],[-70.94636,-27.38023],[-70.94634,-27.38053],[-70.94635,-27.38088],[-70.94636,-27.38094],[-70.94638,-27.381],[-70.94648,-27.38108],[-70.94675,-27.38106],[-70.94686,-27.38108],[-70.94695,-27.38114],[-70.94701,-27.38123],[-70.947,-27.38136],[-70.94689,-27.38152],[-70.94655,-27.38186],[-70.9462,-27.38224],[-70.94603,-27.3824],[-70.94556,-27.38268],[-70.945494,-27.382754],[-70.94547,-27.38278],[-70.94545,-27.38295],[-70.9455,-27.38348],[-70.94554,-27.38438],[-70.94551,-27.38452],[-70.94537,-27.38485],[-70.94531,-27.38497],[-70.9453,-27.38515],[-70.94531,-27.38526],[-70.9453,-27.38535],[-70.94523,-27.3854],[-70.94515,-27.38541],[-70.94507,-27.38537],[-70.945,-27.38533],[-70.94493,-27.38531],[-70.944825,-27.38534],[-70.94479,-27.38535],[-70.94473,-27.38542],[-70.94476,-27.38549],[-70.944801,-27.385522],[-70.94491,-27.38561],[-70.94507,-27.38572],[-70.94514,-27.38583],[-70.94513,-27.38606],[-70.9451,-27.38631],[-70.94512,-27.38659],[-70.9452,-27.38693],[-70.94528,-27.38722],[-70.9453,-27.38753],[-70.94525,-27.38767],[-70.9451,-27.3878],[-70.945028,-27.387821],[-70.94461,-27.38794],[-70.94408,-27.38823],[-70.94364,-27.38857],[-70.94348,-27.38873],[-70.94344,-27.38908],[-70.94345,-27.38935],[-70.94341,-27.38965],[-70.9433,-27.38998],[-70.94309,-27.39019],[-70.9428,-27.39033],[-70.94251,-27.39042],[-70.94232,-27.39057],[-70.94227,-27.39071],[-70.94227,-27.39093],[-70.94237,-27.39115],[-70.94263,-27.39148],[-70.94271,-27.39165],[-70.94274,-27.39189],[-70.94275,-27.39209],[-70.94285,-27.39223],[-70.94303,-27.39234],[-70.94318,-27.3924],[-70.94326,-27.39249],[-70.94326,-27.39261],[-70.94326,-27.39269],[-70.94332,-27.39275],[-70.94344,-27.39281],[-70.94355,-27.39287],[-70.94358,-27.39294],[-70.94355,-27.39305],[-70.94347,-27.39312],[-70.94331,-27.39314],[-70.94315,-27.39315],[-70.943,-27.3932],[-70.94283,-27.3933],[-70.94273,-27.39338],[-70.94269,-27.39349],[-70.94269,-27.39365],[-70.94271,-27.39381],[-70.94269,-27.3939],[-70.94261,-27.39396],[-70.94248,-27.39396],[-70.94234,-27.39398],[-70.94219,-27.39405],[-70.942,-27.39417],[-70.94187,-27.39429],[-70.94167,-27.39434],[-70.94147,-27.39445],[-70.94135,-27.39451],[-70.94124,-27.3945],[-70.94114,-27.39443],[-70.94099,-27.39434],[-70.94084,-27.39431],[-70.94066,-27.39435],[-70.94057,-27.39443],[-70.9405,-27.39456],[-70.94044,-27.39466],[-70.94044,-27.394687],[-70.94044,-27.39481],[-70.94048,-27.39501],[-70.94053,-27.39515],[-70.94056,-27.39526],[-70.94053,-27.39537],[-70.94041,-27.39555],[-70.94035,-27.39569],[-70.94034,-27.39578],[-70.94036,-27.39589],[-70.94042,-27.39599],[-70.94042,-27.39613],[-70.94039,-27.39625],[-70.94025,-27.39641],[-70.93996,-27.39663],[-70.93987,-27.39677],[-70.9398,-27.39697],[-70.93968,-27.3971],[-70.93948,-27.39723],[-70.93927,-27.39734],[-70.93894,-27.39739],[-70.93821,-27.39745],[-70.93771,-27.39744],[-70.93746,-27.39736],[-70.9371,-27.39719],[-70.9367,-27.3971],[-70.93621,-27.397],[-70.93605,-27.39697],[-70.93582,-27.39696],[-70.93576,-27.39699],[-70.93556,-27.39718],[-70.93545,-27.39738],[-70.93544,-27.39756],[-70.93536,-27.39775],[-70.93529,-27.39787],[-70.93531,-27.39808],[-70.93548,-27.39834],[-70.93554,-27.39848],[-70.93558,-27.39864],[-70.93578,-27.39889],[-70.93607,-27.39929],[-70.93623,-27.39956],[-70.9364,-27.39979],[-70.9365,-27.39996],[-70.9367,-27.40019],[-70.93674,-27.40028],[-70.93681,-27.40039],[-70.93681,-27.40051],[-70.93679,-27.4006],[-70.93673,-27.40064],[-70.9366,-27.40068],[-70.93644,-27.40075],[-70.93625,-27.40086],[-70.93611,-27.40106],[-70.93605,-27.40114],[-70.93592,-27.40114],[-70.93576,-27.40108],[-70.93562,-27.40102],[-70.93548,-27.40103],[-70.935306,-27.401169],[-70.93528,-27.40119],[-70.93506,-27.40145],[-70.93481,-27.40166],[-70.93471,-27.40183],[-70.93463,-27.40211],[-70.93453,-27.40241],[-70.93446,-27.40271],[-70.93437,-27.40292],[-70.93426,-27.403],[-70.93405,-27.40301],[-70.93391,-27.40293],[-70.93378,-27.40291],[-70.93365,-27.40292],[-70.93345,-27.40303],[-70.93342,-27.40326],[-70.93348,-27.40356],[-70.93353,-27.40389],[-70.9336,-27.40415],[-70.93374,-27.40438],[-70.93378,-27.40465],[-70.93378,-27.40492],[-70.93388,-27.40503],[-70.93402,-27.40513],[-70.93407,-27.40525],[-70.93402,-27.40543],[-70.93399,-27.40557],[-70.934,-27.40571],[-70.93413,-27.40581],[-70.93438,-27.40594],[-70.93454,-27.40602],[-70.93464,-27.40615],[-70.93468,-27.40629],[-70.93458,-27.40647],[-70.93438,-27.40656],[-70.93421,-27.40668],[-70.93406,-27.40684],[-70.934,-27.40702],[-70.93406,-27.40714],[-70.93417,-27.40741],[-70.93419,-27.40755],[-70.93412,-27.40771],[-70.93395,-27.4078],[-70.93351,-27.40781],[-70.93319,-27.40772],[-70.93301,-27.40764],[-70.93285,-27.40762],[-70.93276,-27.40751],[-70.93273,-27.40736],[-70.93264,-27.40717],[-70.93251,-27.40706],[-70.93238,-27.40705],[-70.9322,-27.40709],[-70.93209,-27.40716],[-70.93196,-27.40717],[-70.93183,-27.40721],[-70.93175,-27.40734],[-70.93175,-27.40754],[-70.93183,-27.40786],[-70.93202,-27.40823],[-70.93234,-27.40864],[-70.9325,-27.40897],[-70.932504,-27.408981],[-70.932201,-27.409077],[-70.932014,-27.410482],[-70.93187,-27.41052],[-70.93169,-27.41053],[-70.93159,-27.41061],[-70.93154,-27.41078],[-70.93157,-27.41098],[-70.93165,-27.4112],[-70.93171,-27.41136],[-70.93172,-27.41147],[-70.93163,-27.41158],[-70.93147,-27.41159],[-70.93113,-27.41148],[-70.93078,-27.41134],[-70.93062,-27.41131],[-70.9305,-27.41133],[-70.93039,-27.41141],[-70.93034,-27.41151],[-70.93037,-27.41165],[-70.93046,-27.41179],[-70.93057,-27.41188],[-70.93062,-27.41197],[-70.93063,-27.41215],[-70.93064,-27.41231],[-70.93068,-27.41241],[-70.9308,-27.41243],[-70.93091,-27.41249],[-70.93099,-27.41259],[-70.93109,-27.41264],[-70.93124,-27.41262],[-70.93138,-27.41263],[-70.93147,-27.4127],[-70.93148,-27.41285],[-70.93148,-27.41301],[-70.93155,-27.4131],[-70.931654,-27.413188],[-70.931587,-27.413692],[-70.931698,-27.41377],[-70.93169,-27.4138],[-70.93167,-27.41397],[-70.9316,-27.41422],[-70.93154,-27.41439],[-70.93147,-27.41451],[-70.93143,-27.41464],[-70.93144,-27.41481],[-70.93149,-27.41497],[-70.9316,-27.41514],[-70.93163,-27.41526],[-70.93164,-27.41548],[-70.93164,-27.41581],[-70.93153,-27.41621],[-70.9314,-27.41646],[-70.93138,-27.41667],[-70.93121,-27.41687],[-70.93103,-27.41706],[-70.93084,-27.41712],[-70.93069,-27.41729],[-70.93043,-27.41768],[-70.93031,-27.41786],[-70.93006,-27.41803],[-70.92969,-27.41822],[-70.92934,-27.41833],[-70.92893,-27.41843],[-70.92849,-27.41862],[-70.9281,-27.41881],[-70.92784,-27.419],[-70.9277,-27.41915],[-70.92762,-27.41935],[-70.92765,-27.41951],[-70.92768,-27.41964],[-70.92798,-27.41996],[-70.92825,-27.42032],[-70.92836,-27.42051],[-70.92843,-27.42088],[-70.92846,-27.4211],[-70.92852,-27.42135],[-70.928494,-27.421608],[-70.92847,-27.42185],[-70.92848,-27.42203],[-70.92855,-27.42211],[-70.92873,-27.42211],[-70.92885,-27.42218],[-70.92889,-27.42234],[-70.92889,-27.42254],[-70.92894,-27.42268],[-70.92914,-27.42285],[-70.92924,-27.42299],[-70.92922,-27.42314],[-70.92911,-27.4233],[-70.92911,-27.42342],[-70.92917,-27.42353],[-70.92938,-27.4236],[-70.92945,-27.42371],[-70.92945,-27.42388],[-70.92942,-27.42402],[-70.92935,-27.42417],[-70.92932,-27.42434],[-70.92925,-27.42444],[-70.92913,-27.42449],[-70.92895,-27.4245],[-70.92865,-27.42465],[-70.92837,-27.42507],[-70.92799,-27.42572],[-70.92776,-27.4261],[-70.92767,-27.42635],[-70.9277,-27.42663],[-70.92783,-27.42682],[-70.92812,-27.42702],[-70.92821,-27.42711],[-70.92823,-27.42726],[-70.92815,-27.42746],[-70.9278,-27.42771],[-70.92719,-27.42791],[-70.92682,-27.428],[-70.92657,-27.4282],[-70.92638,-27.42838],[-70.9262,-27.42844],[-70.92596,-27.4285],[-70.92589,-27.42859],[-70.9259,-27.42871],[-70.925916,-27.428748],[-70.92605,-27.42906],[-70.92616,-27.42927],[-70.92619,-27.4295],[-70.92612,-27.42974],[-70.92605,-27.43016],[-70.92601,-27.43035],[-70.92607,-27.43051],[-70.926,-27.43066],[-70.9258,-27.43082],[-70.92568,-27.43092],[-70.92569,-27.43107],[-70.92571,-27.43133],[-70.92574,-27.43147],[-70.92587,-27.43162],[-70.92604,-27.43178],[-70.92613,-27.43191],[-70.9262,-27.43209],[-70.92626,-27.43231],[-70.92629,-27.43255],[-70.92641,-27.43287],[-70.92662,-27.43302],[-70.92677,-27.43307],[-70.92694,-27.43307],[-70.92728,-27.43298],[-70.92752,-27.43298],[-70.92767,-27.43301],[-70.92778,-27.43309],[-70.92784,-27.43318],[-70.92782,-27.43333],[-70.92768,-27.43349],[-70.92755,-27.43366],[-70.92751,-27.43383],[-70.92752,-27.43405],[-70.92755,-27.43427],[-70.92764,-27.43452],[-70.92769,-27.43474],[-70.92771,-27.43495],[-70.92767,-27.4351],[-70.92745,-27.43525],[-70.92727,-27.43525],[-70.92702,-27.43528],[-70.92679,-27.43533],[-70.926648,-27.435445],[-70.92663,-27.43546],[-70.92652,-27.4357],[-70.92644,-27.43601],[-70.92638,-27.43619],[-70.92618,-27.43635],[-70.92582,-27.43653],[-70.9254,-27.43675],[-70.92527,-27.43694],[-70.92521,-27.43711],[-70.92522,-27.43729],[-70.92532,-27.43751],[-70.92553,-27.43765],[-70.92585,-27.43773],[-70.92608,-27.43781],[-70.92625,-27.4379],[-70.92641,-27.43801],[-70.92654,-27.43819],[-70.92667,-27.43852],[-70.92678,-27.43896],[-70.92693,-27.43907],[-70.92722,-27.43909],[-70.92741,-27.43915],[-70.92748,-27.43929],[-70.92743,-27.43947],[-70.92733,-27.43963],[-70.92727,-27.43978],[-70.92726,-27.44],[-70.92719,-27.44021],[-70.92705,-27.4404],[-70.92692,-27.44044],[-70.92676,-27.44044],[-70.92667,-27.44036],[-70.92649,-27.44019],[-70.92643,-27.44012],[-70.9263,-27.44008],[-70.92619,-27.44014],[-70.92608,-27.44027],[-70.92607,-27.44039],[-70.92612,-27.44051],[-70.92639,-27.4407],[-70.92653,-27.44082],[-70.92655,-27.44095],[-70.92652,-27.44115],[-70.92654,-27.44131],[-70.92667,-27.44144],[-70.92675,-27.4416],[-70.926743,-27.441739],[-70.925952,-27.44199],[-70.92591,-27.44196],[-70.92582,-27.44194],[-70.92569,-27.44195],[-70.92551,-27.44206],[-70.925449,-27.44215],[-70.925054,-27.442275],[-70.925,-27.44218],[-70.92497,-27.44201],[-70.92488,-27.44186],[-70.92473,-27.44177],[-70.92446,-27.44165],[-70.92424,-27.44157],[-70.92403,-27.44155],[-70.92385,-27.44157],[-70.92375,-27.44163],[-70.92362,-27.44171],[-70.92349,-27.44178],[-70.92324,-27.44206],[-70.92318,-27.44235],[-70.92311,-27.44266],[-70.92312,-27.44286],[-70.92313,-27.442885],[-70.922959,-27.44294],[-70.922686,-27.444986],[-70.92235,-27.44517],[-70.92187,-27.44537],[-70.92172,-27.4454],[-70.92138,-27.4454],[-70.92116,-27.44531],[-70.92082,-27.44514],[-70.92055,-27.44506],[-70.92006,-27.44502],[-70.91971,-27.44498],[-70.91952,-27.44502],[-70.9194,-27.44515],[-70.91931,-27.44538],[-70.91924,-27.44552],[-70.91912,-27.44556],[-70.919,-27.44555],[-70.91884,-27.44546],[-70.91858,-27.44538],[-70.91813,-27.44539],[-70.91764,-27.4454],[-70.91751,-27.4454],[-70.91725,-27.44564],[-70.91704,-27.44591],[-70.91684,-27.44599],[-70.91664,-27.44608],[-70.9165,-27.4463],[-70.91627,-27.44662],[-70.91608,-27.44684],[-70.91565,-27.44708],[-70.91527,-27.44726],[-70.915024,-27.447446],[-70.91494,-27.44751],[-70.91472,-27.44786],[-70.91444,-27.44826],[-70.914,-27.4487],[-70.91367,-27.44913],[-70.91354,-27.44946],[-70.91342,-27.44976],[-70.91318,-27.44998],[-70.91283,-27.45017],[-70.91239,-27.4503],[-70.91212,-27.45041],[-70.91204,-27.45052],[-70.91201,-27.4507],[-70.91208,-27.45087],[-70.91221,-27.45103],[-70.91234,-27.45128],[-70.91234,-27.4515],[-70.91231,-27.45178],[-70.9122,-27.45211],[-70.91205,-27.45225],[-70.91195,-27.45233],[-70.91194,-27.45245],[-70.91202,-27.45258],[-70.91211,-27.45268],[-70.9121,-27.45277],[-70.91199,-27.45287],[-70.91182,-27.45294],[-70.91167,-27.45308],[-70.91162,-27.45324],[-70.91162,-27.45338],[-70.91162,-27.45354],[-70.91164,-27.4536],[-70.91165,-27.4537],[-70.91159,-27.45381],[-70.91141,-27.45393],[-70.91126,-27.45415],[-70.91116,-27.45435],[-70.911,-27.45446],[-70.91076,-27.4545],[-70.910705,-27.454495],[-70.91041,-27.45447],[-70.91019,-27.45446],[-70.91001,-27.45452],[-70.90973,-27.45465],[-70.90956,-27.45467],[-70.90931,-27.45459],[-70.9089,-27.45447],[-70.90835,-27.45436],[-70.90787,-27.4543],[-70.90759,-27.45431],[-70.90733,-27.45438],[-70.90698,-27.45475],[-70.90677,-27.45502],[-70.90637,-27.45542],[-70.90604,-27.45578],[-70.90572,-27.4563],[-70.90565,-27.45636],[-70.90565,-27.45659],[-70.90558,-27.45685],[-70.9055,-27.457],[-70.90539,-27.4571],[-70.90521,-27.45719],[-70.90509,-27.45731],[-70.90502,-27.45739],[-70.90498,-27.4575],[-70.90495,-27.45762],[-70.90491,-27.45771],[-70.90484,-27.45778],[-70.90478,-27.45783],[-70.90467,-27.4579],[-70.90456,-27.45798],[-70.90442,-27.45818],[-70.90436,-27.45842],[-70.90432,-27.45867],[-70.9043,-27.45885],[-70.90421,-27.459],[-70.90407,-27.45918],[-70.90384,-27.45939],[-70.903637,-27.45961],[-70.90349,-27.45977],[-70.90324,-27.46004],[-70.90301,-27.46025],[-70.90229,-27.46092],[-70.90183,-27.46123],[-70.90167,-27.46135],[-70.90152,-27.46156],[-70.90137,-27.46184],[-70.90124,-27.46209],[-70.90121,-27.46222],[-70.90113,-27.46253],[-70.90101,-27.46282],[-70.90083,-27.46312],[-70.90055,-27.46341],[-70.90019,-27.46394],[-70.89985,-27.46442],[-70.8996,-27.46476],[-70.89943,-27.46498],[-70.89926,-27.46537],[-70.89908,-27.46583],[-70.89891,-27.46626],[-70.898874,-27.466345],[-70.89872,-27.46671],[-70.89854,-27.46705],[-70.8983,-27.46741],[-70.89781,-27.46805],[-70.89732,-27.46858],[-70.89712,-27.4688],[-70.89692,-27.46913],[-70.8968,-27.46947],[-70.89665,-27.46976],[-70.89643,-27.47012],[-70.89631,-27.47044],[-70.89626,-27.4708],[-70.89632,-27.47097],[-70.89654,-27.47114],[-70.89667,-27.47129],[-70.89671,-27.47141],[-70.8967,-27.47158],[-70.89662,-27.47172],[-70.89646,-27.47182],[-70.89633,-27.47186],[-70.89623,-27.47196],[-70.89613,-27.4721],[-70.89601,-27.47221],[-70.89581,-27.4723],[-70.89561,-27.47234],[-70.89542,-27.47244],[-70.89527,-27.4726],[-70.8952,-27.47279],[-70.89514,-27.47319],[-70.89517,-27.47364],[-70.8952,-27.473822],[-70.89523,-27.474],[-70.89534,-27.4742],[-70.89542,-27.47436],[-70.89546,-27.47456],[-70.89551,-27.47475],[-70.89559,-27.47485],[-70.89569,-27.47492],[-70.89582,-27.47494],[-70.89596,-27.47489],[-70.8961,-27.4748],[-70.89618,-27.47476],[-70.89631,-27.47472],[-70.89642,-27.47472],[-70.8965,-27.47477],[-70.89657,-27.47487],[-70.89656,-27.47497],[-70.89645,-27.47507],[-70.89635,-27.47512],[-70.89626,-27.47521],[-70.89624,-27.47529],[-70.89626,-27.47543],[-70.89632,-27.47558],[-70.89644,-27.47566],[-70.89659,-27.47568],[-70.89673,-27.47569],[-70.89684,-27.47574],[-70.89688,-27.47582],[-70.89689,-27.47592],[-70.89684,-27.47599],[-70.89675,-27.47608],[-70.89672,-27.47615],[-70.89673,-27.47623],[-70.89688,-27.4763],[-70.89698,-27.47639],[-70.89711,-27.4765],[-70.89716,-27.47658],[-70.89719,-27.47666],[-70.89718,-27.47677],[-70.89711,-27.47688],[-70.89697,-27.47694],[-70.89677,-27.47693],[-70.89665,-27.47686],[-70.89653,-27.47678],[-70.89637,-27.47674],[-70.8963,-27.47674],[-70.89621,-27.47677],[-70.89615,-27.47686],[-70.89613,-27.47701],[-70.89606,-27.47727],[-70.89598,-27.47748],[-70.89594,-27.47761],[-70.89595,-27.47777],[-70.89596,-27.47791],[-70.89603,-27.47814],[-70.89623,-27.47843],[-70.89632,-27.47856],[-70.89637,-27.47876],[-70.89636,-27.47899],[-70.89634,-27.47914],[-70.89628,-27.47921],[-70.89622,-27.47922],[-70.8961,-27.47917],[-70.89598,-27.47916],[-70.89589,-27.47919],[-70.895766,-27.479286],[-70.89571,-27.47933],[-70.89544,-27.47969],[-70.89527,-27.4799],[-70.89511,-27.47999],[-70.89497,-27.48002],[-70.89482,-27.48002],[-70.89464,-27.47994],[-70.89441,-27.47986],[-70.89426,-27.47986],[-70.89403,-27.47987],[-70.89372,-27.48001],[-70.89339,-27.48017],[-70.89307,-27.48028],[-70.89284,-27.48034],[-70.89253,-27.48039],[-70.89236,-27.48038],[-70.89227,-27.48036],[-70.89216,-27.48039],[-70.89201,-27.48053],[-70.89183,-27.4808],[-70.89161,-27.48113],[-70.89137,-27.48138],[-70.8912,-27.4815],[-70.89106,-27.48155],[-70.89087,-27.48156],[-70.8907,-27.48156],[-70.89059,-27.48151],[-70.89048,-27.48139],[-70.89027,-27.48118],[-70.89013,-27.48111],[-70.88996,-27.48108],[-70.88981,-27.48109],[-70.88968,-27.48116],[-70.88949,-27.48128],[-70.889442,-27.48134],[-70.88941,-27.48138],[-70.88932,-27.4816],[-70.88926,-27.48171],[-70.88909,-27.48187],[-70.88888,-27.48204],[-70.8887,-27.48222],[-70.88853,-27.48247],[-70.88831,-27.48285],[-70.88794,-27.48361],[-70.88768,-27.48419],[-70.88741,-27.48485],[-70.887259,-27.485167],[-70.88721,-27.48527],[-70.88709,-27.48561],[-70.88693,-27.48619],[-70.8869,-27.48651],[-70.88694,-27.48694],[-70.88706,-27.48734],[-70.88722,-27.48755],[-70.88746,-27.48781],[-70.88771,-27.488],[-70.88775,-27.48811],[-70.88774,-27.48827],[-70.88769,-27.48844],[-70.88756,-27.48854],[-70.88741,-27.48857],[-70.88725,-27.48855],[-70.88711,-27.48851],[-70.88694,-27.48851],[-70.88679,-27.48856],[-70.8867,-27.48866],[-70.8867,-27.48882],[-70.88676,-27.48904],[-70.88685,-27.48927],[-70.88687,-27.48952],[-70.88693,-27.48966],[-70.88707,-27.48983],[-70.88725,-27.48992],[-70.88747,-27.49002],[-70.88776,-27.49008],[-70.8879,-27.49014],[-70.8882,-27.49035],[-70.88838,-27.49037],[-70.88873,-27.49033],[-70.88888,-27.49034],[-70.88906,-27.49042],[-70.88919,-27.49047],[-70.88928,-27.4905],[-70.88939,-27.49058],[-70.88949,-27.49066],[-70.88975,-27.49065],[-70.88993,-27.49061],[-70.89013,-27.49063],[-70.89023,-27.49068],[-70.8903,-27.49078],[-70.89031,-27.49097],[-70.89029,-27.49119],[-70.89014,-27.49133],[-70.89001,-27.49141],[-70.88996,-27.49151],[-70.88997,-27.49172],[-70.88998,-27.49219],[-70.88996,-27.4925],[-70.88986,-27.4926],[-70.88974,-27.49263],[-70.88962,-27.49261],[-70.88952,-27.4925],[-70.88948,-27.49228],[-70.88945,-27.49209],[-70.88942,-27.49197],[-70.88931,-27.49185],[-70.88924,-27.49182],[-70.88902,-27.49181],[-70.88882,-27.49188],[-70.88867,-27.49188],[-70.88855,-27.49181],[-70.88831,-27.4916],[-70.88809,-27.49145],[-70.88796,-27.49138],[-70.88777,-27.49135],[-70.88747,-27.49135],[-70.8871,-27.4914],[-70.88681,-27.49148],[-70.88655,-27.49163],[-70.88625,-27.49192],[-70.88615,-27.49232],[-70.8862,-27.49257],[-70.886228,-27.492744],[-70.88627,-27.493],[-70.88646,-27.49352],[-70.8866,-27.49378],[-70.88677,-27.49393],[-70.88699,-27.49402],[-70.88735,-27.49402],[-70.88772,-27.49402],[-70.887749,-27.494028],[-70.88794,-27.49408],[-70.88808,-27.49408],[-70.88827,-27.49408],[-70.8884,-27.49414],[-70.88846,-27.49424],[-70.88847,-27.49435],[-70.88841,-27.49446],[-70.88819,-27.49467],[-70.88802,-27.49493],[-70.88798,-27.49524],[-70.88802,-27.49588],[-70.88804,-27.49614],[-70.8881,-27.49635],[-70.88818,-27.49647],[-70.88827,-27.49654],[-70.88833,-27.4966],[-70.88834,-27.49667],[-70.88832,-27.4968],[-70.8883,-27.49691],[-70.88832,-27.49701],[-70.88839,-27.49712],[-70.88848,-27.49723],[-70.88857,-27.49736],[-70.8886,-27.49748],[-70.8886,-27.49772],[-70.88857,-27.4979],[-70.88848,-27.49813],[-70.88832,-27.49845],[-70.88828,-27.4986],[-70.8883,-27.49884],[-70.88838,-27.49893],[-70.88854,-27.499],[-70.88877,-27.49902],[-70.88909,-27.499],[-70.88926,-27.499],[-70.88942,-27.49908],[-70.88949,-27.49917],[-70.88952,-27.49929],[-70.8895,-27.49939],[-70.88945,-27.49946],[-70.88934,-27.49949],[-70.88924,-27.4995],[-70.88912,-27.49954],[-70.88905,-27.49961],[-70.88903,-27.49974],[-70.889031,-27.499758],[-70.88904,-27.4999],[-70.88903,-27.5],[-70.88892,-27.50013],[-70.88872,-27.50025],[-70.88847,-27.50033],[-70.88837,-27.50042],[-70.8883,-27.50056],[-70.88828,-27.50074],[-70.88828,-27.50091],[-70.88829,-27.50109],[-70.88836,-27.50131],[-70.88845,-27.50151],[-70.88851,-27.5017],[-70.88858,-27.50186],[-70.88858,-27.50194],[-70.88848,-27.50204],[-70.88843,-27.50215],[-70.88845,-27.50228],[-70.88855,-27.50243],[-70.88861,-27.50258],[-70.88862,-27.50275],[-70.88867,-27.50293],[-70.88869,-27.5031],[-70.88872,-27.50335],[-70.8887,-27.50353],[-70.88864,-27.50365],[-70.88854,-27.50368],[-70.88845,-27.50372],[-70.88811,-27.50382],[-70.88791,-27.50401],[-70.88753,-27.50406],[-70.88635,-27.50404],[-70.8857,-27.50414],[-70.88525,-27.50428],[-70.88491,-27.50461],[-70.88466,-27.5051],[-70.88456,-27.50566],[-70.8846,-27.50657],[-70.884679,-27.506778],[-70.88471,-27.50686],[-70.88512,-27.5073],[-70.8853,-27.50775],[-70.88572,-27.50809],[-70.885864,-27.508153],[-70.88618,-27.50829],[-70.8866,-27.50835],[-70.88684,-27.50845],[-70.8871,-27.50867],[-70.88737,-27.50888],[-70.88761,-27.50889],[-70.8877,-27.50889],[-70.88795,-27.5088],[-70.88811,-27.50862],[-70.88838,-27.50806],[-70.88859,-27.50768],[-70.88881,-27.50753],[-70.88924,-27.5075],[-70.88945,-27.50758],[-70.88996,-27.50795],[-70.89023,-27.50802],[-70.89036,-27.50812],[-70.89043,-27.5083],[-70.89043,-27.50909],[-70.890275,-27.509365],[-70.89027,-27.50957],[-70.89034,-27.50963],[-70.89044,-27.50971],[-70.89116,-27.50971],[-70.8913,-27.50978],[-70.89146,-27.50999],[-70.89181,-27.51024],[-70.89184,-27.5104],[-70.89177,-27.51048],[-70.89151,-27.5105],[-70.89137,-27.51054],[-70.89132,-27.51091],[-70.89112,-27.51113],[-70.89111,-27.51133],[-70.89122,-27.51153],[-70.89125,-27.51173],[-70.89122,-27.51189],[-70.89095,-27.51195],[-70.89064,-27.512],[-70.89056,-27.51232],[-70.8906,-27.51256],[-70.89084,-27.51288],[-70.89089,-27.51292],[-70.89115,-27.5131],[-70.89167,-27.5131],[-70.892,-27.51313],[-70.89272,-27.51347],[-70.89335,-27.51346],[-70.89381,-27.51333],[-70.89428,-27.51302],[-70.89431,-27.51296],[-70.89439,-27.51283],[-70.89442,-27.51244],[-70.89429,-27.51174],[-70.89423,-27.51138],[-70.89425,-27.51124],[-70.89439,-27.51116],[-70.89467,-27.51103],[-70.89489,-27.51084],[-70.894977,-27.510804],[-70.89511,-27.51075],[-70.89543,-27.5108],[-70.89559,-27.51074],[-70.89578,-27.51051],[-70.8961,-27.51001],[-70.8965,-27.50968],[-70.89696,-27.50958],[-70.89718,-27.50962],[-70.89739,-27.50975],[-70.89761,-27.51011],[-70.8977,-27.51042],[-70.89795,-27.51068],[-70.89825,-27.51087],[-70.89847,-27.51134],[-70.89884,-27.51167],[-70.89914,-27.5121],[-70.89931,-27.5122],[-70.89956,-27.51217],[-70.89971,-27.51206],[-70.89984,-27.51177],[-70.89997,-27.51164],[-70.9002,-27.51159],[-70.90057,-27.5117],[-70.90083,-27.51177],[-70.90089,-27.51189],[-70.90086,-27.51207],[-70.9006,-27.51236],[-70.9005,-27.51254],[-70.90063,-27.51268],[-70.90096,-27.51275],[-70.90103,-27.51285],[-70.90102,-27.51297],[-70.90084,-27.51301],[-70.90059,-27.51303],[-70.90052,-27.51318],[-70.90052,-27.51342],[-70.90078,-27.51372],[-70.90097,-27.51394],[-70.90097,-27.51406],[-70.90068,-27.51414],[-70.90042,-27.51435],[-70.90023,-27.5144],[-70.90005,-27.51436],[-70.89984,-27.51433],[-70.89947,-27.51444],[-70.89901,-27.51449],[-70.89886,-27.5146],[-70.89885,-27.51495],[-70.89892,-27.51527],[-70.89882,-27.51543],[-70.89862,-27.51553],[-70.89825,-27.51579],[-70.89815,-27.51607],[-70.898198,-27.516288],[-70.89824,-27.51648],[-70.89821,-27.51712],[-70.89834,-27.51754],[-70.898743,-27.518053],[-70.89882,-27.51815],[-70.89896,-27.51848],[-70.89902,-27.51889],[-70.89889,-27.51912],[-70.898587,-27.519227],[-70.89855,-27.51924],[-70.89835,-27.51927],[-70.89819,-27.5192],[-70.8979,-27.51884],[-70.8976,-27.51864],[-70.89734,-27.51851],[-70.89662,-27.51848],[-70.89645,-27.51845],[-70.89601,-27.51806],[-70.89559,-27.51793],[-70.8954,-27.51784],[-70.89529,-27.51779],[-70.89501,-27.51777],[-70.89458,-27.51791],[-70.89433,-27.51791],[-70.89379,-27.51758],[-70.89337,-27.51756],[-70.89251,-27.51789],[-70.89214,-27.51791],[-70.89175,-27.5177],[-70.8915,-27.51765],[-70.89111,-27.51773],[-70.89073,-27.51804],[-70.89048,-27.51858],[-70.89052,-27.51953],[-70.89071,-27.5197],[-70.89102,-27.51979],[-70.89123,-27.51991],[-70.8913,-27.5201],[-70.89132,-27.52093],[-70.89144,-27.52149],[-70.89168,-27.52178],[-70.891898,-27.521938],[-70.89215,-27.52212],[-70.892172,-27.522131],[-70.89265,-27.52236],[-70.89273,-27.52251],[-70.892732,-27.522524],[-70.89279,-27.52295],[-70.89271,-27.52367],[-70.89285,-27.52421],[-70.893151,-27.524484],[-70.89318,-27.52451],[-70.89352,-27.52458],[-70.89391,-27.52456],[-70.89421,-27.52445],[-70.89438,-27.52426],[-70.89475,-27.52385],[-70.89499,-27.52368],[-70.89522,-27.52367],[-70.8955,-27.52388],[-70.89573,-27.52408],[-70.89595,-27.52407],[-70.89618,-27.52413],[-70.89638,-27.52438],[-70.89656,-27.52446],[-70.89674,-27.52442],[-70.89692,-27.5243],[-70.89707,-27.52431],[-70.89715,-27.52443],[-70.89711,-27.52468],[-70.89688,-27.52509],[-70.89681,-27.52549],[-70.89713,-27.52591],[-70.89722,-27.52608],[-70.89713,-27.52619],[-70.89686,-27.52622],[-70.89658,-27.52626],[-70.8965,-27.52649],[-70.89664,-27.52683],[-70.89684,-27.52707],[-70.89703,-27.52717],[-70.89744,-27.5272],[-70.89757,-27.52728],[-70.89785,-27.52773],[-70.89811,-27.52848],[-70.89836,-27.52882],[-70.89862,-27.52919],[-70.8986,-27.52948],[-70.89842,-27.52972],[-70.8984,-27.53012],[-70.898412,-27.530188],[-70.89844,-27.53035],[-70.8983,-27.53064],[-70.89832,-27.53098],[-70.89849,-27.53109],[-70.89896,-27.53112],[-70.89953,-27.53107],[-70.89975,-27.53133],[-70.89995,-27.53139],[-70.90037,-27.53138],[-70.90051,-27.53142],[-70.90058,-27.53167],[-70.90057,-27.53216],[-70.90062,-27.53232],[-70.90094,-27.53245],[-70.90109,-27.53257],[-70.90108,-27.53269],[-70.90045,-27.53313],[-70.90041,-27.53331],[-70.90048,-27.53378],[-70.90041,-27.53394],[-70.89997,-27.53423],[-70.89991,-27.53437],[-70.89986,-27.53448],[-70.89964,-27.53449],[-70.89939,-27.5344],[-70.89904,-27.53431],[-70.89871,-27.53411],[-70.89835,-27.53413],[-70.89774,-27.53443],[-70.89735,-27.53453],[-70.89676,-27.53454],[-70.89651,-27.5348],[-70.89647,-27.53513],[-70.896489,-27.535246],[-70.89654,-27.53556],[-70.89666,-27.53595],[-70.89657,-27.53636],[-70.89654,-27.53647],[-70.89657,-27.53674],[-70.89674,-27.53696],[-70.89691,-27.53728],[-70.8969,-27.53756],[-70.89659,-27.53803],[-70.89658,-27.53827],[-70.89669,-27.5384],[-70.89677,-27.53849],[-70.89682,-27.53866],[-70.89678,-27.53874],[-70.89643,-27.53884],[-70.89586,-27.53896],[-70.89563,-27.53894],[-70.89481,-27.53854],[-70.89448,-27.53852],[-70.89429,-27.53863],[-70.8941,-27.539],[-70.89406,-27.53938],[-70.89454,-27.54032],[-70.89502,-27.54133],[-70.89543,-27.54192],[-70.89581,-27.54218],[-70.89611,-27.54232],[-70.89633,-27.54232],[-70.89648,-27.54228],[-70.89669,-27.54214],[-70.89692,-27.54208],[-70.89712,-27.54206],[-70.89745,-27.54183],[-70.89763,-27.54182],[-70.89774,-27.54186],[-70.89787,-27.54199],[-70.89806,-27.54228],[-70.89824,-27.54248],[-70.89846,-27.54256],[-70.89895,-27.54257],[-70.89933,-27.54254],[-70.8996,-27.54254],[-70.90005,-27.5428],[-70.900174,-27.542804],[-70.900165,-27.542871],[-70.904047,-27.545601],[-70.90415,-27.546],[-70.90421,-27.54615],[-70.90436,-27.54623],[-70.90445,-27.546238],[-70.90471,-27.54626],[-70.90484,-27.54643],[-70.90478,-27.54666],[-70.90444,-27.54708],[-70.90439,-27.54713],[-70.90438,-27.5477],[-70.90462,-27.5486],[-70.90485,-27.54951],[-70.90508,-27.54974],[-70.90523,-27.5498],[-70.9056,-27.54997],[-70.90576,-27.55014],[-70.90581,-27.55049],[-70.9059,-27.55062],[-70.90616,-27.55073],[-70.90639,-27.55085],[-70.90651,-27.55099],[-70.9065,-27.55154],[-70.90661,-27.55165],[-70.90694,-27.55167],[-70.90726,-27.5517],[-70.90735,-27.55182],[-70.90743,-27.55221],[-70.90761,-27.55249],[-70.90769,-27.55267],[-70.90769,-27.553201],[-70.90769,-27.55322],[-70.90781,-27.55349],[-70.90786,-27.55374],[-70.90783,-27.55407],[-70.90784,-27.5546],[-70.90777,-27.55481],[-70.90766,-27.55482],[-70.90754,-27.55473],[-70.90745,-27.55471],[-70.90728,-27.55477],[-70.90715,-27.55476],[-70.90698,-27.55472],[-70.90685,-27.55482],[-70.90676,-27.55512],[-70.90683,-27.55548],[-70.9068,-27.5558],[-70.90682,-27.55589],[-70.90702,-27.55613],[-70.90703,-27.55634],[-70.90696,-27.5565],[-70.90681,-27.55656],[-70.90671,-27.55664],[-70.90669,-27.55678],[-70.90671,-27.55702],[-70.90657,-27.55714],[-70.90652,-27.55735],[-70.90634,-27.55744],[-70.90627,-27.55754],[-70.90623,-27.55789],[-70.90615,-27.55817],[-70.90594,-27.55836],[-70.90577,-27.55849],[-70.905742,-27.558755],[-70.90572,-27.55897],[-70.90563,-27.55908],[-70.9055,-27.55909],[-70.90512,-27.5591],[-70.90481,-27.55928],[-70.90445,-27.55943],[-70.90389,-27.5596],[-70.90355,-27.55985],[-70.90335,-27.56028],[-70.9033,-27.5611],[-70.90319,-27.5614],[-70.90317,-27.56177],[-70.90328,-27.56188],[-70.90353,-27.56212],[-70.90353,-27.56232],[-70.90339,-27.5626],[-70.90337,-27.56273],[-70.90347,-27.56298],[-70.9034,-27.56312],[-70.90299,-27.56324],[-70.90294,-27.56337],[-70.903,-27.56347],[-70.90308,-27.56356],[-70.9031,-27.56368],[-70.90304,-27.56376],[-70.90279,-27.56387],[-70.90272,-27.56401],[-70.90261,-27.56422],[-70.90247,-27.56428],[-70.90217,-27.56432],[-70.902118,-27.564398],[-70.90199,-27.56459],[-70.90198,-27.56494],[-70.90204,-27.56557],[-70.9021,-27.56564],[-70.90216,-27.56571],[-70.90251,-27.56594],[-70.90255,-27.56613],[-70.90261,-27.56667],[-70.90272,-27.56686],[-70.90265,-27.56714],[-70.90266,-27.56731],[-70.90278,-27.56743],[-70.90347,-27.56747],[-70.90364,-27.56761],[-70.90363,-27.56771],[-70.90353,-27.5678],[-70.90322,-27.56801],[-70.90319,-27.56836],[-70.90326,-27.56845],[-70.90345,-27.56847],[-70.90373,-27.56847],[-70.90388,-27.56858],[-70.9042,-27.56871],[-70.90424,-27.56884],[-70.9042,-27.56909],[-70.90417,-27.56935],[-70.90427,-27.56951],[-70.90428,-27.56967],[-70.90429,-27.56986],[-70.90434,-27.56995],[-70.90483,-27.57002],[-70.90496,-27.57011],[-70.90507,-27.57036],[-70.90541,-27.57056],[-70.90551,-27.57066],[-70.90553,-27.57079],[-70.90542,-27.57095],[-70.90538,-27.57113],[-70.90539,-27.57126],[-70.90573,-27.5715],[-70.905795,-27.571627],[-70.90594,-27.57191],[-70.90604,-27.57199],[-70.90637,-27.57206],[-70.9065,-27.57213],[-70.90667,-27.57238],[-70.90689,-27.57248],[-70.9069,-27.57264],[-70.906845,-27.572759],[-70.90684,-27.57277],[-70.90664,-27.57298],[-70.90669,-27.57305],[-70.90682,-27.57308],[-70.90697,-27.57313],[-70.90702,-27.57325],[-70.9071,-27.57362],[-70.90721,-27.57367],[-70.90753,-27.57368],[-70.9077,-27.5738],[-70.90783,-27.57402],[-70.90792,-27.57402],[-70.90803,-27.57392],[-70.90816,-27.57374],[-70.908215,-27.573722],[-70.90831,-27.57369],[-70.9085,-27.57377],[-70.90867,-27.57399],[-70.908675,-27.574045],[-70.90871,-27.57443],[-70.90883,-27.57452],[-70.90878,-27.57463],[-70.90836,-27.57485],[-70.90819,-27.57507],[-70.90819,-27.57546],[-70.90821,-27.57586],[-70.90805,-27.57611],[-70.90806,-27.5762],[-70.90821,-27.57625],[-70.90846,-27.57626],[-70.90857,-27.57634],[-70.90857,-27.57654],[-70.90836,-27.57675],[-70.90799,-27.57709],[-70.90793,-27.57731],[-70.90795,-27.57741],[-70.90804,-27.57746],[-70.90826,-27.57744],[-70.90837,-27.57749],[-70.90837,-27.57759],[-70.90836,-27.57778],[-70.90844,-27.57785],[-70.90857,-27.57784],[-70.90872,-27.57775],[-70.90887,-27.57773],[-70.90899,-27.57787],[-70.90898,-27.57805],[-70.9088,-27.57819],[-70.90846,-27.57828],[-70.90835,-27.57838],[-70.90835,-27.5787],[-70.90833,-27.57885],[-70.90805,-27.57899],[-70.908,-27.57913],[-70.90804,-27.5794],[-70.90801,-27.57972],[-70.90812,-27.57996],[-70.90812,-27.580058],[-70.90812,-27.58011],[-70.90803,-27.58025],[-70.90798,-27.5805],[-70.9083,-27.5808],[-70.90843,-27.58105],[-70.90863,-27.58134],[-70.90876,-27.58152],[-70.90877,-27.5817],[-70.90861,-27.58198],[-70.90858,-27.5823],[-70.90833,-27.58246],[-70.90829,-27.58261],[-70.90836,-27.58272],[-70.90856,-27.5829],[-70.90868,-27.58312],[-70.90882,-27.58331],[-70.90913,-27.58348],[-70.90928,-27.58362],[-70.90928,-27.58372],[-70.90907,-27.58395],[-70.90898,-27.58426],[-70.90872,-27.58459],[-70.90872,-27.58522],[-70.90853,-27.58557],[-70.90843,-27.58579],[-70.90845,-27.58598],[-70.9087,-27.58622],[-70.90891,-27.5866],[-70.90918,-27.58682],[-70.90967,-27.58695],[-70.90983,-27.58706],[-70.9099,-27.5872],[-70.90986,-27.58735],[-70.90937,-27.58782],[-70.90925,-27.58813],[-70.909174,-27.588546],[-70.908231,-27.588844],[-70.907616,-27.593448],[-70.907868,-27.593625],[-70.90782,-27.59362],[-70.90744,-27.59388],[-70.90734,-27.59406],[-70.90715,-27.59422],[-70.90675,-27.59429],[-70.90636,-27.59447],[-70.90614,-27.59475],[-70.90607,-27.59528],[-70.90588,-27.59559],[-70.90551,-27.59584],[-70.90518,-27.59595],[-70.90495,-27.59611],[-70.90442,-27.59683],[-70.90382,-27.59721],[-70.90359,-27.59746],[-70.90348,-27.59836],[-70.9036,-27.59877],[-70.90366,-27.59937],[-70.90354,-27.59973],[-70.903101,-27.600348],[-70.90295,-27.60056],[-70.90268,-27.60111],[-70.9027,-27.60155],[-70.90292,-27.6019],[-70.9034,-27.60224],[-70.90363,-27.60244],[-70.90364,-27.60258],[-70.90353,-27.60285],[-70.90353,-27.60305],[-70.90365,-27.6034],[-70.90386,-27.60367],[-70.90387,-27.60382],[-70.90363,-27.60412],[-70.90331,-27.60445],[-70.90324,-27.60475],[-70.9032,-27.60493],[-70.90277,-27.60523],[-70.9025,-27.60587],[-70.9023,-27.60622],[-70.90178,-27.60654],[-70.90153,-27.6069],[-70.90153,-27.60759],[-70.9017,-27.60785],[-70.90195,-27.60798],[-70.90243,-27.60822],[-70.902471,-27.608302],[-70.90252,-27.6084],[-70.90252,-27.6086],[-70.90237,-27.60871],[-70.90214,-27.60874],[-70.90159,-27.60873],[-70.9012,-27.60894],[-70.90105,-27.60922],[-70.90107,-27.60951],[-70.9015,-27.60994],[-70.90157,-27.61013],[-70.90155,-27.61034],[-70.90134,-27.61059],[-70.90131,-27.61096],[-70.90129,-27.61109],[-70.90122,-27.61136],[-70.90105,-27.6117],[-70.90103,-27.61191],[-70.90106,-27.61233],[-70.90101,-27.61242],[-70.9009,-27.61246],[-70.90066,-27.61235],[-70.90048,-27.61238],[-70.900328,-27.612557],[-70.89999,-27.61295],[-70.8996,-27.61313],[-70.89905,-27.61316],[-70.89884,-27.61311],[-70.89841,-27.61284],[-70.89803,-27.61286],[-70.89782,-27.61298],[-70.89776,-27.61302],[-70.8976,-27.61329],[-70.89759,-27.61387],[-70.897625,-27.61424],[-70.89765,-27.61451],[-70.89775,-27.61476],[-70.89776,-27.61488],[-70.89752,-27.6151],[-70.89746,-27.61522],[-70.89743,-27.61528],[-70.89748,-27.61535],[-70.89752,-27.61541],[-70.89773,-27.61549],[-70.89814,-27.61551],[-70.89832,-27.6156],[-70.89852,-27.61557],[-70.8987,-27.61544],[-70.8988,-27.61542],[-70.8989,-27.61547],[-70.89901,-27.61579],[-70.89911,-27.61616],[-70.89929,-27.61642],[-70.89979,-27.61688],[-70.89986,-27.617],[-70.89989,-27.61731],[-70.89989,-27.61792],[-70.89989,-27.61817],[-70.89968,-27.61833],[-70.8991,-27.61843],[-70.89887,-27.61869],[-70.89881,-27.61895],[-70.89878,-27.61908],[-70.89873,-27.61916],[-70.89868,-27.61922],[-70.89832,-27.61943],[-70.89806,-27.6199],[-70.89802,-27.62072],[-70.89814,-27.62108],[-70.89843,-27.62158],[-70.89868,-27.62185],[-70.89882,-27.62231],[-70.89909,-27.622595],[-70.89919,-27.6227],[-70.89975,-27.62308],[-70.90004,-27.62306],[-70.90058,-27.62284],[-70.90085,-27.62284],[-70.90101,-27.62291],[-70.90109,-27.62308],[-70.90109,-27.62348],[-70.90123,-27.62384],[-70.90156,-27.62407],[-70.90184,-27.62409],[-70.902,-27.62404],[-70.90247,-27.62376],[-70.90274,-27.62367],[-70.90291,-27.62368],[-70.90296,-27.62381],[-70.9029,-27.62395],[-70.90231,-27.62437],[-70.90223,-27.62447],[-70.9021,-27.62463],[-70.90206,-27.62489],[-70.90228,-27.62539],[-70.90276,-27.62594],[-70.90322,-27.62653],[-70.90355,-27.62675],[-70.90361,-27.62679],[-70.903875,-27.626845],[-70.90461,-27.62691],[-70.90488,-27.62685],[-70.9052,-27.62664],[-70.90544,-27.62662],[-70.90585,-27.62678],[-70.90635,-27.62678],[-70.90647,-27.62669],[-70.90672,-27.62629],[-70.90685,-27.62613],[-70.90713,-27.62604],[-70.90751,-27.62595],[-70.90766,-27.62581],[-70.90781,-27.62553],[-70.90803,-27.6253],[-70.908103,-27.62525],[-70.907995,-27.626059],[-70.90754,-27.62635],[-70.90749,-27.62642],[-70.9075,-27.62653],[-70.90758,-27.62664],[-70.90757,-27.62673],[-70.90749,-27.62678],[-70.90731,-27.6268],[-70.90676,-27.62683],[-70.90668,-27.62708],[-70.90674,-27.62731],[-70.90676,-27.62739],[-70.90678,-27.62757],[-70.90638,-27.62787],[-70.90627,-27.62808],[-70.90612,-27.62839],[-70.90613,-27.62883],[-70.906207,-27.629165],[-70.90625,-27.62935],[-70.90687,-27.63013],[-70.90731,-27.6307],[-70.90757,-27.63123],[-70.90766,-27.63132],[-70.90772,-27.63138],[-70.90827,-27.6316],[-70.90841,-27.63169],[-70.90842,-27.63178],[-70.90828,-27.63196],[-70.90811,-27.63218],[-70.90767,-27.63278],[-70.90748,-27.63317],[-70.90728,-27.63408],[-70.90726,-27.63492],[-70.90732,-27.63533],[-70.90761,-27.63593],[-70.90794,-27.63651],[-70.90824,-27.63697],[-70.908395,-27.637291],[-70.9085,-27.63751],[-70.9088,-27.63826],[-70.90916,-27.63886],[-70.90976,-27.63959],[-70.91037,-27.64014],[-70.9107,-27.64054],[-70.91074,-27.64059],[-70.91098,-27.64091],[-70.91143,-27.64124],[-70.9123,-27.64174],[-70.91289,-27.64214],[-70.91348,-27.6425],[-70.91377,-27.64282],[-70.91398,-27.642935],[-70.91408,-27.64294],[-70.91417,-27.64291],[-70.91431,-27.64285],[-70.91464,-27.64264],[-70.91495,-27.64257],[-70.91518,-27.64259],[-70.915252,-27.642645],[-70.91577,-27.64304],[-70.91596,-27.64305],[-70.91613,-27.64301],[-70.91654,-27.64269],[-70.91685,-27.64256],[-70.91701,-27.64254],[-70.91728,-27.64259],[-70.91791,-27.64282],[-70.91829,-27.64283],[-70.91853,-27.64264],[-70.91903,-27.6419],[-70.91921,-27.6418],[-70.91936,-27.64178],[-70.91976,-27.64177],[-70.92003,-27.64162],[-70.9203,-27.64153],[-70.92051,-27.64151],[-70.92078,-27.64155],[-70.92097,-27.64152],[-70.92126,-27.64138],[-70.92149,-27.64137],[-70.92181,-27.64142],[-70.92213,-27.64156],[-70.92269,-27.64197],[-70.92289,-27.64198],[-70.92316,-27.64194],[-70.9233,-27.64184],[-70.92338,-27.6416],[-70.92357,-27.64123],[-70.92381,-27.64105],[-70.92448,-27.64078],[-70.924638,-27.640652],[-70.92469,-27.64061],[-70.92499,-27.63995],[-70.92525,-27.63953],[-70.92573,-27.63922],[-70.92644,-27.63907],[-70.92697,-27.63904],[-70.92728,-27.63908],[-70.92759,-27.63922],[-70.9279,-27.63921],[-70.92808,-27.63907],[-70.92819,-27.63882],[-70.92825,-27.63825],[-70.92838,-27.6381],[-70.92854,-27.63808],[-70.92866,-27.63812],[-70.92879,-27.63833],[-70.92893,-27.63853],[-70.92904,-27.63862],[-70.92936,-27.63868],[-70.92986,-27.63903],[-70.929939,-27.639077],[-70.93008,-27.63916],[-70.93033,-27.63917],[-70.93046,-27.63915],[-70.93088,-27.63892],[-70.93109,-27.63884],[-70.93188,-27.63887],[-70.93198,-27.63892],[-70.93224,-27.63921],[-70.93236,-27.63932],[-70.93268,-27.6394],[-70.93298,-27.63974],[-70.93332,-27.63999],[-70.93344,-27.64],[-70.93385,-27.63991],[-70.93405,-27.63987],[-70.93417,-27.63995],[-70.93421,-27.64013],[-70.93385,-27.64063],[-70.93389,-27.64079],[-70.93412,-27.641],[-70.9344,-27.64151],[-70.93468,-27.64169],[-70.935,-27.64184],[-70.9351,-27.64204],[-70.9351,-27.642087],[-70.9351,-27.64236],[-70.93527,-27.64264],[-70.93534,-27.64285],[-70.93534,-27.64332],[-70.93548,-27.64351],[-70.93573,-27.64386],[-70.93575,-27.64411],[-70.93563,-27.64433],[-70.93539,-27.64444],[-70.93478,-27.64443],[-70.93415,-27.64471],[-70.933917,-27.644764],[-70.93337,-27.64489],[-70.93299,-27.64512],[-70.93293,-27.64546],[-70.93281,-27.64568],[-70.93262,-27.64594],[-70.93265,-27.64625],[-70.9328,-27.64643],[-70.93327,-27.6468],[-70.93362,-27.64688],[-70.933634,-27.64688],[-70.93474,-27.64684],[-70.93524,-27.64696],[-70.93594,-27.64703],[-70.93622,-27.6471],[-70.93637,-27.64726],[-70.9366,-27.64742],[-70.93672,-27.6475],[-70.93675,-27.64777],[-70.93678,-27.64796],[-70.9371,-27.64809],[-70.93719,-27.64817],[-70.93718,-27.64828],[-70.93693,-27.64847],[-70.93698,-27.6488],[-70.93713,-27.64903],[-70.93714,-27.64919],[-70.937031,-27.649354],[-70.93692,-27.64952],[-70.93695,-27.65009],[-70.937,-27.651],[-70.93693,-27.65127],[-70.93636,-27.65192],[-70.93587,-27.6521],[-70.93528,-27.65225],[-70.9347,-27.65235],[-70.9342,-27.65276],[-70.93385,-27.65297],[-70.93353,-27.6532],[-70.93315,-27.65366],[-70.93305,-27.65393],[-70.93304,-27.65435],[-70.93303,-27.65505],[-70.93306,-27.65539],[-70.93308,-27.65572],[-70.933134,-27.655931],[-70.93342,-27.65704],[-70.93364,-27.65771],[-70.93394,-27.65826],[-70.93438,-27.65883],[-70.93481,-27.65946],[-70.93597,-27.66075],[-70.93613,-27.6609],[-70.93689,-27.66163],[-70.93739,-27.66211],[-70.9379,-27.66257],[-70.93801,-27.66267],[-70.938516,-27.663047],[-70.93852,-27.66305],[-70.93859,-27.66307],[-70.93899,-27.66318],[-70.94008,-27.66316],[-70.94029,-27.66321],[-70.9404,-27.66338],[-70.94041,-27.66362],[-70.94058,-27.66383],[-70.94081,-27.6643],[-70.94106,-27.66457],[-70.94119,-27.66471],[-70.94132,-27.66484],[-70.94209,-27.66527],[-70.94244,-27.66534],[-70.94263,-27.66541],[-70.94364,-27.66646],[-70.945149,-27.667078],[-70.94525,-27.66712],[-70.94602,-27.66746],[-70.94716,-27.66788],[-70.94766,-27.66801],[-70.94899,-27.6682],[-70.94964,-27.66823],[-70.95045,-27.66822],[-70.95094,-27.66831],[-70.95149,-27.6684],[-70.9519,-27.66834],[-70.95234,-27.66814],[-70.9526,-27.66804],[-70.95333,-27.66801],[-70.95379,-27.66799],[-70.954509,-27.667945],[-70.95459,-27.66794],[-70.9553,-27.66777],[-70.95607,-27.66777],[-70.95642,-27.66773],[-70.95688,-27.66743],[-70.95717,-27.66719],[-70.95737,-27.66691],[-70.95774,-27.66631],[-70.9579,-27.66588],[-70.957877,-27.665752],[-70.95785,-27.6656],[-70.95725,-27.66492],[-70.95693,-27.66448],[-70.95691,-27.66416],[-70.9569,-27.66406],[-70.95715,-27.66327],[-70.95751,-27.66263],[-70.95754,-27.66217],[-70.95745,-27.66189],[-70.95749,-27.66173],[-70.95785,-27.66147],[-70.95804,-27.66123],[-70.95829,-27.66101],[-70.95854,-27.66099],[-70.95898,-27.6611],[-70.95925,-27.66109],[-70.95965,-27.66091],[-70.96022,-27.66064],[-70.960224,-27.660638],[-70.960437,-27.660537],[-70.96064,-27.66044],[-70.960714,-27.660449],[-70.96103,-27.66049],[-70.96138,-27.66046],[-70.96159,-27.66028],[-70.961664,-27.660149],[-70.9618,-27.65991],[-70.96194,-27.65968],[-70.9622,-27.65956],[-70.96243,-27.65958],[-70.96273,-27.65979],[-70.962741,-27.659809],[-70.96307,-27.66039],[-70.96308,-27.66093],[-70.96318,-27.66142],[-70.96363,-27.66167],[-70.96384,-27.66201],[-70.96423,-27.66248],[-70.96485,-27.66266],[-70.96501,-27.66271],[-70.96522,-27.66277],[-70.96534,-27.6628],[-70.96611,-27.66303],[-70.96668,-27.66302],[-70.96709,-27.66297],[-70.9673,-27.66285],[-70.96744,-27.66277],[-70.96769,-27.66273],[-70.96789,-27.6627],[-70.968,-27.66253],[-70.96809,-27.66239],[-70.96861,-27.6623],[-70.96912,-27.66223],[-70.9693,-27.66207],[-70.969376,-27.661988],[-70.96953,-27.66182],[-70.96982,-27.6617],[-70.97033,-27.66166],[-70.97091,-27.66123],[-70.97128,-27.66102],[-70.97192,-27.66085],[-70.972075,-27.660902],[-70.97213,-27.66092],[-70.971979,-27.661301],[-70.969632,-27.667201],[-70.966503,-27.67507],[-70.963962,-27.681461],[-70.961961,-27.686492],[-70.962159,-27.687118],[-70.962464,-27.688086],[-70.963051,-27.690266],[-70.963387,-27.692446],[-70.963387,-27.694291],[-70.963297,-27.69489],[-70.963135,-27.695968],[-70.962632,-27.697561],[-70.962364,-27.698488],[-70.961734,-27.700179],[-70.961194,-27.701534],[-70.961039,-27.701922],[-70.959532,-27.703837],[-70.958312,-27.704899],[-70.9567,-27.706354],[-70.955504,-27.707037],[-70.955003,-27.707252],[-70.953743,-27.707792],[-70.95198,-27.708124],[-70.950389,-27.708127],[-70.949383,-27.708714],[-70.949029,-27.708959],[-70.948293,-27.709469],[-70.94737,-27.71014],[-70.946112,-27.710559],[-70.944016,-27.711314],[-70.942423,-27.712488],[-70.941604,-27.712943],[-70.940913,-27.713327],[-70.939655,-27.713914],[-70.93823,-27.715004],[-70.937307,-27.715591],[-70.936509,-27.716052],[-70.935608,-27.716254],[-70.935167,-27.71642],[-70.934799,-27.716824],[-70.93454,-27.717268],[-70.934252,-27.717844],[-70.934037,-27.718274],[-70.933869,-27.719532],[-70.933534,-27.72079],[-70.932947,-27.722551],[-70.932695,-27.723809],[-70.932444,-27.724815],[-70.932057,-27.726363],[-70.931941,-27.726828],[-70.930934,-27.729175],[-70.930347,-27.730098],[-70.928922,-27.731859],[-70.928724,-27.732214],[-70.928083,-27.733368],[-70.92651,-27.735603],[-70.92649,-27.735632],[-70.9254,-27.737226],[-70.924897,-27.737823],[-70.924058,-27.738819],[-70.922968,-27.740832],[-70.922129,-27.742257],[-70.921375,-27.743683],[-70.921215,-27.7439],[-70.920452,-27.744941],[-70.919781,-27.745695],[-70.91953,-27.746282],[-70.918775,-27.747624],[-70.918691,-27.748882],[-70.918231,-27.75],[-70.918066,-27.750401],[-70.917772,-27.750842],[-70.917478,-27.751333],[-70.917404,-27.751455],[-70.917306,-27.751945],[-70.917331,-27.75246],[-70.917601,-27.753159],[-70.918066,-27.753539],[-70.918973,-27.753931],[-70.919294,-27.754118],[-70.919949,-27.7545],[-70.920469,-27.75474],[-70.920788,-27.755255],[-70.920871,-27.756932],[-70.920626,-27.758569],[-70.92062,-27.758609],[-70.920955,-27.759867],[-70.92171,-27.761628],[-70.922465,-27.762047],[-70.922946,-27.76224],[-70.922581,-27.764967],[-70.926913,-27.768006],[-70.927333,-27.767874],[-70.927328,-27.767917],[-70.927496,-27.768924],[-70.92758,-27.770181],[-70.92758,-27.771859],[-70.92758,-27.7732],[-70.92758,-27.773501],[-70.92758,-27.774877],[-70.92758,-27.776806],[-70.927832,-27.778651],[-70.927909,-27.780898],[-70.927915,-27.781083],[-70.927664,-27.783934],[-70.927328,-27.786953],[-70.926901,-27.788102],[-70.926523,-27.789116],[-70.925584,-27.791464],[-70.925048,-27.794014],[-70.924816,-27.795072],[-70.924471,-27.796657],[-70.92388,-27.797891],[-70.922792,-27.798781],[-70.9227,-27.798857],[-70.922217,-27.799286],[-70.92125,-27.799877],[-70.920767,-27.800736],[-70.920765,-27.800746],[-70.920499,-27.801755],[-70.919694,-27.803258],[-70.918513,-27.804707],[-70.917087,-27.805985],[-70.916957,-27.806102],[-70.916344,-27.806535],[-70.915132,-27.80739],[-70.913469,-27.808786],[-70.912503,-27.809644],[-70.911774,-27.810262],[-70.910731,-27.811147],[-70.909873,-27.811899],[-70.909175,-27.812865],[-70.908847,-27.81329],[-70.908263,-27.814045],[-70.906921,-27.81587],[-70.906163,-27.816763],[-70.905418,-27.817641],[-70.903916,-27.819036],[-70.903508,-27.819365],[-70.902252,-27.820378],[-70.900749,-27.821827],[-70.900744,-27.821831],[-70.899382,-27.822793],[-70.898508,-27.823445],[-70.897207,-27.824028],[-70.895758,-27.824779],[-70.894846,-27.825584],[-70.894658,-27.825784],[-70.893987,-27.826496],[-70.893504,-27.827516],[-70.892753,-27.828911],[-70.892055,-27.829877],[-70.890874,-27.830897],[-70.88964,-27.83138],[-70.888835,-27.831541],[-70.888607,-27.831587],[-70.888298,-27.831649],[-70.887493,-27.831649],[-70.886366,-27.831595],[-70.885489,-27.831499],[-70.884891,-27.831681],[-70.884488,-27.832024],[-70.883575,-27.832668],[-70.882663,-27.833151],[-70.881775,-27.833528],[-70.881304,-27.833383],[-70.880634,-27.832894],[-70.880316,-27.832792],[-70.879765,-27.832615],[-70.878208,-27.8324],[-70.877081,-27.832132],[-70.875686,-27.831971],[-70.874559,-27.831863],[-70.873593,-27.831863],[-70.872573,-27.831863],[-70.871715,-27.831863],[-70.871033,-27.831605],[-70.870997,-27.831601],[-70.870213,-27.83152],[-70.869137,-27.83152],[-70.868231,-27.831746],[-70.867689,-27.832239],[-70.867206,-27.833098],[-70.866731,-27.833473],[-70.866193,-27.833445],[-70.865401,-27.833388],[-70.864899,-27.833044],[-70.864469,-27.832346],[-70.863503,-27.831649],[-70.862698,-27.831219],[-70.861947,-27.830736],[-70.861667,-27.8305],[-70.861467,-27.830331],[-70.861155,-27.829878],[-70.860929,-27.829142],[-70.860702,-27.828774],[-70.860193,-27.828633],[-70.859425,-27.828482],[-70.858405,-27.828053],[-70.856956,-27.827784],[-70.855775,-27.827677],[-70.854594,-27.827677],[-70.853575,-27.827677],[-70.852823,-27.827623],[-70.852581,-27.827587],[-70.85175,-27.827462],[-70.851052,-27.827623],[-70.850247,-27.827999],[-70.84955,-27.82816],[-70.848691,-27.827999],[-70.847779,-27.827301],[-70.847081,-27.826067],[-70.846866,-27.825369],[-70.846168,-27.82494],[-70.845632,-27.824886],[-70.844505,-27.825369],[-70.843342,-27.825816],[-70.843109,-27.825906],[-70.841446,-27.826443],[-70.840641,-27.826443],[-70.839621,-27.826121],[-70.839192,-27.825799],[-70.838548,-27.825155],[-70.83785,-27.824135],[-70.837206,-27.823437],[-70.836508,-27.822954],[-70.836353,-27.822843],[-70.835757,-27.822418],[-70.835172,-27.821868],[-70.834581,-27.821466],[-70.834068,-27.821302],[-70.833127,-27.82113],[-70.831571,-27.820861],[-70.830712,-27.820593],[-70.829869,-27.820302],[-70.829156,-27.820056],[-70.827707,-27.819788],[-70.827063,-27.819197],[-70.82658,-27.818339],[-70.826096,-27.817641],[-70.825506,-27.816836],[-70.824916,-27.815924],[-70.824594,-27.815172],[-70.82395,-27.813938],[-70.823833,-27.813577],[-70.823306,-27.811952],[-70.822823,-27.810825],[-70.821696,-27.809054],[-70.820998,-27.807981],[-70.820354,-27.807122],[-70.819916,-27.80681],[-70.819281,-27.806693],[-70.818207,-27.806907],[-70.817435,-27.807062],[-70.816866,-27.807176],[-70.815739,-27.80739],[-70.814021,-27.807337],[-70.813463,-27.807291],[-70.81284,-27.807207],[-70.812076,-27.806669],[-70.811338,-27.805941],[-70.810479,-27.805297],[-70.809677,-27.804822],[-70.80903,-27.804439],[-70.808064,-27.803634],[-70.807474,-27.803312],[-70.806561,-27.802721],[-70.805971,-27.802346],[-70.805594,-27.801914],[-70.805283,-27.801517],[-70.804886,-27.801404],[-70.804434,-27.801659],[-70.803896,-27.802063],[-70.803878,-27.802077],[-70.803681,-27.802305],[-70.80318,-27.802882],[-70.802594,-27.804065],[-70.802214,-27.80519],[-70.801838,-27.806156],[-70.801033,-27.807122],[-70.800497,-27.807712],[-70.799799,-27.808088],[-70.799101,-27.808464],[-70.798422,-27.808464],[-70.79806,-27.808464],[-70.798028,-27.808464],[-70.79674,-27.808678],[-70.796257,-27.809],[-70.796184,-27.809052],[-70.79572,-27.809376],[-70.794701,-27.809913],[-70.794046,-27.810065],[-70.793559,-27.809874],[-70.79352,-27.809859],[-70.792929,-27.809537],[-70.792319,-27.808905],[-70.791782,-27.808792],[-70.79175,-27.808799],[-70.791105,-27.808947],[-70.790197,-27.809358],[-70.78928,-27.809644],[-70.788582,-27.809913],[-70.787762,-27.81015],[-70.786913,-27.810348],[-70.786436,-27.81045],[-70.785792,-27.811147],[-70.78547,-27.811899],[-70.78504,-27.813133],[-70.784529,-27.813772],[-70.784396,-27.813938],[-70.783859,-27.81426],[-70.783262,-27.814537],[-70.782639,-27.815019],[-70.781927,-27.815602],[-70.781176,-27.816031],[-70.78021,-27.816192],[-70.778815,-27.816031],[-70.778356,-27.815901],[-70.778337,-27.815896],[-70.777741,-27.815977],[-70.777097,-27.816782],[-70.775917,-27.817641],[-70.775219,-27.818178],[-70.774897,-27.818661],[-70.774663,-27.818953],[-70.769979,-27.818616],[-70.766459,-27.818363],[-70.762018,-27.818044],[-70.75738,-27.81771],[-70.757124,-27.81689],[-70.754629,-27.808879],[-70.752205,-27.801097],[-70.752016,-27.80049],[-70.750201,-27.794664],[-70.75,-27.794019],[-70.748709,-27.789874],[-70.748197,-27.78823],[-70.745894,-27.780838],[-70.74344,-27.77296],[-70.743294,-27.772857],[-70.737358,-27.768671],[-70.730341,-27.763722],[-70.7297,-27.76327],[-70.733786,-27.760029],[-70.737505,-27.757079],[-70.739085,-27.755826],[-70.745223,-27.750958],[-70.74643,-27.75],[-70.75,-27.747169],[-70.75194,-27.74563],[-70.75726,-27.74141],[-70.757226,-27.739295],[-70.757129,-27.733329],[-70.756988,-27.724573],[-70.756897,-27.718951],[-70.75688,-27.71791],[-70.756991,-27.71137],[-70.757115,-27.704018],[-70.757215,-27.698095],[-70.757365,-27.689245],[-70.757451,-27.684135],[-70.75759,-27.675967],[-70.757704,-27.66922],[-70.757814,-27.662687],[-70.75788,-27.6588],[-70.757683,-27.654111],[-70.757635,-27.652955],[-70.757466,-27.648925],[-70.757129,-27.640883],[-70.756814,-27.633368],[-70.756583,-27.627841],[-70.75629,-27.62086],[-70.756069,-27.619192],[-70.755123,-27.612041],[-70.754397,-27.606548],[-70.754389,-27.606489],[-70.753272,-27.598043],[-70.75309,-27.59667],[-70.753297,-27.590615],[-70.753498,-27.584752],[-70.753802,-27.575863],[-70.75381,-27.575636],[-70.753971,-27.570945],[-70.754261,-27.562474],[-70.754476,-27.556189],[-70.754718,-27.549104],[-70.754981,-27.541432],[-70.755176,-27.535732],[-70.755363,-27.530283],[-70.755504,-27.52681],[-70.755709,-27.521789],[-70.756051,-27.513407],[-70.756308,-27.507092],[-70.756597,-27.500001],[-70.756597,-27.5],[-70.756907,-27.492393],[-70.757144,-27.486594],[-70.757334,-27.481919],[-70.755916,-27.478158],[-70.752943,-27.470273],[-70.75,-27.462468],[-70.749969,-27.462387],[-70.748266,-27.457869],[-70.748186,-27.455989],[-70.747921,-27.449795],[-70.747549,-27.441085],[-70.747297,-27.435187],[-70.74699,-27.428019],[-70.746952,-27.427116],[-70.741068,-27.423593],[-70.733478,-27.419049],[-70.727939,-27.415731],[-70.725004,-27.413974],[-70.72616,-27.410178],[-70.72834,-27.403014],[-70.729952,-27.397718],[-70.730524,-27.395838],[-70.734023,-27.390501],[-70.738547,-27.383601],[-70.743071,-27.376701],[-70.747081,-27.370585],[-70.74843,-27.368528],[-70.75,-27.366133],[-70.750737,-27.36501],[-70.754366,-27.359474],[-70.754392,-27.359434],[-70.758908,-27.352547],[-70.759922,-27.353263],[-70.764857,-27.351699],[-70.765473,-27.347085],[-70.770409,-27.34552],[-70.774728,-27.34857],[-70.779664,-27.347005],[-70.783984,-27.350054],[-70.78892,-27.348488],[-70.789536,-27.343874],[-70.794472,-27.342308],[-70.798792,-27.345357],[-70.803729,-27.34379],[-70.804344,-27.339175],[-70.809281,-27.337609],[-70.809896,-27.332993],[-70.805576,-27.329944],[-70.80064,-27.331511],[-70.800024,-27.336126],[-70.795088,-27.337693],[-70.790767,-27.334644],[-70.785832,-27.33621],[-70.781512,-27.33316],[-70.776576,-27.334726],[-70.772257,-27.331677],[-70.767676,-27.33313],[-70.763179,-27.328872],[-70.757186,-27.323198],[-70.750593,-27.316956],[-70.75,-27.316394],[-70.748185,-27.314676],[-70.746398,-27.312984],[-70.739702,-27.306644],[-70.733815,-27.301071],[-70.729211,-27.296712],[-70.722216,-27.29009],[-70.71704,-27.285188],[-70.711724,-27.280156],[-70.70473,-27.273534],[-70.700268,-27.269309],[-70.694237,-27.263599],[-70.687691,-27.257402],[-70.684978,-27.254833],[-70.683499,-27.253433],[-70.679873,-27.25],[-70.676748,-27.247041],[-70.670925,-27.241528],[-70.666255,-27.237106],[-70.659258,-27.230482],[-70.654162,-27.225657],[-70.648764,-27.220546],[-70.641767,-27.213922],[-70.637402,-27.209789],[-70.631272,-27.203986],[-70.624834,-27.197891],[-70.621439,-27.194676],[-70.620646,-27.193925],[-70.613779,-27.187423],[-70.60808,-27.182028],[-70.606169,-27.180219],[-70.60204,-27.17788],[-70.595013,-27.173899],[-70.587027,-27.169375],[-70.581858,-27.166447],[-70.573088,-27.161479],[-70.567008,-27.158035],[-70.559936,-27.154028],[-70.551994,-27.14953],[-70.546785,-27.146579],[-70.538018,-27.141613],[-70.531973,-27.138188],[-70.52487,-27.134165],[-70.516957,-27.129682],[-70.511724,-27.126718],[-70.502961,-27.121753],[-70.5,-27.120076],[-70.496934,-27.118339],[-70.489817,-27.114308],[-70.481916,-27.109832],[-70.476676,-27.106863],[-70.467915,-27.101901],[-70.461892,-27.098489],[-70.454777,-27.094458],[-70.446872,-27.089981],[-70.44164,-27.087016],[-70.432882,-27.082056],[-70.426846,-27.078636],[-70.422387,-27.07611],[-70.420882,-27.075473],[-70.419782,-27.074894],[-70.419716,-27.074857],[-70.418566,-27.0742],[-70.417639,-27.073794],[-70.415844,-27.073157],[-70.414802,-27.073099],[-70.413586,-27.073099],[-70.412544,-27.072984],[-70.411733,-27.072926],[-70.411038,-27.073099],[-70.4105,-27.073335],[-70.410112,-27.073505],[-70.409764,-27.073794],[-70.409301,-27.074084],[-70.408606,-27.074663],[-70.407854,-27.075242],[-70.407261,-27.075513],[-70.406426,-27.075906],[-70.405492,-27.076348],[-70.405231,-27.076518],[-70.404611,-27.076921],[-70.403337,-27.077384],[-70.402063,-27.078021],[-70.400963,-27.078368],[-70.399574,-27.078716],[-70.398068,-27.079063],[-70.397315,-27.079295],[-70.396621,-27.079295],[-70.396099,-27.079295],[-70.395565,-27.079336],[-70.395347,-27.079353],[-70.394652,-27.0797],[-70.393841,-27.080221],[-70.393787,-27.080269],[-70.392915,-27.081032],[-70.392625,-27.081322],[-70.392162,-27.081958],[-70.391525,-27.082306],[-70.390425,-27.082653],[-70.39041,-27.082657],[-70.389499,-27.082885],[-70.388514,-27.083406],[-70.387819,-27.083985],[-70.386777,-27.084854],[-70.386082,-27.085606],[-70.385735,-27.086012],[-70.385214,-27.08607],[-70.384751,-27.08607],[-70.38394,-27.085664],[-70.383245,-27.085433],[-70.382434,-27.085317],[-70.381855,-27.085143],[-70.381791,-27.085134],[-70.381045,-27.085027],[-70.380003,-27.085027],[-70.379192,-27.085027],[-70.37877,-27.085027],[-70.378671,-27.085027],[-70.378208,-27.085027],[-70.377744,-27.084911],[-70.377015,-27.084483],[-70.376598,-27.084066],[-70.376274,-27.083279],[-70.375857,-27.082537],[-70.375255,-27.082121],[-70.374791,-27.081565],[-70.374282,-27.081194],[-70.37368,-27.081055],[-70.3728,-27.081101],[-70.371873,-27.081287],[-70.37175,-27.081338],[-70.371317,-27.081518],[-70.370715,-27.081935],[-70.370437,-27.082213],[-70.370344,-27.082537],[-70.370067,-27.083047],[-70.369742,-27.083325],[-70.369325,-27.08351],[-70.36877,-27.083742],[-70.367889,-27.083927],[-70.367502,-27.084174],[-70.36738,-27.084251],[-70.36687,-27.084576],[-70.366575,-27.084805],[-70.366453,-27.0849],[-70.365898,-27.085131],[-70.364786,-27.085548],[-70.36423,-27.085826],[-70.363674,-27.086104],[-70.362887,-27.086521],[-70.362238,-27.087077],[-70.362007,-27.087309],[-70.361868,-27.08754],[-70.361775,-27.087772],[-70.361482,-27.088333],[-70.357371,-27.083215],[-70.356823,-27.082532],[-70.353338,-27.078192],[-70.348713,-27.072434],[-70.34305,-27.065382],[-70.337387,-27.05833],[-70.333172,-27.053082],[-70.328891,-27.047752],[-70.323227,-27.040699],[-70.317563,-27.033646],[-70.313012,-27.027979],[-70.30927,-27.023319],[-70.308981,-27.022959],[-70.303402,-27.016013],[-70.297737,-27.008959],[-70.292857,-27.002882],[-70.290542,-27.0],[-70.290218,-26.999596],[-70.288827,-26.997864],[-70.283575,-26.991325],[-70.27791,-26.98427],[-70.272707,-26.977792],[-70.271148,-26.975851],[-70.268678,-26.972775],[-70.263746,-26.966633],[-70.25808,-26.959578],[-70.252563,-26.952708],[-70.252061,-26.952083],[-70.25,-26.949517],[-70.248534,-26.947692],[-70.24479,-26.94303],[-70.244815,-26.942279],[-70.244815,-26.941838],[-70.244815,-26.941465],[-70.245018,-26.94027],[-70.245374,-26.939101],[-70.246544,-26.93755],[-70.247688,-26.936381],[-70.247761,-26.936293],[-70.248704,-26.93516],[-70.249721,-26.933889],[-70.25,-26.933511],[-70.250538,-26.932782],[-70.251643,-26.931284],[-70.252233,-26.930447],[-70.252775,-26.929676],[-70.253311,-26.928604],[-70.253609,-26.926102],[-70.253609,-26.922782],[-70.253609,-26.922529],[-70.253311,-26.920027],[-70.252716,-26.918657],[-70.252469,-26.918411],[-70.251226,-26.917168],[-70.250874,-26.915758],[-70.250869,-26.915738],[-70.251405,-26.914666],[-70.252001,-26.913535],[-70.252954,-26.912105],[-70.254026,-26.910973],[-70.254502,-26.910318],[-70.255098,-26.909425],[-70.255594,-26.908993],[-70.257838,-26.907042],[-70.260935,-26.9046],[-70.262392,-26.903712],[-70.263377,-26.903111],[-70.265283,-26.902813],[-70.266594,-26.902456],[-70.267487,-26.901384],[-70.268619,-26.899418],[-70.268791,-26.898145],[-70.268917,-26.897214],[-70.268738,-26.895904],[-70.268023,-26.894057],[-70.268559,-26.893402],[-70.26987,-26.892866],[-70.271955,-26.892032],[-70.273373,-26.891279],[-70.273861,-26.89102],[-70.276958,-26.889114],[-70.279579,-26.888339],[-70.280036,-26.888204],[-70.282199,-26.887565],[-70.285714,-26.886254],[-70.286825,-26.885678],[-70.287322,-26.885421],[-70.287679,-26.885123],[-70.289347,-26.883634],[-70.290419,-26.882859],[-70.291551,-26.881906],[-70.292325,-26.880775],[-70.293109,-26.880026],[-70.293636,-26.879524],[-70.295661,-26.878452],[-70.297686,-26.877975],[-70.298889,-26.878089],[-70.300197,-26.878134],[-70.301204,-26.878169],[-70.303599,-26.878568],[-70.306233,-26.878967],[-70.308148,-26.879207],[-70.30949,-26.878975],[-70.310463,-26.878808],[-70.312139,-26.878648],[-70.314853,-26.878009],[-70.317567,-26.877291],[-70.317617,-26.877247],[-70.32401,-26.87167],[-70.329981,-26.86646],[-70.331039,-26.865537],[-70.335307,-26.861814],[-70.339038,-26.858558],[-70.340633,-26.857167],[-70.346391,-26.852143],[-70.352787,-26.846563],[-70.358284,-26.841767],[-70.359196,-26.840992],[-70.359811,-26.84047],[-70.361464,-26.83911],[-70.363034,-26.83775],[-70.363745,-26.837038],[-70.364038,-26.836661],[-70.363892,-26.836389],[-70.363557,-26.836076],[-70.36295,-26.83549],[-70.361987,-26.833941],[-70.361885,-26.833546],[-70.361694,-26.832811],[-70.361736,-26.831912],[-70.36205,-26.830928],[-70.36249,-26.830238],[-70.363034,-26.829735],[-70.363146,-26.829549],[-70.363599,-26.828794],[-70.363768,-26.828512],[-70.363975,-26.828166],[-70.364331,-26.826848],[-70.365042,-26.824567],[-70.365377,-26.823228],[-70.365796,-26.821135],[-70.365998,-26.820476],[-70.366193,-26.819838],[-70.366779,-26.818959],[-70.367972,-26.817871],[-70.368872,-26.817369],[-70.369709,-26.817264],[-70.370546,-26.817181],[-70.371801,-26.81693],[-70.372826,-26.816553],[-70.373865,-26.815943],[-70.374396,-26.815632],[-70.3754,-26.814837],[-70.376509,-26.81377],[-70.377137,-26.813268],[-70.377723,-26.812535],[-70.378037,-26.811698],[-70.378643,-26.810778],[-70.37902,-26.809752],[-70.379101,-26.80953],[-70.37948,-26.808497],[-70.380192,-26.806886],[-70.38061,-26.805923],[-70.381259,-26.805233],[-70.381908,-26.80517],[-70.382054,-26.805254],[-70.382849,-26.80563],[-70.383875,-26.805505],[-70.384963,-26.805065],[-70.385273,-26.804788],[-70.385549,-26.804542],[-70.385674,-26.804061],[-70.385793,-26.803745],[-70.385967,-26.803287],[-70.386427,-26.802596],[-70.387181,-26.801445],[-70.387808,-26.800964],[-70.388855,-26.800692],[-70.390173,-26.800357],[-70.390578,-26.800293],[-70.391366,-26.800169],[-70.392286,-26.800043],[-70.393019,-26.800232],[-70.393918,-26.800546],[-70.394839,-26.800901],[-70.39576,-26.800964],[-70.396952,-26.800587],[-70.398417,-26.799918],[-70.399865,-26.798972],[-70.399987,-26.798893],[-70.400886,-26.797972],[-70.401849,-26.796695],[-70.40233,-26.795733],[-70.402874,-26.794687],[-70.403125,-26.793933],[-70.403544,-26.792992],[-70.404057,-26.791811],[-70.404171,-26.791548],[-70.404506,-26.790083],[-70.404674,-26.789288],[-70.40482,-26.78843],[-70.404715,-26.787175],[-70.404611,-26.785898],[-70.404051,-26.784606],[-70.404004,-26.784496],[-70.40369,-26.783115],[-70.403816,-26.78232],[-70.404004,-26.781128],[-70.404548,-26.780291],[-70.405783,-26.779516],[-70.407436,-26.779098],[-70.407525,-26.779086],[-70.408859,-26.77891],[-70.41047,-26.778366],[-70.411207,-26.777882],[-70.411746,-26.777529],[-70.412458,-26.777005],[-70.412512,-26.776965],[-70.413776,-26.776022],[-70.414634,-26.775248],[-70.415533,-26.77485],[-70.416078,-26.774746],[-70.416726,-26.774683],[-70.417856,-26.774892],[-70.420283,-26.774808],[-70.421581,-26.774808],[-70.422194,-26.774922],[-70.42248,-26.774976],[-70.423108,-26.775457],[-70.423945,-26.775813],[-70.425033,-26.776043],[-70.426142,-26.776085],[-70.42744,-26.776064],[-70.428779,-26.776127],[-70.43062,-26.77598],[-70.431415,-26.775793],[-70.432043,-26.775645],[-70.433466,-26.775185],[-70.435014,-26.774578],[-70.436333,-26.773888],[-70.43646,-26.773785],[-70.43696,-26.773385],[-70.437672,-26.772904],[-70.438258,-26.772235],[-70.439115,-26.771126],[-70.440078,-26.770058],[-70.441354,-26.768594],[-70.441692,-26.768137],[-70.441969,-26.767762],[-70.442066,-26.767631],[-70.442694,-26.767003],[-70.4433,-26.766711],[-70.444263,-26.766397],[-70.44487,-26.766146],[-70.445497,-26.765874],[-70.446314,-26.765246],[-70.44736,-26.764388],[-70.448113,-26.763551],[-70.44872,-26.762881],[-70.448806,-26.76281],[-70.449536,-26.762212],[-70.449954,-26.761835],[-70.450185,-26.761124],[-70.450268,-26.760621],[-70.450373,-26.759994],[-70.450582,-26.759554],[-70.451043,-26.758906],[-70.451482,-26.758487],[-70.452256,-26.757734],[-70.45257,-26.757253],[-70.453009,-26.75696],[-70.45347,-26.756876],[-70.454056,-26.756771],[-70.454356,-26.756612],[-70.454411,-26.756583],[-70.454997,-26.75606],[-70.45552,-26.755369],[-70.455688,-26.75493],[-70.455981,-26.754156],[-70.456023,-26.753654],[-70.45596,-26.753151],[-70.456253,-26.752607],[-70.456588,-26.751854],[-70.457006,-26.751331],[-70.457448,-26.751084],[-70.457983,-26.750799],[-70.458418,-26.750532],[-70.459088,-26.750281],[-70.459415,-26.750063],[-70.459509,-26.75],[-70.45959,-26.749946],[-70.459774,-26.749695],[-70.46031,-26.749159],[-70.461549,-26.748439],[-70.462553,-26.748004],[-70.463708,-26.747619],[-70.465165,-26.7472],[-70.466219,-26.746815],[-70.467424,-26.746481],[-70.468357,-26.74631],[-70.467742,-26.750923],[-70.462827,-26.752496],[-70.462208,-26.757134],[-70.466505,-26.760199],[-70.465887,-26.764836],[-70.470184,-26.767901],[-70.469566,-26.772538],[-70.46465,-26.774111],[-70.464031,-26.778748],[-70.468329,-26.781812],[-70.46771,-26.786448],[-70.472008,-26.789513],[-70.471389,-26.794149],[-70.475687,-26.797213],[-70.475069,-26.801849],[-70.479367,-26.804912],[-70.484284,-26.80334],[-70.488582,-26.806404],[-70.493499,-26.804831],[-70.494118,-26.800195],[-70.489819,-26.797131],[-70.490437,-26.792495],[-70.495354,-26.790922],[-70.499653,-26.793986],[-70.50457,-26.792412],[-70.505188,-26.787775],[-70.500889,-26.784712],[-70.501507,-26.780074],[-70.506424,-26.7785],[-70.507042,-26.773863],[-70.502743,-26.770799],[-70.503361,-26.766161],[-70.508278,-26.764586],[-70.508896,-26.759948],[-70.513813,-26.758373],[-70.514431,-26.753734],[-70.519348,-26.752159],[-70.519966,-26.747519],[-70.524883,-26.745943],[-70.525501,-26.741304],[-70.530418,-26.739727],[-70.531035,-26.735087],[-70.526736,-26.732023],[-70.527354,-26.727383],[-70.525607,-26.726138],[-70.526181,-26.72579],[-70.5267,-26.725355],[-70.527235,-26.72502],[-70.52757,-26.72492],[-70.528072,-26.724702],[-70.528675,-26.724468],[-70.529127,-26.7241],[-70.529545,-26.723681],[-70.529696,-26.723346],[-70.530031,-26.722442],[-70.530499,-26.721924],[-70.531102,-26.721656],[-70.531872,-26.721338],[-70.532712,-26.721039],[-70.533144,-26.720886],[-70.534149,-26.720752],[-70.534185,-26.720749],[-70.535287,-26.720668],[-70.536074,-26.720685],[-70.53676,-26.720735],[-70.537279,-26.720618],[-70.537865,-26.720383],[-70.538183,-26.7204],[-70.538668,-26.720534],[-70.539655,-26.720906],[-70.53969,-26.720919],[-70.540962,-26.72122],[-70.5421,-26.721338],[-70.543004,-26.721472],[-70.544008,-26.721622],[-70.544845,-26.721689],[-70.545184,-26.721664],[-70.545733,-26.721622],[-70.546821,-26.721488],[-70.547391,-26.721337],[-70.547641,-26.721271],[-70.548377,-26.721087],[-70.549014,-26.720919],[-70.549767,-26.720702],[-70.550169,-26.720635],[-70.550587,-26.720568],[-70.550888,-26.720685],[-70.551759,-26.720953],[-70.552562,-26.721187],[-70.553299,-26.721321],[-70.553918,-26.721354],[-70.55437,-26.721338],[-70.554538,-26.72117],[-70.554956,-26.720919],[-70.555743,-26.720735],[-70.556446,-26.720635],[-70.556496,-26.720634],[-70.557233,-26.720618],[-70.55812,-26.720568],[-70.558471,-26.720501],[-70.558739,-26.720283],[-70.558856,-26.719932],[-70.558974,-26.719396],[-70.559325,-26.71886],[-70.559995,-26.718358],[-70.560832,-26.717889],[-70.561451,-26.717354],[-70.562121,-26.716784],[-70.562241,-26.716672],[-70.562857,-26.716098],[-70.563627,-26.715529],[-70.564481,-26.714792],[-70.564849,-26.714541],[-70.565469,-26.714307],[-70.566306,-26.713955],[-70.566942,-26.713621],[-70.567896,-26.713102],[-70.568632,-26.712784],[-70.569269,-26.712683],[-70.569871,-26.7126],[-70.570457,-26.7127],[-70.570943,-26.712934],[-70.571337,-26.712988],[-70.571562,-26.713018],[-70.572031,-26.713047],[-70.572098,-26.713051],[-70.5727,-26.712968],[-70.573136,-26.712692],[-70.573336,-26.712566],[-70.573788,-26.711963],[-70.574458,-26.711294],[-70.57491,-26.711009],[-70.575395,-26.710792],[-70.575764,-26.710725],[-70.576349,-26.710725],[-70.576642,-26.71075],[-70.576734,-26.710758],[-70.577588,-26.710942],[-70.578626,-26.71116],[-70.579714,-26.711444],[-70.581237,-26.711829],[-70.582493,-26.712114],[-70.583681,-26.712248],[-70.584937,-26.712683],[-70.585771,-26.712917],[-70.585891,-26.712951],[-70.58713,-26.71347],[-70.588302,-26.713805],[-70.588586,-26.713955],[-70.589189,-26.713989],[-70.589775,-26.713989],[-70.591047,-26.713838],[-70.592687,-26.713604],[-70.593374,-26.713654],[-70.59416,-26.713805],[-70.59478,-26.713922],[-70.595042,-26.714018],[-70.595466,-26.714173],[-70.596035,-26.714491],[-70.596705,-26.714759],[-70.597174,-26.714709],[-70.597659,-26.714474],[-70.597944,-26.714106],[-70.598178,-26.713671],[-70.59853,-26.713252],[-70.598831,-26.712934],[-70.599266,-26.712482],[-70.599802,-26.711763],[-70.600388,-26.711344],[-70.601074,-26.711093],[-70.601844,-26.710892],[-70.602647,-26.710674],[-70.603284,-26.710474],[-70.603403,-26.710411],[-70.603886,-26.710156],[-70.604321,-26.709888],[-70.604706,-26.709704],[-70.604673,-26.709586],[-70.604489,-26.709185],[-70.604188,-26.708649],[-70.603819,-26.707963],[-70.603702,-26.70736],[-70.603451,-26.706607],[-70.603267,-26.705653],[-70.603233,-26.70505],[-70.603233,-26.704782],[-70.603468,-26.704129],[-70.603786,-26.703426],[-70.604209,-26.702711],[-70.604321,-26.702522],[-70.60474,-26.702087],[-70.605025,-26.701786],[-70.605376,-26.701267],[-70.605644,-26.700698],[-70.605945,-26.699877],[-70.606213,-26.69904],[-70.606431,-26.698321],[-70.606564,-26.698175],[-70.606782,-26.697936],[-70.607418,-26.697701],[-70.607987,-26.697467],[-70.608406,-26.697233],[-70.608908,-26.696864],[-70.609045,-26.696712],[-70.609193,-26.696546],[-70.609611,-26.696027],[-70.610013,-26.695743],[-70.610649,-26.695559],[-70.611252,-26.695726],[-70.611589,-26.695792],[-70.611854,-26.695843],[-70.612356,-26.695793],[-70.612758,-26.695508],[-70.61326,-26.695174],[-70.613578,-26.694772],[-70.613863,-26.694253],[-70.61393,-26.6935],[-70.613763,-26.692746],[-70.613763,-26.692177],[-70.613997,-26.691692],[-70.614432,-26.69129],[-70.6148,-26.691139],[-70.615487,-26.690989],[-70.616441,-26.690436],[-70.617298,-26.689806],[-70.621413,-26.692735],[-70.620797,-26.69738],[-70.6251,-26.700442],[-70.624483,-26.705086],[-70.628786,-26.708149],[-70.633706,-26.706567],[-70.63801,-26.70963],[-70.64293,-26.708048],[-70.647234,-26.71111],[-70.652154,-26.709528],[-70.656459,-26.712589],[-70.661379,-26.711007],[-70.665684,-26.714069],[-70.670605,-26.712486],[-70.674911,-26.715547],[-70.674295,-26.720191],[-70.669374,-26.721774],[-70.665068,-26.718713],[-70.660147,-26.720295],[-70.655843,-26.717234],[-70.650922,-26.718816],[-70.646618,-26.715754],[-70.641697,-26.717336],[-70.637393,-26.714273],[-70.632473,-26.715855],[-70.62817,-26.712793],[-70.62325,-26.714374],[-70.618947,-26.711311],[-70.614028,-26.712892],[-70.609725,-26.70983],[-70.604806,-26.71141],[-70.604189,-26.716053],[-70.608492,-26.719116],[-70.607875,-26.723758],[-70.602956,-26.725338],[-70.598654,-26.722276],[-70.59927,-26.717633],[-70.594968,-26.71457],[-70.59005,-26.71615],[-70.589433,-26.720793],[-70.593735,-26.723855],[-70.593118,-26.728498],[-70.59742,-26.73156],[-70.596803,-26.736202],[-70.601106,-26.739265],[-70.606025,-26.737685],[-70.610328,-26.740748],[-70.615248,-26.739168],[-70.619551,-26.74223],[-70.624471,-26.74065],[-70.628775,-26.743712],[-70.633695,-26.742131],[-70.634312,-26.737489],[-70.630008,-26.734427],[-70.630624,-26.729784],[-70.635544,-26.728204],[-70.639849,-26.731265],[-70.639232,-26.735908],[-70.643537,-26.73897],[-70.648457,-26.737389],[-70.652762,-26.74045],[-70.657683,-26.738869],[-70.661988,-26.74193],[-70.66691,-26.740348],[-70.667526,-26.735705],[-70.672447,-26.734123],[-70.676753,-26.737184],[-70.681675,-26.735602],[-70.685981,-26.738663],[-70.690903,-26.73708],[-70.691519,-26.732436],[-70.696441,-26.730853],[-70.697056,-26.726208],[-70.69275,-26.723147],[-70.687828,-26.724731],[-70.683522,-26.72167],[-70.684138,-26.717025],[-70.689059,-26.715442],[-70.693366,-26.718503],[-70.698288,-26.716919],[-70.698903,-26.712274],[-70.703825,-26.71069],[-70.704441,-26.706044],[-70.709363,-26.704459],[-70.709978,-26.699813],[-70.705671,-26.696752],[-70.70075,-26.698337],[-70.696443,-26.695276],[-70.697059,-26.69063],[-70.701981,-26.689045],[-70.702596,-26.684398],[-70.69829,-26.681337],[-70.698905,-26.67669],[-70.703827,-26.675105],[-70.704442,-26.670457],[-70.700136,-26.667396],[-70.700752,-26.662748],[-70.696446,-26.659686],[-70.697062,-26.655038],[-70.692756,-26.651976],[-70.690581,-26.652677],[-70.69047,-26.652629],[-70.690042,-26.652415],[-70.68942,-26.652104],[-70.688767,-26.651944],[-70.688038,-26.651622],[-70.687288,-26.651054],[-70.686731,-26.650637],[-70.68626,-26.650122],[-70.685853,-26.649608],[-70.685561,-26.649033],[-70.6853,-26.648437],[-70.685115,-26.648039],[-70.68495,-26.647408],[-70.684992,-26.646922],[-70.684998,-26.646661],[-70.684964,-26.646174],[-70.68482,-26.645811],[-70.684736,-26.645662],[-70.687623,-26.644731],[-70.689712,-26.644725],[-70.698431,-26.644697],[-70.707856,-26.644668],[-70.717283,-26.644638],[-70.725316,-26.644612],[-70.725867,-26.645004],[-70.72565,-26.64516],[-70.7253,-26.64566],[-70.725,-26.646],[-70.72451,-26.6462],[-70.72408,-26.64643],[-70.72335,-26.6466],[-70.7231,-26.64708],[-70.72306,-26.64729],[-70.72282,-26.64804],[-70.72261,-26.64849],[-70.72216,-26.64912],[-70.72218,-26.64957],[-70.72212,-26.64983],[-70.7218,-26.65011],[-70.72169,-26.6503],[-70.72167,-26.65078],[-70.72169,-26.6513],[-70.721602,-26.651576],[-70.72156,-26.65171],[-70.72164,-26.65192],[-70.72176,-26.65212],[-70.72173,-26.65231],[-70.72152,-26.65266],[-70.72148,-26.65294],[-70.72147,-26.65363],[-70.72138,-26.65381],[-70.72106,-26.6541],[-70.72095,-26.65439],[-70.72097,-26.65548],[-70.72103,-26.65638],[-70.721109,-26.656879],[-70.72117,-26.65727],[-70.72138,-26.65797],[-70.72141,-26.65864],[-70.7214,-26.65979],[-70.72131,-26.66015],[-70.72103,-26.66052],[-70.72024,-26.66129],[-70.71922,-26.66199],[-70.71897,-26.66243],[-70.71893,-26.66264],[-70.71908,-26.66306],[-70.71921,-26.66342],[-70.71929,-26.664],[-70.71942,-26.66465],[-70.71985,-26.66514],[-70.71985,-26.66533],[-70.719751,-26.665523],[-70.71964,-26.66574],[-70.71942,-26.66632],[-70.71944,-26.66682],[-70.71956,-26.66738],[-70.71999,-26.66876],[-70.72006,-26.66972],[-70.72029,-26.67101],[-70.72029,-26.671554],[-70.72029,-26.67206],[-70.72038,-26.67274],[-70.72057,-26.67333],[-70.7211,-26.67419],[-70.72128,-26.67474],[-70.7213,-26.67565],[-70.72136,-26.67658],[-70.72176,-26.67768],[-70.721942,-26.678165],[-70.72206,-26.67848],[-70.72289,-26.6795],[-70.72321,-26.67994],[-70.72356,-26.68051],[-70.7239,-26.68099],[-70.72457,-26.68155],[-70.72467,-26.68174],[-70.72471,-26.68198],[-70.72477,-26.68228],[-70.72492,-26.68255],[-70.72512,-26.6829],[-70.72515,-26.6833],[-70.72511,-26.6841],[-70.7253,-26.68484],[-70.72551,-26.6854],[-70.725768,-26.68583],[-70.7259,-26.68605],[-70.72646,-26.68692],[-70.72659,-26.68726],[-70.72674,-26.6878],[-70.7272,-26.68838],[-70.72753,-26.68882],[-70.72781,-26.68934],[-70.72808,-26.68969],[-70.72883,-26.69013],[-70.72952,-26.69044],[-70.730044,-26.690629],[-70.73057,-26.69082],[-70.73104,-26.69117],[-70.7313,-26.69134],[-70.73166,-26.6915],[-70.73182,-26.69166],[-70.73201,-26.69193],[-70.73227,-26.69201],[-70.73257,-26.69223],[-70.73276,-26.69232],[-70.73315,-26.69237],[-70.73332,-26.69254],[-70.73347,-26.69271],[-70.7337,-26.6928],[-70.73389,-26.69292],[-70.73397,-26.6931],[-70.73393,-26.6934],[-70.73399,-26.69365],[-70.73413,-26.69381],[-70.73453,-26.69391],[-70.73505,-26.69396],[-70.73536,-26.69404],[-70.73604,-26.69403],[-70.73644,-26.69414],[-70.73703,-26.69449],[-70.73769,-26.69503],[-70.738008,-26.695233],[-70.73827,-26.6954],[-70.73848,-26.69544],[-70.73874,-26.69552],[-70.73891,-26.69572],[-70.73917,-26.69616],[-70.7397,-26.69659],[-70.73997,-26.69692],[-70.74025,-26.69729],[-70.74051,-26.69749],[-70.74068,-26.6977],[-70.74087,-26.69805],[-70.74137,-26.69826],[-70.74174,-26.69843],[-70.74203,-26.69846],[-70.74237,-26.69843],[-70.74264,-26.6983],[-70.743009,-26.697867],[-70.74339,-26.69742],[-70.74391,-26.69715],[-70.74451,-26.69637],[-70.7447,-26.69621],[-70.74532,-26.69614],[-70.74563,-26.69601],[-70.74622,-26.69594],[-70.74669,-26.6957],[-70.74678,-26.69554],[-70.74667,-26.69535],[-70.74644,-26.69527],[-70.74627,-26.69517],[-70.74625,-26.69499],[-70.74643,-26.69479],[-70.74697,-26.69475],[-70.74749,-26.69468],[-70.74793,-26.69462],[-70.74818,-26.6947],[-70.748341,-26.694815],[-70.74853,-26.69495],[-70.74857,-26.69524],[-70.74871,-26.69552],[-70.74896,-26.69575],[-70.74908,-26.69594],[-70.74924,-26.69635],[-70.74947,-26.69667],[-70.75,-26.69711],[-70.75079,-26.69755],[-70.75103,-26.69794],[-70.75143,-26.69822],[-70.75173,-26.69849],[-70.75178,-26.69874],[-70.75172,-26.69895],[-70.751715,-26.698966],[-70.75165,-26.69916],[-70.75167,-26.69941],[-70.75181,-26.69974],[-70.75196,-26.69995],[-70.752341,-26.700207],[-70.75245,-26.70028],[-70.75318,-26.70069],[-70.7536,-26.70087],[-70.75398,-26.70118],[-70.75426,-26.70157],[-70.75465,-26.70231],[-70.75541,-26.70334],[-70.75566,-26.70377],[-70.75574,-26.70418],[-70.7556,-26.70458],[-70.7555,-26.7049],[-70.75551,-26.7051],[-70.75558,-26.70528],[-70.75557,-26.70546],[-70.75539,-26.70566],[-70.75536,-26.70588],[-70.75544,-26.70608],[-70.75578,-26.70641],[-70.75599,-26.70686],[-70.756149,-26.707181],[-70.7564,-26.70769],[-70.75667,-26.70798],[-70.75723,-26.70821],[-70.75747,-26.70843],[-70.75774,-26.70884],[-70.75799,-26.7095],[-70.75801,-26.71012],[-70.75783,-26.71054],[-70.75729,-26.71104],[-70.75714,-26.71125],[-70.7571,-26.71148],[-70.75719,-26.71188],[-70.75737,-26.71263],[-70.75737,-26.71305],[-70.757348,-26.713134],[-70.75733,-26.7132],[-70.75715,-26.71332],[-70.75682,-26.71339],[-70.7567,-26.71354],[-70.75659,-26.71385],[-70.75639,-26.71396],[-70.7562,-26.71408],[-70.75603,-26.71444],[-70.75585,-26.71468],[-70.75571,-26.71513],[-70.75539,-26.71576],[-70.75531,-26.71605],[-70.7554,-26.71652],[-70.75558,-26.71676],[-70.75558,-26.71705],[-70.75546,-26.71723],[-70.75521,-26.7173],[-70.75483,-26.71738],[-70.75459,-26.71762],[-70.75457,-26.71788],[-70.7546,-26.71855],[-70.75448,-26.71913],[-70.75449,-26.72012],[-70.75441,-26.72071],[-70.754401,-26.721089],[-70.75439,-26.72159],[-70.75427,-26.72202],[-70.754133,-26.722288],[-70.75406,-26.72243],[-70.754,-26.72282],[-70.75392,-26.72327],[-70.75371,-26.72355],[-70.75343,-26.72395],[-70.7533,-26.72441],[-70.75315,-26.72495],[-70.75291,-26.72528],[-70.75269,-26.72554],[-70.7526,-26.72581],[-70.752485,-26.726154],[-70.75248,-26.72617],[-70.75215,-26.72654],[-70.75178,-26.72687],[-70.75112,-26.7271],[-70.75068,-26.72729],[-70.75014,-26.72748],[-70.74986,-26.72761],[-70.7497,-26.72777],[-70.74949,-26.72816],[-70.74926,-26.7284],[-70.74901,-26.7285],[-70.74862,-26.7286],[-70.748584,-26.728597],[-70.7479,-26.72854],[-70.74691,-26.7282],[-70.74632,-26.72807],[-70.74592,-26.72809],[-70.74536,-26.72821],[-70.7446,-26.72824],[-70.74415,-26.72838],[-70.74375,-26.7285],[-70.74321,-26.72854],[-70.74303,-26.72866],[-70.74282,-26.72879],[-70.74262,-26.72882],[-70.74228,-26.72878],[-70.74174,-26.72863],[-70.74143,-26.72869],[-70.74126,-26.72882],[-70.74111,-26.7291],[-70.74081,-26.72932],[-70.73959,-26.73028],[-70.73918,-26.730727],[-70.73904,-26.73088],[-70.73886,-26.73126],[-70.73875,-26.73185],[-70.73839,-26.73273],[-70.73827,-26.7334],[-70.73806,-26.73421],[-70.73792,-26.73454],[-70.73746,-26.73496],[-70.73742,-26.73522],[-70.7375,-26.73558],[-70.73746,-26.73615],[-70.73735,-26.73699],[-70.73742,-26.73739],[-70.73767,-26.73779],[-70.73791,-26.73797],[-70.73835,-26.73807],[-70.73882,-26.73805],[-70.73917,-26.73808],[-70.73938,-26.73827],[-70.73954,-26.73861],[-70.73973,-26.73887],[-70.73975,-26.73907],[-70.7397,-26.739164],[-70.73965,-26.73926],[-70.73964,-26.73942],[-70.73967,-26.73958],[-70.7396,-26.73981],[-70.7395,-26.73994],[-70.73916,-26.74015],[-70.73878,-26.74031],[-70.73838,-26.74053],[-70.73823,-26.74058],[-70.73785,-26.74073],[-70.737538,-26.740817],[-70.73731,-26.74088],[-70.73714,-26.74117],[-70.73711,-26.74188],[-70.7368,-26.74293],[-70.73654,-26.7439],[-70.736441,-26.74466],[-70.7364,-26.74497],[-70.73648,-26.74608],[-70.73662,-26.74669],[-70.73692,-26.74771],[-70.73692,-26.74828],[-70.73675,-26.74919],[-70.73678,-26.74993],[-70.73679,-26.75],[-70.7369,-26.75072],[-70.73697,-26.75168],[-70.73698,-26.75266],[-70.73704,-26.75335],[-70.73704,-26.753359],[-70.73705,-26.75358],[-70.737125,-26.75369],[-70.73725,-26.75409],[-70.73736,-26.75422],[-70.73752,-26.75439],[-70.73761,-26.75466],[-70.73781,-26.75561],[-70.73807,-26.75648],[-70.73861,-26.75711],[-70.73952,-26.75792],[-70.73958,-26.75797],[-70.73982,-26.75834],[-70.74017,-26.75872],[-70.74053,-26.75884],[-70.7407,-26.75913],[-70.74077,-26.75932],[-70.74083,-26.7595],[-70.74095,-26.75982],[-70.74113,-26.76008],[-70.74151,-26.76048],[-70.741936,-26.760676],[-70.74201,-26.76071],[-70.74224,-26.76089],[-70.74252,-26.76124],[-70.74362,-26.76201],[-70.74456,-26.76239],[-70.74605,-26.76245],[-70.74698,-26.7624],[-70.74741,-26.76253],[-70.748,-26.76287],[-70.74867,-26.76326],[-70.748707,-26.76327],[-70.74907,-26.76337],[-70.74979,-26.76348],[-70.75,-26.76362],[-70.75031,-26.76382],[-70.75073,-26.76389],[-70.75111,-26.76398],[-70.75139,-26.76405],[-70.75197,-26.76438],[-70.7523,-26.76447],[-70.75283,-26.76479],[-70.75321,-26.76491],[-70.75393,-26.76498],[-70.75441,-26.76516],[-70.75552,-26.76549],[-70.75591,-26.7657],[-70.75671,-26.76604],[-70.75713,-26.76615],[-70.757759,-26.766114],[-70.75782,-26.76611],[-70.75813,-26.76602],[-70.7585,-26.76596],[-70.75899,-26.76596],[-70.75929,-26.76603],[-70.75974,-26.76615],[-70.76007,-26.76623],[-70.76062,-26.7662],[-70.76101,-26.76621],[-70.7612,-26.76627],[-70.76148,-26.76652],[-70.76172,-26.76675],[-70.76219,-26.76689],[-70.76253,-26.76698],[-70.76369,-26.76697],[-70.76414,-26.76701],[-70.76531,-26.76698],[-70.76555,-26.76676],[-70.76566,-26.76677],[-70.76628,-26.76691],[-70.76673,-26.76684],[-70.76682,-26.76679],[-70.767,-26.76666],[-70.767122,-26.766627],[-70.76737,-26.76656],[-70.76781,-26.76652],[-70.76808,-26.76655],[-70.7683,-26.76664],[-70.76888,-26.76685],[-70.76914,-26.76678],[-70.76948,-26.76681],[-70.7696,-26.76692],[-70.76986,-26.76692],[-70.77003,-26.76701],[-70.76999,-26.76712],[-70.76983,-26.76719],[-70.76964,-26.76728],[-70.76942,-26.7675],[-70.76939,-26.76766],[-70.76943,-26.76781],[-70.76961,-26.7679],[-70.76978,-26.76813],[-70.76984,-26.7683],[-70.76986,-26.76854],[-70.76976,-26.7688],[-70.76993,-26.76897],[-70.77013,-26.76898],[-70.77029,-26.76895],[-70.77086,-26.76907],[-70.77098,-26.7692],[-70.7712,-26.76927],[-70.77138,-26.76941],[-70.77185,-26.7696],[-70.77219,-26.76961],[-70.77241,-26.76951],[-70.77257,-26.76947],[-70.77268,-26.76955],[-70.77284,-26.76976],[-70.77313,-26.76986],[-70.77335,-26.76978],[-70.7736,-26.76978],[-70.77371,-26.76986],[-70.77391,-26.77017],[-70.77403,-26.77046],[-70.77451,-26.77107],[-70.77478,-26.77132],[-70.7752,-26.77177],[-70.77548,-26.77193],[-70.77557,-26.772083],[-70.77561,-26.77215],[-70.77568,-26.77243],[-70.77577,-26.7726],[-70.77599,-26.77273],[-70.77632,-26.77288],[-70.77646,-26.77303],[-70.77659,-26.77325],[-70.77689,-26.77337],[-70.77722,-26.77347],[-70.77739,-26.77373],[-70.77762,-26.77381],[-70.77794,-26.77389],[-70.77816,-26.77398],[-70.7785,-26.77424],[-70.77862,-26.7745],[-70.77866,-26.77472],[-70.77881,-26.77493],[-70.77901,-26.77505],[-70.7793,-26.77506],[-70.77958,-26.7753],[-70.77968,-26.77545],[-70.77998,-26.77575],[-70.780058,-26.775769],[-70.78044,-26.77586],[-70.78063,-26.77578],[-70.78081,-26.77574],[-70.78091,-26.77578],[-70.78101,-26.77602],[-70.78116,-26.77628],[-70.78114,-26.77643],[-70.78118,-26.77698],[-70.78139,-26.77711],[-70.7815,-26.77726],[-70.78164,-26.77781],[-70.78169,-26.778],[-70.78177,-26.77826],[-70.78194,-26.7785],[-70.78207,-26.77874],[-70.78211,-26.779],[-70.78233,-26.77962],[-70.7825,-26.77987],[-70.78271,-26.78027],[-70.78302,-26.78042],[-70.78336,-26.78063],[-70.78367,-26.78083],[-70.78371,-26.78096],[-70.78369,-26.7811],[-70.7838,-26.78133],[-70.78389,-26.78171],[-70.78412,-26.78216],[-70.78418,-26.78236],[-70.7843,-26.78249],[-70.78429,-26.78261],[-70.784288,-26.782615],[-70.78417,-26.78285],[-70.78433,-26.78309],[-70.78449,-26.78336],[-70.78491,-26.78384],[-70.78519,-26.78418],[-70.78538,-26.78494],[-70.78515,-26.7855],[-70.78511,-26.78633],[-70.78508,-26.78673],[-70.78512,-26.78723],[-70.78507,-26.78756],[-70.78484,-26.78793],[-70.78472,-26.78825],[-70.7849,-26.78853],[-70.784902,-26.788582],[-70.78491,-26.78876],[-70.78482,-26.7888],[-70.78467,-26.78895],[-70.78419,-26.78919],[-70.78332,-26.78924],[-70.78289,-26.78935],[-70.78225,-26.7897],[-70.78167,-26.79035],[-70.78132,-26.7907],[-70.78119,-26.79144],[-70.78133,-26.79236],[-70.78137,-26.79279],[-70.78156,-26.79339],[-70.78174,-26.79367],[-70.78236,-26.79421],[-70.78276,-26.79449],[-70.78344,-26.7952],[-70.784104,-26.79601],[-70.78417,-26.79609],[-70.78441,-26.79642],[-70.78472,-26.79674],[-70.78486,-26.79706],[-70.78497,-26.79738],[-70.78505,-26.79802],[-70.78502,-26.79922],[-70.78499,-26.79992],[-70.78502,-26.80058],[-70.78504,-26.8009],[-70.78475,-26.80181],[-70.78455,-26.80281],[-70.784366,-26.803439],[-70.78429,-26.8037],[-70.7843,-26.80412],[-70.78448,-26.80486],[-70.78463,-26.80512],[-70.78483,-26.80581],[-70.78493,-26.80601],[-70.78515,-26.80629],[-70.7852,-26.80644],[-70.78516,-26.80666],[-70.78497,-26.80691],[-70.78495,-26.80717],[-70.78518,-26.80755],[-70.785277,-26.807588],[-70.78559,-26.80771],[-70.78622,-26.80776],[-70.78719,-26.80777],[-70.78738,-26.80779],[-70.78774,-26.80795],[-70.78824,-26.80806],[-70.78887,-26.80809],[-70.79012,-26.80786],[-70.79051,-26.8078],[-70.79092,-26.8078],[-70.7912,-26.80788],[-70.79145,-26.80801],[-70.79174,-26.80809],[-70.79193,-26.80802],[-70.79216,-26.80795],[-70.79278,-26.80816],[-70.79303,-26.8083],[-70.7931,-26.8085],[-70.793,-26.80905],[-70.79296,-26.80955],[-70.79328,-26.80994],[-70.79426,-26.81047],[-70.794297,-26.81051],[-70.79447,-26.8107],[-70.79463,-26.81089],[-70.79485,-26.81096],[-70.794985,-26.810969],[-70.795452,-26.811301],[-70.7955,-26.81144],[-70.79542,-26.81185],[-70.79539,-26.81208],[-70.79547,-26.81228],[-70.79565,-26.81283],[-70.79586,-26.813],[-70.79624,-26.81322],[-70.79674,-26.81355],[-70.79683,-26.81404],[-70.7969,-26.81436],[-70.79686,-26.81477],[-70.79671,-26.81509],[-70.79667,-26.81522],[-70.79669,-26.81537],[-70.79674,-26.81548],[-70.79667,-26.81556],[-70.79657,-26.81569],[-70.79657,-26.81584],[-70.7966,-26.81606],[-70.79665,-26.81628],[-70.79672,-26.81649],[-70.79696,-26.81664],[-70.79716,-26.81673],[-70.79715,-26.81683],[-70.79702,-26.81714],[-70.79678,-26.81727],[-70.79663,-26.81723],[-70.79654,-26.81713],[-70.7963,-26.81712],[-70.79621,-26.81721],[-70.79614,-26.81732],[-70.79612,-26.81744],[-70.79584,-26.81753],[-70.79547,-26.8179],[-70.79484,-26.81828],[-70.79421,-26.81877],[-70.79416,-26.8193],[-70.794209,-26.819427],[-70.79437,-26.81985],[-70.79462,-26.82023],[-70.79516,-26.82064],[-70.79565,-26.82097],[-70.79626,-26.82135],[-70.79658,-26.82171],[-70.79673,-26.82229],[-70.79712,-26.82333],[-70.79779,-26.82428],[-70.79805,-26.82458],[-70.79886,-26.82513],[-70.79929,-26.82562],[-70.79985,-26.8261],[-70.80014,-26.82622],[-70.80055,-26.826276],[-70.80065,-26.82629],[-70.80073,-26.82637],[-70.80084,-26.82675],[-70.80102,-26.82705],[-70.80107,-26.82727],[-70.80111,-26.82746],[-70.80079,-26.82778],[-70.80057,-26.82813],[-70.80057,-26.82849],[-70.8002,-26.8288],[-70.79982,-26.82915],[-70.79973,-26.82974],[-70.7994,-26.83148],[-70.79942,-26.83234],[-70.79919,-26.8331],[-70.7989,-26.83348],[-70.798712,-26.833921],[-70.79867,-26.83402],[-70.79847,-26.8343],[-70.79823,-26.83501],[-70.79829,-26.83575],[-70.79822,-26.83604],[-70.79802,-26.83639],[-70.79814,-26.83701],[-70.7983,-26.83731],[-70.79887,-26.83776],[-70.79917,-26.83798],[-70.79966,-26.83804],[-70.79985,-26.83827],[-70.79992,-26.83856],[-70.79997,-26.83895],[-70.799983,-26.839019],[-70.80009,-26.83958],[-70.80032,-26.83999],[-70.80052,-26.84014],[-70.80107,-26.84032],[-70.8015,-26.84036],[-70.80212,-26.8405],[-70.80242,-26.84053],[-70.80315,-26.84062],[-70.80372,-26.84074],[-70.80438,-26.84114],[-70.80477,-26.84134],[-70.80494,-26.84135],[-70.80513,-26.84141],[-70.80524,-26.84154],[-70.80527,-26.8417],[-70.80536,-26.84188],[-70.80544,-26.84211],[-70.80545,-26.842476],[-70.80545,-26.84249],[-70.80566,-26.84282],[-70.80594,-26.84333],[-70.80609,-26.84384],[-70.80612,-26.84404],[-70.80625,-26.84411],[-70.80643,-26.84416],[-70.8066,-26.84424],[-70.80672,-26.84436],[-70.80689,-26.84467],[-70.80714,-26.84501],[-70.80718,-26.84548],[-70.80707,-26.84571],[-70.80684,-26.84612],[-70.80676,-26.84685],[-70.80677,-26.84721],[-70.80717,-26.84794],[-70.80769,-26.84875],[-70.80794,-26.84956],[-70.80808,-26.84979],[-70.808601,-26.850349],[-70.8089,-26.85067],[-70.80927,-26.8508],[-70.80984,-26.85091],[-70.81006,-26.85103],[-70.81025,-26.8512],[-70.81057,-26.8517],[-70.81061,-26.85194],[-70.81079,-26.85253],[-70.81082,-26.85282],[-70.81069,-26.85354],[-70.81074,-26.85384],[-70.81095,-26.85427],[-70.81122,-26.85442],[-70.81166,-26.85456],[-70.81214,-26.85453],[-70.81265,-26.85429],[-70.81287,-26.85414],[-70.81322,-26.85369],[-70.81346,-26.85363],[-70.81378,-26.85352],[-70.8141,-26.85338],[-70.81434,-26.85313],[-70.81487,-26.85296],[-70.81515,-26.85288],[-70.81564,-26.85271],[-70.81597,-26.85255],[-70.81613,-26.85237],[-70.8165,-26.85187],[-70.816763,-26.851792],[-70.81687,-26.85176],[-70.81747,-26.85139],[-70.81802,-26.85121],[-70.8184,-26.85107],[-70.8189,-26.85114],[-70.81919,-26.85138],[-70.819195,-26.851387],[-70.81932,-26.85159],[-70.81942,-26.85227],[-70.81968,-26.85303],[-70.81974,-26.8534],[-70.81995,-26.85384],[-70.82033,-26.85412],[-70.82041,-26.85421],[-70.82052,-26.85435],[-70.82058,-26.85451],[-70.82061,-26.85469],[-70.82045,-26.85518],[-70.82064,-26.85555],[-70.82068,-26.85581],[-70.82079,-26.85596],[-70.82098,-26.85608],[-70.82113,-26.85615],[-70.82133,-26.85617],[-70.82163,-26.85635],[-70.82167,-26.85642],[-70.82167,-26.85657],[-70.82161,-26.85673],[-70.8216,-26.8569],[-70.82181,-26.85701],[-70.822,-26.85699],[-70.82229,-26.857],[-70.82239,-26.85688],[-70.82251,-26.85684],[-70.82259,-26.85692],[-70.82259,-26.85699],[-70.82251,-26.85711],[-70.82261,-26.85724],[-70.8227,-26.8574],[-70.82271,-26.85765],[-70.8226,-26.85787],[-70.82247,-26.85795],[-70.8222,-26.85804],[-70.82201,-26.85804],[-70.82174,-26.85818],[-70.82162,-26.85835],[-70.8217,-26.85854],[-70.82181,-26.85874],[-70.82186,-26.85898],[-70.82199,-26.85913],[-70.82203,-26.85929],[-70.822063,-26.859351],[-70.821394,-26.859566],[-70.82138,-26.85956],[-70.82114,-26.85948],[-70.82079,-26.85928],[-70.82025,-26.85899],[-70.81998,-26.85887],[-70.81985,-26.85878],[-70.81971,-26.85848],[-70.81962,-26.85834],[-70.8195,-26.85827],[-70.81935,-26.85829],[-70.81916,-26.85819],[-70.81905,-26.85801],[-70.81889,-26.85773],[-70.81869,-26.85761],[-70.81856,-26.85757],[-70.81825,-26.85733],[-70.81798,-26.85707],[-70.81786,-26.85699],[-70.81764,-26.85693],[-70.81719,-26.85688],[-70.81686,-26.856936],[-70.816515,-26.856692],[-70.811587,-26.858275],[-70.810972,-26.862916],[-70.811066,-26.862982],[-70.81101,-26.86314],[-70.81094,-26.86344],[-70.8109,-26.86363],[-70.81092,-26.86455],[-70.81099,-26.8648],[-70.81129,-26.86551],[-70.81132,-26.865875],[-70.81157,-26.86636],[-70.81163,-26.86658],[-70.81187,-26.86726],[-70.81198,-26.86753],[-70.81219,-26.8678],[-70.81237,-26.86801],[-70.81279,-26.86827],[-70.81318,-26.8683],[-70.81373,-26.86827],[-70.81413,-26.86822],[-70.81487,-26.86813]],[[-70.765388,-26.850904],[-70.770315,-26.849322],[-70.77093,-26.844682],[-70.775856,-26.8431],[-70.776471,-26.838459],[-70.77216,-26.835402],[-70.772775,-26.830761],[-70.768463,-26.827703],[-70.769078,-26.823062],[-70.764767,-26.820004],[-70.765382,-26.815363],[-70.770308,-26.81378],[-70.770923,-26.809138],[-70.766612,-26.80608],[-70.761686,-26.807663],[-70.757376,-26.804605],[-70.757991,-26.799963],[-70.753681,-26.796904],[-70.748756,-26.798488],[-70.744446,-26.795429],[-70.739521,-26.797012],[-70.738906,-26.801653],[-70.743216,-26.804712],[-70.7426,-26.809353],[-70.737675,-26.810936],[-70.733366,-26.807877],[-70.728441,-26.809459],[-70.727826,-26.8141],[-70.722901,-26.815682],[-70.722286,-26.820322],[-70.717361,-26.821903],[-70.713052,-26.818844],[-70.708128,-26.820425],[-70.70382,-26.817366],[-70.698896,-26.818946],[-70.69828,-26.823586],[-70.702588,-26.826645],[-70.701972,-26.831285],[-70.697048,-26.832865],[-70.696432,-26.837503],[-70.700741,-26.840562],[-70.700125,-26.845201],[-70.704434,-26.84826],[-70.703818,-26.852898],[-70.708127,-26.855957],[-70.707511,-26.860595],[-70.702586,-26.862174],[-70.70197,-26.866812],[-70.706279,-26.86987],[-70.705664,-26.874507],[-70.700739,-26.876086],[-70.69643,-26.873027],[-70.697046,-26.86839],[-70.692737,-26.865332],[-70.687813,-26.86691],[-70.687197,-26.871547],[-70.691505,-26.874606],[-70.690889,-26.879242],[-70.685964,-26.88082],[-70.681656,-26.877762],[-70.682272,-26.873125],[-70.677964,-26.870066],[-70.67304,-26.871644],[-70.672424,-26.87628],[-70.676732,-26.879339],[-70.676116,-26.883975],[-70.680424,-26.887034],[-70.679808,-26.89167],[-70.674883,-26.893247],[-70.670575,-26.890188],[-70.665651,-26.891765],[-70.665035,-26.8964],[-70.669342,-26.899459],[-70.674267,-26.897882],[-70.678575,-26.90094],[-70.6835,-26.899364],[-70.687809,-26.902422],[-70.687193,-26.907057],[-70.691502,-26.910115],[-70.690886,-26.91475],[-70.68596,-26.916327],[-70.681651,-26.913269],[-70.682268,-26.908634],[-70.677959,-26.905576],[-70.673034,-26.907152],[-70.672418,-26.911787],[-70.676727,-26.914845],[-70.67611,-26.919479],[-70.680419,-26.922537],[-70.679803,-26.927171],[-70.674878,-26.928747],[-70.674261,-26.93338],[-70.669336,-26.934956],[-70.66872,-26.939589],[-70.663795,-26.941164],[-70.659487,-26.938106],[-70.660103,-26.933473],[-70.655795,-26.930414],[-70.650871,-26.931989],[-70.650254,-26.936622],[-70.654562,-26.93968],[-70.653945,-26.944313],[-70.649021,-26.945887],[-70.644713,-26.942828],[-70.64533,-26.938196],[-70.641022,-26.935138],[-70.636098,-26.936711],[-70.635481,-26.941344],[-70.639789,-26.944402],[-70.639172,-26.949034],[-70.643479,-26.952093],[-70.642863,-26.956724],[-70.647171,-26.959782],[-70.646554,-26.964414],[-70.641629,-26.965987],[-70.641012,-26.970618],[-70.64532,-26.973676],[-70.644703,-26.978306],[-70.649012,-26.981364],[-70.648395,-26.985994],[-70.64347,-26.987567],[-70.642853,-26.992197],[-70.647161,-26.995254],[-70.652087,-26.993682],[-70.656396,-26.996739],[-70.661322,-26.995167],[-70.665631,-26.998224],[-70.670557,-26.996651],[-70.671173,-26.992021],[-70.6761,-26.990447],[-70.680409,-26.993504],[-70.679793,-26.998134],[-70.684103,-27.001191],[-70.68903,-26.999618],[-70.689646,-26.994987],[-70.694573,-26.993413],[-70.698884,-26.99647],[-70.703811,-26.994895],[-70.704427,-26.990264],[-70.709354,-26.98869],[-70.70997,-26.984058],[-70.714897,-26.982483],[-70.715513,-26.977851],[-70.72044,-26.976275],[-70.721056,-26.971643],[-70.725983,-26.970067],[-70.726599,-26.965434],[-70.731527,-26.963857],[-70.732142,-26.959224],[-70.73707,-26.957647],[-70.741382,-26.960704],[-70.74631,-26.959126],[-70.746925,-26.954492],[-70.742613,-26.951436],[-70.743228,-26.946802],[-70.738917,-26.943745],[-70.739532,-26.939111],[-70.744459,-26.937533],[-70.748771,-26.94059],[-70.753699,-26.939011],[-70.758012,-26.942068],[-70.762939,-26.940489],[-70.763555,-26.935854],[-70.759242,-26.932798],[-70.759857,-26.928162],[-70.764785,-26.926583],[-70.7654,-26.921947],[-70.770328,-26.920367],[-70.770943,-26.915731],[-70.775871,-26.914151],[-70.776486,-26.909514],[-70.772174,-26.906458],[-70.767246,-26.908038],[-70.762934,-26.904981],[-70.758006,-26.906561],[-70.753695,-26.903504],[-70.75431,-26.898868],[-70.759237,-26.897288],[-70.759852,-26.89265],[-70.764779,-26.89107],[-70.765394,-26.886432],[-70.770322,-26.884851],[-70.770937,-26.880213],[-70.766625,-26.877156],[-70.761698,-26.878737],[-70.761082,-26.883375],[-70.756156,-26.884956],[-70.751844,-26.881898],[-70.752459,-26.877261],[-70.748148,-26.874203],[-70.743222,-26.875784],[-70.738911,-26.872726],[-70.739527,-26.868088],[-70.744453,-26.866507],[-70.745068,-26.861869],[-70.740757,-26.858811],[-70.741373,-26.854172],[-70.746299,-26.852591],[-70.750609,-26.855649],[-70.755536,-26.854068],[-70.756151,-26.849428],[-70.761077,-26.847847],[-70.765388,-26.850904]],[[-70.646563,-26.92893],[-70.64718,-26.924297],[-70.652104,-26.922723],[-70.65272,-26.918089],[-70.648413,-26.91503],[-70.643489,-26.916605],[-70.642872,-26.921239],[-70.637948,-26.922813],[-70.637332,-26.927446],[-70.641639,-26.930505],[-70.646563,-26.92893]],[[-70.659509,-26.831582],[-70.663816,-26.834642],[-70.668739,-26.833063],[-70.673046,-26.836123],[-70.677969,-26.834544],[-70.678585,-26.829905],[-70.674278,-26.826845],[-70.674894,-26.822206],[-70.679817,-26.820627],[-70.680433,-26.815988],[-70.685357,-26.814408],[-70.685973,-26.809768],[-70.681665,-26.806708],[-70.682281,-26.802068],[-70.677974,-26.799008],[-70.67859,-26.794367],[-70.674284,-26.791307],[-70.669361,-26.792888],[-70.668745,-26.797528],[-70.663823,-26.799108],[-70.659516,-26.796047],[-70.654594,-26.797627],[-70.653978,-26.802267],[-70.658284,-26.805327],[-70.657668,-26.809966],[-70.652745,-26.811545],[-70.652129,-26.816184],[-70.647207,-26.817763],[-70.642901,-26.814703],[-70.637979,-26.816281],[-70.637363,-26.820919],[-70.632441,-26.822497],[-70.628136,-26.819436],[-70.623214,-26.821014],[-70.622597,-26.825652],[-70.617676,-26.827229],[-70.617059,-26.831866],[-70.621364,-26.834927],[-70.626286,-26.83335],[-70.630591,-26.83641],[-70.635513,-26.834833],[-70.639819,-26.837893],[-70.644741,-26.836316],[-70.645357,-26.831678],[-70.65028,-26.8301],[-70.654586,-26.83316],[-70.659509,-26.831582]],[[-70.648431,-26.844013],[-70.643508,-26.845591],[-70.642891,-26.850228],[-70.637969,-26.851805],[-70.633663,-26.848745],[-70.628741,-26.850321],[-70.628124,-26.854958],[-70.63243,-26.858018],[-70.637352,-26.856441],[-70.641658,-26.859501],[-70.646581,-26.857924],[-70.647198,-26.853288],[-70.652121,-26.85171],[-70.652737,-26.847073],[-70.648431,-26.844013]],[[-70.621351,-26.870442],[-70.626274,-26.868866],[-70.626891,-26.86423],[-70.622585,-26.86117],[-70.617663,-26.862746],[-70.617046,-26.867381],[-70.621351,-26.870442]],[[-70.678595,-26.758817],[-70.674289,-26.755756],[-70.669367,-26.757337],[-70.668751,-26.76198],[-70.663829,-26.763561],[-70.659524,-26.7605],[-70.654602,-26.76208],[-70.650297,-26.759019],[-70.645376,-26.7606],[-70.641071,-26.757538],[-70.63615,-26.759119],[-70.631846,-26.756057],[-70.626925,-26.757637],[-70.626309,-26.762278],[-70.621388,-26.763857],[-70.617085,-26.760796],[-70.612164,-26.762375],[-70.607861,-26.759313],[-70.602941,-26.760891],[-70.598638,-26.757829],[-70.593719,-26.759408],[-70.593102,-26.764048],[-70.597405,-26.76711],[-70.596788,-26.77175],[-70.591868,-26.773328],[-70.591251,-26.777968],[-70.595554,-26.78103],[-70.600474,-26.779452],[-70.601091,-26.774812],[-70.606011,-26.773234],[-70.610314,-26.776296],[-70.615235,-26.774717],[-70.619539,-26.777779],[-70.624459,-26.7762],[-70.625076,-26.77156],[-70.629997,-26.76998],[-70.634301,-26.773042],[-70.639222,-26.771462],[-70.639839,-26.766821],[-70.64476,-26.765241],[-70.649065,-26.768302],[-70.653986,-26.766722],[-70.658292,-26.769783],[-70.657675,-26.774424],[-70.652754,-26.776004],[-70.652137,-26.780645],[-70.656443,-26.783706],[-70.661365,-26.782126],[-70.665671,-26.785187],[-70.670593,-26.783606],[-70.671209,-26.778965],[-70.676132,-26.777384],[-70.680438,-26.780445],[-70.685361,-26.778863],[-70.685977,-26.774222],[-70.690899,-26.77264],[-70.691515,-26.767998],[-70.696438,-26.766416],[-70.697054,-26.761774],[-70.692747,-26.758713],[-70.687824,-26.760295],[-70.683518,-26.757235],[-70.678595,-26.758817]],[[-70.692743,-26.794266],[-70.693359,-26.789625],[-70.689052,-26.786565],[-70.684129,-26.788146],[-70.683513,-26.792787],[-70.68782,-26.795847],[-70.692743,-26.794266]],[[-70.705651,-27.158226],[-70.706267,-27.153603],[-70.701954,-27.15055],[-70.697024,-27.152118],[-70.696408,-27.156741],[-70.700721,-27.159795],[-70.705651,-27.158226]],[[-70.746944,-27.131794],[-70.751875,-27.130222],[-70.75249,-27.125597],[-70.748175,-27.122544],[-70.743245,-27.124116],[-70.742629,-27.128741],[-70.746944,-27.131794]],[[-70.795009,-27.054422],[-70.794393,-27.059051],[-70.798709,-27.062105],[-70.803641,-27.060529],[-70.804256,-27.055899],[-70.79994,-27.052845],[-70.795009,-27.054422]],[[-70.737072,-26.993132],[-70.737688,-26.9885],[-70.733376,-26.985444],[-70.733991,-26.980812],[-70.729679,-26.977756],[-70.724752,-26.979332],[-70.724136,-26.983964],[-70.728448,-26.98702],[-70.727832,-26.991651],[-70.732144,-26.994707],[-70.737072,-26.993132]],[[-70.905578,-27.324697],[-70.900639,-27.326268],[-70.900025,-27.330886],[-70.90435,-27.333933],[-70.909289,-27.332362],[-70.909903,-27.327744],[-70.905578,-27.324697]],[[-70.504543,-26.827927],[-70.505161,-26.823292],[-70.510079,-26.821719],[-70.514379,-26.824782],[-70.519297,-26.823209],[-70.519915,-26.818573],[-70.515615,-26.815511],[-70.510697,-26.817084],[-70.506397,-26.814021],[-70.50148,-26.815593],[-70.500861,-26.820229],[-70.495944,-26.821801],[-70.495326,-26.826436],[-70.499625,-26.829499],[-70.504543,-26.827927]],[[-70.554922,-26.87394],[-70.550619,-26.870879],[-70.545699,-26.872451],[-70.545081,-26.877085],[-70.549384,-26.880146],[-70.554304,-26.878574],[-70.554922,-26.87394]],[[-70.534029,-26.853998],[-70.538331,-26.85706],[-70.54325,-26.855487],[-70.543868,-26.850853],[-70.539566,-26.847791],[-70.534647,-26.849364],[-70.534029,-26.853998]],[[-70.390226,-26.873282],[-70.394521,-26.876347],[-70.399437,-26.87478],[-70.400056,-26.87015],[-70.404972,-26.868583],[-70.409268,-26.871647],[-70.414183,-26.87008],[-70.414803,-26.865449],[-70.410506,-26.862385],[-70.411126,-26.857754],[-70.40683,-26.85469],[-70.401915,-26.856257],[-70.401295,-26.860888],[-70.39638,-26.862455],[-70.39576,-26.867086],[-70.390845,-26.868652],[-70.390226,-26.873282]],[[-70.403773,-26.842362],[-70.403153,-26.846994],[-70.407449,-26.850058],[-70.412364,-26.84849],[-70.412984,-26.843858],[-70.417899,-26.84229],[-70.422195,-26.845354],[-70.427111,-26.843786],[-70.42773,-26.839153],[-70.423434,-26.836089],[-70.418518,-26.837657],[-70.414222,-26.834593],[-70.409307,-26.836161],[-70.405012,-26.833097],[-70.400097,-26.834665],[-70.399477,-26.839297],[-70.403773,-26.842362]]]},"properties":{"comuna":"Caldera","mancha_id":"03102-88b2000081fffff","clase":"Muy Bajo","nivel_medio":0.024,"nivel_medio_min":0.0,"nivel_medio_max":0.499,"pct_alto":0.3,"n_hexagonos":4959,"area_ha":337395.88}},{"type":"Feature","geometry":{"type":"Polygon","coordinates":[[[-70.764857,-27.351699],[-70.759922,-27.353263],[-70.758908,-27.352547],[-70.763433,-27.345645],[-70.767959,-27.338742],[-70.770121,-27.335445],[-70.767676,-27.33313],[-70.772257,-27.331677],[-70.776576,-27.334726],[-70.781512,-27.33316],[-70.785832,-27.33621],[-70.790767,-27.334644],[-70.795088,-27.337693],[-70.800024,-27.336126],[-70.80064,-27.331511],[-70.805576,-27.329944],[-70.809896,-27.332993],[-70.809281,-27.337609],[-70.804344,-27.339175],[-70.803729,-27.34379],[-70.798792,-27.345357],[-70.794472,-27.342308],[-70.789536,-27.343874],[-70.78892,-27.348488],[-70.783984,-27.350054],[-70.779664,-27.347005],[-70.774728,-27.34857],[-70.770409,-27.34552],[-70.765473,-27.347085],[-70.764857,-27.351699]]]},"properties":{"comuna":"Caldera","mancha_id":"03102-88b2039025fffff","clase":"Bajo","nivel_medio":0.775,"nivel_medio_min":0.568,"nivel_medio_max":0.927,"pct_alto":3.5,"n_hexagonos":9,"area_ha":559.65}},{"type":"Feature","geometry":{"type":"Polygon","coordinates":[[[-70.90826,-27.62589],[-70.907995,-27.626059],[-70.908103,-27.62525],[-70.90822,-27.62517],[-70.90838,-27.62505],[-70.9085,-27.62491],[-70.90865,-27.62491],[-70.90879,-27.62499],[-70.90889,-27.62523],[-70.90885,-27.62543],[-70.90826,-27.62589]]]},"properties":{"comuna":"Caldera","mancha_id":"03102-88b2038995fffff","clase":"Bajo","nivel_medio":0.549,"nivel_medio_min":0.549,"nivel_medio_max":0.549,"pct_alto":0.0,"n_hexagonos":1,"area_ha":0.61}},{"type":"Feature","geometry":{"type":"Polygon","coordinates":[[[-70.926913,-27.768006],[-70.922581,-27.764967],[-70.922946,-27.76224],[-70.923723,-27.762551],[-70.924729,-27.762886],[-70.925567,-27.763221],[-70.926574,-27.763305],[-70.927161,-27.763473],[-70.92758,-27.764228],[-70.927664,-27.764982],[-70.927496,-27.76624],[-70.927333,-27.767874],[-70.926913,-27.768006]]]},"properties":{"comuna":"Caldera","mancha_id":"03102-88b203118bfffff","clase":"Bajo","nivel_medio":0.784,"nivel_medio_min":0.784,"nivel_medio_max":0.784,"pct_alto":14.7,"n_hexagonos":1,"area_ha":19.43}},{"type":"Feature","geometry":{"type":"Polygon","coordinates":[[[-70.422195,-26.845354],[-70.417899,-26.84229],[-70.412984,-26.843858],[-70.412364,-26.84849],[-70.407449,-26.850058],[-70.403153,-26.846994],[-70.403773,-26.842362],[-70.399477,-26.839297],[-70.400097,-26.834665],[-70.405012,-26.833097],[-70.409307,-26.836161],[-70.414222,-26.834593],[-70.418518,-26.837657],[-70.423434,-26.836089],[-70.42773,-26.839153],[-70.427111,-26.843786],[-70.422195,-26.845354]]]},"properties":{"comuna":"Caldera","mancha_id":"03102-88b200af0bfffff","clase":"Bajo","nivel_medio":0.888,"nivel_medio_min":0.669,"nivel_medio_max":1.112,"pct_alto":0.0,"n_hexagonos":4,"area_ha":288.07}},{"type":"Feature","geometry":{"type":"Polygon","coordinates":[[[-70.39576,-26.867086],[-70.39638,-26.862455],[-70.401295,-26.860888],[-70.401915,-26.856257],[-70.40683,-26.85469],[-70.411126,-26.857754],[-70.410506,-26.862385],[-70.414803,-26.865449],[-70.414183,-26.87008],[-70.409268,-26.871647],[-70.404972,-26.868583],[-70.400056,-26.87015],[-70.399437,-26.87478],[-70.394521,-26.876347],[-70.390226,-26.873282],[-70.390845,-26.868652],[-70.39576,-26.867086]]]},"properties":{"comuna":"Caldera","mancha_id":"03102-88b200ac45fffff","clase":"Bajo","nivel_medio":0.585,"nivel_medio_min":0.52,"nivel_medio_max":0.671,"pct_alto":0.0,"n_hexagonos":4,"area_ha":287.93}},{"type":"Feature","geometry":{"type":"Polygon","coordinates":[[[-70.534029,-26.853998],[-70.534647,-26.849364],[-70.539566,-26.847791],[-70.543868,-26.850853],[-70.54325,-26.855487],[-70.538331,-26.85706],[-70.534029,-26.853998]]]},"properties":{"comuna":"Caldera","mancha_id":"03102-88b200a9d1fffff","clase":"Bajo","nivel_medio":0.759,"nivel_medio_min":0.759,"nivel_medio_max":0.759,"pct_alto":0.5,"n_hexagonos":1,"area_ha":72.11}},{"type":"Feature","geometry":{"type":"Polygon","coordinates":[[[-70.545081,-26.877085],[-70.545699,-26.872451],[-70.550619,-26.870879],[-70.554922,-26.87394],[-70.554304,-26.878574],[-70.549384,-26.880146],[-70.545081,-26.877085]]]},"properties":{"comuna":"Caldera","mancha_id":"03102-88b200a995fffff","clase":"Bajo","nivel_medio":0.588,"nivel_medio_min":0.588,"nivel_medio_max":0.588,"pct_alto":10.8,"n_hexagonos":1,"area_ha":72.09}},{"type":"Feature","geometry":{"type":"Polygon","coordinates":[[[-70.514379,-26.824782],[-70.510079,-26.821719],[-70.505161,-26.823292],[-70.504543,-26.827927],[-70.499625,-26.829499],[-70.495326,-26.826436],[-70.495944,-26.821801],[-70.500861,-26.820229],[-70.50148,-26.815593],[-70.506397,-26.814021],[-70.510697,-26.817084],[-70.515615,-26.815511],[-70.519915,-26.818573],[-70.519297,-26.823209],[-70.514379,-26.824782]]]},"properties":{"comuna":"Caldera","mancha_id":"03102-88b200a811fffff","clase":"Bajo","nivel_medio":0.791,"nivel_medio_min":0.574,"nivel_medio_max":1.134,"pct_alto":12.2,"n_hexagonos":3,"area_ha":216.36}},{"type":"Feature","geometry":{"type":"Polygon","coordinates":[[[-70.462208,-26.757134],[-70.462827,-26.752496],[-70.467742,-26.750923],[-70.468357,-26.74631],[-70.468613,-26.746263],[-70.469919,-26.746112],[-70.471023,-26.745778],[-70.47166,-26.745393],[-70.472246,-26.745041],[-70.473276,-26.744711],[-70.477573,-26.747776],[-70.482489,-26.746202],[-70.486787,-26.749266],[-70.491703,-26.747692],[-70.492321,-26.743053],[-70.497237,-26.741478],[-70.497855,-26.736838],[-70.497871,-26.736833],[-70.497907,-26.736872],[-70.498175,-26.73719],[-70.498627,-26.737291],[-70.499079,-26.737358],[-70.499431,-26.737525],[-70.5,-26.737598],[-70.500083,-26.737609],[-70.500971,-26.737558],[-70.501808,-26.737341],[-70.502645,-26.736822],[-70.503364,-26.736169],[-70.503765,-26.735972],[-70.507069,-26.738327],[-70.511986,-26.736752],[-70.512335,-26.734127],[-70.513007,-26.734143],[-70.513592,-26.733959],[-70.514095,-26.733742],[-70.514429,-26.733491],[-70.514831,-26.733256],[-70.515384,-26.733139],[-70.515819,-26.733223],[-70.516254,-26.733507],[-70.516806,-26.733625],[-70.517225,-26.733574],[-70.517995,-26.733307],[-70.518614,-26.732804],[-70.5192,-26.732637],[-70.519903,-26.732419],[-70.520095,-26.732371],[-70.520774,-26.732202],[-70.521778,-26.731984],[-70.522615,-26.731699],[-70.523034,-26.731264],[-70.523167,-26.730578],[-70.523101,-26.729707],[-70.52295,-26.728569],[-70.523034,-26.727782],[-70.523335,-26.727314],[-70.52382,-26.726878],[-70.52444,-26.726611],[-70.525076,-26.72646],[-70.525607,-26.726138],[-70.527354,-26.727383],[-70.526736,-26.732023],[-70.531035,-26.735087],[-70.530418,-26.739727],[-70.525501,-26.741304],[-70.524883,-26.745943],[-70.519966,-26.747519],[-70.519348,-26.752159],[-70.514431,-26.753734],[-70.513813,-26.758373],[-70.508896,-26.759948],[-70.508278,-26.764586],[-70.503361,-26.766161],[-70.502743,-26.770799],[-70.507042,-26.773863],[-70.506424,-26.7785],[-70.501507,-26.780074],[-70.500889,-26.784712],[-70.505188,-26.787775],[-70.50457,-26.792412],[-70.499653,-26.793986],[-70.495354,-26.790922],[-70.490437,-26.792495],[-70.489819,-26.797131],[-70.494118,-26.800195],[-70.493499,-26.804831],[-70.488582,-26.806404],[-70.484284,-26.80334],[-70.479367,-26.804912],[-70.475069,-26.801849],[-70.475687,-26.797213],[-70.471389,-26.794149],[-70.472008,-26.789513],[-70.46771,-26.786448],[-70.468329,-26.781812],[-70.464031,-26.778748],[-70.46465,-26.774111],[-70.469566,-26.772538],[-70.470184,-26.767901],[-70.465887,-26.764836],[-70.466505,-26.760199],[-70.462208,-26.757134]],[[-70.480634,-26.760117],[-70.475718,-26.76169],[-70.4751,-26.766328],[-70.479397,-26.769392],[-70.484314,-26.767819],[-70.488612,-26.770883],[-70.493528,-26.769309],[-70.494146,-26.764671],[-70.489848,-26.761607],[-70.490466,-26.756969],[-70.486168,-26.753905],[-70.481252,-26.755479],[-70.480634,-26.760117]],[[-70.483077,-26.777094],[-70.478779,-26.77403],[-70.473863,-26.775602],[-70.473245,-26.780239],[-70.477542,-26.783304],[-70.482459,-26.781731],[-70.486757,-26.784795],[-70.491674,-26.783221],[-70.492292,-26.778584],[-70.487993,-26.77552],[-70.483077,-26.777094]]]},"properties":{"comuna":"Caldera","mancha_id":"03102-88b200a121fffff","clase":"Bajo","nivel_medio":0.776,"nivel_medio_min":0.513,"nivel_medio_max":1.25,"pct_alto":4.1,"n_hexagonos":34,"area_ha":2385.94}},{"type":"Feature","geometry":{"type":"Polygon","coordinates":[[[-70.684498,-26.644741],[-70.687623,-26.644731],[-70.684736,-26.645662],[-70.684642,-26.645495],[-70.684525,-26.645153],[-70.68447,-26.64492],[-70.684498,-26.644741]]]},"properties":{"comuna":"Caldera","mancha_id":"03102-88b2008d83fffff","clase":"Bajo","nivel_medio":0.831,"nivel_medio_min":0.831,"nivel_medio_max":0.831,"pct_alto":0.6,"n_hexagonos":1,"area_ha":1.64}},{"type":"Feature","geometry":{"type":"Polygon","coordinates":[[[-70.900025,-27.330886],[-70.900639,-27.326268],[-70.905578,-27.324697],[-70.909903,-27.327744],[-70.909289,-27.332362],[-70.90435,-27.333933],[-70.900025,-27.330886]]]},"properties":{"comuna":"Caldera","mancha_id":"03102-88b20065bdfffff","clase":"Bajo","nivel_medio":0.619,"nivel_medio_min":0.619,"nivel_medio_max":0.619,"pct_alto":11.2,"n_hexagonos":1,"area_ha":71.86}},{"type":"Feature","geometry":{"type":"Polygon","coordinates":[[[-70.928407,-27.295312],[-70.933346,-27.293739],[-70.935568,-27.295304],[-70.93553,-27.29548],[-70.93535,-27.2962],[-70.93514,-27.29677],[-70.9351,-27.29717],[-70.93502,-27.2979],[-70.93486,-27.29846],[-70.93464,-27.29896],[-70.93447,-27.29939],[-70.93426,-27.29993],[-70.9341,-27.30028],[-70.93378,-27.30066],[-70.93355,-27.30097],[-70.93341,-27.30127],[-70.9333,-27.30174],[-70.93307,-27.3023],[-70.93294,-27.30263],[-70.932922,-27.302724],[-70.932118,-27.30298],[-70.931504,-27.307599],[-70.931866,-27.307854],[-70.93188,-27.30807],[-70.93198,-27.30862],[-70.93197,-27.30941],[-70.93196,-27.30994],[-70.932,-27.31055],[-70.93197,-27.31115],[-70.93188,-27.31144],[-70.93184,-27.31203],[-70.93183,-27.31225],[-70.93182,-27.31241],[-70.93183,-27.31314],[-70.93186,-27.31342],[-70.93198,-27.31427],[-70.93205,-27.31487],[-70.93215,-27.31551],[-70.93217,-27.31612],[-70.93217,-27.316235],[-70.930276,-27.316838],[-70.929662,-27.321457],[-70.924722,-27.323029],[-70.924108,-27.327648],[-70.919168,-27.32922],[-70.914843,-27.326173],[-70.915457,-27.321554],[-70.911132,-27.318507],[-70.911746,-27.313889],[-70.916686,-27.312317],[-70.921011,-27.315364],[-70.925951,-27.313791],[-70.926565,-27.309172],[-70.922239,-27.306125],[-70.922853,-27.301505],[-70.927793,-27.299933],[-70.928407,-27.295312]]]},"properties":{"comuna":"Caldera","mancha_id":"03102-88b2006533fffff","clase":"Bajo","nivel_medio":0.853,"nivel_medio_min":0.505,"nivel_medio_max":1.474,"pct_alto":14.8,"n_hexagonos":6,"area_ha":386.44}},{"type":"Feature","geometry":{"type":"Polygon","coordinates":[[[-70.727832,-26.991651],[-70.728448,-26.98702],[-70.724136,-26.983964],[-70.724752,-26.979332],[-70.729679,-26.977756],[-70.733991,-26.980812],[-70.733376,-26.985444],[-70.737688,-26.9885],[-70.737072,-26.993132],[-70.732144,-26.994707],[-70.727832,-26.991651]]]},"properties":{"comuna":"Caldera","mancha_id":"03102-88b2003b0bfffff","clase":"Bajo","nivel_medio":0.923,"nivel_medio_min":0.846,"nivel_medio_max":0.999,"pct_alto":17.1,"n_hexagonos":2,"area_ha":144.23}},{"type":"Feature","geometry":{"type":"Polygon","coordinates":[[[-70.679793,-26.998134],[-70.680409,-26.993504],[-70.685336,-26.99193],[-70.689646,-26.994987],[-70.68903,-26.999618],[-70.684103,-27.001191],[-70.679793,-26.998134]]]},"properties":{"comuna":"Caldera","mancha_id":"03102-88b2003a3dfffff","clase":"Bajo","nivel_medio":0.699,"nivel_medio_min":0.699,"nivel_medio_max":0.699,"pct_alto":14.2,"n_hexagonos":1,"area_ha":72.07}},{"type":"Feature","geometry":{"type":"Polygon","coordinates":[[[-70.694573,-26.993413],[-70.695189,-26.988782],[-70.700116,-26.987208],[-70.700732,-26.982576],[-70.705659,-26.981002],[-70.70997,-26.984058],[-70.709354,-26.98869],[-70.704427,-26.990264],[-70.703811,-26.994895],[-70.698884,-26.99647],[-70.694573,-26.993413]]]},"properties":{"comuna":"Caldera","mancha_id":"03102-88b2003a21fffff","clase":"Bajo","nivel_medio":0.888,"nivel_medio_min":0.657,"nivel_medio_max":1.119,"pct_alto":27.2,"n_hexagonos":2,"area_ha":144.18}},{"type":"Feature","geometry":{"type":"Polygon","coordinates":[[[-70.661322,-26.995167],[-70.661938,-26.990536],[-70.666864,-26.988963],[-70.671173,-26.992021],[-70.670557,-26.996651],[-70.665631,-26.998224],[-70.661322,-26.995167]]]},"properties":{"comuna":"Caldera","mancha_id":"03102-88b2003a15fffff","clase":"Bajo","nivel_medio":1.045,"nivel_medio_min":1.045,"nivel_medio_max":1.045,"pct_alto":30.6,"n_hexagonos":1,"area_ha":72.05}},{"type":"Feature","geometry":{"type":"Polygon","coordinates":[[[-70.677949,-26.976554],[-70.678565,-26.971923],[-70.683491,-26.970349],[-70.684107,-26.965717],[-70.689034,-26.964142],[-70.693344,-26.967199],[-70.692727,-26.971831],[-70.697038,-26.974888],[-70.696421,-26.97952],[-70.691495,-26.981094],[-70.687185,-26.978037],[-70.682259,-26.979612],[-70.677949,-26.976554]]]},"properties":{"comuna":"Caldera","mancha_id":"03102-88b2003a0dfffff","clase":"Bajo","nivel_medio":1.266,"nivel_medio_min":1.004,"nivel_medio_max":1.441,"pct_alto":39.7,"n_hexagonos":3,"area_ha":216.29}},{"type":"Feature","geometry":{"type":"Polygon","coordinates":[[[-70.794393,-27.059051],[-70.795009,-27.054422],[-70.79994,-27.052845],[-70.804256,-27.055899],[-70.803641,-27.060529],[-70.798709,-27.062105],[-70.794393,-27.059051]]]},"properties":{"comuna":"Caldera","mancha_id":"03102-88b2003925fffff","clase":"Bajo","nivel_medio":1.176,"nivel_medio_min":1.176,"nivel_medio_max":1.176,"pct_alto":36.8,"n_hexagonos":1,"area_ha":72.09}},{"type":"Feature","geometry":{"type":"Polygon","coordinates":[[[-70.742629,-27.128741],[-70.743245,-27.124116],[-70.748175,-27.122544],[-70.75249,-27.125597],[-70.751875,-27.130222],[-70.746944,-27.131794],[-70.742629,-27.128741]]]},"properties":{"comuna":"Caldera","mancha_id":"03102-88b2002b43fffff","clase":"Bajo","nivel_medio":0.916,"nivel_medio_min":0.916,"nivel_medio_max":0.916,"pct_alto":18.1,"n_hexagonos":1,"area_ha":71.97}},{"type":"Feature","geometry":{"type":"Polygon","coordinates":[[[-70.696408,-27.156741],[-70.697024,-27.152118],[-70.701954,-27.15055],[-70.706267,-27.153603],[-70.705651,-27.158226],[-70.700721,-27.159795],[-70.696408,-27.156741]]]},"properties":{"comuna":"Caldera","mancha_id":"03102-88b2002a35fffff","clase":"Bajo","nivel_medio":0.689,"nivel_medio_min":0.689,"nivel_medio_max":0.689,"pct_alto":21.0,"n_hexagonos":1,"area_ha":71.9}},{"type":"Feature","geometry":{"type":"Polygon","coordinates":[[[-70.650452,-26.6745],[-70.652163,-26.673949],[-70.652267,-26.673165],[-70.652316,-26.673097],[-70.652343,-26.672669],[-70.652353,-26.672515],[-70.6524,-26.672162],[-70.65257,-26.671571],[-70.652825,-26.671008],[-70.653414,-26.670419],[-70.654124,-26.669803],[-70.654566,-26.669307],[-70.655168,-26.668611],[-70.655246,-26.668508],[-70.655597,-26.668049],[-70.656025,-26.667205],[-70.656561,-26.666281],[-70.65703,-26.665986],[-70.657351,-26.665866],[-70.657965,-26.66571],[-70.657699,-26.667719],[-70.662003,-26.670781],[-70.661387,-26.675428],[-70.665691,-26.67849],[-70.670611,-26.676906],[-70.671227,-26.672259],[-70.666923,-26.669197],[-70.667262,-26.666633],[-70.667448,-26.666562],[-70.668011,-26.666321],[-70.668627,-26.665906],[-70.669203,-26.665531],[-70.669913,-26.665236],[-70.67089,-26.664875],[-70.671546,-26.664593],[-70.672055,-26.664312],[-70.672819,-26.664245],[-70.673568,-26.664339],[-70.674158,-26.664473],[-70.674747,-26.664875],[-70.675363,-26.665397],[-70.676073,-26.665892],[-70.676568,-26.665973],[-70.676663,-26.665957],[-70.676763,-26.666028],[-70.67735,-26.665839],[-70.677506,-26.665812],[-70.678376,-26.665638],[-70.67922,-26.665317],[-70.679796,-26.665116],[-70.680325,-26.664881],[-70.681399,-26.664534],[-70.681456,-26.664527],[-70.681813,-26.664535],[-70.682032,-26.66454],[-70.683023,-26.664527],[-70.684094,-26.664486],[-70.684965,-26.664366],[-70.685393,-26.664219],[-70.685608,-26.663991],[-70.686117,-26.663375],[-70.686465,-26.662853],[-70.687054,-26.662116],[-70.687469,-26.661527],[-70.688152,-26.661045],[-70.688594,-26.660924],[-70.689223,-26.660884],[-70.69008,-26.660737],[-70.690464,-26.660517],[-70.690549,-26.660469],[-70.690777,-26.66004],[-70.690938,-26.659585],[-70.690813,-26.658822],[-70.690684,-26.658275],[-70.690577,-26.657857],[-70.690684,-26.657697],[-70.690856,-26.657665],[-70.691284,-26.657568],[-70.691659,-26.657268],[-70.691959,-26.65685],[-70.692313,-26.65609],[-70.692495,-26.655897],[-70.692538,-26.655425],[-70.692506,-26.654815],[-70.692474,-26.654472],[-70.692227,-26.653797],[-70.691766,-26.65324],[-70.691338,-26.653004],[-70.690581,-26.652677],[-70.692756,-26.651976],[-70.697062,-26.655038],[-70.696446,-26.659686],[-70.700752,-26.662748],[-70.700136,-26.667396],[-70.704442,-26.670457],[-70.703827,-26.675105],[-70.698905,-26.67669],[-70.69829,-26.681337],[-70.702596,-26.684398],[-70.701981,-26.689045],[-70.697059,-26.69063],[-70.696443,-26.695276],[-70.70075,-26.698337],[-70.705671,-26.696752],[-70.709978,-26.699813],[-70.709363,-26.704459],[-70.704441,-26.706044],[-70.700134,-26.702983],[-70.695212,-26.704567],[-70.690906,-26.701506],[-70.685985,-26.70309],[-70.681679,-26.700029],[-70.676758,-26.701613],[-70.672453,-26.698551],[-70.667532,-26.700134],[-70.666916,-26.704779],[-70.661995,-26.706362],[-70.661379,-26.711007],[-70.656459,-26.712589],[-70.652154,-26.709528],[-70.647234,-26.71111],[-70.64293,-26.708048],[-70.63801,-26.70963],[-70.633706,-26.706567],[-70.628786,-26.708149],[-70.624483,-26.705086],[-70.6251,-26.700442],[-70.620797,-26.69738],[-70.621413,-26.692735],[-70.617298,-26.689806],[-70.617328,-26.689783],[-70.617629,-26.689532],[-70.618115,-26.689415],[-70.618567,-26.689348],[-70.619203,-26.689465],[-70.619856,-26.689633],[-70.620408,-26.689817],[-70.62091,-26.690101],[-70.621111,-26.690219],[-70.621463,-26.690503],[-70.621965,-26.690771],[-70.622417,-26.690821],[-70.623137,-26.690738],[-70.623522,-26.690704],[-70.623873,-26.69062],[-70.624292,-26.690486],[-70.624744,-26.690219],[-70.625146,-26.690101],[-70.625865,-26.689917],[-70.626496,-26.689917],[-70.626568,-26.689917],[-70.627138,-26.690202],[-70.627556,-26.690654],[-70.627975,-26.691273],[-70.628477,-26.69196],[-70.628979,-26.692462],[-70.629548,-26.692763],[-70.630435,-26.692847],[-70.631138,-26.692847],[-70.631674,-26.692763],[-70.632126,-26.692579],[-70.632695,-26.692428],[-70.633398,-26.692378],[-70.633951,-26.692462],[-70.634503,-26.692545],[-70.634938,-26.692562],[-70.635491,-26.692512],[-70.635573,-26.692501],[-70.63601,-26.692445],[-70.636863,-26.692445],[-70.637935,-26.692512],[-70.63924,-26.692428],[-70.640345,-26.692278],[-70.641099,-26.69211],[-70.641701,-26.691993],[-70.642354,-26.691775],[-70.642856,-26.691893],[-70.643258,-26.692077],[-70.644078,-26.692478],[-70.644951,-26.692813],[-70.645434,-26.692997],[-70.646673,-26.693198],[-70.647292,-26.693148],[-70.647644,-26.69283],[-70.647644,-26.692545],[-70.647309,-26.691976],[-70.646773,-26.691424],[-70.646405,-26.690905],[-70.646372,-26.690152],[-70.646505,-26.689616],[-70.646648,-26.689066],[-70.64674,-26.688712],[-70.646907,-26.687858],[-70.647175,-26.687339],[-70.647342,-26.687138],[-70.647644,-26.686887],[-70.647962,-26.686419],[-70.648246,-26.685732],[-70.648397,-26.685079],[-70.648364,-26.684109],[-70.64833,-26.683406],[-70.648313,-26.682267],[-70.648447,-26.681748],[-70.648522,-26.681527],[-70.648765,-26.680811],[-70.649067,-26.680024],[-70.649267,-26.679254],[-70.649284,-26.678333],[-70.649167,-26.677363],[-70.649209,-26.676432],[-70.64941,-26.675588],[-70.649825,-26.674972],[-70.650186,-26.674651],[-70.650452,-26.6745]],[[-70.678605,-26.687676],[-70.67799,-26.692322],[-70.682295,-26.695383],[-70.687216,-26.693799],[-70.687832,-26.689153],[-70.683526,-26.686091],[-70.678605,-26.687676]]]},"properties":{"comuna":"Caldera","mancha_id":"03102-88b2001601fffff","clase":"Bajo","nivel_medio":1.036,"nivel_medio_min":0.532,"nivel_medio_max":1.491,"pct_alto":16.4,"n_hexagonos":42,"area_ha":2648.8}},{"type":"Feature","geometry":{"type":"Polygon","coordinates":[[[-70.687208,-26.764938],[-70.687824,-26.760295],[-70.692747,-26.758713],[-70.697054,-26.761774],[-70.696438,-26.766416],[-70.691515,-26.767998],[-70.690899,-26.77264],[-70.685977,-26.774222],[-70.685361,-26.778863],[-70.680438,-26.780445],[-70.676132,-26.777384],[-70.676748,-26.772743],[-70.68167,-26.771161],[-70.682286,-26.766519],[-70.687208,-26.764938]]]},"properties":{"comuna":"Caldera","mancha_id":"03102-88b20015cbfffff","clase":"Bajo","nivel_medio":0.844,"nivel_medio_min":0.663,"nivel_medio_max":1.033,"pct_alto":10.5,"n_hexagonos":3,"area_ha":216.97}},{"type":"Feature","geometry":{"type":"Polygon","coordinates":[[[-70.683513,-26.792787],[-70.684129,-26.788146],[-70.689052,-26.786565],[-70.693359,-26.789625],[-70.692743,-26.794266],[-70.68782,-26.795847],[-70.683513,-26.792787]]]},"properties":{"comuna":"Caldera","mancha_id":"03102-88b200159dfffff","clase":"Bajo","nivel_medio":0.504,"nivel_medio_min":0.504,"nivel_medio_max":0.504,"pct_alto":4.8,"n_hexagonos":1,"area_ha":72.3}},{"type":"Feature","geometry":{"type":"Polygon","coordinates":[[[-70.658292,-26.769783],[-70.653986,-26.766722],[-70.649065,-26.768302],[-70.64476,-26.765241],[-70.645376,-26.7606],[-70.650297,-26.759019],[-70.654602,-26.76208],[-70.659524,-26.7605],[-70.663829,-26.763561],[-70.663213,-26.768202],[-70.658292,-26.769783]]]},"properties":{"comuna":"Caldera","mancha_id":"03102-88b20014e1fffff","clase":"Bajo","nivel_medio":1.183,"nivel_medio_min":1.082,"nivel_medio_max":1.284,"pct_alto":9.9,"n_hexagonos":2,"area_ha":144.6}},{"type":"Feature","geometry":{"type":"Polygon","coordinates":[[[-70.652137,-26.780645],[-70.652754,-26.776004],[-70.657675,-26.774424],[-70.661981,-26.777485],[-70.661365,-26.782126],[-70.656443,-26.783706],[-70.652137,-26.780645]]]},"properties":{"comuna":"Caldera","mancha_id":"03102-88b20014a9fffff","clase":"Bajo","nivel_medio":0.555,"nivel_medio_min":0.555,"nivel_medio_max":0.555,"pct_alto":8.2,"n_hexagonos":1,"area_ha":72.29}},{"type":"Feature","geometry":{"type":"Polygon","coordinates":[[[-70.634301,-26.773042],[-70.629997,-26.76998],[-70.625076,-26.77156],[-70.624459,-26.7762],[-70.619539,-26.777779],[-70.615235,-26.774717],[-70.610314,-26.776296],[-70.606011,-26.773234],[-70.601091,-26.774812],[-70.600474,-26.779452],[-70.595554,-26.78103],[-70.591251,-26.777968],[-70.591868,-26.773328],[-70.596788,-26.77175],[-70.597405,-26.76711],[-70.593102,-26.764048],[-70.593719,-26.759408],[-70.598638,-26.757829],[-70.602941,-26.760891],[-70.607861,-26.759313],[-70.612164,-26.762375],[-70.617085,-26.760796],[-70.621388,-26.763857],[-70.626309,-26.762278],[-70.626925,-26.757637],[-70.631846,-26.756057],[-70.63615,-26.759119],[-70.635534,-26.76376],[-70.639839,-26.766821],[-70.639222,-26.771462],[-70.634301,-26.773042]]]},"properties":{"comuna":"Caldera","mancha_id":"03102-88b2001489fffff","clase":"Bajo","nivel_medio":0.815,"nivel_medio_min":0.5,"nivel_medio_max":1.343,"pct_alto":7.4,"n_hexagonos":10,"area_ha":722.66}},{"type":"Feature","geometry":{"type":"Polygon","coordinates":[[[-70.65461,-26.726521],[-70.650306,-26.723459],[-70.645385,-26.725041],[-70.641081,-26.721979],[-70.636161,-26.72356],[-70.635544,-26.728204],[-70.630624,-26.729784],[-70.630008,-26.734427],[-70.634312,-26.737489],[-70.633695,-26.742131],[-70.628775,-26.743712],[-70.624471,-26.74065],[-70.619551,-26.74223],[-70.615248,-26.739168],[-70.610328,-26.740748],[-70.606025,-26.737685],[-70.601106,-26.739265],[-70.596803,-26.736202],[-70.59742,-26.73156],[-70.593118,-26.728498],[-70.593735,-26.723855],[-70.589433,-26.720793],[-70.59005,-26.71615],[-70.594968,-26.71457],[-70.59927,-26.717633],[-70.598654,-26.722276],[-70.602956,-26.725338],[-70.607875,-26.723758],[-70.608492,-26.719116],[-70.604189,-26.716053],[-70.604806,-26.71141],[-70.609725,-26.70983],[-70.614028,-26.712892],[-70.618947,-26.711311],[-70.62325,-26.714374],[-70.62817,-26.712793],[-70.632473,-26.715855],[-70.637393,-26.714273],[-70.641697,-26.717336],[-70.646618,-26.715754],[-70.650922,-26.718816],[-70.655843,-26.717234],[-70.660147,-26.720295],[-70.659531,-26.724939],[-70.65461,-26.726521]]]},"properties":{"comuna":"Caldera","mancha_id":"03102-88b2001451fffff","clase":"Bajo","nivel_medio":0.845,"nivel_medio_min":0.549,"nivel_medio_max":1.428,"pct_alto":7.9,"n_hexagonos":18,"area_ha":1301.72}},{"type":"Feature","geometry":{"type":"Polygon","coordinates":[[[-70.652762,-26.74045],[-70.648457,-26.737389],[-70.643537,-26.73897],[-70.639232,-26.735908],[-70.639849,-26.731265],[-70.644769,-26.729684],[-70.649074,-26.732746],[-70.653994,-26.731164],[-70.658299,-26.734226],[-70.66322,-26.732644],[-70.667526,-26.735705],[-70.66691,-26.740348],[-70.661988,-26.74193],[-70.657683,-26.738869],[-70.652762,-26.74045]]]},"properties":{"comuna":"Caldera","mancha_id":"03102-88b2001419fffff","clase":"Bajo","nivel_medio":1.07,"nivel_medio_min":0.642,"nivel_medio_max":1.367,"pct_alto":13.9,"n_hexagonos":3,"area_ha":217.0}},{"type":"Feature","geometry":{"type":"Polygon","coordinates":[[[-70.668758,-26.726418],[-70.669374,-26.721774],[-70.674295,-26.720191],[-70.674911,-26.715547],[-70.679832,-26.713964],[-70.684138,-26.717025],[-70.683522,-26.72167],[-70.687828,-26.724731],[-70.69275,-26.723147],[-70.697056,-26.726208],[-70.696441,-26.730853],[-70.691519,-26.732436],[-70.687212,-26.729375],[-70.68229,-26.730958],[-70.677985,-26.727897],[-70.673063,-26.729479],[-70.668758,-26.726418]]]},"properties":{"comuna":"Caldera","mancha_id":"03102-88b2001409fffff","clase":"Bajo","nivel_medio":1.069,"nivel_medio_min":0.96,"nivel_medio_max":1.288,"pct_alto":28.1,"n_hexagonos":4,"area_ha":289.48}},{"type":"Feature","geometry":{"type":"Polygon","coordinates":[[[-70.735216,-26.86503],[-70.735832,-26.860392],[-70.740757,-26.858811],[-70.745068,-26.861869],[-70.744453,-26.866507],[-70.739527,-26.868088],[-70.735216,-26.86503]]]},"properties":{"comuna":"Caldera","mancha_id":"03102-88b2000735fffff","clase":"Bajo","nivel_medio":0.751,"nivel_medio_min":0.751,"nivel_medio_max":0.751,"pct_alto":23.9,"n_hexagonos":1,"area_ha":72.26}},{"type":"Feature","geometry":{"type":"Polygon","coordinates":[[[-70.750609,-26.855649],[-70.746299,-26.852591],[-70.741373,-26.854172],[-70.737062,-26.851114],[-70.737678,-26.846475],[-70.742603,-26.844894],[-70.746914,-26.847952],[-70.75184,-26.846371],[-70.756151,-26.849428],[-70.755536,-26.854068],[-70.750609,-26.855649]]]},"properties":{"comuna":"Caldera","mancha_id":"03102-88b2000721fffff","clase":"Bajo","nivel_medio":1.009,"nivel_medio_min":0.726,"nivel_medio_max":1.292,"pct_alto":22.2,"n_hexagonos":2,"area_ha":144.56}},{"type":"Feature","geometry":{"type":"Polygon","coordinates":[[[-70.617046,-26.867381],[-70.617663,-26.862746],[-70.622585,-26.86117],[-70.626891,-26.86423],[-70.626274,-26.868866],[-70.621351,-26.870442],[-70.617046,-26.867381]]]},"properties":{"comuna":"Caldera","mancha_id":"03102-88b2000689fffff","clase":"Bajo","nivel_medio":0.532,"nivel_medio_min":0.532,"nivel_medio_max":0.532,"pct_alto":1.5,"n_hexagonos":1,"area_ha":72.16}},{"type":"Feature","geometry":{"type":"Polygon","coordinates":[[[-70.642891,-26.850228],[-70.643508,-26.845591],[-70.648431,-26.844013],[-70.652737,-26.847073],[-70.652121,-26.85171],[-70.647198,-26.853288],[-70.646581,-26.857924],[-70.641658,-26.859501],[-70.637352,-26.856441],[-70.63243,-26.858018],[-70.628124,-26.854958],[-70.628741,-26.850321],[-70.633663,-26.848745],[-70.637969,-26.851805],[-70.642891,-26.850228]]]},"properties":{"comuna":"Caldera","mancha_id":"03102-88b2000617fffff","clase":"Bajo","nivel_medio":0.812,"nivel_medio_min":0.599,"nivel_medio_max":1.078,"pct_alto":2.5,"n_hexagonos":3,"area_ha":216.58}},{"type":"Feature","geometry":{"type":"Polygon","coordinates":[[[-70.663816,-26.834642],[-70.659509,-26.831582],[-70.654586,-26.83316],[-70.65028,-26.8301],[-70.645357,-26.831678],[-70.644741,-26.836316],[-70.639819,-26.837893],[-70.635513,-26.834833],[-70.630591,-26.83641],[-70.626286,-26.83335],[-70.621364,-26.834927],[-70.617059,-26.831866],[-70.617676,-26.827229],[-70.622597,-26.825652],[-70.623214,-26.821014],[-70.628136,-26.819436],[-70.632441,-26.822497],[-70.637363,-26.820919],[-70.637979,-26.816281],[-70.642901,-26.814703],[-70.647207,-26.817763],[-70.652129,-26.816184],[-70.652745,-26.811545],[-70.657668,-26.809966],[-70.658284,-26.805327],[-70.653978,-26.802267],[-70.654594,-26.797627],[-70.659516,-26.796047],[-70.663823,-26.799108],[-70.668745,-26.797528],[-70.669361,-26.792888],[-70.674284,-26.791307],[-70.67859,-26.794367],[-70.677974,-26.799008],[-70.682281,-26.802068],[-70.681665,-26.806708],[-70.685973,-26.809768],[-70.685357,-26.814408],[-70.680433,-26.815988],[-70.679817,-26.820627],[-70.674894,-26.822206],[-70.674278,-26.826845],[-70.678585,-26.829905],[-70.677969,-26.834544],[-70.673046,-26.836123],[-70.668739,-26.833063],[-70.663816,-26.834642]]]},"properties":{"comuna":"Caldera","mancha_id":"03102-88b2000601fffff","clase":"Bajo","nivel_medio":0.816,"nivel_medio_min":0.506,"nivel_medio_max":1.302,"pct_alto":6.5,"n_hexagonos":23,"area_ha":1661.61}},{"type":"Feature","geometry":{"type":"Polygon","coordinates":[[[-70.703814,-26.923923],[-70.70443,-26.919289],[-70.709356,-26.917711],[-70.713666,-26.920769],[-70.71305,-26.925404],[-70.708124,-26.926981],[-70.703814,-26.923923]]]},"properties":{"comuna":"Caldera","mancha_id":"03102-88b20005c3fffff","clase":"Bajo","nivel_medio":1.142,"nivel_medio_min":1.142,"nivel_medio_max":1.142,"pct_alto":29.4,"n_hexagonos":1,"area_ha":72.17}},{"type":"Feature","geometry":{"type":"Polygon","coordinates":[[[-70.759237,-26.897288],[-70.75431,-26.898868],[-70.753695,-26.903504],[-70.758006,-26.906561],[-70.762934,-26.904981],[-70.767246,-26.908038],[-70.772174,-26.906458],[-70.776486,-26.909514],[-70.775871,-26.914151],[-70.770943,-26.915731],[-70.770328,-26.920367],[-70.7654,-26.921947],[-70.764785,-26.926583],[-70.759857,-26.928162],[-70.759242,-26.932798],[-70.763555,-26.935854],[-70.762939,-26.940489],[-70.758012,-26.942068],[-70.753699,-26.939011],[-70.748771,-26.94059],[-70.744459,-26.937533],[-70.739532,-26.939111],[-70.738917,-26.943745],[-70.743228,-26.946802],[-70.742613,-26.951436],[-70.746925,-26.954492],[-70.74631,-26.959126],[-70.741382,-26.960704],[-70.73707,-26.957647],[-70.732142,-26.959224],[-70.731527,-26.963857],[-70.726599,-26.965434],[-70.725983,-26.970067],[-70.721056,-26.971643],[-70.716745,-26.968586],[-70.711818,-26.970162],[-70.707507,-26.967105],[-70.708123,-26.962473],[-70.71305,-26.960897],[-70.713666,-26.956264],[-70.718593,-26.954688],[-70.719208,-26.950054],[-70.724135,-26.948477],[-70.728447,-26.951534],[-70.733374,-26.949957],[-70.733989,-26.945323],[-70.729678,-26.942266],[-70.730294,-26.937632],[-70.735221,-26.936054],[-70.735836,-26.93142],[-70.740763,-26.929842],[-70.745075,-26.932898],[-70.750002,-26.93132],[-70.750618,-26.926684],[-70.755545,-26.925106],[-70.756161,-26.92047],[-70.751849,-26.917413],[-70.752464,-26.912777],[-70.748152,-26.90972],[-70.743225,-26.911299],[-70.738914,-26.908242],[-70.733987,-26.909821],[-70.733372,-26.914457],[-70.728445,-26.916035],[-70.724134,-26.912978],[-70.72475,-26.908342],[-70.729676,-26.906764],[-70.730292,-26.902128],[-70.725981,-26.89907],[-70.726597,-26.894434],[-70.731523,-26.892855],[-70.732139,-26.888218],[-70.727828,-26.88516],[-70.728444,-26.880523],[-70.724134,-26.877465],[-70.724749,-26.872828],[-70.729675,-26.871248],[-70.733985,-26.874306],[-70.738911,-26.872726],[-70.743222,-26.875784],[-70.748148,-26.874203],[-70.752459,-26.877261],[-70.751844,-26.881898],[-70.756156,-26.884956],[-70.761082,-26.883375],[-70.761698,-26.878737],[-70.766625,-26.877156],[-70.770937,-26.880213],[-70.770322,-26.884851],[-70.765394,-26.886432],[-70.764779,-26.89107],[-70.759852,-26.89265],[-70.759237,-26.897288]],[[-70.749998,-26.89581],[-70.750614,-26.891173],[-70.746302,-26.888116],[-70.741376,-26.889696],[-70.74076,-26.894333],[-70.735834,-26.895912],[-70.735218,-26.900549],[-70.739529,-26.903606],[-70.744456,-26.902027],[-70.745071,-26.89739],[-70.749998,-26.89581]]]},"properties":{"comuna":"Caldera","mancha_id":"03102-88b2000501fffff","clase":"Bajo","nivel_medio":1.048,"nivel_medio_min":0.522,"nivel_medio_max":1.498,"pct_alto":26.6,"n_hexagonos":34,"area_ha":2454.9}},{"type":"Feature","geometry":{"type":"Polygon","coordinates":[[[-70.642872,-26.921239],[-70.643489,-26.916605],[-70.648413,-26.91503],[-70.65272,-26.918089],[-70.652104,-26.922723],[-70.64718,-26.924297],[-70.646563,-26.92893],[-70.641639,-26.930505],[-70.637332,-26.927446],[-70.637948,-26.922813],[-70.642872,-26.921239]]]},"properties":{"comuna":"Caldera","mancha_id":"03102-88b2000489fffff","clase":"Bajo","nivel_medio":0.62,"nivel_medio_min":0.53,"nivel_medio_max":0.711,"pct_alto":12.3,"n_hexagonos":2,"area_ha":144.23}},{"type":"Feature","geometry":{"type":"Polygon","coordinates":[[[-70.70197,-26.866812],[-70.702586,-26.862174],[-70.707511,-26.860595],[-70.71182,-26.863653],[-70.711204,-26.868291],[-70.706279,-26.86987],[-70.70197,-26.866812]]]},"properties":{"comuna":"Caldera","mancha_id":"03102-88b2000469fffff","clase":"Bajo","nivel_medio":1.245,"nivel_medio_min":1.245,"nivel_medio_max":1.245,"pct_alto":27.0,"n_hexagonos":1,"area_ha":72.23}},{"type":"Feature","geometry":{"type":"Polygon","coordinates":[[[-70.695198,-26.882301],[-70.694582,-26.886937],[-70.698891,-26.889995],[-70.698275,-26.894631],[-70.69335,-26.896209],[-70.692734,-26.900845],[-70.697043,-26.903903],[-70.696427,-26.908538],[-70.700736,-26.911596],[-70.70012,-26.916231],[-70.695195,-26.917808],[-70.694579,-26.922442],[-70.698888,-26.9255],[-70.698272,-26.930134],[-70.693347,-26.931711],[-70.692731,-26.936345],[-70.687805,-26.93792],[-70.687189,-26.942554],[-70.691498,-26.945611],[-70.690882,-26.950244],[-70.685956,-26.95182],[-70.68534,-26.956452],[-70.680414,-26.958027],[-70.679798,-26.962659],[-70.674872,-26.964234],[-70.674256,-26.968866],[-70.66933,-26.97044],[-70.665021,-26.967382],[-70.665638,-26.962751],[-70.661329,-26.959693],[-70.656404,-26.961267],[-70.655787,-26.965898],[-70.660096,-26.968956],[-70.659479,-26.973587],[-70.654554,-26.97516],[-70.653937,-26.979791],[-70.658246,-26.982849],[-70.657629,-26.987479],[-70.652704,-26.989052],[-70.652087,-26.993682],[-70.647161,-26.995254],[-70.642853,-26.992197],[-70.64347,-26.987567],[-70.648395,-26.985994],[-70.649012,-26.981364],[-70.644703,-26.978306],[-70.64532,-26.973676],[-70.641012,-26.970618],[-70.641629,-26.965987],[-70.646554,-26.964414],[-70.647171,-26.959782],[-70.642863,-26.956724],[-70.643479,-26.952093],[-70.639172,-26.949034],[-70.639789,-26.944402],[-70.635481,-26.941344],[-70.636098,-26.936711],[-70.641022,-26.935138],[-70.64533,-26.938196],[-70.644713,-26.942828],[-70.649021,-26.945887],[-70.653945,-26.944313],[-70.654562,-26.93968],[-70.650254,-26.936622],[-70.650871,-26.931989],[-70.655795,-26.930414],[-70.660103,-26.933473],[-70.659487,-26.938106],[-70.663795,-26.941164],[-70.66872,-26.939589],[-70.669336,-26.934956],[-70.674261,-26.93338],[-70.674878,-26.928747],[-70.679803,-26.927171],[-70.680419,-26.922537],[-70.67611,-26.919479],[-70.676727,-26.914845],[-70.672418,-26.911787],[-70.673034,-26.907152],[-70.677959,-26.905576],[-70.682268,-26.908634],[-70.681651,-26.913269],[-70.68596,-26.916327],[-70.690886,-26.91475],[-70.691502,-26.910115],[-70.687193,-26.907057],[-70.687809,-26.902422],[-70.6835,-26.899364],[-70.678575,-26.90094],[-70.674267,-26.897882],[-70.669342,-26.899459],[-70.665035,-26.8964],[-70.665651,-26.891765],[-70.670575,-26.890188],[-70.674883,-26.893247],[-70.679808,-26.89167],[-70.680424,-26.887034],[-70.676116,-26.883975],[-70.676732,-26.879339],[-70.672424,-26.87628],[-70.67304,-26.871644],[-70.677964,-26.870066],[-70.682272,-26.873125],[-70.681656,-26.877762],[-70.685964,-26.88082],[-70.690889,-26.879242],[-70.691505,-26.874606],[-70.687197,-26.871547],[-70.687813,-26.86691],[-70.692737,-26.865332],[-70.697046,-26.86839],[-70.69643,-26.873027],[-70.700739,-26.876086],[-70.705664,-26.874507],[-70.709973,-26.877565],[-70.709357,-26.882202],[-70.704432,-26.883781],[-70.700123,-26.880723],[-70.695198,-26.882301]]]},"properties":{"comuna":"Caldera","mancha_id":"03102-88b2000401fffff","clase":"Bajo","nivel_medio":0.911,"nivel_medio_min":0.515,"nivel_medio_max":1.492,"pct_alto":22.4,"n_hexagonos":44,"area_ha":3173.77}},{"type":"Feature","geometry":{"type":"Polygon","coordinates":[[[-70.775856,-26.8431],[-70.77093,-26.844682],[-70.770315,-26.849322],[-70.765388,-26.850904],[-70.761077,-26.847847],[-70.761692,-26.843207],[-70.757381,-26.840149],[-70.757996,-26.835509],[-70.762922,-26.833926],[-70.763537,-26.829286],[-70.759226,-26.826228],[-70.759841,-26.821587],[-70.755531,-26.818529],[-70.750605,-26.820112],[-70.746295,-26.817053],[-70.74137,-26.818635],[-70.740754,-26.823276],[-70.735829,-26.824858],[-70.73152,-26.821799],[-70.726595,-26.823381],[-70.725979,-26.828021],[-70.730289,-26.831079],[-70.729673,-26.835719],[-70.724748,-26.8373],[-70.720439,-26.834241],[-70.715514,-26.835822],[-70.714899,-26.840461],[-70.719208,-26.84352],[-70.718592,-26.848159],[-70.713667,-26.849739],[-70.713052,-26.854377],[-70.708127,-26.855957],[-70.703818,-26.852898],[-70.704434,-26.84826],[-70.700125,-26.845201],[-70.700741,-26.840562],[-70.696432,-26.837503],[-70.697048,-26.832865],[-70.701972,-26.831285],[-70.702588,-26.826645],[-70.69828,-26.823586],[-70.698896,-26.818946],[-70.70382,-26.817366],[-70.708128,-26.820425],[-70.713052,-26.818844],[-70.717361,-26.821903],[-70.722286,-26.820322],[-70.722901,-26.815682],[-70.727826,-26.8141],[-70.728441,-26.809459],[-70.733366,-26.807877],[-70.737675,-26.810936],[-70.7426,-26.809353],[-70.743216,-26.804712],[-70.738906,-26.801653],[-70.739521,-26.797012],[-70.744446,-26.795429],[-70.748756,-26.798488],[-70.753681,-26.796904],[-70.757991,-26.799963],[-70.757376,-26.804605],[-70.761686,-26.807663],[-70.766612,-26.80608],[-70.770923,-26.809138],[-70.770308,-26.81378],[-70.765382,-26.815363],[-70.764767,-26.820004],[-70.769078,-26.823062],[-70.768463,-26.827703],[-70.772775,-26.830761],[-70.77216,-26.835402],[-70.776471,-26.838459],[-70.775856,-26.8431]]]},"properties":{"comuna":"Caldera","mancha_id":"03102-88b20000d1fffff","clase":"Bajo","nivel_medio":0.885,"nivel_medio_min":0.515,"nivel_medio_max":1.457,"pct_alto":8.6,"n_hexagonos":27,"area_ha":1952.11}},{"type":"Feature","geometry":{"type":"Polygon","coordinates":[[[-70.661387,-26.675428],[-70.662003,-26.670781],[-70.657699,-26.667719],[-70.657965,-26.66571],[-70.658141,-26.665665],[-70.658838,-26.665558],[-70.659708,-26.665531],[-70.660458,-26.665491],[-70.661382,-26.665531],[-70.661998,-26.665558],[-70.66244,-26.665705],[-70.662962,-26.66604],[-70.663377,-26.666535],[-70.664395,-26.667191],[-70.664904,-26.667312],[-70.665373,-26.667325],[-70.665788,-26.667218],[-70.666163,-26.667084],[-70.666645,-26.66687],[-70.667262,-26.666633],[-70.666923,-26.669197],[-70.671227,-26.672259],[-70.670611,-26.676906],[-70.665691,-26.67849],[-70.661387,-26.675428]]]},"properties":{"comuna":"Caldera","mancha_id":"03102-88b2001663fffff","clase":"Medio","nivel_medio":1.648,"nivel_medio_min":1.633,"nivel_medio_max":1.679,"pct_alto":16.2,"n_hexagonos":2,"area_ha":107.68}},{"type":"Feature","geometry":{"type":"Polygon","coordinates":[[[-70.635534,-26.76376],[-70.63615,-26.759119],[-70.641071,-26.757538],[-70.645376,-26.7606],[-70.64476,-26.765241],[-70.639839,-26.766821],[-70.635534,-26.76376]]]},"properties":{"comuna":"Caldera","mancha_id":"03102-88b20014c7fffff","clase":"Medio","nivel_medio":1.621,"nivel_medio_min":1.621,"nivel_medio_max":1.621,"pct_alto":14.1,"n_hexagonos":1,"area_ha":72.29}},{"type":"Feature","geometry":{"type":"Polygon","coordinates":[[[-70.674911,-26.715547],[-70.670605,-26.712486],[-70.665684,-26.714069],[-70.661379,-26.711007],[-70.661995,-26.706362],[-70.666916,-26.704779],[-70.667532,-26.700134],[-70.672453,-26.698551],[-70.676758,-26.701613],[-70.681679,-26.700029],[-70.685985,-26.70309],[-70.690906,-26.701506],[-70.695212,-26.704567],[-70.700134,-26.702983],[-70.704441,-26.706044],[-70.703825,-26.71069],[-70.698903,-26.712274],[-70.698288,-26.716919],[-70.693366,-26.718503],[-70.689059,-26.715442],[-70.684138,-26.717025],[-70.679832,-26.713964],[-70.674911,-26.715547]]]},"properties":{"comuna":"Caldera","mancha_id":"03102-88b2001441fffff","clase":"Medio","nivel_medio":1.977,"nivel_medio_min":1.523,"nivel_medio_max":2.43,"pct_alto":47.5,"n_hexagonos":8,"area_ha":579.1}},{"type":"Feature","geometry":{"type":"Polygon","coordinates":[[[-70.668751,-26.76198],[-70.669367,-26.757337],[-70.674289,-26.755756],[-70.678595,-26.758817],[-70.683518,-26.757235],[-70.687824,-26.760295],[-70.687208,-26.764938],[-70.682286,-26.766519],[-70.68167,-26.771161],[-70.676748,-26.772743],[-70.676132,-26.777384],[-70.671209,-26.778965],[-70.670593,-26.783606],[-70.665671,-26.785187],[-70.661365,-26.782126],[-70.661981,-26.777485],[-70.657675,-26.774424],[-70.658292,-26.769783],[-70.663213,-26.768202],[-70.663829,-26.763561],[-70.668751,-26.76198]]]},"properties":{"comuna":"Caldera","mancha_id":"03102-88b2001433fffff","clase":"Medio","nivel_medio":1.827,"nivel_medio_min":1.526,"nivel_medio_max":2.185,"pct_alto":27.9,"n_hexagonos":7,"area_ha":506.18}},{"type":"Feature","geometry":{"type":"Polygon","coordinates":[[[-70.676753,-26.737184],[-70.672447,-26.734123],[-70.667526,-26.735705],[-70.66322,-26.732644],[-70.658299,-26.734226],[-70.653994,-26.731164],[-70.649074,-26.732746],[-70.644769,-26.729684],[-70.639849,-26.731265],[-70.635544,-26.728204],[-70.636161,-26.72356],[-70.641081,-26.721979],[-70.645385,-26.725041],[-70.650306,-26.723459],[-70.65461,-26.726521],[-70.659531,-26.724939],[-70.660147,-26.720295],[-70.665068,-26.718713],[-70.669374,-26.721774],[-70.668758,-26.726418],[-70.673063,-26.729479],[-70.677985,-26.727897],[-70.68229,-26.730958],[-70.687212,-26.729375],[-70.691519,-26.732436],[-70.690903,-26.73708],[-70.685981,-26.738663],[-70.681675,-26.735602],[-70.676753,-26.737184]]]},"properties":{"comuna":"Caldera","mancha_id":"03102-88b2001401fffff","clase":"Medio","nivel_medio":2.0,"nivel_medio_min":1.68,"nivel_medio_max":2.393,"pct_alto":36.9,"n_hexagonos":7,"area_ha":506.44}},{"type":"Feature","geometry":{"type":"Polygon","coordinates":[[[-70.74076,-26.894333],[-70.741376,-26.889696],[-70.746302,-26.888116],[-70.750614,-26.891173],[-70.749998,-26.89581],[-70.745071,-26.89739],[-70.744456,-26.902027],[-70.739529,-26.903606],[-70.735218,-26.900549],[-70.735834,-26.895912],[-70.74076,-26.894333]]]},"properties":{"comuna":"Caldera","mancha_id":"03102-88b200050bfffff","clase":"Medio","nivel_medio":2.015,"nivel_medio_min":1.765,"nivel_medio_max":2.265,"pct_alto":48.7,"n_hexagonos":2,"area_ha":144.45}},{"type":"Feature","geometry":{"type":"Polygon","coordinates":[[[-70.705664,-26.874507],[-70.706279,-26.86987],[-70.711204,-26.868291],[-70.71182,-26.863653],[-70.707511,-26.860595],[-70.708127,-26.855957],[-70.713052,-26.854377],[-70.713667,-26.849739],[-70.718592,-26.848159],[-70.719208,-26.84352],[-70.714899,-26.840461],[-70.715514,-26.835822],[-70.720439,-26.834241],[-70.724748,-26.8373],[-70.729673,-26.835719],[-70.730289,-26.831079],[-70.725979,-26.828021],[-70.726595,-26.823381],[-70.73152,-26.821799],[-70.735829,-26.824858],[-70.740754,-26.823276],[-70.74137,-26.818635],[-70.746295,-26.817053],[-70.750605,-26.820112],[-70.755531,-26.818529],[-70.759841,-26.821587],[-70.759226,-26.826228],[-70.763537,-26.829286],[-70.762922,-26.833926],[-70.757996,-26.835509],[-70.757381,-26.840149],[-70.761692,-26.843207],[-70.761077,-26.847847],[-70.756151,-26.849428],[-70.75184,-26.846371],[-70.746914,-26.847952],[-70.742603,-26.844894],[-70.737678,-26.846475],[-70.737062,-26.851114],[-70.741373,-26.854172],[-70.740757,-26.858811],[-70.735832,-26.860392],[-70.735216,-26.86503],[-70.739527,-26.868088],[-70.738911,-26.872726],[-70.733985,-26.874306],[-70.729675,-26.871248],[-70.724749,-26.872828],[-70.720439,-26.86977],[-70.715514,-26.871349],[-70.714898,-26.875986],[-70.709973,-26.877565],[-70.705664,-26.874507]]]},"properties":{"comuna":"Caldera","mancha_id":"03102-88b2000461fffff","clase":"Medio","nivel_medio":1.942,"nivel_medio_min":1.583,"nivel_medio_max":2.426,"pct_alto":38.0,"n_hexagonos":26,"area_ha":1879.18}},{"type":"Feature","geometry":{"type":"Polygon","coordinates":[[[-70.694582,-26.886937],[-70.695198,-26.882301],[-70.700123,-26.880723],[-70.704432,-26.883781],[-70.709357,-26.882202],[-70.713667,-26.88526],[-70.718592,-26.883682],[-70.719208,-26.879045],[-70.724134,-26.877465],[-70.728444,-26.880523],[-70.727828,-26.88516],[-70.732139,-26.888218],[-70.731523,-26.892855],[-70.726597,-26.894434],[-70.725981,-26.89907],[-70.730292,-26.902128],[-70.729676,-26.906764],[-70.72475,-26.908342],[-70.724134,-26.912978],[-70.728445,-26.916035],[-70.733372,-26.914457],[-70.733987,-26.909821],[-70.738914,-26.908242],[-70.743225,-26.911299],[-70.748152,-26.90972],[-70.752464,-26.912777],[-70.751849,-26.917413],[-70.756161,-26.92047],[-70.755545,-26.925106],[-70.750618,-26.926684],[-70.750002,-26.93132],[-70.745075,-26.932898],[-70.740763,-26.929842],[-70.735836,-26.93142],[-70.735221,-26.936054],[-70.730294,-26.937632],[-70.725982,-26.934575],[-70.721056,-26.936153],[-70.72044,-26.940787],[-70.724751,-26.943844],[-70.729678,-26.942266],[-70.733989,-26.945323],[-70.733374,-26.949957],[-70.728447,-26.951534],[-70.724135,-26.948477],[-70.719208,-26.950054],[-70.718593,-26.954688],[-70.713666,-26.956264],[-70.71305,-26.960897],[-70.708123,-26.962473],[-70.707507,-26.967105],[-70.711818,-26.970162],[-70.716745,-26.968586],[-70.721056,-26.971643],[-70.72044,-26.976275],[-70.715513,-26.977851],[-70.714897,-26.982483],[-70.70997,-26.984058],[-70.705659,-26.981002],[-70.700732,-26.982576],[-70.700116,-26.987208],[-70.695189,-26.988782],[-70.694573,-26.993413],[-70.689646,-26.994987],[-70.685336,-26.99193],[-70.680409,-26.993504],[-70.6761,-26.990447],[-70.671173,-26.992021],[-70.666864,-26.988963],[-70.661938,-26.990536],[-70.661322,-26.995167],[-70.656396,-26.996739],[-70.652087,-26.993682],[-70.652704,-26.989052],[-70.657629,-26.987479],[-70.658246,-26.982849],[-70.653937,-26.979791],[-70.654554,-26.97516],[-70.659479,-26.973587],[-70.660096,-26.968956],[-70.655787,-26.965898],[-70.656404,-26.961267],[-70.661329,-26.959693],[-70.665638,-26.962751],[-70.665021,-26.967382],[-70.66933,-26.97044],[-70.674256,-26.968866],[-70.674872,-26.964234],[-70.679798,-26.962659],[-70.680414,-26.958027],[-70.68534,-26.956452],[-70.685956,-26.95182],[-70.690882,-26.950244],[-70.695192,-26.953302],[-70.700118,-26.951726],[-70.700734,-26.947093],[-70.70566,-26.945517],[-70.709971,-26.948574],[-70.714897,-26.946997],[-70.715513,-26.942364],[-70.711203,-26.939306],[-70.706276,-26.940883],[-70.701966,-26.937826],[-70.69704,-26.939402],[-70.696424,-26.944036],[-70.691498,-26.945611],[-70.687189,-26.942554],[-70.687805,-26.93792],[-70.692731,-26.936345],[-70.693347,-26.931711],[-70.698272,-26.930134],[-70.698888,-26.9255],[-70.703814,-26.923923],[-70.708124,-26.926981],[-70.71305,-26.925404],[-70.713666,-26.920769],[-70.709356,-26.917711],[-70.70443,-26.919289],[-70.70012,-26.916231],[-70.700736,-26.911596],[-70.696427,-26.908538],[-70.697043,-26.903903],[-70.692734,-26.900845],[-70.69335,-26.896209],[-70.698275,-26.894631],[-70.698891,-26.889995],[-70.694582,-26.886937]],[[-70.716745,-26.897591],[-70.711819,-26.899169],[-70.711204,-26.903805],[-70.715514,-26.906863],[-70.72044,-26.905285],[-70.721055,-26.900649],[-70.716745,-26.897591]],[[-70.672406,-26.982759],[-70.673023,-26.978128],[-70.668714,-26.975071],[-70.663788,-26.976645],[-70.663171,-26.981276],[-70.667481,-26.984333],[-70.672406,-26.982759]],[[-70.677949,-26.976554],[-70.682259,-26.979612],[-70.687185,-26.978037],[-70.691495,-26.981094],[-70.696421,-26.97952],[-70.697038,-26.974888],[-70.692727,-26.971831],[-70.693344,-26.967199],[-70.689034,-26.964142],[-70.684107,-26.965717],[-70.683491,-26.970349],[-70.678565,-26.971923],[-70.677949,-26.976554]]]},"properties":{"comuna":"Caldera","mancha_id":"03102-88b2000405fffff","clase":"Medio","nivel_medio":2.032,"nivel_medio_min":1.513,"nivel_medio_max":2.486,"pct_alto":58.7,"n_hexagonos":62,"area_ha":4473.2}},{"type":"Feature","geometry":{"type":"Polygon","coordinates":[[[-70.663171,-26.981276],[-70.663788,-26.976645],[-70.668714,-26.975071],[-70.673023,-26.978128],[-70.672406,-26.982759],[-70.667481,-26.984333],[-70.663171,-26.981276]]]},"properties":{"comuna":"Caldera","mancha_id":"03102-88b2003a0bfffff","clase":"Alto","nivel_medio":2.686,"nivel_medio_min":2.686,"nivel_medio_max":2.686,"pct_alto":86.6,"n_hexagonos":1,"area_ha":72.07}},{"type":"Feature","geometry":{"type":"Polygon","coordinates":[[[-70.72044,-26.940787],[-70.721056,-26.936153],[-70.725982,-26.934575],[-70.730294,-26.937632],[-70.729678,-26.942266],[-70.724751,-26.943844],[-70.72044,-26.940787]]]},"properties":{"comuna":"Caldera","mancha_id":"03102-88b2000585fffff","clase":"Alto","nivel_medio":2.518,"nivel_medio_min":2.518,"nivel_medio_max":2.518,"pct_alto":81.0,"n_hexagonos":1,"area_ha":72.16}},{"type":"Feature","geometry":{"type":"Polygon","coordinates":[[[-70.709971,-26.948574],[-70.70566,-26.945517],[-70.700734,-26.947093],[-70.700118,-26.951726],[-70.695192,-26.953302],[-70.690882,-26.950244],[-70.691498,-26.945611],[-70.696424,-26.944036],[-70.69704,-26.939402],[-70.701966,-26.937826],[-70.706276,-26.940883],[-70.711203,-26.939306],[-70.715513,-26.942364],[-70.714897,-26.946997],[-70.709971,-26.948574]]]},"properties":{"comuna":"Caldera","mancha_id":"03102-88b2000583fffff","clase":"Alto","nivel_medio":2.727,"nivel_medio_min":2.695,"nivel_medio_max":2.775,"pct_alto":86.7,"n_hexagonos":3,"area_ha":216.42}},{"type":"Feature","geometry":{"type":"Polygon","coordinates":[[[-70.714898,-26.875986],[-70.715514,-26.871349],[-70.720439,-26.86977],[-70.724749,-26.872828],[-70.724134,-26.877465],[-70.719208,-26.879045],[-70.718592,-26.883682],[-70.713667,-26.88526],[-70.709357,-26.882202],[-70.709973,-26.877565],[-70.714898,-26.875986]]]},"properties":{"comuna":"Caldera","mancha_id":"03102-88b2000465fffff","clase":"Alto","nivel_medio":2.646,"nivel_medio_min":2.528,"nivel_medio_max":2.763,"pct_alto":78.7,"n_hexagonos":2,"area_ha":144.45}},{"type":"Feature","geometry":{"type":"Polygon","coordinates":[[[-70.711204,-26.903805],[-70.711819,-26.899169],[-70.716745,-26.897591],[-70.721055,-26.900649],[-70.72044,-26.905285],[-70.715514,-26.906863],[-70.711204,-26.903805]]]},"properties":{"comuna":"Caldera","mancha_id":"03102-88b2000427fffff","clase":"Alto","nivel_medio":2.678,"nivel_medio_min":2.678,"nivel_medio_max":2.678,"pct_alto":75.1,"n_hexagonos":1,"area_ha":72.2}}],"bbox":[-70.97882,-27.83353,-70.24478,-26.64461]}