{"type":"FeatureCollection","features":[{"type":"Feature","geometry":{"type":"Polygon","coordinates":[[[-71.712051,-30.587347],[-71.710875,-30.586557],[-71.710966,-30.585894],[-71.71114,-30.58594],[-71.71144,-30.58604],[-71.71155,-30.58616],[-71.71156,-30.58629],[-71.71166,-30.58642],[-71.71182,-30.58653],[-71.71195,-30.58665],[-71.712,-30.58686],[-71.71211,-30.58699],[-71.71218,-30.5871],[-71.71211,-30.58731],[-71.712051,-30.587347]]]},"properties":{"comuna":"Ovalle","mancha_id":"04301-88b2e6d96dfffff","clase":"Muy Bajo","nivel_medio":0.06,"nivel_medio_min":0.06,"nivel_medio_max":0.06,"pct_alto":1.9,"n_hexagonos":1,"area_ha":0.92}},{"type":"Feature","geometry":{"type":"Polygon","coordinates":[[[-71.242087,-30.600967],[-71.242705,-30.596526],[-71.247715,-30.595058],[-71.252107,-30.598032],[-71.251489,-30.602473],[-71.246479,-30.603941],[-71.242087,-30.600967]]]},"properties":{"comuna":"Ovalle","mancha_id":"04301-88b2e6d6bbfffff","clase":"Muy Bajo","nivel_medio":0.364,"nivel_medio_min":0.364,"nivel_medio_max":0.364,"pct_alto":0.0,"n_hexagonos":1,"area_ha":68.08}},{"type":"Feature","geometry":{"type":"Polygon","coordinates":[[[-71.41559,-30.77155],[-71.416206,-30.767116],[-71.421225,-30.765647],[-71.425627,-30.768612],[-71.425011,-30.773047],[-71.419993,-30.774516],[-71.419377,-30.778951],[-71.414358,-30.780419],[-71.409956,-30.777453],[-71.410572,-30.773019],[-71.41559,-30.77155]]]},"properties":{"comuna":"Ovalle","mancha_id":"04301-88b2e6cec9fffff","clase":"Muy Bajo","nivel_medio":0.487,"nivel_medio_min":0.482,"nivel_medio_max":0.492,"pct_alto":2.3,"n_hexagonos":2,"area_ha":135.95}},{"type":"Feature","geometry":{"type":"Polygon","coordinates":[[[-71.70431,-30.72946],[-71.70408,-30.7294],[-71.704006,-30.729378],[-71.705754,-30.728862],[-71.706259,-30.729201],[-71.70606,-30.72936],[-71.70591,-30.72931],[-71.70571,-30.72922],[-71.70546,-30.72921],[-71.70529,-30.72915],[-71.70521,-30.72908],[-71.70509,-30.72915],[-71.70499,-30.72933],[-71.70493,-30.72951],[-71.70485,-30.72951],[-71.70474,-30.72941],[-71.7046,-30.72937],[-71.70431,-30.72946]]]},"properties":{"comuna":"Ovalle","mancha_id":"04301-88b2e6c947fffff","clase":"Muy Bajo","nivel_medio":0.323,"nivel_medio_min":0.323,"nivel_medio_max":0.323,"pct_alto":9.9,"n_hexagonos":1,"area_ha":0.51}},{"type":"Feature","geometry":{"type":"Polygon","coordinates":[[[-71.706987,-30.729689],[-71.707195,-30.729828],[-71.70709,-30.72986],[-71.706987,-30.729689]]]},"properties":{"comuna":"Ovalle","mancha_id":"04301-88b2e6c947fffff-2","clase":"Muy Bajo","nivel_medio":0.323,"nivel_medio_min":0.323,"nivel_medio_max":0.323,"pct_alto":9.9,"n_hexagonos":1,"area_ha":0.01}},{"type":"Feature","geometry":{"type":"Polygon","coordinates":[[[-71.70277,-30.73653],[-71.702827,-30.736606],[-71.700116,-30.734787],[-71.700148,-30.734554],[-71.70017,-30.73457],[-71.70036,-30.73468],[-71.7005,-30.73473],[-71.70071,-30.73469],[-71.70091,-30.73459],[-71.70117,-30.73454],[-71.70138,-30.73453],[-71.70155,-30.73456],[-71.70163,-30.73466],[-71.7016,-30.73484],[-71.70157,-30.73501],[-71.70163,-30.73514],[-71.70181,-30.73523],[-71.70198,-30.7353],[-71.70214,-30.7354],[-71.70217,-30.73563],[-71.7022,-30.73581],[-71.70229,-30.73594],[-71.70244,-30.73603],[-71.70249,-30.73623],[-71.70253,-30.73635],[-71.70277,-30.73653]]]},"properties":{"comuna":"Ovalle","mancha_id":"04301-88b2e6c947fffff-3","clase":"Muy Bajo","nivel_medio":0.323,"nivel_medio_min":0.323,"nivel_medio_max":0.323,"pct_alto":9.9,"n_hexagonos":1,"area_ha":1.61}},{"type":"Feature","geometry":{"type":"Polygon","coordinates":[[[-71.70407,-30.75675],[-71.704033,-30.756824],[-71.702081,-30.755515],[-71.702308,-30.753866],[-71.70246,-30.75393],[-71.702537,-30.753967],[-71.702634,-30.754003],[-71.70274,-30.75405],[-71.70296,-30.75417],[-71.70309,-30.75425],[-71.70314,-30.75433],[-71.70322,-30.75445],[-71.70336,-30.75463],[-71.70348,-30.75477],[-71.70363,-30.75491],[-71.70369,-30.75494],[-71.7038,-30.75499],[-71.70393,-30.75502],[-71.70404,-30.75503],[-71.70426,-30.75507],[-71.70434,-30.75517],[-71.70435,-30.75532],[-71.70444,-30.75561],[-71.70445,-30.7558],[-71.70439,-30.7559],[-71.70432,-30.75604],[-71.70428,-30.75618],[-71.70432,-30.75626],[-71.70432,-30.75635],[-71.70431,-30.75647],[-71.70422,-30.75666],[-71.70413,-30.75674],[-71.70407,-30.75675]]]},"properties":{"comuna":"Ovalle","mancha_id":"04301-88b2e6c907fffff","clase":"Muy Bajo","nivel_medio":0.344,"nivel_medio_min":0.344,"nivel_medio_max":0.344,"pct_alto":5.2,"n_hexagonos":1,"area_ha":4.07}},{"type":"Feature","geometry":{"type":"Polygon","coordinates":[[[-71.698279,-30.748114],[-71.698892,-30.743672],[-71.703343,-30.742359],[-71.70339,-30.74241],[-71.70337,-30.74255],[-71.70339,-30.7427],[-71.70347,-30.74281],[-71.70347,-30.74294],[-71.70355,-30.74307],[-71.70379,-30.74318],[-71.70398,-30.74334],[-71.7041,-30.74354],[-71.70415,-30.74373],[-71.70409,-30.74399],[-71.70408,-30.74407],[-71.70404,-30.7443],[-71.70415,-30.74457],[-71.70429,-30.74478],[-71.70438,-30.74495],[-71.70442,-30.74511],[-71.70439,-30.74529],[-71.70422,-30.74541],[-71.704,-30.74554],[-71.70377,-30.74569],[-71.70365,-30.74579],[-71.70359,-30.74593],[-71.7036,-30.74608],[-71.70377,-30.74622],[-71.70398,-30.74628],[-71.70419,-30.74643],[-71.70432,-30.74669],[-71.70427,-30.74709],[-71.70422,-30.74728],[-71.70411,-30.7475],[-71.70405,-30.7477],[-71.70411,-30.74789],[-71.70426,-30.74806],[-71.70451,-30.74813],[-71.70487,-30.74814],[-71.70518,-30.74827],[-71.70541,-30.74846],[-71.7056,-30.74891],[-71.70555,-30.7493],[-71.70552,-30.74973],[-71.7055,-30.75],[-71.70549,-30.75018],[-71.705495,-30.750247],[-71.70551,-30.75044],[-71.7054,-30.75063],[-71.70515,-30.75094],[-71.70491,-30.75121],[-71.70472,-30.75141],[-71.70455,-30.75172],[-71.70431,-30.75184],[-71.70409,-30.75192],[-71.70387,-30.75211],[-71.70368,-30.75225],[-71.70347,-30.75228],[-71.7032,-30.75227],[-71.70299,-30.75233],[-71.70286,-30.75241],[-71.70272,-30.75235],[-71.7026,-30.75223],[-71.702536,-30.752215],[-71.702693,-30.751073],[-71.698279,-30.748114]]]},"properties":{"comuna":"Ovalle","mancha_id":"04301-88b2e6c901fffff","clase":"Muy Bajo","nivel_medio":0.403,"nivel_medio_min":0.344,"nivel_medio_max":0.406,"pct_alto":11.7,"n_hexagonos":2,"area_ha":47.53}},{"type":"Feature","geometry":{"type":"Polygon","coordinates":[[[-71.50768,-30.697709],[-71.508295,-30.693267],[-71.50389,-30.690302],[-71.504505,-30.68586],[-71.509524,-30.684385],[-71.513929,-30.68735],[-71.513314,-30.691792],[-71.51772,-30.694757],[-71.517105,-30.699198],[-71.512085,-30.700674],[-71.50768,-30.697709]]]},"properties":{"comuna":"Ovalle","mancha_id":"04301-88b2e6c1c5fffff","clase":"Muy Bajo","nivel_medio":0.461,"nivel_medio_min":0.433,"nivel_medio_max":0.49,"pct_alto":5.9,"n_hexagonos":2,"area_ha":136.3}},{"type":"Feature","geometry":{"type":"Polygon","coordinates":[[[-71.080404,-30.52046],[-71.081024,-30.516017],[-71.086027,-30.514553],[-71.090411,-30.517532],[-71.089792,-30.521975],[-71.084788,-30.523439],[-71.080404,-30.52046]]]},"properties":{"comuna":"Ovalle","mancha_id":"04301-88b2e69a95fffff","clase":"Muy Bajo","nivel_medio":0.436,"nivel_medio_min":0.436,"nivel_medio_max":0.436,"pct_alto":7.4,"n_hexagonos":1,"area_ha":68.07}},{"type":"Feature","geometry":{"type":"Polygon","coordinates":[[[-71.219446,-30.556464],[-71.220064,-30.552021],[-71.225072,-30.550552],[-71.229463,-30.553528],[-71.234472,-30.552059],[-71.238863,-30.555034],[-71.238245,-30.559478],[-71.233236,-30.560946],[-71.228845,-30.557971],[-71.223836,-30.55944],[-71.219446,-30.556464]]]},"properties":{"comuna":"Ovalle","mancha_id":"04301-88b2e69933fffff","clase":"Muy Bajo","nivel_medio":0.413,"nivel_medio_min":0.402,"nivel_medio_max":0.424,"pct_alto":1.9,"n_hexagonos":2,"area_ha":136.26}},{"type":"Feature","geometry":{"type":"Polygon","coordinates":[[[-71.116154,-30.573916],[-71.116774,-30.569475],[-71.121779,-30.568012],[-71.126166,-30.570989],[-71.131172,-30.569525],[-71.135559,-30.572502],[-71.13494,-30.576943],[-71.129934,-30.578407],[-71.125547,-30.57543],[-71.120541,-30.576893],[-71.116154,-30.573916]]]},"properties":{"comuna":"Ovalle","mancha_id":"04301-88b2e698b9fffff","clase":"Muy Bajo","nivel_medio":0.385,"nivel_medio_min":0.305,"nivel_medio_max":0.465,"pct_alto":6.1,"n_hexagonos":2,"area_ha":136.06}},{"type":"Feature","geometry":{"type":"Polygon","coordinates":[[[-71.06165,-30.414019],[-71.061497,-30.415123],[-71.060871,-30.415306],[-71.060991,-30.415056],[-71.061395,-30.414598],[-71.061638,-30.414032],[-71.06165,-30.414019]]]},"properties":{"comuna":"Ovalle","mancha_id":"04301-88b2e6932bfffff","clase":"Muy Bajo","nivel_medio":0.105,"nivel_medio_min":0.105,"nivel_medio_max":0.105,"pct_alto":0.0,"n_hexagonos":1,"area_ha":0.31}},{"type":"Feature","geometry":{"type":"Polygon","coordinates":[[[-71.091602,-30.474551],[-71.092221,-30.470105],[-71.097224,-30.468639],[-71.101608,-30.47162],[-71.100989,-30.476066],[-71.105373,-30.479046],[-71.104754,-30.483491],[-71.09975,-30.484957],[-71.099131,-30.489402],[-71.094128,-30.490868],[-71.093508,-30.495312],[-71.088505,-30.496777],[-71.084121,-30.493797],[-71.084741,-30.489353],[-71.080357,-30.486372],[-71.080976,-30.481927],[-71.085979,-30.480462],[-71.090363,-30.483443],[-71.095366,-30.481977],[-71.095985,-30.477532],[-71.091602,-30.474551]]]},"properties":{"comuna":"Ovalle","mancha_id":"04301-88b2e69127fffff","clase":"Muy Bajo","nivel_medio":0.105,"nivel_medio_min":0.001,"nivel_medio_max":0.304,"pct_alto":0.9,"n_hexagonos":5,"area_ha":340.62}},{"type":"Feature","geometry":{"type":"Polygon","coordinates":[[[-71.206402,-30.615673],[-71.207021,-30.611233],[-71.20263,-30.608259],[-71.197621,-30.609724],[-71.193231,-30.606749],[-71.188222,-30.608214],[-71.183832,-30.605239],[-71.184451,-30.600799],[-71.189459,-30.599334],[-71.190077,-30.594893],[-71.185688,-30.591918],[-71.18068,-30.593383],[-71.17629,-30.590408],[-71.176909,-30.585967],[-71.181916,-30.584502],[-71.186306,-30.587477],[-71.191314,-30.586011],[-71.191932,-30.58157],[-71.19694,-30.580104],[-71.20133,-30.583079],[-71.200712,-30.587521],[-71.205103,-30.590496],[-71.204484,-30.594937],[-71.208875,-30.597912],[-71.208257,-30.602352],[-71.212648,-30.605327],[-71.21203,-30.609767],[-71.216421,-30.612742],[-71.215803,-30.617182],[-71.210793,-30.618647],[-71.206402,-30.615673]]]},"properties":{"comuna":"Ovalle","mancha_id":"04301-88b2e68b09fffff","clase":"Muy Bajo","nivel_medio":0.274,"nivel_medio_min":0.098,"nivel_medio_max":0.482,"pct_alto":5.6,"n_hexagonos":10,"area_ha":680.49}},{"type":"Feature","geometry":{"type":"Polygon","coordinates":[[[-71.155698,-30.634751],[-71.156317,-30.630313],[-71.161325,-30.628851],[-71.165714,-30.631826],[-71.165096,-30.636263],[-71.160087,-30.637726],[-71.155698,-30.634751]]]},"properties":{"comuna":"Ovalle","mancha_id":"04301-88b2e68a35fffff","clase":"Muy Bajo","nivel_medio":0.429,"nivel_medio_min":0.429,"nivel_medio_max":0.429,"pct_alto":0.1,"n_hexagonos":1,"area_ha":67.98}},{"type":"Feature","geometry":{"type":"Polygon","coordinates":[[[-70.961008,-30.585109],[-70.960387,-30.589546],[-70.958572,-30.590074],[-70.958291,-30.58994],[-70.957867,-30.589658],[-70.957599,-30.589496],[-70.957469,-30.589211],[-70.957569,-30.588764],[-70.957617,-30.588272],[-70.95742,-30.58767],[-70.957171,-30.586875],[-70.957022,-30.585981],[-70.956823,-30.584937],[-70.956823,-30.58449],[-70.956575,-30.583893],[-70.956127,-30.583496],[-70.955581,-30.583148],[-70.955133,-30.583073],[-70.954487,-30.583098],[-70.953692,-30.583197],[-70.953294,-30.583197],[-70.953087,-30.58316],[-70.956628,-30.582129],[-70.961008,-30.585109]]]},"properties":{"comuna":"Ovalle","mancha_id":"04301-88b2e68287fffff","clase":"Muy Bajo","nivel_medio":0.45,"nivel_medio_min":0.45,"nivel_medio_max":0.45,"pct_alto":5.0,"n_hexagonos":1,"area_ha":25.88}},{"type":"Feature","geometry":{"type":"Polygon","coordinates":[[[-71.011044,-30.544982],[-71.009746,-30.545361],[-71.007453,-30.543801],[-71.00803,-30.543837],[-71.008592,-30.543837],[-71.009034,-30.543556],[-71.009676,-30.543436],[-71.009917,-30.543757],[-71.009957,-30.544158],[-71.010319,-30.5446],[-71.010881,-30.544801],[-71.011044,-30.544982]]]},"properties":{"comuna":"Ovalle","mancha_id":"04301-88b2e68229fffff","clase":"Muy Bajo","nivel_medio":0.324,"nivel_medio_min":0.324,"nivel_medio_max":0.324,"pct_alto":0.0,"n_hexagonos":1,"area_ha":3.12}},{"type":"Feature","geometry":{"type":"Polygon","coordinates":[[[-71.68563,-30.86441],[-71.68554,-30.86448],[-71.68541,-30.8645],[-71.68529,-30.86447],[-71.68518,-30.864385],[-71.68481,-30.86413],[-71.68486,-30.86384],[-71.68497,-30.86375],[-71.68504,-30.86372],[-71.68516,-30.8637],[-71.68529,-30.86373],[-71.68536,-30.86376],[-71.6854,-30.86381],[-71.68547,-30.86384],[-71.68551,-30.8639],[-71.68559,-30.86404],[-71.68562,-30.8642],[-71.68565,-30.8643],[-71.68563,-30.86441]]]},"properties":{"comuna":"Ovalle","mancha_id":"04301-88b2e65333fffff","clase":"Muy Bajo","nivel_medio":0.328,"nivel_medio_min":0.328,"nivel_medio_max":0.328,"pct_alto":0.4,"n_hexagonos":1,"area_ha":0.49}},{"type":"Feature","geometry":{"type":"Polygon","coordinates":[[[-71.682065,-30.868154],[-71.681741,-30.867937],[-71.682354,-30.863502],[-71.68394,-30.863036],[-71.68394,-30.86317],[-71.68392,-30.86331],[-71.6839,-30.8636],[-71.6839,-30.86374],[-71.68389,-30.86388],[-71.6839,-30.86403],[-71.6839,-30.86417],[-71.6839,-30.86432],[-71.68389,-30.86446],[-71.6839,-30.8646],[-71.68391,-30.86467],[-71.68396,-30.86473],[-71.68397,-30.8649],[-71.68399,-30.86497],[-71.68397,-30.86503],[-71.68393,-30.86518],[-71.68385,-30.86526],[-71.68381,-30.86531],[-71.68374,-30.86539],[-71.68367,-30.86549],[-71.68358,-30.86564],[-71.68353,-30.86578],[-71.68345,-30.86593],[-71.68339,-30.86607],[-71.68329,-30.86622],[-71.6832,-30.86636],[-71.68313,-30.86651],[-71.68304,-30.86665],[-71.68299,-30.8668],[-71.68291,-30.86694],[-71.68282,-30.86709],[-71.68274,-30.86723],[-71.68263,-30.86738],[-71.68253,-30.86752],[-71.68242,-30.86767],[-71.68231,-30.8678],[-71.68218,-30.86798],[-71.68208,-30.86813],[-71.682065,-30.868154]]]},"properties":{"comuna":"Ovalle","mancha_id":"04301-88b2e65333fffff-2","clase":"Muy Bajo","nivel_medio":0.328,"nivel_medio_min":0.328,"nivel_medio_max":0.328,"pct_alto":0.4,"n_hexagonos":1,"area_ha":6.81}},{"type":"Feature","geometry":{"type":"Polygon","coordinates":[[[-71.695091,-30.841131],[-71.695472,-30.838371],[-71.695822,-30.838268],[-71.69585,-30.83829],[-71.69578,-30.83837],[-71.69576,-30.83845],[-71.69577,-30.83853],[-71.69585,-30.83856],[-71.69592,-30.83858],[-71.69598,-30.83859],[-71.69598,-30.8387],[-71.69595,-30.83875],[-71.69591,-30.83884],[-71.69589,-30.83899],[-71.6958,-30.83912],[-71.69571,-30.83916],[-71.69565,-30.83919],[-71.6956,-30.83924],[-71.69555,-30.83933],[-71.6955,-30.83941],[-71.69547,-30.8395],[-71.69551,-30.83967],[-71.69541,-30.83971],[-71.69537,-30.83977],[-71.6953,-30.84017],[-71.6953,-30.84031],[-71.69535,-30.84046],[-71.69539,-30.84057],[-71.69541,-30.84069],[-71.6954,-30.84081],[-71.69536,-30.84097],[-71.69532,-30.84103],[-71.69529,-30.84109],[-71.69524,-30.84115],[-71.69511,-30.84114],[-71.695091,-30.841131]]]},"properties":{"comuna":"Ovalle","mancha_id":"04301-88b2e65305fffff","clase":"Muy Bajo","nivel_medio":0.047,"nivel_medio_min":0.047,"nivel_medio_max":0.047,"pct_alto":0.0,"n_hexagonos":1,"area_ha":0.76}},{"type":"Feature","geometry":{"type":"Polygon","coordinates":[[[-71.6843,-30.91408],[-71.68424,-30.91414],[-71.68412,-30.91416],[-71.68405,-30.91412],[-71.68402,-30.91407],[-71.68402,-30.914],[-71.68402,-30.91382],[-71.68414,-30.91376],[-71.68429,-30.91383],[-71.6843,-30.91408]]]},"properties":{"comuna":"Ovalle","mancha_id":"04301-88b2e651c5fffff","clase":"Muy Bajo","nivel_medio":0.066,"nivel_medio_min":0.066,"nivel_medio_max":0.066,"pct_alto":1.9,"n_hexagonos":1,"area_ha":0.1}},{"type":"Feature","geometry":{"type":"Polygon","coordinates":[[[-71.68383,-30.92384],[-71.68376,-30.92389],[-71.68368,-30.92394],[-71.68359,-30.92398],[-71.68325,-30.92397],[-71.68322,-30.9239],[-71.68321,-30.92383],[-71.68323,-30.92376],[-71.68328,-30.92371],[-71.68337,-30.92367],[-71.68342,-30.92364],[-71.68347,-30.9236],[-71.68351,-30.92352],[-71.6836,-30.92346],[-71.68365,-30.92341],[-71.68374,-30.92338],[-71.68381,-30.92342],[-71.68391,-30.92349],[-71.68394,-30.92356],[-71.68394,-30.92371],[-71.68383,-30.92384]]]},"properties":{"comuna":"Ovalle","mancha_id":"04301-88b2e6518dfffff","clase":"Muy Bajo","nivel_medio":0.204,"nivel_medio_min":0.204,"nivel_medio_max":0.204,"pct_alto":6.7,"n_hexagonos":1,"area_ha":0.3}},{"type":"Feature","geometry":{"type":"Polygon","coordinates":[[[-71.663716,-30.928504],[-71.668744,-30.92703],[-71.671838,-30.929102],[-71.67179,-30.92912],[-71.67161,-30.92911],[-71.67151,-30.92906],[-71.67135,-30.92904],[-71.67129,-30.92906],[-71.67124,-30.92911],[-71.67121,-30.92923],[-71.67122,-30.92937],[-71.67129,-30.92946],[-71.67147,-30.92961],[-71.67159,-30.92982],[-71.67156,-30.9299],[-71.67145,-30.92995],[-71.67135,-30.92994],[-71.67125,-30.9299],[-71.67104,-30.9299],[-71.67094,-30.92991],[-71.67091,-30.92997],[-71.67083,-30.93],[-71.67081,-30.93007],[-71.67068,-30.93012],[-71.67057,-30.93015],[-71.67049,-30.93018],[-71.67032,-30.93019],[-71.67012,-30.93031],[-71.6701,-30.93042],[-71.67011,-30.9306],[-71.67015,-30.93071],[-71.67027,-30.93083],[-71.6704,-30.93099],[-71.67054,-30.93113],[-71.67067,-30.93128],[-71.67079,-30.93143],[-71.67085,-30.9316],[-71.67089,-30.93172],[-71.67093,-30.93184],[-71.67094,-30.93196],[-71.6709,-30.93208],[-71.67087,-30.93216],[-71.67082,-30.9322],[-71.67049,-30.93235],[-71.67039,-30.93243],[-71.670275,-30.93255],[-71.67023,-30.93266],[-71.67019,-30.93276],[-71.67012,-30.93279],[-71.67006,-30.93284],[-71.66999,-30.932875],[-71.66991,-30.93291],[-71.66972,-30.93308],[-71.66967,-30.93319],[-71.66963,-30.93359],[-71.66958,-30.93387],[-71.66957,-30.93402],[-71.66958,-30.9343],[-71.66954,-30.93435],[-71.66947,-30.9344],[-71.6694,-30.93443],[-71.66931,-30.93445],[-71.66922,-30.93457],[-71.66904,-30.9349],[-71.66893,-30.93492],[-71.66888,-30.93495],[-71.66876,-30.93507],[-71.66873,-30.93516],[-71.66863,-30.93528],[-71.66853,-30.93538],[-71.66835,-30.93552],[-71.66823,-30.93567],[-71.668215,-30.935686],[-71.667518,-30.93589],[-71.663103,-30.932934],[-71.663716,-30.928504]]]},"properties":{"comuna":"Ovalle","mancha_id":"04301-88b2e6518bfffff","clase":"Muy Bajo","nivel_medio":0.494,"nivel_medio_min":0.494,"nivel_medio_max":0.494,"pct_alto":11.3,"n_hexagonos":1,"area_ha":52.31}},{"type":"Feature","geometry":{"type":"Polygon","coordinates":[[[-71.674292,-30.929655],[-71.678189,-30.928512],[-71.678802,-30.924082],[-71.674386,-30.921126],[-71.674999,-30.916695],[-71.680028,-30.91522],[-71.680641,-30.910789],[-71.68363,-30.909912],[-71.68362,-30.90992],[-71.6836,-30.91006],[-71.68362,-30.91012],[-71.68374,-30.91022],[-71.68385,-30.9103],[-71.68388,-30.91047],[-71.68383,-30.910545],[-71.68379,-30.9107],[-71.68382,-30.91094],[-71.68382,-30.911],[-71.68378,-30.91106],[-71.68372,-30.91118],[-71.68372,-30.91125],[-71.68376,-30.91131],[-71.68379,-30.91139],[-71.6838,-30.91156],[-71.68376,-30.911635],[-71.6837,-30.91171],[-71.68376,-30.91178],[-71.68388,-30.91185],[-71.68369,-30.91205],[-71.68364,-30.91211],[-71.6835,-30.9125],[-71.68348,-30.91258],[-71.68349,-30.91266],[-71.68354,-30.912735],[-71.68355,-30.91295],[-71.68355,-30.91307],[-71.68363,-30.91321],[-71.68364,-30.91336],[-71.6836,-30.91348],[-71.68358,-30.91364],[-71.68358,-30.91373],[-71.68353,-30.91376],[-71.68348,-30.91379],[-71.68338,-30.91389],[-71.68327,-30.91403],[-71.68313,-30.91406],[-71.68304,-30.91409],[-71.68299,-30.91417],[-71.6829,-30.91429],[-71.68293,-30.91457],[-71.6828,-30.91465],[-71.6827,-30.9147],[-71.6827,-30.91483],[-71.68275,-30.91487],[-71.68281,-30.91496],[-71.68274,-30.91502],[-71.68272,-30.9151],[-71.68263,-30.91512],[-71.68258,-30.91517],[-71.6825,-30.91522],[-71.68249,-30.91529],[-71.68259,-30.91532],[-71.68269,-30.91535],[-71.68277,-30.91543],[-71.6828,-30.91551],[-71.68283,-30.91576],[-71.68286,-30.91588],[-71.68286,-30.91603],[-71.68284,-30.91612],[-71.68287,-30.91629],[-71.683,-30.91635],[-71.68308,-30.91634],[-71.6832,-30.91639],[-71.68309,-30.91657],[-71.68304,-30.91662],[-71.68291,-30.91667],[-71.68282,-30.91674],[-71.68276,-30.91683],[-71.682812,-30.917084],[-71.68284,-30.91722],[-71.68286,-30.91736],[-71.68291,-30.91745],[-71.68305,-30.91767],[-71.68306,-30.91784],[-71.68303,-30.91789],[-71.6829,-30.91789],[-71.68274,-30.91791],[-71.68266,-30.91797],[-71.68257,-30.918],[-71.68254,-30.91809],[-71.68245,-30.91816],[-71.6824,-30.91822],[-71.68205,-30.91823],[-71.68195,-30.91826],[-71.68192,-30.91841],[-71.68197,-30.91847],[-71.68201,-30.91852],[-71.68225,-30.91872],[-71.68225,-30.91886],[-71.68222,-30.91893],[-71.68218,-30.919],[-71.68201,-30.9192],[-71.68204,-30.91931],[-71.68214,-30.91941],[-71.6822,-30.91953],[-71.6822,-30.91959],[-71.68215,-30.91963],[-71.68209,-30.91965],[-71.68209,-30.91971],[-71.68204,-30.91976],[-71.68208,-30.91986],[-71.68226,-30.92],[-71.68232,-30.92015],[-71.68236,-30.92032],[-71.682475,-30.920515],[-71.68261,-30.92059],[-71.68276,-30.92068],[-71.6829,-30.92072],[-71.68304,-30.92078],[-71.68317,-30.92089],[-71.68321,-30.92104],[-71.68325,-30.92121],[-71.68332,-30.92137],[-71.68332,-30.92144],[-71.68328,-30.92152],[-71.68309,-30.9217],[-71.68301,-30.92176],[-71.682885,-30.921795],[-71.68279,-30.92188],[-71.68274,-30.92193],[-71.68263,-30.92212],[-71.68264,-30.92225],[-71.68268,-30.92231],[-71.68275,-30.9223],[-71.68281,-30.92234],[-71.68293,-30.92243],[-71.68295,-30.92255],[-71.68292,-30.9226],[-71.68279,-30.92271],[-71.68274,-30.92278],[-71.68272,-30.92287],[-71.682712,-30.922935],[-71.6827,-30.92304],[-71.68261,-30.923085],[-71.68252,-30.92312],[-71.68244,-30.923105],[-71.682361,-30.923038],[-71.68234,-30.92302],[-71.68221,-30.92283],[-71.68201,-30.9227],[-71.68185,-30.92266],[-71.68171,-30.92266],[-71.68164,-30.92277],[-71.6816,-30.92288],[-71.68159,-30.92296],[-71.68156,-30.92305],[-71.68143,-30.92322],[-71.68126,-30.92331],[-71.68089,-30.92332],[-71.68067,-30.9233],[-71.68059,-30.92329],[-71.68052,-30.92333],[-71.68045,-30.92337],[-71.68038,-30.92341],[-71.68036,-30.92356],[-71.680355,-30.923626],[-71.68035,-30.9237],[-71.68035,-30.92385],[-71.68037,-30.92391],[-71.68044,-30.92395],[-71.68057,-30.92405],[-71.68069,-30.9241],[-71.68083,-30.92421],[-71.68087,-30.92434],[-71.68087,-30.92451],[-71.68089,-30.92467],[-71.68092,-30.92482],[-71.68092,-30.925],[-71.68088,-30.92512],[-71.68089,-30.92532],[-71.68094,-30.92543],[-71.68101,-30.92563],[-71.681097,-30.925811],[-71.68115,-30.92596],[-71.68122,-30.92613],[-71.68122,-30.9262],[-71.68114,-30.92623],[-71.68106,-30.92625],[-71.68089,-30.92624],[-71.68082,-30.92619],[-71.68076,-30.92617],[-71.68064,-30.92621],[-71.68069,-30.92635],[-71.68069,-30.92641],[-71.68058,-30.92651],[-71.68034,-30.92674],[-71.68033,-30.92686],[-71.68043,-30.92694],[-71.68055,-30.92705],[-71.68061,-30.92719],[-71.68063,-30.92736],[-71.68063,-30.92745],[-71.68061,-30.92752],[-71.6806,-30.92767],[-71.68067,-30.92779],[-71.6808,-30.92788],[-71.68087,-30.92793],[-71.681,-30.92802],[-71.68113,-30.92817],[-71.68114,-30.92829],[-71.68109,-30.92833],[-71.68085,-30.92843],[-71.68074,-30.92836],[-71.6806,-30.92822],[-71.68037,-30.92808],[-71.68019,-30.92807],[-71.68003,-30.92819],[-71.68013,-30.92826],[-71.68019,-30.92833],[-71.68018,-30.92842],[-71.68012,-30.92843],[-71.67994,-30.92849],[-71.6799,-30.92859],[-71.67986,-30.92869],[-71.67993,-30.92877],[-71.68007,-30.92895],[-71.68011,-30.92911],[-71.6801,-30.92928],[-71.68014,-30.92934],[-71.68019,-30.92937],[-71.68027,-30.92948],[-71.68029,-30.92959],[-71.68025,-30.92964],[-71.68015,-30.92978],[-71.680213,-30.929867],[-71.68023,-30.92989],[-71.6802,-30.930085],[-71.68,-30.93016],[-71.67984,-30.93018],[-71.67976,-30.93027],[-71.6797,-30.93034],[-71.67954,-30.93051],[-71.6794,-30.93055],[-71.67912,-30.9308],[-71.67906,-30.93086],[-71.6789,-30.93105],[-71.67877,-30.93107],[-71.67872,-30.9311],[-71.67857,-30.93112],[-71.6785,-30.93113],[-71.67839,-30.93111],[-71.67817,-30.93103],[-71.67805,-30.93105],[-71.67795,-30.93108],[-71.67778,-30.93107],[-71.67767,-30.93099],[-71.67752,-30.93083],[-71.67732,-30.93063],[-71.6771,-30.93057],[-71.67688,-30.93058],[-71.67681,-30.93059],[-71.67674,-30.93067],[-71.67666,-30.93081],[-71.67661,-30.93088],[-71.6765,-30.93093],[-71.67633,-30.93105],[-71.67636,-30.9312],[-71.6764,-30.93129],[-71.67631,-30.93137],[-71.67618,-30.93142],[-71.67605,-30.93141],[-71.67597,-30.93127],[-71.67589,-30.93121],[-71.67565,-30.93113],[-71.67549,-30.931],[-71.67546,-30.93089],[-71.67542,-30.93079],[-71.67525,-30.93076],[-71.67508,-30.93074],[-71.67501,-30.9307],[-71.67495,-30.93061],[-71.67492,-30.93032],[-71.67486,-30.93024],[-71.67474,-30.93008],[-71.67459,-30.92994],[-71.67442,-30.9298],[-71.6743,-30.92966],[-71.674292,-30.929655]]]},"properties":{"comuna":"Ovalle","mancha_id":"04301-88b2e65181fffff","clase":"Muy Bajo","nivel_medio":0.321,"nivel_medio_min":0.066,"nivel_medio_max":0.431,"pct_alto":9.7,"n_hexagonos":4,"area_ha":100.31}},{"type":"Feature","geometry":{"type":"Polygon","coordinates":[[[-71.68744,-30.88322],[-71.687451,-30.883275],[-71.684668,-30.884092],[-71.68465,-30.88408],[-71.684301,-30.884184],[-71.679902,-30.881238],[-71.680515,-30.876804],[-71.681588,-30.876489],[-71.6816,-30.87656],[-71.6816,-30.87668],[-71.68163,-30.87679],[-71.68166,-30.87689],[-71.68168,-30.87703],[-71.68167,-30.87715],[-71.68169,-30.87732],[-71.68172,-30.87741],[-71.68177,-30.8776],[-71.6818,-30.87773],[-71.68184,-30.87778],[-71.68193,-30.87784],[-71.68207,-30.87791],[-71.68218,-30.87789],[-71.68229,-30.87787],[-71.6824,-30.87782],[-71.68245,-30.87776],[-71.6825,-30.87771],[-71.68256,-30.87766],[-71.6826,-30.8776],[-71.68261,-30.87753],[-71.6828,-30.87753],[-71.68285,-30.87756],[-71.68292,-30.87758],[-71.68303,-30.87761],[-71.68314,-30.8776],[-71.68325,-30.87759],[-71.68336,-30.87755],[-71.68347,-30.87751],[-71.68355,-30.87747],[-71.68369,-30.87741],[-71.6838,-30.87738],[-71.68391,-30.87737],[-71.684,-30.8774],[-71.68413,-30.87741],[-71.68424,-30.87745],[-71.68435,-30.87747],[-71.68447,-30.8775],[-71.68458,-30.87756],[-71.68469,-30.8776],[-71.6848,-30.87766],[-71.6849,-30.87774],[-71.685,-30.87779],[-71.6851,-30.87786],[-71.6852,-30.87796],[-71.6853,-30.87805],[-71.68548,-30.87815],[-71.68559,-30.87821],[-71.68571,-30.87825],[-71.68582,-30.87831],[-71.68593,-30.87838],[-71.68602,-30.87846],[-71.6861,-30.87853],[-71.68617,-30.87861],[-71.68623,-30.87865],[-71.68625,-30.87872],[-71.68626,-30.87878],[-71.68633,-30.8789],[-71.68643,-30.87899],[-71.6865,-30.87901],[-71.68658,-30.87906],[-71.68666,-30.87917],[-71.68672,-30.87929],[-71.68679,-30.87932],[-71.68684,-30.87936],[-71.68696,-30.87942],[-71.68703,-30.87953],[-71.68702,-30.8796],[-71.68696,-30.87967],[-71.68672,-30.87976],[-71.68661,-30.87985],[-71.68653,-30.87996],[-71.6865,-30.88023],[-71.68651,-30.88029],[-71.68657,-30.88035],[-71.68663,-30.88042],[-71.68666,-30.88053],[-71.68671,-30.88063],[-71.68685,-30.8807],[-71.68708,-30.88081],[-71.6873,-30.88085],[-71.68736,-30.88088],[-71.68739,-30.88093],[-71.6875,-30.88107],[-71.68761,-30.88113],[-71.68771,-30.88123],[-71.68776,-30.88132],[-71.68792,-30.88145],[-71.68799,-30.88146],[-71.68807,-30.88148],[-71.68818,-30.8815],[-71.68827,-30.88157],[-71.68827,-30.8817],[-71.68825,-30.88182],[-71.68825,-30.88188],[-71.68829,-30.88192],[-71.68845,-30.88207],[-71.68854,-30.88209],[-71.68861,-30.88211],[-71.68873,-30.88213],[-71.68881,-30.8822],[-71.68884,-30.8823],[-71.68883,-30.88241],[-71.68875,-30.8825],[-71.6887,-30.88255],[-71.68863,-30.88263],[-71.68862,-30.88272],[-71.68861,-30.88279],[-71.68845,-30.88282],[-71.68822,-30.88286],[-71.68811,-30.88286],[-71.688,-30.88285],[-71.68782,-30.882865],[-71.68775,-30.88297],[-71.68762,-30.88303],[-71.68753,-30.88307],[-71.68746,-30.88311],[-71.68744,-30.88322]]]},"properties":{"comuna":"Ovalle","mancha_id":"04301-88b2e6515bfffff","clase":"Muy Bajo","nivel_medio":0.239,"nivel_medio_min":0.239,"nivel_medio_max":0.239,"pct_alto":6.3,"n_hexagonos":1,"area_ha":42.3}},{"type":"Feature","geometry":{"type":"Polygon","coordinates":[[[-71.67924,-30.89742],[-71.67919,-30.89745],[-71.67912,-30.89746],[-71.67902,-30.89746],[-71.67895,-30.89744],[-71.67896,-30.89735],[-71.67898,-30.89722],[-71.67903,-30.8971],[-71.67915,-30.89707],[-71.67921,-30.89726],[-71.67924,-30.89742]]]},"properties":{"comuna":"Ovalle","mancha_id":"04301-88b2e65027fffff","clase":"Muy Bajo","nivel_medio":0.391,"nivel_medio_min":0.391,"nivel_medio_max":0.391,"pct_alto":11.7,"n_hexagonos":1,"area_ha":0.09}},{"type":"Feature","geometry":{"type":"Polygon","coordinates":[[[-71.678064,-30.894536],[-71.678677,-30.890104],[-71.680951,-30.889436],[-71.68092,-30.88948],[-71.68089,-30.88954],[-71.68083,-30.8896],[-71.68077,-30.8896],[-71.68072,-30.88964],[-71.68072,-30.88972],[-71.6808,-30.88984],[-71.68088,-30.88988],[-71.68095,-30.88993],[-71.68096,-30.89008],[-71.68091,-30.89022],[-71.6809,-30.89031],[-71.68095,-30.89034],[-71.6811,-30.89049],[-71.68116,-30.89065],[-71.68122,-30.89079],[-71.68125,-30.89093],[-71.68124,-30.89107],[-71.68105,-30.89118],[-71.68093,-30.89118],[-71.68086,-30.89117],[-71.68082,-30.89121],[-71.68067,-30.8912],[-71.68057,-30.89116],[-71.68048,-30.89115],[-71.68043,-30.89118],[-71.68042,-30.89128],[-71.68045,-30.8914],[-71.6805,-30.89145],[-71.68055,-30.89148],[-71.68053,-30.89174],[-71.68053,-30.89188],[-71.68049,-30.89202],[-71.6803,-30.89197],[-71.68013,-30.89191],[-71.68002,-30.89193],[-71.67996,-30.89195],[-71.67983,-30.89199],[-71.67977,-30.89204],[-71.67978,-30.89225],[-71.67978,-30.89231],[-71.67974,-30.892395],[-71.67967,-30.89254],[-71.67966,-30.89264],[-71.67972,-30.89266],[-71.67979,-30.89268],[-71.6799,-30.89273],[-71.67995,-30.89285],[-71.67993,-30.89291],[-71.67992,-30.89299],[-71.67994,-30.89305],[-71.67998,-30.89312],[-71.67998,-30.89319],[-71.67996,-30.8933],[-71.67992,-30.89336],[-71.67987,-30.89345],[-71.67974,-30.89358],[-71.67961,-30.89376],[-71.67963,-30.89389],[-71.67979,-30.89403],[-71.67986,-30.89421],[-71.67984,-30.894335],[-71.6797,-30.89449],[-71.67962,-30.89467],[-71.67956,-30.89482],[-71.67957,-30.8949],[-71.67959,-30.89496],[-71.67965,-30.8951],[-71.67967,-30.89527],[-71.67963,-30.89537],[-71.67955,-30.89553],[-71.67955,-30.895531],[-71.67951,-30.89568],[-71.67949,-30.89582],[-71.67951,-30.89597],[-71.67951,-30.89611],[-71.67949,-30.8962],[-71.67945,-30.89625],[-71.67932,-30.89638],[-71.6792,-30.8964],[-71.67915,-30.89646],[-71.67909,-30.89651],[-71.67894,-30.89667],[-71.67876,-30.89696],[-71.67871,-30.89711],[-71.67871,-30.89725],[-71.67866,-30.89741],[-71.67863,-30.89747],[-71.67851,-30.89768],[-71.67846,-30.89775],[-71.67831,-30.89792],[-71.67831,-30.89805],[-71.67842,-30.89814],[-71.67851,-30.8982],[-71.67858,-30.89822],[-71.67889,-30.89821],[-71.67914,-30.89817],[-71.67922,-30.89817],[-71.6793,-30.89816],[-71.67939,-30.89813],[-71.67947,-30.89813],[-71.67955,-30.89814],[-71.67969,-30.89818],[-71.67986,-30.89823],[-71.67994,-30.89826],[-71.68011,-30.89838],[-71.68017,-30.89844],[-71.6802,-30.89851],[-71.68023,-30.8986],[-71.68028,-30.8987],[-71.68031,-30.89889],[-71.68036,-30.89901],[-71.68042,-30.89905],[-71.68072,-30.89913],[-71.68077,-30.89918],[-71.68077,-30.89925],[-71.68072,-30.89932],[-71.68066,-30.89943],[-71.68067,-30.89955],[-71.68072,-30.89959],[-71.68079,-30.89964],[-71.68083,-30.8997],[-71.68083,-30.89977],[-71.68081,-30.89984],[-71.68081,-30.89993],[-71.68083,-30.90001],[-71.68091,-30.90008],[-71.68099,-30.90011],[-71.68108,-30.9001],[-71.68116,-30.90014],[-71.6812,-30.90019],[-71.68123,-30.90028],[-71.68125,-30.9004],[-71.68125,-30.9005],[-71.6813,-30.90058],[-71.68131,-30.90064],[-71.68137,-30.90066],[-71.68143,-30.90071],[-71.6815,-30.90074],[-71.68162,-30.90085],[-71.68168,-30.9009],[-71.68183,-30.90106],[-71.68184,-30.90115],[-71.68187,-30.90125],[-71.6819,-30.90144],[-71.681924,-30.901506],[-71.681866,-30.901925],[-71.676838,-30.903401],[-71.672423,-30.900444],[-71.673036,-30.896012],[-71.678064,-30.894536]]]},"properties":{"comuna":"Ovalle","mancha_id":"04301-88b2e65025fffff","clase":"Muy Bajo","nivel_medio":0.369,"nivel_medio_min":0.223,"nivel_medio_max":0.391,"pct_alto":11.1,"n_hexagonos":2,"area_ha":67.25}},{"type":"Feature","geometry":{"type":"Polygon","coordinates":[[[-71.65513,-31.09665],[-71.654875,-31.096723],[-71.654883,-31.096662],[-71.656026,-31.096328],[-71.65601,-31.09641],[-71.65583,-31.09658],[-71.65548,-31.09664],[-71.65513,-31.09665]]]},"properties":{"comuna":"Ovalle","mancha_id":"04301-88b2e64e45fffff","clase":"Muy Bajo","nivel_medio":0.236,"nivel_medio_min":0.236,"nivel_medio_max":0.236,"pct_alto":0.7,"n_hexagonos":1,"area_ha":0.15}},{"type":"Feature","geometry":{"type":"Polygon","coordinates":[[[-71.65481,-31.09936],[-71.65462,-31.09959],[-71.654456,-31.099739],[-71.654787,-31.09735],[-71.65492,-31.09742],[-71.65516,-31.09747],[-71.65531,-31.09755],[-71.6555,-31.0976],[-71.65576,-31.09763],[-71.65607,-31.09776],[-71.6563,-31.09784],[-71.65644,-31.09796],[-71.65665,-31.09809],[-71.6568,-31.09804],[-71.65688,-31.09798],[-71.65696,-31.09797],[-71.65709,-31.0981],[-71.65732,-31.09849],[-71.65745,-31.09881],[-71.65741,-31.09901],[-71.65733,-31.09916],[-71.6571,-31.09923],[-71.65679,-31.09924],[-71.65615,-31.09902],[-71.65601,-31.09892],[-71.65593,-31.0988],[-71.65584,-31.09873],[-71.65575,-31.09871],[-71.65563,-31.0987],[-71.65545,-31.09864],[-71.65532,-31.09854],[-71.655205,-31.098445],[-71.65511,-31.09843],[-71.65502,-31.09849],[-71.65488,-31.099],[-71.65481,-31.09936]]]},"properties":{"comuna":"Ovalle","mancha_id":"04301-88b2e64e45fffff-2","clase":"Muy Bajo","nivel_medio":0.236,"nivel_medio_min":0.236,"nivel_medio_max":0.236,"pct_alto":0.7,"n_hexagonos":1,"area_ha":3.47}},{"type":"Feature","geometry":{"type":"Polygon","coordinates":[[[-71.65187,-30.99409],[-71.65183,-30.99417],[-71.65172,-30.99419],[-71.65168,-30.99406],[-71.65171,-30.99394],[-71.65184,-30.99394],[-71.65186,-30.994],[-71.65187,-30.99409]]]},"properties":{"comuna":"Ovalle","mancha_id":"04301-88b2e64235fffff","clase":"Muy Bajo","nivel_medio":0.09,"nivel_medio_min":0.09,"nivel_medio_max":0.09,"pct_alto":0.2,"n_hexagonos":1,"area_ha":0.04}},{"type":"Feature","geometry":{"type":"Polygon","coordinates":[[[-71.65328,-30.98773],[-71.65328,-30.98779],[-71.65321,-30.98793],[-71.65299,-30.98793],[-71.65298,-30.98776],[-71.65303,-30.98769],[-71.65308,-30.98765],[-71.65322,-30.98768],[-71.65328,-30.98773]]]},"properties":{"comuna":"Ovalle","mancha_id":"04301-88b2e64223fffff","clase":"Muy Bajo","nivel_medio":0.167,"nivel_medio_min":0.167,"nivel_medio_max":0.167,"pct_alto":0.0,"n_hexagonos":1,"area_ha":0.07}},{"type":"Feature","geometry":{"type":"Polygon","coordinates":[[[-71.65141,-30.99278],[-71.651398,-30.992837],[-71.65138,-30.99292],[-71.65136,-30.99304],[-71.65132,-30.99316],[-71.65127,-30.99328],[-71.65123,-30.9934],[-71.65125,-30.99352],[-71.65131,-30.99362],[-71.65136,-30.99371],[-71.65142,-30.99376],[-71.65146,-30.99387],[-71.65145,-30.99399],[-71.65143,-30.99405],[-71.65137,-30.9941],[-71.65113,-30.99424],[-71.65099,-30.99423],[-71.65091,-30.99423],[-71.65084,-30.99425],[-71.650885,-30.99453],[-71.65093,-30.99463],[-71.65102,-30.99474],[-71.65107,-30.99486],[-71.65108,-30.99498],[-71.650935,-30.995055],[-71.65082,-30.99508],[-71.65075,-30.99508],[-71.65068,-30.99513],[-71.65068,-30.99525],[-71.65073,-30.99528],[-71.65082,-30.9954],[-71.65081,-30.99551],[-71.65076,-30.99564],[-71.65072,-30.99571],[-71.65067,-30.99575],[-71.65056,-30.9959],[-71.65043,-30.99596],[-71.65033,-30.99614],[-71.650295,-30.99628],[-71.6502,-30.9964],[-71.65007,-30.99646],[-71.65002,-30.9965],[-71.64995,-30.9965],[-71.64994,-30.99657],[-71.65003,-30.99682],[-71.65006,-30.99694],[-71.65007,-30.99713],[-71.65004,-30.99718],[-71.64995,-30.9973],[-71.64989,-30.99735],[-71.64983,-30.99739],[-71.64963,-30.99746],[-71.64951,-30.99757],[-71.64946,-30.99772],[-71.64949,-30.99784],[-71.64949,-30.99795],[-71.64948,-30.99807],[-71.64949,-30.99813],[-71.64943,-30.99819],[-71.64939,-30.99827],[-71.64935,-30.99832],[-71.64922,-30.998445],[-71.64914,-30.99849],[-71.64908,-30.9985],[-71.649,-30.99854],[-71.64882,-30.99859],[-71.64878,-30.99865],[-71.64871,-30.9987],[-71.64865,-30.99879],[-71.64856,-30.99891],[-71.64852,-30.99898],[-71.64847,-30.99913],[-71.64846,-30.99922],[-71.64844,-30.99934],[-71.64838,-30.99946],[-71.6483,-30.99958],[-71.64825,-30.9997],[-71.64821,-30.99982],[-71.64815,-30.99994],[-71.64813,-31.0],[-71.64814,-31.00014],[-71.64815,-31.00033],[-71.648149,-31.000335],[-71.644458,-30.997865],[-71.645071,-30.99344],[-71.650101,-30.991969],[-71.650341,-30.990236],[-71.65035,-30.99031],[-71.65045,-30.99047],[-71.65057,-30.99057],[-71.65072,-30.99067],[-71.65083,-30.99072],[-71.65095,-30.99079],[-71.65123,-30.991045],[-71.65123,-30.991195],[-71.6512,-30.99127],[-71.65114,-30.99132],[-71.6511,-30.99136],[-71.65113,-30.9915],[-71.65118,-30.99155],[-71.65123,-30.9916],[-71.65127,-30.99177],[-71.65126,-30.99192],[-71.65122,-30.99206],[-71.65124,-30.9922],[-71.65126,-30.9923],[-71.65135,-30.99244],[-71.6514,-30.99256],[-71.65142,-30.99268],[-71.65141,-30.99278]]]},"properties":{"comuna":"Ovalle","mancha_id":"04301-88b2e64223fffff-2","clase":"Muy Bajo","nivel_medio":0.093,"nivel_medio_min":0.09,"nivel_medio_max":0.167,"pct_alto":0.2,"n_hexagonos":2,"area_ha":40.49}},{"type":"Feature","geometry":{"type":"Polygon","coordinates":[[[-71.636854,-30.983103],[-71.637468,-30.978677],[-71.642496,-30.977206],[-71.646912,-30.980161],[-71.649944,-30.979274],[-71.64989,-30.97939],[-71.64987,-30.97956],[-71.64992,-30.97961],[-71.64999,-30.97965],[-71.65009,-30.97974],[-71.65017,-30.97982],[-71.65034,-30.97993],[-71.65041,-30.98003],[-71.65043,-30.98012],[-71.65046,-30.98019],[-71.6505,-30.98024],[-71.65061,-30.98028],[-71.65069,-30.98032],[-71.65076,-30.98043],[-71.65082,-30.98059],[-71.65089,-30.98074],[-71.65098,-30.98088],[-71.65108,-30.98102],[-71.65134,-30.98134],[-71.65145,-30.98141],[-71.6516,-30.9814],[-71.65163,-30.98133],[-71.65172,-30.98121],[-71.65176,-30.98115],[-71.65196,-30.98106],[-71.65207,-30.98105],[-71.652205,-30.98106],[-71.65227,-30.981115],[-71.65228,-30.98133],[-71.65224,-30.9814],[-71.65224,-30.98149],[-71.65231,-30.98154],[-71.65235,-30.9816],[-71.65239,-30.98174],[-71.65225,-30.98182],[-71.65217,-30.98191],[-71.65216,-30.98199],[-71.65218,-30.98207],[-71.65223,-30.9821],[-71.65221,-30.98224],[-71.65204,-30.98229],[-71.65191,-30.98228],[-71.65184,-30.98228],[-71.6518,-30.98233],[-71.65174,-30.98238],[-71.65171,-30.98244],[-71.65166,-30.98254],[-71.65169,-30.98276],[-71.65173,-30.98284],[-71.65178,-30.98292],[-71.65192,-30.98306],[-71.65199,-30.98311],[-71.65207,-30.98314],[-71.65218,-30.98317],[-71.65229,-30.98318],[-71.6524,-30.98318],[-71.65251,-30.98322],[-71.65263,-30.98328],[-71.65267,-30.98339],[-71.65268,-30.98354],[-71.65272,-30.98369],[-71.65278,-30.98373],[-71.65279,-30.98383],[-71.65279,-30.98397],[-71.65281,-30.984145],[-71.65288,-30.98422],[-71.65289,-30.98438],[-71.65288,-30.98455],[-71.65282,-30.98466],[-71.65278,-30.98474],[-71.65274,-30.98481],[-71.65274,-30.98487],[-71.65279,-30.98494],[-71.65291,-30.98509],[-71.65296,-30.98524],[-71.65296,-30.9853],[-71.65294,-30.98538],[-71.65283,-30.98553],[-71.65269,-30.98565],[-71.65255,-30.98583],[-71.65253,-30.98596],[-71.65255,-30.98603],[-71.652635,-30.98612],[-71.65267,-30.98627],[-71.65267,-30.98633],[-71.65263,-30.98641],[-71.65254,-30.98656],[-71.65251,-30.9867],[-71.65252,-30.98681],[-71.65257,-30.98684],[-71.65259,-30.98692],[-71.652618,-30.986986],[-71.65262,-30.98699],[-71.65269,-30.98713],[-71.6527,-30.98727],[-71.65269,-30.98742],[-71.65274,-30.98751],[-71.65279,-30.98765],[-71.65279,-30.98774],[-71.65275,-30.9878],[-71.65262,-30.98792],[-71.65254,-30.987945],[-71.65248,-30.98799],[-71.65241,-30.98801],[-71.65236,-30.98806],[-71.6523,-30.9881],[-71.65222,-30.98813],[-71.65207,-30.98815],[-71.652,-30.98819],[-71.651905,-30.988225],[-71.65185,-30.98832],[-71.65182,-30.98837],[-71.65164,-30.98862],[-71.65158,-30.98866],[-71.65152,-30.98872],[-71.65138,-30.9889],[-71.65135,-30.98895],[-71.65117,-30.98895],[-71.65109,-30.98889],[-71.65102,-30.98884],[-71.65089,-30.98879],[-71.65078,-30.98877],[-71.650543,-30.988778],[-71.650714,-30.987543],[-71.646298,-30.984588],[-71.641269,-30.986058],[-71.636854,-30.983103]]]},"properties":{"comuna":"Ovalle","mancha_id":"04301-88b2e64207fffff","clase":"Muy Bajo","nivel_medio":0.293,"nivel_medio_min":0.072,"nivel_medio_max":0.419,"pct_alto":3.9,"n_hexagonos":3,"area_ha":109.91}},{"type":"Feature","geometry":{"type":"Polygon","coordinates":[[[-71.66362,-31.06852],[-71.663617,-31.068521],[-71.663756,-31.067516],[-71.66389,-31.06787],[-71.66393,-31.06812],[-71.66391,-31.06828],[-71.66379,-31.06844],[-71.66362,-31.06852]]]},"properties":{"comuna":"Ovalle","mancha_id":"04301-88b2e641d1fffff","clase":"Muy Bajo","nivel_medio":0.005,"nivel_medio_min":0.005,"nivel_medio_max":0.005,"pct_alto":0.0,"n_hexagonos":1,"area_ha":0.18}},{"type":"Feature","geometry":{"type":"Polygon","coordinates":[[[-71.64832,-31.005285],[-71.64826,-31.005245],[-71.648763,-31.001618],[-71.64886,-31.00165],[-71.64898,-31.00175],[-71.649,-31.00198],[-71.649,-31.0021],[-71.64903,-31.00224],[-71.64906,-31.00249],[-71.64904,-31.00264],[-71.64922,-31.00286],[-71.64937,-31.00292],[-71.64946,-31.00296],[-71.64961,-31.00317],[-71.64966,-31.00334],[-71.6497,-31.00345],[-71.64971,-31.00359],[-71.64969,-31.00374],[-71.64913,-31.00434],[-71.64839,-31.00521],[-71.64832,-31.005285]]]},"properties":{"comuna":"Ovalle","mancha_id":"04301-88b2e6404bfffff","clase":"Muy Bajo","nivel_medio":0.0,"nivel_medio_min":0.0,"nivel_medio_max":0.0,"pct_alto":0.0,"n_hexagonos":1,"area_ha":2.49}},{"type":"Feature","geometry":{"type":"Polygon","coordinates":[[[-71.695643,-30.486986],[-71.696035,-30.484132],[-71.696221,-30.484077],[-71.69626,-30.48424],[-71.69636,-30.48445],[-71.69647,-30.48462],[-71.6965,-30.48472],[-71.69657,-30.48484],[-71.69685,-30.48517],[-71.69712,-30.4856],[-71.69732,-30.48582],[-71.697323,-30.485887],[-71.69739,-30.48601],[-71.69744,-30.4862],[-71.69748,-30.48655],[-71.69745,-30.48677],[-71.69736,-30.4869],[-71.69728,-30.48697],[-71.69714,-30.48703],[-71.69701,-30.48705],[-71.69681,-30.48701],[-71.69649,-30.48692],[-71.6962,-30.48686],[-71.69604,-30.48685],[-71.6959,-30.48689],[-71.6958,-30.48692],[-71.695643,-30.486986]]]},"properties":{"comuna":"Ovalle","mancha_id":"04301-88b21baec1fffff","clase":"Muy Bajo","nivel_medio":0.17,"nivel_medio_min":0.17,"nivel_medio_max":0.17,"pct_alto":0.0,"n_hexagonos":1,"area_ha":3.46}},{"type":"Feature","geometry":{"type":"Polygon","coordinates":[[[-71.694017,-30.51685],[-71.691753,-30.515327],[-71.692358,-30.510924],[-71.69244,-30.51102],[-71.69272,-30.51133],[-71.69294,-30.51154],[-71.69307,-30.51174],[-71.69311,-30.51198],[-71.69306,-30.51221],[-71.69293,-30.51246],[-71.6928,-30.51266],[-71.69266,-30.51283],[-71.69264,-30.51297],[-71.69274,-30.51315],[-71.69292,-30.5132],[-71.69312,-30.51327],[-71.69326,-30.51349],[-71.69341,-30.51366],[-71.69376,-30.5139],[-71.69405,-30.51412],[-71.69425,-30.51433],[-71.69427,-30.51454],[-71.69429,-30.51473],[-71.69438,-30.51492],[-71.69452,-30.51509],[-71.69453,-30.5153],[-71.69434,-30.5156],[-71.69417,-30.5158],[-71.69407,-30.516],[-71.69388,-30.51631],[-71.69394,-30.51657],[-71.69401,-30.51684],[-71.694017,-30.51685]]]},"properties":{"comuna":"Ovalle","mancha_id":"04301-88b21bae83fffff","clase":"Muy Bajo","nivel_medio":0.284,"nivel_medio_min":0.284,"nivel_medio_max":0.284,"pct_alto":6.8,"n_hexagonos":1,"area_ha":8.19}},{"type":"Feature","geometry":{"type":"Polygon","coordinates":[[[-71.705505,-30.553767],[-71.701312,-30.55095],[-71.701568,-30.549089],[-71.70157,-30.54909],[-71.70245,-30.54934],[-71.70278,-30.5494],[-71.70299,-30.549495],[-71.70322,-30.5496],[-71.70345,-30.54957],[-71.70359,-30.54949],[-71.70371,-30.54959],[-71.7038,-30.54979],[-71.70397,-30.54992],[-71.70412,-30.54985],[-71.70421,-30.5498],[-71.70434,-30.54983],[-71.7044,-30.55004],[-71.70449,-30.55017],[-71.70468,-30.55016],[-71.70486,-30.55009],[-71.70503,-30.55008],[-71.7051,-30.55021],[-71.70501,-30.55037],[-71.70499,-30.55045],[-71.70514,-30.55047],[-71.70529,-30.55046],[-71.70534,-30.55058],[-71.70525,-30.55074],[-71.70522,-30.5509],[-71.70539,-30.55116],[-71.70559,-30.55147],[-71.70558,-30.55192],[-71.70544,-30.55224],[-71.705375,-30.55242],[-71.70531,-30.55268],[-71.70531,-30.55284],[-71.7054,-30.5531],[-71.70548,-30.55323],[-71.70558,-30.5535],[-71.70555,-30.55371],[-71.705505,-30.553767]]]},"properties":{"comuna":"Ovalle","mancha_id":"04301-88b21bacd1fffff","clase":"Muy Bajo","nivel_medio":0.109,"nivel_medio_min":0.109,"nivel_medio_max":0.109,"pct_alto":2.5,"n_hexagonos":1,"area_ha":11.5}},{"type":"Feature","geometry":{"type":"Polygon","coordinates":[[[-71.68786,-30.43868],[-71.687816,-30.438735],[-71.688315,-30.435101],[-71.688548,-30.435032],[-71.68858,-30.4351],[-71.68868,-30.43524],[-71.68878,-30.43534],[-71.68905,-30.4355],[-71.68929,-30.43562],[-71.68966,-30.43579],[-71.68986,-30.43585],[-71.68995,-30.43592],[-71.69008,-30.43606],[-71.69027,-30.43626],[-71.69041,-30.4364],[-71.69051,-30.43651],[-71.69053,-30.43659],[-71.69054,-30.43669],[-71.69051,-30.43679],[-71.69035,-30.43696],[-71.69026,-30.43706],[-71.69016,-30.4371],[-71.69004,-30.43711],[-71.68969,-30.43709],[-71.68949,-30.437],[-71.68927,-30.43694],[-71.68915,-30.43691],[-71.68905,-30.43694],[-71.68894,-30.43699],[-71.68883,-30.4371],[-71.68876,-30.43719],[-71.68867,-30.43732],[-71.68861,-30.43743],[-71.6886,-30.43757],[-71.68854,-30.43773],[-71.68846,-30.43789],[-71.68833,-30.4381],[-71.68804,-30.43845],[-71.68786,-30.43868]]]},"properties":{"comuna":"Ovalle","mancha_id":"04301-88b21ba569fffff","clase":"Muy Bajo","nivel_medio":0.186,"nivel_medio_min":0.186,"nivel_medio_max":0.186,"pct_alto":5.5,"n_hexagonos":1,"area_ha":4.24}},{"type":"Feature","geometry":{"type":"Polygon","coordinates":[[[-71.68799,-30.43974],[-71.688012,-30.43977],[-71.687703,-30.439562],[-71.687772,-30.439058],[-71.6878,-30.43918],[-71.68785,-30.43929],[-71.68792,-30.43945],[-71.68794,-30.43958],[-71.68799,-30.43974]]]},"properties":{"comuna":"Ovalle","mancha_id":"04301-88b21ba569fffff-2","clase":"Muy Bajo","nivel_medio":0.186,"nivel_medio_min":0.186,"nivel_medio_max":0.186,"pct_alto":5.5,"n_hexagonos":1,"area_ha":0.09}},{"type":"Feature","geometry":{"type":"Polygon","coordinates":[[[-71.690189,-30.460719],[-71.689664,-30.460366],[-71.690129,-30.45698],[-71.69014,-30.45703],[-71.69018,-30.4572],[-71.69024,-30.4573],[-71.69035,-30.45739],[-71.69051,-30.45754],[-71.6907,-30.45764],[-71.69086,-30.45775],[-71.69094,-30.45787],[-71.69095,-30.45802],[-71.69092,-30.45817],[-71.69087,-30.45831],[-71.69082,-30.45864],[-71.6908,-30.45895],[-71.69078,-30.45913],[-71.69071,-30.45932],[-71.69067,-30.45939],[-71.69064,-30.45951],[-71.69058,-30.45961],[-71.69049,-30.45973],[-71.69039,-30.45981],[-71.69031,-30.45989],[-71.69023,-30.45998],[-71.69019,-30.46015],[-71.69021,-30.46035],[-71.6902,-30.46065],[-71.690189,-30.460719]]]},"properties":{"comuna":"Ovalle","mancha_id":"04301-88b21ba529fffff","clase":"Muy Bajo","nivel_medio":0.193,"nivel_medio_min":0.193,"nivel_medio_max":0.193,"pct_alto":5.2,"n_hexagonos":1,"area_ha":2.65}},{"type":"Feature","geometry":{"type":"Polygon","coordinates":[[[-71.668601,-30.368208],[-71.669213,-30.363744],[-71.670517,-30.363355],[-71.67049,-30.36341],[-71.67046,-30.36346],[-71.6704,-30.36349],[-71.67032,-30.36355],[-71.67024,-30.36361],[-71.67013,-30.36373],[-71.670036,-30.363836],[-71.66999,-30.36396],[-71.66993,-30.36411],[-71.66989,-30.36424],[-71.66984,-30.36437],[-71.66979,-30.36448],[-71.66974,-30.36459],[-71.66972,-30.36467],[-71.66968,-30.36479],[-71.66968,-30.36493],[-71.66969,-30.36512],[-71.66976,-30.36547],[-71.66981,-30.3657],[-71.66988,-30.36589],[-71.66992,-30.36599],[-71.67005,-30.36612],[-71.67022,-30.36625],[-71.67037,-30.36634],[-71.67051,-30.36638],[-71.67063,-30.36638],[-71.67077,-30.36636],[-71.67085,-30.36631],[-71.67097,-30.36628],[-71.67107,-30.36627],[-71.67118,-30.3663],[-71.67129,-30.36637],[-71.67139,-30.36642],[-71.67147,-30.36643],[-71.67161,-30.36642],[-71.67168,-30.36638],[-71.67175,-30.36635],[-71.67184,-30.36635],[-71.67199,-30.36637],[-71.6721,-30.36639],[-71.6722,-30.36638],[-71.67226,-30.36635],[-71.67234,-30.36629],[-71.67242,-30.36626],[-71.6725,-30.36626],[-71.67258,-30.3663],[-71.67269,-30.36637],[-71.67278,-30.36644],[-71.67289,-30.36653],[-71.67298,-30.36661],[-71.67319,-30.36684],[-71.67328,-30.36691],[-71.67337,-30.36693],[-71.67347,-30.36694],[-71.6736,-30.36693],[-71.67373,-30.36691],[-71.67385,-30.36688],[-71.6741,-30.36684],[-71.67423,-30.36685],[-71.67431,-30.36688],[-71.67434,-30.36694],[-71.67433,-30.36702],[-71.67429,-30.36708],[-71.67428,-30.36715],[-71.67428,-30.36722],[-71.67434,-30.36729],[-71.6744,-30.36736],[-71.67442,-30.36744],[-71.67442,-30.3675],[-71.6744,-30.36757],[-71.67438,-30.36763],[-71.67432,-30.3677],[-71.67422,-30.36775],[-71.67414,-30.36778],[-71.67406,-30.36783],[-71.67403,-30.3679],[-71.67398,-30.36795],[-71.6739,-30.36796],[-71.6738,-30.36797],[-71.67372,-30.368],[-71.67363,-30.36807],[-71.67354,-30.36816],[-71.67346,-30.36828],[-71.67343,-30.36838],[-71.67343,-30.36849],[-71.67342,-30.36859],[-71.67339,-30.36868],[-71.67331,-30.36882],[-71.67322,-30.3689],[-71.67318,-30.36901],[-71.67313,-30.36907],[-71.67306,-30.36912],[-71.67298,-30.36914],[-71.67291,-30.36918],[-71.67291,-30.36925],[-71.67296,-30.36932],[-71.67302,-30.36938],[-71.67305,-30.36947],[-71.67308,-30.36958],[-71.67313,-30.36964],[-71.67323,-30.36974],[-71.67345,-30.36987],[-71.67366,-30.36997],[-71.67375,-30.37004],[-71.67383,-30.37011],[-71.6739,-30.37022],[-71.67397,-30.37034],[-71.67402,-30.37047],[-71.67415,-30.37071],[-71.674234,-30.370812],[-71.673007,-30.371177],[-71.668601,-30.368208]]]},"properties":{"comuna":"Ovalle","mancha_id":"04301-88b21ba29dfffff","clase":"Muy Bajo","nivel_medio":0.365,"nivel_medio_min":0.365,"nivel_medio_max":0.365,"pct_alto":12.0,"n_hexagonos":1,"area_ha":21.09}},{"type":"Feature","geometry":{"type":"Polygon","coordinates":[[[-71.674611,-30.35947],[-71.674842,-30.357785],[-71.679846,-30.356294],[-71.67971,-30.35643],[-71.67963,-30.35648],[-71.67946,-30.35648],[-71.67933,-30.3565],[-71.67919,-30.35653],[-71.67907,-30.3566],[-71.67897,-30.35671],[-71.67889,-30.35684],[-71.67884,-30.35696],[-71.6788,-30.35712],[-71.67879,-30.35725],[-71.67879,-30.3574],[-71.6788,-30.3576],[-71.67883,-30.35771],[-71.67892,-30.35781],[-71.67899,-30.35785],[-71.67908,-30.35785],[-71.67919,-30.35782],[-71.67929,-30.35783],[-71.67935,-30.35785],[-71.67939,-30.35792],[-71.67938,-30.35799],[-71.67937,-30.35811],[-71.67935,-30.35827],[-71.67937,-30.35854],[-71.67939,-30.35866],[-71.67945,-30.3588],[-71.67952,-30.35896],[-71.67967,-30.35913],[-71.67979,-30.35934],[-71.67994,-30.35951],[-71.67999,-30.35958],[-71.67999,-30.35968],[-71.67986,-30.35971],[-71.67971,-30.35968],[-71.67955,-30.35958],[-71.67937,-30.35942],[-71.67926,-30.35938],[-71.67914,-30.35936],[-71.67895,-30.35932],[-71.67885,-30.35924],[-71.67874,-30.35917],[-71.67867,-30.35915],[-71.6786,-30.35916],[-71.67853,-30.3592],[-71.67846,-30.35928],[-71.67844,-30.3594],[-71.67839,-30.35946],[-71.6782,-30.35954],[-71.6781,-30.35954],[-71.67801,-30.3595],[-71.67797,-30.35942],[-71.67794,-30.35935],[-71.67787,-30.35929],[-71.67771,-30.35933],[-71.67762,-30.3594],[-71.67755,-30.35943],[-71.67746,-30.35944],[-71.67737,-30.35942],[-71.6773,-30.35938],[-71.67723,-30.35938],[-71.67715,-30.35942],[-71.67704,-30.35948],[-71.67694,-30.35949],[-71.67686,-30.35949],[-71.67678,-30.35948],[-71.67668,-30.35943],[-71.6766,-30.35934],[-71.67654,-30.35926],[-71.67646,-30.35921],[-71.67626,-30.35915],[-71.67603,-30.35909],[-71.67593,-30.35904],[-71.67588,-30.35897],[-71.67586,-30.35891],[-71.67577,-30.35887],[-71.67565,-30.35886],[-71.67544,-30.35888],[-71.67531,-30.35894],[-71.67517,-30.35904],[-71.67512,-30.3591],[-71.67505,-30.35918],[-71.67487,-30.35935],[-71.67476,-30.35943],[-71.67468,-30.35947],[-71.674611,-30.35947]]]},"properties":{"comuna":"Ovalle","mancha_id":"04301-88b21ba28bfffff","clase":"Muy Bajo","nivel_medio":0.377,"nivel_medio_min":0.377,"nivel_medio_max":0.377,"pct_alto":8.7,"n_hexagonos":1,"area_ha":10.21}},{"type":"Feature","geometry":{"type":"Polygon","coordinates":[[[-71.68441,-30.39394],[-71.684326,-30.393959],[-71.684393,-30.393474],[-71.685201,-30.393233],[-71.68524,-30.39333],[-71.68525,-30.39343],[-71.68523,-30.39357],[-71.68516,-30.39367],[-71.6851,-30.39372],[-71.68499,-30.39375],[-71.68487,-30.39375],[-71.68473,-30.39377],[-71.68463,-30.39381],[-71.68448,-30.39391],[-71.68441,-30.39394]]]},"properties":{"comuna":"Ovalle","mancha_id":"04301-88b21ba0d9fffff","clase":"Muy Bajo","nivel_medio":0.412,"nivel_medio_min":0.412,"nivel_medio_max":0.412,"pct_alto":8.6,"n_hexagonos":1,"area_ha":0.4}},{"type":"Feature","geometry":{"type":"Polygon","coordinates":[[[-71.68528,-30.39889],[-71.685326,-30.398977],[-71.683781,-30.397936],[-71.683903,-30.397048],[-71.68397,-30.39704],[-71.68412,-30.39705],[-71.68428,-30.39709],[-71.68435,-30.39716],[-71.68441,-30.39726],[-71.68444,-30.39738],[-71.68448,-30.3975],[-71.68456,-30.39757],[-71.68467,-30.39764],[-71.68482,-30.39768],[-71.68497,-30.39772],[-71.68511,-30.39777],[-71.68517,-30.39783],[-71.6852,-30.39792],[-71.68519,-30.398],[-71.68514,-30.3981],[-71.68507,-30.39819],[-71.68499,-30.39827],[-71.68498,-30.39836],[-71.68498,-30.39845],[-71.68501,-30.39853],[-71.6851,-30.39864],[-71.68519,-30.39876],[-71.68528,-30.39889]]]},"properties":{"comuna":"Ovalle","mancha_id":"04301-88b21ba0d9fffff-2","clase":"Muy Bajo","nivel_medio":0.412,"nivel_medio_min":0.412,"nivel_medio_max":0.412,"pct_alto":8.6,"n_hexagonos":1,"area_ha":1.37}},{"type":"Feature","geometry":{"type":"Polygon","coordinates":[[[-71.232968,-30.424505],[-71.22858,-30.421527],[-71.223574,-30.423],[-71.219185,-30.420022],[-71.219803,-30.41557],[-71.224809,-30.414096],[-71.229197,-30.417075],[-71.234203,-30.415601],[-71.238592,-30.418579],[-71.237975,-30.423031],[-71.232968,-30.424505]]]},"properties":{"comuna":"Ovalle","mancha_id":"04301-88b2196ec3fffff","clase":"Muy Bajo","nivel_medio":0.424,"nivel_medio_min":0.389,"nivel_medio_max":0.459,"pct_alto":4.4,"n_hexagonos":2,"area_ha":136.61}},{"type":"Feature","geometry":{"type":"Polygon","coordinates":[[[-71.236123,-30.436386],[-71.23674,-30.431935],[-71.241747,-30.430461],[-71.246136,-30.433439],[-71.245519,-30.43789],[-71.240512,-30.439364],[-71.236123,-30.436386]]]},"properties":{"comuna":"Ovalle","mancha_id":"04301-88b2196e81fffff","clase":"Muy Bajo","nivel_medio":0.359,"nivel_medio_min":0.359,"nivel_medio_max":0.359,"pct_alto":0.4,"n_hexagonos":1,"area_ha":68.3}},{"type":"Feature","geometry":{"type":"Polygon","coordinates":[[[-71.252925,-30.384456],[-71.253542,-30.380001],[-71.258548,-30.378525],[-71.262937,-30.381503],[-71.26232,-30.385958],[-71.257314,-30.387434],[-71.252925,-30.384456]]]},"properties":{"comuna":"Ovalle","mancha_id":"04301-88b2196e51fffff","clase":"Muy Bajo","nivel_medio":0.485,"nivel_medio_min":0.485,"nivel_medio_max":0.485,"pct_alto":0.0,"n_hexagonos":1,"area_ha":68.38}},{"type":"Feature","geometry":{"type":"Polygon","coordinates":[[[-71.311466,-30.516651],[-71.312083,-30.512203],[-71.317093,-30.510729],[-71.321487,-30.513704],[-71.320871,-30.518152],[-71.31586,-30.519626],[-71.311466,-30.516651]]]},"properties":{"comuna":"Ovalle","mancha_id":"04301-88b2196d97fffff","clase":"Muy Bajo","nivel_medio":0.482,"nivel_medio_min":0.482,"nivel_medio_max":0.482,"pct_alto":0.1,"n_hexagonos":1,"area_ha":68.24}},{"type":"Feature","geometry":{"type":"Polygon","coordinates":[[[-71.32272,-30.504807],[-71.323337,-30.500358],[-71.328347,-30.498883],[-71.332742,-30.501857],[-71.332125,-30.506306],[-71.327115,-30.507781],[-71.32272,-30.504807]]]},"properties":{"comuna":"Ovalle","mancha_id":"04301-88b2196d83fffff","clase":"Muy Bajo","nivel_medio":0.46,"nivel_medio_min":0.46,"nivel_medio_max":0.46,"pct_alto":0.4,"n_hexagonos":1,"area_ha":68.27}},{"type":"Feature","geometry":{"type":"Polygon","coordinates":[[[-71.300061,-30.460257],[-71.300678,-30.455806],[-71.305687,-30.45433],[-71.310079,-30.457306],[-71.309463,-30.461757],[-71.304453,-30.463233],[-71.300061,-30.460257]]]},"properties":{"comuna":"Ovalle","mancha_id":"04301-88b2196c39fffff","clase":"Muy Bajo","nivel_medio":0.262,"nivel_medio_min":0.262,"nivel_medio_max":0.262,"pct_alto":0.1,"n_hexagonos":1,"area_ha":68.31}},{"type":"Feature","geometry":{"type":"Polygon","coordinates":[[[-71.298211,-30.473609],[-71.298828,-30.469159],[-71.303837,-30.467684],[-71.30823,-30.470659],[-71.307613,-30.475109],[-71.312006,-30.478085],[-71.317016,-30.476609],[-71.321409,-30.479584],[-71.320793,-30.484035],[-71.315783,-30.48551],[-71.315166,-30.489959],[-71.31956,-30.492934],[-71.318943,-30.497383],[-71.313933,-30.498858],[-71.30954,-30.495883],[-71.310156,-30.491434],[-71.305763,-30.488459],[-71.300753,-30.489933],[-71.296361,-30.486958],[-71.296977,-30.482509],[-71.292585,-30.479533],[-71.287576,-30.481007],[-71.283184,-30.478031],[-71.283801,-30.473582],[-71.28881,-30.472108],[-71.293202,-30.475083],[-71.298211,-30.473609]]]},"properties":{"comuna":"Ovalle","mancha_id":"04301-88b2196c33fffff","clase":"Muy Bajo","nivel_medio":0.248,"nivel_medio_min":0.059,"nivel_medio_max":0.483,"pct_alto":0.4,"n_hexagonos":8,"area_ha":546.24}},{"type":"Feature","geometry":{"type":"Polygon","coordinates":[[[-71.200399,-30.41701],[-71.201017,-30.412558],[-71.206022,-30.411085],[-71.210409,-30.414064],[-71.209792,-30.418516],[-71.204786,-30.419989],[-71.200399,-30.41701]]]},"properties":{"comuna":"Ovalle","mancha_id":"04301-88b21965e5fffff","clase":"Muy Bajo","nivel_medio":0.494,"nivel_medio_min":0.494,"nivel_medio_max":0.494,"pct_alto":1.4,"n_hexagonos":1,"area_ha":68.29}},{"type":"Feature","geometry":{"type":"Polygon","coordinates":[[[-71.202315,-30.437792],[-71.202933,-30.433342],[-71.207938,-30.43187],[-71.212326,-30.434848],[-71.217332,-30.433376],[-71.221721,-30.436354],[-71.226727,-30.434881],[-71.231116,-30.437859],[-71.230498,-30.44231],[-71.225492,-30.443782],[-71.221103,-30.440804],[-71.216097,-30.442277],[-71.215479,-30.446727],[-71.219868,-30.449705],[-71.21925,-30.454155],[-71.223639,-30.457133],[-71.228646,-30.45566],[-71.229263,-30.451211],[-71.23427,-30.449738],[-71.234888,-30.445288],[-71.239894,-30.443814],[-71.244284,-30.446792],[-71.243667,-30.451242],[-71.248057,-30.45422],[-71.247439,-30.45867],[-71.242432,-30.460143],[-71.238042,-30.457165],[-71.233035,-30.458638],[-71.232418,-30.463088],[-71.236807,-30.466065],[-71.23619,-30.470514],[-71.231183,-30.471986],[-71.230565,-30.476435],[-71.234955,-30.479412],[-71.234337,-30.48386],[-71.22933,-30.485331],[-71.228712,-30.489779],[-71.223705,-30.49125],[-71.223087,-30.495697],[-71.21808,-30.497168],[-71.217462,-30.501615],[-71.221852,-30.504592],[-71.226859,-30.503121],[-71.231249,-30.506098],[-71.230632,-30.510544],[-71.235022,-30.51352],[-71.24003,-30.51205],[-71.240648,-30.507603],[-71.245656,-30.506132],[-71.250047,-30.509108],[-71.249429,-30.513555],[-71.244421,-30.515026],[-71.243803,-30.519472],[-71.248194,-30.522448],[-71.247577,-30.526894],[-71.242568,-30.528364],[-71.241951,-30.53281],[-71.236942,-30.53428],[-71.232551,-30.531304],[-71.227543,-30.532774],[-71.223153,-30.529798],[-71.223771,-30.525352],[-71.219381,-30.522376],[-71.219998,-30.51793],[-71.215609,-30.514954],[-71.210601,-30.516423],[-71.206212,-30.513447],[-71.20683,-30.509001],[-71.211837,-30.507531],[-71.212455,-30.503085],[-71.208066,-30.500108],[-71.208684,-30.495661],[-71.213691,-30.494191],[-71.214308,-30.489744],[-71.219315,-30.488273],[-71.219933,-30.483825],[-71.215544,-30.480848],[-71.216162,-30.4764],[-71.221169,-30.474929],[-71.221786,-30.47048],[-71.226793,-30.469009],[-71.227411,-30.46456],[-71.223022,-30.461582],[-71.218015,-30.463054],[-71.217397,-30.467503],[-71.212391,-30.468974],[-71.211773,-30.473422],[-71.206766,-30.474893],[-71.202378,-30.471915],[-71.197372,-30.473386],[-71.196754,-30.477834],[-71.191748,-30.479304],[-71.18736,-30.476326],[-71.187978,-30.471878],[-71.192984,-30.470408],[-71.193602,-30.46596],[-71.198608,-30.464489],[-71.202996,-30.467467],[-71.208002,-30.465996],[-71.20862,-30.461547],[-71.213626,-30.460076],[-71.214244,-30.455627],[-71.209855,-30.452649],[-71.204849,-30.45412],[-71.200461,-30.451142],[-71.201079,-30.446692],[-71.206085,-30.445221],[-71.206703,-30.440771],[-71.202315,-30.437792]]]},"properties":{"comuna":"Ovalle","mancha_id":"04301-88b21965a5fffff","clase":"Muy Bajo","nivel_medio":0.318,"nivel_medio_min":0.013,"nivel_medio_max":0.49,"pct_alto":1.8,"n_hexagonos":34,"area_ha":2319.48}},{"type":"Feature","geometry":{"type":"Polygon","coordinates":[[[-71.179761,-30.427348],[-71.180379,-30.422897],[-71.185384,-30.421426],[-71.186002,-30.416975],[-71.191007,-30.415503],[-71.195394,-30.418482],[-71.194776,-30.422933],[-71.189771,-30.424405],[-71.189153,-30.428856],[-71.184148,-30.430327],[-71.18353,-30.434777],[-71.187917,-30.437756],[-71.192922,-30.436285],[-71.197309,-30.439264],[-71.196692,-30.443714],[-71.191686,-30.445185],[-71.191068,-30.449634],[-71.186063,-30.451105],[-71.181675,-30.448126],[-71.182293,-30.443677],[-71.177907,-30.440698],[-71.172902,-30.442168],[-71.172283,-30.446618],[-71.17667,-30.449597],[-71.176052,-30.454046],[-71.171047,-30.455516],[-71.170429,-30.459964],[-71.165424,-30.461434],[-71.164805,-30.465882],[-71.1598,-30.467351],[-71.155414,-30.464372],[-71.156032,-30.459924],[-71.151646,-30.456944],[-71.152265,-30.452496],[-71.157269,-30.451027],[-71.161656,-30.454006],[-71.16666,-30.452537],[-71.167279,-30.448088],[-71.162892,-30.445109],[-71.163511,-30.440659],[-71.168515,-30.439189],[-71.169133,-30.43474],[-71.174138,-30.433269],[-71.174756,-30.428819],[-71.179761,-30.427348]]]},"properties":{"comuna":"Ovalle","mancha_id":"04301-88b2196585fffff","clase":"Muy Bajo","nivel_medio":0.37,"nivel_medio_min":0.162,"nivel_medio_max":0.468,"pct_alto":1.9,"n_hexagonos":12,"area_ha":818.86}},{"type":"Feature","geometry":{"type":"Polygon","coordinates":[[[-71.221038,-30.406665],[-71.221655,-30.402212],[-71.226661,-30.400738],[-71.231049,-30.403717],[-71.230432,-30.40817],[-71.225426,-30.409644],[-71.221038,-30.406665]]]},"properties":{"comuna":"Ovalle","mancha_id":"04301-88b2196535fffff","clase":"Muy Bajo","nivel_medio":0.431,"nivel_medio_min":0.431,"nivel_medio_max":0.431,"pct_alto":2.4,"n_hexagonos":1,"area_ha":68.32}},{"type":"Feature","geometry":{"type":"Polygon","coordinates":[[[-71.232284,-30.394811],[-71.232901,-30.390357],[-71.237907,-30.388882],[-71.242296,-30.391861],[-71.247302,-30.390386],[-71.251691,-30.393364],[-71.256697,-30.391888],[-71.261086,-30.394867],[-71.260469,-30.399321],[-71.255463,-30.400796],[-71.251074,-30.397818],[-71.246067,-30.399293],[-71.241678,-30.396315],[-71.236673,-30.397789],[-71.232284,-30.394811]]]},"properties":{"comuna":"Ovalle","mancha_id":"04301-88b2196521fffff","clase":"Muy Bajo","nivel_medio":0.416,"nivel_medio_min":0.297,"nivel_medio_max":0.492,"pct_alto":0.3,"n_hexagonos":3,"area_ha":205.06}},{"type":"Feature","geometry":{"type":"Polygon","coordinates":[[[-71.194714,-30.388789],[-71.195332,-30.384336],[-71.200336,-30.382862],[-71.204723,-30.385842],[-71.204105,-30.390295],[-71.199101,-30.391769],[-71.194714,-30.388789]]]},"properties":{"comuna":"Ovalle","mancha_id":"04301-88b219651dfffff","clase":"Muy Bajo","nivel_medio":0.354,"nivel_medio_min":0.354,"nivel_medio_max":0.354,"pct_alto":0.2,"n_hexagonos":1,"area_ha":68.33}},{"type":"Feature","geometry":{"type":"Polygon","coordinates":[[[-71.183469,-30.40064],[-71.184087,-30.396188],[-71.189092,-30.394715],[-71.193478,-30.397695],[-71.19286,-30.402147],[-71.197247,-30.405127],[-71.196629,-30.409579],[-71.191624,-30.411051],[-71.187238,-30.408072],[-71.187856,-30.40362],[-71.183469,-30.40064]]]},"properties":{"comuna":"Ovalle","mancha_id":"04301-88b2196513fffff","clase":"Muy Bajo","nivel_medio":0.443,"nivel_medio_min":0.428,"nivel_medio_max":0.457,"pct_alto":2.3,"n_hexagonos":2,"area_ha":136.6}},{"type":"Feature","geometry":{"type":"Polygon","coordinates":[[[-71.107129,-30.397462],[-71.102746,-30.394481],[-71.103036,-30.392396],[-71.112358,-30.394359],[-71.112131,-30.395993],[-71.107129,-30.397462]]]},"properties":{"comuna":"Ovalle","mancha_id":"04301-88b21964c1fffff","clase":"Muy Bajo","nivel_medio":0.473,"nivel_medio_min":0.473,"nivel_medio_max":0.473,"pct_alto":2.6,"n_hexagonos":1,"area_ha":30.38}},{"type":"Feature","geometry":{"type":"Polygon","coordinates":[[[-71.106561,-30.436041],[-71.10718,-30.431592],[-71.112182,-30.430124],[-71.116566,-30.433105],[-71.115947,-30.437554],[-71.120332,-30.440534],[-71.119713,-30.444982],[-71.11471,-30.44645],[-71.110325,-30.44347],[-71.110944,-30.439021],[-71.106561,-30.436041]]]},"properties":{"comuna":"Ovalle","mancha_id":"04301-88b21964b1fffff","clase":"Muy Bajo","nivel_medio":0.341,"nivel_medio_min":0.238,"nivel_medio_max":0.444,"pct_alto":0.7,"n_hexagonos":2,"area_ha":136.4}},{"type":"Feature","geometry":{"type":"Polygon","coordinates":[[[-71.089647,-30.419667],[-71.090266,-30.415218],[-71.095268,-30.41375],[-71.099651,-30.416732],[-71.099032,-30.421181],[-71.09403,-30.422649],[-71.089647,-30.419667]]]},"properties":{"comuna":"Ovalle","mancha_id":"04301-88b219649dfffff","clase":"Muy Bajo","nivel_medio":0.472,"nivel_medio_min":0.472,"nivel_medio_max":0.472,"pct_alto":3.5,"n_hexagonos":1,"area_ha":68.21}},{"type":"Feature","geometry":{"type":"Polygon","coordinates":[[[-71.245382,-30.369588],[-71.245999,-30.365133],[-71.251004,-30.363656],[-71.255393,-30.366635],[-71.254776,-30.371091],[-71.24977,-30.372567],[-71.245382,-30.369588]]]},"properties":{"comuna":"Ovalle","mancha_id":"04301-88b21960b3fffff","clase":"Muy Bajo","nivel_medio":0.321,"nivel_medio_min":0.321,"nivel_medio_max":0.321,"pct_alto":0.0,"n_hexagonos":1,"area_ha":68.39}},{"type":"Feature","geometry":{"type":"Polygon","coordinates":[[[-71.584602,-30.594029],[-71.585215,-30.58958],[-71.590235,-30.588097],[-71.594642,-30.591063],[-71.594029,-30.595512],[-71.589009,-30.596995],[-71.584602,-30.594029]]]},"properties":{"comuna":"Ovalle","mancha_id":"04301-88b2e6daa5fffff","clase":"Bajo","nivel_medio":1.462,"nivel_medio_min":1.462,"nivel_medio_max":1.462,"pct_alto":18.0,"n_hexagonos":1,"area_ha":68.34}},{"type":"Feature","geometry":{"type":"Polygon","coordinates":[[[-71.558168,-30.576229],[-71.558781,-30.57178],[-71.5638,-30.570298],[-71.568205,-30.573265],[-71.567592,-30.577714],[-71.562573,-30.579196],[-71.558168,-30.576229]]]},"properties":{"comuna":"Ovalle","mancha_id":"04301-88b2e6da8dfffff","clase":"Bajo","nivel_medio":1.455,"nivel_medio_min":1.455,"nivel_medio_max":1.455,"pct_alto":11.6,"n_hexagonos":1,"area_ha":68.34}},{"type":"Feature","geometry":{"type":"Polygon","coordinates":[[[-71.575399,-30.660728],[-71.576013,-30.656284],[-71.581034,-30.654803],[-71.585441,-30.657768],[-71.584828,-30.662213],[-71.579807,-30.663693],[-71.575399,-30.660728]]]},"properties":{"comuna":"Ovalle","mancha_id":"04301-88b2e6d8b3fffff","clase":"Bajo","nivel_medio":1.418,"nivel_medio_min":1.418,"nivel_medio_max":1.418,"pct_alto":20.0,"n_hexagonos":1,"area_ha":68.24}},{"type":"Feature","geometry":{"type":"Polygon","coordinates":[[[-71.629785,-30.580674],[-71.630398,-30.576224],[-71.635419,-30.574738],[-71.639827,-30.577703],[-71.639214,-30.582154],[-71.634193,-30.583639],[-71.629785,-30.580674]]]},"properties":{"comuna":"Ovalle","mancha_id":"04301-88b2e6d86bfffff","clase":"Bajo","nivel_medio":1.419,"nivel_medio_min":1.419,"nivel_medio_max":1.419,"pct_alto":21.4,"n_hexagonos":1,"area_ha":68.39}},{"type":"Feature","geometry":{"type":"Polygon","coordinates":[[[-71.595868,-30.582164],[-71.596482,-30.577715],[-71.592075,-30.574748],[-71.592688,-30.570298],[-71.597708,-30.568814],[-71.602115,-30.57178],[-71.607135,-30.570296],[-71.611542,-30.573262],[-71.610929,-30.577713],[-71.605908,-30.579197],[-71.605295,-30.583647],[-71.600275,-30.58513],[-71.595868,-30.582164]]]},"properties":{"comuna":"Ovalle","mancha_id":"04301-88b2e6d851fffff","clase":"Bajo","nivel_medio":1.183,"nivel_medio_min":1.011,"nivel_medio_max":1.442,"pct_alto":3.7,"n_hexagonos":3,"area_ha":205.1}},{"type":"Feature","geometry":{"type":"Polygon","coordinates":[[[-71.592189,-30.608857],[-71.592802,-30.604409],[-71.597822,-30.602926],[-71.60223,-30.605892],[-71.601617,-30.61034],[-71.596596,-30.611823],[-71.592189,-30.608857]]]},"properties":{"comuna":"Ovalle","mancha_id":"04301-88b2e6d813fffff","clase":"Bajo","nivel_medio":1.466,"nivel_medio_min":1.466,"nivel_medio_max":1.466,"pct_alto":0.0,"n_hexagonos":1,"area_ha":68.32}},{"type":"Feature","geometry":{"type":"Polygon","coordinates":[[[-71.345473,-30.583425],[-71.346089,-30.57898],[-71.341693,-30.576008],[-71.342309,-30.571563],[-71.347322,-30.57009],[-71.351718,-30.573062],[-71.351102,-30.577507],[-71.355498,-30.580479],[-71.354882,-30.584924],[-71.349869,-30.586397],[-71.345473,-30.583425]]]},"properties":{"comuna":"Ovalle","mancha_id":"04301-88b2e6d465fffff","clase":"Bajo","nivel_medio":1.479,"nivel_medio_min":1.477,"nivel_medio_max":1.481,"pct_alto":15.7,"n_hexagonos":2,"area_ha":136.37}},{"type":"Feature","geometry":{"type":"Polygon","coordinates":[[[-71.505119,-30.472339],[-71.505733,-30.467884],[-71.510748,-30.4664],[-71.51515,-30.469371],[-71.514536,-30.473825],[-71.50952,-30.475309],[-71.505119,-30.472339]]]},"properties":{"comuna":"Ovalle","mancha_id":"04301-88b2e6d30dfffff","clase":"Bajo","nivel_medio":1.01,"nivel_medio_min":1.01,"nivel_medio_max":1.01,"pct_alto":9.8,"n_hexagonos":1,"area_ha":68.44}},{"type":"Feature","geometry":{"type":"Polygon","coordinates":[[[-71.490074,-30.476788],[-71.490688,-30.472334],[-71.495703,-30.470851],[-71.500104,-30.473822],[-71.49949,-30.478276],[-71.494475,-30.479759],[-71.490074,-30.476788]]]},"properties":{"comuna":"Ovalle","mancha_id":"04301-88b2e6d30bfffff","clase":"Bajo","nivel_medio":1.348,"nivel_medio_min":1.348,"nivel_medio_max":1.348,"pct_alto":44.8,"n_hexagonos":1,"area_ha":68.42}},{"type":"Feature","geometry":{"type":"Polygon","coordinates":[[[-71.413019,-30.512352],[-71.413634,-30.507901],[-71.418647,-30.506423],[-71.423045,-30.509395],[-71.42243,-30.513845],[-71.417417,-30.515324],[-71.413019,-30.512352]]]},"properties":{"comuna":"Ovalle","mancha_id":"04301-88b2e6d2a9fffff","clase":"Bajo","nivel_medio":1.436,"nivel_medio_min":1.436,"nivel_medio_max":1.436,"pct_alto":0.0,"n_hexagonos":1,"area_ha":68.32}},{"type":"Feature","geometry":{"type":"Polygon","coordinates":[[[-71.476972,-30.502017],[-71.477587,-30.497565],[-71.482602,-30.496083],[-71.487002,-30.499054],[-71.486388,-30.503506],[-71.481373,-30.504988],[-71.476972,-30.502017]]]},"properties":{"comuna":"Ovalle","mancha_id":"04301-88b2e6d069fffff","clase":"Bajo","nivel_medio":1.413,"nivel_medio_min":1.413,"nivel_medio_max":1.413,"pct_alto":26.7,"n_hexagonos":1,"area_ha":68.38}},{"type":"Feature","geometry":{"type":"Polygon","coordinates":[[[-71.463869,-30.527234],[-71.464484,-30.522784],[-71.469499,-30.521304],[-71.473899,-30.524274],[-71.473285,-30.528725],[-71.468269,-30.530205],[-71.463869,-30.527234]]]},"properties":{"comuna":"Ovalle","mancha_id":"04301-88b2e6d007fffff","clase":"Bajo","nivel_medio":1.493,"nivel_medio_min":1.493,"nivel_medio_max":1.493,"pct_alto":12.3,"n_hexagonos":1,"area_ha":68.34}},{"type":"Feature","geometry":{"type":"Polygon","coordinates":[[[-71.524793,-30.748048],[-71.525407,-30.74361],[-71.530428,-30.742135],[-71.534835,-30.745099],[-71.534221,-30.749538],[-71.538628,-30.752501],[-71.538013,-30.756939],[-71.532992,-30.758414],[-71.528585,-30.75545],[-71.529199,-30.751012],[-71.524793,-30.748048]]]},"properties":{"comuna":"Ovalle","mancha_id":"04301-88b2e6cf41fffff","clase":"Bajo","nivel_medio":1.33,"nivel_medio_min":1.208,"nivel_medio_max":1.453,"pct_alto":11.1,"n_hexagonos":2,"area_ha":136.17}},{"type":"Feature","geometry":{"type":"Polygon","coordinates":[[[-71.52869,-30.789471],[-71.529305,-30.785035],[-71.534327,-30.783562],[-71.538735,-30.786525],[-71.53812,-30.790961],[-71.533098,-30.792434],[-71.52869,-30.789471]]]},"properties":{"comuna":"Ovalle","mancha_id":"04301-88b2e6cf31fffff","clase":"Bajo","nivel_medio":1.127,"nivel_medio_min":1.127,"nivel_medio_max":1.127,"pct_alto":4.3,"n_hexagonos":1,"area_ha":68.04}},{"type":"Feature","geometry":{"type":"Polygon","coordinates":[[[-71.432679,-30.821842],[-71.433295,-30.81741],[-71.438315,-30.815942],[-71.442719,-30.818906],[-71.442103,-30.823338],[-71.437083,-30.824806],[-71.432679,-30.821842]]]},"properties":{"comuna":"Ovalle","mancha_id":"04301-88b2e6ceb5fffff","clase":"Bajo","nivel_medio":1.339,"nivel_medio_min":1.339,"nivel_medio_max":1.339,"pct_alto":23.2,"n_hexagonos":1,"area_ha":67.93}},{"type":"Feature","geometry":{"type":"Polygon","coordinates":[[[-71.434526,-30.808545],[-71.435142,-30.804112],[-71.440162,-30.802643],[-71.444566,-30.805608],[-71.44395,-30.810041],[-71.43893,-30.811509],[-71.434526,-30.808545]]]},"properties":{"comuna":"Ovalle","mancha_id":"04301-88b2e6ceabfffff","clase":"Bajo","nivel_medio":1.454,"nivel_medio_min":1.454,"nivel_medio_max":1.454,"pct_alto":3.4,"n_hexagonos":1,"area_ha":67.95}},{"type":"Feature","geometry":{"type":"Polygon","coordinates":[[[-71.400625,-30.809952],[-71.401241,-30.80552],[-71.40626,-30.804053],[-71.410662,-30.807018],[-71.415681,-30.805551],[-71.420084,-30.808516],[-71.419468,-30.812948],[-71.414449,-30.814416],[-71.410046,-30.811451],[-71.405027,-30.812918],[-71.400625,-30.809952]]]},"properties":{"comuna":"Ovalle","mancha_id":"04301-88b2e6ce91fffff","clase":"Bajo","nivel_medio":1.151,"nivel_medio_min":1.014,"nivel_medio_max":1.289,"pct_alto":6.8,"n_hexagonos":2,"area_ha":135.85}},{"type":"Feature","geometry":{"type":"Polygon","coordinates":[[[-71.540285,-30.879643],[-71.540899,-30.875213],[-71.545923,-30.873742],[-71.550333,-30.876702],[-71.549718,-30.881133],[-71.544694,-30.882604],[-71.540285,-30.879643]]]},"properties":{"comuna":"Ovalle","mancha_id":"04301-88b2e6cda7fffff","clase":"Bajo","nivel_medio":1.44,"nivel_medio_min":1.44,"nivel_medio_max":1.44,"pct_alto":1.9,"n_hexagonos":1,"area_ha":67.93}},{"type":"Feature","geometry":{"type":"Polygon","coordinates":[[[-71.5778,-30.817616],[-71.578414,-30.813181],[-71.583438,-30.811706],[-71.587848,-30.814667],[-71.587234,-30.819103],[-71.58221,-30.820577],[-71.5778,-30.817616]]]},"properties":{"comuna":"Ovalle","mancha_id":"04301-88b2e6cd67fffff","clase":"Bajo","nivel_medio":1.408,"nivel_medio_min":1.408,"nivel_medio_max":1.408,"pct_alto":29.2,"n_hexagonos":1,"area_ha":68.04}},{"type":"Feature","geometry":{"type":"Polygon","coordinates":[[[-71.464743,-30.833724],[-71.465359,-30.829292],[-71.47038,-30.827823],[-71.474785,-30.830786],[-71.47417,-30.835219],[-71.469149,-30.836687],[-71.464743,-30.833724]]]},"properties":{"comuna":"Ovalle","mancha_id":"04301-88b2e6cce9fffff","clase":"Bajo","nivel_medio":1.491,"nivel_medio_min":1.491,"nivel_medio_max":1.491,"pct_alto":20.1,"n_hexagonos":1,"area_ha":67.93}},{"type":"Feature","geometry":{"type":"Polygon","coordinates":[[[-71.430831,-30.835136],[-71.431447,-30.830705],[-71.436467,-30.829238],[-71.440872,-30.832202],[-71.440256,-30.836633],[-71.435236,-30.8381],[-71.430831,-30.835136]]]},"properties":{"comuna":"Ovalle","mancha_id":"04301-88b2e6ccddfffff","clase":"Bajo","nivel_medio":1.495,"nivel_medio_min":1.495,"nivel_medio_max":1.495,"pct_alto":4.8,"n_hexagonos":1,"area_ha":67.91}},{"type":"Feature","geometry":{"type":"Polygon","coordinates":[[[-71.573558,-30.67406],[-71.574172,-30.669617],[-71.579193,-30.668137],[-71.583601,-30.671101],[-71.582987,-30.675545],[-71.577966,-30.677025],[-71.573558,-30.67406]]]},"properties":{"comuna":"Ovalle","mancha_id":"04301-88b2e6ca5bfffff","clase":"Bajo","nivel_medio":1.476,"nivel_medio_min":1.476,"nivel_medio_max":1.476,"pct_alto":24.8,"n_hexagonos":1,"area_ha":68.22}},{"type":"Feature","geometry":{"type":"Polygon","coordinates":[[[-71.643734,-30.793991],[-71.644347,-30.789553],[-71.649372,-30.788075],[-71.653784,-30.791035],[-71.653172,-30.795473],[-71.648146,-30.796951],[-71.643734,-30.793991]]]},"properties":{"comuna":"Ovalle","mancha_id":"04301-88b2e6c99dfffff","clase":"Bajo","nivel_medio":1.395,"nivel_medio_min":1.395,"nivel_medio_max":1.395,"pct_alto":40.9,"n_hexagonos":1,"area_ha":68.11}},{"type":"Feature","geometry":{"type":"Polygon","coordinates":[[[-71.700856,-30.764397],[-71.705883,-30.762915],[-71.707928,-30.764286],[-71.70794,-30.76431],[-71.708,-30.76445],[-71.70802,-30.76459],[-71.70802,-30.76474],[-71.70806,-30.76483],[-71.70807,-30.76498],[-71.70805,-30.76514],[-71.70801,-30.76521],[-71.70796,-30.76526],[-71.70792,-30.76531],[-71.70778,-30.7654],[-71.70772,-30.7655],[-71.70767,-30.76556],[-71.70751,-30.76585],[-71.70742,-30.76599],[-71.70738,-30.76603],[-71.70726,-30.76608],[-71.7072,-30.76613],[-71.7071,-30.76617],[-71.70704,-30.76624],[-71.707,-30.76629],[-71.70683,-30.76644],[-71.70671,-30.76649],[-71.7066,-30.76653],[-71.70644,-30.76665],[-71.7063,-30.76676],[-71.70603,-30.76691],[-71.70589,-30.76696],[-71.70577,-30.76705],[-71.70572,-30.7671],[-71.70564,-30.76717],[-71.70542,-30.76728],[-71.70529,-30.7673],[-71.70516,-30.76733],[-71.70502,-30.76738],[-71.70488,-30.76741],[-71.70481,-30.76742],[-71.70479,-30.76772],[-71.70483,-30.76779],[-71.70485,-30.76785],[-71.70488,-30.76793],[-71.70499,-30.76802],[-71.70506,-30.76809],[-71.70517,-30.7682],[-71.70531,-30.76836],[-71.70548,-30.76848],[-71.70551,-30.76853],[-71.7055,-30.76869],[-71.70546,-30.76879],[-71.7054,-30.76895],[-71.70533,-30.7691],[-71.70529,-30.76924],[-71.70531,-30.76938],[-71.7054,-30.76946],[-71.70552,-30.76954],[-71.70564,-30.7696],[-71.70575,-30.76969],[-71.70589,-30.7698],[-71.70592,-30.76992],[-71.70598,-30.77006],[-71.70606,-30.77012],[-71.70613,-30.7702],[-71.70618,-30.77024],[-71.70618,-30.77035],[-71.70626,-30.7705],[-71.70631,-30.77055],[-71.70638,-30.7706],[-71.70647,-30.77066],[-71.70656,-30.77077],[-71.70657,-30.77085],[-71.70662,-30.77095],[-71.70659,-30.77108],[-71.70659,-30.77116],[-71.706619,-30.771219],[-71.70662,-30.77122],[-71.70664,-30.77136],[-71.70669,-30.77151],[-71.70669,-30.7716],[-71.70663,-30.77166],[-71.70658,-30.7718],[-71.70653,-30.77194],[-71.70653,-30.77201],[-71.70658,-30.77208],[-71.70665,-30.77223],[-71.70668,-30.7723],[-71.70665,-30.77237],[-71.70662,-30.77251],[-71.70654,-30.77267],[-71.70647,-30.77274],[-71.70646,-30.7728],[-71.70642,-30.77287],[-71.70636,-30.77293],[-71.7061,-30.77324],[-71.70596,-30.77338],[-71.70587,-30.77346],[-71.70568,-30.77355],[-71.70567,-30.77362],[-71.70561,-30.77363],[-71.70558,-30.77371],[-71.70552,-30.77385],[-71.70552,-30.77399],[-71.7056,-30.77423],[-71.70564,-30.77428],[-71.70563,-30.77442],[-71.70557,-30.77457],[-71.70554,-30.77471],[-71.70553,-30.77485],[-71.70557,-30.775],[-71.70558,-30.77514],[-71.70562,-30.77528],[-71.70565,-30.77537],[-71.70567,-30.77543],[-71.70573,-30.77557],[-71.70574,-30.77563],[-71.70571,-30.77571],[-71.7057,-30.77586],[-71.70572,-30.77602],[-71.70576,-30.77609],[-71.70577,-30.77626],[-71.70576,-30.77638],[-71.70571,-30.77667],[-71.70571,-30.77681],[-71.70572,-30.77689],[-71.70575,-30.77695],[-71.70579,-30.7771],[-71.70579,-30.77724],[-71.70576,-30.77738],[-71.70576,-30.777386],[-71.704046,-30.776237],[-71.704658,-30.771796],[-71.700244,-30.768837],[-71.700856,-30.764397]]]},"properties":{"comuna":"Ovalle","mancha_id":"04301-88b2e6c931fffff","clase":"Bajo","nivel_medio":0.92,"nivel_medio_min":0.547,"nivel_medio_max":0.98,"pct_alto":24.1,"n_hexagonos":2,"area_ha":53.58}},{"type":"Feature","geometry":{"type":"Polygon","coordinates":[[[-71.69509,-30.73627],[-71.700116,-30.734787],[-71.702827,-30.736606],[-71.70296,-30.73678],[-71.70299,-30.73702],[-71.703,-30.73733],[-71.70307,-30.73758],[-71.7031,-30.7378],[-71.70303,-30.73808],[-71.70285,-30.7383],[-71.70266,-30.73851],[-71.70249,-30.73858],[-71.70236,-30.73866],[-71.70219,-30.73878],[-71.70203,-30.73884],[-71.70184,-30.73889],[-71.70169,-30.73893],[-71.70158,-30.73902],[-71.70155,-30.73917],[-71.70157,-30.73935],[-71.70168,-30.73953],[-71.7019,-30.73983],[-71.70204,-30.73991],[-71.70225,-30.74028],[-71.70247,-30.7407],[-71.70263,-30.74088],[-71.7027,-30.74098],[-71.70272,-30.74113],[-71.70272,-30.74127],[-71.70275,-30.74136],[-71.70288,-30.74144],[-71.70294,-30.74161],[-71.70292,-30.74179],[-71.70294,-30.74201],[-71.70307,-30.74216],[-71.70328,-30.74229],[-71.703343,-30.742359],[-71.698892,-30.743672],[-71.694478,-30.740712],[-71.69509,-30.73627]]]},"properties":{"comuna":"Ovalle","mancha_id":"04301-88b2e6c909fffff","clase":"Bajo","nivel_medio":0.74,"nivel_medio_min":0.74,"nivel_medio_max":0.74,"pct_alto":19.2,"n_hexagonos":1,"area_ha":58.89}},{"type":"Feature","geometry":{"type":"Polygon","coordinates":[[[-71.698279,-30.748114],[-71.702693,-30.751073],[-71.702536,-30.752215],[-71.70243,-30.75219],[-71.70219,-30.75228],[-71.702,-30.75249],[-71.70188,-30.75269],[-71.70171,-30.75284],[-71.70161,-30.75303],[-71.7016,-30.75326],[-71.70164,-30.75348],[-71.70187,-30.75366],[-71.702,-30.75373],[-71.7022,-30.75382],[-71.702308,-30.753866],[-71.702081,-30.755515],[-71.697055,-30.756996],[-71.692641,-30.754037],[-71.693253,-30.749595],[-71.698279,-30.748114]]]},"properties":{"comuna":"Ovalle","mancha_id":"04301-88b2e6c903fffff","clase":"Bajo","nivel_medio":1.382,"nivel_medio_min":1.382,"nivel_medio_max":1.382,"pct_alto":41.9,"n_hexagonos":1,"area_ha":67.17}},{"type":"Feature","geometry":{"type":"Polygon","coordinates":[[[-71.570712,-30.764365],[-71.566303,-30.761402],[-71.561281,-30.762878],[-71.560667,-30.767316],[-71.555644,-30.768791],[-71.55503,-30.773228],[-71.550008,-30.774703],[-71.5456,-30.77174],[-71.546214,-30.767303],[-71.541806,-30.76434],[-71.542421,-30.759902],[-71.547443,-30.758428],[-71.55185,-30.76139],[-71.556872,-30.759915],[-71.557487,-30.755477],[-71.562509,-30.754001],[-71.566917,-30.756964],[-71.57194,-30.755488],[-71.572553,-30.751049],[-71.568145,-30.748086],[-71.568759,-30.743647],[-71.564351,-30.740684],[-71.559329,-30.74216],[-71.558715,-30.7466],[-71.553693,-30.748075],[-71.553079,-30.752514],[-71.548057,-30.753989],[-71.543649,-30.751026],[-71.544264,-30.746588],[-71.549285,-30.745112],[-71.549899,-30.740673],[-71.545492,-30.73771],[-71.546106,-30.73327],[-71.551128,-30.731794],[-71.555535,-30.734758],[-71.560557,-30.733281],[-71.561171,-30.728841],[-71.566193,-30.727364],[-71.570601,-30.730328],[-71.575623,-30.728851],[-71.580031,-30.731814],[-71.579417,-30.736254],[-71.574395,-30.737731],[-71.573781,-30.74217],[-71.57819,-30.745133],[-71.577576,-30.749573],[-71.581985,-30.752535],[-71.581371,-30.756974],[-71.576348,-30.75845],[-71.575734,-30.762889],[-71.570712,-30.764365]]]},"properties":{"comuna":"Ovalle","mancha_id":"04301-88b2e6c8d9fffff","clase":"Bajo","nivel_medio":1.172,"nivel_medio_min":0.782,"nivel_medio_max":1.488,"pct_alto":10.7,"n_hexagonos":14,"area_ha":953.53}},{"type":"Feature","geometry":{"type":"Polygon","coordinates":[[[-71.499897,-30.614749],[-71.500511,-30.610303],[-71.505529,-30.608824],[-71.509932,-30.611792],[-71.509318,-30.616238],[-71.5043,-30.617716],[-71.499897,-30.614749]]]},"properties":{"comuna":"Ovalle","mancha_id":"04301-88b2e6c355fffff","clase":"Bajo","nivel_medio":1.423,"nivel_medio_min":1.423,"nivel_medio_max":1.423,"pct_alto":21.6,"n_hexagonos":1,"area_ha":68.25}},{"type":"Feature","geometry":{"type":"Polygon","coordinates":[[[-71.516897,-30.631063],[-71.517512,-30.626618],[-71.52253,-30.625139],[-71.526935,-30.628106],[-71.52632,-30.632551],[-71.521302,-30.63403],[-71.516897,-30.631063]]]},"properties":{"comuna":"Ovalle","mancha_id":"04301-88b2e6c307fffff","clase":"Bajo","nivel_medio":1.497,"nivel_medio_min":1.497,"nivel_medio_max":1.497,"pct_alto":11.4,"n_hexagonos":1,"area_ha":68.24}},{"type":"Feature","geometry":{"type":"Polygon","coordinates":[[[-71.532271,-30.728818],[-71.532886,-30.724378],[-71.537907,-30.722902],[-71.542313,-30.725867],[-71.541699,-30.730306],[-71.536678,-30.731782],[-71.532271,-30.728818]]]},"properties":{"comuna":"Ovalle","mancha_id":"04301-88b2e6c1a5fffff","clase":"Bajo","nivel_medio":1.489,"nivel_medio_min":1.489,"nivel_medio_max":1.489,"pct_alto":0.4,"n_hexagonos":1,"area_ha":68.12}},{"type":"Feature","geometry":{"type":"Polygon","coordinates":[[[-71.566082,-30.693311],[-71.566696,-30.688869],[-71.571717,-30.68739],[-71.576125,-30.690354],[-71.575511,-30.694797],[-71.57049,-30.696275],[-71.569876,-30.700718],[-71.564854,-30.702195],[-71.560447,-30.699231],[-71.561061,-30.694789],[-71.566082,-30.693311]]]},"properties":{"comuna":"Ovalle","mancha_id":"04301-88b2e6c127fffff","clase":"Bajo","nivel_medio":1.26,"nivel_medio_min":1.164,"nivel_medio_max":1.357,"pct_alto":33.3,"n_hexagonos":2,"area_ha":136.37}},{"type":"Feature","geometry":{"type":"Polygon","coordinates":[[[-71.428614,-30.712405],[-71.429229,-30.707967],[-71.434247,-30.706495],[-71.438649,-30.709462],[-71.438033,-30.7139],[-71.442436,-30.716867],[-71.44182,-30.721305],[-71.436802,-30.722777],[-71.436187,-30.727215],[-71.431169,-30.728686],[-71.430553,-30.733123],[-71.425535,-30.734594],[-71.421133,-30.731628],[-71.416115,-30.733098],[-71.4155,-30.737535],[-71.419902,-30.740501],[-71.424919,-30.739031],[-71.429322,-30.741997],[-71.428706,-30.746434],[-71.423688,-30.747904],[-71.423072,-30.75234],[-71.427475,-30.755306],[-71.426859,-30.759742],[-71.431262,-30.762708],[-71.430646,-30.767143],[-71.425627,-30.768612],[-71.421225,-30.765647],[-71.416206,-30.767116],[-71.41559,-30.77155],[-71.410572,-30.773019],[-71.409956,-30.777453],[-71.414358,-30.780419],[-71.419377,-30.778951],[-71.419993,-30.774516],[-71.425011,-30.773047],[-71.429414,-30.776013],[-71.434433,-30.774543],[-71.435049,-30.770108],[-71.440068,-30.768639],[-71.444471,-30.771604],[-71.443856,-30.776039],[-71.438837,-30.777509],[-71.438221,-30.781943],[-71.433202,-30.783412],[-71.428799,-30.780447],[-71.42378,-30.781916],[-71.423164,-30.78635],[-71.427567,-30.789315],[-71.426951,-30.793749],[-71.421932,-30.795217],[-71.417529,-30.792252],[-71.41251,-30.79372],[-71.408108,-30.790755],[-71.408724,-30.786321],[-71.404322,-30.783355],[-71.399304,-30.784823],[-71.394902,-30.781857],[-71.395518,-30.777423],[-71.400536,-30.775956],[-71.401152,-30.771521],[-71.396751,-30.768555],[-71.397367,-30.764121],[-71.392965,-30.761154],[-71.390651,-30.761831],[-71.390586,-30.76149],[-71.39015,-30.760413],[-71.389534,-30.759464],[-71.38897,-30.758439],[-71.388483,-30.756746],[-71.388278,-30.755977],[-71.388042,-30.755719],[-71.387838,-30.755548],[-71.387608,-30.755429],[-71.387432,-30.755439],[-71.387221,-30.755477],[-71.386859,-30.755598],[-71.386527,-30.755704],[-71.386306,-30.755745],[-71.38595,-30.755798],[-71.385592,-30.755854],[-71.385411,-30.755903],[-71.385253,-30.755962],[-71.385064,-30.756051],[-71.384597,-30.756262],[-71.384069,-30.756488],[-71.383981,-30.756529],[-71.384163,-30.75522],[-71.38918,-30.753752],[-71.393582,-30.756719],[-71.398599,-30.755251],[-71.399215,-30.750815],[-71.404233,-30.749346],[-71.404849,-30.74491],[-71.409866,-30.743441],[-71.410482,-30.739005],[-71.406081,-30.736038],[-71.406696,-30.731601],[-71.411714,-30.730131],[-71.41233,-30.725694],[-71.407928,-30.722727],[-71.402911,-30.724197],[-71.39851,-30.721229],[-71.399126,-30.716792],[-71.404143,-30.715322],[-71.408544,-30.718289],[-71.413561,-30.716819],[-71.417963,-30.719786],[-71.42298,-30.718315],[-71.423596,-30.713877],[-71.428614,-30.712405]]]},"properties":{"comuna":"Ovalle","mancha_id":"04301-88b2e6c083fffff","clase":"Bajo","nivel_medio":1.213,"nivel_medio_min":0.603,"nivel_medio_max":1.486,"pct_alto":8.1,"n_hexagonos":33,"area_ha":2210.41}},{"type":"Feature","geometry":{"type":"Polygon","coordinates":[[[-71.469988,-30.691744],[-71.470603,-30.687303],[-71.475621,-30.685829],[-71.480025,-30.688795],[-71.47941,-30.693236],[-71.474391,-30.69471],[-71.469988,-30.691744]]]},"properties":{"comuna":"Ovalle","mancha_id":"04301-88b2e6c033fffff","clase":"Bajo","nivel_medio":1.126,"nivel_medio_min":1.126,"nivel_medio_max":1.126,"pct_alto":1.6,"n_hexagonos":1,"area_ha":68.13}},{"type":"Feature","geometry":{"type":"Polygon","coordinates":[[[-71.501944,-30.669568],[-71.506348,-30.672534],[-71.511368,-30.671058],[-71.515772,-30.674024],[-71.520792,-30.672547],[-71.525197,-30.675513],[-71.530217,-30.674035],[-71.534622,-30.677001],[-71.534008,-30.681443],[-71.528988,-30.68292],[-71.528374,-30.687363],[-71.53278,-30.690328],[-71.532165,-30.694769],[-71.527145,-30.696246],[-71.526531,-30.700687],[-71.521511,-30.702163],[-71.520896,-30.706604],[-71.515876,-30.70808],[-71.515262,-30.71252],[-71.519667,-30.715485],[-71.519053,-30.719925],[-71.514033,-30.7214],[-71.513418,-30.725839],[-71.517824,-30.728804],[-71.517209,-30.733243],[-71.512189,-30.734717],[-71.507783,-30.731753],[-71.502763,-30.733227],[-71.502148,-30.737666],[-71.506554,-30.74063],[-71.505939,-30.745068],[-71.500919,-30.746542],[-71.496513,-30.743577],[-71.491493,-30.745051],[-71.490878,-30.749488],[-71.485858,-30.750961],[-71.485243,-30.755398],[-71.480223,-30.75687],[-71.479608,-30.761307],[-71.474588,-30.762779],[-71.473973,-30.767215],[-71.468953,-30.768686],[-71.468338,-30.773122],[-71.463318,-30.774593],[-71.462703,-30.779028],[-71.457683,-30.780499],[-71.457068,-30.784933],[-71.452048,-30.786403],[-71.451432,-30.790838],[-71.455837,-30.793802],[-71.455221,-30.798236],[-71.450201,-30.799705],[-71.445797,-30.796741],[-71.440777,-30.79821],[-71.436374,-30.795245],[-71.436989,-30.790812],[-71.442009,-30.789342],[-71.442624,-30.784908],[-71.447644,-30.783439],[-71.448259,-30.779004],[-71.453279,-30.777534],[-71.453894,-30.773099],[-71.458914,-30.771628],[-71.459529,-30.767193],[-71.455125,-30.764228],[-71.455741,-30.759792],[-71.451337,-30.756826],[-71.451952,-30.75239],[-71.456971,-30.750919],[-71.457587,-30.746482],[-71.453183,-30.743516],[-71.453799,-30.739079],[-71.449395,-30.736113],[-71.450011,-30.731676],[-71.455029,-30.730204],[-71.455645,-30.725766],[-71.460663,-30.724293],[-71.461278,-30.719855],[-71.456875,-30.716889],[-71.45749,-30.71245],[-71.453087,-30.709484],[-71.448069,-30.710956],[-71.443667,-30.70799],[-71.444282,-30.70355],[-71.4493,-30.702078],[-71.453703,-30.705044],[-71.458721,-30.703571],[-71.463124,-30.706538],[-71.468143,-30.705064],[-71.472546,-30.70803],[-71.477565,-30.706557],[-71.47818,-30.702117],[-71.483199,-30.700643],[-71.483814,-30.696202],[-71.488833,-30.694727],[-71.489447,-30.690287],[-71.485043,-30.68732],[-71.485658,-30.682879],[-71.490677,-30.681404],[-71.491292,-30.676962],[-71.486888,-30.673996],[-71.487503,-30.669554],[-71.492521,-30.668078],[-71.493136,-30.663635],[-71.498155,-30.662159],[-71.502559,-30.665126],[-71.501944,-30.669568]],[[-71.509524,-30.684385],[-71.504505,-30.68586],[-71.50389,-30.690302],[-71.508295,-30.693267],[-71.50768,-30.697709],[-71.512085,-30.700674],[-71.517105,-30.699198],[-71.51772,-30.694757],[-71.513314,-30.691792],[-71.513929,-30.68735],[-71.509524,-30.684385]],[[-71.476335,-30.715436],[-71.47572,-30.719875],[-71.480124,-30.72284],[-71.485143,-30.721367],[-71.485758,-30.716928],[-71.481354,-30.713962],[-71.476335,-30.715436]],[[-71.500817,-30.712505],[-71.505836,-30.71103],[-71.506451,-30.70659],[-71.502046,-30.703625],[-71.497027,-30.705099],[-71.496412,-30.70954],[-71.500817,-30.712505]]]},"properties":{"comuna":"Ovalle","mancha_id":"04301-88b2e6c021fffff","clase":"Bajo","nivel_medio":1.157,"nivel_medio_min":0.608,"nivel_medio_max":1.499,"pct_alto":9.0,"n_hexagonos":72,"area_ha":4902.6}},{"type":"Feature","geometry":{"type":"Polygon","coordinates":[[[-71.456779,-30.682844],[-71.457394,-30.678403],[-71.462412,-30.676929],[-71.466815,-30.679896],[-71.4662,-30.684337],[-71.461182,-30.685811],[-71.456779,-30.682844]]]},"properties":{"comuna":"Ovalle","mancha_id":"04301-88b2e6c017fffff","clase":"Bajo","nivel_medio":1.329,"nivel_medio_min":1.329,"nivel_medio_max":1.329,"pct_alto":0.4,"n_hexagonos":1,"area_ha":68.13}},{"type":"Feature","geometry":{"type":"Polygon","coordinates":[[[-71.46989,-30.657686],[-71.470505,-30.653243],[-71.475523,-30.651768],[-71.479926,-30.654735],[-71.479311,-30.659178],[-71.474293,-30.660653],[-71.46989,-30.657686]]]},"properties":{"comuna":"Ovalle","mancha_id":"04301-88b2e6c009fffff","clase":"Bajo","nivel_medio":1.485,"nivel_medio_min":1.485,"nivel_medio_max":1.485,"pct_alto":24.8,"n_hexagonos":1,"area_ha":68.17}},{"type":"Feature","geometry":{"type":"Polygon","coordinates":[[[-71.217397,-30.467503],[-71.218015,-30.463054],[-71.223022,-30.461582],[-71.227411,-30.46456],[-71.226793,-30.469009],[-71.221786,-30.47048],[-71.221169,-30.474929],[-71.216162,-30.4764],[-71.211773,-30.473422],[-71.212391,-30.468974],[-71.217397,-30.467503]]]},"properties":{"comuna":"Ovalle","mancha_id":"04301-88b2e69b61fffff","clase":"Bajo","nivel_medio":0.793,"nivel_medio_min":0.51,"nivel_medio_max":1.076,"pct_alto":10.4,"n_hexagonos":2,"area_ha":136.47}},{"type":"Feature","geometry":{"type":"Polygon","coordinates":[[[-71.209919,-30.486766],[-71.210537,-30.482319],[-71.215544,-30.480848],[-71.219933,-30.483825],[-71.219315,-30.488273],[-71.214308,-30.489744],[-71.213691,-30.494191],[-71.208684,-30.495661],[-71.208066,-30.500108],[-71.212455,-30.503085],[-71.211837,-30.507531],[-71.20683,-30.509001],[-71.202441,-30.506024],[-71.203059,-30.501577],[-71.19867,-30.4986],[-71.199288,-30.494154],[-71.204295,-30.492684],[-71.204913,-30.488237],[-71.209919,-30.486766]]]},"properties":{"comuna":"Ovalle","mancha_id":"04301-88b2e69b2bfffff","clase":"Bajo","nivel_medio":1.028,"nivel_medio_min":0.65,"nivel_medio_max":1.401,"pct_alto":12.7,"n_hexagonos":4,"area_ha":272.78}},{"type":"Feature","geometry":{"type":"Polygon","coordinates":[[[-71.06349,-30.504097],[-71.06411,-30.499653],[-71.069112,-30.49819],[-71.073495,-30.50117],[-71.072876,-30.505614],[-71.067873,-30.507077],[-71.06349,-30.504097]]]},"properties":{"comuna":"Ovalle","mancha_id":"04301-88b2e69ad3fffff","clase":"Bajo","nivel_medio":1.422,"nivel_medio_min":1.422,"nivel_medio_max":1.422,"pct_alto":7.8,"n_hexagonos":1,"area_ha":68.08}},{"type":"Feature","geometry":{"type":"Polygon","coordinates":[[[-71.181916,-30.584502],[-71.182535,-30.58006],[-71.187543,-30.578594],[-71.191932,-30.58157],[-71.191314,-30.586011],[-71.186306,-30.587477],[-71.181916,-30.584502]]]},"properties":{"comuna":"Ovalle","mancha_id":"04301-88b2e699b9fffff","clase":"Bajo","nivel_medio":0.622,"nivel_medio_min":0.622,"nivel_medio_max":0.622,"pct_alto":3.8,"n_hexagonos":1,"area_ha":68.06}},{"type":"Feature","geometry":{"type":"Polygon","coordinates":[[[-71.09923,-30.557564],[-71.099849,-30.553122],[-71.104854,-30.551659],[-71.10924,-30.554637],[-71.108621,-30.559079],[-71.103616,-30.560542],[-71.09923,-30.557564]]]},"properties":{"comuna":"Ovalle","mancha_id":"04301-88b2e698d7fffff","clase":"Bajo","nivel_medio":1.309,"nivel_medio_min":1.309,"nivel_medio_max":1.309,"pct_alto":24.4,"n_hexagonos":1,"area_ha":68.04}},{"type":"Feature","geometry":{"type":"Polygon","coordinates":[[[-70.936233,-30.519626],[-70.932191,-30.516872],[-70.932668,-30.513461],[-70.933033,-30.513525],[-70.933639,-30.513718],[-70.934077,-30.513691],[-70.934514,-30.513718],[-70.93476,-30.514046],[-70.934815,-30.514456],[-70.934799,-30.515131],[-70.935161,-30.515653],[-70.935843,-30.516054],[-70.936727,-30.516496],[-70.936967,-30.516857],[-70.937008,-30.517178],[-70.936927,-30.51758],[-70.936606,-30.517981],[-70.936405,-30.518544],[-70.936285,-30.519186],[-70.936233,-30.519626]]]},"properties":{"comuna":"Ovalle","mancha_id":"04301-88b2e6956bfffff","clase":"Bajo","nivel_medio":1.327,"nivel_medio_min":1.327,"nivel_medio_max":1.327,"pct_alto":0.0,"n_hexagonos":1,"area_ha":17.01}},{"type":"Feature","geometry":{"type":"Polygon","coordinates":[[[-70.904065,-30.512292],[-70.904686,-30.507852],[-70.90031,-30.504868],[-70.895313,-30.506324],[-70.892337,-30.504295],[-70.892403,-30.50413],[-70.892764,-30.503689],[-70.893125,-30.503408],[-70.893808,-30.503167],[-70.894691,-30.503207],[-70.895293,-30.503287],[-70.895877,-30.503192],[-70.896779,-30.502926],[-70.897461,-30.502685],[-70.898144,-30.502324],[-70.898786,-30.501967],[-70.899485,-30.501836],[-70.900339,-30.501836],[-70.900729,-30.501881],[-70.900907,-30.501902],[-70.901797,-30.501922],[-70.902279,-30.501761],[-70.902788,-30.501508],[-70.903283,-30.501039],[-70.903947,-30.500349],[-70.904568,-30.500075],[-70.905347,-30.500064],[-70.905973,-30.500196],[-70.906374,-30.500437],[-70.906936,-30.500798],[-70.907498,-30.50124],[-70.908181,-30.502002],[-70.909024,-30.502685],[-70.909546,-30.503127],[-70.910068,-30.503568],[-70.910078,-30.503583],[-70.909684,-30.506396],[-70.914061,-30.509379],[-70.913439,-30.513819],[-70.908441,-30.515276],[-70.904065,-30.512292]]]},"properties":{"comuna":"Ovalle","mancha_id":"04301-88b2e6955dfffff","clase":"Bajo","nivel_medio":1.38,"nivel_medio_min":1.204,"nivel_medio_max":1.426,"pct_alto":6.5,"n_hexagonos":3,"area_ha":146.04}},{"type":"Feature","geometry":{"type":"Polygon","coordinates":[[[-70.95396,-30.536078],[-70.95346,-30.536224],[-70.950852,-30.534448],[-70.950859,-30.534442],[-70.95126,-30.534242],[-70.951702,-30.534362],[-70.951983,-30.534643],[-70.952625,-30.535004],[-70.953388,-30.535566],[-70.95379,-30.535968],[-70.95396,-30.536078]]]},"properties":{"comuna":"Ovalle","mancha_id":"04301-88b2e6952dfffff","clase":"Bajo","nivel_medio":1.033,"nivel_medio_min":1.033,"nivel_medio_max":1.033,"pct_alto":0.0,"n_hexagonos":1,"area_ha":1.68}},{"type":"Feature","geometry":{"type":"Polygon","coordinates":[[[-70.887205,-30.529975],[-70.882208,-30.53143],[-70.881586,-30.535868],[-70.876588,-30.537322],[-70.872212,-30.534338],[-70.867215,-30.535792],[-70.86284,-30.532808],[-70.857843,-30.534261],[-70.856534,-30.533368],[-70.856831,-30.533037],[-70.857554,-30.532636],[-70.858116,-30.532314],[-70.85912,-30.531873],[-70.859923,-30.531873],[-70.860645,-30.532234],[-70.861288,-30.532475],[-70.862291,-30.532355],[-70.862913,-30.532289],[-70.863054,-30.532274],[-70.863851,-30.532428],[-70.864941,-30.532636],[-70.866186,-30.532555],[-70.866797,-30.532463],[-70.867752,-30.532515],[-70.868514,-30.532515],[-70.869076,-30.532475],[-70.869679,-30.532074],[-70.86996,-30.531592],[-70.86996,-30.53111],[-70.869879,-30.530668],[-70.87012,-30.529906],[-70.870642,-30.529343],[-70.871204,-30.528862],[-70.871252,-30.528821],[-70.87165,-30.528477],[-70.872206,-30.528206],[-70.872759,-30.527957],[-70.873372,-30.527778],[-70.874456,-30.527336],[-70.87538,-30.526975],[-70.875862,-30.526774],[-70.875982,-30.526413],[-70.876102,-30.525569],[-70.876223,-30.524967],[-70.876504,-30.524325],[-70.877026,-30.523964],[-70.877508,-30.523723],[-70.877799,-30.523561],[-70.877869,-30.523522],[-70.87827,-30.523201],[-70.878953,-30.522558],[-70.879716,-30.521956],[-70.880278,-30.521474],[-70.88092,-30.521153],[-70.881362,-30.521113],[-70.882165,-30.520832],[-70.882928,-30.520712],[-70.88369,-30.520471],[-70.88375,-30.520424],[-70.884052,-30.52019],[-70.884734,-30.519467],[-70.885216,-30.518825],[-70.885577,-30.518423],[-70.885818,-30.517821],[-70.885866,-30.517592],[-70.889071,-30.516659],[-70.893447,-30.519643],[-70.892825,-30.524082],[-70.887827,-30.525537],[-70.887205,-30.529975]]]},"properties":{"comuna":"Ovalle","mancha_id":"04301-88b2e69421fffff","clase":"Bajo","nivel_medio":1.22,"nivel_medio_min":0.703,"nivel_medio_max":1.366,"pct_alto":11.5,"n_hexagonos":7,"area_ha":270.8}},{"type":"Feature","geometry":{"type":"Polygon","coordinates":[[[-71.068577,-30.391169],[-71.068313,-30.390535],[-71.068273,-30.39044],[-71.068008,-30.389898],[-71.06756,-30.38908],[-71.074683,-30.389311],[-71.074596,-30.38994],[-71.078977,-30.392922],[-71.078358,-30.397372],[-71.073357,-30.39884],[-71.072738,-30.40329],[-71.067737,-30.404757],[-71.06546,-30.403208],[-71.065463,-30.403123],[-71.065652,-30.402584],[-71.066088,-30.402316],[-71.066325,-30.401925],[-71.066574,-30.401515],[-71.067191,-30.400498],[-71.06765,-30.39939],[-71.067939,-30.39787],[-71.068288,-30.39606],[-71.068372,-30.395621],[-71.068637,-30.39357],[-71.068715,-30.392428],[-71.068577,-30.391169]]]},"properties":{"comuna":"Ovalle","mancha_id":"04301-88b2e69361fffff","clase":"Bajo","nivel_medio":1.308,"nivel_medio_min":0.987,"nivel_medio_max":1.391,"pct_alto":7.1,"n_hexagonos":4,"area_ha":128.24}},{"type":"Feature","geometry":{"type":"Polygon","coordinates":[[[-71.037632,-30.51747],[-71.037238,-30.520295],[-71.036037,-30.520645],[-71.036054,-30.520149],[-71.036094,-30.519065],[-71.036495,-30.518503],[-71.037098,-30.517941],[-71.037632,-30.51747]]]},"properties":{"comuna":"Ovalle","mancha_id":"04301-88b2e691b1fffff","clase":"Bajo","nivel_medio":0.63,"nivel_medio_min":0.63,"nivel_medio_max":0.63,"pct_alto":6.1,"n_hexagonos":1,"area_ha":3.1}},{"type":"Feature","geometry":{"type":"Polygon","coordinates":[[[-71.067827,-30.472986],[-71.067208,-30.477431],[-71.063653,-30.478472],[-71.06367,-30.47832],[-71.064166,-30.471522],[-71.064637,-30.470816],[-71.067827,-30.472986]]]},"properties":{"comuna":"Ovalle","mancha_id":"04301-88b2e6913bfffff","clase":"Bajo","nivel_medio":0.961,"nivel_medio_min":0.961,"nivel_medio_max":0.961,"pct_alto":14.9,"n_hexagonos":1,"area_ha":23.73}},{"type":"Feature","geometry":{"type":"Polygon","coordinates":[[[-71.067162,-30.443326],[-71.071545,-30.446308],[-71.071403,-30.447323],[-71.068312,-30.446223],[-71.067591,-30.446034],[-71.067187,-30.446115],[-71.066594,-30.446223],[-71.06584,-30.4466],[-71.065409,-30.446923],[-71.064844,-30.447166],[-71.064278,-30.447462],[-71.063685,-30.447758],[-71.063146,-30.447758],[-71.0625,-30.447704],[-71.061907,-30.447624],[-71.061778,-30.447542],[-71.061395,-30.4473],[-71.060991,-30.447112],[-71.060507,-30.446896],[-71.059995,-30.446627],[-71.059402,-30.446546],[-71.058998,-30.446411],[-71.058594,-30.446088],[-71.058513,-30.445711],[-71.058432,-30.444984],[-71.058352,-30.443879],[-71.058298,-30.443098],[-71.058055,-30.442452],[-71.057786,-30.442074],[-71.057491,-30.441895],[-71.057301,-30.441778],[-71.057059,-30.441401],[-71.056735,-30.440808],[-71.056412,-30.44035],[-71.056089,-30.439866],[-71.055685,-30.439381],[-71.055227,-30.43868],[-71.054661,-30.438061],[-71.054041,-30.437306],[-71.05361,-30.436768],[-71.053395,-30.436444],[-71.053126,-30.436013],[-71.052964,-30.435636],[-71.05291,-30.435286],[-71.05326,-30.434963],[-71.053637,-30.434493],[-71.053691,-30.434424],[-71.054065,-30.434036],[-71.054017,-30.434381],[-71.058399,-30.437363],[-71.0634,-30.435897],[-71.06402,-30.43145],[-71.069021,-30.429983],[-71.073403,-30.432965],[-71.072784,-30.437413],[-71.067782,-30.438879],[-71.067162,-30.443326]]]},"properties":{"comuna":"Ovalle","mancha_id":"04301-88b2e69109fffff","clase":"Bajo","nivel_medio":1.121,"nivel_medio_min":0.608,"nivel_medio_max":1.246,"pct_alto":21.4,"n_hexagonos":6,"area_ha":194.61}},{"type":"Feature","geometry":{"type":"Polygon","coordinates":[[[-71.091197,-30.761028],[-71.090555,-30.760454],[-71.091772,-30.761279],[-71.091665,-30.761267],[-71.091197,-30.761028]]]},"properties":{"comuna":"Ovalle","mancha_id":"04301-88b2e68d3bfffff","clase":"Bajo","nivel_medio":1.042,"nivel_medio_min":1.042,"nivel_medio_max":1.042,"pct_alto":0.0,"n_hexagonos":1,"area_ha":0.1}},{"type":"Feature","geometry":{"type":"Polygon","coordinates":[[[-71.187604,-30.612654],[-71.188222,-30.608214],[-71.193231,-30.606749],[-71.197621,-30.609724],[-71.20263,-30.608259],[-71.207021,-30.611233],[-71.206402,-30.615673],[-71.201393,-30.617138],[-71.197003,-30.614164],[-71.191994,-30.615629],[-71.187604,-30.612654]]]},"properties":{"comuna":"Ovalle","mancha_id":"04301-88b2e68b51fffff","clase":"Bajo","nivel_medio":1.152,"nivel_medio_min":1.058,"nivel_medio_max":1.246,"pct_alto":25.4,"n_hexagonos":2,"area_ha":136.06}},{"type":"Feature","geometry":{"type":"Polygon","coordinates":[[[-71.21203,-30.609767],[-71.212648,-30.605327],[-71.217657,-30.603861],[-71.222048,-30.606835],[-71.22143,-30.611276],[-71.216421,-30.612742],[-71.21203,-30.609767]]]},"properties":{"comuna":"Ovalle","mancha_id":"04301-88b2e68b47fffff","clase":"Bajo","nivel_medio":1.326,"nivel_medio_min":1.326,"nivel_medio_max":1.326,"pct_alto":36.0,"n_hexagonos":1,"area_ha":68.05}},{"type":"Feature","geometry":{"type":"Polygon","coordinates":[[[-71.232752,-30.633516],[-71.23337,-30.629077],[-71.23838,-30.627611],[-71.242773,-30.630584],[-71.242155,-30.635023],[-71.237145,-30.636489],[-71.232752,-30.633516]]]},"properties":{"comuna":"Ovalle","mancha_id":"04301-88b2e68b21fffff","clase":"Bajo","nivel_medio":1.432,"nivel_medio_min":1.432,"nivel_medio_max":1.432,"pct_alto":21.0,"n_hexagonos":1,"area_ha":68.03}},{"type":"Feature","geometry":{"type":"Polygon","coordinates":[[[-71.170899,-30.73242],[-71.171518,-30.727988],[-71.167127,-30.725015],[-71.167746,-30.720583],[-71.172756,-30.719123],[-71.177147,-30.722096],[-71.176529,-30.726528],[-71.18092,-30.729501],[-71.180301,-30.733933],[-71.175291,-30.735393],[-71.170899,-30.73242]]]},"properties":{"comuna":"Ovalle","mancha_id":"04301-88b2e68993fffff","clase":"Bajo","nivel_medio":1.208,"nivel_medio_min":0.935,"nivel_medio_max":1.48,"pct_alto":17.7,"n_hexagonos":2,"area_ha":135.73}},{"type":"Feature","geometry":{"type":"Polygon","coordinates":[[[-71.19719,-30.716253],[-71.197808,-30.711819],[-71.202819,-30.710357],[-71.207211,-30.713329],[-71.206593,-30.717763],[-71.201582,-30.719225],[-71.19719,-30.716253]]]},"properties":{"comuna":"Ovalle","mancha_id":"04301-88b2e68981fffff","clase":"Bajo","nivel_medio":1.43,"nivel_medio_min":1.43,"nivel_medio_max":1.43,"pct_alto":12.7,"n_hexagonos":1,"area_ha":67.9}},{"type":"Feature","geometry":{"type":"Polygon","coordinates":[[[-71.135102,-30.679059],[-71.135722,-30.674625],[-71.14073,-30.673164],[-71.145119,-30.676139],[-71.1445,-30.680573],[-71.139492,-30.682034],[-71.135102,-30.679059]]]},"properties":{"comuna":"Ovalle","mancha_id":"04301-88b2e688cdfffff","clase":"Bajo","nivel_medio":1.294,"nivel_medio_min":1.294,"nivel_medio_max":1.294,"pct_alto":2.0,"n_hexagonos":1,"area_ha":67.9}},{"type":"Feature","geometry":{"type":"Polygon","coordinates":[[[-71.125759,-30.711552],[-71.126378,-30.70712],[-71.131387,-30.705661],[-71.135776,-30.708635],[-71.135157,-30.713068],[-71.130148,-30.714526],[-71.125759,-30.711552]]]},"properties":{"comuna":"Ovalle","mancha_id":"04301-88b2e68883fffff","clase":"Bajo","nivel_medio":1.379,"nivel_medio_min":1.379,"nivel_medio_max":1.379,"pct_alto":1.9,"n_hexagonos":1,"area_ha":67.85}},{"type":"Feature","geometry":{"type":"Polygon","coordinates":[[[-71.035543,-30.532434],[-71.035377,-30.53362],[-71.03431,-30.533931],[-71.034408,-30.533559],[-71.034769,-30.532997],[-71.03509,-30.532676],[-71.035543,-30.532434]]]},"properties":{"comuna":"Ovalle","mancha_id":"04301-88b2e68359fffff","clase":"Bajo","nivel_medio":1.281,"nivel_medio_min":1.281,"nivel_medio_max":1.281,"pct_alto":0.3,"n_hexagonos":1,"area_ha":0.97}},{"type":"Feature","geometry":{"type":"Polygon","coordinates":[[[-70.957249,-30.577692],[-70.956628,-30.582129],[-70.953087,-30.58316],[-70.952748,-30.583098],[-70.951754,-30.582949],[-70.950909,-30.582899],[-70.95062,-30.582899],[-70.950114,-30.582899],[-70.949583,-30.583111],[-70.949206,-30.583144],[-70.948531,-30.583126],[-70.947272,-30.583019],[-70.946436,-30.5828],[-70.945426,-30.582416],[-70.94461,-30.581972],[-70.943924,-30.581571],[-70.943901,-30.581557],[-70.943205,-30.581209],[-70.942509,-30.58106],[-70.941615,-30.580812],[-70.940969,-30.580613],[-70.940124,-30.580066],[-70.939627,-30.579818],[-70.938981,-30.579321],[-70.938285,-30.578575],[-70.937988,-30.578225],[-70.93744,-30.577581],[-70.937142,-30.577184],[-70.936744,-30.576687],[-70.936496,-30.575991],[-70.936287,-30.575691],[-70.935879,-30.575478],[-70.935063,-30.575052],[-70.934477,-30.574644],[-70.93421,-30.574301],[-70.933613,-30.573854],[-70.933066,-30.573456],[-70.932072,-30.573357],[-70.931029,-30.573506],[-70.930234,-30.573555],[-70.929538,-30.573357],[-70.929086,-30.573292],[-70.929111,-30.573114],[-70.924733,-30.570132],[-70.919733,-30.571587],[-70.919663,-30.57209],[-70.919001,-30.572214],[-70.917908,-30.572512],[-70.917461,-30.572661],[-70.916964,-30.572661],[-70.916168,-30.572512],[-70.915721,-30.572214],[-70.914727,-30.572064],[-70.914081,-30.572263],[-70.913286,-30.572661],[-70.912441,-30.573009],[-70.911795,-30.573307],[-70.911298,-30.573605],[-70.910801,-30.573903],[-70.910304,-30.573953],[-70.909906,-30.573903],[-70.909815,-30.573919],[-70.908763,-30.574102],[-70.90767,-30.574351],[-70.906974,-30.5745],[-70.906725,-30.574798],[-70.906427,-30.575345],[-70.906382,-30.575471],[-70.904735,-30.57595],[-70.90462,-30.576769],[-70.90424,-30.576885],[-70.902103,-30.577333],[-70.900563,-30.577531],[-70.899257,-30.57782],[-70.898437,-30.57802],[-70.897926,-30.577975],[-70.897594,-30.57762],[-70.897431,-30.577134],[-70.897133,-30.576687],[-70.896835,-30.576239],[-70.89609,-30.575941],[-70.895742,-30.575693],[-70.89523,-30.575338],[-70.895096,-30.575245],[-70.89435,-30.575146],[-70.893803,-30.574897],[-70.893306,-30.574102],[-70.892958,-30.573555],[-70.89276,-30.573009],[-70.89284,-30.572704],[-70.895359,-30.574421],[-70.900358,-30.572967],[-70.90098,-30.568531],[-70.905979,-30.567077],[-70.9066,-30.562641],[-70.911599,-30.561186],[-70.915977,-30.564168],[-70.920976,-30.562714],[-70.925354,-30.565696],[-70.930354,-30.564241],[-70.934732,-30.567222],[-70.939733,-30.565767],[-70.944111,-30.568748],[-70.949112,-30.567292],[-70.953491,-30.570274],[-70.958492,-30.568818],[-70.962871,-30.571799],[-70.96225,-30.576236],[-70.957249,-30.577692]]]},"properties":{"comuna":"Ovalle","mancha_id":"04301-88b2e68281fffff","clase":"Bajo","nivel_medio":1.093,"nivel_medio_min":0.643,"nivel_medio_max":1.497,"pct_alto":19.3,"n_hexagonos":14,"area_ha":697.36}},{"type":"Feature","geometry":{"type":"Polygon","coordinates":[[[-70.994121,-30.554178],[-70.994741,-30.549738],[-70.999743,-30.54828],[-71.004124,-30.55126],[-71.003503,-30.555699],[-70.998502,-30.557158],[-70.994121,-30.554178]]]},"properties":{"comuna":"Ovalle","mancha_id":"04301-88b2e6823dfffff","clase":"Bajo","nivel_medio":1.335,"nivel_medio_min":1.335,"nivel_medio_max":1.335,"pct_alto":6.8,"n_hexagonos":1,"area_ha":67.96}},{"type":"Feature","geometry":{"type":"Polygon","coordinates":[[[-70.966598,-30.545169],[-70.962218,-30.542188],[-70.962795,-30.538064],[-70.963546,-30.538537],[-70.964309,-30.538778],[-70.965393,-30.538818],[-70.966878,-30.538578],[-70.967922,-30.538377],[-70.969086,-30.538537],[-70.969849,-30.538738],[-70.970451,-30.538899],[-70.971094,-30.5393],[-70.971535,-30.539742],[-70.971776,-30.540143],[-70.972017,-30.540505],[-70.972043,-30.540535],[-70.971598,-30.543712],[-70.966598,-30.545169]]]},"properties":{"comuna":"Ovalle","mancha_id":"04301-88b2e68219fffff","clase":"Bajo","nivel_medio":1.474,"nivel_medio_min":1.474,"nivel_medio_max":1.474,"pct_alto":6.5,"n_hexagonos":1,"area_ha":53.8}},{"type":"Feature","geometry":{"type":"Polygon","coordinates":[[[-70.991355,-30.542209],[-70.990981,-30.542318],[-70.990795,-30.542191],[-70.991047,-30.542191],[-70.991355,-30.542209]]]},"properties":{"comuna":"Ovalle","mancha_id":"04301-88b2e68201fffff","clase":"Bajo","nivel_medio":0.934,"nivel_medio_min":0.934,"nivel_medio_max":0.934,"pct_alto":0.0,"n_hexagonos":1,"area_ha":0.04}},{"type":"Feature","geometry":{"type":"Polygon","coordinates":[[[-71.02235,-30.626823],[-71.022971,-30.622387],[-71.027975,-30.62093],[-71.032358,-30.623908],[-71.031738,-30.628344],[-71.026734,-30.629801],[-71.02235,-30.626823]]]},"properties":{"comuna":"Ovalle","mancha_id":"04301-88b2e681ddfffff","clase":"Bajo","nivel_medio":1.474,"nivel_medio_min":1.474,"nivel_medio_max":1.474,"pct_alto":17.3,"n_hexagonos":1,"area_ha":67.89}},{"type":"Feature","geometry":{"type":"Polygon","coordinates":[[[-71.041126,-30.629864],[-71.041746,-30.625429],[-71.046751,-30.623971],[-71.051135,-30.626948],[-71.050515,-30.631384],[-71.04551,-30.632842],[-71.041126,-30.629864]]]},"properties":{"comuna":"Ovalle","mancha_id":"04301-88b2e681c7fffff","clase":"Bajo","nivel_medio":1.145,"nivel_medio_min":1.145,"nivel_medio_max":1.145,"pct_alto":11.8,"n_hexagonos":1,"area_ha":67.9}},{"type":"Feature","geometry":{"type":"Polygon","coordinates":[[[-71.035542,-30.669773],[-71.036163,-30.665339],[-71.041168,-30.663883],[-71.045553,-30.66686],[-71.044932,-30.671293],[-71.039927,-30.67275],[-71.035542,-30.669773]]]},"properties":{"comuna":"Ovalle","mancha_id":"04301-88b2e681b3fffff","clase":"Bajo","nivel_medio":1.365,"nivel_medio_min":1.365,"nivel_medio_max":1.365,"pct_alto":7.1,"n_hexagonos":1,"area_ha":67.84}},{"type":"Feature","geometry":{"type":"Polygon","coordinates":[[[-71.000858,-30.646267],[-71.000271,-30.647398],[-71.000474,-30.645951],[-71.001278,-30.645717],[-71.000858,-30.646267]]]},"properties":{"comuna":"Ovalle","mancha_id":"04301-88b2e680a7fffff","clase":"Bajo","nivel_medio":0.923,"nivel_medio_min":0.923,"nivel_medio_max":0.923,"pct_alto":0.3,"n_hexagonos":1,"area_ha":0.51}},{"type":"Feature","geometry":{"type":"Polygon","coordinates":[[[-70.986636,-30.573389],[-70.987257,-30.568951],[-70.982876,-30.565971],[-70.977875,-30.567428],[-70.977254,-30.571866],[-70.981634,-30.574846],[-70.981013,-30.579284],[-70.976012,-30.580741],[-70.971631,-30.57776],[-70.972252,-30.573323],[-70.967872,-30.570342],[-70.968493,-30.565904],[-70.973494,-30.564447],[-70.974115,-30.560009],[-70.979117,-30.558552],[-70.979737,-30.554113],[-70.984739,-30.552655],[-70.989119,-30.555636],[-70.988498,-30.560075],[-70.992879,-30.563055],[-70.992258,-30.567494],[-70.996639,-30.570474],[-70.996019,-30.574912],[-70.991017,-30.576369],[-70.986636,-30.573389]]]},"properties":{"comuna":"Ovalle","mancha_id":"04301-88b2e68059fffff","clase":"Bajo","nivel_medio":1.237,"nivel_medio_min":0.925,"nivel_medio_max":1.471,"pct_alto":6.3,"n_hexagonos":6,"area_ha":407.6}},{"type":"Feature","geometry":{"type":"Polygon","coordinates":[[[-71.011063,-30.604579],[-71.011684,-30.600142],[-71.016687,-30.598685],[-71.02107,-30.601664],[-71.026073,-30.600206],[-71.030456,-30.603185],[-71.029836,-30.607621],[-71.024832,-30.609079],[-71.020449,-30.6061],[-71.015446,-30.607558],[-71.011063,-30.604579]]]},"properties":{"comuna":"Ovalle","mancha_id":"04301-88b2e68039fffff","clase":"Bajo","nivel_medio":1.462,"nivel_medio_min":1.457,"nivel_medio_max":1.466,"pct_alto":12.6,"n_hexagonos":2,"area_ha":135.83}},{"type":"Feature","geometry":{"type":"Polygon","coordinates":[[[-70.996055,-30.60895],[-70.996676,-30.604514],[-71.001678,-30.603057],[-71.00606,-30.606036],[-71.00544,-30.610472],[-71.000437,-30.611929],[-70.999816,-30.616365],[-71.004198,-30.619344],[-71.009201,-30.617887],[-71.013584,-30.620866],[-71.012964,-30.625301],[-71.017346,-30.62828],[-71.016726,-30.632715],[-71.021109,-30.635693],[-71.026113,-30.634236],[-71.030497,-30.637214],[-71.029876,-30.641649],[-71.025634,-30.642884],[-71.025409,-30.642639],[-71.025012,-30.642092],[-71.024366,-30.641446],[-71.023918,-30.641297],[-71.023521,-30.641247],[-71.023173,-30.641247],[-71.022616,-30.641385],[-71.022464,-30.641469],[-71.022066,-30.64169],[-71.021608,-30.642149],[-71.020936,-30.642576],[-71.020141,-30.642838],[-71.019622,-30.643065],[-71.018889,-30.643004],[-71.018369,-30.642974],[-71.017728,-30.642912],[-71.017109,-30.642838],[-71.016353,-30.642912],[-71.015497,-30.643035],[-71.015274,-30.643087],[-71.014336,-30.64331],[-71.01373,-30.643335],[-71.012537,-30.643732],[-71.011891,-30.643981],[-71.010947,-30.644676],[-71.010251,-30.644875],[-71.009754,-30.644975],[-71.009108,-30.645074],[-71.008114,-30.645074],[-71.007468,-30.644925],[-71.006672,-30.644875],[-71.005867,-30.64476],[-71.005629,-30.644726],[-71.004933,-30.644776],[-71.00427,-30.644847],[-71.005477,-30.644495],[-71.006098,-30.640061],[-71.011101,-30.638605],[-71.011722,-30.634171],[-71.007339,-30.631192],[-71.00796,-30.626758],[-71.003578,-30.623779],[-70.998574,-30.625235],[-70.997954,-30.62967],[-70.992951,-30.631125],[-70.99233,-30.63556],[-70.996712,-30.638538],[-70.996091,-30.642972],[-70.991088,-30.644427],[-70.990609,-30.647846],[-70.990412,-30.647648],[-70.989824,-30.646963],[-70.989178,-30.646217],[-70.989029,-30.645571],[-70.989277,-30.644726],[-70.989576,-30.643782],[-70.989576,-30.6434],[-70.989576,-30.64239],[-70.98883,-30.641396],[-70.987836,-30.640402],[-70.987041,-30.639955],[-70.986926,-30.639878],[-70.986146,-30.639359],[-70.985351,-30.638663],[-70.984851,-30.638482],[-70.984148,-30.638482],[-70.983568,-30.638177],[-70.983462,-30.637669],[-70.983363,-30.636824],[-70.983462,-30.636277],[-70.983562,-30.635432],[-70.98378,-30.634604],[-70.98381,-30.634488],[-70.983959,-30.633643],[-70.983904,-30.632982],[-70.983293,-30.632768],[-70.983126,-30.632743],[-70.982682,-30.632677],[-70.98204,-30.632218],[-70.981872,-30.631506],[-70.981524,-30.630512],[-70.980977,-30.629717],[-70.980779,-30.629021],[-70.98058,-30.628574],[-70.979983,-30.628474],[-70.979089,-30.628275],[-70.978791,-30.627828],[-70.978791,-30.627232],[-70.978747,-30.62675],[-70.978741,-30.626685],[-70.978343,-30.625641],[-70.977747,-30.625045],[-70.976846,-30.624366],[-70.976082,-30.623541],[-70.975361,-30.623007],[-70.974715,-30.622659],[-70.973672,-30.622063],[-70.973224,-30.621616],[-70.973025,-30.620522],[-70.973074,-30.619892],[-70.973075,-30.619876],[-70.973572,-30.618932],[-70.974417,-30.61764],[-70.974964,-30.617043],[-70.97551,-30.616347],[-70.975709,-30.615602],[-70.976033,-30.614862],[-70.976057,-30.614807],[-70.976115,-30.614753],[-70.976703,-30.61421],[-70.97725,-30.613614],[-70.977449,-30.613117],[-70.977946,-30.612421],[-70.978741,-30.612222],[-70.979387,-30.611974],[-70.978989,-30.61093],[-70.978989,-30.610185],[-70.978989,-30.60924],[-70.978592,-30.608843],[-70.977449,-30.608495],[-70.976952,-30.608197],[-70.976554,-30.607849],[-70.976007,-30.6076],[-70.975163,-30.60755],[-70.974616,-30.607401],[-70.973721,-30.606954],[-70.973705,-30.606945],[-70.972578,-30.606358],[-70.971684,-30.605761],[-70.971216,-30.605417],[-70.971057,-30.605178],[-70.971037,-30.604519],[-70.971159,-30.603918],[-70.971182,-30.603554],[-70.971079,-30.603123],[-70.970839,-30.602779],[-70.970636,-30.602498],[-70.970318,-30.602135],[-70.970137,-30.601737],[-70.969944,-30.601351],[-70.969819,-30.600999],[-70.96966,-30.60067],[-70.969626,-30.600374],[-70.969596,-30.600095],[-70.969571,-30.599639],[-70.969546,-30.599201],[-70.969478,-30.598148],[-70.969103,-30.597013],[-70.968887,-30.596502],[-70.968503,-30.595921],[-70.967658,-30.595274],[-70.966515,-30.594628],[-70.965719,-30.594037],[-70.96464,-30.593428],[-70.964477,-30.593336],[-70.963533,-30.592442],[-70.963234,-30.591945],[-70.962816,-30.591306],[-70.962444,-30.590952],[-70.961876,-30.590703],[-70.961147,-30.590503],[-70.960153,-30.590454],[-70.959159,-30.590255],[-70.958664,-30.590118],[-70.958572,-30.590074],[-70.960387,-30.589546],[-70.964767,-30.592526],[-70.969768,-30.591071],[-70.970389,-30.586634],[-70.975391,-30.585178],[-70.979771,-30.588158],[-70.984773,-30.586701],[-70.989154,-30.589681],[-70.988533,-30.594118],[-70.983531,-30.595575],[-70.97915,-30.592595],[-70.974149,-30.594051],[-70.973528,-30.598487],[-70.977908,-30.601467],[-70.98291,-30.600011],[-70.987292,-30.602991],[-70.986671,-30.607426],[-70.991052,-30.610406],[-70.996055,-30.60895]]]},"properties":{"comuna":"Ovalle","mancha_id":"04301-88b2e68017fffff","clase":"Bajo","nivel_medio":1.347,"nivel_medio_min":0.512,"nivel_medio_max":1.486,"pct_alto":14.2,"n_hexagonos":29,"area_ha":1394.72}},{"type":"Feature","geometry":{"type":"Polygon","coordinates":[[[-71.475598,-31.169793],[-71.475772,-31.16991],[-71.475695,-31.17046],[-71.475611,-31.170095],[-71.475598,-31.169793]]]},"properties":{"comuna":"Ovalle","mancha_id":"04301-88b2e67165fffff","clase":"Bajo","nivel_medio":1.421,"nivel_medio_min":1.421,"nivel_medio_max":1.421,"pct_alto":0.0,"n_hexagonos":1,"area_ha":0.07}},{"type":"Feature","geometry":{"type":"Polygon","coordinates":[[[-71.495073,-30.892864],[-71.499481,-30.895825],[-71.499231,-30.897624],[-71.49917,-30.897624],[-71.498851,-30.897375],[-71.498582,-30.897068],[-71.498429,-30.896589],[-71.498256,-30.896206],[-71.497988,-30.895746],[-71.497413,-30.895382],[-71.496456,-30.895376],[-71.495254,-30.895737],[-71.494012,-30.896258],[-71.493411,-30.896458],[-71.49261,-30.896498],[-71.492049,-30.896578],[-71.491408,-30.896578],[-71.490647,-30.896859],[-71.489765,-30.896979],[-71.48968,-30.897001],[-71.49005,-30.894332],[-71.495073,-30.892864]]]},"properties":{"comuna":"Ovalle","mancha_id":"04301-88b2e65663fffff","clase":"Bajo","nivel_medio":1.469,"nivel_medio_min":1.469,"nivel_medio_max":1.469,"pct_alto":24.9,"n_hexagonos":1,"area_ha":23.41}},{"type":"Feature","geometry":{"type":"Polygon","coordinates":[[[-71.461147,-30.894277],[-71.461763,-30.889848],[-71.466785,-30.888382],[-71.471191,-30.891343],[-71.470576,-30.895772],[-71.465553,-30.897238],[-71.461147,-30.894277]]]},"properties":{"comuna":"Ovalle","mancha_id":"04301-88b2e65655fffff","clase":"Bajo","nivel_medio":1.386,"nivel_medio_min":1.386,"nivel_medio_max":1.386,"pct_alto":21.1,"n_hexagonos":1,"area_ha":67.85}},{"type":"Feature","geometry":{"type":"Polygon","coordinates":[[[-71.469345,-30.904628],[-71.474367,-30.903161],[-71.47549,-30.903916],[-71.475342,-30.90403],[-71.474661,-30.904351],[-71.473659,-30.904511],[-71.472497,-30.904751],[-71.471937,-30.905232],[-71.471255,-30.906073],[-71.470334,-30.907035],[-71.469332,-30.907956],[-71.468787,-30.908638],[-71.469345,-30.904628]]]},"properties":{"comuna":"Ovalle","mancha_id":"04301-88b2e65603fffff","clase":"Bajo","nivel_medio":1.062,"nivel_medio_min":1.062,"nivel_medio_max":1.062,"pct_alto":14.6,"n_hexagonos":1,"area_ha":11.39}},{"type":"Feature","geometry":{"type":"Polygon","coordinates":[[[-71.569424,-30.947605],[-71.565013,-30.944647],[-71.559987,-30.946115],[-71.555575,-30.943157],[-71.55619,-30.93873],[-71.561216,-30.937261],[-71.565627,-30.940219],[-71.570653,-30.93875],[-71.575065,-30.941708],[-71.57445,-30.946135],[-71.569424,-30.947605]]]},"properties":{"comuna":"Ovalle","mancha_id":"04301-88b2e65541fffff","clase":"Bajo","nivel_medio":1.28,"nivel_medio_min":1.201,"nivel_medio_max":1.359,"pct_alto":8.1,"n_hexagonos":2,"area_ha":135.71}},{"type":"Feature","geometry":{"type":"Polygon","coordinates":[[[-71.565737,-30.974162],[-71.561326,-30.971204],[-71.556299,-30.972672],[-71.551888,-30.969714],[-71.552502,-30.965289],[-71.557528,-30.963821],[-71.56194,-30.966779],[-71.566966,-30.96531],[-71.571379,-30.968268],[-71.570764,-30.972694],[-71.565737,-30.974162]]]},"properties":{"comuna":"Ovalle","mancha_id":"04301-88b2e65503fffff","clase":"Bajo","nivel_medio":1.328,"nivel_medio_min":1.187,"nivel_medio_max":1.468,"pct_alto":0.1,"n_hexagonos":2,"area_ha":135.63}},{"type":"Feature","geometry":{"type":"Polygon","coordinates":[[[-71.68883,-30.85113],[-71.68887,-30.85106],[-71.68901,-30.85114],[-71.68904,-30.85124],[-71.68894,-30.85142],[-71.68883,-30.85139],[-71.6888,-30.85124],[-71.68883,-30.85113]]]},"properties":{"comuna":"Ovalle","mancha_id":"04301-88b2e65339fffff","clase":"Bajo","nivel_medio":0.891,"nivel_medio_min":0.891,"nivel_medio_max":0.891,"pct_alto":29.1,"n_hexagonos":1,"area_ha":0.06}},{"type":"Feature","geometry":{"type":"Polygon","coordinates":[[[-71.68925,-30.85223],[-71.68933,-30.85227],[-71.68938,-30.8524],[-71.68938,-30.85249],[-71.68936,-30.85257],[-71.68927,-30.85256],[-71.68922,-30.85253],[-71.68917,-30.85249],[-71.68917,-30.8524],[-71.6892,-30.85229],[-71.68925,-30.85223]]]},"properties":{"comuna":"Ovalle","mancha_id":"04301-88b2e65339fffff-2","clase":"Bajo","nivel_medio":0.891,"nivel_medio_min":0.891,"nivel_medio_max":0.891,"pct_alto":29.1,"n_hexagonos":1,"area_ha":0.06}},{"type":"Feature","geometry":{"type":"Polygon","coordinates":[[[-71.687,-30.85692],[-71.687,-30.856924],[-71.683579,-30.854633],[-71.684192,-30.850198],[-71.688247,-30.849006],[-71.68823,-30.84904],[-71.68818,-30.84912],[-71.68814,-30.84946],[-71.68812,-30.84958],[-71.68815,-30.84974],[-71.68816,-30.84986],[-71.68819,-30.84998],[-71.68818,-30.8501],[-71.6882,-30.85022],[-71.68821,-30.85036],[-71.68827,-30.85048],[-71.68832,-30.85053],[-71.68837,-30.85059],[-71.68842,-30.85071],[-71.68842,-30.85083],[-71.68845,-30.85095],[-71.68846,-30.85121],[-71.68849,-30.85136],[-71.68861,-30.85159],[-71.68868,-30.85171],[-71.68878,-30.85183],[-71.68887,-30.85188],[-71.68895,-30.85199],[-71.68893,-30.85209],[-71.6889,-30.85214],[-71.68889,-30.85228],[-71.68891,-30.85242],[-71.68895,-30.85248],[-71.68901,-30.85256],[-71.68904,-30.85266],[-71.68903,-30.85279],[-71.68902,-30.85285],[-71.6889,-30.85289],[-71.68869,-30.85292],[-71.6886,-30.85287],[-71.68847,-30.85277],[-71.68827,-30.85264],[-71.68811,-30.85262],[-71.688,-30.85261],[-71.68792,-30.8527],[-71.68795,-30.85302],[-71.68789,-30.85309],[-71.68778,-30.85327],[-71.68776,-30.85336],[-71.68778,-30.85343],[-71.6878,-30.85351],[-71.68786,-30.85352],[-71.68789,-30.85362],[-71.68789,-30.85373],[-71.68787,-30.85381],[-71.68781,-30.85392],[-71.68773,-30.85397],[-71.68766,-30.85402],[-71.68753,-30.85404],[-71.68747,-30.85409],[-71.68738,-30.85417],[-71.68733,-30.85445],[-71.68739,-30.8545],[-71.6874,-30.85457],[-71.68744,-30.85462],[-71.68745,-30.85485],[-71.68742,-30.85494],[-71.68737,-30.85499],[-71.68724,-30.8551],[-71.68707,-30.85526],[-71.68704,-30.85531],[-71.68698,-30.85541],[-71.68696,-30.85555],[-71.68696,-30.85569],[-71.68702,-30.85581],[-71.68704,-30.85598],[-71.68701,-30.85603],[-71.68694,-30.85624],[-71.68692,-30.85634],[-71.68695,-30.85648],[-71.68699,-30.85652],[-71.68707,-30.85655],[-71.68716,-30.85661],[-71.6872,-30.8567],[-71.68716,-30.85678],[-71.68704,-30.85686],[-71.687,-30.85692]]]},"properties":{"comuna":"Ovalle","mancha_id":"04301-88b2e65339fffff-3","clase":"Bajo","nivel_medio":0.891,"nivel_medio_min":0.891,"nivel_medio_max":0.891,"pct_alto":29.1,"n_hexagonos":1,"area_ha":27.34}},{"type":"Feature","geometry":{"type":"Polygon","coordinates":[[[-71.68934,-30.85311],[-71.68931,-30.85325],[-71.68922,-30.85325],[-71.68912,-30.85325],[-71.68907,-30.85321],[-71.68904,-30.8531],[-71.6891,-30.85301],[-71.68927,-30.853],[-71.68934,-30.85304],[-71.68934,-30.85311]]]},"properties":{"comuna":"Ovalle","mancha_id":"04301-88b2e65339fffff-4","clase":"Bajo","nivel_medio":0.891,"nivel_medio_min":0.891,"nivel_medio_max":0.891,"pct_alto":29.1,"n_hexagonos":1,"area_ha":0.07}},{"type":"Feature","geometry":{"type":"Polygon","coordinates":[[[-71.68761,-30.85707],[-71.68763,-30.85716],[-71.68762,-30.85727],[-71.687568,-30.857305],[-71.68734,-30.857152],[-71.68743,-30.85707],[-71.68756,-30.85704],[-71.68761,-30.85707]]]},"properties":{"comuna":"Ovalle","mancha_id":"04301-88b2e65339fffff-5","clase":"Bajo","nivel_medio":0.891,"nivel_medio_min":0.891,"nivel_medio_max":0.891,"pct_alto":29.1,"n_hexagonos":1,"area_ha":0.05}},{"type":"Feature","geometry":{"type":"Polygon","coordinates":[[[-71.69451,-30.84343],[-71.69445,-30.8435],[-71.69435,-30.84354],[-71.69424,-30.84354],[-71.69408,-30.84352],[-71.69392,-30.84341],[-71.69415,-30.84325],[-71.69432,-30.84325],[-71.69445,-30.843295],[-71.69453,-30.84334],[-71.69451,-30.84343]]]},"properties":{"comuna":"Ovalle","mancha_id":"04301-88b2e65307fffff","clase":"Bajo","nivel_medio":0.694,"nivel_medio_min":0.694,"nivel_medio_max":0.694,"pct_alto":18.1,"n_hexagonos":1,"area_ha":0.13}},{"type":"Feature","geometry":{"type":"Polygon","coordinates":[[[-71.68925,-30.8487],[-71.689222,-30.848703],[-71.689832,-30.844285],[-71.693762,-30.843129],[-71.69377,-30.84329],[-71.69375,-30.84338],[-71.69376,-30.84357],[-71.69379,-30.84363],[-71.69383,-30.84386],[-71.6938,-30.84403],[-71.69377,-30.84414],[-71.69372,-30.84421],[-71.69363,-30.84428],[-71.69356,-30.84432],[-71.69341,-30.84432],[-71.69332,-30.84435],[-71.69324,-30.84438],[-71.69317,-30.84445],[-71.693,-30.84459],[-71.69289,-30.8446],[-71.6928,-30.84461],[-71.6927,-30.84464],[-71.69264,-30.8447],[-71.69256,-30.84481],[-71.69249,-30.84484],[-71.69244,-30.84487],[-71.69231,-30.84489],[-71.69223,-30.84493],[-71.69218,-30.84499],[-71.69207,-30.84519],[-71.69205,-30.84531],[-71.69204,-30.84543],[-71.69204,-30.84566],[-71.69208,-30.84578],[-71.69208,-30.8459],[-71.6921,-30.84602],[-71.69207,-30.84614],[-71.69202,-30.84622],[-71.6919,-30.84641],[-71.69184,-30.84643],[-71.69181,-30.84648],[-71.69159,-30.84665],[-71.69142,-30.84673],[-71.69131,-30.84679],[-71.6912,-30.84684],[-71.6911,-30.8469],[-71.69101,-30.84699],[-71.69099,-30.8471],[-71.69092,-30.84722],[-71.69086,-30.84727],[-71.6908,-30.84732],[-71.69073,-30.84739],[-71.6907,-30.84744],[-71.69066,-30.84758],[-71.69066,-30.8477],[-71.69064,-30.84782],[-71.6906,-30.84794],[-71.69055,-30.84806],[-71.69051,-30.84811],[-71.69045,-30.84812],[-71.69038,-30.84814],[-71.68997,-30.84815],[-71.68976,-30.84819],[-71.68971,-30.84825],[-71.68954,-30.8486],[-71.68943,-30.84861],[-71.68936,-30.84866],[-71.68925,-30.8487]]]},"properties":{"comuna":"Ovalle","mancha_id":"04301-88b2e65307fffff-2","clase":"Bajo","nivel_medio":0.694,"nivel_medio_min":0.694,"nivel_medio_max":0.694,"pct_alto":18.1,"n_hexagonos":1,"area_ha":11.4}},{"type":"Feature","geometry":{"type":"Polygon","coordinates":[[[-71.551562,-30.86784],[-71.552176,-30.863408],[-71.5572,-30.861937],[-71.56161,-30.864897],[-71.560996,-30.869329],[-71.555972,-30.8708],[-71.551562,-30.86784]]]},"properties":{"comuna":"Ovalle","mancha_id":"04301-88b2e652d3fffff","clase":"Bajo","nivel_medio":1.481,"nivel_medio_min":1.481,"nivel_medio_max":1.481,"pct_alto":5.7,"n_hexagonos":1,"area_ha":67.95}},{"type":"Feature","geometry":{"type":"Polygon","coordinates":[[[-71.664071,-30.948102],[-71.661263,-30.946222],[-71.661876,-30.941793],[-71.666402,-30.940467],[-71.66638,-30.94059],[-71.66634,-30.94075],[-71.66628,-30.94078],[-71.66624,-30.94088],[-71.6662,-30.94094],[-71.66614,-30.94095],[-71.6661,-30.94104],[-71.66601,-30.94107],[-71.66598,-30.94112],[-71.66589,-30.94114],[-71.66572,-30.94115],[-71.66566,-30.94114],[-71.6655,-30.94116],[-71.66543,-30.94119],[-71.66534,-30.94132],[-71.66532,-30.94141],[-71.66543,-30.94149],[-71.66546,-30.94166],[-71.66543,-30.94173],[-71.66541,-30.94183],[-71.66535,-30.94197],[-71.66533,-30.94211],[-71.66534,-30.94224],[-71.66546,-30.94244],[-71.66552,-30.94246],[-71.66554,-30.94253],[-71.6656,-30.94257],[-71.66567,-30.94272],[-71.66568,-30.94287],[-71.66584,-30.94301],[-71.66603,-30.94319],[-71.6661,-30.94337],[-71.6661,-30.94346],[-71.66606,-30.94353],[-71.66601,-30.94369],[-71.66602,-30.94376],[-71.66604,-30.94382],[-71.6661,-30.94399],[-71.66611,-30.94408],[-71.66608,-30.94415],[-71.66601,-30.9443],[-71.66589,-30.94445],[-71.66581,-30.94447],[-71.66574,-30.94455],[-71.66562,-30.94462],[-71.6656,-30.94468],[-71.66556,-30.94474],[-71.66552,-30.94488],[-71.66538,-30.94503],[-71.66531,-30.94507],[-71.66525,-30.94513],[-71.66515,-30.94519],[-71.66513,-30.94525],[-71.66509,-30.94532],[-71.66505,-30.94547],[-71.66509,-30.94553],[-71.66511,-30.94559],[-71.66508,-30.94578],[-71.66503,-30.94587],[-71.66497,-30.94593],[-71.6649,-30.94614],[-71.66493,-30.94628],[-71.66503,-30.94646],[-71.66509,-30.94649],[-71.66518,-30.94659],[-71.66523,-30.94662],[-71.66525,-30.94673],[-71.66521,-30.94683],[-71.6651,-30.94689],[-71.66506,-30.94694],[-71.66492,-30.947165],[-71.66495,-30.94729],[-71.66492,-30.94737],[-71.66484,-30.94743],[-71.66467,-30.94745],[-71.66456,-30.94739],[-71.66437,-30.94732],[-71.66425,-30.94735],[-71.66423,-30.94741],[-71.6642,-30.94746],[-71.66413,-30.94769],[-71.66412,-30.94783],[-71.66412,-30.94797],[-71.664071,-30.948102]]]},"properties":{"comuna":"Ovalle","mancha_id":"04301-88b2e65195fffff","clase":"Bajo","nivel_medio":1.205,"nivel_medio_min":1.205,"nivel_medio_max":1.205,"pct_alto":39.0,"n_hexagonos":1,"area_ha":25.21}},{"type":"Feature","geometry":{"type":"Polygon","coordinates":[[[-71.66501,-30.94858],[-71.66495,-30.94867],[-71.664928,-30.948676],[-71.664652,-30.948491],[-71.66472,-30.94846],[-71.66487,-30.94847],[-71.66498,-30.94847],[-71.66502,-30.94852],[-71.66501,-30.94858]]]},"properties":{"comuna":"Ovalle","mancha_id":"04301-88b2e65195fffff-2","clase":"Bajo","nivel_medio":1.205,"nivel_medio_min":1.205,"nivel_medio_max":1.205,"pct_alto":39.0,"n_hexagonos":1,"area_ha":0.05}},{"type":"Feature","geometry":{"type":"Polygon","coordinates":[[[-71.678802,-30.924082],[-71.678189,-30.928512],[-71.674292,-30.929655],[-71.67412,-30.92954],[-71.67397,-30.9295],[-71.67383,-30.92953],[-71.67374,-30.92954],[-71.67367,-30.92954],[-71.67359,-30.9295],[-71.67339,-30.92936],[-71.6732,-30.92923],[-71.67298,-30.92911],[-71.67281,-30.92899],[-71.67265,-30.92889],[-71.67259,-30.92885],[-71.67242,-30.92881],[-71.67232,-30.9288],[-71.67226,-30.92883],[-71.6722,-30.92887],[-71.67205,-30.92902],[-71.671838,-30.929102],[-71.668744,-30.92703],[-71.663716,-30.928504],[-71.659301,-30.925548],[-71.659914,-30.921118],[-71.664942,-30.919644],[-71.665555,-30.915213],[-71.66114,-30.912256],[-71.661753,-30.907825],[-71.666781,-30.906351],[-71.671197,-30.909307],[-71.676225,-30.907832],[-71.676838,-30.903401],[-71.681866,-30.901925],[-71.682019,-30.902027],[-71.68189,-30.9022],[-71.68186,-30.90228],[-71.68187,-30.9024],[-71.68195,-30.90245],[-71.682,-30.90248],[-71.68209,-30.9025],[-71.68217,-30.90253],[-71.68224,-30.90255],[-71.68231,-30.9026],[-71.68235,-30.90265],[-71.68241,-30.9027],[-71.68244,-30.90276],[-71.68247,-30.90284],[-71.68245,-30.90293],[-71.68241,-30.90303],[-71.68241,-30.90313],[-71.68244,-30.9032],[-71.68251,-30.90333],[-71.6825,-30.90341],[-71.68249,-30.90353],[-71.68252,-30.90359],[-71.68268,-30.90372],[-71.6827,-30.90379],[-71.6827,-30.90386],[-71.68265,-30.90398],[-71.68268,-30.90415],[-71.68285,-30.90441],[-71.68292,-30.90448],[-71.683,-30.90457],[-71.68306,-30.90469],[-71.68308,-30.90478],[-71.68307,-30.90488],[-71.68302,-30.90496],[-71.68289,-30.90506],[-71.68274,-30.90516],[-71.68268,-30.9052],[-71.68261,-30.90528],[-71.68255,-30.90548],[-71.68253,-30.90559],[-71.68251,-30.90571],[-71.68253,-30.90582],[-71.68256,-30.90594],[-71.68267,-30.90618],[-71.68271,-30.9063],[-71.68275,-30.90642],[-71.68293,-30.90667],[-71.68301,-30.90667],[-71.68306,-30.90671],[-71.68316,-30.9068],[-71.68324,-30.90691],[-71.68344,-30.90716],[-71.68355,-30.90729],[-71.68365,-30.90743],[-71.68364,-30.90762],[-71.6836,-30.90769],[-71.68351,-30.90774],[-71.68347,-30.90779],[-71.68341,-30.90792],[-71.68339,-30.90803],[-71.68337,-30.90815],[-71.68334,-30.908245],[-71.6833,-30.908365],[-71.68332,-30.90854],[-71.68339,-30.90859],[-71.6835,-30.90876],[-71.68362,-30.90879],[-71.68373,-30.90882],[-71.68387,-30.90889],[-71.68393,-30.90896],[-71.68395,-30.90911],[-71.68387,-30.90918],[-71.68378,-30.90923],[-71.68367,-30.90928],[-71.68361,-30.90932],[-71.68342,-30.90944],[-71.68335,-30.90949],[-71.68334,-30.90957],[-71.68334,-30.90965],[-71.68337,-30.9097],[-71.68351,-30.90971],[-71.68362,-30.90973],[-71.6837,-30.90977],[-71.6837,-30.90985],[-71.68363,-30.909912],[-71.680641,-30.910789],[-71.680028,-30.91522],[-71.674999,-30.916695],[-71.674386,-30.921126],[-71.678802,-30.924082]]]},"properties":{"comuna":"Ovalle","mancha_id":"04301-88b2e65189fffff","clase":"Bajo","nivel_medio":1.122,"nivel_medio_min":0.588,"nivel_medio_max":1.351,"pct_alto":20.4,"n_hexagonos":6,"area_ha":387.69}},{"type":"Feature","geometry":{"type":"Polygon","coordinates":[[[-71.667062,-30.93919],[-71.667518,-30.93589],[-71.668215,-30.935686],[-71.66812,-30.93579],[-71.66804,-30.93591],[-71.66798,-30.93603],[-71.66787,-30.93616],[-71.66776,-30.93625],[-71.66771,-30.93634],[-71.66768,-30.9364],[-71.66767,-30.93646],[-71.66764,-30.93652],[-71.66762,-30.93664],[-71.66761,-30.93676],[-71.66763,-30.93686],[-71.66764,-30.937],[-71.66757,-30.93736],[-71.66757,-30.93748],[-71.6676,-30.9376],[-71.66765,-30.93771],[-71.66765,-30.93783],[-71.66764,-30.93795],[-71.66764,-30.93804],[-71.66769,-30.93807],[-71.6678,-30.93815],[-71.66787,-30.93828],[-71.66784,-30.93838],[-71.66773,-30.93853],[-71.66763,-30.93865],[-71.66762,-30.93877],[-71.66759,-30.93891],[-71.667485,-30.93903],[-71.66737,-30.93911],[-71.66716,-30.9392],[-71.667062,-30.93919]]]},"properties":{"comuna":"Ovalle","mancha_id":"04301-88b2e65183fffff","clase":"Bajo","nivel_medio":0.933,"nivel_medio_min":0.933,"nivel_medio_max":0.933,"pct_alto":31.1,"n_hexagonos":1,"area_ha":1.39}},{"type":"Feature","geometry":{"type":"Polygon","coordinates":[[[-71.68482,-30.88419],[-71.684668,-30.884092],[-71.687451,-30.883275],[-71.68747,-30.88337],[-71.68746,-30.88345],[-71.6874,-30.88352],[-71.68724,-30.88352],[-71.68706,-30.88346],[-71.68696,-30.88346],[-71.68692,-30.88352],[-71.68687,-30.88369],[-71.686815,-30.88376],[-71.68674,-30.88383],[-71.68655,-30.88401],[-71.68649,-30.88404],[-71.6864,-30.88405],[-71.68634,-30.88407],[-71.68629,-30.88411],[-71.68619,-30.88421],[-71.68603,-30.88434],[-71.6858,-30.88448],[-71.68569,-30.88453],[-71.68558,-30.88453],[-71.68547,-30.88451],[-71.68535,-30.88442],[-71.68517,-30.8843],[-71.68511,-30.8843],[-71.68501,-30.88428],[-71.68482,-30.88419]]]},"properties":{"comuna":"Ovalle","mancha_id":"04301-88b2e65153fffff","clase":"Bajo","nivel_medio":0.676,"nivel_medio_min":0.676,"nivel_medio_max":0.676,"pct_alto":4.8,"n_hexagonos":1,"area_ha":1.19}},{"type":"Feature","geometry":{"type":"Polygon","coordinates":[[[-71.602768,-30.950599],[-71.603382,-30.946171],[-71.608409,-30.9447],[-71.612823,-30.947657],[-71.612209,-30.952085],[-71.607182,-30.953556],[-71.602768,-30.950599]]]},"properties":{"comuna":"Ovalle","mancha_id":"04301-88b2e650b3fffff","clase":"Bajo","nivel_medio":1.414,"nivel_medio_min":1.414,"nivel_medio_max":1.414,"pct_alto":35.8,"n_hexagonos":1,"area_ha":67.88}},{"type":"Feature","geometry":{"type":"Polygon","coordinates":[[[-71.576293,-30.932853],[-71.576908,-30.928424],[-71.572496,-30.925466],[-71.57311,-30.921037],[-71.578136,-30.919567],[-71.582548,-30.922525],[-71.581934,-30.926954],[-71.586346,-30.929912],[-71.585732,-30.934341],[-71.580705,-30.935811],[-71.576293,-30.932853]]]},"properties":{"comuna":"Ovalle","mancha_id":"04301-88b2e6509bfffff","clase":"Bajo","nivel_medio":1.256,"nivel_medio_min":1.072,"nivel_medio_max":1.439,"pct_alto":3.5,"n_hexagonos":2,"area_ha":135.77}},{"type":"Feature","geometry":{"type":"Polygon","coordinates":[[[-71.674874,-30.882714],[-71.679902,-30.881238],[-71.684301,-30.884184],[-71.68428,-30.88419],[-71.68421,-30.88418],[-71.68415,-30.8842],[-71.68407,-30.88425],[-71.68399,-30.88429],[-71.6839,-30.88432],[-71.68382,-30.8843],[-71.68369,-30.88427],[-71.68356,-30.88428],[-71.68346,-30.88436],[-71.68341,-30.88441],[-71.68333,-30.88453],[-71.68327,-30.88461],[-71.68318,-30.88468],[-71.68314,-30.88473],[-71.68306,-30.88478],[-71.68295,-30.88481],[-71.68286,-30.8848],[-71.68276,-30.88471],[-71.6827,-30.88469],[-71.68263,-30.88465],[-71.68252,-30.88461],[-71.6823,-30.88448],[-71.68224,-30.88442],[-71.6821,-30.88431],[-71.68197,-30.88429],[-71.68183,-30.88429],[-71.68167,-30.88428],[-71.68155,-30.88432],[-71.68147,-30.88434],[-71.68139,-30.88437],[-71.6813,-30.8844],[-71.6812,-30.88444],[-71.68114,-30.88447],[-71.68106,-30.88452],[-71.68098,-30.88457],[-71.6809,-30.88463],[-71.68081,-30.88464],[-71.68075,-30.88469],[-71.68065,-30.88475],[-71.68057,-30.8848],[-71.6805,-30.88486],[-71.68039,-30.88495],[-71.6803,-30.88505],[-71.68016,-30.88516],[-71.68005,-30.88523],[-71.67997,-30.88529],[-71.67992,-30.88535],[-71.67981,-30.88546],[-71.67971,-30.88554],[-71.67964,-30.88564],[-71.6796,-30.88573],[-71.67956,-30.88583],[-71.67952,-30.88592],[-71.67948,-30.88602],[-71.67945,-30.88612],[-71.67943,-30.88621],[-71.67942,-30.88631],[-71.67936,-30.8864],[-71.67934,-30.8865],[-71.67931,-30.8866],[-71.67932,-30.88669],[-71.67931,-30.88679],[-71.67929,-30.88688],[-71.67927,-30.88698],[-71.67924,-30.88708],[-71.67923,-30.88717],[-71.67925,-30.88727],[-71.67927,-30.88734],[-71.67932,-30.88743],[-71.67941,-30.88755],[-71.67945,-30.88761],[-71.67954,-30.88766],[-71.67962,-30.88767],[-71.6797,-30.88766],[-71.67983,-30.887645],[-71.67995,-30.88761],[-71.68004,-30.88762],[-71.68028,-30.88758],[-71.68037,-30.88758],[-71.68045,-30.88759],[-71.68052,-30.88762],[-71.680595,-30.8877],[-71.68064,-30.88779],[-71.68074,-30.88801],[-71.68088,-30.88808],[-71.68095,-30.88816],[-71.68096,-30.88831],[-71.68092,-30.88837],[-71.68088,-30.88842],[-71.68077,-30.88858],[-71.68079,-30.88866],[-71.68083,-30.88871],[-71.68084,-30.8889],[-71.68085,-30.88909],[-71.68091,-30.88925],[-71.68096,-30.88931],[-71.68097,-30.88941],[-71.680951,-30.889436],[-71.678677,-30.890104],[-71.674261,-30.887147],[-71.674874,-30.882714]]]},"properties":{"comuna":"Ovalle","mancha_id":"04301-88b2e6502dfffff","clase":"Bajo","nivel_medio":1.347,"nivel_medio_min":1.347,"nivel_medio_max":1.347,"pct_alto":44.0,"n_hexagonos":1,"area_ha":48.96}},{"type":"Feature","geometry":{"type":"Polygon","coordinates":[[[-71.596586,-31.168727],[-71.595972,-31.173141],[-71.593274,-31.173925],[-71.59306,-31.173795],[-71.592784,-31.173506],[-71.592684,-31.173261],[-71.592615,-31.172993],[-71.592605,-31.172607],[-71.592553,-31.172379],[-71.592357,-31.172166],[-71.592154,-31.172004],[-71.59183,-31.171773],[-71.591409,-31.17159],[-71.5912,-31.171598],[-71.591017,-31.17157],[-71.590828,-31.171443],[-71.5906,-31.170702],[-71.590707,-31.169696],[-71.590717,-31.16959],[-71.59068,-31.169483],[-71.590611,-31.169338],[-71.590535,-31.169232],[-71.590349,-31.168946],[-71.590094,-31.168725],[-71.590011,-31.168639],[-71.589645,-31.168407],[-71.589519,-31.168136],[-71.589474,-31.167775],[-71.589443,-31.167561],[-71.589343,-31.167382],[-71.588761,-31.166855],[-71.588691,-31.166786],[-71.59217,-31.165775],[-71.596586,-31.168727]]]},"properties":{"comuna":"Ovalle","mancha_id":"04301-88b2e64e91fffff","clase":"Bajo","nivel_medio":1.468,"nivel_medio_min":1.468,"nivel_medio_max":1.468,"pct_alto":1.3,"n_hexagonos":1,"area_ha":39.41}},{"type":"Feature","geometry":{"type":"Polygon","coordinates":[[[-71.650465,-31.093709],[-71.651079,-31.089289],[-71.653822,-31.088489],[-71.65384,-31.08949],[-71.65388,-31.08966],[-71.654,-31.08978],[-71.65417,-31.0901],[-71.65423,-31.0904],[-71.65424,-31.09087],[-71.65416,-31.09105],[-71.65368,-31.09134],[-71.65328,-31.09179],[-71.65296,-31.09202],[-71.6528,-31.09229],[-71.6527,-31.09254],[-71.65272,-31.09297],[-71.65287,-31.09325],[-71.65291,-31.09341],[-71.65278,-31.09362],[-71.65272,-31.09381],[-71.65273,-31.09402],[-71.65282,-31.0943],[-71.65303,-31.09459],[-71.6532,-31.09476],[-71.65366,-31.09512],[-71.65412,-31.09546],[-71.65455,-31.09564],[-71.65508,-31.0958],[-71.65557,-31.09585],[-71.65585,-31.0959],[-71.65601,-31.09602],[-71.65606,-31.09616],[-71.656026,-31.096328],[-71.654883,-31.096662],[-71.650465,-31.093709]]]},"properties":{"comuna":"Ovalle","mancha_id":"04301-88b2e64e4dfffff","clase":"Bajo","nivel_medio":1.461,"nivel_medio_min":1.461,"nivel_medio_max":1.461,"pct_alto":12.9,"n_hexagonos":1,"area_ha":18.2}},{"type":"Feature","geometry":{"type":"Polygon","coordinates":[[[-71.648624,-31.106967],[-71.649238,-31.102548],[-71.65199,-31.101746],[-71.65168,-31.10195],[-71.65139,-31.10222],[-71.65132,-31.10247],[-71.65133,-31.10265],[-71.65138,-31.10292],[-71.65143,-31.10306],[-71.65154,-31.10317],[-71.6519,-31.10333],[-71.65231,-31.10342],[-71.6525,-31.10346],[-71.65276,-31.10355],[-71.65283,-31.10363],[-71.65288,-31.10382],[-71.65283,-31.10399],[-71.65274,-31.1041],[-71.65273,-31.10422],[-71.65284,-31.10434],[-71.6531,-31.10447],[-71.65324,-31.10466],[-71.65321,-31.10483],[-71.6531,-31.10499],[-71.65289,-31.10521],[-71.65274,-31.1053],[-71.6527,-31.1054],[-71.65269,-31.10555],[-71.65271,-31.10586],[-71.65267,-31.10603],[-71.65257,-31.10617],[-71.65229,-31.10639],[-71.65166,-31.10673],[-71.65137,-31.10675],[-71.65099,-31.10676],[-71.65084,-31.10677],[-71.65068,-31.10684],[-71.65053,-31.10698],[-71.65045,-31.10714],[-71.65038,-31.10731],[-71.65035,-31.10764],[-71.65025,-31.10789],[-71.650219,-31.108033],[-71.648624,-31.106967]]]},"properties":{"comuna":"Ovalle","mancha_id":"04301-88b2e64e47fffff","clase":"Bajo","nivel_medio":1.361,"nivel_medio_min":1.361,"nivel_medio_max":1.361,"pct_alto":30.5,"n_hexagonos":1,"area_ha":18.0}},{"type":"Feature","geometry":{"type":"Polygon","coordinates":[[[-71.651865,-31.196002],[-71.65083,-31.195312],[-71.651444,-31.190898],[-71.654885,-31.189897],[-71.65484,-31.19002],[-71.65472,-31.19027],[-71.65464,-31.19046],[-71.65441,-31.19069],[-71.65407,-31.19093],[-71.65373,-31.19112],[-71.65353,-31.1913],[-71.65339,-31.19146],[-71.65336,-31.19164],[-71.65345,-31.19186],[-71.65361,-31.19201],[-71.65396,-31.19229],[-71.65428,-31.1927],[-71.65448,-31.19288],[-71.65461,-31.19309],[-71.6546,-31.19326],[-71.65453,-31.19339],[-71.6544,-31.19347],[-71.65422,-31.19346],[-71.65403,-31.19334],[-71.65388,-31.19322],[-71.6537,-31.19317],[-71.65319,-31.19306],[-71.65298,-31.19307],[-71.65244,-31.19324],[-71.65222,-31.19341],[-71.6521,-31.19357],[-71.65197,-31.19383],[-71.65191,-31.19412],[-71.65198,-31.19466],[-71.65204,-31.19479],[-71.65215,-31.19495],[-71.65217,-31.19508],[-71.65233,-31.19563],[-71.65225,-31.19574],[-71.65209,-31.19587],[-71.651865,-31.196002]]]},"properties":{"comuna":"Ovalle","mancha_id":"04301-88b2e64ce9fffff","clase":"Bajo","nivel_medio":0.888,"nivel_medio_min":0.888,"nivel_medio_max":0.888,"pct_alto":20.0,"n_hexagonos":1,"area_ha":10.97}},{"type":"Feature","geometry":{"type":"Polygon","coordinates":[[[-71.638308,-31.215888],[-71.643341,-31.214426],[-71.643764,-31.214708],[-71.64364,-31.21473],[-71.64336,-31.21481],[-71.64309,-31.2149],[-71.64277,-31.21492],[-71.64223,-31.21486],[-71.64216,-31.21486],[-71.64189,-31.21494],[-71.64169,-31.21506],[-71.64152,-31.21529],[-71.64144,-31.2155],[-71.64143,-31.21577],[-71.64146,-31.21594],[-71.64157,-31.21605],[-71.640769,-31.216183],[-71.639692,-31.216059],[-71.639262,-31.216004],[-71.638556,-31.216004],[-71.638295,-31.215979],[-71.638308,-31.215888]]]},"properties":{"comuna":"Ovalle","mancha_id":"04301-88b2e64c87fffff","clase":"Bajo","nivel_medio":1.381,"nivel_medio_min":1.381,"nivel_medio_max":1.381,"pct_alto":3.9,"n_hexagonos":1,"area_ha":2.71}},{"type":"Feature","geometry":{"type":"Polygon","coordinates":[[[-71.666251,-31.153873],[-71.666421,-31.152648],[-71.666603,-31.152595],[-71.66659,-31.15265],[-71.66655,-31.1531],[-71.66632,-31.15378],[-71.666251,-31.153873]]]},"properties":{"comuna":"Ovalle","mancha_id":"04301-88b2e64c43fffff","clase":"Bajo","nivel_medio":0.638,"nivel_medio_min":0.638,"nivel_medio_max":0.638,"pct_alto":10.6,"n_hexagonos":1,"area_ha":0.18}},{"type":"Feature","geometry":{"type":"Polygon","coordinates":[[[-71.656478,-31.189434],[-71.657091,-31.18502],[-71.65769,-31.184846],[-71.65753,-31.18503],[-71.65742,-31.18519],[-71.65738,-31.18563],[-71.65739,-31.18581],[-71.65751,-31.18597],[-71.65753,-31.1861],[-71.65748,-31.18666],[-71.65744,-31.18693],[-71.65752,-31.18715],[-71.65769,-31.18753],[-71.65797,-31.18775],[-71.65808,-31.18785],[-71.65831,-31.18788],[-71.65875,-31.18785],[-71.65923,-31.18798],[-71.65962,-31.18815],[-71.65978,-31.18835],[-71.65992,-31.1886],[-71.65996,-31.18879],[-71.66001,-31.18896],[-71.66004,-31.18905],[-71.66003,-31.18918],[-71.6599,-31.18924],[-71.6593,-31.18934],[-71.65866,-31.1894],[-71.6585,-31.18951],[-71.65834,-31.18968],[-71.65795,-31.18979],[-71.657233,-31.189938],[-71.65708,-31.18997],[-71.65668,-31.18992],[-71.65621,-31.18982],[-71.65597,-31.18962],[-71.655891,-31.189605],[-71.656478,-31.189434]]]},"properties":{"comuna":"Ovalle","mancha_id":"04301-88b2e64c17fffff","clase":"Bajo","nivel_medio":1.017,"nivel_medio_min":0.888,"nivel_medio_max":1.022,"pct_alto":23.5,"n_hexagonos":2,"area_ha":8.16}},{"type":"Feature","geometry":{"type":"Polygon","coordinates":[[[-71.663966,-31.170311],[-71.66458,-31.165896],[-71.666607,-31.165306],[-71.66664,-31.16553],[-71.66654,-31.16573],[-71.66641,-31.16594],[-71.66616,-31.16608],[-71.66586,-31.16622],[-71.66556,-31.1663],[-71.66538,-31.16632],[-71.66527,-31.16635],[-71.66519,-31.16642],[-71.66516,-31.16648],[-71.66516,-31.16663],[-71.66542,-31.16689],[-71.66545,-31.167],[-71.6655,-31.16709],[-71.66561,-31.16723],[-71.66584,-31.16734],[-71.66592,-31.16747],[-71.66587,-31.1676],[-71.66581,-31.16766],[-71.66578,-31.16771],[-71.66578,-31.16779],[-71.66586,-31.16796],[-71.66587,-31.16806],[-71.66577,-31.16842],[-71.6658,-31.16861],[-71.66596,-31.16914],[-71.66612,-31.16996],[-71.66608,-31.17017],[-71.66587,-31.17046],[-71.66579,-31.17063],[-71.66556,-31.17097],[-71.665313,-31.171211],[-71.663966,-31.170311]]]},"properties":{"comuna":"Ovalle","mancha_id":"04301-88b2e64c0bfffff","clase":"Bajo","nivel_medio":1.432,"nivel_medio_min":1.432,"nivel_medio_max":1.432,"pct_alto":25.7,"n_hexagonos":1,"area_ha":8.78}},{"type":"Feature","geometry":{"type":"Polygon","coordinates":[[[-71.4807,-31.134608],[-71.481316,-31.130194],[-71.476905,-31.127239],[-71.477521,-31.122824],[-71.482548,-31.121366],[-71.48696,-31.124321],[-71.486344,-31.128736],[-71.490755,-31.131691],[-71.490139,-31.136105],[-71.485112,-31.137564],[-71.4807,-31.134608]]]},"properties":{"comuna":"Ovalle","mancha_id":"04301-88b2e6448dfffff","clase":"Bajo","nivel_medio":1.223,"nivel_medio_min":0.997,"nivel_medio_max":1.449,"pct_alto":1.0,"n_hexagonos":2,"area_ha":135.09}},{"type":"Feature","geometry":{"type":"Polygon","coordinates":[[[-71.659423,-30.959508],[-71.660037,-30.95508],[-71.663087,-30.954187],[-71.6631,-30.9542],[-71.66333,-30.95432],[-71.66343,-30.95445],[-71.66357,-30.95464],[-71.66374,-30.95466],[-71.66385,-30.95471],[-71.66388,-30.95476],[-71.66392,-30.95489],[-71.66384,-30.95507],[-71.66361,-30.95513],[-71.66344,-30.95515],[-71.66328,-30.95514],[-71.66306,-30.95514],[-71.66281,-30.95516],[-71.66273,-30.95511],[-71.66253,-30.95513],[-71.66247,-30.95517],[-71.66245,-30.9553],[-71.66247,-30.95544],[-71.6624,-30.95552],[-71.66235,-30.95559],[-71.66231,-30.95565],[-71.66225,-30.95565],[-71.66218,-30.95571],[-71.66206,-30.955945],[-71.66214,-30.95601],[-71.66242,-30.95605],[-71.66261,-30.95613],[-71.66268,-30.95621],[-71.66277,-30.95637],[-71.66289,-30.95653],[-71.66296,-30.9567],[-71.66292,-30.95687],[-71.66286,-30.9569],[-71.66284,-30.95698],[-71.66279,-30.95703],[-71.66272,-30.95711],[-71.66268,-30.95716],[-71.66255,-30.95731],[-71.6625,-30.95745],[-71.66247,-30.95759],[-71.66247,-30.95768],[-71.66254,-30.9577],[-71.66268,-30.95772],[-71.66279,-30.95769],[-71.66293,-30.95769],[-71.66304,-30.9577],[-71.66309,-30.95776],[-71.66311,-30.95792],[-71.66307,-30.95808],[-71.66299,-30.95823],[-71.66288,-30.95837],[-71.66282,-30.95846],[-71.66275,-30.95846],[-71.66271,-30.95851],[-71.66265,-30.95854],[-71.6624,-30.95847],[-71.66234,-30.95844],[-71.66227,-30.95832],[-71.66215,-30.958275],[-71.66205,-30.95821],[-71.662,-30.95815],[-71.66197,-30.95809],[-71.6619,-30.958055],[-71.66183,-30.95803],[-71.6616,-30.95801],[-71.66147,-30.95797],[-71.66136,-30.95795],[-71.66114,-30.95794],[-71.66107,-30.95792],[-71.66095,-30.95782],[-71.66089,-30.95777],[-71.66069,-30.95774],[-71.66056,-30.95774],[-71.66053,-30.9578],[-71.66048,-30.95788],[-71.66041,-30.95806],[-71.66031,-30.95809],[-71.66014,-30.95811],[-71.66007,-30.95814],[-71.66,-30.95818],[-71.65965,-30.9584],[-71.65957,-30.95848],[-71.65956,-30.95859],[-71.65956,-30.95865],[-71.65963,-30.95869],[-71.65974,-30.95874],[-71.65988,-30.95873],[-71.66004,-30.95879],[-71.66016,-30.95886],[-71.66026,-30.95898],[-71.66027,-30.95904],[-71.66021,-30.9591],[-71.66017,-30.95915],[-71.66015,-30.95929],[-71.66024,-30.95936],[-71.66032,-30.95942],[-71.66041,-30.95962],[-71.66042,-30.9597],[-71.66041,-30.95979],[-71.66043,-30.95993],[-71.66037,-30.96008],[-71.66035,-30.960128],[-71.659423,-30.959508]]]},"properties":{"comuna":"Ovalle","mancha_id":"04301-88b2e6426dfffff","clase":"Bajo","nivel_medio":1.145,"nivel_medio_min":1.145,"nivel_medio_max":1.145,"pct_alto":31.2,"n_hexagonos":1,"area_ha":12.04}},{"type":"Feature","geometry":{"type":"Polygon","coordinates":[[[-71.62165,-30.953571],[-71.622264,-30.949143],[-71.627292,-30.947672],[-71.631706,-30.950628],[-71.631093,-30.955056],[-71.626065,-30.956527],[-71.62165,-30.953571]]]},"properties":{"comuna":"Ovalle","mancha_id":"04301-88b2e6424bfffff","clase":"Bajo","nivel_medio":1.396,"nivel_medio_min":1.396,"nivel_medio_max":1.396,"pct_alto":33.2,"n_hexagonos":1,"area_ha":67.88}},{"type":"Feature","geometry":{"type":"Polygon","coordinates":[[[-71.642617,-31.01114],[-71.643231,-31.006715],[-71.638815,-31.003761],[-71.633786,-31.00523],[-71.62937,-31.002275],[-71.629984,-30.99785],[-71.625569,-30.994895],[-71.626183,-30.990469],[-71.621768,-30.987514],[-71.61674,-30.988983],[-71.612326,-30.986027],[-71.607298,-30.987497],[-71.602884,-30.984541],[-71.597856,-30.98601],[-71.593442,-30.983053],[-71.594057,-30.978628],[-71.589643,-30.975671],[-71.590258,-30.971245],[-71.585845,-30.968288],[-71.586459,-30.963862],[-71.591486,-30.962392],[-71.595899,-30.965349],[-71.595285,-30.969776],[-71.599698,-30.972733],[-71.604726,-30.971263],[-71.60534,-30.966837],[-71.600926,-30.96388],[-71.60154,-30.959453],[-71.606568,-30.957983],[-71.610981,-30.96094],[-71.610367,-30.965367],[-71.614781,-30.968323],[-71.614167,-30.97275],[-71.609139,-30.974219],[-71.608526,-30.978646],[-71.61294,-30.981602],[-71.617968,-30.980132],[-71.618581,-30.975706],[-71.62361,-30.974236],[-71.628024,-30.977192],[-71.633053,-30.975721],[-71.633666,-30.971294],[-71.638695,-30.969823],[-71.639308,-30.965396],[-71.634894,-30.96244],[-71.635507,-30.958012],[-71.640535,-30.956541],[-71.641149,-30.952113],[-71.636734,-30.949156],[-71.637348,-30.944728],[-71.642376,-30.943256],[-71.646791,-30.946212],[-71.646177,-30.95064],[-71.650592,-30.953596],[-71.649979,-30.958025],[-71.64495,-30.959497],[-71.644337,-30.963924],[-71.648752,-30.96688],[-71.653781,-30.965408],[-71.656027,-30.966911],[-71.65603,-30.96693],[-71.65597,-30.967],[-71.65586,-30.967],[-71.65562,-30.967],[-71.6555,-30.96704],[-71.65544,-30.96716],[-71.65539,-30.96723],[-71.65532,-30.9673],[-71.65527,-30.96734],[-71.65515,-30.96735],[-71.65493,-30.96732],[-71.65484,-30.96736],[-71.65477,-30.96741],[-71.65467,-30.9675],[-71.65447,-30.96751],[-71.65438,-30.96757],[-71.65425,-30.9676],[-71.65414,-30.96759],[-71.65402,-30.96757],[-71.65395,-30.96756],[-71.65391,-30.96763],[-71.65392,-30.96774],[-71.654,-30.96779],[-71.65409,-30.96787],[-71.65414,-30.9679],[-71.65415,-30.96796],[-71.65409,-30.96802],[-71.65398,-30.96806],[-71.65387,-30.96808],[-71.65375,-30.96813],[-71.6537,-30.96827],[-71.65379,-30.96836],[-71.65378,-30.96853],[-71.6537,-30.96858],[-71.65361,-30.96865],[-71.65354,-30.96869],[-71.65357,-30.96878],[-71.65363,-30.96894],[-71.65362,-30.96904],[-71.65361,-30.9691],[-71.65353,-30.96914],[-71.65342,-30.96918],[-71.65335,-30.9692],[-71.65326,-30.96915],[-71.65307,-30.96908],[-71.65287,-30.96903],[-71.6528,-30.96898],[-71.65259,-30.96889],[-71.65243,-30.96881],[-71.65235,-30.96881],[-71.65232,-30.96886],[-71.65224,-30.96903],[-71.65206,-30.96912],[-71.65195,-30.96919],[-71.65194,-30.96931],[-71.65201,-30.96938],[-71.65205,-30.96952],[-71.65212,-30.96964],[-71.65214,-30.96978],[-71.65208,-30.96986],[-71.65195,-30.96987],[-71.65185,-30.96983],[-71.65173,-30.96982],[-71.6517,-30.96987],[-71.65168,-30.97013],[-71.65175,-30.9702],[-71.65185,-30.97022],[-71.65196,-30.97023],[-71.65202,-30.97023],[-71.65206,-30.97028],[-71.65212,-30.97038],[-71.6521,-30.97049],[-71.65191,-30.9706],[-71.65185,-30.97063],[-71.65181,-30.97068],[-71.65177,-30.9708],[-71.65177,-30.97089],[-71.65174,-30.97094],[-71.65172,-30.971],[-71.65157,-30.97102],[-71.65144,-30.97105],[-71.65139,-30.97114],[-71.65133,-30.97116],[-71.65137,-30.97124],[-71.65143,-30.97128],[-71.65155,-30.97131],[-71.65166,-30.9714],[-71.65176,-30.97148],[-71.65185,-30.97161],[-71.65188,-30.97175],[-71.65185,-30.97189],[-71.65183,-30.97198],[-71.65178,-30.97201],[-71.65175,-30.97211],[-71.65171,-30.97218],[-71.65167,-30.97224],[-71.65164,-30.9723],[-71.65165,-30.97245],[-71.65169,-30.9725],[-71.65175,-30.97253],[-71.65197,-30.97262],[-71.65208,-30.97269],[-71.65217,-30.97279],[-71.65221,-30.97289],[-71.65222,-30.97296],[-71.652175,-30.97304],[-71.65214,-30.97316],[-71.6521,-30.97332],[-71.65212,-30.97342],[-71.65225,-30.97361],[-71.65215,-30.97399],[-71.652149,-30.973992],[-71.65212,-30.97406],[-71.65207,-30.97414],[-71.65196,-30.97427],[-71.65177,-30.97445],[-71.65164,-30.97458],[-71.65145,-30.97472],[-71.65133,-30.97489],[-71.65133,-30.97497],[-71.65138,-30.97501],[-71.6514,-30.9752],[-71.65147,-30.97532],[-71.65152,-30.97539],[-71.65158,-30.97541],[-71.65157,-30.97557],[-71.65154,-30.97562],[-71.6515,-30.97568],[-71.65143,-30.97571],[-71.65125,-30.9757],[-71.65106,-30.97564],[-71.65099,-30.97564],[-71.65086,-30.97568],[-71.65075,-30.97567],[-71.65065,-30.97564],[-71.65054,-30.97556],[-71.65049,-30.97553],[-71.65039,-30.97547],[-71.65027,-30.97546],[-71.65015,-30.97548],[-71.65008,-30.97553],[-71.64997,-30.97561],[-71.649832,-30.975717],[-71.649748,-30.975793],[-71.64968,-30.97588],[-71.64954,-30.97605],[-71.64952,-30.9762],[-71.64948,-30.97634],[-71.649484,-30.976433],[-71.64951,-30.9766],[-71.64952,-30.97672],[-71.64952,-30.97684],[-71.64953,-30.97699],[-71.64954,-30.97713],[-71.64956,-30.97725],[-71.64955,-30.97737],[-71.64954,-30.97751],[-71.64952,-30.97766],[-71.64952,-30.9778],[-71.64953,-30.97792],[-71.64963,-30.97808],[-71.64972,-30.97809],[-71.64977,-30.97813],[-71.64993,-30.97813],[-71.64999,-30.97808],[-71.65009,-30.978],[-71.65017,-30.97789],[-71.65033,-30.97774],[-71.6505,-30.97768],[-71.65061,-30.97774],[-71.65066,-30.97785],[-71.65061,-30.97796],[-71.65058,-30.97809],[-71.6506,-30.97823],[-71.65065,-30.97831],[-71.65068,-30.97847],[-71.65057,-30.97855],[-71.65044,-30.97857],[-71.65033,-30.97861],[-71.65025,-30.97869],[-71.65019,-30.97905],[-71.65013,-30.9791],[-71.65002,-30.97918],[-71.64996,-30.97924],[-71.649944,-30.979274],[-71.646912,-30.980161],[-71.642496,-30.977206],[-71.637468,-30.978677],[-71.636854,-30.983103],[-71.641269,-30.986058],[-71.646298,-30.984588],[-71.650714,-30.987543],[-71.650543,-30.988778],[-71.6505,-30.98878],[-71.65037,-30.98884],[-71.65029,-30.9889],[-71.65022,-30.98896],[-71.65014,-30.98902],[-71.65004,-30.98911],[-71.64992,-30.98935],[-71.64989,-30.98941],[-71.64994,-30.9896],[-71.65002,-30.98968],[-71.65016,-30.98982],[-71.65027,-30.98999],[-71.65033,-30.99015],[-71.650341,-30.990236],[-71.650101,-30.991969],[-71.645071,-30.99344],[-71.644458,-30.997865],[-71.648149,-31.000335],[-71.64813,-31.00052],[-71.6481,-31.00078],[-71.64822,-31.00114],[-71.64848,-31.00153],[-71.64868,-31.00159],[-71.648763,-31.001618],[-71.64826,-31.005245],[-71.64832,-31.005285],[-71.64783,-31.00581],[-71.64756,-31.0061],[-71.6473,-31.00632],[-71.64688,-31.00719],[-71.64638,-31.00803],[-71.64588,-31.00888],[-71.64584,-31.0091],[-71.64585,-31.00939],[-71.64581,-31.00968],[-71.64561,-31.01006],[-71.64546,-31.01047],[-71.64542,-31.01072],[-71.64549,-31.01095],[-71.64564,-31.01118],[-71.64572,-31.01129],[-71.64575,-31.01152],[-71.64579,-31.01224],[-71.64591,-31.01253],[-71.64602,-31.01269],[-71.64626,-31.01278],[-71.6464,-31.01282],[-71.64657,-31.01284],[-71.64674,-31.01291],[-71.64684,-31.01301],[-71.64691,-31.01325],[-71.6471,-31.01341],[-71.64728,-31.01349],[-71.64734,-31.01359],[-71.64742,-31.01374],[-71.64743,-31.01387],[-71.647395,-31.013989],[-71.647033,-31.014095],[-71.642617,-31.01114]]]},"properties":{"comuna":"Ovalle","mancha_id":"04301-88b2e6405dfffff","clase":"Bajo","nivel_medio":0.999,"nivel_medio_min":0.506,"nivel_medio_max":1.495,"pct_alto":19.7,"n_hexagonos":25,"area_ha":1604.84}},{"type":"Feature","geometry":{"type":"Polygon","coordinates":[[[-71.664538,-31.035472],[-71.663473,-31.034759],[-71.663667,-31.033357],[-71.66369,-31.03337],[-71.66387,-31.03351],[-71.66398,-31.03363],[-71.66401,-31.03377],[-71.66401,-31.03396],[-71.66378,-31.03418],[-71.66371,-31.03428],[-71.6637,-31.03436],[-71.66374,-31.03442],[-71.66385,-31.03441],[-71.66395,-31.03436],[-71.66406,-31.03429],[-71.66421,-31.03428],[-71.6643,-31.03432],[-71.66434,-31.03439],[-71.66431,-31.03454],[-71.66417,-31.03469],[-71.664,-31.03489],[-71.66396,-31.03495],[-71.66397,-31.03503],[-71.66403,-31.03509],[-71.66411,-31.03511],[-71.66425,-31.03513],[-71.66444,-31.0351],[-71.664535,-31.03514],[-71.66457,-31.03527],[-71.66455,-31.03546],[-71.664538,-31.035472]]]},"properties":{"comuna":"Ovalle","mancha_id":"04301-88b2e64007fffff","clase":"Bajo","nivel_medio":0.542,"nivel_medio_min":0.542,"nivel_medio_max":0.542,"pct_alto":3.8,"n_hexagonos":1,"area_ha":0.85}},{"type":"Feature","geometry":{"type":"Polygon","coordinates":[[[-71.661849,-31.02884],[-71.659669,-31.027382],[-71.660009,-31.024932],[-71.66026,-31.02497],[-71.66032,-31.02499],[-71.66039,-31.02504],[-71.66049,-31.02512],[-71.66064,-31.02539],[-71.66082,-31.02556],[-71.661,-31.02575],[-71.66104,-31.02585],[-71.66104,-31.02599],[-71.66102,-31.02618],[-71.66095,-31.02641],[-71.66095,-31.0265],[-71.66098,-31.02658],[-71.66107,-31.02665],[-71.66115,-31.02669],[-71.66121,-31.0267],[-71.66132,-31.02676],[-71.66139,-31.02681],[-71.66156,-31.02705],[-71.66164,-31.02719],[-71.66173,-31.02759],[-71.66182,-31.02812],[-71.66185,-31.02882],[-71.661849,-31.02884]]]},"properties":{"comuna":"Ovalle","mancha_id":"04301-88b2e64001fffff","clase":"Bajo","nivel_medio":1.064,"nivel_medio_min":1.064,"nivel_medio_max":1.064,"pct_alto":31.8,"n_hexagonos":1,"area_ha":4.68}},{"type":"Feature","geometry":{"type":"Polygon","coordinates":[[[-71.400714,-30.843934],[-71.40133,-30.839504],[-71.406349,-30.838038],[-71.410753,-30.841003],[-71.410136,-30.845433],[-71.405117,-30.846899],[-71.400714,-30.843934]]]},"properties":{"comuna":"Ovalle","mancha_id":"04301-88b2e61b29fffff","clase":"Bajo","nivel_medio":1.301,"nivel_medio_min":1.301,"nivel_medio_max":1.301,"pct_alto":12.1,"n_hexagonos":1,"area_ha":67.88}},{"type":"Feature","geometry":{"type":"Polygon","coordinates":[[[-71.433481,-30.885359],[-71.429076,-30.882396],[-71.424056,-30.883861],[-71.419651,-30.880898],[-71.420267,-30.87647],[-71.425288,-30.875005],[-71.429692,-30.877968],[-71.434713,-30.876502],[-71.439118,-30.879465],[-71.438502,-30.883894],[-71.433481,-30.885359]]]},"properties":{"comuna":"Ovalle","mancha_id":"04301-88b2e61961fffff","clase":"Bajo","nivel_medio":1.462,"nivel_medio_min":1.447,"nivel_medio_max":1.477,"pct_alto":25.2,"n_hexagonos":2,"area_ha":135.68}},{"type":"Feature","geometry":{"type":"Polygon","coordinates":[[[-71.38953,-30.889683],[-71.390147,-30.885256],[-71.395166,-30.883792],[-71.39957,-30.886756],[-71.398953,-30.891183],[-71.393933,-30.892647],[-71.38953,-30.889683]]]},"properties":{"comuna":"Ovalle","mancha_id":"04301-88b2e61957fffff","clase":"Bajo","nivel_medio":1.001,"nivel_medio_min":1.001,"nivel_medio_max":1.001,"pct_alto":18.0,"n_hexagonos":1,"area_ha":67.81}},{"type":"Feature","geometry":{"type":"Polygon","coordinates":[[[-71.406439,-30.872008],[-71.407055,-30.86758],[-71.412075,-30.866115],[-71.416479,-30.869078],[-71.415863,-30.873507],[-71.410843,-30.874972],[-71.406439,-30.872008]]]},"properties":{"comuna":"Ovalle","mancha_id":"04301-88b2e61941fffff","clase":"Bajo","nivel_medio":1.442,"nivel_medio_min":1.442,"nivel_medio_max":1.442,"pct_alto":9.0,"n_hexagonos":1,"area_ha":67.84}},{"type":"Feature","geometry":{"type":"Polygon","coordinates":[[[-71.4179,-30.894247],[-71.422207,-30.897144],[-71.42203,-30.898413],[-71.421868,-30.898311],[-71.421432,-30.897952],[-71.421022,-30.897464],[-71.420637,-30.896952],[-71.420278,-30.896567],[-71.41997,-30.895977],[-71.41956,-30.895567],[-71.419047,-30.895131],[-71.418611,-30.894798],[-71.418278,-30.894516],[-71.41797,-30.894336],[-71.4179,-30.894247]]]},"properties":{"comuna":"Ovalle","mancha_id":"04301-88b2e61907fffff","clase":"Bajo","nivel_medio":1.031,"nivel_medio_min":1.031,"nivel_medio_max":1.031,"pct_alto":27.4,"n_hexagonos":1,"area_ha":2.68}},{"type":"Feature","geometry":{"type":"Polygon","coordinates":[[[-71.208382,-30.781014],[-71.212351,-30.779859],[-71.213715,-30.780781],[-71.213505,-30.780886],[-71.213007,-30.780952],[-71.212642,-30.781184],[-71.212409,-30.78135],[-71.212044,-30.781516],[-71.211646,-30.781716],[-71.211446,-30.781882],[-71.21128,-30.781981],[-71.211081,-30.78218],[-71.210882,-30.782413],[-71.210616,-30.782878],[-71.210375,-30.783234],[-71.208382,-30.781014]]]},"properties":{"comuna":"Ovalle","mancha_id":"04301-88b2e61317fffff","clase":"Bajo","nivel_medio":1.412,"nivel_medio_min":1.412,"nivel_medio_max":1.412,"pct_alto":14.5,"n_hexagonos":1,"area_ha":8.0}},{"type":"Feature","geometry":{"type":"Polygon","coordinates":[[[-71.219515,-30.769297],[-71.218886,-30.769455],[-71.223613,-30.768078],[-71.224074,-30.768389],[-71.223997,-30.768434],[-71.223632,-30.768633],[-71.223034,-30.768733],[-71.222404,-30.768899],[-71.222005,-30.769065],[-71.221474,-30.769165],[-71.221075,-30.769165],[-71.220777,-30.769198],[-71.220245,-30.769297],[-71.219515,-30.769297]]]},"properties":{"comuna":"Ovalle","mancha_id":"04301-88b2e61303fffff","clase":"Bajo","nivel_medio":1.459,"nivel_medio_min":1.459,"nivel_medio_max":1.459,"pct_alto":2.0,"n_hexagonos":1,"area_ha":1.8}},{"type":"Feature","geometry":{"type":"Polygon","coordinates":[[[-71.219238,-30.774818],[-71.217982,-30.773969],[-71.2186,-30.769538],[-71.218848,-30.769466],[-71.218585,-30.769696],[-71.218585,-30.770128],[-71.218585,-30.770692],[-71.218618,-30.77129],[-71.218652,-30.771721],[-71.218784,-30.772352],[-71.21905,-30.772784],[-71.219216,-30.773282],[-71.219415,-30.77378],[-71.219482,-30.774477],[-71.219238,-30.774818]]]},"properties":{"comuna":"Ovalle","mancha_id":"04301-88b2e61303fffff-2","clase":"Bajo","nivel_medio":1.459,"nivel_medio_min":1.459,"nivel_medio_max":1.459,"pct_alto":2.0,"n_hexagonos":1,"area_ha":3.25}},{"type":"Feature","geometry":{"type":"Polygon","coordinates":[[[-71.131494,-30.773638],[-71.135885,-30.776611],[-71.140895,-30.775154],[-71.14112,-30.775306],[-71.14076,-30.775456],[-71.140019,-30.775848],[-71.13919,-30.776284],[-71.138318,-30.7772],[-71.137839,-30.777767],[-71.137577,-30.778072],[-71.137417,-30.778217],[-71.137291,-30.778348],[-71.137234,-30.778451],[-71.137207,-30.778678],[-71.137165,-30.7789],[-71.137099,-30.779032],[-71.136487,-30.779555],[-71.135829,-30.78009],[-71.135339,-30.780514],[-71.135093,-30.780725],[-71.134568,-30.781081],[-71.134468,-30.781271],[-71.132022,-30.781982],[-71.131822,-30.781582],[-71.131414,-30.780792],[-71.131046,-30.780291],[-71.130612,-30.779889],[-71.130043,-30.779755],[-71.129474,-30.779923],[-71.128906,-30.780525],[-71.128337,-30.780959],[-71.128013,-30.780977],[-71.127729,-30.780993],[-71.127086,-30.780699],[-71.126551,-30.780351],[-71.126096,-30.780003],[-71.12571,-30.779568],[-71.125865,-30.779523],[-71.126484,-30.775095],[-71.131494,-30.773638]]]},"properties":{"comuna":"Ovalle","mancha_id":"04301-88b2e612c5fffff","clase":"Bajo","nivel_medio":1.347,"nivel_medio_min":0.639,"nivel_medio_max":1.41,"pct_alto":22.2,"n_hexagonos":3,"area_ha":70.83}},{"type":"Feature","geometry":{"type":"Polygon","coordinates":[[[-71.184075,-30.741337],[-71.184693,-30.736905],[-71.189704,-30.735445],[-71.194097,-30.738417],[-71.193478,-30.742849],[-71.188467,-30.744309],[-71.184075,-30.741337]]]},"properties":{"comuna":"Ovalle","mancha_id":"04301-88b2e6126dfffff","clase":"Bajo","nivel_medio":1.47,"nivel_medio_min":1.47,"nivel_medio_max":1.47,"pct_alto":2.3,"n_hexagonos":1,"area_ha":67.86}},{"type":"Feature","geometry":{"type":"Polygon","coordinates":[[[-71.157784,-30.757493],[-71.158403,-30.753063],[-71.163413,-30.751605],[-71.167805,-30.754577],[-71.172815,-30.753118],[-71.177207,-30.75609],[-71.176588,-30.760521],[-71.171577,-30.761979],[-71.167186,-30.759007],[-71.162175,-30.760466],[-71.161559,-30.764874],[-71.161321,-30.764874],[-71.160546,-30.76491],[-71.160008,-30.764965],[-71.15943,-30.765072],[-71.158981,-30.765179],[-71.158271,-30.765275],[-71.157761,-30.765329],[-71.157397,-30.765436],[-71.156905,-30.765586],[-71.156562,-30.765693],[-71.156241,-30.765843],[-71.156063,-30.766027],[-71.152154,-30.763381],[-71.147144,-30.764839],[-71.146524,-30.769268],[-71.141514,-30.770725],[-71.137124,-30.767753],[-71.132114,-30.769209],[-71.127723,-30.766237],[-71.128343,-30.761808],[-71.123953,-30.758835],[-71.118944,-30.760291],[-71.114554,-30.757318],[-71.109545,-30.758774],[-71.105156,-30.755801],[-71.105776,-30.751371],[-71.101387,-30.748398],[-71.102007,-30.743968],[-71.097618,-30.740994],[-71.09261,-30.74245],[-71.088222,-30.739476],[-71.083214,-30.740931],[-71.082594,-30.745361],[-71.077586,-30.746816],[-71.073199,-30.743842],[-71.073819,-30.739412],[-71.069432,-30.736438],[-71.070052,-30.732008],[-71.065665,-30.729033],[-71.066285,-30.724603],[-71.061899,-30.721628],[-71.062519,-30.717197],[-71.067526,-30.715741],[-71.068146,-30.71131],[-71.063759,-30.708335],[-71.064379,-30.703904],[-71.069386,-30.702448],[-71.073773,-30.705423],[-71.073153,-30.709854],[-71.07754,-30.71283],[-71.082547,-30.711373],[-71.083167,-30.706942],[-71.07878,-30.703966],[-71.0794,-30.699535],[-71.075013,-30.696559],[-71.075633,-30.692127],[-71.08064,-30.69067],[-71.08126,-30.686237],[-71.076873,-30.683261],[-71.077493,-30.678828],[-71.082499,-30.67737],[-71.086886,-30.680346],[-71.086266,-30.684779],[-71.090653,-30.687755],[-71.090034,-30.692188],[-71.094421,-30.695163],[-71.093801,-30.699596],[-71.088794,-30.701053],[-71.088174,-30.705485],[-71.092562,-30.70846],[-71.091942,-30.712891],[-71.086934,-30.714348],[-71.086314,-30.718779],[-71.081307,-30.720236],[-71.080687,-30.724666],[-71.085074,-30.727641],[-71.084454,-30.732071],[-71.088842,-30.735046],[-71.09385,-30.73359],[-71.09447,-30.729159],[-71.099478,-30.727703],[-71.100098,-30.723272],[-71.105106,-30.721815],[-71.109494,-30.724789],[-71.114503,-30.723332],[-71.118892,-30.726306],[-71.118272,-30.730737],[-71.113263,-30.732194],[-71.112644,-30.736625],[-71.117033,-30.739598],[-71.122042,-30.738141],[-71.126431,-30.741115],[-71.13144,-30.739657],[-71.13583,-30.74263],[-71.14084,-30.741173],[-71.14523,-30.744146],[-71.144611,-30.748576],[-71.149002,-30.751549],[-71.148382,-30.755979],[-71.152773,-30.758951],[-71.157784,-30.757493]]]},"properties":{"comuna":"Ovalle","mancha_id":"04301-88b2e61201fffff","clase":"Bajo","nivel_medio":1.177,"nivel_medio_min":0.642,"nivel_medio_max":1.488,"pct_alto":7.8,"n_hexagonos":41,"area_ha":2777.38}},{"type":"Feature","geometry":{"type":"Polygon","coordinates":[[[-71.691626,-30.481165],[-71.692238,-30.476708],[-71.696854,-30.475336],[-71.69691,-30.47542],[-71.69701,-30.47553],[-71.69714,-30.47563],[-71.69722,-30.47569],[-71.69735,-30.47572],[-71.69757,-30.47571],[-71.69779,-30.47571],[-71.69793,-30.47573],[-71.69802,-30.47578],[-71.69805,-30.47584],[-71.69806,-30.47594],[-71.69806,-30.47601],[-71.69812,-30.47607],[-71.69824,-30.47614],[-71.6984,-30.47616],[-71.69851,-30.47619],[-71.6986,-30.47624],[-71.6987,-30.47633],[-71.69875,-30.47645],[-71.69882,-30.47652],[-71.69896,-30.47664],[-71.6991,-30.47677],[-71.69926,-30.47687],[-71.6994,-30.477],[-71.69948,-30.47713],[-71.69952,-30.47726],[-71.69958,-30.47743],[-71.69958,-30.47756],[-71.6996,-30.47768],[-71.6996,-30.4778],[-71.69952,-30.47789],[-71.69942,-30.47796],[-71.69933,-30.47798],[-71.69921,-30.47797],[-71.69907,-30.47793],[-71.69892,-30.47778],[-71.69881,-30.47759],[-71.69867,-30.47745],[-71.69858,-30.47738],[-71.69852,-30.47736],[-71.69844,-30.47734],[-71.69834,-30.47735],[-71.69824,-30.47742],[-71.6982,-30.47751],[-71.69813,-30.47757],[-71.69801,-30.47762],[-71.69789,-30.47764],[-71.69777,-30.47766],[-71.69768,-30.4777],[-71.69764,-30.47778],[-71.69754,-30.4779],[-71.69741,-30.47803],[-71.6973,-30.47813],[-71.69713,-30.47821],[-71.69702,-30.47825],[-71.69686,-30.47828],[-71.69661,-30.47828],[-71.69623,-30.47828],[-71.69607,-30.47828],[-71.69579,-30.47829],[-71.69568,-30.47832],[-71.69554,-30.47841],[-71.69548,-30.47848],[-71.69544,-30.47857],[-71.69547,-30.47866],[-71.69555,-30.47877],[-71.69562,-30.47893],[-71.69583,-30.47922],[-71.69591,-30.47947],[-71.69598,-30.47969],[-71.69606,-30.4799],[-71.69606,-30.48],[-71.69604,-30.48054],[-71.69603,-30.48087],[-71.69606,-30.48107],[-71.69613,-30.48124],[-71.69619,-30.48135],[-71.69621,-30.48144],[-71.69621,-30.48161],[-71.69624,-30.48175],[-71.69629,-30.48186],[-71.69639,-30.482],[-71.69653,-30.48214],[-71.69656,-30.48222],[-71.69657,-30.48234],[-71.69658,-30.4825],[-71.69654,-30.48259],[-71.69645,-30.48275],[-71.69629,-30.48305],[-71.69621,-30.48327],[-71.69616,-30.48343],[-71.69613,-30.48354],[-71.69613,-30.48365],[-71.69619,-30.48395],[-71.696221,-30.484077],[-71.696035,-30.484132],[-71.691626,-30.481165]]]},"properties":{"comuna":"Ovalle","mancha_id":"04301-88b21baec9fffff","clase":"Bajo","nivel_medio":1.292,"nivel_medio_min":1.292,"nivel_medio_max":1.292,"pct_alto":41.9,"n_hexagonos":1,"area_ha":36.29}},{"type":"Feature","geometry":{"type":"Polygon","coordinates":[[[-71.689791,-30.494537],[-71.690403,-30.49008],[-71.693809,-30.489068],[-71.69381,-30.48909],[-71.69387,-30.48942],[-71.694,-30.49006],[-71.69403,-30.49028],[-71.69406,-30.49061],[-71.69405,-30.49146],[-71.69408,-30.49172],[-71.69399,-30.49195],[-71.69386,-30.49209],[-71.69356,-30.49224],[-71.69312,-30.49239],[-71.69288,-30.49253],[-71.69197,-30.49318],[-71.69158,-30.49346],[-71.69131,-30.49364],[-71.69119,-30.49376],[-71.69115,-30.49389],[-71.69113,-30.49402],[-71.6911,-30.49417],[-71.69092,-30.49431],[-71.69041,-30.49458],[-71.69012,-30.49474],[-71.690107,-30.49475],[-71.689791,-30.494537]]]},"properties":{"comuna":"Ovalle","mancha_id":"04301-88b21baec3fffff","clase":"Bajo","nivel_medio":1.355,"nivel_medio_min":1.355,"nivel_medio_max":1.355,"pct_alto":42.5,"n_hexagonos":1,"area_ha":15.23}},{"type":"Feature","geometry":{"type":"Polygon","coordinates":[[[-71.689917,-30.528693],[-71.690529,-30.524238],[-71.693924,-30.523231],[-71.69393,-30.52341],[-71.69386,-30.52359],[-71.69376,-30.52388],[-71.69366,-30.52424],[-71.69358,-30.52454],[-71.69332,-30.52484],[-71.69295,-30.52519],[-71.69291,-30.52526],[-71.69288,-30.52531],[-71.69283,-30.52556],[-71.69283,-30.52635],[-71.69283,-30.52683],[-71.69277,-30.52709],[-71.69262,-30.52737],[-71.69255,-30.52762],[-71.69265,-30.52786],[-71.69283,-30.5282],[-71.69295,-30.52866],[-71.69301,-30.52909],[-71.69309,-30.52976],[-71.69304,-30.53018],[-71.69297,-30.53048],[-71.69306,-30.53071],[-71.693145,-30.530863],[-71.689917,-30.528693]]]},"properties":{"comuna":"Ovalle","mancha_id":"04301-88b21baebbfffff","clase":"Bajo","nivel_medio":1.153,"nivel_medio_min":1.153,"nivel_medio_max":1.153,"pct_alto":35.7,"n_hexagonos":1,"area_ha":17.94}},{"type":"Feature","geometry":{"type":"Polygon","coordinates":[[[-71.687955,-30.507906],[-71.688567,-30.50345],[-71.690299,-30.502936],[-71.69029,-30.503],[-71.69026,-30.50321],[-71.69019,-30.50332],[-71.69014,-30.50373],[-71.69038,-30.504],[-71.69052,-30.50439],[-71.69061,-30.50461],[-71.69046,-30.50495],[-71.69047,-30.50517],[-71.69048,-30.50541],[-71.69033,-30.50557],[-71.69026,-30.50581],[-71.69012,-30.50597],[-71.68989,-30.50608],[-71.6898,-30.50632],[-71.68974,-30.50685],[-71.68986,-30.507],[-71.68997,-30.50725],[-71.69004,-30.50748],[-71.69011,-30.50758],[-71.69016,-30.50765],[-71.69027,-30.50771],[-71.69057,-30.50768],[-71.69094,-30.50783],[-71.69104,-30.507915],[-71.69125,-30.50809],[-71.69147,-30.50825],[-71.69178,-30.50854],[-71.69196,-30.50877],[-71.69199,-30.50895],[-71.69196,-30.50914],[-71.69198,-30.50931],[-71.69204,-30.50948],[-71.69199,-30.5096],[-71.69188,-30.50976],[-71.69188,-30.51002],[-71.69187,-30.51022],[-71.69209,-30.51055],[-71.6922,-30.51074],[-71.692242,-30.510789],[-71.687955,-30.507906]]]},"properties":{"comuna":"Ovalle","mancha_id":"04301-88b21bae8bfffff","clase":"Bajo","nivel_medio":0.869,"nivel_medio_min":0.869,"nivel_medio_max":0.869,"pct_alto":26.9,"n_hexagonos":1,"area_ha":15.09}},{"type":"Feature","geometry":{"type":"Polygon","coordinates":[[[-71.69188,-30.549474],[-71.692492,-30.54502],[-71.694566,-30.544405],[-71.69463,-30.54456],[-71.6955,-30.54559],[-71.69575,-30.54582],[-71.69582,-30.54595],[-71.69603,-30.54617],[-71.6963,-30.54637],[-71.69682,-30.54662],[-71.69698,-30.54679],[-71.6972,-30.54683],[-71.69738,-30.54674],[-71.69769,-30.54666],[-71.69787,-30.54669],[-71.69813,-30.54674],[-71.69841,-30.54687],[-71.69858,-30.54699],[-71.69874,-30.54709],[-71.69898,-30.54711],[-71.69923,-30.5472],[-71.69937,-30.54732],[-71.69944,-30.5475],[-71.69958,-30.54765],[-71.69974,-30.54762],[-71.69984,-30.54761],[-71.69998,-30.5477],[-71.70013,-30.54789],[-71.70032,-30.54804],[-71.70044,-30.54831],[-71.70053,-30.54849],[-71.7008,-30.5486],[-71.70098,-30.54879],[-71.70104,-30.54899],[-71.70114,-30.549026],[-71.70136,-30.54901],[-71.701568,-30.549089],[-71.701312,-30.55095],[-71.69629,-30.552439],[-71.69188,-30.549474]]]},"properties":{"comuna":"Ovalle","mancha_id":"04301-88b21bacdbfffff","clase":"Bajo","nivel_medio":1.438,"nivel_medio_min":1.438,"nivel_medio_max":1.438,"pct_alto":45.2,"n_hexagonos":1,"area_ha":49.74}},{"type":"Feature","geometry":{"type":"Polygon","coordinates":[[[-71.540735,-30.423321],[-71.541349,-30.418862],[-71.546364,-30.417375],[-71.550766,-30.420346],[-71.550152,-30.424804],[-71.545137,-30.426292],[-71.540735,-30.423321]]]},"properties":{"comuna":"Ovalle","mancha_id":"04301-88b21ba6c7fffff","clase":"Bajo","nivel_medio":1.486,"nivel_medio_min":1.486,"nivel_medio_max":1.486,"pct_alto":37.5,"n_hexagonos":1,"area_ha":68.53}},{"type":"Feature","geometry":{"type":"Polygon","coordinates":[[[-71.550261,-30.458975],[-71.550874,-30.454519],[-71.55589,-30.453032],[-71.560293,-30.456002],[-71.55968,-30.460458],[-71.554664,-30.461945],[-71.550261,-30.458975]]]},"properties":{"comuna":"Ovalle","mancha_id":"04301-88b21ba6b5fffff","clase":"Bajo","nivel_medio":0.924,"nivel_medio_min":0.924,"nivel_medio_max":0.924,"pct_alto":28.0,"n_hexagonos":1,"area_ha":68.49}},{"type":"Feature","geometry":{"type":"Polygon","coordinates":[[[-71.548312,-30.438178],[-71.548926,-30.43372],[-71.553941,-30.432233],[-71.558344,-30.435204],[-71.56336,-30.433716],[-71.567763,-30.436686],[-71.572779,-30.435199],[-71.577183,-30.438169],[-71.57657,-30.442626],[-71.571553,-30.444114],[-71.56715,-30.441144],[-71.562133,-30.442631],[-71.56152,-30.447089],[-71.556504,-30.448575],[-71.552101,-30.445605],[-71.552715,-30.441148],[-71.548312,-30.438178]]]},"properties":{"comuna":"Ovalle","mancha_id":"04301-88b21ba685fffff","clase":"Bajo","nivel_medio":1.001,"nivel_medio_min":0.689,"nivel_medio_max":1.424,"pct_alto":27.7,"n_hexagonos":4,"area_ha":274.07}},{"type":"Feature","geometry":{"type":"Polygon","coordinates":[[[-71.544738,-30.499069],[-71.545352,-30.494615],[-71.550369,-30.49313],[-71.554772,-30.496099],[-71.554159,-30.500553],[-71.549142,-30.502038],[-71.544738,-30.499069]]]},"properties":{"comuna":"Ovalle","mancha_id":"04301-88b21ba491fffff","clase":"Bajo","nivel_medio":1.466,"nivel_medio_min":1.466,"nivel_medio_max":1.466,"pct_alto":18.0,"n_hexagonos":1,"area_ha":68.43}},{"type":"Feature","geometry":{"type":"Polygon","coordinates":[[[-71.666766,-30.381599],[-71.667377,-30.377135],[-71.672395,-30.375641],[-71.676802,-30.37861],[-71.67619,-30.383073],[-71.671172,-30.384568],[-71.666766,-30.381599]]]},"properties":{"comuna":"Ovalle","mancha_id":"04301-88b21ba297fffff","clase":"Bajo","nivel_medio":1.286,"nivel_medio_min":1.286,"nivel_medio_max":1.286,"pct_alto":40.9,"n_hexagonos":1,"area_ha":68.67}},{"type":"Feature","geometry":{"type":"Polygon","coordinates":[[[-71.67997,-30.35614],[-71.67993,-30.35621],[-71.679862,-30.356278],[-71.679846,-30.356294],[-71.674842,-30.357785],[-71.670436,-30.354815],[-71.671048,-30.35035],[-71.666642,-30.34738],[-71.666934,-30.345247],[-71.667175,-30.345268],[-71.667496,-30.345297],[-71.667959,-30.345287],[-71.668394,-30.345259],[-71.668932,-30.345221],[-71.66996,-30.34507],[-71.669973,-30.345099],[-71.67001,-30.34518],[-71.67008,-30.34526],[-71.67018,-30.34533],[-71.67024,-30.34538],[-71.6703,-30.34548],[-71.67033,-30.34558],[-71.67038,-30.34567],[-71.67043,-30.34577],[-71.67053,-30.34585],[-71.67065,-30.34595],[-71.67075,-30.34599],[-71.67081,-30.34599],[-71.67087,-30.34595],[-71.67095,-30.3459],[-71.67105,-30.34587],[-71.67118,-30.34587],[-71.67125,-30.34589],[-71.67135,-30.34589],[-71.67144,-30.34588],[-71.67153,-30.34587],[-71.67164,-30.34585],[-71.67175,-30.34578],[-71.67184,-30.34572],[-71.67193,-30.34569],[-71.67217,-30.34567],[-71.67232,-30.34564],[-71.67237,-30.3456],[-71.67245,-30.34558],[-71.67258,-30.34561],[-71.67265,-30.34563],[-71.67276,-30.34562],[-71.67284,-30.34555],[-71.67291,-30.3455],[-71.67301,-30.34551],[-71.67306,-30.34561],[-71.67307,-30.34574],[-71.67309,-30.34587],[-71.67314,-30.34593],[-71.67322,-30.346],[-71.67326,-30.34605],[-71.67328,-30.34612],[-71.67329,-30.34624],[-71.67328,-30.34634],[-71.67326,-30.3464],[-71.67319,-30.34652],[-71.67313,-30.34664],[-71.67311,-30.34676],[-71.6731,-30.34688],[-71.67311,-30.34699],[-71.67311,-30.34711],[-71.67312,-30.34718],[-71.67317,-30.34721],[-71.67328,-30.34722],[-71.67335,-30.34718],[-71.67341,-30.34716],[-71.67351,-30.34717],[-71.67359,-30.34722],[-71.67367,-30.34728],[-71.67376,-30.34733],[-71.6738,-30.34738],[-71.67382,-30.34746],[-71.67379,-30.34758],[-71.67373,-30.34771],[-71.67367,-30.34787],[-71.67366,-30.34799],[-71.67364,-30.34818],[-71.67365,-30.34827],[-71.67366,-30.34837],[-71.67369,-30.34845],[-71.67377,-30.34853],[-71.6739,-30.3486],[-71.67402,-30.34866],[-71.67414,-30.3487],[-71.6742,-30.34875],[-71.6742,-30.34884],[-71.67417,-30.34892],[-71.67412,-30.34904],[-71.67408,-30.34916],[-71.67412,-30.34925],[-71.67422,-30.34933],[-71.674257,-30.349394],[-71.67426,-30.3494],[-71.67427,-30.34947],[-71.67427,-30.34957],[-71.67422,-30.34968],[-71.67417,-30.34977],[-71.67415,-30.34985],[-71.67415,-30.34994],[-71.67415,-30.35002],[-71.67413,-30.35016],[-71.67416,-30.35022],[-71.67423,-30.35028],[-71.6743,-30.35033],[-71.67433,-30.35038],[-71.67433,-30.35048],[-71.67435,-30.35092],[-71.67439,-30.35106],[-71.67443,-30.35118],[-71.6745,-30.35128],[-71.6746,-30.35139],[-71.67476,-30.35153],[-71.67489,-30.35161],[-71.67496,-30.35164],[-71.67506,-30.35165],[-71.6752,-30.35164],[-71.6753,-30.35161],[-71.67537,-30.35158],[-71.6758,-30.35124],[-71.67593,-30.35105],[-71.67598,-30.35092],[-71.67603,-30.35082],[-71.67609,-30.35077],[-71.67615,-30.35073],[-71.67637,-30.35062],[-71.67658,-30.35043],[-71.67673,-30.35028],[-71.67689,-30.35014],[-71.67711,-30.34996],[-71.6772,-30.34986],[-71.67724,-30.34976],[-71.677273,-30.349669],[-71.67728,-30.34965],[-71.67732,-30.34957],[-71.6774,-30.34952],[-71.677514,-30.34949],[-71.67759,-30.34947],[-71.67765,-30.34944],[-71.67774,-30.3494],[-71.67786,-30.34932],[-71.67788,-30.34921],[-71.67788,-30.34911],[-71.67791,-30.34903],[-71.67794,-30.34895],[-71.67795,-30.34889],[-71.67792,-30.34883],[-71.67785,-30.34871],[-71.67783,-30.34856],[-71.67793,-30.34832],[-71.67811,-30.34818],[-71.67841,-30.34786],[-71.67848,-30.34771],[-71.67851,-30.34755],[-71.67855,-30.34744],[-71.67867,-30.34733],[-71.67877,-30.34723],[-71.67884,-30.34714],[-71.67891,-30.34702],[-71.67891,-30.34691],[-71.67894,-30.34679],[-71.67903,-30.34659],[-71.67913,-30.34647],[-71.67923,-30.34642],[-71.67931,-30.34643],[-71.67938,-30.34647],[-71.67946,-30.34659],[-71.67954,-30.3467],[-71.6796,-30.3468],[-71.67968,-30.34691],[-71.67972,-30.34696],[-71.67981,-30.34697],[-71.67994,-30.3469],[-71.68033,-30.34673],[-71.68052,-30.3467],[-71.68065,-30.3467],[-71.68076,-30.34671],[-71.68087,-30.34676],[-71.68094,-30.34682],[-71.68096,-30.34691],[-71.68096,-30.34699],[-71.68091,-30.34709],[-71.68081,-30.34719],[-71.6807,-30.34727],[-71.68054,-30.34733],[-71.68044,-30.3474],[-71.68032,-30.34749],[-71.6803,-30.34755],[-71.68027,-30.34772],[-71.6803,-30.34797],[-71.68033,-30.3481],[-71.68035,-30.34819],[-71.68035,-30.34828],[-71.68033,-30.34838],[-71.68026,-30.34848],[-71.68017,-30.3486],[-71.68008,-30.34876],[-71.68006,-30.34884],[-71.68005,-30.34893],[-71.68007,-30.34901],[-71.68014,-30.34911],[-71.68025,-30.34923],[-71.6803,-30.34928],[-71.68033,-30.34934],[-71.68036,-30.34947],[-71.6804,-30.34953],[-71.68054,-30.34959],[-71.68066,-30.34967],[-71.68081,-30.34979],[-71.68093,-30.34985],[-71.68098,-30.34991],[-71.68102,-30.35001],[-71.68103,-30.35011],[-71.68104,-30.35019],[-71.68109,-30.35028],[-71.68112,-30.35037],[-71.68112,-30.35058],[-71.68114,-30.35065],[-71.68121,-30.35072],[-71.68133,-30.35079],[-71.6814,-30.35084],[-71.68143,-30.35094],[-71.68141,-30.35107],[-71.6814,-30.35116],[-71.6814,-30.35123],[-71.68147,-30.35134],[-71.68153,-30.35146],[-71.681547,-30.351504],[-71.68156,-30.35154],[-71.68156,-30.35164],[-71.68153,-30.35174],[-71.6815,-30.35184],[-71.68141,-30.352],[-71.68137,-30.35213],[-71.68137,-30.35222],[-71.68138,-30.35228],[-71.68143,-30.35235],[-71.68152,-30.3524],[-71.6816,-30.35247],[-71.68167,-30.35253],[-71.68173,-30.35263],[-71.68174,-30.35272],[-71.6818,-30.35278],[-71.68189,-30.35283],[-71.68203,-30.3529],[-71.68207,-30.35296],[-71.6821,-30.35302],[-71.68212,-30.35311],[-71.68211,-30.3532],[-71.6821,-30.35327],[-71.68212,-30.35334],[-71.68217,-30.35341],[-71.68219,-30.35348],[-71.6822,-30.35357],[-71.68217,-30.35362],[-71.68214,-30.35367],[-71.68206,-30.35369],[-71.68197,-30.3537],[-71.68186,-30.35367],[-71.68178,-30.35367],[-71.68168,-30.35371],[-71.68158,-30.35378],[-71.68147,-30.35384],[-71.68139,-30.35388],[-71.6813,-30.35389],[-71.68117,-30.35388],[-71.68101,-30.35386],[-71.68085,-30.35386],[-71.68072,-30.35388],[-71.68067,-30.35394],[-71.68062,-30.35407],[-71.68066,-30.35413],[-71.68073,-30.35422],[-71.68075,-30.35431],[-71.68074,-30.35439],[-71.68077,-30.35447],[-71.68083,-30.35454],[-71.68094,-30.35469],[-71.68103,-30.35478],[-71.68109,-30.35491],[-71.68111,-30.35501],[-71.68111,-30.35511],[-71.68111,-30.35524],[-71.68108,-30.35534],[-71.68101,-30.35545],[-71.68092,-30.35549],[-71.68084,-30.3555],[-71.6807,-30.35546],[-71.68052,-30.35541],[-71.68042,-30.3554],[-71.68027,-30.35542],[-71.68019,-30.35543],[-71.68013,-30.35552],[-71.68011,-30.35559],[-71.6801,-30.35568],[-71.68005,-30.35575],[-71.67996,-30.35581],[-71.679922,-30.355837],[-71.67989,-30.35586],[-71.67986,-30.35594],[-71.679901,-30.355994],[-71.67992,-30.35602],[-71.67997,-30.35607],[-71.67997,-30.35614]]]},"properties":{"comuna":"Ovalle","mancha_id":"04301-88b21ba289fffff","clase":"Bajo","nivel_medio":1.054,"nivel_medio_min":0.56,"nivel_medio_max":1.478,"pct_alto":31.9,"n_hexagonos":4,"area_ha":107.76}},{"type":"Feature","geometry":{"type":"Polygon","coordinates":[[[-71.688646,-30.406087],[-71.687577,-30.405367],[-71.687831,-30.403508],[-71.68791,-30.4034],[-71.68799,-30.40333],[-71.68812,-30.4033],[-71.6882,-30.40332],[-71.68829,-30.40337],[-71.68838,-30.40345],[-71.68842,-30.40355],[-71.68846,-30.40365],[-71.68854,-30.40372],[-71.68864,-30.40379],[-71.68874,-30.40381],[-71.68887,-30.40383],[-71.68895,-30.40387],[-71.689,-30.40393],[-71.689,-30.404],[-71.68901,-30.40412],[-71.68896,-30.40427],[-71.68893,-30.40437],[-71.68883,-30.40451],[-71.68873,-30.40461],[-71.68862,-30.40463],[-71.68851,-30.40464],[-71.68844,-30.40465],[-71.68836,-30.40468],[-71.68831,-30.40472],[-71.68828,-30.40478],[-71.68827,-30.40485],[-71.6883,-30.40492],[-71.68837,-30.40499],[-71.68839,-30.40506],[-71.68837,-30.40514],[-71.68833,-30.40522],[-71.68827,-30.40529],[-71.68823,-30.40535],[-71.6882,-30.40543],[-71.68821,-30.40551],[-71.68825,-30.4056],[-71.6883,-30.40566],[-71.68841,-30.40571],[-71.68854,-30.40578],[-71.68862,-30.40585],[-71.68865,-30.40592],[-71.68864,-30.40605],[-71.688646,-30.406087]]]},"properties":{"comuna":"Ovalle","mancha_id":"04301-88b21ba0d1fffff","clase":"Bajo","nivel_medio":1.493,"nivel_medio_min":1.493,"nivel_medio_max":1.493,"pct_alto":46.7,"n_hexagonos":1,"area_ha":2.14}},{"type":"Feature","geometry":{"type":"Polygon","coordinates":[[[-71.70452,-30.791105],[-71.702209,-30.789556],[-71.702821,-30.785116],[-71.705649,-30.784283],[-71.70564,-30.78442],[-71.70565,-30.78456],[-71.70571,-30.7847],[-71.70572,-30.78499],[-71.7057,-30.78513],[-71.70566,-30.78528],[-71.70559,-30.78571],[-71.70562,-30.78585],[-71.70566,-30.78593],[-71.70569,-30.78599],[-71.70575,-30.78613],[-71.70574,-30.78628],[-71.70576,-30.78634],[-71.70577,-30.78642],[-71.70579,-30.78649],[-71.70585,-30.78658],[-71.70588,-30.78671],[-71.70599,-30.78678],[-71.70604,-30.78682],[-71.70619,-30.78694],[-71.70627,-30.78705],[-71.70629,-30.78713],[-71.70634,-30.78717],[-71.70634,-30.78746],[-71.70639,-30.7876],[-71.70646,-30.78775],[-71.70658,-30.78806],[-71.70656,-30.78817],[-71.70649,-30.78822],[-71.70645,-30.7883],[-71.70634,-30.78847],[-71.70632,-30.78853],[-71.70631,-30.78861],[-71.70635,-30.78873],[-71.70635,-30.78879],[-71.70641,-30.78881],[-71.70644,-30.78889],[-71.70643,-30.78904],[-71.70645,-30.78918],[-71.70646,-30.78924],[-71.70652,-30.78929],[-71.70658,-30.78938],[-71.70658,-30.78951],[-71.70657,-30.78966],[-71.70655,-30.7898],[-71.70651,-30.78994],[-71.70641,-30.79023],[-71.70631,-30.7904],[-71.70629,-30.79047],[-71.70622,-30.79052],[-71.70607,-30.79067],[-71.70593,-30.79079],[-71.70568,-30.79095],[-71.70563,-30.79098],[-71.70549,-30.79103],[-71.70535,-30.79109],[-71.70521,-30.79114],[-71.70495,-30.79116],[-71.70477,-30.79115],[-71.70452,-30.791105]]]},"properties":{"comuna":"Ovalle","mancha_id":"04301-88b21b26d1fffff","clase":"Bajo","nivel_medio":0.844,"nivel_medio_min":0.844,"nivel_medio_max":0.844,"pct_alto":23.1,"n_hexagonos":1,"area_ha":23.11}},{"type":"Feature","geometry":{"type":"Polygon","coordinates":[[[-71.70999,-30.79022],[-71.71,-30.79035],[-71.70993,-30.79042],[-71.70978,-30.79042],[-71.70969,-30.7903],[-71.70968,-30.79021],[-71.70971,-30.79012],[-71.70983,-30.7901],[-71.70989,-30.79011],[-71.70995,-30.79016],[-71.70999,-30.79022]]]},"properties":{"comuna":"Ovalle","mancha_id":"04301-88b21b26d1fffff-2","clase":"Bajo","nivel_medio":0.844,"nivel_medio_min":0.844,"nivel_medio_max":0.844,"pct_alto":23.1,"n_hexagonos":1,"area_ha":0.09}},{"type":"Feature","geometry":{"type":"Polygon","coordinates":[[[-71.70109,-30.79846],[-71.700957,-30.798631],[-71.700984,-30.798434],[-71.701171,-30.798379],[-71.70109,-30.79846]]]},"properties":{"comuna":"Ovalle","mancha_id":"04301-88b21b2699fffff","clase":"Bajo","nivel_medio":0.626,"nivel_medio_min":0.626,"nivel_medio_max":0.626,"pct_alto":10.2,"n_hexagonos":1,"area_ha":0.02}},{"type":"Feature","geometry":{"type":"Polygon","coordinates":[[[-71.70167,-30.80351],[-71.701661,-30.803736],[-71.700372,-30.802872],[-71.700875,-30.79923],[-71.70092,-30.79925],[-71.70101,-30.7993],[-71.70109,-30.79937],[-71.7012,-30.79946],[-71.70128,-30.79957],[-71.7013,-30.79971],[-71.70128,-30.79983],[-71.70132,-30.79997],[-71.70136,-30.80002],[-71.70141,-30.80009],[-71.70145,-30.80021],[-71.70144,-30.80033],[-71.70146,-30.80047],[-71.70145,-30.80059],[-71.70148,-30.80074],[-71.7015,-30.80086],[-71.70145,-30.80099],[-71.70138,-30.80112],[-71.70136,-30.80126],[-71.70137,-30.80135],[-71.70139,-30.80141],[-71.70143,-30.80153],[-71.70153,-30.80162],[-71.70163,-30.80169],[-71.7017,-30.80178],[-71.70183,-30.80192],[-71.70195,-30.80209],[-71.70206,-30.80221],[-71.70216,-30.80232],[-71.70225,-30.80244],[-71.70251,-30.80268],[-71.70258,-30.80279],[-71.70272,-30.80296],[-71.70275,-30.80312],[-71.70278,-30.80324],[-71.7028,-30.80336],[-71.7028,-30.80347],[-71.7026,-30.80353],[-71.70253,-30.80353],[-71.7023,-30.80342],[-71.70212,-30.80339],[-71.70193,-30.80338],[-71.70178,-30.80338],[-71.70173,-30.80343],[-71.70167,-30.80351]]]},"properties":{"comuna":"Ovalle","mancha_id":"04301-88b21b2699fffff-2","clase":"Bajo","nivel_medio":0.626,"nivel_medio_min":0.626,"nivel_medio_max":0.626,"pct_alto":10.2,"n_hexagonos":1,"area_ha":5.09}},{"type":"Feature","geometry":{"type":"Polygon","coordinates":[[[-71.232418,-30.463088],[-71.233035,-30.458638],[-71.238042,-30.457165],[-71.242432,-30.460143],[-71.241815,-30.464592],[-71.236807,-30.466065],[-71.232418,-30.463088]]]},"properties":{"comuna":"Ovalle","mancha_id":"04301-88b2196eb3fffff","clase":"Bajo","nivel_medio":1.177,"nivel_medio_min":1.177,"nivel_medio_max":1.177,"pct_alto":17.1,"n_hexagonos":1,"area_ha":68.26}},{"type":"Feature","geometry":{"type":"Polygon","coordinates":[[[-71.286737,-30.383029],[-71.287354,-30.378573],[-71.290321,-30.377697],[-71.290197,-30.378014],[-71.289741,-30.378734],[-71.289366,-30.379104],[-71.28906,-30.37941],[-71.288733,-30.37979],[-71.288513,-30.380022],[-71.288382,-30.380328],[-71.288207,-30.380853],[-71.288157,-30.381397],[-71.288037,-30.382165],[-71.287836,-30.382929],[-71.287683,-30.383366],[-71.287584,-30.383603],[-71.286737,-30.383029]]]},"properties":{"comuna":"Ovalle","mancha_id":"04301-88b2196e6bfffff","clase":"Bajo","nivel_medio":0.691,"nivel_medio_min":0.691,"nivel_medio_max":0.691,"pct_alto":0.5,"n_hexagonos":1,"area_ha":8.3}},{"type":"Feature","geometry":{"type":"Polygon","coordinates":[[[-71.300137,-30.494382],[-71.300753,-30.489933],[-71.305763,-30.488459],[-71.310156,-30.491434],[-71.30954,-30.495883],[-71.30453,-30.497357],[-71.300137,-30.494382]]]},"properties":{"comuna":"Ovalle","mancha_id":"04301-88b2196dd3fffff","clase":"Bajo","nivel_medio":0.855,"nivel_medio_min":0.855,"nivel_medio_max":0.855,"pct_alto":13.7,"n_hexagonos":1,"area_ha":68.27}},{"type":"Feature","geometry":{"type":"Polygon","coordinates":[[[-71.286959,-30.485456],[-71.287576,-30.481007],[-71.292585,-30.479533],[-71.296977,-30.482509],[-71.296361,-30.486958],[-71.291351,-30.488432],[-71.286959,-30.485456]]]},"properties":{"comuna":"Ovalle","mancha_id":"04301-88b2196ce7fffff","clase":"Bajo","nivel_medio":1.313,"nivel_medio_min":1.313,"nivel_medio_max":1.313,"pct_alto":15.7,"n_hexagonos":1,"area_ha":68.27}},{"type":"Feature","geometry":{"type":"Polygon","coordinates":[[[-71.332861,-30.43865],[-71.331966,-30.438043],[-71.332134,-30.436823],[-71.332335,-30.437238],[-71.332575,-30.43791],[-71.332861,-30.43865]]]},"properties":{"comuna":"Ovalle","mancha_id":"04301-88b2196c65fffff","clase":"Bajo","nivel_medio":0.939,"nivel_medio_min":0.939,"nivel_medio_max":0.939,"pct_alto":0.0,"n_hexagonos":1,"area_ha":0.66}},{"type":"Feature","geometry":{"type":"Polygon","coordinates":[[[-71.493659,-30.415892],[-71.488645,-30.417378],[-71.485177,-30.415035],[-71.486078,-30.414563],[-71.494249,-30.411606],[-71.493659,-30.415892]]]},"properties":{"comuna":"Ovalle","mancha_id":"04301-88b21969ebfffff","clase":"Bajo","nivel_medio":1.494,"nivel_medio_min":1.494,"nivel_medio_max":1.494,"pct_alto":46.6,"n_hexagonos":1,"area_ha":29.26}},{"type":"Feature","geometry":{"type":"Polygon","coordinates":[[[-71.177901,-30.371595],[-71.177787,-30.372415],[-71.176534,-30.372783],[-71.176736,-30.372523],[-71.17714,-30.372197],[-71.177901,-30.371595]]]},"properties":{"comuna":"Ovalle","mancha_id":"04301-88b2196467fffff","clase":"Bajo","nivel_medio":0.614,"nivel_medio_min":0.614,"nivel_medio_max":0.614,"pct_alto":4.8,"n_hexagonos":1,"area_ha":0.59}},{"type":"Feature","geometry":{"type":"Polygon","coordinates":[[[-71.255393,-30.366635],[-71.251004,-30.363656],[-71.245999,-30.365133],[-71.245382,-30.369588],[-71.24977,-30.372567],[-71.254776,-30.371091],[-71.259165,-30.374069],[-71.258548,-30.378525],[-71.253542,-30.380001],[-71.252925,-30.384456],[-71.257314,-30.387434],[-71.26232,-30.385958],[-71.26671,-30.388936],[-71.266093,-30.393391],[-71.270483,-30.396369],[-71.269866,-30.400823],[-71.264859,-30.402299],[-71.264242,-30.406752],[-71.259235,-30.408228],[-71.258618,-30.412681],[-71.253612,-30.414156],[-71.252994,-30.418608],[-71.257384,-30.421586],[-71.256767,-30.426039],[-71.25176,-30.427513],[-71.251143,-30.431965],[-71.255533,-30.434942],[-71.254916,-30.439394],[-71.249908,-30.440868],[-71.249291,-30.445319],[-71.253681,-30.448296],[-71.253064,-30.452746],[-71.257454,-30.455723],[-71.256837,-30.460174],[-71.251829,-30.461647],[-71.247439,-30.45867],[-71.248057,-30.45422],[-71.243667,-30.451242],[-71.244284,-30.446792],[-71.239894,-30.443814],[-71.234888,-30.445288],[-71.23427,-30.449738],[-71.229263,-30.451211],[-71.228646,-30.45566],[-71.223639,-30.457133],[-71.21925,-30.454155],[-71.219868,-30.449705],[-71.215479,-30.446727],[-71.216097,-30.442277],[-71.221103,-30.440804],[-71.225492,-30.443782],[-71.230498,-30.44231],[-71.231116,-30.437859],[-71.226727,-30.434881],[-71.221721,-30.436354],[-71.217332,-30.433376],[-71.212326,-30.434848],[-71.207938,-30.43187],[-71.202933,-30.433342],[-71.202315,-30.437792],[-71.206703,-30.440771],[-71.206085,-30.445221],[-71.201079,-30.446692],[-71.200461,-30.451142],[-71.204849,-30.45412],[-71.209855,-30.452649],[-71.214244,-30.455627],[-71.213626,-30.460076],[-71.20862,-30.461547],[-71.208002,-30.465996],[-71.202996,-30.467467],[-71.198608,-30.464489],[-71.193602,-30.46596],[-71.189214,-30.462981],[-71.189832,-30.458533],[-71.185444,-30.455554],[-71.180439,-30.457024],[-71.179821,-30.461473],[-71.174816,-30.462943],[-71.174197,-30.467391],[-71.178585,-30.470369],[-71.18359,-30.4689],[-71.187978,-30.471878],[-71.18736,-30.476326],[-71.191748,-30.479304],[-71.196754,-30.477834],[-71.197372,-30.473386],[-71.202378,-30.471915],[-71.206766,-30.474893],[-71.206149,-30.479341],[-71.201142,-30.480812],[-71.200524,-30.485259],[-71.195518,-30.486729],[-71.191129,-30.483751],[-71.186123,-30.485221],[-71.185505,-30.489668],[-71.180499,-30.491137],[-71.179881,-30.495583],[-71.184269,-30.498561],[-71.183651,-30.503007],[-71.178644,-30.504476],[-71.178026,-30.508921],[-71.182414,-30.511899],[-71.181796,-30.516344],[-71.186184,-30.519321],[-71.185566,-30.523766],[-71.180559,-30.525234],[-71.179941,-30.529678],[-71.184329,-30.532655],[-71.189336,-30.531188],[-71.189955,-30.526743],[-71.194962,-30.525275],[-71.19558,-30.52083],[-71.200587,-30.519361],[-71.201205,-30.514916],[-71.206212,-30.513447],[-71.210601,-30.516423],[-71.215609,-30.514954],[-71.219998,-30.51793],[-71.219381,-30.522376],[-71.223771,-30.525352],[-71.223153,-30.529798],[-71.227543,-30.532774],[-71.232551,-30.531304],[-71.236942,-30.53428],[-71.241951,-30.53281],[-71.242568,-30.528364],[-71.247577,-30.526894],[-71.251968,-30.529869],[-71.256977,-30.528399],[-71.257594,-30.523953],[-71.262603,-30.522481],[-71.263221,-30.518035],[-71.26823,-30.516563],[-71.272622,-30.519538],[-71.272005,-30.523985],[-71.266995,-30.525457],[-71.266378,-30.529903],[-71.27077,-30.532878],[-71.27578,-30.531406],[-71.276397,-30.52696],[-71.281406,-30.525488],[-71.285799,-30.528463],[-71.285182,-30.532909],[-71.289575,-30.535884],[-71.294585,-30.534412],[-71.295202,-30.529965],[-71.300212,-30.528492],[-71.300829,-30.524045],[-71.296436,-30.521071],[-71.297053,-30.516624],[-71.29266,-30.513649],[-71.293277,-30.509201],[-71.298286,-30.507728],[-71.298903,-30.50328],[-71.303913,-30.501806],[-71.308306,-30.504781],[-71.313316,-30.503307],[-71.313933,-30.498858],[-71.318943,-30.497383],[-71.31956,-30.492934],[-71.315166,-30.489959],[-71.315783,-30.48551],[-71.320793,-30.484035],[-71.321409,-30.479584],[-71.317016,-30.476609],[-71.312006,-30.478085],[-71.307613,-30.475109],[-71.30823,-30.470659],[-71.303837,-30.467684],[-71.298828,-30.469159],[-71.298211,-30.473609],[-71.293202,-30.475083],[-71.28881,-30.472108],[-71.283801,-30.473582],[-71.283184,-30.478031],[-71.278175,-30.479505],[-71.277558,-30.483954],[-71.27255,-30.485428],[-71.271933,-30.489876],[-71.266924,-30.491349],[-71.266307,-30.495797],[-71.261298,-30.49727],[-71.260681,-30.501718],[-71.255672,-30.503189],[-71.255055,-30.507637],[-71.259446,-30.510612],[-71.258829,-30.515059],[-71.25382,-30.516531],[-71.253203,-30.520977],[-71.248194,-30.522448],[-71.243803,-30.519472],[-71.244421,-30.515026],[-71.249429,-30.513555],[-71.250047,-30.509108],[-71.245656,-30.506132],[-71.240648,-30.507603],[-71.24003,-30.51205],[-71.235022,-30.51352],[-71.230632,-30.510544],[-71.231249,-30.506098],[-71.226859,-30.503121],[-71.221852,-30.504592],[-71.217462,-30.501615],[-71.21808,-30.497168],[-71.223087,-30.495697],[-71.223705,-30.49125],[-71.228712,-30.489779],[-71.22933,-30.485331],[-71.234337,-30.48386],[-71.234955,-30.479412],[-71.230565,-30.476435],[-71.231183,-30.471986],[-71.23619,-30.470514],[-71.24058,-30.473491],[-71.239962,-30.47794],[-71.244352,-30.480916],[-71.243735,-30.485365],[-71.248125,-30.488341],[-71.253133,-30.486869],[-71.253751,-30.482421],[-71.24936,-30.479444],[-71.249978,-30.474995],[-71.254985,-30.473523],[-71.259376,-30.476499],[-71.258759,-30.480948],[-71.26315,-30.483924],[-71.268158,-30.482452],[-71.268775,-30.478002],[-71.264384,-30.475026],[-71.265001,-30.470577],[-71.270009,-30.469103],[-71.270627,-30.464653],[-71.275635,-30.463179],[-71.276252,-30.458729],[-71.271861,-30.455753],[-71.272478,-30.451302],[-71.277486,-30.449827],[-71.281877,-30.452804],[-71.286885,-30.451329],[-71.287502,-30.446878],[-71.29251,-30.445402],[-71.293127,-30.44095],[-71.298136,-30.439475],[-71.302528,-30.442451],[-71.301911,-30.446903],[-71.306303,-30.449879],[-71.311312,-30.448403],[-71.315705,-30.451379],[-71.315088,-30.45583],[-71.319481,-30.458806],[-71.318865,-30.463257],[-71.323258,-30.466232],[-71.328268,-30.464756],[-71.332662,-30.467731],[-71.332045,-30.472182],[-71.336439,-30.475157],[-71.335823,-30.479608],[-71.330813,-30.481084],[-71.330196,-30.485534],[-71.325186,-30.487009],[-71.32457,-30.491459],[-71.328964,-30.494433],[-71.333974,-30.492958],[-71.338369,-30.495932],[-71.337752,-30.500382],[-71.342147,-30.503356],[-71.341531,-30.507805],[-71.345926,-30.510779],[-71.34531,-30.515227],[-71.340298,-30.516702],[-71.335903,-30.513729],[-71.330892,-30.515203],[-71.330276,-30.519651],[-71.325265,-30.521126],[-71.324649,-30.525573],[-71.329043,-30.528547],[-71.328427,-30.532994],[-71.323416,-30.534468],[-71.322799,-30.538915],[-71.317788,-30.540388],[-71.317171,-30.544834],[-71.321566,-30.547808],[-71.320949,-30.552254],[-71.325344,-30.555227],[-71.330356,-30.553754],[-71.330972,-30.549308],[-71.326577,-30.546335],[-71.327194,-30.541888],[-71.332205,-30.540415],[-71.3366,-30.543388],[-71.335984,-30.547834],[-71.340379,-30.550807],[-71.339763,-30.555254],[-71.344158,-30.558226],[-71.343542,-30.562672],[-71.33853,-30.564145],[-71.337914,-30.568591],[-71.332902,-30.570063],[-71.332285,-30.574508],[-71.336681,-30.577481],[-71.336064,-30.581925],[-71.34046,-30.584897],[-71.339844,-30.589342],[-71.34424,-30.592313],[-71.349253,-30.590841],[-71.353649,-30.593812],[-71.358663,-30.59234],[-71.359279,-30.587895],[-71.364292,-30.586422],[-71.364908,-30.581977],[-71.360511,-30.579006],[-71.361127,-30.57456],[-71.36614,-30.573087],[-71.370537,-30.576058],[-71.375551,-30.574584],[-71.379948,-30.577555],[-71.384962,-30.576081],[-71.385578,-30.571635],[-71.38118,-30.568664],[-71.376167,-30.570138],[-71.371769,-30.567167],[-71.372385,-30.562721],[-71.367989,-30.559749],[-71.362976,-30.561223],[-71.358579,-30.558251],[-71.359195,-30.553804],[-71.354799,-30.550832],[-71.355415,-30.546385],[-71.360428,-30.544911],[-71.364824,-30.547883],[-71.369837,-30.546408],[-71.374233,-30.54938],[-71.373617,-30.553827],[-71.378015,-30.556799],[-71.377399,-30.561246],[-71.381796,-30.564217],[-71.386809,-30.562742],[-71.387425,-30.558296],[-71.383028,-30.555324],[-71.383643,-30.550877],[-71.388657,-30.549401],[-71.389272,-30.544954],[-71.394286,-30.543478],[-71.394901,-30.53903],[-71.399915,-30.537553],[-71.40053,-30.533104],[-71.405544,-30.531627],[-71.406159,-30.527178],[-71.411173,-30.525701],[-71.411788,-30.521251],[-71.416801,-30.519774],[-71.4212,-30.522745],[-71.420584,-30.527195],[-71.415571,-30.528673],[-71.414955,-30.533122],[-71.409942,-30.534599],[-71.409326,-30.539048],[-71.413725,-30.542019],[-71.418738,-30.540542],[-71.419354,-30.536093],[-71.424368,-30.534615],[-71.428767,-30.537586],[-71.433781,-30.536108],[-71.434396,-30.531659],[-71.429997,-30.528688],[-71.430612,-30.524238],[-71.435626,-30.52276],[-71.440025,-30.525731],[-71.44504,-30.524252],[-71.449439,-30.527223],[-71.454454,-30.525743],[-71.458854,-30.528714],[-71.458239,-30.533164],[-71.453224,-30.534643],[-71.448824,-30.531673],[-71.44381,-30.533151],[-71.443195,-30.537601],[-71.43818,-30.539079],[-71.437565,-30.543528],[-71.432551,-30.545006],[-71.431935,-30.549455],[-71.436335,-30.552425],[-71.44135,-30.550947],[-71.441965,-30.546499],[-71.446979,-30.545021],[-71.451379,-30.547991],[-71.456395,-30.546512],[-71.460795,-30.549482],[-71.46581,-30.548003],[-71.466425,-30.543554],[-71.471441,-30.542075],[-71.472055,-30.537625],[-71.477071,-30.536145],[-71.481472,-30.539115],[-71.480857,-30.543565],[-71.485259,-30.546534],[-71.490275,-30.545054],[-71.494677,-30.548023],[-71.494062,-30.552473],[-71.498464,-30.555442],[-71.503481,-30.553961],[-71.507884,-30.55693],[-71.507269,-30.56138],[-71.511672,-30.564348],[-71.511058,-30.568797],[-71.515461,-30.571765],[-71.514847,-30.576214],[-71.509829,-30.577694],[-71.509215,-30.582142],[-71.513618,-30.58511],[-71.513004,-30.589558],[-71.517407,-30.592525],[-71.516793,-30.596973],[-71.511775,-30.598452],[-71.511161,-30.602899],[-71.506143,-30.604378],[-71.50174,-30.60141],[-71.496723,-30.602889],[-71.496108,-30.607335],[-71.491091,-30.608813],[-71.490476,-30.613259],[-71.485459,-30.614737],[-71.481056,-30.611769],[-71.476039,-30.613246],[-71.475424,-30.617692],[-71.479827,-30.62066],[-71.479212,-30.625104],[-71.483614,-30.628072],[-71.483,-30.632517],[-71.477982,-30.633993],[-71.477367,-30.638437],[-71.48177,-30.641405],[-71.486788,-30.639928],[-71.491191,-30.642895],[-71.496209,-30.641419],[-71.496824,-30.636974],[-71.501842,-30.635497],[-71.506246,-30.638464],[-71.505631,-30.642908],[-71.510035,-30.645875],[-71.515054,-30.644397],[-71.519459,-30.647364],[-71.518844,-30.651808],[-71.523249,-30.654774],[-71.522635,-30.659218],[-71.517616,-30.660695],[-71.513211,-30.657729],[-71.508192,-30.659206],[-71.503788,-30.656239],[-71.498769,-30.657716],[-71.494365,-30.65475],[-71.49498,-30.650306],[-71.490576,-30.647339],[-71.485558,-30.648816],[-71.481155,-30.645848],[-71.476138,-30.647325],[-71.471735,-30.644357],[-71.466717,-30.645833],[-71.462315,-30.642865],[-71.457298,-30.644341],[-71.452896,-30.641373],[-71.453511,-30.636929],[-71.44911,-30.633961],[-71.449725,-30.629517],[-71.454742,-30.628042],[-71.455357,-30.623597],[-71.460373,-30.622121],[-71.464775,-30.62509],[-71.46416,-30.629534],[-71.468562,-30.632502],[-71.47358,-30.631026],[-71.474194,-30.626581],[-71.469792,-30.623613],[-71.470407,-30.619168],[-71.466005,-30.6162],[-71.460988,-30.617677],[-71.456587,-30.614708],[-71.457202,-30.610263],[-71.452801,-30.607294],[-71.447784,-30.608771],[-71.447169,-30.613216],[-71.442153,-30.614691],[-71.441538,-30.619136],[-71.436522,-30.620611],[-71.435906,-30.625055],[-71.43089,-30.62653],[-71.42649,-30.623561],[-71.427105,-30.619117],[-71.422705,-30.616148],[-71.41769,-30.617623],[-71.417074,-30.622067],[-71.412059,-30.623541],[-71.407659,-30.620571],[-71.402644,-30.622045],[-71.402028,-30.626488],[-71.397013,-30.627962],[-71.396397,-30.632404],[-71.400797,-30.635374],[-71.405812,-30.633901],[-71.406428,-30.629458],[-71.411443,-30.627984],[-71.415843,-30.630953],[-71.420859,-30.629479],[-71.425259,-30.632448],[-71.430275,-30.630974],[-71.434676,-30.633943],[-71.439692,-30.632468],[-71.444093,-30.635436],[-71.443478,-30.639879],[-71.438461,-30.641354],[-71.43406,-30.638386],[-71.429044,-30.63986],[-71.428429,-30.644303],[-71.432829,-30.647271],[-71.432214,-30.651713],[-71.436615,-30.654682],[-71.436,-30.659124],[-71.430983,-30.660597],[-71.430368,-30.665039],[-71.434769,-30.668007],[-71.439786,-30.666533],[-71.444188,-30.669501],[-71.443572,-30.673942],[-71.438555,-30.675416],[-71.434153,-30.672448],[-71.429137,-30.673921],[-71.424735,-30.670953],[-71.419719,-30.672426],[-71.415318,-30.669458],[-71.410302,-30.67093],[-71.405901,-30.667962],[-71.400885,-30.669434],[-71.40027,-30.673874],[-71.40467,-30.676842],[-71.409686,-30.67537],[-71.414087,-30.678339],[-71.419103,-30.676866],[-71.423504,-30.679834],[-71.422889,-30.684274],[-71.417872,-30.685747],[-71.413471,-30.682779],[-71.408454,-30.68425],[-71.407839,-30.68869],[-71.402822,-30.690161],[-71.398422,-30.687193],[-71.393406,-30.688664],[-71.39279,-30.693103],[-71.387774,-30.694574],[-71.383374,-30.691605],[-71.378358,-30.693076],[-71.373959,-30.690107],[-71.374575,-30.685668],[-71.370176,-30.682699],[-71.365161,-30.684169],[-71.364544,-30.688608],[-71.359529,-30.690077],[-71.355131,-30.687108],[-71.355747,-30.682669],[-71.351349,-30.6797],[-71.346334,-30.681169],[-71.341936,-30.6782],[-71.342553,-30.673761],[-71.347567,-30.672291],[-71.348184,-30.667852],[-71.343786,-30.664882],[-71.338772,-30.666351],[-71.338156,-30.670791],[-71.333141,-30.67226],[-71.328744,-30.669289],[-71.323731,-30.670758],[-71.323114,-30.675197],[-71.327511,-30.678167],[-71.326894,-30.682605],[-71.32188,-30.684073],[-71.321263,-30.688511],[-71.32566,-30.691481],[-71.330674,-30.690013],[-71.335072,-30.692983],[-71.340086,-30.691515],[-71.344484,-30.694484],[-71.349499,-30.693015],[-71.353898,-30.695985],[-71.353281,-30.700422],[-71.348266,-30.701891],[-71.347649,-30.706328],[-71.352048,-30.709297],[-71.357063,-30.707829],[-71.361462,-30.710797],[-71.366478,-30.709329],[-71.370877,-30.712297],[-71.370261,-30.716734],[-71.365245,-30.718203],[-71.364628,-30.722639],[-71.369028,-30.725608],[-71.368411,-30.730044],[-71.372811,-30.733012],[-71.377828,-30.731543],[-71.382228,-30.734511],[-71.381612,-30.738947],[-71.386012,-30.741914],[-71.385396,-30.74635],[-71.380379,-30.747818],[-71.379763,-30.752253],[-71.374746,-30.753721],[-71.370346,-30.750754],[-71.370962,-30.746319],[-71.366562,-30.743351],[-71.367179,-30.738916],[-71.362779,-30.735948],[-71.363395,-30.731512],[-71.358996,-30.728544],[-71.359613,-30.724108],[-71.355213,-30.721139],[-71.350198,-30.722607],[-71.345799,-30.719639],[-71.340784,-30.721106],[-71.340167,-30.725542],[-71.344566,-30.728511],[-71.343949,-30.732946],[-71.338934,-30.734413],[-71.338317,-30.738848],[-71.342716,-30.741817],[-71.342099,-30.746252],[-71.346498,-30.74922],[-71.351514,-30.747753],[-71.355913,-30.750721],[-71.360929,-30.749254],[-71.365329,-30.752221],[-71.364713,-30.756656],[-71.369113,-30.759623],[-71.374129,-30.758156],[-71.376081,-30.759472],[-71.375816,-30.759657],[-71.375203,-30.760105],[-71.374684,-30.760505],[-71.373954,-30.760906],[-71.37325,-30.76118],[-71.372602,-30.761512],[-71.371945,-30.761867],[-71.371521,-30.762114],[-71.371181,-30.762346],[-71.370926,-30.762624],[-71.370749,-30.763002],[-71.370625,-30.763296],[-71.37054,-30.763535],[-71.370424,-30.764029],[-71.370324,-30.764631],[-71.370224,-30.765048],[-71.370203,-30.765208],[-71.370169,-30.765465],[-71.370131,-30.765867],[-71.3701,-30.76633],[-71.370115,-30.766732],[-71.370139,-30.76701],[-71.370185,-30.767342],[-71.370216,-30.767658],[-71.370216,-30.768044],[-71.370208,-30.768701],[-71.370169,-30.76918],[-71.37017,-30.769631],[-71.370183,-30.77008],[-71.37017,-30.770437],[-71.370077,-30.770675],[-71.369976,-30.770886],[-71.369891,-30.771118],[-71.369826,-30.771335],[-71.369721,-30.771586],[-71.369606,-30.77182],[-71.369482,-30.772122],[-71.36935,-30.772315],[-71.369281,-30.772415],[-71.369042,-30.772716],[-71.368864,-30.772979],[-71.368545,-30.773342],[-71.368176,-30.773712],[-71.367832,-30.774095],[-71.367357,-30.774571],[-71.366988,-30.774905],[-71.366934,-30.774954],[-71.366353,-30.775442],[-71.365915,-30.775705],[-71.365529,-30.77599],[-71.365274,-30.776152],[-71.364957,-30.776307],[-71.36471,-30.776423],[-71.364378,-30.776585],[-71.363861,-30.776832],[-71.363266,-30.777141],[-71.362811,-30.777357],[-71.362417,-30.777511],[-71.362201,-30.777573],[-71.361783,-30.777648],[-71.36144,-30.777714],[-71.361027,-30.777836],[-71.360695,-30.777967],[-71.360462,-30.778038],[-71.36044,-30.778044],[-71.360106,-30.77811],[-71.359683,-30.778114],[-71.359204,-30.778091],[-71.358795,-30.778037],[-71.358502,-30.777967],[-71.358262,-30.777905],[-71.357984,-30.777782],[-71.357768,-30.777674],[-71.357452,-30.777535],[-71.357096,-30.77738],[-71.356757,-30.777241],[-71.356347,-30.777079],[-71.356,-30.776948],[-71.355506,-30.776755],[-71.354973,-30.776585],[-71.354873,-30.776547],[-71.35723,-30.775858],[-71.357846,-30.771425],[-71.362863,-30.769958],[-71.363479,-30.765524],[-71.359079,-30.762557],[-71.359696,-30.758123],[-71.355296,-30.755155],[-71.35028,-30.756622],[-71.349664,-30.761056],[-71.344647,-30.762522],[-71.344031,-30.766956],[-71.339015,-30.768421],[-71.334616,-30.765454],[-71.332877,-30.765961],[-71.332668,-30.765725],[-71.332365,-30.765323],[-71.332155,-30.765076],[-71.331933,-30.764811],[-71.331735,-30.764545],[-71.331457,-30.764248],[-71.331117,-30.763872],[-71.330821,-30.763587],[-71.330561,-30.763328],[-71.33024,-30.763075],[-71.329974,-30.762871],[-71.329684,-30.762624],[-71.329295,-30.76234],[-71.328862,-30.762006],[-71.328547,-30.761747],[-71.328047,-30.761382],[-71.327584,-30.761049],[-71.32725,-30.760758],[-71.326941,-30.760523],[-71.326632,-30.760295],[-71.326404,-30.760103],[-71.326181,-30.759906],[-71.3258,-30.759646],[-71.325792,-30.75964],[-71.325471,-30.759455],[-71.325187,-30.7593],[-71.324971,-30.759245],[-71.324699,-30.759171],[-71.324532,-30.759146],[-71.324297,-30.759171],[-71.324112,-30.759189],[-71.323886,-30.759221],[-71.323605,-30.759288],[-71.323358,-30.759369],[-71.322988,-30.759475],[-71.322639,-30.759602],[-71.322299,-30.759739],[-71.321819,-30.759955],[-71.321099,-30.760291],[-71.320523,-30.760603],[-71.320187,-30.760819],[-71.319744,-30.76107],[-71.319057,-30.761546],[-71.318171,-30.762379],[-71.317499,-30.763027],[-71.31716,-30.763359],[-71.31715,-30.763367],[-71.315788,-30.762448],[-71.31373,-30.763048],[-71.313397,-30.762854],[-71.312994,-30.762579],[-71.312709,-30.762362],[-71.312434,-30.762215],[-71.312149,-30.762028],[-71.311952,-30.761871],[-71.311775,-30.761655],[-71.311588,-30.761429],[-71.311431,-30.761183],[-71.311284,-30.760898],[-71.311087,-30.760613],[-71.31089,-30.760377],[-71.310733,-30.760229],[-71.31057,-30.760142],[-71.310334,-30.76003],[-71.310114,-30.759921],[-71.309925,-30.759833],[-71.309724,-30.759736],[-71.309588,-30.759647],[-71.309295,-30.759427],[-71.309005,-30.759257],[-71.308815,-30.759114],[-71.308703,-30.758979],[-71.3086,-30.758774],[-71.308572,-30.758596],[-71.308614,-30.758426],[-71.308639,-30.758224],[-71.30863,-30.757968],[-71.30863,-30.757752],[-71.30863,-30.757516],[-71.308599,-30.75727],[-71.308522,-30.756954],[-71.308413,-30.756592],[-71.308317,-30.756239],[-71.308286,-30.756133],[-71.308216,-30.755895],[-71.308109,-30.755678],[-71.307912,-30.755432],[-71.307733,-30.755253],[-71.307443,-30.755033],[-71.307192,-30.75482],[-71.306821,-30.754587],[-71.30629,-30.754292],[-71.306084,-30.754105],[-71.306005,-30.753968],[-71.305926,-30.753801],[-71.305779,-30.753653],[-71.305474,-30.753525],[-71.305032,-30.753358],[-71.304619,-30.753191],[-71.304425,-30.753124],[-71.304267,-30.753054],[-71.304101,-30.752938],[-71.303907,-30.752807],[-71.303768,-30.752691],[-71.303652,-30.752571],[-71.303579,-30.752463],[-71.303449,-30.752198],[-71.30339,-30.751914],[-71.303382,-30.751705],[-71.303405,-30.751535],[-71.303486,-30.751342],[-71.303598,-30.751215],[-71.303706,-30.751076],[-71.303823,-30.750881],[-71.30398,-30.750665],[-71.304104,-30.750434],[-71.304162,-30.750295],[-71.304217,-30.75014],[-71.304247,-30.75],[-71.304251,-30.749978],[-71.304286,-30.749715],[-71.304263,-30.749487],[-71.304216,-30.74919],[-71.304118,-30.748925],[-71.30407,-30.748857],[-71.304,-30.748758],[-71.303832,-30.748581],[-71.303606,-30.748365],[-71.30341,-30.748148],[-71.303233,-30.747942],[-71.303085,-30.747824],[-71.30284,-30.747676],[-71.302584,-30.747539],[-71.302289,-30.747411],[-71.301935,-30.747313],[-71.301608,-30.747251],[-71.301255,-30.747182],[-71.300965,-30.747143],[-71.30068,-30.74709],[-71.300266,-30.747021],[-71.300043,-30.746968],[-71.298815,-30.746139],[-71.298464,-30.746241],[-71.298312,-30.7461],[-71.298122,-30.745925],[-71.297558,-30.745488],[-71.297058,-30.745091],[-71.296826,-30.744891],[-71.296645,-30.744718],[-71.296486,-30.74448],[-71.296383,-30.74421],[-71.296256,-30.743932],[-71.296113,-30.743733],[-71.295835,-30.743511],[-71.295605,-30.743392],[-71.295239,-30.743241],[-71.29508,-30.743146],[-71.294906,-30.743003],[-71.294731,-30.742868],[-71.294509,-30.742773],[-71.294294,-30.742669],[-71.294048,-30.742526],[-71.293826,-30.74236],[-71.293588,-30.742185],[-71.293405,-30.742018],[-71.293183,-30.741812],[-71.292936,-30.741685],[-71.292547,-30.741566],[-71.292293,-30.741486],[-71.292007,-30.741431],[-71.291777,-30.741431],[-71.291563,-30.741415],[-71.291388,-30.741391],[-71.291158,-30.741327],[-71.290967,-30.741272],[-71.290769,-30.741248],[-71.290475,-30.741216],[-71.290244,-30.741208],[-71.28999,-30.741168],[-71.289889,-30.741153],[-71.290021,-30.7402],[-71.286868,-30.73807],[-71.28695,-30.737936],[-71.287058,-30.7377],[-71.287092,-30.737492],[-71.287028,-30.73719],[-71.286938,-30.736946],[-71.286814,-30.736693],[-71.286656,-30.736474],[-71.286433,-30.736166],[-71.286298,-30.735928],[-71.286171,-30.735642],[-71.286083,-30.735497],[-71.285969,-30.735316],[-71.28591,-30.735182],[-71.285881,-30.735114],[-71.285855,-30.734803],[-71.285834,-30.734431],[-71.285834,-30.734151],[-71.285839,-30.733851],[-71.28586,-30.733421],[-71.285893,-30.733085],[-71.285964,-30.732767],[-71.286023,-30.732648],[-71.286242,-30.732796],[-71.291256,-30.731332],[-71.291874,-30.726897],[-71.287477,-30.723927],[-71.282464,-30.725392],[-71.282182,-30.727412],[-71.282089,-30.727405],[-71.281925,-30.72734],[-71.281697,-30.727242],[-71.281436,-30.727095],[-71.281044,-30.72685],[-71.280734,-30.726622],[-71.280424,-30.72636],[-71.280252,-30.726032],[-71.28011,-30.725708],[-71.279938,-30.725395],[-71.279787,-30.725182],[-71.279679,-30.725021],[-71.279612,-30.724893],[-71.279574,-30.724778],[-71.279524,-30.724525],[-71.279463,-30.724267],[-71.279394,-30.724073],[-71.279342,-30.723955],[-71.279275,-30.723807],[-71.27915,-30.723618],[-71.279003,-30.723438],[-71.278742,-30.723194],[-71.278553,-30.72307],[-71.278348,-30.722956],[-71.278159,-30.722831],[-71.277981,-30.722683],[-71.277811,-30.722509],[-71.277803,-30.722499],[-71.278068,-30.722422],[-71.278685,-30.717987],[-71.27429,-30.715016],[-71.273777,-30.715166],[-71.273754,-30.715135],[-71.2736,-30.714917],[-71.273388,-30.714656],[-71.273078,-30.714264],[-71.272885,-30.714012],[-71.272722,-30.713805],[-71.272574,-30.71362],[-71.272294,-30.713324],[-71.272005,-30.713088],[-71.271739,-30.71294],[-71.271429,-30.712814],[-71.271103,-30.712666],[-71.270749,-30.712548],[-71.270515,-30.712485],[-71.270216,-30.712422],[-71.269797,-30.712354],[-71.269503,-30.712289],[-71.269225,-30.712175],[-71.268915,-30.71206],[-71.268621,-30.711881],[-71.268295,-30.711636],[-71.268034,-30.711424],[-71.267789,-30.711114],[-71.267576,-30.710803],[-71.267332,-30.710461],[-71.267124,-30.710214],[-71.266956,-30.710052],[-71.266745,-30.709927],[-71.266468,-30.70978],[-71.266182,-30.709622],[-71.265797,-30.709481],[-71.265471,-30.709318],[-71.265466,-30.709315],[-71.265258,-30.709204],[-71.264997,-30.709171],[-71.264752,-30.709138],[-71.264454,-30.709096],[-71.264067,-30.70904],[-71.263757,-30.709057],[-71.26352,-30.709096],[-71.263262,-30.709123],[-71.262859,-30.709089],[-71.262451,-30.70904],[-71.261847,-30.708975],[-71.261406,-30.708942],[-71.260949,-30.708926],[-71.260508,-30.708959],[-71.260133,-30.708959],[-71.259692,-30.709008],[-71.259333,-30.709155],[-71.258876,-30.709383],[-71.258455,-30.709647],[-71.258429,-30.70998],[-71.258557,-30.710255],[-71.258872,-30.710519],[-71.259226,-30.710726],[-71.260056,-30.711258],[-71.261152,-30.712088],[-71.261717,-30.71242],[-71.262281,-30.712885],[-71.262945,-30.713482],[-71.263293,-30.713975],[-71.263344,-30.714047],[-71.263476,-30.71481],[-71.263377,-30.715475],[-71.263078,-30.716271],[-71.262846,-30.716936],[-71.262646,-30.717566],[-71.262281,-30.718264],[-71.261883,-30.719061],[-71.26165,-30.719592],[-71.261385,-30.720123],[-71.261152,-30.720654],[-71.261128,-30.720678],[-71.260654,-30.721152],[-71.25989,-30.721617],[-71.259359,-30.721982],[-71.258961,-30.722447],[-71.258828,-30.722912],[-71.258828,-30.723576],[-71.258961,-30.724207],[-71.259094,-30.724904],[-71.259293,-30.725402],[-71.259426,-30.725768],[-71.259577,-30.72609],[-71.259825,-30.726518],[-71.260123,-30.726963],[-71.260388,-30.727361],[-71.260534,-30.727543],[-71.258016,-30.728278],[-71.253621,-30.725307],[-71.248608,-30.726771],[-71.24799,-30.731204],[-71.252385,-30.734175],[-71.251767,-30.738609],[-71.256162,-30.741579],[-71.261175,-30.740116],[-71.261793,-30.735682],[-71.263161,-30.735283],[-71.263393,-30.735848],[-71.263614,-30.736544],[-71.263842,-30.73719],[-71.264008,-30.737721],[-71.26434,-30.738551],[-71.264838,-30.739846],[-71.265336,-30.740709],[-71.265601,-30.741573],[-71.265601,-30.742203],[-71.265535,-30.742535],[-71.265369,-30.742934],[-71.265361,-30.742944],[-71.265004,-30.743399],[-71.26434,-30.743731],[-71.263974,-30.743897],[-71.26341,-30.743897],[-71.262547,-30.744129],[-71.262148,-30.744362],[-71.261744,-30.744658],[-71.260953,-30.745192],[-71.260365,-30.745613],[-71.259702,-30.74617],[-71.259221,-30.746591],[-71.258595,-30.747217],[-71.25799,-30.747665],[-71.257832,-30.747782],[-71.257002,-30.748446],[-71.256306,-30.748769],[-71.255537,-30.749035],[-71.254688,-30.749353],[-71.253786,-30.749565],[-71.253017,-30.749698],[-71.252241,-30.749837],[-71.251951,-30.75],[-71.250759,-30.75067],[-71.250261,-30.750969],[-71.250037,-30.751021],[-71.250531,-30.747475],[-71.246136,-30.744504],[-71.241124,-30.745966],[-71.236729,-30.742996],[-71.237347,-30.738563],[-71.232953,-30.735592],[-71.233571,-30.731159],[-71.229177,-30.728188],[-71.229795,-30.723754],[-71.225402,-30.720783],[-71.22602,-30.716349],[-71.231032,-30.714886],[-71.235426,-30.717857],[-71.240438,-30.716394],[-71.241056,-30.71196],[-71.236662,-30.708988],[-71.23728,-30.704554],[-71.232886,-30.701582],[-71.233504,-30.697147],[-71.238516,-30.695683],[-71.239134,-30.691247],[-71.23474,-30.688275],[-71.235358,-30.683839],[-71.230965,-30.680867],[-71.225954,-30.682331],[-71.221561,-30.679358],[-71.222179,-30.674922],[-71.217787,-30.671949],[-71.218405,-30.667513],[-71.223416,-30.666048],[-71.224034,-30.661611],[-71.219641,-30.658638],[-71.214631,-30.660102],[-71.210239,-30.657129],[-71.205229,-30.658593],[-71.200838,-30.65562],[-71.201456,-30.651182],[-71.197065,-30.648208],[-71.192056,-30.649672],[-71.187665,-30.646698],[-71.188283,-30.64226],[-71.183893,-30.639286],[-71.178884,-30.64075],[-71.174494,-30.637775],[-71.169485,-30.639238],[-71.168867,-30.643676],[-71.163858,-30.645138],[-71.159469,-30.642163],[-71.15446,-30.643626],[-71.150071,-30.640651],[-71.145064,-30.642113],[-71.144445,-30.646549],[-71.148833,-30.649524],[-71.148214,-30.653961],[-71.143206,-30.655422],[-71.142587,-30.659858],[-71.137579,-30.661319],[-71.13696,-30.665754],[-71.131952,-30.667215],[-71.131333,-30.67165],[-71.126325,-30.67311],[-71.125706,-30.677544],[-71.120698,-30.679004],[-71.120078,-30.683438],[-71.124467,-30.686413],[-71.123847,-30.690846],[-71.118839,-30.692305],[-71.114451,-30.68933],[-71.115071,-30.684897],[-71.110683,-30.681922],[-71.111302,-30.677488],[-71.11631,-30.676029],[-71.116929,-30.671594],[-71.112541,-30.668619],[-71.107534,-30.670078],[-71.103146,-30.667103],[-71.103766,-30.662668],[-71.108773,-30.661209],[-71.109392,-30.656774],[-71.105005,-30.653798],[-71.099998,-30.655257],[-71.095611,-30.652281],[-71.090605,-30.653741],[-71.089985,-30.658175],[-71.084979,-30.659634],[-71.084359,-30.664069],[-71.088746,-30.667045],[-71.088126,-30.671479],[-71.083119,-30.672937],[-71.078733,-30.669961],[-71.073727,-30.671418],[-71.073107,-30.675852],[-71.0681,-30.677309],[-71.06748,-30.681742],[-71.071866,-30.684718],[-71.071246,-30.689151],[-71.06624,-30.690608],[-71.061854,-30.687632],[-71.056848,-30.689088],[-71.052462,-30.686112],[-71.047456,-30.687568],[-71.043071,-30.684591],[-71.038066,-30.686047],[-71.037445,-30.690479],[-71.03498,-30.691196],[-71.034878,-30.691004],[-71.034485,-30.68998],[-71.034091,-30.689192],[-71.033224,-30.688168],[-71.032752,-30.687538],[-71.031806,-30.686514],[-71.031019,-30.685805],[-71.030354,-30.684541],[-71.029995,-30.684142],[-71.029625,-30.683731],[-71.028739,-30.682747],[-71.028292,-30.68225],[-71.027894,-30.680759],[-71.027596,-30.679964],[-71.027696,-30.679069],[-71.028342,-30.678075],[-71.028739,-30.677031],[-71.029236,-30.676137],[-71.029515,-30.675778],[-71.029917,-30.675661],[-71.034301,-30.678638],[-71.039307,-30.677182],[-71.043692,-30.680159],[-71.048697,-30.678703],[-71.049317,-30.67427],[-71.054323,-30.672814],[-71.054943,-30.66838],[-71.059949,-30.666923],[-71.064334,-30.6699],[-71.06934,-30.668442],[-71.06996,-30.664008],[-71.065575,-30.661032],[-71.060569,-30.662489],[-71.056184,-30.659513],[-71.056804,-30.655078],[-71.061809,-30.653621],[-71.062429,-30.649186],[-71.067435,-30.647728],[-71.068055,-30.643293],[-71.063669,-30.640316],[-71.064289,-30.635881],[-71.069295,-30.634422],[-71.069915,-30.629986],[-71.065529,-30.627009],[-71.060524,-30.628467],[-71.05614,-30.62549],[-71.05676,-30.621054],[-71.052375,-30.618076],[-71.047371,-30.619534],[-71.042987,-30.616556],[-71.037982,-30.618015],[-71.033599,-30.615036],[-71.034219,-30.6106],[-71.039223,-30.609142],[-71.039843,-30.604705],[-71.044847,-30.603246],[-71.045467,-30.598809],[-71.041084,-30.59583],[-71.041704,-30.591392],[-71.037321,-30.588414],[-71.037941,-30.583976],[-71.042944,-30.582516],[-71.043565,-30.578078],[-71.039181,-30.575099],[-71.034178,-30.576558],[-71.033558,-30.580997],[-71.028555,-30.582456],[-71.024172,-30.579476],[-71.019169,-30.580935],[-71.014787,-30.577955],[-71.009784,-30.579414],[-71.005402,-30.576434],[-71.006023,-30.571996],[-71.011025,-30.570537],[-71.011646,-30.566099],[-71.007264,-30.563119],[-71.007885,-30.55868],[-71.012887,-30.557221],[-71.013507,-30.552781],[-71.009126,-30.549801],[-71.009746,-30.545361],[-71.011044,-30.544982],[-71.011242,-30.545202],[-71.011443,-30.545644],[-71.011603,-30.546246],[-71.012045,-30.546969],[-71.012406,-30.547611],[-71.012968,-30.548012],[-71.013571,-30.548213],[-71.014534,-30.548374],[-71.015297,-30.548454],[-71.016341,-30.548615],[-71.017104,-30.548615],[-71.017666,-30.548856],[-71.018348,-30.548896],[-71.018849,-30.548896],[-71.018951,-30.548896],[-71.019834,-30.549056],[-71.020597,-30.549096],[-71.021359,-30.548815],[-71.021922,-30.548494],[-71.022484,-30.547892],[-71.023166,-30.547089],[-71.023608,-30.546407],[-71.023889,-30.545724],[-71.023986,-30.545465],[-71.02413,-30.545082],[-71.02429,-30.544118],[-71.024411,-30.543355],[-71.024411,-30.542512],[-71.024371,-30.541709],[-71.024371,-30.541107],[-71.024631,-30.540899],[-71.024973,-30.540625],[-71.025736,-30.540184],[-71.026619,-30.539822],[-71.027261,-30.539782],[-71.027947,-30.540049],[-71.027984,-30.540063],[-71.028827,-30.540545],[-71.02967,-30.540946],[-71.030513,-30.541428],[-71.031316,-30.541549],[-71.031718,-30.541227],[-71.031839,-30.540939],[-71.034137,-30.542501],[-71.033517,-30.546942],[-71.028514,-30.548402],[-71.027894,-30.552842],[-71.022891,-30.554302],[-71.022271,-30.558741],[-71.026653,-30.561721],[-71.031656,-30.560262],[-71.036039,-30.563241],[-71.041042,-30.561781],[-71.045425,-30.56476],[-71.044805,-30.5692],[-71.049188,-30.572179],[-71.048568,-30.576618],[-71.052952,-30.579597],[-71.052332,-30.584035],[-71.047328,-30.585495],[-71.046708,-30.589933],[-71.051092,-30.592912],[-71.056096,-30.591452],[-71.06048,-30.59443],[-71.065484,-30.59297],[-71.069869,-30.595949],[-71.069249,-30.600387],[-71.064244,-30.601846],[-71.063624,-30.606284],[-71.05862,-30.607743],[-71.058,-30.61218],[-71.062385,-30.615158],[-71.061765,-30.619595],[-71.066149,-30.622572],[-71.071155,-30.621113],[-71.07554,-30.62409],[-71.080545,-30.622631],[-71.084931,-30.625608],[-71.089937,-30.624148],[-71.094323,-30.627125],[-71.099329,-30.625665],[-71.099949,-30.621227],[-71.095562,-30.618251],[-71.090557,-30.619711],[-71.086171,-30.616734],[-71.08679,-30.612297],[-71.091796,-30.610836],[-71.092415,-30.606398],[-71.08803,-30.603421],[-71.088649,-30.598983],[-71.093655,-30.597522],[-71.098041,-30.600499],[-71.097421,-30.604937],[-71.101807,-30.607914],[-71.106813,-30.606453],[-71.1112,-30.60943],[-71.116206,-30.607968],[-71.116825,-30.60353],[-71.121832,-30.602068],[-71.122451,-30.597629],[-71.118064,-30.594652],[-71.118683,-30.590213],[-71.114297,-30.587236],[-71.114916,-30.582796],[-71.110529,-30.579818],[-71.105524,-30.581281],[-71.101138,-30.578303],[-71.096133,-30.579765],[-71.091747,-30.576788],[-71.086742,-30.578249],[-71.086123,-30.582689],[-71.090508,-30.585667],[-71.089889,-30.590106],[-71.084883,-30.591567],[-71.080498,-30.588589],[-71.075493,-30.59005],[-71.071109,-30.587072],[-71.071728,-30.582633],[-71.067344,-30.579654],[-71.067964,-30.575215],[-71.06358,-30.572237],[-71.058576,-30.573697],[-71.054192,-30.570719],[-71.054812,-30.566279],[-71.059816,-30.564818],[-71.060435,-30.560378],[-71.056052,-30.557399],[-71.056672,-30.552959],[-71.061675,-30.551498],[-71.062295,-30.547057],[-71.057912,-30.544077],[-71.058531,-30.539636],[-71.054148,-30.536657],[-71.054768,-30.532215],[-71.059771,-30.530753],[-71.064154,-30.533733],[-71.069158,-30.53227],[-71.069778,-30.527828],[-71.065394,-30.524849],[-71.066014,-30.520406],[-71.061631,-30.517426],[-71.06225,-30.512984],[-71.067253,-30.511521],[-71.071637,-30.5145],[-71.07664,-30.513037],[-71.077259,-30.508594],[-71.082263,-30.50713],[-71.082882,-30.502686],[-71.078498,-30.499706],[-71.079118,-30.495262],[-71.074735,-30.492282],[-71.075354,-30.487837],[-71.080357,-30.486372],[-71.084741,-30.489353],[-71.084121,-30.493797],[-71.088505,-30.496777],[-71.093508,-30.495312],[-71.094128,-30.490868],[-71.099131,-30.489402],[-71.09975,-30.484957],[-71.104754,-30.483491],[-71.105373,-30.479046],[-71.100989,-30.476066],[-71.101608,-30.47162],[-71.097224,-30.468639],[-71.092221,-30.470105],[-71.091602,-30.474551],[-71.095985,-30.477532],[-71.095366,-30.481977],[-71.090363,-30.483443],[-71.085979,-30.480462],[-71.080976,-30.481927],[-71.076593,-30.478947],[-71.077213,-30.474502],[-71.082215,-30.473036],[-71.082835,-30.46859],[-71.087837,-30.467125],[-71.088457,-30.462679],[-71.093459,-30.461212],[-71.094079,-30.456766],[-71.089695,-30.453785],[-71.090315,-30.449338],[-71.085932,-30.446357],[-71.086551,-30.441909],[-71.082168,-30.438928],[-71.082787,-30.43448],[-71.078405,-30.431499],[-71.079024,-30.42705],[-71.084026,-30.425583],[-71.084645,-30.421135],[-71.080263,-30.418153],[-71.080882,-30.413704],[-71.0765,-30.410722],[-71.077119,-30.406272],[-71.082121,-30.404805],[-71.08274,-30.400355],[-71.087741,-30.398887],[-71.088361,-30.394436],[-71.093362,-30.392968],[-71.093714,-30.390434],[-71.103036,-30.392396],[-71.102746,-30.394481],[-71.107129,-30.397462],[-71.112131,-30.395993],[-71.112358,-30.394359],[-71.121682,-30.396321],[-71.131005,-30.398284],[-71.14033,-30.400247],[-71.149326,-30.402141],[-71.144675,-30.403508],[-71.144057,-30.407959],[-71.148442,-30.410939],[-71.147823,-30.41539],[-71.152208,-30.41837],[-71.15159,-30.422821],[-71.155976,-30.425801],[-71.155357,-30.430251],[-71.159743,-30.43323],[-71.164747,-30.43176],[-71.165366,-30.42731],[-71.16098,-30.42433],[-71.161598,-30.41988],[-71.166602,-30.418409],[-71.16722,-30.413958],[-71.172224,-30.412487],[-71.172843,-30.408036],[-71.168457,-30.405056],[-71.169075,-30.400604],[-71.164689,-30.397624],[-71.163249,-30.398047],[-71.163433,-30.397749],[-71.163548,-30.397365],[-71.16374,-30.396847],[-71.163855,-30.396252],[-71.163951,-30.395311],[-71.163912,-30.394677],[-71.163874,-30.393852],[-71.163836,-30.393295],[-71.163759,-30.392873],[-71.163586,-30.392354],[-71.163434,-30.391898],[-71.163433,-30.391894],[-71.163337,-30.391471],[-71.16349,-30.391107],[-71.16374,-30.390761],[-71.164143,-30.390108],[-71.164354,-30.389494],[-71.164469,-30.388841],[-71.164584,-30.388112],[-71.164642,-30.387171],[-71.16445,-30.386653],[-71.164239,-30.385923],[-71.164028,-30.385462],[-71.163759,-30.385155],[-71.163698,-30.385104],[-71.163509,-30.384944],[-71.16318,-30.384612],[-71.163039,-30.384187],[-71.163067,-30.383763],[-71.163322,-30.38331],[-71.163669,-30.382876],[-71.164141,-30.382337],[-71.164782,-30.381595],[-71.165051,-30.380955],[-71.165624,-30.380179],[-71.166299,-30.379471],[-71.166485,-30.379353],[-71.16704,-30.378999],[-71.168098,-30.378455],[-71.169192,-30.377745],[-71.170382,-30.377207],[-71.17138,-30.376632],[-71.171879,-30.376152],[-71.172455,-30.375691],[-71.172555,-30.375532],[-71.172165,-30.378341],[-71.167162,-30.379813],[-71.166544,-30.384266],[-71.170929,-30.387247],[-71.175933,-30.385775],[-71.176551,-30.381322],[-71.181555,-30.379849],[-71.182173,-30.375395],[-71.187177,-30.373922],[-71.187795,-30.369468],[-71.192799,-30.367994],[-71.197185,-30.370974],[-71.196567,-30.375428],[-71.200954,-30.378408],[-71.205958,-30.376934],[-71.210345,-30.379914],[-71.21535,-30.37844],[-71.215968,-30.373986],[-71.220973,-30.372511],[-71.22159,-30.368056],[-71.226595,-30.366581],[-71.227212,-30.362126],[-71.232217,-30.36065],[-71.236605,-30.363629],[-71.24161,-30.362153],[-71.242228,-30.357697],[-71.247233,-30.356221],[-71.251621,-30.3592],[-71.256627,-30.357723],[-71.261016,-30.360702],[-71.260399,-30.365158],[-71.255393,-30.366635]],[[-71.110275,-30.409345],[-71.114658,-30.412326],[-71.119661,-30.410857],[-71.120279,-30.406407],[-71.115896,-30.403425],[-71.110893,-30.404895],[-71.110275,-30.409345]],[[-71.099032,-30.421181],[-71.099651,-30.416732],[-71.095268,-30.41375],[-71.090266,-30.415218],[-71.089647,-30.419667],[-71.09403,-30.422649],[-71.099032,-30.421181]],[[-71.110944,-30.439021],[-71.110325,-30.44347],[-71.11471,-30.44645],[-71.114091,-30.450898],[-71.109087,-30.452365],[-71.108468,-30.456813],[-71.103465,-30.45828],[-71.102846,-30.462727],[-71.10723,-30.465707],[-71.106611,-30.470153],[-71.110996,-30.473133],[-71.110376,-30.477579],[-71.114761,-30.480559],[-71.114142,-30.485005],[-71.109138,-30.486471],[-71.108519,-30.490916],[-71.103515,-30.492382],[-71.102896,-30.496827],[-71.097892,-30.498292],[-71.097273,-30.502736],[-71.101658,-30.505716],[-71.106662,-30.504251],[-71.107281,-30.499806],[-71.112285,-30.498341],[-71.11667,-30.50132],[-71.116051,-30.505765],[-71.120436,-30.508744],[-71.119817,-30.513188],[-71.124203,-30.516166],[-71.129208,-30.514701],[-71.133594,-30.517679],[-71.138599,-30.516213],[-71.139218,-30.511769],[-71.144223,-30.510302],[-71.144842,-30.505857],[-71.140455,-30.502879],[-71.13545,-30.504345],[-71.131064,-30.501367],[-71.131683,-30.496922],[-71.127298,-30.493943],[-71.127916,-30.489497],[-71.132921,-30.48803],[-71.13354,-30.483584],[-71.129154,-30.480605],[-71.12415,-30.482072],[-71.119765,-30.479093],[-71.120384,-30.474646],[-71.125388,-30.473179],[-71.126007,-30.468732],[-71.131011,-30.467265],[-71.13163,-30.462818],[-71.127244,-30.459838],[-71.127863,-30.45539],[-71.132867,-30.453922],[-71.137252,-30.456902],[-71.142256,-30.455434],[-71.142875,-30.450986],[-71.147879,-30.449517],[-71.148498,-30.445068],[-71.144112,-30.442088],[-71.139108,-30.443557],[-71.134723,-30.440577],[-71.12972,-30.442046],[-71.129101,-30.446494],[-71.124097,-30.447963],[-71.119713,-30.444982],[-71.120332,-30.440534],[-71.115947,-30.437554],[-71.116566,-30.433105],[-71.112182,-30.430124],[-71.10718,-30.431592],[-71.106561,-30.436041],[-71.110944,-30.439021]],[[-71.204105,-30.390295],[-71.204723,-30.385842],[-71.200336,-30.382862],[-71.195332,-30.384336],[-71.194714,-30.388789],[-71.199101,-30.391769],[-71.204105,-30.390295]],[[-71.193478,-30.397695],[-71.189092,-30.394715],[-71.184087,-30.396188],[-71.183469,-30.40064],[-71.187856,-30.40362],[-71.187238,-30.408072],[-71.191624,-30.411051],[-71.196629,-30.409579],[-71.197247,-30.405127],[-71.19286,-30.402147],[-71.193478,-30.397695]],[[-71.231049,-30.403717],[-71.226661,-30.400738],[-71.221655,-30.402212],[-71.221038,-30.406665],[-71.225426,-30.409644],[-71.230432,-30.40817],[-71.231049,-30.403717]],[[-71.232284,-30.394811],[-71.236673,-30.397789],[-71.241678,-30.396315],[-71.246067,-30.399293],[-71.251074,-30.397818],[-71.255463,-30.400796],[-71.260469,-30.399321],[-71.261086,-30.394867],[-71.256697,-30.391888],[-71.251691,-30.393364],[-71.247302,-30.390386],[-71.242296,-30.391861],[-71.237907,-30.388882],[-71.232901,-30.390357],[-71.232284,-30.394811]],[[-71.210409,-30.414064],[-71.206022,-30.411085],[-71.201017,-30.412558],[-71.200399,-30.41701],[-71.204786,-30.419989],[-71.209792,-30.418516],[-71.210409,-30.414064]],[[-71.224809,-30.414096],[-71.219803,-30.41557],[-71.219185,-30.420022],[-71.223574,-30.423],[-71.22858,-30.421527],[-71.232968,-30.424505],[-71.237975,-30.423031],[-71.238592,-30.418579],[-71.234203,-30.415601],[-71.229197,-30.417075],[-71.224809,-30.414096]],[[-71.179761,-30.427348],[-71.174756,-30.428819],[-71.174138,-30.433269],[-71.169133,-30.43474],[-71.168515,-30.439189],[-71.163511,-30.440659],[-71.162892,-30.445109],[-71.167279,-30.448088],[-71.16666,-30.452537],[-71.161656,-30.454006],[-71.157269,-30.451027],[-71.152265,-30.452496],[-71.151646,-30.456944],[-71.156032,-30.459924],[-71.155414,-30.464372],[-71.1598,-30.467351],[-71.164805,-30.465882],[-71.165424,-30.461434],[-71.170429,-30.459964],[-71.171047,-30.455516],[-71.176052,-30.454046],[-71.17667,-30.449597],[-71.172283,-30.446618],[-71.172902,-30.442168],[-71.177907,-30.440698],[-71.182293,-30.443677],[-71.181675,-30.448126],[-71.186063,-30.451105],[-71.191068,-30.449634],[-71.191686,-30.445185],[-71.196692,-30.443714],[-71.197309,-30.439264],[-71.192922,-30.436285],[-71.187917,-30.437756],[-71.18353,-30.434777],[-71.184148,-30.430327],[-71.189153,-30.428856],[-71.189771,-30.424405],[-71.194776,-30.422933],[-71.195394,-30.418482],[-71.191007,-30.415503],[-71.186002,-30.416975],[-71.185384,-30.421426],[-71.180379,-30.422897],[-71.179761,-30.427348]],[[-71.305687,-30.45433],[-71.300678,-30.455806],[-71.300061,-30.460257],[-71.304453,-30.463233],[-71.309463,-30.461757],[-71.310079,-30.457306],[-71.305687,-30.45433]],[[-71.332742,-30.501857],[-71.328347,-30.498883],[-71.323337,-30.500358],[-71.32272,-30.504807],[-71.327115,-30.507781],[-71.332125,-30.506306],[-71.332742,-30.501857]],[[-71.317093,-30.510729],[-71.312083,-30.512203],[-71.311466,-30.516651],[-71.31586,-30.519626],[-71.320871,-30.518152],[-71.321487,-30.513704],[-71.317093,-30.510729]],[[-71.236123,-30.436386],[-71.240512,-30.439364],[-71.245519,-30.43789],[-71.246136,-30.433439],[-71.241747,-30.430461],[-71.23674,-30.431935],[-71.236123,-30.436386]],[[-71.119974,-30.615383],[-71.114967,-30.616845],[-71.114348,-30.621282],[-71.118735,-30.624259],[-71.118116,-30.628696],[-71.122503,-30.631672],[-71.121884,-30.636109],[-71.116877,-30.63757],[-71.11249,-30.634594],[-71.107483,-30.636054],[-71.106864,-30.64049],[-71.111251,-30.643466],[-71.110631,-30.647903],[-71.115019,-30.650878],[-71.120026,-30.649418],[-71.120645,-30.644982],[-71.125653,-30.643521],[-71.126272,-30.639085],[-71.131279,-30.637623],[-71.135667,-30.640599],[-71.140675,-30.639137],[-71.141294,-30.6347],[-71.136906,-30.631725],[-71.137525,-30.627287],[-71.133137,-30.624311],[-71.12813,-30.625773],[-71.123742,-30.622797],[-71.124361,-30.618359],[-71.119974,-30.615383]],[[-71.084311,-30.630044],[-71.079306,-30.631504],[-71.078686,-30.63594],[-71.083072,-30.638917],[-71.088078,-30.637457],[-71.092464,-30.640434],[-71.091844,-30.64487],[-71.096231,-30.647846],[-71.101238,-30.646386],[-71.101857,-30.641951],[-71.09747,-30.638974],[-71.09809,-30.634538],[-71.093703,-30.631561],[-71.088697,-30.633021],[-71.084311,-30.630044]],[[-71.078592,-30.567853],[-71.082977,-30.570831],[-71.087982,-30.56937],[-71.088601,-30.564929],[-71.084216,-30.561951],[-71.079212,-30.563413],[-71.078592,-30.567853]],[[-71.076826,-30.649247],[-71.081212,-30.652223],[-71.086218,-30.650764],[-71.086838,-30.646329],[-71.082452,-30.643352],[-71.077446,-30.644811],[-71.076826,-30.649247]],[[-71.071063,-30.553015],[-71.066059,-30.554477],[-71.065439,-30.558917],[-71.069823,-30.561896],[-71.074827,-30.560434],[-71.075447,-30.555994],[-71.080451,-30.554532],[-71.081071,-30.550091],[-71.086075,-30.548628],[-71.09046,-30.551607],[-71.08984,-30.556048],[-71.094225,-30.559026],[-71.093606,-30.563467],[-71.097991,-30.566445],[-71.102996,-30.564983],[-71.107382,-30.56796],[-71.112387,-30.566497],[-71.116774,-30.569475],[-71.116154,-30.573916],[-71.120541,-30.576893],[-71.125547,-30.57543],[-71.129934,-30.578407],[-71.13494,-30.576943],[-71.135559,-30.572502],[-71.131172,-30.569525],[-71.126166,-30.570989],[-71.121779,-30.568012],[-71.122398,-30.563571],[-71.127404,-30.562107],[-71.128023,-30.557665],[-71.133029,-30.556201],[-71.133648,-30.551759],[-71.129261,-30.548781],[-71.124256,-30.550246],[-71.119869,-30.547268],[-71.114864,-30.548732],[-71.110478,-30.545754],[-71.111098,-30.541312],[-71.116103,-30.539848],[-71.116722,-30.535405],[-71.112336,-30.532427],[-71.107331,-30.533891],[-71.102946,-30.530912],[-71.103565,-30.526469],[-71.099181,-30.52349],[-71.094176,-30.524954],[-71.093557,-30.529397],[-71.088553,-30.530861],[-71.087934,-30.535303],[-71.08293,-30.536766],[-71.08231,-30.541208],[-71.077306,-30.542671],[-71.076686,-30.547112],[-71.071683,-30.548574],[-71.071063,-30.553015]],[[-71.165096,-30.636263],[-71.165714,-30.631826],[-71.161325,-30.628851],[-71.156317,-30.630313],[-71.155698,-30.634751],[-71.160087,-30.637726],[-71.165096,-30.636263]],[[-71.234673,-30.654244],[-71.235291,-30.649806],[-71.240302,-30.64834],[-71.244695,-30.651313],[-71.244077,-30.655751],[-71.24847,-30.658724],[-71.253481,-30.657258],[-71.254099,-30.652819],[-71.25911,-30.651353],[-71.263504,-30.654325],[-71.268516,-30.652859],[-71.27291,-30.655831],[-71.272293,-30.660269],[-71.276687,-30.663241],[-71.2817,-30.661774],[-71.282317,-30.657336],[-71.287329,-30.655868],[-71.287946,-30.651429],[-71.283552,-30.648457],[-71.27854,-30.649925],[-71.274145,-30.646953],[-71.274763,-30.642513],[-71.279774,-30.641046],[-71.284169,-30.644018],[-71.289181,-30.64255],[-71.289798,-30.63811],[-71.29481,-30.636642],[-71.295427,-30.632201],[-71.291033,-30.629229],[-71.286021,-30.630698],[-71.281626,-30.627725],[-71.276615,-30.629193],[-71.275997,-30.633634],[-71.270986,-30.635101],[-71.270368,-30.639541],[-71.265357,-30.641008],[-71.260963,-30.638036],[-71.261581,-30.633596],[-71.257187,-30.630623],[-71.252177,-30.63209],[-71.247783,-30.629117],[-71.248401,-30.624677],[-71.244008,-30.621704],[-71.238998,-30.623171],[-71.234606,-30.620197],[-71.235224,-30.615757],[-71.230832,-30.612783],[-71.23145,-30.608343],[-71.227058,-30.605369],[-71.227676,-30.600928],[-71.223284,-30.597953],[-71.218275,-30.59942],[-71.213884,-30.596445],[-71.214502,-30.592004],[-71.210111,-30.589029],[-71.210729,-30.584588],[-71.206339,-30.581613],[-71.206957,-30.577171],[-71.202567,-30.574195],[-71.197559,-30.575662],[-71.193169,-30.572686],[-71.193787,-30.568244],[-71.189398,-30.565268],[-71.190016,-30.560826],[-71.185627,-30.55785],[-71.180619,-30.559316],[-71.180001,-30.563759],[-71.18439,-30.566735],[-71.183772,-30.571177],[-71.178764,-30.572643],[-71.178146,-30.577084],[-71.173138,-30.57855],[-71.168749,-30.575574],[-71.163742,-30.577039],[-71.163124,-30.58148],[-71.167512,-30.584456],[-71.17252,-30.582991],[-71.176909,-30.585967],[-71.17629,-30.590408],[-71.171283,-30.591873],[-71.166894,-30.588897],[-71.161886,-30.590361],[-71.157498,-30.587385],[-71.152491,-30.588849],[-71.151872,-30.59329],[-71.146865,-30.594753],[-71.146246,-30.599193],[-71.150634,-30.602169],[-71.150015,-30.606608],[-71.154404,-30.609584],[-71.159411,-30.608121],[-71.16003,-30.603681],[-71.165038,-30.602217],[-71.169427,-30.605193],[-71.174435,-30.603728],[-71.175053,-30.599288],[-71.180061,-30.597824],[-71.18068,-30.593383],[-71.185688,-30.591918],[-71.190077,-30.594893],[-71.189459,-30.599334],[-71.184451,-30.600799],[-71.183832,-30.605239],[-71.178824,-30.606704],[-71.178206,-30.611143],[-71.182595,-30.614118],[-71.181977,-30.618558],[-71.186367,-30.621532],[-71.191376,-30.620068],[-71.195766,-30.623042],[-71.200775,-30.621578],[-71.205166,-30.624552],[-71.204548,-30.628991],[-71.208939,-30.631965],[-71.208321,-30.636404],[-71.212712,-30.639378],[-71.217722,-30.637913],[-71.21834,-30.633474],[-71.213948,-30.6305],[-71.214567,-30.626061],[-71.219576,-30.624595],[-71.223968,-30.627569],[-71.22335,-30.632008],[-71.227742,-30.634982],[-71.227124,-30.639421],[-71.231516,-30.642394],[-71.230898,-30.646833],[-71.225888,-30.648298],[-71.22527,-30.652736],[-71.229662,-30.655709],[-71.234673,-30.654244]],[[-71.18952,-30.633384],[-71.193911,-30.636359],[-71.19892,-30.634894],[-71.199538,-30.630456],[-71.195148,-30.627481],[-71.190139,-30.628946],[-71.18952,-30.633384]],[[-71.242087,-30.600967],[-71.246479,-30.603941],[-71.251489,-30.602473],[-71.252107,-30.598032],[-71.247715,-30.595058],[-71.242705,-30.596526],[-71.242087,-30.600967]],[[-71.198733,-30.532696],[-71.193725,-30.534164],[-71.193107,-30.538609],[-71.1881,-30.540076],[-71.187482,-30.54452],[-71.191871,-30.547496],[-71.196878,-30.546029],[-71.201268,-30.549005],[-71.206275,-30.547537],[-71.210665,-30.550513],[-71.215673,-30.549045],[-71.216291,-30.544601],[-71.211901,-30.541625],[-71.212519,-30.537181],[-71.217527,-30.535712],[-71.218145,-30.531267],[-71.213755,-30.528291],[-71.214373,-30.523846],[-71.209983,-30.520869],[-71.204976,-30.522338],[-71.204358,-30.526783],[-71.199351,-30.528252],[-71.198733,-30.532696]],[[-71.168691,-30.5415],[-71.163684,-30.542967],[-71.163066,-30.54741],[-71.167454,-30.550387],[-71.172461,-30.54892],[-71.173079,-30.544477],[-71.168691,-30.5415]],[[-71.155585,-30.566645],[-71.159973,-30.569621],[-71.16498,-30.568156],[-71.169368,-30.571132],[-71.174375,-30.569667],[-71.174994,-30.565225],[-71.170605,-30.562248],[-71.165598,-30.563714],[-71.16121,-30.560737],[-71.156203,-30.562203],[-71.155585,-30.566645]],[[-71.229463,-30.553528],[-71.225072,-30.550552],[-71.220064,-30.552021],[-71.219446,-30.556464],[-71.223836,-30.55944],[-71.228845,-30.557971],[-71.233236,-30.560946],[-71.238245,-30.559478],[-71.238863,-30.555034],[-71.234472,-30.552059],[-71.229463,-30.553528]],[[-71.172961,-30.476286],[-71.172342,-30.480734],[-71.17673,-30.483712],[-71.181736,-30.482243],[-71.182354,-30.477795],[-71.177966,-30.474817],[-71.172961,-30.476286]],[[-71.090411,-30.517532],[-71.086027,-30.514553],[-71.081024,-30.516017],[-71.080404,-30.52046],[-71.084788,-30.523439],[-71.089792,-30.521975],[-71.090411,-30.517532]],[[-71.442059,-30.580603],[-71.447074,-30.579126],[-71.447689,-30.574679],[-71.443289,-30.571709],[-71.443904,-30.567261],[-71.439504,-30.564291],[-71.440119,-30.559844],[-71.43572,-30.556873],[-71.430705,-30.558351],[-71.43009,-30.562798],[-71.434489,-30.565769],[-71.433874,-30.570216],[-71.438274,-30.573186],[-71.437659,-30.577633],[-71.442059,-30.580603]],[[-71.385135,-30.644234],[-71.385751,-30.639792],[-71.381353,-30.636822],[-71.381969,-30.63238],[-71.386983,-30.630908],[-71.387599,-30.626465],[-71.383201,-30.623495],[-71.378186,-30.624968],[-71.37757,-30.62941],[-71.372556,-30.630882],[-71.368158,-30.627912],[-71.363144,-30.629384],[-71.362527,-30.633826],[-71.357513,-30.635297],[-71.356897,-30.639739],[-71.361295,-30.642709],[-71.360678,-30.64715],[-71.365076,-30.65012],[-71.370091,-30.648649],[-71.370707,-30.644208],[-71.375722,-30.642736],[-71.38012,-30.645706],[-71.385135,-30.644234]],[[-71.323193,-30.709229],[-71.323809,-30.704793],[-71.319412,-30.701823],[-71.314398,-30.70329],[-71.313781,-30.707727],[-71.318178,-30.710696],[-71.323193,-30.709229]],[[-71.302367,-30.651465],[-71.306762,-30.654436],[-71.311775,-30.652967],[-71.312392,-30.648528],[-71.317405,-30.647059],[-71.318022,-30.642618],[-71.323035,-30.641149],[-71.323652,-30.636708],[-71.328665,-30.635238],[-71.333061,-30.638209],[-71.338075,-30.636739],[-71.342472,-30.63971],[-71.347486,-30.638239],[-71.348102,-30.633798],[-71.343705,-30.630827],[-71.344321,-30.626385],[-71.339925,-30.623414],[-71.334911,-30.624885],[-71.330515,-30.621914],[-71.325502,-30.623384],[-71.324885,-30.627826],[-71.319873,-30.629296],[-71.315477,-30.626324],[-71.310464,-30.627794],[-71.309847,-30.632235],[-71.314243,-30.635206],[-71.313626,-30.639647],[-71.308613,-30.641116],[-71.307996,-30.645556],[-71.302984,-30.647025],[-71.298588,-30.644053],[-71.293576,-30.645522],[-71.292959,-30.649961],[-71.297354,-30.652933],[-71.302367,-30.651465]],[[-71.492219,-30.56582],[-71.496621,-30.568789],[-71.501638,-30.567309],[-71.502252,-30.56286],[-71.49785,-30.559891],[-71.492833,-30.561371],[-71.492219,-30.56582]],[[-71.311621,-30.58484],[-71.312238,-30.580396],[-71.307843,-30.577423],[-71.302832,-30.578894],[-71.298437,-30.575921],[-71.293426,-30.577392],[-71.292809,-30.581835],[-71.297203,-30.584808],[-71.302215,-30.583338],[-71.306609,-30.586311],[-71.311621,-30.58484]],[[-71.317249,-30.578924],[-71.321644,-30.581897],[-71.326656,-30.580425],[-71.327273,-30.575981],[-71.322878,-30.573008],[-71.317866,-30.57448],[-71.317249,-30.578924]],[[-71.351184,-30.611587],[-71.346171,-30.613058],[-71.345554,-30.617501],[-71.349951,-30.620472],[-71.354965,-30.619],[-71.355581,-30.614558],[-71.351184,-30.611587]],[[-71.309693,-30.564089],[-71.31031,-30.559644],[-71.315321,-30.558172],[-71.315938,-30.553726],[-71.311544,-30.550753],[-71.31216,-30.546307],[-71.307766,-30.543333],[-71.302756,-30.544806],[-71.302139,-30.549252],[-71.297128,-30.550724],[-71.296511,-30.555169],[-71.300905,-30.558143],[-71.300288,-30.562588],[-71.304682,-30.565561],[-71.309693,-30.564089]],[[-71.27469,-30.608457],[-71.279701,-30.606988],[-71.280319,-30.602546],[-71.275925,-30.599573],[-71.270914,-30.601042],[-71.270297,-30.605484],[-71.27469,-30.608457]],[[-71.375636,-30.608668],[-71.376252,-30.604224],[-71.371855,-30.601253],[-71.366841,-30.602726],[-71.366225,-30.60717],[-71.361211,-30.608642],[-71.360595,-30.613086],[-71.364992,-30.616056],[-71.370006,-30.614584],[-71.370622,-30.610141],[-71.375636,-30.608668]],[[-71.309616,-30.529994],[-71.31401,-30.532968],[-71.319021,-30.531494],[-71.319638,-30.527047],[-71.315244,-30.524073],[-71.310233,-30.525547],[-71.309616,-30.529994]]]},"properties":{"comuna":"Ovalle","mancha_id":"04301-88b21960b1fffff","clase":"Bajo","nivel_medio":1.074,"nivel_medio_min":0.501,"nivel_medio_max":1.498,"pct_alto":5.7,"n_hexagonos":1185,"area_ha":79351.77}},{"type":"Feature","geometry":{"type":"Polygon","coordinates":[[[-71.234069,-30.347282],[-71.234686,-30.342825],[-71.239691,-30.341349],[-71.244079,-30.344328],[-71.243462,-30.348785],[-71.238457,-30.350262],[-71.234069,-30.347282]]]},"properties":{"comuna":"Ovalle","mancha_id":"04301-88b219609dfffff","clase":"Bajo","nivel_medio":1.402,"nivel_medio_min":1.402,"nivel_medio_max":1.402,"pct_alto":3.0,"n_hexagonos":1,"area_ha":68.41}},{"type":"Feature","geometry":{"type":"Polygon","coordinates":[[[-71.688082,-30.542056],[-71.688693,-30.537602],[-71.684284,-30.534637],[-71.684896,-30.530182],[-71.689917,-30.528693],[-71.693145,-30.530863],[-71.69326,-30.53107],[-71.69351,-30.53144],[-71.69365,-30.53189],[-71.69372,-30.53215],[-71.69372,-30.53271],[-71.69372,-30.53285],[-71.69371,-30.53295],[-71.69373,-30.53365],[-71.69378,-30.53399],[-71.69388,-30.53435],[-71.693937,-30.5345],[-71.693715,-30.536112],[-71.694458,-30.536612],[-71.69445,-30.53693],[-71.69434,-30.53788],[-71.69411,-30.53844],[-71.69406,-30.53865],[-71.69408,-30.53893],[-71.69416,-30.53935],[-71.69447,-30.54021],[-71.69457,-30.54049],[-71.69452,-30.54074],[-71.6944,-30.541],[-71.69439,-30.54125],[-71.69442,-30.54155],[-71.69452,-30.54187],[-71.69453,-30.54211],[-71.69457,-30.54242],[-71.69452,-30.5427],[-71.69439,-30.54318],[-71.69439,-30.54355],[-71.69439,-30.54386],[-71.69451,-30.54427],[-71.694566,-30.544405],[-71.692492,-30.54502],[-71.688082,-30.542056]]]},"properties":{"comuna":"Ovalle","mancha_id":"04301-88b2e6db65fffff","clase":"Medio","nivel_medio":2.218,"nivel_medio_min":1.876,"nivel_medio_max":2.448,"pct_alto":72.8,"n_hexagonos":2,"area_ha":112.62}},{"type":"Feature","geometry":{"type":"Polygon","coordinates":[[[-71.574953,-30.524302],[-71.575566,-30.519849],[-71.580585,-30.518364],[-71.58499,-30.521332],[-71.584377,-30.525785],[-71.579358,-30.52727],[-71.574953,-30.524302]]]},"properties":{"comuna":"Ovalle","mancha_id":"04301-88b2e6da5dfffff","clase":"Medio","nivel_medio":2.223,"nivel_medio_min":2.223,"nivel_medio_max":2.223,"pct_alto":36.9,"n_hexagonos":1,"area_ha":68.42}},{"type":"Feature","geometry":{"type":"Polygon","coordinates":[[[-71.576905,-30.545078],[-71.577518,-30.540626],[-71.582537,-30.539142],[-71.586942,-30.542109],[-71.586329,-30.546561],[-71.58131,-30.548045],[-71.576905,-30.545078]]]},"properties":{"comuna":"Ovalle","mancha_id":"04301-88b2e6da1dfffff","clase":"Medio","nivel_medio":2.236,"nivel_medio_min":2.236,"nivel_medio_max":2.236,"pct_alto":36.2,"n_hexagonos":1,"area_ha":68.4}},{"type":"Feature","geometry":{"type":"Polygon","coordinates":[[[-71.695805,-30.591021],[-71.696417,-30.58657],[-71.70144,-30.585082],[-71.705851,-30.588045],[-71.70524,-30.592496],[-71.700216,-30.593984],[-71.695805,-30.591021]]]},"properties":{"comuna":"Ovalle","mancha_id":"04301-88b2e6d96bfffff","clase":"Medio","nivel_medio":2.498,"nivel_medio_min":2.498,"nivel_medio_max":2.498,"pct_alto":81.0,"n_hexagonos":1,"area_ha":68.42}},{"type":"Feature","geometry":{"type":"Polygon","coordinates":[[[-71.712839,-30.607324],[-71.713451,-30.602873],[-71.709039,-30.599911],[-71.709651,-30.59546],[-71.713316,-30.594374],[-71.71333,-30.5944],[-71.71348,-30.59449],[-71.71361,-30.5945],[-71.71378,-30.59448],[-71.71394,-30.59447],[-71.7141,-30.59454],[-71.71428,-30.59472],[-71.71444,-30.5948],[-71.71458,-30.59482],[-71.71472,-30.59486],[-71.7148,-30.59497],[-71.71476,-30.59513],[-71.7147,-30.59525],[-71.71471,-30.59541],[-71.71487,-30.59558],[-71.715165,-30.595711],[-71.71577,-30.59578],[-71.71608,-30.59587],[-71.71634,-30.59605],[-71.71646,-30.5962],[-71.71649,-30.59637],[-71.71671,-30.59665],[-71.7168,-30.59688],[-71.71682,-30.59712],[-71.71676,-30.59738],[-71.71666,-30.59749],[-71.71654,-30.59755],[-71.71637,-30.59759],[-71.71627,-30.59764],[-71.71631,-30.59775],[-71.71641,-30.59783],[-71.71642,-30.59796],[-71.71629,-30.59809],[-71.71607,-30.59823],[-71.71588,-30.59825],[-71.7157,-30.59819],[-71.71539,-30.59805],[-71.71521,-30.59794],[-71.71509,-30.59788],[-71.71498,-30.59789],[-71.71491,-30.59799],[-71.71492,-30.5982],[-71.71482,-30.59834],[-71.71478,-30.59845],[-71.71482,-30.59858],[-71.71479,-30.59872],[-71.71466,-30.59877],[-71.7146,-30.59886],[-71.71459,-30.59895],[-71.71449,-30.59903],[-71.71437,-30.59916],[-71.71435,-30.59928],[-71.71437,-30.59935],[-71.71448,-30.59942],[-71.71467,-30.59945],[-71.71482,-30.59948],[-71.71495,-30.59961],[-71.71497,-30.59976],[-71.71498,-30.5999],[-71.71503,-30.60006],[-71.71521,-30.60022],[-71.71542,-30.6003],[-71.71559,-30.60031],[-71.71581,-30.6004],[-71.71591,-30.60056],[-71.71601,-30.6006],[-71.71619,-30.60058],[-71.71634,-30.60057],[-71.7165,-30.60061],[-71.71666,-30.60074],[-71.71674,-30.60084],[-71.7169,-30.60084],[-71.71699,-30.60086],[-71.7171,-30.60095],[-71.71731,-30.60117],[-71.71746,-30.60126],[-71.71757,-30.60139],[-71.71758,-30.60152],[-71.717668,-30.601624],[-71.71769,-30.60165],[-71.7178,-30.6018],[-71.71782,-30.60197],[-71.71776,-30.60218],[-71.71761,-30.60227],[-71.7175,-30.60234],[-71.71733,-30.60247],[-71.71714,-30.60274],[-71.71698,-30.60295],[-71.7169,-30.60306],[-71.71687,-30.60319],[-71.71689,-30.60331],[-71.71694,-30.60334],[-71.71703,-30.60341],[-71.71717,-30.60348],[-71.71725,-30.60362],[-71.71721,-30.6038],[-71.7172,-30.60397],[-71.71721,-30.60414],[-71.71717,-30.60431],[-71.71704,-30.60447],[-71.71686,-30.60456],[-71.71678,-30.60451],[-71.71672,-30.60445],[-71.71668,-30.60436],[-71.71663,-30.60432],[-71.71653,-30.60432],[-71.71639,-30.60435],[-71.71637,-30.60442],[-71.71644,-30.60451],[-71.71654,-30.60461],[-71.71657,-30.60478],[-71.71651,-30.60493],[-71.71652,-30.60508],[-71.71655,-30.6052],[-71.71645,-30.6054],[-71.71637,-30.60552],[-71.7163,-30.60564],[-71.7163,-30.60576],[-71.71627,-30.60592],[-71.71613,-30.60607],[-71.71598,-30.60607],[-71.71582,-30.60602],[-71.71575,-30.60592],[-71.71567,-30.60588],[-71.71556,-30.60595],[-71.71548,-30.60605],[-71.71553,-30.60616],[-71.71557,-30.60627],[-71.71549,-30.60636],[-71.71535,-30.60645],[-71.7153,-30.60649],[-71.71517,-30.60652],[-71.71509,-30.60665],[-71.71507,-30.60676],[-71.715,-30.60683],[-71.71484,-30.60703],[-71.71475,-30.60711],[-71.71461,-30.60717],[-71.71455,-30.6073],[-71.7145,-30.60733],[-71.71436,-30.60734],[-71.71426,-30.60736],[-71.71414,-30.60745],[-71.71396,-30.60751],[-71.71383,-30.6075],[-71.71372,-30.60751],[-71.71361,-30.60764],[-71.71364,-30.60778],[-71.71375,-30.6079],[-71.713799,-30.607968],[-71.712839,-30.607324]]]},"properties":{"comuna":"Ovalle","mancha_id":"04301-88b2e6d92dfffff","clase":"Medio","nivel_medio":2.203,"nivel_medio_min":2.121,"nivel_medio_max":2.228,"pct_alto":71.4,"n_hexagonos":2,"area_ha":66.46}},{"type":"Feature","geometry":{"type":"Polygon","coordinates":[[[-71.648644,-30.583633],[-71.649257,-30.579183],[-71.654278,-30.577697],[-71.658688,-30.580661],[-71.658075,-30.585112],[-71.653054,-30.586598],[-71.648644,-30.583633]]]},"properties":{"comuna":"Ovalle","mancha_id":"04301-88b2e6d865fffff","clase":"Medio","nivel_medio":2.496,"nivel_medio_min":2.496,"nivel_medio_max":2.496,"pct_alto":69.7,"n_hexagonos":1,"area_ha":68.4}},{"type":"Feature","geometry":{"type":"Polygon","coordinates":[[[-71.309616,-30.529994],[-71.310233,-30.525547],[-71.315244,-30.524073],[-71.319638,-30.527047],[-71.319021,-30.531494],[-71.31401,-30.532968],[-71.309616,-30.529994]]]},"properties":{"comuna":"Ovalle","mancha_id":"04301-88b2e6d661fffff","clase":"Medio","nivel_medio":1.768,"nivel_medio_min":1.768,"nivel_medio_max":1.768,"pct_alto":4.5,"n_hexagonos":1,"area_ha":68.23}},{"type":"Feature","geometry":{"type":"Polygon","coordinates":[[[-71.315321,-30.558172],[-71.31031,-30.559644],[-71.309693,-30.564089],[-71.304682,-30.565561],[-71.300288,-30.562588],[-71.300905,-30.558143],[-71.296511,-30.555169],[-71.297128,-30.550724],[-71.302139,-30.549252],[-71.302756,-30.544806],[-71.307766,-30.543333],[-71.31216,-30.546307],[-71.311544,-30.550753],[-71.315938,-30.553726],[-71.315321,-30.558172]]]},"properties":{"comuna":"Ovalle","mancha_id":"04301-88b2e6d623fffff","clase":"Medio","nivel_medio":1.673,"nivel_medio_min":1.567,"nivel_medio_max":1.843,"pct_alto":3.6,"n_hexagonos":4,"area_ha":272.74}},{"type":"Feature","geometry":{"type":"Polygon","coordinates":[[[-71.345554,-30.617501],[-71.346171,-30.613058],[-71.351184,-30.611587],[-71.355581,-30.614558],[-71.354965,-30.619],[-71.349951,-30.620472],[-71.345554,-30.617501]]]},"properties":{"comuna":"Ovalle","mancha_id":"04301-88b2e6d5cdfffff","clase":"Medio","nivel_medio":1.711,"nivel_medio_min":1.711,"nivel_medio_max":1.711,"pct_alto":30.1,"n_hexagonos":1,"area_ha":68.14}},{"type":"Feature","geometry":{"type":"Polygon","coordinates":[[[-71.360595,-30.613086],[-71.361211,-30.608642],[-71.366225,-30.60717],[-71.366841,-30.602726],[-71.371855,-30.601253],[-71.376252,-30.604224],[-71.375636,-30.608668],[-71.370622,-30.610141],[-71.370006,-30.614584],[-71.364992,-30.616056],[-71.360595,-30.613086]]]},"properties":{"comuna":"Ovalle","mancha_id":"04301-88b2e6d511fffff","clase":"Medio","nivel_medio":1.837,"nivel_medio_min":1.8,"nivel_medio_max":1.873,"pct_alto":28.9,"n_hexagonos":2,"area_ha":136.32}},{"type":"Feature","geometry":{"type":"Polygon","coordinates":[[[-71.270297,-30.605484],[-71.270914,-30.601042],[-71.275925,-30.599573],[-71.280319,-30.602546],[-71.279701,-30.606988],[-71.27469,-30.608457],[-71.270297,-30.605484]]]},"properties":{"comuna":"Ovalle","mancha_id":"04301-88b2e6d4c9fffff","clase":"Medio","nivel_medio":1.539,"nivel_medio_min":1.539,"nivel_medio_max":1.539,"pct_alto":1.7,"n_hexagonos":1,"area_ha":68.1}},{"type":"Feature","geometry":{"type":"Polygon","coordinates":[[[-71.292959,-30.649961],[-71.293576,-30.645522],[-71.298588,-30.644053],[-71.302984,-30.647025],[-71.307996,-30.645556],[-71.308613,-30.641116],[-71.313626,-30.639647],[-71.314243,-30.635206],[-71.309847,-30.632235],[-71.310464,-30.627794],[-71.315477,-30.626324],[-71.319873,-30.629296],[-71.324885,-30.627826],[-71.325502,-30.623384],[-71.330515,-30.621914],[-71.334911,-30.624885],[-71.339925,-30.623414],[-71.344321,-30.626385],[-71.343705,-30.630827],[-71.348102,-30.633798],[-71.347486,-30.638239],[-71.342472,-30.63971],[-71.338075,-30.636739],[-71.338691,-30.632298],[-71.334295,-30.629327],[-71.329282,-30.630797],[-71.328665,-30.635238],[-71.323652,-30.636708],[-71.323035,-30.641149],[-71.318022,-30.642618],[-71.317405,-30.647059],[-71.312392,-30.648528],[-71.311775,-30.652967],[-71.306762,-30.654436],[-71.302367,-30.651465],[-71.297354,-30.652933],[-71.292959,-30.649961]]]},"properties":{"comuna":"Ovalle","mancha_id":"04301-88b2e6d4a3fffff","clase":"Medio","nivel_medio":1.793,"nivel_medio_min":1.527,"nivel_medio_max":2.309,"pct_alto":27.9,"n_hexagonos":9,"area_ha":612.79}},{"type":"Feature","geometry":{"type":"Polygon","coordinates":[[[-71.292809,-30.581835],[-71.293426,-30.577392],[-71.298437,-30.575921],[-71.302832,-30.578894],[-71.307843,-30.577423],[-71.312238,-30.580396],[-71.311621,-30.58484],[-71.306609,-30.586311],[-71.302215,-30.583338],[-71.297203,-30.584808],[-71.292809,-30.581835]]]},"properties":{"comuna":"Ovalle","mancha_id":"04301-88b2e6d451fffff","clase":"Medio","nivel_medio":1.604,"nivel_medio_min":1.52,"nivel_medio_max":1.688,"pct_alto":27.5,"n_hexagonos":2,"area_ha":136.3}},{"type":"Feature","geometry":{"type":"Polygon","coordinates":[[[-71.317249,-30.578924],[-71.317866,-30.57448],[-71.322878,-30.573008],[-71.327273,-30.575981],[-71.326656,-30.580425],[-71.321644,-30.581897],[-71.317249,-30.578924]]]},"properties":{"comuna":"Ovalle","mancha_id":"04301-88b2e6d447fffff","clase":"Medio","nivel_medio":1.855,"nivel_medio_min":1.855,"nivel_medio_max":1.855,"pct_alto":22.6,"n_hexagonos":1,"area_ha":68.17}},{"type":"Feature","geometry":{"type":"Polygon","coordinates":[[[-71.492219,-30.56582],[-71.492833,-30.561371],[-71.49785,-30.559891],[-71.502252,-30.56286],[-71.501638,-30.567309],[-71.496621,-30.568789],[-71.492219,-30.56582]]]},"properties":{"comuna":"Ovalle","mancha_id":"04301-88b2e6d18dfffff","clase":"Medio","nivel_medio":1.526,"nivel_medio_min":1.526,"nivel_medio_max":1.526,"pct_alto":26.3,"n_hexagonos":1,"area_ha":68.31}},{"type":"Feature","geometry":{"type":"Polygon","coordinates":[[[-71.43009,-30.562798],[-71.430705,-30.558351],[-71.43572,-30.556873],[-71.440119,-30.559844],[-71.439504,-30.564291],[-71.443904,-30.567261],[-71.443289,-30.571709],[-71.447689,-30.574679],[-71.447074,-30.579126],[-71.442059,-30.580603],[-71.437659,-30.577633],[-71.438274,-30.573186],[-71.433874,-30.570216],[-71.434489,-30.565769],[-71.43009,-30.562798]]]},"properties":{"comuna":"Ovalle","mancha_id":"04301-88b2e6d085fffff","clase":"Medio","nivel_medio":1.691,"nivel_medio_min":1.586,"nivel_medio_max":1.801,"pct_alto":25.0,"n_hexagonos":3,"area_ha":204.78}},{"type":"Feature","geometry":{"type":"Polygon","coordinates":[[[-71.481752,-30.850007],[-71.482367,-30.845576],[-71.487389,-30.844107],[-71.491795,-30.847069],[-71.49118,-30.8515],[-71.486158,-30.852969],[-71.481752,-30.850007]]]},"properties":{"comuna":"Ovalle","mancha_id":"04301-88b2e6cddbfffff","clase":"Medio","nivel_medio":1.881,"nivel_medio_min":1.881,"nivel_medio_max":1.881,"pct_alto":42.9,"n_hexagonos":1,"area_ha":67.92}},{"type":"Feature","geometry":{"type":"Polygon","coordinates":[[[-71.703789,-30.708127],[-71.704401,-30.703683],[-71.699988,-30.700722],[-71.700025,-30.700452],[-71.70005,-30.70045],[-71.70022,-30.70044],[-71.70052,-30.70033],[-71.70068,-30.7003],[-71.70081,-30.70038],[-71.70083,-30.70049],[-71.70084,-30.70067],[-71.70087,-30.70078],[-71.701,-30.70077],[-71.70115,-30.70056],[-71.7013,-30.70044],[-71.7015,-30.70037],[-71.70162,-30.70035],[-71.70173,-30.70036],[-71.70173,-30.70049],[-71.70177,-30.70061],[-71.70196,-30.70074],[-71.70221,-30.70063],[-71.70238,-30.70065],[-71.7026,-30.70068],[-71.70278,-30.70068],[-71.7031,-30.70071],[-71.70329,-30.70079],[-71.70351,-30.70089],[-71.70368,-30.701],[-71.7037,-30.70106],[-71.70371,-30.7012],[-71.70371,-30.70131],[-71.70373,-30.70141],[-71.70393,-30.70156],[-71.70405,-30.70155],[-71.70418,-30.70142],[-71.70423,-30.70132],[-71.70436,-30.70131],[-71.70453,-30.70131],[-71.70464,-30.70122],[-71.70472,-30.70102],[-71.70482,-30.70092],[-71.70498,-30.70092],[-71.70503,-30.70106],[-71.70505,-30.70127],[-71.70508,-30.70146],[-71.70514,-30.70155],[-71.70538,-30.7016],[-71.7056,-30.70167],[-71.70575,-30.70182],[-71.70575,-30.70194],[-71.70581,-30.70208],[-71.70576,-30.70229],[-71.70559,-30.70255],[-71.70548,-30.70264],[-71.70548,-30.70278],[-71.70563,-30.70279],[-71.70581,-30.70266],[-71.70596,-30.70262],[-71.70611,-30.7026],[-71.70628,-30.70269],[-71.70634,-30.70287],[-71.70647,-30.70291],[-71.7066,-30.70301],[-71.706608,-30.703031],[-71.70672,-30.70332],[-71.70683,-30.70352],[-71.707,-30.70367],[-71.70736,-30.7037],[-71.70757,-30.70366],[-71.70776,-30.70371],[-71.70781,-30.70385],[-71.70778,-30.70415],[-71.70771,-30.70443],[-71.70767,-30.70463],[-71.70762,-30.70484],[-71.70754,-30.70493],[-71.70733,-30.7049],[-71.70722,-30.70486],[-71.70706,-30.70493],[-71.7069,-30.70504],[-71.70677,-30.70499],[-71.70669,-30.70495],[-71.70658,-30.70498],[-71.7064,-30.70517],[-71.70626,-30.70534],[-71.70604,-30.7054],[-71.70595,-30.70552],[-71.7058,-30.70576],[-71.70568,-30.70598],[-71.70559,-30.70613],[-71.70555,-30.70626],[-71.70566,-30.70637],[-71.70584,-30.7066],[-71.70598,-30.70656],[-71.70615,-30.70648],[-71.70632,-30.70648],[-71.70648,-30.70657],[-71.70666,-30.70682],[-71.70684,-30.70713],[-71.70711,-30.70734],[-71.70736,-30.70762],[-71.70747,-30.70783],[-71.70736,-30.70819],[-71.70735,-30.7084],[-71.70732,-30.7086],[-71.70723,-30.70878],[-71.70739,-30.70892],[-71.70738,-30.7091],[-71.70711,-30.70934],[-71.70699,-30.70948],[-71.707,-30.70958],[-71.70718,-30.70963],[-71.7073,-30.70987],[-71.7074,-30.71013],[-71.70744,-30.71039],[-71.70742,-30.710563],[-71.703789,-30.708127]]]},"properties":{"comuna":"Ovalle","mancha_id":"04301-88b2e6cb25fffff","clase":"Medio","nivel_medio":2.213,"nivel_medio_min":1.801,"nivel_medio_max":2.443,"pct_alto":58.1,"n_hexagonos":2,"area_ha":28.44}},{"type":"Feature","geometry":{"type":"Polygon","coordinates":[[[-71.600007,-30.691844],[-71.60062,-30.687401],[-71.605642,-30.685921],[-71.610051,-30.688884],[-71.609438,-30.693327],[-71.613847,-30.69629],[-71.613234,-30.700733],[-71.608211,-30.702213],[-71.603802,-30.69925],[-71.604415,-30.694807],[-71.600007,-30.691844]]]},"properties":{"comuna":"Ovalle","mancha_id":"04301-88b2e6ca03fffff","clase":"Medio","nivel_medio":2.461,"nivel_medio_min":2.429,"nivel_medio_max":2.493,"pct_alto":69.7,"n_hexagonos":2,"area_ha":136.43}},{"type":"Feature","geometry":{"type":"Polygon","coordinates":[[[-71.675726,-30.771801],[-71.676338,-30.767361],[-71.681364,-30.76588],[-71.685778,-30.76884],[-71.685165,-30.77328],[-71.680139,-30.77476],[-71.675726,-30.771801]]]},"properties":{"comuna":"Ovalle","mancha_id":"04301-88b2e6c9e9fffff","clase":"Medio","nivel_medio":2.409,"nivel_medio_min":2.409,"nivel_medio_max":2.409,"pct_alto":76.6,"n_hexagonos":1,"area_ha":68.16}},{"type":"Feature","geometry":{"type":"Polygon","coordinates":[[[-71.71115,-30.72305],[-71.71114,-30.72301],[-71.711392,-30.722935],[-71.711408,-30.722946],[-71.7114,-30.72299],[-71.71129,-30.72308],[-71.71115,-30.72305]]]},"properties":{"comuna":"Ovalle","mancha_id":"04301-88b2e6c945fffff","clase":"Medio","nivel_medio":1.913,"nivel_medio_min":1.913,"nivel_medio_max":1.913,"pct_alto":56.8,"n_hexagonos":1,"area_ha":0.02}},{"type":"Feature","geometry":{"type":"Polygon","coordinates":[[[-71.70745,-30.72956],[-71.70729,-30.7298],[-71.707195,-30.729828],[-71.706987,-30.729689],[-71.70697,-30.72966],[-71.70694,-30.72945],[-71.70674,-30.72937],[-71.70655,-30.72933],[-71.7065,-30.72917],[-71.70645,-30.7291],[-71.70626,-30.7292],[-71.706259,-30.729201],[-71.705754,-30.728862],[-71.706366,-30.724419],[-71.709835,-30.723395],[-71.70979,-30.72348],[-71.70974,-30.72371],[-71.70977,-30.72397],[-71.7097,-30.72418],[-71.70966,-30.72429],[-71.70972,-30.72449],[-71.7099,-30.72462],[-71.71005,-30.72472],[-71.71019,-30.72487],[-71.7104,-30.72501],[-71.71051,-30.72519],[-71.71057,-30.72542],[-71.71074,-30.72557],[-71.71087,-30.7257],[-71.71091,-30.72586],[-71.71078,-30.72603],[-71.7105,-30.72604],[-71.71028,-30.72603],[-71.71002,-30.72605],[-71.709819,-30.7262],[-71.70971,-30.72637],[-71.70964,-30.72655],[-71.70944,-30.72668],[-71.70903,-30.72675],[-71.70863,-30.72677],[-71.70836,-30.72685],[-71.70813,-30.72693],[-71.70801,-30.72701],[-71.70795,-30.72721],[-71.70796,-30.72741],[-71.70802,-30.72758],[-71.70806,-30.72764],[-71.70817,-30.7278],[-71.70843,-30.72813],[-71.70858,-30.72842],[-71.70864,-30.72869],[-71.70857,-30.7289],[-71.7084,-30.72907],[-71.70816,-30.72916],[-71.70787,-30.72919],[-71.70766,-30.72923],[-71.70751,-30.72939],[-71.70745,-30.72956]]]},"properties":{"comuna":"Ovalle","mancha_id":"04301-88b2e6c945fffff-2","clase":"Medio","nivel_medio":1.913,"nivel_medio_min":1.913,"nivel_medio_max":1.913,"pct_alto":56.8,"n_hexagonos":1,"area_ha":18.28}},{"type":"Feature","geometry":{"type":"Polygon","coordinates":[[[-71.69509,-30.73627],[-71.690677,-30.733309],[-71.685651,-30.734792],[-71.681239,-30.731831],[-71.681851,-30.727389],[-71.686876,-30.725906],[-71.687489,-30.721464],[-71.683076,-30.718503],[-71.683688,-30.71406],[-71.688713,-30.712577],[-71.689326,-30.708133],[-71.694351,-30.70665],[-71.698764,-30.709611],[-71.698152,-30.714054],[-71.702565,-30.717015],[-71.701953,-30.721458],[-71.696927,-30.722941],[-71.696315,-30.727384],[-71.700076,-30.729907],[-71.70003,-30.72995],[-71.69983,-30.73013],[-71.6995,-30.73048],[-71.69919,-30.73107],[-71.69904,-30.73144],[-71.69896,-30.73173],[-71.69875,-30.73234],[-71.69864,-30.73279],[-71.69863,-30.73306],[-71.69867,-30.73345],[-71.69884,-30.7338],[-71.69893,-30.73404],[-71.698977,-30.73412],[-71.69903,-30.73421],[-71.69918,-30.73427],[-71.69943,-30.73431],[-71.69971,-30.73435],[-71.69996,-30.73442],[-71.700148,-30.734554],[-71.700116,-30.734787],[-71.69509,-30.73627]]]},"properties":{"comuna":"Ovalle","mancha_id":"04301-88b2e6c943fffff","clase":"Medio","nivel_medio":2.016,"nivel_medio_min":1.672,"nivel_medio_max":2.37,"pct_alto":54.2,"n_hexagonos":6,"area_ha":402.72}},{"type":"Feature","geometry":{"type":"Polygon","coordinates":[[[-71.698279,-30.748114],[-71.693253,-30.749595],[-71.692641,-30.754037],[-71.697055,-30.756996],[-71.702081,-30.755515],[-71.704033,-30.756824],[-71.70401,-30.75687],[-71.70398,-30.75693],[-71.70397,-30.75708],[-71.70399,-30.75722],[-71.70405,-30.75736],[-71.70409,-30.7575],[-71.70418,-30.75781],[-71.70423,-30.75791],[-71.70453,-30.7582],[-71.7046,-30.75838],[-71.70459,-30.7585],[-71.70461,-30.75864],[-71.70463,-30.7587],[-71.70467,-30.75876],[-71.70474,-30.75892],[-71.70475,-30.75907],[-71.70484,-30.7595],[-71.70494,-30.75964],[-71.70502,-30.75978],[-71.70506,-30.75992],[-71.70506,-30.7602],[-71.70504,-30.76026],[-71.70502,-30.76035],[-71.70501,-30.7605],[-71.70503,-30.76057],[-71.70507,-30.76065],[-71.70515,-30.76071],[-71.70522,-30.76079],[-71.70528,-30.76092],[-71.70536,-30.76123],[-71.70543,-30.76129],[-71.70547,-30.76135],[-71.70562,-30.76146],[-71.70569,-30.76151],[-71.7058,-30.76158],[-71.70597,-30.76174],[-71.706035,-30.761812],[-71.705883,-30.762915],[-71.700856,-30.764397],[-71.696442,-30.761437],[-71.691416,-30.762919],[-71.687003,-30.759959],[-71.687615,-30.755518],[-71.683202,-30.752558],[-71.683814,-30.748117],[-71.679401,-30.745157],[-71.680014,-30.740715],[-71.685039,-30.739234],[-71.689452,-30.742194],[-71.694478,-30.740712],[-71.698892,-30.743672],[-71.698279,-30.748114]]]},"properties":{"comuna":"Ovalle","mancha_id":"04301-88b2e6c90bfffff","clase":"Medio","nivel_medio":2.29,"nivel_medio_min":1.818,"nivel_medio_max":2.478,"pct_alto":68.8,"n_hexagonos":5,"area_ha":334.96}},{"type":"Feature","geometry":{"type":"Polygon","coordinates":[[[-71.587121,-30.785088],[-71.587735,-30.780651],[-71.592758,-30.779174],[-71.597168,-30.782136],[-71.596555,-30.786573],[-71.591531,-30.788049],[-71.587121,-30.785088]]]},"properties":{"comuna":"Ovalle","mancha_id":"04301-88b2e6c883fffff","clase":"Medio","nivel_medio":2.411,"nivel_medio_min":2.411,"nivel_medio_max":2.411,"pct_alto":67.9,"n_hexagonos":1,"area_ha":68.09}},{"type":"Feature","geometry":{"type":"Polygon","coordinates":[[[-71.647291,-30.733314],[-71.647904,-30.728873],[-71.652928,-30.727392],[-71.65734,-30.730353],[-71.662364,-30.728872],[-71.666776,-30.731833],[-71.666163,-30.736275],[-71.661139,-30.737756],[-71.656727,-30.734795],[-71.651702,-30.736276],[-71.647291,-30.733314]]]},"properties":{"comuna":"Ovalle","mancha_id":"04301-88b2e6c863fffff","clase":"Medio","nivel_medio":2.306,"nivel_medio_min":2.237,"nivel_medio_max":2.375,"pct_alto":58.8,"n_hexagonos":2,"area_ha":136.4}},{"type":"Feature","geometry":{"type":"Polygon","coordinates":[[[-71.620944,-30.749593],[-71.61592,-30.751072],[-71.615307,-30.755511],[-71.610283,-30.756989],[-71.605873,-30.754028],[-71.606487,-30.749588],[-71.602077,-30.746626],[-71.60269,-30.742186],[-71.607714,-30.740708],[-71.612124,-30.74367],[-71.617147,-30.742191],[-71.621558,-30.745153],[-71.620944,-30.749593]]]},"properties":{"comuna":"Ovalle","mancha_id":"04301-88b2e6c811fffff","clase":"Medio","nivel_medio":2.305,"nivel_medio_min":2.013,"nivel_medio_max":2.481,"pct_alto":55.9,"n_hexagonos":3,"area_ha":204.44}},{"type":"Feature","geometry":{"type":"Polygon","coordinates":[[[-71.291256,-30.731332],[-71.286242,-30.732796],[-71.286023,-30.732648],[-71.286139,-30.73241],[-71.286338,-30.732156],[-71.286603,-30.731954],[-71.286798,-30.731743],[-71.286874,-30.731507],[-71.286867,-30.731304],[-71.286837,-30.731127],[-71.286798,-30.730882],[-71.286766,-30.730687],[-71.286711,-30.730536],[-71.286572,-30.730273],[-71.286365,-30.729911],[-71.28625,-30.729631],[-71.286191,-30.72937],[-71.286184,-30.729141],[-71.286242,-30.728884],[-71.28629,-30.728622],[-71.286346,-30.728273],[-71.286393,-30.727971],[-71.28638,-30.727673],[-71.286322,-30.727487],[-71.28625,-30.727312],[-71.286107,-30.727153],[-71.285869,-30.727034],[-71.285559,-30.726978],[-71.285289,-30.727026],[-71.284956,-30.727129],[-71.284687,-30.727233],[-71.284331,-30.72733],[-71.284104,-30.727354],[-71.283835,-30.727373],[-71.283595,-30.727379],[-71.283433,-30.727395],[-71.283069,-30.727443],[-71.282758,-30.727454],[-71.282317,-30.727422],[-71.282182,-30.727412],[-71.282464,-30.725392],[-71.287477,-30.723927],[-71.291874,-30.726897],[-71.291256,-30.731332]]]},"properties":{"comuna":"Ovalle","mancha_id":"04301-88b2e6c6a9fffff","clase":"Medio","nivel_medio":1.55,"nivel_medio_min":1.55,"nivel_medio_max":1.55,"pct_alto":4.7,"n_hexagonos":1,"area_ha":48.39}},{"type":"Feature","geometry":{"type":"Polygon","coordinates":[[[-71.286868,-30.73807],[-71.290021,-30.7402],[-71.289889,-30.741153],[-71.289728,-30.741129],[-71.289466,-30.741065],[-71.289157,-30.740978],[-71.288926,-30.740906],[-71.288633,-30.740811],[-71.288394,-30.740692],[-71.288212,-30.740565],[-71.288005,-30.740374],[-71.287711,-30.74016],[-71.287555,-30.740015],[-71.287439,-30.739916],[-71.287331,-30.739775],[-71.287215,-30.739584],[-71.287025,-30.73929],[-71.286892,-30.739083],[-71.28678,-30.738905],[-71.286727,-30.738772],[-71.286702,-30.738623],[-71.286711,-30.738397],[-71.286798,-30.738183],[-71.286868,-30.73807]]]},"properties":{"comuna":"Ovalle","mancha_id":"04301-88b2e6c6a3fffff","clase":"Medio","nivel_medio":1.57,"nivel_medio_min":1.57,"nivel_medio_max":1.57,"pct_alto":3.7,"n_hexagonos":1,"area_ha":4.64}},{"type":"Feature","geometry":{"type":"Polygon","coordinates":[[[-71.278685,-30.717987],[-71.278068,-30.722422],[-71.277803,-30.722499],[-71.277663,-30.722324],[-71.277546,-30.722142],[-71.277417,-30.721809],[-71.27733,-30.721472],[-71.277306,-30.721251],[-71.2773,-30.720958],[-71.277289,-30.720761],[-71.277371,-30.720353],[-71.277415,-30.720097],[-71.27741,-30.719823],[-71.277368,-30.719629],[-71.277335,-30.719501],[-71.277264,-30.719364],[-71.27711,-30.719178],[-71.276951,-30.718933],[-71.276718,-30.71859],[-71.276408,-30.718247],[-71.276049,-30.717888],[-71.275802,-30.717642],[-71.275622,-30.717519],[-71.275419,-30.717386],[-71.275151,-30.717202],[-71.274874,-30.716994],[-71.274676,-30.716785],[-71.274557,-30.716648],[-71.274463,-30.716473],[-71.274359,-30.716293],[-71.274226,-30.716142],[-71.27408,-30.715869],[-71.273967,-30.715549],[-71.273867,-30.715289],[-71.273777,-30.715166],[-71.27429,-30.715016],[-71.278685,-30.717987]]]},"properties":{"comuna":"Ovalle","mancha_id":"04301-88b2e6c68dfffff","clase":"Medio","nivel_medio":1.681,"nivel_medio_min":1.681,"nivel_medio_max":1.681,"pct_alto":0.4,"n_hexagonos":1,"area_ha":11.32}},{"type":"Feature","geometry":{"type":"Polygon","coordinates":[[[-71.263161,-30.735283],[-71.261793,-30.735682],[-71.261175,-30.740116],[-71.256162,-30.741579],[-71.251767,-30.738609],[-71.252385,-30.734175],[-71.24799,-30.731204],[-71.248608,-30.726771],[-71.253621,-30.725307],[-71.258016,-30.728278],[-71.260534,-30.727543],[-71.260787,-30.727859],[-71.260986,-30.728258],[-71.261054,-30.728608],[-71.261019,-30.729154],[-71.260986,-30.729686],[-71.26104,-30.73013],[-71.260986,-30.730383],[-71.260986,-30.731014],[-71.261094,-30.731379],[-71.261176,-30.731841],[-71.261298,-30.732371],[-71.261517,-30.732873],[-71.261719,-30.733253],[-71.261977,-30.733634],[-71.262314,-30.734135],[-71.262547,-30.734401],[-71.26285,-30.734744],[-71.263121,-30.735185],[-71.263161,-30.735283]]]},"properties":{"comuna":"Ovalle","mancha_id":"04301-88b2e6c683fffff","clase":"Medio","nivel_medio":1.628,"nivel_medio_min":1.542,"nivel_medio_max":1.976,"pct_alto":2.5,"n_hexagonos":3,"area_ha":161.41}},{"type":"Feature","geometry":{"type":"Polygon","coordinates":[[[-71.313781,-30.707727],[-71.314398,-30.70329],[-71.319412,-30.701823],[-71.323809,-30.704793],[-71.323193,-30.709229],[-71.318178,-30.710696],[-71.313781,-30.707727]]]},"properties":{"comuna":"Ovalle","mancha_id":"04301-88b2e6c635fffff","clase":"Medio","nivel_medio":1.511,"nivel_medio_min":1.511,"nivel_medio_max":1.511,"pct_alto":5.7,"n_hexagonos":1,"area_ha":67.99}},{"type":"Feature","geometry":{"type":"Polygon","coordinates":[[[-71.362863,-30.769958],[-71.357846,-30.771425],[-71.35723,-30.775858],[-71.354873,-30.776547],[-71.354448,-30.776384],[-71.353907,-30.776199],[-71.353467,-30.776006],[-71.353019,-30.77582],[-71.352757,-30.775705],[-71.352309,-30.775473],[-71.351923,-30.775318],[-71.351591,-30.77521],[-71.351259,-30.775141],[-71.351027,-30.775125],[-71.350649,-30.775102],[-71.350247,-30.775048],[-71.349923,-30.774971],[-71.349683,-30.774894],[-71.349313,-30.774778],[-71.348919,-30.774639],[-71.348587,-30.774454],[-71.34827,-30.774315],[-71.347848,-30.774104],[-71.347823,-30.774091],[-71.347444,-30.77389],[-71.346973,-30.773604],[-71.346653,-30.773465],[-71.346209,-30.773323],[-71.345863,-30.773169],[-71.345399,-30.772952],[-71.344948,-30.772693],[-71.344528,-30.77244],[-71.344176,-30.77223],[-71.343571,-30.771816],[-71.3432,-30.771575],[-71.342867,-30.77139],[-71.342613,-30.771223],[-71.342292,-30.771025],[-71.342014,-30.770939],[-71.341724,-30.770871],[-71.341532,-30.770809],[-71.34123,-30.770673],[-71.340803,-30.770525],[-71.340408,-30.770426],[-71.340044,-30.770376],[-71.339654,-30.770315],[-71.339383,-30.770241],[-71.33921,-30.770142],[-71.3389,-30.769998],[-71.338799,-30.769972],[-71.338573,-30.769914],[-71.338234,-30.76985],[-71.337822,-30.769724],[-71.337412,-30.76958],[-71.337171,-30.769438],[-71.336813,-30.769215],[-71.336448,-30.768987],[-71.336207,-30.768838],[-71.3358,-30.768511],[-71.335237,-30.768153],[-71.334916,-30.767887],[-71.334601,-30.767677],[-71.334249,-30.767393],[-71.333983,-30.767195],[-71.333702,-30.766955],[-71.333512,-30.766712],[-71.333279,-30.766435],[-71.333007,-30.766108],[-71.332877,-30.765961],[-71.334616,-30.765454],[-71.339015,-30.768421],[-71.344031,-30.766956],[-71.344647,-30.762522],[-71.349664,-30.761056],[-71.35028,-30.756622],[-71.355296,-30.755155],[-71.359696,-30.758123],[-71.359079,-30.762557],[-71.363479,-30.765524],[-71.362863,-30.769958]]]},"properties":{"comuna":"Ovalle","mancha_id":"04301-88b2e6c5c1fffff","clase":"Medio","nivel_medio":1.676,"nivel_medio_min":1.583,"nivel_medio_max":1.867,"pct_alto":9.0,"n_hexagonos":6,"area_ha":315.35}},{"type":"Feature","geometry":{"type":"Polygon","coordinates":[[[-71.31373,-30.763048],[-71.315788,-30.762448],[-71.31715,-30.763367],[-71.316965,-30.763511],[-71.31668,-30.763542],[-71.315933,-30.763562],[-71.315196,-30.763542],[-71.314567,-30.763493],[-71.314242,-30.763355],[-71.313869,-30.763129],[-71.31373,-30.763048]]]},"properties":{"comuna":"Ovalle","mancha_id":"04301-88b2e6c4e1fffff","clase":"Medio","nivel_medio":1.959,"nivel_medio_min":1.959,"nivel_medio_max":1.959,"pct_alto":5.6,"n_hexagonos":1,"area_ha":2.4}},{"type":"Feature","geometry":{"type":"Polygon","coordinates":[[[-71.298464,-30.746241],[-71.298815,-30.746139],[-71.300043,-30.746968],[-71.299829,-30.746918],[-71.299305,-30.746727],[-71.298773,-30.746481],[-71.298551,-30.746322],[-71.298464,-30.746241]]]},"properties":{"comuna":"Ovalle","mancha_id":"04301-88b2e6c4cdfffff","clase":"Medio","nivel_medio":2.482,"nivel_medio_min":2.482,"nivel_medio_max":2.482,"pct_alto":74.1,"n_hexagonos":1,"area_ha":0.34}},{"type":"Feature","geometry":{"type":"Polygon","coordinates":[[[-71.38012,-30.645706],[-71.375722,-30.642736],[-71.370707,-30.644208],[-71.370091,-30.648649],[-71.365076,-30.65012],[-71.360678,-30.64715],[-71.361295,-30.642709],[-71.356897,-30.639739],[-71.357513,-30.635297],[-71.362527,-30.633826],[-71.363144,-30.629384],[-71.368158,-30.627912],[-71.372556,-30.630882],[-71.37757,-30.62941],[-71.378186,-30.624968],[-71.383201,-30.623495],[-71.387599,-30.626465],[-71.386983,-30.630908],[-71.381969,-30.63238],[-71.381353,-30.636822],[-71.385751,-30.639792],[-71.385135,-30.644234],[-71.38012,-30.645706]]]},"properties":{"comuna":"Ovalle","mancha_id":"04301-88b2e6c2dbfffff","clase":"Medio","nivel_medio":1.774,"nivel_medio_min":1.525,"nivel_medio_max":2.014,"pct_alto":34.4,"n_hexagonos":7,"area_ha":476.87}},{"type":"Feature","geometry":{"type":"Polygon","coordinates":[[[-71.47572,-30.719875],[-71.476335,-30.715436],[-71.481354,-30.713962],[-71.485758,-30.716928],[-71.485143,-30.721367],[-71.480124,-30.72284],[-71.47572,-30.719875]]]},"properties":{"comuna":"Ovalle","mancha_id":"04301-88b2e6c199fffff","clase":"Medio","nivel_medio":1.535,"nivel_medio_min":1.535,"nivel_medio_max":1.535,"pct_alto":3.3,"n_hexagonos":1,"area_ha":68.09}},{"type":"Feature","geometry":{"type":"Polygon","coordinates":[[[-71.496412,-30.70954],[-71.497027,-30.705099],[-71.502046,-30.703625],[-71.506451,-30.70659],[-71.505836,-30.71103],[-71.500817,-30.712505],[-71.496412,-30.70954]]]},"properties":{"comuna":"Ovalle","mancha_id":"04301-88b2e6c189fffff","clase":"Medio","nivel_medio":1.71,"nivel_medio_min":1.71,"nivel_medio_max":1.71,"pct_alto":53.0,"n_hexagonos":1,"area_ha":68.12}},{"type":"Feature","geometry":{"type":"Polygon","coordinates":[[[-71.571717,-30.68739],[-71.566696,-30.688869],[-71.566082,-30.693311],[-71.561061,-30.694789],[-71.556654,-30.691825],[-71.557268,-30.687383],[-71.552861,-30.684418],[-71.553475,-30.679975],[-71.558496,-30.678497],[-71.562903,-30.681462],[-71.567924,-30.679983],[-71.572331,-30.682947],[-71.571717,-30.68739]]]},"properties":{"comuna":"Ovalle","mancha_id":"04301-88b2e6c121fffff","clase":"Medio","nivel_medio":2.374,"nivel_medio_min":2.198,"nivel_medio_max":2.464,"pct_alto":76.1,"n_hexagonos":3,"area_ha":204.58}},{"type":"Feature","geometry":{"type":"Polygon","coordinates":[[[-71.174197,-30.467391],[-71.174816,-30.462943],[-71.179821,-30.461473],[-71.180439,-30.457024],[-71.185444,-30.455554],[-71.189832,-30.458533],[-71.189214,-30.462981],[-71.193602,-30.46596],[-71.192984,-30.470408],[-71.187978,-30.471878],[-71.18359,-30.4689],[-71.178585,-30.470369],[-71.174197,-30.467391]]]},"properties":{"comuna":"Ovalle","mancha_id":"04301-88b2e69b51fffff","clase":"Medio","nivel_medio":1.793,"nivel_medio_min":1.745,"nivel_medio_max":1.859,"pct_alto":1.0,"n_hexagonos":3,"area_ha":204.65}},{"type":"Feature","geometry":{"type":"Polygon","coordinates":[[[-71.172342,-30.480734],[-71.172961,-30.476286],[-71.177966,-30.474817],[-71.182354,-30.477795],[-71.181736,-30.482243],[-71.17673,-30.483712],[-71.172342,-30.480734]]]},"properties":{"comuna":"Ovalle","mancha_id":"04301-88b2e69b19fffff","clase":"Medio","nivel_medio":1.523,"nivel_medio_min":1.523,"nivel_medio_max":1.523,"pct_alto":1.9,"n_hexagonos":1,"area_ha":68.19}},{"type":"Feature","geometry":{"type":"Polygon","coordinates":[[[-71.155585,-30.566645],[-71.156203,-30.562203],[-71.16121,-30.560737],[-71.165598,-30.563714],[-71.170605,-30.562248],[-71.174994,-30.565225],[-71.174375,-30.569667],[-71.169368,-30.571132],[-71.16498,-30.568156],[-71.159973,-30.569621],[-71.155585,-30.566645]]]},"properties":{"comuna":"Ovalle","mancha_id":"04301-88b2e699d3fffff","clase":"Medio","nivel_medio":1.568,"nivel_medio_min":1.525,"nivel_medio_max":1.612,"pct_alto":12.3,"n_hexagonos":2,"area_ha":136.14}},{"type":"Feature","geometry":{"type":"Polygon","coordinates":[[[-71.183772,-30.571177],[-71.18439,-30.566735],[-71.180001,-30.563759],[-71.180619,-30.559316],[-71.185627,-30.55785],[-71.190016,-30.560826],[-71.189398,-30.565268],[-71.193787,-30.568244],[-71.193169,-30.572686],[-71.197559,-30.575662],[-71.19694,-30.580104],[-71.191932,-30.58157],[-71.187543,-30.578594],[-71.182535,-30.58006],[-71.181916,-30.584502],[-71.176909,-30.585967],[-71.17252,-30.582991],[-71.167512,-30.584456],[-71.163124,-30.58148],[-71.163742,-30.577039],[-71.168749,-30.575574],[-71.173138,-30.57855],[-71.178146,-30.577084],[-71.178764,-30.572643],[-71.183772,-30.571177]]]},"properties":{"comuna":"Ovalle","mancha_id":"04301-88b2e69981fffff","clase":"Medio","nivel_medio":1.7,"nivel_medio_min":1.572,"nivel_medio_max":2.055,"pct_alto":24.0,"n_hexagonos":6,"area_ha":408.42}},{"type":"Feature","geometry":{"type":"Polygon","coordinates":[[[-71.212519,-30.537181],[-71.211901,-30.541625],[-71.216291,-30.544601],[-71.215673,-30.549045],[-71.210665,-30.550513],[-71.206275,-30.547537],[-71.201268,-30.549005],[-71.196878,-30.546029],[-71.191871,-30.547496],[-71.187482,-30.54452],[-71.1881,-30.540076],[-71.193107,-30.538609],[-71.193725,-30.534164],[-71.198733,-30.532696],[-71.199351,-30.528252],[-71.204358,-30.526783],[-71.204976,-30.522338],[-71.209983,-30.520869],[-71.214373,-30.523846],[-71.213755,-30.528291],[-71.218145,-30.531267],[-71.217527,-30.535712],[-71.212519,-30.537181]]]},"properties":{"comuna":"Ovalle","mancha_id":"04301-88b2e69911fffff","clase":"Medio","nivel_medio":1.699,"nivel_medio_min":1.531,"nivel_medio_max":1.955,"pct_alto":22.5,"n_hexagonos":8,"area_ha":545.08}},{"type":"Feature","geometry":{"type":"Polygon","coordinates":[[[-71.144223,-30.510302],[-71.139218,-30.511769],[-71.138599,-30.516213],[-71.133594,-30.517679],[-71.129208,-30.514701],[-71.124203,-30.516166],[-71.119817,-30.513188],[-71.120436,-30.508744],[-71.116051,-30.505765],[-71.11667,-30.50132],[-71.112285,-30.498341],[-71.107281,-30.499806],[-71.106662,-30.504251],[-71.101658,-30.505716],[-71.097273,-30.502736],[-71.097892,-30.498292],[-71.102896,-30.496827],[-71.103515,-30.492382],[-71.108519,-30.490916],[-71.109138,-30.486471],[-71.114142,-30.485005],[-71.114761,-30.480559],[-71.110376,-30.477579],[-71.110996,-30.473133],[-71.106611,-30.470153],[-71.10723,-30.465707],[-71.102846,-30.462727],[-71.103465,-30.45828],[-71.108468,-30.456813],[-71.109087,-30.452365],[-71.114091,-30.450898],[-71.11471,-30.44645],[-71.119713,-30.444982],[-71.124097,-30.447963],[-71.129101,-30.446494],[-71.12972,-30.442046],[-71.134723,-30.440577],[-71.139108,-30.443557],[-71.144112,-30.442088],[-71.148498,-30.445068],[-71.147879,-30.449517],[-71.142875,-30.450986],[-71.142256,-30.455434],[-71.137252,-30.456902],[-71.132867,-30.453922],[-71.127863,-30.45539],[-71.127244,-30.459838],[-71.13163,-30.462818],[-71.131011,-30.467265],[-71.126007,-30.468732],[-71.125388,-30.473179],[-71.120384,-30.474646],[-71.119765,-30.479093],[-71.12415,-30.482072],[-71.129154,-30.480605],[-71.13354,-30.483584],[-71.132921,-30.48803],[-71.127916,-30.489497],[-71.127298,-30.493943],[-71.131683,-30.496922],[-71.131064,-30.501367],[-71.13545,-30.504345],[-71.140455,-30.502879],[-71.144842,-30.505857],[-71.144223,-30.510302]]]},"properties":{"comuna":"Ovalle","mancha_id":"04301-88b2e69851fffff","clase":"Medio","nivel_medio":1.833,"nivel_medio_min":1.505,"nivel_medio_max":2.161,"pct_alto":17.7,"n_hexagonos":26,"area_ha":1771.96}},{"type":"Feature","geometry":{"type":"Polygon","coordinates":[[[-71.163066,-30.54741],[-71.163684,-30.542967],[-71.168691,-30.5415],[-71.173079,-30.544477],[-71.172461,-30.54892],[-71.167454,-30.550387],[-71.163066,-30.54741]]]},"properties":{"comuna":"Ovalle","mancha_id":"04301-88b2e69837fffff","clase":"Medio","nivel_medio":1.977,"nivel_medio_min":1.977,"nivel_medio_max":1.977,"pct_alto":36.5,"n_hexagonos":1,"area_ha":68.1}},{"type":"Feature","geometry":{"type":"Polygon","coordinates":[[[-71.179941,-30.529678],[-71.180559,-30.525234],[-71.185566,-30.523766],[-71.186184,-30.519321],[-71.181796,-30.516344],[-71.182414,-30.511899],[-71.178026,-30.508921],[-71.178644,-30.504476],[-71.183651,-30.503007],[-71.184269,-30.498561],[-71.179881,-30.495583],[-71.180499,-30.491137],[-71.185505,-30.489668],[-71.186123,-30.485221],[-71.191129,-30.483751],[-71.195518,-30.486729],[-71.200524,-30.485259],[-71.201142,-30.480812],[-71.206149,-30.479341],[-71.206766,-30.474893],[-71.211773,-30.473422],[-71.216162,-30.4764],[-71.215544,-30.480848],[-71.210537,-30.482319],[-71.209919,-30.486766],[-71.204913,-30.488237],[-71.204295,-30.492684],[-71.199288,-30.494154],[-71.19867,-30.4986],[-71.203059,-30.501577],[-71.202441,-30.506024],[-71.20683,-30.509001],[-71.206212,-30.513447],[-71.201205,-30.514916],[-71.200587,-30.519361],[-71.19558,-30.52083],[-71.194962,-30.525275],[-71.189955,-30.526743],[-71.189336,-30.531188],[-71.184329,-30.532655],[-71.179941,-30.529678]]]},"properties":{"comuna":"Ovalle","mancha_id":"04301-88b2e69821fffff","clase":"Medio","nivel_medio":1.792,"nivel_medio_min":1.503,"nivel_medio_max":2.082,"pct_alto":19.3,"n_hexagonos":15,"area_ha":1022.58}},{"type":"Feature","geometry":{"type":"Polygon","coordinates":[[[-70.90462,-30.576769],[-70.904735,-30.57595],[-70.906382,-30.575471],[-70.906179,-30.57604],[-70.905582,-30.576488],[-70.904886,-30.576687],[-70.90462,-30.576769]]]},"properties":{"comuna":"Ovalle","mancha_id":"04301-88b2e695a1fffff","clase":"Medio","nivel_medio":1.569,"nivel_medio_min":1.569,"nivel_medio_max":1.569,"pct_alto":26.7,"n_hexagonos":1,"area_ha":1.22}},{"type":"Feature","geometry":{"type":"Polygon","coordinates":[[[-71.181977,-30.618558],[-71.182595,-30.614118],[-71.178206,-30.611143],[-71.178824,-30.606704],[-71.183832,-30.605239],[-71.188222,-30.608214],[-71.187604,-30.612654],[-71.191994,-30.615629],[-71.197003,-30.614164],[-71.201393,-30.617138],[-71.200775,-30.621578],[-71.195766,-30.623042],[-71.191376,-30.620068],[-71.186367,-30.621532],[-71.181977,-30.618558]]]},"properties":{"comuna":"Ovalle","mancha_id":"04301-88b2e68b53fffff","clase":"Medio","nivel_medio":1.863,"nivel_medio_min":1.543,"nivel_medio_max":2.124,"pct_alto":42.6,"n_hexagonos":3,"area_ha":204.06}},{"type":"Feature","geometry":{"type":"Polygon","coordinates":[[[-71.18952,-30.633384],[-71.190139,-30.628946],[-71.195148,-30.627481],[-71.199538,-30.630456],[-71.19892,-30.634894],[-71.193911,-30.636359],[-71.18952,-30.633384]]]},"properties":{"comuna":"Ovalle","mancha_id":"04301-88b2e68b11fffff","clase":"Medio","nivel_medio":1.662,"nivel_medio_min":1.662,"nivel_medio_max":1.662,"pct_alto":21.5,"n_hexagonos":1,"area_ha":68.0}},{"type":"Feature","geometry":{"type":"Polygon","coordinates":[[[-71.210175,-30.623087],[-71.210793,-30.618647],[-71.215803,-30.617182],[-71.220194,-30.620156],[-71.219576,-30.624595],[-71.214567,-30.626061],[-71.213948,-30.6305],[-71.21834,-30.633474],[-71.217722,-30.637913],[-71.212712,-30.639378],[-71.208321,-30.636404],[-71.208939,-30.631965],[-71.204548,-30.628991],[-71.205166,-30.624552],[-71.210175,-30.623087]]]},"properties":{"comuna":"Ovalle","mancha_id":"04301-88b2e68b01fffff","clase":"Medio","nivel_medio":1.899,"nivel_medio_min":1.55,"nivel_medio_max":2.408,"pct_alto":36.8,"n_hexagonos":3,"area_ha":204.06}},{"type":"Feature","geometry":{"type":"Polygon","coordinates":[[[-71.091844,-30.64487],[-71.092464,-30.640434],[-71.088078,-30.637457],[-71.083072,-30.638917],[-71.078686,-30.63594],[-71.079306,-30.631504],[-71.084311,-30.630044],[-71.088697,-30.633021],[-71.093703,-30.631561],[-71.09809,-30.634538],[-71.09747,-30.638974],[-71.101857,-30.641951],[-71.101238,-30.646386],[-71.096231,-30.647846],[-71.091844,-30.64487]]]},"properties":{"comuna":"Ovalle","mancha_id":"04301-88b2e68ad5fffff","clase":"Medio","nivel_medio":1.89,"nivel_medio_min":1.737,"nivel_medio_max":2.131,"pct_alto":29.5,"n_hexagonos":3,"area_ha":203.76}},{"type":"Feature","geometry":{"type":"Polygon","coordinates":[[[-71.076826,-30.649247],[-71.077446,-30.644811],[-71.082452,-30.643352],[-71.086838,-30.646329],[-71.086218,-30.650764],[-71.081212,-30.652223],[-71.076826,-30.649247]]]},"properties":{"comuna":"Ovalle","mancha_id":"04301-88b2e68ad3fffff","clase":"Medio","nivel_medio":1.573,"nivel_medio_min":1.573,"nivel_medio_max":1.573,"pct_alto":4.7,"n_hexagonos":1,"area_ha":67.9}},{"type":"Feature","geometry":{"type":"Polygon","coordinates":[[[-71.118116,-30.628696],[-71.118735,-30.624259],[-71.114348,-30.621282],[-71.114967,-30.616845],[-71.119974,-30.615383],[-71.124361,-30.618359],[-71.123742,-30.622797],[-71.12813,-30.625773],[-71.133137,-30.624311],[-71.137525,-30.627287],[-71.136906,-30.631725],[-71.141294,-30.6347],[-71.140675,-30.639137],[-71.135667,-30.640599],[-71.131279,-30.637623],[-71.126272,-30.639085],[-71.125653,-30.643521],[-71.120645,-30.644982],[-71.120026,-30.649418],[-71.115019,-30.650878],[-71.110631,-30.647903],[-71.111251,-30.643466],[-71.106864,-30.64049],[-71.107483,-30.636054],[-71.11249,-30.634594],[-71.116877,-30.63757],[-71.121884,-30.636109],[-71.122503,-30.631672],[-71.118116,-30.628696]]]},"properties":{"comuna":"Ovalle","mancha_id":"04301-88b2e68a13fffff","clase":"Medio","nivel_medio":1.774,"nivel_medio_min":1.516,"nivel_medio_max":2.073,"pct_alto":30.2,"n_hexagonos":8,"area_ha":543.59}},{"type":"Feature","geometry":{"type":"Polygon","coordinates":[[[-71.150015,-30.606608],[-71.150634,-30.602169],[-71.146246,-30.599193],[-71.146865,-30.594753],[-71.151872,-30.59329],[-71.152491,-30.588849],[-71.157498,-30.587385],[-71.161886,-30.590361],[-71.166894,-30.588897],[-71.171283,-30.591873],[-71.17629,-30.590408],[-71.18068,-30.593383],[-71.180061,-30.597824],[-71.175053,-30.599288],[-71.174435,-30.603728],[-71.169427,-30.605193],[-71.165038,-30.602217],[-71.16003,-30.603681],[-71.159411,-30.608121],[-71.154404,-30.609584],[-71.150015,-30.606608]]]},"properties":{"comuna":"Ovalle","mancha_id":"04301-88b2e68a0dfffff","clase":"Medio","nivel_medio":1.963,"nivel_medio_min":1.53,"nivel_medio_max":2.411,"pct_alto":46.2,"n_hexagonos":7,"area_ha":476.17}},{"type":"Feature","geometry":{"type":"Polygon","coordinates":[[[-71.244077,-30.655751],[-71.244695,-30.651313],[-71.240302,-30.64834],[-71.235291,-30.649806],[-71.234673,-30.654244],[-71.229662,-30.655709],[-71.22527,-30.652736],[-71.225888,-30.648298],[-71.230898,-30.646833],[-71.231516,-30.642394],[-71.227124,-30.639421],[-71.227742,-30.634982],[-71.22335,-30.632008],[-71.223968,-30.627569],[-71.228978,-30.626103],[-71.229596,-30.621663],[-71.225204,-30.61869],[-71.225822,-30.61425],[-71.22143,-30.611276],[-71.222048,-30.606835],[-71.217657,-30.603861],[-71.212648,-30.605327],[-71.208257,-30.602352],[-71.208875,-30.597912],[-71.213884,-30.596445],[-71.218275,-30.59942],[-71.223284,-30.597953],[-71.227676,-30.600928],[-71.227058,-30.605369],[-71.23145,-30.608343],[-71.230832,-30.612783],[-71.235224,-30.615757],[-71.234606,-30.620197],[-71.238998,-30.623171],[-71.244008,-30.621704],[-71.248401,-30.624677],[-71.247783,-30.629117],[-71.242773,-30.630584],[-71.23838,-30.627611],[-71.23337,-30.629077],[-71.232752,-30.633516],[-71.237145,-30.636489],[-71.242155,-30.635023],[-71.246548,-30.637996],[-71.251559,-30.63653],[-71.252177,-30.63209],[-71.257187,-30.630623],[-71.261581,-30.633596],[-71.260963,-30.638036],[-71.265357,-30.641008],[-71.270368,-30.639541],[-71.270986,-30.635101],[-71.275997,-30.633634],[-71.276615,-30.629193],[-71.281626,-30.627725],[-71.286021,-30.630698],[-71.291033,-30.629229],[-71.295427,-30.632201],[-71.29481,-30.636642],[-71.289798,-30.63811],[-71.289181,-30.64255],[-71.284169,-30.644018],[-71.279774,-30.641046],[-71.274763,-30.642513],[-71.274145,-30.646953],[-71.27854,-30.649925],[-71.283552,-30.648457],[-71.287946,-30.651429],[-71.287329,-30.655868],[-71.282317,-30.657336],[-71.2817,-30.661774],[-71.276687,-30.663241],[-71.272293,-30.660269],[-71.27291,-30.655831],[-71.268516,-30.652859],[-71.263504,-30.654325],[-71.25911,-30.651353],[-71.254099,-30.652819],[-71.253481,-30.657258],[-71.24847,-30.658724],[-71.244077,-30.655751]]]},"properties":{"comuna":"Ovalle","mancha_id":"04301-88b2e68945fffff","clase":"Medio","nivel_medio":1.849,"nivel_medio_min":1.505,"nivel_medio_max":2.4,"pct_alto":31.9,"n_hexagonos":26,"area_ha":1769.0}},{"type":"Feature","geometry":{"type":"Polygon","coordinates":[[[-71.071063,-30.553015],[-71.071683,-30.548574],[-71.076686,-30.547112],[-71.077306,-30.542671],[-71.08231,-30.541208],[-71.08293,-30.536766],[-71.087934,-30.535303],[-71.088553,-30.530861],[-71.093557,-30.529397],[-71.094176,-30.524954],[-71.099181,-30.52349],[-71.103565,-30.526469],[-71.102946,-30.530912],[-71.107331,-30.533891],[-71.112336,-30.532427],[-71.116722,-30.535405],[-71.116103,-30.539848],[-71.111098,-30.541312],[-71.110478,-30.545754],[-71.114864,-30.548732],[-71.119869,-30.547268],[-71.124256,-30.550246],[-71.129261,-30.548781],[-71.133648,-30.551759],[-71.133029,-30.556201],[-71.128023,-30.557665],[-71.127404,-30.562107],[-71.122398,-30.563571],[-71.121779,-30.568012],[-71.116774,-30.569475],[-71.112387,-30.566497],[-71.107382,-30.56796],[-71.102996,-30.564983],[-71.097991,-30.566445],[-71.093606,-30.563467],[-71.094225,-30.559026],[-71.08984,-30.556048],[-71.09046,-30.551607],[-71.086075,-30.548628],[-71.081071,-30.550091],[-71.080451,-30.554532],[-71.075447,-30.555994],[-71.074827,-30.560434],[-71.069823,-30.561896],[-71.065439,-30.558917],[-71.066059,-30.554477],[-71.071063,-30.553015]],[[-71.108621,-30.559079],[-71.10924,-30.554637],[-71.104854,-30.551659],[-71.099849,-30.553122],[-71.09923,-30.557564],[-71.103616,-30.560542],[-71.108621,-30.559079]]]},"properties":{"comuna":"Ovalle","mancha_id":"04301-88b2e68329fffff","clase":"Medio","nivel_medio":1.809,"nivel_medio_min":1.514,"nivel_medio_max":2.304,"pct_alto":26.4,"n_hexagonos":21,"area_ha":1428.94}},{"type":"Feature","geometry":{"type":"Polygon","coordinates":[[[-71.078592,-30.567853],[-71.079212,-30.563413],[-71.084216,-30.561951],[-71.088601,-30.564929],[-71.087982,-30.56937],[-71.082977,-30.570831],[-71.078592,-30.567853]]]},"properties":{"comuna":"Ovalle","mancha_id":"04301-88b2e68327fffff","clase":"Medio","nivel_medio":1.66,"nivel_medio_min":1.66,"nivel_medio_max":1.66,"pct_alto":22.8,"n_hexagonos":1,"area_ha":68.01}},{"type":"Feature","geometry":{"type":"Polygon","coordinates":[[[-70.924733,-30.570132],[-70.929111,-30.573114],[-70.929086,-30.573292],[-70.928494,-30.573208],[-70.927848,-30.573208],[-70.927649,-30.573257],[-70.926953,-30.573257],[-70.926307,-30.573257],[-70.925711,-30.573357],[-70.925114,-30.573108],[-70.924419,-30.572711],[-70.923922,-30.572263],[-70.923276,-30.571965],[-70.922282,-30.571965],[-70.920791,-30.572064],[-70.919797,-30.572064],[-70.919663,-30.57209],[-70.919733,-30.571587],[-70.924733,-30.570132]]]},"properties":{"comuna":"Ovalle","mancha_id":"04301-88b2e682d3fffff","clase":"Medio","nivel_medio":2.051,"nivel_medio_min":2.051,"nivel_medio_max":2.051,"pct_alto":33.1,"n_hexagonos":1,"area_ha":14.22}},{"type":"Feature","geometry":{"type":"Polygon","coordinates":[[[-71.006098,-30.640061],[-71.005477,-30.644495],[-71.00427,-30.644847],[-71.00407,-30.644868],[-71.003275,-30.64496],[-71.002603,-30.64499],[-71.001951,-30.645074],[-71.001504,-30.645422],[-71.001278,-30.645717],[-71.000474,-30.645951],[-71.000271,-30.647398],[-71.000162,-30.647609],[-71.0,-30.647833],[-70.999516,-30.648503],[-70.998919,-30.648951],[-70.998174,-30.649199],[-70.997627,-30.649448],[-70.996981,-30.649696],[-70.995987,-30.650044],[-70.994645,-30.650342],[-70.993899,-30.650243],[-70.993055,-30.650094],[-70.992309,-30.649696],[-70.991514,-30.648951],[-70.991017,-30.648255],[-70.990609,-30.647846],[-70.991088,-30.644427],[-70.996091,-30.642972],[-70.996712,-30.638538],[-70.99233,-30.63556],[-70.992951,-30.631125],[-70.997954,-30.62967],[-70.998574,-30.625235],[-71.003578,-30.623779],[-71.00796,-30.626758],[-71.007339,-30.631192],[-71.011722,-30.634171],[-71.011101,-30.638605],[-71.006098,-30.640061]]]},"properties":{"comuna":"Ovalle","mancha_id":"04301-88b2e680a1fffff","clase":"Medio","nivel_medio":1.741,"nivel_medio_min":1.536,"nivel_medio_max":2.014,"pct_alto":18.0,"n_hexagonos":5,"area_ha":325.67}},{"type":"Feature","geometry":{"type":"Polygon","coordinates":[[[-71.014787,-30.577955],[-71.019169,-30.580935],[-71.024172,-30.579476],[-71.028555,-30.582456],[-71.033558,-30.580997],[-71.034178,-30.576558],[-71.039181,-30.575099],[-71.043565,-30.578078],[-71.042944,-30.582516],[-71.037941,-30.583976],[-71.037321,-30.588414],[-71.041704,-30.591392],[-71.041084,-30.59583],[-71.045467,-30.598809],[-71.044847,-30.603246],[-71.039843,-30.604705],[-71.039223,-30.609142],[-71.034219,-30.6106],[-71.033599,-30.615036],[-71.037982,-30.618015],[-71.042987,-30.616556],[-71.047371,-30.619534],[-71.052375,-30.618076],[-71.05676,-30.621054],[-71.05614,-30.62549],[-71.060524,-30.628467],[-71.065529,-30.627009],[-71.069915,-30.629986],[-71.069295,-30.634422],[-71.064289,-30.635881],[-71.063669,-30.640316],[-71.068055,-30.643293],[-71.067435,-30.647728],[-71.062429,-30.649186],[-71.061809,-30.653621],[-71.056804,-30.655078],[-71.056184,-30.659513],[-71.060569,-30.662489],[-71.065575,-30.661032],[-71.06996,-30.664008],[-71.06934,-30.668442],[-71.064334,-30.6699],[-71.059949,-30.666923],[-71.054943,-30.66838],[-71.054323,-30.672814],[-71.049317,-30.67427],[-71.048697,-30.678703],[-71.043692,-30.680159],[-71.039307,-30.677182],[-71.034301,-30.678638],[-71.029917,-30.675661],[-71.029515,-30.675778],[-71.029932,-30.675242],[-71.029989,-30.675143],[-71.030479,-30.674298],[-71.030827,-30.673503],[-71.030827,-30.672856],[-71.030777,-30.671962],[-71.030939,-30.671112],[-71.030976,-30.670918],[-71.031224,-30.670073],[-71.031473,-30.669328],[-71.031821,-30.668682],[-71.032169,-30.667986],[-71.032119,-30.667191],[-71.03192,-30.666395],[-71.031758,-30.665596],[-71.03171,-30.665088],[-71.03192,-30.664109],[-71.032418,-30.662797],[-71.032467,-30.662668],[-71.033163,-30.661227],[-71.034057,-30.659934],[-71.0353,-30.658543],[-71.035996,-30.658046],[-71.03694,-30.657449],[-71.037536,-30.656952],[-71.037826,-30.656759],[-71.037984,-30.656654],[-71.03853,-30.656505],[-71.038928,-30.656455],[-71.039723,-30.656406],[-71.040469,-30.655909],[-71.040518,-30.655561],[-71.040353,-30.655032],[-71.039981,-30.654592],[-71.039521,-30.654216],[-71.039043,-30.653953],[-71.038569,-30.65394],[-71.038033,-30.65402],[-71.037747,-30.65402],[-71.037188,-30.65402],[-71.036145,-30.653772],[-71.035349,-30.653424],[-71.034952,-30.653125],[-71.034455,-30.652579],[-71.034157,-30.651833],[-71.033809,-30.651137],[-71.033709,-30.650591],[-71.033212,-30.649796],[-71.032864,-30.649448],[-71.032805,-30.649304],[-71.032616,-30.648851],[-71.032467,-30.648255],[-71.032318,-30.647758],[-71.032119,-30.647161],[-71.03192,-30.646515],[-71.031473,-30.646068],[-71.030777,-30.645919],[-71.029982,-30.64582],[-71.029236,-30.64577],[-71.02869,-30.645422],[-71.028292,-30.645074],[-71.027944,-30.644676],[-71.027348,-30.64403],[-71.026652,-30.643583],[-71.025956,-30.643235],[-71.025634,-30.642884],[-71.029876,-30.641649],[-71.030497,-30.637214],[-71.026113,-30.634236],[-71.021109,-30.635693],[-71.016726,-30.632715],[-71.017346,-30.62828],[-71.012964,-30.625301],[-71.013584,-30.620866],[-71.009201,-30.617887],[-71.004198,-30.619344],[-70.999816,-30.616365],[-71.000437,-30.611929],[-71.00544,-30.610472],[-71.00606,-30.606036],[-71.001678,-30.603057],[-70.996676,-30.604514],[-70.996055,-30.60895],[-70.991052,-30.610406],[-70.986671,-30.607426],[-70.987292,-30.602991],[-70.98291,-30.600011],[-70.977908,-30.601467],[-70.973528,-30.598487],[-70.974149,-30.594051],[-70.97915,-30.592595],[-70.983531,-30.595575],[-70.988533,-30.594118],[-70.989154,-30.589681],[-70.984773,-30.586701],[-70.979771,-30.588158],[-70.975391,-30.585178],[-70.970389,-30.586634],[-70.969768,-30.591071],[-70.964767,-30.592526],[-70.960387,-30.589546],[-70.961008,-30.585109],[-70.956628,-30.582129],[-70.957249,-30.577692],[-70.96225,-30.576236],[-70.962871,-30.571799],[-70.958492,-30.568818],[-70.953491,-30.570274],[-70.949112,-30.567292],[-70.944111,-30.568748],[-70.939733,-30.565767],[-70.934732,-30.567222],[-70.930354,-30.564241],[-70.925354,-30.565696],[-70.920976,-30.562714],[-70.915977,-30.564168],[-70.911599,-30.561186],[-70.9066,-30.562641],[-70.905979,-30.567077],[-70.90098,-30.568531],[-70.900358,-30.572967],[-70.895359,-30.574421],[-70.89284,-30.572704],[-70.893008,-30.572064],[-70.893157,-30.57112],[-70.893058,-30.570424],[-70.892461,-30.569977],[-70.891716,-30.569679],[-70.891244,-30.569568],[-70.890871,-30.56948],[-70.890225,-30.568834],[-70.890026,-30.568238],[-70.889778,-30.567641],[-70.889529,-30.567194],[-70.888883,-30.566597],[-70.888336,-30.566001],[-70.887939,-30.565504],[-70.88764,-30.565057],[-70.887044,-30.56451],[-70.886795,-30.564145],[-70.886398,-30.563566],[-70.886,-30.56287],[-70.885652,-30.562274],[-70.885603,-30.561528],[-70.885652,-30.561081],[-70.885652,-30.560633],[-70.885205,-30.560087],[-70.884907,-30.559739],[-70.884509,-30.559242],[-70.88436,-30.558844],[-70.884012,-30.558099],[-70.883814,-30.557751],[-70.883267,-30.557353],[-70.88272,-30.557105],[-70.882561,-30.556865],[-70.882422,-30.556657],[-70.882223,-30.555912],[-70.881875,-30.555365],[-70.881179,-30.554719],[-70.880484,-30.553824],[-70.880086,-30.55298],[-70.879639,-30.552234],[-70.879191,-30.551836],[-70.878645,-30.55129],[-70.878197,-30.550743],[-70.877402,-30.550097],[-70.877248,-30.549899],[-70.877054,-30.54965],[-70.876657,-30.548805],[-70.87616,-30.547811],[-70.875862,-30.547264],[-70.875365,-30.54627],[-70.874967,-30.545574],[-70.874072,-30.545127],[-70.873277,-30.545127],[-70.872482,-30.545226],[-70.871608,-30.545446],[-70.871041,-30.545674],[-70.870608,-30.545784],[-70.869972,-30.545945],[-70.869002,-30.546195],[-70.868003,-30.5465],[-70.867366,-30.546722],[-70.866766,-30.546767],[-70.866071,-30.546767],[-70.864927,-30.546717],[-70.863784,-30.546668],[-70.862492,-30.546817],[-70.861996,-30.546817],[-70.861647,-30.546817],[-70.860604,-30.546866],[-70.859212,-30.547065],[-70.858317,-30.547264],[-70.857125,-30.547363],[-70.856871,-30.547312],[-70.856829,-30.547304],[-70.856727,-30.547065],[-70.856926,-30.546419],[-70.857174,-30.545574],[-70.857323,-30.544928],[-70.857323,-30.544431],[-70.857274,-30.543835],[-70.857025,-30.543238],[-70.856628,-30.542592],[-70.856329,-30.542145],[-70.855733,-30.541698],[-70.855186,-30.54135],[-70.854772,-30.540771],[-70.85477,-30.54077],[-70.85394,-30.540143],[-70.853662,-30.539733],[-70.853258,-30.53914],[-70.852897,-30.538056],[-70.853017,-30.537413],[-70.853378,-30.536932],[-70.85382,-30.536369],[-70.854583,-30.535807],[-70.854944,-30.535326],[-70.855747,-30.534242],[-70.856534,-30.533368],[-70.857843,-30.534261],[-70.86284,-30.532808],[-70.867215,-30.535792],[-70.872212,-30.534338],[-70.876588,-30.537322],[-70.881586,-30.535868],[-70.882208,-30.53143],[-70.887205,-30.529975],[-70.887827,-30.525537],[-70.892825,-30.524082],[-70.893447,-30.519643],[-70.889071,-30.516659],[-70.885866,-30.517592],[-70.885979,-30.517058],[-70.88618,-30.516416],[-70.88622,-30.515854],[-70.886019,-30.515171],[-70.885778,-30.514569],[-70.885658,-30.513967],[-70.885618,-30.513204],[-70.885691,-30.512722],[-70.885852,-30.512283],[-70.885977,-30.512077],[-70.886112,-30.511889],[-70.886399,-30.511585],[-70.886685,-30.511056],[-70.886983,-30.510554],[-70.887062,-30.510425],[-70.887625,-30.50951],[-70.888227,-30.508908],[-70.888829,-30.508386],[-70.889351,-30.508266],[-70.889954,-30.508145],[-70.890195,-30.507864],[-70.890476,-30.507222],[-70.890917,-30.50678],[-70.891479,-30.506419],[-70.891841,-30.505897],[-70.892041,-30.505134],[-70.892242,-30.504532],[-70.892337,-30.504295],[-70.895313,-30.506324],[-70.90031,-30.504868],[-70.904686,-30.507852],[-70.904065,-30.512292],[-70.908441,-30.515276],[-70.913439,-30.513819],[-70.914061,-30.509379],[-70.909684,-30.506396],[-70.910078,-30.503583],[-70.910469,-30.50417],[-70.91067,-30.505054],[-70.910903,-30.505379],[-70.911012,-30.505707],[-70.911433,-30.505977],[-70.912236,-30.506138],[-70.91324,-30.506258],[-70.914324,-30.506138],[-70.915649,-30.506379],[-70.916974,-30.506499],[-70.918258,-30.50674],[-70.919192,-30.506973],[-70.919382,-30.507021],[-70.920466,-30.507141],[-70.921117,-30.507102],[-70.921883,-30.50702],[-70.922375,-30.506992],[-70.922894,-30.506692],[-70.923518,-30.506619],[-70.924481,-30.507222],[-70.925565,-30.508025],[-70.926168,-30.508426],[-70.926569,-30.508747],[-70.927011,-30.509229],[-70.927773,-30.509631],[-70.927792,-30.509636],[-70.928536,-30.509871],[-70.929299,-30.510072],[-70.929906,-30.510452],[-70.929944,-30.510477],[-70.930263,-30.510996],[-70.930423,-30.511718],[-70.930624,-30.512481],[-70.930985,-30.513003],[-70.931547,-30.513204],[-70.93235,-30.513405],[-70.932668,-30.513461],[-70.932191,-30.516872],[-70.936233,-30.519626],[-70.936182,-30.520061],[-70.9359,-30.520769],[-70.935799,-30.521401],[-70.935635,-30.522659],[-70.935717,-30.524108],[-70.935711,-30.524364],[-70.93569,-30.525283],[-70.935307,-30.52624],[-70.935088,-30.526787],[-70.934679,-30.527416],[-70.934295,-30.527799],[-70.933996,-30.52834],[-70.933796,-30.528781],[-70.933715,-30.529143],[-70.933756,-30.529544],[-70.933996,-30.530227],[-70.934478,-30.530949],[-70.935321,-30.531592],[-70.935723,-30.531993],[-70.936142,-30.532755],[-70.936164,-30.532796],[-70.936405,-30.533519],[-70.936566,-30.534201],[-70.937008,-30.534643],[-70.937851,-30.534723],[-70.938854,-30.534563],[-70.940019,-30.534201],[-70.940822,-30.53372],[-70.941705,-30.533519],[-70.942108,-30.533354],[-70.942588,-30.533158],[-70.943793,-30.533158],[-70.944355,-30.533358],[-70.945198,-30.533679],[-70.945883,-30.534174],[-70.945921,-30.534201],[-70.946442,-30.534482],[-70.947245,-30.535165],[-70.947968,-30.535928],[-70.948289,-30.536169],[-70.948851,-30.536249],[-70.949333,-30.535968],[-70.949895,-30.535486],[-70.950297,-30.534924],[-70.950852,-30.534448],[-70.95346,-30.536224],[-70.95396,-30.536078],[-70.954593,-30.53649],[-70.954994,-30.536731],[-70.955596,-30.536851],[-70.956227,-30.537047],[-70.95703,-30.537324],[-70.957679,-30.537664],[-70.95842,-30.537757],[-70.95913,-30.537664],[-70.959747,-30.537263],[-70.960458,-30.537016],[-70.961144,-30.53693],[-70.96202,-30.537574],[-70.962795,-30.538064],[-70.962218,-30.542188],[-70.966598,-30.545169],[-70.971598,-30.543712],[-70.972043,-30.540535],[-70.972499,-30.541067],[-70.973021,-30.541428],[-70.973503,-30.541468],[-70.974065,-30.541629],[-70.974426,-30.54187],[-70.974868,-30.542472],[-70.97551,-30.542914],[-70.975911,-30.543155],[-70.976393,-30.543556],[-70.977156,-30.544158],[-70.977678,-30.544319],[-70.978601,-30.54468],[-70.979043,-30.544881],[-70.979926,-30.545041],[-70.980529,-30.545041],[-70.981006,-30.545041],[-70.981171,-30.545041],[-70.982014,-30.545202],[-70.983339,-30.545202],[-70.983981,-30.545122],[-70.984744,-30.545001],[-70.985748,-30.544961],[-70.98635,-30.544841],[-70.987675,-30.544198],[-70.988478,-30.543797],[-70.989223,-30.543383],[-70.989642,-30.542954],[-70.990016,-30.542535],[-70.990405,-30.542191],[-70.990795,-30.542191],[-70.990981,-30.542318],[-70.991355,-30.542209],[-70.99173,-30.542231],[-70.992453,-30.542071],[-70.993078,-30.54177],[-70.993818,-30.541629],[-70.9945,-30.541629],[-70.994982,-30.54199],[-70.995263,-30.542512],[-70.995183,-30.543074],[-70.994661,-30.543676],[-70.99434,-30.544198],[-70.99438,-30.544961],[-70.994821,-30.545523],[-70.995263,-30.545764],[-70.996146,-30.546005],[-70.996628,-30.545764],[-70.99715,-30.545523],[-70.997913,-30.545122],[-70.998435,-30.545082],[-70.998876,-30.545082],[-70.999559,-30.545282],[-71.0,-30.545454],[-71.000131,-30.545505],[-71.000282,-30.545563],[-71.000522,-30.546005],[-71.000924,-30.546366],[-71.001566,-30.546407],[-71.002048,-30.546286],[-71.00257,-30.545965],[-71.002931,-30.545563],[-71.003413,-30.545242],[-71.003975,-30.545082],[-71.004537,-30.544801],[-71.005059,-30.544479],[-71.005942,-30.544038],[-71.006464,-30.543797],[-71.006986,-30.543797],[-71.007388,-30.543797],[-71.007453,-30.543801],[-71.009746,-30.545361],[-71.009126,-30.549801],[-71.013507,-30.552781],[-71.012887,-30.557221],[-71.007885,-30.55868],[-71.007264,-30.563119],[-71.011646,-30.566099],[-71.011025,-30.570537],[-71.006023,-30.571996],[-71.005402,-30.576434],[-71.009784,-30.579414],[-71.014787,-30.577955]],[[-71.016687,-30.598685],[-71.011684,-30.600142],[-71.011063,-30.604579],[-71.015446,-30.607558],[-71.020449,-30.6061],[-71.024832,-30.609079],[-71.029836,-30.607621],[-71.030456,-30.603185],[-71.026073,-30.600206],[-71.02107,-30.601664],[-71.016687,-30.598685]],[[-71.027975,-30.62093],[-71.022971,-30.622387],[-71.02235,-30.626823],[-71.026734,-30.629801],[-71.031738,-30.628344],[-71.032358,-30.623908],[-71.027975,-30.62093]],[[-70.991017,-30.576369],[-70.996019,-30.574912],[-70.996639,-30.570474],[-70.992258,-30.567494],[-70.992879,-30.563055],[-70.988498,-30.560075],[-70.989119,-30.555636],[-70.984739,-30.552655],[-70.979737,-30.554113],[-70.979117,-30.558552],[-70.974115,-30.560009],[-70.973494,-30.564447],[-70.968493,-30.565904],[-70.967872,-30.570342],[-70.972252,-30.573323],[-70.971631,-30.57776],[-70.976012,-30.580741],[-70.981013,-30.579284],[-70.981634,-30.574846],[-70.977254,-30.571866],[-70.977875,-30.567428],[-70.982876,-30.565971],[-70.987257,-30.568951],[-70.986636,-30.573389],[-70.991017,-30.576369]],[[-71.041126,-30.629864],[-71.04551,-30.632842],[-71.050515,-30.631384],[-71.051135,-30.626948],[-71.046751,-30.623971],[-71.041746,-30.625429],[-71.041126,-30.629864]],[[-71.045553,-30.66686],[-71.041168,-30.663883],[-71.036163,-30.665339],[-71.035542,-30.669773],[-71.039927,-30.67275],[-71.044932,-30.671293],[-71.045553,-30.66686]],[[-70.999743,-30.54828],[-70.994741,-30.549738],[-70.994121,-30.554178],[-70.998502,-30.557158],[-71.003503,-30.555699],[-71.004124,-30.55126],[-70.999743,-30.54828]]]},"properties":{"comuna":"Ovalle","mancha_id":"04301-88b2e68001fffff","clase":"Medio","nivel_medio":1.821,"nivel_medio_min":1.504,"nivel_medio_max":2.457,"pct_alto":24.5,"n_hexagonos":160,"area_ha":9864.93}},{"type":"Feature","geometry":{"type":"Polygon","coordinates":[[[-71.69799,-30.81802],[-71.69805,-30.81807],[-71.69808,-30.81816],[-71.69802,-30.81818],[-71.6979,-30.81822],[-71.69762,-30.81816],[-71.69756,-30.81812],[-71.69764,-30.81807],[-71.69799,-30.81802]]]},"properties":{"comuna":"Ovalle","mancha_id":"04301-88b2e65345fffff","clase":"Medio","nivel_medio":1.715,"nivel_medio_min":1.715,"nivel_medio_max":1.715,"pct_alto":52.4,"n_hexagonos":1,"area_ha":0.07}},{"type":"Feature","geometry":{"type":"Polygon","coordinates":[[[-71.69778,-30.81921],[-71.69786,-30.81928],[-71.69783,-30.81947],[-71.69778,-30.8195],[-71.6977,-30.81951],[-71.69762,-30.8195],[-71.6976,-30.81939],[-71.69762,-30.8193],[-71.69778,-30.81921]]]},"properties":{"comuna":"Ovalle","mancha_id":"04301-88b2e65345fffff-2","clase":"Medio","nivel_medio":1.715,"nivel_medio_min":1.715,"nivel_medio_max":1.715,"pct_alto":52.4,"n_hexagonos":1,"area_ha":0.06}},{"type":"Feature","geometry":{"type":"Polygon","coordinates":[[[-71.69709,-30.81997],[-71.69706,-30.82006],[-71.69705,-30.82012],[-71.69704,-30.82027],[-71.69693,-30.82032],[-71.69686,-30.82027],[-71.69683,-30.8202],[-71.6968,-30.82013],[-71.69679,-30.82003],[-71.69678,-30.81994],[-71.69683,-30.819865],[-71.69686,-30.81974],[-71.69689,-30.81964],[-71.69687,-30.81955],[-71.69691,-30.81947],[-71.69712,-30.81944],[-71.69719,-30.81958],[-71.69722,-30.81969],[-71.69725,-30.81984],[-71.6972,-30.81989],[-71.69714,-30.81993],[-71.69709,-30.81997]]]},"properties":{"comuna":"Ovalle","mancha_id":"04301-88b2e65345fffff-3","clase":"Medio","nivel_medio":1.715,"nivel_medio_min":1.715,"nivel_medio_max":1.715,"pct_alto":52.4,"n_hexagonos":1,"area_ha":0.27}},{"type":"Feature","geometry":{"type":"Polygon","coordinates":[[[-71.69679,-30.82229],[-71.69686,-30.82225],[-71.69699,-30.82228],[-71.69704,-30.82246],[-71.69692,-30.82249],[-71.69671,-30.82248],[-71.69671,-30.82237],[-71.69679,-30.82229]]]},"properties":{"comuna":"Ovalle","mancha_id":"04301-88b2e65345fffff-4","clase":"Medio","nivel_medio":1.715,"nivel_medio_min":1.715,"nivel_medio_max":1.715,"pct_alto":52.4,"n_hexagonos":1,"area_ha":0.06}},{"type":"Feature","geometry":{"type":"Polygon","coordinates":[[[-71.69687,-30.82334],[-71.69694,-30.82326],[-71.69711,-30.82324],[-71.69719,-30.82331],[-71.69707,-30.82342],[-71.69687,-30.82334]]]},"properties":{"comuna":"Ovalle","mancha_id":"04301-88b2e65345fffff-5","clase":"Medio","nivel_medio":1.715,"nivel_medio_min":1.715,"nivel_medio_max":1.715,"pct_alto":52.4,"n_hexagonos":1,"area_ha":0.04}},{"type":"Feature","geometry":{"type":"Polygon","coordinates":[[[-71.69726,-30.8236],[-71.69725,-30.82368],[-71.6972,-30.82376],[-71.69709,-30.8238],[-71.69699,-30.82379],[-71.69692,-30.82375],[-71.69693,-30.82369],[-71.69697,-30.82363],[-71.6971,-30.82358],[-71.69726,-30.8236]]]},"properties":{"comuna":"Ovalle","mancha_id":"04301-88b2e65345fffff-6","clase":"Medio","nivel_medio":1.715,"nivel_medio_min":1.715,"nivel_medio_max":1.715,"pct_alto":52.4,"n_hexagonos":1,"area_ha":0.06}},{"type":"Feature","geometry":{"type":"Polygon","coordinates":[[[-71.68729,-30.85731],[-71.68731,-30.85718],[-71.68734,-30.857152],[-71.687568,-30.857305],[-71.6875,-30.85735],[-71.68729,-30.85731]]]},"properties":{"comuna":"Ovalle","mancha_id":"04301-88b2e6533bfffff","clase":"Medio","nivel_medio":1.915,"nivel_medio_min":1.915,"nivel_medio_max":1.915,"pct_alto":61.2,"n_hexagonos":1,"area_ha":0.03}},{"type":"Feature","geometry":{"type":"Polygon","coordinates":[[[-71.69656,-30.83011],[-71.69661,-30.83016],[-71.69659,-30.83026],[-71.69642,-30.83035],[-71.69633,-30.83024],[-71.69643,-30.83012],[-71.69656,-30.83011]]]},"properties":{"comuna":"Ovalle","mancha_id":"04301-88b2e6530dfffff","clase":"Medio","nivel_medio":1.571,"nivel_medio_min":1.571,"nivel_medio_max":1.571,"pct_alto":50.0,"n_hexagonos":1,"area_ha":0.05}},{"type":"Feature","geometry":{"type":"Polygon","coordinates":[[[-71.69628,-30.83536],[-71.6964,-30.83551],[-71.69639,-30.8356],[-71.69625,-30.83569],[-71.69611,-30.83566],[-71.69607,-30.83558],[-71.69603,-30.83549],[-71.69601,-30.8354],[-71.69606,-30.83535],[-71.69616,-30.83532],[-71.69628,-30.83536]]]},"properties":{"comuna":"Ovalle","mancha_id":"04301-88b2e6530dfffff-2","clase":"Medio","nivel_medio":1.571,"nivel_medio_min":1.571,"nivel_medio_max":1.571,"pct_alto":50.0,"n_hexagonos":1,"area_ha":0.11}},{"type":"Feature","geometry":{"type":"Polygon","coordinates":[[[-71.69699,-30.83686],[-71.69697,-30.83696],[-71.696885,-30.837],[-71.69678,-30.83701],[-71.69672,-30.83698],[-71.6966,-30.83695],[-71.69651,-30.83691],[-71.69649,-30.83684],[-71.69647,-30.83674],[-71.69654,-30.83653],[-71.69656,-30.83639],[-71.6967,-30.83618],[-71.69678,-30.83617],[-71.69686,-30.83619],[-71.69692,-30.83625],[-71.69691,-30.83632],[-71.69687,-30.83643],[-71.69687,-30.83655],[-71.69692,-30.836645],[-71.69698,-30.83675],[-71.69699,-30.83686]]]},"properties":{"comuna":"Ovalle","mancha_id":"04301-88b2e6530dfffff-3","clase":"Medio","nivel_medio":1.571,"nivel_medio_min":1.571,"nivel_medio_max":1.571,"pct_alto":50.0,"n_hexagonos":1,"area_ha":0.32}},{"type":"Feature","geometry":{"type":"Polygon","coordinates":[[[-71.68603,-30.836891],[-71.691057,-30.835413],[-71.69167,-30.830976],[-71.687255,-30.828018],[-71.687868,-30.823582],[-71.692895,-30.822103],[-71.693507,-30.817666],[-71.698476,-30.816204],[-71.69848,-30.81621],[-71.69845,-30.8165],[-71.69845,-30.8166],[-71.69849,-30.81665],[-71.69858,-30.81676],[-71.69875,-30.81692],[-71.69867,-30.81698],[-71.69838,-30.81697],[-71.69833,-30.817],[-71.69827,-30.81704],[-71.69819,-30.81706],[-71.69813,-30.81709],[-71.6981,-30.81714],[-71.69805,-30.81721],[-71.69804,-30.81742],[-71.69809,-30.81747],[-71.69812,-30.81754],[-71.69813,-30.8176],[-71.69806,-30.81765],[-71.69795,-30.81766],[-71.69779,-30.81767],[-71.69766,-30.8177],[-71.69759,-30.81777],[-71.69752,-30.8178],[-71.69743,-30.81786],[-71.69735,-30.81788],[-71.69727,-30.81792],[-71.69718,-30.81794],[-71.6971,-30.81798],[-71.697,-30.81806],[-71.69697,-30.81813],[-71.69693,-30.81819],[-71.6969,-30.81831],[-71.69692,-30.8184],[-71.69692,-30.81854],[-71.69689,-30.81862],[-71.69673,-30.81898],[-71.69666,-30.8191],[-71.69657,-30.81922],[-71.69646,-30.81931],[-71.69626,-30.81943],[-71.69607,-30.81953],[-71.69599,-30.81963],[-71.69597,-30.81974],[-71.69599,-30.81986],[-71.69595,-30.81998],[-71.69587,-30.82009],[-71.69578,-30.82016],[-71.69574,-30.82022],[-71.69565,-30.82034],[-71.69559,-30.82048],[-71.69558,-30.82058],[-71.69564,-30.82066],[-71.69564,-30.82084],[-71.69559,-30.82087],[-71.69557,-30.82096],[-71.69554,-30.82106],[-71.69552,-30.82118],[-71.69554,-30.82132],[-71.69559,-30.82141],[-71.69565,-30.82148],[-71.6957,-30.82151],[-71.69579,-30.82157],[-71.69589,-30.82165],[-71.69597,-30.82169],[-71.696,-30.82177],[-71.69602,-30.82191],[-71.69608,-30.82195],[-71.69613,-30.82198],[-71.69622,-30.82206],[-71.69629,-30.82215],[-71.69629,-30.82224],[-71.69632,-30.82229],[-71.69635,-30.82239],[-71.69636,-30.82253],[-71.69637,-30.82265],[-71.69636,-30.82277],[-71.69639,-30.82289],[-71.69642,-30.82296],[-71.69655,-30.82309],[-71.69668,-30.82326],[-71.69669,-30.82341],[-71.69667,-30.82351],[-71.69664,-30.82365],[-71.69664,-30.82376],[-71.6967,-30.82382],[-71.69678,-30.82399],[-71.69679,-30.8241],[-71.6968,-30.82434],[-71.69677,-30.82446],[-71.69677,-30.82458],[-71.696752,-30.824687],[-71.69675,-30.8247],[-71.69676,-30.82487],[-71.6968,-30.82495],[-71.69683,-30.82505],[-71.69684,-30.82553],[-71.69682,-30.82577],[-71.69684,-30.8259],[-71.6969,-30.82599],[-71.69698,-30.82615],[-71.69699,-30.82645],[-71.69704,-30.82651],[-71.697097,-30.8266],[-71.697031,-30.827084],[-71.69701,-30.82711],[-71.69686,-30.82714],[-71.69679,-30.82718],[-71.69675,-30.82725],[-71.69671,-30.82737],[-71.69675,-30.82751],[-71.69682,-30.82759],[-71.69688,-30.82762],[-71.696942,-30.827722],[-71.696927,-30.827832],[-71.69692,-30.82785],[-71.69692,-30.827884],[-71.696772,-30.828954],[-71.69675,-30.82895],[-71.69664,-30.82886],[-71.69656,-30.82884],[-71.69652,-30.82879],[-71.6964,-30.8288],[-71.69634,-30.82891],[-71.69634,-30.82913],[-71.69635,-30.82927],[-71.69634,-30.82939],[-71.69624,-30.82946],[-71.69616,-30.82948],[-71.69593,-30.82957],[-71.696015,-30.829698],[-71.69605,-30.82975],[-71.69609,-30.82984],[-71.69613,-30.82991],[-71.69621,-30.82999],[-71.69622,-30.83005],[-71.69617,-30.83013],[-71.69609,-30.83018],[-71.69598,-30.83028],[-71.6959,-30.8304],[-71.69577,-30.83058],[-71.69573,-30.83072],[-71.69569,-30.83086],[-71.69567,-30.83101],[-71.69566,-30.83115],[-71.6956,-30.8312],[-71.69556,-30.83127],[-71.69545,-30.83134],[-71.69535,-30.83142],[-71.69532,-30.83154],[-71.69538,-30.8317],[-71.69544,-30.83175],[-71.69554,-30.83181],[-71.69564,-30.83188],[-71.69577,-30.83195],[-71.69581,-30.83205],[-71.69582,-30.83217],[-71.69583,-30.83229],[-71.69572,-30.83236],[-71.69566,-30.83242],[-71.69558,-30.8325],[-71.69557,-30.83258],[-71.69556,-30.83271],[-71.69548,-30.83285],[-71.69543,-30.83302],[-71.69545,-30.83315],[-71.69547,-30.83323],[-71.69541,-30.83326],[-71.69533,-30.83331],[-71.69526,-30.83333],[-71.69515,-30.83337],[-71.69507,-30.83346],[-71.69503,-30.83385],[-71.69506,-30.83398],[-71.69512,-30.83405],[-71.69518,-30.83408],[-71.69529,-30.83412],[-71.6954,-30.83419],[-71.69547,-30.83429],[-71.69549,-30.83438],[-71.6955,-30.83452],[-71.69552,-30.83464],[-71.69554,-30.83475],[-71.69569,-30.83497],[-71.69574,-30.83509],[-71.6958,-30.83521],[-71.69584,-30.83533],[-71.69586,-30.83545],[-71.69585,-30.83555],[-71.69584,-30.83571],[-71.69588,-30.83583],[-71.6959,-30.8359],[-71.69593,-30.836],[-71.69602,-30.83616],[-71.69609,-30.83628],[-71.69614,-30.8364],[-71.69613,-30.8365],[-71.69608,-30.83657],[-71.69593,-30.83656],[-71.69584,-30.83656],[-71.69576,-30.83661],[-71.69563,-30.83662],[-71.69555,-30.83671],[-71.6955,-30.83697],[-71.69551,-30.83704],[-71.69548,-30.83711],[-71.69541,-30.83725],[-71.69536,-30.83734],[-71.69528,-30.8374],[-71.69522,-30.83747],[-71.69518,-30.83754],[-71.69517,-30.83769],[-71.69519,-30.83777],[-71.69535,-30.83796],[-71.69546,-30.8381],[-71.69562,-30.83814],[-71.69573,-30.83819],[-71.6958,-30.83825],[-71.695822,-30.838268],[-71.695472,-30.838371],[-71.695091,-30.841131],[-71.69505,-30.84111],[-71.6949,-30.84111],[-71.69484,-30.84112],[-71.69482,-30.84126],[-71.69484,-30.84138],[-71.69495,-30.84152],[-71.69495,-30.84164],[-71.6949,-30.84167],[-71.69484,-30.84173],[-71.69473,-30.84176],[-71.69467,-30.84179],[-71.69459,-30.84184],[-71.69449,-30.84207],[-71.69437,-30.8421],[-71.69429,-30.8421],[-71.69419,-30.84214],[-71.69412,-30.84218],[-71.69407,-30.84223],[-71.694,-30.84232],[-71.69395,-30.84242],[-71.69392,-30.84252],[-71.69387,-30.84261],[-71.69383,-30.84273],[-71.69381,-30.84281],[-71.69378,-30.8429],[-71.69376,-30.84309],[-71.693762,-30.843129],[-71.689832,-30.844285],[-71.689222,-30.848703],[-71.689165,-30.848709],[-71.6891,-30.84874],[-71.68901,-30.84874],[-71.68893,-30.84873],[-71.68882,-30.84872],[-71.68871,-30.84873],[-71.68863,-30.84875],[-71.68854,-30.84879],[-71.68846,-30.84881],[-71.68838,-30.84885],[-71.68829,-30.84892],[-71.688247,-30.849006],[-71.684192,-30.850198],[-71.679777,-30.84724],[-71.68039,-30.842805],[-71.685417,-30.841327],[-71.68603,-30.836891]]]},"properties":{"comuna":"Ovalle","mancha_id":"04301-88b2e65301fffff","clase":"Medio","nivel_medio":2.117,"nivel_medio_min":1.571,"nivel_medio_max":2.468,"pct_alto":65.7,"n_hexagonos":5,"area_ha":254.34}},{"type":"Feature","geometry":{"type":"Polygon","coordinates":[[[-71.617381,-30.81025],[-71.617995,-30.805814],[-71.613584,-30.802854],[-71.614197,-30.798417],[-71.619222,-30.79694],[-71.623633,-30.799901],[-71.628658,-30.798424],[-71.629271,-30.793986],[-71.634296,-30.792509],[-71.63491,-30.788071],[-71.639935,-30.786593],[-71.640548,-30.782155],[-71.645573,-30.780676],[-71.646186,-30.776238],[-71.651211,-30.774759],[-71.651824,-30.77032],[-71.647412,-30.767359],[-71.642387,-30.768838],[-71.641774,-30.773277],[-71.636749,-30.774756],[-71.632337,-30.771795],[-71.632951,-30.767356],[-71.628539,-30.764395],[-71.629153,-30.759956],[-71.634177,-30.758477],[-71.638588,-30.761438],[-71.643613,-30.759959],[-71.648025,-30.76292],[-71.65305,-30.76144],[-71.657462,-30.764401],[-71.656849,-30.76884],[-71.661262,-30.7718],[-71.666287,-30.770321],[-71.6707,-30.773281],[-71.670087,-30.77772],[-71.665061,-30.7792],[-71.664449,-30.783639],[-71.659423,-30.785118],[-71.65881,-30.789556],[-71.663223,-30.792516],[-71.668249,-30.791037],[-71.668862,-30.786598],[-71.673888,-30.785119],[-71.6745,-30.78068],[-71.679526,-30.7792],[-71.68394,-30.782159],[-71.683327,-30.786598],[-71.678301,-30.788078],[-71.677689,-30.792517],[-71.672662,-30.793996],[-71.67205,-30.798434],[-71.676463,-30.801394],[-71.67585,-30.805831],[-71.670824,-30.80731],[-71.670211,-30.811748],[-71.665185,-30.813226],[-71.660772,-30.810267],[-71.661384,-30.80583],[-71.656971,-30.80287],[-71.651946,-30.804348],[-71.647533,-30.801389],[-71.642507,-30.802866],[-71.638095,-30.799906],[-71.63307,-30.801384],[-71.632457,-30.805821],[-71.627431,-30.807298],[-71.626818,-30.811734],[-71.621793,-30.813211],[-71.62118,-30.817647],[-71.616154,-30.819123],[-71.615541,-30.823558],[-71.610516,-30.825034],[-71.609902,-30.829469],[-71.604877,-30.830944],[-71.600466,-30.827984],[-71.60108,-30.823549],[-71.606105,-30.822074],[-71.606718,-30.817638],[-71.611743,-30.816163],[-71.612357,-30.811727],[-71.617381,-30.81025]],[[-71.653172,-30.795473],[-71.653784,-30.791035],[-71.649372,-30.788075],[-71.644347,-30.789553],[-71.643734,-30.793991],[-71.648146,-30.796951],[-71.653172,-30.795473]]]},"properties":{"comuna":"Ovalle","mancha_id":"04301-88b2e65241fffff","clase":"Medio","nivel_medio":2.206,"nivel_medio_min":1.587,"nivel_medio_max":2.466,"pct_alto":52.3,"n_hexagonos":27,"area_ha":1839.02}},{"type":"Feature","geometry":{"type":"Polygon","coordinates":[[[-71.66458,-30.94865],[-71.66461,-30.94851],[-71.664652,-30.948491],[-71.664928,-30.948676],[-71.66487,-30.94869],[-71.66476,-30.94871],[-71.66458,-30.94865]]]},"properties":{"comuna":"Ovalle","mancha_id":"04301-88b2e65197fffff","clase":"Medio","nivel_medio":1.558,"nivel_medio_min":1.558,"nivel_medio_max":1.558,"pct_alto":50.1,"n_hexagonos":1,"area_ha":0.04}},{"type":"Feature","geometry":{"type":"Polygon","coordinates":[[[-71.608907,-30.906309],[-71.604495,-30.903351],[-71.599468,-30.904823],[-71.595056,-30.901865],[-71.59567,-30.897434],[-71.600696,-30.895962],[-71.605108,-30.898921],[-71.610135,-30.897448],[-71.614547,-30.900406],[-71.613934,-30.904837],[-71.608907,-30.906309]]]},"properties":{"comuna":"Ovalle","mancha_id":"04301-88b2e650c1fffff","clase":"Medio","nivel_medio":2.392,"nivel_medio_min":2.343,"nivel_medio_max":2.44,"pct_alto":62.2,"n_hexagonos":2,"area_ha":135.87}},{"type":"Feature","geometry":{"type":"Polygon","coordinates":[[[-71.68414,-30.8717],[-71.68403,-30.87172],[-71.68393,-30.87175],[-71.68381,-30.87172],[-71.68374,-30.87171],[-71.68369,-30.87166],[-71.68362,-30.87154],[-71.68363,-30.87142],[-71.6836,-30.8713],[-71.6836,-30.87118],[-71.68358,-30.87106],[-71.6836,-30.87093],[-71.68355,-30.87025],[-71.68374,-30.87016],[-71.68387,-30.87025],[-71.68398,-30.87039],[-71.68406,-30.8705],[-71.68411,-30.87057],[-71.68417,-30.87064],[-71.68419,-30.87072],[-71.6842,-30.87084],[-71.6842,-30.87096],[-71.68419,-30.87108],[-71.68424,-30.87119],[-71.68428,-30.87131],[-71.68432,-30.87138],[-71.68431,-30.8715],[-71.6843,-30.87159],[-71.68424,-30.87163],[-71.68414,-30.8717]]]},"properties":{"comuna":"Ovalle","mancha_id":"04301-88b2e65065fffff","clase":"Medio","nivel_medio":1.624,"nivel_medio_min":1.624,"nivel_medio_max":1.624,"pct_alto":52.4,"n_hexagonos":1,"area_ha":0.92}},{"type":"Feature","geometry":{"type":"Polygon","coordinates":[[[-71.678064,-30.894536],[-71.673036,-30.896012],[-71.672423,-30.900444],[-71.676838,-30.903401],[-71.676225,-30.907832],[-71.671197,-30.909307],[-71.666781,-30.906351],[-71.667394,-30.901919],[-71.66298,-30.898962],[-71.663593,-30.89453],[-71.659178,-30.891573],[-71.659791,-30.887141],[-71.664819,-30.885665],[-71.665432,-30.881233],[-71.670459,-30.879757],[-71.671072,-30.875323],[-71.666658,-30.872366],[-71.66163,-30.873842],[-71.657216,-30.870884],[-71.657829,-30.866451],[-71.662856,-30.864975],[-71.667271,-30.867932],[-71.672298,-30.866456],[-71.672911,-30.862022],[-71.677939,-30.860545],[-71.678551,-30.85611],[-71.683579,-30.854633],[-71.687,-30.856924],[-71.68699,-30.85703],[-71.68704,-30.8571],[-71.68713,-30.85721],[-71.687,-30.85722],[-71.68675,-30.85716],[-71.68661,-30.85716],[-71.68656,-30.85729],[-71.68669,-30.85753],[-71.68669,-30.85768],[-71.68667,-30.85775],[-71.68661,-30.85785],[-71.68653,-30.85788],[-71.68646,-30.85794],[-71.68633,-30.85801],[-71.68623,-30.8581],[-71.68612,-30.85814],[-71.6859,-30.85828],[-71.68577,-30.85839],[-71.6857,-30.85848],[-71.68562,-30.85864],[-71.68563,-30.85878],[-71.68563,-30.8589],[-71.68554,-30.85896],[-71.68552,-30.85905],[-71.6855,-30.85922],[-71.68555,-30.85932],[-71.68557,-30.8595],[-71.68552,-30.85958],[-71.68541,-30.85968],[-71.68536,-30.85975],[-71.68525,-30.85991],[-71.68515,-30.8602],[-71.68514,-30.86034],[-71.68516,-30.86047],[-71.68516,-30.86061],[-71.68512,-30.8607],[-71.68505,-30.86075],[-71.68489,-30.86086],[-71.68478,-30.86091],[-71.68467,-30.86095],[-71.68443,-30.86101],[-71.68436,-30.86108],[-71.68426,-30.86115],[-71.68417,-30.86132],[-71.68415,-30.8617],[-71.68417,-30.86185],[-71.68424,-30.86232],[-71.68421,-30.86244],[-71.6842,-30.86259],[-71.68418,-30.86265],[-71.68414,-30.86272],[-71.684,-30.8629],[-71.68396,-30.86296],[-71.68394,-30.86302],[-71.68394,-30.863036],[-71.682354,-30.863502],[-71.681741,-30.867937],[-71.682065,-30.868154],[-71.68199,-30.86828],[-71.68194,-30.86842],[-71.6819,-30.86856],[-71.68184,-30.86871],[-71.6818,-30.86885],[-71.68178,-30.869],[-71.68175,-30.86914],[-71.68176,-30.86928],[-71.68177,-30.86943],[-71.68181,-30.86955],[-71.68186,-30.86966],[-71.68191,-30.86978],[-71.68194,-30.8699],[-71.682,-30.87002],[-71.68203,-30.87014],[-71.68206,-30.87026],[-71.68205,-30.87038],[-71.68207,-30.87052],[-71.68206,-30.87064],[-71.68206,-30.87078],[-71.68209,-30.87093],[-71.68215,-30.87105],[-71.68222,-30.87116],[-71.68224,-30.87128],[-71.68221,-30.87139],[-71.68208,-30.87155],[-71.68198,-30.8717],[-71.68195,-30.87184],[-71.68192,-30.87198],[-71.68188,-30.87213],[-71.68177,-30.87222],[-71.68172,-30.87235],[-71.68163,-30.87246],[-71.68161,-30.87259],[-71.68162,-30.87273],[-71.68164,-30.87287],[-71.68168,-30.87299],[-71.68168,-30.87311],[-71.6817,-30.87323],[-71.6817,-30.87335],[-71.68167,-30.87349],[-71.6816,-30.87364],[-71.68158,-30.87378],[-71.68159,-30.87384],[-71.68161,-30.87393],[-71.68158,-30.87405],[-71.68155,-30.87419],[-71.6815,-30.87433],[-71.68146,-30.8745],[-71.68145,-30.87462],[-71.68145,-30.87477],[-71.68147,-30.87491],[-71.68149,-30.87503],[-71.6815,-30.87515],[-71.68154,-30.87527],[-71.68157,-30.87539],[-71.68156,-30.8755],[-71.68154,-30.87557],[-71.68153,-30.87565],[-71.68154,-30.87579],[-71.68154,-30.87594],[-71.68153,-30.87606],[-71.68156,-30.8762],[-71.68158,-30.87632],[-71.68158,-30.87644],[-71.681588,-30.876489],[-71.680515,-30.876804],[-71.679902,-30.881238],[-71.674874,-30.882714],[-71.674261,-30.887147],[-71.678677,-30.890104],[-71.678064,-30.894536]]]},"properties":{"comuna":"Ovalle","mancha_id":"04301-88b2e65021fffff","clase":"Medio","nivel_medio":2.063,"nivel_medio_min":1.517,"nivel_medio_max":2.451,"pct_alto":65.2,"n_hexagonos":11,"area_ha":706.38}},{"type":"Feature","geometry":{"type":"Polygon","coordinates":[[[-71.585958,-31.00222],[-71.586572,-30.997796],[-71.5916,-30.996328],[-71.596013,-30.999284],[-71.595399,-31.003708],[-71.590371,-31.005176],[-71.585958,-31.00222]]]},"properties":{"comuna":"Ovalle","mancha_id":"04301-88b2e642c3fffff","clase":"Medio","nivel_medio":2.415,"nivel_medio_min":2.415,"nivel_medio_max":2.415,"pct_alto":77.8,"n_hexagonos":1,"area_ha":67.79}},{"type":"Feature","geometry":{"type":"Polygon","coordinates":[[[-71.584115,-31.015491],[-71.584729,-31.011068],[-71.589757,-31.0096],[-71.594171,-31.012556],[-71.593557,-31.016979],[-71.588528,-31.018447],[-71.584115,-31.015491]]]},"properties":{"comuna":"Ovalle","mancha_id":"04301-88b2e6428bfffff","clase":"Medio","nivel_medio":2.343,"nivel_medio_min":2.343,"nivel_medio_max":2.343,"pct_alto":77.2,"n_hexagonos":1,"area_ha":67.78}},{"type":"Feature","geometry":{"type":"Polygon","coordinates":[[[-71.65966,-30.962835],[-71.6596,-30.9629],[-71.65946,-30.96292],[-71.659335,-30.962875],[-71.65928,-30.96268],[-71.65938,-30.96258],[-71.6596,-30.96257],[-71.65969,-30.96262],[-71.65971,-30.9627],[-71.65966,-30.962835]]]},"properties":{"comuna":"Ovalle","mancha_id":"04301-88b2e64261fffff","clase":"Medio","nivel_medio":1.704,"nivel_medio_min":1.704,"nivel_medio_max":1.704,"pct_alto":47.1,"n_hexagonos":1,"area_ha":0.12}},{"type":"Feature","geometry":{"type":"Polygon","coordinates":[[[-71.611098,-30.994878],[-71.606684,-30.991922],[-71.601655,-30.993391],[-71.597242,-30.990435],[-71.597856,-30.98601],[-71.602884,-30.984541],[-71.607298,-30.987497],[-71.612326,-30.986027],[-71.61674,-30.988983],[-71.621768,-30.987514],[-71.626183,-30.990469],[-71.625569,-30.994895],[-71.620541,-30.996364],[-71.616126,-30.993409],[-71.611098,-30.994878]]]},"properties":{"comuna":"Ovalle","mancha_id":"04301-88b2e64213fffff","clase":"Medio","nivel_medio":1.817,"nivel_medio_min":1.672,"nivel_medio_max":1.958,"pct_alto":48.4,"n_hexagonos":3,"area_ha":203.47}},{"type":"Feature","geometry":{"type":"Polygon","coordinates":[[[-71.618816,-31.043556],[-71.614401,-31.040601],[-71.609372,-31.042068],[-71.608758,-31.04649],[-71.603729,-31.047957],[-71.599314,-31.045002],[-71.599928,-31.040581],[-71.595514,-31.037626],[-71.596128,-31.033203],[-71.601157,-31.031736],[-71.601771,-31.027314],[-71.597356,-31.024358],[-71.597971,-31.019935],[-71.602999,-31.018467],[-71.603613,-31.014044],[-71.608642,-31.012576],[-71.609256,-31.008152],[-71.614284,-31.006683],[-71.614898,-31.002258],[-71.619927,-31.000789],[-71.624342,-31.003745],[-71.623728,-31.008169],[-71.618699,-31.009638],[-71.618085,-31.014062],[-71.613056,-31.015531],[-71.612442,-31.019955],[-71.616857,-31.02291],[-71.616243,-31.027333],[-71.620658,-31.030288],[-71.620044,-31.034711],[-71.62446,-31.037665],[-71.623846,-31.042088],[-71.618816,-31.043556]]]},"properties":{"comuna":"Ovalle","mancha_id":"04301-88b2e640c9fffff","clase":"Medio","nivel_medio":2.133,"nivel_medio_min":1.734,"nivel_medio_max":2.415,"pct_alto":63.7,"n_hexagonos":11,"area_ha":745.5}},{"type":"Feature","geometry":{"type":"Polygon","coordinates":[[[-71.599429,-31.078902],[-71.600043,-31.074482],[-71.605073,-31.073016],[-71.605687,-31.068596],[-71.610716,-31.067129],[-71.615132,-31.070083],[-71.614518,-31.074504],[-71.618934,-31.077458],[-71.61832,-31.081877],[-71.622736,-31.084831],[-71.627766,-31.083365],[-71.632183,-31.086318],[-71.637214,-31.084851],[-71.641631,-31.087804],[-71.641017,-31.092224],[-71.645434,-31.095176],[-71.650465,-31.093709],[-71.654883,-31.096662],[-71.654875,-31.096723],[-71.65478,-31.09675],[-71.65462,-31.09689],[-71.6546,-31.097],[-71.65463,-31.09712],[-71.65473,-31.09732],[-71.654787,-31.09735],[-71.654456,-31.099739],[-71.65441,-31.09978],[-71.65433,-31.09987],[-71.65423,-31.10004],[-71.65415,-31.10038],[-71.65403,-31.10052],[-71.65372,-31.10063],[-71.65336,-31.10073],[-71.65311,-31.10092],[-71.65284,-31.10119],[-71.65212,-31.10166],[-71.65199,-31.101746],[-71.649238,-31.102548],[-71.64482,-31.099596],[-71.639789,-31.101062],[-71.639175,-31.105481],[-71.643593,-31.108434],[-71.648624,-31.106967],[-71.650219,-31.108033],[-71.65019,-31.10817],[-71.65018,-31.10864],[-71.65028,-31.10897],[-71.65037,-31.10922],[-71.65042,-31.1095],[-71.65036,-31.10969],[-71.65039,-31.10984],[-71.65063,-31.10999],[-71.65139,-31.11043],[-71.65149,-31.1105],[-71.65181,-31.11058],[-71.652899,-31.110951],[-71.65313,-31.11103],[-71.65343,-31.11109],[-71.65361,-31.11108],[-71.654,-31.11102],[-71.65441,-31.11106],[-71.655,-31.11128],[-71.65513,-31.11129],[-71.65541,-31.11135],[-71.65575,-31.11137],[-71.65592,-31.11144],[-71.65619,-31.11161],[-71.65631,-31.11168],[-71.65639,-31.11169],[-71.65656,-31.11167],[-71.65674,-31.11151],[-71.65703,-31.11135],[-71.6573,-31.1113],[-71.65764,-31.11134],[-71.65789,-31.11138],[-71.65802,-31.11143],[-71.65815,-31.1114],[-71.65829,-31.11128],[-71.65851,-31.1111],[-71.65869,-31.11103],[-71.65883,-31.11102],[-71.659,-31.11106],[-71.65914,-31.11113],[-71.6592,-31.11121],[-71.65919,-31.11139],[-71.65907,-31.11168],[-71.65897,-31.11182],[-71.65884,-31.11193],[-71.6588,-31.11202],[-71.65881,-31.11214],[-71.65887,-31.11216],[-71.659,-31.11216],[-71.65913,-31.11204],[-71.65918,-31.11195],[-71.65933,-31.1119],[-71.65992,-31.11186],[-71.66012,-31.11196],[-71.6603,-31.1121],[-71.66038,-31.11232],[-71.66031,-31.11263],[-71.66019,-31.11289],[-71.66005,-31.113],[-71.65977,-31.11308],[-71.65945,-31.11311],[-71.65905,-31.1131],[-71.65896,-31.11317],[-71.65863,-31.11349],[-71.65856,-31.1136],[-71.65858,-31.11369],[-71.65868,-31.11376],[-71.66019,-31.11448],[-71.66031,-31.11458],[-71.66036,-31.11467],[-71.66038,-31.11475],[-71.66035,-31.11484],[-71.66017,-31.11498],[-71.65985,-31.11529],[-71.65982,-31.11548],[-71.65985,-31.11565],[-71.65994,-31.11587],[-71.66007,-31.11606],[-71.66014,-31.11631],[-71.660143,-31.116329],[-71.66022,-31.1168],[-71.66031,-31.11706],[-71.66042,-31.11725],[-71.66048,-31.11764],[-71.66061,-31.11807],[-71.66075,-31.11833],[-71.66086,-31.11851],[-71.66104,-31.11863],[-71.66113,-31.11876],[-71.66117,-31.11891],[-71.66118,-31.11904],[-71.66107,-31.11922],[-71.66082,-31.11952],[-71.66068,-31.11961],[-71.66041,-31.11964],[-71.66028,-31.11972],[-71.66005,-31.11991],[-71.65975,-31.12018],[-71.65953,-31.1205],[-71.65937,-31.12101],[-71.65922,-31.12128],[-71.65903,-31.1215],[-71.65879,-31.12161],[-71.65855,-31.12171],[-71.65824,-31.1218],[-71.65801,-31.12184],[-71.65758,-31.12208],[-71.65748,-31.12219],[-71.65745,-31.1223],[-71.65746,-31.12245],[-71.65764,-31.12256],[-71.6578,-31.12264],[-71.65787,-31.12272],[-71.657902,-31.122823],[-71.65791,-31.12285],[-71.65783,-31.12305],[-71.65773,-31.12318],[-71.6577,-31.12334],[-71.65776,-31.12351],[-71.65783,-31.12361],[-71.65797,-31.12367],[-71.65816,-31.12373],[-71.65856,-31.12371],[-71.6588,-31.12383],[-71.65895,-31.12396],[-71.65906,-31.12415],[-71.65908,-31.12443],[-71.65906,-31.1249],[-71.65898,-31.12516],[-71.65889,-31.12526],[-71.65844,-31.12543],[-71.65833,-31.12549],[-71.65824,-31.12557],[-71.65817,-31.12568],[-71.65816,-31.12588],[-71.65835,-31.12632],[-71.65849,-31.12657],[-71.6585,-31.12673],[-71.65835,-31.1269],[-71.65818,-31.12699],[-71.65801,-31.12723],[-71.65784,-31.12757],[-71.65784,-31.12773],[-71.6579,-31.12821],[-71.65804,-31.12884],[-71.65817,-31.12905],[-71.65844,-31.12937],[-71.658624,-31.129489],[-71.65881,-31.12961],[-71.65906,-31.12975],[-71.65928,-31.12979],[-71.65946,-31.1298],[-71.65973,-31.12989],[-71.66066,-31.13018],[-71.66078,-31.13025],[-71.66084,-31.13038],[-71.6609,-31.13065],[-71.66089,-31.13091],[-71.66095,-31.13106],[-71.6612,-31.13126],[-71.66128,-31.13142],[-71.66138,-31.13153],[-71.66162,-31.13172],[-71.66167,-31.13186],[-71.66171,-31.13207],[-71.66163,-31.13235],[-71.66164,-31.13308],[-71.66167,-31.13327],[-71.66177,-31.13344],[-71.6619,-31.13358],[-71.66218,-31.13375],[-71.66277,-31.13413],[-71.66331,-31.1343],[-71.66348,-31.13443],[-71.66351,-31.13465],[-71.66338,-31.13492],[-71.66312,-31.13526],[-71.66295,-31.13543],[-71.66287,-31.1356],[-71.66285,-31.13575],[-71.66293,-31.13595],[-71.66319,-31.1364],[-71.663277,-31.136611],[-71.66331,-31.13669],[-71.66355,-31.13721],[-71.66393,-31.13762],[-71.66409,-31.13771],[-71.6643,-31.13777],[-71.66441,-31.13784],[-71.66454,-31.138],[-71.66465,-31.13829],[-71.66477,-31.13853],[-71.66476,-31.13874],[-71.66462,-31.13891],[-71.66417,-31.13917],[-71.6641,-31.13924],[-71.66409,-31.13943],[-71.66423,-31.14007],[-71.66417,-31.14054],[-71.66408,-31.14074],[-71.66396,-31.14082],[-71.66366,-31.14088],[-71.66346,-31.14098],[-71.66319,-31.1412],[-71.66292,-31.14148],[-71.66251,-31.14202],[-71.66245,-31.14236],[-71.66245,-31.14269],[-71.6625,-31.14297],[-71.66263,-31.14316],[-71.66274,-31.14329],[-71.66296,-31.14342],[-71.6632,-31.14339],[-71.66338,-31.14338],[-71.66358,-31.14348],[-71.66371,-31.1436],[-71.66372,-31.14376],[-71.6636,-31.14398],[-71.66341,-31.14425],[-71.66312,-31.14451],[-71.66291,-31.14462],[-71.66269,-31.14468],[-71.6625,-31.14474],[-71.66232,-31.14488],[-71.66225,-31.14502],[-71.662247,-31.145035],[-71.6622,-31.1453],[-71.66224,-31.14578],[-71.66232,-31.14591],[-71.66243,-31.14597],[-71.662514,-31.146012],[-71.66257,-31.14604],[-71.66276,-31.14612],[-71.66297,-31.14613],[-71.6632,-31.14613],[-71.66345,-31.14598],[-71.66387,-31.14579],[-71.66413,-31.14573],[-71.6646,-31.14553],[-71.66472,-31.14545],[-71.66477,-31.14533],[-71.66487,-31.14524],[-71.66497,-31.1452],[-71.66552,-31.14517],[-71.66587,-31.14507],[-71.66627,-31.14507],[-71.666925,-31.14471],[-71.66704,-31.14476],[-71.66708,-31.14483],[-71.66718,-31.14487],[-71.66728,-31.14487],[-71.66736,-31.14481],[-71.66757,-31.14465],[-71.6677,-31.14461],[-71.66786,-31.14461],[-71.66803,-31.14468],[-71.66836,-31.14488],[-71.66857,-31.1451],[-71.66866,-31.14527],[-71.6687,-31.14554],[-71.66857,-31.14572],[-71.66849,-31.14578],[-71.66837,-31.14584],[-71.66824,-31.14592],[-71.66779,-31.14595],[-71.66772,-31.14604],[-71.66771,-31.14613],[-71.66799,-31.14641],[-71.66801,-31.14656],[-71.66791,-31.14684],[-71.66783,-31.14691],[-71.66768,-31.14702],[-71.66744,-31.14727],[-71.66726,-31.1475],[-71.66724,-31.14765],[-71.66728,-31.14777],[-71.66733,-31.1478],[-71.66739,-31.14781],[-71.66749,-31.14787],[-71.66754,-31.14801],[-71.66751,-31.14818],[-71.66724,-31.14846],[-71.66718,-31.14867],[-71.66721,-31.14912],[-71.66761,-31.14993],[-71.66767,-31.15038],[-71.66764,-31.15084],[-71.66761,-31.15096],[-71.66753,-31.15104],[-71.66747,-31.15105],[-71.6674,-31.15098],[-71.66735,-31.15094],[-71.66733,-31.15087],[-71.66724,-31.15077],[-71.66714,-31.15072],[-71.66705,-31.15071],[-71.66702,-31.15077],[-71.66703,-31.15085],[-71.66731,-31.15122],[-71.66733,-31.15135],[-71.66728,-31.15141],[-71.6672,-31.15139],[-71.66708,-31.15128],[-71.66686,-31.15098],[-71.66679,-31.15092],[-71.66674,-31.15089],[-71.66667,-31.15089],[-71.66666,-31.15095],[-71.66665,-31.15102],[-71.66678,-31.15126],[-71.66679,-31.15136],[-71.66671,-31.15144],[-71.66669,-31.1515],[-71.66669,-31.1517],[-71.66677,-31.15189],[-71.66671,-31.15222],[-71.66664,-31.15243],[-71.666603,-31.152595],[-71.666421,-31.152648],[-71.666251,-31.153873],[-71.66614,-31.15402],[-71.66598,-31.15433],[-71.66574,-31.15453],[-71.66499,-31.15518],[-71.66477,-31.1554],[-71.66466,-31.15566],[-71.66462,-31.1564],[-71.66443,-31.15676],[-71.66426,-31.15701],[-71.66423,-31.15713],[-71.664265,-31.157513],[-71.66427,-31.15757],[-71.66424,-31.15785],[-71.66414,-31.15807],[-71.66392,-31.15835],[-71.66347,-31.15857],[-71.66306,-31.15875],[-71.66282,-31.15885],[-71.66257,-31.15904],[-71.66244,-31.15924],[-71.66235,-31.15958],[-71.66217,-31.15993],[-71.66194,-31.1602],[-71.66179,-31.16085],[-71.66176,-31.16113],[-71.66178,-31.16122],[-71.66187,-31.16136],[-71.66222,-31.16167],[-71.6623,-31.16181],[-71.66229,-31.16208],[-71.66209,-31.16252],[-71.66192,-31.16273],[-71.66185,-31.16298],[-71.66187,-31.16315],[-71.66193,-31.16328],[-71.66202,-31.16333],[-71.66216,-31.1633],[-71.6628,-31.16307],[-71.66307,-31.16305],[-71.66337,-31.16299],[-71.66363,-31.16306],[-71.66398,-31.16323],[-71.66444,-31.1635],[-71.66486,-31.16364],[-71.66521,-31.16392],[-71.66545,-31.16409],[-71.66575,-31.1642],[-71.66606,-31.1642],[-71.66629,-31.16422],[-71.66646,-31.16426],[-71.66657,-31.16433],[-71.6667,-31.16446],[-71.66669,-31.16469],[-71.66665,-31.1648],[-71.66657,-31.16506],[-71.666607,-31.165306],[-71.66458,-31.165896],[-71.663966,-31.170311],[-71.665313,-31.171211],[-71.66516,-31.17136],[-71.66441,-31.17198],[-71.664,-31.17234],[-71.66385,-31.17256],[-71.6638,-31.17276],[-71.6638,-31.17294],[-71.66385,-31.1731],[-71.66401,-31.17336],[-71.66405,-31.17355],[-71.66398,-31.17375],[-71.6638,-31.17405],[-71.66346,-31.17453],[-71.66333,-31.17479],[-71.66323,-31.17502],[-71.66319,-31.17537],[-71.66316,-31.17582],[-71.66295,-31.17641],[-71.66262,-31.17701],[-71.66218,-31.17789],[-71.66195,-31.17828],[-71.661802,-31.178516],[-71.66133,-31.17927],[-71.66117,-31.17954],[-71.6611,-31.1797],[-71.66112,-31.1799],[-71.66137,-31.18142],[-71.66149,-31.18178],[-71.6615,-31.18188],[-71.66147,-31.18195],[-71.6614,-31.182],[-71.66096,-31.18199],[-71.66078,-31.182],[-71.66047,-31.18214],[-71.66028,-31.18224],[-71.6601,-31.18239],[-71.66,-31.1825],[-71.65988,-31.18253],[-71.65978,-31.18253],[-71.65957,-31.18252],[-71.65946,-31.18257],[-71.65936,-31.18269],[-71.65927,-31.18289],[-71.65919,-31.18304],[-71.6591,-31.18316],[-71.65897,-31.18324],[-71.65883,-31.1834],[-71.65884,-31.1835],[-71.65887,-31.18382],[-71.65881,-31.18404],[-71.65859,-31.18425],[-71.6584,-31.18447],[-71.6581,-31.18453],[-71.65773,-31.1848],[-71.65769,-31.184846],[-71.657091,-31.18502],[-71.656478,-31.189434],[-71.655891,-31.189605],[-71.65544,-31.18952],[-71.65525,-31.18958],[-71.65503,-31.18968],[-71.65491,-31.18983],[-71.654885,-31.189897],[-71.651444,-31.190898],[-71.65083,-31.195312],[-71.651865,-31.196002],[-71.6518,-31.19604],[-71.65157,-31.19634],[-71.6513,-31.19668],[-71.65108,-31.19697],[-71.65083,-31.19716],[-71.65027,-31.19751],[-71.65006,-31.19766],[-71.64992,-31.19779],[-71.6499,-31.19791],[-71.6499,-31.19804],[-71.64992,-31.19817],[-71.65004,-31.19827],[-71.65058,-31.19843],[-71.65066,-31.19848],[-71.65082,-31.19862],[-71.65083,-31.19871],[-71.65078,-31.1989],[-71.65066,-31.19924],[-71.65062,-31.19952],[-71.65054,-31.19974],[-71.65023,-31.20036],[-71.64995,-31.20063],[-71.64977,-31.20086],[-71.64966,-31.20116],[-71.64966,-31.20129],[-71.64969,-31.20145],[-71.64995,-31.20182],[-71.65017,-31.20202],[-71.6509,-31.20201],[-71.65151,-31.20188],[-71.6517,-31.20175],[-71.65204,-31.20162],[-71.65217,-31.20159],[-71.65232,-31.2016],[-71.6524,-31.20171],[-71.65247,-31.20185],[-71.65272,-31.20209],[-71.65321,-31.20255],[-71.65328,-31.20266],[-71.65334,-31.20278],[-71.653368,-31.203043],[-71.65337,-31.20306],[-71.65327,-31.2036],[-71.65316,-31.20396],[-71.65292,-31.20436],[-71.65271,-31.20452],[-71.65254,-31.2046],[-71.65236,-31.20474],[-71.65215,-31.20496],[-71.65198,-31.20517],[-71.65193,-31.20535],[-71.65193,-31.20558],[-71.65196,-31.20583],[-71.65194,-31.20603],[-71.65186,-31.20611],[-71.65158,-31.20629],[-71.65147,-31.20641],[-71.65121,-31.20668],[-71.65108,-31.20685],[-71.6505,-31.20773],[-71.64977,-31.2083],[-71.64958,-31.20849],[-71.64946,-31.20865],[-71.649396,-31.208823],[-71.64918,-31.20941],[-71.64904,-31.20955],[-71.64885,-31.20966],[-71.64876,-31.20984],[-71.64874,-31.20998],[-71.64885,-31.21022],[-71.64886,-31.21037],[-71.64885,-31.2106],[-71.64878,-31.21076],[-71.64873,-31.21098],[-71.64867,-31.21147],[-71.64854,-31.21162],[-71.64794,-31.21217],[-71.64767,-31.21238],[-71.64744,-31.21249],[-71.6473,-31.21259],[-71.6471,-31.21297],[-71.64685,-31.21327],[-71.64658,-31.21357],[-71.64639,-31.21371],[-71.64607,-31.21385],[-71.64577,-31.2139],[-71.64539,-31.21389],[-71.64506,-31.21375],[-71.64484,-31.21363],[-71.64465,-31.2136],[-71.64447,-31.21362],[-71.64426,-31.21378],[-71.64409,-31.21415],[-71.64404,-31.21448],[-71.64399,-31.21461],[-71.64387,-31.21469],[-71.643764,-31.214708],[-71.643341,-31.214426],[-71.638308,-31.215888],[-71.638295,-31.215979],[-71.638233,-31.215974],[-71.637527,-31.215697],[-71.636372,-31.215279],[-71.635587,-31.215026],[-71.634521,-31.214795],[-71.634058,-31.214747],[-71.633483,-31.214381],[-71.632644,-31.213855],[-71.631953,-31.213578],[-71.631845,-31.213532],[-71.631047,-31.21319],[-71.630479,-31.213041],[-71.629522,-31.212809],[-71.628968,-31.212911],[-71.628236,-31.213191],[-71.627778,-31.213261],[-71.627547,-31.213121],[-71.627192,-31.212831],[-71.627025,-31.21254],[-71.627057,-31.212207],[-71.627122,-31.211991],[-71.627228,-31.211839],[-71.627531,-31.211663],[-71.627716,-31.211613],[-71.627843,-31.211555],[-71.628036,-31.21141],[-71.628058,-31.211163],[-71.627966,-31.211055],[-71.627458,-31.210716],[-71.627255,-31.210523],[-71.62717,-31.210151],[-71.627175,-31.209914],[-71.627079,-31.209686],[-71.626949,-31.20951],[-71.626659,-31.209397],[-71.626298,-31.209446],[-71.625814,-31.209645],[-71.625428,-31.210093],[-71.625356,-31.210232],[-71.625265,-31.210291],[-71.62513,-31.210318],[-71.624967,-31.210247],[-71.624727,-31.209946],[-71.624663,-31.209829],[-71.624544,-31.209613],[-71.624049,-31.208795],[-71.62397,-31.208674],[-71.623839,-31.208574],[-71.623666,-31.208532],[-71.623118,-31.208649],[-71.622757,-31.208719],[-71.622461,-31.208434],[-71.622122,-31.207977],[-71.621966,-31.207589],[-71.621835,-31.207299],[-71.621544,-31.206875],[-71.620924,-31.206244],[-71.619943,-31.205324],[-71.619491,-31.204925],[-71.619092,-31.204648],[-71.618975,-31.204569],[-71.61835,-31.204145],[-71.617865,-31.20351],[-71.617279,-31.202687],[-71.616977,-31.202305],[-71.616815,-31.202124],[-71.616538,-31.201833],[-71.616106,-31.201562],[-71.615567,-31.201153],[-71.615282,-31.20104],[-71.614736,-31.200706],[-71.614588,-31.200571],[-71.61437,-31.200524],[-71.613987,-31.200524],[-71.613755,-31.200565],[-71.613391,-31.200589],[-71.612301,-31.200313],[-71.611954,-31.200213],[-71.611549,-31.199967],[-71.611525,-31.199953],[-71.611101,-31.199522],[-71.610891,-31.199307],[-71.610763,-31.199206],[-71.610468,-31.199108],[-71.610158,-31.199073],[-71.609729,-31.199053],[-71.609423,-31.198906],[-71.609018,-31.198368],[-71.608626,-31.19786],[-71.608545,-31.197602],[-71.608605,-31.197322],[-71.608863,-31.197107],[-71.608923,-31.196986],[-71.608837,-31.196762],[-71.608712,-31.196607],[-71.608359,-31.196487],[-71.608183,-31.196409],[-71.607368,-31.19633],[-71.607113,-31.196311],[-71.606728,-31.196338],[-71.606123,-31.196366],[-71.605757,-31.19637],[-71.605453,-31.196323],[-71.605264,-31.196164],[-71.605107,-31.195895],[-71.605087,-31.195862],[-71.60504,-31.19569],[-71.604872,-31.195044],[-71.604713,-31.194605],[-71.604532,-31.194093],[-71.604558,-31.193796],[-71.604674,-31.19352],[-71.604661,-31.193266],[-71.604554,-31.193077],[-71.604317,-31.192728],[-71.604028,-31.19228],[-71.603981,-31.192018],[-71.603959,-31.191613],[-71.603882,-31.191428],[-71.603757,-31.190929],[-71.60411,-31.190498],[-71.604244,-31.190235],[-71.604218,-31.189986],[-71.604059,-31.189706],[-71.603899,-31.189512],[-71.603564,-31.189411],[-71.60318,-31.189294],[-71.602893,-31.189129],[-71.602681,-31.188935],[-71.602433,-31.188747],[-71.602229,-31.188644],[-71.601685,-31.188421],[-71.601617,-31.188393],[-71.601306,-31.188193],[-71.601135,-31.187936],[-71.601049,-31.187618],[-71.600785,-31.186786],[-71.600713,-31.186494],[-71.600606,-31.186227],[-71.600472,-31.186016],[-71.600287,-31.185835],[-71.60005,-31.18568],[-71.599926,-31.185556],[-71.599831,-31.185409],[-71.599697,-31.185129],[-71.599521,-31.184574],[-71.599405,-31.184393],[-71.59934,-31.184286],[-71.599349,-31.183377],[-71.599355,-31.183298],[-71.599232,-31.183074],[-71.598925,-31.182812],[-71.598728,-31.182656],[-71.598453,-31.182502],[-71.59835,-31.18244],[-71.59814,-31.182233],[-71.598043,-31.182023],[-71.597998,-31.181755],[-71.597919,-31.181193],[-71.597853,-31.181065],[-71.597778,-31.180921],[-71.597627,-31.180597],[-71.59722,-31.180088],[-71.596855,-31.179774],[-71.596748,-31.179723],[-71.596206,-31.179456],[-71.596053,-31.179344],[-71.595756,-31.17914],[-71.595615,-31.178965],[-71.595667,-31.178252],[-71.595405,-31.177835],[-71.595174,-31.177436],[-71.595071,-31.177229],[-71.594961,-31.176995],[-71.594789,-31.176836],[-71.594671,-31.176595],[-71.594575,-31.176247],[-71.594534,-31.176075],[-71.594334,-31.175841],[-71.594182,-31.175665],[-71.593965,-31.175441],[-71.59389,-31.175162],[-71.593803,-31.174639],[-71.593755,-31.174374],[-71.593624,-31.17416],[-71.593435,-31.174022],[-71.593274,-31.173925],[-71.595972,-31.173141],[-71.596586,-31.168727],[-71.59217,-31.165775],[-71.588691,-31.166786],[-71.588465,-31.166562],[-71.588334,-31.166414],[-71.588072,-31.166276],[-71.587653,-31.166235],[-71.58752,-31.166181],[-71.586898,-31.16594],[-71.586306,-31.165647],[-71.585675,-31.165246],[-71.585405,-31.164958],[-71.585165,-31.164371],[-71.584965,-31.164105],[-71.584538,-31.163878],[-71.584416,-31.163813],[-71.583824,-31.163382],[-71.583654,-31.16326],[-71.583497,-31.163203],[-71.583083,-31.163115],[-71.582883,-31.16313],[-71.583337,-31.159871],[-71.588368,-31.158409],[-71.592784,-31.161361],[-71.597815,-31.159899],[-71.59843,-31.155484],[-71.594013,-31.152532],[-71.594628,-31.148116],[-71.599659,-31.146654],[-71.600273,-31.142238],[-71.605304,-31.140775],[-71.605918,-31.136359],[-71.601502,-31.133406],[-71.596471,-31.134869],[-71.595857,-31.139285],[-71.590826,-31.140748],[-71.586411,-31.137795],[-71.587025,-31.13338],[-71.58261,-31.130426],[-71.57758,-31.131889],[-71.576965,-31.136305],[-71.571935,-31.137767],[-71.56752,-31.134814],[-71.568135,-31.130398],[-71.573165,-31.128936],[-71.573779,-31.12452],[-71.569365,-31.121566],[-71.569979,-31.117149],[-71.565565,-31.114195],[-71.560536,-31.115658],[-71.556122,-31.112704],[-71.551093,-31.114166],[-71.550478,-31.118582],[-71.554892,-31.121537],[-71.554277,-31.125952],[-71.558691,-31.128906],[-71.558076,-31.133322],[-71.553047,-31.134784],[-71.548632,-31.13183],[-71.549248,-31.127414],[-71.544834,-31.12446],[-71.545449,-31.120044],[-71.541035,-31.11709],[-71.54165,-31.112673],[-71.546679,-31.111211],[-71.547294,-31.106795],[-71.542881,-31.10384],[-71.537852,-31.105302],[-71.537237,-31.109719],[-71.532209,-31.11118],[-71.531594,-31.115596],[-71.526565,-31.117057],[-71.52595,-31.121473],[-71.530363,-31.124428],[-71.535391,-31.122967],[-71.539805,-31.125921],[-71.53919,-31.130337],[-71.534161,-31.131797],[-71.529748,-31.128843],[-71.524719,-31.130303],[-71.524104,-31.134718],[-71.528517,-31.137673],[-71.533546,-31.136212],[-71.537959,-31.139167],[-71.542988,-31.137706],[-71.547402,-31.14066],[-71.546787,-31.145074],[-71.551201,-31.148028],[-71.556231,-31.146567],[-71.560646,-31.149521],[-71.565675,-31.148059],[-71.570091,-31.151012],[-71.569476,-31.155427],[-71.573891,-31.15838],[-71.573276,-31.162794],[-71.568246,-31.164255],[-71.567766,-31.167698],[-71.567668,-31.167733],[-71.567023,-31.168212],[-71.566669,-31.168423],[-71.566435,-31.168656],[-71.566309,-31.168839],[-71.566217,-31.168969],[-71.566087,-31.169117],[-71.566017,-31.169196],[-71.565843,-31.169379],[-71.565625,-31.169553],[-71.565399,-31.169598],[-71.565077,-31.169645],[-71.564872,-31.169727],[-71.564728,-31.169879],[-71.564632,-31.170036],[-71.564502,-31.17021],[-71.564314,-31.17035],[-71.56404,-31.170459],[-71.563829,-31.170526],[-71.563478,-31.170781],[-71.563203,-31.170981],[-71.562947,-31.171067],[-71.562673,-31.171251],[-71.562419,-31.171433],[-71.562072,-31.171682],[-71.561714,-31.171957],[-71.56137,-31.17217],[-71.561203,-31.172353],[-71.561079,-31.17251],[-71.560787,-31.172976],[-71.560604,-31.173207],[-71.560443,-31.173403],[-71.560177,-31.173655],[-71.560016,-31.173877],[-71.559877,-31.174252],[-71.55962,-31.174813],[-71.559311,-31.175153],[-71.559223,-31.175293],[-71.55918,-31.175357],[-71.559001,-31.175619],[-71.558832,-31.175859],[-71.558444,-31.176137],[-71.558026,-31.176447],[-71.5579,-31.176643],[-71.55786,-31.176673],[-71.557843,-31.176821],[-71.557843,-31.176956],[-71.557873,-31.1771],[-71.557948,-31.177453],[-71.557956,-31.177731],[-71.557817,-31.178071],[-71.557521,-31.17855],[-71.55709,-31.178981],[-71.556567,-31.17936],[-71.556471,-31.179475],[-71.555904,-31.18016],[-71.555766,-31.180401],[-71.555576,-31.180637],[-71.555508,-31.180721],[-71.555294,-31.181031],[-71.554981,-31.181343],[-71.554711,-31.181644],[-71.554485,-31.181916],[-71.554149,-31.182228],[-71.553815,-31.182588],[-71.553416,-31.183015],[-71.553058,-31.183338],[-71.552941,-31.183508],[-71.552805,-31.183638],[-71.552571,-31.183796],[-71.552265,-31.184002],[-71.552004,-31.184179],[-71.551708,-31.184328],[-71.551371,-31.184602],[-71.550883,-31.184935],[-71.55088,-31.184937],[-71.550609,-31.185161],[-71.550369,-31.185338],[-71.550096,-31.185496],[-71.549613,-31.185706],[-71.54921,-31.185972],[-71.548939,-31.186216],[-71.548623,-31.186451],[-71.548361,-31.186638],[-71.54803,-31.186702],[-71.547583,-31.186605],[-71.547003,-31.186082],[-71.546447,-31.185234],[-71.546334,-31.184928],[-71.546134,-31.184388],[-71.5461,-31.184296],[-71.545917,-31.18368],[-71.54594,-31.183495],[-71.545963,-31.183305],[-71.546155,-31.182479],[-71.546327,-31.182019],[-71.546462,-31.181577],[-71.546558,-31.181059],[-71.546442,-31.180771],[-71.545943,-31.180387],[-71.545636,-31.18008],[-71.545233,-31.179907],[-71.544523,-31.179831],[-71.544147,-31.179719],[-71.544005,-31.179677],[-71.543544,-31.179408],[-71.543276,-31.179063],[-71.54293,-31.178583],[-71.542777,-31.178103],[-71.542604,-31.177681],[-71.542239,-31.177144],[-71.541779,-31.176741],[-71.54151,-31.17653],[-71.541107,-31.176165],[-71.54057,-31.17582],[-71.540224,-31.175359],[-71.540243,-31.175033],[-71.540282,-31.174457],[-71.540032,-31.173766],[-71.539457,-31.172922],[-71.539109,-31.172713],[-71.538785,-31.172518],[-71.538151,-31.172173],[-71.537556,-31.172231],[-71.537102,-31.172371],[-71.537057,-31.172384],[-71.536558,-31.172691],[-71.53604,-31.173113],[-71.535714,-31.173401],[-71.535369,-31.173843],[-71.534966,-31.174246],[-71.534524,-31.174918],[-71.534102,-31.175033],[-71.533334,-31.175282],[-71.533008,-31.175608],[-71.533085,-31.176127],[-71.533334,-31.176875],[-71.533334,-31.177297],[-71.533392,-31.17795],[-71.53303,-31.178711],[-71.533027,-31.178718],[-71.532739,-31.179178],[-71.532394,-31.179504],[-71.532324,-31.179584],[-71.532125,-31.179812],[-71.531626,-31.180272],[-71.53107,-31.180675],[-71.530647,-31.180867],[-71.530321,-31.180867],[-71.53011,-31.180733],[-71.529976,-31.180502],[-71.529688,-31.180042],[-71.529496,-31.1796],[-71.529093,-31.179255],[-71.528728,-31.178929],[-71.528287,-31.178564],[-71.527788,-31.178199],[-71.527365,-31.177777],[-71.526886,-31.177528],[-71.526406,-31.177355],[-71.525676,-31.177182],[-71.525273,-31.177125],[-71.524487,-31.176971],[-71.52445,-31.176966],[-71.523949,-31.176894],[-71.523571,-31.176906],[-71.52301,-31.176876],[-71.522702,-31.177009],[-71.522548,-31.177105],[-71.518564,-31.174439],[-71.513851,-31.175806],[-71.513758,-31.175743],[-71.51324,-31.175359],[-71.512952,-31.174822],[-71.512837,-31.174553],[-71.512434,-31.174361],[-71.512069,-31.174572],[-71.511896,-31.1748],[-71.511705,-31.175052],[-71.511493,-31.17557],[-71.511244,-31.175973],[-71.510994,-31.176203],[-71.510457,-31.176453],[-71.509939,-31.176472],[-71.509286,-31.176702],[-71.508538,-31.177163],[-71.508135,-31.177758],[-71.507597,-31.178065],[-71.506983,-31.178238],[-71.506254,-31.178372],[-71.505928,-31.178564],[-71.505678,-31.17889],[-71.505582,-31.179178],[-71.505429,-31.179658],[-71.505277,-31.180017],[-71.505218,-31.180157],[-71.505064,-31.180483],[-71.504911,-31.180944],[-71.504911,-31.181385],[-71.504949,-31.181596],[-71.504776,-31.181923],[-71.504546,-31.182134],[-71.503989,-31.182115],[-71.503509,-31.181961],[-71.503068,-31.181808],[-71.502684,-31.18175],[-71.502396,-31.181616],[-71.501917,-31.181328],[-71.501686,-31.181213],[-71.501475,-31.18104],[-71.50113,-31.180733],[-71.500746,-31.180522],[-71.500247,-31.180349],[-71.5,-31.180367],[-71.499709,-31.180387],[-71.499114,-31.180541],[-71.498788,-31.180848],[-71.498443,-31.181078],[-71.498333,-31.181101],[-71.497886,-31.181193],[-71.497445,-31.181193],[-71.496888,-31.181193],[-71.496389,-31.18127],[-71.496063,-31.181385],[-71.495794,-31.181577],[-71.49541,-31.181999],[-71.495065,-31.182345],[-71.494585,-31.182652],[-71.494144,-31.182806],[-71.493625,-31.182882],[-71.492915,-31.182997],[-71.492148,-31.182959],[-71.491649,-31.182997],[-71.491226,-31.18317],[-71.490939,-31.183381],[-71.490785,-31.183612],[-71.490536,-31.184111],[-71.490373,-31.184511],[-71.490209,-31.184917],[-71.490094,-31.185876],[-71.490056,-31.186337],[-71.489825,-31.187028],[-71.489614,-31.187527],[-71.489422,-31.187891],[-71.489115,-31.188218],[-71.488808,-31.188467],[-71.48829,-31.188717],[-71.487733,-31.188851],[-71.487158,-31.188966],[-71.486601,-31.189081],[-71.48616,-31.189043],[-71.485718,-31.188889],[-71.485181,-31.188544],[-71.484739,-31.188103],[-71.484317,-31.187527],[-71.484049,-31.18697],[-71.483953,-31.186471],[-71.48401,-31.185895],[-71.484068,-31.185262],[-71.484049,-31.184936],[-71.484001,-31.184457],[-71.488392,-31.183185],[-71.489008,-31.178774],[-71.484596,-31.175819],[-71.480251,-31.177078],[-71.480114,-31.176798],[-71.479558,-31.176242],[-71.479078,-31.175877],[-71.478464,-31.175628],[-71.477849,-31.175532],[-71.47735,-31.175417],[-71.477005,-31.175301],[-71.476775,-31.174937],[-71.476851,-31.174438],[-71.476928,-31.173977],[-71.476523,-31.172734],[-71.476091,-31.172039],[-71.475827,-31.171295],[-71.475755,-31.170719],[-71.475695,-31.17046],[-71.475772,-31.16991],[-71.475598,-31.169793],[-71.475587,-31.169544],[-71.475515,-31.169064],[-71.475251,-31.168728],[-71.475035,-31.168248],[-71.474963,-31.167792],[-71.474987,-31.167265],[-71.475203,-31.166737],[-71.475587,-31.166137],[-71.475707,-31.165633],[-71.475659,-31.165153],[-71.475467,-31.164722],[-71.475059,-31.164386],[-71.474939,-31.16405],[-71.474891,-31.163642],[-71.474436,-31.163258],[-71.47434,-31.16285],[-71.4741,-31.162323],[-71.473804,-31.162014],[-71.477004,-31.161086],[-71.481416,-31.164041],[-71.486444,-31.162584],[-71.48706,-31.158171],[-71.482648,-31.155216],[-71.47762,-31.156674],[-71.473209,-31.153719],[-71.469455,-31.154807],[-71.469445,-31.154744],[-71.469514,-31.153948],[-71.469549,-31.153359],[-71.469549,-31.152874],[-71.469411,-31.152389],[-71.469272,-31.151801],[-71.469237,-31.151316],[-71.469237,-31.150589],[-71.469272,-31.150034],[-71.469411,-31.149134],[-71.46948,-31.148303],[-71.469688,-31.147333],[-71.469865,-31.146653],[-71.469895,-31.146537],[-71.470069,-31.145775],[-71.470449,-31.145186],[-71.470796,-31.144701],[-71.471004,-31.144424],[-71.471315,-31.144043],[-71.471662,-31.143801],[-71.471696,-31.143212],[-71.471662,-31.142589],[-71.471592,-31.141862],[-71.471487,-31.141515],[-71.47135,-31.141065],[-71.471038,-31.140684],[-71.47038,-31.140095],[-71.469757,-31.139784],[-71.468787,-31.139195],[-71.468025,-31.138398],[-71.467506,-31.137602],[-71.467402,-31.13684],[-71.467437,-31.136286],[-71.467644,-31.135801],[-71.468025,-31.135282],[-71.468372,-31.134901],[-71.468649,-31.134554],[-71.468787,-31.13407],[-71.468823,-31.133818],[-71.468856,-31.133585],[-71.46903,-31.1331],[-71.469237,-31.13258],[-71.469376,-31.131992],[-71.469341,-31.131334],[-71.469411,-31.13078],[-71.469618,-31.130122],[-71.469826,-31.129706],[-71.469826,-31.128979],[-71.469861,-31.128598],[-71.470103,-31.128252],[-71.470484,-31.128009],[-71.470678,-31.127893],[-71.47083,-31.127801],[-71.471281,-31.127386],[-71.471488,-31.126762],[-71.471523,-31.126382],[-71.471454,-31.125862],[-71.471315,-31.125308],[-71.471246,-31.124754],[-71.471246,-31.124373],[-71.471454,-31.123888],[-71.471696,-31.123473],[-71.472112,-31.123265],[-71.472666,-31.123126],[-71.473185,-31.122918],[-71.473947,-31.122399],[-71.474467,-31.121983],[-71.474951,-31.121602],[-71.475182,-31.121256],[-71.475367,-31.120979],[-71.475921,-31.120286],[-71.476406,-31.119836],[-71.47696,-31.119525],[-71.477376,-31.119386],[-71.478103,-31.119178],[-71.478796,-31.118832],[-71.479315,-31.118416],[-71.479765,-31.118001],[-71.480285,-31.117932],[-71.480666,-31.117828],[-71.481116,-31.117758],[-71.481393,-31.117516],[-71.481566,-31.11717],[-71.481774,-31.11665],[-71.481915,-31.116114],[-71.481947,-31.115992],[-71.481912,-31.115369],[-71.48167,-31.114849],[-71.481358,-31.114538],[-71.48115,-31.113984],[-71.481185,-31.113672],[-71.48167,-31.113083],[-71.48212,-31.112841],[-71.482501,-31.112598],[-71.48309,-31.112391],[-71.483367,-31.112217],[-71.483644,-31.112044],[-71.483713,-31.111836],[-71.483609,-31.111421],[-71.483505,-31.110936],[-71.483505,-31.110521],[-71.483644,-31.110174],[-71.484094,-31.11014],[-71.48496,-31.109897],[-71.485756,-31.109759],[-71.486584,-31.109586],[-71.486587,-31.109585],[-71.487072,-31.109274],[-71.487626,-31.108858],[-71.488111,-31.108512],[-71.488596,-31.108131],[-71.488873,-31.107681],[-71.488838,-31.106746],[-71.488665,-31.10588],[-71.488596,-31.10498],[-71.488561,-31.104287],[-71.488804,-31.103871],[-71.489323,-31.103594],[-71.48967,-31.103283],[-71.489877,-31.102867],[-71.49012,-31.102382],[-71.490162,-31.102328],[-71.490605,-31.101759],[-71.490951,-31.101309],[-71.491159,-31.10072],[-71.49154,-31.100235],[-71.492025,-31.09975],[-71.492232,-31.099231],[-71.492163,-31.098954],[-71.49199,-31.098573],[-71.491678,-31.098088],[-71.491297,-31.097672],[-71.491279,-31.097647],[-71.490951,-31.097188],[-71.490847,-31.096772],[-71.49057,-31.096322],[-71.490326,-31.095938],[-71.490135,-31.095747],[-71.48956,-31.0953],[-71.488922,-31.094789],[-71.488475,-31.094278],[-71.488475,-31.093831],[-71.488666,-31.093384],[-71.48895,-31.093073],[-71.489305,-31.092682],[-71.489365,-31.092338],[-71.489188,-31.091983],[-71.488794,-31.091661],[-71.488283,-31.09115],[-71.4879,-31.090575],[-71.487815,-31.090178],[-71.487709,-31.089682],[-71.4879,-31.089171],[-71.488283,-31.088596],[-71.48873,-31.088022],[-71.489305,-31.087639],[-71.489852,-31.087307],[-71.490229,-31.086974],[-71.490495,-31.086509],[-71.490965,-31.08566],[-71.491475,-31.08483],[-71.491944,-31.084205],[-71.49205,-31.084064],[-71.492601,-31.083295],[-71.493066,-31.08263],[-71.493133,-31.081965],[-71.493135,-31.081318],[-71.493135,-31.080297],[-71.492944,-31.079275],[-71.492944,-31.078637],[-71.493327,-31.078254],[-71.493838,-31.077935],[-71.494463,-31.077704],[-71.495321,-31.077593],[-71.49587,-31.077176],[-71.49588,-31.077169],[-71.496455,-31.076466],[-71.497093,-31.07602],[-71.497668,-31.07519],[-71.498243,-31.074168],[-71.498881,-31.073338],[-71.499519,-31.072381],[-71.5,-31.071793],[-71.500094,-31.071678],[-71.500413,-31.07104],[-71.500582,-31.070674],[-71.500796,-31.07021],[-71.501243,-31.069763],[-71.501818,-31.069252],[-71.502648,-31.068678],[-71.503155,-31.068045],[-71.503612,-31.067447],[-71.503924,-31.066699],[-71.503988,-31.065741],[-71.503924,-31.06472],[-71.503864,-31.06432],[-71.503788,-31.063821],[-71.503478,-31.063379],[-71.503095,-31.062996],[-71.502775,-31.062294],[-71.502802,-31.061719],[-71.503162,-31.061137],[-71.503633,-31.060943],[-71.504176,-31.060829],[-71.50488,-31.060653],[-71.505481,-31.060653],[-71.505619,-31.060653],[-71.506323,-31.060477],[-71.507117,-31.060187],[-71.508457,-31.059995],[-71.509543,-31.060059],[-71.5105,-31.060315],[-71.511202,-31.060442],[-71.512288,-31.06057],[-71.513117,-31.060477],[-71.513974,-31.060325],[-71.514394,-31.060251],[-71.515735,-31.05974],[-71.51682,-31.059293],[-71.517906,-31.059293],[-71.519119,-31.059612],[-71.519731,-31.059704],[-71.520396,-31.059804],[-71.52097,-31.060187],[-71.521736,-31.061017],[-71.522375,-31.061783],[-71.522885,-31.062421],[-71.523715,-31.06306],[-71.524377,-31.063504],[-71.524496,-31.063584],[-71.525376,-31.063672],[-71.525948,-31.063364],[-71.526689,-31.063188],[-71.527355,-31.063244],[-71.52791,-31.063596],[-71.528392,-31.064003],[-71.529021,-31.064465],[-71.529502,-31.064595],[-71.529864,-31.064376],[-71.530163,-31.064017],[-71.531185,-31.063251],[-71.531887,-31.062741],[-71.531955,-31.062712],[-71.532408,-31.062522],[-71.533164,-31.062549],[-71.534121,-31.062549],[-71.535462,-31.062485],[-71.536611,-31.062485],[-71.537599,-31.062457],[-71.538178,-31.062272],[-71.538432,-31.061833],[-71.538846,-31.061272],[-71.539286,-31.060356],[-71.538976,-31.062584],[-71.543388,-31.06554],[-71.548416,-31.064076],[-71.549031,-31.059656],[-71.544698,-31.056754],[-71.545038,-31.056676],[-71.546367,-31.05635],[-71.547339,-31.056142],[-71.548079,-31.055702],[-71.548149,-31.055193],[-71.54801,-31.054545],[-71.54772,-31.053867],[-71.547145,-31.052207],[-71.546972,-31.051774],[-71.546762,-31.051249],[-71.546571,-31.049908],[-71.546443,-31.048568],[-71.54606,-31.047419],[-71.544975,-31.046461],[-71.544081,-31.045631],[-71.543378,-31.04512],[-71.542293,-31.044801],[-71.541986,-31.044744],[-71.541272,-31.04461],[-71.540784,-31.044468],[-71.539732,-31.043762],[-71.53958,-31.043564],[-71.539351,-31.043134],[-71.539293,-31.042502],[-71.539265,-31.041641],[-71.53942,-31.041034],[-71.539676,-31.040588],[-71.539982,-31.040092],[-71.540498,-31.039719],[-71.541242,-31.039531],[-71.541846,-31.039502],[-71.542995,-31.039502],[-71.54357,-31.039311],[-71.54357,-31.038928],[-71.542995,-31.03797],[-71.542421,-31.037076],[-71.541974,-31.036374],[-71.541959,-31.036268],[-71.541846,-31.03548],[-71.541527,-31.034395],[-71.541144,-31.033373],[-71.541044,-31.032689],[-71.540814,-31.031656],[-71.540699,-31.030594],[-71.540412,-31.029877],[-71.539982,-31.029475],[-71.539229,-31.029415],[-71.538143,-31.029479],[-71.536675,-31.029798],[-71.53593,-31.029637],[-71.535831,-31.029569],[-71.538869,-31.028684],[-71.54328,-31.031641],[-71.548308,-31.030176],[-71.55272,-31.033132],[-71.552105,-31.037554],[-71.547078,-31.039019],[-71.546463,-31.04344],[-71.550875,-31.046396],[-71.550261,-31.050816],[-71.554673,-31.053772],[-71.554059,-31.058192],[-71.558472,-31.061148],[-71.557857,-31.065567],[-71.56227,-31.068523],[-71.567299,-31.067058],[-71.571712,-31.070013],[-71.576741,-31.068549],[-71.581155,-31.071504],[-71.580541,-31.075923],[-71.575512,-31.077388],[-71.574897,-31.081807],[-71.579312,-31.084761],[-71.578697,-31.08918],[-71.573668,-31.090644],[-71.569254,-31.08769],[-71.564225,-31.089153],[-71.56361,-31.093571],[-71.568024,-31.096526],[-71.573053,-31.095062],[-71.577468,-31.098017],[-71.576853,-31.102434],[-71.581268,-31.105388],[-71.586297,-31.103925],[-71.590713,-31.106878],[-71.595742,-31.105414],[-71.596357,-31.100996],[-71.591942,-31.098042],[-71.592556,-31.093624],[-71.588141,-31.09067],[-71.588755,-31.086251],[-71.593785,-31.084786],[-71.594399,-31.080367],[-71.599429,-31.078902]],[[-71.548524,-31.09796],[-71.552938,-31.100915],[-71.557966,-31.099452],[-71.558581,-31.095035],[-71.554168,-31.09208],[-71.549139,-31.093543],[-71.548524,-31.09796]],[[-71.4807,-31.134608],[-71.485112,-31.137564],[-71.490139,-31.136105],[-71.490755,-31.131691],[-71.486344,-31.128736],[-71.48696,-31.124321],[-71.482548,-31.121366],[-71.477521,-31.122824],[-71.476905,-31.127239],[-71.481316,-31.130194],[-71.4807,-31.134608]],[[-71.512816,-31.146466],[-71.517229,-31.149421],[-71.522257,-31.147961],[-71.522873,-31.143547],[-71.51846,-31.140593],[-71.513432,-31.142052],[-71.512816,-31.146466]],[[-71.612792,-31.121644],[-71.607761,-31.123109],[-71.607147,-31.127526],[-71.611564,-31.130478],[-71.616595,-31.129014],[-71.617209,-31.124597],[-71.612792,-31.121644]],[[-71.622854,-31.118715],[-71.62224,-31.123132],[-71.626657,-31.126085],[-71.631688,-31.124619],[-71.632302,-31.120202],[-71.637334,-31.118736],[-71.637947,-31.114318],[-71.63353,-31.111366],[-71.628499,-31.112831],[-71.627885,-31.117249],[-71.622854,-31.118715]],[[-71.646904,-31.154093],[-71.647518,-31.149677],[-71.6431,-31.146725],[-71.638067,-31.14819],[-71.637453,-31.152606],[-71.632421,-31.154071],[-71.628004,-31.151119],[-71.622972,-31.152583],[-71.622358,-31.156998],[-71.626775,-31.15995],[-71.631807,-31.158486],[-71.636225,-31.161437],[-71.641258,-31.159973],[-71.641872,-31.155558],[-71.646904,-31.154093]]]},"properties":{"comuna":"Ovalle","mancha_id":"04301-88b2e64091fffff","clase":"Medio","nivel_medio":2.126,"nivel_medio_min":1.507,"nivel_medio_max":2.499,"pct_alto":24.6,"n_hexagonos":300,"area_ha":18228.1}},{"type":"Feature","geometry":{"type":"Polygon","coordinates":[[[-71.633172,-31.009655],[-71.633786,-31.00523],[-71.638815,-31.003761],[-71.643231,-31.006715],[-71.642617,-31.01114],[-71.637588,-31.01261],[-71.633172,-31.009655]]]},"properties":{"comuna":"Ovalle","mancha_id":"04301-88b2e64059fffff","clase":"Medio","nivel_medio":2.227,"nivel_medio_min":2.227,"nivel_medio_max":2.227,"pct_alto":70.8,"n_hexagonos":1,"area_ha":67.82}},{"type":"Feature","geometry":{"type":"Polygon","coordinates":[[[-71.646419,-31.018519],[-71.647033,-31.014095],[-71.647395,-31.013989],[-71.64738,-31.01404],[-71.64731,-31.01425],[-71.64732,-31.01441],[-71.64797,-31.01499],[-71.64815,-31.01505],[-71.64838,-31.01515],[-71.64878,-31.01549],[-71.64923,-31.0158],[-71.64934,-31.01591],[-71.64944,-31.01609],[-71.64946,-31.01619],[-71.64957,-31.01631],[-71.64976,-31.01638],[-71.65009,-31.01655],[-71.65042,-31.01673],[-71.65062,-31.01675],[-71.65092,-31.01675],[-71.651,-31.01672],[-71.6511,-31.01661],[-71.65112,-31.01655],[-71.65119,-31.01651],[-71.65127,-31.01649],[-71.65138,-31.01649],[-71.65143,-31.01653],[-71.65146,-31.01663],[-71.65137,-31.01679],[-71.65131,-31.01697],[-71.65132,-31.01709],[-71.6514,-31.01737],[-71.65153,-31.01762],[-71.65177,-31.01788],[-71.65202,-31.01805],[-71.65239,-31.01822],[-71.65256,-31.01831],[-71.65266,-31.01832],[-71.65273,-31.01832],[-71.65281,-31.01828],[-71.65296,-31.01812],[-71.65303,-31.01807],[-71.65313,-31.01803],[-71.65329,-31.018],[-71.65343,-31.01804],[-71.65356,-31.01813],[-71.65364,-31.01827],[-71.65366,-31.01869],[-71.65368,-31.01879],[-71.6538,-31.01893],[-71.65386,-31.01902],[-71.65387,-31.01921],[-71.65396,-31.01927],[-71.654,-31.01935],[-71.65401,-31.01942],[-71.65395,-31.01947],[-71.65387,-31.01948],[-71.65379,-31.01951],[-71.65376,-31.01956],[-71.65378,-31.01966],[-71.65388,-31.0198],[-71.65391,-31.01988],[-71.65392,-31.01999],[-71.65385,-31.02005],[-71.65367,-31.02009],[-71.65348,-31.02015],[-71.65342,-31.02017],[-71.65317,-31.02036],[-71.65305,-31.02053],[-71.65298,-31.02073],[-71.653001,-31.020841],[-71.650836,-31.021474],[-71.646419,-31.018519]]]},"properties":{"comuna":"Ovalle","mancha_id":"04301-88b2e64055fffff","clase":"Medio","nivel_medio":2.059,"nivel_medio_min":2.059,"nivel_medio_max":2.059,"pct_alto":67.8,"n_hexagonos":1,"area_ha":29.82}},{"type":"Feature","geometry":{"type":"Polygon","coordinates":[[[-71.661632,-31.048029],[-71.662246,-31.043606],[-71.663677,-31.043188],[-71.66367,-31.0432],[-71.66374,-31.04349],[-71.66377,-31.04374],[-71.66371,-31.04385],[-71.66359,-31.04401],[-71.66359,-31.04415],[-71.66369,-31.04443],[-71.66373,-31.0446],[-71.6637,-31.0448],[-71.66383,-31.04501],[-71.6638,-31.04512],[-71.66374,-31.04522],[-71.66376,-31.04533],[-71.66385,-31.04552],[-71.66395,-31.04565],[-71.66393,-31.04578],[-71.66386,-31.04583],[-71.66382,-31.04592],[-71.66385,-31.04602],[-71.66396,-31.04615],[-71.66395,-31.04627],[-71.66377,-31.0466],[-71.66377,-31.04677],[-71.66373,-31.04698],[-71.66371,-31.04715],[-71.66374,-31.04738],[-71.6638,-31.0475],[-71.6639,-31.04764],[-71.6641,-31.04791],[-71.66439,-31.0484],[-71.66457,-31.0486],[-71.66464,-31.04871],[-71.66462,-31.04882],[-71.66457,-31.04893],[-71.66432,-31.0492],[-71.66426,-31.04931],[-71.66423,-31.049766],[-71.661632,-31.048029]]]},"properties":{"comuna":"Ovalle","mancha_id":"04301-88b2e64031fffff","clase":"Medio","nivel_medio":2.342,"nivel_medio_min":2.342,"nivel_medio_max":2.342,"pct_alto":59.4,"n_hexagonos":1,"area_ha":11.7}},{"type":"Feature","geometry":{"type":"Polygon","coordinates":[[[-71.132117,-30.78217],[-71.132022,-30.781982],[-71.134468,-30.781271],[-71.134157,-30.781863],[-71.134045,-30.782564],[-71.133739,-30.783218],[-71.13316,-30.783588],[-71.132625,-30.783348],[-71.132277,-30.782893],[-71.132117,-30.78217]]]},"properties":{"comuna":"Ovalle","mancha_id":"04301-88b2e612ebfffff","clase":"Medio","nivel_medio":1.859,"nivel_medio_min":1.859,"nivel_medio_max":1.859,"pct_alto":4.9,"n_hexagonos":1,"area_ha":3.35}},{"type":"Feature","geometry":{"type":"Polygon","coordinates":[[[-71.167186,-30.759007],[-71.171577,-30.761979],[-71.176588,-30.760521],[-71.177207,-30.75609],[-71.172815,-30.753118],[-71.167805,-30.754577],[-71.163413,-30.751605],[-71.158403,-30.753063],[-71.157784,-30.757493],[-71.152773,-30.758951],[-71.148382,-30.755979],[-71.149002,-30.751549],[-71.144611,-30.748576],[-71.14523,-30.744146],[-71.14084,-30.741173],[-71.13583,-30.74263],[-71.13144,-30.739657],[-71.126431,-30.741115],[-71.122042,-30.738141],[-71.117033,-30.739598],[-71.112644,-30.736625],[-71.113263,-30.732194],[-71.118272,-30.730737],[-71.118892,-30.726306],[-71.114503,-30.723332],[-71.109494,-30.724789],[-71.105106,-30.721815],[-71.100098,-30.723272],[-71.099478,-30.727703],[-71.09447,-30.729159],[-71.09385,-30.73359],[-71.088842,-30.735046],[-71.084454,-30.732071],[-71.085074,-30.727641],[-71.080687,-30.724666],[-71.081307,-30.720236],[-71.086314,-30.718779],[-71.086934,-30.714348],[-71.091942,-30.712891],[-71.092562,-30.70846],[-71.088174,-30.705485],[-71.088794,-30.701053],[-71.093801,-30.699596],[-71.094421,-30.695163],[-71.090034,-30.692188],[-71.090653,-30.687755],[-71.086266,-30.684779],[-71.086886,-30.680346],[-71.082499,-30.67737],[-71.077493,-30.678828],[-71.076873,-30.683261],[-71.08126,-30.686237],[-71.08064,-30.69067],[-71.075633,-30.692127],[-71.075013,-30.696559],[-71.0794,-30.699535],[-71.07878,-30.703966],[-71.083167,-30.706942],[-71.082547,-30.711373],[-71.07754,-30.71283],[-71.073153,-30.709854],[-71.073773,-30.705423],[-71.069386,-30.702448],[-71.064379,-30.703904],[-71.063759,-30.708335],[-71.068146,-30.71131],[-71.067526,-30.715741],[-71.062519,-30.717197],[-71.061899,-30.721628],[-71.066285,-30.724603],[-71.065665,-30.729033],[-71.070052,-30.732008],[-71.069432,-30.736438],[-71.073819,-30.739412],[-71.073199,-30.743842],[-71.077586,-30.746816],[-71.082594,-30.745361],[-71.083214,-30.740931],[-71.088222,-30.739476],[-71.09261,-30.74245],[-71.097618,-30.740994],[-71.102007,-30.743968],[-71.101387,-30.748398],[-71.105776,-30.751371],[-71.105156,-30.755801],[-71.109545,-30.758774],[-71.114554,-30.757318],[-71.118944,-30.760291],[-71.123953,-30.758835],[-71.128343,-30.761808],[-71.127723,-30.766237],[-71.132114,-30.769209],[-71.137124,-30.767753],[-71.141514,-30.770725],[-71.146524,-30.769268],[-71.147144,-30.764839],[-71.152154,-30.763381],[-71.156063,-30.766027],[-71.156015,-30.766078],[-71.155792,-30.766485],[-71.155609,-30.766927],[-71.155437,-30.76741],[-71.155299,-30.767812],[-71.155124,-30.76823],[-71.155,-30.768604],[-71.154871,-30.769054],[-71.154746,-30.769517],[-71.154642,-30.770069],[-71.154496,-30.77079],[-71.15441,-30.771224],[-71.154322,-30.771662],[-71.154235,-30.772578],[-71.154148,-30.773275],[-71.154017,-30.773711],[-71.153755,-30.77406],[-71.153383,-30.774329],[-71.152839,-30.774322],[-71.152229,-30.774322],[-71.151444,-30.774235],[-71.150703,-30.773929],[-71.150681,-30.773918],[-71.149961,-30.773537],[-71.149569,-30.773406],[-71.149002,-30.773493],[-71.148348,-30.773799],[-71.147694,-30.774322],[-71.147127,-30.774714],[-71.146516,-30.775107],[-71.145906,-30.775456],[-71.145165,-30.775717],[-71.144554,-30.775848],[-71.144304,-30.775812],[-71.144011,-30.775768],[-71.143601,-30.775651],[-71.14303,-30.775476],[-71.142474,-30.775241],[-71.142123,-30.775124],[-71.141932,-30.775066],[-71.141523,-30.775139],[-71.14112,-30.775306],[-71.140895,-30.775154],[-71.135885,-30.776611],[-71.131494,-30.773638],[-71.126484,-30.775095],[-71.125865,-30.779523],[-71.12571,-30.779568],[-71.125668,-30.779521],[-71.125267,-30.779013],[-71.124866,-30.778505],[-71.12433,-30.77805],[-71.123875,-30.777434],[-71.123207,-30.776979],[-71.122511,-30.776792],[-71.122096,-30.77672],[-71.121617,-30.776895],[-71.119517,-30.777382],[-71.118139,-30.778082],[-71.117364,-30.778615],[-71.117002,-30.778863],[-71.115255,-30.778358],[-71.114433,-30.77812],[-71.113547,-30.777648],[-71.112557,-30.776846],[-71.111647,-30.77607],[-71.110652,-30.775127],[-71.110015,-30.774491],[-71.109534,-30.773661],[-71.109132,-30.772805],[-71.108891,-30.771949],[-71.108746,-30.771752],[-71.108437,-30.771334],[-71.107817,-30.770874],[-71.106872,-30.770165],[-71.10569,-30.769534],[-71.104947,-30.769089],[-71.104351,-30.768904],[-71.103563,-30.768904],[-71.103325,-30.768886],[-71.102539,-30.768826],[-71.102146,-30.768589],[-71.10183,-30.768132],[-71.101515,-30.767565],[-71.100964,-30.766935],[-71.100098,-30.766463],[-71.099585,-30.766249],[-71.099121,-30.765952],[-71.098837,-30.765281],[-71.098444,-30.764493],[-71.097971,-30.763312],[-71.097409,-30.762301],[-71.097183,-30.761894],[-71.096632,-30.761185],[-71.096147,-30.760778],[-71.09574,-30.760533],[-71.095434,-30.760554],[-71.094426,-30.760713],[-71.093947,-30.761002],[-71.093417,-30.761206],[-71.092623,-30.761267],[-71.09207,-30.761315],[-71.091772,-30.761279],[-71.090555,-30.760454],[-71.090301,-30.760228],[-71.090134,-30.760143],[-71.089858,-30.760004],[-71.089191,-30.759868],[-71.088534,-30.759658],[-71.087754,-30.759499],[-71.087574,-30.758901],[-71.087731,-30.758271],[-71.088125,-30.757326],[-71.08844,-30.75638],[-71.088329,-30.755043],[-71.087888,-30.754679],[-71.087574,-30.75449],[-71.086471,-30.754332],[-71.085683,-30.754175],[-71.084344,-30.753623],[-71.084101,-30.753421],[-71.083577,-30.752984],[-71.082785,-30.752667],[-71.082048,-30.752849],[-71.081145,-30.753177],[-71.080447,-30.753177],[-71.080012,-30.7526],[-71.079461,-30.751654],[-71.078673,-30.750867],[-71.077728,-30.750394],[-71.077255,-30.750394],[-71.077084,-30.750407],[-71.076231,-30.750473],[-71.074971,-30.750237],[-71.074458,-30.75],[-71.073947,-30.749764],[-71.073002,-30.749055],[-71.072293,-30.748267],[-71.07182,-30.747322],[-71.071426,-30.746219],[-71.070954,-30.745747],[-71.070481,-30.745195],[-71.069892,-30.744802],[-71.069536,-30.744565],[-71.068433,-30.744171],[-71.067252,-30.743935],[-71.065913,-30.743147],[-71.064652,-30.742832],[-71.063806,-30.742311],[-71.063628,-30.742202],[-71.06292,-30.740942],[-71.062604,-30.740312],[-71.062447,-30.739445],[-71.061817,-30.738658],[-71.061029,-30.738185],[-71.059926,-30.73787],[-71.059217,-30.737004],[-71.058587,-30.736058],[-71.058257,-30.735435],[-71.057878,-30.734719],[-71.057012,-30.733932],[-71.055982,-30.733679],[-71.054964,-30.733932],[-71.054504,-30.733884],[-71.054019,-30.733617],[-71.053546,-30.733065],[-71.052916,-30.732278],[-71.052207,-30.731569],[-71.051549,-30.730641],[-71.051183,-30.729836],[-71.051151,-30.729783],[-71.050769,-30.729164],[-71.050769,-30.728631],[-71.051265,-30.728967],[-71.056272,-30.727513],[-71.056892,-30.723083],[-71.052506,-30.720107],[-71.050776,-30.72061],[-71.050632,-30.720069],[-71.049923,-30.71873],[-71.049765,-30.717706],[-71.05008,-30.716997],[-71.050868,-30.715894],[-71.051735,-30.715106],[-71.051787,-30.714768],[-71.051892,-30.714082],[-71.051971,-30.71298],[-71.051705,-30.712273],[-71.051205,-30.712089],[-71.050159,-30.712113],[-71.048978,-30.711562],[-71.04891,-30.711487],[-71.04936,-30.70827],[-71.044975,-30.705294],[-71.043611,-30.705691],[-71.043306,-30.705497],[-71.042283,-30.704552],[-71.04181,-30.703843],[-71.04055,-30.703055],[-71.040018,-30.702514],[-71.035744,-30.702629],[-71.030114,-30.702781],[-71.029408,-30.701222],[-71.029647,-30.700114],[-71.029986,-30.699129],[-71.030663,-30.69756],[-71.032267,-30.69667],[-71.034365,-30.695507],[-71.036787,-30.694605],[-71.03498,-30.691196],[-71.037445,-30.690479],[-71.038066,-30.686047],[-71.043071,-30.684591],[-71.047456,-30.687568],[-71.052462,-30.686112],[-71.056848,-30.689088],[-71.061854,-30.687632],[-71.06624,-30.690608],[-71.071246,-30.689151],[-71.071866,-30.684718],[-71.06748,-30.681742],[-71.0681,-30.677309],[-71.073107,-30.675852],[-71.073727,-30.671418],[-71.078733,-30.669961],[-71.083119,-30.672937],[-71.088126,-30.671479],[-71.088746,-30.667045],[-71.084359,-30.664069],[-71.084979,-30.659634],[-71.089985,-30.658175],[-71.090605,-30.653741],[-71.095611,-30.652281],[-71.099998,-30.655257],[-71.105005,-30.653798],[-71.109392,-30.656774],[-71.108773,-30.661209],[-71.103766,-30.662668],[-71.103146,-30.667103],[-71.107534,-30.670078],[-71.112541,-30.668619],[-71.116929,-30.671594],[-71.11631,-30.676029],[-71.111302,-30.677488],[-71.110683,-30.681922],[-71.115071,-30.684897],[-71.114451,-30.68933],[-71.118839,-30.692305],[-71.123847,-30.690846],[-71.124467,-30.686413],[-71.120078,-30.683438],[-71.120698,-30.679004],[-71.125706,-30.677544],[-71.126325,-30.67311],[-71.131333,-30.67165],[-71.131952,-30.667215],[-71.13696,-30.665754],[-71.137579,-30.661319],[-71.142587,-30.659858],[-71.143206,-30.655422],[-71.148214,-30.653961],[-71.148833,-30.649524],[-71.144445,-30.646549],[-71.145064,-30.642113],[-71.150071,-30.640651],[-71.15446,-30.643626],[-71.159469,-30.642163],[-71.163858,-30.645138],[-71.168867,-30.643676],[-71.169485,-30.639238],[-71.174494,-30.637775],[-71.178884,-30.64075],[-71.183893,-30.639286],[-71.188283,-30.64226],[-71.187665,-30.646698],[-71.192056,-30.649672],[-71.197065,-30.648208],[-71.201456,-30.651182],[-71.200838,-30.65562],[-71.205229,-30.658593],[-71.210239,-30.657129],[-71.214631,-30.660102],[-71.219641,-30.658638],[-71.224034,-30.661611],[-71.223416,-30.666048],[-71.218405,-30.667513],[-71.217787,-30.671949],[-71.222179,-30.674922],[-71.221561,-30.679358],[-71.225954,-30.682331],[-71.230965,-30.680867],[-71.235358,-30.683839],[-71.23474,-30.688275],[-71.239134,-30.691247],[-71.238516,-30.695683],[-71.233504,-30.697147],[-71.232886,-30.701582],[-71.23728,-30.704554],[-71.236662,-30.708988],[-71.241056,-30.71196],[-71.240438,-30.716394],[-71.235426,-30.717857],[-71.231032,-30.714886],[-71.22602,-30.716349],[-71.225402,-30.720783],[-71.229795,-30.723754],[-71.229177,-30.728188],[-71.233571,-30.731159],[-71.232953,-30.735592],[-71.237347,-30.738563],[-71.236729,-30.742996],[-71.241124,-30.745966],[-71.246136,-30.744504],[-71.250531,-30.747475],[-71.250037,-30.751021],[-71.25,-30.751029],[-71.249398,-30.751168],[-71.248867,-30.751168],[-71.248236,-30.751168],[-71.247373,-30.750969],[-71.246509,-30.750969],[-71.245779,-30.750969],[-71.244949,-30.750836],[-71.244418,-30.750836],[-71.24372,-30.750903],[-71.242724,-30.751036],[-71.242193,-30.751168],[-71.241905,-30.751345],[-71.241595,-30.751534],[-71.240964,-30.7517],[-71.2404,-30.752397],[-71.240134,-30.753194],[-71.239935,-30.753758],[-71.23947,-30.754555],[-71.239238,-30.75502],[-71.239005,-30.755485],[-71.238806,-30.75585],[-71.23874,-30.756182],[-71.239005,-30.756913],[-71.238972,-30.757543],[-71.238673,-30.758108],[-71.238196,-30.758538],[-71.238009,-30.758706],[-71.23708,-30.759403],[-71.236216,-30.759967],[-71.235453,-30.760432],[-71.234224,-30.761063],[-71.233626,-30.761694],[-71.233261,-30.762624],[-71.233162,-30.76342],[-71.233162,-30.764151],[-71.232796,-30.764583],[-71.232791,-30.764584],[-71.232298,-30.764682],[-71.231833,-30.764682],[-71.231136,-30.764649],[-71.230439,-30.764616],[-71.230007,-30.764815],[-71.229476,-30.765047],[-71.228712,-30.765446],[-71.228115,-30.765844],[-71.227484,-30.766243],[-71.227152,-30.766508],[-71.226654,-30.76684],[-71.226089,-30.767172],[-71.225359,-30.767604],[-71.224728,-30.768003],[-71.224074,-30.768389],[-71.223613,-30.768078],[-71.218886,-30.769455],[-71.218851,-30.769464],[-71.218848,-30.769466],[-71.2186,-30.769538],[-71.217982,-30.773969],[-71.219238,-30.774818],[-71.21915,-30.774942],[-71.218419,-30.775075],[-71.218054,-30.775208],[-71.217456,-30.775341],[-71.217124,-30.775407],[-71.216659,-30.775839],[-71.216062,-30.776436],[-71.215663,-30.777034],[-71.215431,-30.777432],[-71.215099,-30.777897],[-71.2149,-30.778262],[-71.214767,-30.778628],[-71.214767,-30.779126],[-71.214767,-30.779425],[-71.214568,-30.779823],[-71.214335,-30.780155],[-71.214169,-30.780487],[-71.21397,-30.780653],[-71.213715,-30.780781],[-71.212351,-30.779859],[-71.21297,-30.775428],[-71.208576,-30.772458],[-71.209194,-30.768027],[-71.204801,-30.765057],[-71.199789,-30.766516],[-71.19917,-30.770947],[-71.203564,-30.773917],[-71.203354,-30.775417],[-71.202282,-30.774224],[-71.1998,-30.772335],[-71.198559,-30.771796],[-71.197702,-30.771381],[-71.197685,-30.771379],[-71.196839,-30.771278],[-71.196114,-30.771312],[-71.195285,-30.771381],[-71.194491,-30.77145],[-71.193289,-30.771818],[-71.193248,-30.77183],[-71.192419,-30.77221],[-71.19159,-30.772314],[-71.190865,-30.772314],[-71.19014,-30.772521],[-71.189277,-30.772728],[-71.188345,-30.77297],[-71.187481,-30.773177],[-71.186687,-30.773419],[-71.185789,-30.773557],[-71.184995,-30.773591],[-71.184369,-30.773648],[-71.184235,-30.77366],[-71.183579,-30.77366],[-71.18244,-30.773729],[-71.181576,-30.773729],[-71.180886,-30.773868],[-71.179988,-30.773971],[-71.179021,-30.774144],[-71.177744,-30.774455],[-71.177157,-30.774524],[-71.17659,-30.774305],[-71.176197,-30.773841],[-71.175839,-30.773233],[-71.175589,-30.772661],[-71.175553,-30.772197],[-71.175589,-30.771732],[-71.175482,-30.771196],[-71.17543,-30.770656],[-71.175361,-30.769966],[-71.175361,-30.769482],[-71.175341,-30.769448],[-71.17527,-30.769327],[-71.175119,-30.769068],[-71.174705,-30.768791],[-71.17429,-30.76855],[-71.173977,-30.768452],[-71.173738,-30.768377],[-71.173047,-30.768239],[-71.172529,-30.768066],[-71.172115,-30.767997],[-71.171528,-30.767997],[-71.170872,-30.768274],[-71.170078,-30.768481],[-71.169525,-30.768481],[-71.169214,-30.768377],[-71.169042,-30.768204],[-71.1688,-30.767756],[-71.168455,-30.767203],[-71.168407,-30.767152],[-71.167971,-30.766685],[-71.167143,-30.766374],[-71.166521,-30.766271],[-71.165623,-30.765925],[-71.164622,-30.765442],[-71.163997,-30.765162],[-71.163388,-30.765004],[-71.162802,-30.764846],[-71.162306,-30.764846],[-71.161849,-30.764874],[-71.161559,-30.764874],[-71.162175,-30.760466],[-71.167186,-30.759007]],[[-71.156488,-30.732366],[-71.161498,-30.730907],[-71.162117,-30.726475],[-71.157726,-30.723502],[-71.152717,-30.724961],[-71.152098,-30.729393],[-71.156488,-30.732366]],[[-71.170899,-30.73242],[-71.175291,-30.735393],[-71.180301,-30.733933],[-71.18092,-30.729501],[-71.176529,-30.726528],[-71.177147,-30.722096],[-71.172756,-30.719123],[-71.167746,-30.720583],[-71.167127,-30.725015],[-71.171518,-30.727988],[-71.170899,-30.73242]],[[-71.184075,-30.741337],[-71.188467,-30.744309],[-71.193478,-30.742849],[-71.194097,-30.738417],[-71.189704,-30.735445],[-71.184693,-30.736905],[-71.184075,-30.741337]],[[-71.170782,-30.664397],[-71.1714,-30.659961],[-71.16701,-30.656986],[-71.162002,-30.658448],[-71.161383,-30.662885],[-71.165773,-30.665859],[-71.170782,-30.664397]],[[-71.174553,-30.671807],[-71.169544,-30.673268],[-71.168925,-30.677704],[-71.173316,-30.680678],[-71.178325,-30.679216],[-71.178944,-30.67478],[-71.174553,-30.671807]],[[-71.1445,-30.680573],[-71.145119,-30.676139],[-71.14073,-30.673164],[-71.135722,-30.674625],[-71.135102,-30.679059],[-71.139492,-30.682034],[-71.1445,-30.680573]],[[-71.135776,-30.708635],[-71.131387,-30.705661],[-71.126378,-30.70712],[-71.125759,-30.711552],[-71.130148,-30.714526],[-71.135157,-30.713068],[-71.135776,-30.708635]],[[-71.206593,-30.717763],[-71.207211,-30.713329],[-71.202819,-30.710357],[-71.197808,-30.711819],[-71.19719,-30.716253],[-71.192179,-30.717714],[-71.19156,-30.722147],[-71.195952,-30.725119],[-71.200963,-30.723658],[-71.201582,-30.719225],[-71.206593,-30.717763]],[[-71.04183,-30.693455],[-71.04121,-30.697887],[-71.045595,-30.700863],[-71.050601,-30.699408],[-71.051221,-30.694976],[-71.046836,-30.692],[-71.04183,-30.693455]]]},"properties":{"comuna":"Ovalle","mancha_id":"04301-88b2e61207fffff","clase":"Medio","nivel_medio":1.944,"nivel_medio_min":1.502,"nivel_medio_max":2.474,"pct_alto":25.9,"n_hexagonos":265,"area_ha":16994.13}},{"type":"Feature","geometry":{"type":"Polygon","coordinates":[[[-71.607053,-30.36084],[-71.606441,-30.365303],[-71.606402,-30.365315],[-71.606527,-30.364443],[-71.606628,-30.363561],[-71.606673,-30.362912],[-71.606612,-30.362423],[-71.606487,-30.36206],[-71.606218,-30.361315],[-71.606044,-30.36089],[-71.606025,-30.360427],[-71.606077,-30.360181],[-71.607053,-30.36084]]]},"properties":{"comuna":"Ovalle","mancha_id":"04301-88b21bb591fffff","clase":"Medio","nivel_medio":2.433,"nivel_medio_min":2.433,"nivel_medio_max":2.433,"pct_alto":43.3,"n_hexagonos":1,"area_ha":1.62}},{"type":"Feature","geometry":{"type":"Polygon","coordinates":[[[-71.691626,-30.481165],[-71.696035,-30.484132],[-71.695643,-30.486986],[-71.69547,-30.48706],[-71.69519,-30.48718],[-71.69506,-30.48724],[-71.69495,-30.48727],[-71.69478,-30.48742],[-71.69434,-30.48776],[-71.69409,-30.488],[-71.69389,-30.48818],[-71.69382,-30.4883],[-71.69378,-30.48851],[-71.693809,-30.489068],[-71.690403,-30.49008],[-71.689791,-30.494537],[-71.690107,-30.49475],[-71.68992,-30.4949],[-71.68983,-30.49498],[-71.68956,-30.49532],[-71.68947,-30.49556],[-71.68938,-30.49576],[-71.68929,-30.49608],[-71.68923,-30.49642],[-71.68921,-30.49664],[-71.6892,-30.49701],[-71.68928,-30.49738],[-71.68937,-30.49778],[-71.6894,-30.49805],[-71.68938,-30.4986],[-71.68938,-30.49877],[-71.68937,-30.49889],[-71.68938,-30.49914],[-71.68948,-30.49954],[-71.68959,-30.49983],[-71.68971,-30.500044],[-71.68987,-30.50026],[-71.69027,-30.50088],[-71.69042,-30.50113],[-71.69051,-30.50128],[-71.69057,-30.50143],[-71.6906,-30.50158],[-71.69057,-30.50176],[-71.69052,-30.50196],[-71.69045,-30.50214],[-71.69038,-30.50231],[-71.69035,-30.5024],[-71.69032,-30.50255],[-71.69032,-30.50279],[-71.690299,-30.502936],[-71.688567,-30.50345],[-71.684158,-30.500484],[-71.679137,-30.501974],[-71.674728,-30.499008],[-71.67534,-30.494552],[-71.680361,-30.493062],[-71.680973,-30.488605],[-71.685994,-30.487114],[-71.686605,-30.482657],[-71.691626,-30.481165]]]},"properties":{"comuna":"Ovalle","mancha_id":"04301-88b21baecbfffff","clase":"Medio","nivel_medio":2.348,"nivel_medio_min":2.001,"nivel_medio_max":2.449,"pct_alto":74.2,"n_hexagonos":4,"area_ha":242.67}},{"type":"Feature","geometry":{"type":"Polygon","coordinates":[[[-71.68612,-30.521273],[-71.686732,-30.516817],[-71.682322,-30.513852],[-71.682934,-30.509396],[-71.687955,-30.507906],[-71.692242,-30.510789],[-71.692358,-30.510924],[-71.691753,-30.515327],[-71.694017,-30.51685],[-71.69416,-30.51706],[-71.69427,-30.51721],[-71.69429,-30.51737],[-71.69443,-30.51752],[-71.69462,-30.51762],[-71.69484,-30.51766],[-71.69497,-30.51774],[-71.69503,-30.51793],[-71.69509,-30.51812],[-71.69523,-30.51838],[-71.69528,-30.51861],[-71.69536,-30.51883],[-71.69546,-30.51908],[-71.69562,-30.51924],[-71.69566,-30.51943],[-71.69553,-30.51964],[-71.69529,-30.51979],[-71.69512,-30.51987],[-71.69493,-30.51995],[-71.69484,-30.52005],[-71.69489,-30.52021],[-71.69498,-30.52045],[-71.69498,-30.52066],[-71.69479,-30.52087],[-71.69455,-30.52099],[-71.69439,-30.5211],[-71.69438,-30.52129],[-71.69429,-30.52147],[-71.69409,-30.52162],[-71.69396,-30.52176],[-71.69394,-30.52197],[-71.69379,-30.52214],[-71.69379,-30.52231],[-71.69384,-30.52262],[-71.69392,-30.52313],[-71.693924,-30.523231],[-71.690529,-30.524238],[-71.68612,-30.521273]]]},"properties":{"comuna":"Ovalle","mancha_id":"04301-88b21bae95fffff","clase":"Medio","nivel_medio":1.798,"nivel_medio_min":1.502,"nivel_medio_max":2.058,"pct_alto":59.4,"n_hexagonos":2,"area_ha":130.58}},{"type":"Feature","geometry":{"type":"Polygon","coordinates":[[[-71.671056,-30.525741],[-71.671668,-30.521286],[-71.676689,-30.519797],[-71.681098,-30.522762],[-71.680486,-30.527217],[-71.675465,-30.528706],[-71.671056,-30.525741]]]},"properties":{"comuna":"Ovalle","mancha_id":"04301-88b21bae93fffff","clase":"Medio","nivel_medio":2.478,"nivel_medio_min":2.478,"nivel_medio_max":2.478,"pct_alto":82.2,"n_hexagonos":1,"area_ha":68.49}},{"type":"Feature","geometry":{"type":"Polygon","coordinates":[[[-71.70846,-30.57444],[-71.708479,-30.574455],[-71.70864,-30.57458],[-71.70886,-30.57497],[-71.70892,-30.57518],[-71.70887,-30.57534],[-71.70874,-30.57533],[-71.70867,-30.5752],[-71.70862,-30.57507],[-71.70851,-30.57502],[-71.70849,-30.57511],[-71.70851,-30.57527],[-71.70845,-30.57543],[-71.70831,-30.57546],[-71.70809,-30.57548],[-71.70808,-30.57564],[-71.70804,-30.57578],[-71.70794,-30.57591],[-71.70802,-30.57607],[-71.70811,-30.57616],[-71.70813,-30.57632],[-71.70808,-30.5765],[-71.70806,-30.57661],[-71.70824,-30.57668],[-71.70842,-30.5768],[-71.70868,-30.57723],[-71.70888,-30.57739],[-71.70913,-30.57751],[-71.70931,-30.57775],[-71.70936,-30.57785],[-71.70946,-30.57802],[-71.70958,-30.57815],[-71.70975,-30.57816],[-71.70994,-30.57816],[-71.71024,-30.57818],[-71.71041,-30.57832],[-71.71053,-30.5785],[-71.71055,-30.57866],[-71.71048,-30.57881],[-71.71034,-30.57894],[-71.71018,-30.57894],[-71.71001,-30.579],[-71.70983,-30.57914],[-71.70973,-30.57915],[-71.7096,-30.57921],[-71.70949,-30.57934],[-71.70944,-30.57948],[-71.7095,-30.57962],[-71.70969,-30.57972],[-71.70974,-30.57989],[-71.70965,-30.58004],[-71.70963,-30.58019],[-71.70969,-30.58034],[-71.70984,-30.58041],[-71.71005,-30.58032],[-71.71018,-30.58031],[-71.71034,-30.58044],[-71.71035,-30.58061],[-71.71017,-30.58076],[-71.71002,-30.58085],[-71.71006,-30.58095],[-71.71013,-30.58111],[-71.710074,-30.581156],[-71.707075,-30.579142],[-71.702052,-30.58063],[-71.697641,-30.577666],[-71.698253,-30.573214],[-71.693842,-30.57025],[-71.694454,-30.565798],[-71.690044,-30.562833],[-71.690656,-30.558381],[-71.695678,-30.556892],[-71.69629,-30.552439],[-71.701312,-30.55095],[-71.705505,-30.553767],[-71.7054,-30.5539],[-71.70531,-30.554],[-71.70525,-30.55406],[-71.70525,-30.55415],[-71.70537,-30.5542],[-71.70546,-30.55433],[-71.70538,-30.55452],[-71.70536,-30.55465],[-71.70546,-30.55467],[-71.705628,-30.554606],[-71.705515,-30.555426],[-71.7053,-30.55593],[-71.70504,-30.5564],[-71.70489,-30.55659],[-71.70479,-30.55683],[-71.70455,-30.55702],[-71.70424,-30.55719],[-71.70407,-30.55726],[-71.70403,-30.5574],[-71.70402,-30.55756],[-71.70392,-30.55762],[-71.70372,-30.55764],[-71.70351,-30.5577],[-71.70347,-30.55781],[-71.7036,-30.55801],[-71.70373,-30.55823],[-71.7037,-30.55866],[-71.703756,-30.558769],[-71.70388,-30.55901],[-71.70395,-30.55915],[-71.70408,-30.55932],[-71.70414,-30.5594],[-71.70425,-30.55965],[-71.70434,-30.55989],[-71.70453,-30.56002],[-71.7047,-30.56004],[-71.70483,-30.56009],[-71.70488,-30.56025],[-71.70498,-30.56043],[-71.70509,-30.56054],[-71.70521,-30.56065],[-71.7053,-30.56079],[-71.70531,-30.561],[-71.70534,-30.56115],[-71.70556,-30.56132],[-71.70596,-30.56155],[-71.70616,-30.56175],[-71.70633,-30.56199],[-71.7064,-30.56219],[-71.70643,-30.56252],[-71.70653,-30.56275],[-71.70663,-30.56301],[-71.70671,-30.56324],[-71.70689,-30.56337],[-71.70703,-30.56348],[-71.70713,-30.56366],[-71.70719,-30.56383],[-71.70735,-30.56398],[-71.70753,-30.56401],[-71.70766,-30.56413],[-71.70767,-30.56428],[-71.70753,-30.56454],[-71.70745,-30.56473],[-71.7074,-30.56493],[-71.7073,-30.56509],[-71.70716,-30.56521],[-71.70699,-30.56537],[-71.70695,-30.5656],[-71.70691,-30.56592],[-71.70687,-30.56614],[-71.70681,-30.56632],[-71.70683,-30.56639],[-71.706833,-30.5664],[-71.70688,-30.56658],[-71.70704,-30.56694],[-71.7071,-30.56753],[-71.70708,-30.56796],[-71.70704,-30.56826],[-71.70696,-30.5684],[-71.70666,-30.56858],[-71.70642,-30.56883],[-71.70638,-30.56913],[-71.70637,-30.56951],[-71.70641,-30.56964],[-71.70649,-30.56985],[-71.70669,-30.56996],[-71.70685,-30.57004],[-71.70705,-30.57007],[-71.70723,-30.57013],[-71.70735,-30.5703],[-71.7075,-30.57039],[-71.70752,-30.5705],[-71.70755,-30.57062],[-71.70773,-30.5708],[-71.70774,-30.57092],[-71.70775,-30.57105],[-71.70781,-30.57128],[-71.7079,-30.57147],[-71.70791,-30.57167],[-71.70794,-30.57193],[-71.70809,-30.57211],[-71.70828,-30.57223],[-71.70842,-30.57228],[-71.70854,-30.57238],[-71.70852,-30.57248],[-71.70847,-30.5726],[-71.70834,-30.57265],[-71.70812,-30.57265],[-71.70796,-30.57278],[-71.70804,-30.57289],[-71.70827,-30.57296],[-71.70854,-30.57308],[-71.70867,-30.5732],[-71.70868,-30.5734],[-71.70868,-30.57358],[-71.70862,-30.57369],[-71.70832,-30.57368],[-71.70821,-30.57369],[-71.70803,-30.57379],[-71.70796,-30.57394],[-71.70804,-30.57412],[-71.70825,-30.57431],[-71.70846,-30.57444]]]},"properties":{"comuna":"Ovalle","mancha_id":"04301-88b21bac91fffff","clase":"Medio","nivel_medio":1.836,"nivel_medio_min":1.513,"nivel_medio_max":2.011,"pct_alto":60.6,"n_hexagonos":7,"area_ha":356.13}},{"type":"Feature","geometry":{"type":"Polygon","coordinates":[[[-71.638496,-30.37717],[-71.639108,-30.372707],[-71.644125,-30.371214],[-71.64853,-30.374184],[-71.647918,-30.378647],[-71.642901,-30.38014],[-71.638496,-30.37717]]]},"properties":{"comuna":"Ovalle","mancha_id":"04301-88b21ba749fffff","clase":"Medio","nivel_medio":2.499,"nivel_medio_min":2.499,"nivel_medio_max":2.499,"pct_alto":66.8,"n_hexagonos":1,"area_ha":68.66}},{"type":"Feature","geometry":{"type":"Polygon","coordinates":[[[-71.527531,-30.414407],[-71.528144,-30.409948],[-71.5301,-30.409368],[-71.533191,-30.409268],[-71.534288,-30.409224],[-71.53756,-30.411433],[-71.536947,-30.415891],[-71.531932,-30.417378],[-71.527531,-30.414407]]]},"properties":{"comuna":"Ovalle","mancha_id":"04301-88b21ba6cbfffff","clase":"Medio","nivel_medio":1.924,"nivel_medio_min":1.924,"nivel_medio_max":1.924,"pct_alto":56.5,"n_hexagonos":1,"area_ha":66.73}},{"type":"Feature","geometry":{"type":"Polygon","coordinates":[[[-71.56141,-30.412912],[-71.562024,-30.408452],[-71.567039,-30.406964],[-71.571442,-30.409935],[-71.570829,-30.414394],[-71.565813,-30.415882],[-71.56141,-30.412912]]]},"properties":{"comuna":"Ovalle","mancha_id":"04301-88b21ba617fffff","clase":"Medio","nivel_medio":2.176,"nivel_medio_min":2.176,"nivel_medio_max":2.176,"pct_alto":60.1,"n_hexagonos":1,"area_ha":68.56}},{"type":"Feature","geometry":{"type":"Polygon","coordinates":[[[-71.640812,-30.500521],[-71.635793,-30.50201],[-71.63518,-30.506465],[-71.639587,-30.509432],[-71.638975,-30.513887],[-71.633955,-30.515374],[-71.633342,-30.519829],[-71.628323,-30.521316],[-71.623916,-30.518349],[-71.624528,-30.513895],[-71.620122,-30.510928],[-71.615103,-30.512415],[-71.610696,-30.509448],[-71.611309,-30.504993],[-71.606903,-30.502026],[-71.607516,-30.497571],[-71.612535,-30.496083],[-71.613148,-30.491628],[-71.618166,-30.49014],[-71.622573,-30.493108],[-71.627592,-30.49162],[-71.628204,-30.487164],[-71.633223,-30.485675],[-71.633836,-30.481219],[-71.629429,-30.478252],[-71.630042,-30.473795],[-71.635061,-30.472306],[-71.639467,-30.475273],[-71.644486,-30.473784],[-71.648893,-30.476751],[-71.648281,-30.481208],[-71.643262,-30.482698],[-71.642649,-30.487154],[-71.647057,-30.490121],[-71.646444,-30.494577],[-71.650852,-30.497544],[-71.650239,-30.502],[-71.645219,-30.503488],[-71.640812,-30.500521]]]},"properties":{"comuna":"Ovalle","mancha_id":"04301-88b21ba581fffff","clase":"Medio","nivel_medio":2.243,"nivel_medio_min":2.0,"nivel_medio_max":2.461,"pct_alto":24.6,"n_hexagonos":16,"area_ha":1095.86}},{"type":"Feature","geometry":{"type":"Polygon","coordinates":[[[-71.685868,-30.45294],[-71.686479,-30.448481],[-71.682071,-30.445514],[-71.682683,-30.441054],[-71.687703,-30.439562],[-71.688012,-30.43977],[-71.68825,-30.44009],[-71.68853,-30.44046],[-71.68872,-30.44068],[-71.68879,-30.44088],[-71.68882,-30.44105],[-71.6888,-30.44119],[-71.68876,-30.44134],[-71.68858,-30.44169],[-71.68851,-30.44191],[-71.68845,-30.44215],[-71.68835,-30.44232],[-71.68828,-30.44242],[-71.68822,-30.44254],[-71.68821,-30.44265],[-71.68822,-30.44279],[-71.68829,-30.44295],[-71.68834,-30.44308],[-71.68837,-30.4432],[-71.6884,-30.44338],[-71.68845,-30.44346],[-71.68858,-30.44356],[-71.68873,-30.44362],[-71.68883,-30.44369],[-71.68892,-30.44376],[-71.68898,-30.44387],[-71.68903,-30.44418],[-71.68906,-30.44431],[-71.68911,-30.44455],[-71.68921,-30.44477],[-71.6893,-30.44493],[-71.68944,-30.44512],[-71.68954,-30.44527],[-71.68959,-30.44541],[-71.68961,-30.44552],[-71.68966,-30.4456],[-71.68977,-30.44571],[-71.68987,-30.4458],[-71.68995,-30.44591],[-71.69002,-30.44605],[-71.69018,-30.44623],[-71.69042,-30.44637],[-71.69057,-30.44645],[-71.69069,-30.44654],[-71.69079,-30.44664],[-71.69087,-30.44673],[-71.69089,-30.44683],[-71.69092,-30.44693],[-71.69092,-30.44714],[-71.690913,-30.447163],[-71.69085,-30.44737],[-71.69074,-30.44751],[-71.69063,-30.44757],[-71.6905,-30.44758],[-71.69028,-30.44754],[-71.69016,-30.44749],[-71.69007,-30.44749],[-71.68994,-30.44754],[-71.68985,-30.44762],[-71.68981,-30.44773],[-71.68982,-30.44786],[-71.68982,-30.448],[-71.68978,-30.44814],[-71.6897,-30.44824],[-71.6896,-30.44839],[-71.68953,-30.44851],[-71.68946,-30.44863],[-71.68946,-30.44874],[-71.6895,-30.44882],[-71.68962,-30.44896],[-71.68978,-30.44908],[-71.68982,-30.44913],[-71.68983,-30.44919],[-71.68984,-30.44928],[-71.68979,-30.44933],[-71.68971,-30.44941],[-71.68962,-30.44946],[-71.68947,-30.44953],[-71.6893,-30.44964],[-71.6892,-30.44972],[-71.68912,-30.44982],[-71.68908,-30.44992],[-71.68906,-30.45007],[-71.68908,-30.45047],[-71.68909,-30.45112],[-71.68912,-30.45137],[-71.68916,-30.4515],[-71.68926,-30.45166],[-71.6894,-30.45182],[-71.68953,-30.452],[-71.6896,-30.45207],[-71.68965,-30.45212],[-71.68975,-30.45219],[-71.68989,-30.45226],[-71.69006,-30.45233],[-71.69018,-30.45239],[-71.69027,-30.45248],[-71.6903,-30.45257],[-71.69031,-30.45267],[-71.69029,-30.45277],[-71.6902,-30.4529],[-71.69009,-30.4531],[-71.68998,-30.45327],[-71.68981,-30.45349],[-71.68975,-30.45357],[-71.68975,-30.45368],[-71.68978,-30.45378],[-71.68978,-30.45387],[-71.68973,-30.45397],[-71.68972,-30.45408],[-71.68966,-30.45423],[-71.68967,-30.45438],[-71.68973,-30.45472],[-71.68981,-30.45509],[-71.68993,-30.45555],[-71.689959,-30.455694],[-71.685868,-30.45294]]]},"properties":{"comuna":"Ovalle","mancha_id":"04301-88b21ba563fffff","clase":"Medio","nivel_medio":2.114,"nivel_medio_min":1.842,"nivel_medio_max":2.235,"pct_alto":69.6,"n_hexagonos":2,"area_ha":75.51}},{"type":"Feature","geometry":{"type":"Polygon","coordinates":[[[-71.687829,-30.473741],[-71.688441,-30.469283],[-71.684032,-30.466317],[-71.684644,-30.461858],[-71.689664,-30.460366],[-71.690189,-30.460719],[-71.69017,-30.46083],[-71.69013,-30.46099],[-71.69005,-30.46109],[-71.6899,-30.46116],[-71.68973,-30.4612],[-71.68955,-30.46123],[-71.68942,-30.46131],[-71.68926,-30.4614],[-71.6891,-30.46148],[-71.689,-30.4615],[-71.68883,-30.46154],[-71.68844,-30.46167],[-71.68826,-30.46181],[-71.6881,-30.46194],[-71.688,-30.46207],[-71.688,-30.46222],[-71.68802,-30.46235],[-71.68815,-30.4625],[-71.68829,-30.46264],[-71.68863,-30.46298],[-71.6888,-30.46322],[-71.68891,-30.46343],[-71.68898,-30.46358],[-71.68901,-30.46371],[-71.68904,-30.46397],[-71.68902,-30.46417],[-71.68898,-30.46435],[-71.68888,-30.46456],[-71.68878,-30.46473],[-71.68872,-30.46495],[-71.68872,-30.46509],[-71.68874,-30.46529],[-71.68886,-30.4655],[-71.68899,-30.46568],[-71.68918,-30.46582],[-71.68983,-30.46614],[-71.6902,-30.46633],[-71.69049,-30.46651],[-71.69073,-30.46668],[-71.69089,-30.46685],[-71.69095,-30.46696],[-71.69097,-30.4671],[-71.69099,-30.46731],[-71.69095,-30.46749],[-71.69094,-30.46764],[-71.69091,-30.46781],[-71.69095,-30.46795],[-71.69103,-30.46809],[-71.69124,-30.46826],[-71.69145,-30.46837],[-71.69147,-30.468383],[-71.69159,-30.46846],[-71.69167,-30.46855],[-71.69173,-30.46866],[-71.69175,-30.46885],[-71.69177,-30.46919],[-71.69174,-30.46934],[-71.69167,-30.46953],[-71.69164,-30.46968],[-71.69158,-30.46991],[-71.69156,-30.47001],[-71.69159,-30.47013],[-71.6917,-30.47026],[-71.6918,-30.47036],[-71.69188,-30.47049],[-71.6919,-30.47059],[-71.69191,-30.47074],[-71.69193,-30.47093],[-71.69196,-30.47104],[-71.692,-30.47112],[-71.69215,-30.47124],[-71.6923,-30.47134],[-71.69238,-30.47141],[-71.69245,-30.47152],[-71.69249,-30.47166],[-71.69249,-30.47177],[-71.69254,-30.4719],[-71.69268,-30.47211],[-71.69282,-30.47231],[-71.69298,-30.47255],[-71.69312,-30.47274],[-71.69329,-30.4729],[-71.69347,-30.47306],[-71.69363,-30.47316],[-71.69374,-30.47327],[-71.69395,-30.4735],[-71.69434,-30.47375],[-71.6946,-30.47394],[-71.69501,-30.47418],[-71.6951,-30.47421],[-71.69517,-30.47423],[-71.69537,-30.47426],[-71.69555,-30.47434],[-71.69564,-30.47441],[-71.69574,-30.47448],[-71.69587,-30.47453],[-71.69604,-30.47456],[-71.69627,-30.47455],[-71.69645,-30.47455],[-71.69658,-30.47459],[-71.69668,-30.47466],[-71.69678,-30.47474],[-71.69683,-30.47481],[-71.69686,-30.47492],[-71.69685,-30.47503],[-71.69683,-30.47516],[-71.69682,-30.47525],[-71.69685,-30.47533],[-71.696854,-30.475336],[-71.692238,-30.476708],[-71.687829,-30.473741]]]},"properties":{"comuna":"Ovalle","mancha_id":"04301-88b21ba523fffff","clase":"Medio","nivel_medio":2.196,"nivel_medio_min":2.088,"nivel_medio_max":2.303,"pct_alto":71.2,"n_hexagonos":2,"area_ha":77.72}},{"type":"Feature","geometry":{"type":"Polygon","coordinates":[[[-71.589895,-30.485698],[-71.590508,-30.481243],[-71.595526,-30.479756],[-71.599931,-30.482724],[-71.599318,-30.487179],[-71.5943,-30.488667],[-71.589895,-30.485698]]]},"properties":{"comuna":"Ovalle","mancha_id":"04301-88b21ba4e7fffff","clase":"Medio","nivel_medio":2.491,"nivel_medio_min":2.491,"nivel_medio_max":2.491,"pct_alto":70.7,"n_hexagonos":1,"area_ha":68.48}},{"type":"Feature","geometry":{"type":"Polygon","coordinates":[[[-71.607285,-30.429236],[-71.60288,-30.426266],[-71.597863,-30.427756],[-71.593459,-30.424786],[-71.594072,-30.420327],[-71.589668,-30.417357],[-71.590281,-30.412897],[-71.595297,-30.411408],[-71.599701,-30.414378],[-71.604718,-30.412888],[-71.609123,-30.415857],[-71.60851,-30.420317],[-71.612915,-30.423286],[-71.612302,-30.427746],[-71.607285,-30.429236]]]},"properties":{"comuna":"Ovalle","mancha_id":"04301-88b21ba441fffff","clase":"Medio","nivel_medio":1.941,"nivel_medio_min":1.581,"nivel_medio_max":2.347,"pct_alto":39.8,"n_hexagonos":4,"area_ha":274.29}},{"type":"Feature","geometry":{"type":"Polygon","coordinates":[[[-71.614256,-30.448549],[-71.614869,-30.444091],[-71.619887,-30.442602],[-71.6205,-30.438143],[-71.616094,-30.435174],[-71.616707,-30.430715],[-71.621725,-30.429225],[-71.622337,-30.424765],[-71.627355,-30.423275],[-71.63176,-30.426244],[-71.636778,-30.424753],[-71.641184,-30.427722],[-71.646203,-30.42623],[-71.650609,-30.429199],[-71.649997,-30.433659],[-71.654403,-30.436627],[-71.653791,-30.441086],[-71.658198,-30.444054],[-71.663217,-30.442563],[-71.667624,-30.44553],[-71.667012,-30.449989],[-71.67142,-30.452957],[-71.670808,-30.457416],[-71.675216,-30.460383],[-71.674604,-30.464841],[-71.679012,-30.467808],[-71.6784,-30.472266],[-71.67338,-30.473757],[-71.668972,-30.47079],[-71.669584,-30.466332],[-71.665176,-30.463365],[-71.660157,-30.464856],[-71.65575,-30.461889],[-71.656362,-30.45743],[-71.651955,-30.454463],[-71.646936,-30.455953],[-71.642529,-30.452985],[-71.63751,-30.454475],[-71.633104,-30.451507],[-71.628086,-30.452997],[-71.627473,-30.457455],[-71.622455,-30.458944],[-71.621842,-30.463402],[-71.616824,-30.464891],[-71.612418,-30.461922],[-71.613031,-30.457465],[-71.608626,-30.454496],[-71.609239,-30.450038],[-71.614256,-30.448549]]]},"properties":{"comuna":"Ovalle","mancha_id":"04301-88b21ba405fffff","clase":"Medio","nivel_medio":2.175,"nivel_medio_min":1.972,"nivel_medio_max":2.486,"pct_alto":18.0,"n_hexagonos":24,"area_ha":1645.57}},{"type":"Feature","geometry":{"type":"Polygon","coordinates":[[[-71.6852,-30.39323],[-71.685201,-30.393233],[-71.684393,-30.393474],[-71.684326,-30.393959],[-71.68432,-30.39396],[-71.68425,-30.39396],[-71.68418,-30.39394],[-71.68413,-30.39389],[-71.68413,-30.39383],[-71.68413,-30.39368],[-71.68416,-30.39361],[-71.68426,-30.39348],[-71.684309,-30.393417],[-71.68437,-30.39334],[-71.68454,-30.39321],[-71.68465,-30.39314],[-71.68474,-30.3931],[-71.68484,-30.39309],[-71.68495,-30.39309],[-71.68505,-30.3931],[-71.68512,-30.39313],[-71.6852,-30.39323]]]},"properties":{"comuna":"Ovalle","mancha_id":"04301-88b21ba2b3fffff","clase":"Medio","nivel_medio":1.792,"nivel_medio_min":1.58,"nivel_medio_max":2.139,"pct_alto":48.4,"n_hexagonos":2,"area_ha":0.29}},{"type":"Feature","geometry":{"type":"Polygon","coordinates":[[[-71.667377,-30.377135],[-71.662971,-30.374166],[-71.657953,-30.37566],[-71.653548,-30.37269],[-71.65416,-30.368227],[-71.649754,-30.365257],[-71.650366,-30.360793],[-71.655384,-30.359299],[-71.655996,-30.354835],[-71.661013,-30.35334],[-71.665419,-30.35631],[-71.670436,-30.354815],[-71.674842,-30.357785],[-71.674611,-30.35947],[-71.67459,-30.35947],[-71.67449,-30.35945],[-71.67443,-30.35947],[-71.67435,-30.35952],[-71.67422,-30.3596],[-71.67411,-30.35966],[-71.67392,-30.3597],[-71.67377,-30.35971],[-71.6736,-30.35971],[-71.67348,-30.35969],[-71.67337,-30.35964],[-71.67328,-30.35956],[-71.6732,-30.35955],[-71.67307,-30.35955],[-71.67297,-30.3596],[-71.67282,-30.35969],[-71.67273,-30.35973],[-71.67258,-30.35974],[-71.67241,-30.35979],[-71.67222,-30.35989],[-71.67207,-30.36],[-71.67201,-30.3601],[-71.67195,-30.36022],[-71.67178,-30.36038],[-71.6717,-30.36045],[-71.67166,-30.36051],[-71.67165,-30.36063],[-71.67165,-30.36072],[-71.67161,-30.36079],[-71.67156,-30.36084],[-71.67149,-30.3609],[-71.67141,-30.36093],[-71.67123,-30.36093],[-71.67115,-30.36094],[-71.67104,-30.36101],[-71.67101,-30.36112],[-71.67106,-30.36124],[-71.67106,-30.36134],[-71.67099,-30.36141],[-71.67098,-30.36147],[-71.67092,-30.36159],[-71.67092,-30.36168],[-71.67096,-30.36177],[-71.67101,-30.36188],[-71.67109,-30.36197],[-71.67117,-30.36207],[-71.67119,-30.3622],[-71.67119,-30.36233],[-71.67119,-30.36275],[-71.67119,-30.36286],[-71.67117,-30.36293],[-71.67113,-30.36298],[-71.67108,-30.36301],[-71.671,-30.36301],[-71.67091,-30.36302],[-71.67077,-30.36307],[-71.67068,-30.36314],[-71.67058,-30.36321],[-71.67054,-30.36331],[-71.670517,-30.363355],[-71.669213,-30.363744],[-71.668601,-30.368208],[-71.673007,-30.371177],[-71.674234,-30.370812],[-71.67424,-30.37082],[-71.67435,-30.37092],[-71.67448,-30.37101],[-71.67462,-30.37107],[-71.67478,-30.37112],[-71.6749,-30.3712],[-71.675,-30.37131],[-71.67513,-30.37154],[-71.67521,-30.37172],[-71.67526,-30.37184],[-71.67532,-30.37193],[-71.6754,-30.37199],[-71.67557,-30.37206],[-71.67567,-30.37212],[-71.6758,-30.37222],[-71.67597,-30.3723],[-71.67613,-30.37233],[-71.67631,-30.37234],[-71.67648,-30.37237],[-71.67666,-30.37238],[-71.67678,-30.3724],[-71.67693,-30.37247],[-71.67703,-30.37255],[-71.67708,-30.37264],[-71.67712,-30.37275],[-71.67713,-30.37293],[-71.67712,-30.37303],[-71.67713,-30.37311],[-71.67717,-30.37316],[-71.67727,-30.37326],[-71.67734,-30.37334],[-71.67741,-30.37345],[-71.67743,-30.37354],[-71.67743,-30.37361],[-71.67742,-30.37368],[-71.67741,-30.37379],[-71.67741,-30.37389],[-71.67742,-30.37397],[-71.67746,-30.37405],[-71.67752,-30.37415],[-71.67755,-30.37425],[-71.677558,-30.374318],[-71.67758,-30.3745],[-71.67763,-30.37472],[-71.67767,-30.37485],[-71.67774,-30.37494],[-71.67785,-30.37502],[-71.67796,-30.37508],[-71.67808,-30.37515],[-71.6782,-30.37522],[-71.67827,-30.37531],[-71.67835,-30.37539],[-71.67846,-30.37541],[-71.67853,-30.37544],[-71.67858,-30.37548],[-71.67861,-30.37553],[-71.67861,-30.37561],[-71.67861,-30.37567],[-71.67864,-30.37573],[-71.6787,-30.37576],[-71.67881,-30.37577],[-71.67889,-30.37579],[-71.67895,-30.37583],[-71.67898,-30.37592],[-71.67892,-30.37599],[-71.67882,-30.37606],[-71.67877,-30.37611],[-71.67873,-30.37616],[-71.67881,-30.37626],[-71.67888,-30.37629],[-71.67899,-30.37633],[-71.67906,-30.37638],[-71.67908,-30.37644],[-71.67904,-30.37649],[-71.67899,-30.37654],[-71.67892,-30.37658],[-71.67888,-30.37663],[-71.67886,-30.37669],[-71.67883,-30.37681],[-71.6788,-30.37689],[-71.67874,-30.37697],[-71.67868,-30.37705],[-71.67862,-30.37711],[-71.67863,-30.37718],[-71.67872,-30.37723],[-71.67881,-30.37723],[-71.67886,-30.37726],[-71.67891,-30.37731],[-71.67892,-30.3774],[-71.67892,-30.37747],[-71.67898,-30.37753],[-71.67906,-30.37754],[-71.67912,-30.37761],[-71.67913,-30.37773],[-71.67918,-30.37779],[-71.67926,-30.37783],[-71.679336,-30.377855],[-71.67938,-30.37787],[-71.67943,-30.37791],[-71.67946,-30.37799],[-71.67946,-30.37808],[-71.67948,-30.37816],[-71.67953,-30.37825],[-71.67959,-30.37833],[-71.67962,-30.37841],[-71.67961,-30.37848],[-71.67955,-30.37854],[-71.67947,-30.37861],[-71.67939,-30.37866],[-71.67935,-30.37873],[-71.67936,-30.37883],[-71.67941,-30.37898],[-71.67941,-30.37908],[-71.6794,-30.3792],[-71.67937,-30.37931],[-71.67934,-30.37942],[-71.67926,-30.3796],[-71.67918,-30.37967],[-71.6791,-30.37969],[-71.679,-30.3797],[-71.6789,-30.37972],[-71.67884,-30.37976],[-71.67882,-30.37983],[-71.67882,-30.38015],[-71.6788,-30.38022],[-71.67877,-30.38044],[-71.67875,-30.38069],[-71.67878,-30.38103],[-71.6788,-30.38122],[-71.67885,-30.38134],[-71.6789,-30.38151],[-71.679,-30.38169],[-71.67911,-30.38191],[-71.67927,-30.38204],[-71.67948,-30.38215],[-71.67977,-30.38229],[-71.6799,-30.3824],[-71.68004,-30.38255],[-71.68006,-30.38266],[-71.68003,-30.38277],[-71.67997,-30.38285],[-71.67989,-30.38296],[-71.6798,-30.38304],[-71.67975,-30.38313],[-71.67968,-30.38315],[-71.6796,-30.38319],[-71.67953,-30.38326],[-71.6795,-30.38338],[-71.67948,-30.38345],[-71.67937,-30.38343],[-71.67928,-30.38341],[-71.6792,-30.38341],[-71.67911,-30.38347],[-71.67897,-30.38362],[-71.67865,-30.38384],[-71.6785,-30.38396],[-71.67845,-30.38402],[-71.67838,-30.38412],[-71.67838,-30.38421],[-71.67835,-30.38433],[-71.67828,-30.38448],[-71.678279,-30.384481],[-71.67823,-30.38455],[-71.67816,-30.38464],[-71.67811,-30.38474],[-71.67808,-30.38484],[-71.67808,-30.38497],[-71.6781,-30.38506],[-71.67817,-30.38515],[-71.67833,-30.38529],[-71.67847,-30.38538],[-71.67858,-30.38547],[-71.67877,-30.38554],[-71.67892,-30.38557],[-71.67915,-30.38558],[-71.67925,-30.385592],[-71.67947,-30.3856],[-71.67961,-30.38559],[-71.67969,-30.38555],[-71.679788,-30.385497],[-71.6798,-30.38549],[-71.67994,-30.38544],[-71.68001,-30.38544],[-71.68011,-30.38547],[-71.68025,-30.38552],[-71.68035,-30.38552],[-71.68045,-30.38552],[-71.68053,-30.38548],[-71.68065,-30.38539],[-71.68073,-30.38532],[-71.68081,-30.3853],[-71.68088,-30.38532],[-71.68095,-30.38537],[-71.68101,-30.38545],[-71.68107,-30.38552],[-71.68122,-30.38553],[-71.68137,-30.3855],[-71.68149,-30.38551],[-71.68155,-30.38556],[-71.6816,-30.38563],[-71.681591,-30.385746],[-71.68159,-30.38576],[-71.68156,-30.38591],[-71.68153,-30.38615],[-71.68148,-30.38639],[-71.68147,-30.38662],[-71.68149,-30.38669],[-71.68156,-30.38676],[-71.68168,-30.38684],[-71.68181,-30.3869],[-71.6819,-30.38695],[-71.68196,-30.38703],[-71.68205,-30.38715],[-71.68209,-30.38724],[-71.68213,-30.38732],[-71.6822,-30.38734],[-71.68228,-30.38732],[-71.68238,-30.38728],[-71.68249,-30.38726],[-71.68258,-30.38728],[-71.68265,-30.38734],[-71.68266,-30.38744],[-71.68262,-30.38751],[-71.68256,-30.38761],[-71.68255,-30.38769],[-71.6826,-30.38775],[-71.68273,-30.38786],[-71.68277,-30.38793],[-71.68277,-30.38799],[-71.68273,-30.38806],[-71.68268,-30.38815],[-71.68263,-30.38822],[-71.68262,-30.38831],[-71.68266,-30.38848],[-71.68267,-30.38859],[-71.68268,-30.38877],[-71.68267,-30.38887],[-71.68267,-30.38894],[-71.68273,-30.38899],[-71.68281,-30.389],[-71.68312,-30.389],[-71.68318,-30.38902],[-71.68323,-30.38907],[-71.68323,-30.38914],[-71.68321,-30.38931],[-71.68317,-30.3894],[-71.68311,-30.38949],[-71.68301,-30.38957],[-71.68293,-30.38961],[-71.68283,-30.38964],[-71.68272,-30.3896],[-71.68262,-30.38952],[-71.68253,-30.38949],[-71.68244,-30.38951],[-71.68227,-30.3896],[-71.68201,-30.3897],[-71.68182,-30.38981],[-71.68168,-30.38992],[-71.68145,-30.39013],[-71.68133,-30.39023],[-71.68116,-30.39027],[-71.6809,-30.39028],[-71.68072,-30.39028],[-71.6806,-30.3903],[-71.68052,-30.39036],[-71.68041,-30.39043],[-71.68033,-30.39055],[-71.68026,-30.39069],[-71.68021,-30.39079],[-71.68017,-30.39092],[-71.68018,-30.39098],[-71.68018,-30.39104],[-71.68026,-30.39111],[-71.68041,-30.39119],[-71.68058,-30.39127],[-71.68067,-30.39135],[-71.68072,-30.39148],[-71.68078,-30.39166],[-71.68085,-30.39175],[-71.68094,-30.39178],[-71.68105,-30.39178],[-71.68115,-30.39174],[-71.68128,-30.39169],[-71.6814,-30.39168],[-71.68154,-30.39169],[-71.68163,-30.39174],[-71.68173,-30.39179],[-71.6818,-30.39188],[-71.68186,-30.39195],[-71.68192,-30.39202],[-71.68202,-30.39206],[-71.68218,-30.3921],[-71.68241,-30.39214],[-71.682416,-30.392142],[-71.68258,-30.3922],[-71.68266,-30.39227],[-71.682671,-30.392314],[-71.68271,-30.39247],[-71.68267,-30.39286],[-71.68263,-30.39305],[-71.68256,-30.39325],[-71.68246,-30.39339],[-71.68234,-30.39346],[-71.6822,-30.39351],[-71.68197,-30.39353],[-71.68179,-30.39349],[-71.68165,-30.3935],[-71.68148,-30.39353],[-71.68115,-30.39368],[-71.68091,-30.39381],[-71.68069,-30.393987],[-71.68055,-30.39419],[-71.68048,-30.39437],[-71.68049,-30.39451],[-71.68054,-30.39463],[-71.6806,-30.39475],[-71.68069,-30.39484],[-71.68081,-30.39497],[-71.68107,-30.39516],[-71.68133,-30.39536],[-71.6815,-30.39546],[-71.68171,-30.39558],[-71.68185,-30.39568],[-71.68193,-30.39577],[-71.6821,-30.39598],[-71.68235,-30.39633],[-71.68263,-30.39661],[-71.6828,-30.39679],[-71.68299,-30.39694],[-71.68312,-30.39701],[-71.68326,-30.39706],[-71.68351,-30.39708],[-71.68372,-30.39707],[-71.683903,-30.397048],[-71.683781,-30.397936],[-71.678762,-30.39943],[-71.674355,-30.396462],[-71.669337,-30.397955],[-71.66493,-30.394986],[-71.665542,-30.390524],[-71.67056,-30.38903],[-71.671172,-30.384568],[-71.67619,-30.383073],[-71.676802,-30.37861],[-71.672395,-30.375641],[-71.667377,-30.377135]]]},"properties":{"comuna":"Ovalle","mancha_id":"04301-88b21ba291fffff","clase":"Medio","nivel_medio":2.082,"nivel_medio_min":1.58,"nivel_medio_max":2.44,"pct_alto":65.2,"n_hexagonos":12,"area_ha":655.43}},{"type":"Feature","geometry":{"type":"Polygon","coordinates":[[[-71.682558,-30.40686],[-71.687577,-30.405367],[-71.688646,-30.406087],[-71.68866,-30.40617],[-71.68873,-30.40623],[-71.68886,-30.4063],[-71.68897,-30.40638],[-71.68901,-30.40644],[-71.68907,-30.40653],[-71.68906,-30.40661],[-71.68901,-30.40671],[-71.68898,-30.4068],[-71.68898,-30.40689],[-71.689,-30.40695],[-71.68903,-30.40704],[-71.68911,-30.40711],[-71.68923,-30.40719],[-71.68925,-30.40727],[-71.68922,-30.40734],[-71.68914,-30.40739],[-71.68907,-30.40743],[-71.68902,-30.40748],[-71.68898,-30.40758],[-71.68889,-30.40763],[-71.68878,-30.40763],[-71.68871,-30.40763],[-71.68864,-30.40767],[-71.68864,-30.40776],[-71.68867,-30.40783],[-71.68879,-30.40791],[-71.68889,-30.40798],[-71.689,-30.40807],[-71.6891,-30.40816],[-71.68918,-30.40828],[-71.68925,-30.40835],[-71.68934,-30.40841],[-71.68954,-30.40848],[-71.68969,-30.40851],[-71.68981,-30.40853],[-71.68987,-30.40855],[-71.68992,-30.4086],[-71.68993,-30.40866],[-71.6899,-30.40872],[-71.68986,-30.40877],[-71.68978,-30.40883],[-71.68969,-30.40888],[-71.68963,-30.40892],[-71.6896,-30.40898],[-71.6896,-30.40908],[-71.68961,-30.40923],[-71.68959,-30.40929],[-71.68954,-30.40933],[-71.68947,-30.40934],[-71.68936,-30.40932],[-71.68924,-30.40929],[-71.68916,-30.40928],[-71.68905,-30.40928],[-71.68896,-30.40932],[-71.6888,-30.40943],[-71.6885,-30.40969],[-71.68838,-30.40976],[-71.68828,-30.40978],[-71.68806,-30.40978],[-71.68794,-30.40973],[-71.68767,-30.40961],[-71.6875,-30.40953],[-71.68726,-30.40943],[-71.68712,-30.40942],[-71.68702,-30.40944],[-71.68687,-30.40952],[-71.68673,-30.40962],[-71.68664,-30.40966],[-71.68651,-30.40966],[-71.68635,-30.40964],[-71.68624,-30.40965],[-71.68609,-30.40967],[-71.68594,-30.40974],[-71.68583,-30.40979],[-71.68569,-30.40988],[-71.68559,-30.40995],[-71.6855,-30.41],[-71.68521,-30.41003],[-71.68497,-30.41003],[-71.68484,-30.41005],[-71.68479,-30.41008],[-71.68473,-30.4101],[-71.68462,-30.41017],[-71.68451,-30.41027],[-71.68436,-30.41044],[-71.6843,-30.41056],[-71.68426,-30.41069],[-71.68427,-30.41084],[-71.68432,-30.41095],[-71.6844,-30.41112],[-71.68449,-30.41123],[-71.68458,-30.41135],[-71.68459,-30.41143],[-71.68454,-30.41157],[-71.68449,-30.41167],[-71.68444,-30.41177],[-71.68441,-30.41192],[-71.68439,-30.41216],[-71.68434,-30.41224],[-71.68426,-30.4123],[-71.68417,-30.41235],[-71.68409,-30.41236],[-71.68397,-30.41235],[-71.68386,-30.41234],[-71.68377,-30.41238],[-71.68368,-30.41244],[-71.683635,-30.41246],[-71.681946,-30.411322],[-71.682558,-30.40686]]]},"properties":{"comuna":"Ovalle","mancha_id":"04301-88b21ba0d3fffff","clase":"Medio","nivel_medio":2.017,"nivel_medio_min":2.017,"nivel_medio_max":2.017,"pct_alto":50.5,"n_hexagonos":1,"area_ha":32.4}},{"type":"Feature","geometry":{"type":"Polygon","coordinates":[[[-71.688315,-30.435101],[-71.683907,-30.432134],[-71.684518,-30.427673],[-71.680111,-30.424706],[-71.680722,-30.420245],[-71.682768,-30.419636],[-71.68284,-30.41978],[-71.68296,-30.41995],[-71.68306,-30.4201],[-71.68311,-30.42024],[-71.68317,-30.42042],[-71.68335,-30.42085],[-71.68343,-30.42098],[-71.68349,-30.42109],[-71.68354,-30.42119],[-71.68355,-30.42129],[-71.68361,-30.42138],[-71.6837,-30.42148],[-71.68384,-30.42155],[-71.684,-30.42161],[-71.6842,-30.42174],[-71.68422,-30.42183],[-71.68423,-30.42193],[-71.68421,-30.42206],[-71.68416,-30.42214],[-71.68412,-30.42227],[-71.6841,-30.42255],[-71.6841,-30.42268],[-71.68417,-30.42285],[-71.68429,-30.423],[-71.68434,-30.42312],[-71.6844,-30.4233],[-71.68441,-30.42352],[-71.68445,-30.4237],[-71.6845,-30.42384],[-71.68459,-30.42404],[-71.68465,-30.42416],[-71.68469,-30.42427],[-71.68472,-30.42477],[-71.68477,-30.425],[-71.6848,-30.42511],[-71.68484,-30.42523],[-71.68494,-30.42539],[-71.685,-30.42545],[-71.68505,-30.42557],[-71.68505,-30.42567],[-71.68513,-30.42583],[-71.68524,-30.42596],[-71.68537,-30.42611],[-71.6855,-30.42627],[-71.68557,-30.4264],[-71.68562,-30.42654],[-71.68568,-30.42671],[-71.6857,-30.42685],[-71.68575,-30.427],[-71.68579,-30.42713],[-71.68586,-30.4272],[-71.685901,-30.427262],[-71.68592,-30.42729],[-71.68604,-30.4274],[-71.6863,-30.42765],[-71.68658,-30.42788],[-71.68669,-30.42797],[-71.68678,-30.42809],[-71.68681,-30.4282],[-71.68679,-30.42828],[-71.68676,-30.42838],[-71.68667,-30.42866],[-71.68658,-30.42887],[-71.68653,-30.42905],[-71.68652,-30.42915],[-71.68651,-30.42923],[-71.68651,-30.42938],[-71.68653,-30.42952],[-71.68658,-30.42965],[-71.68671,-30.42976],[-71.68691,-30.42987],[-71.68703,-30.42999],[-71.6871,-30.4301],[-71.68712,-30.43022],[-71.68713,-30.43042],[-71.68715,-30.43071],[-71.68718,-30.43103],[-71.68726,-30.43138],[-71.68735,-30.43163],[-71.68747,-30.43201],[-71.68759,-30.4322],[-71.68777,-30.43238],[-71.68805,-30.43264],[-71.6883,-30.43283],[-71.68856,-30.43302],[-71.68882,-30.43317],[-71.68893,-30.43323],[-71.68924,-30.43341],[-71.68942,-30.43353],[-71.68953,-30.43365],[-71.68952,-30.43375],[-71.68947,-30.43383],[-71.68936,-30.4339],[-71.68908,-30.43398],[-71.68888,-30.43404],[-71.68877,-30.43411],[-71.68867,-30.43421],[-71.68852,-30.43448],[-71.68848,-30.43463],[-71.68847,-30.43482],[-71.68851,-30.43495],[-71.688548,-30.435032],[-71.688315,-30.435101]]]},"properties":{"comuna":"Ovalle","mancha_id":"04301-88b21ba093fffff","clase":"Medio","nivel_medio":2.339,"nivel_medio_min":2.185,"nivel_medio_max":2.447,"pct_alto":75.5,"n_hexagonos":2,"area_ha":48.68}},{"type":"Feature","geometry":{"type":"Polygon","coordinates":[[[-71.69037,-30.43163],[-71.69032,-30.43169],[-71.69022,-30.43173],[-71.69016,-30.43173],[-71.69009,-30.4317],[-71.69008,-30.43163],[-71.69011,-30.43158],[-71.69017,-30.43152],[-71.69022,-30.43148],[-71.69025,-30.43142],[-71.69029,-30.43134],[-71.69033,-30.43125],[-71.69037,-30.43119],[-71.69044,-30.43113],[-71.69054,-30.43111],[-71.690595,-30.431175],[-71.69059,-30.43129],[-71.69054,-30.43136],[-71.69047,-30.43143],[-71.69043,-30.4315],[-71.69042,-30.43157],[-71.69037,-30.43163]]]},"properties":{"comuna":"Ovalle","mancha_id":"04301-88b21ba093fffff-2","clase":"Medio","nivel_medio":2.185,"nivel_medio_min":2.185,"nivel_medio_max":2.185,"pct_alto":70.2,"n_hexagonos":1,"area_ha":0.16}},{"type":"Feature","geometry":{"type":"Polygon","coordinates":[[[-71.703794,-30.673081],[-71.704273,-30.669603],[-71.70661,-30.668912],[-71.70661,-30.66901],[-71.70648,-30.66906],[-71.70637,-30.66913],[-71.70634,-30.66929],[-71.70621,-30.66938],[-71.70611,-30.66941],[-71.70601,-30.66937],[-71.70586,-30.66939],[-71.70564,-30.66955],[-71.70553,-30.66974],[-71.70543,-30.66997],[-71.70539,-30.67024],[-71.70533,-30.6706],[-71.70526,-30.6708],[-71.70528,-30.67101],[-71.70532,-30.67117],[-71.70532,-30.67142],[-71.70536,-30.67158],[-71.70529,-30.67174],[-71.70513,-30.67188],[-71.70492,-30.67208],[-71.70473,-30.67231],[-71.70459,-30.67248],[-71.70443,-30.67269],[-71.70431,-30.67287],[-71.70414,-30.673],[-71.704,-30.67304],[-71.70382,-30.67307],[-71.703794,-30.673081]]]},"properties":{"comuna":"Ovalle","mancha_id":"04301-88b21b36bbfffff","clase":"Medio","nivel_medio":1.786,"nivel_medio_min":1.786,"nivel_medio_max":1.786,"pct_alto":48.3,"n_hexagonos":1,"area_ha":4.46}},{"type":"Feature","geometry":{"type":"Polygon","coordinates":[[[-71.71472,-30.7176],[-71.71477,-30.717675],[-71.712193,-30.718436],[-71.71207,-30.71839],[-71.71181,-30.71835],[-71.711793,-30.71835],[-71.70759,-30.715532],[-71.708177,-30.711275],[-71.70825,-30.71129],[-71.70849,-30.71138],[-71.70868,-30.7115],[-71.7088,-30.71169],[-71.70875,-30.71193],[-71.70872,-30.71217],[-71.7086,-30.71235],[-71.70858,-30.71255],[-71.70852,-30.71273],[-71.70832,-30.71299],[-71.70819,-30.71318],[-71.7081,-30.71336],[-71.70813,-30.71358],[-71.70829,-30.71373],[-71.70874,-30.71402],[-71.70888,-30.71414],[-71.70909,-30.71425],[-71.70932,-30.71431],[-71.70957,-30.71432],[-71.70977,-30.71431],[-71.70993,-30.71417],[-71.71003,-30.714],[-71.71018,-30.71388],[-71.71039,-30.71387],[-71.71063,-30.71389],[-71.71095,-30.71379],[-71.71114,-30.71368],[-71.71141,-30.71363],[-71.71159,-30.71356],[-71.7117,-30.71343],[-71.71172,-30.71331],[-71.71168,-30.7131],[-71.71168,-30.71298],[-71.71176,-30.71286],[-71.71187,-30.71281],[-71.71207,-30.71285],[-71.71234,-30.71285],[-71.71253,-30.71282],[-71.71274,-30.71281],[-71.71293,-30.71283],[-71.713,-30.71293],[-71.71295,-30.71303],[-71.71276,-30.71307],[-71.71251,-30.71314],[-71.71232,-30.71324],[-71.71223,-30.71338],[-71.71224,-30.71351],[-71.71237,-30.71359],[-71.71262,-30.71359],[-71.71282,-30.71357],[-71.71304,-30.71368],[-71.71318,-30.71382],[-71.71329,-30.71392],[-71.71347,-30.71399],[-71.71369,-30.71407],[-71.71386,-30.71423],[-71.71403,-30.71432],[-71.71423,-30.71444],[-71.71435,-30.71462],[-71.71445,-30.71482],[-71.71464,-30.71496],[-71.71485,-30.71509],[-71.71498,-30.7152],[-71.71502,-30.71547],[-71.71501,-30.71573],[-71.71495,-30.71601],[-71.71491,-30.71626],[-71.71476,-30.71653],[-71.71465,-30.71666],[-71.71447,-30.71676],[-71.71439,-30.71686],[-71.71434,-30.7171],[-71.71432,-30.71725],[-71.71433,-30.71739],[-71.71445,-30.71745],[-71.71472,-30.7176]]]},"properties":{"comuna":"Ovalle","mancha_id":"04301-88b21b349bfffff","clase":"Medio","nivel_medio":1.543,"nivel_medio_min":1.543,"nivel_medio_max":1.543,"pct_alto":42.0,"n_hexagonos":1,"area_ha":28.03}},{"type":"Feature","geometry":{"type":"Polygon","coordinates":[[[-71.699019,-30.777718],[-71.704046,-30.776237],[-71.70576,-30.777386],[-71.70576,-30.77753],[-71.70578,-30.77767],[-71.70581,-30.77781],[-71.7059,-30.7781],[-71.70592,-30.77824],[-71.70591,-30.77839],[-71.70587,-30.77853],[-71.70579,-30.7787],[-71.7057,-30.77879],[-71.70565,-30.77883],[-71.70563,-30.77889],[-71.70556,-30.77893],[-71.70555,-30.77899],[-71.70551,-30.77906],[-71.70547,-30.77914],[-71.70532,-30.77957],[-71.70534,-30.77971],[-71.70537,-30.77978],[-71.70541,-30.77984],[-71.7054,-30.78],[-71.70535,-30.78014],[-71.70537,-30.78031],[-71.70541,-30.78038],[-71.70544,-30.78052],[-71.70545,-30.78058],[-71.70542,-30.78067],[-71.70538,-30.78081],[-71.70541,-30.78097],[-71.70543,-30.78104],[-71.70546,-30.7811],[-71.70552,-30.78124],[-71.70559,-30.78138],[-71.70565,-30.78155],[-71.70563,-30.78167],[-71.70569,-30.78195],[-71.7057,-30.7821],[-71.70565,-30.7822],[-71.70559,-30.78238],[-71.70553,-30.78253],[-71.70549,-30.78267],[-71.7055,-30.78296],[-71.70553,-30.78304],[-71.70554,-30.7831],[-71.70556,-30.78325],[-71.70555,-30.78334],[-71.70551,-30.78339],[-71.70549,-30.78353],[-71.70551,-30.7836],[-71.70555,-30.78366],[-71.70563,-30.78384],[-71.70567,-30.78398],[-71.70567,-30.78413],[-71.70565,-30.78427],[-71.705649,-30.784283],[-71.702821,-30.785116],[-71.698407,-30.782158],[-71.699019,-30.777718]]]},"properties":{"comuna":"Ovalle","mancha_id":"04301-88b21b26d9fffff","clase":"Medio","nivel_medio":2.285,"nivel_medio_min":2.285,"nivel_medio_max":2.285,"pct_alto":75.0,"n_hexagonos":1,"area_ha":52.3}},{"type":"Feature","geometry":{"type":"Polygon","coordinates":[[[-71.697182,-30.791036],[-71.702209,-30.789556],[-71.70452,-30.791105],[-71.70444,-30.79109],[-71.70431,-30.79108],[-71.70429,-30.79116],[-71.70426,-30.79132],[-71.70431,-30.7914],[-71.70435,-30.79144],[-71.70441,-30.79147],[-71.70442,-30.79153],[-71.7045,-30.79171],[-71.70453,-30.79185],[-71.70452,-30.79198],[-71.70444,-30.79214],[-71.70443,-30.79228],[-71.70445,-30.79243],[-71.70445,-30.79257],[-71.70441,-30.79271],[-71.70439,-30.79286],[-71.70439,-30.793],[-71.70437,-30.79314],[-71.70432,-30.79329],[-71.70417,-30.79356],[-71.70411,-30.7936],[-71.70396,-30.79369],[-71.70392,-30.79374],[-71.7037,-30.79394],[-71.70349,-30.7943],[-71.70336,-30.79446],[-71.70333,-30.79452],[-71.70332,-30.79458],[-71.70331,-30.7947],[-71.70331,-30.79482],[-71.70328,-30.79498],[-71.70314,-30.79518],[-71.70302,-30.79529],[-71.70282,-30.79545],[-71.70268,-30.79556],[-71.70243,-30.79568],[-71.70235,-30.7957],[-71.70228,-30.79575],[-71.70223,-30.79583],[-71.70215,-30.79592],[-71.70191,-30.79636],[-71.70202,-30.79677],[-71.70204,-30.79692],[-71.70203,-30.79706],[-71.702,-30.79713],[-71.70199,-30.79721],[-71.70192,-30.79722],[-71.70187,-30.79733],[-71.70178,-30.79748],[-71.70173,-30.79762],[-71.70165,-30.79777],[-71.70158,-30.79791],[-71.70146,-30.79806],[-71.70133,-30.79817],[-71.70122,-30.79833],[-71.701171,-30.798379],[-71.700984,-30.798434],[-71.69657,-30.795475],[-71.697182,-30.791036]]]},"properties":{"comuna":"Ovalle","mancha_id":"04301-88b21b26d3fffff","clase":"Medio","nivel_medio":1.709,"nivel_medio_min":1.709,"nivel_medio_max":1.709,"pct_alto":56.2,"n_hexagonos":1,"area_ha":48.92}},{"type":"Feature","geometry":{"type":"Polygon","coordinates":[[[-71.70403,-30.80632],[-71.70397,-30.80639],[-71.70383,-30.8064],[-71.70375,-30.80634],[-71.70381,-30.80618],[-71.70397,-30.80616],[-71.70403,-30.80622],[-71.70403,-30.80632]]]},"properties":{"comuna":"Ovalle","mancha_id":"04301-88b21b269bfffff","clase":"Medio","nivel_medio":2.076,"nivel_medio_min":2.076,"nivel_medio_max":2.076,"pct_alto":63.8,"n_hexagonos":1,"area_ha":0.06}},{"type":"Feature","geometry":{"type":"Polygon","coordinates":[[[-71.694732,-30.80879],[-71.695345,-30.804352],[-71.700372,-30.802872],[-71.701661,-30.803736],[-71.70166,-30.80377],[-71.70173,-30.80384],[-71.7018,-30.80387],[-71.70189,-30.80394],[-71.70193,-30.80405],[-71.70198,-30.80412],[-71.70201,-30.80421],[-71.70204,-30.80427],[-71.7021,-30.80436],[-71.70225,-30.8045],[-71.70232,-30.80452],[-71.70241,-30.80454],[-71.70246,-30.80458],[-71.70252,-30.8046],[-71.70263,-30.80467],[-71.7027,-30.80474],[-71.70273,-30.80481],[-71.70276,-30.80492],[-71.70282,-30.80506],[-71.70281,-30.8052],[-71.70283,-30.80535],[-71.70285,-30.80548],[-71.70294,-30.80556],[-71.70301,-30.80564],[-71.70299,-30.80579],[-71.70294,-30.80592],[-71.70295,-30.80606],[-71.70301,-30.80614],[-71.70307,-30.80634],[-71.70304,-30.80647],[-71.70293,-30.80648],[-71.70286,-30.80643],[-71.7028,-30.8064],[-71.70277,-30.8063],[-71.70269,-30.80626],[-71.70258,-30.80631],[-71.70256,-30.80645],[-71.70246,-30.80661],[-71.7023,-30.80662],[-71.70222,-30.80678],[-71.70214,-30.80682],[-71.70229,-30.80697],[-71.70239,-30.80715],[-71.70252,-30.80728],[-71.70251,-30.80742],[-71.70245,-30.80746],[-71.70221,-30.80746],[-71.70213,-30.80739],[-71.70205,-30.80735],[-71.70194,-30.80731],[-71.70187,-30.8073],[-71.70171,-30.80731],[-71.70154,-30.80726],[-71.70148,-30.8072],[-71.7014,-30.80717],[-71.70132,-30.8071],[-71.70121,-30.80704],[-71.70112,-30.80698],[-71.70103,-30.80696],[-71.70093,-30.80694],[-71.70085,-30.80697],[-71.70078,-30.807],[-71.70067,-30.80744],[-71.70061,-30.80764],[-71.70069,-30.80775],[-71.70082,-30.80784],[-71.7008,-30.80799],[-71.70071,-30.80807],[-71.70071,-30.80833],[-71.70069,-30.80842],[-71.70056,-30.80843],[-71.7005,-30.80839],[-71.70042,-30.80831],[-71.70039,-30.80826],[-71.70026,-30.80821],[-71.70019,-30.80816],[-71.70004,-30.80815],[-71.69996,-30.80818],[-71.69992,-30.80826],[-71.69984,-30.80834],[-71.69984,-30.80856],[-71.69987,-30.80862],[-71.6999,-30.80867],[-71.69995,-30.80883],[-71.69997,-30.80894],[-71.69997,-30.80918],[-71.69996,-30.8093],[-71.70001,-30.80948],[-71.70009,-30.80953],[-71.70026,-30.80967],[-71.70036,-30.80971],[-71.70047,-30.80976],[-71.70059,-30.80982],[-71.70079,-30.80993],[-71.70093,-30.81003],[-71.70086,-30.81011],[-71.70076,-30.81015],[-71.70063,-30.81014],[-71.70055,-30.81011],[-71.70048,-30.81007],[-71.70039,-30.81002],[-71.70022,-30.80996],[-71.70004,-30.80995],[-71.69994,-30.80997],[-71.69989,-30.81004],[-71.69997,-30.81022],[-71.7,-30.81029],[-71.70002,-30.81047],[-71.69995,-30.81052],[-71.69983,-30.81063],[-71.69968,-30.81078],[-71.69967,-30.8109],[-71.69957,-30.81096],[-71.69916,-30.81119],[-71.69886,-30.81123],[-71.69883,-30.81147],[-71.69885,-30.81154],[-71.69895,-30.81158],[-71.69903,-30.81161],[-71.6991,-30.81168],[-71.69914,-30.81173],[-71.699139,-30.811743],[-71.694732,-30.80879]]]},"properties":{"comuna":"Ovalle","mancha_id":"04301-88b21b269bfffff-2","clase":"Medio","nivel_medio":2.076,"nivel_medio_min":2.076,"nivel_medio_max":2.076,"pct_alto":63.8,"n_hexagonos":1,"area_ha":46.69}},{"type":"Feature","geometry":{"type":"Polygon","coordinates":[[[-71.271933,-30.489876],[-71.27255,-30.485428],[-71.277558,-30.483954],[-71.278175,-30.479505],[-71.283184,-30.478031],[-71.287576,-30.481007],[-71.286959,-30.485456],[-71.291351,-30.488432],[-71.296361,-30.486958],[-71.300753,-30.489933],[-71.300137,-30.494382],[-71.30453,-30.497357],[-71.30954,-30.495883],[-71.313933,-30.498858],[-71.313316,-30.503307],[-71.308306,-30.504781],[-71.303913,-30.501806],[-71.298903,-30.50328],[-71.298286,-30.507728],[-71.293277,-30.509201],[-71.29266,-30.513649],[-71.297053,-30.516624],[-71.296436,-30.521071],[-71.300829,-30.524045],[-71.300212,-30.528492],[-71.295202,-30.529965],[-71.294585,-30.534412],[-71.289575,-30.535884],[-71.285182,-30.532909],[-71.285799,-30.528463],[-71.281406,-30.525488],[-71.276397,-30.52696],[-71.27578,-30.531406],[-71.27077,-30.532878],[-71.266378,-30.529903],[-71.266995,-30.525457],[-71.272005,-30.523985],[-71.272622,-30.519538],[-71.26823,-30.516563],[-71.263221,-30.518035],[-71.262603,-30.522481],[-71.257594,-30.523953],[-71.256977,-30.528399],[-71.251968,-30.529869],[-71.247577,-30.526894],[-71.248194,-30.522448],[-71.253203,-30.520977],[-71.25382,-30.516531],[-71.258829,-30.515059],[-71.259446,-30.510612],[-71.255055,-30.507637],[-71.255672,-30.503189],[-71.260681,-30.501718],[-71.261298,-30.49727],[-71.266307,-30.495797],[-71.266924,-30.491349],[-71.271933,-30.489876]],[[-71.289501,-30.501778],[-71.285108,-30.498803],[-71.280099,-30.500276],[-71.279482,-30.504724],[-71.283874,-30.507699],[-71.288884,-30.506226],[-71.289501,-30.501778]]]},"properties":{"comuna":"Ovalle","mancha_id":"04301-88b2196c85fffff","clase":"Medio","nivel_medio":1.794,"nivel_medio_min":1.509,"nivel_medio_max":2.245,"pct_alto":17.2,"n_hexagonos":27,"area_ha":1842.15}},{"type":"Feature","geometry":{"type":"Polygon","coordinates":[[[-71.486802,-30.430748],[-71.486188,-30.435205],[-71.490588,-30.438177],[-71.495602,-30.436692],[-71.496216,-30.432236],[-71.50123,-30.430751],[-71.501844,-30.426294],[-71.497444,-30.423322],[-71.49243,-30.424807],[-71.488031,-30.421835],[-71.483841,-30.423075],[-71.483841,-30.422906],[-71.483778,-30.422509],[-71.483634,-30.422321],[-71.483493,-30.422192],[-71.48318,-30.421989],[-71.482816,-30.421754],[-71.482548,-30.42148],[-71.482385,-30.421213],[-71.482171,-30.420807],[-71.48206,-30.420408],[-71.482,-30.420098],[-71.48195,-30.419837],[-71.481857,-30.419336],[-71.481833,-30.419034],[-71.481708,-30.418857],[-71.481422,-30.418537],[-71.481207,-30.418215],[-71.48115,-30.417863],[-71.481183,-30.417529],[-71.481207,-30.417357],[-71.481155,-30.417138],[-71.485177,-30.415035],[-71.488645,-30.417378],[-71.493659,-30.415892],[-71.498058,-30.418865],[-71.503073,-30.417379],[-71.503687,-30.412922],[-71.499287,-30.40995],[-71.5,-30.409805],[-71.504362,-30.408917],[-71.506905,-30.408453],[-71.509084,-30.408651],[-71.508701,-30.411436],[-71.513101,-30.414408],[-71.518115,-30.412921],[-71.522516,-30.415893],[-71.521902,-30.420351],[-71.516888,-30.421837],[-71.516274,-30.426295],[-71.511259,-30.427781],[-71.510645,-30.432238],[-71.515046,-30.435209],[-71.514432,-30.439666],[-71.518833,-30.442637],[-71.518219,-30.447093],[-71.513204,-30.448578],[-71.51259,-30.453034],[-71.507575,-30.454519],[-71.506961,-30.458974],[-71.511362,-30.461945],[-71.510748,-30.4664],[-71.505733,-30.467884],[-71.501332,-30.464913],[-71.496317,-30.466397],[-71.491917,-30.463425],[-71.492531,-30.458971],[-71.497546,-30.457487],[-71.49816,-30.453032],[-71.503175,-30.451547],[-71.503789,-30.447092],[-71.499388,-30.44412],[-71.494374,-30.445605],[-71.489974,-30.442633],[-71.48496,-30.444117],[-71.484375,-30.443722],[-71.484489,-30.443457],[-71.484574,-30.443157],[-71.484531,-30.442942],[-71.484495,-30.442665],[-71.484435,-30.442437],[-71.484411,-30.442197],[-71.484471,-30.441933],[-71.484447,-30.441621],[-71.484467,-30.441334],[-71.484553,-30.441119],[-71.484553,-30.440819],[-71.484446,-30.440476],[-71.484338,-30.44024],[-71.484338,-30.439918],[-71.484381,-30.43964],[-71.484424,-30.439189],[-71.484338,-30.438524],[-71.484296,-30.437988],[-71.484403,-30.437645],[-71.484483,-30.437346],[-71.484447,-30.43713],[-71.484483,-30.436902],[-71.484459,-30.43665],[-71.484315,-30.436374],[-71.484194,-30.435941],[-71.48425,-30.435778],[-71.484338,-30.435522],[-71.48442,-30.435162],[-71.484442,-30.434479],[-71.484483,-30.434159],[-71.484617,-30.433785],[-71.484732,-30.433528],[-71.484717,-30.433145],[-71.484684,-30.432884],[-71.484613,-30.432664],[-71.48451,-30.432498],[-71.484307,-30.4322],[-71.484103,-30.431812],[-71.484055,-30.431084],[-71.484001,-30.430463],[-71.484128,-30.429695],[-71.484242,-30.42939],[-71.484354,-30.429094],[-71.486802,-30.430748]]]},"properties":{"comuna":"Ovalle","mancha_id":"04301-88b2196987fffff","clase":"Medio","nivel_medio":2.151,"nivel_medio_min":1.608,"nivel_medio_max":2.499,"pct_alto":66.2,"n_hexagonos":19,"area_ha":1156.93}},{"type":"Feature","geometry":{"type":"Polygon","coordinates":[[[-71.206166,-30.340713],[-71.206182,-30.3407],[-71.205922,-30.342572],[-71.205514,-30.342134],[-71.205437,-30.341634],[-71.205725,-30.341212],[-71.206166,-30.340713]]]},"properties":{"comuna":"Ovalle","mancha_id":"04301-88b219672bfffff","clase":"Medio","nivel_medio":2.027,"nivel_medio_min":2.027,"nivel_medio_max":2.027,"pct_alto":2.7,"n_hexagonos":1,"area_ha":0.73}},{"type":"Feature","geometry":{"type":"Polygon","coordinates":[[[-71.084026,-30.425583],[-71.079024,-30.42705],[-71.078405,-30.431499],[-71.082787,-30.43448],[-71.082168,-30.438928],[-71.086551,-30.441909],[-71.085932,-30.446357],[-71.090315,-30.449338],[-71.089695,-30.453785],[-71.094079,-30.456766],[-71.093459,-30.461212],[-71.088457,-30.462679],[-71.087837,-30.467125],[-71.082835,-30.46859],[-71.082215,-30.473036],[-71.077213,-30.474502],[-71.076593,-30.478947],[-71.080976,-30.481927],[-71.080357,-30.486372],[-71.075354,-30.487837],[-71.074735,-30.492282],[-71.079118,-30.495262],[-71.078498,-30.499706],[-71.082882,-30.502686],[-71.082263,-30.50713],[-71.077259,-30.508594],[-71.07664,-30.513037],[-71.071637,-30.5145],[-71.067253,-30.511521],[-71.06225,-30.512984],[-71.061631,-30.517426],[-71.066014,-30.520406],[-71.065394,-30.524849],[-71.069778,-30.527828],[-71.069158,-30.53227],[-71.064154,-30.533733],[-71.059771,-30.530753],[-71.054768,-30.532215],[-71.054148,-30.536657],[-71.058531,-30.539636],[-71.057912,-30.544077],[-71.062295,-30.547057],[-71.061675,-30.551498],[-71.056672,-30.552959],[-71.056052,-30.557399],[-71.060435,-30.560378],[-71.059816,-30.564818],[-71.054812,-30.566279],[-71.054192,-30.570719],[-71.058576,-30.573697],[-71.06358,-30.572237],[-71.067964,-30.575215],[-71.067344,-30.579654],[-71.071728,-30.582633],[-71.071109,-30.587072],[-71.075493,-30.59005],[-71.080498,-30.588589],[-71.084883,-30.591567],[-71.089889,-30.590106],[-71.090508,-30.585667],[-71.086123,-30.582689],[-71.086742,-30.578249],[-71.091747,-30.576788],[-71.096133,-30.579765],[-71.101138,-30.578303],[-71.105524,-30.581281],[-71.110529,-30.579818],[-71.114916,-30.582796],[-71.114297,-30.587236],[-71.118683,-30.590213],[-71.118064,-30.594652],[-71.122451,-30.597629],[-71.121832,-30.602068],[-71.116825,-30.60353],[-71.116206,-30.607968],[-71.1112,-30.60943],[-71.106813,-30.606453],[-71.101807,-30.607914],[-71.097421,-30.604937],[-71.098041,-30.600499],[-71.093655,-30.597522],[-71.088649,-30.598983],[-71.08803,-30.603421],[-71.092415,-30.606398],[-71.091796,-30.610836],[-71.08679,-30.612297],[-71.086171,-30.616734],[-71.090557,-30.619711],[-71.095562,-30.618251],[-71.099949,-30.621227],[-71.099329,-30.625665],[-71.094323,-30.627125],[-71.089937,-30.624148],[-71.084931,-30.625608],[-71.080545,-30.622631],[-71.07554,-30.62409],[-71.071155,-30.621113],[-71.066149,-30.622572],[-71.061765,-30.619595],[-71.062385,-30.615158],[-71.058,-30.61218],[-71.05862,-30.607743],[-71.063624,-30.606284],[-71.064244,-30.601846],[-71.069249,-30.600387],[-71.069869,-30.595949],[-71.065484,-30.59297],[-71.06048,-30.59443],[-71.056096,-30.591452],[-71.051092,-30.592912],[-71.046708,-30.589933],[-71.047328,-30.585495],[-71.052332,-30.584035],[-71.052952,-30.579597],[-71.048568,-30.576618],[-71.049188,-30.572179],[-71.044805,-30.5692],[-71.045425,-30.56476],[-71.041042,-30.561781],[-71.036039,-30.563241],[-71.031656,-30.560262],[-71.026653,-30.561721],[-71.022271,-30.558741],[-71.022891,-30.554302],[-71.027894,-30.552842],[-71.028514,-30.548402],[-71.033517,-30.546942],[-71.034137,-30.542501],[-71.031839,-30.540939],[-71.032039,-30.540465],[-71.032159,-30.539782],[-71.03244,-30.53926],[-71.032922,-30.538859],[-71.033404,-30.537935],[-71.033685,-30.537213],[-71.033765,-30.53649],[-71.033966,-30.535687],[-71.034087,-30.535285],[-71.034207,-30.534322],[-71.03431,-30.533931],[-71.035377,-30.53362],[-71.035543,-30.532434],[-71.035692,-30.532355],[-71.036576,-30.532314],[-71.037218,-30.531913],[-71.037017,-30.531311],[-71.036977,-30.530708],[-71.036897,-30.529865],[-71.036853,-30.528928],[-71.036817,-30.528139],[-71.036817,-30.527015],[-71.036576,-30.526292],[-71.036335,-30.525569],[-71.036134,-30.524847],[-71.036014,-30.524405],[-71.035853,-30.523843],[-71.035974,-30.522438],[-71.036014,-30.521354],[-71.036037,-30.520645],[-71.037238,-30.520295],[-71.037632,-30.51747],[-71.03778,-30.517339],[-71.038704,-30.516616],[-71.039507,-30.516215],[-71.040591,-30.515733],[-71.041875,-30.515091],[-71.042759,-30.51442],[-71.042867,-30.514338],[-71.04304,-30.514207],[-71.044124,-30.513766],[-71.044806,-30.513445],[-71.045208,-30.513083],[-71.045328,-30.512602],[-71.04573,-30.511959],[-71.046051,-30.511518],[-71.046452,-30.511036],[-71.047054,-30.510715],[-71.047496,-30.510112],[-71.048179,-30.50935],[-71.048781,-30.508868],[-71.048917,-30.508781],[-71.049223,-30.508587],[-71.049584,-30.508025],[-71.049624,-30.507463],[-71.049664,-30.50674],[-71.049744,-30.506178],[-71.049865,-30.505616],[-71.050146,-30.505134],[-71.050588,-30.504612],[-71.050628,-30.50409],[-71.050788,-30.503608],[-71.050927,-30.503509],[-71.051069,-30.503408],[-71.051454,-30.502881],[-71.051347,-30.5],[-71.051188,-30.495731],[-71.05102,-30.491203],[-71.051062,-30.490769],[-71.051107,-30.490669],[-71.051221,-30.490419],[-71.051587,-30.490094],[-71.052338,-30.489619],[-71.053389,-30.489302],[-71.054006,-30.489043],[-71.054848,-30.488426],[-71.055181,-30.487934],[-71.055957,-30.486875],[-71.056396,-30.486152],[-71.056407,-30.486133],[-71.056616,-30.485474],[-71.056657,-30.485191],[-71.056732,-30.484807],[-71.056764,-30.484751],[-71.056924,-30.484465],[-71.057233,-30.484057],[-71.057433,-30.483356],[-71.058483,-30.483256],[-71.059251,-30.482889],[-71.059818,-30.482672],[-71.060009,-30.482531],[-71.060343,-30.482306],[-71.060777,-30.482022],[-71.061085,-30.481789],[-71.061677,-30.481313],[-71.061893,-30.481135],[-71.062386,-30.48073],[-71.062745,-30.480413],[-71.063078,-30.480088],[-71.063312,-30.479871],[-71.063562,-30.479262],[-71.063653,-30.478472],[-71.067208,-30.477431],[-71.067827,-30.472986],[-71.064637,-30.470816],[-71.064797,-30.470575],[-71.065955,-30.469733],[-71.066954,-30.468892],[-71.067849,-30.46826],[-71.068533,-30.467734],[-71.069322,-30.467366],[-71.070479,-30.466629],[-71.071584,-30.465945],[-71.071683,-30.465874],[-71.0729,-30.464998],[-71.073952,-30.464156],[-71.075057,-30.463104],[-71.076582,-30.462262],[-71.077302,-30.46151],[-71.077201,-30.46114],[-71.077033,-30.460601],[-71.076898,-30.460264],[-71.07646,-30.459389],[-71.076459,-30.459387],[-71.075787,-30.458513],[-71.075215,-30.457772],[-71.074819,-30.457245],[-71.074709,-30.457099],[-71.074373,-30.456425],[-71.074204,-30.455819],[-71.074171,-30.455314],[-71.074238,-30.454843],[-71.074339,-30.454405],[-71.074541,-30.453866],[-71.074712,-30.453331],[-71.07481,-30.453025],[-71.074743,-30.452385],[-71.074743,-30.451543],[-71.07444,-30.450735],[-71.074103,-30.450028],[-71.073531,-30.449051],[-71.072925,-30.44821],[-71.072285,-30.447637],[-71.071403,-30.447323],[-71.071545,-30.446308],[-71.067162,-30.443326],[-71.067782,-30.438879],[-71.072784,-30.437413],[-71.073403,-30.432965],[-71.069021,-30.429983],[-71.06402,-30.43145],[-71.0634,-30.435897],[-71.058399,-30.437363],[-71.054017,-30.434381],[-71.054065,-30.434036],[-71.054419,-30.43367],[-71.054877,-30.433266],[-71.0552,-30.432862],[-71.056062,-30.432027],[-71.056816,-30.431219],[-71.057193,-30.43068],[-71.05749,-30.430195],[-71.057705,-30.429414],[-71.057868,-30.428986],[-71.058055,-30.428498],[-71.058405,-30.428013],[-71.058567,-30.42742],[-71.058648,-30.427016],[-71.058459,-30.426424],[-71.057921,-30.425319],[-71.057543,-30.424161],[-71.057355,-30.42338],[-71.057301,-30.422706],[-71.057465,-30.422119],[-71.05749,-30.422033],[-71.057947,-30.421602],[-71.058594,-30.421144],[-71.059052,-30.420659],[-71.059321,-30.420174],[-71.059577,-30.419496],[-71.059591,-30.418908],[-71.059618,-30.417777],[-71.059833,-30.416995],[-71.060412,-30.416263],[-71.060668,-30.415729],[-71.060871,-30.415306],[-71.061497,-30.415123],[-71.06165,-30.414019],[-71.062069,-30.413574],[-71.062442,-30.412739],[-71.062742,-30.412362],[-71.063481,-30.411433],[-71.063766,-30.410908],[-71.064116,-30.410261],[-71.064162,-30.410074],[-71.064332,-30.409372],[-71.064792,-30.40841],[-71.064992,-30.407632],[-71.06514,-30.407055],[-71.065361,-30.406195],[-71.065396,-30.405143],[-71.065412,-30.404658],[-71.065436,-30.403931],[-71.06546,-30.403208],[-71.067737,-30.404757],[-71.072738,-30.40329],[-71.073357,-30.39884],[-71.078358,-30.397372],[-71.078977,-30.392922],[-71.074596,-30.38994],[-71.074683,-30.389311],[-71.084233,-30.389622],[-71.090883,-30.389838],[-71.093714,-30.390434],[-71.093362,-30.392968],[-71.088361,-30.394436],[-71.087741,-30.398887],[-71.08274,-30.400355],[-71.082121,-30.404805],[-71.077119,-30.406272],[-71.0765,-30.410722],[-71.080882,-30.413704],[-71.080263,-30.418153],[-71.084645,-30.421135],[-71.084026,-30.425583]],[[-71.06349,-30.504097],[-71.067873,-30.507077],[-71.072876,-30.505614],[-71.073495,-30.50117],[-71.069112,-30.49819],[-71.06411,-30.499653],[-71.06349,-30.504097]]]},"properties":{"comuna":"Ovalle","mancha_id":"04301-88b219649bfffff","clase":"Medio","nivel_medio":1.776,"nivel_medio_min":1.5,"nivel_medio_max":2.414,"pct_alto":25.9,"n_hexagonos":101,"area_ha":6175.9}},{"type":"Feature","geometry":{"type":"Polygon","coordinates":[[[-71.110275,-30.409345],[-71.110893,-30.404895],[-71.115896,-30.403425],[-71.120279,-30.406407],[-71.119661,-30.410857],[-71.114658,-30.412326],[-71.110275,-30.409345]]]},"properties":{"comuna":"Ovalle","mancha_id":"04301-88b219648dfffff","clase":"Medio","nivel_medio":1.575,"nivel_medio_min":1.575,"nivel_medio_max":1.575,"pct_alto":0.0,"n_hexagonos":1,"area_ha":68.24}},{"type":"Feature","geometry":{"type":"Polygon","coordinates":[[[-71.150058,-30.402295],[-71.157789,-30.403922],[-71.158362,-30.404043],[-71.158633,-30.403892],[-71.158959,-30.403681],[-71.159199,-30.403636],[-71.159267,-30.403623],[-71.159708,-30.403604],[-71.160015,-30.403527],[-71.160438,-30.403451],[-71.160822,-30.403259],[-71.161186,-30.402971],[-71.161474,-30.402606],[-71.161609,-30.402222],[-71.161705,-30.4018],[-71.161954,-30.400993],[-71.162146,-30.400091],[-71.16253,-30.399285],[-71.162914,-30.39867],[-71.163125,-30.398248],[-71.163249,-30.398047],[-71.164689,-30.397624],[-71.169075,-30.400604],[-71.168457,-30.405056],[-71.172843,-30.408036],[-71.172224,-30.412487],[-71.16722,-30.413958],[-71.166602,-30.418409],[-71.161598,-30.41988],[-71.16098,-30.42433],[-71.165366,-30.42731],[-71.164747,-30.43176],[-71.159743,-30.43323],[-71.155357,-30.430251],[-71.155976,-30.425801],[-71.15159,-30.422821],[-71.152208,-30.41837],[-71.147823,-30.41539],[-71.148442,-30.410939],[-71.144057,-30.407959],[-71.144675,-30.403508],[-71.149326,-30.402141],[-71.150058,-30.402295]]]},"properties":{"comuna":"Ovalle","mancha_id":"04301-88b2196437fffff","clase":"Medio","nivel_medio":1.74,"nivel_medio_min":1.571,"nivel_medio_max":2.031,"pct_alto":14.5,"n_hexagonos":9,"area_ha":540.45}},{"type":"Feature","geometry":{"type":"Polygon","coordinates":[[[-71.293812,-30.329184],[-71.293956,-30.329598],[-71.293992,-30.329702],[-71.294037,-30.330243],[-71.294172,-30.330761],[-71.294516,-30.331436],[-71.294804,-30.331964],[-71.29514,-30.332516],[-71.29526,-30.332995],[-71.29526,-30.333643],[-71.295164,-30.334099],[-71.294972,-30.334531],[-71.294636,-30.335155],[-71.294204,-30.335971],[-71.293412,-30.336859],[-71.292644,-30.337651],[-71.292221,-30.337999],[-71.291972,-30.338203],[-71.29178,-30.338515],[-71.291612,-30.339235],[-71.291468,-30.340339],[-71.29154,-30.341442],[-71.291564,-30.34209],[-71.2913,-30.342762],[-71.290725,-30.343314],[-71.290592,-30.34342],[-71.290245,-30.343698],[-71.289621,-30.344226],[-71.289261,-30.34473],[-71.289189,-30.345402],[-71.289357,-30.346194],[-71.289861,-30.347154],[-71.290221,-30.347538],[-71.291061,-30.34809],[-71.291972,-30.348569],[-71.292716,-30.348953],[-71.293521,-30.349306],[-71.294026,-30.349973],[-71.294693,-30.350532],[-71.294947,-30.350685],[-71.295234,-30.350857],[-71.295883,-30.351379],[-71.296316,-30.351794],[-71.29673,-30.352263],[-71.29691,-30.352822],[-71.296928,-30.353327],[-71.29673,-30.353849],[-71.296676,-30.354233],[-71.296484,-30.354761],[-71.29658,-30.355553],[-71.296628,-30.356225],[-71.29682,-30.356776],[-71.297084,-30.357304],[-71.297348,-30.358024],[-71.29746,-30.358492],[-71.297492,-30.358624],[-71.297684,-30.359584],[-71.297876,-30.360232],[-71.298092,-30.360592],[-71.298227,-30.360953],[-71.298281,-30.361331],[-71.298154,-30.361746],[-71.297902,-30.362143],[-71.297361,-30.362575],[-71.29691,-30.3629],[-71.296532,-30.3634],[-71.296148,-30.364216],[-71.295749,-30.36477],[-71.295596,-30.364983],[-71.295284,-30.365511],[-71.294972,-30.366015],[-71.29466,-30.366759],[-71.294468,-30.367719],[-71.2943,-30.368559],[-71.29418,-30.369687],[-71.294084,-30.370647],[-71.293604,-30.371895],[-71.293337,-30.372533],[-71.293052,-30.373214],[-71.292829,-30.373714],[-71.292548,-30.374342],[-71.2919,-30.375134],[-71.291564,-30.375638],[-71.291348,-30.376142],[-71.290893,-30.376694],[-71.290509,-30.377222],[-71.290321,-30.377697],[-71.287354,-30.378573],[-71.286737,-30.383029],[-71.287584,-30.383603],[-71.287341,-30.384181],[-71.287125,-30.384685],[-71.286831,-30.385005],[-71.286669,-30.385309],[-71.286405,-30.385765],[-71.286117,-30.386533],[-71.285805,-30.387253],[-71.285493,-30.38838],[-71.285445,-30.389508],[-71.285716,-30.3906],[-71.285949,-30.391044],[-71.286213,-30.391452],[-71.286384,-30.391679],[-71.286573,-30.391932],[-71.287029,-30.392508],[-71.287293,-30.392988],[-71.287413,-30.393372],[-71.287365,-30.393876],[-71.287053,-30.394332],[-71.286741,-30.39534],[-71.286357,-30.396323],[-71.286114,-30.397225],[-71.286021,-30.397571],[-71.285853,-30.398555],[-71.285613,-30.399491],[-71.285373,-30.400307],[-71.285349,-30.401099],[-71.285493,-30.401771],[-71.285445,-30.402515],[-71.285253,-30.403355],[-71.284965,-30.403739],[-71.284754,-30.403976],[-71.284605,-30.404482],[-71.284437,-30.404962],[-71.284423,-30.405075],[-71.284361,-30.405571],[-71.284341,-30.40609],[-71.284389,-30.406714],[-71.284558,-30.407014],[-71.284941,-30.407218],[-71.285445,-30.407314],[-71.286213,-30.407434],[-71.286693,-30.40753],[-71.287317,-30.40777],[-71.288037,-30.40813],[-71.288666,-30.408456],[-71.289191,-30.408937],[-71.289694,-30.409221],[-71.290219,-30.409505],[-71.290989,-30.40969],[-71.291929,-30.409948],[-71.292533,-30.410149],[-71.292588,-30.41016],[-71.29322,-30.41029],[-71.294196,-30.41027],[-71.294876,-30.410146],[-71.295442,-30.41003],[-71.296316,-30.410098],[-71.296844,-30.410146],[-71.29754,-30.409986],[-71.298217,-30.40968],[-71.299052,-30.409378],[-71.299627,-30.409282],[-71.300275,-30.409234],[-71.300827,-30.40909],[-71.301235,-30.408634],[-71.301571,-30.408394],[-71.302219,-30.408346],[-71.302434,-30.408427],[-71.302795,-30.408562],[-71.303227,-30.408706],[-71.303947,-30.40873],[-71.304571,-30.408442],[-71.305124,-30.408129],[-71.305648,-30.407844],[-71.306326,-30.407495],[-71.306683,-30.40753],[-71.307378,-30.407674],[-71.308122,-30.407914],[-71.308722,-30.408058],[-71.309226,-30.408274],[-71.309507,-30.408213],[-71.309692,-30.408172],[-71.310114,-30.407626],[-71.310234,-30.407194],[-71.310594,-30.406618],[-71.310882,-30.40621],[-71.311314,-30.405994],[-71.312154,-30.405802],[-71.312778,-30.405778],[-71.313618,-30.405634],[-71.314194,-30.405634],[-71.314722,-30.405562],[-71.315585,-30.405466],[-71.316353,-30.405658],[-71.316737,-30.406138],[-71.317049,-30.406546],[-71.3171,-30.406589],[-71.317937,-30.40729],[-71.318681,-30.407482],[-71.319308,-30.407713],[-71.320049,-30.408082],[-71.320625,-30.408586],[-71.321033,-30.40909],[-71.321393,-30.409642],[-71.321633,-30.410098],[-71.322193,-30.410533],[-71.322737,-30.410818],[-71.322769,-30.410853],[-71.322952,-30.411058],[-71.323096,-30.411754],[-71.32324,-30.412497],[-71.323264,-30.413193],[-71.323288,-30.413697],[-71.323384,-30.414753],[-71.323264,-30.415545],[-71.323096,-30.416337],[-71.323144,-30.417033],[-71.32348,-30.417682],[-71.323504,-30.417729],[-71.324008,-30.418185],[-71.324536,-30.418545],[-71.324855,-30.418614],[-71.325088,-30.418665],[-71.325158,-30.418693],[-71.325616,-30.418881],[-71.326144,-30.419145],[-71.326744,-30.419289],[-71.3272,-30.419577],[-71.327512,-30.420105],[-71.327416,-30.420896],[-71.327248,-30.421448],[-71.327032,-30.422072],[-71.326744,-30.422792],[-71.326432,-30.423224],[-71.326286,-30.423462],[-71.326024,-30.423667],[-71.325706,-30.424061],[-71.325705,-30.424061],[-71.325406,-30.424622],[-71.325313,-30.425109],[-71.32535,-30.425726],[-71.325575,-30.426194],[-71.325799,-30.426437],[-71.32612,-30.426608],[-71.326672,-30.4268],[-71.32708,-30.427064],[-71.32744,-30.427376],[-71.327872,-30.427784],[-71.328232,-30.428096],[-71.328513,-30.428269],[-71.329168,-30.428671],[-71.329864,-30.429271],[-71.330152,-30.429655],[-71.330512,-30.430159],[-71.330608,-30.430543],[-71.33068,-30.431143],[-71.3308,-30.432271],[-71.330806,-30.432388],[-71.330824,-30.432679],[-71.330824,-30.433303],[-71.330872,-30.434143],[-71.331159,-30.435007],[-71.331663,-30.435919],[-71.331975,-30.436494],[-71.332134,-30.436823],[-71.331966,-30.438043],[-71.332861,-30.43865],[-71.332983,-30.438966],[-71.333127,-30.439662],[-71.333247,-30.44055],[-71.333319,-30.441174],[-71.333439,-30.441774],[-71.333631,-30.442422],[-71.333823,-30.44331],[-71.333871,-30.444006],[-71.333991,-30.444845],[-71.334029,-30.445977],[-71.334039,-30.446285],[-71.334015,-30.447173],[-71.333882,-30.447969],[-71.333839,-30.449036],[-71.334031,-30.449599],[-71.334545,-30.450285],[-71.33512,-30.450786],[-71.335983,-30.451205],[-71.337063,-30.451589],[-71.337615,-30.452188],[-71.338159,-30.453301],[-71.338191,-30.453364],[-71.338431,-30.454372],[-71.338839,-30.455068],[-71.339198,-30.455644],[-71.339654,-30.45622],[-71.34047,-30.456604],[-71.341502,-30.457132],[-71.342678,-30.457684],[-71.343374,-30.458212],[-71.343569,-30.458373],[-71.344358,-30.459028],[-71.345486,-30.460059],[-71.345877,-30.460562],[-71.346901,-30.461115],[-71.347645,-30.461499],[-71.348509,-30.462075],[-71.349181,-30.462555],[-71.34948,-30.462774],[-71.349901,-30.463083],[-71.350909,-30.463419],[-71.351941,-30.463827],[-71.352805,-30.464067],[-71.353357,-30.464427],[-71.354029,-30.464667],[-71.354868,-30.464979],[-71.355324,-30.465027],[-71.355972,-30.465171],[-71.356596,-30.465267],[-71.357033,-30.465267],[-71.357508,-30.465267],[-71.358588,-30.465387],[-71.359524,-30.465771],[-71.3601,-30.466227],[-71.3607,-30.466731],[-71.361036,-30.467163],[-71.361492,-30.467883],[-71.361756,-30.46829],[-71.36238,-30.468746],[-71.362907,-30.469202],[-71.363387,-30.469682],[-71.363843,-30.470522],[-71.364275,-30.471146],[-71.364343,-30.471202],[-71.364707,-30.471506],[-71.365355,-30.472226],[-71.365739,-30.472634],[-71.366171,-30.47333],[-71.366363,-30.47441],[-71.366459,-30.475466],[-71.366387,-30.476161],[-71.366147,-30.477145],[-71.365691,-30.477889],[-71.365379,-30.478921],[-71.365196,-30.47949],[-71.365163,-30.479593],[-71.365235,-30.480169],[-71.365138,-30.481007],[-71.366379,-30.481703],[-71.367236,-30.482289],[-71.367401,-30.482944],[-71.367349,-30.483532],[-71.367124,-30.484195],[-71.366377,-30.485682],[-71.365975,-30.486482],[-71.366082,-30.487207],[-71.366458,-30.488374],[-71.367458,-30.488916],[-71.368094,-30.489543],[-71.368727,-30.490168],[-71.369221,-30.490494],[-71.370163,-30.491278],[-71.370258,-30.493174],[-71.370416,-30.496332],[-71.36971,-30.498248],[-71.369524,-30.49956],[-71.369463,-30.499985],[-71.369412,-30.500273],[-71.36953,-30.500486],[-71.370142,-30.501394],[-71.371188,-30.502597],[-71.372239,-30.504006],[-71.373462,-30.506005],[-71.374215,-30.506715],[-71.375079,-30.50753],[-71.378273,-30.509429],[-71.379704,-30.509863],[-71.380073,-30.509975],[-71.38081,-30.509341],[-71.381356,-30.508879],[-71.382674,-30.507765],[-71.382729,-30.50767],[-71.383113,-30.507166],[-71.383497,-30.50599],[-71.383617,-30.505606],[-71.383977,-30.50515],[-71.384337,-30.504502],[-71.384457,-30.504094],[-71.384625,-30.503734],[-71.384889,-30.503446],[-71.385169,-30.503259],[-71.385404,-30.503418],[-71.390416,-30.50194],[-71.391032,-30.49749],[-71.396044,-30.496012],[-71.39666,-30.491561],[-71.392263,-30.488588],[-71.39116,-30.488913],[-71.3912,-30.488808],[-71.391392,-30.488256],[-71.391536,-30.487728],[-71.391776,-30.4872],[-71.392328,-30.48648],[-71.392604,-30.486127],[-71.393096,-30.485496],[-71.393792,-30.48468],[-71.394272,-30.483936],[-71.394272,-30.483726],[-71.394272,-30.483217],[-71.394344,-30.482401],[-71.39432,-30.481561],[-71.39444,-30.481177],[-71.395207,-30.480769],[-71.395903,-30.480337],[-71.396287,-30.479713],[-71.396455,-30.478897],[-71.396671,-30.478081],[-71.396743,-30.477025],[-71.396746,-30.477016],[-71.396911,-30.476353],[-71.397031,-30.476065],[-71.397223,-30.475921],[-71.397751,-30.476017],[-71.398663,-30.476401],[-71.399071,-30.476665],[-71.399647,-30.476905],[-71.400343,-30.477073],[-71.401111,-30.477217],[-71.401629,-30.477285],[-71.401663,-30.477289],[-71.402503,-30.477457],[-71.402886,-30.477673],[-71.403414,-30.477913],[-71.403942,-30.478897],[-71.404206,-30.479617],[-71.404398,-30.480049],[-71.404638,-30.480313],[-71.40507,-30.480457],[-71.405742,-30.480601],[-71.406294,-30.480793],[-71.40675,-30.481321],[-71.407062,-30.481921],[-71.407532,-30.482476],[-71.40759,-30.482545],[-71.407974,-30.483169],[-71.408406,-30.483984],[-71.408766,-30.484488],[-71.409342,-30.484728],[-71.409942,-30.484872],[-71.410733,-30.48504],[-71.411189,-30.485328],[-71.411789,-30.485784],[-71.412557,-30.48624],[-71.412893,-30.4866],[-71.412983,-30.486746],[-71.413085,-30.486912],[-71.413517,-30.487128],[-71.414069,-30.48732],[-71.414573,-30.487416],[-71.415629,-30.48768],[-71.416781,-30.487896],[-71.417573,-30.488088],[-71.418389,-30.488016],[-71.419756,-30.488232],[-71.420813,-30.488418],[-71.421108,-30.488618],[-71.421395,-30.488534],[-71.421676,-30.488592],[-71.422156,-30.48852],[-71.422876,-30.48852],[-71.423068,-30.488592],[-71.423452,-30.488856],[-71.423788,-30.489288],[-71.424016,-30.48948],[-71.42452,-30.490128],[-71.42524,-30.49068],[-71.42584,-30.491232],[-71.426248,-30.491736],[-71.426727,-30.492167],[-71.426991,-30.492767],[-71.427111,-30.493343],[-71.427303,-30.493991],[-71.427495,-30.494687],[-71.427639,-30.495143],[-71.4277,-30.495213],[-71.427975,-30.495527],[-71.428191,-30.495743],[-71.428551,-30.495983],[-71.429007,-30.496151],[-71.429511,-30.496175],[-71.430231,-30.496127],[-71.430807,-30.496079],[-71.431431,-30.495911],[-71.431778,-30.495828],[-71.431935,-30.495791],[-71.432607,-30.495623],[-71.433423,-30.495191],[-71.434526,-30.494999],[-71.435198,-30.495119],[-71.435582,-30.495431],[-71.43623,-30.495671],[-71.436614,-30.495959],[-71.436998,-30.495983],[-71.437502,-30.495647],[-71.43863,-30.495527],[-71.439387,-30.495546],[-71.439566,-30.495551],[-71.440406,-30.495431],[-71.441078,-30.495287],[-71.441582,-30.495359],[-71.442853,-30.495119],[-71.443909,-30.494927],[-71.444701,-30.494879],[-71.445541,-30.494855],[-71.446309,-30.494831],[-71.447029,-30.494639],[-71.447341,-30.494207],[-71.447523,-30.493659],[-71.447653,-30.493079],[-71.447869,-30.492503],[-71.447907,-30.492123],[-71.449344,-30.493094],[-71.448729,-30.497546],[-71.453129,-30.500518],[-71.458143,-30.499037],[-71.458758,-30.494585],[-71.454358,-30.491614],[-71.454973,-30.487161],[-71.45193,-30.485105],[-71.452308,-30.484512],[-71.452788,-30.483601],[-71.45286,-30.483097],[-71.452644,-30.482401],[-71.4525,-30.481969],[-71.45226,-30.481153],[-71.452253,-30.480741],[-71.452332,-30.480313],[-71.452716,-30.479713],[-71.453032,-30.479192],[-71.453124,-30.479041],[-71.453604,-30.478441],[-71.453887,-30.478106],[-71.454358,-30.477753],[-71.454506,-30.477429],[-71.454924,-30.476929],[-71.45586,-30.475778],[-71.456532,-30.474746],[-71.456737,-30.474387],[-71.457122,-30.473712],[-71.457204,-30.47357],[-71.457852,-30.47225],[-71.45814,-30.471506],[-71.458427,-30.470882],[-71.458835,-30.470258],[-71.459363,-30.469826],[-71.459939,-30.469154],[-71.460299,-30.468626],[-71.460467,-30.468314],[-71.461139,-30.467451],[-71.461444,-30.467191],[-71.461787,-30.466899],[-71.462147,-30.466539],[-71.465054,-30.467096],[-71.469884,-30.468023],[-71.473819,-30.468778],[-71.471859,-30.469357],[-71.471245,-30.473811],[-71.475645,-30.476782],[-71.47503,-30.481235],[-71.47943,-30.484207],[-71.478816,-30.48866],[-71.473801,-30.490141],[-71.473186,-30.494594],[-71.468172,-30.496075],[-71.467557,-30.500527],[-71.471957,-30.503498],[-71.471343,-30.50795],[-71.475743,-30.510921],[-71.480758,-30.50944],[-71.481373,-30.504988],[-71.486388,-30.503506],[-71.487002,-30.499054],[-71.482602,-30.496083],[-71.483216,-30.491631],[-71.488231,-30.490149],[-71.488845,-30.485695],[-71.484445,-30.482724],[-71.485059,-30.478271],[-71.490074,-30.476788],[-71.494475,-30.479759],[-71.49949,-30.478276],[-71.500104,-30.473822],[-71.505119,-30.472339],[-71.50952,-30.475309],[-71.514536,-30.473825],[-71.51515,-30.469371],[-71.520165,-30.467886],[-71.524567,-30.470857],[-71.523953,-30.475312],[-71.528355,-30.478282],[-71.533371,-30.476797],[-71.533985,-30.472342],[-71.529583,-30.469372],[-71.530197,-30.464917],[-71.535212,-30.463432],[-71.535826,-30.458976],[-71.531424,-30.456006],[-71.532038,-30.45155],[-71.537053,-30.450064],[-71.537667,-30.445607],[-71.533265,-30.442637],[-71.533879,-30.43818],[-71.538894,-30.436694],[-71.539508,-30.432236],[-71.535106,-30.429265],[-71.53572,-30.424807],[-71.540735,-30.423321],[-71.545137,-30.426292],[-71.544523,-30.430749],[-71.548926,-30.43372],[-71.548312,-30.438178],[-71.552715,-30.441148],[-71.552101,-30.445605],[-71.556504,-30.448575],[-71.56152,-30.447089],[-71.562133,-30.442631],[-71.56715,-30.441144],[-71.571553,-30.444114],[-71.57657,-30.442626],[-71.577183,-30.438169],[-71.572779,-30.435199],[-71.567763,-30.436686],[-71.56336,-30.433716],[-71.558344,-30.435204],[-71.553941,-30.432233],[-71.554555,-30.427775],[-71.550152,-30.424804],[-71.550766,-30.420346],[-71.546364,-30.417375],[-71.546977,-30.412916],[-71.542576,-30.409945],[-71.542683,-30.409162],[-71.544431,-30.409308],[-71.547221,-30.409426],[-71.54814,-30.409907],[-71.548631,-30.410153],[-71.551087,-30.410103],[-71.552165,-30.410178],[-71.551993,-30.411429],[-71.556395,-30.4144],[-71.555781,-30.418858],[-71.560184,-30.421829],[-71.5652,-30.420341],[-71.569603,-30.423312],[-71.574619,-30.421823],[-71.575232,-30.417364],[-71.580248,-30.415876],[-71.584651,-30.418846],[-71.584039,-30.423305],[-71.579022,-30.424794],[-71.578409,-30.429252],[-71.582812,-30.432222],[-71.582199,-30.43668],[-71.586603,-30.43965],[-71.58599,-30.444108],[-71.580973,-30.445596],[-71.58036,-30.450053],[-71.575343,-30.451541],[-71.57094,-30.448571],[-71.565923,-30.450059],[-71.56531,-30.454515],[-71.560293,-30.456002],[-71.55589,-30.453032],[-71.550874,-30.454519],[-71.550261,-30.458975],[-71.554664,-30.461945],[-71.55968,-30.460458],[-71.564083,-30.463428],[-71.56347,-30.467884],[-71.567874,-30.470854],[-71.56726,-30.475309],[-71.562243,-30.476795],[-71.56163,-30.48125],[-71.566034,-30.48422],[-71.56542,-30.488674],[-71.560403,-30.49016],[-71.55979,-30.494614],[-71.564193,-30.497583],[-71.56358,-30.502037],[-71.567984,-30.505006],[-71.567371,-30.509459],[-71.562353,-30.510944],[-71.56174,-30.515397],[-71.556722,-30.516882],[-71.556108,-30.521334],[-71.560513,-30.524303],[-71.559899,-30.528755],[-71.554881,-30.530239],[-71.554268,-30.534691],[-71.558672,-30.537659],[-71.558058,-30.54211],[-71.55304,-30.543593],[-71.552427,-30.548044],[-71.556831,-30.551012],[-71.561849,-30.549529],[-71.566254,-30.552496],[-71.565641,-30.556947],[-71.570046,-30.559914],[-71.575065,-30.558431],[-71.57947,-30.561398],[-71.578857,-30.565849],[-71.583263,-30.568815],[-71.588282,-30.567332],[-71.592688,-30.570298],[-71.592075,-30.574748],[-71.596482,-30.577715],[-71.595868,-30.582164],[-71.600275,-30.58513],[-71.605295,-30.583647],[-71.605908,-30.579197],[-71.610929,-30.577713],[-71.611542,-30.573262],[-71.607135,-30.570296],[-71.602115,-30.57178],[-71.597708,-30.568814],[-71.598321,-30.564364],[-71.593915,-30.561397],[-71.594528,-30.556946],[-71.590122,-30.553979],[-71.590735,-30.549528],[-71.595754,-30.548043],[-71.60016,-30.55101],[-71.599547,-30.555462],[-71.603954,-30.558428],[-71.608974,-30.556943],[-71.613381,-30.559909],[-71.618401,-30.558424],[-71.619013,-30.553972],[-71.624034,-30.552487],[-71.628441,-30.555453],[-71.633461,-30.553967],[-71.634074,-30.549514],[-71.639095,-30.548028],[-71.643503,-30.550994],[-71.648523,-30.549507],[-71.652932,-30.552472],[-71.652319,-30.556925],[-71.647298,-30.558412],[-71.646686,-30.562863],[-71.651095,-30.565829],[-71.650482,-30.57028],[-71.645461,-30.571767],[-71.644848,-30.576218],[-71.639827,-30.577703],[-71.635419,-30.574738],[-71.636031,-30.570287],[-71.641052,-30.568801],[-71.641665,-30.56435],[-71.637257,-30.561384],[-71.632236,-30.56287],[-71.631623,-30.567322],[-71.626603,-30.568807],[-71.62599,-30.573258],[-71.630398,-30.576224],[-71.629785,-30.580674],[-71.634193,-30.583639],[-71.633581,-30.58809],[-71.62856,-30.589574],[-71.624152,-30.586609],[-71.619131,-30.588094],[-71.618518,-30.592543],[-71.613497,-30.594027],[-71.612884,-30.598477],[-71.607863,-30.59996],[-71.60725,-30.604409],[-71.611658,-30.607374],[-71.611045,-30.611822],[-71.606024,-30.613305],[-71.605411,-30.617753],[-71.60039,-30.619236],[-71.599777,-30.623683],[-71.594756,-30.625165],[-71.590349,-30.6222],[-71.585328,-30.623682],[-71.584715,-30.628128],[-71.589122,-30.631094],[-71.588509,-30.63554],[-71.592916,-30.638505],[-71.592303,-30.642951],[-71.587282,-30.644432],[-71.586668,-30.648878],[-71.591076,-30.651842],[-71.590462,-30.656288],[-71.59487,-30.659252],[-71.594257,-30.663697],[-71.598665,-30.666661],[-71.598052,-30.671105],[-71.59303,-30.672586],[-71.592417,-30.67703],[-71.587395,-30.678509],[-71.586781,-30.682953],[-71.58176,-30.684432],[-71.577352,-30.681468],[-71.577966,-30.677025],[-71.582987,-30.675545],[-71.583601,-30.671101],[-71.579193,-30.668137],[-71.574172,-30.669617],[-71.573558,-30.67406],[-71.568537,-30.67554],[-71.56413,-30.672575],[-71.564744,-30.668131],[-71.560337,-30.665166],[-71.560951,-30.660722],[-71.565972,-30.659243],[-71.566586,-30.654798],[-71.562179,-30.651833],[-71.562793,-30.647388],[-71.567813,-30.645908],[-71.568427,-30.641463],[-71.56402,-30.638498],[-71.564634,-30.634052],[-71.569654,-30.632571],[-71.570268,-30.628125],[-71.575288,-30.626644],[-71.575901,-30.622198],[-71.571495,-30.619232],[-71.572109,-30.614785],[-71.577128,-30.613303],[-71.577742,-30.608856],[-71.573336,-30.60589],[-71.573949,-30.601442],[-71.569543,-30.598476],[-71.570157,-30.594027],[-71.565751,-30.591061],[-71.560732,-30.592543],[-71.560118,-30.596991],[-71.555099,-30.598472],[-71.550694,-30.595505],[-71.551308,-30.591057],[-71.546903,-30.58809],[-71.547517,-30.583642],[-71.543112,-30.580675],[-71.538094,-30.582156],[-71.53369,-30.579188],[-71.528672,-30.580669],[-71.528057,-30.585117],[-71.52304,-30.586598],[-71.522425,-30.591046],[-71.526829,-30.594013],[-71.526215,-30.598461],[-71.530619,-30.601428],[-71.535638,-30.599948],[-71.540042,-30.602915],[-71.545061,-30.601434],[-71.549466,-30.604401],[-71.548852,-30.608848],[-71.553258,-30.611815],[-71.552644,-30.616261],[-71.557049,-30.619228],[-71.556436,-30.623674],[-71.551416,-30.625154],[-71.550802,-30.6296],[-71.555208,-30.632566],[-71.554594,-30.637012],[-71.549574,-30.638492],[-71.545169,-30.635526],[-71.540149,-30.637005],[-71.539535,-30.64145],[-71.543941,-30.644416],[-71.543327,-30.648861],[-71.538307,-30.650339],[-71.537693,-30.654784],[-71.542099,-30.657749],[-71.541485,-30.662193],[-71.536465,-30.663671],[-71.535851,-30.668115],[-71.540256,-30.67108],[-71.539642,-30.675523],[-71.544048,-30.678488],[-71.543434,-30.682931],[-71.547841,-30.685896],[-71.547227,-30.690338],[-71.542206,-30.691816],[-71.541592,-30.696257],[-71.545998,-30.699222],[-71.551019,-30.697745],[-71.555426,-30.700709],[-71.560447,-30.699231],[-71.564854,-30.702195],[-71.569876,-30.700718],[-71.57049,-30.696275],[-71.575511,-30.694797],[-71.576125,-30.690354],[-71.581146,-30.688875],[-71.585554,-30.691839],[-71.584941,-30.696282],[-71.579919,-30.697761],[-71.579305,-30.702203],[-71.574284,-30.703681],[-71.57367,-30.708123],[-71.578078,-30.711087],[-71.577464,-30.715528],[-71.581872,-30.718491],[-71.581259,-30.722932],[-71.585667,-30.725895],[-71.59069,-30.724417],[-71.595099,-30.72738],[-71.594485,-30.731821],[-71.589462,-30.733299],[-71.588849,-30.737739],[-71.593258,-30.740701],[-71.592644,-30.745141],[-71.597054,-30.748104],[-71.59644,-30.752543],[-71.591417,-30.75402],[-71.590803,-30.758459],[-71.595213,-30.761421],[-71.594599,-30.76586],[-71.589576,-30.767337],[-71.588962,-30.771775],[-71.583939,-30.773251],[-71.57953,-30.770289],[-71.574507,-30.771765],[-71.573893,-30.776203],[-71.578302,-30.779165],[-71.577688,-30.783602],[-71.582097,-30.786564],[-71.581484,-30.791],[-71.585893,-30.793962],[-71.585279,-30.798398],[-71.589689,-30.80136],[-71.594713,-30.799884],[-71.599124,-30.802845],[-71.604148,-30.801369],[-71.608559,-30.80433],[-71.607945,-30.808766],[-71.602921,-30.810242],[-71.602307,-30.814678],[-71.597283,-30.816153],[-71.592872,-30.813192],[-71.587848,-30.814667],[-71.583438,-30.811706],[-71.578414,-30.813181],[-71.5778,-30.817616],[-71.58221,-30.820577],[-71.587234,-30.819103],[-71.591645,-30.822063],[-71.591031,-30.826498],[-71.595441,-30.829458],[-71.594828,-30.833893],[-71.599239,-30.836853],[-71.598625,-30.841287],[-71.5936,-30.842761],[-71.592986,-30.847195],[-71.587961,-30.848669],[-71.583551,-30.845709],[-71.578526,-30.847182],[-71.577912,-30.851615],[-71.572887,-30.853088],[-71.572273,-30.85752],[-71.576684,-30.86048],[-71.581709,-30.859008],[-71.586119,-30.861968],[-71.585505,-30.8664],[-71.58048,-30.867873],[-71.579866,-30.872304],[-71.574841,-30.873777],[-71.570431,-30.870817],[-71.571045,-30.866385],[-71.566635,-30.863425],[-71.56161,-30.864897],[-71.5572,-30.861937],[-71.552176,-30.863408],[-71.551562,-30.86784],[-71.555972,-30.8708],[-71.555357,-30.875231],[-71.559767,-30.878191],[-71.564792,-30.87672],[-71.569202,-30.87968],[-71.574227,-30.878208],[-71.578638,-30.881168],[-71.583663,-30.879696],[-71.584277,-30.875264],[-71.589303,-30.873792],[-71.589917,-30.869359],[-71.594942,-30.867887],[-71.595556,-30.863454],[-71.591144,-30.860495],[-71.591758,-30.856062],[-71.596783,-30.854588],[-71.601195,-30.857548],[-71.600581,-30.861981],[-71.604993,-30.86494],[-71.610019,-30.863466],[-71.614431,-30.866425],[-71.613817,-30.870858],[-71.608791,-30.872331],[-71.604379,-30.869372],[-71.599353,-30.870846],[-71.59874,-30.875278],[-71.603152,-30.878237],[-71.602538,-30.882669],[-71.597512,-30.884141],[-71.596898,-30.888573],[-71.591872,-30.890045],[-71.587461,-30.887086],[-71.582435,-30.888558],[-71.581821,-30.892989],[-71.586233,-30.895948],[-71.585618,-30.900378],[-71.59003,-30.903337],[-71.589416,-30.907767],[-71.593828,-30.910725],[-71.593214,-30.915155],[-71.597627,-30.918113],[-71.602653,-30.916641],[-71.603267,-30.912212],[-71.608293,-30.91074],[-71.612706,-30.913697],[-71.612092,-30.918127],[-71.607066,-30.919599],[-71.606452,-30.924028],[-71.610865,-30.926986],[-71.615892,-30.925514],[-71.616506,-30.921085],[-71.621533,-30.919613],[-71.622146,-30.915183],[-71.617733,-30.912225],[-71.618347,-30.907795],[-71.623374,-30.906322],[-71.627787,-30.90928],[-71.632814,-30.907807],[-71.637228,-30.910764],[-71.642255,-30.909291],[-71.64667,-30.912248],[-71.646056,-30.916678],[-71.650471,-30.919635],[-71.649858,-30.924065],[-71.64483,-30.925538],[-71.644216,-30.929968],[-71.648631,-30.932925],[-71.653659,-30.931452],[-71.654272,-30.927022],[-71.659301,-30.925548],[-71.663716,-30.928504],[-71.663103,-30.932934],[-71.667518,-30.93589],[-71.667062,-30.93919],[-71.66706,-30.93919],[-71.66696,-30.93913],[-71.66688,-30.93908],[-71.66674,-30.93906],[-71.66662,-30.93906],[-71.66657,-30.93911],[-71.66647,-30.93922],[-71.66658,-30.93946],[-71.6666,-30.93952],[-71.66659,-30.9396],[-71.66657,-30.9397],[-71.66649,-30.93981],[-71.6664,-30.93987],[-71.66631,-30.93993],[-71.66627,-30.94],[-71.66627,-30.94009],[-71.66641,-30.94042],[-71.666402,-30.940467],[-71.661876,-30.941793],[-71.661263,-30.946222],[-71.664071,-30.948102],[-71.66406,-30.94813],[-71.66401,-30.94819],[-71.66386,-30.9482],[-71.6637,-30.94823],[-71.66362,-30.94834],[-71.66353,-30.94837],[-71.66337,-30.94841],[-71.66329,-30.9485],[-71.66323,-30.94856],[-71.66324,-30.94869],[-71.66319,-30.94876],[-71.66301,-30.94882],[-71.6629,-30.94891],[-71.66302,-30.94908],[-71.66309,-30.94919],[-71.66303,-30.94925],[-71.66299,-30.9493],[-71.66288,-30.94935],[-71.66273,-30.9494],[-71.66242,-30.94948],[-71.66238,-30.94958],[-71.66237,-30.94983],[-71.66232,-30.95002],[-71.66232,-30.95016],[-71.66241,-30.95026],[-71.66258,-30.95042],[-71.66279,-30.95053],[-71.66293,-30.95056],[-71.663,-30.95061],[-71.66307,-30.95065],[-71.66319,-30.95079],[-71.66317,-30.95087],[-71.66306,-30.95091],[-71.66289,-30.95101],[-71.66284,-30.95098],[-71.66288,-30.95132],[-71.6629,-30.9514],[-71.66297,-30.95143],[-71.66307,-30.95145],[-71.66323,-30.95149],[-71.6633,-30.9516],[-71.66337,-30.95181],[-71.66337,-30.9519],[-71.66326,-30.95214],[-71.66323,-30.95222],[-71.66314,-30.95227],[-71.66298,-30.95243],[-71.66298,-30.95253],[-71.66303,-30.95256],[-71.66309,-30.95265],[-71.66316,-30.95273],[-71.66324,-30.95289],[-71.66329,-30.95306],[-71.66328,-30.95331],[-71.66324,-30.95338],[-71.66318,-30.95346],[-71.66314,-30.95352],[-71.6631,-30.95366],[-71.6631,-30.9538],[-71.66303,-30.95386],[-71.66301,-30.95395],[-71.66299,-30.95409],[-71.663087,-30.954187],[-71.660037,-30.95508],[-71.659423,-30.959508],[-71.66035,-30.960128],[-71.66031,-30.96022],[-71.6603,-30.96033],[-71.66035,-30.96036],[-71.66043,-30.96053],[-71.66044,-30.9607],[-71.66043,-30.96079],[-71.66037,-30.9608],[-71.66034,-30.96087],[-71.66029,-30.96101],[-71.66021,-30.96118],[-71.66012,-30.96123],[-71.65998,-30.96124],[-71.65983,-30.96128],[-71.65974,-30.96138],[-71.65965,-30.96143],[-71.65953,-30.96148],[-71.65949,-30.96154],[-71.6594,-30.96174],[-71.6595,-30.96182],[-71.65964,-30.96191],[-71.65974,-30.96204],[-71.65975,-30.96212],[-71.65969,-30.962185],[-71.65942,-30.96239],[-71.65921,-30.96248],[-71.65903,-30.96253],[-71.65895,-30.96248],[-71.65894,-30.96242],[-71.65891,-30.96235],[-71.65886,-30.96231],[-71.65879,-30.96228],[-71.65854,-30.96249],[-71.65838,-30.96254],[-71.65833,-30.9626],[-71.65824,-30.96267],[-71.65796,-30.96283],[-71.65786,-30.96281],[-71.65767,-30.96281],[-71.6576,-30.96285],[-71.65759,-30.96293],[-71.65763,-30.96305],[-71.65769,-30.96317],[-71.65771,-30.96325],[-71.65766,-30.9633],[-71.65759,-30.9634],[-71.65751,-30.96354],[-71.65754,-30.96363],[-71.65758,-30.96371],[-71.6576,-30.96379],[-71.65758,-30.96387],[-71.65751,-30.96397],[-71.65745,-30.96403],[-71.65735,-30.96437],[-71.65732,-30.96442],[-71.65731,-30.96456],[-71.65729,-30.96471],[-71.65724,-30.96479],[-71.65719,-30.96485],[-71.65713,-30.965],[-71.65699,-30.96512],[-71.6569,-30.96512],[-71.65674,-30.96517],[-71.65667,-30.96526],[-71.65646,-30.96542],[-71.65629,-30.96543],[-71.65618,-30.96546],[-71.65607,-30.9655],[-71.65596,-30.96552],[-71.65585,-30.96551],[-71.65573,-30.96553],[-71.65566,-30.96554],[-71.65559,-30.96554],[-71.65555,-30.96561],[-71.65553,-30.96572],[-71.65554,-30.96578],[-71.65557,-30.96586],[-71.6556,-30.96598],[-71.65565,-30.9661],[-71.65568,-30.96622],[-71.6557,-30.96634],[-71.65572,-30.96652],[-71.65576,-30.96658],[-71.65587,-30.96667],[-71.65601,-30.96682],[-71.656027,-30.966911],[-71.653781,-30.965408],[-71.648752,-30.96688],[-71.644337,-30.963924],[-71.64495,-30.959497],[-71.649979,-30.958025],[-71.650592,-30.953596],[-71.655621,-30.952124],[-71.656234,-30.947695],[-71.651819,-30.944739],[-71.646791,-30.946212],[-71.642376,-30.943256],[-71.637348,-30.944728],[-71.636734,-30.949156],[-71.641149,-30.952113],[-71.640535,-30.956541],[-71.635507,-30.958012],[-71.634894,-30.96244],[-71.639308,-30.965396],[-71.638695,-30.969823],[-71.633666,-30.971294],[-71.633053,-30.975721],[-71.628024,-30.977192],[-71.62361,-30.974236],[-71.618581,-30.975706],[-71.617968,-30.980132],[-71.61294,-30.981602],[-71.608526,-30.978646],[-71.609139,-30.974219],[-71.614167,-30.97275],[-71.614781,-30.968323],[-71.610367,-30.965367],[-71.610981,-30.96094],[-71.606568,-30.957983],[-71.60154,-30.959453],[-71.600926,-30.96388],[-71.60534,-30.966837],[-71.604726,-30.971263],[-71.599698,-30.972733],[-71.595285,-30.969776],[-71.595899,-30.965349],[-71.591486,-30.962392],[-71.5921,-30.957966],[-71.587687,-30.955008],[-71.588301,-30.950581],[-71.583889,-30.947624],[-71.578862,-30.949093],[-71.578248,-30.95352],[-71.582661,-30.956478],[-71.582046,-30.960904],[-71.586459,-30.963862],[-71.585845,-30.968288],[-71.590258,-30.971245],[-71.589643,-30.975671],[-71.594057,-30.978628],[-71.593442,-30.983053],[-71.588415,-30.984522],[-71.587801,-30.988947],[-71.582773,-30.990415],[-71.582159,-30.994839],[-71.577132,-30.996307],[-71.576517,-31.000731],[-71.58093,-31.003688],[-71.580316,-31.008111],[-71.575288,-31.009579],[-71.570875,-31.006622],[-71.565848,-31.008089],[-71.565233,-31.012512],[-71.560206,-31.013978],[-71.555794,-31.011022],[-71.550767,-31.012488],[-71.546355,-31.009531],[-71.541328,-31.010996],[-71.540713,-31.015419],[-71.535687,-31.016884],[-71.535072,-31.021306],[-71.534112,-31.021586],[-71.534058,-31.021499],[-71.533292,-31.021116],[-71.532378,-31.020651],[-71.531504,-31.020158],[-71.530546,-31.019711],[-71.529589,-31.019073],[-71.52895,-31.018626],[-71.528531,-31.018256],[-71.52812,-31.017668],[-71.52761,-31.016839],[-71.527239,-31.016292],[-71.526967,-31.015769],[-71.526709,-31.015257],[-71.526594,-31.015027],[-71.526439,-31.014427],[-71.526298,-31.013709],[-71.526333,-31.012753],[-71.526652,-31.011859],[-71.527051,-31.010965],[-71.527213,-31.010588],[-71.527482,-31.010263],[-71.527912,-31.009942],[-71.528376,-31.009688],[-71.528934,-31.009323],[-71.529397,-31.008795],[-71.529816,-31.008114],[-71.529908,-31.007965],[-71.530414,-31.00709],[-71.530656,-31.006552],[-71.530925,-31.006256],[-71.531249,-31.006177],[-71.532307,-31.005907],[-71.533738,-31.005666],[-71.535216,-31.005342],[-71.536428,-31.00518],[-71.537342,-31.004978],[-71.537697,-31.0049],[-71.538846,-31.004517],[-71.539621,-31.004493],[-71.540631,-31.004533],[-71.541722,-31.004331],[-71.543087,-31.003969],[-71.543813,-31.003566],[-71.544068,-31.003162],[-71.54697,-31.005108],[-71.551996,-31.003642],[-71.552611,-30.999218],[-71.548199,-30.996261],[-71.548814,-30.991837],[-71.547803,-30.991159],[-71.547876,-30.990866],[-71.547768,-30.990167],[-71.547543,-30.989494],[-71.547276,-30.988886],[-71.546861,-30.988287],[-71.546584,-30.987691],[-71.54645,-30.986965],[-71.546442,-30.986137],[-71.546599,-30.985245],[-71.546809,-30.984092],[-71.546905,-30.983905],[-71.547085,-30.983553],[-71.547511,-30.983234],[-71.547858,-30.983043],[-71.54847,-30.982736],[-71.54945,-30.982298],[-71.55018,-30.98201],[-71.552014,-30.981284],[-71.552054,-30.980946],[-71.551915,-30.980529],[-71.551162,-30.980106],[-71.55048,-30.97985],[-71.549903,-30.979634],[-71.549221,-30.979161],[-71.548749,-30.978794],[-71.54791,-30.977903],[-71.547176,-30.977168],[-71.546455,-30.976594],[-71.545393,-30.975962],[-71.545241,-30.9759],[-71.544501,-30.975595],[-71.543767,-30.975018],[-71.543137,-30.974179],[-71.542508,-30.972605],[-71.542036,-30.970875],[-71.541407,-30.970088],[-71.54062,-30.969773],[-71.539676,-30.969301],[-71.539101,-30.969201],[-71.53847,-30.969091],[-71.536791,-30.969091],[-71.53649,-30.969063],[-71.535113,-30.968934],[-71.53333,-30.968934],[-71.532123,-30.969039],[-71.531284,-30.968829],[-71.530602,-30.968147],[-71.530331,-30.967515],[-71.530288,-30.967413],[-71.530078,-30.966469],[-71.529868,-30.965892],[-71.529239,-30.96521],[-71.528399,-30.964633],[-71.527508,-30.964004],[-71.526669,-30.963532],[-71.525672,-30.963322],[-71.524413,-30.963375],[-71.523853,-30.963263],[-71.523364,-30.963165],[-71.522892,-30.96264],[-71.52284,-30.961801],[-71.52326,-30.960752],[-71.523471,-30.96033],[-71.523732,-30.959808],[-71.523679,-30.959126],[-71.523207,-30.958654],[-71.522473,-30.95813],[-71.521843,-30.957448],[-71.521214,-30.956504],[-71.520899,-30.955612],[-71.520899,-30.954983],[-71.520952,-30.954458],[-71.521371,-30.953776],[-71.521686,-30.953252],[-71.521703,-30.95305],[-71.521739,-30.952623],[-71.521476,-30.952203],[-71.521057,-30.951783],[-71.520637,-30.951102],[-71.520427,-30.950105],[-71.520532,-30.947902],[-71.519903,-30.946853],[-71.519798,-30.945804],[-71.520289,-30.944969],[-71.520322,-30.944913],[-71.520794,-30.944231],[-71.520794,-30.943077],[-71.520637,-30.941818],[-71.520375,-30.941136],[-71.519798,-30.940559],[-71.519064,-30.940297],[-71.51791,-30.940297],[-71.516703,-30.940297],[-71.515917,-30.940297],[-71.51513,-30.940245],[-71.514658,-30.940035],[-71.514396,-30.939301],[-71.514448,-30.938566],[-71.514992,-30.938022],[-71.515078,-30.937937],[-71.516599,-30.93715],[-71.517867,-30.936958],[-71.518329,-30.936888],[-71.51985,-30.936731],[-71.521004,-30.936364],[-71.521896,-30.936049],[-71.522997,-30.935629],[-71.523889,-30.93521],[-71.525095,-30.935052],[-71.526406,-30.935052],[-71.527746,-30.935244],[-71.527875,-30.935262],[-71.529501,-30.93542],[-71.531441,-30.935262],[-71.53312,-30.934843],[-71.533959,-30.934475],[-71.534379,-30.933899],[-71.534476,-30.933842],[-71.535008,-30.933531],[-71.536057,-30.933479],[-71.536844,-30.933531],[-71.537578,-30.933374],[-71.53826,-30.933112],[-71.538679,-30.93243],[-71.53826,-30.931643],[-71.53763,-30.930647],[-71.537421,-30.929912],[-71.536844,-30.928916],[-71.536372,-30.928287],[-71.53597,-30.927647],[-71.535735,-30.927273],[-71.534803,-30.926663],[-71.533798,-30.926483],[-71.532653,-30.926235],[-71.532044,-30.925813],[-71.531913,-30.924982],[-71.532176,-30.924196],[-71.53249,-30.923042],[-71.53249,-30.921888],[-71.53249,-30.921049],[-71.532419,-30.920189],[-71.532386,-30.91979],[-71.531966,-30.919423],[-71.531337,-30.919056],[-71.530655,-30.918898],[-71.529606,-30.918846],[-71.528722,-30.919123],[-71.527834,-30.919497],[-71.527364,-30.919389],[-71.527225,-30.919357],[-71.527083,-30.9192],[-71.526757,-30.918842],[-71.52643,-30.918047],[-71.526092,-30.917168],[-71.525775,-30.915287],[-71.526092,-30.91444],[-71.526931,-30.913811],[-71.52726,-30.9132],[-71.527298,-30.913129],[-71.52735,-30.912237],[-71.527036,-30.911713],[-71.526459,-30.910821],[-71.525882,-30.90993],[-71.525515,-30.909248],[-71.524833,-30.908618],[-71.524308,-30.907622],[-71.524046,-30.906416],[-71.523941,-30.905891],[-71.523941,-30.905672],[-71.523941,-30.905262],[-71.523941,-30.904632],[-71.523522,-30.903846],[-71.522892,-30.903531],[-71.522053,-30.903426],[-71.521266,-30.903269],[-71.52048,-30.903164],[-71.52006,-30.902902],[-71.519745,-30.902587],[-71.519588,-30.902167],[-71.519536,-30.90159],[-71.519536,-30.900594],[-71.519116,-30.900069],[-71.518277,-30.89986],[-71.5182,-30.899854],[-71.517595,-30.899807],[-71.517175,-30.899807],[-71.516494,-30.899755],[-71.516127,-30.899597],[-71.515294,-30.899291],[-71.514084,-30.898742],[-71.512842,-30.898341],[-71.5118,-30.898181],[-71.510839,-30.89798],[-71.510078,-30.89766],[-71.50932,-30.897199],[-71.509156,-30.897099],[-71.508475,-30.896738],[-71.507697,-30.896502],[-71.507554,-30.896458],[-71.507207,-30.896172],[-71.506872,-30.895897],[-71.506071,-30.895176],[-71.50531,-30.894495],[-71.504536,-30.894126],[-71.504469,-30.894094],[-71.503991,-30.893971],[-71.503332,-30.89406],[-71.502706,-30.894375],[-71.502165,-30.894809],[-71.502056,-30.895073],[-71.501955,-30.895318],[-71.501784,-30.895777],[-71.501476,-30.896426],[-71.500907,-30.896755],[-71.500458,-30.897085],[-71.500009,-30.897354],[-71.5,-30.897359],[-71.49956,-30.897624],[-71.499231,-30.897624],[-71.499481,-30.895825],[-71.495073,-30.892864],[-71.49005,-30.894332],[-71.48968,-30.897001],[-71.488844,-30.897219],[-71.488243,-30.897219],[-71.487642,-30.897219],[-71.486921,-30.897379],[-71.486159,-30.89782],[-71.485158,-30.898261],[-71.484236,-30.898822],[-71.483168,-30.899392],[-71.483034,-30.899463],[-71.481983,-30.900035],[-71.480749,-30.900755],[-71.479509,-30.901546],[-71.478307,-30.902027],[-71.477505,-30.902428],[-71.476945,-30.902868],[-71.475863,-30.903629],[-71.47549,-30.903916],[-71.474367,-30.903161],[-71.469345,-30.904628],[-71.468787,-30.908638],[-71.468691,-30.908758],[-71.468528,-30.909114],[-71.468251,-30.909719],[-71.46809,-30.910721],[-71.46813,-30.911562],[-71.468491,-30.912203],[-71.468892,-30.913004],[-71.469012,-30.913726],[-71.46885,-30.914495],[-71.468371,-30.915128],[-71.46785,-30.915809],[-71.467169,-30.91645],[-71.466328,-30.916891],[-71.466064,-30.916946],[-71.465566,-30.917051],[-71.464925,-30.917051],[-71.464405,-30.916931],[-71.463523,-30.91657],[-71.463122,-30.916089],[-71.462802,-30.915609],[-71.462361,-30.915288],[-71.462201,-30.915208],[-71.463091,-30.914948],[-71.463706,-30.910521],[-71.4593,-30.90756],[-71.454765,-30.908883],[-71.454228,-30.908117],[-71.454228,-30.907476],[-71.454148,-30.906714],[-71.454028,-30.906073],[-71.453707,-30.905713],[-71.453026,-30.905673],[-71.452345,-30.905593],[-71.451304,-30.905352],[-71.450502,-30.904791],[-71.450078,-30.904579],[-71.450487,-30.901636],[-71.446081,-30.898674],[-71.446697,-30.894246],[-71.442292,-30.891284],[-71.43727,-30.892749],[-71.436654,-30.897177],[-71.44106,-30.900139],[-71.440586,-30.903544],[-71.440406,-30.903509],[-71.439645,-30.903469],[-71.439324,-30.903309],[-71.439124,-30.902788],[-71.438964,-30.902227],[-71.438563,-30.901666],[-71.438082,-30.901186],[-71.437161,-30.900985],[-71.43648,-30.900745],[-71.435799,-30.900344],[-71.435158,-30.899863],[-71.434637,-30.899463],[-71.434116,-30.899303],[-71.433435,-30.899303],[-71.432794,-30.899343],[-71.431953,-30.899383],[-71.431513,-30.899502],[-71.431071,-30.899623],[-71.43007,-30.899863],[-71.429509,-30.899944],[-71.428707,-30.900024],[-71.427746,-30.900264],[-71.426945,-30.900464],[-71.426183,-30.900424],[-71.425502,-30.900344],[-71.425142,-30.899944],[-71.424701,-30.899463],[-71.42406,-30.899262],[-71.423355,-30.899054],[-71.422355,-30.898618],[-71.42203,-30.898413],[-71.422207,-30.897144],[-71.4179,-30.894247],[-71.417809,-30.894132],[-71.417688,-30.893977],[-71.417432,-30.89367],[-71.417022,-30.893516],[-71.416611,-30.893464],[-71.416047,-30.893387],[-71.415637,-30.893387],[-71.415124,-30.893387],[-71.414457,-30.893541],[-71.413868,-30.89367],[-71.413278,-30.893823],[-71.412534,-30.893798],[-71.411201,-30.8939],[-71.410289,-30.893969],[-71.410175,-30.893977],[-71.409688,-30.893926],[-71.409022,-30.893746],[-71.408586,-30.89349],[-71.408175,-30.893182],[-71.407919,-30.892875],[-71.407885,-30.892826],[-71.407611,-30.892439],[-71.40715,-30.892157],[-71.406919,-30.89208],[-71.406637,-30.892157],[-71.406406,-30.892387],[-71.406175,-30.892593],[-71.405739,-30.892926],[-71.405355,-30.893157],[-71.404996,-30.893413],[-71.404483,-30.89349],[-71.404201,-30.89349],[-71.403945,-30.893464],[-71.40356,-30.893413],[-71.403175,-30.893362],[-71.402816,-30.893362],[-71.402457,-30.893413],[-71.402356,-30.893472],[-71.40215,-30.893593],[-71.401842,-30.8939],[-71.401483,-30.894387],[-71.401278,-30.894618],[-71.400714,-30.894952],[-71.40015,-30.895208],[-71.399765,-30.895208],[-71.39938,-30.895003],[-71.399073,-30.894772],[-71.398509,-30.894541],[-71.39797,-30.894413],[-71.397586,-30.894413],[-71.396893,-30.894516],[-71.396201,-30.894644],[-71.39556,-30.894849],[-71.394739,-30.895054],[-71.394252,-30.895285],[-71.393842,-30.895567],[-71.393481,-30.895893],[-71.393304,-30.896054],[-71.392816,-30.896464],[-71.392457,-30.896721],[-71.391842,-30.896875],[-71.391329,-30.897054],[-71.390714,-30.897362],[-71.390124,-30.897952],[-71.390085,-30.898015],[-71.389714,-30.898618],[-71.389355,-30.898977],[-71.388791,-30.899259],[-71.388165,-30.899483],[-71.388073,-30.899516],[-71.387586,-30.899695],[-71.386996,-30.899798],[-71.386509,-30.899798],[-71.386124,-30.899798],[-71.385586,-30.899926],[-71.385124,-30.900003],[-71.384637,-30.899926],[-71.38438,-30.899644],[-71.38415,-30.899234],[-71.383996,-30.898926],[-71.383791,-30.898464],[-71.383688,-30.897977],[-71.383406,-30.897644],[-71.38315,-30.897259],[-71.382611,-30.896952],[-71.382201,-30.896772],[-71.381406,-30.896516],[-71.381237,-30.896347],[-71.381022,-30.896131],[-71.380432,-30.895593],[-71.379996,-30.894926],[-71.379586,-30.893977],[-71.379483,-30.893311],[-71.379263,-30.89271],[-71.378687,-30.892257],[-71.378069,-30.891969],[-71.377329,-30.891764],[-71.376794,-30.891064],[-71.376629,-30.890364],[-71.376382,-30.889706],[-71.375825,-30.88943],[-71.375791,-30.889413],[-71.375406,-30.889285],[-71.374868,-30.889105],[-71.374483,-30.888977],[-71.374098,-30.88849],[-71.373714,-30.888003],[-71.373688,-30.887413],[-71.373714,-30.88667],[-71.373893,-30.886208],[-71.374201,-30.885772],[-71.374637,-30.885311],[-71.375073,-30.884952],[-71.375304,-30.884618],[-71.375406,-30.884182],[-71.375842,-30.883413],[-71.375919,-30.882721],[-71.375688,-30.882182],[-71.375201,-30.881721],[-71.374786,-30.881239],[-71.37456,-30.880977],[-71.374252,-30.879952],[-71.374252,-30.879131],[-71.374329,-30.87867],[-71.374432,-30.878311],[-71.374637,-30.877977],[-71.374893,-30.87749],[-71.375098,-30.876926],[-71.37515,-30.876157],[-71.374996,-30.875259],[-71.37498,-30.875045],[-71.374958,-30.874747],[-71.37506,-30.874237],[-71.375247,-30.873726],[-71.375315,-30.873369],[-71.375282,-30.873082],[-71.375451,-30.872757],[-71.375765,-30.872516],[-71.376406,-30.87208],[-71.376842,-30.87167],[-71.377304,-30.871234],[-71.377765,-30.870851],[-71.378038,-30.870408],[-71.378252,-30.870003],[-71.378483,-30.869541],[-71.378637,-30.868977],[-71.378791,-30.868336],[-71.378857,-30.86797],[-71.378945,-30.86749],[-71.379201,-30.866644],[-71.379688,-30.865772],[-71.380175,-30.864926],[-71.380611,-30.864234],[-71.38097,-30.863567],[-71.381227,-30.863208],[-71.381791,-30.862541],[-71.382085,-30.862118],[-71.382201,-30.861952],[-71.382663,-30.861285],[-71.38315,-30.860644],[-71.383406,-30.859977],[-71.383534,-30.859208],[-71.383586,-30.85849],[-71.383637,-30.857823],[-71.383637,-30.857336],[-71.383457,-30.856823],[-71.383073,-30.856593],[-71.382611,-30.856387],[-71.382124,-30.855952],[-71.381842,-30.855464],[-71.381833,-30.855443],[-71.381661,-30.855023],[-71.381687,-30.854665],[-71.38161,-30.85432],[-71.381521,-30.853848],[-71.38124,-30.853286],[-71.380997,-30.852864],[-71.380765,-30.85249],[-71.380688,-30.852054],[-71.380688,-30.851618],[-71.380842,-30.851182],[-71.381175,-30.850644],[-71.381534,-30.850208],[-71.381791,-30.849772],[-71.381834,-30.849445],[-71.381856,-30.849277],[-71.381816,-30.848772],[-71.381663,-30.848464],[-71.381355,-30.84808],[-71.381073,-30.847772],[-71.380739,-30.847311],[-71.380406,-30.8469],[-71.37997,-30.846516],[-71.379561,-30.846282],[-71.379101,-30.845983],[-71.378682,-30.845564],[-71.378457,-30.845105],[-71.378483,-30.844541],[-71.378406,-30.843695],[-71.378278,-30.843054],[-71.37815,-30.842413],[-71.378076,-30.842042],[-71.381871,-30.840935],[-71.382487,-30.836505],[-71.378085,-30.83354],[-71.375744,-30.834223],[-71.375743,-30.834216],[-71.375688,-30.833208],[-71.375714,-30.832541],[-71.375842,-30.831746],[-71.375791,-30.831054],[-71.375637,-30.830413],[-71.375304,-30.829644],[-71.375201,-30.82908],[-71.375201,-30.828567],[-71.375227,-30.827977],[-71.375304,-30.827516],[-71.375487,-30.826943],[-71.375509,-30.826875],[-71.375663,-30.826157],[-71.375663,-30.825593],[-71.375663,-30.825105],[-71.375611,-30.824413],[-71.375509,-30.823618],[-71.37556,-30.823003],[-71.375688,-30.822593],[-71.376073,-30.821926],[-71.376329,-30.821464],[-71.376435,-30.82127],[-71.376791,-30.820618],[-71.377047,-30.819977],[-71.377124,-30.819413],[-71.376996,-30.818721],[-71.376842,-30.817849],[-71.376611,-30.817003],[-71.376355,-30.816336],[-71.37615,-30.816003],[-71.375714,-30.815567],[-71.375227,-30.815105],[-71.374945,-30.814618],[-71.374457,-30.813721],[-71.374284,-30.813396],[-71.374073,-30.813003],[-71.374073,-30.81249],[-71.373996,-30.8119],[-71.37397,-30.811439],[-71.373816,-30.810721],[-71.373714,-30.810054],[-71.373483,-30.809336],[-71.373073,-30.808516],[-71.372842,-30.807644],[-71.372893,-30.80708],[-71.372996,-30.806157],[-71.373044,-30.805911],[-71.373201,-30.805105],[-71.373278,-30.804336],[-71.373278,-30.803772],[-71.373278,-30.80349],[-71.373457,-30.803336],[-71.373765,-30.803208],[-71.37456,-30.802823],[-71.375483,-30.802464],[-71.376637,-30.8019],[-71.377457,-30.801849],[-71.37797,-30.801823],[-71.378432,-30.801413],[-71.378586,-30.800541],[-71.378705,-30.800031],[-71.378765,-30.799772],[-71.378816,-30.798772],[-71.379073,-30.797875],[-71.379278,-30.797157],[-71.379663,-30.796234],[-71.380047,-30.795567],[-71.380304,-30.795131],[-71.380833,-30.794476],[-71.380842,-30.794464],[-71.381073,-30.793823],[-71.381201,-30.793208],[-71.381304,-30.792541],[-71.381637,-30.792131],[-71.382457,-30.791772],[-71.383534,-30.791208],[-71.384028,-30.790822],[-71.384124,-30.790746],[-71.384791,-30.790131],[-71.385098,-30.789362],[-71.385259,-30.78893],[-71.385432,-30.788464],[-71.385663,-30.787567],[-71.385663,-30.786695],[-71.385611,-30.785823],[-71.38556,-30.785182],[-71.385739,-30.784746],[-71.386098,-30.784182],[-71.386432,-30.783746],[-71.386663,-30.783387],[-71.387022,-30.782387],[-71.387433,-30.781672],[-71.387611,-30.781362],[-71.38815,-30.780593],[-71.388483,-30.779772],[-71.388483,-30.779028],[-71.388432,-30.778362],[-71.388304,-30.777798],[-71.388124,-30.777362],[-71.388047,-30.776823],[-71.388124,-30.776541],[-71.388457,-30.77608],[-71.389201,-30.775182],[-71.389385,-30.774964],[-71.39056,-30.773567],[-71.391354,-30.77275],[-71.391432,-30.77267],[-71.392201,-30.771849],[-71.39256,-30.771387],[-71.392694,-30.771035],[-71.392705,-30.770755],[-71.392683,-30.770496],[-71.392554,-30.770345],[-71.392435,-30.770258],[-71.392124,-30.770157],[-71.391716,-30.770142],[-71.391648,-30.77014],[-71.391076,-30.770204],[-71.39045,-30.77015],[-71.389825,-30.769978],[-71.38915,-30.769644],[-71.388611,-30.769311],[-71.388201,-30.768926],[-71.387996,-30.768464],[-71.388013,-30.768109],[-71.388161,-30.767615],[-71.388194,-30.767506],[-71.388457,-30.766952],[-71.388916,-30.766262],[-71.389509,-30.765516],[-71.390227,-30.764593],[-71.390663,-30.7639],[-71.390816,-30.762695],[-71.390651,-30.761831],[-71.392965,-30.761154],[-71.397367,-30.764121],[-71.396751,-30.768555],[-71.401152,-30.771521],[-71.400536,-30.775956],[-71.395518,-30.777423],[-71.394902,-30.781857],[-71.399304,-30.784823],[-71.404322,-30.783355],[-71.408724,-30.786321],[-71.408108,-30.790755],[-71.41251,-30.79372],[-71.417529,-30.792252],[-71.421932,-30.795217],[-71.426951,-30.793749],[-71.427567,-30.789315],[-71.423164,-30.78635],[-71.42378,-30.781916],[-71.428799,-30.780447],[-71.433202,-30.783412],[-71.438221,-30.781943],[-71.438837,-30.777509],[-71.443856,-30.776039],[-71.444471,-30.771604],[-71.440068,-30.768639],[-71.435049,-30.770108],[-71.434433,-30.774543],[-71.429414,-30.776013],[-71.425011,-30.773047],[-71.425627,-30.768612],[-71.430646,-30.767143],[-71.431262,-30.762708],[-71.426859,-30.759742],[-71.427475,-30.755306],[-71.423072,-30.75234],[-71.423688,-30.747904],[-71.428706,-30.746434],[-71.429322,-30.741997],[-71.424919,-30.739031],[-71.419902,-30.740501],[-71.4155,-30.737535],[-71.416115,-30.733098],[-71.421133,-30.731628],[-71.425535,-30.734594],[-71.430553,-30.733123],[-71.431169,-30.728686],[-71.436187,-30.727215],[-71.436802,-30.722777],[-71.44182,-30.721305],[-71.442436,-30.716867],[-71.438033,-30.7139],[-71.438649,-30.709462],[-71.434247,-30.706495],[-71.429229,-30.707967],[-71.428614,-30.712405],[-71.423596,-30.713877],[-71.42298,-30.718315],[-71.417963,-30.719786],[-71.413561,-30.716819],[-71.408544,-30.718289],[-71.404143,-30.715322],[-71.399126,-30.716792],[-71.39851,-30.721229],[-71.402911,-30.724197],[-71.407928,-30.722727],[-71.41233,-30.725694],[-71.411714,-30.730131],[-71.406696,-30.731601],[-71.406081,-30.736038],[-71.410482,-30.739005],[-71.409866,-30.743441],[-71.404849,-30.74491],[-71.404233,-30.749346],[-71.399215,-30.750815],[-71.398599,-30.755251],[-71.393582,-30.756719],[-71.38918,-30.753752],[-71.384163,-30.75522],[-71.383981,-30.756529],[-71.383556,-30.756729],[-71.383103,-30.756952],[-71.382602,-30.757183],[-71.38208,-30.757381],[-71.381542,-30.757536],[-71.381056,-30.757679],[-71.38033,-30.757877],[-71.379586,-30.758055],[-71.378903,-30.758196],[-71.378398,-30.758306],[-71.377976,-30.758424],[-71.37763,-30.758549],[-71.377229,-30.758761],[-71.37683,-30.758983],[-71.376285,-30.759329],[-71.376081,-30.759472],[-71.374129,-30.758156],[-71.369113,-30.759623],[-71.364713,-30.756656],[-71.365329,-30.752221],[-71.360929,-30.749254],[-71.355913,-30.750721],[-71.351514,-30.747753],[-71.346498,-30.74922],[-71.342099,-30.746252],[-71.342716,-30.741817],[-71.338317,-30.738848],[-71.338934,-30.734413],[-71.343949,-30.732946],[-71.344566,-30.728511],[-71.340167,-30.725542],[-71.340784,-30.721106],[-71.345799,-30.719639],[-71.350198,-30.722607],[-71.355213,-30.721139],[-71.359613,-30.724108],[-71.358996,-30.728544],[-71.363395,-30.731512],[-71.362779,-30.735948],[-71.367179,-30.738916],[-71.366562,-30.743351],[-71.370962,-30.746319],[-71.370346,-30.750754],[-71.374746,-30.753721],[-71.379763,-30.752253],[-71.380379,-30.747818],[-71.385396,-30.74635],[-71.386012,-30.741914],[-71.381612,-30.738947],[-71.382228,-30.734511],[-71.377828,-30.731543],[-71.372811,-30.733012],[-71.368411,-30.730044],[-71.369028,-30.725608],[-71.364628,-30.722639],[-71.365245,-30.718203],[-71.370261,-30.716734],[-71.370877,-30.712297],[-71.366478,-30.709329],[-71.361462,-30.710797],[-71.357063,-30.707829],[-71.352048,-30.709297],[-71.347649,-30.706328],[-71.348266,-30.701891],[-71.353281,-30.700422],[-71.353898,-30.695985],[-71.349499,-30.693015],[-71.344484,-30.694484],[-71.340086,-30.691515],[-71.335072,-30.692983],[-71.330674,-30.690013],[-71.32566,-30.691481],[-71.321263,-30.688511],[-71.32188,-30.684073],[-71.326894,-30.682605],[-71.327511,-30.678167],[-71.323114,-30.675197],[-71.323731,-30.670758],[-71.328744,-30.669289],[-71.333141,-30.67226],[-71.338156,-30.670791],[-71.338772,-30.666351],[-71.343786,-30.664882],[-71.348184,-30.667852],[-71.347567,-30.672291],[-71.342553,-30.673761],[-71.341936,-30.6782],[-71.346334,-30.681169],[-71.351349,-30.6797],[-71.355747,-30.682669],[-71.355131,-30.687108],[-71.359529,-30.690077],[-71.364544,-30.688608],[-71.365161,-30.684169],[-71.370176,-30.682699],[-71.374575,-30.685668],[-71.373959,-30.690107],[-71.378358,-30.693076],[-71.383374,-30.691605],[-71.387774,-30.694574],[-71.39279,-30.693103],[-71.393406,-30.688664],[-71.398422,-30.687193],[-71.402822,-30.690161],[-71.407839,-30.68869],[-71.408454,-30.68425],[-71.413471,-30.682779],[-71.417872,-30.685747],[-71.422889,-30.684274],[-71.423504,-30.679834],[-71.419103,-30.676866],[-71.414087,-30.678339],[-71.409686,-30.67537],[-71.40467,-30.676842],[-71.40027,-30.673874],[-71.400885,-30.669434],[-71.405901,-30.667962],[-71.410302,-30.67093],[-71.415318,-30.669458],[-71.419719,-30.672426],[-71.424735,-30.670953],[-71.429137,-30.673921],[-71.434153,-30.672448],[-71.438555,-30.675416],[-71.443572,-30.673942],[-71.444188,-30.669501],[-71.439786,-30.666533],[-71.434769,-30.668007],[-71.430368,-30.665039],[-71.430983,-30.660597],[-71.436,-30.659124],[-71.436615,-30.654682],[-71.432214,-30.651713],[-71.432829,-30.647271],[-71.428429,-30.644303],[-71.429044,-30.63986],[-71.43406,-30.638386],[-71.438461,-30.641354],[-71.443478,-30.639879],[-71.444093,-30.635436],[-71.439692,-30.632468],[-71.434676,-30.633943],[-71.430275,-30.630974],[-71.425259,-30.632448],[-71.420859,-30.629479],[-71.415843,-30.630953],[-71.411443,-30.627984],[-71.406428,-30.629458],[-71.405812,-30.633901],[-71.400797,-30.635374],[-71.396397,-30.632404],[-71.397013,-30.627962],[-71.402028,-30.626488],[-71.402644,-30.622045],[-71.407659,-30.620571],[-71.412059,-30.623541],[-71.417074,-30.622067],[-71.41769,-30.617623],[-71.422705,-30.616148],[-71.427105,-30.619117],[-71.42649,-30.623561],[-71.43089,-30.62653],[-71.435906,-30.625055],[-71.436522,-30.620611],[-71.441538,-30.619136],[-71.442153,-30.614691],[-71.447169,-30.613216],[-71.447784,-30.608771],[-71.452801,-30.607294],[-71.457202,-30.610263],[-71.456587,-30.614708],[-71.460988,-30.617677],[-71.466005,-30.6162],[-71.470407,-30.619168],[-71.469792,-30.623613],[-71.474194,-30.626581],[-71.47358,-30.631026],[-71.468562,-30.632502],[-71.46416,-30.629534],[-71.464775,-30.62509],[-71.460373,-30.622121],[-71.455357,-30.623597],[-71.454742,-30.628042],[-71.449725,-30.629517],[-71.44911,-30.633961],[-71.453511,-30.636929],[-71.452896,-30.641373],[-71.457298,-30.644341],[-71.462315,-30.642865],[-71.466717,-30.645833],[-71.471735,-30.644357],[-71.476138,-30.647325],[-71.481155,-30.645848],[-71.485558,-30.648816],[-71.490576,-30.647339],[-71.49498,-30.650306],[-71.494365,-30.65475],[-71.498769,-30.657716],[-71.503788,-30.656239],[-71.508192,-30.659206],[-71.513211,-30.657729],[-71.517616,-30.660695],[-71.522635,-30.659218],[-71.523249,-30.654774],[-71.518844,-30.651808],[-71.519459,-30.647364],[-71.515054,-30.644397],[-71.510035,-30.645875],[-71.505631,-30.642908],[-71.506246,-30.638464],[-71.501842,-30.635497],[-71.496824,-30.636974],[-71.496209,-30.641419],[-71.491191,-30.642895],[-71.486788,-30.639928],[-71.48177,-30.641405],[-71.477367,-30.638437],[-71.477982,-30.633993],[-71.483,-30.632517],[-71.483614,-30.628072],[-71.479212,-30.625104],[-71.479827,-30.62066],[-71.475424,-30.617692],[-71.476039,-30.613246],[-71.481056,-30.611769],[-71.485459,-30.614737],[-71.490476,-30.613259],[-71.491091,-30.608813],[-71.496108,-30.607335],[-71.496723,-30.602889],[-71.50174,-30.60141],[-71.506143,-30.604378],[-71.511161,-30.602899],[-71.511775,-30.598452],[-71.516793,-30.596973],[-71.517407,-30.592525],[-71.513004,-30.589558],[-71.513618,-30.58511],[-71.509215,-30.582142],[-71.509829,-30.577694],[-71.514847,-30.576214],[-71.515461,-30.571765],[-71.511058,-30.568797],[-71.511672,-30.564348],[-71.507269,-30.56138],[-71.507884,-30.55693],[-71.503481,-30.553961],[-71.498464,-30.555442],[-71.494062,-30.552473],[-71.494677,-30.548023],[-71.490275,-30.545054],[-71.485259,-30.546534],[-71.480857,-30.543565],[-71.481472,-30.539115],[-71.477071,-30.536145],[-71.472055,-30.537625],[-71.471441,-30.542075],[-71.466425,-30.543554],[-71.46581,-30.548003],[-71.460795,-30.549482],[-71.456395,-30.546512],[-71.451379,-30.547991],[-71.446979,-30.545021],[-71.441965,-30.546499],[-71.44135,-30.550947],[-71.436335,-30.552425],[-71.431935,-30.549455],[-71.432551,-30.545006],[-71.437565,-30.543528],[-71.43818,-30.539079],[-71.443195,-30.537601],[-71.44381,-30.533151],[-71.448824,-30.531673],[-71.453224,-30.534643],[-71.458239,-30.533164],[-71.458854,-30.528714],[-71.454454,-30.525743],[-71.449439,-30.527223],[-71.44504,-30.524252],[-71.440025,-30.525731],[-71.435626,-30.52276],[-71.430612,-30.524238],[-71.429997,-30.528688],[-71.434396,-30.531659],[-71.433781,-30.536108],[-71.428767,-30.537586],[-71.424368,-30.534615],[-71.419354,-30.536093],[-71.418738,-30.540542],[-71.413725,-30.542019],[-71.409326,-30.539048],[-71.409942,-30.534599],[-71.414955,-30.533122],[-71.415571,-30.528673],[-71.420584,-30.527195],[-71.4212,-30.522745],[-71.416801,-30.519774],[-71.411788,-30.521251],[-71.411173,-30.525701],[-71.406159,-30.527178],[-71.405544,-30.531627],[-71.40053,-30.533104],[-71.399915,-30.537553],[-71.394901,-30.53903],[-71.394286,-30.543478],[-71.389272,-30.544954],[-71.388657,-30.549401],[-71.383643,-30.550877],[-71.383028,-30.555324],[-71.387425,-30.558296],[-71.386809,-30.562742],[-71.381796,-30.564217],[-71.377399,-30.561246],[-71.378015,-30.556799],[-71.373617,-30.553827],[-71.374233,-30.54938],[-71.369837,-30.546408],[-71.364824,-30.547883],[-71.360428,-30.544911],[-71.355415,-30.546385],[-71.354799,-30.550832],[-71.359195,-30.553804],[-71.358579,-30.558251],[-71.362976,-30.561223],[-71.367989,-30.559749],[-71.372385,-30.562721],[-71.371769,-30.567167],[-71.376167,-30.570138],[-71.38118,-30.568664],[-71.385578,-30.571635],[-71.384962,-30.576081],[-71.379948,-30.577555],[-71.375551,-30.574584],[-71.370537,-30.576058],[-71.36614,-30.573087],[-71.361127,-30.57456],[-71.360511,-30.579006],[-71.364908,-30.581977],[-71.364292,-30.586422],[-71.359279,-30.587895],[-71.358663,-30.59234],[-71.353649,-30.593812],[-71.349253,-30.590841],[-71.34424,-30.592313],[-71.339844,-30.589342],[-71.34046,-30.584897],[-71.336064,-30.581925],[-71.336681,-30.577481],[-71.332285,-30.574508],[-71.332902,-30.570063],[-71.337914,-30.568591],[-71.33853,-30.564145],[-71.343542,-30.562672],[-71.344158,-30.558226],[-71.339763,-30.555254],[-71.340379,-30.550807],[-71.335984,-30.547834],[-71.3366,-30.543388],[-71.332205,-30.540415],[-71.327194,-30.541888],[-71.326577,-30.546335],[-71.330972,-30.549308],[-71.330356,-30.553754],[-71.325344,-30.555227],[-71.320949,-30.552254],[-71.321566,-30.547808],[-71.317171,-30.544834],[-71.317788,-30.540388],[-71.322799,-30.538915],[-71.323416,-30.534468],[-71.328427,-30.532994],[-71.329043,-30.528547],[-71.324649,-30.525573],[-71.325265,-30.521126],[-71.330276,-30.519651],[-71.330892,-30.515203],[-71.335903,-30.513729],[-71.340298,-30.516702],[-71.34531,-30.515227],[-71.345926,-30.510779],[-71.341531,-30.507805],[-71.342147,-30.503356],[-71.337752,-30.500382],[-71.338369,-30.495932],[-71.333974,-30.492958],[-71.328964,-30.494433],[-71.32457,-30.491459],[-71.325186,-30.487009],[-71.330196,-30.485534],[-71.330813,-30.481084],[-71.335823,-30.479608],[-71.336439,-30.475157],[-71.332045,-30.472182],[-71.332662,-30.467731],[-71.328268,-30.464756],[-71.323258,-30.466232],[-71.318865,-30.463257],[-71.319481,-30.458806],[-71.315088,-30.45583],[-71.315705,-30.451379],[-71.311312,-30.448403],[-71.306303,-30.449879],[-71.301911,-30.446903],[-71.302528,-30.442451],[-71.298136,-30.439475],[-71.293127,-30.44095],[-71.29251,-30.445402],[-71.287502,-30.446878],[-71.286885,-30.451329],[-71.281877,-30.452804],[-71.277486,-30.449827],[-71.272478,-30.451302],[-71.271861,-30.455753],[-71.276252,-30.458729],[-71.275635,-30.463179],[-71.270627,-30.464653],[-71.270009,-30.469103],[-71.265001,-30.470577],[-71.264384,-30.475026],[-71.268775,-30.478002],[-71.268158,-30.482452],[-71.26315,-30.483924],[-71.258759,-30.480948],[-71.259376,-30.476499],[-71.254985,-30.473523],[-71.249978,-30.474995],[-71.24936,-30.479444],[-71.253751,-30.482421],[-71.253133,-30.486869],[-71.248125,-30.488341],[-71.243735,-30.485365],[-71.244352,-30.480916],[-71.239962,-30.47794],[-71.24058,-30.473491],[-71.23619,-30.470514],[-71.236807,-30.466065],[-71.241815,-30.464592],[-71.242432,-30.460143],[-71.247439,-30.45867],[-71.251829,-30.461647],[-71.256837,-30.460174],[-71.257454,-30.455723],[-71.253064,-30.452746],[-71.253681,-30.448296],[-71.249291,-30.445319],[-71.249908,-30.440868],[-71.254916,-30.439394],[-71.255533,-30.434942],[-71.251143,-30.431965],[-71.25176,-30.427513],[-71.256767,-30.426039],[-71.257384,-30.421586],[-71.252994,-30.418608],[-71.253612,-30.414156],[-71.258618,-30.412681],[-71.259235,-30.408228],[-71.264242,-30.406752],[-71.264859,-30.402299],[-71.269866,-30.400823],[-71.270483,-30.396369],[-71.266093,-30.393391],[-71.26671,-30.388936],[-71.26232,-30.385958],[-71.262937,-30.381503],[-71.258548,-30.378525],[-71.259165,-30.374069],[-71.254776,-30.371091],[-71.255393,-30.366635],[-71.260399,-30.365158],[-71.261016,-30.360702],[-71.256627,-30.357723],[-71.251621,-30.3592],[-71.247233,-30.356221],[-71.242228,-30.357697],[-71.24161,-30.362153],[-71.236605,-30.363629],[-71.232217,-30.36065],[-71.227212,-30.362126],[-71.226595,-30.366581],[-71.22159,-30.368056],[-71.220973,-30.372511],[-71.215968,-30.373986],[-71.21535,-30.37844],[-71.210345,-30.379914],[-71.205958,-30.376934],[-71.200954,-30.378408],[-71.196567,-30.375428],[-71.197185,-30.370974],[-71.192799,-30.367994],[-71.187795,-30.369468],[-71.187177,-30.373922],[-71.182173,-30.375395],[-71.181555,-30.379849],[-71.176551,-30.381322],[-71.175933,-30.385775],[-71.170929,-30.387247],[-71.166544,-30.384266],[-71.167162,-30.379813],[-71.172165,-30.378341],[-71.172555,-30.375532],[-71.172782,-30.375173],[-71.17307,-30.374827],[-71.17403,-30.374616],[-71.174663,-30.374405],[-71.175373,-30.374232],[-71.175815,-30.373963],[-71.176026,-30.373579],[-71.176468,-30.372869],[-71.176534,-30.372783],[-71.177787,-30.372415],[-71.177901,-30.371595],[-71.177965,-30.371544],[-71.178618,-30.371237],[-71.179693,-30.370565],[-71.18071,-30.369797],[-71.181536,-30.369298],[-71.18263,-30.368722],[-71.18334,-30.368223],[-71.184531,-30.367417],[-71.184649,-30.36733],[-71.185183,-30.366937],[-71.186028,-30.366303],[-71.186393,-30.365977],[-71.186585,-30.365708],[-71.186988,-30.365324],[-71.187238,-30.365247],[-71.187641,-30.365228],[-71.188658,-30.365305],[-71.189272,-30.365267],[-71.189791,-30.365305],[-71.190559,-30.36519],[-71.191423,-30.365055],[-71.19244,-30.364902],[-71.193035,-30.364767],[-71.193259,-30.364676],[-71.19411,-30.364326],[-71.195281,-30.363923],[-71.196184,-30.3635],[-71.197969,-30.362752],[-71.198781,-30.36231],[-71.198852,-30.362272],[-71.19987,-30.361849],[-71.200906,-30.361523],[-71.201885,-30.361273],[-71.202461,-30.361101],[-71.202941,-30.360774],[-71.203248,-30.360486],[-71.20392,-30.359738],[-71.204304,-30.35897],[-71.204592,-30.358432],[-71.204861,-30.357511],[-71.205168,-30.357012],[-71.205248,-30.356955],[-71.205437,-30.35682],[-71.205974,-30.356512],[-71.206685,-30.356167],[-71.207069,-30.355879],[-71.207952,-30.355092],[-71.2087,-30.354228],[-71.208912,-30.353614],[-71.208854,-30.353019],[-71.208451,-30.352231],[-71.208067,-30.351675],[-71.207683,-30.350984],[-71.207629,-30.350805],[-71.209664,-30.350205],[-71.214051,-30.353186],[-71.219055,-30.35171],[-71.219672,-30.347254],[-71.215286,-30.344274],[-71.215903,-30.339817],[-71.211516,-30.336837],[-71.212134,-30.33238],[-71.207951,-30.329538],[-71.207951,-30.32934],[-71.207896,-30.328625],[-71.207866,-30.328543],[-71.207676,-30.32802],[-71.207566,-30.327194],[-71.207511,-30.326534],[-71.207511,-30.325874],[-71.207621,-30.325269],[-71.20782,-30.324572],[-71.208365,-30.324942],[-71.213369,-30.323466],[-71.213986,-30.319009],[-71.210961,-30.316952],[-71.210985,-30.316889],[-71.211369,-30.316217],[-71.211695,-30.315564],[-71.21183,-30.315314],[-71.21229,-30.314969],[-71.212713,-30.314815],[-71.213289,-30.314623],[-71.213749,-30.314355],[-71.214133,-30.314143],[-71.214575,-30.31399],[-71.215304,-30.313683],[-71.215765,-30.313587],[-71.216456,-30.313548],[-71.216898,-30.313491],[-71.217416,-30.313395],[-71.21805,-30.313414],[-71.218395,-30.313491],[-71.21901,-30.31351],[-71.21956,-30.313416],[-71.219681,-30.313395],[-71.220161,-30.313222],[-71.220535,-30.312914],[-71.220698,-30.312752],[-71.220777,-30.312672],[-71.22112,-30.31243],[-71.221705,-30.312289],[-71.222431,-30.312188],[-71.22267,-30.31217],[-71.222964,-30.312147],[-71.223732,-30.312128],[-71.224423,-30.31207],[-71.225073,-30.311966],[-71.225162,-30.311971],[-71.225614,-30.311993],[-71.226425,-30.312067],[-71.22709,-30.312107],[-71.227695,-30.312228],[-71.22828,-30.312289],[-71.228845,-30.31237],[-71.229683,-30.312262],[-71.230758,-30.311974],[-71.231584,-30.311513],[-71.232256,-30.311168],[-71.233139,-30.31088],[-71.233945,-30.310745],[-71.234338,-30.310672],[-71.23456,-30.31063],[-71.235308,-30.310649],[-71.235827,-30.310899],[-71.236153,-30.311149],[-71.236575,-30.311648],[-71.236825,-30.312108],[-71.237155,-30.312497],[-71.237593,-30.312876],[-71.238034,-30.313164],[-71.238745,-30.313395],[-71.239295,-30.313541],[-71.239666,-30.313894],[-71.239935,-30.314316],[-71.240396,-30.314835],[-71.24076,-30.315142],[-71.24096,-30.315321],[-71.241027,-30.315382],[-71.241339,-30.31591],[-71.241675,-30.316366],[-71.241817,-30.316881],[-71.241867,-30.317325],[-71.242011,-30.317709],[-71.242227,-30.317997],[-71.243019,-30.318261],[-71.243882,-30.318381],[-71.244674,-30.318381],[-71.245826,-30.318405],[-71.246474,-30.318381],[-71.247146,-30.318357],[-71.247651,-30.318521],[-71.247962,-30.318621],[-71.249258,-30.318885],[-71.25,-30.319292],[-71.250002,-30.319293],[-71.250722,-30.319797],[-71.251345,-30.320181],[-71.252017,-30.320637],[-71.252329,-30.321141],[-71.252953,-30.321957],[-71.253697,-30.322389],[-71.254417,-30.322653],[-71.254993,-30.323109],[-71.255737,-30.323637],[-71.255908,-30.323735],[-71.256529,-30.324093],[-71.257057,-30.324381],[-71.258113,-30.324956],[-71.259073,-30.325484],[-71.259864,-30.325796],[-71.259884,-30.325802],[-71.26068,-30.326036],[-71.261424,-30.326228],[-71.26204,-30.3262],[-71.262456,-30.32618],[-71.263536,-30.326204],[-71.264616,-30.326468],[-71.265672,-30.326876],[-71.266296,-30.327116],[-71.267064,-30.327092],[-71.267879,-30.32678],[-71.268305,-30.326643],[-71.268695,-30.326516],[-71.269463,-30.326324],[-71.270087,-30.326156],[-71.270855,-30.325964],[-71.271647,-30.325964],[-71.272319,-30.325988],[-71.272919,-30.326156],[-71.273711,-30.326348],[-71.274503,-30.326636],[-71.274711,-30.326732],[-71.275438,-30.327068],[-71.27599,-30.3275],[-71.276974,-30.3281],[-71.277526,-30.328484],[-71.278246,-30.328748],[-71.278767,-30.328868],[-71.279494,-30.329036],[-71.280025,-30.329439],[-71.28019,-30.329564],[-71.280694,-30.329924],[-71.281558,-30.330428],[-71.282422,-30.330644],[-71.282998,-30.330716],[-71.283765,-30.330932],[-71.284797,-30.331004],[-71.285493,-30.331052],[-71.286261,-30.331052],[-71.287053,-30.331004],[-71.287653,-30.330884],[-71.288374,-30.330512],[-71.288397,-30.3305],[-71.289309,-30.33026],[-71.290461,-30.329948],[-71.291252,-30.32978],[-71.292031,-30.329544],[-71.29273,-30.329296],[-71.293181,-30.329116],[-71.293541,-30.329093],[-71.293812,-30.329184]],[[-71.243462,-30.348785],[-71.244079,-30.344328],[-71.239691,-30.341349],[-71.234686,-30.342825],[-71.234069,-30.347282],[-71.238457,-30.350262],[-71.243462,-30.348785]],[[-71.544738,-30.499069],[-71.549142,-30.502038],[-71.554159,-30.500553],[-71.554772,-30.496099],[-71.550369,-30.49313],[-71.545352,-30.494615],[-71.544738,-30.499069]],[[-71.541563,-30.487191],[-71.546579,-30.485706],[-71.547193,-30.481252],[-71.54279,-30.478282],[-71.537774,-30.479767],[-71.53716,-30.484222],[-71.541563,-30.487191]],[[-71.398953,-30.891183],[-71.39957,-30.886756],[-71.395166,-30.883792],[-71.390147,-30.885256],[-71.38953,-30.889683],[-71.393933,-30.892647],[-71.398953,-30.891183]],[[-71.419651,-30.880898],[-71.424056,-30.883861],[-71.429076,-30.882396],[-71.433481,-30.885359],[-71.438502,-30.883894],[-71.439118,-30.879465],[-71.434713,-30.876502],[-71.429692,-30.877968],[-71.425288,-30.875005],[-71.420267,-30.87647],[-71.419651,-30.880898]],[[-71.406439,-30.872008],[-71.410843,-30.874972],[-71.415863,-30.873507],[-71.416479,-30.869078],[-71.412075,-30.866115],[-71.407055,-30.86758],[-71.406439,-30.872008]],[[-71.40133,-30.839504],[-71.400714,-30.843934],[-71.405117,-30.846899],[-71.410136,-30.845433],[-71.410753,-30.841003],[-71.406349,-30.838038],[-71.40133,-30.839504]],[[-71.631093,-30.955056],[-71.631706,-30.950628],[-71.627292,-30.947672],[-71.622264,-30.949143],[-71.62165,-30.953571],[-71.626065,-30.956527],[-71.631093,-30.955056]],[[-71.607182,-30.953556],[-71.612209,-30.952085],[-71.612823,-30.947657],[-71.608409,-30.9447],[-71.603382,-30.946171],[-71.602768,-30.950599],[-71.607182,-30.953556]],[[-71.605224,-30.932886],[-71.600811,-30.929929],[-71.595785,-30.9314],[-71.591372,-30.928442],[-71.586346,-30.929912],[-71.581934,-30.926954],[-71.582548,-30.922525],[-71.578136,-30.919567],[-71.57311,-30.921037],[-71.572496,-30.925466],[-71.576908,-30.928424],[-71.576293,-30.932853],[-71.580705,-30.935811],[-71.585732,-30.934341],[-71.590144,-30.937298],[-71.58953,-30.941726],[-71.593942,-30.944684],[-71.598969,-30.943214],[-71.599583,-30.938786],[-71.60461,-30.937315],[-71.605224,-30.932886]],[[-71.549718,-30.881133],[-71.550333,-30.876702],[-71.545923,-30.873742],[-71.540899,-30.875213],[-71.540285,-30.879643],[-71.544694,-30.882604],[-71.549718,-30.881133]],[[-71.557815,-30.857504],[-71.562839,-30.856033],[-71.563453,-30.8516],[-71.559043,-30.848639],[-71.559658,-30.844206],[-71.564682,-30.842734],[-71.565296,-30.8383],[-71.57032,-30.836827],[-71.570934,-30.832394],[-71.566524,-30.829433],[-71.567138,-30.824998],[-71.562729,-30.822037],[-71.557705,-30.823511],[-71.557091,-30.827945],[-71.552068,-30.829417],[-71.551453,-30.833851],[-71.54643,-30.835323],[-71.545815,-30.839757],[-71.550224,-30.842718],[-71.54961,-30.847151],[-71.554019,-30.850111],[-71.553405,-30.854544],[-71.557815,-30.857504]],[[-71.571379,-30.968268],[-71.566966,-30.96531],[-71.56194,-30.966779],[-71.557528,-30.963821],[-71.552502,-30.965289],[-71.551888,-30.969714],[-71.556299,-30.972672],[-71.561326,-30.971204],[-71.565737,-30.974162],[-71.570764,-30.972694],[-71.571379,-30.968268]],[[-71.565013,-30.944647],[-71.569424,-30.947605],[-71.57445,-30.946135],[-71.575065,-30.941708],[-71.570653,-30.93875],[-71.565627,-30.940219],[-71.561216,-30.937261],[-71.55619,-30.93873],[-71.555575,-30.943157],[-71.559987,-30.946115],[-71.565013,-30.944647]],[[-71.470576,-30.895772],[-71.471191,-30.891343],[-71.466785,-30.888382],[-71.461763,-30.889848],[-71.461147,-30.894277],[-71.465553,-30.897238],[-71.470576,-30.895772]],[[-71.47806,-30.876589],[-71.482467,-30.879551],[-71.487489,-30.878083],[-71.488104,-30.873653],[-71.483697,-30.870692],[-71.478675,-30.87216],[-71.47806,-30.876589]],[[-71.500711,-30.886967],[-71.505119,-30.889928],[-71.510143,-30.88846],[-71.510758,-30.88403],[-71.515781,-30.882561],[-71.516396,-30.878131],[-71.511988,-30.87517],[-71.506965,-30.876639],[-71.50635,-30.881069],[-71.501327,-30.882538],[-71.500711,-30.886967]],[[-71.474293,-30.660653],[-71.479311,-30.659178],[-71.479926,-30.654735],[-71.475523,-30.651768],[-71.470505,-30.653243],[-71.46989,-30.657686],[-71.474293,-30.660653]],[[-71.492521,-30.668078],[-71.487503,-30.669554],[-71.486888,-30.673996],[-71.491292,-30.676962],[-71.490677,-30.681404],[-71.485658,-30.682879],[-71.485043,-30.68732],[-71.489447,-30.690287],[-71.488833,-30.694727],[-71.483814,-30.696202],[-71.483199,-30.700643],[-71.47818,-30.702117],[-71.477565,-30.706557],[-71.472546,-30.70803],[-71.468143,-30.705064],[-71.463124,-30.706538],[-71.458721,-30.703571],[-71.453703,-30.705044],[-71.4493,-30.702078],[-71.444282,-30.70355],[-71.443667,-30.70799],[-71.448069,-30.710956],[-71.453087,-30.709484],[-71.45749,-30.71245],[-71.456875,-30.716889],[-71.461278,-30.719855],[-71.460663,-30.724293],[-71.455645,-30.725766],[-71.455029,-30.730204],[-71.450011,-30.731676],[-71.449395,-30.736113],[-71.453799,-30.739079],[-71.453183,-30.743516],[-71.457587,-30.746482],[-71.456971,-30.750919],[-71.451952,-30.75239],[-71.451337,-30.756826],[-71.455741,-30.759792],[-71.455125,-30.764228],[-71.459529,-30.767193],[-71.458914,-30.771628],[-71.453894,-30.773099],[-71.453279,-30.777534],[-71.448259,-30.779004],[-71.447644,-30.783439],[-71.442624,-30.784908],[-71.442009,-30.789342],[-71.436989,-30.790812],[-71.436374,-30.795245],[-71.440777,-30.79821],[-71.445797,-30.796741],[-71.450201,-30.799705],[-71.455221,-30.798236],[-71.455837,-30.793802],[-71.451432,-30.790838],[-71.452048,-30.786403],[-71.457068,-30.784933],[-71.457683,-30.780499],[-71.462703,-30.779028],[-71.463318,-30.774593],[-71.468338,-30.773122],[-71.468953,-30.768686],[-71.473973,-30.767215],[-71.474588,-30.762779],[-71.479608,-30.761307],[-71.480223,-30.75687],[-71.485243,-30.755398],[-71.485858,-30.750961],[-71.490878,-30.749488],[-71.491493,-30.745051],[-71.496513,-30.743577],[-71.500919,-30.746542],[-71.505939,-30.745068],[-71.506554,-30.74063],[-71.502148,-30.737666],[-71.502763,-30.733227],[-71.507783,-30.731753],[-71.512189,-30.734717],[-71.517209,-30.733243],[-71.517824,-30.728804],[-71.513418,-30.725839],[-71.514033,-30.7214],[-71.519053,-30.719925],[-71.519667,-30.715485],[-71.515262,-30.71252],[-71.515876,-30.70808],[-71.520896,-30.706604],[-71.521511,-30.702163],[-71.526531,-30.700687],[-71.527145,-30.696246],[-71.532165,-30.694769],[-71.53278,-30.690328],[-71.528374,-30.687363],[-71.528988,-30.68292],[-71.534008,-30.681443],[-71.534622,-30.677001],[-71.530217,-30.674035],[-71.525197,-30.675513],[-71.520792,-30.672547],[-71.515772,-30.674024],[-71.511368,-30.671058],[-71.506348,-30.672534],[-71.501944,-30.669568],[-71.502559,-30.665126],[-71.498155,-30.662159],[-71.493136,-30.663635],[-71.492521,-30.668078]],[[-71.462412,-30.676929],[-71.457394,-30.678403],[-71.456779,-30.682844],[-71.461182,-30.685811],[-71.4662,-30.684337],[-71.466815,-30.679896],[-71.462412,-30.676929]],[[-71.480025,-30.688795],[-71.475621,-30.685829],[-71.470603,-30.687303],[-71.469988,-30.691744],[-71.474391,-30.69471],[-71.47941,-30.693236],[-71.480025,-30.688795]],[[-71.554812,-30.705151],[-71.549791,-30.706628],[-71.549177,-30.711069],[-71.553584,-30.714033],[-71.558605,-30.712556],[-71.563013,-30.71552],[-71.568034,-30.714042],[-71.568648,-30.709601],[-71.564241,-30.706637],[-71.559219,-30.708115],[-71.554812,-30.705151]],[[-71.575399,-30.660728],[-71.579807,-30.663693],[-71.584828,-30.662213],[-71.585441,-30.657768],[-71.581034,-30.654803],[-71.576013,-30.656284],[-71.575399,-30.660728]],[[-71.532886,-30.724378],[-71.532271,-30.728818],[-71.536678,-30.731782],[-71.541699,-30.730306],[-71.542313,-30.725867],[-71.537907,-30.722902],[-71.532886,-30.724378]],[[-71.521001,-30.740646],[-71.51598,-30.74212],[-71.515366,-30.746559],[-71.519772,-30.749523],[-71.524793,-30.748048],[-71.529199,-30.751012],[-71.528585,-30.75545],[-71.532992,-30.758414],[-71.538013,-30.756939],[-71.538628,-30.752501],[-71.534221,-30.749538],[-71.534835,-30.745099],[-71.530428,-30.742135],[-71.525407,-30.74361],[-71.521001,-30.740646]],[[-71.52253,-30.625139],[-71.517512,-30.626618],[-71.516897,-30.631063],[-71.521302,-30.63403],[-71.52632,-30.632551],[-71.526935,-30.628106],[-71.52253,-30.625139]],[[-71.513722,-30.619205],[-71.51874,-30.617726],[-71.519354,-30.61328],[-71.51495,-30.610313],[-71.509932,-30.611792],[-71.505529,-30.608824],[-71.500511,-30.610303],[-71.499897,-30.614749],[-71.5043,-30.617716],[-71.509318,-30.616238],[-71.513722,-30.619205]],[[-71.568256,-30.782115],[-71.56887,-30.777678],[-71.564461,-30.774716],[-71.559438,-30.776191],[-71.558824,-30.780628],[-71.563233,-30.78359],[-71.568256,-30.782115]],[[-71.581371,-30.756974],[-71.581985,-30.752535],[-71.577576,-30.749573],[-71.57819,-30.745133],[-71.573781,-30.74217],[-71.574395,-30.737731],[-71.579417,-30.736254],[-71.580031,-30.731814],[-71.575623,-30.728851],[-71.570601,-30.730328],[-71.566193,-30.727364],[-71.561171,-30.728841],[-71.560557,-30.733281],[-71.555535,-30.734758],[-71.551128,-30.731794],[-71.546106,-30.73327],[-71.545492,-30.73771],[-71.549899,-30.740673],[-71.549285,-30.745112],[-71.544264,-30.746588],[-71.543649,-30.751026],[-71.548057,-30.753989],[-71.553079,-30.752514],[-71.553693,-30.748075],[-71.558715,-30.7466],[-71.559329,-30.74216],[-71.564351,-30.740684],[-71.568759,-30.743647],[-71.568145,-30.748086],[-71.572553,-30.751049],[-71.57194,-30.755488],[-71.566917,-30.756964],[-71.562509,-30.754001],[-71.557487,-30.755477],[-71.556872,-30.759915],[-71.55185,-30.76139],[-71.547443,-30.758428],[-71.542421,-30.759902],[-71.541806,-30.76434],[-71.546214,-30.767303],[-71.5456,-30.77174],[-71.550008,-30.774703],[-71.55503,-30.773228],[-71.555644,-30.768791],[-71.560667,-30.767316],[-71.561281,-30.762878],[-71.566303,-30.761402],[-71.570712,-30.764365],[-71.575734,-30.762889],[-71.576348,-30.75845],[-71.581371,-30.756974]],[[-71.487289,-30.810115],[-71.487904,-30.805681],[-71.492925,-30.80421],[-71.497331,-30.807173],[-71.502352,-30.805702],[-71.502967,-30.801268],[-71.498561,-30.798305],[-71.499176,-30.79387],[-71.504197,-30.792398],[-71.504812,-30.787963],[-71.500406,-30.784999],[-71.501021,-30.780564],[-71.506042,-30.779091],[-71.506656,-30.774655],[-71.50225,-30.771692],[-71.502865,-30.767255],[-71.498459,-30.764291],[-71.493439,-30.765764],[-71.489033,-30.762799],[-71.484013,-30.764271],[-71.483398,-30.768708],[-71.487803,-30.771672],[-71.492824,-30.7702],[-71.49723,-30.773164],[-71.496615,-30.7776],[-71.491594,-30.779072],[-71.487188,-30.776108],[-71.482168,-30.77758],[-71.481553,-30.782015],[-71.476532,-30.783486],[-71.475917,-30.787921],[-71.480323,-30.790885],[-71.479707,-30.79532],[-71.474687,-30.79679],[-71.474072,-30.801224],[-71.478477,-30.804188],[-71.477862,-30.808622],[-71.472841,-30.810092],[-71.472226,-30.814525],[-71.476631,-30.817489],[-71.476016,-30.821921],[-71.480422,-30.824885],[-71.485443,-30.823415],[-71.486058,-30.818982],[-71.49108,-30.817512],[-71.491695,-30.813078],[-71.487289,-30.810115]],[[-71.47038,-30.827823],[-71.465359,-30.829292],[-71.464743,-30.833724],[-71.469149,-30.836687],[-71.47417,-30.835219],[-71.478576,-30.838181],[-71.477961,-30.842613],[-71.472939,-30.844082],[-71.472324,-30.848513],[-71.47673,-30.851476],[-71.476115,-30.855907],[-71.480521,-30.858869],[-71.485543,-30.8574],[-71.48995,-30.860362],[-71.489335,-30.864793],[-71.493742,-30.867755],[-71.498764,-30.866286],[-71.499379,-30.861855],[-71.504402,-30.860386],[-71.505017,-30.855955],[-71.51004,-30.854485],[-71.510654,-30.850054],[-71.506247,-30.847092],[-71.506862,-30.84266],[-71.511884,-30.84119],[-71.512499,-30.836757],[-71.517522,-30.835286],[-71.518136,-30.830853],[-71.513729,-30.827891],[-71.508707,-30.829362],[-71.5043,-30.8264],[-71.499278,-30.82787],[-71.498663,-30.832303],[-71.493641,-30.833773],[-71.493026,-30.838205],[-71.488004,-30.839675],[-71.483597,-30.836712],[-71.484213,-30.83228],[-71.479807,-30.829317],[-71.474785,-30.830786],[-71.47038,-30.827823]],[[-71.528796,-30.823477],[-71.523774,-30.824949],[-71.523159,-30.829382],[-71.527567,-30.832344],[-71.53259,-30.830872],[-71.533204,-30.826439],[-71.528796,-30.823477]],[[-71.52121,-30.808684],[-71.525618,-30.811647],[-71.53064,-30.810175],[-71.531254,-30.80574],[-71.536277,-30.804267],[-71.536891,-30.799832],[-71.532483,-30.796869],[-71.527461,-30.798342],[-71.526847,-30.802777],[-71.521825,-30.80425],[-71.52121,-30.808684]],[[-71.440256,-30.836633],[-71.440872,-30.832202],[-71.436467,-30.829238],[-71.431447,-30.830705],[-71.430831,-30.835136],[-71.435236,-30.8381],[-71.440256,-30.836633]],[[-71.442103,-30.823338],[-71.442719,-30.818906],[-71.438315,-30.815942],[-71.433295,-30.81741],[-71.432679,-30.821842],[-71.437083,-30.824806],[-71.442103,-30.823338]],[[-71.549502,-30.813153],[-71.550116,-30.808718],[-71.555139,-30.807245],[-71.555753,-30.802809],[-71.560776,-30.801335],[-71.56139,-30.796899],[-71.556982,-30.793938],[-71.557596,-30.789501],[-71.553187,-30.786539],[-71.548165,-30.788013],[-71.547551,-30.792449],[-71.551959,-30.795412],[-71.551345,-30.799847],[-71.546322,-30.801321],[-71.545708,-30.805756],[-71.540685,-30.807229],[-71.54007,-30.811664],[-71.535048,-30.813137],[-71.534433,-30.817571],[-71.538841,-30.820533],[-71.543864,-30.81906],[-71.544479,-30.814626],[-71.549502,-30.813153]],[[-71.53136,-30.839739],[-71.526952,-30.836777],[-71.521929,-30.838248],[-71.521315,-30.842681],[-71.525723,-30.845642],[-71.525108,-30.850075],[-71.520085,-30.851545],[-71.51947,-30.855977],[-71.523878,-30.858938],[-71.528902,-30.857468],[-71.529516,-30.853036],[-71.53454,-30.851565],[-71.535154,-30.847133],[-71.530746,-30.844171],[-71.53136,-30.839739]],[[-71.523264,-30.863369],[-71.518241,-30.864839],[-71.517626,-30.86927],[-71.522034,-30.872231],[-71.527057,-30.870761],[-71.527672,-30.86633],[-71.523264,-30.863369]],[[-71.420084,-30.808516],[-71.415681,-30.805551],[-71.410662,-30.807018],[-71.40626,-30.804053],[-71.401241,-30.80552],[-71.400625,-30.809952],[-71.405027,-30.812918],[-71.410046,-30.811451],[-71.414449,-30.814416],[-71.419468,-30.812948],[-71.420084,-30.808516]],[[-71.440162,-30.802643],[-71.435142,-30.804112],[-71.434526,-30.808545],[-71.43893,-30.811509],[-71.44395,-30.810041],[-71.444566,-30.805608],[-71.440162,-30.802643]],[[-71.52869,-30.789471],[-71.533098,-30.792434],[-71.53812,-30.790961],[-71.538735,-30.786525],[-71.534327,-30.783562],[-71.529305,-30.785035],[-71.52869,-30.789471]],[[-71.469499,-30.521304],[-71.464484,-30.522784],[-71.463869,-30.527234],[-71.468269,-30.530205],[-71.473285,-30.528725],[-71.473899,-30.524274],[-71.469499,-30.521304]],[[-71.492733,-30.527253],[-71.492118,-30.531703],[-71.49652,-30.534673],[-71.495906,-30.539123],[-71.500308,-30.542093],[-71.505324,-30.540612],[-71.505938,-30.536161],[-71.501536,-30.533192],[-71.50215,-30.528741],[-71.507167,-30.527259],[-71.507781,-30.522808],[-71.503379,-30.519839],[-71.503993,-30.515387],[-71.499591,-30.512417],[-71.500206,-30.507965],[-71.505222,-30.506483],[-71.509623,-30.509453],[-71.514639,-30.50797],[-71.515253,-30.503517],[-71.510852,-30.500547],[-71.505836,-30.50203],[-71.501434,-30.49906],[-71.496419,-30.500542],[-71.495804,-30.504995],[-71.490789,-30.506477],[-71.490175,-30.510929],[-71.485159,-30.51241],[-71.484545,-30.516862],[-71.488946,-30.519832],[-71.488331,-30.524283],[-71.492733,-30.527253]],[[-71.535425,-30.53172],[-71.536039,-30.527268],[-71.531636,-30.524299],[-71.53225,-30.519847],[-71.537267,-30.518364],[-71.53788,-30.513912],[-71.533477,-30.510943],[-71.534091,-30.50649],[-71.529688,-30.50352],[-71.530302,-30.499067],[-71.5259,-30.496098],[-71.526514,-30.491644],[-71.53153,-30.49016],[-71.532144,-30.485706],[-71.527741,-30.482736],[-71.522725,-30.48422],[-71.518323,-30.48125],[-71.513308,-30.482734],[-71.512694,-30.487188],[-71.517096,-30.490158],[-71.516482,-30.494611],[-71.520884,-30.497581],[-71.52027,-30.502034],[-71.524672,-30.505004],[-71.524058,-30.509457],[-71.519042,-30.51094],[-71.518428,-30.515392],[-71.52283,-30.518361],[-71.522216,-30.522813],[-71.517199,-30.524295],[-71.516585,-30.528747],[-71.520988,-30.531716],[-71.520374,-30.536167],[-71.524777,-30.539136],[-71.529794,-30.537654],[-71.530408,-30.533203],[-71.535425,-30.53172]],[[-71.413634,-30.507901],[-71.413019,-30.512352],[-71.417417,-30.515324],[-71.42243,-30.513845],[-71.423045,-30.509395],[-71.418647,-30.506423],[-71.413634,-30.507901]],[[-71.346089,-30.57898],[-71.345473,-30.583425],[-71.349869,-30.586397],[-71.354882,-30.584924],[-71.355498,-30.580479],[-71.351102,-30.577507],[-71.351718,-30.573062],[-71.347322,-30.57009],[-71.342309,-30.571563],[-71.341693,-30.576008],[-71.346089,-30.57898]],[[-71.60223,-30.605892],[-71.597822,-30.602926],[-71.592802,-30.604409],[-71.592189,-30.608857],[-71.596596,-30.611823],[-71.601617,-30.61034],[-71.60223,-30.605892]],[[-71.594029,-30.595512],[-71.594642,-30.591063],[-71.590235,-30.588097],[-71.585215,-30.58958],[-71.584602,-30.594029],[-71.589009,-30.596995],[-71.594029,-30.595512]],[[-71.558168,-30.576229],[-71.562573,-30.579196],[-71.567592,-30.577714],[-71.568205,-30.573265],[-71.5638,-30.570298],[-71.558781,-30.57178],[-71.558168,-30.576229]],[[-71.549358,-30.570295],[-71.554376,-30.568813],[-71.55499,-30.564363],[-71.550586,-30.561395],[-71.545567,-30.562878],[-71.544954,-30.567327],[-71.549358,-30.570295]]]},"properties":{"comuna":"Ovalle","mancha_id":"04301-88b2196033fffff","clase":"Medio","nivel_medio":1.967,"nivel_medio_min":1.5,"nivel_medio_max":2.5,"pct_alto":28.2,"n_hexagonos":1332,"area_ha":86159.78}},{"type":"Feature","geometry":{"type":"Polygon","coordinates":[[[-71.544954,-30.567327],[-71.545567,-30.562878],[-71.550586,-30.561395],[-71.55499,-30.564363],[-71.554376,-30.568813],[-71.549358,-30.570295],[-71.544954,-30.567327]]]},"properties":{"comuna":"Ovalle","mancha_id":"04301-88b2e6dac3fffff","clase":"Alto","nivel_medio":2.612,"nivel_medio_min":2.612,"nivel_medio_max":2.612,"pct_alto":66.0,"n_hexagonos":1,"area_ha":68.34}},{"type":"Feature","geometry":{"type":"Polygon","coordinates":[[[-71.643251,-30.657771],[-71.643864,-30.653324],[-71.648887,-30.651841],[-71.653297,-30.654804],[-71.652684,-30.659251],[-71.647661,-30.660734],[-71.643251,-30.657771]]]},"properties":{"comuna":"Ovalle","mancha_id":"04301-88b2e6d9b9fffff","clase":"Alto","nivel_medio":3.438,"nivel_medio_min":3.438,"nivel_medio_max":3.438,"pct_alto":100.0,"n_hexagonos":1,"area_ha":68.29}},{"type":"Feature","geometry":{"type":"Polygon","coordinates":[[[-71.71162,-30.61618],[-71.711665,-30.61621],[-71.711616,-30.616224],[-71.711517,-30.616158],[-71.71162,-30.61618]]]},"properties":{"comuna":"Ovalle","mancha_id":"04301-88b2e6d921fffff","clase":"Alto","nivel_medio":2.749,"nivel_medio_min":2.749,"nivel_medio_max":2.749,"pct_alto":77.9,"n_hexagonos":1,"area_ha":0.0}},{"type":"Feature","geometry":{"type":"Polygon","coordinates":[[[-71.62599,-30.573258],[-71.626603,-30.568807],[-71.631623,-30.567322],[-71.632236,-30.56287],[-71.637257,-30.561384],[-71.641665,-30.56435],[-71.641052,-30.568801],[-71.636031,-30.570287],[-71.635419,-30.574738],[-71.630398,-30.576224],[-71.62599,-30.573258]]]},"properties":{"comuna":"Ovalle","mancha_id":"04301-88b2e6d845fffff","clase":"Alto","nivel_medio":2.603,"nivel_medio_min":2.583,"nivel_medio_max":2.622,"pct_alto":78.9,"n_hexagonos":2,"area_ha":136.8}},{"type":"Feature","geometry":{"type":"Polygon","coordinates":[[[-71.328665,-30.635238],[-71.329282,-30.630797],[-71.334295,-30.629327],[-71.338691,-30.632298],[-71.338075,-30.636739],[-71.333061,-30.638209],[-71.328665,-30.635238]]]},"properties":{"comuna":"Ovalle","mancha_id":"04301-88b2e6d5d5fffff","clase":"Alto","nivel_medio":2.627,"nivel_medio_min":2.627,"nivel_medio_max":2.627,"pct_alto":79.5,"n_hexagonos":1,"area_ha":68.1}},{"type":"Feature","geometry":{"type":"Polygon","coordinates":[[[-71.396044,-30.496012],[-71.391032,-30.49749],[-71.390416,-30.50194],[-71.385404,-30.503418],[-71.385169,-30.503259],[-71.385465,-30.503062],[-71.386209,-30.502174],[-71.386712,-30.50143],[-71.386832,-30.500758],[-71.386832,-30.5],[-71.386832,-30.499918],[-71.387168,-30.498863],[-71.387528,-30.498191],[-71.387864,-30.497615],[-71.388272,-30.497063],[-71.388929,-30.496067],[-71.389016,-30.495935],[-71.38916,-30.495023],[-71.38928,-30.494087],[-71.389352,-30.493223],[-71.389472,-30.492239],[-71.389712,-30.491712],[-71.3906,-30.490296],[-71.390888,-30.489624],[-71.39116,-30.488913],[-71.392263,-30.488588],[-71.39666,-30.491561],[-71.396044,-30.496012]]]},"properties":{"comuna":"Ovalle","mancha_id":"04301-88b2e6d2c3fffff","clase":"Alto","nivel_medio":2.545,"nivel_medio_min":2.543,"nivel_medio_max":2.55,"pct_alto":57.0,"n_hexagonos":2,"area_ha":74.01}},{"type":"Feature","geometry":{"type":"Polygon","coordinates":[[[-71.421395,-30.488534],[-71.421108,-30.488618],[-71.420813,-30.488418],[-71.42098,-30.488448],[-71.421395,-30.488534]]]},"properties":{"comuna":"Ovalle","mancha_id":"04301-88b2e6d217fffff","clase":"Alto","nivel_medio":2.989,"nivel_medio_min":2.989,"nivel_medio_max":2.989,"pct_alto":98.9,"n_hexagonos":1,"area_ha":0.04}},{"type":"Feature","geometry":{"type":"Polygon","coordinates":[[[-71.535425,-30.53172],[-71.530408,-30.533203],[-71.529794,-30.537654],[-71.524777,-30.539136],[-71.520374,-30.536167],[-71.520988,-30.531716],[-71.516585,-30.528747],[-71.517199,-30.524295],[-71.522216,-30.522813],[-71.52283,-30.518361],[-71.518428,-30.515392],[-71.519042,-30.51094],[-71.524058,-30.509457],[-71.524672,-30.505004],[-71.52027,-30.502034],[-71.520884,-30.497581],[-71.516482,-30.494611],[-71.517096,-30.490158],[-71.512694,-30.487188],[-71.513308,-30.482734],[-71.518323,-30.48125],[-71.522725,-30.48422],[-71.527741,-30.482736],[-71.532144,-30.485706],[-71.53153,-30.49016],[-71.526514,-30.491644],[-71.5259,-30.496098],[-71.530302,-30.499067],[-71.529688,-30.50352],[-71.534091,-30.50649],[-71.533477,-30.510943],[-71.53788,-30.513912],[-71.537267,-30.518364],[-71.53225,-30.519847],[-71.531636,-30.524299],[-71.536039,-30.527268],[-71.535425,-30.53172]]]},"properties":{"comuna":"Ovalle","mancha_id":"04301-88b2e6d101fffff","clase":"Alto","nivel_medio":2.603,"nivel_medio_min":2.505,"nivel_medio_max":2.858,"pct_alto":76.2,"n_hexagonos":11,"area_ha":752.4}},{"type":"Feature","geometry":{"type":"Polygon","coordinates":[[[-71.448729,-30.497546],[-71.449344,-30.493094],[-71.447907,-30.492123],[-71.447917,-30.492023],[-71.448253,-30.491472],[-71.448805,-30.491136],[-71.449381,-30.490632],[-71.449765,-30.490032],[-71.450293,-30.489456],[-71.4507,-30.488712],[-71.450868,-30.48768],[-71.450996,-30.486874],[-71.451272,-30.486345],[-71.451564,-30.485784],[-71.451916,-30.485126],[-71.45193,-30.485105],[-71.454973,-30.487161],[-71.454358,-30.491614],[-71.458758,-30.494585],[-71.458143,-30.499037],[-71.453129,-30.500518],[-71.448729,-30.497546]]]},"properties":{"comuna":"Ovalle","mancha_id":"04301-88b2e6d04bfffff","clase":"Alto","nivel_medio":2.583,"nivel_medio_min":2.515,"nivel_medio_max":2.614,"pct_alto":66.3,"n_hexagonos":2,"area_ha":100.18}},{"type":"Feature","geometry":{"type":"Polygon","coordinates":[[[-71.492118,-30.531703],[-71.492733,-30.527253],[-71.488331,-30.524283],[-71.488946,-30.519832],[-71.484545,-30.516862],[-71.485159,-30.51241],[-71.490175,-30.510929],[-71.490789,-30.506477],[-71.495804,-30.504995],[-71.496419,-30.500542],[-71.501434,-30.49906],[-71.505836,-30.50203],[-71.510852,-30.500547],[-71.515253,-30.503517],[-71.514639,-30.50797],[-71.509623,-30.509453],[-71.505222,-30.506483],[-71.500206,-30.507965],[-71.499591,-30.512417],[-71.503993,-30.515387],[-71.503379,-30.519839],[-71.507781,-30.522808],[-71.507167,-30.527259],[-71.50215,-30.528741],[-71.501536,-30.533192],[-71.505938,-30.536161],[-71.505324,-30.540612],[-71.500308,-30.542093],[-71.495906,-30.539123],[-71.49652,-30.534673],[-71.492118,-30.531703]]]},"properties":{"comuna":"Ovalle","mancha_id":"04301-88b2e6d025fffff","clase":"Alto","nivel_medio":2.666,"nivel_medio_min":2.542,"nivel_medio_max":2.898,"pct_alto":82.1,"n_hexagonos":9,"area_ha":615.33}},{"type":"Feature","geometry":{"type":"Polygon","coordinates":[[[-71.515366,-30.746559],[-71.51598,-30.74212],[-71.521001,-30.740646],[-71.525407,-30.74361],[-71.524793,-30.748048],[-71.519772,-30.749523],[-71.515366,-30.746559]]]},"properties":{"comuna":"Ovalle","mancha_id":"04301-88b2e6cf4bfffff","clase":"Alto","nivel_medio":2.592,"nivel_medio_min":2.592,"nivel_medio_max":2.592,"pct_alto":64.5,"n_hexagonos":1,"area_ha":68.09}},{"type":"Feature","geometry":{"type":"Polygon","coordinates":[[[-71.558824,-30.780628],[-71.559438,-30.776191],[-71.564461,-30.774716],[-71.56887,-30.777678],[-71.568256,-30.782115],[-71.563233,-30.78359],[-71.558824,-30.780628]]]},"properties":{"comuna":"Ovalle","mancha_id":"04301-88b2e6cf25fffff","clase":"Alto","nivel_medio":2.638,"nivel_medio_min":2.638,"nivel_medio_max":2.638,"pct_alto":69.0,"n_hexagonos":1,"area_ha":68.07}},{"type":"Feature","geometry":{"type":"Polygon","coordinates":[[[-71.51947,-30.855977],[-71.520085,-30.851545],[-71.525108,-30.850075],[-71.525723,-30.845642],[-71.521315,-30.842681],[-71.521929,-30.838248],[-71.526952,-30.836777],[-71.53136,-30.839739],[-71.530746,-30.844171],[-71.535154,-30.847133],[-71.53454,-30.851565],[-71.529516,-30.853036],[-71.528902,-30.857468],[-71.523878,-30.858938],[-71.51947,-30.855977]]]},"properties":{"comuna":"Ovalle","mancha_id":"04301-88b2e6cd8dfffff","clase":"Alto","nivel_medio":2.588,"nivel_medio_min":2.519,"nivel_medio_max":2.719,"pct_alto":74.0,"n_hexagonos":3,"area_ha":203.86}},{"type":"Feature","geometry":{"type":"Polygon","coordinates":[[[-71.517626,-30.86927],[-71.518241,-30.864839],[-71.523264,-30.863369],[-71.527672,-30.86633],[-71.527057,-30.870761],[-71.522034,-30.872231],[-71.517626,-30.86927]]]},"properties":{"comuna":"Ovalle","mancha_id":"04301-88b2e6cd87fffff","clase":"Alto","nivel_medio":2.8,"nivel_medio_min":2.8,"nivel_medio_max":2.8,"pct_alto":81.2,"n_hexagonos":1,"area_ha":67.92}},{"type":"Feature","geometry":{"type":"Polygon","coordinates":[[[-71.526847,-30.802777],[-71.527461,-30.798342],[-71.532483,-30.796869],[-71.536891,-30.799832],[-71.536277,-30.804267],[-71.531254,-30.80574],[-71.53064,-30.810175],[-71.525618,-30.811647],[-71.52121,-30.808684],[-71.521825,-30.80425],[-71.526847,-30.802777]]]},"properties":{"comuna":"Ovalle","mancha_id":"04301-88b2e6cd59fffff","clase":"Alto","nivel_medio":2.536,"nivel_medio_min":2.522,"nivel_medio_max":2.551,"pct_alto":64.0,"n_hexagonos":2,"area_ha":136.03}},{"type":"Feature","geometry":{"type":"Polygon","coordinates":[[[-71.551345,-30.799847],[-71.551959,-30.795412],[-71.547551,-30.792449],[-71.548165,-30.788013],[-71.553187,-30.786539],[-71.557596,-30.789501],[-71.556982,-30.793938],[-71.56139,-30.796899],[-71.560776,-30.801335],[-71.555753,-30.802809],[-71.555139,-30.807245],[-71.550116,-30.808718],[-71.549502,-30.813153],[-71.544479,-30.814626],[-71.543864,-30.81906],[-71.538841,-30.820533],[-71.534433,-30.817571],[-71.535048,-30.813137],[-71.54007,-30.811664],[-71.540685,-30.807229],[-71.545708,-30.805756],[-71.546322,-30.801321],[-71.551345,-30.799847]]]},"properties":{"comuna":"Ovalle","mancha_id":"04301-88b2e6cd41fffff","clase":"Alto","nivel_medio":2.644,"nivel_medio_min":2.569,"nivel_medio_max":2.707,"pct_alto":68.8,"n_hexagonos":5,"area_ha":340.14}},{"type":"Feature","geometry":{"type":"Polygon","coordinates":[[[-71.523159,-30.829382],[-71.523774,-30.824949],[-71.528796,-30.823477],[-71.533204,-30.826439],[-71.53259,-30.830872],[-71.527567,-30.832344],[-71.523159,-30.829382]]]},"properties":{"comuna":"Ovalle","mancha_id":"04301-88b2e6cd1bfffff","clase":"Alto","nivel_medio":2.592,"nivel_medio_min":2.592,"nivel_medio_max":2.592,"pct_alto":55.0,"n_hexagonos":1,"area_ha":67.98}},{"type":"Feature","geometry":{"type":"Polygon","coordinates":[[[-71.498663,-30.832303],[-71.499278,-30.82787],[-71.5043,-30.8264],[-71.508707,-30.829362],[-71.513729,-30.827891],[-71.518136,-30.830853],[-71.517522,-30.835286],[-71.512499,-30.836757],[-71.511884,-30.84119],[-71.506862,-30.84266],[-71.506247,-30.847092],[-71.510654,-30.850054],[-71.51004,-30.854485],[-71.505017,-30.855955],[-71.504402,-30.860386],[-71.499379,-30.861855],[-71.498764,-30.866286],[-71.493742,-30.867755],[-71.489335,-30.864793],[-71.48995,-30.860362],[-71.485543,-30.8574],[-71.480521,-30.858869],[-71.476115,-30.855907],[-71.47673,-30.851476],[-71.472324,-30.848513],[-71.472939,-30.844082],[-71.477961,-30.842613],[-71.478576,-30.838181],[-71.47417,-30.835219],[-71.474785,-30.830786],[-71.479807,-30.829317],[-71.484213,-30.83228],[-71.483597,-30.836712],[-71.488004,-30.839675],[-71.493026,-30.838205],[-71.493641,-30.833773],[-71.498663,-30.832303]],[[-71.481752,-30.850007],[-71.486158,-30.852969],[-71.49118,-30.8515],[-71.491795,-30.847069],[-71.487389,-30.844107],[-71.482367,-30.845576],[-71.481752,-30.850007]]]},"properties":{"comuna":"Ovalle","mancha_id":"04301-88b2e6cc35fffff","clase":"Alto","nivel_medio":2.701,"nivel_medio_min":2.514,"nivel_medio_max":2.931,"pct_alto":77.8,"n_hexagonos":15,"area_ha":1019.02}},{"type":"Feature","geometry":{"type":"Polygon","coordinates":[[[-71.49108,-30.817512],[-71.486058,-30.818982],[-71.485443,-30.823415],[-71.480422,-30.824885],[-71.476016,-30.821921],[-71.476631,-30.817489],[-71.472226,-30.814525],[-71.472841,-30.810092],[-71.477862,-30.808622],[-71.478477,-30.804188],[-71.474072,-30.801224],[-71.474687,-30.79679],[-71.479707,-30.79532],[-71.480323,-30.790885],[-71.475917,-30.787921],[-71.476532,-30.783486],[-71.481553,-30.782015],[-71.482168,-30.77758],[-71.487188,-30.776108],[-71.491594,-30.779072],[-71.496615,-30.7776],[-71.49723,-30.773164],[-71.492824,-30.7702],[-71.487803,-30.771672],[-71.483398,-30.768708],[-71.484013,-30.764271],[-71.489033,-30.762799],[-71.493439,-30.765764],[-71.498459,-30.764291],[-71.502865,-30.767255],[-71.50225,-30.771692],[-71.506656,-30.774655],[-71.506042,-30.779091],[-71.501021,-30.780564],[-71.500406,-30.784999],[-71.504812,-30.787963],[-71.504197,-30.792398],[-71.499176,-30.79387],[-71.498561,-30.798305],[-71.502967,-30.801268],[-71.502352,-30.805702],[-71.497331,-30.807173],[-71.492925,-30.80421],[-71.487904,-30.805681],[-71.487289,-30.810115],[-71.491695,-30.813078],[-71.49108,-30.817512]]]},"properties":{"comuna":"Ovalle","mancha_id":"04301-88b2e6cc03fffff","clase":"Alto","nivel_medio":2.692,"nivel_medio_min":2.502,"nivel_medio_max":2.952,"pct_alto":75.8,"n_hexagonos":17,"area_ha":1156.0}},{"type":"Feature","geometry":{"type":"Polygon","coordinates":[[[-71.698024,-30.67998],[-71.698636,-30.675534],[-71.702419,-30.674416],[-71.70238,-30.67447],[-71.70215,-30.67462],[-71.70193,-30.67472],[-71.70182,-30.6747],[-71.70173,-30.67467],[-71.70162,-30.67466],[-71.70152,-30.67475],[-71.70153,-30.67486],[-71.70161,-30.67504],[-71.70162,-30.67527],[-71.70161,-30.67547],[-71.70154,-30.67567],[-71.70137,-30.67584],[-71.70117,-30.67586],[-71.70104,-30.67582],[-71.70086,-30.67582],[-71.70066,-30.67594],[-71.70055,-30.67607],[-71.70048,-30.6762],[-71.70048,-30.67635],[-71.7005,-30.67666],[-71.70057,-30.6769],[-71.70065,-30.67711],[-71.70079,-30.67726],[-71.70092,-30.67737],[-71.70094,-30.67751],[-71.7009,-30.67763],[-71.70092,-30.67778],[-71.701,-30.67791],[-71.70109,-30.67808],[-71.70114,-30.67819],[-71.70128,-30.67833],[-71.70141,-30.67848],[-71.70144,-30.6786],[-71.70157,-30.67877],[-71.70175,-30.67891],[-71.70182,-30.67908],[-71.70188,-30.67934],[-71.70193,-30.67949],[-71.70202,-30.67966],[-71.7022,-30.67976],[-71.70236,-30.67993],[-71.7024,-30.68004],[-71.70236,-30.6802],[-71.70223,-30.68039],[-71.70205,-30.68052],[-71.70188,-30.68062],[-71.70175,-30.68076],[-71.70172,-30.68093],[-71.70168,-30.68117],[-71.70164,-30.68131],[-71.70151,-30.68159],[-71.70144,-30.68171],[-71.7014,-30.68191],[-71.70134,-30.68216],[-71.701319,-30.682191],[-71.698024,-30.67998]]]},"properties":{"comuna":"Ovalle","mancha_id":"04301-88b2e6cb6dfffff","clase":"Alto","nivel_medio":3.204,"nivel_medio_min":3.204,"nivel_medio_max":3.204,"pct_alto":82.0,"n_hexagonos":1,"area_ha":19.91}},{"type":"Feature","geometry":{"type":"Polygon","coordinates":[[[-71.696187,-30.693316],[-71.6968,-30.688871],[-71.699536,-30.688063],[-71.69954,-30.68808],[-71.69973,-30.68819],[-71.69992,-30.68828],[-71.69995,-30.6884],[-71.69988,-30.68854],[-71.69968,-30.68865],[-71.69952,-30.68873],[-71.69957,-30.68893],[-71.69964,-30.68909],[-71.69971,-30.68929],[-71.69972,-30.6895],[-71.69963,-30.68989],[-71.69958,-30.69016],[-71.69957,-30.69022],[-71.69955,-30.6904],[-71.69945,-30.6906],[-71.69929,-30.69078],[-71.69911,-30.69092],[-71.69868,-30.69107],[-71.69853,-30.69118],[-71.69848,-30.69129],[-71.69852,-30.69142],[-71.69862,-30.69157],[-71.69876,-30.69176],[-71.69892,-30.69197],[-71.69895,-30.69213],[-71.69894,-30.69235],[-71.6989,-30.69262],[-71.69891,-30.69291],[-71.699,-30.69306],[-71.69915,-30.69318],[-71.69932,-30.69329],[-71.69938,-30.69344],[-71.69941,-30.69376],[-71.69943,-30.69396],[-71.69937,-30.69414],[-71.69925,-30.69439],[-71.69915,-30.69452],[-71.69901,-30.69471],[-71.69894,-30.69495],[-71.69894,-30.6951],[-71.698973,-30.695185],[-71.696187,-30.693316]]]},"properties":{"comuna":"Ovalle","mancha_id":"04301-88b2e6cb67fffff","clase":"Alto","nivel_medio":2.985,"nivel_medio_min":2.985,"nivel_medio_max":2.985,"pct_alto":78.1,"n_hexagonos":1,"area_ha":17.31}},{"type":"Feature","geometry":{"type":"Polygon","coordinates":[[[-71.563013,-30.71552],[-71.558605,-30.712556],[-71.553584,-30.714033],[-71.549177,-30.711069],[-71.549791,-30.706628],[-71.554812,-30.705151],[-71.559219,-30.708115],[-71.564241,-30.706637],[-71.568648,-30.709601],[-71.568034,-30.714042],[-71.563013,-30.71552]]]},"properties":{"comuna":"Ovalle","mancha_id":"04301-88b2e6cac3fffff","clase":"Alto","nivel_medio":2.697,"nivel_medio_min":2.544,"nivel_medio_max":2.851,"pct_alto":78.8,"n_hexagonos":2,"area_ha":136.32}},{"type":"Feature","geometry":{"type":"Polygon","coordinates":[[[-71.685039,-30.739234],[-71.685651,-30.734792],[-71.690677,-30.733309],[-71.69509,-30.73627],[-71.694478,-30.740712],[-71.689452,-30.742194],[-71.685039,-30.739234]]]},"properties":{"comuna":"Ovalle","mancha_id":"04301-88b2e6c955fffff","clase":"Alto","nivel_medio":2.662,"nivel_medio_min":2.662,"nivel_medio_max":2.662,"pct_alto":68.3,"n_hexagonos":1,"area_ha":68.21}},{"type":"Feature","geometry":{"type":"Polygon","coordinates":[[[-71.706366,-30.724419],[-71.705754,-30.728862],[-71.704006,-30.729378],[-71.70378,-30.72931],[-71.70349,-30.72928],[-71.70317,-30.72922],[-71.70289,-30.72911],[-71.7027,-30.72906],[-71.70229,-30.7291],[-71.70191,-30.72916],[-71.70167,-30.72917],[-71.70141,-30.7292],[-71.70117,-30.72942],[-71.701,-30.72953],[-71.70061,-30.7296],[-71.7003,-30.7297],[-71.700076,-30.729907],[-71.696315,-30.727384],[-71.696927,-30.722941],[-71.701953,-30.721458],[-71.702565,-30.717015],[-71.698152,-30.714054],[-71.698764,-30.709611],[-71.694351,-30.70665],[-71.694963,-30.702206],[-71.699988,-30.700722],[-71.704401,-30.703683],[-71.703789,-30.708127],[-71.70742,-30.710563],[-71.70741,-30.71065],[-71.70741,-30.71086],[-71.70749,-30.71101],[-71.70769,-30.71115],[-71.70795,-30.71123],[-71.708177,-30.711275],[-71.70759,-30.715532],[-71.711793,-30.71835],[-71.71161,-30.71835],[-71.71146,-30.7184],[-71.7114,-30.71852],[-71.71143,-30.71874],[-71.71124,-30.71897],[-71.71111,-30.71911],[-71.7111,-30.71925],[-71.71121,-30.71933],[-71.71137,-30.71941],[-71.71142,-30.71961],[-71.71149,-30.71975],[-71.71136,-30.71995],[-71.71121,-30.72016],[-71.71115,-30.72032],[-71.71118,-30.72047],[-71.71135,-30.72057],[-71.71147,-30.72072],[-71.71155,-30.72079],[-71.71165,-30.72091],[-71.71164,-30.72105],[-71.711646,-30.721095],[-71.711582,-30.721559],[-71.71148,-30.72162],[-71.71144,-30.72171],[-71.7115,-30.72177],[-71.711553,-30.721764],[-71.711392,-30.722935],[-71.71114,-30.72301],[-71.71111,-30.72288],[-71.7111,-30.72268],[-71.71106,-30.72253],[-71.71088,-30.72242],[-71.71071,-30.72241],[-71.71041,-30.72245],[-71.71014,-30.72254],[-71.70998,-30.72277],[-71.70991,-30.72298],[-71.7099,-30.72327],[-71.709835,-30.723395],[-71.706366,-30.724419]]]},"properties":{"comuna":"Ovalle","mancha_id":"04301-88b2e6c941fffff","clase":"Alto","nivel_medio":3.042,"nivel_medio_min":2.624,"nivel_medio_max":3.329,"pct_alto":81.2,"n_hexagonos":4,"area_ha":267.99}},{"type":"Feature","geometry":{"type":"Polygon","coordinates":[[[-71.509318,-30.616238],[-71.509932,-30.611792],[-71.51495,-30.610313],[-71.519354,-30.61328],[-71.51874,-30.617726],[-71.513722,-30.619205],[-71.509318,-30.616238]]]},"properties":{"comuna":"Ovalle","mancha_id":"04301-88b2e6c309fffff","clase":"Alto","nivel_medio":2.554,"nivel_medio_min":2.554,"nivel_medio_max":2.554,"pct_alto":75.1,"n_hexagonos":1,"area_ha":68.25}},{"type":"Feature","geometry":{"type":"Polygon","coordinates":[[[-71.04121,-30.697887],[-71.04183,-30.693455],[-71.046836,-30.692],[-71.051221,-30.694976],[-71.050601,-30.699408],[-71.045595,-30.700863],[-71.04121,-30.697887]]]},"properties":{"comuna":"Ovalle","mancha_id":"04301-88b2e68f19fffff","clase":"Alto","nivel_medio":2.554,"nivel_medio_min":2.554,"nivel_medio_max":2.554,"pct_alto":71.9,"n_hexagonos":1,"area_ha":67.81}},{"type":"Feature","geometry":{"type":"Polygon","coordinates":[[[-71.044975,-30.705294],[-71.04936,-30.70827],[-71.04891,-30.711487],[-71.048269,-30.710774],[-71.047717,-30.710065],[-71.04693,-30.708884],[-71.046063,-30.707781],[-71.044882,-30.706836],[-71.044173,-30.706048],[-71.043611,-30.705691],[-71.044975,-30.705294]]]},"properties":{"comuna":"Ovalle","mancha_id":"04301-88b2e68f13fffff","clase":"Alto","nivel_medio":2.645,"nivel_medio_min":2.645,"nivel_medio_max":2.645,"pct_alto":72.0,"n_hexagonos":1,"area_ha":11.98}},{"type":"Feature","geometry":{"type":"Polygon","coordinates":[[[-71.056272,-30.727513],[-71.051265,-30.728967],[-71.050769,-30.728631],[-71.050769,-30.728466],[-71.051056,-30.727973],[-71.051549,-30.727152],[-71.051877,-30.726454],[-71.052286,-30.725582],[-71.052443,-30.725031],[-71.052207,-30.724086],[-71.05205,-30.723534],[-71.051813,-30.72251],[-71.050947,-30.72125],[-71.050776,-30.72061],[-71.052506,-30.720107],[-71.056892,-30.723083],[-71.056272,-30.727513]]]},"properties":{"comuna":"Ovalle","mancha_id":"04301-88b2e68c61fffff","clase":"Alto","nivel_medio":2.677,"nivel_medio_min":2.677,"nivel_medio_max":2.677,"pct_alto":72.2,"n_hexagonos":1,"area_ha":35.95}},{"type":"Feature","geometry":{"type":"Polygon","coordinates":[[[-71.204484,-30.594937],[-71.205103,-30.590496],[-71.200712,-30.587521],[-71.20133,-30.583079],[-71.19694,-30.580104],[-71.197559,-30.575662],[-71.202567,-30.574195],[-71.206957,-30.577171],[-71.206339,-30.581613],[-71.210729,-30.584588],[-71.210111,-30.589029],[-71.214502,-30.592004],[-71.213884,-30.596445],[-71.208875,-30.597912],[-71.204484,-30.594937]]]},"properties":{"comuna":"Ovalle","mancha_id":"04301-88b2e68b49fffff","clase":"Alto","nivel_medio":2.638,"nivel_medio_min":2.522,"nivel_medio_max":2.758,"pct_alto":60.1,"n_hexagonos":3,"area_ha":204.21}},{"type":"Feature","geometry":{"type":"Polygon","coordinates":[[[-71.242155,-30.635023],[-71.242773,-30.630584],[-71.247783,-30.629117],[-71.252177,-30.63209],[-71.251559,-30.63653],[-71.246548,-30.637996],[-71.242155,-30.635023]]]},"properties":{"comuna":"Ovalle","mancha_id":"04301-88b2e68b25fffff","clase":"Alto","nivel_medio":2.665,"nivel_medio_min":2.665,"nivel_medio_max":2.665,"pct_alto":69.8,"n_hexagonos":1,"area_ha":68.04}},{"type":"Feature","geometry":{"type":"Polygon","coordinates":[[[-71.200775,-30.621578],[-71.201393,-30.617138],[-71.206402,-30.615673],[-71.210793,-30.618647],[-71.210175,-30.623087],[-71.205166,-30.624552],[-71.200775,-30.621578]]]},"properties":{"comuna":"Ovalle","mancha_id":"04301-88b2e68b0bfffff","clase":"Alto","nivel_medio":2.592,"nivel_medio_min":2.592,"nivel_medio_max":2.592,"pct_alto":59.9,"n_hexagonos":1,"area_ha":68.03}},{"type":"Feature","geometry":{"type":"Polygon","coordinates":[[[-71.219576,-30.624595],[-71.220194,-30.620156],[-71.215803,-30.617182],[-71.216421,-30.612742],[-71.22143,-30.611276],[-71.225822,-30.61425],[-71.225204,-30.61869],[-71.229596,-30.621663],[-71.228978,-30.626103],[-71.223968,-30.627569],[-71.219576,-30.624595]]]},"properties":{"comuna":"Ovalle","mancha_id":"04301-88b2e68b05fffff","clase":"Alto","nivel_medio":3.089,"nivel_medio_min":3.025,"nivel_medio_max":3.153,"pct_alto":80.7,"n_hexagonos":2,"area_ha":136.08}},{"type":"Feature","geometry":{"type":"Polygon","coordinates":[[[-71.19156,-30.722147],[-71.192179,-30.717714],[-71.19719,-30.716253],[-71.201582,-30.719225],[-71.200963,-30.723658],[-71.195952,-30.725119],[-71.19156,-30.722147]]]},"properties":{"comuna":"Ovalle","mancha_id":"04301-88b2e68983fffff","clase":"Alto","nivel_medio":2.505,"nivel_medio_min":2.505,"nivel_medio_max":2.505,"pct_alto":75.2,"n_hexagonos":1,"area_ha":67.89}},{"type":"Feature","geometry":{"type":"Polygon","coordinates":[[[-71.168925,-30.677704],[-71.169544,-30.673268],[-71.174553,-30.671807],[-71.178944,-30.67478],[-71.178325,-30.679216],[-71.173316,-30.680678],[-71.168925,-30.677704]]]},"properties":{"comuna":"Ovalle","mancha_id":"04301-88b2e68839fffff","clase":"Alto","nivel_medio":2.561,"nivel_medio_min":2.561,"nivel_medio_max":2.561,"pct_alto":69.4,"n_hexagonos":1,"area_ha":67.93}},{"type":"Feature","geometry":{"type":"Polygon","coordinates":[[[-71.161383,-30.662885],[-71.162002,-30.658448],[-71.16701,-30.656986],[-71.1714,-30.659961],[-71.170782,-30.664397],[-71.165773,-30.665859],[-71.161383,-30.662885]]]},"properties":{"comuna":"Ovalle","mancha_id":"04301-88b2e6880bfffff","clase":"Alto","nivel_medio":2.511,"nivel_medio_min":2.511,"nivel_medio_max":2.511,"pct_alto":51.2,"n_hexagonos":1,"area_ha":67.94}},{"type":"Feature","geometry":{"type":"Polygon","coordinates":[[[-71.513851,-31.175806],[-71.518564,-31.174439],[-71.522548,-31.177105],[-71.522241,-31.177297],[-71.521742,-31.177739],[-71.521525,-31.178149],[-71.521358,-31.178467],[-71.521146,-31.178649],[-71.520782,-31.178698],[-71.520322,-31.178602],[-71.519746,-31.17843],[-71.518921,-31.178276],[-71.51798,-31.178027],[-71.517002,-31.177528],[-71.516311,-31.177278],[-71.515447,-31.17676],[-71.51491,-31.176395],[-71.514238,-31.176069],[-71.513851,-31.175806]]]},"properties":{"comuna":"Ovalle","mancha_id":"04301-88b2e67a6bfffff","clase":"Alto","nivel_medio":2.547,"nivel_medio_min":2.547,"nivel_medio_max":2.547,"pct_alto":60.4,"n_hexagonos":1,"area_ha":20.25}},{"type":"Feature","geometry":{"type":"Polygon","coordinates":[[[-71.489008,-31.178774],[-71.488392,-31.183185],[-71.484001,-31.184457],[-71.483972,-31.184168],[-71.483857,-31.18365],[-71.483588,-31.183074],[-71.483434,-31.182614],[-71.483242,-31.182307],[-71.482897,-31.182019],[-71.482552,-31.181654],[-71.48234,-31.181404],[-71.482014,-31.180829],[-71.481822,-31.180368],[-71.481707,-31.179658],[-71.481554,-31.179063],[-71.481093,-31.178468],[-71.480556,-31.1777],[-71.480251,-31.177078],[-71.484596,-31.175819],[-71.489008,-31.178774]]]},"properties":{"comuna":"Ovalle","mancha_id":"04301-88b2e67a51fffff","clase":"Alto","nivel_medio":2.53,"nivel_medio_min":2.53,"nivel_medio_max":2.53,"pct_alto":59.2,"n_hexagonos":1,"area_ha":49.48}},{"type":"Feature","geometry":{"type":"Polygon","coordinates":[[[-71.500711,-30.886967],[-71.501327,-30.882538],[-71.50635,-30.881069],[-71.506965,-30.876639],[-71.511988,-30.87517],[-71.516396,-30.878131],[-71.515781,-30.882561],[-71.510758,-30.88403],[-71.510143,-30.88846],[-71.505119,-30.889928],[-71.500711,-30.886967]]]},"properties":{"comuna":"Ovalle","mancha_id":"04301-88b2e6566dfffff","clase":"Alto","nivel_medio":2.741,"nivel_medio_min":2.585,"nivel_medio_max":2.898,"pct_alto":77.4,"n_hexagonos":2,"area_ha":135.79}},{"type":"Feature","geometry":{"type":"Polygon","coordinates":[[[-71.47806,-30.876589],[-71.478675,-30.87216],[-71.483697,-30.870692],[-71.488104,-30.873653],[-71.487489,-30.878083],[-71.482467,-30.879551],[-71.47806,-30.876589]]]},"properties":{"comuna":"Ovalle","mancha_id":"04301-88b2e6564dfffff","clase":"Alto","nivel_medio":2.642,"nivel_medio_min":2.642,"nivel_medio_max":2.642,"pct_alto":68.7,"n_hexagonos":1,"area_ha":67.89}},{"type":"Feature","geometry":{"type":"Polygon","coordinates":[[[-71.463706,-30.910521],[-71.463091,-30.914948],[-71.462201,-30.915208],[-71.46188,-30.915048],[-71.4616,-30.914607],[-71.461159,-30.914166],[-71.460719,-30.913686],[-71.459877,-30.913525],[-71.458836,-30.913525],[-71.458034,-30.913605],[-71.457273,-30.913766],[-71.456953,-30.913726],[-71.456712,-30.913405],[-71.456712,-30.913085],[-71.456672,-30.912524],[-71.456672,-30.911923],[-71.456592,-30.911362],[-71.456151,-30.910601],[-71.45543,-30.909799],[-71.454789,-30.908918],[-71.454765,-30.908883],[-71.4593,-30.90756],[-71.463706,-30.910521]]]},"properties":{"comuna":"Ovalle","mancha_id":"04301-88b2e65611fffff","clase":"Alto","nivel_medio":2.56,"nivel_medio_min":2.56,"nivel_medio_max":2.56,"pct_alto":74.8,"n_hexagonos":1,"area_ha":42.36}},{"type":"Feature","geometry":{"type":"Polygon","coordinates":[[[-71.551996,-31.003642],[-71.54697,-31.005108],[-71.544068,-31.003162],[-71.544136,-31.003054],[-71.544378,-31.002489],[-71.54462,-31.001951],[-71.544916,-31.001413],[-71.545266,-31.000983],[-71.545481,-31.00031],[-71.545769,-31.0],[-71.545831,-30.999933],[-71.546073,-30.999476],[-71.546289,-30.999045],[-71.546369,-30.998588],[-71.546181,-30.997996],[-71.5461,-30.997377],[-71.546048,-30.996889],[-71.546019,-30.996624],[-71.546019,-30.995951],[-71.546262,-30.995467],[-71.54645,-30.994929],[-71.546423,-30.994445],[-71.546423,-30.99393],[-71.546707,-30.993257],[-71.546854,-30.992723],[-71.547123,-30.992211],[-71.547457,-30.991809],[-71.547741,-30.991404],[-71.547803,-30.991159],[-71.548814,-30.991837],[-71.548199,-30.996261],[-71.552611,-30.999218],[-71.551996,-31.003642]]]},"properties":{"comuna":"Ovalle","mancha_id":"04301-88b2e655e3fffff","clase":"Alto","nivel_medio":2.573,"nivel_medio_min":2.525,"nivel_medio_max":2.582,"pct_alto":70.3,"n_hexagonos":2,"area_ha":62.58}},{"type":"Feature","geometry":{"type":"Polygon","coordinates":[[[-71.582046,-30.960904],[-71.582661,-30.956478],[-71.578248,-30.95352],[-71.578862,-30.949093],[-71.583889,-30.947624],[-71.588301,-30.950581],[-71.587687,-30.955008],[-71.5921,-30.957966],[-71.591486,-30.962392],[-71.586459,-30.963862],[-71.582046,-30.960904]]]},"properties":{"comuna":"Ovalle","mancha_id":"04301-88b2e65563fffff","clase":"Alto","nivel_medio":2.712,"nivel_medio_min":2.548,"nivel_medio_max":2.876,"pct_alto":78.9,"n_hexagonos":2,"area_ha":135.7}},{"type":"Feature","geometry":{"type":"Polygon","coordinates":[[[-71.553405,-30.854544],[-71.554019,-30.850111],[-71.54961,-30.847151],[-71.550224,-30.842718],[-71.545815,-30.839757],[-71.54643,-30.835323],[-71.551453,-30.833851],[-71.552068,-30.829417],[-71.557091,-30.827945],[-71.557705,-30.823511],[-71.562729,-30.822037],[-71.567138,-30.824998],[-71.566524,-30.829433],[-71.570934,-30.832394],[-71.57032,-30.836827],[-71.565296,-30.8383],[-71.564682,-30.842734],[-71.559658,-30.844206],[-71.559043,-30.848639],[-71.563453,-30.8516],[-71.562839,-30.856033],[-71.557815,-30.857504],[-71.553405,-30.854544]]]},"properties":{"comuna":"Ovalle","mancha_id":"04301-88b2e652d9fffff","clase":"Alto","nivel_medio":2.631,"nivel_medio_min":2.507,"nivel_medio_max":2.833,"pct_alto":71.2,"n_hexagonos":7,"area_ha":475.92}},{"type":"Feature","geometry":{"type":"Polygon","coordinates":[[[-71.646177,-30.95064],[-71.646791,-30.946212],[-71.651819,-30.944739],[-71.656234,-30.947695],[-71.655621,-30.952124],[-71.650592,-30.953596],[-71.646177,-30.95064]]]},"properties":{"comuna":"Ovalle","mancha_id":"04301-88b2e65193fffff","clase":"Alto","nivel_medio":2.532,"nivel_medio_min":2.532,"nivel_medio_max":2.532,"pct_alto":77.4,"n_hexagonos":1,"area_ha":67.91}},{"type":"Feature","geometry":{"type":"Polygon","coordinates":[[[-71.585732,-30.934341],[-71.586346,-30.929912],[-71.591372,-30.928442],[-71.595785,-30.9314],[-71.600811,-30.929929],[-71.605224,-30.932886],[-71.60461,-30.937315],[-71.599583,-30.938786],[-71.598969,-30.943214],[-71.593942,-30.944684],[-71.58953,-30.941726],[-71.590144,-30.937298],[-71.585732,-30.934341]]]},"properties":{"comuna":"Ovalle","mancha_id":"04301-88b2e65091fffff","clase":"Alto","nivel_medio":2.627,"nivel_medio_min":2.593,"nivel_medio_max":2.668,"pct_alto":70.9,"n_hexagonos":3,"area_ha":203.65}},{"type":"Feature","geometry":{"type":"Polygon","coordinates":[[[-71.653537,-30.89748],[-71.657952,-30.900437],[-71.66298,-30.898962],[-71.667394,-30.901919],[-71.666781,-30.906351],[-71.661753,-30.907825],[-71.66114,-30.912256],[-71.665555,-30.915213],[-71.664942,-30.919644],[-71.659914,-30.921118],[-71.659301,-30.925548],[-71.654272,-30.927022],[-71.653659,-30.931452],[-71.648631,-30.932925],[-71.644216,-30.929968],[-71.64483,-30.925538],[-71.649858,-30.924065],[-71.650471,-30.919635],[-71.646056,-30.916678],[-71.64667,-30.912248],[-71.642255,-30.909291],[-71.642869,-30.90486],[-71.638455,-30.901902],[-71.639068,-30.897471],[-71.644096,-30.895997],[-71.64851,-30.898954],[-71.653537,-30.89748]]]},"properties":{"comuna":"Ovalle","mancha_id":"04301-88b2e65031fffff","clase":"Alto","nivel_medio":2.888,"nivel_medio_min":2.53,"nivel_medio_max":3.401,"pct_alto":78.4,"n_hexagonos":9,"area_ha":611.61}},{"type":"Feature","geometry":{"type":"Polygon","coordinates":[[[-71.625214,-30.893029],[-71.620188,-30.894502],[-71.619574,-30.898933],[-71.623987,-30.901891],[-71.629014,-30.900418],[-71.633428,-30.903376],[-71.632814,-30.907807],[-71.627787,-30.90928],[-71.623374,-30.906322],[-71.618347,-30.907795],[-71.617733,-30.912225],[-71.622146,-30.915183],[-71.621533,-30.919613],[-71.616506,-30.921085],[-71.615892,-30.925514],[-71.610865,-30.926986],[-71.606452,-30.924028],[-71.607066,-30.919599],[-71.612092,-30.918127],[-71.612706,-30.913697],[-71.608293,-30.91074],[-71.603267,-30.912212],[-71.602653,-30.916641],[-71.597627,-30.918113],[-71.593214,-30.915155],[-71.593828,-30.910725],[-71.589416,-30.907767],[-71.59003,-30.903337],[-71.585618,-30.900378],[-71.586233,-30.895948],[-71.581821,-30.892989],[-71.582435,-30.888558],[-71.587461,-30.887086],[-71.591872,-30.890045],[-71.596898,-30.888573],[-71.597512,-30.884141],[-71.602538,-30.882669],[-71.603152,-30.878237],[-71.59874,-30.875278],[-71.599353,-30.870846],[-71.604379,-30.869372],[-71.608791,-30.872331],[-71.608177,-30.876764],[-71.61259,-30.879722],[-71.611976,-30.884154],[-71.616389,-30.887113],[-71.621415,-30.885639],[-71.625828,-30.888597],[-71.625214,-30.893029]],[[-71.604495,-30.903351],[-71.608907,-30.906309],[-71.613934,-30.904837],[-71.614547,-30.900406],[-71.610135,-30.897448],[-71.605108,-30.898921],[-71.600696,-30.895962],[-71.59567,-30.897434],[-71.595056,-30.901865],[-71.599468,-30.904823],[-71.604495,-30.903351]]]},"properties":{"comuna":"Ovalle","mancha_id":"04301-88b2e6501bfffff","clase":"Alto","nivel_medio":2.8,"nivel_medio_min":2.505,"nivel_medio_max":3.3,"pct_alto":79.5,"n_hexagonos":18,"area_ha":1222.96}},{"type":"Feature","geometry":{"type":"Polygon","coordinates":[[[-71.622358,-31.156998],[-71.622972,-31.152583],[-71.628004,-31.151119],[-71.632421,-31.154071],[-71.637453,-31.152606],[-71.638067,-31.14819],[-71.6431,-31.146725],[-71.647518,-31.149677],[-71.646904,-31.154093],[-71.641872,-31.155558],[-71.641258,-31.159973],[-71.636225,-31.161437],[-71.631807,-31.158486],[-71.626775,-31.15995],[-71.622358,-31.156998]]]},"properties":{"comuna":"Ovalle","mancha_id":"04301-88b2e64ee3fffff","clase":"Alto","nivel_medio":2.581,"nivel_medio_min":2.524,"nivel_medio_max":2.681,"pct_alto":60.1,"n_hexagonos":3,"area_ha":202.86}},{"type":"Feature","geometry":{"type":"Polygon","coordinates":[[[-71.639175,-31.105481],[-71.639789,-31.101062],[-71.64482,-31.099596],[-71.649238,-31.102548],[-71.648624,-31.106967],[-71.643593,-31.108434],[-71.639175,-31.105481]]]},"properties":{"comuna":"Ovalle","mancha_id":"04301-88b2e64e43fffff","clase":"Alto","nivel_medio":2.535,"nivel_medio_min":2.535,"nivel_medio_max":2.535,"pct_alto":54.3,"n_hexagonos":1,"area_ha":67.69}},{"type":"Feature","geometry":{"type":"Polygon","coordinates":[[[-71.62224,-31.123132],[-71.622854,-31.118715],[-71.627885,-31.117249],[-71.628499,-31.112831],[-71.63353,-31.111366],[-71.637947,-31.114318],[-71.637334,-31.118736],[-71.632302,-31.120202],[-71.631688,-31.124619],[-71.626657,-31.126085],[-71.62224,-31.123132]]]},"properties":{"comuna":"Ovalle","mancha_id":"04301-88b2e64e19fffff","clase":"Alto","nivel_medio":2.585,"nivel_medio_min":2.576,"nivel_medio_max":2.595,"pct_alto":62.9,"n_hexagonos":2,"area_ha":135.33}},{"type":"Feature","geometry":{"type":"Polygon","coordinates":[[[-71.539953,-31.044052],[-71.539732,-31.043762],[-71.540784,-31.044468],[-71.540441,-31.044367],[-71.539953,-31.044052]]]},"properties":{"comuna":"Ovalle","mancha_id":"04301-88b2e64751fffff","clase":"Alto","nivel_medio":2.99,"nivel_medio_min":2.99,"nivel_medio_max":2.99,"pct_alto":99.0,"n_hexagonos":1,"area_ha":0.11}},{"type":"Feature","geometry":{"type":"Polygon","coordinates":[[[-71.543388,-31.06554],[-71.538976,-31.062584],[-71.539286,-31.060356],[-71.539612,-31.059676],[-71.540761,-31.058719],[-71.541846,-31.057761],[-71.542628,-31.05728],[-71.542676,-31.05725],[-71.543116,-31.057138],[-71.543846,-31.056951],[-71.544698,-31.056754],[-71.549031,-31.059656],[-71.548416,-31.064076],[-71.543388,-31.06554]]]},"properties":{"comuna":"Ovalle","mancha_id":"04301-88b2e6471dfffff","clase":"Alto","nivel_medio":2.538,"nivel_medio_min":2.538,"nivel_medio_max":3.0,"pct_alto":64.8,"n_hexagonos":2,"area_ha":65.11}},{"type":"Feature","geometry":{"type":"Polygon","coordinates":[[[-71.512816,-31.146466],[-71.513432,-31.142052],[-71.51846,-31.140593],[-71.522873,-31.143547],[-71.522257,-31.147961],[-71.517229,-31.149421],[-71.512816,-31.146466]]]},"properties":{"comuna":"Ovalle","mancha_id":"04301-88b2e645d3fffff","clase":"Alto","nivel_medio":2.535,"nivel_medio_min":2.535,"nivel_medio_max":2.535,"pct_alto":52.7,"n_hexagonos":1,"area_ha":67.55}},{"type":"Feature","geometry":{"type":"Polygon","coordinates":[[[-71.548524,-31.09796],[-71.549139,-31.093543],[-71.554168,-31.09208],[-71.558581,-31.095035],[-71.557966,-31.099452],[-71.552938,-31.100915],[-71.548524,-31.09796]]]},"properties":{"comuna":"Ovalle","mancha_id":"04301-88b2e6455bfffff","clase":"Alto","nivel_medio":2.515,"nivel_medio_min":2.515,"nivel_medio_max":2.515,"pct_alto":51.5,"n_hexagonos":1,"area_ha":67.64}},{"type":"Feature","geometry":{"type":"Polygon","coordinates":[[[-71.607147,-31.127526],[-71.607761,-31.123109],[-71.612792,-31.121644],[-71.617209,-31.124597],[-71.616595,-31.129014],[-71.611564,-31.130478],[-71.607147,-31.127526]]]},"properties":{"comuna":"Ovalle","mancha_id":"04301-88b2e64527fffff","clase":"Alto","nivel_medio":2.598,"nivel_medio_min":2.598,"nivel_medio_max":2.598,"pct_alto":71.5,"n_hexagonos":1,"area_ha":67.64}},{"type":"Feature","geometry":{"type":"Polygon","coordinates":[[[-71.481416,-31.164041],[-71.477004,-31.161086],[-71.473804,-31.162014],[-71.473572,-31.161771],[-71.47314,-31.161507],[-71.47266,-31.160931],[-71.472396,-31.160259],[-71.472348,-31.159636],[-71.472133,-31.159252],[-71.471533,-31.158868],[-71.471005,-31.158556],[-71.470453,-31.158028],[-71.470069,-31.157411],[-71.469688,-31.156233],[-71.469455,-31.154807],[-71.473209,-31.153719],[-71.47762,-31.156674],[-71.482648,-31.155216],[-71.48706,-31.158171],[-71.486444,-31.162584],[-71.481416,-31.164041]]]},"properties":{"comuna":"Ovalle","mancha_id":"04301-88b2e644b1fffff","clase":"Alto","nivel_medio":2.618,"nivel_medio_min":2.6,"nivel_medio_max":2.644,"pct_alto":64.1,"n_hexagonos":2,"area_ha":113.44}},{"type":"Feature","geometry":{"type":"Polygon","coordinates":[[[-71.537237,-31.109719],[-71.537852,-31.105302],[-71.542881,-31.10384],[-71.547294,-31.106795],[-71.546679,-31.111211],[-71.54165,-31.112673],[-71.541035,-31.11709],[-71.545449,-31.120044],[-71.544834,-31.12446],[-71.549248,-31.127414],[-71.548632,-31.13183],[-71.553047,-31.134784],[-71.558076,-31.133322],[-71.558691,-31.128906],[-71.554277,-31.125952],[-71.554892,-31.121537],[-71.550478,-31.118582],[-71.551093,-31.114166],[-71.556122,-31.112704],[-71.560536,-31.115658],[-71.565565,-31.114195],[-71.569979,-31.117149],[-71.569365,-31.121566],[-71.573779,-31.12452],[-71.573165,-31.128936],[-71.568135,-31.130398],[-71.56752,-31.134814],[-71.571935,-31.137767],[-71.576965,-31.136305],[-71.57758,-31.131889],[-71.58261,-31.130426],[-71.587025,-31.13338],[-71.586411,-31.137795],[-71.590826,-31.140748],[-71.595857,-31.139285],[-71.596471,-31.134869],[-71.601502,-31.133406],[-71.605918,-31.136359],[-71.605304,-31.140775],[-71.600273,-31.142238],[-71.599659,-31.146654],[-71.594628,-31.148116],[-71.594013,-31.152532],[-71.59843,-31.155484],[-71.597815,-31.159899],[-71.592784,-31.161361],[-71.588368,-31.158409],[-71.583337,-31.159871],[-71.582883,-31.16313],[-71.582506,-31.163158],[-71.581983,-31.16319],[-71.581359,-31.163173],[-71.581028,-31.163016],[-71.580722,-31.162773],[-71.580349,-31.162404],[-71.580083,-31.162123],[-71.579861,-31.161988],[-71.579645,-31.161917],[-71.579321,-31.161928],[-71.578942,-31.162015],[-71.578337,-31.162078],[-71.577594,-31.162149],[-71.577355,-31.162266],[-71.576965,-31.16245],[-71.576647,-31.162703],[-71.576464,-31.162812],[-71.576055,-31.163073],[-71.575835,-31.163218],[-71.575441,-31.163356],[-71.574722,-31.163608],[-71.574525,-31.163628],[-71.574291,-31.163652],[-71.574121,-31.163669],[-71.573795,-31.163804],[-71.573115,-31.164131],[-71.572449,-31.164684],[-71.572088,-31.164989],[-71.5717,-31.165259],[-71.570886,-31.165599],[-71.57052,-31.165921],[-71.57018,-31.166234],[-71.569623,-31.166588],[-71.569314,-31.166822],[-71.569126,-31.167014],[-71.569026,-31.167114],[-71.568727,-31.167299],[-71.56819,-31.16755],[-71.567766,-31.167698],[-71.568246,-31.164255],[-71.573276,-31.162794],[-71.573891,-31.15838],[-71.569476,-31.155427],[-71.570091,-31.151012],[-71.565675,-31.148059],[-71.560646,-31.149521],[-71.556231,-31.146567],[-71.551201,-31.148028],[-71.546787,-31.145074],[-71.547402,-31.14066],[-71.542988,-31.137706],[-71.537959,-31.139167],[-71.533546,-31.136212],[-71.528517,-31.137673],[-71.524104,-31.134718],[-71.524719,-31.130303],[-71.529748,-31.128843],[-71.534161,-31.131797],[-71.53919,-31.130337],[-71.539805,-31.125921],[-71.535391,-31.122967],[-71.530363,-31.124428],[-71.52595,-31.121473],[-71.526565,-31.117057],[-71.531594,-31.115596],[-71.532209,-31.11118],[-71.537237,-31.109719]]]},"properties":{"comuna":"Ovalle","mancha_id":"04301-88b2e64421fffff","clase":"Alto","nivel_medio":2.626,"nivel_medio_min":2.501,"nivel_medio_max":2.826,"pct_alto":63.8,"n_hexagonos":30,"area_ha":1954.88}},{"type":"Feature","geometry":{"type":"Polygon","coordinates":[[[-71.659792,-31.061296],[-71.660405,-31.056874],[-71.66281,-31.056171],[-71.66281,-31.05643],[-71.66285,-31.05661],[-71.66311,-31.05689],[-71.6632,-31.05719],[-71.66312,-31.05846],[-71.66306,-31.05881],[-71.66312,-31.05915],[-71.66323,-31.05944],[-71.66331,-31.05963],[-71.66332,-31.05976],[-71.66318,-31.06013],[-71.66309,-31.06053],[-71.66301,-31.06072],[-71.66289,-31.06087],[-71.6625,-31.0611],[-71.6622,-31.06124],[-71.66211,-31.06137],[-71.66212,-31.0617],[-71.662165,-31.062005],[-71.6621,-31.06223],[-71.66197,-31.06243],[-71.661814,-31.062648],[-71.659792,-31.061296]]]},"properties":{"comuna":"Ovalle","mancha_id":"04301-88b2e641d9fffff","clase":"Alto","nivel_medio":3.236,"nivel_medio_min":3.236,"nivel_medio_max":3.236,"pct_alto":81.2,"n_hexagonos":1,"area_ha":16.76}},{"type":"Feature","geometry":{"type":"Polygon","coordinates":[[[-71.657951,-31.07456],[-71.658565,-31.070139],[-71.663275,-31.068764],[-71.66323,-31.06885],[-71.66309,-31.06913],[-71.66298,-31.06925],[-71.66277,-31.06937],[-71.66258,-31.06941],[-71.66233,-31.0695],[-71.66218,-31.06968],[-71.66217,-31.06983],[-71.66225,-31.07001],[-71.66243,-31.07015],[-71.66245,-31.07025],[-71.66238,-31.07038],[-71.66219,-31.07049],[-71.66205,-31.07052],[-71.66191,-31.07059],[-71.66191,-31.07078],[-71.662,-31.07099],[-71.66234,-31.07121],[-71.66266,-31.07139],[-71.66278,-31.07152],[-71.66275,-31.07167],[-71.66265,-31.07175],[-71.66224,-31.0718],[-71.66193,-31.07194],[-71.66159,-31.07211],[-71.66143,-31.07208],[-71.6613,-31.07214],[-71.6613,-31.07227],[-71.6614,-31.07238],[-71.66159,-31.07254],[-71.66194,-31.07275],[-71.66209,-31.07292],[-71.66218,-31.07315],[-71.66212,-31.07334],[-71.66204,-31.07365],[-71.66207,-31.07386],[-71.66217,-31.07406],[-71.66233,-31.07416],[-71.66241,-31.07416],[-71.66252,-31.07418],[-71.66264,-31.07425],[-71.66275,-31.07434],[-71.6628,-31.0745],[-71.66272,-31.07467],[-71.6625,-31.07483],[-71.66199,-31.0753],[-71.66188,-31.07547],[-71.66187,-31.07561],[-71.662,-31.07573],[-71.66217,-31.07579],[-71.6623,-31.0758],[-71.66247,-31.07592],[-71.66251,-31.07605],[-71.66244,-31.07625],[-71.66214,-31.07648],[-71.66172,-31.07681],[-71.66158,-31.076985],[-71.657951,-31.07456]]]},"properties":{"comuna":"Ovalle","mancha_id":"04301-88b2e641d3fffff","clase":"Alto","nivel_medio":3.456,"nivel_medio_min":3.456,"nivel_medio_max":3.456,"pct_alto":86.4,"n_hexagonos":1,"area_ha":26.87}},{"type":"Feature","geometry":{"type":"Polygon","coordinates":[[[-71.663667,-31.033357],[-71.663473,-31.034759],[-71.664538,-31.035472],[-71.66444,-31.03557],[-71.66417,-31.03577],[-71.66404,-31.0358],[-71.66394,-31.03591],[-71.66381,-31.0361],[-71.66377,-31.03623],[-71.66377,-31.0364],[-71.6638,-31.03659],[-71.66393,-31.03679],[-71.66399,-31.03706],[-71.66411,-31.03773],[-71.66419,-31.03826],[-71.66421,-31.03851],[-71.66413,-31.03889],[-71.66415,-31.03903],[-71.6643,-31.03948],[-71.66456,-31.03987],[-71.66468,-31.04002],[-71.66471,-31.04012],[-71.6647,-31.04029],[-71.66464,-31.04039],[-71.66446,-31.04058],[-71.66437,-31.04083],[-71.66434,-31.04121],[-71.66438,-31.04135],[-71.66449,-31.04157],[-71.6645,-31.04172],[-71.66439,-31.04185],[-71.66432,-31.04193],[-71.66432,-31.04201],[-71.66447,-31.04229],[-71.664475,-31.042405],[-71.66442,-31.04245],[-71.66437,-31.04242],[-71.66417,-31.04215],[-71.66404,-31.04208],[-71.6639,-31.04207],[-71.6638,-31.04216],[-71.66376,-31.04229],[-71.6638,-31.0425],[-71.66404,-31.043],[-71.66399,-31.04305],[-71.66387,-31.04305],[-71.66373,-31.04307],[-71.66371,-31.04313],[-71.663677,-31.043188],[-71.662246,-31.043606],[-71.657829,-31.040652],[-71.652798,-31.042122],[-71.648381,-31.039168],[-71.643351,-31.040637],[-71.638935,-31.037683],[-71.633905,-31.039151],[-71.633291,-31.043574],[-71.628262,-31.045042],[-71.623846,-31.042088],[-71.62446,-31.037665],[-71.620044,-31.034711],[-71.620658,-31.030288],[-71.616243,-31.027333],[-71.616857,-31.02291],[-71.612442,-31.019955],[-71.613056,-31.015531],[-71.618085,-31.014062],[-71.618699,-31.009638],[-71.623728,-31.008169],[-71.624342,-31.003745],[-71.619927,-31.000789],[-71.614898,-31.002258],[-71.614284,-31.006683],[-71.609256,-31.008152],[-71.608642,-31.012576],[-71.603613,-31.014044],[-71.602999,-31.018467],[-71.597971,-31.019935],[-71.597356,-31.024358],[-71.601771,-31.027314],[-71.601157,-31.031736],[-71.596128,-31.033203],[-71.595514,-31.037626],[-71.599928,-31.040581],[-71.599314,-31.045002],[-71.603729,-31.047957],[-71.608758,-31.04649],[-71.609372,-31.042068],[-71.614401,-31.040601],[-71.618816,-31.043556],[-71.618202,-31.047978],[-71.622618,-31.050932],[-71.622004,-31.055354],[-71.616974,-31.056821],[-71.61636,-31.061242],[-71.620776,-31.064196],[-71.620162,-31.068617],[-71.624578,-31.071571],[-71.623964,-31.075991],[-71.62838,-31.078944],[-71.633411,-31.077478],[-71.637827,-31.080431],[-71.642858,-31.078964],[-71.647275,-31.081916],[-71.652306,-31.080449],[-71.65523,-31.082403],[-71.65524,-31.08253],[-71.65524,-31.08266],[-71.65513,-31.08282],[-71.65499,-31.08291],[-71.65434,-31.08288],[-71.65393,-31.08294],[-71.65357,-31.08304],[-71.65331,-31.08315],[-71.65308,-31.08335],[-71.65297,-31.08362],[-71.65292,-31.08381],[-71.65295,-31.0839],[-71.65302,-31.08409],[-71.65261,-31.08465],[-71.65248,-31.0849],[-71.65249,-31.085],[-71.65252,-31.08515],[-71.65265,-31.08533],[-71.65294,-31.0856],[-71.6531,-31.08579],[-71.6532,-31.08617],[-71.65343,-31.08686],[-71.65374,-31.08765],[-71.65381,-31.08784],[-71.653822,-31.088489],[-71.651079,-31.089289],[-71.650465,-31.093709],[-71.645434,-31.095176],[-71.641017,-31.092224],[-71.641631,-31.087804],[-71.637214,-31.084851],[-71.632183,-31.086318],[-71.627766,-31.083365],[-71.622736,-31.084831],[-71.61832,-31.081877],[-71.618934,-31.077458],[-71.614518,-31.074504],[-71.615132,-31.070083],[-71.610716,-31.067129],[-71.605687,-31.068596],[-71.605073,-31.073016],[-71.600043,-31.074482],[-71.599429,-31.078902],[-71.594399,-31.080367],[-71.593785,-31.084786],[-71.588755,-31.086251],[-71.588141,-31.09067],[-71.592556,-31.093624],[-71.591942,-31.098042],[-71.596357,-31.100996],[-71.595742,-31.105414],[-71.590713,-31.106878],[-71.586297,-31.103925],[-71.581268,-31.105388],[-71.576853,-31.102434],[-71.577468,-31.098017],[-71.573053,-31.095062],[-71.568024,-31.096526],[-71.56361,-31.093571],[-71.564225,-31.089153],[-71.569254,-31.08769],[-71.573668,-31.090644],[-71.578697,-31.08918],[-71.579312,-31.084761],[-71.574897,-31.081807],[-71.575512,-31.077388],[-71.580541,-31.075923],[-71.581155,-31.071504],[-71.576741,-31.068549],[-71.571712,-31.070013],[-71.567299,-31.067058],[-71.56227,-31.068523],[-71.557857,-31.065567],[-71.558472,-31.061148],[-71.554059,-31.058192],[-71.554673,-31.053772],[-71.550261,-31.050816],[-71.550875,-31.046396],[-71.546463,-31.04344],[-71.547078,-31.039019],[-71.552105,-31.037554],[-71.55272,-31.033132],[-71.548308,-31.030176],[-71.54328,-31.031641],[-71.538869,-31.028684],[-71.535831,-31.029569],[-71.535143,-31.029096],[-71.53445,-31.028157],[-71.534047,-31.027189],[-71.533804,-31.026489],[-71.533751,-31.025897],[-71.533777,-31.025278],[-71.533912,-31.024686],[-71.534047,-31.024041],[-71.534181,-31.023395],[-71.534396,-31.022534],[-71.534377,-31.02201],[-71.534112,-31.021586],[-71.535072,-31.021306],[-71.535687,-31.016884],[-71.540713,-31.015419],[-71.541328,-31.010996],[-71.546355,-31.009531],[-71.550767,-31.012488],[-71.555794,-31.011022],[-71.560206,-31.013978],[-71.565233,-31.012512],[-71.565848,-31.008089],[-71.570875,-31.006622],[-71.575288,-31.009579],[-71.580316,-31.008111],[-71.58093,-31.003688],[-71.576517,-31.000731],[-71.577132,-30.996307],[-71.582159,-30.994839],[-71.582773,-30.990415],[-71.587801,-30.988947],[-71.588415,-30.984522],[-71.593442,-30.983053],[-71.597856,-30.98601],[-71.597242,-30.990435],[-71.601655,-30.993391],[-71.606684,-30.991922],[-71.611098,-30.994878],[-71.616126,-30.993409],[-71.620541,-30.996364],[-71.625569,-30.994895],[-71.629984,-30.99785],[-71.62937,-31.002275],[-71.633786,-31.00523],[-71.633172,-31.009655],[-71.637588,-31.01261],[-71.642617,-31.01114],[-71.647033,-31.014095],[-71.646419,-31.018519],[-71.650836,-31.021474],[-71.653001,-31.020841],[-71.65302,-31.02094],[-71.65309,-31.02107],[-71.65324,-31.02124],[-71.6534,-31.02135],[-71.65353,-31.0214],[-71.65366,-31.02144],[-71.65378,-31.02151],[-71.65393,-31.02164],[-71.65416,-31.02178],[-71.65424,-31.02192],[-71.65447,-31.02221],[-71.65514,-31.0228],[-71.65521,-31.02289],[-71.65531,-31.02301],[-71.65549,-31.02311],[-71.65558,-31.02313],[-71.65566,-31.02312],[-71.65572,-31.02309],[-71.655825,-31.023],[-71.65592,-31.02301],[-71.65605,-31.02319],[-71.65612,-31.02327],[-71.65618,-31.02328],[-71.65651,-31.0233],[-71.65661,-31.02327],[-71.65676,-31.02328],[-71.6569,-31.02337],[-71.65722,-31.02362],[-71.65747,-31.02372],[-71.65757,-31.02374],[-71.65766,-31.02381],[-71.65773,-31.02391],[-71.65781,-31.02397],[-71.65789,-31.02398],[-71.65797,-31.02404],[-71.65808,-31.02417],[-71.65814,-31.02422],[-71.65823,-31.02423],[-71.6584,-31.02422],[-71.65846,-31.02423],[-71.65853,-31.02428],[-71.65872,-31.02449],[-71.65879,-31.02453],[-71.65892,-31.02454],[-71.65927,-31.02453],[-71.6594,-31.02459],[-71.65973,-31.02484],[-71.65993,-31.02492],[-71.660009,-31.024932],[-71.659669,-31.027382],[-71.661849,-31.02884],[-71.66183,-31.02932],[-71.66178,-31.02949],[-71.6617,-31.02965],[-71.66154,-31.02986],[-71.66149,-31.02996],[-71.66148,-31.03028],[-71.66141,-31.0304],[-71.66139,-31.03054],[-71.66144,-31.03067],[-71.66154,-31.03079],[-71.66162,-31.03096],[-71.66165,-31.03114],[-71.66159,-31.03129],[-71.66163,-31.03146],[-71.66177,-31.03183],[-71.66199,-31.03227],[-71.66221,-31.03246],[-71.66228,-31.0325],[-71.66264,-31.03267],[-71.66331,-31.03316],[-71.663667,-31.033357]],[[-71.593557,-31.016979],[-71.594171,-31.012556],[-71.589757,-31.0096],[-71.584729,-31.011068],[-71.584115,-31.015491],[-71.588528,-31.018447],[-71.593557,-31.016979]],[[-71.590371,-31.005176],[-71.595399,-31.003708],[-71.596013,-30.999284],[-71.5916,-30.996328],[-71.586572,-30.997796],[-71.585958,-31.00222],[-71.590371,-31.005176]]]},"properties":{"comuna":"Ovalle","mancha_id":"04301-88b2e64003fffff","clase":"Alto","nivel_medio":2.775,"nivel_medio_min":2.504,"nivel_medio_max":3.423,"pct_alto":82.4,"n_hexagonos":104,"area_ha":6948.11}},{"type":"Feature","geometry":{"type":"Polygon","coordinates":[[[-71.382487,-30.836505],[-71.381871,-30.840935],[-71.378076,-30.842042],[-71.378022,-30.841772],[-71.377816,-30.841105],[-71.377534,-30.840541],[-71.37715,-30.840003],[-71.376714,-30.839541],[-71.376278,-30.839131],[-71.375961,-30.838832],[-71.375867,-30.838146],[-71.37593,-30.837522],[-71.375992,-30.836898],[-71.375992,-30.836275],[-71.376179,-30.83562],[-71.37593,-30.834933],[-71.375744,-30.834223],[-71.378085,-30.83354],[-71.382487,-30.836505]]]},"properties":{"comuna":"Ovalle","mancha_id":"04301-88b2e61b0bfffff","clase":"Alto","nivel_medio":2.698,"nivel_medio_min":2.698,"nivel_medio_max":2.698,"pct_alto":79.6,"n_hexagonos":1,"area_ha":42.28}},{"type":"Feature","geometry":{"type":"Polygon","coordinates":[[[-71.446081,-30.898674],[-71.450487,-30.901636],[-71.450078,-30.904579],[-71.449941,-30.904511],[-71.449541,-30.90407],[-71.4493,-30.90371],[-71.448739,-30.903189],[-71.448379,-30.902708],[-71.447898,-30.902387],[-71.447137,-30.902588],[-71.446416,-30.902788],[-71.445414,-30.903309],[-71.444613,-30.90371],[-71.444092,-30.90387],[-71.443331,-30.90395],[-71.44265,-30.90383],[-71.441728,-30.90371],[-71.441247,-30.90367],[-71.440586,-30.903544],[-71.44106,-30.900139],[-71.436654,-30.897177],[-71.43727,-30.892749],[-71.442292,-30.891284],[-71.446697,-30.894246],[-71.446081,-30.898674]]]},"properties":{"comuna":"Ovalle","mancha_id":"04301-88b2e61925fffff","clase":"Alto","nivel_medio":2.726,"nivel_medio_min":2.708,"nivel_medio_max":2.736,"pct_alto":81.0,"n_hexagonos":2,"area_ha":105.06}},{"type":"Feature","geometry":{"type":"Polygon","coordinates":[[[-71.21297,-30.775428],[-71.212351,-30.779859],[-71.208382,-30.781014],[-71.203354,-30.775417],[-71.203564,-30.773917],[-71.19917,-30.770947],[-71.199789,-30.766516],[-71.204801,-30.765057],[-71.209194,-30.768027],[-71.208576,-30.772458],[-71.21297,-30.775428]]]},"properties":{"comuna":"Ovalle","mancha_id":"04301-88b2e61311fffff","clase":"Alto","nivel_medio":2.587,"nivel_medio_min":2.511,"nivel_medio_max":2.65,"pct_alto":67.8,"n_hexagonos":2,"area_ha":124.27}},{"type":"Feature","geometry":{"type":"Polygon","coordinates":[[[-71.152098,-30.729393],[-71.152717,-30.724961],[-71.157726,-30.723502],[-71.162117,-30.726475],[-71.161498,-30.730907],[-71.156488,-30.732366],[-71.152098,-30.729393]]]},"properties":{"comuna":"Ovalle","mancha_id":"04301-88b2e61249fffff","clase":"Alto","nivel_medio":2.698,"nivel_medio_min":2.698,"nivel_medio_max":2.698,"pct_alto":74.6,"n_hexagonos":1,"area_ha":67.85}},{"type":"Feature","geometry":{"type":"Polygon","coordinates":[[[-71.544523,-30.430749],[-71.545137,-30.426292],[-71.550152,-30.424804],[-71.554555,-30.427775],[-71.553941,-30.432233],[-71.548926,-30.43372],[-71.544523,-30.430749]]]},"properties":{"comuna":"Ovalle","mancha_id":"04301-88b21ba68dfffff","clase":"Alto","nivel_medio":2.535,"nivel_medio_min":2.535,"nivel_medio_max":2.535,"pct_alto":80.9,"n_hexagonos":1,"area_ha":68.52}},{"type":"Feature","geometry":{"type":"Polygon","coordinates":[[[-71.53716,-30.484222],[-71.537774,-30.479767],[-71.54279,-30.478282],[-71.547193,-30.481252],[-71.546579,-30.485706],[-71.541563,-30.487191],[-71.53716,-30.484222]]]},"properties":{"comuna":"Ovalle","mancha_id":"04301-88b21ba4d3fffff","clase":"Alto","nivel_medio":2.615,"nivel_medio_min":2.615,"nivel_medio_max":2.615,"pct_alto":77.4,"n_hexagonos":1,"area_ha":68.45}},{"type":"Feature","geometry":{"type":"Polygon","coordinates":[[[-71.705368,-30.62661],[-71.70598,-30.622161],[-71.710382,-30.620858],[-71.7104,-30.62088],[-71.71047,-30.62098],[-71.71054,-30.62113],[-71.71063,-30.62124],[-71.71074,-30.62135],[-71.71086,-30.6214],[-71.71092,-30.62149],[-71.71093,-30.62159],[-71.71085,-30.62168],[-71.71073,-30.62189],[-71.71071,-30.62197],[-71.71063,-30.62208],[-71.71053,-30.62211],[-71.71043,-30.62211],[-71.71034,-30.62216],[-71.71028,-30.62226],[-71.71025,-30.62235],[-71.71027,-30.62244],[-71.71035,-30.62252],[-71.71035,-30.62265],[-71.71034,-30.62273],[-71.71038,-30.62283],[-71.71038,-30.62294],[-71.71041,-30.62303],[-71.71051,-30.62314],[-71.71052,-30.62328],[-71.71053,-30.62343],[-71.71041,-30.62357],[-71.71025,-30.62372],[-71.71014,-30.62377],[-71.71005,-30.62382],[-71.71004,-30.62398],[-71.71018,-30.624],[-71.71029,-30.624],[-71.71036,-30.6241],[-71.71038,-30.62423],[-71.71042,-30.62436],[-71.71051,-30.62447],[-71.71062,-30.62448],[-71.71069,-30.62448],[-71.71081,-30.62458],[-71.71091,-30.6246],[-71.711035,-30.624642],[-71.71108,-30.62468],[-71.71124,-30.62486],[-71.71146,-30.62488],[-71.71158,-30.62495],[-71.71177,-30.62494],[-71.71192,-30.62491],[-71.71207,-30.62487],[-71.71226,-30.62486],[-71.71248,-30.62489],[-71.712733,-30.625025],[-71.71277,-30.62507],[-71.71284,-30.62516],[-71.71288,-30.62528],[-71.71299,-30.6254],[-71.71309,-30.62551],[-71.71314,-30.62565],[-71.71321,-30.62579],[-71.71325,-30.62598],[-71.71328,-30.62612],[-71.71325,-30.62631],[-71.71312,-30.62649],[-71.71288,-30.6266],[-71.71269,-30.62662],[-71.71253,-30.62663],[-71.71235,-30.62658],[-71.7122,-30.62656],[-71.71206,-30.62662],[-71.71196,-30.62674],[-71.71189,-30.62689],[-71.71173,-30.62713],[-71.71161,-30.62735],[-71.71159,-30.62753],[-71.71153,-30.62771],[-71.71144,-30.62787],[-71.71128,-30.62798],[-71.71119,-30.62808],[-71.71107,-30.62821],[-71.71088,-30.62826],[-71.71079,-30.62831],[-71.7107,-30.62848],[-71.71068,-30.62865],[-71.71057,-30.6288],[-71.71047,-30.62887],[-71.71028,-30.62897],[-71.7102,-30.62905],[-71.7102,-30.62921],[-71.71018,-30.62933],[-71.71024,-30.62943],[-71.710245,-30.629435],[-71.70978,-30.629573],[-71.705368,-30.62661]]]},"properties":{"comuna":"Ovalle","mancha_id":"04301-88b21b36c9fffff","clase":"Alto","nivel_medio":2.939,"nivel_medio_min":2.939,"nivel_medio_max":2.939,"pct_alto":75.4,"n_hexagonos":1,"area_ha":41.84}},{"type":"Feature","geometry":{"type":"Polygon","coordinates":[[[-71.711133,-30.654776],[-71.711745,-30.650329],[-71.707333,-30.647367],[-71.707945,-30.642919],[-71.703532,-30.639957],[-71.704144,-30.635508],[-71.709168,-30.634022],[-71.709334,-30.634133],[-71.70929,-30.6342],[-71.70915,-30.63433],[-71.709,-30.63456],[-71.7089,-30.63479],[-71.70882,-30.63494],[-71.70881,-30.63515],[-71.70878,-30.63538],[-71.70856,-30.63562],[-71.70842,-30.63587],[-71.70837,-30.63598],[-71.70833,-30.63607],[-71.70817,-30.63625],[-71.70801,-30.63655],[-71.70797,-30.63673],[-71.70796,-30.63682],[-71.70803,-30.63696],[-71.70808,-30.63707],[-71.70825,-30.63713],[-71.70836,-30.6372],[-71.70846,-30.63736],[-71.70863,-30.63744],[-71.70876,-30.63746],[-71.70887,-30.63752],[-71.70892,-30.63769],[-71.70893,-30.63786],[-71.70898,-30.63802],[-71.70919,-30.6382],[-71.7094,-30.63835],[-71.70949,-30.63839],[-71.70966,-30.63846],[-71.7099,-30.63848],[-71.71003,-30.63849],[-71.71011,-30.63849],[-71.71028,-30.63842],[-71.71043,-30.63832],[-71.71053,-30.63831],[-71.71065,-30.63833],[-71.71072,-30.63838],[-71.71079,-30.63842],[-71.71097,-30.63843],[-71.71111,-30.63852],[-71.71124,-30.63864],[-71.71136,-30.63867],[-71.71158,-30.63862],[-71.71174,-30.63857],[-71.71186,-30.63862],[-71.71187,-30.63871],[-71.71188,-30.63881],[-71.71196,-30.63888],[-71.71213,-30.63889],[-71.71224,-30.63898],[-71.7123,-30.63909],[-71.7124,-30.63921],[-71.71255,-30.63931],[-71.71259,-30.63944],[-71.71253,-30.63963],[-71.71243,-30.63978],[-71.71244,-30.63988],[-71.71256,-30.63997],[-71.71264,-30.64007],[-71.71264,-30.64021],[-71.71271,-30.64033],[-71.71267,-30.64049],[-71.71248,-30.64073],[-71.71233,-30.64085],[-71.71218,-30.6409],[-71.71201,-30.64095],[-71.71194,-30.64105],[-71.71189,-30.64119],[-71.71195,-30.6413],[-71.7121,-30.64133],[-71.71217,-30.64141],[-71.71213,-30.64154],[-71.71196,-30.64163],[-71.7119,-30.64171],[-71.71194,-30.641737],[-71.71202,-30.64179],[-71.7122,-30.6418],[-71.71239,-30.64185],[-71.71259,-30.64191],[-71.71271,-30.642],[-71.71281,-30.64211],[-71.71283,-30.64239],[-71.71281,-30.64264],[-71.71292,-30.64288],[-71.71301,-30.64302],[-71.71317,-30.6431],[-71.71328,-30.64322],[-71.71337,-30.64335],[-71.71348,-30.64344],[-71.71365,-30.64352],[-71.71377,-30.64356],[-71.71387,-30.64365],[-71.71383,-30.64375],[-71.71369,-30.64377],[-71.71358,-30.64383],[-71.71359,-30.64396],[-71.71369,-30.64406],[-71.71377,-30.64423],[-71.71381,-30.64452],[-71.7138,-30.64487],[-71.71374,-30.64512],[-71.71373,-30.64529],[-71.71381,-30.64547],[-71.71397,-30.64564],[-71.71414,-30.64571],[-71.71436,-30.64577],[-71.7145,-30.64577],[-71.71466,-30.64582],[-71.71474,-30.64595],[-71.71466,-30.64609],[-71.7145,-30.64622],[-71.71448,-30.64638],[-71.71454,-30.6465],[-71.71468,-30.64655],[-71.71493,-30.64654],[-71.71518,-30.64657],[-71.71542,-30.64664],[-71.71559,-30.64669],[-71.71569,-30.64681],[-71.71569,-30.64702],[-71.71559,-30.64729],[-71.71556,-30.64751],[-71.71558,-30.64779],[-71.71565,-30.6481],[-71.7157,-30.64828],[-71.7157,-30.6485],[-71.71572,-30.64881],[-71.715798,-30.64913],[-71.71582,-30.64922],[-71.71593,-30.64933],[-71.716,-30.64945],[-71.71607,-30.6496],[-71.71606,-30.64976],[-71.71595,-30.64992],[-71.71592,-30.65003],[-71.71596,-30.65011],[-71.71611,-30.6502],[-71.71623,-30.65031],[-71.71628,-30.6504],[-71.71621,-30.65052],[-71.71616,-30.65064],[-71.71607,-30.65067],[-71.71594,-30.65061],[-71.71582,-30.65057],[-71.71564,-30.65069],[-71.71541,-30.65079],[-71.71522,-30.65089],[-71.71496,-30.65103],[-71.7148,-30.65104],[-71.7146,-30.65097],[-71.71445,-30.65087],[-71.71431,-30.6508],[-71.71418,-30.65085],[-71.71404,-30.65099],[-71.71392,-30.65115],[-71.71377,-30.6513],[-71.71364,-30.65144],[-71.7136,-30.65158],[-71.7136,-30.65177],[-71.7135,-30.65196],[-71.71332,-30.65217],[-71.71324,-30.6523],[-71.71322,-30.65247],[-71.71313,-30.65262],[-71.71311,-30.65277],[-71.71314,-30.65294],[-71.71331,-30.65311],[-71.71366,-30.65331],[-71.71404,-30.6535],[-71.71415,-30.65374],[-71.71426,-30.65417],[-71.71428,-30.65441],[-71.71431,-30.65464],[-71.71426,-30.65492],[-71.71415,-30.6552],[-71.71389,-30.6555],[-71.71367,-30.65576],[-71.71353,-30.65603],[-71.71345,-30.65619],[-71.713443,-30.656326],[-71.711133,-30.654776]]]},"properties":{"comuna":"Ovalle","mancha_id":"04301-88b21b3681fffff","clase":"Alto","nivel_medio":3.12,"nivel_medio_min":2.871,"nivel_medio_max":3.454,"pct_alto":79.1,"n_hexagonos":3,"area_ha":118.4}},{"type":"Feature","geometry":{"type":"Polygon","coordinates":[[[-71.702209,-30.789556],[-71.697182,-30.791036],[-71.69657,-30.795475],[-71.700984,-30.798434],[-71.700957,-30.798631],[-71.70095,-30.79864],[-71.70083,-30.79879],[-71.70077,-30.79894],[-71.70079,-30.79916],[-71.70083,-30.79921],[-71.700875,-30.79923],[-71.700372,-30.802872],[-71.695345,-30.804352],[-71.694732,-30.80879],[-71.699139,-30.811743],[-71.69913,-30.81183],[-71.6991,-30.81191],[-71.69896,-30.81201],[-71.69886,-30.81214],[-71.69888,-30.81235],[-71.69891,-30.81246],[-71.69895,-30.81258],[-71.69894,-30.81268],[-71.69892,-30.81276],[-71.69887,-30.81282],[-71.69873,-30.81295],[-71.69868,-30.81298],[-71.69846,-30.81299],[-71.69835,-30.81302],[-71.69828,-30.81303],[-71.69824,-30.81309],[-71.6982,-30.81316],[-71.69812,-30.81323],[-71.69802,-30.81328],[-71.6979,-30.81336],[-71.69781,-30.81344],[-71.69778,-30.81356],[-71.69784,-30.81369],[-71.69795,-30.81378],[-71.69799,-30.81384],[-71.69803,-30.81398],[-71.69801,-30.81404],[-71.69798,-30.8141],[-71.69793,-30.81425],[-71.69793,-30.81433],[-71.69797,-30.81439],[-71.69807,-30.81451],[-71.69806,-30.81458],[-71.69804,-30.81465],[-71.69801,-30.81472],[-71.69795,-30.81476],[-71.69794,-30.81506],[-71.69795,-30.81512],[-71.69801,-30.81518],[-71.69809,-30.81528],[-71.6981,-30.81563],[-71.69815,-30.81574],[-71.6982,-30.81581],[-71.69826,-30.81587],[-71.69832,-30.81591],[-71.69839,-30.81602],[-71.69843,-30.81613],[-71.698476,-30.816204],[-71.693507,-30.817666],[-71.692895,-30.822103],[-71.687868,-30.823582],[-71.687255,-30.828018],[-71.69167,-30.830976],[-71.691057,-30.835413],[-71.68603,-30.836891],[-71.685417,-30.841327],[-71.68039,-30.842805],[-71.679777,-30.84724],[-71.684192,-30.850198],[-71.683579,-30.854633],[-71.678551,-30.85611],[-71.677939,-30.860545],[-71.672911,-30.862022],[-71.672298,-30.866456],[-71.667271,-30.867932],[-71.662856,-30.864975],[-71.657829,-30.866451],[-71.657216,-30.870884],[-71.66163,-30.873842],[-71.666658,-30.872366],[-71.671072,-30.875323],[-71.670459,-30.879757],[-71.665432,-30.881233],[-71.661017,-30.878275],[-71.65599,-30.879751],[-71.651576,-30.876793],[-71.652189,-30.87236],[-71.647775,-30.869402],[-71.642748,-30.870877],[-71.642135,-30.87531],[-71.637108,-30.876785],[-71.632695,-30.873827],[-71.627668,-30.875301],[-71.623256,-30.872343],[-71.618229,-30.873817],[-71.613817,-30.870858],[-71.614431,-30.866425],[-71.610019,-30.863466],[-71.604993,-30.86494],[-71.600581,-30.861981],[-71.601195,-30.857548],[-71.596783,-30.854588],[-71.591758,-30.856062],[-71.591144,-30.860495],[-71.595556,-30.863454],[-71.594942,-30.867887],[-71.589917,-30.869359],[-71.589303,-30.873792],[-71.584277,-30.875264],[-71.583663,-30.879696],[-71.578638,-30.881168],[-71.574227,-30.878208],[-71.569202,-30.87968],[-71.564792,-30.87672],[-71.559767,-30.878191],[-71.555357,-30.875231],[-71.555972,-30.8708],[-71.560996,-30.869329],[-71.56161,-30.864897],[-71.566635,-30.863425],[-71.571045,-30.866385],[-71.570431,-30.870817],[-71.574841,-30.873777],[-71.579866,-30.872304],[-71.58048,-30.867873],[-71.585505,-30.8664],[-71.586119,-30.861968],[-71.581709,-30.859008],[-71.576684,-30.86048],[-71.572273,-30.85752],[-71.572887,-30.853088],[-71.577912,-30.851615],[-71.578526,-30.847182],[-71.583551,-30.845709],[-71.587961,-30.848669],[-71.592986,-30.847195],[-71.5936,-30.842761],[-71.598625,-30.841287],[-71.599239,-30.836853],[-71.594828,-30.833893],[-71.595441,-30.829458],[-71.591031,-30.826498],[-71.591645,-30.822063],[-71.587234,-30.819103],[-71.587848,-30.814667],[-71.592872,-30.813192],[-71.597283,-30.816153],[-71.602307,-30.814678],[-71.602921,-30.810242],[-71.607945,-30.808766],[-71.608559,-30.80433],[-71.604148,-30.801369],[-71.599124,-30.802845],[-71.594713,-30.799884],[-71.589689,-30.80136],[-71.585279,-30.798398],[-71.585893,-30.793962],[-71.581484,-30.791],[-71.582097,-30.786564],[-71.577688,-30.783602],[-71.578302,-30.779165],[-71.573893,-30.776203],[-71.574507,-30.771765],[-71.57953,-30.770289],[-71.583939,-30.773251],[-71.588962,-30.771775],[-71.589576,-30.767337],[-71.594599,-30.76586],[-71.595213,-30.761421],[-71.590803,-30.758459],[-71.591417,-30.75402],[-71.59644,-30.752543],[-71.597054,-30.748104],[-71.592644,-30.745141],[-71.593258,-30.740701],[-71.588849,-30.737739],[-71.589462,-30.733299],[-71.594485,-30.731821],[-71.595099,-30.72738],[-71.59069,-30.724417],[-71.585667,-30.725895],[-71.581259,-30.722932],[-71.581872,-30.718491],[-71.577464,-30.715528],[-71.578078,-30.711087],[-71.57367,-30.708123],[-71.574284,-30.703681],[-71.579305,-30.702203],[-71.579919,-30.697761],[-71.584941,-30.696282],[-71.585554,-30.691839],[-71.581146,-30.688875],[-71.576125,-30.690354],[-71.571717,-30.68739],[-71.572331,-30.682947],[-71.567924,-30.679983],[-71.562903,-30.681462],[-71.558496,-30.678497],[-71.553475,-30.679975],[-71.552861,-30.684418],[-71.557268,-30.687383],[-71.556654,-30.691825],[-71.561061,-30.694789],[-71.560447,-30.699231],[-71.555426,-30.700709],[-71.551019,-30.697745],[-71.545998,-30.699222],[-71.541592,-30.696257],[-71.542206,-30.691816],[-71.547227,-30.690338],[-71.547841,-30.685896],[-71.543434,-30.682931],[-71.544048,-30.678488],[-71.539642,-30.675523],[-71.540256,-30.67108],[-71.535851,-30.668115],[-71.536465,-30.663671],[-71.541485,-30.662193],[-71.542099,-30.657749],[-71.537693,-30.654784],[-71.538307,-30.650339],[-71.543327,-30.648861],[-71.543941,-30.644416],[-71.539535,-30.64145],[-71.540149,-30.637005],[-71.545169,-30.635526],[-71.549574,-30.638492],[-71.554594,-30.637012],[-71.555208,-30.632566],[-71.550802,-30.6296],[-71.551416,-30.625154],[-71.556436,-30.623674],[-71.557049,-30.619228],[-71.552644,-30.616261],[-71.553258,-30.611815],[-71.548852,-30.608848],[-71.549466,-30.604401],[-71.545061,-30.601434],[-71.540042,-30.602915],[-71.535638,-30.599948],[-71.530619,-30.601428],[-71.526215,-30.598461],[-71.526829,-30.594013],[-71.522425,-30.591046],[-71.52304,-30.586598],[-71.528057,-30.585117],[-71.528672,-30.580669],[-71.53369,-30.579188],[-71.538094,-30.582156],[-71.543112,-30.580675],[-71.547517,-30.583642],[-71.546903,-30.58809],[-71.551308,-30.591057],[-71.550694,-30.595505],[-71.555099,-30.598472],[-71.560118,-30.596991],[-71.560732,-30.592543],[-71.565751,-30.591061],[-71.570157,-30.594027],[-71.569543,-30.598476],[-71.573949,-30.601442],[-71.573336,-30.60589],[-71.577742,-30.608856],[-71.577128,-30.613303],[-71.572109,-30.614785],[-71.571495,-30.619232],[-71.575901,-30.622198],[-71.575288,-30.626644],[-71.570268,-30.628125],[-71.569654,-30.632571],[-71.564634,-30.634052],[-71.56402,-30.638498],[-71.568427,-30.641463],[-71.567813,-30.645908],[-71.562793,-30.647388],[-71.562179,-30.651833],[-71.566586,-30.654798],[-71.565972,-30.659243],[-71.560951,-30.660722],[-71.560337,-30.665166],[-71.564744,-30.668131],[-71.56413,-30.672575],[-71.568537,-30.67554],[-71.573558,-30.67406],[-71.577966,-30.677025],[-71.577352,-30.681468],[-71.58176,-30.684432],[-71.586781,-30.682953],[-71.587395,-30.678509],[-71.592417,-30.67703],[-71.59303,-30.672586],[-71.598052,-30.671105],[-71.598665,-30.666661],[-71.594257,-30.663697],[-71.59487,-30.659252],[-71.590462,-30.656288],[-71.591076,-30.651842],[-71.586668,-30.648878],[-71.587282,-30.644432],[-71.592303,-30.642951],[-71.592916,-30.638505],[-71.588509,-30.63554],[-71.589122,-30.631094],[-71.584715,-30.628128],[-71.585328,-30.623682],[-71.590349,-30.6222],[-71.594756,-30.625165],[-71.599777,-30.623683],[-71.60039,-30.619236],[-71.605411,-30.617753],[-71.606024,-30.613305],[-71.611045,-30.611822],[-71.611658,-30.607374],[-71.60725,-30.604409],[-71.607863,-30.59996],[-71.612884,-30.598477],[-71.613497,-30.594027],[-71.618518,-30.592543],[-71.619131,-30.588094],[-71.624152,-30.586609],[-71.62856,-30.589574],[-71.633581,-30.58809],[-71.634193,-30.583639],[-71.639214,-30.582154],[-71.639827,-30.577703],[-71.644848,-30.576218],[-71.645461,-30.571767],[-71.650482,-30.57028],[-71.651095,-30.565829],[-71.646686,-30.562863],[-71.647298,-30.558412],[-71.652319,-30.556925],[-71.652932,-30.552472],[-71.648523,-30.549507],[-71.643503,-30.550994],[-71.639095,-30.548028],[-71.634074,-30.549514],[-71.633461,-30.553967],[-71.628441,-30.555453],[-71.624034,-30.552487],[-71.619013,-30.553972],[-71.618401,-30.558424],[-71.613381,-30.559909],[-71.608974,-30.556943],[-71.603954,-30.558428],[-71.599547,-30.555462],[-71.60016,-30.55101],[-71.595754,-30.548043],[-71.590735,-30.549528],[-71.590122,-30.553979],[-71.594528,-30.556946],[-71.593915,-30.561397],[-71.598321,-30.564364],[-71.597708,-30.568814],[-71.592688,-30.570298],[-71.588282,-30.567332],[-71.583263,-30.568815],[-71.578857,-30.565849],[-71.57947,-30.561398],[-71.575065,-30.558431],[-71.570046,-30.559914],[-71.565641,-30.556947],[-71.566254,-30.552496],[-71.561849,-30.549529],[-71.556831,-30.551012],[-71.552427,-30.548044],[-71.55304,-30.543593],[-71.558058,-30.54211],[-71.558672,-30.537659],[-71.554268,-30.534691],[-71.554881,-30.530239],[-71.559899,-30.528755],[-71.560513,-30.524303],[-71.556108,-30.521334],[-71.556722,-30.516882],[-71.56174,-30.515397],[-71.562353,-30.510944],[-71.567371,-30.509459],[-71.567984,-30.505006],[-71.56358,-30.502037],[-71.564193,-30.497583],[-71.55979,-30.494614],[-71.560403,-30.49016],[-71.56542,-30.488674],[-71.566034,-30.48422],[-71.56163,-30.48125],[-71.562243,-30.476795],[-71.56726,-30.475309],[-71.567874,-30.470854],[-71.56347,-30.467884],[-71.564083,-30.463428],[-71.55968,-30.460458],[-71.560293,-30.456002],[-71.56531,-30.454515],[-71.565923,-30.450059],[-71.57094,-30.448571],[-71.575343,-30.451541],[-71.58036,-30.450053],[-71.580973,-30.445596],[-71.58599,-30.444108],[-71.586603,-30.43965],[-71.582199,-30.43668],[-71.582812,-30.432222],[-71.578409,-30.429252],[-71.579022,-30.424794],[-71.584039,-30.423305],[-71.584651,-30.418846],[-71.580248,-30.415876],[-71.575232,-30.417364],[-71.574619,-30.421823],[-71.569603,-30.423312],[-71.5652,-30.420341],[-71.560184,-30.421829],[-71.555781,-30.418858],[-71.556395,-30.4144],[-71.551993,-30.411429],[-71.552165,-30.410178],[-71.552512,-30.410202],[-71.55374,-30.410349],[-71.555513,-30.410379],[-71.556933,-30.408974],[-71.558505,-30.407745],[-71.55983,-30.406972],[-71.560863,-30.40637],[-71.566251,-30.403368],[-71.567587,-30.40246],[-71.567692,-30.402388],[-71.568938,-30.401667],[-71.572889,-30.399407],[-71.574322,-30.398587],[-71.577708,-30.396736],[-71.579535,-30.3959],[-71.58241,-30.394584],[-71.587824,-30.391745],[-71.592472,-30.389307],[-71.593603,-30.388717],[-71.600038,-30.385361],[-71.603351,-30.383634],[-71.603647,-30.383389],[-71.604086,-30.382743],[-71.604236,-30.382484],[-71.604392,-30.382197],[-71.604557,-30.381453],[-71.604673,-30.380854],[-71.604868,-30.379608],[-71.604997,-30.378956],[-71.605033,-30.378771],[-71.605329,-30.376973],[-71.605484,-30.374753],[-71.605545,-30.37413],[-71.60558,-30.373768],[-71.605831,-30.371181],[-71.60614,-30.368131],[-71.606391,-30.365389],[-71.606402,-30.365315],[-71.606441,-30.365303],[-71.607053,-30.36084],[-71.606077,-30.360181],[-71.60616,-30.35979],[-71.606754,-30.358276],[-71.607653,-30.358046],[-71.608944,-30.35791],[-71.610574,-30.357707],[-71.612568,-30.355712],[-71.613699,-30.354582],[-71.6156,-30.35268],[-71.616212,-30.35139],[-71.617903,-30.348879],[-71.618011,-30.348726],[-71.618565,-30.347939],[-71.61977,-30.34621],[-71.620715,-30.346488],[-71.623478,-30.346163],[-71.623501,-30.346161],[-71.625583,-30.345931],[-71.631765,-30.346902],[-71.632998,-30.347083],[-71.634047,-30.347237],[-71.635399,-30.347435],[-71.637132,-30.348154],[-71.638634,-30.347955],[-71.64151,-30.345067],[-71.642998,-30.343573],[-71.643644,-30.342828],[-71.644375,-30.341724],[-71.645587,-30.341985],[-71.646665,-30.342174],[-71.647743,-30.342363],[-71.648077,-30.342391],[-71.648332,-30.342412],[-71.649258,-30.342486],[-71.649823,-30.342532],[-71.650137,-30.342599],[-71.650506,-30.342568],[-71.650783,-30.342538],[-71.651182,-30.342522],[-71.651628,-30.342538],[-71.652151,-30.342584],[-71.652458,-30.342645],[-71.65295,-30.342784],[-71.653411,-30.342922],[-71.653903,-30.343152],[-71.654364,-30.343352],[-71.654856,-30.343475],[-71.655363,-30.343537],[-71.655886,-30.343675],[-71.656208,-30.343736],[-71.656654,-30.343936],[-71.657084,-30.344136],[-71.657438,-30.344306],[-71.657469,-30.34432],[-71.657868,-30.344551],[-71.658345,-30.344751],[-71.658806,-30.344905],[-71.659405,-30.345058],[-71.659743,-30.345197],[-71.660189,-30.345289],[-71.660727,-30.345412],[-71.661311,-30.345473],[-71.661803,-30.345489],[-71.662249,-30.345489],[-71.66271,-30.345381],[-71.663017,-30.345197],[-71.663339,-30.34507],[-71.66366,-30.344928],[-71.664076,-30.344824],[-71.66452,-30.344815],[-71.664811,-30.344826],[-71.665215,-30.344889],[-71.665547,-30.344945],[-71.665824,-30.344994],[-71.666069,-30.34507],[-71.666353,-30.345146],[-71.666589,-30.345183],[-71.666863,-30.34524],[-71.666934,-30.345247],[-71.666642,-30.34738],[-71.671048,-30.35035],[-71.670436,-30.354815],[-71.665419,-30.35631],[-71.661013,-30.35334],[-71.655996,-30.354835],[-71.655384,-30.359299],[-71.650366,-30.360793],[-71.649754,-30.365257],[-71.65416,-30.368227],[-71.653548,-30.37269],[-71.657953,-30.37566],[-71.662971,-30.374166],[-71.667377,-30.377135],[-71.666766,-30.381599],[-71.671172,-30.384568],[-71.67056,-30.38903],[-71.665542,-30.390524],[-71.66493,-30.394986],[-71.669337,-30.397955],[-71.674355,-30.396462],[-71.678762,-30.39943],[-71.683781,-30.397936],[-71.685326,-30.398977],[-71.68537,-30.39906],[-71.68547,-30.39923],[-71.68562,-30.39937],[-71.68577,-30.39949],[-71.68597,-30.39959],[-71.68624,-30.39973],[-71.68634,-30.39981],[-71.68639,-30.39989],[-71.68641,-30.39997],[-71.68638,-30.40008],[-71.68631,-30.4002],[-71.68624,-30.4003],[-71.68619,-30.40036],[-71.68618,-30.40043],[-71.68625,-30.40047],[-71.68642,-30.40051],[-71.68653,-30.40058],[-71.68667,-30.40069],[-71.6868,-30.40078],[-71.68691,-30.40081],[-71.68705,-30.40084],[-71.6872,-30.4009],[-71.68729,-30.40096],[-71.68737,-30.4011],[-71.68737,-30.4012],[-71.68737,-30.40133],[-71.68742,-30.40145],[-71.68749,-30.40156],[-71.68762,-30.40173],[-71.68772,-30.40183],[-71.68776,-30.4019],[-71.68778,-30.40201],[-71.68772,-30.40213],[-71.68763,-30.40223],[-71.68753,-30.40228],[-71.68744,-30.40228],[-71.6873,-30.40226],[-71.68718,-30.40224],[-71.68709,-30.40224],[-71.68701,-30.40228],[-71.68694,-30.40237],[-71.68682,-30.40258],[-71.68668,-30.40291],[-71.68657,-30.40317],[-71.68651,-30.40341],[-71.68649,-30.40349],[-71.68648,-30.40361],[-71.68657,-30.40378],[-71.68678,-30.40387],[-71.68696,-30.40384],[-71.68709,-30.40371],[-71.68718,-30.40365],[-71.68728,-30.40358],[-71.6874,-30.40357],[-71.68756,-30.40356],[-71.68774,-30.40355],[-71.68783,-30.40351],[-71.687831,-30.403508],[-71.687577,-30.405367],[-71.682558,-30.40686],[-71.681946,-30.411322],[-71.683635,-30.41246],[-71.68359,-30.41248],[-71.68346,-30.41248],[-71.6832,-30.4125],[-71.68306,-30.4125],[-71.68298,-30.41256],[-71.68293,-30.41263],[-71.68292,-30.41271],[-71.68293,-30.41279],[-71.68299,-30.41287],[-71.68308,-30.41296],[-71.68314,-30.41305],[-71.68317,-30.4131],[-71.68316,-30.41316],[-71.68311,-30.41321],[-71.68302,-30.41324],[-71.68292,-30.41324],[-71.6828,-30.41319],[-71.68261,-30.41311],[-71.68224,-30.41295],[-71.68208,-30.41294],[-71.68191,-30.41297],[-71.68179,-30.41309],[-71.68176,-30.41323],[-71.68176,-30.413302],[-71.68177,-30.41347],[-71.68181,-30.4137],[-71.68188,-30.4138],[-71.682,-30.41389],[-71.68213,-30.41399],[-71.68218,-30.41404],[-71.68218,-30.41414],[-71.68215,-30.41424],[-71.6821,-30.41434],[-71.68212,-30.41443],[-71.68217,-30.41468],[-71.68218,-30.41489],[-71.68217,-30.41512],[-71.68212,-30.41522],[-71.68204,-30.41531],[-71.6819,-30.41545],[-71.68181,-30.41555],[-71.68174,-30.41564],[-71.68172,-30.41574],[-71.68172,-30.41584],[-71.68176,-30.41596],[-71.68183,-30.41604],[-71.68193,-30.41609],[-71.6821,-30.41615],[-71.68225,-30.4162],[-71.68233,-30.41624],[-71.68236,-30.4163],[-71.68236,-30.41638],[-71.68228,-30.41658],[-71.68219,-30.41673],[-71.68216,-30.41682],[-71.68213,-30.41699],[-71.68212,-30.41714],[-71.68213,-30.41726],[-71.6822,-30.41742],[-71.68232,-30.41756],[-71.6825,-30.41768],[-71.68259,-30.41781],[-71.68263,-30.41794],[-71.68265,-30.41808],[-71.68265,-30.41822],[-71.68266,-30.41844],[-71.68265,-30.41859],[-71.68267,-30.41876],[-71.68272,-30.41898],[-71.68275,-30.4191],[-71.68276,-30.41923],[-71.68272,-30.41935],[-71.68273,-30.41952],[-71.68276,-30.41962],[-71.682768,-30.419636],[-71.680722,-30.420245],[-71.680111,-30.424706],[-71.684518,-30.427673],[-71.683907,-30.432134],[-71.688315,-30.435101],[-71.687816,-30.438735],[-71.68778,-30.43878],[-71.68775,-30.43888],[-71.68777,-30.43905],[-71.687772,-30.439058],[-71.687703,-30.439562],[-71.682683,-30.441054],[-71.682071,-30.445514],[-71.686479,-30.448481],[-71.685868,-30.45294],[-71.689959,-30.455694],[-71.68997,-30.45575],[-71.68999,-30.45624],[-71.69,-30.45634],[-71.69002,-30.45649],[-71.690129,-30.45698],[-71.689664,-30.460366],[-71.684644,-30.461858],[-71.684032,-30.466317],[-71.688441,-30.469283],[-71.687829,-30.473741],[-71.692238,-30.476708],[-71.691626,-30.481165],[-71.686605,-30.482657],[-71.685994,-30.487114],[-71.680973,-30.488605],[-71.680361,-30.493062],[-71.67534,-30.494552],[-71.674728,-30.499008],[-71.679137,-30.501974],[-71.684158,-30.500484],[-71.688567,-30.50345],[-71.687955,-30.507906],[-71.682934,-30.509396],[-71.682322,-30.513852],[-71.686732,-30.516817],[-71.68612,-30.521273],[-71.690529,-30.524238],[-71.689917,-30.528693],[-71.684896,-30.530182],[-71.684284,-30.534637],[-71.688693,-30.537602],[-71.688082,-30.542056],[-71.692492,-30.54502],[-71.69188,-30.549474],[-71.69629,-30.552439],[-71.695678,-30.556892],[-71.690656,-30.558381],[-71.690044,-30.562833],[-71.694454,-30.565798],[-71.693842,-30.57025],[-71.698253,-30.573214],[-71.697641,-30.577666],[-71.702052,-30.58063],[-71.707075,-30.579142],[-71.710074,-30.581156],[-71.71002,-30.5812],[-71.70996,-30.58127],[-71.7101,-30.58148],[-71.71007,-30.58167],[-71.70992,-30.58182],[-71.70972,-30.58188],[-71.70957,-30.58193],[-71.70946,-30.58203],[-71.70953,-30.58213],[-71.70971,-30.5822],[-71.70982,-30.58232],[-71.70988,-30.58251],[-71.71002,-30.58259],[-71.71017,-30.58257],[-71.7104,-30.58249],[-71.71052,-30.58249],[-71.71063,-30.58255],[-71.71061,-30.58276],[-71.71026,-30.58307],[-71.71018,-30.58314],[-71.71006,-30.58323],[-71.7099,-30.58341],[-71.70985,-30.58358],[-71.70994,-30.58382],[-71.71,-30.58409],[-71.70994,-30.5843],[-71.70978,-30.58445],[-71.70961,-30.58453],[-71.70935,-30.58462],[-71.70921,-30.58478],[-71.7092,-30.58498],[-71.70927,-30.58522],[-71.70941,-30.58537],[-71.70952,-30.5855],[-71.7096,-30.58566],[-71.70975,-30.58578],[-71.7101,-30.58583],[-71.71026,-30.58586],[-71.71032,-30.58587],[-71.71056,-30.58586],[-71.71065,-30.58577],[-71.7108,-30.58577],[-71.71095,-30.58589],[-71.710966,-30.585894],[-71.710875,-30.586557],[-71.712051,-30.587347],[-71.71198,-30.58739],[-71.71194,-30.58749],[-71.71205,-30.58762],[-71.71206,-30.58785],[-71.71203,-30.588],[-71.71181,-30.58811],[-71.71145,-30.58825],[-71.71134,-30.58832],[-71.71134,-30.58845],[-71.71129,-30.58863],[-71.71119,-30.58879],[-71.71104,-30.589],[-71.71107,-30.58912],[-71.71128,-30.58913],[-71.7115,-30.58904],[-71.71169,-30.58896],[-71.71191,-30.58894],[-71.71201,-30.58904],[-71.71202,-30.58926],[-71.71189,-30.58943],[-71.7118,-30.58956],[-71.71177,-30.5897],[-71.71165,-30.58979],[-71.71151,-30.58984],[-71.7114,-30.58992],[-71.7114,-30.59009],[-71.71149,-30.59021],[-71.71155,-30.59028],[-71.71162,-30.59051],[-71.71165,-30.59076],[-71.71165,-30.59096],[-71.71151,-30.59116],[-71.71152,-30.5913],[-71.71155,-30.59148],[-71.71174,-30.59164],[-71.71197,-30.59175],[-71.71216,-30.59188],[-71.71227,-30.592],[-71.7123,-30.59219],[-71.71226,-30.59242],[-71.71229,-30.59255],[-71.71229,-30.59271],[-71.71223,-30.59286],[-71.71221,-30.59299],[-71.71232,-30.59315],[-71.71238,-30.59333],[-71.71242,-30.59348],[-71.71257,-30.59368],[-71.71293,-30.59399],[-71.71324,-30.59423],[-71.713316,-30.594374],[-71.709651,-30.59546],[-71.709039,-30.599911],[-71.713451,-30.602873],[-71.712839,-30.607324],[-71.713799,-30.607968],[-71.71385,-30.60804],[-71.71383,-30.60814],[-71.71372,-30.60822],[-71.71356,-30.60832],[-71.71345,-30.60842],[-71.7135,-30.60848],[-71.71357,-30.60856],[-71.71361,-30.60865],[-71.71355,-30.60875],[-71.71348,-30.60877],[-71.71333,-30.60883],[-71.71322,-30.60886],[-71.71307,-30.60891],[-71.71297,-30.60901],[-71.713,-30.60908],[-71.71311,-30.60915],[-71.7132,-30.60926],[-71.71321,-30.60939],[-71.7132,-30.60946],[-71.71325,-30.60956],[-71.71332,-30.60964],[-71.71336,-30.60977],[-71.7133,-30.60988],[-71.71317,-30.60998],[-71.71316,-30.61006],[-71.71321,-30.61013],[-71.71323,-30.6102],[-71.71317,-30.61032],[-71.71297,-30.61035],[-71.71279,-30.61038],[-71.71264,-30.61056],[-71.71245,-30.61082],[-71.7124,-30.61094],[-71.71242,-30.61103],[-71.71256,-30.61109],[-71.71274,-30.61111],[-71.71288,-30.6112],[-71.71297,-30.6113],[-71.71298,-30.6114],[-71.71292,-30.61152],[-71.71272,-30.61168],[-71.71254,-30.61182],[-71.71245,-30.61195],[-71.71241,-30.61205],[-71.71241,-30.61215],[-71.71234,-30.61234],[-71.7121,-30.61264],[-71.71198,-30.61282],[-71.71186,-30.61302],[-71.71171,-30.61316],[-71.71159,-30.61328],[-71.71153,-30.61343],[-71.71153,-30.61356],[-71.71159,-30.61366],[-71.71169,-30.61375],[-71.71176,-30.61381],[-71.7118,-30.61389],[-71.71181,-30.61399],[-71.71183,-30.61408],[-71.7119,-30.61418],[-71.71182,-30.6143],[-71.71183,-30.61441],[-71.71173,-30.61455],[-71.71173,-30.61461],[-71.71171,-30.6147],[-71.71172,-30.61484],[-71.71177,-30.61498],[-71.71186,-30.61511],[-71.71187,-30.61526],[-71.71188,-30.61539],[-71.71193,-30.61551],[-71.71202,-30.61566],[-71.7121,-30.61573],[-71.71208,-30.61584],[-71.71198,-30.61591],[-71.71187,-30.6159],[-71.71171,-30.6158],[-71.71161,-30.61578],[-71.71147,-30.61587],[-71.71141,-30.61595],[-71.71141,-30.61606],[-71.711453,-30.616115],[-71.707204,-30.613262],[-71.70218,-30.614749],[-71.697769,-30.611786],[-71.692745,-30.613273],[-71.688334,-30.61031],[-71.683311,-30.611796],[-71.682699,-30.616246],[-71.68711,-30.619209],[-71.686498,-30.623658],[-71.681475,-30.625144],[-71.680862,-30.629592],[-71.685273,-30.632555],[-71.684661,-30.637003],[-71.679638,-30.638489],[-71.679026,-30.642936],[-71.683437,-30.645899],[-71.682825,-30.650346],[-71.687236,-30.653309],[-71.686624,-30.657756],[-71.691036,-30.660718],[-71.690424,-30.665165],[-71.685399,-30.666649],[-71.684787,-30.671095],[-71.679763,-30.672579],[-71.679151,-30.677025],[-71.674127,-30.678509],[-71.673514,-30.682954],[-71.677926,-30.685916],[-71.677314,-30.690361],[-71.681726,-30.693322],[-71.681113,-30.697767],[-71.676089,-30.69925],[-71.675476,-30.703694],[-71.679888,-30.706655],[-71.679276,-30.711099],[-71.674251,-30.712581],[-71.673639,-30.717024],[-71.668614,-30.718506],[-71.668001,-30.722949],[-71.672414,-30.72591],[-71.677438,-30.724428],[-71.681851,-30.727389],[-71.681239,-30.731831],[-71.676213,-30.733313],[-71.671801,-30.730352],[-71.666776,-30.731833],[-71.662364,-30.728872],[-71.65734,-30.730353],[-71.652928,-30.727392],[-71.647904,-30.728873],[-71.643492,-30.725911],[-71.638468,-30.727392],[-71.637855,-30.731833],[-71.642267,-30.734795],[-71.641654,-30.739236],[-71.646065,-30.742197],[-71.651089,-30.740717],[-71.651702,-30.736276],[-71.656727,-30.734795],[-71.661139,-30.737756],[-71.660526,-30.742198],[-71.664938,-30.745158],[-71.669963,-30.743678],[-71.674376,-30.746638],[-71.679401,-30.745157],[-71.683814,-30.748117],[-71.683202,-30.752558],[-71.687615,-30.755518],[-71.687003,-30.759959],[-71.691416,-30.762919],[-71.696442,-30.761437],[-71.700856,-30.764397],[-71.700244,-30.768837],[-71.704658,-30.771796],[-71.704046,-30.776237],[-71.699019,-30.777718],[-71.698407,-30.782158],[-71.702821,-30.785116],[-71.702209,-30.789556]],[[-71.614256,-30.448549],[-71.609239,-30.450038],[-71.608626,-30.454496],[-71.613031,-30.457465],[-71.612418,-30.461922],[-71.616824,-30.464891],[-71.621842,-30.463402],[-71.622455,-30.458944],[-71.627473,-30.457455],[-71.628086,-30.452997],[-71.633104,-30.451507],[-71.63751,-30.454475],[-71.642529,-30.452985],[-71.646936,-30.455953],[-71.651955,-30.454463],[-71.656362,-30.45743],[-71.65575,-30.461889],[-71.660157,-30.464856],[-71.665176,-30.463365],[-71.669584,-30.466332],[-71.668972,-30.47079],[-71.67338,-30.473757],[-71.6784,-30.472266],[-71.679012,-30.467808],[-71.674604,-30.464841],[-71.675216,-30.460383],[-71.670808,-30.457416],[-71.67142,-30.452957],[-71.667012,-30.449989],[-71.667624,-30.44553],[-71.663217,-30.442563],[-71.658198,-30.444054],[-71.653791,-30.441086],[-71.654403,-30.436627],[-71.649997,-30.433659],[-71.650609,-30.429199],[-71.646203,-30.42623],[-71.641184,-30.427722],[-71.636778,-30.424753],[-71.63176,-30.426244],[-71.627355,-30.423275],[-71.622337,-30.424765],[-71.621725,-30.429225],[-71.616707,-30.430715],[-71.616094,-30.435174],[-71.6205,-30.438143],[-71.619887,-30.442602],[-71.614869,-30.444091],[-71.614256,-30.448549]],[[-71.60288,-30.426266],[-71.607285,-30.429236],[-71.612302,-30.427746],[-71.612915,-30.423286],[-71.60851,-30.420317],[-71.609123,-30.415857],[-71.604718,-30.412888],[-71.599701,-30.414378],[-71.595297,-30.411408],[-71.590281,-30.412897],[-71.589668,-30.417357],[-71.594072,-30.420327],[-71.593459,-30.424786],[-71.597863,-30.427756],[-71.60288,-30.426266]],[[-71.607516,-30.497571],[-71.606903,-30.502026],[-71.611309,-30.504993],[-71.610696,-30.509448],[-71.615103,-30.512415],[-71.620122,-30.510928],[-71.624528,-30.513895],[-71.623916,-30.518349],[-71.628323,-30.521316],[-71.633342,-30.519829],[-71.633955,-30.515374],[-71.638975,-30.513887],[-71.639587,-30.509432],[-71.63518,-30.506465],[-71.635793,-30.50201],[-71.640812,-30.500521],[-71.645219,-30.503488],[-71.650239,-30.502],[-71.650852,-30.497544],[-71.646444,-30.494577],[-71.647057,-30.490121],[-71.642649,-30.487154],[-71.643262,-30.482698],[-71.648281,-30.481208],[-71.648893,-30.476751],[-71.644486,-30.473784],[-71.639467,-30.475273],[-71.635061,-30.472306],[-71.630042,-30.473795],[-71.629429,-30.478252],[-71.633836,-30.481219],[-71.633223,-30.485675],[-71.628204,-30.487164],[-71.627592,-30.49162],[-71.622573,-30.493108],[-71.618166,-30.49014],[-71.613148,-30.491628],[-71.612535,-30.496083],[-71.607516,-30.497571]],[[-71.589895,-30.485698],[-71.5943,-30.488667],[-71.599318,-30.487179],[-71.599931,-30.482724],[-71.595526,-30.479756],[-71.590508,-30.481243],[-71.589895,-30.485698]],[[-71.580585,-30.518364],[-71.575566,-30.519849],[-71.574953,-30.524302],[-71.579358,-30.52727],[-71.584377,-30.525785],[-71.58499,-30.521332],[-71.580585,-30.518364]],[[-71.567039,-30.406964],[-71.562024,-30.408452],[-71.56141,-30.412912],[-71.565813,-30.415882],[-71.570829,-30.414394],[-71.571442,-30.409935],[-71.567039,-30.406964]],[[-71.642901,-30.38014],[-71.647918,-30.378647],[-71.64853,-30.374184],[-71.644125,-30.371214],[-71.639108,-30.372707],[-71.638496,-30.37717],[-71.642901,-30.38014]],[[-71.681098,-30.522762],[-71.676689,-30.519797],[-71.671668,-30.521286],[-71.671056,-30.525741],[-71.675465,-30.528706],[-71.680486,-30.527217],[-71.681098,-30.522762]],[[-71.62007,-30.860518],[-71.625096,-30.859043],[-71.62571,-30.85461],[-71.621297,-30.851651],[-71.616271,-30.853125],[-71.615658,-30.857559],[-71.62007,-30.860518]],[[-71.615541,-30.823558],[-71.616154,-30.819123],[-71.62118,-30.817647],[-71.621793,-30.813211],[-71.626818,-30.811734],[-71.63123,-30.814694],[-71.630617,-30.81913],[-71.635029,-30.82209],[-71.634416,-30.826526],[-71.62939,-30.828002],[-71.624978,-30.825042],[-71.619953,-30.826518],[-71.619339,-30.830953],[-71.614314,-30.832429],[-71.6137,-30.836863],[-71.618112,-30.839823],[-71.623138,-30.838348],[-71.62755,-30.841307],[-71.632576,-30.839831],[-71.636988,-30.84279],[-71.642015,-30.841314],[-71.642628,-30.836879],[-71.638215,-30.83392],[-71.638828,-30.829485],[-71.643854,-30.828008],[-71.644467,-30.823572],[-71.640055,-30.820613],[-71.640668,-30.816177],[-71.636255,-30.813217],[-71.636869,-30.808781],[-71.632457,-30.805821],[-71.63307,-30.801384],[-71.638095,-30.799906],[-71.642507,-30.802866],[-71.647533,-30.801389],[-71.651946,-30.804348],[-71.656971,-30.80287],[-71.661384,-30.80583],[-71.660772,-30.810267],[-71.665185,-30.813226],[-71.670211,-30.811748],[-71.670824,-30.80731],[-71.67585,-30.805831],[-71.676463,-30.801394],[-71.67205,-30.798434],[-71.672662,-30.793996],[-71.677689,-30.792517],[-71.678301,-30.788078],[-71.683327,-30.786598],[-71.68394,-30.782159],[-71.679526,-30.7792],[-71.6745,-30.78068],[-71.673888,-30.785119],[-71.668862,-30.786598],[-71.668249,-30.791037],[-71.663223,-30.792516],[-71.65881,-30.789556],[-71.659423,-30.785118],[-71.664449,-30.783639],[-71.665061,-30.7792],[-71.670087,-30.77772],[-71.6707,-30.773281],[-71.666287,-30.770321],[-71.661262,-30.7718],[-71.656849,-30.76884],[-71.657462,-30.764401],[-71.65305,-30.76144],[-71.648025,-30.76292],[-71.643613,-30.759959],[-71.638588,-30.761438],[-71.634177,-30.758477],[-71.629153,-30.759956],[-71.628539,-30.764395],[-71.632951,-30.767356],[-71.632337,-30.771795],[-71.636749,-30.774756],[-71.641774,-30.773277],[-71.642387,-30.768838],[-71.647412,-30.767359],[-71.651824,-30.77032],[-71.651211,-30.774759],[-71.646186,-30.776238],[-71.645573,-30.780676],[-71.640548,-30.782155],[-71.639935,-30.786593],[-71.63491,-30.788071],[-71.634296,-30.792509],[-71.629271,-30.793986],[-71.628658,-30.798424],[-71.623633,-30.799901],[-71.619222,-30.79694],[-71.614197,-30.798417],[-71.613584,-30.802854],[-71.617995,-30.805814],[-71.617381,-30.81025],[-71.612357,-30.811727],[-71.611743,-30.816163],[-71.606718,-30.817638],[-71.606105,-30.822074],[-71.60108,-30.823549],[-71.600466,-30.827984],[-71.604877,-30.830944],[-71.609902,-30.829469],[-71.610516,-30.825034],[-71.615541,-30.823558]],[[-71.632218,-30.737754],[-71.632832,-30.733313],[-71.628421,-30.730351],[-71.623397,-30.731831],[-71.622784,-30.736272],[-71.627195,-30.739233],[-71.626581,-30.743674],[-71.630992,-30.746636],[-71.636016,-30.745156],[-71.636629,-30.740716],[-71.632218,-30.737754]],[[-71.620944,-30.749593],[-71.621558,-30.745153],[-71.617147,-30.742191],[-71.612124,-30.74367],[-71.607714,-30.740708],[-71.60269,-30.742186],[-71.602077,-30.746626],[-71.606487,-30.749588],[-71.605873,-30.754028],[-71.610283,-30.756989],[-71.615307,-30.755511],[-71.61592,-30.751072],[-71.620944,-30.749593]],[[-71.63026,-30.717026],[-71.634671,-30.719988],[-71.639694,-30.718508],[-71.644105,-30.721469],[-71.649129,-30.719989],[-71.649742,-30.715546],[-71.645331,-30.712584],[-71.640307,-30.714065],[-71.635897,-30.711103],[-71.63651,-30.70666],[-71.632099,-30.703698],[-71.627076,-30.705179],[-71.626463,-30.709621],[-71.630873,-30.712584],[-71.63026,-30.717026]],[[-71.597168,-30.782136],[-71.592758,-30.779174],[-71.587735,-30.780651],[-71.587121,-30.785088],[-71.591531,-30.788049],[-71.596555,-30.786573],[-71.597168,-30.782136]],[[-71.681364,-30.76588],[-71.676338,-30.767361],[-71.675726,-30.771801],[-71.680139,-30.77476],[-71.685165,-30.77328],[-71.685778,-30.76884],[-71.681364,-30.76588]],[[-71.610051,-30.688884],[-71.605642,-30.685921],[-71.60062,-30.687401],[-71.600007,-30.691844],[-71.604415,-30.694807],[-71.603802,-30.69925],[-71.608211,-30.702213],[-71.613234,-30.700733],[-71.613847,-30.69629],[-71.609438,-30.693327],[-71.610051,-30.688884]],[[-71.615687,-30.68296],[-71.615073,-30.687404],[-71.619483,-30.690367],[-71.624506,-30.688886],[-71.625119,-30.684442],[-71.630141,-30.682961],[-71.630754,-30.678516],[-71.626345,-30.675553],[-71.626958,-30.671108],[-71.622548,-30.668145],[-71.623161,-30.6637],[-71.618752,-30.660736],[-71.619365,-30.656291],[-71.624387,-30.654809],[-71.625,-30.650363],[-71.620592,-30.647399],[-71.621205,-30.642953],[-71.616796,-30.639988],[-71.611774,-30.641471],[-71.611161,-30.645917],[-71.61557,-30.648881],[-71.614957,-30.653327],[-71.609935,-30.654809],[-71.609322,-30.659254],[-71.61373,-30.662218],[-71.613117,-30.666663],[-71.617526,-30.669627],[-71.616913,-30.674071],[-71.621322,-30.677035],[-71.620709,-30.681479],[-71.615687,-30.68296]],[[-71.628302,-30.696292],[-71.632712,-30.699255],[-71.637736,-30.697774],[-71.638349,-30.69333],[-71.633938,-30.690368],[-71.628915,-30.691849],[-71.628302,-30.696292]],[[-71.647783,-30.694811],[-71.64717,-30.699255],[-71.651581,-30.702217],[-71.656604,-30.700735],[-71.657217,-30.696291],[-71.662241,-30.694809],[-71.666653,-30.697771],[-71.671677,-30.696288],[-71.672289,-30.691844],[-71.667878,-30.688882],[-71.662854,-30.690365],[-71.658443,-30.687402],[-71.653419,-30.688885],[-71.652806,-30.693329],[-71.647783,-30.694811]],[[-71.639574,-30.684442],[-71.643985,-30.687404],[-71.649008,-30.685923],[-71.649621,-30.681478],[-71.64521,-30.678515],[-71.640187,-30.679997],[-71.639574,-30.684442]],[[-71.628184,-30.662218],[-71.632593,-30.665181],[-71.637616,-30.663699],[-71.642026,-30.666662],[-71.647049,-30.66518],[-71.651459,-30.668142],[-71.656482,-30.666659],[-71.657095,-30.662214],[-71.662118,-30.66073],[-71.662731,-30.656284],[-71.667754,-30.6548],[-71.668366,-30.650353],[-71.663956,-30.64739],[-71.664568,-30.642943],[-71.660158,-30.63998],[-71.66077,-30.635532],[-71.665793,-30.634048],[-71.666406,-30.6296],[-71.661995,-30.626636],[-71.662608,-30.622188],[-71.66763,-30.620703],[-71.668243,-30.616254],[-71.663833,-30.61329],[-71.65881,-30.614775],[-71.6544,-30.611811],[-71.649378,-30.613296],[-71.648766,-30.617745],[-71.653175,-30.620709],[-71.652563,-30.625157],[-71.656973,-30.628121],[-71.65636,-30.632569],[-71.651337,-30.634053],[-71.646928,-30.631089],[-71.64754,-30.626641],[-71.643131,-30.623678],[-71.643744,-30.619229],[-71.639334,-30.616265],[-71.634313,-30.617749],[-71.6337,-30.622197],[-71.628678,-30.623681],[-71.628065,-30.628129],[-71.632474,-30.631093],[-71.631861,-30.63554],[-71.626839,-30.637023],[-71.626226,-30.64147],[-71.630636,-30.644434],[-71.630023,-30.64888],[-71.634432,-30.651844],[-71.633819,-30.65629],[-71.628797,-30.657772],[-71.628184,-30.662218]],[[-71.669715,-30.675547],[-71.670328,-30.671101],[-71.665917,-30.668139],[-71.660893,-30.669622],[-71.66028,-30.674068],[-71.664691,-30.67703],[-71.669715,-30.675547]],[[-71.649257,-30.579183],[-71.648644,-30.583633],[-71.653054,-30.586598],[-71.658075,-30.585112],[-71.658688,-30.580661],[-71.654278,-30.577697],[-71.649257,-30.579183]],[[-71.59855,-30.632577],[-71.597937,-30.637023],[-71.602345,-30.639988],[-71.607366,-30.638506],[-71.607979,-30.63406],[-71.603571,-30.631095],[-71.59855,-30.632577]],[[-71.695805,-30.591021],[-71.700216,-30.593984],[-71.70524,-30.592496],[-71.705851,-30.588045],[-71.70144,-30.585082],[-71.696417,-30.58657],[-71.695805,-30.591021]],[[-71.586329,-30.546561],[-71.586942,-30.542109],[-71.582537,-30.539142],[-71.577518,-30.540626],[-71.576905,-30.545078],[-71.58131,-30.548045],[-71.586329,-30.546561]]]},"properties":{"comuna":"Ovalle","mancha_id":"04301-88b21b26dbfffff","clase":"Alto","nivel_medio":2.863,"nivel_medio_min":2.502,"nivel_medio_max":3.497,"pct_alto":84.2,"n_hexagonos":711,"area_ha":47812.68}},{"type":"Feature","geometry":{"type":"Polygon","coordinates":[[[-71.279482,-30.504724],[-71.280099,-30.500276],[-71.285108,-30.498803],[-71.289501,-30.501778],[-71.288884,-30.506226],[-71.283874,-30.507699],[-71.279482,-30.504724]]]},"properties":{"comuna":"Ovalle","mancha_id":"04301-88b2196ca3fffff","clase":"Alto","nivel_medio":2.529,"nivel_medio_min":2.529,"nivel_medio_max":2.529,"pct_alto":68.6,"n_hexagonos":1,"area_ha":68.24}},{"type":"Feature","geometry":{"type":"Polygon","coordinates":[[[-71.498058,-30.418865],[-71.493659,-30.415892],[-71.494249,-30.411606],[-71.496747,-30.410702],[-71.498232,-30.410164],[-71.499282,-30.40995],[-71.499287,-30.40995],[-71.503687,-30.412922],[-71.503073,-30.417379],[-71.498058,-30.418865]]]},"properties":{"comuna":"Ovalle","mancha_id":"04301-88b21969e1fffff","clase":"Alto","nivel_medio":2.596,"nivel_medio_min":2.595,"nivel_medio_max":2.991,"pct_alto":73.0,"n_hexagonos":2,"area_ha":68.42}},{"type":"Feature","geometry":{"type":"Polygon","coordinates":[[[-71.483981,-30.448572],[-71.484366,-30.448424],[-71.484555,-30.448351],[-71.484776,-30.448041],[-71.484875,-30.447639],[-71.485046,-30.446931],[-71.485196,-30.446245],[-71.485218,-30.445902],[-71.485153,-30.445494],[-71.48496,-30.445173],[-71.484839,-30.444991],[-71.484789,-30.444915],[-71.484682,-30.444508],[-71.484596,-30.444315],[-71.484467,-30.444143],[-71.48436,-30.443972],[-71.48436,-30.443757],[-71.484375,-30.443722],[-71.48496,-30.444117],[-71.489974,-30.442633],[-71.494374,-30.445605],[-71.499388,-30.44412],[-71.503789,-30.447092],[-71.503175,-30.451547],[-71.49816,-30.453032],[-71.497546,-30.457487],[-71.492531,-30.458971],[-71.491917,-30.463425],[-71.496317,-30.466397],[-71.501332,-30.464913],[-71.505733,-30.467884],[-71.505119,-30.472339],[-71.500104,-30.473822],[-71.495703,-30.470851],[-71.490688,-30.472334],[-71.490074,-30.476788],[-71.485059,-30.478271],[-71.484445,-30.482724],[-71.488845,-30.485695],[-71.488231,-30.490149],[-71.483216,-30.491631],[-71.482602,-30.496083],[-71.477587,-30.497565],[-71.476972,-30.502017],[-71.481373,-30.504988],[-71.480758,-30.50944],[-71.475743,-30.510921],[-71.471343,-30.50795],[-71.471957,-30.503498],[-71.467557,-30.500527],[-71.468172,-30.496075],[-71.473186,-30.494594],[-71.473801,-30.490141],[-71.478816,-30.48866],[-71.47943,-30.484207],[-71.47503,-30.481235],[-71.475645,-30.476782],[-71.471245,-30.473811],[-71.471859,-30.469357],[-71.473819,-30.468778],[-71.479953,-30.469954],[-71.480789,-30.470115],[-71.481153,-30.470147],[-71.481341,-30.470164],[-71.481751,-30.470007],[-71.482016,-30.469614],[-71.481798,-30.469171],[-71.481378,-30.46888],[-71.480922,-30.468561],[-71.480839,-30.467996],[-71.48093,-30.467517],[-71.481092,-30.467126],[-71.481113,-30.466588],[-71.481103,-30.466201],[-71.481512,-30.466044],[-71.482062,-30.466003],[-71.482263,-30.465761],[-71.482102,-30.464839],[-71.481915,-30.464276],[-71.481732,-30.463832],[-71.481373,-30.463272],[-71.481445,-30.462779],[-71.481488,-30.462734],[-71.481505,-30.462232],[-71.481506,-30.462204],[-71.481573,-30.46174],[-71.481661,-30.461364],[-71.481595,-30.460923],[-71.48144,-30.460569],[-71.481175,-30.460304],[-71.481131,-30.45995],[-71.481175,-30.459707],[-71.481529,-30.459288],[-71.481705,-30.459089],[-71.481749,-30.458713],[-71.481749,-30.458249],[-71.481639,-30.458006],[-71.481374,-30.457697],[-71.481065,-30.457211],[-71.480888,-30.456791],[-71.480866,-30.456459],[-71.480976,-30.456128],[-71.481013,-30.456062],[-71.481087,-30.455929],[-71.481551,-30.455377],[-71.481838,-30.455045],[-71.481882,-30.454736],[-71.481992,-30.454007],[-71.481948,-30.453653],[-71.48186,-30.453189],[-71.482015,-30.452902],[-71.482191,-30.45235],[-71.482324,-30.451996],[-71.48281,-30.451466],[-71.483053,-30.450892],[-71.483318,-30.450405],[-71.483716,-30.449787],[-71.48376,-30.4495],[-71.483738,-30.449301],[-71.483672,-30.448969],[-71.483654,-30.448777],[-71.48365,-30.448726],[-71.483981,-30.448572]]]},"properties":{"comuna":"Ovalle","mancha_id":"04301-88b21969b1fffff","clase":"Alto","nivel_medio":2.732,"nivel_medio_min":2.503,"nivel_medio_max":2.972,"pct_alto":87.9,"n_hexagonos":17,"area_ha":976.08}},{"type":"Feature","geometry":{"type":"Polygon","coordinates":[[[-71.488031,-30.421835],[-71.49243,-30.424807],[-71.497444,-30.423322],[-71.501844,-30.426294],[-71.50123,-30.430751],[-71.496216,-30.432236],[-71.495602,-30.436692],[-71.490588,-30.438177],[-71.486188,-30.435205],[-71.486802,-30.430748],[-71.484354,-30.429094],[-71.484377,-30.429032],[-71.484439,-30.428661],[-71.484373,-30.428452],[-71.484313,-30.428316],[-71.484125,-30.427903],[-71.483858,-30.42725],[-71.483748,-30.426963],[-71.483619,-30.42664],[-71.483539,-30.426223],[-71.483621,-30.426028],[-71.483742,-30.425966],[-71.483929,-30.425814],[-71.483981,-30.425543],[-71.483939,-30.425434],[-71.483828,-30.4253],[-71.483764,-30.425209],[-71.483631,-30.425002],[-71.48349,-30.424792],[-71.483438,-30.42467],[-71.483321,-30.4244],[-71.483323,-30.424317],[-71.483338,-30.42407],[-71.483434,-30.423817],[-71.483726,-30.423393],[-71.483843,-30.423216],[-71.483841,-30.423099],[-71.483841,-30.423075],[-71.488031,-30.421835]]]},"properties":{"comuna":"Ovalle","mancha_id":"04301-88b2196985fffff","clase":"Alto","nivel_medio":2.59,"nivel_medio_min":2.501,"nivel_medio_max":2.757,"pct_alto":80.6,"n_hexagonos":3,"area_ha":199.5}},{"type":"Feature","geometry":{"type":"Polygon","coordinates":[[[-71.513101,-30.414408],[-71.508701,-30.411436],[-71.509084,-30.408651],[-71.513006,-30.409007],[-71.516516,-30.409277],[-71.518584,-30.40952],[-71.519324,-30.409606],[-71.519927,-30.409732],[-71.522065,-30.409657],[-71.524304,-30.409556],[-71.527415,-30.409455],[-71.5301,-30.409368],[-71.528144,-30.409948],[-71.527531,-30.414407],[-71.531932,-30.417378],[-71.536947,-30.415891],[-71.53756,-30.411433],[-71.534288,-30.409224],[-71.538968,-30.409033],[-71.541601,-30.409072],[-71.542683,-30.409162],[-71.542576,-30.409945],[-71.546977,-30.412916],[-71.546364,-30.417375],[-71.541349,-30.418862],[-71.540735,-30.423321],[-71.53572,-30.424807],[-71.535106,-30.429265],[-71.539508,-30.432236],[-71.538894,-30.436694],[-71.533879,-30.43818],[-71.533265,-30.442637],[-71.537667,-30.445607],[-71.537053,-30.450064],[-71.532038,-30.45155],[-71.531424,-30.456006],[-71.535826,-30.458976],[-71.535212,-30.463432],[-71.530197,-30.464917],[-71.529583,-30.469372],[-71.533985,-30.472342],[-71.533371,-30.476797],[-71.528355,-30.478282],[-71.523953,-30.475312],[-71.524567,-30.470857],[-71.520165,-30.467886],[-71.51515,-30.469371],[-71.510748,-30.4664],[-71.511362,-30.461945],[-71.506961,-30.458974],[-71.507575,-30.454519],[-71.51259,-30.453034],[-71.513204,-30.448578],[-71.518219,-30.447093],[-71.518833,-30.442637],[-71.514432,-30.439666],[-71.515046,-30.435209],[-71.510645,-30.432238],[-71.511259,-30.427781],[-71.516274,-30.426295],[-71.516888,-30.421837],[-71.521902,-30.420351],[-71.522516,-30.415893],[-71.518115,-30.412921],[-71.513101,-30.414408]]]},"properties":{"comuna":"Ovalle","mancha_id":"04301-88b2196933fffff","clase":"Alto","nivel_medio":2.709,"nivel_medio_min":2.529,"nivel_medio_max":3.0,"pct_alto":83.0,"n_hexagonos":24,"area_ha":1479.64}},{"type":"Feature","geometry":{"type":"Polygon","coordinates":[[[-71.213369,-30.323466],[-71.208365,-30.324942],[-71.20782,-30.324572],[-71.207841,-30.324498],[-71.20801,-30.323827],[-71.208217,-30.323476],[-71.208451,-30.322974],[-71.208739,-30.322648],[-71.209104,-30.322154],[-71.209497,-30.32168],[-71.209833,-30.320997],[-71.210025,-30.320383],[-71.210275,-30.319922],[-71.210371,-30.319634],[-71.210332,-30.319365],[-71.21039,-30.31877],[-71.210697,-30.317657],[-71.210961,-30.316952],[-71.213986,-30.319009],[-71.213369,-30.323466]]]},"properties":{"comuna":"Ovalle","mancha_id":"04301-88b2196761fffff","clase":"Alto","nivel_medio":2.505,"nivel_medio_min":2.505,"nivel_medio_max":2.505,"pct_alto":50.8,"n_hexagonos":1,"area_ha":28.2}},{"type":"Feature","geometry":{"type":"Polygon","coordinates":[[[-71.215903,-30.339817],[-71.215286,-30.344274],[-71.219672,-30.347254],[-71.219055,-30.35171],[-71.214051,-30.353186],[-71.209664,-30.350205],[-71.207629,-30.350805],[-71.207453,-30.350216],[-71.207337,-30.349429],[-71.207337,-30.348872],[-71.207587,-30.348373],[-71.207971,-30.347989],[-71.208316,-30.347778],[-71.208624,-30.347413],[-71.208931,-30.346779],[-71.208739,-30.345743],[-71.20824,-30.345128],[-71.20776,-30.344783],[-71.207049,-30.343957],[-71.206336,-30.343068],[-71.206032,-30.34269],[-71.205922,-30.342572],[-71.206182,-30.3407],[-71.2068,-30.340195],[-71.206992,-30.33958],[-71.207011,-30.338755],[-71.207039,-30.338157],[-71.207049,-30.337929],[-71.20703,-30.3372],[-71.20728,-30.336067],[-71.207414,-30.335069],[-71.207645,-30.334243],[-71.207894,-30.333456],[-71.208048,-30.332842],[-71.208163,-30.332093],[-71.208105,-30.331325],[-71.208182,-30.33073],[-71.208006,-30.330275],[-71.207951,-30.32989],[-71.207951,-30.329538],[-71.212134,-30.33238],[-71.211516,-30.336837],[-71.215903,-30.339817]]]},"properties":{"comuna":"Ovalle","mancha_id":"04301-88b2196721fffff","clase":"Alto","nivel_medio":2.621,"nivel_medio_min":2.561,"nivel_medio_max":2.678,"pct_alto":63.6,"n_hexagonos":4,"area_ha":176.54}},{"type":"Feature","geometry":{"type":"Polygon","coordinates":[[[-71.66763,-30.620703],[-71.662608,-30.622188],[-71.661995,-30.626636],[-71.666406,-30.6296],[-71.665793,-30.634048],[-71.66077,-30.635532],[-71.660158,-30.63998],[-71.664568,-30.642943],[-71.663956,-30.64739],[-71.668366,-30.650353],[-71.667754,-30.6548],[-71.662731,-30.656284],[-71.662118,-30.66073],[-71.657095,-30.662214],[-71.656482,-30.666659],[-71.651459,-30.668142],[-71.647049,-30.66518],[-71.642026,-30.666662],[-71.637616,-30.663699],[-71.632593,-30.665181],[-71.628184,-30.662218],[-71.628797,-30.657772],[-71.633819,-30.65629],[-71.634432,-30.651844],[-71.630023,-30.64888],[-71.630636,-30.644434],[-71.626226,-30.64147],[-71.626839,-30.637023],[-71.631861,-30.63554],[-71.632474,-30.631093],[-71.628065,-30.628129],[-71.628678,-30.623681],[-71.6337,-30.622197],[-71.634313,-30.617749],[-71.639334,-30.616265],[-71.643744,-30.619229],[-71.643131,-30.623678],[-71.64754,-30.626641],[-71.646928,-30.631089],[-71.651337,-30.634053],[-71.65636,-30.632569],[-71.656973,-30.628121],[-71.652563,-30.625157],[-71.653175,-30.620709],[-71.648766,-30.617745],[-71.649378,-30.613296],[-71.6544,-30.611811],[-71.65881,-30.614775],[-71.663833,-30.61329],[-71.668243,-30.616254],[-71.66763,-30.620703]],[[-71.648887,-30.651841],[-71.643864,-30.653324],[-71.643251,-30.657771],[-71.647661,-30.660734],[-71.652684,-30.659251],[-71.653297,-30.654804],[-71.648887,-30.651841]]]},"properties":{"comuna":"Ovalle","mancha_id":"04301-88b2e6d913fffff","clase":"Muy Alto","nivel_medio":3.619,"nivel_medio_min":3.504,"nivel_medio_max":3.801,"pct_alto":99.9,"n_hexagonos":23,"area_ha":1571.21}},{"type":"Feature","geometry":{"type":"Polygon","coordinates":[[[-71.597937,-30.637023],[-71.59855,-30.632577],[-71.603571,-30.631095],[-71.607979,-30.63406],[-71.607366,-30.638506],[-71.602345,-30.639988],[-71.597937,-30.637023]]]},"properties":{"comuna":"Ovalle","mancha_id":"04301-88b2e6d8a9fffff","clase":"Muy Alto","nivel_medio":3.518,"nivel_medio_min":3.518,"nivel_medio_max":3.518,"pct_alto":97.2,"n_hexagonos":1,"area_ha":68.29}},{"type":"Feature","geometry":{"type":"Polygon","coordinates":[[[-71.639574,-30.684442],[-71.640187,-30.679997],[-71.64521,-30.678515],[-71.649621,-30.681478],[-71.649008,-30.685923],[-71.643985,-30.687404],[-71.639574,-30.684442]]]},"properties":{"comuna":"Ovalle","mancha_id":"04301-88b2e6cb5bfffff","clase":"Muy Alto","nivel_medio":3.552,"nivel_medio_min":3.552,"nivel_medio_max":3.552,"pct_alto":99.6,"n_hexagonos":1,"area_ha":68.26}},{"type":"Feature","geometry":{"type":"Polygon","coordinates":[[[-71.66028,-30.674068],[-71.660893,-30.669622],[-71.665917,-30.668139],[-71.670328,-30.671101],[-71.669715,-30.675547],[-71.664691,-30.67703],[-71.66028,-30.674068]]]},"properties":{"comuna":"Ovalle","mancha_id":"04301-88b2e6cb4bfffff","clase":"Muy Alto","nivel_medio":3.564,"nivel_medio_min":3.564,"nivel_medio_max":3.564,"pct_alto":99.9,"n_hexagonos":1,"area_ha":68.28}},{"type":"Feature","geometry":{"type":"Polygon","coordinates":[[[-71.666653,-30.697771],[-71.662241,-30.694809],[-71.657217,-30.696291],[-71.656604,-30.700735],[-71.651581,-30.702217],[-71.64717,-30.699255],[-71.647783,-30.694811],[-71.652806,-30.693329],[-71.653419,-30.688885],[-71.658443,-30.687402],[-71.662854,-30.690365],[-71.667878,-30.688882],[-71.672289,-30.691844],[-71.671677,-30.696288],[-71.666653,-30.697771]]]},"properties":{"comuna":"Ovalle","mancha_id":"04301-88b2e6cb0bfffff","clase":"Muy Alto","nivel_medio":3.657,"nivel_medio_min":3.538,"nivel_medio_max":3.722,"pct_alto":99.9,"n_hexagonos":3,"area_ha":204.75}},{"type":"Feature","geometry":{"type":"Polygon","coordinates":[[[-71.628302,-30.696292],[-71.628915,-30.691849],[-71.633938,-30.690368],[-71.638349,-30.69333],[-71.637736,-30.697774],[-71.632712,-30.699255],[-71.628302,-30.696292]]]},"properties":{"comuna":"Ovalle","mancha_id":"04301-88b2e6ca21fffff","clase":"Muy Alto","nivel_medio":3.677,"nivel_medio_min":3.677,"nivel_medio_max":3.677,"pct_alto":97.5,"n_hexagonos":1,"area_ha":68.23}},{"type":"Feature","geometry":{"type":"Polygon","coordinates":[[[-71.615073,-30.687404],[-71.615687,-30.68296],[-71.620709,-30.681479],[-71.621322,-30.677035],[-71.616913,-30.674071],[-71.617526,-30.669627],[-71.613117,-30.666663],[-71.61373,-30.662218],[-71.609322,-30.659254],[-71.609935,-30.654809],[-71.614957,-30.653327],[-71.61557,-30.648881],[-71.611161,-30.645917],[-71.611774,-30.641471],[-71.616796,-30.639988],[-71.621205,-30.642953],[-71.620592,-30.647399],[-71.625,-30.650363],[-71.624387,-30.654809],[-71.619365,-30.656291],[-71.618752,-30.660736],[-71.623161,-30.6637],[-71.622548,-30.668145],[-71.626958,-30.671108],[-71.626345,-30.675553],[-71.630754,-30.678516],[-71.630141,-30.682961],[-71.625119,-30.684442],[-71.624506,-30.688886],[-71.619483,-30.690367],[-71.615073,-30.687404]]]},"properties":{"comuna":"Ovalle","mancha_id":"04301-88b2e6ca05fffff","clase":"Muy Alto","nivel_medio":3.599,"nivel_medio_min":3.533,"nivel_medio_max":3.711,"pct_alto":99.3,"n_hexagonos":7,"area_ha":477.83}},{"type":"Feature","geometry":{"type":"Polygon","coordinates":[[[-71.63026,-30.717026],[-71.630873,-30.712584],[-71.626463,-30.709621],[-71.627076,-30.705179],[-71.632099,-30.703698],[-71.63651,-30.70666],[-71.635897,-30.711103],[-71.640307,-30.714065],[-71.645331,-30.712584],[-71.649742,-30.715546],[-71.649129,-30.719989],[-71.644105,-30.721469],[-71.639694,-30.718508],[-71.634671,-30.719988],[-71.63026,-30.717026]]]},"properties":{"comuna":"Ovalle","mancha_id":"04301-88b2e6c841fffff","clase":"Muy Alto","nivel_medio":3.637,"nivel_medio_min":3.573,"nivel_medio_max":3.688,"pct_alto":98.4,"n_hexagonos":3,"area_ha":204.63}},{"type":"Feature","geometry":{"type":"Polygon","coordinates":[[[-71.660526,-30.742198],[-71.661139,-30.737756],[-71.666163,-30.736275],[-71.666776,-30.731833],[-71.671801,-30.730352],[-71.676213,-30.733313],[-71.681239,-30.731831],[-71.685651,-30.734792],[-71.685039,-30.739234],[-71.680014,-30.740715],[-71.679401,-30.745157],[-71.674376,-30.746638],[-71.669963,-30.743678],[-71.664938,-30.745158],[-71.660526,-30.742198]]]},"properties":{"comuna":"Ovalle","mancha_id":"04301-88b2e6c82dfffff","clase":"Muy Alto","nivel_medio":3.573,"nivel_medio_min":3.51,"nivel_medio_max":3.715,"pct_alto":94.1,"n_hexagonos":4,"area_ha":272.81}},{"type":"Feature","geometry":{"type":"Polygon","coordinates":[[[-71.641654,-30.739236],[-71.642267,-30.734795],[-71.637855,-30.731833],[-71.638468,-30.727392],[-71.643492,-30.725911],[-71.647904,-30.728873],[-71.647291,-30.733314],[-71.651702,-30.736276],[-71.651089,-30.740717],[-71.646065,-30.742197],[-71.641654,-30.739236]]]},"properties":{"comuna":"Ovalle","mancha_id":"04301-88b2e6c805fffff","clase":"Muy Alto","nivel_medio":3.703,"nivel_medio_min":3.67,"nivel_medio_max":3.736,"pct_alto":98.0,"n_hexagonos":2,"area_ha":136.38}},{"type":"Feature","geometry":{"type":"Polygon","coordinates":[[[-71.626581,-30.743674],[-71.627195,-30.739233],[-71.622784,-30.736272],[-71.623397,-30.731831],[-71.628421,-30.730351],[-71.632832,-30.733313],[-71.632218,-30.737754],[-71.636629,-30.740716],[-71.636016,-30.745156],[-71.630992,-30.746636],[-71.626581,-30.743674]]]},"properties":{"comuna":"Ovalle","mancha_id":"04301-88b2e6c803fffff","clase":"Muy Alto","nivel_medio":3.623,"nivel_medio_min":3.558,"nivel_medio_max":3.687,"pct_alto":97.2,"n_hexagonos":2,"area_ha":136.34}},{"type":"Feature","geometry":{"type":"Polygon","coordinates":[[[-71.615658,-30.857559],[-71.616271,-30.853125],[-71.621297,-30.851651],[-71.62571,-30.85461],[-71.625096,-30.859043],[-71.62007,-30.860518],[-71.615658,-30.857559]]]},"properties":{"comuna":"Ovalle","mancha_id":"04301-88b2e65233fffff","clase":"Muy Alto","nivel_medio":3.503,"nivel_medio_min":3.503,"nivel_medio_max":3.503,"pct_alto":97.7,"n_hexagonos":1,"area_ha":68.01}},{"type":"Feature","geometry":{"type":"Polygon","coordinates":[[[-71.619339,-30.830953],[-71.619953,-30.826518],[-71.624978,-30.825042],[-71.62939,-30.828002],[-71.634416,-30.826526],[-71.635029,-30.82209],[-71.630617,-30.81913],[-71.63123,-30.814694],[-71.626818,-30.811734],[-71.627431,-30.807298],[-71.632457,-30.805821],[-71.636869,-30.808781],[-71.636255,-30.813217],[-71.640668,-30.816177],[-71.640055,-30.820613],[-71.644467,-30.823572],[-71.643854,-30.828008],[-71.638828,-30.829485],[-71.638215,-30.83392],[-71.642628,-30.836879],[-71.642015,-30.841314],[-71.636988,-30.84279],[-71.632576,-30.839831],[-71.62755,-30.841307],[-71.623138,-30.838348],[-71.618112,-30.839823],[-71.6137,-30.836863],[-71.614314,-30.832429],[-71.619339,-30.830953]]]},"properties":{"comuna":"Ovalle","mancha_id":"04301-88b2e65201fffff","clase":"Muy Alto","nivel_medio":3.618,"nivel_medio_min":3.552,"nivel_medio_max":3.683,"pct_alto":96.9,"n_hexagonos":8,"area_ha":544.43}},{"type":"Feature","geometry":{"type":"Polygon","coordinates":[[[-71.651576,-30.876793],[-71.65599,-30.879751],[-71.661017,-30.878275],[-71.665432,-30.881233],[-71.664819,-30.885665],[-71.659791,-30.887141],[-71.659178,-30.891573],[-71.663593,-30.89453],[-71.66298,-30.898962],[-71.657952,-30.900437],[-71.653537,-30.89748],[-71.64851,-30.898954],[-71.644096,-30.895997],[-71.639068,-30.897471],[-71.638455,-30.901902],[-71.642869,-30.90486],[-71.642255,-30.909291],[-71.637228,-30.910764],[-71.632814,-30.907807],[-71.633428,-30.903376],[-71.629014,-30.900418],[-71.623987,-30.901891],[-71.619574,-30.898933],[-71.620188,-30.894502],[-71.625214,-30.893029],[-71.625828,-30.888597],[-71.621415,-30.885639],[-71.616389,-30.887113],[-71.611976,-30.884154],[-71.61259,-30.879722],[-71.608177,-30.876764],[-71.608791,-30.872331],[-71.613817,-30.870858],[-71.618229,-30.873817],[-71.623256,-30.872343],[-71.627668,-30.875301],[-71.632695,-30.873827],[-71.637108,-30.876785],[-71.642135,-30.87531],[-71.642748,-30.870877],[-71.647775,-30.869402],[-71.652189,-30.87236],[-71.651576,-30.876793]]]},"properties":{"comuna":"Ovalle","mancha_id":"04301-88b2e65001fffff","clase":"Muy Alto","nivel_medio":3.828,"nivel_medio_min":3.509,"nivel_medio_max":4.0,"pct_alto":96.7,"n_hexagonos":19,"area_ha":1291.61}},{"type":"Feature","geometry":{"type":"Polygon","coordinates":[[[-71.633291,-31.043574],[-71.633905,-31.039151],[-71.638935,-31.037683],[-71.643351,-31.040637],[-71.648381,-31.039168],[-71.652798,-31.042122],[-71.657829,-31.040652],[-71.662246,-31.043606],[-71.661632,-31.048029],[-71.66423,-31.049766],[-71.66422,-31.04992],[-71.66418,-31.05049],[-71.66423,-31.05075],[-71.66435,-31.05105],[-71.66446,-31.05172],[-71.66445,-31.05218],[-71.66439,-31.05237],[-71.66428,-31.05249],[-71.66422,-31.05254],[-71.66412,-31.05254],[-71.66398,-31.0526],[-71.66393,-31.05269],[-71.66392,-31.05279],[-71.66402,-31.05288],[-71.6641,-31.05299],[-71.66411,-31.05315],[-71.66399,-31.05329],[-71.66394,-31.0534],[-71.66394,-31.05353],[-71.66405,-31.05362],[-71.6642,-31.054],[-71.66418,-31.05415],[-71.66402,-31.05429],[-71.66394,-31.05437],[-71.66393,-31.05449],[-71.66393,-31.0547],[-71.66383,-31.05499],[-71.66377,-31.05519],[-71.66376,-31.05534],[-71.66379,-31.0555],[-71.66375,-31.0556],[-71.66362,-31.05564],[-71.66334,-31.05563],[-71.66317,-31.05569],[-71.66297,-31.05586],[-71.66281,-31.05615],[-71.66281,-31.056171],[-71.660405,-31.056874],[-71.659792,-31.061296],[-71.661814,-31.062648],[-71.66177,-31.06271],[-71.66172,-31.06287],[-71.66172,-31.06296],[-71.66178,-31.06305],[-71.6619,-31.06315],[-71.66228,-31.06336],[-71.66248,-31.06341],[-71.66273,-31.06353],[-71.66301,-31.06378],[-71.66309,-31.06394],[-71.6631,-31.06415],[-71.66304,-31.06432],[-71.66278,-31.06448],[-71.66251,-31.0646],[-71.66246,-31.06465],[-71.66229,-31.06482],[-71.66224,-31.06492],[-71.66224,-31.06515],[-71.66231,-31.06539],[-71.66243,-31.06549],[-71.66265,-31.06564],[-71.66298,-31.06572],[-71.66308,-31.06583],[-71.66311,-31.06603],[-71.6633,-31.06641],[-71.66356,-31.067],[-71.663756,-31.067516],[-71.663617,-31.068521],[-71.66347,-31.06857],[-71.66333,-31.06866],[-71.663275,-31.068764],[-71.658565,-31.070139],[-71.657951,-31.07456],[-71.66158,-31.076985],[-71.66152,-31.07706],[-71.6615,-31.07721],[-71.66159,-31.07729],[-71.66175,-31.07732],[-71.66198,-31.07734],[-71.66209,-31.07738],[-71.66215,-31.07751],[-71.66213,-31.07765],[-71.66198,-31.07778],[-71.66186,-31.07784],[-71.66182,-31.07796],[-71.66174,-31.07808],[-71.66165,-31.07815],[-71.66139,-31.07812],[-71.66099,-31.07815],[-71.66083,-31.07825],[-71.66081,-31.07838],[-71.6608,-31.07869],[-71.66068,-31.07888],[-71.6606,-31.07911],[-71.66064,-31.07925],[-71.66078,-31.07943],[-71.66082,-31.07962],[-71.66068,-31.07977],[-71.66056,-31.07987],[-71.66038,-31.07991],[-71.66021,-31.07991],[-71.66001,-31.07998],[-71.65984,-31.08011],[-71.6598,-31.08024],[-71.65983,-31.08035],[-71.65996,-31.08044],[-71.66034,-31.08068],[-71.66041,-31.08081],[-71.66039,-31.08102],[-71.6603,-31.08116],[-71.66015,-31.08117],[-71.65998,-31.08116],[-71.65978,-31.08109],[-71.65966,-31.08111],[-71.65916,-31.08135],[-71.65905,-31.0815],[-71.65883,-31.08162],[-71.65851,-31.08167],[-71.65811,-31.0817],[-71.65777,-31.08161],[-71.65745,-31.08145],[-71.65697,-31.08139],[-71.65673,-31.08143],[-71.65642,-31.08157],[-71.65616,-31.08163],[-71.65575,-31.08182],[-71.65553,-31.08197],[-71.6553,-31.08214],[-71.65522,-31.08228],[-71.65523,-31.082403],[-71.652306,-31.080449],[-71.647275,-31.081916],[-71.642858,-31.078964],[-71.637827,-31.080431],[-71.633411,-31.077478],[-71.62838,-31.078944],[-71.623964,-31.075991],[-71.624578,-31.071571],[-71.620162,-31.068617],[-71.620776,-31.064196],[-71.61636,-31.061242],[-71.616974,-31.056821],[-71.622004,-31.055354],[-71.622618,-31.050932],[-71.618202,-31.047978],[-71.618816,-31.043556],[-71.623846,-31.042088],[-71.628262,-31.045042],[-71.633291,-31.043574]]]},"properties":{"comuna":"Ovalle","mancha_id":"04301-88b2e64013fffff","clase":"Muy Alto","nivel_medio":3.849,"nivel_medio_min":3.528,"nivel_medio_max":4.0,"pct_alto":97.1,"n_hexagonos":25,"area_ha":1665.53}},{"type":"Feature","geometry":{"type":"Polygon","coordinates":[[[-71.709,-30.66298],[-71.709097,-30.663126],[-71.7091,-30.66313],[-71.70919,-30.66322],[-71.70922,-30.66328],[-71.70916,-30.66337],[-71.70898,-30.66342],[-71.70882,-30.66347],[-71.70873,-30.66356],[-71.70872,-30.66371],[-71.70882,-30.6638],[-71.70893,-30.66388],[-71.70902,-30.66395],[-71.70901,-30.66406],[-71.70891,-30.66415],[-71.70876,-30.66421],[-71.70865,-30.66436],[-71.70857,-30.6646],[-71.70852,-30.66488],[-71.70849,-30.66509],[-71.70844,-30.66527],[-71.70844,-30.66544],[-71.70854,-30.66553],[-71.70862,-30.6656],[-71.70865,-30.66574],[-71.70859,-30.66593],[-71.70856,-30.66604],[-71.7086,-30.66614],[-71.7086,-30.6663],[-71.70844,-30.66646],[-71.70836,-30.66661],[-71.70837,-30.66678],[-71.7084,-30.66707],[-71.70841,-30.66719],[-71.70845,-30.66724],[-71.70845,-30.66734],[-71.70828,-30.66744],[-71.7081,-30.66755],[-71.70799,-30.66774],[-71.70789,-30.6678],[-71.70781,-30.66774],[-71.70774,-30.66767],[-71.70767,-30.66768],[-71.70762,-30.66781],[-71.70751,-30.66784],[-71.70742,-30.66783],[-71.70726,-30.66789],[-71.70706,-30.66809],[-71.70689,-30.66827],[-71.70675,-30.66839],[-71.7067,-30.66855],[-71.70669,-30.66873],[-71.70661,-30.66886],[-71.70661,-30.668912],[-71.704273,-30.669603],[-71.703794,-30.673081],[-71.70368,-30.67313],[-71.70362,-30.67321],[-71.70361,-30.67337],[-71.70357,-30.67352],[-71.70339,-30.67364],[-71.70327,-30.67374],[-71.70313,-30.67388],[-71.70304,-30.67398],[-71.70294,-30.67399],[-71.70286,-30.6739],[-71.70279,-30.67385],[-71.70262,-30.67396],[-71.70253,-30.67402],[-71.70247,-30.67406],[-71.70248,-30.6742],[-71.70249,-30.67432],[-71.702419,-30.674416],[-71.698636,-30.675534],[-71.698024,-30.67998],[-71.701319,-30.682191],[-71.7012,-30.68237],[-71.70104,-30.68249],[-71.70094,-30.68252],[-71.70091,-30.6826],[-71.70089,-30.68272],[-71.70079,-30.68287],[-71.70064,-30.683],[-71.70063,-30.68315],[-71.70067,-30.68333],[-71.70068,-30.68347],[-71.70074,-30.68366],[-71.70094,-30.68385],[-71.70102,-30.68411],[-71.70113,-30.68435],[-71.70124,-30.68451],[-71.70128,-30.68468],[-71.70128,-30.68489],[-71.70117,-30.68501],[-71.70101,-30.68508],[-71.70098,-30.68522],[-71.70087,-30.68536],[-71.70071,-30.68551],[-71.70063,-30.68557],[-71.70046,-30.68561],[-71.70023,-30.68551],[-71.70007,-30.68542],[-71.69992,-30.68543],[-71.69979,-30.68548],[-71.69951,-30.68555],[-71.6994,-30.68553],[-71.69926,-30.68554],[-71.69916,-30.68565],[-71.69915,-30.68573],[-71.69914,-30.68579],[-71.6993,-30.6859],[-71.69945,-30.68602],[-71.69948,-30.68615],[-71.6996,-30.68627],[-71.6996,-30.68642],[-71.69954,-30.68663],[-71.69957,-30.68681],[-71.6997,-30.68701],[-71.69975,-30.68721],[-71.69974,-30.68738],[-71.69958,-30.6876],[-71.69953,-30.68783],[-71.69951,-30.68796],[-71.699536,-30.688063],[-71.6968,-30.688871],[-71.696187,-30.693316],[-71.698973,-30.695185],[-71.69899,-30.69523],[-71.69902,-30.69543],[-71.69903,-30.69552],[-71.69913,-30.69566],[-71.69916,-30.69582],[-71.69915,-30.69595],[-71.69921,-30.69617],[-71.69925,-30.69634],[-71.69915,-30.69652],[-71.69917,-30.6967],[-71.69922,-30.69685],[-71.69929,-30.69705],[-71.69934,-30.69717],[-71.69909,-30.69749],[-71.69892,-30.69762],[-71.69885,-30.6978],[-71.69865,-30.69792],[-71.69845,-30.69801],[-71.69831,-30.69814],[-71.69821,-30.6983],[-71.69818,-30.69848],[-71.69816,-30.69872],[-71.6982,-30.69892],[-71.69829,-30.69926],[-71.69838,-30.6996],[-71.69858,-30.69992],[-71.69884,-30.70016],[-71.69922,-30.70034],[-71.69956,-30.70041],[-71.69991,-30.70046],[-71.700025,-30.700452],[-71.699988,-30.700722],[-71.694963,-30.702206],[-71.694351,-30.70665],[-71.689326,-30.708133],[-71.688713,-30.712577],[-71.683688,-30.71406],[-71.683076,-30.718503],[-71.687489,-30.721464],[-71.686876,-30.725906],[-71.681851,-30.727389],[-71.677438,-30.724428],[-71.672414,-30.72591],[-71.668001,-30.722949],[-71.668614,-30.718506],[-71.673639,-30.717024],[-71.674251,-30.712581],[-71.679276,-30.711099],[-71.679888,-30.706655],[-71.675476,-30.703694],[-71.676089,-30.69925],[-71.681113,-30.697767],[-71.681726,-30.693322],[-71.677314,-30.690361],[-71.677926,-30.685916],[-71.673514,-30.682954],[-71.674127,-30.678509],[-71.679151,-30.677025],[-71.679763,-30.672579],[-71.684787,-30.671095],[-71.685399,-30.666649],[-71.690424,-30.665165],[-71.691036,-30.660718],[-71.686624,-30.657756],[-71.687236,-30.653309],[-71.682825,-30.650346],[-71.683437,-30.645899],[-71.679026,-30.642936],[-71.679638,-30.638489],[-71.684661,-30.637003],[-71.685273,-30.632555],[-71.680862,-30.629592],[-71.681475,-30.625144],[-71.686498,-30.623658],[-71.68711,-30.619209],[-71.682699,-30.616246],[-71.683311,-30.611796],[-71.688334,-30.61031],[-71.692745,-30.613273],[-71.697769,-30.611786],[-71.70218,-30.614749],[-71.707204,-30.613262],[-71.711453,-30.616115],[-71.71148,-30.61615],[-71.711517,-30.616158],[-71.711616,-30.616224],[-71.711176,-30.619426],[-71.71115,-30.61946],[-71.711162,-30.619525],[-71.711122,-30.619815],[-71.71107,-30.61982],[-71.71093,-30.61988],[-71.71083,-30.62],[-71.71073,-30.62009],[-71.71064,-30.62014],[-71.71046,-30.62017],[-71.7103,-30.62021],[-71.71019,-30.62024],[-71.71006,-30.62033],[-71.71005,-30.62042],[-71.71007,-30.62051],[-71.71023,-30.62068],[-71.710382,-30.620858],[-71.70598,-30.622161],[-71.705368,-30.62661],[-71.70978,-30.629573],[-71.70938,-30.632484],[-71.70935,-30.6325],[-71.70922,-30.63256],[-71.70913,-30.63266],[-71.70915,-30.63278],[-71.7093,-30.63291],[-71.70932,-30.632922],[-71.709168,-30.634022],[-71.704144,-30.635508],[-71.703532,-30.639957],[-71.707945,-30.642919],[-71.707333,-30.647367],[-71.711745,-30.650329],[-71.711133,-30.654776],[-71.713443,-30.656326],[-71.71344,-30.65638],[-71.71347,-30.65653],[-71.71355,-30.65664],[-71.71372,-30.65666],[-71.71387,-30.65671],[-71.71389,-30.65683],[-71.71384,-30.65699],[-71.71375,-30.6571],[-71.71376,-30.65727],[-71.71374,-30.65744],[-71.71355,-30.65756],[-71.71327,-30.65767],[-71.71297,-30.65776],[-71.71271,-30.65786],[-71.71259,-30.65802],[-71.71248,-30.65822],[-71.71245,-30.6585],[-71.71236,-30.65875],[-71.71231,-30.65895],[-71.71236,-30.65917],[-71.71246,-30.65935],[-71.71251,-30.65958],[-71.71245,-30.65982],[-71.71243,-30.66019],[-71.71239,-30.66037],[-71.7124,-30.66057],[-71.71227,-30.66071],[-71.71215,-30.66085],[-71.71221,-30.661],[-71.71225,-30.66116],[-71.71234,-30.66122],[-71.71246,-30.66126],[-71.7125,-30.66144],[-71.71241,-30.66161],[-71.71211,-30.66188],[-71.71186,-30.66221],[-71.71167,-30.66244],[-71.71156,-30.66249],[-71.71139,-30.66246],[-71.71123,-30.66236],[-71.71118,-30.66222],[-71.71112,-30.66211],[-71.71101,-30.66206],[-71.71092,-30.66195],[-71.71081,-30.66194],[-71.71073,-30.66202],[-71.71063,-30.66213],[-71.71044,-30.66209],[-71.71022,-30.66206],[-71.70993,-30.66204],[-71.7098,-30.662],[-71.70966,-30.66196],[-71.70954,-30.66202],[-71.70936,-30.66219],[-71.7092,-30.66235],[-71.70907,-30.66251],[-71.70898,-30.66264],[-71.70896,-30.6628],[-71.709,-30.66298]]]},"properties":{"comuna":"Ovalle","mancha_id":"04301-88b21b3683fffff","clase":"Muy Alto","nivel_medio":3.762,"nivel_medio_min":3.505,"nivel_medio_max":3.985,"pct_alto":98.6,"n_hexagonos":38,"area_ha":2550.04}}],"bbox":[-71.71782,-31.21619,-70.85289,-30.31063]}