{"type":"FeatureCollection","features":[{"type":"Feature","geometry":{"type":"Polygon","coordinates":[[[-70.667174,-34.973345],[-70.667809,-34.969199],[-70.672889,-34.967923],[-70.673525,-34.963776],[-70.678605,-34.9625],[-70.683049,-34.965371],[-70.682414,-34.969518],[-70.686858,-34.972389],[-70.686223,-34.976535],[-70.681142,-34.977811],[-70.676698,-34.974941],[-70.671618,-34.976216],[-70.667174,-34.973345]]]},"properties":{"comuna":"Romeral","mancha_id":"07306-88b2ced621fffff","clase":"Muy Bajo","nivel_medio":0.272,"nivel_medio_min":0.061,"nivel_medio_max":0.455,"pct_alto":7.8,"n_hexagonos":3,"area_ha":184.69}},{"type":"Feature","geometry":{"type":"Polygon","coordinates":[[[-70.642482,-34.975121],[-70.642413,-34.975573],[-70.638029,-34.976673],[-70.638118,-34.97659],[-70.639546,-34.97583],[-70.641006,-34.975355],[-70.641845,-34.975083],[-70.642482,-34.975121]]]},"properties":{"comuna":"Romeral","mancha_id":"07306-88b2ced615fffff","clase":"Muy Bajo","nivel_medio":0.354,"nivel_medio_min":0.354,"nivel_medio_max":0.354,"pct_alto":9.2,"n_hexagonos":1,"area_ha":1.99}},{"type":"Feature","geometry":{"type":"Polygon","coordinates":[[[-70.663366,-34.966328],[-70.658286,-34.967603],[-70.657266,-34.966943],[-70.658139,-34.966879],[-70.659714,-34.966645],[-70.660491,-34.966562],[-70.661438,-34.966197],[-70.66235,-34.965431],[-70.663674,-34.964319],[-70.663366,-34.966328]]]},"properties":{"comuna":"Romeral","mancha_id":"07306-88b2ced605fffff","clase":"Muy Bajo","nivel_medio":0.463,"nivel_medio_min":0.463,"nivel_medio_max":0.463,"pct_alto":13.5,"n_hexagonos":1,"area_ha":4.89}},{"type":"Feature","geometry":{"type":"Polygon","coordinates":[[[-70.770065,-34.939478],[-70.770699,-34.935327],[-70.766251,-34.932458],[-70.766742,-34.929245],[-70.767534,-34.930643],[-70.768872,-34.931774],[-70.7703,-34.932904],[-70.771579,-34.934183],[-70.772207,-34.934947],[-70.772264,-34.935016],[-70.773216,-34.935611],[-70.773543,-34.936385],[-70.773483,-34.937069],[-70.773275,-34.937574],[-70.773097,-34.937872],[-70.773126,-34.938467],[-70.772918,-34.939716],[-70.772888,-34.940817],[-70.772864,-34.941284],[-70.772829,-34.941948],[-70.773067,-34.942453],[-70.773335,-34.943137],[-70.774168,-34.943256],[-70.774352,-34.943399],[-70.773878,-34.946498],[-70.768796,-34.94778],[-70.764348,-34.94491],[-70.764982,-34.94076],[-70.770065,-34.939478]]]},"properties":{"comuna":"Romeral","mancha_id":"07306-88b2ced2a9fffff","clase":"Muy Bajo","nivel_medio":0.384,"nivel_medio_min":0.257,"nivel_medio_max":0.435,"pct_alto":12.4,"n_hexagonos":3,"area_ha":87.22}},{"type":"Feature","geometry":{"type":"Polygon","coordinates":[[[-70.777692,-34.953517],[-70.778326,-34.949367],[-70.77889,-34.949225],[-70.779255,-34.949414],[-70.779968,-34.950158],[-70.780623,-34.951318],[-70.781367,-34.952895],[-70.781783,-34.953996],[-70.781902,-34.954977],[-70.78214,-34.956108],[-70.782264,-34.956355],[-70.782141,-34.956386],[-70.777692,-34.953517]]]},"properties":{"comuna":"Romeral","mancha_id":"07306-88b2ced2a7fffff","clase":"Muy Bajo","nivel_medio":0.422,"nivel_medio_min":0.422,"nivel_medio_max":0.422,"pct_alto":13.4,"n_hexagonos":1,"area_ha":16.81}},{"type":"Feature","geometry":{"type":"Polygon","coordinates":[[[-70.865538,-34.986499],[-70.865424,-34.987244],[-70.864951,-34.987363],[-70.86547,-34.986565],[-70.865538,-34.986499]]]},"properties":{"comuna":"Romeral","mancha_id":"07306-88b2ced1ebfffff","clase":"Muy Bajo","nivel_medio":0.0,"nivel_medio_min":0.0,"nivel_medio_max":0.0,"pct_alto":0.0,"n_hexagonos":1,"area_ha":0.18}},{"type":"Feature","geometry":{"type":"Polygon","coordinates":[[[-70.838523,-35.002009],[-70.833642,-35.003239],[-70.832956,-35.002797],[-70.833781,-35.002409],[-70.8357,-35.001914],[-70.837061,-35.001852],[-70.838523,-35.002009]]]},"properties":{"comuna":"Romeral","mancha_id":"07306-88b2ced19dfffff","clase":"Muy Bajo","nivel_medio":0.476,"nivel_medio_min":0.476,"nivel_medio_max":0.476,"pct_alto":7.2,"n_hexagonos":1,"area_ha":3.24}},{"type":"Feature","geometry":{"type":"Polygon","coordinates":[[[-70.859705,-34.992677],[-70.854619,-34.99396],[-70.853278,-34.993098],[-70.853463,-34.993125],[-70.8547,-34.993249],[-70.855876,-34.992939],[-70.857547,-34.99263],[-70.859342,-34.992073],[-70.859809,-34.991995],[-70.859705,-34.992677]]]},"properties":{"comuna":"Romeral","mancha_id":"07306-88b2ced18dfffff","clase":"Muy Bajo","nivel_medio":0.41,"nivel_medio_min":0.41,"nivel_medio_max":0.41,"pct_alto":8.6,"n_hexagonos":1,"area_ha":3.92}},{"type":"Feature","geometry":{"type":"Polygon","coordinates":[[[-70.89165,-34.980561],[-70.892216,-34.980476],[-70.891038,-34.980774],[-70.89165,-34.980561]]]},"properties":{"comuna":"Romeral","mancha_id":"07306-88b2ced131fffff","clase":"Muy Bajo","nivel_medio":0.0,"nivel_medio_min":0.0,"nivel_medio_max":0.0,"pct_alto":0.0,"n_hexagonos":1,"area_ha":0.03}},{"type":"Feature","geometry":{"type":"Polygon","coordinates":[[[-70.801765,-35.174517],[-70.802552,-35.17432],[-70.802935,-35.174566],[-70.802478,-35.174542],[-70.801765,-35.174517]]]},"properties":{"comuna":"Romeral","mancha_id":"07306-88b2cece11fffff","clase":"Muy Bajo","nivel_medio":0.457,"nivel_medio_min":0.457,"nivel_medio_max":0.457,"pct_alto":0.0,"n_hexagonos":1,"area_ha":0.13}},{"type":"Feature","geometry":{"type":"Polygon","coordinates":[[[-70.824175,-35.16095],[-70.829263,-35.159674],[-70.830161,-35.16025],[-70.829515,-35.160536],[-70.828028,-35.162062],[-70.826858,-35.163762],[-70.825738,-35.165032],[-70.824693,-35.165826],[-70.82354,-35.165086],[-70.824175,-35.16095]]]},"properties":{"comuna":"Romeral","mancha_id":"07306-88b2cece0dfffff","clase":"Muy Bajo","nivel_medio":0.071,"nivel_medio_min":0.071,"nivel_medio_max":0.071,"pct_alto":0.0,"n_hexagonos":1,"area_ha":19.21}},{"type":"Feature","geometry":{"type":"Polygon","coordinates":[[[-70.778382,-35.172417],[-70.777747,-35.176551],[-70.774442,-35.177378],[-70.774031,-35.176831],[-70.773268,-35.176542],[-70.772095,-35.177461],[-70.771418,-35.177992],[-70.770153,-35.178716],[-70.768238,-35.180012],[-70.763791,-35.181208],[-70.762485,-35.180368],[-70.76312,-35.176234],[-70.768208,-35.174962],[-70.768843,-35.170827],[-70.77393,-35.169554],[-70.778382,-35.172417]]]},"properties":{"comuna":"Romeral","mancha_id":"07306-88b2cec523fffff","clase":"Muy Bajo","nivel_medio":0.391,"nivel_medio_min":0.341,"nivel_medio_max":0.423,"pct_alto":0.1,"n_hexagonos":2,"area_ha":97.17}},{"type":"Feature","geometry":{"type":"Polygon","coordinates":[[[-70.691921,-35.13041],[-70.692557,-35.126273],[-70.68811,-35.123407],[-70.688746,-35.119271],[-70.693829,-35.118],[-70.698277,-35.120866],[-70.697641,-35.125003],[-70.702089,-35.127868],[-70.701454,-35.132004],[-70.69637,-35.133275],[-70.691921,-35.13041]]]},"properties":{"comuna":"Romeral","mancha_id":"07306-88b2cec445fffff","clase":"Muy Bajo","nivel_medio":0.327,"nivel_medio_min":0.201,"nivel_medio_max":0.453,"pct_alto":2.8,"n_hexagonos":2,"area_ha":122.69}},{"type":"Feature","geometry":{"type":"Polygon","coordinates":[[[-70.762462,-35.053034],[-70.763097,-35.048891],[-70.768181,-35.047614],[-70.772631,-35.05048],[-70.771996,-35.054623],[-70.776446,-35.057489],[-70.775812,-35.061631],[-70.770727,-35.062908],[-70.766277,-35.060042],[-70.766912,-35.0559],[-70.762462,-35.053034]]]},"properties":{"comuna":"Romeral","mancha_id":"07306-88b2cec2c1fffff","clase":"Muy Bajo","nivel_medio":0.459,"nivel_medio_min":0.432,"nivel_medio_max":0.486,"pct_alto":1.2,"n_hexagonos":2,"area_ha":123.0}},{"type":"Feature","geometry":{"type":"Polygon","coordinates":[[[-70.766283,-35.091897],[-70.766918,-35.087757],[-70.762468,-35.084892],[-70.763103,-35.080751],[-70.768188,-35.079475],[-70.772638,-35.08234],[-70.772003,-35.086481],[-70.776454,-35.089346],[-70.775819,-35.093487],[-70.770734,-35.094762],[-70.766283,-35.091897]]]},"properties":{"comuna":"Romeral","mancha_id":"07306-88b2cec2b1fffff","clase":"Muy Bajo","nivel_medio":0.452,"nivel_medio_min":0.422,"nivel_medio_max":0.482,"pct_alto":0.1,"n_hexagonos":2,"area_ha":122.9}},{"type":"Feature","geometry":{"type":"Polygon","coordinates":[[[-70.873457,-35.126737],[-70.87378,-35.124624],[-70.876123,-35.124035],[-70.875297,-35.124481],[-70.874688,-35.124972],[-70.874085,-35.126122],[-70.873457,-35.126737]]]},"properties":{"comuna":"Romeral","mancha_id":"07306-88b2cec1e3fffff","clase":"Muy Bajo","nivel_medio":0.203,"nivel_medio_min":0.203,"nivel_medio_max":0.203,"pct_alto":0.0,"n_hexagonos":1,"area_ha":1.82}},{"type":"Feature","geometry":{"type":"Polygon","coordinates":[[[-70.524355,-35.013087],[-70.524993,-35.008946],[-70.520555,-35.006073],[-70.521192,-35.001931],[-70.526268,-35.000664],[-70.526906,-34.996522],[-70.522468,-34.993648],[-70.517392,-34.994915],[-70.512955,-34.992041],[-70.513593,-34.987899],[-70.509155,-34.985024],[-70.50408,-34.986292],[-70.503442,-34.990434],[-70.50788,-34.993308],[-70.507242,-34.99745],[-70.502167,-34.998717],[-70.49773,-34.995842],[-70.498368,-34.991701],[-70.493931,-34.988826],[-70.488856,-34.990093],[-70.48442,-34.987217],[-70.480193,-34.988272],[-70.480302,-34.98772],[-70.480276,-34.986765],[-70.480567,-34.985917],[-70.481004,-34.985571],[-70.481416,-34.985228],[-70.481972,-34.984831],[-70.482926,-34.984592],[-70.484,-34.984324],[-70.484726,-34.984064],[-70.484932,-34.983897],[-70.485152,-34.983718],[-70.485868,-34.9834],[-70.486494,-34.982831],[-70.486582,-34.982695],[-70.486742,-34.982446],[-70.486941,-34.981915],[-70.48706,-34.981015],[-70.486954,-34.979981],[-70.487299,-34.979557],[-70.487643,-34.978683],[-70.488199,-34.977782],[-70.488809,-34.976775],[-70.488955,-34.976489],[-70.489082,-34.976242],[-70.489325,-34.975768],[-70.489556,-34.975316],[-70.490134,-34.974946],[-70.491422,-34.97446],[-70.493039,-34.974038],[-70.494062,-34.973719],[-70.494543,-34.973568],[-70.495083,-34.9734],[-70.496177,-34.972667],[-70.496447,-34.972485],[-70.496713,-34.972308],[-70.496973,-34.972133],[-70.497402,-34.971846],[-70.498008,-34.97144],[-70.499161,-34.971199],[-70.499676,-34.971088],[-70.5,-34.971066],[-70.500244,-34.97105],[-70.500632,-34.971107],[-70.501037,-34.971118],[-70.501293,-34.971125],[-70.501729,-34.971099],[-70.501918,-34.971088],[-70.502506,-34.971088],[-70.503199,-34.971156],[-70.50404,-34.971312],[-70.50523,-34.971395],[-70.506565,-34.971395],[-70.507187,-34.971348],[-70.508363,-34.971259],[-70.509186,-34.971197],[-70.510169,-34.971766],[-70.510633,-34.972035],[-70.511097,-34.971898],[-70.511188,-34.971822],[-70.511743,-34.971359],[-70.512316,-34.970759],[-70.512744,-34.970179],[-70.513694,-34.969301],[-70.514129,-34.968899],[-70.514635,-34.968431],[-70.51502,-34.968107],[-70.515373,-34.967833],[-70.51566,-34.967703],[-70.516195,-34.967706],[-70.516574,-34.967872],[-70.516835,-34.967781],[-70.517109,-34.96765],[-70.517402,-34.967585],[-70.51743,-34.967579],[-70.518066,-34.967579],[-70.518733,-34.967616],[-70.519499,-34.967563],[-70.519934,-34.967459],[-70.520299,-34.96732],[-70.521779,-34.96671],[-70.523886,-34.965753],[-70.524982,-34.965352],[-70.525846,-34.965146],[-70.52626,-34.965022],[-70.526497,-34.964969],[-70.526253,-34.964673],[-70.525923,-34.96429],[-70.525784,-34.963902],[-70.525661,-34.963559],[-70.525348,-34.962219],[-70.524629,-34.960726],[-70.524269,-34.959573],[-70.524077,-34.958615],[-70.524042,-34.957779],[-70.523996,-34.957409],[-70.523955,-34.957083],[-70.523967,-34.956198],[-70.523809,-34.955231],[-70.523395,-34.954461],[-70.523276,-34.953533],[-70.523296,-34.952864],[-70.523316,-34.952289],[-70.523226,-34.951804],[-70.522871,-34.951449],[-70.522558,-34.951157],[-70.522781,-34.951033],[-70.523132,-34.951072],[-70.523509,-34.95111],[-70.523887,-34.951129],[-70.524416,-34.951166],[-70.524945,-34.951242],[-70.525662,-34.95128],[-70.526361,-34.951336],[-70.527047,-34.951342],[-70.527598,-34.951435],[-70.527689,-34.951463],[-70.528193,-34.95162],[-70.52894,-34.951763],[-70.53005,-34.951705],[-70.530954,-34.951413],[-70.531783,-34.951145],[-70.532793,-34.950923],[-70.53351,-34.950903],[-70.533924,-34.950908],[-70.534574,-34.950916],[-70.535243,-34.950863],[-70.53604,-34.950803],[-70.536777,-34.950684],[-70.537814,-34.95042],[-70.538191,-34.950305],[-70.538649,-34.950026],[-70.538806,-34.949574],[-70.539186,-34.948932],[-70.539344,-34.948665],[-70.539624,-34.948581],[-70.53977,-34.94829],[-70.539594,-34.947968],[-70.539343,-34.947506],[-70.539047,-34.946924],[-70.538827,-34.946377],[-70.538434,-34.945825],[-70.538397,-34.945773],[-70.538415,-34.945433],[-70.538495,-34.945236],[-70.538824,-34.944789],[-70.539334,-34.94447],[-70.53984,-34.944164],[-70.540019,-34.944056],[-70.540561,-34.943912],[-70.540765,-34.943568],[-70.540397,-34.943138],[-70.540079,-34.942614],[-70.539943,-34.94239],[-70.539783,-34.941801],[-70.539663,-34.941285],[-70.539442,-34.940844],[-70.539394,-34.940748],[-70.539205,-34.940454],[-70.538929,-34.939972],[-70.538792,-34.939682],[-70.53905,-34.93927],[-70.539445,-34.938964],[-70.540057,-34.93867],[-70.540465,-34.93825],[-70.540872,-34.937782],[-70.541064,-34.937286],[-70.540982,-34.936542],[-70.540913,-34.935633],[-70.54074,-34.934855],[-70.540761,-34.934214],[-70.540959,-34.933797],[-70.541107,-34.933579],[-70.541506,-34.933469],[-70.54208,-34.933434],[-70.542152,-34.93343],[-70.543002,-34.933615],[-70.544024,-34.933968],[-70.544751,-34.93421],[-70.546123,-34.934452],[-70.547306,-34.934587],[-70.548001,-34.934782],[-70.54847,-34.935012],[-70.548911,-34.935228],[-70.548928,-34.935236],[-70.54927,-34.935797],[-70.549459,-34.936362],[-70.549862,-34.936935],[-70.550172,-34.937363],[-70.550481,-34.937535],[-70.551053,-34.937481],[-70.551543,-34.937535],[-70.552151,-34.937744],[-70.552542,-34.937971],[-70.552723,-34.938116],[-70.55295,-34.938316],[-70.553123,-34.938543],[-70.553422,-34.93897],[-70.553658,-34.939269],[-70.553976,-34.93946],[-70.554266,-34.939578],[-70.554567,-34.939572],[-70.555229,-34.939289],[-70.555444,-34.939197],[-70.556284,-34.939124],[-70.557062,-34.939056],[-70.557446,-34.939158],[-70.557998,-34.939416],[-70.558801,-34.939671],[-70.559838,-34.940001],[-70.560661,-34.940263],[-70.56234,-34.940219],[-70.563939,-34.940024],[-70.564786,-34.939775],[-70.564922,-34.93973],[-70.565712,-34.939469],[-70.566182,-34.939287],[-70.566853,-34.939153],[-70.567409,-34.939255],[-70.567999,-34.939526],[-70.568442,-34.939774],[-70.568649,-34.940086],[-70.569207,-34.940541],[-70.569617,-34.941015],[-70.569601,-34.941678],[-70.569893,-34.942225],[-70.570477,-34.942736],[-70.570968,-34.943166],[-70.570951,-34.94405],[-70.570937,-34.944794],[-70.570623,-34.945436],[-70.570253,-34.945828],[-70.570003,-34.946093],[-70.569495,-34.946631],[-70.569277,-34.946981],[-70.56909,-34.948319],[-70.568934,-34.949612],[-70.568622,-34.950626],[-70.568357,-34.95149],[-70.56831,-34.952316],[-70.568497,-34.953013],[-70.568798,-34.95339],[-70.569419,-34.953755],[-70.570714,-34.954517],[-70.571827,-34.954984],[-70.572328,-34.955065],[-70.573309,-34.955224],[-70.574563,-34.955835],[-70.575528,-34.956305],[-70.57668,-34.956346],[-70.577549,-34.956499],[-70.578132,-34.956397],[-70.578987,-34.956427],[-70.580036,-34.956464],[-70.581062,-34.9565],[-70.581828,-34.956772],[-70.581861,-34.956784],[-70.582663,-34.957069],[-70.58349,-34.957362],[-70.584122,-34.957587],[-70.584411,-34.95769],[-70.584592,-34.957857],[-70.584743,-34.958389],[-70.584785,-34.958926],[-70.584875,-34.959453],[-70.58503,-34.960162],[-70.585184,-34.960793],[-70.585223,-34.961282],[-70.585324,-34.961438],[-70.585481,-34.96168],[-70.585871,-34.961792],[-70.585973,-34.961821],[-70.586093,-34.961855],[-70.586314,-34.961736],[-70.586969,-34.961381],[-70.588054,-34.960793],[-70.589888,-34.960213],[-70.59098,-34.959868],[-70.591127,-34.959788],[-70.59277,-34.9589],[-70.594019,-34.958225],[-70.594566,-34.957928],[-70.595835,-34.957586],[-70.596309,-34.957148],[-70.597222,-34.957003],[-70.598608,-34.957076],[-70.599811,-34.957139],[-70.60029,-34.957164],[-70.60113,-34.957208],[-70.601558,-34.957231],[-70.602403,-34.95755],[-70.602576,-34.957659],[-70.602935,-34.957886],[-70.603388,-34.958426],[-70.603899,-34.958754],[-70.604481,-34.959128],[-70.605455,-34.959381],[-70.606085,-34.959297],[-70.606927,-34.958936],[-70.607507,-34.958846],[-70.608131,-34.958863],[-70.609171,-34.959186],[-70.610555,-34.959533],[-70.610559,-34.959534],[-70.610682,-34.959614],[-70.61076,-34.959594],[-70.611704,-34.959877],[-70.612614,-34.960066],[-70.614224,-34.960396],[-70.615024,-34.96056],[-70.615684,-34.961308],[-70.615992,-34.962251],[-70.615866,-34.963716],[-70.61574,-34.965012],[-70.615533,-34.965736],[-70.61551,-34.966376],[-70.615504,-34.966532],[-70.615525,-34.967216],[-70.615878,-34.967849],[-70.616171,-34.9685],[-70.616596,-34.969189],[-70.61718,-34.969882],[-70.617618,-34.970831],[-70.618164,-34.972015],[-70.617983,-34.972984],[-70.617905,-34.9734],[-70.617838,-34.973756],[-70.617398,-34.974323],[-70.616924,-34.974699],[-70.616241,-34.975404],[-70.615986,-34.975985],[-70.616237,-34.976189],[-70.616833,-34.976173],[-70.617508,-34.976596],[-70.617806,-34.976817],[-70.617931,-34.976911],[-70.618261,-34.977287],[-70.618333,-34.978234],[-70.618339,-34.978306],[-70.618509,-34.978966],[-70.618895,-34.979588],[-70.619144,-34.980317],[-70.619253,-34.981678],[-70.618839,-34.982534],[-70.618453,-34.983501],[-70.61841,-34.984914],[-70.618432,-34.985572],[-70.618439,-34.985751],[-70.618641,-34.986329],[-70.619103,-34.986734],[-70.619883,-34.987225],[-70.620605,-34.987571],[-70.62101,-34.98786],[-70.621616,-34.987947],[-70.622107,-34.987889],[-70.622541,-34.987542],[-70.622738,-34.987106],[-70.6232,-34.98663],[-70.623559,-34.986169],[-70.624222,-34.985316],[-70.625573,-34.983579],[-70.626922,-34.982616],[-70.628235,-34.982324],[-70.630231,-34.981881],[-70.630657,-34.981645],[-70.63141,-34.98123],[-70.632395,-34.98112],[-70.633416,-34.981007],[-70.634693,-34.979807],[-70.636263,-34.978332],[-70.637082,-34.977563],[-70.637248,-34.977407],[-70.636697,-34.980993],[-70.631619,-34.982267],[-70.630982,-34.986412],[-70.635425,-34.989283],[-70.634789,-34.993428],[-70.639232,-34.996299],[-70.638596,-35.000443],[-70.643039,-35.003314],[-70.642403,-35.007458],[-70.646846,-35.010328],[-70.64621,-35.014472],[-70.650654,-35.017342],[-70.650018,-35.021485],[-70.644938,-35.022758],[-70.644301,-35.0269],[-70.639221,-35.028172],[-70.634778,-35.025302],[-70.629698,-35.026574],[-70.625255,-35.023703],[-70.625891,-35.019561],[-70.621448,-35.01669],[-70.616369,-35.017962],[-70.615733,-35.022104],[-70.620175,-35.024975],[-70.619539,-35.029117],[-70.61446,-35.030387],[-70.613823,-35.034529],[-70.608744,-35.035799],[-70.604301,-35.032928],[-70.604938,-35.028787],[-70.600496,-35.025916],[-70.601133,-35.021774],[-70.596691,-35.018903],[-70.597328,-35.014761],[-70.602406,-35.01349],[-70.603043,-35.009348],[-70.598601,-35.006476],[-70.599238,-35.002333],[-70.604316,-35.001062],[-70.604953,-34.996918],[-70.600511,-34.994046],[-70.601148,-34.989902],[-70.606226,-34.98863],[-70.606863,-34.984486],[-70.602421,-34.981614],[-70.603058,-34.977469],[-70.598617,-34.974596],[-70.599254,-34.970451],[-70.604331,-34.969178],[-70.608772,-34.972051],[-70.61385,-34.970778],[-70.614487,-34.966632],[-70.610045,-34.96376],[-70.604968,-34.965033],[-70.600527,-34.96216],[-70.595449,-34.963432],[-70.594813,-34.967578],[-70.589736,-34.96885],[-70.589099,-34.972995],[-70.593539,-34.975868],[-70.592903,-34.980013],[-70.587825,-34.981285],[-70.583385,-34.978412],[-70.584022,-34.974267],[-70.579581,-34.971394],[-70.580218,-34.967249],[-70.575778,-34.964375],[-70.570702,-34.965647],[-70.566262,-34.962773],[-70.566899,-34.958627],[-70.56246,-34.955753],[-70.557384,-34.957024],[-70.556747,-34.961169],[-70.561186,-34.964044],[-70.560549,-34.968189],[-70.564988,-34.971062],[-70.564351,-34.975207],[-70.568791,-34.97808],[-70.568154,-34.982224],[-70.572593,-34.985098],[-70.571956,-34.989241],[-70.566879,-34.990512],[-70.566242,-34.994655],[-70.570682,-34.997528],[-70.570045,-35.00167],[-70.574486,-35.004543],[-70.573848,-35.008685],[-70.578289,-35.011558],[-70.577652,-35.015699],[-70.582093,-35.018571],[-70.581456,-35.022713],[-70.576378,-35.023982],[-70.571937,-35.02111],[-70.572574,-35.016969],[-70.568134,-35.014097],[-70.568771,-35.009955],[-70.564331,-35.007082],[-70.559254,-35.008352],[-70.558616,-35.012493],[-70.563056,-35.015366],[-70.562419,-35.019507],[-70.557342,-35.020776],[-70.552902,-35.017903],[-70.553539,-35.013762],[-70.5491,-35.010889],[-70.549737,-35.006747],[-70.545298,-35.003874],[-70.540222,-35.005143],[-70.539584,-35.009284],[-70.534508,-35.010552],[-70.53387,-35.014693],[-70.528794,-35.015961],[-70.524355,-35.013087]],[[-70.549144,-34.947129],[-70.553583,-34.950004],[-70.558659,-34.948733],[-70.559296,-34.944587],[-70.554857,-34.941712],[-70.549782,-34.942983],[-70.549144,-34.947129]]]},"properties":{"comuna":"Romeral","mancha_id":"07306-88b2ce8a6dfffff","clase":"Muy Bajo","nivel_medio":0.174,"nivel_medio_min":0.0,"nivel_medio_max":0.495,"pct_alto":3.8,"n_hexagonos":122,"area_ha":6386.82}},{"type":"Feature","geometry":{"type":"Polygon","coordinates":[[[-70.507214,-35.029307],[-70.507852,-35.025168],[-70.512928,-35.023902],[-70.517366,-35.026775],[-70.516728,-35.030915],[-70.521167,-35.033788],[-70.520529,-35.037927],[-70.515452,-35.039193],[-70.511014,-35.03632],[-70.511652,-35.032181],[-70.507214,-35.029307]]]},"properties":{"comuna":"Romeral","mancha_id":"07306-88b2ce8a05fffff","clase":"Muy Bajo","nivel_medio":0.325,"nivel_medio_min":0.308,"nivel_medio_max":0.342,"pct_alto":0.0,"n_hexagonos":2,"area_ha":122.73}},{"type":"Feature","geometry":{"type":"Polygon","coordinates":[[[-70.694012,-35.244729],[-70.693877,-35.244772],[-70.692458,-35.245226],[-70.691464,-35.245661],[-70.691319,-35.24579],[-70.690598,-35.246432],[-70.688554,-35.247578],[-70.688388,-35.247672],[-70.686348,-35.248432],[-70.685428,-35.249812],[-70.68502,-35.249992],[-70.685,-35.25],[-70.684408,-35.250262],[-70.682448,-35.250952],[-70.681516,-35.250868],[-70.679888,-35.250722],[-70.677538,-35.251232],[-70.676018,-35.252092],[-70.673998,-35.253062],[-70.672978,-35.253437],[-70.673472,-35.25023],[-70.669023,-35.247368],[-70.669659,-35.24324],[-70.674745,-35.241975],[-70.679194,-35.244837],[-70.68428,-35.243572],[-70.684917,-35.239444],[-70.690003,-35.238178],[-70.690639,-35.234049],[-70.695725,-35.232782],[-70.700175,-35.235645],[-70.705261,-35.234378],[-70.709712,-35.23724],[-70.714799,-35.235973],[-70.715435,-35.231843],[-70.720521,-35.230576],[-70.721157,-35.226446],[-70.716706,-35.223584],[-70.71162,-35.224852],[-70.707169,-35.221989],[-70.702083,-35.223257],[-70.697633,-35.220394],[-70.698269,-35.216264],[-70.703355,-35.214996],[-70.703991,-35.210866],[-70.709077,-35.209598],[-70.709713,-35.205467],[-70.705263,-35.202604],[-70.700177,-35.203872],[-70.695728,-35.201008],[-70.690642,-35.202276],[-70.686193,-35.199413],[-70.686829,-35.195281],[-70.691915,-35.194013],[-70.696364,-35.196877],[-70.701449,-35.195609],[-70.702085,-35.191477],[-70.697636,-35.188613],[-70.698272,-35.184481],[-70.703357,-35.183212],[-70.703993,-35.179079],[-70.709078,-35.17781],[-70.709714,-35.173677],[-70.705265,-35.170813],[-70.705901,-35.166679],[-70.710986,-35.165409],[-70.715435,-35.168273],[-70.7148,-35.172407],[-70.719249,-35.175271],[-70.724335,-35.174001],[-70.728785,-35.176864],[-70.72815,-35.180997],[-70.723064,-35.182267],[-70.722428,-35.1864],[-70.726879,-35.189263],[-70.731965,-35.187994],[-70.7326,-35.18386],[-70.737687,-35.18259],[-70.738322,-35.178457],[-70.733872,-35.175593],[-70.734507,-35.17146],[-70.730057,-35.168596],[-70.730692,-35.164462],[-70.735778,-35.163191],[-70.736413,-35.159056],[-70.741499,-35.157784],[-70.74595,-35.160648],[-70.745315,-35.164783],[-70.749766,-35.167646],[-70.749131,-35.17178],[-70.744044,-35.173052],[-70.743409,-35.177186],[-70.74786,-35.180048],[-70.747225,-35.184182],[-70.751676,-35.187045],[-70.751936,-35.18698],[-70.751829,-35.187727],[-70.751518,-35.188305],[-70.751476,-35.188344],[-70.750895,-35.188883],[-70.750362,-35.189595],[-70.75,-35.189911],[-70.74965,-35.190217],[-70.748805,-35.190262],[-70.748093,-35.190128],[-70.747408,-35.190092],[-70.745758,-35.190912],[-70.744478,-35.191032],[-70.743339,-35.190767],[-70.742291,-35.190523],[-70.741516,-35.190288],[-70.740818,-35.189822],[-70.74072,-35.189781],[-70.73926,-35.189176],[-70.737979,-35.188916],[-70.737205,-35.188873],[-70.736458,-35.189002],[-70.735308,-35.189762],[-70.734944,-35.18991],[-70.729138,-35.192282],[-70.726918,-35.192942],[-70.726256,-35.19331],[-70.725989,-35.193459],[-70.725614,-35.193669],[-70.725238,-35.193942],[-70.725578,-35.195852],[-70.726128,-35.197782],[-70.726138,-35.201242],[-70.726107,-35.201377],[-70.725498,-35.204082],[-70.725408,-35.205072],[-70.725996,-35.205416],[-70.726535,-35.205696],[-70.726901,-35.20617],[-70.727009,-35.206687],[-70.727115,-35.207579],[-70.727117,-35.207592],[-70.72744,-35.208584],[-70.727483,-35.209338],[-70.727548,-35.21005],[-70.727498,-35.210752],[-70.727768,-35.212072],[-70.728175,-35.212629],[-70.728412,-35.212953],[-70.728828,-35.213522],[-70.729488,-35.214612],[-70.731438,-35.216162],[-70.732435,-35.216738],[-70.735828,-35.218702],[-70.736248,-35.219942],[-70.736128,-35.221292],[-70.735844,-35.222271],[-70.734446,-35.227104],[-70.734068,-35.228412],[-70.732858,-35.230332],[-70.733978,-35.233242],[-70.734448,-35.234122],[-70.734807,-35.234957],[-70.735308,-35.236122],[-70.734168,-35.238962],[-70.733901,-35.239177],[-70.732658,-35.240182],[-70.731918,-35.241502],[-70.731938,-35.242602],[-70.733668,-35.244682],[-70.732398,-35.246212],[-70.731909,-35.246972],[-70.730798,-35.248702],[-70.729233,-35.249992],[-70.729223,-35.25],[-70.728348,-35.250722],[-70.726288,-35.252433],[-70.726038,-35.252642],[-70.723218,-35.25046],[-70.722768,-35.250112],[-70.72257,-35.250044],[-70.722443,-35.25],[-70.722419,-35.249992],[-70.722359,-35.249971],[-70.720908,-35.249472],[-70.717788,-35.247202],[-70.716394,-35.246411],[-70.715394,-35.245966],[-70.714282,-35.245354],[-70.713372,-35.245236],[-70.713003,-35.245188],[-70.711698,-35.244842],[-70.710724,-35.243965],[-70.710168,-35.243222],[-70.709508,-35.242342],[-70.708608,-35.241722],[-70.708404,-35.241536],[-70.707368,-35.240592],[-70.706268,-35.239972],[-70.704887,-35.239684],[-70.703168,-35.239812],[-70.701278,-35.240882],[-70.701271,-35.240888],[-70.700048,-35.242072],[-70.697618,-35.243362],[-70.694012,-35.244729]]]},"properties":{"comuna":"Romeral","mancha_id":"07306-88b2ce1a21fffff","clase":"Muy Bajo","nivel_medio":0.109,"nivel_medio_min":0.0,"nivel_medio_max":0.385,"pct_alto":0.1,"n_hexagonos":57,"area_ha":2646.27}},{"type":"Feature","geometry":{"type":"Polygon","coordinates":[[[-70.550212,-35.209667],[-70.549809,-35.209504],[-70.549657,-35.209443],[-70.549302,-35.209077],[-70.549028,-35.208909],[-70.548674,-35.208762],[-70.548431,-35.208663],[-70.548245,-35.208563],[-70.548131,-35.208448],[-70.548031,-35.208263],[-70.547874,-35.207992],[-70.547731,-35.207677],[-70.547517,-35.207406],[-70.547274,-35.207141],[-70.54706,-35.206841],[-70.546818,-35.206598],[-70.546589,-35.206341],[-70.546332,-35.205998],[-70.54612,-35.205693],[-70.545864,-35.205402],[-70.545776,-35.205297],[-70.545584,-35.205043],[-70.545304,-35.204737],[-70.545197,-35.20463],[-70.54508,-35.204513],[-70.544785,-35.204258],[-70.544585,-35.204101],[-70.544385,-35.203844],[-70.544121,-35.20358],[-70.543914,-35.203416],[-70.543835,-35.20336],[-70.543885,-35.203035],[-70.539443,-35.200168],[-70.540081,-35.19604],[-70.545161,-35.194779],[-70.545799,-35.19065],[-70.541357,-35.187782],[-70.536276,-35.189043],[-70.535638,-35.193172],[-70.530558,-35.194432],[-70.530133,-35.197185],[-70.52979,-35.197038],[-70.529641,-35.196976],[-70.529586,-35.196942],[-70.529045,-35.196724],[-70.528527,-35.19667],[-70.528193,-35.196516],[-70.528116,-35.196481],[-70.527791,-35.196062],[-70.527536,-35.195648],[-70.527415,-35.195484],[-70.527017,-35.194937],[-70.526999,-35.194919],[-70.526467,-35.194325],[-70.526368,-35.194391],[-70.525948,-35.194669],[-70.525562,-35.194923],[-70.525142,-35.195222],[-70.524797,-35.195514],[-70.524566,-35.195709],[-70.524697,-35.196049],[-70.524805,-35.196288],[-70.524967,-35.196684],[-70.525139,-35.197087],[-70.525458,-35.197819],[-70.52577,-35.198535],[-70.525767,-35.198933],[-70.525766,-35.199089],[-70.525762,-35.199592],[-70.525761,-35.199862],[-70.525756,-35.200553],[-70.52575,-35.201368],[-70.525748,-35.20157],[-70.525536,-35.202359],[-70.525421,-35.202454],[-70.524955,-35.202833],[-70.524692,-35.203024],[-70.524461,-35.203192],[-70.524305,-35.203282],[-70.52484,-35.199821],[-70.520398,-35.196953],[-70.521037,-35.192825],[-70.516595,-35.189956],[-70.511516,-35.191216],[-70.510877,-35.195344],[-70.515319,-35.198213],[-70.51468,-35.20234],[-70.51441,-35.202407],[-70.514385,-35.202363],[-70.513999,-35.202194],[-70.513432,-35.20219],[-70.512782,-35.202228],[-70.512558,-35.202262],[-70.512404,-35.202286],[-70.511376,-35.202266],[-70.510755,-35.202154],[-70.510689,-35.202148],[-70.510062,-35.202095],[-70.509921,-35.201978],[-70.507954,-35.201504],[-70.507672,-35.201615],[-70.507609,-35.201638],[-70.507367,-35.201615],[-70.507005,-35.201691],[-70.506696,-35.201723],[-70.506644,-35.201729],[-70.506187,-35.201724],[-70.505711,-35.201672],[-70.505368,-35.201558],[-70.505259,-35.2015],[-70.504923,-35.201448],[-70.504237,-35.201239],[-70.504093,-35.201215],[-70.503819,-35.201181],[-70.503324,-35.20122],[-70.50281,-35.201429],[-70.50222,-35.2016],[-70.501911,-35.201536],[-70.501668,-35.201486],[-70.501446,-35.201432],[-70.501116,-35.201353],[-70.500926,-35.201302],[-70.500781,-35.201291],[-70.500259,-35.201443],[-70.499802,-35.201672],[-70.499664,-35.201721],[-70.499326,-35.201843],[-70.499059,-35.201974],[-70.498622,-35.202148],[-70.498165,-35.202338],[-70.497765,-35.202605],[-70.497537,-35.202814],[-70.49729,-35.203023],[-70.497004,-35.203252],[-70.496738,-35.203423],[-70.496471,-35.203499],[-70.496128,-35.203518],[-70.495767,-35.20348],[-70.495478,-35.203395],[-70.494222,-35.203564],[-70.493632,-35.20345],[-70.492852,-35.203374],[-70.490855,-35.202719],[-70.490199,-35.202719],[-70.48998,-35.202719],[-70.48949,-35.202834],[-70.489104,-35.202852],[-70.488628,-35.202871],[-70.488019,-35.202814],[-70.487467,-35.202624],[-70.487086,-35.20249],[-70.486801,-35.202357],[-70.486477,-35.202357],[-70.485773,-35.202476],[-70.485049,-35.202666],[-70.484459,-35.202914],[-70.483888,-35.203123],[-70.482961,-35.203403],[-70.482566,-35.203522],[-70.482261,-35.203674],[-70.481898,-35.203862],[-70.480403,-35.202896],[-70.477104,-35.203713],[-70.476891,-35.20369],[-70.476453,-35.203712],[-70.475712,-35.20375],[-70.475083,-35.203766],[-70.474738,-35.203775],[-70.470932,-35.201316],[-70.470889,-35.201256],[-70.471524,-35.197158],[-70.467084,-35.194289],[-70.462007,-35.195546],[-70.457568,-35.192676],[-70.457522,-35.192688],[-70.457467,-35.192482],[-70.457333,-35.19212],[-70.456851,-35.191709],[-70.456451,-35.191386],[-70.456146,-35.191138],[-70.455861,-35.19091],[-70.455537,-35.190548],[-70.455137,-35.189668],[-70.454814,-35.18963],[-70.454547,-35.189554],[-70.454338,-35.189573],[-70.454109,-35.189744],[-70.453885,-35.190307],[-70.45371,-35.190491],[-70.453146,-35.190883],[-70.452993,-35.191092],[-70.452822,-35.191511],[-70.452651,-35.192044],[-70.452403,-35.192406],[-70.452213,-35.192901],[-70.452137,-35.193339],[-70.452246,-35.193775],[-70.452251,-35.193796],[-70.452365,-35.194214],[-70.452346,-35.194557],[-70.451699,-35.194671],[-70.451532,-35.194702],[-70.451216,-35.194756],[-70.451071,-35.194785],[-70.450201,-35.194927],[-70.449859,-35.195003],[-70.449649,-35.195079],[-70.44944,-35.195193],[-70.449193,-35.195326],[-70.448976,-35.195445],[-70.448945,-35.195457],[-70.448788,-35.195495],[-70.448612,-35.195524],[-70.448365,-35.195353],[-70.448117,-35.195124],[-70.44787,-35.194801],[-70.447679,-35.194591],[-70.447318,-35.194396],[-70.447056,-35.194372],[-70.446661,-35.194336],[-70.446375,-35.194355],[-70.44609,-35.194374],[-70.445709,-35.194432],[-70.445366,-35.194546],[-70.444967,-35.194622],[-70.444574,-35.194658],[-70.444167,-35.194584],[-70.443863,-35.194489],[-70.443577,-35.194394],[-70.443272,-35.194236],[-70.44299,-35.194005],[-70.442745,-35.193804],[-70.44274,-35.193801],[-70.442625,-35.193575],[-70.442435,-35.193347],[-70.442302,-35.19327],[-70.442209,-35.193275],[-70.442111,-35.193232],[-70.441902,-35.19327],[-70.441673,-35.193442],[-70.441407,-35.193575],[-70.44116,-35.193651],[-70.440798,-35.193632],[-70.440455,-35.19367],[-70.440065,-35.193689],[-70.439694,-35.193689],[-70.439389,-35.193632],[-70.439104,-35.19357],[-70.438747,-35.193427],[-70.438547,-35.193228],[-70.438318,-35.193056],[-70.437733,-35.192742],[-70.437405,-35.192485],[-70.437034,-35.192185],[-70.436505,-35.1918],[-70.435877,-35.191414],[-70.435449,-35.191243],[-70.435035,-35.191015],[-70.434606,-35.190816],[-70.434263,-35.190569],[-70.434206,-35.190521],[-70.433993,-35.190345],[-70.433836,-35.19016],[-70.433693,-35.190017],[-70.43355,-35.189945],[-70.433407,-35.189888],[-70.43325,-35.189917],[-70.432965,-35.189917],[-70.432722,-35.189974],[-70.432535,-35.190108],[-70.432522,-35.190117],[-70.432322,-35.190217],[-70.432094,-35.190245],[-70.431894,-35.190231],[-70.431651,-35.190088],[-70.431466,-35.18996],[-70.431294,-35.189788],[-70.431223,-35.18966],[-70.431109,-35.189574],[-70.430957,-35.18949],[-70.430743,-35.189347],[-70.430558,-35.189276],[-70.430301,-35.189204],[-70.430115,-35.189119],[-70.429944,-35.18909],[-70.429658,-35.189047],[-70.429315,-35.188976],[-70.429059,-35.18889],[-70.428759,-35.188819],[-70.428459,-35.188633],[-70.428302,-35.188448],[-70.428173,-35.188334],[-70.428002,-35.188191],[-70.427824,-35.188131],[-70.427788,-35.188119],[-70.427417,-35.187991],[-70.42696,-35.187919],[-70.426674,-35.187962],[-70.426417,-35.187977],[-70.426146,-35.187891],[-70.426018,-35.187734],[-70.426003,-35.187548],[-70.426075,-35.187291],[-70.426089,-35.187063],[-70.426075,-35.186649],[-70.426046,-35.186463],[-70.426018,-35.186178],[-70.425875,-35.185664],[-70.425661,-35.185335],[-70.425404,-35.18495],[-70.425147,-35.184736],[-70.424733,-35.18435],[-70.42429,-35.184079],[-70.423933,-35.183808],[-70.423391,-35.183665],[-70.422991,-35.183537],[-70.422961,-35.183586],[-70.422377,-35.183479],[-70.421834,-35.183479],[-70.421049,-35.183437],[-70.420649,-35.183422],[-70.420307,-35.183379],[-70.419967,-35.183262],[-70.419936,-35.183251],[-70.419564,-35.183222],[-70.419136,-35.183137],[-70.418779,-35.183094],[-70.41859,-35.18304],[-70.418334,-35.182967],[-70.417906,-35.182924],[-70.417377,-35.182895],[-70.416992,-35.182895],[-70.416464,-35.182881],[-70.416129,-35.182844],[-70.415915,-35.182773],[-70.415715,-35.182673],[-70.415455,-35.182566],[-70.41525,-35.182481],[-70.414822,-35.182353],[-70.414493,-35.182224],[-70.414037,-35.181982],[-70.413784,-35.181744],[-70.413531,-35.181545],[-70.413131,-35.181345],[-70.412783,-35.181243],[-70.412489,-35.181131],[-70.412132,-35.180974],[-70.411804,-35.180845],[-70.411561,-35.180831],[-70.411361,-35.180774],[-70.411004,-35.180645],[-70.410733,-35.180531],[-70.41063,-35.180513],[-70.410576,-35.180503],[-70.41039,-35.180488],[-70.410148,-35.180388],[-70.409933,-35.180189],[-70.409791,-35.180003],[-70.409731,-35.179892],[-70.409691,-35.179817],[-70.409548,-35.179675],[-70.409348,-35.179532],[-70.409177,-35.179375],[-70.408991,-35.179303],[-70.408791,-35.179261],[-70.408746,-35.179255],[-70.408577,-35.179232],[-70.408263,-35.179246],[-70.407906,-35.179303],[-70.407678,-35.179461],[-70.407549,-35.179618],[-70.407522,-35.179654],[-70.407421,-35.179789],[-70.407178,-35.179889],[-70.406978,-35.179875],[-70.406744,-35.17994],[-70.406272,-35.18],[-70.405644,-35.180181],[-70.40533,-35.180324],[-70.405073,-35.180467],[-70.40483,-35.180567],[-70.404573,-35.180624],[-70.404245,-35.180667],[-70.403988,-35.180695],[-70.403774,-35.180667],[-70.40336,-35.180681],[-70.40306,-35.180609],[-70.402517,-35.180395],[-70.402197,-35.180131],[-70.401958,-35.179629],[-70.40181,-35.179475],[-70.401547,-35.179139],[-70.401319,-35.178825],[-70.401312,-35.178815],[-70.401162,-35.178568],[-70.401059,-35.17839],[-70.400848,-35.178154],[-70.400619,-35.177954],[-70.400362,-35.177754],[-70.400148,-35.177455],[-70.399977,-35.177126],[-70.399836,-35.176797],[-70.399734,-35.176398],[-70.39962,-35.176155],[-70.399498,-35.176009],[-70.399234,-35.175813],[-70.398949,-35.175613],[-70.398563,-35.17547],[-70.398292,-35.175413],[-70.397992,-35.175399],[-70.397708,-35.175338],[-70.397507,-35.175242],[-70.397221,-35.175156],[-70.396964,-35.174999],[-70.396858,-35.174892],[-70.396764,-35.174799],[-70.396579,-35.174671],[-70.396293,-35.174599],[-70.395894,-35.174585],[-70.395637,-35.174571],[-70.395345,-35.174566],[-70.395037,-35.174499],[-70.394805,-35.174394],[-70.39468,-35.174171],[-70.394487,-35.174034],[-70.394287,-35.173891],[-70.393988,-35.173777],[-70.393731,-35.173677],[-70.393245,-35.173577],[-70.392845,-35.173563],[-70.392315,-35.173596],[-70.392041,-35.173703],[-70.391887,-35.173703],[-70.391775,-35.173663],[-70.391577,-35.17362],[-70.391375,-35.173501],[-70.391089,-35.173066],[-70.390556,-35.172552],[-70.390176,-35.172152],[-70.39008,-35.171619],[-70.390052,-35.171533],[-70.389909,-35.171105],[-70.389643,-35.170648],[-70.389243,-35.170153],[-70.389071,-35.169997],[-70.389013,-35.169949],[-70.388843,-35.169811],[-70.388537,-35.169728],[-70.388457,-35.169697],[-70.388063,-35.169601],[-70.387492,-35.169734],[-70.38719,-35.169839],[-70.386987,-35.16991],[-70.38673,-35.170196],[-70.386588,-35.170353],[-70.386459,-35.17051],[-70.386288,-35.170667],[-70.385885,-35.170795],[-70.3856,-35.170867],[-70.38535,-35.170922],[-70.385028,-35.171038],[-70.384829,-35.17111],[-70.384457,-35.171324],[-70.384143,-35.171495],[-70.383572,-35.171709],[-70.383101,-35.171752],[-70.38273,-35.171695],[-70.382416,-35.171638],[-70.382009,-35.171693],[-70.381731,-35.171738],[-70.381416,-35.171838],[-70.381231,-35.171952],[-70.381017,-35.172038],[-70.380739,-35.172206],[-70.380513,-35.172366],[-70.380347,-35.172588],[-70.380213,-35.172737],[-70.380127,-35.17288],[-70.380042,-35.172994],[-70.379985,-35.173065],[-70.379785,-35.173151],[-70.379542,-35.173208],[-70.379199,-35.173294],[-70.378957,-35.173308],[-70.378657,-35.173351],[-70.378577,-35.173344],[-70.378343,-35.173322],[-70.378086,-35.173308],[-70.377857,-35.173237],[-70.377672,-35.173065],[-70.377482,-35.172822],[-70.377468,-35.172804],[-70.377329,-35.172623],[-70.377143,-35.172352],[-70.376915,-35.172038],[-70.376715,-35.171781],[-70.376515,-35.171581],[-70.376187,-35.171352],[-70.375916,-35.171124],[-70.375673,-35.170867],[-70.375409,-35.170662],[-70.375159,-35.170467],[-70.374988,-35.170324],[-70.374745,-35.170124],[-70.374602,-35.169953],[-70.374459,-35.169782],[-70.374402,-35.169639],[-70.374417,-35.169468],[-70.374402,-35.169232],[-70.374459,-35.168961],[-70.374559,-35.16869],[-70.374745,-35.168461],[-70.374902,-35.168247],[-70.375145,-35.168033],[-70.375345,-35.167804],[-70.375644,-35.167676],[-70.375801,-35.167633],[-70.375958,-35.167562],[-70.376101,-35.167405],[-70.376213,-35.167271],[-70.376244,-35.167233],[-70.37633,-35.167062],[-70.376387,-35.166876],[-70.37643,-35.166705],[-70.376515,-35.166505],[-70.376572,-35.16632],[-70.376529,-35.166171],[-70.376439,-35.165977],[-70.376396,-35.165791],[-70.376353,-35.165577],[-70.37631,-35.165306],[-70.376167,-35.165006],[-70.376096,-35.16472],[-70.375968,-35.16442],[-70.375853,-35.164078],[-70.375768,-35.163849],[-70.375739,-35.163578],[-70.375656,-35.163266],[-70.375539,-35.16305],[-70.375382,-35.162793],[-70.375182,-35.162536],[-70.374997,-35.16234],[-70.374928,-35.162211],[-70.374881,-35.161867],[-70.374915,-35.161643],[-70.374912,-35.161529],[-70.374911,-35.161479],[-70.374825,-35.161194],[-70.374725,-35.16088],[-70.374668,-35.160666],[-70.37454,-35.16048],[-70.374369,-35.160252],[-70.37414,-35.160052],[-70.373971,-35.159968],[-70.373783,-35.159809],[-70.3736,-35.159611],[-70.373526,-35.159381],[-70.373526,-35.159195],[-70.373543,-35.159083],[-70.373612,-35.158938],[-70.373669,-35.158753],[-70.373686,-35.15854],[-70.373683,-35.158353],[-70.373628,-35.158193],[-70.373598,-35.15801],[-70.373503,-35.157833],[-70.373326,-35.157689],[-70.373155,-35.157518],[-70.373026,-35.157332],[-70.372898,-35.157161],[-70.372741,-35.156947],[-70.37257,-35.156704],[-70.372441,-35.156532],[-70.372256,-35.156361],[-70.372141,-35.156233],[-70.37197,-35.156047],[-70.371827,-35.155833],[-70.371684,-35.155547],[-70.371556,-35.155305],[-70.371485,-35.155105],[-70.371447,-35.15492],[-70.371328,-35.154734],[-70.371144,-35.154521],[-70.371142,-35.154519],[-70.370956,-35.154262],[-70.370767,-35.154008],[-70.370628,-35.15382],[-70.370557,-35.153677],[-70.3705,-35.153534],[-70.370457,-35.153377],[-70.370528,-35.153203],[-70.370557,-35.153089],[-70.370671,-35.152918],[-70.370842,-35.152718],[-70.370985,-35.152504],[-70.371171,-35.152161],[-70.37127,-35.152004],[-70.371342,-35.151818],[-70.371413,-35.151447],[-70.371399,-35.15129],[-70.37147,-35.151147],[-70.371599,-35.151005],[-70.371813,-35.150805],[-70.37197,-35.150705],[-70.372013,-35.150533],[-70.371927,-35.150391],[-70.371713,-35.150148],[-70.371456,-35.150005],[-70.371256,-35.149848],[-70.371056,-35.14962],[-70.370995,-35.149459],[-70.370942,-35.149334],[-70.370714,-35.149134],[-70.370626,-35.148833],[-70.370431,-35.148526],[-70.370253,-35.148333],[-70.370102,-35.148169],[-70.369917,-35.147955],[-70.369803,-35.147755],[-70.36976,-35.147484],[-70.369646,-35.147184],[-70.369475,-35.146994],[-70.369389,-35.146899],[-70.369084,-35.146677],[-70.368903,-35.146427],[-70.368756,-35.146135],[-70.368613,-35.145706],[-70.368485,-35.145292],[-70.368342,-35.145007],[-70.368094,-35.144703],[-70.367771,-35.144436],[-70.367428,-35.144284],[-70.366819,-35.143846],[-70.366133,-35.143446],[-70.365677,-35.143256],[-70.365366,-35.143034],[-70.365013,-35.142717],[-70.365027,-35.142403],[-70.365027,-35.142146],[-70.36498,-35.141884],[-70.36497,-35.141562],[-70.364899,-35.141305],[-70.364828,-35.141134],[-70.364756,-35.140862],[-70.364717,-35.140718],[-70.364713,-35.140648],[-70.364656,-35.14042],[-70.364599,-35.14026],[-70.364585,-35.14022],[-70.364399,-35.140034],[-70.364185,-35.139877],[-70.363899,-35.13972],[-70.363799,-35.139592],[-70.363657,-35.13932],[-70.363571,-35.138946],[-70.363514,-35.138732],[-70.363442,-35.138592],[-70.363285,-35.138347],[-70.363071,-35.138175],[-70.362846,-35.138015],[-70.36281,-35.13799],[-70.362586,-35.137833],[-70.362357,-35.137704],[-70.362186,-35.137476],[-70.362001,-35.137205],[-70.361829,-35.136833],[-70.361658,-35.136462],[-70.361622,-35.13622],[-70.361529,-35.135948],[-70.361458,-35.135463],[-70.361387,-35.135077],[-70.361358,-35.134706],[-70.361415,-35.134392],[-70.361529,-35.134192],[-70.361715,-35.133821],[-70.361986,-35.133521],[-70.362143,-35.133336],[-70.362253,-35.133106],[-70.362372,-35.132879],[-70.362373,-35.132869],[-70.362429,-35.13255],[-70.362486,-35.132279],[-70.362515,-35.131994],[-70.362508,-35.131797],[-70.362537,-35.131497],[-70.362643,-35.131301],[-70.362822,-35.131168],[-70.363079,-35.131111],[-70.363379,-35.131068],[-70.363722,-35.130897],[-70.364036,-35.130712],[-70.364264,-35.130569],[-70.364507,-35.130497],[-70.364698,-35.130511],[-70.364707,-35.130512],[-70.36485,-35.130455],[-70.364901,-35.130286],[-70.364919,-35.130032],[-70.364933,-35.129833],[-70.364867,-35.129678],[-70.364836,-35.129623],[-70.364776,-35.129518],[-70.364676,-35.129304],[-70.364664,-35.129084],[-70.36465,-35.128898],[-70.364656,-35.128788],[-70.364721,-35.128599],[-70.364907,-35.128327],[-70.365026,-35.128219],[-70.365221,-35.128042],[-70.365449,-35.127928],[-70.365692,-35.127699],[-70.365892,-35.127371],[-70.366149,-35.127057],[-70.366364,-35.126824],[-70.366606,-35.126587],[-70.366891,-35.126244],[-70.367091,-35.125945],[-70.36722,-35.125702],[-70.367291,-35.125459],[-70.367448,-35.125159],[-70.367634,-35.124888],[-70.367762,-35.124603],[-70.367792,-35.124311],[-70.367762,-35.123974],[-70.367991,-35.122704],[-70.368048,-35.122461],[-70.368062,-35.122204],[-70.368091,-35.121918],[-70.36819,-35.121673],[-70.368348,-35.121502],[-70.36842,-35.121341],[-70.368422,-35.121332],[-70.368476,-35.121073],[-70.368433,-35.120745],[-70.368419,-35.120488],[-70.368405,-35.120145],[-70.36839,-35.119817],[-70.368433,-35.119688],[-70.368462,-35.119332],[-70.368505,-35.118818],[-70.368505,-35.118361],[-70.368476,-35.117918],[-70.368447,-35.117575],[-70.368433,-35.117276],[-70.368505,-35.117076],[-70.368647,-35.116819],[-70.36879,-35.116619],[-70.368904,-35.116533],[-70.369118,-35.116279],[-70.369304,-35.115965],[-70.369518,-35.11568],[-70.369747,-35.11518],[-70.369756,-35.115156],[-70.369918,-35.114752],[-70.370018,-35.114423],[-70.370061,-35.114095],[-70.370302,-35.113218],[-70.370397,-35.112475],[-70.370531,-35.111847],[-70.370531,-35.111295],[-70.369826,-35.110724],[-70.369027,-35.110153],[-70.368132,-35.109696],[-70.367352,-35.109239],[-70.367009,-35.108954],[-70.367077,-35.108633],[-70.367085,-35.108592],[-70.367444,-35.10844],[-70.367462,-35.108357],[-70.367448,-35.108086],[-70.367391,-35.1079],[-70.367352,-35.107806],[-70.367291,-35.107657],[-70.367205,-35.107458],[-70.367034,-35.107286],[-70.366848,-35.107186],[-70.366591,-35.107086],[-70.366392,-35.107015],[-70.366063,-35.106787],[-70.365736,-35.106551],[-70.365449,-35.106344],[-70.365035,-35.106044],[-70.364621,-35.105687],[-70.364293,-35.105416],[-70.364007,-35.10513],[-70.363722,-35.104859],[-70.363622,-35.104645],[-70.363565,-35.104389],[-70.363551,-35.104147],[-70.363565,-35.103861],[-70.363536,-35.103619],[-70.363479,-35.103333],[-70.363351,-35.10299],[-70.363194,-35.102705],[-70.363008,-35.102376],[-70.362851,-35.102134],[-70.36271,-35.101958],[-70.362494,-35.101663],[-70.362237,-35.101334],[-70.362106,-35.10116],[-70.362066,-35.101106],[-70.361852,-35.10092],[-70.361495,-35.100693],[-70.360781,-35.100336],[-70.360481,-35.100194],[-70.36021,-35.100094],[-70.359639,-35.099922],[-70.359267,-35.099765],[-70.358982,-35.099708],[-70.358682,-35.09968],[-70.358397,-35.09968],[-70.35824,-35.099665],[-70.358054,-35.09958],[-70.357925,-35.099408],[-70.357783,-35.099223],[-70.357668,-35.099009],[-70.35764,-35.098866],[-70.35764,-35.09868],[-70.357668,-35.098395],[-70.357726,-35.098109],[-70.357768,-35.097909],[-70.357911,-35.097724],[-70.358097,-35.097552],[-70.358411,-35.097381],[-70.358685,-35.097319],[-70.358919,-35.09717],[-70.35968,-35.096866],[-70.36027,-35.096371],[-70.360651,-35.096047],[-70.361252,-35.095855],[-70.361623,-35.095736],[-70.361909,-35.095665],[-70.362094,-35.095622],[-70.362323,-35.095579],[-70.36258,-35.095479],[-70.36288,-35.095308],[-70.363094,-35.09518],[-70.363126,-35.095167],[-70.363678,-35.094962],[-70.364173,-35.094715],[-70.364611,-35.094182],[-70.365059,-35.093396],[-70.365905,-35.092735],[-70.366324,-35.092431],[-70.367047,-35.091993],[-70.367123,-35.091612],[-70.367314,-35.090984],[-70.367523,-35.090356],[-70.368265,-35.089766],[-70.368518,-35.08957],[-70.369274,-35.088985],[-70.370245,-35.088281],[-70.370854,-35.087538],[-70.371463,-35.08712],[-70.37213,-35.086796],[-70.372644,-35.086682],[-70.373158,-35.086453],[-70.373405,-35.086168],[-70.373576,-35.085825],[-70.373691,-35.085653],[-70.373713,-35.085608],[-70.373957,-35.085254],[-70.373976,-35.084873],[-70.374205,-35.084188],[-70.374197,-35.084159],[-70.374069,-35.083687],[-70.374021,-35.082783],[-70.374245,-35.082259],[-70.374188,-35.081522],[-70.373997,-35.080808],[-70.37403,-35.080253],[-70.373697,-35.079516],[-70.373498,-35.079023],[-70.373331,-35.078928],[-70.372998,-35.078619],[-70.372983,-35.078596],[-70.372736,-35.078214],[-70.372522,-35.077595],[-70.372374,-35.077104],[-70.372316,-35.076761],[-70.372316,-35.076433],[-70.372274,-35.076062],[-70.372217,-35.075733],[-70.372117,-35.075448],[-70.371931,-35.075219],[-70.371745,-35.075005],[-70.371531,-35.074834],[-70.37136,-35.074691],[-70.371231,-35.07462],[-70.371246,-35.074448],[-70.37136,-35.074348],[-70.371517,-35.07422],[-70.371631,-35.073949],[-70.371674,-35.073649],[-70.371774,-35.073377],[-70.371817,-35.073063],[-70.371874,-35.072449],[-70.372017,-35.071564],[-70.372031,-35.071022],[-70.372023,-35.070884],[-70.372002,-35.070494],[-70.372002,-35.069825],[-70.372245,-35.069069],[-70.372145,-35.068498],[-70.372017,-35.068269],[-70.372002,-35.068169],[-70.371961,-35.067547],[-70.372011,-35.06689],[-70.371826,-35.066675],[-70.371797,-35.066333],[-70.372341,-35.06531],[-70.372368,-35.064778],[-70.372397,-35.064206],[-70.372311,-35.063432],[-70.37234,-35.062889],[-70.372563,-35.062479],[-70.372646,-35.062407],[-70.373102,-35.062142],[-70.373412,-35.062027],[-70.373673,-35.061789],[-70.373888,-35.061527],[-70.373769,-35.061241],[-70.37334,-35.060932],[-70.373317,-35.060623],[-70.373535,-35.060269],[-70.37345,-35.059971],[-70.373321,-35.059727],[-70.373293,-35.059414],[-70.373278,-35.059227],[-70.373193,-35.058929],[-70.373107,-35.0587],[-70.373106,-35.058689],[-70.373079,-35.058457],[-70.373307,-35.058143],[-70.373535,-35.058001],[-70.373921,-35.057872],[-70.374215,-35.057703],[-70.374531,-35.05761],[-70.374843,-35.057446],[-70.375086,-35.057246],[-70.375243,-35.056975],[-70.375315,-35.056632],[-70.375315,-35.05639],[-70.375315,-35.056161],[-70.375272,-35.055876],[-70.375346,-35.055573],[-70.375446,-35.055259],[-70.375657,-35.05489],[-70.375831,-35.054559],[-70.375974,-35.054131],[-70.376003,-35.053817],[-70.376103,-35.053603],[-70.376117,-35.053562],[-70.376231,-35.053232],[-70.376317,-35.053089],[-70.376345,-35.052732],[-70.376388,-35.052461],[-70.376431,-35.052246],[-70.376488,-35.051947],[-70.37656,-35.051604],[-70.376617,-35.051161],[-70.376688,-35.050776],[-70.376788,-35.050426],[-70.376831,-35.050155],[-70.376831,-35.049884],[-70.376831,-35.049612],[-70.376758,-35.049329],[-70.376659,-35.049056],[-70.376574,-35.048713],[-70.37646,-35.048456],[-70.376288,-35.04817],[-70.376074,-35.047871],[-70.375917,-35.047585],[-70.375831,-35.047257],[-70.375846,-35.047071],[-70.375717,-35.046671],[-70.375603,-35.046414],[-70.375561,-35.046151],[-70.375546,-35.046057],[-70.375546,-35.045672],[-70.37546,-35.045258],[-70.375446,-35.044944],[-70.375432,-35.044658],[-70.375375,-35.044487],[-70.375317,-35.044401],[-70.375179,-35.044347],[-70.375046,-35.044287],[-70.374875,-35.044273],[-70.374661,-35.044187],[-70.374347,-35.044087],[-70.374075,-35.043973],[-70.373804,-35.043802],[-70.373561,-35.043688],[-70.373333,-35.043588],[-70.373219,-35.043459],[-70.37319,-35.043245],[-70.373219,-35.043009],[-70.373319,-35.042681],[-70.373347,-35.042481],[-70.373362,-35.042324],[-70.373376,-35.042124],[-70.37329,-35.041981],[-70.373176,-35.041696],[-70.373019,-35.041425],[-70.372805,-35.041139],[-70.372576,-35.040954],[-70.372177,-35.040654],[-70.371677,-35.04034],[-70.371334,-35.040125],[-70.371049,-35.040011],[-70.37076,-35.039921],[-70.370549,-35.039854],[-70.370278,-35.03974],[-70.370164,-35.039626],[-70.37009,-35.039556],[-70.369821,-35.039297],[-70.369493,-35.038869],[-70.369235,-35.038544],[-70.368907,-35.03817],[-70.368679,-35.037841],[-70.368346,-35.037638],[-70.368032,-35.037496],[-70.367732,-35.037282],[-70.36739,-35.036982],[-70.367104,-35.036682],[-70.366821,-35.036423],[-70.366561,-35.036325],[-70.36619,-35.036139],[-70.365648,-35.03594],[-70.365434,-35.035882],[-70.365108,-35.035852],[-70.364735,-35.035824],[-70.364725,-35.035824],[-70.364434,-35.03584],[-70.36412,-35.035868],[-70.363906,-35.035825],[-70.363735,-35.035725],[-70.363478,-35.035568],[-70.363306,-35.035468],[-70.363049,-35.035383],[-70.362778,-35.035254],[-70.362436,-35.035069],[-70.36215,-35.034954],[-70.361922,-35.034854],[-70.36165,-35.034812],[-70.361393,-35.03482],[-70.361298,-35.034829],[-70.360994,-35.034791],[-70.360985,-35.03476],[-70.360937,-35.0346],[-70.361165,-35.034353],[-70.361451,-35.034048],[-70.36168,-35.033792],[-70.361767,-35.033621],[-70.361823,-35.033409],[-70.361894,-35.033066],[-70.361923,-35.032553],[-70.361908,-35.032167],[-70.36188,-35.031796],[-70.361866,-35.031339],[-70.361737,-35.030925],[-70.361651,-35.030525],[-70.361652,-35.03052],[-70.36168,-35.030254],[-70.36158,-35.02984],[-70.361409,-35.029383],[-70.361223,-35.029126],[-70.360934,-35.02881],[-70.361399,-35.025804],[-70.361105,-35.025613],[-70.361084,-35.02531],[-70.361165,-35.024987],[-70.361116,-35.024866],[-70.361013,-35.024606],[-70.360917,-35.024016],[-70.360918,-35.02375],[-70.361203,-35.023502],[-70.361446,-35.023353],[-70.361698,-35.023198],[-70.362123,-35.022852],[-70.362212,-35.022417],[-70.362269,-35.02196],[-70.36225,-35.021427],[-70.362117,-35.020875],[-70.3621,-35.02044],[-70.362098,-35.0204],[-70.362269,-35.020209],[-70.36265,-35.020247],[-70.363278,-35.020152],[-70.363773,-35.020019],[-70.364211,-35.019771],[-70.36463,-35.0196],[-70.364991,-35.019429],[-70.365093,-35.01932],[-70.365222,-35.019182],[-70.365277,-35.019124],[-70.365677,-35.018915],[-70.365829,-35.018572],[-70.365886,-35.018268],[-70.365739,-35.017958],[-70.365696,-35.017868],[-70.365639,-35.017506],[-70.36581,-35.017373],[-70.366165,-35.017238],[-70.366362,-35.017163],[-70.366838,-35.016954],[-70.366971,-35.016669],[-70.366971,-35.016288],[-70.366705,-35.015926],[-70.366421,-35.015636],[-70.366184,-35.015259],[-70.366019,-35.014841],[-70.366019,-35.014099],[-70.366005,-35.013507],[-70.366038,-35.01288],[-70.366002,-35.012726],[-70.365886,-35.012233],[-70.365734,-35.011757],[-70.365353,-35.011281],[-70.364915,-35.010787],[-70.364515,-35.010463],[-70.364477,-35.010171],[-70.364548,-35.0097],[-70.364563,-35.008958],[-70.364591,-35.008258],[-70.364606,-35.007801],[-70.364591,-35.007273],[-70.364577,-35.006788],[-70.364577,-35.006445],[-70.364534,-35.006274],[-70.364491,-35.006131],[-70.364534,-35.005917],[-70.364648,-35.005703],[-70.364834,-35.005531],[-70.364977,-35.005431],[-70.364994,-35.005375],[-70.36502,-35.005289],[-70.364877,-35.005203],[-70.364823,-35.005199],[-70.364871,-35.005184],[-70.365158,-35.005094],[-70.365886,-35.005094],[-70.366927,-35.004669],[-70.368433,-35.004246],[-70.369612,-35.003914],[-70.370607,-35.003325],[-70.371379,-35.002695],[-70.371884,-35.002082],[-70.372142,-35.001405],[-70.37215,-35.000915],[-70.372152,-35.000814],[-70.373,-35.000254],[-70.373615,-35.0],[-70.373768,-34.999936],[-70.374039,-34.999825],[-70.374616,-34.999857],[-70.374977,-34.999769],[-70.375305,-34.999433],[-70.375685,-34.999044],[-70.376222,-34.99865],[-70.376789,-34.998267],[-70.377341,-34.998036],[-70.377995,-34.997894],[-70.378598,-34.998007],[-70.37882,-34.998293],[-70.379013,-34.998814],[-70.37922,-34.998968],[-70.37948,-34.999288],[-70.37983,-34.999542],[-70.38005,-34.999786],[-70.380095,-34.999836],[-70.38059,-34.99988],[-70.381149,-34.999741],[-70.381602,-34.999566],[-70.382126,-34.999392],[-70.382998,-34.999322],[-70.383556,-34.999392],[-70.384184,-34.999427],[-70.384763,-34.999536],[-70.385237,-34.999417],[-70.385888,-34.99942],[-70.386246,-34.999338],[-70.386728,-34.999135],[-70.387155,-34.999054],[-70.387579,-34.998974],[-70.388101,-34.998875],[-70.388525,-34.998656],[-70.38901,-34.998293],[-70.389076,-34.998243],[-70.389363,-34.998031],[-70.389862,-34.997839],[-70.390443,-34.997668],[-70.390707,-34.997528],[-70.390973,-34.997374],[-70.391066,-34.997241],[-70.391127,-34.996862],[-70.391152,-34.996419],[-70.391365,-34.995988],[-70.39154,-34.995635],[-70.391979,-34.995364],[-70.392319,-34.994954],[-70.392584,-34.994822],[-70.392849,-34.994186],[-70.393124,-34.993822],[-70.393379,-34.993417],[-70.393556,-34.992827],[-70.394004,-34.992343],[-70.39401,-34.992338],[-70.394492,-34.991907],[-70.395155,-34.991483],[-70.395555,-34.991413],[-70.395939,-34.991544],[-70.396552,-34.9915],[-70.397034,-34.991478],[-70.39792,-34.991369],[-70.398648,-34.991387],[-70.399116,-34.99106],[-70.399713,-34.990608],[-70.40001,-34.990304],[-70.400296,-34.989999],[-70.4005,-34.989447],[-70.400666,-34.988995],[-70.401009,-34.988651],[-70.401294,-34.988528],[-70.401753,-34.988329],[-70.402215,-34.988129],[-70.403186,-34.987941],[-70.403929,-34.987705],[-70.404603,-34.987595],[-70.405093,-34.987428],[-70.406148,-34.987322],[-70.406858,-34.987127],[-70.406957,-34.987079],[-70.407477,-34.986825],[-70.407931,-34.986343],[-70.408325,-34.985741],[-70.408838,-34.985179],[-70.409333,-34.984803],[-70.409825,-34.984705],[-70.410341,-34.984746],[-70.410914,-34.984856],[-70.411628,-34.984785],[-70.412486,-34.984672],[-70.413018,-34.984705],[-70.413672,-34.984554],[-70.414326,-34.984414],[-70.414839,-34.984283],[-70.415322,-34.984343],[-70.415693,-34.984539],[-70.416446,-34.984826],[-70.41649,-34.984867],[-70.417018,-34.985361],[-70.418078,-34.985785],[-70.41907,-34.986182],[-70.419721,-34.986442],[-70.421179,-34.986633],[-70.421841,-34.986951],[-70.422635,-34.987332],[-70.423449,-34.987723],[-70.424296,-34.988129],[-70.425067,-34.988383],[-70.42549,-34.988461],[-70.425688,-34.98847],[-70.426014,-34.988484],[-70.426793,-34.988484],[-70.427284,-34.988339],[-70.42783,-34.988303],[-70.428731,-34.988435],[-70.429946,-34.988614],[-70.431116,-34.988786],[-70.432095,-34.98893],[-70.433687,-34.988912],[-70.435048,-34.988897],[-70.435364,-34.988982],[-70.43639,-34.989257],[-70.437073,-34.98944],[-70.438166,-34.989416],[-70.439028,-34.989397],[-70.4401,-34.989681],[-70.440884,-34.989888],[-70.44169,-34.990449],[-70.442088,-34.990953],[-70.442777,-34.99143],[-70.443493,-34.992278],[-70.444076,-34.992969],[-70.444231,-34.993259],[-70.44433,-34.993445],[-70.444738,-34.993735],[-70.445237,-34.993957],[-70.445827,-34.994112],[-70.445909,-34.994133],[-70.446371,-34.994248],[-70.447204,-34.994271],[-70.447915,-34.994126],[-70.448434,-34.99409],[-70.448965,-34.994042],[-70.449218,-34.993958],[-70.449484,-34.993777],[-70.449932,-34.993179],[-70.450409,-34.992092],[-70.450699,-34.991432],[-70.451628,-34.990582],[-70.452375,-34.989898],[-70.452947,-34.989588],[-70.453165,-34.989469],[-70.454358,-34.989045],[-70.455205,-34.989052],[-70.455703,-34.98912],[-70.455992,-34.989278],[-70.456637,-34.989972],[-70.456841,-34.990115],[-70.454616,-34.99067],[-70.453977,-34.994811],[-70.458412,-34.997687],[-70.463486,-34.996422],[-70.467921,-34.999297],[-70.467283,-35.003438],[-70.471719,-35.006313],[-70.47108,-35.010453],[-70.475517,-35.013328],[-70.474878,-35.017468],[-70.469804,-35.018732],[-70.469165,-35.022871],[-70.464091,-35.024136],[-70.463452,-35.028274],[-70.467888,-35.031149],[-70.46725,-35.035287],[-70.462175,-35.036551],[-70.457739,-35.033676],[-70.458378,-35.029538],[-70.453942,-35.026663],[-70.454581,-35.022525],[-70.450146,-35.019649],[-70.450784,-35.01551],[-70.446349,-35.012635],[-70.441276,-35.013899],[-70.436841,-35.011023],[-70.431768,-35.012286],[-70.431129,-35.016425],[-70.426056,-35.017687],[-70.421622,-35.014811],[-70.422261,-35.010673],[-70.417828,-35.007796],[-70.412755,-35.009059],[-70.408322,-35.006182],[-70.40325,-35.007444],[-70.402611,-35.011583],[-70.407044,-35.014459],[-70.406405,-35.018598],[-70.410838,-35.021474],[-70.415911,-35.020212],[-70.420344,-35.023088],[-70.425417,-35.021826],[-70.429852,-35.024702],[-70.429213,-35.02884],[-70.433647,-35.031715],[-70.433008,-35.035853],[-70.427935,-35.037115],[-70.427296,-35.041252],[-70.431731,-35.044127],[-70.436804,-35.042865],[-70.441239,-35.04574],[-70.440601,-35.049876],[-70.435527,-35.051138],[-70.434888,-35.055274],[-70.439323,-35.058149],[-70.438684,-35.062285],[-70.44312,-35.065159],[-70.448194,-35.063897],[-70.448833,-35.059761],[-70.453908,-35.058499],[-70.458344,-35.061373],[-70.463419,-35.060111],[-70.467855,-35.062984],[-70.467217,-35.06712],[-70.462142,-35.068383],[-70.457705,-35.065509],[-70.45263,-35.066771],[-70.451991,-35.070907],[-70.456428,-35.07378],[-70.461503,-35.072518],[-70.46594,-35.075392],[-70.465301,-35.079527],[-70.460226,-35.080789],[-70.459587,-35.084923],[-70.464024,-35.087796],[-70.463385,-35.091931],[-70.45831,-35.093192],[-70.453873,-35.090319],[-70.448797,-35.09158],[-70.448159,-35.095713],[-70.452595,-35.098586],[-70.457671,-35.097326],[-70.462108,-35.100198],[-70.467184,-35.098937],[-70.471621,-35.101809],[-70.470983,-35.105943],[-70.475421,-35.108815],[-70.474782,-35.112948],[-70.47922,-35.11582],[-70.478582,-35.119952],[-70.473505,-35.121213],[-70.472866,-35.125345],[-70.467789,-35.126606],[-70.467151,-35.130737],[-70.462074,-35.131997],[-70.461435,-35.136128],[-70.456359,-35.137388],[-70.451921,-35.134516],[-70.446845,-35.135775],[-70.446206,-35.139906],[-70.44113,-35.141164],[-70.440491,-35.145294],[-70.435415,-35.146553],[-70.434776,-35.150682],[-70.4297,-35.15194],[-70.425263,-35.149068],[-70.420187,-35.150325],[-70.415751,-35.147453],[-70.410676,-35.14871],[-70.40624,-35.145837],[-70.40688,-35.141708],[-70.402444,-35.138835],[-70.403084,-35.134705],[-70.398649,-35.131832],[-70.399288,-35.127702],[-70.394854,-35.124829],[-70.395493,-35.120698],[-70.391059,-35.117824],[-70.385985,-35.119081],[-70.385345,-35.123212],[-70.380271,-35.124468],[-70.379632,-35.128598],[-70.384066,-35.131472],[-70.383426,-35.135601],[-70.378352,-35.136857],[-70.377712,-35.140986],[-70.382146,-35.14386],[-70.387221,-35.142604],[-70.391655,-35.145477],[-70.391016,-35.149606],[-70.395451,-35.152479],[-70.394811,-35.156607],[-70.389736,-35.157862],[-70.389096,-35.16199],[-70.393532,-35.164863],[-70.398607,-35.163607],[-70.403042,-35.16648],[-70.408118,-35.165224],[-70.412554,-35.168096],[-70.41763,-35.166839],[-70.422066,-35.169711],[-70.427142,-35.168454],[-70.431579,-35.171326],[-70.436656,-35.170069],[-70.441093,-35.17294],[-70.44617,-35.171682],[-70.450608,-35.174553],[-70.449969,-35.178681],[-70.454407,-35.181551],[-70.459485,-35.180294],[-70.463923,-35.183164],[-70.469001,-35.181906],[-70.47344,-35.184776],[-70.472801,-35.188903],[-70.477241,-35.191773],[-70.476602,-35.1959],[-70.481042,-35.198769],[-70.48612,-35.197511],[-70.486759,-35.193384],[-70.482319,-35.190515],[-70.482958,-35.186387],[-70.478518,-35.183517],[-70.479157,-35.179389],[-70.474718,-35.176519],[-70.46964,-35.177778],[-70.465201,-35.174908],[-70.46584,-35.170779],[-70.461401,-35.167909],[-70.46204,-35.16378],[-70.467118,-35.162521],[-70.471556,-35.165392],[-70.476634,-35.164133],[-70.481073,-35.167003],[-70.480434,-35.171132],[-70.484874,-35.174002],[-70.489952,-35.172742],[-70.494392,-35.175612],[-70.493753,-35.179741],[-70.498194,-35.18261],[-70.503273,-35.18135],[-70.507713,-35.184219],[-70.512792,-35.182959],[-70.517233,-35.185828],[-70.522313,-35.184568],[-70.522951,-35.180438],[-70.51851,-35.17757],[-70.519148,-35.17344],[-70.514707,-35.170571],[-70.515345,-35.166442],[-70.510905,-35.163572],[-70.505826,-35.164833],[-70.501386,-35.161963],[-70.502024,-35.157833],[-70.497584,-35.154963],[-70.498223,-35.150833],[-70.493783,-35.147963],[-70.494421,-35.143832],[-70.499499,-35.142571],[-70.503939,-35.145441],[-70.509017,-35.14418],[-70.513458,-35.147049],[-70.512819,-35.151181],[-70.51726,-35.15405],[-70.522339,-35.152789],[-70.52678,-35.155658],[-70.531859,-35.154396],[-70.532497,-35.150265],[-70.528056,-35.147395],[-70.528694,-35.143264],[-70.524253,-35.140394],[-70.524891,-35.136262],[-70.52997,-35.134999],[-70.530608,-35.130867],[-70.535687,-35.129603],[-70.536324,-35.12547],[-70.531884,-35.1226],[-70.526805,-35.123864],[-70.522365,-35.120993],[-70.517286,-35.122256],[-70.512847,-35.119386],[-70.513485,-35.115252],[-70.509045,-35.112381],[-70.509683,-35.108248],[-70.505244,-35.105376],[-70.505882,-35.101242],[-70.510959,-35.099979],[-70.515399,-35.10285],[-70.514761,-35.106985],[-70.519201,-35.109855],[-70.524279,-35.108592],[-70.524917,-35.104458],[-70.529995,-35.103194],[-70.530632,-35.099059],[-70.526192,-35.096188],[-70.521115,-35.097452],[-70.516675,-35.094581],[-70.511597,-35.095844],[-70.507158,-35.092973],[-70.507796,-35.088838],[-70.512874,-35.087574],[-70.513512,-35.083438],[-70.518589,-35.082174],[-70.519227,-35.078038],[-70.514788,-35.075166],[-70.515426,-35.07103],[-70.520503,-35.069765],[-70.521141,-35.065628],[-70.526218,-35.064363],[-70.526855,-35.060225],[-70.531933,-35.05896],[-70.536372,-35.061832],[-70.535735,-35.065969],[-70.530657,-35.067235],[-70.530019,-35.071372],[-70.534459,-35.074243],[-70.533821,-35.07838],[-70.538262,-35.081251],[-70.537624,-35.085388],[-70.542064,-35.088258],[-70.547143,-35.086993],[-70.54778,-35.082857],[-70.552858,-35.081591],[-70.553496,-35.077454],[-70.549055,-35.074583],[-70.549693,-35.070446],[-70.554771,-35.06918],[-70.555408,-35.065042],[-70.560487,-35.063775],[-70.561124,-35.059637],[-70.566202,-35.05837],[-70.570643,-35.061241],[-70.575722,-35.059973],[-70.580164,-35.062844],[-70.579527,-35.066982],[-70.583968,-35.069852],[-70.583331,-35.07399],[-70.587774,-35.07686],[-70.592853,-35.075593],[-70.59349,-35.071455],[-70.59857,-35.070186],[-70.603012,-35.073056],[-70.602376,-35.077194],[-70.606819,-35.080064],[-70.606182,-35.084201],[-70.610625,-35.087071],[-70.609988,-35.091208],[-70.604908,-35.092476],[-70.604271,-35.096613],[-70.599191,-35.09788],[-70.598554,-35.102017],[-70.602997,-35.104886],[-70.608078,-35.103618],[-70.612522,-35.106487],[-70.617603,-35.105219],[-70.618239,-35.101082],[-70.62332,-35.099814],[-70.627765,-35.102682],[-70.627128,-35.106819],[-70.631573,-35.109687],[-70.636655,-35.108418],[-70.6411,-35.111286],[-70.640463,-35.115422],[-70.644909,-35.118289],[-70.644272,-35.122425],[-70.648718,-35.125292],[-70.653801,-35.124023],[-70.654437,-35.119887],[-70.649991,-35.11702],[-70.650627,-35.112884],[-70.646182,-35.110017],[-70.646818,-35.10588],[-70.642373,-35.103012],[-70.643009,-35.098875],[-70.638564,-35.096007],[-70.633483,-35.097276],[-70.629038,-35.094408],[-70.629675,-35.090271],[-70.62523,-35.087402],[-70.625867,-35.083264],[-70.621423,-35.080395],[-70.62206,-35.076257],[-70.617616,-35.073388],[-70.618253,-35.069249],[-70.613809,-35.066379],[-70.614446,-35.06224],[-70.619526,-35.060971],[-70.623969,-35.06384],[-70.623333,-35.067979],[-70.627777,-35.070849],[-70.632857,-35.069579],[-70.633494,-35.065439],[-70.638575,-35.064169],[-70.643019,-35.067038],[-70.6481,-35.065767],[-70.648736,-35.061627],[-70.653818,-35.060356],[-70.658263,-35.063225],[-70.657626,-35.067365],[-70.662072,-35.070233],[-70.661436,-35.074372],[-70.665881,-35.07724],[-70.670963,-35.075969],[-70.671599,-35.071829],[-70.676681,-35.070557],[-70.681128,-35.073425],[-70.680492,-35.077565],[-70.684938,-35.080432],[-70.690021,-35.07916],[-70.690657,-35.07502],[-70.69574,-35.073748],[-70.700187,-35.076615],[-70.70527,-35.075342],[-70.709717,-35.078209],[-70.709082,-35.082349],[-70.703999,-35.083622],[-70.703363,-35.087761],[-70.707811,-35.090628],[-70.707175,-35.094767],[-70.711623,-35.097633],[-70.710988,-35.101771],[-70.705904,-35.103044],[-70.705268,-35.107182],[-70.700184,-35.108454],[-70.699549,-35.112591],[-70.694465,-35.113863],[-70.690017,-35.110997],[-70.690653,-35.106859],[-70.686206,-35.103992],[-70.681123,-35.105264],[-70.680487,-35.109401],[-70.684934,-35.112268],[-70.684298,-35.116405],[-70.679215,-35.117675],[-70.678579,-35.121812],[-70.673496,-35.123082],[-70.672859,-35.127218],[-70.677307,-35.130084],[-70.68239,-35.128814],[-70.686838,-35.13168],[-70.686202,-35.135816],[-70.681118,-35.137085],[-70.680482,-35.141221],[-70.675398,-35.14249],[-70.670951,-35.139624],[-70.671587,-35.135489],[-70.66714,-35.132623],[-70.662057,-35.133892],[-70.661421,-35.138027],[-70.665868,-35.140893],[-70.665231,-35.145028],[-70.669679,-35.147894],[-70.669042,-35.152028],[-70.67349,-35.154894],[-70.672853,-35.159027],[-70.66777,-35.160296],[-70.663322,-35.15743],[-70.658239,-35.158698],[-70.657603,-35.162832],[-70.66205,-35.165697],[-70.661413,-35.16983],[-70.65633,-35.171097],[-70.651883,-35.168232],[-70.646799,-35.169499],[-70.646163,-35.173631],[-70.65061,-35.176497],[-70.649973,-35.180628],[-70.644889,-35.181895],[-70.644253,-35.186026],[-70.639169,-35.187292],[-70.634723,-35.184427],[-70.63536,-35.180296],[-70.630913,-35.17743],[-70.63155,-35.173298],[-70.627104,-35.170432],[-70.622022,-35.171698],[-70.621385,-35.175829],[-70.625831,-35.178695],[-70.625194,-35.182827],[-70.620111,-35.184092],[-70.619474,-35.188223],[-70.614391,-35.189487],[-70.613754,-35.193618],[-70.608671,-35.194882],[-70.608034,-35.199012],[-70.602952,-35.200275],[-70.602315,-35.204405],[-70.60676,-35.20727],[-70.606123,-35.211399],[-70.60104,-35.212662],[-70.600403,-35.216791],[-70.604848,-35.219656],[-70.609931,-35.218393],[-70.610569,-35.214264],[-70.615652,-35.213001],[-70.616289,-35.208872],[-70.621372,-35.207608],[-70.625818,-35.210473],[-70.625181,-35.214602],[-70.620098,-35.215866],[-70.619461,-35.219995],[-70.623907,-35.222859],[-70.62327,-35.226987],[-70.627717,-35.229852],[-70.632801,-35.228588],[-70.633438,-35.22446],[-70.638522,-35.223196],[-70.639159,-35.219067],[-70.644243,-35.217802],[-70.648691,-35.220666],[-70.653775,-35.219401],[-70.658223,-35.222265],[-70.657587,-35.226394],[-70.662035,-35.229257],[-70.661398,-35.233386],[-70.665847,-35.236249],[-70.66521,-35.240377],[-70.660125,-35.241642],[-70.659489,-35.24577],[-70.663937,-35.248632],[-70.66351,-35.251401],[-70.662751,-35.251441],[-70.661088,-35.250092],[-70.660903,-35.25],[-70.660886,-35.249992],[-70.657808,-35.248462],[-70.656678,-35.246642],[-70.656505,-35.246511],[-70.655178,-35.245512],[-70.653888,-35.244482],[-70.652338,-35.243762],[-70.651053,-35.243866],[-70.650075,-35.243794],[-70.65001,-35.243815],[-70.649296,-35.244051],[-70.648771,-35.244192],[-70.648008,-35.244502],[-70.646706,-35.24441],[-70.645801,-35.244011],[-70.645168,-35.243982],[-70.64475,-35.244482],[-70.644533,-35.245098],[-70.64448,-35.245183],[-70.644243,-35.245569],[-70.643989,-35.246112],[-70.643519,-35.2468],[-70.643011,-35.247235],[-70.642598,-35.247662],[-70.64283,-35.248358],[-70.643229,-35.248757],[-70.643555,-35.249191],[-70.64424,-35.249516],[-70.644243,-35.249517],[-70.644859,-35.249735],[-70.645402,-35.249988],[-70.645409,-35.25],[-70.64562,-35.250387],[-70.64562,-35.250454],[-70.64562,-35.250894],[-70.645366,-35.251401],[-70.644823,-35.251872],[-70.644098,-35.252162],[-70.643374,-35.25227],[-70.642432,-35.25256],[-70.641671,-35.252959],[-70.640947,-35.253393],[-70.640476,-35.254045],[-70.640301,-35.254872],[-70.640128,-35.255712],[-70.639983,-35.255898],[-70.639608,-35.256382],[-70.638698,-35.256702],[-70.637759,-35.256617],[-70.636788,-35.256382],[-70.635948,-35.256342],[-70.635259,-35.256436],[-70.634458,-35.256612],[-70.633718,-35.257112],[-70.633702,-35.25803],[-70.634064,-35.258827],[-70.634426,-35.259298],[-70.634571,-35.259986],[-70.634752,-35.260747],[-70.634861,-35.261363],[-70.63484,-35.26166],[-70.634829,-35.261824],[-70.634649,-35.262149],[-70.634298,-35.262431],[-70.634047,-35.262606],[-70.633795,-35.262858],[-70.633618,-35.263152],[-70.63329,-35.263495],[-70.632978,-35.263746],[-70.632532,-35.264037],[-70.632173,-35.264148],[-70.631535,-35.264277],[-70.630825,-35.264181],[-70.629767,-35.263928],[-70.628709,-35.26358],[-70.628024,-35.263279],[-70.627476,-35.263089],[-70.626418,-35.262722],[-70.625282,-35.262651],[-70.624215,-35.262395],[-70.622788,-35.262095],[-70.621518,-35.261992],[-70.620533,-35.261779],[-70.619188,-35.261352],[-70.61822,-35.261299],[-70.617972,-35.26131],[-70.617339,-35.261336],[-70.616715,-35.261409],[-70.616128,-35.261409],[-70.615578,-35.261263],[-70.615064,-35.260896],[-70.614587,-35.260492],[-70.61411,-35.259832],[-70.613303,-35.259685],[-70.612287,-35.259831],[-70.611728,-35.260204],[-70.611248,-35.260455],[-70.609925,-35.260452],[-70.608365,-35.260195],[-70.608166,-35.260162],[-70.60601,-35.259769],[-70.604394,-35.259645],[-70.599988,-35.259762],[-70.598665,-35.259693],[-70.594978,-35.259502],[-70.592318,-35.259792],[-70.590824,-35.260529],[-70.589808,-35.261032],[-70.588078,-35.262152],[-70.587398,-35.263262],[-70.586588,-35.265352],[-70.586273,-35.266668],[-70.585928,-35.268112],[-70.585307,-35.269445],[-70.584756,-35.270436],[-70.584242,-35.270986],[-70.583692,-35.271536],[-70.583178,-35.272123],[-70.582131,-35.272635],[-70.582194,-35.272245],[-70.582374,-35.271964],[-70.58248,-35.271693],[-70.582594,-35.271445],[-70.582823,-35.271217],[-70.583032,-35.271064],[-70.583146,-35.270855],[-70.583184,-35.270398],[-70.583108,-35.270094],[-70.58307,-35.269637],[-70.583108,-35.269313],[-70.583127,-35.268989],[-70.583184,-35.268704],[-70.583336,-35.268514],[-70.583489,-35.268266],[-70.583527,-35.267942],[-70.583527,-35.267524],[-70.583413,-35.26701],[-70.583394,-35.266629],[-70.583394,-35.266343],[-70.58326,-35.266191],[-70.583032,-35.266077],[-70.582708,-35.26602],[-70.582328,-35.265887],[-70.581985,-35.26581],[-70.581585,-35.26583],[-70.581224,-35.265772],[-70.580957,-35.265696],[-70.580576,-35.265639],[-70.580196,-35.265563],[-70.57999,-35.265506],[-70.579853,-35.265468],[-70.579529,-35.26543],[-70.579206,-35.265335],[-70.57892,-35.265316],[-70.578749,-35.265127],[-70.578539,-35.264954],[-70.578349,-35.264725],[-70.578406,-35.264345],[-70.578425,-35.264002],[-70.578501,-35.26345],[-70.578559,-35.262805],[-70.578578,-35.262329],[-70.578635,-35.262081],[-70.578692,-35.261853],[-70.578901,-35.261644],[-70.579168,-35.261358],[-70.579453,-35.261111],[-70.579644,-35.26092],[-70.579815,-35.26054],[-70.579777,-35.260273],[-70.57972,-35.259987],[-70.579746,-35.259704],[-70.57972,-35.259454],[-70.579815,-35.259188],[-70.579967,-35.258864],[-70.580119,-35.258617],[-70.580138,-35.258217],[-70.580108,-35.25816],[-70.580005,-35.25797],[-70.579948,-35.257684],[-70.579777,-35.257589],[-70.579529,-35.257608],[-70.579433,-35.257609],[-70.579225,-35.257612],[-70.578825,-35.257616],[-70.578616,-35.257578],[-70.578235,-35.257539],[-70.577911,-35.257539],[-70.577435,-35.257673],[-70.577093,-35.257825],[-70.576645,-35.257858],[-70.576231,-35.257873],[-70.575618,-35.257887],[-70.575089,-35.257858],[-70.574804,-35.25783],[-70.574375,-35.257801],[-70.574033,-35.257679],[-70.573819,-35.257608],[-70.57359,-35.257559],[-70.573348,-35.257413],[-70.573076,-35.257251],[-70.572819,-35.257027],[-70.572577,-35.256751],[-70.572434,-35.256499],[-70.57222,-35.256237],[-70.57202,-35.255885],[-70.57196,-35.255643],[-70.571936,-35.255381],[-70.572007,-35.255186],[-70.572044,-35.255024],[-70.57202,-35.254822],[-70.571964,-35.254658],[-70.571906,-35.254486],[-70.57176,-35.25431],[-70.571603,-35.25412],[-70.571492,-35.253986],[-70.571413,-35.253858],[-70.571306,-35.253727],[-70.571246,-35.253513],[-70.571223,-35.253323],[-70.57122,-35.253044],[-70.571141,-35.252795],[-70.571055,-35.252667],[-70.571113,-35.252538],[-70.571171,-35.252405],[-70.571242,-35.252226],[-70.571445,-35.251857],[-70.571539,-35.251734],[-70.571655,-35.251582],[-70.571741,-35.251425],[-70.571983,-35.251068],[-70.572312,-35.250796],[-70.572455,-35.250511],[-70.572555,-35.250311],[-70.572626,-35.250154],[-70.572654,-35.249968],[-70.572497,-35.249754],[-70.572283,-35.249597],[-70.572012,-35.249355],[-70.571812,-35.249155],[-70.571641,-35.248969],[-70.571384,-35.248769],[-70.571155,-35.248617],[-70.570955,-35.248384],[-70.57067,-35.248099],[-70.570327,-35.247899],[-70.570084,-35.247713],[-70.569827,-35.247599],[-70.569513,-35.247456],[-70.569114,-35.247328],[-70.568828,-35.247214],[-70.568586,-35.247094],[-70.568186,-35.24697],[-70.567871,-35.246762],[-70.567643,-35.246491],[-70.567414,-35.246291],[-70.567157,-35.246105],[-70.566929,-35.245948],[-70.566629,-35.24572],[-70.566611,-35.2457],[-70.56672,-35.244994],[-70.566077,-35.24458],[-70.566072,-35.244518],[-70.565915,-35.244132],[-70.565773,-35.243875],[-70.565587,-35.243575],[-70.565387,-35.243304],[-70.565202,-35.24299],[-70.565072,-35.242639],[-70.565002,-35.24229],[-70.564945,-35.241991],[-70.564859,-35.241676],[-70.564773,-35.241377],[-70.564645,-35.241077],[-70.56463,-35.240677],[-70.564526,-35.240337],[-70.564398,-35.23988],[-70.564284,-35.239437],[-70.564141,-35.239266],[-70.56407,-35.238952],[-70.564041,-35.238495],[-70.564013,-35.238324],[-70.564041,-35.238181],[-70.564141,-35.238038],[-70.564113,-35.237705],[-70.564112,-35.237695],[-70.564098,-35.237424],[-70.564055,-35.23711],[-70.563955,-35.236682],[-70.563905,-35.236167],[-70.563886,-35.235785],[-70.563874,-35.235428],[-70.563886,-35.235012],[-70.563933,-35.234703],[-70.564017,-35.234393],[-70.564112,-35.234143],[-70.564207,-35.233894],[-70.56429,-35.233715],[-70.564397,-35.233453],[-70.564457,-35.233215],[-70.564492,-35.232966],[-70.564584,-35.232711],[-70.564569,-35.232426],[-70.564612,-35.232069],[-70.564669,-35.231712],[-70.564783,-35.231398],[-70.564912,-35.231112],[-70.56494,-35.23087],[-70.564904,-35.230647],[-70.564983,-35.230399],[-70.565062,-35.230313],[-70.565135,-35.230233],[-70.565278,-35.229914],[-70.565325,-35.229662],[-70.565373,-35.229258],[-70.565526,-35.228842],[-70.565697,-35.228628],[-70.565826,-35.2285],[-70.565968,-35.228353],[-70.566149,-35.228153],[-70.566467,-35.227949],[-70.566729,-35.22764],[-70.566839,-35.227415],[-70.566954,-35.227229],[-70.566968,-35.227015],[-70.566991,-35.226712],[-70.567038,-35.226378],[-70.56711,-35.226141],[-70.567229,-35.225831],[-70.5673,-35.225498],[-70.567419,-35.225355],[-70.567633,-35.225141],[-70.567643,-35.224925],[-70.567652,-35.224703],[-70.567681,-35.224304],[-70.567795,-35.223989],[-70.567867,-35.223775],[-70.567909,-35.223575],[-70.567852,-35.223461],[-70.567581,-35.223418],[-70.567238,-35.223304],[-70.56691,-35.223261],[-70.566567,-35.223161],[-70.56621,-35.223004],[-70.565982,-35.222847],[-70.565682,-35.22269],[-70.565368,-35.222553],[-70.565083,-35.222468],[-70.564781,-35.222425],[-70.564426,-35.222339],[-70.564126,-35.222311],[-70.563812,-35.222182],[-70.563592,-35.222139],[-70.563484,-35.222111],[-70.563284,-35.222068],[-70.563184,-35.22194],[-70.563084,-35.221839],[-70.563027,-35.221825],[-70.562927,-35.221768],[-70.562785,-35.221654],[-70.562628,-35.22154],[-70.562414,-35.221454],[-70.562185,-35.221354],[-70.561984,-35.221368],[-70.561814,-35.221311],[-70.561585,-35.221111],[-70.561328,-35.22104],[-70.561114,-35.221011],[-70.560967,-35.22095],[-70.560828,-35.220854],[-70.560728,-35.220811],[-70.560686,-35.220795],[-70.56102,-35.21863],[-70.556577,-35.215764],[-70.55469,-35.216232],[-70.554492,-35.215934],[-70.554149,-35.215363],[-70.553921,-35.214944],[-70.553711,-35.214602],[-70.553559,-35.214088],[-70.553407,-35.21365],[-70.552987,-35.213161],[-70.552588,-35.212831],[-70.552253,-35.212426],[-70.551941,-35.212032],[-70.55175,-35.211632],[-70.55156,-35.211061],[-70.551179,-35.210376],[-70.550771,-35.210076],[-70.550212,-35.209667]],[[-70.577578,-35.143025],[-70.582021,-35.145894],[-70.587102,-35.144629],[-70.587739,-35.140496],[-70.583296,-35.137627],[-70.578215,-35.138892],[-70.577578,-35.143025]],[[-70.627705,-35.261603],[-70.63279,-35.260341],[-70.633427,-35.256214],[-70.638512,-35.254952],[-70.639149,-35.250825],[-70.634701,-35.247962],[-70.629616,-35.249225],[-70.628979,-35.253351],[-70.623895,-35.254614],[-70.623258,-35.25874],[-70.627705,-35.261603]],[[-70.391188,-35.022381],[-70.386116,-35.023642],[-70.385477,-35.027779],[-70.380405,-35.029039],[-70.379765,-35.033176],[-70.384198,-35.036052],[-70.38927,-35.034792],[-70.389909,-35.030655],[-70.394982,-35.029395],[-70.395621,-35.025258],[-70.391188,-35.022381]],[[-70.404446,-35.062838],[-70.399373,-35.064098],[-70.398733,-35.068232],[-70.403167,-35.071107],[-70.402528,-35.075242],[-70.397454,-35.076501],[-70.396815,-35.080634],[-70.401249,-35.083509],[-70.400609,-35.087642],[-70.405044,-35.090517],[-70.404404,-35.09465],[-70.39933,-35.095908],[-70.398691,-35.100041],[-70.403125,-35.102915],[-70.402486,-35.107047],[-70.406921,-35.10992],[-70.411995,-35.108662],[-70.41643,-35.111536],[-70.415791,-35.115667],[-70.420227,-35.11854],[-70.425302,-35.117282],[-70.429738,-35.120155],[-70.429098,-35.124286],[-70.433535,-35.127159],[-70.43861,-35.1259],[-70.439249,-35.121769],[-70.444325,-35.120509],[-70.448762,-35.123382],[-70.453838,-35.122122],[-70.454477,-35.11799],[-70.459553,-35.11673],[-70.460192,-35.112597],[-70.465268,-35.111337],[-70.465906,-35.107204],[-70.461469,-35.104332],[-70.456393,-35.105592],[-70.451956,-35.10272],[-70.446881,-35.10398],[-70.442444,-35.101107],[-70.443083,-35.096974],[-70.438647,-35.094101],[-70.439286,-35.089967],[-70.43485,-35.087093],[-70.429776,-35.088353],[-70.429137,-35.092487],[-70.433572,-35.095361],[-70.432933,-35.099494],[-70.427858,-35.100753],[-70.427219,-35.104886],[-70.422144,-35.106145],[-70.417709,-35.103271],[-70.418348,-35.099139],[-70.413913,-35.096265],[-70.414552,-35.092132],[-70.410118,-35.089258],[-70.410757,-35.085125],[-70.415831,-35.083865],[-70.41647,-35.079731],[-70.412036,-35.076857],[-70.412675,-35.072723],[-70.40824,-35.069848],[-70.40888,-35.065713],[-70.404446,-35.062838]],[[-70.528106,-35.083781],[-70.523028,-35.085046],[-70.52239,-35.089181],[-70.52683,-35.092053],[-70.531908,-35.090788],[-70.532546,-35.086652],[-70.528106,-35.083781]],[[-70.564928,-35.066646],[-70.56429,-35.070784],[-70.568732,-35.073655],[-70.57381,-35.072387],[-70.574448,-35.06825],[-70.570006,-35.065379],[-70.564928,-35.066646]],[[-70.59728,-35.110288],[-70.592837,-35.10742],[-70.587756,-35.108686],[-70.587119,-35.112822],[-70.591562,-35.11569],[-70.596643,-35.114424],[-70.59728,-35.110288]],[[-70.642989,-35.1625],[-70.648072,-35.161233],[-70.648709,-35.1571],[-70.644263,-35.154234],[-70.63918,-35.155501],[-70.638543,-35.159634],[-70.642989,-35.1625]],[[-70.662064,-35.102071],[-70.657618,-35.099203],[-70.652536,-35.100473],[-70.6519,-35.104611],[-70.656346,-35.107478],[-70.661428,-35.106208],[-70.662064,-35.102071]]]},"properties":{"comuna":"Romeral","mancha_id":"07306-88b2ce1005fffff","clase":"Muy Bajo","nivel_medio":0.121,"nivel_medio_min":0.0,"nivel_medio_max":0.499,"pct_alto":0.5,"n_hexagonos":653,"area_ha":37584.18}},{"type":"Feature","geometry":{"type":"Polygon","coordinates":[[[-71.185461,-34.950987],[-71.184291,-34.950238],[-71.184424,-34.94936],[-71.184766,-34.949894],[-71.185461,-34.950987]]]},"properties":{"comuna":"Romeral","mancha_id":"07306-88b2c3ad43fffff","clase":"Muy Bajo","nivel_medio":0.0,"nivel_medio_min":0.0,"nivel_medio_max":0.0,"pct_alto":0.0,"n_hexagonos":1,"area_ha":0.57}},{"type":"Feature","geometry":{"type":"Polygon","coordinates":[[[-71.19067,-34.958881],[-71.188128,-34.957254],[-71.188406,-34.955413],[-71.188486,-34.955532],[-71.188984,-34.956287],[-71.18955,-34.957131],[-71.189868,-34.957605],[-71.190187,-34.95811],[-71.19067,-34.958881]]]},"properties":{"comuna":"Romeral","mancha_id":"07306-88b2c3ad09fffff","clase":"Muy Bajo","nivel_medio":0.355,"nivel_medio_min":0.355,"nivel_medio_max":0.355,"pct_alto":9.9,"n_hexagonos":1,"area_ha":2.65}},{"type":"Feature","geometry":{"type":"Polygon","coordinates":[[[-71.20027,-34.974142],[-71.195803,-34.971284],[-71.196356,-34.967631],[-71.197379,-34.969253],[-71.19806,-34.970331],[-71.198951,-34.971714],[-71.198988,-34.971772],[-71.199411,-34.972192],[-71.199507,-34.972285],[-71.200121,-34.972729],[-71.200324,-34.972876],[-71.201141,-34.973421],[-71.201682,-34.973781],[-71.20027,-34.974142]]]},"properties":{"comuna":"Romeral","mancha_id":"07306-88b2c3ad07fffff","clase":"Muy Bajo","nivel_medio":0.107,"nivel_medio_min":0.107,"nivel_medio_max":0.107,"pct_alto":1.6,"n_hexagonos":1,"area_ha":11.24}},{"type":"Feature","geometry":{"type":"Polygon","coordinates":[[[-71.119323,-34.958805],[-71.119953,-34.954648],[-71.125047,-34.953351],[-71.129511,-34.956211],[-71.128881,-34.960367],[-71.123787,-34.961665],[-71.119323,-34.958805]]]},"properties":{"comuna":"Romeral","mancha_id":"07306-88b2c3ac03fffff","clase":"Muy Bajo","nivel_medio":0.453,"nivel_medio_min":0.453,"nivel_medio_max":0.453,"pct_alto":6.4,"n_hexagonos":1,"area_ha":61.88}},{"type":"Feature","geometry":{"type":"Polygon","coordinates":[[[-71.033342,-34.944713],[-71.028252,-34.946007],[-71.026955,-34.945174],[-71.028104,-34.945036],[-71.029892,-34.944106],[-71.031251,-34.943749],[-71.032395,-34.942676],[-71.033652,-34.942676],[-71.033342,-34.944713]]]},"properties":{"comuna":"Romeral","mancha_id":"07306-88b2c3a5a5fffff","clase":"Muy Bajo","nivel_medio":0.491,"nivel_medio_min":0.491,"nivel_medio_max":0.491,"pct_alto":0.0,"n_hexagonos":1,"area_ha":9.39}},{"type":"Feature","geometry":{"type":"Polygon","coordinates":[[[-71.213574,-34.983363],[-71.213673,-34.982712],[-71.214682,-34.982454],[-71.214708,-34.98247],[-71.215361,-34.982877],[-71.21485,-34.98302],[-71.213659,-34.98334],[-71.213574,-34.983363]]]},"properties":{"comuna":"Romeral","mancha_id":"07306-88b2c332c9fffff","clase":"Muy Bajo","nivel_medio":0.058,"nivel_medio_min":0.058,"nivel_medio_max":0.058,"pct_alto":1.9,"n_hexagonos":1,"area_ha":0.87}},{"type":"Feature","geometry":{"type":"Polygon","coordinates":[[[-70.714803,-34.917486],[-70.709723,-34.918766],[-70.706406,-34.916623],[-70.706693,-34.916566],[-70.707534,-34.916299],[-70.708027,-34.916145],[-70.708675,-34.916046],[-70.709333,-34.916057],[-70.709936,-34.916024],[-70.710265,-34.916046],[-70.710781,-34.915818],[-70.711644,-34.914933],[-70.712045,-34.914058],[-70.712629,-34.912087],[-70.71277,-34.911611],[-70.715438,-34.913335],[-70.714803,-34.917486]]]},"properties":{"comuna":"Romeral","mancha_id":"07306-88b2c16de1fffff","clase":"Muy Bajo","nivel_medio":0.243,"nivel_medio_min":0.243,"nivel_medio_max":0.243,"pct_alto":6.9,"n_hexagonos":1,"area_ha":28.54}},{"type":"Feature","geometry":{"type":"Polygon","coordinates":[[[-70.694053,-34.925415],[-70.693848,-34.926754],[-70.698293,-34.929625],[-70.697657,-34.933775],[-70.702102,-34.936647],[-70.701467,-34.940796],[-70.696387,-34.942075],[-70.691942,-34.939203],[-70.692577,-34.935054],[-70.688133,-34.932182],[-70.683054,-34.93346],[-70.682418,-34.937609],[-70.677339,-34.938887],[-70.676703,-34.943036],[-70.671744,-34.944282],[-70.671883,-34.944035],[-70.671873,-34.943575],[-70.671691,-34.943028],[-70.671264,-34.942439],[-70.671264,-34.942124],[-70.671746,-34.941936],[-70.672209,-34.941715],[-70.672603,-34.94135],[-70.673264,-34.940897],[-70.673812,-34.940499],[-70.67399,-34.939927],[-70.674098,-34.93929],[-70.674224,-34.938597],[-70.674555,-34.937831],[-70.674712,-34.93725],[-70.67474,-34.937207],[-70.675157,-34.93657],[-70.675821,-34.935919],[-70.676763,-34.93522],[-70.677321,-34.93466],[-70.67783,-34.934472],[-70.678285,-34.934178],[-70.678852,-34.933811],[-70.679142,-34.933428],[-70.679463,-34.932921],[-70.680265,-34.932301],[-70.680546,-34.931839],[-70.680776,-34.931462],[-70.681125,-34.930889],[-70.681907,-34.930294],[-70.682779,-34.929632],[-70.683623,-34.92899],[-70.683861,-34.928709],[-70.684206,-34.928142],[-70.68479,-34.927521],[-70.685045,-34.926755],[-70.685336,-34.925884],[-70.685327,-34.925808],[-70.685264,-34.925223],[-70.685185,-34.924496],[-70.685446,-34.924165],[-70.685994,-34.924055],[-70.686642,-34.923925],[-70.687285,-34.923892],[-70.688062,-34.923972],[-70.688949,-34.924092],[-70.690234,-34.924114],[-70.691613,-34.92431],[-70.692531,-34.924593],[-70.693148,-34.924799],[-70.693802,-34.925223],[-70.694053,-34.925415]]]},"properties":{"comuna":"Romeral","mancha_id":"07306-88b2c16d81fffff","clase":"Muy Bajo","nivel_medio":0.198,"nivel_medio_min":0.03,"nivel_medio_max":0.442,"pct_alto":6.4,"n_hexagonos":6,"area_ha":241.3}},{"type":"Feature","geometry":{"type":"Polygon","coordinates":[[[-70.74719,-34.897343],[-70.747824,-34.89319],[-70.743378,-34.890318],[-70.744013,-34.886164],[-70.742999,-34.885509],[-70.743935,-34.885124],[-70.74526,-34.884577],[-70.746525,-34.884576],[-70.747453,-34.88483],[-70.747988,-34.885161],[-70.748078,-34.885217],[-70.748822,-34.885812],[-70.74906,-34.886704],[-70.749179,-34.88843],[-70.749179,-34.889679],[-70.749119,-34.890839],[-70.749149,-34.892297],[-70.74926,-34.892827],[-70.749536,-34.894142],[-70.749833,-34.894945],[-70.75,-34.89517],[-70.750339,-34.895629],[-70.750785,-34.895867],[-70.751529,-34.896938],[-70.751975,-34.898098],[-70.75257,-34.899139],[-70.753286,-34.899798],[-70.753314,-34.899824],[-70.754087,-34.901132],[-70.754682,-34.902144],[-70.755069,-34.903245],[-70.755456,-34.904643],[-70.756051,-34.905327],[-70.756973,-34.906309],[-70.757418,-34.906741],[-70.758044,-34.90735],[-70.758847,-34.907796],[-70.759739,-34.90848],[-70.760334,-34.909522],[-70.760662,-34.910295],[-70.76081,-34.910593],[-70.761286,-34.910949],[-70.761911,-34.911247],[-70.76328,-34.91211],[-70.764321,-34.912675],[-70.764381,-34.91272],[-70.765332,-34.913419],[-70.766165,-34.914133],[-70.766183,-34.914168],[-70.76673,-34.915233],[-70.767206,-34.916542],[-70.767296,-34.917702],[-70.767385,-34.918982],[-70.767177,-34.920112],[-70.767065,-34.920277],[-70.763073,-34.921284],[-70.758626,-34.918414],[-70.75926,-34.914262],[-70.754813,-34.911391],[-70.755448,-34.907239],[-70.751001,-34.904368],[-70.74592,-34.90565],[-70.741474,-34.902778],[-70.742109,-34.898625],[-70.74719,-34.897343]]]},"properties":{"comuna":"Romeral","mancha_id":"07306-88b2c16d21fffff","clase":"Muy Bajo","nivel_medio":0.288,"nivel_medio_min":0.0,"nivel_medio_max":0.425,"pct_alto":6.7,"n_hexagonos":8,"area_ha":238.72}},{"type":"Feature","geometry":{"type":"Polygon","coordinates":[[[-70.722423,-34.899598],[-70.717343,-34.900879],[-70.716708,-34.905031],[-70.713424,-34.905858],[-70.713359,-34.90552],[-70.713578,-34.904717],[-70.714125,-34.903732],[-70.714629,-34.902825],[-70.715438,-34.9022],[-70.71608,-34.901704],[-70.71673,-34.901201],[-70.717237,-34.90081],[-70.717736,-34.900424],[-70.719123,-34.899352],[-70.719744,-34.898441],[-70.720253,-34.897695],[-70.721313,-34.897055],[-70.722717,-34.896207],[-70.722995,-34.895858],[-70.722423,-34.899598]]]},"properties":{"comuna":"Romeral","mancha_id":"07306-88b2c16d15fffff","clase":"Muy Bajo","nivel_medio":0.219,"nivel_medio_min":0.07,"nivel_medio_max":0.374,"pct_alto":6.8,"n_hexagonos":2,"area_ha":20.63}},{"type":"Feature","geometry":{"type":"Polygon","coordinates":[[[-70.732583,-34.897035],[-70.728138,-34.894164],[-70.728167,-34.893973],[-70.729981,-34.89352],[-70.730993,-34.893267],[-70.732371,-34.892922],[-70.733619,-34.89261],[-70.7349,-34.89229],[-70.736455,-34.891545],[-70.737704,-34.891217],[-70.738298,-34.8916],[-70.737663,-34.895754],[-70.732583,-34.897035]]]},"properties":{"comuna":"Romeral","mancha_id":"07306-88b2c16d07fffff","clase":"Muy Bajo","nivel_medio":0.432,"nivel_medio_min":0.432,"nivel_medio_max":0.432,"pct_alto":10.0,"n_hexagonos":1,"area_ha":33.43}},{"type":"Feature","geometry":{"type":"Polygon","coordinates":[[[-70.995185,-34.970376],[-70.995817,-34.966223],[-71.000907,-34.964932],[-71.001538,-34.960778],[-71.006628,-34.959486],[-71.011087,-34.962349],[-71.010455,-34.966503],[-71.005365,-34.967794],[-71.004734,-34.971948],[-70.999644,-34.973239],[-70.995185,-34.970376]]]},"properties":{"comuna":"Romeral","mancha_id":"07306-88b2cedb51fffff","clase":"Bajo","nivel_medio":1.263,"nivel_medio_min":1.188,"nivel_medio_max":1.339,"pct_alto":6.1,"n_hexagonos":2,"area_ha":123.57}},{"type":"Feature","geometry":{"type":"Polygon","coordinates":[[[-71.035319,-34.996131],[-71.035951,-34.991979],[-71.041042,-34.990687],[-71.045503,-34.993547],[-71.044872,-34.9977],[-71.03978,-34.998992],[-71.035319,-34.996131]]]},"properties":{"comuna":"Romeral","mancha_id":"07306-88b2cedb23fffff","clase":"Bajo","nivel_medio":1.395,"nivel_medio_min":1.395,"nivel_medio_max":1.395,"pct_alto":16.2,"n_hexagonos":1,"area_ha":61.77}},{"type":"Feature","geometry":{"type":"Polygon","coordinates":[[[-71.02257,-34.983395],[-71.018111,-34.980534],[-71.01302,-34.981825],[-71.008561,-34.978963],[-71.009193,-34.97481],[-71.014283,-34.973519],[-71.018742,-34.976381],[-71.023833,-34.975089],[-71.024464,-34.970935],[-71.029555,-34.969643],[-71.034015,-34.972504],[-71.033384,-34.976658],[-71.037844,-34.979519],[-71.037213,-34.983673],[-71.032122,-34.984965],[-71.027662,-34.982104],[-71.02257,-34.983395]]]},"properties":{"comuna":"Romeral","mancha_id":"07306-88b2cedb01fffff","clase":"Bajo","nivel_medio":1.343,"nivel_medio_min":1.16,"nivel_medio_max":1.449,"pct_alto":9.4,"n_hexagonos":4,"area_ha":247.13}},{"type":"Feature","geometry":{"type":"Polygon","coordinates":[[[-70.880705,-35.015298],[-70.881339,-35.01115],[-70.886426,-35.009866],[-70.89088,-35.01273],[-70.890247,-35.016878],[-70.88516,-35.018162],[-70.880705,-35.015298]]]},"properties":{"comuna":"Romeral","mancha_id":"07306-88b2ceda9bfffff","clase":"Bajo","nivel_medio":1.401,"nivel_medio_min":1.401,"nivel_medio_max":1.401,"pct_alto":0.2,"n_hexagonos":1,"area_ha":61.64}},{"type":"Feature","geometry":{"type":"Polygon","coordinates":[[[-70.985637,-34.968804],[-70.980548,-34.970095],[-70.977846,-34.968359],[-70.977927,-34.968306],[-70.979227,-34.967564],[-70.97997,-34.967316],[-70.980774,-34.967007],[-70.981579,-34.966326],[-70.982817,-34.965212],[-70.984055,-34.964655],[-70.985044,-34.963864],[-70.986269,-34.964651],[-70.985637,-34.968804]]]},"properties":{"comuna":"Romeral","mancha_id":"07306-88b2ceda67fffff","clase":"Bajo","nivel_medio":1.261,"nivel_medio_min":1.261,"nivel_medio_max":1.261,"pct_alto":13.3,"n_hexagonos":1,"area_ha":27.31}},{"type":"Feature","geometry":{"type":"Polygon","coordinates":[[[-70.97802,-34.986704],[-70.978652,-34.982552],[-70.983742,-34.981263],[-70.9882,-34.984125],[-70.99329,-34.982835],[-70.997749,-34.985697],[-70.997117,-34.989849],[-70.992027,-34.991139],[-70.987568,-34.988277],[-70.982478,-34.989567],[-70.97802,-34.986704]]]},"properties":{"comuna":"Romeral","mancha_id":"07306-88b2ceda27fffff","clase":"Bajo","nivel_medio":1.147,"nivel_medio_min":1.14,"nivel_medio_max":1.154,"pct_alto":4.2,"n_hexagonos":2,"area_ha":123.49}},{"type":"Feature","geometry":{"type":"Polygon","coordinates":[[[-70.930292,-34.97883],[-70.925204,-34.980117],[-70.924571,-34.984268],[-70.919483,-34.985555],[-70.918851,-34.989706],[-70.913763,-34.990992],[-70.909308,-34.988128],[-70.909941,-34.983977],[-70.915028,-34.982691],[-70.915326,-34.980737],[-70.917706,-34.980252],[-70.92012,-34.979633],[-70.921853,-34.978952],[-70.922902,-34.978637],[-70.923091,-34.978581],[-70.924391,-34.978333],[-70.925629,-34.978333],[-70.926371,-34.978457],[-70.927424,-34.978704],[-70.928042,-34.978457],[-70.928785,-34.978581],[-70.930318,-34.978657],[-70.930292,-34.97883]]]},"properties":{"comuna":"Romeral","mancha_id":"07306-88b2ceda1bfffff","clase":"Bajo","nivel_medio":1.4,"nivel_medio_min":0.818,"nivel_medio_max":1.452,"pct_alto":18.6,"n_hexagonos":3,"area_ha":116.49}},{"type":"Feature","geometry":{"type":"Polygon","coordinates":[[[-70.970369,-34.972674],[-70.96528,-34.973963],[-70.964648,-34.978116],[-70.959559,-34.979405],[-70.958927,-34.983556],[-70.953838,-34.984845],[-70.949381,-34.981982],[-70.944292,-34.98327],[-70.939836,-34.980406],[-70.940313,-34.977277],[-70.940978,-34.977095],[-70.942463,-34.976414],[-70.944444,-34.97561],[-70.945159,-34.975067],[-70.945592,-34.974739],[-70.945557,-34.974966],[-70.950013,-34.97783],[-70.955102,-34.976541],[-70.955636,-34.973031],[-70.955894,-34.973134],[-70.956637,-34.97301],[-70.957441,-34.972268],[-70.958988,-34.972268],[-70.96035,-34.971711],[-70.961254,-34.971377],[-70.961526,-34.971277],[-70.961959,-34.97072],[-70.962702,-34.969978],[-70.964373,-34.970411],[-70.965178,-34.970473],[-70.966415,-34.970782],[-70.967715,-34.970844],[-70.969201,-34.970535],[-70.970714,-34.970405],[-70.970369,-34.972674]]]},"properties":{"comuna":"Romeral","mancha_id":"07306-88b2ceda05fffff","clase":"Bajo","nivel_medio":1.407,"nivel_medio_min":1.352,"nivel_medio_max":1.43,"pct_alto":4.6,"n_hexagonos":5,"area_ha":202.27}},{"type":"Feature","geometry":{"type":"Polygon","coordinates":[[[-71.0188,-35.072518],[-71.018862,-35.072112],[-71.020092,-35.071801],[-71.02004,-35.071849],[-71.019454,-35.072175],[-71.0188,-35.072518]]]},"properties":{"comuna":"Romeral","mancha_id":"07306-88b2ced9abfffff","clase":"Bajo","nivel_medio":1.345,"nivel_medio_min":1.345,"nivel_medio_max":1.345,"pct_alto":0.0,"n_hexagonos":1,"area_ha":0.26}},{"type":"Feature","geometry":{"type":"Polygon","coordinates":[[[-71.033426,-35.008587],[-71.034057,-35.004435],[-71.039149,-35.003144],[-71.04361,-35.006004],[-71.042979,-35.010156],[-71.037886,-35.011447],[-71.033426,-35.008587]]]},"properties":{"comuna":"Romeral","mancha_id":"07306-88b2ced94bfffff","clase":"Bajo","nivel_medio":1.015,"nivel_medio_min":1.015,"nivel_medio_max":1.015,"pct_alto":0.0,"n_hexagonos":1,"area_ha":61.75}},{"type":"Feature","geometry":{"type":"Polygon","coordinates":[[[-71.039191,-35.035059],[-71.039823,-35.030909],[-71.044915,-35.029619],[-71.049377,-35.032478],[-71.048746,-35.036628],[-71.043653,-35.037918],[-71.043022,-35.042068],[-71.037929,-35.043358],[-71.033467,-35.040499],[-71.034099,-35.036349],[-71.039191,-35.035059]]]},"properties":{"comuna":"Romeral","mancha_id":"07306-88b2ced903fffff","clase":"Bajo","nivel_medio":1.48,"nivel_medio_min":1.478,"nivel_medio_max":1.482,"pct_alto":7.8,"n_hexagonos":2,"area_ha":123.41}},{"type":"Feature","geometry":{"type":"Polygon","coordinates":[[[-70.972332,-35.024058],[-70.972964,-35.019909],[-70.978055,-35.018621],[-70.982513,-35.021483],[-70.987604,-35.020194],[-70.988236,-35.016045],[-70.993326,-35.014756],[-70.997786,-35.017617],[-70.997154,-35.021767],[-70.992063,-35.023055],[-70.991431,-35.027205],[-70.98634,-35.028493],[-70.981881,-35.025632],[-70.976791,-35.02692],[-70.972332,-35.024058]]]},"properties":{"comuna":"Romeral","mancha_id":"07306-88b2ced803fffff","clase":"Bajo","nivel_medio":1.328,"nivel_medio_min":1.29,"nivel_medio_max":1.353,"pct_alto":0.0,"n_hexagonos":3,"area_ha":185.07}},{"type":"Feature","geometry":{"type":"Polygon","coordinates":[[[-70.592886,-35.011889],[-70.593523,-35.007747],[-70.598601,-35.006476],[-70.603043,-35.009348],[-70.602406,-35.01349],[-70.597328,-35.014761],[-70.592886,-35.011889]]]},"properties":{"comuna":"Romeral","mancha_id":"07306-88b2ced695fffff","clase":"Bajo","nivel_medio":0.668,"nivel_medio_min":0.668,"nivel_medio_max":0.668,"pct_alto":20.7,"n_hexagonos":1,"area_ha":61.45}},{"type":"Feature","geometry":{"type":"Polygon","coordinates":[[[-70.670982,-34.980363],[-70.671618,-34.976216],[-70.676698,-34.974941],[-70.681142,-34.977811],[-70.686223,-34.976535],[-70.690668,-34.979406],[-70.690032,-34.983552],[-70.684951,-34.984828],[-70.680507,-34.981958],[-70.675426,-34.983233],[-70.670982,-34.980363]]]},"properties":{"comuna":"Romeral","mancha_id":"07306-88b2ced627fffff","clase":"Bajo","nivel_medio":1.018,"nivel_medio_min":0.876,"nivel_medio_max":1.161,"pct_alto":27.5,"n_hexagonos":2,"area_ha":123.1}},{"type":"Feature","geometry":{"type":"Polygon","coordinates":[[[-70.724331,-35.014797],[-70.724966,-35.010652],[-70.730049,-35.009375],[-70.734496,-35.012244],[-70.733861,-35.016389],[-70.728778,-35.017665],[-70.724331,-35.014797]]]},"properties":{"comuna":"Romeral","mancha_id":"07306-88b2ced555fffff","clase":"Bajo","nivel_medio":1.377,"nivel_medio_min":1.377,"nivel_medio_max":1.377,"pct_alto":6.1,"n_hexagonos":1,"area_ha":61.53}},{"type":"Feature","geometry":{"type":"Polygon","coordinates":[[[-70.638575,-35.064169],[-70.639211,-35.060029],[-70.644292,-35.058758],[-70.648736,-35.061627],[-70.6481,-35.065767],[-70.643019,-35.067038],[-70.638575,-35.064169]]]},"properties":{"comuna":"Romeral","mancha_id":"07306-88b2ced4bdfffff","clase":"Bajo","nivel_medio":0.551,"nivel_medio_min":0.551,"nivel_medio_max":0.551,"pct_alto":1.0,"n_hexagonos":1,"area_ha":61.4}},{"type":"Feature","geometry":{"type":"Polygon","coordinates":[[[-70.623333,-35.067979],[-70.623969,-35.06384],[-70.62905,-35.06257],[-70.633494,-35.065439],[-70.632857,-35.069579],[-70.627777,-35.070849],[-70.623333,-35.067979]]]},"properties":{"comuna":"Romeral","mancha_id":"07306-88b2ced4bbfffff","clase":"Bajo","nivel_medio":0.87,"nivel_medio_min":0.87,"nivel_medio_max":0.87,"pct_alto":3.1,"n_hexagonos":1,"area_ha":61.39}},{"type":"Feature","geometry":{"type":"Polygon","coordinates":[[[-70.638596,-35.000443],[-70.639232,-34.996299],[-70.644311,-34.995026],[-70.648755,-34.997896],[-70.648119,-35.002041],[-70.643039,-35.003314],[-70.638596,-35.000443]]]},"properties":{"comuna":"Romeral","mancha_id":"07306-88b2ced45bfffff","clase":"Bajo","nivel_medio":1.248,"nivel_medio_min":1.248,"nivel_medio_max":1.248,"pct_alto":41.3,"n_hexagonos":1,"area_ha":61.5}},{"type":"Feature","geometry":{"type":"Polygon","coordinates":[[[-70.650018,-35.021485],[-70.650654,-35.017342],[-70.64621,-35.014472],[-70.646846,-35.010328],[-70.651926,-35.009055],[-70.65637,-35.011925],[-70.661451,-35.010652],[-70.665895,-35.013522],[-70.665259,-35.017665],[-70.660179,-35.018939],[-70.659543,-35.023082],[-70.654462,-35.024355],[-70.653826,-35.028498],[-70.648746,-35.02977],[-70.648109,-35.033912],[-70.643029,-35.035184],[-70.642393,-35.039326],[-70.637312,-35.040597],[-70.632869,-35.037727],[-70.633505,-35.033586],[-70.629062,-35.030716],[-70.623982,-35.031987],[-70.619539,-35.029117],[-70.620175,-35.024975],[-70.615733,-35.022104],[-70.616369,-35.017962],[-70.621448,-35.01669],[-70.625891,-35.019561],[-70.625255,-35.023703],[-70.629698,-35.026574],[-70.634778,-35.025302],[-70.639221,-35.028172],[-70.644301,-35.0269],[-70.644938,-35.022758],[-70.650018,-35.021485]]]},"properties":{"comuna":"Romeral","mancha_id":"07306-88b2ced411fffff","clase":"Bajo","nivel_medio":1.089,"nivel_medio_min":0.825,"nivel_medio_max":1.366,"pct_alto":33.2,"n_hexagonos":9,"area_ha":553.13}},{"type":"Feature","geometry":{"type":"Polygon","coordinates":[[[-70.762438,-34.925436],[-70.763073,-34.921284],[-70.767065,-34.920277],[-70.766552,-34.921034],[-70.766046,-34.921927],[-70.765897,-34.923563],[-70.766135,-34.925199],[-70.766522,-34.926746],[-70.76673,-34.927966],[-70.766712,-34.928194],[-70.762438,-34.925436]]]},"properties":{"comuna":"Romeral","mancha_id":"07306-88b2ced2ebfffff","clase":"Bajo","nivel_medio":0.866,"nivel_medio_min":0.866,"nivel_medio_max":0.866,"pct_alto":21.8,"n_hexagonos":1,"area_ha":20.92}},{"type":"Feature","geometry":{"type":"Polygon","coordinates":[[[-70.749098,-34.916825],[-70.749732,-34.912673],[-70.745286,-34.909802],[-70.74592,-34.90565],[-70.751001,-34.904368],[-70.755448,-34.907239],[-70.754813,-34.911391],[-70.75926,-34.914262],[-70.758626,-34.918414],[-70.753544,-34.919696],[-70.749098,-34.916825]]]},"properties":{"comuna":"Romeral","mancha_id":"07306-88b2ced2c1fffff","clase":"Bajo","nivel_medio":1.077,"nivel_medio_min":0.961,"nivel_medio_max":1.193,"pct_alto":33.0,"n_hexagonos":2,"area_ha":123.4}},{"type":"Feature","geometry":{"type":"Polygon","coordinates":[[[-70.778511,-34.949028],[-70.77889,-34.949225],[-70.778326,-34.949367],[-70.777692,-34.953517],[-70.772609,-34.954799],[-70.768161,-34.95193],[-70.768796,-34.94778],[-70.773878,-34.946498],[-70.774352,-34.943399],[-70.774822,-34.943762],[-70.774673,-34.944506],[-70.774971,-34.945517],[-70.775536,-34.946945],[-70.775692,-34.947668],[-70.775774,-34.948046],[-70.776547,-34.948254],[-70.776606,-34.948258],[-70.777559,-34.948314],[-70.778511,-34.949028]]]},"properties":{"comuna":"Romeral","mancha_id":"07306-88b2ced2a1fffff","clase":"Bajo","nivel_medio":0.776,"nivel_medio_min":0.568,"nivel_medio_max":0.79,"pct_alto":24.3,"n_hexagonos":2,"area_ha":65.63}},{"type":"Feature","geometry":{"type":"Polygon","coordinates":[[[-70.760535,-34.93789],[-70.761169,-34.933739],[-70.766251,-34.932458],[-70.770699,-34.935327],[-70.770065,-34.939478],[-70.764982,-34.94076],[-70.760535,-34.93789]]]},"properties":{"comuna":"Romeral","mancha_id":"07306-88b2ced285fffff","clase":"Bajo","nivel_medio":1.498,"nivel_medio_min":1.498,"nivel_medio_max":1.498,"pct_alto":48.6,"n_hexagonos":1,"area_ha":61.67}},{"type":"Feature","geometry":{"type":"Polygon","coordinates":[[[-70.905486,-34.981113],[-70.900399,-34.982399],[-70.897396,-34.980467],[-70.897715,-34.980499],[-70.898706,-34.980314],[-70.899077,-34.979509],[-70.900748,-34.979199],[-70.902543,-34.978581],[-70.904338,-34.977776],[-70.905638,-34.977652],[-70.905998,-34.977752],[-70.905486,-34.981113]]]},"properties":{"comuna":"Romeral","mancha_id":"07306-88b2ced135fffff","clase":"Bajo","nivel_medio":1.381,"nivel_medio_min":1.381,"nivel_medio_max":1.381,"pct_alto":21.6,"n_hexagonos":1,"area_ha":22.86}},{"type":"Feature","geometry":{"type":"Polygon","coordinates":[[[-70.6519,-35.104611],[-70.652536,-35.100473],[-70.657618,-35.099203],[-70.662064,-35.102071],[-70.661428,-35.106208],[-70.656346,-35.107478],[-70.6519,-35.104611]]]},"properties":{"comuna":"Romeral","mancha_id":"07306-88b2cec603fffff","clase":"Bajo","nivel_medio":1.091,"nivel_medio_min":1.091,"nivel_medio_max":1.091,"pct_alto":18.8,"n_hexagonos":1,"area_ha":61.35}},{"type":"Feature","geometry":{"type":"Polygon","coordinates":[[[-70.669036,-35.183824],[-70.669672,-35.179692],[-70.674756,-35.178425],[-70.679205,-35.181289],[-70.678568,-35.185421],[-70.673484,-35.186689],[-70.669036,-35.183824]]]},"properties":{"comuna":"Romeral","mancha_id":"07306-88b2cec4e7fffff","clase":"Bajo","nivel_medio":1.483,"nivel_medio_min":1.483,"nivel_medio_max":1.483,"pct_alto":5.2,"n_hexagonos":1,"area_ha":61.25}},{"type":"Feature","geometry":{"type":"Polygon","coordinates":[[[-70.638543,-35.159634],[-70.63918,-35.155501],[-70.644263,-35.154234],[-70.648709,-35.1571],[-70.648072,-35.161233],[-70.642989,-35.1625],[-70.638543,-35.159634]]]},"properties":{"comuna":"Romeral","mancha_id":"07306-88b2cec4c9fffff","clase":"Bajo","nivel_medio":0.5,"nivel_medio_min":0.5,"nivel_medio_max":0.5,"pct_alto":0.0,"n_hexagonos":1,"area_ha":61.26}},{"type":"Feature","geometry":{"type":"Polygon","coordinates":[[[-70.646163,-35.173631],[-70.646799,-35.169499],[-70.651883,-35.168232],[-70.65633,-35.171097],[-70.655693,-35.17523],[-70.65061,-35.176497],[-70.646163,-35.173631]]]},"properties":{"comuna":"Romeral","mancha_id":"07306-88b2cec4c7fffff","clase":"Bajo","nivel_medio":1.116,"nivel_medio_min":1.116,"nivel_medio_max":1.116,"pct_alto":1.5,"n_hexagonos":1,"area_ha":61.25}},{"type":"Feature","geometry":{"type":"Polygon","coordinates":[[[-70.710986,-35.165409],[-70.711621,-35.161275],[-70.716707,-35.160005],[-70.721156,-35.162869],[-70.726242,-35.161598],[-70.730692,-35.164462],[-70.730057,-35.168596],[-70.734507,-35.17146],[-70.733872,-35.175593],[-70.738322,-35.178457],[-70.737687,-35.18259],[-70.7326,-35.18386],[-70.731965,-35.187994],[-70.726879,-35.189263],[-70.722428,-35.1864],[-70.723064,-35.182267],[-70.72815,-35.180997],[-70.728785,-35.176864],[-70.724335,-35.174001],[-70.719249,-35.175271],[-70.7148,-35.172407],[-70.715435,-35.168273],[-70.710986,-35.165409]]]},"properties":{"comuna":"Romeral","mancha_id":"07306-88b2cec427fffff","clase":"Bajo","nivel_medio":0.884,"nivel_medio_min":0.568,"nivel_medio_max":1.107,"pct_alto":4.6,"n_hexagonos":6,"area_ha":367.77}},{"type":"Feature","geometry":{"type":"Polygon","coordinates":[[[-70.657603,-35.162832],[-70.658239,-35.158698],[-70.663322,-35.15743],[-70.66777,-35.160296],[-70.667133,-35.164429],[-70.671581,-35.167294],[-70.670945,-35.171427],[-70.665861,-35.172695],[-70.661413,-35.16983],[-70.66205,-35.165697],[-70.657603,-35.162832]]]},"properties":{"comuna":"Romeral","mancha_id":"07306-88b2cec413fffff","clase":"Bajo","nivel_medio":1.042,"nivel_medio_min":0.702,"nivel_medio_max":1.382,"pct_alto":3.4,"n_hexagonos":2,"area_ha":122.53}},{"type":"Feature","geometry":{"type":"Polygon","coordinates":[[[-70.737676,-35.055272],[-70.738312,-35.051129],[-70.743395,-35.049854],[-70.747844,-35.05272],[-70.747209,-35.056863],[-70.742125,-35.058138],[-70.737676,-35.055272]]]},"properties":{"comuna":"Romeral","mancha_id":"07306-88b2cec2d9fffff","clase":"Bajo","nivel_medio":1.283,"nivel_medio_min":1.283,"nivel_medio_max":1.283,"pct_alto":4.5,"n_hexagonos":1,"area_ha":61.48}},{"type":"Feature","geometry":{"type":"Polygon","coordinates":[[[-70.758647,-35.046024],[-70.759282,-35.041881],[-70.764366,-35.040604],[-70.768816,-35.04347],[-70.7739,-35.042192],[-70.77835,-35.045059],[-70.777716,-35.049202],[-70.772631,-35.05048],[-70.768181,-35.047614],[-70.763097,-35.048891],[-70.758647,-35.046024]]]},"properties":{"comuna":"Romeral","mancha_id":"07306-88b2cec2c9fffff","clase":"Bajo","nivel_medio":1.336,"nivel_medio_min":1.251,"nivel_medio_max":1.422,"pct_alto":3.1,"n_hexagonos":2,"area_ha":123.03}},{"type":"Feature","geometry":{"type":"Polygon","coordinates":[[[-70.827303,-35.044702],[-70.827937,-35.040557],[-70.833023,-35.039277],[-70.837476,-35.042141],[-70.836842,-35.046286],[-70.831755,-35.047567],[-70.827303,-35.044702]]]},"properties":{"comuna":"Romeral","mancha_id":"07306-88b2cec221fffff","clase":"Bajo","nivel_medio":1.204,"nivel_medio_min":1.204,"nivel_medio_max":1.204,"pct_alto":2.4,"n_hexagonos":1,"area_ha":61.56}},{"type":"Feature","geometry":{"type":"Polygon","coordinates":[[[-70.836889,-35.141848],[-70.841344,-35.144709],[-70.846433,-35.143432],[-70.847316,-35.144],[-70.847108,-35.145672],[-70.846138,-35.147292],[-70.844718,-35.147952],[-70.840895,-35.147639],[-70.839588,-35.147532],[-70.839088,-35.148562],[-70.838946,-35.149289],[-70.838798,-35.150052],[-70.837108,-35.151952],[-70.836338,-35.153762],[-70.836008,-35.154917],[-70.835768,-35.155762],[-70.834478,-35.156962],[-70.833468,-35.158772],[-70.831268,-35.159762],[-70.830161,-35.16025],[-70.829263,-35.159674],[-70.824175,-35.16095],[-70.82354,-35.165086],[-70.824693,-35.165826],[-70.824669,-35.165845],[-70.823832,-35.166429],[-70.822846,-35.166406],[-70.820338,-35.165962],[-70.819492,-35.1661],[-70.819412,-35.166114],[-70.819375,-35.16613],[-70.818423,-35.16655],[-70.818148,-35.166672],[-70.815188,-35.168362],[-70.814134,-35.168797],[-70.81328,-35.169109],[-70.811968,-35.170062],[-70.811062,-35.170701],[-70.808968,-35.172182],[-70.806898,-35.173092],[-70.805288,-35.174692],[-70.802935,-35.174566],[-70.802552,-35.17432],[-70.801765,-35.174517],[-70.799868,-35.174452],[-70.797278,-35.174322],[-70.796392,-35.174905],[-70.793522,-35.176796],[-70.792226,-35.177293],[-70.791372,-35.177891],[-70.790803,-35.178489],[-70.790288,-35.178582],[-70.789636,-35.178261],[-70.788629,-35.178269],[-70.788208,-35.177795],[-70.787602,-35.177231],[-70.787437,-35.177167],[-70.787227,-35.177085],[-70.786704,-35.177065],[-70.785892,-35.177217],[-70.784998,-35.17748],[-70.783366,-35.177795],[-70.781888,-35.178232],[-70.781013,-35.17865],[-70.780051,-35.179111],[-70.778471,-35.17951],[-70.777689,-35.179647],[-70.777065,-35.179584],[-70.776631,-35.179427],[-70.775518,-35.178642],[-70.774671,-35.177685],[-70.774442,-35.177378],[-70.777747,-35.176551],[-70.778382,-35.172417],[-70.77393,-35.169554],[-70.768843,-35.170827],[-70.768208,-35.174962],[-70.76312,-35.176234],[-70.762485,-35.180368],[-70.763791,-35.181208],[-70.762848,-35.181462],[-70.757269,-35.182478],[-70.756868,-35.182552],[-70.755387,-35.182879],[-70.754498,-35.183324],[-70.753964,-35.184302],[-70.753119,-35.185147],[-70.75263,-35.18577],[-70.752007,-35.186482],[-70.751936,-35.18698],[-70.751676,-35.187045],[-70.747225,-35.184182],[-70.74786,-35.180048],[-70.743409,-35.177186],[-70.744044,-35.173052],[-70.749131,-35.17178],[-70.749766,-35.167646],[-70.745315,-35.164783],[-70.74595,-35.160648],[-70.741499,-35.157784],[-70.742135,-35.153649],[-70.747221,-35.152377],[-70.751672,-35.15524],[-70.751036,-35.159376],[-70.755488,-35.162239],[-70.754852,-35.166374],[-70.759304,-35.169237],[-70.764391,-35.167964],[-70.765026,-35.163829],[-70.770113,-35.162557],[-70.774565,-35.165419],[-70.779652,-35.164146],[-70.780287,-35.16001],[-70.775835,-35.157148],[-70.77647,-35.153012],[-70.772018,-35.150149],[-70.772653,-35.146013],[-70.777739,-35.144739],[-70.782192,-35.147602],[-70.787279,-35.146328],[-70.791731,-35.14919],[-70.791097,-35.153327],[-70.786009,-35.154601],[-70.785374,-35.158737],[-70.789827,-35.161599],[-70.794915,-35.160325],[-70.799368,-35.163187],[-70.804456,-35.161913],[-70.808909,-35.164774],[-70.813998,-35.1635],[-70.814632,-35.159363],[-70.819721,-35.158088],[-70.820355,-35.153951],[-70.825443,-35.152676],[-70.829898,-35.155537],[-70.834987,-35.154261],[-70.835621,-35.150124],[-70.831166,-35.147262],[-70.8318,-35.143124],[-70.836889,-35.141848]]]},"properties":{"comuna":"Romeral","mancha_id":"07306-88b2cec193fffff","clase":"Bajo","nivel_medio":1.071,"nivel_medio_min":0.521,"nivel_medio_max":1.473,"pct_alto":2.7,"n_hexagonos":30,"area_ha":1443.09}},{"type":"Feature","geometry":{"type":"Polygon","coordinates":[[[-70.766924,-35.119598],[-70.762474,-35.116734],[-70.757388,-35.118008],[-70.752937,-35.115143],[-70.753572,-35.111005],[-70.749122,-35.10814],[-70.744037,-35.109414],[-70.743402,-35.113553],[-70.747852,-35.116417],[-70.747217,-35.120555],[-70.742131,-35.121829],[-70.737682,-35.118964],[-70.732597,-35.120237],[-70.728147,-35.117372],[-70.723063,-35.118644],[-70.718614,-35.115779],[-70.719249,-35.111641],[-70.724333,-35.110369],[-70.724969,-35.10623],[-70.72052,-35.103365],[-70.715436,-35.104637],[-70.7148,-35.108776],[-70.709716,-35.110048],[-70.709081,-35.114186],[-70.703997,-35.115457],[-70.703361,-35.119594],[-70.707809,-35.12246],[-70.707174,-35.126597],[-70.702089,-35.127868],[-70.697641,-35.125003],[-70.698277,-35.120866],[-70.693829,-35.118],[-70.688746,-35.119271],[-70.68811,-35.123407],[-70.692557,-35.126273],[-70.691921,-35.13041],[-70.69637,-35.133275],[-70.701454,-35.132004],[-70.705902,-35.13487],[-70.705266,-35.139006],[-70.700182,-35.140276],[-70.699546,-35.144412],[-70.694462,-35.145682],[-70.690014,-35.142817],[-70.68493,-35.144086],[-70.684294,-35.148221],[-70.688742,-35.151086],[-70.688106,-35.155221],[-70.692554,-35.158086],[-70.691918,-35.16222],[-70.686834,-35.163489],[-70.682385,-35.160624],[-70.683021,-35.15649],[-70.678574,-35.153625],[-70.67349,-35.154894],[-70.669042,-35.152028],[-70.669679,-35.147894],[-70.665231,-35.145028],[-70.665868,-35.140893],[-70.661421,-35.138027],[-70.662057,-35.133892],[-70.66714,-35.132623],[-70.671587,-35.135489],[-70.670951,-35.139624],[-70.675398,-35.14249],[-70.680482,-35.141221],[-70.681118,-35.137085],[-70.686202,-35.135816],[-70.686838,-35.13168],[-70.68239,-35.128814],[-70.677307,-35.130084],[-70.672859,-35.127218],[-70.673496,-35.123082],[-70.678579,-35.121812],[-70.679215,-35.117675],[-70.684298,-35.116405],[-70.684934,-35.112268],[-70.680487,-35.109401],[-70.681123,-35.105264],[-70.686206,-35.103992],[-70.690653,-35.106859],[-70.690017,-35.110997],[-70.694465,-35.113863],[-70.699549,-35.112591],[-70.700184,-35.108454],[-70.705268,-35.107182],[-70.705904,-35.103044],[-70.710988,-35.101771],[-70.711623,-35.097633],[-70.707175,-35.094767],[-70.707811,-35.090628],[-70.703363,-35.087761],[-70.703999,-35.083622],[-70.709082,-35.082349],[-70.709717,-35.078209],[-70.70527,-35.075342],[-70.700187,-35.076615],[-70.69574,-35.073748],[-70.690657,-35.07502],[-70.690021,-35.07916],[-70.684938,-35.080432],[-70.680492,-35.077565],[-70.681128,-35.073425],[-70.676681,-35.070557],[-70.671599,-35.071829],[-70.670963,-35.075969],[-70.665881,-35.07724],[-70.661436,-35.074372],[-70.662072,-35.070233],[-70.657626,-35.067365],[-70.658263,-35.063225],[-70.653818,-35.060356],[-70.654454,-35.056216],[-70.659535,-35.054944],[-70.66398,-35.057812],[-70.663344,-35.061953],[-70.66779,-35.064821],[-70.672871,-35.063549],[-70.677317,-35.066417],[-70.682399,-35.065145],[-70.686846,-35.068013],[-70.691928,-35.06674],[-70.696375,-35.069607],[-70.701458,-35.068334],[-70.702094,-35.064193],[-70.697647,-35.061326],[-70.698282,-35.057185],[-70.703365,-35.055911],[-70.707812,-35.058778],[-70.712895,-35.057504],[-70.717343,-35.060372],[-70.716707,-35.064513],[-70.721155,-35.06738],[-70.72052,-35.071521],[-70.715436,-35.072795],[-70.714801,-35.076935],[-70.719249,-35.079802],[-70.718613,-35.083942],[-70.71353,-35.085215],[-70.712894,-35.089355],[-70.717343,-35.092221],[-70.716707,-35.09636],[-70.721156,-35.099226],[-70.72624,-35.097953],[-70.726875,-35.093814],[-70.731959,-35.09254],[-70.736409,-35.095406],[-70.741493,-35.094131],[-70.742128,-35.089992],[-70.747213,-35.088717],[-70.751663,-35.091583],[-70.756748,-35.090308],[-70.757383,-35.086167],[-70.752933,-35.083302],[-70.753568,-35.079161],[-70.758653,-35.077886],[-70.759287,-35.073744],[-70.754838,-35.070879],[-70.755473,-35.066737],[-70.751023,-35.063871],[-70.751658,-35.059729],[-70.756743,-35.058453],[-70.757377,-35.05431],[-70.762462,-35.053034],[-70.766912,-35.0559],[-70.766277,-35.060042],[-70.770727,-35.062908],[-70.770092,-35.06705],[-70.774542,-35.069916],[-70.773908,-35.074058],[-70.778358,-35.076923],[-70.777724,-35.081064],[-70.772638,-35.08234],[-70.768188,-35.079475],[-70.763103,-35.080751],[-70.762468,-35.084892],[-70.766918,-35.087757],[-70.766283,-35.091897],[-70.770734,-35.094762],[-70.775819,-35.093487],[-70.776454,-35.089346],[-70.78154,-35.08807],[-70.785991,-35.090934],[-70.785356,-35.095075],[-70.780271,-35.096351],[-70.779636,-35.100491],[-70.77455,-35.101767],[-70.773915,-35.105906],[-70.768829,-35.107181],[-70.768194,-35.111321],[-70.772645,-35.114185],[-70.772011,-35.118323],[-70.766924,-35.119598]]]},"properties":{"comuna":"Romeral","mancha_id":"07306-88b2cec0d3fffff","clase":"Bajo","nivel_medio":1.036,"nivel_medio_min":0.526,"nivel_medio_max":1.468,"pct_alto":2.9,"n_hexagonos":67,"area_ha":4113.8}},{"type":"Feature","geometry":{"type":"Polygon","coordinates":[[[-70.808263,-35.13709],[-70.808897,-35.132952],[-70.813985,-35.131676],[-70.818439,-35.134539],[-70.817804,-35.138677],[-70.812716,-35.139953],[-70.808263,-35.13709]]]},"properties":{"comuna":"Romeral","mancha_id":"07306-88b2cec0a3fffff","clase":"Bajo","nivel_medio":1.348,"nivel_medio_min":1.348,"nivel_medio_max":1.348,"pct_alto":3.8,"n_hexagonos":1,"area_ha":61.41}},{"type":"Feature","geometry":{"type":"Polygon","coordinates":[[[-70.825401,-35.057135],[-70.826035,-35.052991],[-70.831121,-35.051711],[-70.835574,-35.054575],[-70.840661,-35.053295],[-70.845114,-35.056159],[-70.84448,-35.060303],[-70.839393,-35.061584],[-70.83494,-35.05872],[-70.829853,-35.059999],[-70.825401,-35.057135]]]},"properties":{"comuna":"Romeral","mancha_id":"07306-88b2cec049fffff","clase":"Bajo","nivel_medio":1.362,"nivel_medio_min":1.258,"nivel_medio_max":1.466,"pct_alto":6.8,"n_hexagonos":2,"area_ha":123.08}},{"type":"Feature","geometry":{"type":"Polygon","coordinates":[[[-70.840677,-35.085162],[-70.841311,-35.08102],[-70.836858,-35.078157],[-70.83177,-35.079436],[-70.831136,-35.083578],[-70.826049,-35.084857],[-70.825415,-35.088998],[-70.829868,-35.091862],[-70.829234,-35.096003],[-70.833688,-35.098866],[-70.838775,-35.097588],[-70.843229,-35.10045],[-70.848317,-35.099172],[-70.848951,-35.09503],[-70.854039,-35.093751],[-70.858494,-35.096613],[-70.85786,-35.100755],[-70.852772,-35.102034],[-70.852138,-35.106175],[-70.847049,-35.107454],[-70.846416,-35.111594],[-70.841327,-35.112873],[-70.840693,-35.117013],[-70.845148,-35.119875],[-70.844514,-35.124015],[-70.839425,-35.125292],[-70.838791,-35.129432],[-70.843246,-35.132293],[-70.848334,-35.131016],[-70.852789,-35.133877],[-70.857878,-35.132599],[-70.858127,-35.132759],[-70.856098,-35.133222],[-70.852712,-35.134382],[-70.852188,-35.134562],[-70.850288,-35.135882],[-70.849227,-35.136429],[-70.848608,-35.137162],[-70.848409,-35.138957],[-70.847067,-35.139294],[-70.842612,-35.136432],[-70.837523,-35.137709],[-70.833069,-35.134848],[-70.82798,-35.136124],[-70.823526,-35.133262],[-70.824161,-35.129124],[-70.819707,-35.126261],[-70.820341,-35.122122],[-70.825429,-35.120845],[-70.826063,-35.116706],[-70.82161,-35.113843],[-70.822244,-35.109703],[-70.827332,-35.108426],[-70.827966,-35.104285],[-70.823513,-35.101422],[-70.824147,-35.097281],[-70.819694,-35.094418],[-70.820328,-35.090276],[-70.815875,-35.087413],[-70.810788,-35.088691],[-70.806336,-35.085827],[-70.80697,-35.081685],[-70.812057,-35.080407],[-70.816509,-35.083271],[-70.821596,-35.081993],[-70.82223,-35.077851],[-70.827317,-35.076572],[-70.827951,-35.072429],[-70.833038,-35.07115],[-70.837491,-35.074014],[-70.842579,-35.072734],[-70.843213,-35.068591],[-70.8483,-35.067311],[-70.852754,-35.070174],[-70.857841,-35.068894],[-70.858475,-35.06475],[-70.863563,-35.063469],[-70.864196,-35.059325],[-70.869284,-35.058043],[-70.869918,-35.053898],[-70.875006,-35.052617],[-70.87946,-35.05548],[-70.878827,-35.059625],[-70.873739,-35.060906],[-70.873105,-35.065051],[-70.87756,-35.067914],[-70.882649,-35.066632],[-70.883282,-35.062487],[-70.88837,-35.061205],[-70.889004,-35.05706],[-70.894092,-35.055778],[-70.894725,-35.051632],[-70.89027,-35.048769],[-70.885182,-35.050052],[-70.880727,-35.047189],[-70.88136,-35.043043],[-70.886448,-35.04176],[-70.887081,-35.037614],[-70.89217,-35.036331],[-70.892803,-35.032184],[-70.897891,-35.0309],[-70.898524,-35.026753],[-70.903612,-35.025469],[-70.908067,-35.028332],[-70.913156,-35.027047],[-70.917612,-35.02991],[-70.922701,-35.028625],[-70.927157,-35.031488],[-70.926524,-35.035635],[-70.930981,-35.038498],[-70.93607,-35.037212],[-70.936703,-35.033065],[-70.941792,-35.031779],[-70.942425,-35.027631],[-70.937968,-35.024768],[-70.938601,-35.02062],[-70.94369,-35.019334],[-70.948147,-35.022196],[-70.947514,-35.026345],[-70.951972,-35.029207],[-70.957062,-35.02792],[-70.957694,-35.023771],[-70.962784,-35.022484],[-70.967242,-35.025346],[-70.96661,-35.029495],[-70.96152,-35.030782],[-70.960887,-35.03493],[-70.955797,-35.036216],[-70.955165,-35.040364],[-70.950075,-35.04165],[-70.945617,-35.038789],[-70.940527,-35.040074],[-70.939895,-35.044221],[-70.944352,-35.047083],[-70.94372,-35.05123],[-70.948177,-35.054091],[-70.947545,-35.058238],[-70.952003,-35.061099],[-70.957093,-35.059813],[-70.957726,-35.055667],[-70.953268,-35.052806],[-70.9539,-35.048659],[-70.95899,-35.047373],[-70.963449,-35.050234],[-70.968539,-35.048948],[-70.969172,-35.0448],[-70.974262,-35.043514],[-70.978721,-35.046374],[-70.983812,-35.045087],[-70.984444,-35.040939],[-70.989535,-35.039651],[-70.990167,-35.035503],[-70.995258,-35.034215],[-70.999718,-35.037075],[-70.999086,-35.041224],[-70.993995,-35.042512],[-70.993363,-35.04666],[-70.988271,-35.047948],[-70.987639,-35.052095],[-70.992099,-35.054955],[-70.991467,-35.059103],[-70.995927,-35.061962],[-70.995295,-35.066109],[-70.990203,-35.067396],[-70.985743,-35.064536],[-70.980652,-35.065823],[-70.976193,-35.062963],[-70.971101,-35.064249],[-70.970469,-35.068395],[-70.965378,-35.069681],[-70.960919,-35.06682],[-70.955829,-35.068105],[-70.95137,-35.065245],[-70.94628,-35.06653],[-70.945647,-35.070675],[-70.940557,-35.07196],[-70.936099,-35.069099],[-70.931009,-35.070383],[-70.926552,-35.067521],[-70.921462,-35.068805],[-70.920829,-35.07295],[-70.925286,-35.075811],[-70.924653,-35.079955],[-70.919563,-35.081239],[-70.915107,-35.078377],[-70.910017,-35.07966],[-70.909384,-35.083804],[-70.904294,-35.085086],[-70.903661,-35.089229],[-70.908118,-35.092091],[-70.913208,-35.090809],[-70.913841,-35.086665],[-70.91893,-35.085382],[-70.923388,-35.088243],[-70.928478,-35.08696],[-70.932936,-35.089821],[-70.932303,-35.093965],[-70.927212,-35.095248],[-70.922755,-35.092387],[-70.917665,-35.093669],[-70.917032,-35.097813],[-70.921489,-35.100673],[-70.920917,-35.104416],[-70.920773,-35.104534],[-70.920147,-35.104994],[-70.915766,-35.106098],[-70.915133,-35.11024],[-70.915283,-35.110336],[-70.914878,-35.111622],[-70.914088,-35.112722],[-70.912108,-35.114302],[-70.910498,-35.115362],[-70.90953,-35.11574],[-70.908018,-35.116332],[-70.905668,-35.117322],[-70.904824,-35.117633],[-70.904184,-35.117823],[-70.904319,-35.116944],[-70.899862,-35.114083],[-70.900495,-35.109942],[-70.896039,-35.107081],[-70.896672,-35.102939],[-70.892216,-35.100078],[-70.892849,-35.095935],[-70.897938,-35.094654],[-70.898572,-35.090511],[-70.894115,-35.08765],[-70.894749,-35.083506],[-70.890293,-35.080644],[-70.890926,-35.076501],[-70.88647,-35.073639],[-70.881382,-35.07492],[-70.876927,-35.072058],[-70.871838,-35.073339],[-70.867384,-35.070476],[-70.862296,-35.071757],[-70.861662,-35.0759],[-70.866117,-35.078763],[-70.871205,-35.077482],[-70.87566,-35.080345],[-70.880748,-35.079064],[-70.885204,-35.081926],[-70.88457,-35.086069],[-70.879482,-35.08735],[-70.875026,-35.084488],[-70.869938,-35.085769],[-70.869304,-35.089911],[-70.864216,-35.091191],[-70.859761,-35.088329],[-70.854673,-35.089609],[-70.850219,-35.086746],[-70.845131,-35.088025],[-70.844497,-35.092167],[-70.839409,-35.093446],[-70.834956,-35.090583],[-70.83559,-35.086441],[-70.840677,-35.085162]],[[-70.896648,-35.071075],[-70.901737,-35.069792],[-70.90237,-35.065648],[-70.897915,-35.062785],[-70.892826,-35.064068],[-70.892193,-35.068212],[-70.896648,-35.071075]]]},"properties":{"comuna":"Romeral","mancha_id":"07306-88b2cec005fffff","clase":"Bajo","nivel_medio":1.258,"nivel_medio_min":0.655,"nivel_medio_max":1.497,"pct_alto":2.8,"n_hexagonos":112,"area_ha":6719.9}},{"type":"Feature","geometry":{"type":"Polygon","coordinates":[[[-70.549144,-34.947129],[-70.549782,-34.942983],[-70.554857,-34.941712],[-70.559296,-34.944587],[-70.558659,-34.948733],[-70.553583,-34.950004],[-70.549144,-34.947129]]]},"properties":{"comuna":"Romeral","mancha_id":"07306-88b2ce9953fffff","clase":"Bajo","nivel_medio":0.539,"nivel_medio_min":0.539,"nivel_medio_max":0.539,"pct_alto":15.0,"n_hexagonos":1,"area_ha":61.52}},{"type":"Feature","geometry":{"type":"Polygon","coordinates":[[[-70.594813,-34.967578],[-70.595449,-34.963432],[-70.600527,-34.96216],[-70.604968,-34.965033],[-70.610045,-34.96376],[-70.614487,-34.966632],[-70.61385,-34.970778],[-70.608772,-34.972051],[-70.604331,-34.969178],[-70.599254,-34.970451],[-70.598617,-34.974596],[-70.603058,-34.977469],[-70.602421,-34.981614],[-70.606863,-34.984486],[-70.606226,-34.98863],[-70.601148,-34.989902],[-70.600511,-34.994046],[-70.604953,-34.996918],[-70.604316,-35.001062],[-70.599238,-35.002333],[-70.594797,-34.999461],[-70.595433,-34.995318],[-70.590992,-34.992445],[-70.591629,-34.988301],[-70.596707,-34.98703],[-70.597344,-34.982886],[-70.592903,-34.980013],[-70.593539,-34.975868],[-70.589099,-34.972995],[-70.589736,-34.96885],[-70.594813,-34.967578]]]},"properties":{"comuna":"Romeral","mancha_id":"07306-88b2ce9923fffff","clase":"Bajo","nivel_medio":1.01,"nivel_medio_min":0.564,"nivel_medio_max":1.486,"pct_alto":27.5,"n_hexagonos":7,"area_ha":430.48}},{"type":"Feature","geometry":{"type":"Polygon","coordinates":[[[-70.556747,-34.961169],[-70.557384,-34.957024],[-70.56246,-34.955753],[-70.566899,-34.958627],[-70.566262,-34.962773],[-70.570702,-34.965647],[-70.575778,-34.964375],[-70.580218,-34.967249],[-70.579581,-34.971394],[-70.584022,-34.974267],[-70.583385,-34.978412],[-70.578308,-34.979683],[-70.577671,-34.983827],[-70.582111,-34.9867],[-70.581474,-34.990844],[-70.576397,-34.992114],[-70.57576,-34.996257],[-70.5802,-34.99913],[-70.579563,-35.003273],[-70.584004,-35.006145],[-70.583367,-35.010288],[-70.578289,-35.011558],[-70.573848,-35.008685],[-70.574486,-35.004543],[-70.570045,-35.00167],[-70.570682,-34.997528],[-70.566242,-34.994655],[-70.566879,-34.990512],[-70.571956,-34.989241],[-70.572593,-34.985098],[-70.568154,-34.982224],[-70.568791,-34.97808],[-70.564351,-34.975207],[-70.564988,-34.971062],[-70.560549,-34.968189],[-70.561186,-34.964044],[-70.556747,-34.961169]]]},"properties":{"comuna":"Romeral","mancha_id":"07306-88b2ce9911fffff","clase":"Bajo","nivel_medio":1.075,"nivel_medio_min":0.78,"nivel_medio_max":1.489,"pct_alto":34.6,"n_hexagonos":10,"area_ha":614.76}},{"type":"Feature","geometry":{"type":"Polygon","coordinates":[[[-70.467118,-35.162521],[-70.467756,-35.158392],[-70.472834,-35.157133],[-70.477273,-35.160003],[-70.476634,-35.164133],[-70.471556,-35.165392],[-70.467118,-35.162521]]]},"properties":{"comuna":"Romeral","mancha_id":"07306-88b2ce8d21fffff","clase":"Bajo","nivel_medio":0.758,"nivel_medio_min":0.758,"nivel_medio_max":0.758,"pct_alto":21.7,"n_hexagonos":1,"area_ha":61.14}},{"type":"Feature","geometry":{"type":"Polygon","coordinates":[[[-70.440491,-35.145294],[-70.44113,-35.141164],[-70.446206,-35.139906],[-70.446845,-35.135775],[-70.451921,-35.134516],[-70.456359,-35.137388],[-70.45572,-35.141518],[-70.450643,-35.142777],[-70.450004,-35.146908],[-70.444928,-35.148166],[-70.440491,-35.145294]]]},"properties":{"comuna":"Romeral","mancha_id":"07306-88b2ce8d09fffff","clase":"Bajo","nivel_medio":1.321,"nivel_medio_min":1.32,"nivel_medio_max":1.321,"pct_alto":27.2,"n_hexagonos":2,"area_ha":122.31}},{"type":"Feature","geometry":{"type":"Polygon","coordinates":[[[-70.59478,-35.031327],[-70.595417,-35.027186],[-70.600496,-35.025916],[-70.604938,-35.028787],[-70.604301,-35.032928],[-70.599222,-35.034199],[-70.59478,-35.031327]]]},"properties":{"comuna":"Romeral","mancha_id":"07306-88b2ce8b65fffff","clase":"Bajo","nivel_medio":1.219,"nivel_medio_min":1.219,"nivel_medio_max":1.219,"pct_alto":38.7,"n_hexagonos":1,"area_ha":61.42}},{"type":"Feature","geometry":{"type":"Polygon","coordinates":[[[-70.577578,-35.143025],[-70.578215,-35.138892],[-70.583296,-35.137627],[-70.587739,-35.140496],[-70.587102,-35.144629],[-70.582021,-35.145894],[-70.577578,-35.143025]]]},"properties":{"comuna":"Romeral","mancha_id":"07306-88b2ce89a7fffff","clase":"Bajo","nivel_medio":0.639,"nivel_medio_min":0.639,"nivel_medio_max":0.639,"pct_alto":0.0,"n_hexagonos":1,"area_ha":61.25}},{"type":"Feature","geometry":{"type":"Polygon","coordinates":[[[-70.56429,-35.070784],[-70.564928,-35.066646],[-70.570006,-35.065379],[-70.574448,-35.06825],[-70.57381,-35.072387],[-70.568732,-35.073655],[-70.56429,-35.070784]]]},"properties":{"comuna":"Romeral","mancha_id":"07306-88b2ce8959fffff","clase":"Bajo","nivel_medio":0.551,"nivel_medio_min":0.551,"nivel_medio_max":0.551,"pct_alto":0.0,"n_hexagonos":1,"area_ha":61.34}},{"type":"Feature","geometry":{"type":"Polygon","coordinates":[[[-70.587119,-35.112822],[-70.587756,-35.108686],[-70.592837,-35.10742],[-70.59728,-35.110288],[-70.596643,-35.114424],[-70.591562,-35.11569],[-70.587119,-35.112822]]]},"properties":{"comuna":"Romeral","mancha_id":"07306-88b2ce8933fffff","clase":"Bajo","nivel_medio":0.54,"nivel_medio_min":0.54,"nivel_medio_max":0.54,"pct_alto":0.0,"n_hexagonos":1,"area_ha":61.3}},{"type":"Feature","geometry":{"type":"Polygon","coordinates":[[[-70.62332,-35.099814],[-70.618239,-35.101082],[-70.617603,-35.105219],[-70.612522,-35.106487],[-70.608078,-35.103618],[-70.602997,-35.104886],[-70.598554,-35.102017],[-70.599191,-35.09788],[-70.604271,-35.096613],[-70.604908,-35.092476],[-70.609988,-35.091208],[-70.610625,-35.087071],[-70.606182,-35.084201],[-70.606819,-35.080064],[-70.602376,-35.077194],[-70.603012,-35.073056],[-70.59857,-35.070186],[-70.59349,-35.071455],[-70.592853,-35.075593],[-70.587774,-35.07686],[-70.583331,-35.07399],[-70.583968,-35.069852],[-70.579527,-35.066982],[-70.580164,-35.062844],[-70.575722,-35.059973],[-70.576359,-35.055834],[-70.581438,-35.054566],[-70.58588,-35.057437],[-70.590959,-35.056168],[-70.595401,-35.059039],[-70.594764,-35.063178],[-70.599207,-35.066048],[-70.604286,-35.064779],[-70.604923,-35.06064],[-70.610003,-35.05937],[-70.614446,-35.06224],[-70.613809,-35.066379],[-70.618253,-35.069249],[-70.617616,-35.073388],[-70.62206,-35.076257],[-70.621423,-35.080395],[-70.625867,-35.083264],[-70.62523,-35.087402],[-70.629675,-35.090271],[-70.629038,-35.094408],[-70.633483,-35.097276],[-70.638564,-35.096007],[-70.643009,-35.098875],[-70.642373,-35.103012],[-70.646818,-35.10588],[-70.646182,-35.110017],[-70.650627,-35.112884],[-70.649991,-35.11702],[-70.654437,-35.119887],[-70.653801,-35.124023],[-70.648718,-35.125292],[-70.644272,-35.122425],[-70.644909,-35.118289],[-70.640463,-35.115422],[-70.6411,-35.111286],[-70.636655,-35.108418],[-70.631573,-35.109687],[-70.627128,-35.106819],[-70.627765,-35.102682],[-70.62332,-35.099814]]]},"properties":{"comuna":"Romeral","mancha_id":"07306-88b2ce8921fffff","clase":"Bajo","nivel_medio":0.85,"nivel_medio_min":0.53,"nivel_medio_max":1.366,"pct_alto":1.8,"n_hexagonos":24,"area_ha":1472.38}},{"type":"Feature","geometry":{"type":"Polygon","coordinates":[[[-70.516648,-35.126389],[-70.517286,-35.122256],[-70.522365,-35.120993],[-70.526805,-35.123864],[-70.531884,-35.1226],[-70.536324,-35.12547],[-70.535687,-35.129603],[-70.530608,-35.130867],[-70.52997,-35.134999],[-70.524891,-35.136262],[-70.520451,-35.133392],[-70.521089,-35.129259],[-70.516648,-35.126389]]]},"properties":{"comuna":"Romeral","mancha_id":"07306-88b2ce88a5fffff","clase":"Bajo","nivel_medio":0.758,"nivel_medio_min":0.523,"nivel_medio_max":0.882,"pct_alto":0.0,"n_hexagonos":3,"area_ha":183.68}},{"type":"Feature","geometry":{"type":"Polygon","coordinates":[[[-70.467151,-35.130737],[-70.467789,-35.126606],[-70.472866,-35.125345],[-70.477304,-35.128217],[-70.476666,-35.132348],[-70.471589,-35.133609],[-70.47095,-35.13774],[-70.465873,-35.139],[-70.461435,-35.136128],[-70.462074,-35.131997],[-70.467151,-35.130737]]]},"properties":{"comuna":"Romeral","mancha_id":"07306-88b2ce8897fffff","clase":"Bajo","nivel_medio":1.142,"nivel_medio_min":1.0,"nivel_medio_max":1.284,"pct_alto":33.9,"n_hexagonos":2,"area_ha":122.37}},{"type":"Feature","geometry":{"type":"Polygon","coordinates":[[[-70.545252,-35.067575],[-70.54589,-35.063437],[-70.550968,-35.062171],[-70.551605,-35.058033],[-70.556683,-35.056766],[-70.561124,-35.059637],[-70.560487,-35.063775],[-70.555408,-35.065042],[-70.554771,-35.06918],[-70.549693,-35.070446],[-70.545252,-35.067575]]]},"properties":{"comuna":"Romeral","mancha_id":"07306-88b2ce8861fffff","clase":"Bajo","nivel_medio":1.175,"nivel_medio_min":1.033,"nivel_medio_max":1.316,"pct_alto":16.0,"n_hexagonos":2,"area_ha":122.68}},{"type":"Feature","geometry":{"type":"Polygon","coordinates":[[[-70.531933,-35.05896],[-70.53257,-35.054822],[-70.537648,-35.053556],[-70.542087,-35.056427],[-70.54145,-35.060566],[-70.536372,-35.061832],[-70.531933,-35.05896]]]},"properties":{"comuna":"Romeral","mancha_id":"07306-88b2ce8845fffff","clase":"Bajo","nivel_medio":1.201,"nivel_medio_min":1.201,"nivel_medio_max":1.201,"pct_alto":9.3,"n_hexagonos":1,"area_ha":61.34}},{"type":"Feature","geometry":{"type":"Polygon","coordinates":[[[-70.516701,-35.062756],[-70.517339,-35.058619],[-70.522416,-35.057353],[-70.526855,-35.060225],[-70.526218,-35.064363],[-70.521141,-35.065628],[-70.520503,-35.069765],[-70.515426,-35.07103],[-70.510987,-35.068158],[-70.511625,-35.064021],[-70.516701,-35.062756]]]},"properties":{"comuna":"Romeral","mancha_id":"07306-88b2ce8843fffff","clase":"Bajo","nivel_medio":1.228,"nivel_medio_min":1.072,"nivel_medio_max":1.384,"pct_alto":1.6,"n_hexagonos":2,"area_ha":122.64}},{"type":"Feature","geometry":{"type":"Polygon","coordinates":[[[-70.52239,-35.089181],[-70.523028,-35.085046],[-70.528106,-35.083781],[-70.532546,-35.086652],[-70.531908,-35.090788],[-70.52683,-35.092053],[-70.52239,-35.089181]]]},"properties":{"comuna":"Romeral","mancha_id":"07306-88b2ce8839fffff","clase":"Bajo","nivel_medio":1.368,"nivel_medio_min":1.368,"nivel_medio_max":1.368,"pct_alto":0.0,"n_hexagonos":1,"area_ha":61.29}},{"type":"Feature","geometry":{"type":"Polygon","coordinates":[[[-70.529995,-35.103194],[-70.524917,-35.104458],[-70.524279,-35.108592],[-70.519201,-35.109855],[-70.514761,-35.106985],[-70.515399,-35.10285],[-70.510959,-35.099979],[-70.505882,-35.101242],[-70.505244,-35.105376],[-70.509683,-35.108248],[-70.509045,-35.112381],[-70.513485,-35.115252],[-70.512847,-35.119386],[-70.507769,-35.120648],[-70.503329,-35.117777],[-70.498252,-35.119039],[-70.493813,-35.116168],[-70.494451,-35.112035],[-70.490012,-35.109163],[-70.484935,-35.110425],[-70.484297,-35.114558],[-70.47922,-35.11582],[-70.474782,-35.112948],[-70.475421,-35.108815],[-70.470983,-35.105943],[-70.471621,-35.101809],[-70.467184,-35.098937],[-70.462108,-35.100198],[-70.457671,-35.097326],[-70.452595,-35.098586],[-70.448159,-35.095713],[-70.448797,-35.09158],[-70.453873,-35.090319],[-70.45831,-35.093192],[-70.463385,-35.091931],[-70.464024,-35.087796],[-70.459587,-35.084923],[-70.460226,-35.080789],[-70.465301,-35.079527],[-70.469738,-35.0824],[-70.474814,-35.081138],[-70.479252,-35.08401],[-70.478613,-35.088145],[-70.483051,-35.091018],[-70.488127,-35.089755],[-70.492566,-35.092627],[-70.497642,-35.091364],[-70.502081,-35.094236],[-70.507158,-35.092973],[-70.511597,-35.095844],[-70.516675,-35.094581],[-70.521115,-35.097452],[-70.526192,-35.096188],[-70.530632,-35.099059],[-70.529995,-35.103194]]]},"properties":{"comuna":"Romeral","mancha_id":"07306-88b2ce8833fffff","clase":"Bajo","nivel_medio":1.1,"nivel_medio_min":0.605,"nivel_medio_max":1.446,"pct_alto":3.8,"n_hexagonos":23,"area_ha":1408.62}},{"type":"Feature","geometry":{"type":"Polygon","coordinates":[[[-70.503358,-35.085966],[-70.503996,-35.08183],[-70.509073,-35.080567],[-70.509711,-35.076431],[-70.514788,-35.075166],[-70.519227,-35.078038],[-70.518589,-35.082174],[-70.513512,-35.083438],[-70.512874,-35.087574],[-70.507796,-35.088838],[-70.503358,-35.085966]]]},"properties":{"comuna":"Romeral","mancha_id":"07306-88b2ce8811fffff","clase":"Bajo","nivel_medio":1.119,"nivel_medio_min":0.913,"nivel_medio_max":1.325,"pct_alto":1.8,"n_hexagonos":2,"area_ha":122.57}},{"type":"Feature","geometry":{"type":"Polygon","coordinates":[[[-70.533821,-35.07838],[-70.534459,-35.074243],[-70.530019,-35.071372],[-70.530657,-35.067235],[-70.535735,-35.065969],[-70.540175,-35.068841],[-70.539537,-35.072978],[-70.543977,-35.075849],[-70.549055,-35.074583],[-70.553496,-35.077454],[-70.552858,-35.081591],[-70.54778,-35.082857],[-70.547143,-35.086993],[-70.542064,-35.088258],[-70.537624,-35.085388],[-70.538262,-35.081251],[-70.533821,-35.07838]]]},"properties":{"comuna":"Romeral","mancha_id":"07306-88b2ce8805fffff","clase":"Bajo","nivel_medio":0.916,"nivel_medio_min":0.798,"nivel_medio_max":1.169,"pct_alto":0.1,"n_hexagonos":4,"area_ha":245.25}},{"type":"Feature","geometry":{"type":"Polygon","coordinates":[[[-70.385477,-35.027779],[-70.386116,-35.023642],[-70.391188,-35.022381],[-70.395621,-35.025258],[-70.394982,-35.029395],[-70.389909,-35.030655],[-70.38927,-35.034792],[-70.384198,-35.036052],[-70.379765,-35.033176],[-70.380405,-35.029039],[-70.385477,-35.027779]]]},"properties":{"comuna":"Romeral","mancha_id":"07306-88b2ce81c9fffff","clase":"Bajo","nivel_medio":0.967,"nivel_medio_min":0.799,"nivel_medio_max":1.136,"pct_alto":0.0,"n_hexagonos":2,"area_ha":122.56}},{"type":"Feature","geometry":{"type":"Polygon","coordinates":[[[-70.402528,-35.075242],[-70.403167,-35.071107],[-70.398733,-35.068232],[-70.399373,-35.064098],[-70.404446,-35.062838],[-70.40888,-35.065713],[-70.40824,-35.069848],[-70.412675,-35.072723],[-70.412036,-35.076857],[-70.41647,-35.079731],[-70.415831,-35.083865],[-70.410757,-35.085125],[-70.410118,-35.089258],[-70.414552,-35.092132],[-70.413913,-35.096265],[-70.418348,-35.099139],[-70.417709,-35.103271],[-70.422144,-35.106145],[-70.427219,-35.104886],[-70.427858,-35.100753],[-70.432933,-35.099494],[-70.433572,-35.095361],[-70.429137,-35.092487],[-70.429776,-35.088353],[-70.43485,-35.087093],[-70.439286,-35.089967],[-70.438647,-35.094101],[-70.443083,-35.096974],[-70.442444,-35.101107],[-70.446881,-35.10398],[-70.451956,-35.10272],[-70.456393,-35.105592],[-70.461469,-35.104332],[-70.465906,-35.107204],[-70.465268,-35.111337],[-70.460192,-35.112597],[-70.459553,-35.11673],[-70.454477,-35.11799],[-70.453838,-35.122122],[-70.448762,-35.123382],[-70.444325,-35.120509],[-70.444964,-35.116377],[-70.440527,-35.113505],[-70.435452,-35.114764],[-70.434813,-35.118896],[-70.439249,-35.121769],[-70.43861,-35.1259],[-70.433535,-35.127159],[-70.429098,-35.124286],[-70.429738,-35.120155],[-70.425302,-35.117282],[-70.420227,-35.11854],[-70.415791,-35.115667],[-70.41643,-35.111536],[-70.411995,-35.108662],[-70.406921,-35.10992],[-70.402486,-35.107047],[-70.403125,-35.102915],[-70.398691,-35.100041],[-70.39933,-35.095908],[-70.404404,-35.09465],[-70.405044,-35.090517],[-70.400609,-35.087642],[-70.401249,-35.083509],[-70.396815,-35.080634],[-70.397454,-35.076501],[-70.402528,-35.075242]]]},"properties":{"comuna":"Romeral","mancha_id":"07306-88b2ce81b5fffff","clase":"Bajo","nivel_medio":0.882,"nivel_medio_min":0.502,"nivel_medio_max":1.491,"pct_alto":3.7,"n_hexagonos":24,"area_ha":1468.82}},{"type":"Feature","geometry":{"type":"Polygon","coordinates":[[[-70.431129,-35.016425],[-70.431768,-35.012286],[-70.436841,-35.011023],[-70.441276,-35.013899],[-70.446349,-35.012635],[-70.450784,-35.01551],[-70.450146,-35.019649],[-70.454581,-35.022525],[-70.453942,-35.026663],[-70.458378,-35.029538],[-70.457739,-35.033676],[-70.462175,-35.036551],[-70.46725,-35.035287],[-70.467888,-35.031149],[-70.463452,-35.028274],[-70.464091,-35.024136],[-70.469165,-35.022871],[-70.469804,-35.018732],[-70.474878,-35.017468],[-70.475517,-35.013328],[-70.47108,-35.010453],[-70.471719,-35.006313],[-70.467283,-35.003438],[-70.467921,-34.999297],[-70.472995,-34.998032],[-70.473547,-34.994453],[-70.474289,-34.994508],[-70.475718,-34.994557],[-70.47699,-34.99453],[-70.478235,-34.994027],[-70.479004,-34.993391],[-70.479163,-34.99302],[-70.479196,-34.992942],[-70.479652,-34.991879],[-70.479878,-34.989787],[-70.480036,-34.989069],[-70.480193,-34.988272],[-70.48442,-34.987217],[-70.488856,-34.990093],[-70.493931,-34.988826],[-70.498368,-34.991701],[-70.49773,-34.995842],[-70.502167,-34.998717],[-70.507242,-34.99745],[-70.50788,-34.993308],[-70.503442,-34.990434],[-70.50408,-34.986292],[-70.509155,-34.985024],[-70.513593,-34.987899],[-70.512955,-34.992041],[-70.517392,-34.994915],[-70.522468,-34.993648],[-70.526906,-34.996522],[-70.526268,-35.000664],[-70.521192,-35.001931],[-70.520555,-35.006073],[-70.524993,-35.008946],[-70.524355,-35.013087],[-70.528794,-35.015961],[-70.53387,-35.014693],[-70.534508,-35.010552],[-70.539584,-35.009284],[-70.540222,-35.005143],[-70.545298,-35.003874],[-70.549737,-35.006747],[-70.5491,-35.010889],[-70.553539,-35.013762],[-70.552902,-35.017903],[-70.557342,-35.020776],[-70.562419,-35.019507],[-70.563056,-35.015366],[-70.558616,-35.012493],[-70.559254,-35.008352],[-70.564331,-35.007082],[-70.568771,-35.009955],[-70.568134,-35.014097],[-70.572574,-35.016969],[-70.571937,-35.02111],[-70.576378,-35.023982],[-70.581456,-35.022713],[-70.582093,-35.018571],[-70.587171,-35.017302],[-70.591612,-35.020173],[-70.590976,-35.024315],[-70.585897,-35.025585],[-70.58526,-35.029726],[-70.580182,-35.030995],[-70.579545,-35.035136],[-70.574467,-35.036404],[-70.573829,-35.040545],[-70.578271,-35.043416],[-70.577634,-35.047556],[-70.572555,-35.048824],[-70.568114,-35.045953],[-70.563036,-35.04722],[-70.558595,-35.044349],[-70.553518,-35.045616],[-70.549078,-35.042744],[-70.544,-35.044012],[-70.53956,-35.041139],[-70.534483,-35.042406],[-70.533846,-35.046545],[-70.528769,-35.047811],[-70.52433,-35.044939],[-70.519253,-35.046205],[-70.514814,-35.043332],[-70.515452,-35.039193],[-70.520529,-35.037927],[-70.521167,-35.033788],[-70.516728,-35.030915],[-70.517366,-35.026775],[-70.512928,-35.023902],[-70.507852,-35.025168],[-70.507214,-35.029307],[-70.511652,-35.032181],[-70.511014,-35.03632],[-70.505938,-35.037586],[-70.5015,-35.034712],[-70.502138,-35.030573],[-70.497701,-35.027699],[-70.492625,-35.028965],[-70.488188,-35.026091],[-70.483113,-35.027356],[-70.482475,-35.031495],[-70.486912,-35.034369],[-70.486273,-35.038507],[-70.490711,-35.041381],[-70.490072,-35.045519],[-70.49451,-35.048392],[-70.493872,-35.05253],[-70.488796,-35.053794],[-70.484359,-35.050921],[-70.479283,-35.052184],[-70.478645,-35.056322],[-70.473569,-35.057585],[-70.472931,-35.061721],[-70.477368,-35.064595],[-70.482444,-35.063332],[-70.486881,-35.066205],[-70.491957,-35.064941],[-70.496395,-35.067814],[-70.495757,-35.07195],[-70.490681,-35.073214],[-70.490042,-35.077349],[-70.49448,-35.080222],[-70.493842,-35.084357],[-70.488766,-35.08562],[-70.484328,-35.082748],[-70.484966,-35.078612],[-70.480528,-35.07574],[-70.475453,-35.077002],[-70.471015,-35.074129],[-70.46594,-35.075392],[-70.461503,-35.072518],[-70.456428,-35.07378],[-70.451991,-35.070907],[-70.45263,-35.066771],[-70.457705,-35.065509],[-70.462142,-35.068383],[-70.467217,-35.06712],[-70.467855,-35.062984],[-70.463419,-35.060111],[-70.458344,-35.061373],[-70.453908,-35.058499],[-70.448833,-35.059761],[-70.448194,-35.063897],[-70.44312,-35.065159],[-70.438684,-35.062285],[-70.439323,-35.058149],[-70.434888,-35.055274],[-70.435527,-35.051138],[-70.440601,-35.049876],[-70.441239,-35.04574],[-70.436804,-35.042865],[-70.431731,-35.044127],[-70.427296,-35.041252],[-70.427935,-35.037115],[-70.433008,-35.035853],[-70.433647,-35.031715],[-70.429213,-35.02884],[-70.429852,-35.024702],[-70.425417,-35.021826],[-70.420344,-35.023088],[-70.415911,-35.020212],[-70.410838,-35.021474],[-70.406405,-35.018598],[-70.407044,-35.014459],[-70.402611,-35.011583],[-70.40325,-35.007444],[-70.408322,-35.006182],[-70.412755,-35.009059],[-70.417828,-35.007796],[-70.422261,-35.010673],[-70.421622,-35.014811],[-70.426056,-35.017687],[-70.431129,-35.016425]],[[-70.444433,-35.025051],[-70.43936,-35.026314],[-70.438721,-35.030452],[-70.443156,-35.033328],[-70.442517,-35.037465],[-70.446952,-35.04034],[-70.446314,-35.044477],[-70.450749,-35.047352],[-70.455824,-35.046089],[-70.46026,-35.048963],[-70.465334,-35.0477],[-70.465973,-35.043563],[-70.461537,-35.040689],[-70.456462,-35.041952],[-70.452027,-35.039077],[-70.452665,-35.03494],[-70.44823,-35.032065],[-70.448868,-35.027927],[-70.444433,-35.025051]],[[-70.509128,-35.016888],[-70.513566,-35.019762],[-70.518641,-35.018495],[-70.519279,-35.014355],[-70.514841,-35.011481],[-70.509766,-35.012748],[-70.509128,-35.016888]],[[-70.538309,-35.017567],[-70.537671,-35.021707],[-70.542111,-35.02458],[-70.541473,-35.02872],[-70.545913,-35.031593],[-70.545275,-35.035733],[-70.549715,-35.038605],[-70.554793,-35.037337],[-70.55543,-35.033197],[-70.55099,-35.030325],[-70.551627,-35.026185],[-70.547188,-35.023312],[-70.547825,-35.019172],[-70.543386,-35.016299],[-70.538309,-35.017567]]]},"properties":{"comuna":"Romeral","mancha_id":"07306-88b2ce8101fffff","clase":"Bajo","nivel_medio":1.02,"nivel_medio_min":0.503,"nivel_medio_max":1.464,"pct_alto":2.3,"n_hexagonos":102,"area_ha":6248.52}},{"type":"Feature","geometry":{"type":"Polygon","coordinates":[[[-70.628979,-35.253351],[-70.629616,-35.249225],[-70.634701,-35.247962],[-70.639149,-35.250825],[-70.638512,-35.254952],[-70.633427,-35.256214],[-70.63279,-35.260341],[-70.627705,-35.261603],[-70.623258,-35.25874],[-70.623895,-35.254614],[-70.628979,-35.253351]]]},"properties":{"comuna":"Romeral","mancha_id":"07306-88b2ce1ac1fffff","clase":"Bajo","nivel_medio":0.643,"nivel_medio_min":0.503,"nivel_medio_max":0.783,"pct_alto":0.0,"n_hexagonos":2,"area_ha":122.22}},{"type":"Feature","geometry":{"type":"Polygon","coordinates":[[[-70.701447,-35.227386],[-70.702083,-35.223257],[-70.707169,-35.221989],[-70.71162,-35.224852],[-70.716706,-35.223584],[-70.721157,-35.226446],[-70.720521,-35.230576],[-70.715435,-35.231843],[-70.714799,-35.235973],[-70.709712,-35.23724],[-70.705261,-35.234378],[-70.700175,-35.235645],[-70.695725,-35.232782],[-70.696361,-35.228653],[-70.701447,-35.227386]]]},"properties":{"comuna":"Romeral","mancha_id":"07306-88b2ce1a65fffff","clase":"Bajo","nivel_medio":0.67,"nivel_medio_min":0.549,"nivel_medio_max":0.774,"pct_alto":1.7,"n_hexagonos":4,"area_ha":244.8}},{"type":"Feature","geometry":{"type":"Polygon","coordinates":[[[-70.644243,-35.217802],[-70.64488,-35.213673],[-70.649964,-35.212408],[-70.654412,-35.215272],[-70.653775,-35.219401],[-70.648691,-35.220666],[-70.644243,-35.217802]]]},"properties":{"comuna":"Romeral","mancha_id":"07306-88b2ce1a59fffff","clase":"Bajo","nivel_medio":1.355,"nivel_medio_min":1.355,"nivel_medio_max":1.355,"pct_alto":39.5,"n_hexagonos":1,"area_ha":61.18}},{"type":"Feature","geometry":{"type":"Polygon","coordinates":[[[-70.665217,-35.208611],[-70.665854,-35.20448],[-70.670939,-35.203214],[-70.671575,-35.199083],[-70.67666,-35.197816],[-70.677296,-35.193685],[-70.682381,-35.192417],[-70.683017,-35.188286],[-70.688102,-35.187018],[-70.688738,-35.182885],[-70.693823,-35.181617],[-70.694459,-35.177484],[-70.699544,-35.176215],[-70.70018,-35.172082],[-70.705265,-35.170813],[-70.709714,-35.173677],[-70.709078,-35.17781],[-70.703993,-35.179079],[-70.703357,-35.183212],[-70.698272,-35.184481],[-70.697636,-35.188613],[-70.702085,-35.191477],[-70.701449,-35.195609],[-70.696364,-35.196877],[-70.691915,-35.194013],[-70.686829,-35.195281],[-70.686193,-35.199413],[-70.690642,-35.202276],[-70.695728,-35.201008],[-70.700177,-35.203872],[-70.705263,-35.202604],[-70.709713,-35.205467],[-70.709077,-35.209598],[-70.703991,-35.210866],[-70.703355,-35.214996],[-70.698269,-35.216264],[-70.697633,-35.220394],[-70.692547,-35.221661],[-70.688098,-35.218798],[-70.688734,-35.214668],[-70.69382,-35.213401],[-70.694456,-35.20927],[-70.690006,-35.206407],[-70.684921,-35.207674],[-70.684285,-35.211805],[-70.679199,-35.213072],[-70.674751,-35.210208],[-70.669666,-35.211474],[-70.665217,-35.208611]]]},"properties":{"comuna":"Romeral","mancha_id":"07306-88b2ce1a49fffff","clase":"Bajo","nivel_medio":0.97,"nivel_medio_min":0.51,"nivel_medio_max":1.4,"pct_alto":7.0,"n_hexagonos":14,"area_ha":857.27}},{"type":"Feature","geometry":{"type":"Polygon","coordinates":[[[-70.66521,-35.240377],[-70.665847,-35.236249],[-70.661398,-35.233386],[-70.662035,-35.229257],[-70.657587,-35.226394],[-70.658223,-35.222265],[-70.663308,-35.221],[-70.667756,-35.223863],[-70.66712,-35.227992],[-70.671569,-35.230855],[-70.670932,-35.234984],[-70.675381,-35.237847],[-70.680467,-35.236581],[-70.681103,-35.232452],[-70.686189,-35.231186],[-70.690639,-35.234049],[-70.690003,-35.238178],[-70.684917,-35.239444],[-70.68428,-35.243572],[-70.679194,-35.244837],[-70.674745,-35.241975],[-70.669659,-35.24324],[-70.669023,-35.247368],[-70.673472,-35.25023],[-70.672978,-35.253437],[-70.672322,-35.253678],[-70.671452,-35.254113],[-70.670768,-35.254051],[-70.670221,-35.253847],[-70.669481,-35.253158],[-70.668345,-35.252373],[-70.66735,-35.251441],[-70.66648,-35.25113],[-70.665113,-35.250882],[-70.663932,-35.251379],[-70.66351,-35.251401],[-70.663937,-35.248632],[-70.659489,-35.24577],[-70.660125,-35.241642],[-70.66521,-35.240377]]]},"properties":{"comuna":"Romeral","mancha_id":"07306-88b2ce1a03fffff","clase":"Bajo","nivel_medio":0.837,"nivel_medio_min":0.584,"nivel_medio_max":1.099,"pct_alto":10.9,"n_hexagonos":7,"area_ha":406.51}},{"type":"Feature","geometry":{"type":"Polygon","coordinates":[[[-70.476602,-35.1959],[-70.477241,-35.191773],[-70.472801,-35.188903],[-70.47344,-35.184776],[-70.469001,-35.181906],[-70.463923,-35.183164],[-70.459485,-35.180294],[-70.454407,-35.181551],[-70.449969,-35.178681],[-70.450608,-35.174553],[-70.44617,-35.171682],[-70.441093,-35.17294],[-70.436656,-35.170069],[-70.431579,-35.171326],[-70.427142,-35.168454],[-70.422066,-35.169711],[-70.41763,-35.166839],[-70.412554,-35.168096],[-70.408118,-35.165224],[-70.403042,-35.16648],[-70.398607,-35.163607],[-70.393532,-35.164863],[-70.389096,-35.16199],[-70.389736,-35.157862],[-70.394811,-35.156607],[-70.395451,-35.152479],[-70.391016,-35.149606],[-70.391655,-35.145477],[-70.39673,-35.144221],[-70.39737,-35.140092],[-70.392935,-35.137219],[-70.38786,-35.138475],[-70.387221,-35.142604],[-70.382146,-35.14386],[-70.377712,-35.140986],[-70.378352,-35.136857],[-70.383426,-35.135601],[-70.384066,-35.131472],[-70.379632,-35.128598],[-70.380271,-35.124468],[-70.385345,-35.123212],[-70.385985,-35.119081],[-70.391059,-35.117824],[-70.395493,-35.120698],[-70.394854,-35.124829],[-70.399288,-35.127702],[-70.398649,-35.131832],[-70.403084,-35.134705],[-70.402444,-35.138835],[-70.40688,-35.141708],[-70.40624,-35.145837],[-70.410676,-35.14871],[-70.415751,-35.147453],[-70.420187,-35.150325],[-70.425263,-35.149068],[-70.4297,-35.15194],[-70.42906,-35.156069],[-70.423984,-35.157326],[-70.419548,-35.154454],[-70.414472,-35.155711],[-70.413833,-35.159839],[-70.418269,-35.162711],[-70.423345,-35.161455],[-70.427782,-35.164326],[-70.432858,-35.163069],[-70.437295,-35.16594],[-70.442372,-35.164683],[-70.443011,-35.160554],[-70.448087,-35.159296],[-70.448726,-35.155167],[-70.453803,-35.153909],[-70.458241,-35.15678],[-70.457602,-35.160909],[-70.46204,-35.16378],[-70.461401,-35.167909],[-70.46584,-35.170779],[-70.465201,-35.174908],[-70.46964,-35.177778],[-70.474718,-35.176519],[-70.479157,-35.179389],[-70.478518,-35.183517],[-70.482958,-35.186387],[-70.482319,-35.190515],[-70.486759,-35.193384],[-70.48612,-35.197511],[-70.481042,-35.198769],[-70.476602,-35.1959]]]},"properties":{"comuna":"Romeral","mancha_id":"07306-88b2ce128dfffff","clase":"Bajo","nivel_medio":0.88,"nivel_medio_min":0.512,"nivel_medio_max":1.422,"pct_alto":13.9,"n_hexagonos":29,"area_ha":1772.35}},{"type":"Feature","geometry":{"type":"Polygon","coordinates":[[[-70.467084,-35.194289],[-70.471524,-35.197158],[-70.470889,-35.201256],[-70.470819,-35.201158],[-70.470438,-35.200872],[-70.470282,-35.20053],[-70.470148,-35.200263],[-70.46992,-35.200035],[-70.469558,-35.19994],[-70.469253,-35.199931],[-70.468987,-35.199882],[-70.468778,-35.199711],[-70.468321,-35.199559],[-70.467883,-35.199426],[-70.467407,-35.199349],[-70.467084,-35.199388],[-70.466589,-35.199349],[-70.466018,-35.199369],[-70.465379,-35.199171],[-70.464941,-35.199095],[-70.46456,-35.198962],[-70.464179,-35.198867],[-70.463742,-35.198715],[-70.463369,-35.198549],[-70.46298,-35.198448],[-70.462695,-35.198315],[-70.462478,-35.198155],[-70.462219,-35.197915],[-70.461895,-35.197534],[-70.461747,-35.19722],[-70.462007,-35.195546],[-70.467084,-35.194289]]]},"properties":{"comuna":"Romeral","mancha_id":"07306-88b2ce128bfffff","clase":"Bajo","nivel_medio":1.136,"nivel_medio_min":1.136,"nivel_medio_max":1.136,"pct_alto":22.4,"n_hexagonos":1,"area_ha":38.91}},{"type":"Feature","geometry":{"type":"Polygon","coordinates":[[[-70.503939,-35.145441],[-70.499499,-35.142571],[-70.494421,-35.143832],[-70.489982,-35.140961],[-70.490621,-35.13683],[-70.495698,-35.135569],[-70.500138,-35.138439],[-70.505216,-35.137178],[-70.509656,-35.140048],[-70.509017,-35.14418],[-70.503939,-35.145441]]]},"properties":{"comuna":"Romeral","mancha_id":"07306-88b2ce124bfffff","clase":"Bajo","nivel_medio":1.083,"nivel_medio_min":0.894,"nivel_medio_max":1.272,"pct_alto":22.5,"n_hexagonos":2,"area_ha":122.38}},{"type":"Feature","geometry":{"type":"Polygon","coordinates":[[[-70.518536,-35.145788],[-70.519174,-35.141656],[-70.524253,-35.140394],[-70.528694,-35.143264],[-70.528056,-35.147395],[-70.532497,-35.150265],[-70.531859,-35.154396],[-70.52678,-35.155658],[-70.522339,-35.152789],[-70.51726,-35.15405],[-70.512819,-35.151181],[-70.513458,-35.147049],[-70.518536,-35.145788]]]},"properties":{"comuna":"Romeral","mancha_id":"07306-88b2ce1245fffff","clase":"Bajo","nivel_medio":0.751,"nivel_medio_min":0.569,"nivel_medio_max":1.08,"pct_alto":16.3,"n_hexagonos":3,"area_ha":183.59}},{"type":"Feature","geometry":{"type":"Polygon","coordinates":[[[-70.515345,-35.166442],[-70.514707,-35.170571],[-70.519148,-35.17344],[-70.51851,-35.17757],[-70.522951,-35.180438],[-70.522313,-35.184568],[-70.517233,-35.185828],[-70.512792,-35.182959],[-70.507713,-35.184219],[-70.503273,-35.18135],[-70.498194,-35.18261],[-70.493753,-35.179741],[-70.494392,-35.175612],[-70.489952,-35.172742],[-70.484874,-35.174002],[-70.480434,-35.171132],[-70.481073,-35.167003],[-70.486151,-35.165743],[-70.48679,-35.161614],[-70.48235,-35.158744],[-70.482989,-35.154614],[-70.488067,-35.153354],[-70.488705,-35.149223],[-70.493783,-35.147963],[-70.498223,-35.150833],[-70.497584,-35.154963],[-70.502024,-35.157833],[-70.501386,-35.161963],[-70.505826,-35.164833],[-70.510905,-35.163572],[-70.515345,-35.166442]],[[-70.509628,-35.171832],[-70.505188,-35.168963],[-70.500109,-35.170223],[-70.499471,-35.174352],[-70.503911,-35.177221],[-70.50899,-35.175961],[-70.509628,-35.171832]]]},"properties":{"comuna":"Romeral","mancha_id":"07306-88b2ce1203fffff","clase":"Bajo","nivel_medio":0.929,"nivel_medio_min":0.538,"nivel_medio_max":1.497,"pct_alto":14.6,"n_hexagonos":12,"area_ha":733.81}},{"type":"Feature","geometry":{"type":"Polygon","coordinates":[[[-70.62327,-35.226987],[-70.623907,-35.222859],[-70.619461,-35.219995],[-70.620098,-35.215866],[-70.625181,-35.214602],[-70.625818,-35.210473],[-70.621372,-35.207608],[-70.622009,-35.203478],[-70.627092,-35.202214],[-70.631539,-35.205079],[-70.630902,-35.209209],[-70.635349,-35.212073],[-70.634712,-35.216202],[-70.639159,-35.219067],[-70.638522,-35.223196],[-70.633438,-35.22446],[-70.632801,-35.228588],[-70.627717,-35.229852],[-70.62327,-35.226987]]]},"properties":{"comuna":"Romeral","mancha_id":"07306-88b2ce1129fffff","clase":"Bajo","nivel_medio":1.213,"nivel_medio_min":0.92,"nivel_medio_max":1.477,"pct_alto":20.7,"n_hexagonos":5,"area_ha":305.83}},{"type":"Feature","geometry":{"type":"Polygon","coordinates":[[[-70.600403,-35.216791],[-70.60104,-35.212662],[-70.606123,-35.211399],[-70.60676,-35.20727],[-70.602315,-35.204405],[-70.602952,-35.200275],[-70.608034,-35.199012],[-70.608671,-35.194882],[-70.613754,-35.193618],[-70.614391,-35.189487],[-70.619474,-35.188223],[-70.620111,-35.184092],[-70.625194,-35.182827],[-70.625831,-35.178695],[-70.621385,-35.175829],[-70.622022,-35.171698],[-70.627104,-35.170432],[-70.63155,-35.173298],[-70.630913,-35.17743],[-70.63536,-35.180296],[-70.634723,-35.184427],[-70.639169,-35.187292],[-70.644253,-35.186026],[-70.644889,-35.181895],[-70.649973,-35.180628],[-70.65442,-35.183494],[-70.653784,-35.187625],[-70.658231,-35.19049],[-70.657595,-35.194621],[-70.662042,-35.197485],[-70.661406,-35.201616],[-70.656321,-35.202882],[-70.651874,-35.200018],[-70.65251,-35.195887],[-70.648063,-35.193022],[-70.642979,-35.194288],[-70.638533,-35.191423],[-70.633449,-35.192689],[-70.632812,-35.196819],[-70.627729,-35.198084],[-70.623283,-35.195219],[-70.6182,-35.196483],[-70.617563,-35.200613],[-70.61248,-35.201877],[-70.611843,-35.206007],[-70.616289,-35.208872],[-70.615652,-35.213001],[-70.610569,-35.214264],[-70.609931,-35.218393],[-70.604848,-35.219656],[-70.600403,-35.216791]]]},"properties":{"comuna":"Romeral","mancha_id":"07306-88b2ce1109fffff","clase":"Bajo","nivel_medio":0.84,"nivel_medio_min":0.504,"nivel_medio_max":1.418,"pct_alto":1.8,"n_hexagonos":14,"area_ha":856.8}},{"type":"Feature","geometry":{"type":"Polygon","coordinates":[[[-70.520398,-35.196953],[-70.52484,-35.199821],[-70.524305,-35.203282],[-70.523678,-35.203645],[-70.522935,-35.204074],[-70.522736,-35.20421],[-70.522502,-35.20437],[-70.519122,-35.205208],[-70.51468,-35.20234],[-70.515319,-35.198213],[-70.510877,-35.195344],[-70.511516,-35.191216],[-70.516595,-35.189956],[-70.521037,-35.192825],[-70.520398,-35.196953]]]},"properties":{"comuna":"Romeral","mancha_id":"07306-88b2ce1051fffff","clase":"Bajo","nivel_medio":0.807,"nivel_medio_min":0.535,"nivel_medio_max":1.085,"pct_alto":0.7,"n_hexagonos":2,"area_ha":121.66}},{"type":"Feature","geometry":{"type":"Polygon","coordinates":[[[-70.535638,-35.193172],[-70.536276,-35.189043],[-70.541357,-35.187782],[-70.545799,-35.19065],[-70.545161,-35.194779],[-70.540081,-35.19604],[-70.539443,-35.200168],[-70.538413,-35.200423],[-70.538367,-35.200392],[-70.538224,-35.200154],[-70.537978,-35.200011],[-70.537749,-35.199861],[-70.537177,-35.199464],[-70.536824,-35.19935],[-70.536549,-35.19925],[-70.53635,-35.199177],[-70.536273,-35.199149],[-70.536065,-35.1991],[-70.535669,-35.199123],[-70.535536,-35.199135],[-70.535083,-35.199202],[-70.53475,-35.199321],[-70.534345,-35.199464],[-70.533893,-35.199559],[-70.533546,-35.199377],[-70.533087,-35.198876],[-70.532703,-35.198488],[-70.532489,-35.198301],[-70.532442,-35.19825],[-70.532124,-35.197982],[-70.532055,-35.197953],[-70.531875,-35.197881],[-70.531609,-35.197774],[-70.531163,-35.197566],[-70.530858,-35.19747],[-70.53058,-35.197376],[-70.530133,-35.197185],[-70.530558,-35.194432],[-70.535638,-35.193172]]]},"properties":{"comuna":"Romeral","mancha_id":"07306-88b2ce1041fffff","clase":"Bajo","nivel_medio":0.648,"nivel_medio_min":0.586,"nivel_medio_max":0.739,"pct_alto":0.0,"n_hexagonos":2,"area_ha":108.53}},{"type":"Feature","geometry":{"type":"Polygon","coordinates":[[[-71.160117,-34.908421],[-71.156182,-34.909426],[-71.153581,-34.90776],[-71.15428,-34.90735],[-71.15477,-34.90669],[-71.15484,-34.90651],[-71.15492,-34.90633],[-71.15505,-34.90622],[-71.15522,-34.90618],[-71.15567,-34.90605],[-71.15628,-34.90593],[-71.15697,-34.90564],[-71.15723,-34.90546],[-71.15812,-34.90479],[-71.15836,-34.904492],[-71.158413,-34.904338],[-71.15847,-34.90425],[-71.158693,-34.904174],[-71.158953,-34.904139],[-71.15923,-34.90419],[-71.15923,-34.90419],[-71.159279,-34.904179],[-71.159408,-34.904149],[-71.159441,-34.904316],[-71.159462,-34.90442],[-71.159478,-34.904501],[-71.159487,-34.904495],[-71.159561,-34.905037],[-71.159567,-34.905084],[-71.159607,-34.905383],[-71.159668,-34.905748],[-71.159668,-34.905749],[-71.159695,-34.905914],[-71.159701,-34.905947],[-71.159924,-34.907279],[-71.15998,-34.907613],[-71.159988,-34.907662],[-71.16002,-34.90785],[-71.160117,-34.908421]]]},"properties":{"comuna":"Romeral","mancha_id":"07306-88b2c3af55fffff","clase":"Bajo","nivel_medio":1.342,"nivel_medio_min":1.342,"nivel_medio_max":1.342,"pct_alto":16.7,"n_hexagonos":1,"area_ha":19.8}},{"type":"Feature","geometry":{"type":"Polygon","coordinates":[[[-71.140272,-34.917487],[-71.140902,-34.913327],[-71.145995,-34.912027],[-71.150459,-34.914887],[-71.149829,-34.919047],[-71.144736,-34.920347],[-71.140272,-34.917487]]]},"properties":{"comuna":"Romeral","mancha_id":"07306-88b2c3af19fffff","clase":"Bajo","nivel_medio":1.236,"nivel_medio_min":1.236,"nivel_medio_max":1.236,"pct_alto":5.9,"n_hexagonos":1,"area_ha":61.95}},{"type":"Feature","geometry":{"type":"Polygon","coordinates":[[[-71.067811,-35.007847],[-71.068441,-35.003695],[-71.073534,-35.002402],[-71.077997,-35.005261],[-71.077366,-35.009414],[-71.072273,-35.010707],[-71.071642,-35.014859],[-71.066549,-35.016151],[-71.062087,-35.013292],[-71.062718,-35.00914],[-71.067811,-35.007847]]]},"properties":{"comuna":"Romeral","mancha_id":"07306-88b2c3ac97fffff","clase":"Bajo","nivel_medio":1.38,"nivel_medio_min":1.33,"nivel_medio_max":1.429,"pct_alto":2.9,"n_hexagonos":2,"area_ha":123.53}},{"type":"Feature","geometry":{"type":"Polygon","coordinates":[[[-71.012981,-34.949885],[-71.008523,-34.947022],[-71.003433,-34.948314],[-71.002801,-34.952469],[-70.997712,-34.953761],[-70.995809,-34.952539],[-70.996062,-34.952091],[-70.997547,-34.950853],[-70.998104,-34.949739],[-70.998785,-34.947944],[-70.999342,-34.947078],[-71.0,-34.9466],[-71.000358,-34.94634],[-71.001361,-34.945611],[-71.002146,-34.944984],[-71.002616,-34.944565],[-71.003166,-34.944487],[-71.003767,-34.944617],[-71.004264,-34.944565],[-71.005101,-34.944382],[-71.005781,-34.944382],[-71.006643,-34.944278],[-71.00748,-34.944199],[-71.008239,-34.943911],[-71.008997,-34.943676],[-71.009036,-34.943646],[-71.009572,-34.943232],[-71.010226,-34.943205],[-71.010958,-34.943258],[-71.01203,-34.943388],[-71.012736,-34.943572],[-71.013442,-34.943702],[-71.014462,-34.94399],[-71.015168,-34.944278],[-71.016266,-34.94467],[-71.017678,-34.944801],[-71.018636,-34.944877],[-71.018962,-34.944903],[-71.019875,-34.945001],[-71.021595,-34.945537],[-71.023383,-34.94568],[-71.024957,-34.945608],[-71.026316,-34.945251],[-71.026955,-34.945174],[-71.028252,-34.946007],[-71.033342,-34.944713],[-71.033652,-34.942676],[-71.033683,-34.942676],[-71.035542,-34.94239],[-71.037259,-34.942676],[-71.039098,-34.942536],[-71.040721,-34.942266],[-71.043403,-34.942048],[-71.043524,-34.942126],[-71.044301,-34.941928],[-71.04869,-34.94088],[-71.04915,-34.94077],[-71.05589,-34.93774],[-71.056995,-34.937086],[-71.0615,-34.93442],[-71.06442,-34.933437],[-71.06575,-34.93299],[-71.067911,-34.931927],[-71.06961,-34.931494],[-71.069676,-34.931058],[-71.07012,-34.93084],[-71.07124,-34.93001],[-71.07321,-34.92803],[-71.074638,-34.926217],[-71.075332,-34.926041],[-71.075437,-34.925347],[-71.07625,-34.92454],[-71.07674,-34.92393],[-71.07762,-34.92275],[-71.07895,-34.9215],[-71.079457,-34.920993],[-71.08043,-34.92002],[-71.08062,-34.91981],[-71.08123,-34.91941],[-71.081232,-34.919408],[-71.08207,-34.91885],[-71.08278,-34.91861],[-71.0843,-34.91819],[-71.08665,-34.91617],[-71.087524,-34.915611],[-71.091237,-34.917992],[-71.096329,-34.916695],[-71.096959,-34.912536],[-71.096086,-34.911976],[-71.09861,-34.91178],[-71.10213,-34.910715],[-71.10413,-34.91011],[-71.10947,-34.90891],[-71.111364,-34.908083],[-71.112235,-34.908641],[-71.116069,-34.907664],[-71.118054,-34.907809],[-71.119954,-34.907947],[-71.124999,-34.907888],[-71.12702,-34.908],[-71.133588,-34.908364],[-71.136696,-34.908761],[-71.136438,-34.910466],[-71.131346,-34.911766],[-71.130716,-34.915925],[-71.135179,-34.918786],[-71.134549,-34.922945],[-71.139013,-34.925806],[-71.138383,-34.929965],[-71.13329,-34.931264],[-71.128826,-34.928403],[-71.123733,-34.929702],[-71.123103,-34.93386],[-71.11801,-34.935158],[-71.113548,-34.932298],[-71.108455,-34.933595],[-71.107825,-34.937753],[-71.102732,-34.93905],[-71.102102,-34.943208],[-71.097009,-34.944504],[-71.096379,-34.948661],[-71.100841,-34.951522],[-71.105934,-34.950225],[-71.110397,-34.953085],[-71.11549,-34.951788],[-71.11612,-34.947631],[-71.111657,-34.944771],[-71.112287,-34.940614],[-71.11738,-34.939316],[-71.121843,-34.942176],[-71.126937,-34.940879],[-71.1314,-34.943738],[-71.136494,-34.94244],[-71.140958,-34.9453],[-71.146052,-34.944001],[-71.146681,-34.939843],[-71.142217,-34.936983],[-71.142847,-34.932825],[-71.147941,-34.931525],[-71.152405,-34.934385],[-71.157499,-34.933085],[-71.158128,-34.928926],[-71.163222,-34.927626],[-71.163852,-34.923466],[-71.159387,-34.920607],[-71.160017,-34.916447],[-71.161536,-34.916059],[-71.161579,-34.916256],[-71.161586,-34.916287],[-71.161731,-34.916877],[-71.161917,-34.917328],[-71.162253,-34.918013],[-71.162839,-34.91883],[-71.163316,-34.919495],[-71.164486,-34.921127],[-71.164868,-34.92164],[-71.165196,-34.92208],[-71.165341,-34.922274],[-71.165557,-34.922542],[-71.165852,-34.922908],[-71.165883,-34.922948],[-71.166463,-34.92368],[-71.166932,-34.924273],[-71.167141,-34.924538],[-71.167171,-34.92458],[-71.167539,-34.925069],[-71.168154,-34.925887],[-71.168477,-34.926317],[-71.168652,-34.926542],[-71.168848,-34.926796],[-71.169079,-34.927094],[-71.169291,-34.927366],[-71.169295,-34.927372],[-71.169533,-34.927678],[-71.169744,-34.927992],[-71.169834,-34.928117],[-71.170157,-34.928564],[-71.170255,-34.928699],[-71.170475,-34.929005],[-71.170732,-34.929359],[-71.170918,-34.929618],[-71.170944,-34.929654],[-71.171707,-34.93071],[-71.17219,-34.931366],[-71.173391,-34.933002],[-71.173863,-34.933646],[-71.174011,-34.933843],[-71.174215,-34.934113],[-71.174352,-34.934297],[-71.1745,-34.934502],[-71.174678,-34.93475],[-71.174777,-34.934888],[-71.17585,-34.93638],[-71.175862,-34.936396],[-71.171523,-34.937504],[-71.170894,-34.941663],[-71.175359,-34.944521],[-71.17473,-34.94868],[-71.179196,-34.951538],[-71.184291,-34.950238],[-71.185461,-34.950987],[-71.185903,-34.951681],[-71.186208,-34.952123],[-71.186404,-34.952386],[-71.186743,-34.952899],[-71.18764,-34.954257],[-71.187891,-34.954635],[-71.188406,-34.955413],[-71.188128,-34.957254],[-71.183032,-34.958554],[-71.182403,-34.962712],[-71.186869,-34.96557],[-71.191965,-34.96427],[-71.19237,-34.961593],[-71.192423,-34.961677],[-71.192607,-34.961959],[-71.193132,-34.962765],[-71.193915,-34.963968],[-71.194549,-34.964911],[-71.194999,-34.965565],[-71.195235,-34.965908],[-71.195357,-34.966085],[-71.195641,-34.966498],[-71.195771,-34.966704],[-71.19593,-34.966956],[-71.196356,-34.967631],[-71.195803,-34.971284],[-71.20027,-34.974142],[-71.201682,-34.973781],[-71.202074,-34.974042],[-71.202791,-34.974521],[-71.203566,-34.975034],[-71.204105,-34.975389],[-71.204211,-34.975461],[-71.204245,-34.975484],[-71.204313,-34.97553],[-71.204693,-34.975787],[-71.205068,-34.97604],[-71.206028,-34.976689],[-71.206996,-34.977344],[-71.20721,-34.97749],[-71.208075,-34.978073],[-71.20894,-34.978659],[-71.209344,-34.978934],[-71.209416,-34.978982],[-71.209701,-34.979187],[-71.209937,-34.979356],[-71.210625,-34.979813],[-71.211612,-34.980467],[-71.213463,-34.981695],[-71.21404,-34.982054],[-71.214523,-34.982355],[-71.214682,-34.982454],[-71.213673,-34.982712],[-71.209205,-34.979855],[-71.20661,-34.980517],[-71.206507,-34.980396],[-71.206338,-34.980172],[-71.20628,-34.980091],[-71.206217,-34.980029],[-71.206155,-34.979988],[-71.206068,-34.979942],[-71.20588,-34.979853],[-71.205707,-34.97977],[-71.205478,-34.979682],[-71.205321,-34.979638],[-71.204997,-34.979574],[-71.20475,-34.979539],[-71.204548,-34.979482],[-71.204258,-34.979372],[-71.204098,-34.979312],[-71.203958,-34.979292],[-71.203723,-34.979318],[-71.2033,-34.979413],[-71.202832,-34.97951],[-71.20264,-34.979555],[-71.202335,-34.979594],[-71.202185,-34.979602],[-71.202039,-34.979602],[-71.201803,-34.979679],[-71.201801,-34.97968],[-71.201506,-34.979776],[-71.20124,-34.979858],[-71.201013,-34.979929],[-71.200759,-34.979985],[-71.200431,-34.980052],[-71.200177,-34.980107],[-71.199848,-34.980202],[-71.199668,-34.980265],[-71.199473,-34.980306],[-71.199297,-34.980332],[-71.199057,-34.980379],[-71.198917,-34.980423],[-71.19873,-34.980449],[-71.198292,-34.98049],[-71.197976,-34.980522],[-71.197847,-34.980528],[-71.197552,-34.980528],[-71.197257,-34.980511],[-71.197121,-34.980482],[-71.197052,-34.980469],[-71.196915,-34.980457],[-71.196788,-34.980432],[-71.196679,-34.980404],[-71.196547,-34.980359],[-71.196402,-34.980249],[-71.196332,-34.980174],[-71.196293,-34.980096],[-71.196235,-34.979958],[-71.196183,-34.979836],[-71.196132,-34.979732],[-71.196066,-34.979613],[-71.19602,-34.97952],[-71.195989,-34.979458],[-71.19597,-34.979423],[-71.195957,-34.979377],[-71.195946,-34.979265],[-71.195943,-34.979242],[-71.195933,-34.979156],[-71.195925,-34.979079],[-71.195901,-34.97897],[-71.195849,-34.978768],[-71.195823,-34.978645],[-71.195813,-34.978547],[-71.195813,-34.97845],[-71.1958,-34.978294],[-71.195786,-34.978185],[-71.195758,-34.978006],[-71.19572,-34.977783],[-71.195691,-34.977578],[-71.195665,-34.977398],[-71.195665,-34.977215],[-71.195663,-34.977024],[-71.195667,-34.976966],[-71.195697,-34.976883],[-71.195722,-34.976822],[-71.195757,-34.976744],[-71.195769,-34.976692],[-71.195786,-34.976615],[-71.195788,-34.976548],[-71.195774,-34.976447],[-71.195771,-34.976374],[-71.195747,-34.976307],[-71.195714,-34.976243],[-71.195686,-34.976199],[-71.195639,-34.976151],[-71.195532,-34.976051],[-71.19544,-34.975984],[-71.195339,-34.975922],[-71.195189,-34.975839],[-71.194998,-34.975749],[-71.194714,-34.97561],[-71.194612,-34.975559],[-71.194513,-34.975513],[-71.194368,-34.975442],[-71.193931,-34.975212],[-71.193568,-34.975002],[-71.193522,-34.974977],[-71.193423,-34.974931],[-71.193316,-34.974881],[-71.193237,-34.974845],[-71.193167,-34.974813],[-71.193028,-34.974742],[-71.192748,-34.974542],[-71.192538,-34.974432],[-71.19242,-34.974377],[-71.192357,-34.974354],[-71.192293,-34.974333],[-71.192218,-34.974312],[-71.192025,-34.974247],[-71.191869,-34.974202],[-71.191602,-34.974138],[-71.191328,-34.974062],[-71.191116,-34.974],[-71.190938,-34.973939],[-71.190698,-34.973885],[-71.190516,-34.973848],[-71.190372,-34.973819],[-71.190198,-34.973762],[-71.190128,-34.973742],[-71.189948,-34.973672],[-71.189758,-34.973592],[-71.189408,-34.973482],[-71.188968,-34.973402],[-71.188671,-34.973334],[-71.188448,-34.973339],[-71.188175,-34.97331],[-71.188028,-34.973272],[-71.187708,-34.973102],[-71.187378,-34.973012],[-71.186968,-34.972982],[-71.186098,-34.972812],[-71.185868,-34.972742],[-71.185638,-34.972652],[-71.185518,-34.972592],[-71.185368,-34.972522],[-71.185088,-34.972262],[-71.184808,-34.971932],[-71.18474,-34.971801],[-71.184704,-34.9717],[-71.18465,-34.97159],[-71.18452,-34.971266],[-71.184288,-34.970845],[-71.184151,-34.970551],[-71.184052,-34.970292],[-71.184049,-34.970286],[-71.183922,-34.970068],[-71.183847,-34.969959],[-71.183769,-34.969871],[-71.183668,-34.969802],[-71.183398,-34.969682],[-71.183299,-34.969606],[-71.183239,-34.96953],[-71.183078,-34.969292],[-71.182868,-34.969012],[-71.182623,-34.968756],[-71.182358,-34.968546],[-71.181908,-34.968292],[-71.181738,-34.968202],[-71.181398,-34.968068],[-71.18132,-34.968039],[-71.181251,-34.96801],[-71.180928,-34.967882],[-71.180408,-34.967722],[-71.179898,-34.967492],[-71.179698,-34.967382],[-71.179574,-34.967236],[-71.17946,-34.967073],[-71.179328,-34.966972],[-71.179118,-34.966902],[-71.178898,-34.966842],[-71.178478,-34.966732],[-71.178238,-34.966642],[-71.178036,-34.966542],[-71.177848,-34.966432],[-71.177744,-34.966332],[-71.177638,-34.966262],[-71.17749,-34.966195],[-71.177382,-34.966128],[-71.177134,-34.965934],[-71.17703,-34.965844],[-71.177308,-34.964012],[-71.172842,-34.961154],[-71.167747,-34.962453],[-71.163281,-34.959594],[-71.158187,-34.960893],[-71.157801,-34.963441],[-71.15747,-34.963527],[-71.157078,-34.963662],[-71.156878,-34.963782],[-71.156635,-34.964002],[-71.156406,-34.964176],[-71.156122,-34.96436],[-71.155617,-34.964617],[-71.155378,-34.964742],[-71.155208,-34.964852],[-71.155048,-34.964992],[-71.155144,-34.965129],[-71.155163,-34.965156],[-71.155424,-34.965524],[-71.155439,-34.965545],[-71.155466,-34.965583],[-71.152462,-34.966349],[-71.147997,-34.96349],[-71.142903,-34.964788],[-71.142273,-34.968944],[-71.137179,-34.970242],[-71.136549,-34.974398],[-71.131455,-34.975695],[-71.126991,-34.972836],[-71.127621,-34.96868],[-71.132715,-34.967383],[-71.133345,-34.963227],[-71.128881,-34.960367],[-71.129511,-34.956211],[-71.125047,-34.953351],[-71.119953,-34.954648],[-71.119323,-34.958805],[-71.11423,-34.960102],[-71.1136,-34.964258],[-71.108506,-34.965554],[-71.107876,-34.96971],[-71.102783,-34.971006],[-71.102153,-34.975161],[-71.097059,-34.976457],[-71.096429,-34.980611],[-71.091336,-34.981906],[-71.090705,-34.98606],[-71.085612,-34.987355],[-71.084982,-34.991509],[-71.089444,-34.994368],[-71.088814,-34.998521],[-71.083721,-34.999815],[-71.079258,-34.996956],[-71.074165,-34.998249],[-71.069703,-34.99539],[-71.070334,-34.991236],[-71.065872,-34.988376],[-71.06078,-34.98967],[-71.056318,-34.986809],[-71.056949,-34.982656],[-71.062041,-34.981362],[-71.062672,-34.977208],[-71.058211,-34.974348],[-71.058842,-34.970193],[-71.063934,-34.968899],[-71.064564,-34.964745],[-71.069656,-34.96345],[-71.074118,-34.966311],[-71.07921,-34.965016],[-71.079841,-34.960861],[-71.075379,-34.958],[-71.070287,-34.959295],[-71.065826,-34.956434],[-71.066457,-34.952278],[-71.061996,-34.949417],[-71.062627,-34.94526],[-71.058166,-34.942399],[-71.053075,-34.943693],[-71.052444,-34.94785],[-71.047353,-34.949144],[-71.042893,-34.946282],[-71.037802,-34.947576],[-71.037171,-34.951731],[-71.041631,-34.954593],[-71.041,-34.958748],[-71.04546,-34.96161],[-71.044829,-34.965765],[-71.049289,-34.968626],[-71.048658,-34.97278],[-71.043567,-34.974073],[-71.039106,-34.971212],[-71.039738,-34.967058],[-71.035278,-34.964196],[-71.030187,-34.965489],[-71.025727,-34.962627],[-71.026358,-34.958472],[-71.021899,-34.95561],[-71.02253,-34.951455],[-71.018071,-34.948593],[-71.012981,-34.949885]]]},"properties":{"comuna":"Romeral","mancha_id":"07306-88b2c3a5a3fffff","clase":"Bajo","nivel_medio":1.22,"nivel_medio_min":0.601,"nivel_medio_max":1.498,"pct_alto":4.8,"n_hexagonos":116,"area_ha":6359.99}},{"type":"Feature","geometry":{"type":"Polygon","coordinates":[[[-71.079354,-35.060786],[-71.079984,-35.056637],[-71.085079,-35.055345],[-71.089543,-35.058203],[-71.088912,-35.062352],[-71.083817,-35.063643],[-71.079354,-35.060786]]]},"properties":{"comuna":"Romeral","mancha_id":"07306-88b2c336c5fffff","clase":"Bajo","nivel_medio":1.481,"nivel_medio_min":1.481,"nivel_medio_max":1.481,"pct_alto":1.3,"n_hexagonos":1,"area_ha":61.7}},{"type":"Feature","geometry":{"type":"Polygon","coordinates":[[[-70.682418,-34.937609],[-70.683054,-34.93346],[-70.688133,-34.932182],[-70.692577,-34.935054],[-70.691942,-34.939203],[-70.686862,-34.940481],[-70.686227,-34.94463],[-70.681147,-34.945907],[-70.680512,-34.950056],[-70.675432,-34.951333],[-70.674796,-34.955481],[-70.67924,-34.958352],[-70.678605,-34.9625],[-70.673525,-34.963776],[-70.672889,-34.967923],[-70.667809,-34.969199],[-70.667174,-34.973345],[-70.662094,-34.974621],[-70.661458,-34.978767],[-70.656378,-34.980042],[-70.651935,-34.977171],[-70.646856,-34.978445],[-70.64622,-34.982591],[-70.64114,-34.983865],[-70.640504,-34.98801],[-70.635425,-34.989283],[-70.630982,-34.986412],[-70.631619,-34.982267],[-70.636697,-34.980993],[-70.637248,-34.977407],[-70.638029,-34.976673],[-70.642413,-34.975573],[-70.642482,-34.975121],[-70.643341,-34.975173],[-70.645165,-34.974699],[-70.645712,-34.974261],[-70.647208,-34.972436],[-70.648159,-34.971277],[-70.649079,-34.970768],[-70.649361,-34.970612],[-70.650565,-34.97032],[-70.651844,-34.970027],[-70.6529,-34.969408],[-70.654031,-34.968605],[-70.654824,-34.967951],[-70.655728,-34.967382],[-70.656766,-34.96698],[-70.657266,-34.966943],[-70.658286,-34.967603],[-70.663366,-34.966328],[-70.663674,-34.964319],[-70.663678,-34.964316],[-70.664904,-34.963286],[-70.665607,-34.962695],[-70.666388,-34.962039],[-70.666768,-34.96172],[-70.666797,-34.961478],[-70.666875,-34.960834],[-70.667075,-34.959167],[-70.666984,-34.957586],[-70.666913,-34.956346],[-70.666583,-34.955251],[-70.666746,-34.954837],[-70.667057,-34.954047],[-70.667613,-34.952635],[-70.668185,-34.951185],[-70.668261,-34.950253],[-70.668485,-34.94909],[-70.668535,-34.948829],[-70.669031,-34.947662],[-70.669268,-34.946864],[-70.669137,-34.946093],[-70.669499,-34.945562],[-70.670029,-34.944946],[-70.670779,-34.944743],[-70.671599,-34.944477],[-70.671642,-34.944463],[-70.671744,-34.944282],[-70.676703,-34.943036],[-70.677339,-34.938887],[-70.682418,-34.937609]]]},"properties":{"comuna":"Romeral","mancha_id":"07306-88b2c16db9fffff","clase":"Bajo","nivel_medio":1.093,"nivel_medio_min":0.501,"nivel_medio_max":1.49,"pct_alto":31.0,"n_hexagonos":14,"area_ha":697.0}},{"type":"Feature","geometry":{"type":"Polygon","coordinates":[[[-70.695751,-34.946224],[-70.696387,-34.942075],[-70.701467,-34.940796],[-70.705912,-34.943667],[-70.705276,-34.947817],[-70.700196,-34.949095],[-70.695751,-34.946224]]]},"properties":{"comuna":"Romeral","mancha_id":"07306-88b2c16db5fffff","clase":"Bajo","nivel_medio":1.209,"nivel_medio_min":1.209,"nivel_medio_max":1.209,"pct_alto":36.1,"n_hexagonos":1,"area_ha":61.62}},{"type":"Feature","geometry":{"type":"Polygon","coordinates":[[[-70.698293,-34.929625],[-70.693848,-34.926754],[-70.694053,-34.925415],[-70.694225,-34.925545],[-70.694467,-34.926051],[-70.69476,-34.926496],[-70.695154,-34.926359],[-70.695377,-34.92605],[-70.695663,-34.92566],[-70.696465,-34.924931],[-70.697344,-34.924132],[-70.698284,-34.923277],[-70.699481,-34.922189],[-70.699906,-34.921546],[-70.700442,-34.920735],[-70.701154,-34.919659],[-70.701781,-34.918709],[-70.702668,-34.917998],[-70.703672,-34.917418],[-70.704758,-34.917001],[-70.705449,-34.91688],[-70.706098,-34.916685],[-70.706406,-34.916623],[-70.709723,-34.918766],[-70.714803,-34.917486],[-70.719248,-34.920358],[-70.718613,-34.924509],[-70.713533,-34.925788],[-70.712898,-34.929939],[-70.707817,-34.931218],[-70.707182,-34.935368],[-70.702102,-34.936647],[-70.697657,-34.933775],[-70.698293,-34.929625]]]},"properties":{"comuna":"Romeral","mancha_id":"07306-88b2c16d85fffff","clase":"Bajo","nivel_medio":1.008,"nivel_medio_min":0.531,"nivel_medio_max":1.277,"pct_alto":30.7,"n_hexagonos":5,"area_ha":283.54}},{"type":"Feature","geometry":{"type":"Polygon","coordinates":[[[-70.744013,-34.886164],[-70.743378,-34.890318],[-70.747824,-34.89319],[-70.74719,-34.897343],[-70.742109,-34.898625],[-70.741474,-34.902778],[-70.736394,-34.90406],[-70.731948,-34.901188],[-70.726868,-34.90247],[-70.722423,-34.899598],[-70.722995,-34.895858],[-70.72332,-34.895449],[-70.723744,-34.895272],[-70.728138,-34.894164],[-70.732583,-34.897035],[-70.737663,-34.895754],[-70.738298,-34.8916],[-70.737704,-34.891217],[-70.737841,-34.891181],[-70.73887,-34.89091],[-70.739534,-34.890735],[-70.740031,-34.889867],[-70.740413,-34.889199],[-70.74119,-34.88784],[-70.741417,-34.886912],[-70.742074,-34.886328],[-70.74299,-34.885513],[-70.742999,-34.885509],[-70.744013,-34.886164]]]},"properties":{"comuna":"Romeral","mancha_id":"07306-88b2c16d05fffff","clase":"Bajo","nivel_medio":1.088,"nivel_medio_min":0.623,"nivel_medio_max":1.266,"pct_alto":32.7,"n_hexagonos":4,"area_ha":200.06}},{"type":"Feature","geometry":{"type":"Polygon","coordinates":[[[-70.950013,-34.97783],[-70.945557,-34.974966],[-70.945592,-34.974739],[-70.946239,-34.974248],[-70.947291,-34.973567],[-70.948219,-34.973505],[-70.949086,-34.973505],[-70.949952,-34.973444],[-70.950695,-34.973258],[-70.951809,-34.972825],[-70.952799,-34.972453],[-70.953913,-34.972391],[-70.954656,-34.972639],[-70.955636,-34.973031],[-70.955102,-34.976541],[-70.950013,-34.97783]]]},"properties":{"comuna":"Romeral","mancha_id":"07306-88b2ceda03fffff","clase":"Medio","nivel_medio":1.759,"nivel_medio_min":1.759,"nivel_medio_max":1.759,"pct_alto":0.0,"n_hexagonos":1,"area_ha":35.74}},{"type":"Feature","geometry":{"type":"Polygon","coordinates":[[[-70.682414,-34.969518],[-70.683049,-34.965371],[-70.688129,-34.964094],[-70.692574,-34.966965],[-70.691939,-34.971112],[-70.686858,-34.972389],[-70.682414,-34.969518]]]},"properties":{"comuna":"Romeral","mancha_id":"07306-88b2ced753fffff","clase":"Medio","nivel_medio":2.214,"nivel_medio_min":2.214,"nivel_medio_max":2.214,"pct_alto":64.7,"n_hexagonos":1,"area_ha":61.57}},{"type":"Feature","geometry":{"type":"Polygon","coordinates":[[[-70.684316,-34.988974],[-70.684951,-34.984828],[-70.690032,-34.983552],[-70.694477,-34.986422],[-70.693842,-34.990568],[-70.688761,-34.991844],[-70.684316,-34.988974]]]},"properties":{"comuna":"Romeral","mancha_id":"07306-88b2ced713fffff","clase":"Medio","nivel_medio":2.499,"nivel_medio_min":2.499,"nivel_medio_max":2.499,"pct_alto":82.6,"n_hexagonos":1,"area_ha":61.55}},{"type":"Feature","geometry":{"type":"Polygon","coordinates":[[[-70.640504,-34.98801],[-70.64114,-34.983865],[-70.64622,-34.982591],[-70.650663,-34.985462],[-70.650027,-34.989607],[-70.644947,-34.990881],[-70.644311,-34.995026],[-70.639232,-34.996299],[-70.634789,-34.993428],[-70.635425,-34.989283],[-70.640504,-34.98801]]]},"properties":{"comuna":"Romeral","mancha_id":"07306-88b2ced633fffff","clase":"Medio","nivel_medio":2.096,"nivel_medio_min":1.855,"nivel_medio_max":2.337,"pct_alto":63.5,"n_hexagonos":2,"area_ha":123.02}},{"type":"Feature","geometry":{"type":"Polygon","coordinates":[[[-70.661458,-34.978767],[-70.662094,-34.974621],[-70.667174,-34.973345],[-70.671618,-34.976216],[-70.670982,-34.980363],[-70.665902,-34.981638],[-70.665266,-34.985784],[-70.660186,-34.987058],[-70.655742,-34.984187],[-70.656378,-34.980042],[-70.661458,-34.978767]]]},"properties":{"comuna":"Romeral","mancha_id":"07306-88b2ced623fffff","clase":"Medio","nivel_medio":1.9,"nivel_medio_min":1.697,"nivel_medio_max":2.103,"pct_alto":50.3,"n_hexagonos":2,"area_ha":123.08}},{"type":"Feature","geometry":{"type":"Polygon","coordinates":[[[-70.661443,-35.04252],[-70.662079,-35.038379],[-70.66716,-35.037106],[-70.671605,-35.039975],[-70.67097,-35.044117],[-70.665888,-35.045389],[-70.661443,-35.04252]]]},"properties":{"comuna":"Romeral","mancha_id":"07306-88b2ced4e5fffff","clase":"Medio","nivel_medio":2.424,"nivel_medio_min":2.424,"nivel_medio_max":2.424,"pct_alto":42.1,"n_hexagonos":1,"area_ha":61.45}},{"type":"Feature","geometry":{"type":"Polygon","coordinates":[[[-70.644292,-35.058758],[-70.644928,-35.054618],[-70.650009,-35.053347],[-70.654454,-35.056216],[-70.653818,-35.060356],[-70.648736,-35.061627],[-70.644292,-35.058758]]]},"properties":{"comuna":"Romeral","mancha_id":"07306-88b2ced4abfffff","clase":"Medio","nivel_medio":1.73,"nivel_medio_min":1.73,"nivel_medio_max":1.73,"pct_alto":42.3,"n_hexagonos":1,"area_ha":61.42}},{"type":"Feature","geometry":{"type":"Polygon","coordinates":[[[-70.663344,-35.061953],[-70.66398,-35.057812],[-70.669062,-35.05654],[-70.669698,-35.052399],[-70.674779,-35.051127],[-70.679225,-35.053995],[-70.684307,-35.052722],[-70.688753,-35.05559],[-70.688117,-35.059731],[-70.692564,-35.062599],[-70.697647,-35.061326],[-70.702094,-35.064193],[-70.701458,-35.068334],[-70.696375,-35.069607],[-70.691928,-35.06674],[-70.686846,-35.068013],[-70.682399,-35.065145],[-70.677317,-35.066417],[-70.672871,-35.063549],[-70.66779,-35.064821],[-70.663344,-35.061953]]]},"properties":{"comuna":"Romeral","mancha_id":"07306-88b2ced4a5fffff","clase":"Medio","nivel_medio":1.965,"nivel_medio_min":1.725,"nivel_medio_max":2.479,"pct_alto":21.3,"n_hexagonos":6,"area_ha":368.59}},{"type":"Feature","geometry":{"type":"Polygon","coordinates":[[[-70.621436,-35.048551],[-70.622072,-35.04441],[-70.627152,-35.04314],[-70.631596,-35.04601],[-70.630959,-35.05015],[-70.625879,-35.051421],[-70.621436,-35.048551]]]},"properties":{"comuna":"Romeral","mancha_id":"07306-88b2ced48bfffff","clase":"Medio","nivel_medio":2.466,"nivel_medio_min":2.466,"nivel_medio_max":2.466,"pct_alto":34.2,"n_hexagonos":1,"area_ha":61.42}},{"type":"Feature","geometry":{"type":"Polygon","coordinates":[[[-70.642403,-35.007458],[-70.643039,-35.003314],[-70.648119,-35.002041],[-70.652562,-35.004911],[-70.651926,-35.009055],[-70.646846,-35.010328],[-70.642403,-35.007458]]]},"properties":{"comuna":"Romeral","mancha_id":"07306-88b2ced453fffff","clase":"Medio","nivel_medio":1.605,"nivel_medio_min":1.605,"nivel_medio_max":1.605,"pct_alto":53.5,"n_hexagonos":1,"area_ha":61.49}},{"type":"Feature","geometry":{"type":"Polygon","coordinates":[[[-70.653826,-35.028498],[-70.654462,-35.024355],[-70.659543,-35.023082],[-70.663987,-35.025952],[-70.663351,-35.030094],[-70.65827,-35.031367],[-70.657634,-35.035509],[-70.652554,-35.036782],[-70.648109,-35.033912],[-70.648746,-35.02977],[-70.653826,-35.028498]]]},"properties":{"comuna":"Romeral","mancha_id":"07306-88b2ced417fffff","clase":"Medio","nivel_medio":1.694,"nivel_medio_min":1.592,"nivel_medio_max":1.797,"pct_alto":54.7,"n_hexagonos":2,"area_ha":122.92}},{"type":"Feature","geometry":{"type":"Polygon","coordinates":[[[-70.665259,-35.017665],[-70.665895,-35.013522],[-70.670976,-35.012248],[-70.675421,-35.015118],[-70.674785,-35.019261],[-70.669704,-35.020535],[-70.665259,-35.017665]]]},"properties":{"comuna":"Romeral","mancha_id":"07306-88b2ced403fffff","clase":"Medio","nivel_medio":2.412,"nivel_medio_min":2.412,"nivel_medio_max":2.412,"pct_alto":74.5,"n_hexagonos":1,"area_ha":61.49}},{"type":"Feature","geometry":{"type":"Polygon","coordinates":[[[-70.805033,-34.998485],[-70.800582,-34.995618],[-70.801065,-34.992463],[-70.801154,-34.992514],[-70.803072,-34.993966],[-70.804408,-34.995361],[-70.805802,-34.996058],[-70.808185,-34.996523],[-70.809285,-34.997413],[-70.805033,-34.998485]]]},"properties":{"comuna":"Romeral","mancha_id":"07306-88b2ced0a1fffff","clase":"Medio","nivel_medio":2.447,"nivel_medio_min":2.447,"nivel_medio_max":2.447,"pct_alto":31.9,"n_hexagonos":1,"area_ha":20.21}},{"type":"Feature","geometry":{"type":"Polygon","coordinates":[[[-70.892193,-35.068212],[-70.892826,-35.064068],[-70.897915,-35.062785],[-70.90237,-35.065648],[-70.901737,-35.069792],[-70.896648,-35.071075],[-70.892193,-35.068212]]]},"properties":{"comuna":"Romeral","mancha_id":"07306-88b2cec149fffff","clase":"Medio","nivel_medio":1.767,"nivel_medio_min":1.767,"nivel_medio_max":1.767,"pct_alto":18.6,"n_hexagonos":1,"area_ha":61.57}},{"type":"Feature","geometry":{"type":"Polygon","coordinates":[[[-70.915133,-35.11024],[-70.915766,-35.106098],[-70.920147,-35.104994],[-70.918984,-35.105849],[-70.915978,-35.108432],[-70.915288,-35.110322],[-70.915283,-35.110336],[-70.915133,-35.11024]]]},"properties":{"comuna":"Romeral","mancha_id":"07306-88b2cec123fffff","clase":"Medio","nivel_medio":1.825,"nivel_medio_min":1.825,"nivel_medio_max":1.825,"pct_alto":31.8,"n_hexagonos":1,"area_ha":6.44}},{"type":"Feature","geometry":{"type":"Polygon","coordinates":[[[-70.831136,-35.083578],[-70.83177,-35.079436],[-70.836858,-35.078157],[-70.841311,-35.08102],[-70.840677,-35.085162],[-70.83559,-35.086441],[-70.834956,-35.090583],[-70.839409,-35.093446],[-70.844497,-35.092167],[-70.845131,-35.088025],[-70.850219,-35.086746],[-70.854673,-35.089609],[-70.859761,-35.088329],[-70.864216,-35.091191],[-70.869304,-35.089911],[-70.869938,-35.085769],[-70.875026,-35.084488],[-70.879482,-35.08735],[-70.88457,-35.086069],[-70.885204,-35.081926],[-70.880748,-35.079064],[-70.87566,-35.080345],[-70.871205,-35.077482],[-70.866117,-35.078763],[-70.861662,-35.0759],[-70.862296,-35.071757],[-70.867384,-35.070476],[-70.871838,-35.073339],[-70.876927,-35.072058],[-70.881382,-35.07492],[-70.88647,-35.073639],[-70.890926,-35.076501],[-70.890293,-35.080644],[-70.894749,-35.083506],[-70.894115,-35.08765],[-70.898572,-35.090511],[-70.897938,-35.094654],[-70.892849,-35.095935],[-70.892216,-35.100078],[-70.896672,-35.102939],[-70.896039,-35.107081],[-70.900495,-35.109942],[-70.899862,-35.114083],[-70.904319,-35.116944],[-70.904184,-35.117823],[-70.904064,-35.117859],[-70.902971,-35.118086],[-70.902171,-35.118152],[-70.900978,-35.118032],[-70.898908,-35.118342],[-70.897228,-35.118772],[-70.894458,-35.11971],[-70.893628,-35.119992],[-70.89215,-35.120005],[-70.890378,-35.120022],[-70.888795,-35.120622],[-70.885818,-35.121752],[-70.884845,-35.122453],[-70.884241,-35.122701],[-70.88341,-35.122804],[-70.880748,-35.122522],[-70.879837,-35.122565],[-70.878972,-35.122673],[-70.878838,-35.12269],[-70.878005,-35.123085],[-70.877213,-35.123585],[-70.876148,-35.124022],[-70.876123,-35.124035],[-70.87378,-35.124624],[-70.873457,-35.126737],[-70.872778,-35.127402],[-70.869108,-35.128702],[-70.866998,-35.129342],[-70.866966,-35.129342],[-70.865988,-35.129354],[-70.865301,-35.129604],[-70.864328,-35.130362],[-70.862078,-35.132102],[-70.859868,-35.132362],[-70.858127,-35.132759],[-70.857878,-35.132599],[-70.852789,-35.133877],[-70.848334,-35.131016],[-70.843246,-35.132293],[-70.838791,-35.129432],[-70.839425,-35.125292],[-70.844514,-35.124015],[-70.845148,-35.119875],[-70.840693,-35.117013],[-70.841327,-35.112873],[-70.846416,-35.111594],[-70.847049,-35.107454],[-70.852138,-35.106175],[-70.852772,-35.102034],[-70.85786,-35.100755],[-70.858494,-35.096613],[-70.854039,-35.093751],[-70.848951,-35.09503],[-70.848317,-35.099172],[-70.843229,-35.10045],[-70.838775,-35.097588],[-70.833688,-35.098866],[-70.829234,-35.096003],[-70.829868,-35.091862],[-70.825415,-35.088998],[-70.826049,-35.084857],[-70.831136,-35.083578]],[[-70.873126,-35.096916],[-70.868037,-35.098196],[-70.867403,-35.102337],[-70.871859,-35.105199],[-70.876948,-35.103919],[-70.877581,-35.099777],[-70.873126,-35.096916]]]},"properties":{"comuna":"Romeral","mancha_id":"07306-88b2cec001fffff","clase":"Medio","nivel_medio":1.846,"nivel_medio_min":1.508,"nivel_medio_max":2.459,"pct_alto":22.9,"n_hexagonos":42,"area_ha":2422.05}},{"type":"Feature","geometry":{"type":"Polygon","coordinates":[[[-70.434813,-35.118896],[-70.435452,-35.114764],[-70.440527,-35.113505],[-70.444964,-35.116377],[-70.444325,-35.120509],[-70.439249,-35.121769],[-70.434813,-35.118896]]]},"properties":{"comuna":"Romeral","mancha_id":"07306-88b2ce8f23fffff","clase":"Medio","nivel_medio":1.631,"nivel_medio_min":1.631,"nivel_medio_max":1.631,"pct_alto":0.0,"n_hexagonos":1,"area_ha":61.19}},{"type":"Feature","geometry":{"type":"Polygon","coordinates":[[[-70.387221,-35.142604],[-70.38786,-35.138475],[-70.392935,-35.137219],[-70.39737,-35.140092],[-70.39673,-35.144221],[-70.391655,-35.145477],[-70.387221,-35.142604]]]},"properties":{"comuna":"Romeral","mancha_id":"07306-88b2ce8c05fffff","clase":"Medio","nivel_medio":1.592,"nivel_medio_min":1.592,"nivel_medio_max":1.592,"pct_alto":11.9,"n_hexagonos":1,"area_ha":61.12}},{"type":"Feature","geometry":{"type":"Polygon","coordinates":[[[-70.541473,-35.02872],[-70.542111,-35.02458],[-70.537671,-35.021707],[-70.538309,-35.017567],[-70.543386,-35.016299],[-70.547825,-35.019172],[-70.547188,-35.023312],[-70.551627,-35.026185],[-70.55099,-35.030325],[-70.55543,-35.033197],[-70.554793,-35.037337],[-70.549715,-35.038605],[-70.545275,-35.035733],[-70.545913,-35.031593],[-70.541473,-35.02872]]]},"properties":{"comuna":"Romeral","mancha_id":"07306-88b2ce8b51fffff","clase":"Medio","nivel_medio":1.651,"nivel_medio_min":1.602,"nivel_medio_max":1.682,"pct_alto":1.2,"n_hexagonos":3,"area_ha":184.17}},{"type":"Feature","geometry":{"type":"Polygon","coordinates":[[[-70.59287,-35.043749],[-70.593507,-35.039609],[-70.598585,-35.038339],[-70.599222,-35.034199],[-70.604301,-35.032928],[-70.608744,-35.035799],[-70.613823,-35.034529],[-70.61446,-35.030387],[-70.619539,-35.029117],[-70.623982,-35.031987],[-70.629062,-35.030716],[-70.633505,-35.033586],[-70.632869,-35.037727],[-70.627789,-35.038999],[-70.623345,-35.036128],[-70.618266,-35.037399],[-70.617629,-35.04154],[-70.61255,-35.042811],[-70.608107,-35.03994],[-70.603028,-35.04121],[-70.602391,-35.04535],[-70.597312,-35.04662],[-70.59287,-35.043749]]]},"properties":{"comuna":"Romeral","mancha_id":"07306-88b2ce8b2dfffff","clase":"Medio","nivel_medio":2.101,"nivel_medio_min":1.594,"nivel_medio_max":2.413,"pct_alto":61.2,"n_hexagonos":5,"area_ha":307.1}},{"type":"Feature","geometry":{"type":"Polygon","coordinates":[[[-70.573829,-35.040545],[-70.574467,-35.036404],[-70.579545,-35.035136],[-70.580182,-35.030995],[-70.58526,-35.029726],[-70.585897,-35.025585],[-70.590976,-35.024315],[-70.591612,-35.020173],[-70.587171,-35.017302],[-70.582093,-35.018571],[-70.577652,-35.015699],[-70.578289,-35.011558],[-70.583367,-35.010288],[-70.584004,-35.006145],[-70.589082,-35.004875],[-70.589719,-35.000732],[-70.585278,-34.99786],[-70.5802,-34.99913],[-70.57576,-34.996257],[-70.576397,-34.992114],[-70.581474,-34.990844],[-70.582111,-34.9867],[-70.577671,-34.983827],[-70.578308,-34.979683],[-70.583385,-34.978412],[-70.587825,-34.981285],[-70.592903,-34.980013],[-70.597344,-34.982886],[-70.596707,-34.98703],[-70.591629,-34.988301],[-70.590992,-34.992445],[-70.595433,-34.995318],[-70.594797,-34.999461],[-70.599238,-35.002333],[-70.598601,-35.006476],[-70.593523,-35.007747],[-70.592886,-35.011889],[-70.597328,-35.014761],[-70.596691,-35.018903],[-70.601133,-35.021774],[-70.600496,-35.025916],[-70.595417,-35.027186],[-70.59478,-35.031327],[-70.589702,-35.032597],[-70.589065,-35.036738],[-70.583986,-35.038007],[-70.583349,-35.042147],[-70.578271,-35.043416],[-70.573829,-35.040545]]]},"properties":{"comuna":"Romeral","mancha_id":"07306-88b2ce8b05fffff","clase":"Medio","nivel_medio":2.12,"nivel_medio_min":1.653,"nivel_medio_max":2.401,"pct_alto":66.3,"n_hexagonos":13,"area_ha":798.8}},{"type":"Feature","geometry":{"type":"Polygon","coordinates":[[[-70.509128,-35.016888],[-70.509766,-35.012748],[-70.514841,-35.011481],[-70.519279,-35.014355],[-70.518641,-35.018495],[-70.513566,-35.019762],[-70.509128,-35.016888]]]},"properties":{"comuna":"Romeral","mancha_id":"07306-88b2ce8a6bfffff","clase":"Medio","nivel_medio":1.663,"nivel_medio_min":1.663,"nivel_medio_max":1.663,"pct_alto":3.7,"n_hexagonos":1,"area_ha":61.39}},{"type":"Feature","geometry":{"type":"Polygon","coordinates":[[[-70.594764,-35.063178],[-70.595401,-35.059039],[-70.60048,-35.05777],[-70.601117,-35.05363],[-70.606197,-35.052361],[-70.610639,-35.055231],[-70.615719,-35.053961],[-70.620163,-35.056831],[-70.625243,-35.055561],[-70.629686,-35.05843],[-70.634767,-35.05716],[-70.639211,-35.060029],[-70.638575,-35.064169],[-70.633494,-35.065439],[-70.62905,-35.06257],[-70.623969,-35.06384],[-70.619526,-35.060971],[-70.614446,-35.06224],[-70.610003,-35.05937],[-70.604923,-35.06064],[-70.604286,-35.064779],[-70.599207,-35.066048],[-70.594764,-35.063178]]]},"properties":{"comuna":"Romeral","mancha_id":"07306-88b2ce894dfffff","clase":"Medio","nivel_medio":1.993,"nivel_medio_min":1.579,"nivel_medio_max":2.432,"pct_alto":32.5,"n_hexagonos":5,"area_ha":306.95}},{"type":"Feature","geometry":{"type":"Polygon","coordinates":[[[-70.502081,-35.094236],[-70.497642,-35.091364],[-70.492566,-35.092627],[-70.488127,-35.089755],[-70.483051,-35.091018],[-70.478613,-35.088145],[-70.479252,-35.08401],[-70.474814,-35.081138],[-70.469738,-35.0824],[-70.465301,-35.079527],[-70.46594,-35.075392],[-70.471015,-35.074129],[-70.475453,-35.077002],[-70.480528,-35.07574],[-70.484966,-35.078612],[-70.484328,-35.082748],[-70.488766,-35.08562],[-70.493842,-35.084357],[-70.49448,-35.080222],[-70.490042,-35.077349],[-70.490681,-35.073214],[-70.495757,-35.07195],[-70.496395,-35.067814],[-70.491957,-35.064941],[-70.486881,-35.066205],[-70.482444,-35.063332],[-70.477368,-35.064595],[-70.472931,-35.061721],[-70.473569,-35.057585],[-70.478645,-35.056322],[-70.479283,-35.052184],[-70.484359,-35.050921],[-70.488796,-35.053794],[-70.493872,-35.05253],[-70.49451,-35.048392],[-70.490072,-35.045519],[-70.490711,-35.041381],[-70.486273,-35.038507],[-70.486912,-35.034369],[-70.482475,-35.031495],[-70.483113,-35.027356],[-70.488188,-35.026091],[-70.492625,-35.028965],[-70.497701,-35.027699],[-70.502138,-35.030573],[-70.5015,-35.034712],[-70.505938,-35.037586],[-70.511014,-35.03632],[-70.515452,-35.039193],[-70.514814,-35.043332],[-70.519253,-35.046205],[-70.52433,-35.044939],[-70.528769,-35.047811],[-70.533846,-35.046545],[-70.534483,-35.042406],[-70.53956,-35.041139],[-70.544,-35.044012],[-70.549078,-35.042744],[-70.553518,-35.045616],[-70.558595,-35.044349],[-70.563036,-35.04722],[-70.568114,-35.045953],[-70.572555,-35.048824],[-70.577634,-35.047556],[-70.582075,-35.050427],[-70.581438,-35.054566],[-70.576359,-35.055834],[-70.575722,-35.059973],[-70.570643,-35.061241],[-70.566202,-35.05837],[-70.561124,-35.059637],[-70.556683,-35.056766],[-70.551605,-35.058033],[-70.550968,-35.062171],[-70.54589,-35.063437],[-70.545252,-35.067575],[-70.549693,-35.070446],[-70.549055,-35.074583],[-70.543977,-35.075849],[-70.539537,-35.072978],[-70.540175,-35.068841],[-70.535735,-35.065969],[-70.536372,-35.061832],[-70.54145,-35.060566],[-70.542087,-35.056427],[-70.537648,-35.053556],[-70.53257,-35.054822],[-70.531933,-35.05896],[-70.526855,-35.060225],[-70.522416,-35.057353],[-70.517339,-35.058619],[-70.516701,-35.062756],[-70.511625,-35.064021],[-70.510987,-35.068158],[-70.515426,-35.07103],[-70.514788,-35.075166],[-70.509711,-35.076431],[-70.509073,-35.080567],[-70.503996,-35.08183],[-70.503358,-35.085966],[-70.507796,-35.088838],[-70.507158,-35.092973],[-70.502081,-35.094236]]]},"properties":{"comuna":"Romeral","mancha_id":"07306-88b2ce8813fffff","clase":"Medio","nivel_medio":1.804,"nivel_medio_min":1.505,"nivel_medio_max":2.255,"pct_alto":13.3,"n_hexagonos":44,"area_ha":2698.24}},{"type":"Feature","geometry":{"type":"Polygon","coordinates":[[[-70.442517,-35.037465],[-70.443156,-35.033328],[-70.438721,-35.030452],[-70.43936,-35.026314],[-70.444433,-35.025051],[-70.448868,-35.027927],[-70.44823,-35.032065],[-70.452665,-35.03494],[-70.452027,-35.039077],[-70.456462,-35.041952],[-70.461537,-35.040689],[-70.465973,-35.043563],[-70.465334,-35.0477],[-70.46026,-35.048963],[-70.455824,-35.046089],[-70.450749,-35.047352],[-70.446314,-35.044477],[-70.446952,-35.04034],[-70.442517,-35.037465]]]},"properties":{"comuna":"Romeral","mancha_id":"07306-88b2ce8135fffff","clase":"Medio","nivel_medio":1.697,"nivel_medio_min":1.554,"nivel_medio_max":1.774,"pct_alto":0.1,"n_hexagonos":4,"area_ha":245.24}},{"type":"Feature","geometry":{"type":"Polygon","coordinates":[[[-70.509017,-35.14418],[-70.509656,-35.140048],[-70.505216,-35.137178],[-70.500138,-35.138439],[-70.495698,-35.135569],[-70.490621,-35.13683],[-70.489982,-35.140961],[-70.494421,-35.143832],[-70.493783,-35.147963],[-70.488705,-35.149223],[-70.488067,-35.153354],[-70.482989,-35.154614],[-70.48235,-35.158744],[-70.48679,-35.161614],[-70.486151,-35.165743],[-70.481073,-35.167003],[-70.476634,-35.164133],[-70.477273,-35.160003],[-70.472834,-35.157133],[-70.467756,-35.158392],[-70.467118,-35.162521],[-70.46204,-35.16378],[-70.457602,-35.160909],[-70.458241,-35.15678],[-70.453803,-35.153909],[-70.448726,-35.155167],[-70.448087,-35.159296],[-70.443011,-35.160554],[-70.442372,-35.164683],[-70.437295,-35.16594],[-70.432858,-35.163069],[-70.427782,-35.164326],[-70.423345,-35.161455],[-70.418269,-35.162711],[-70.413833,-35.159839],[-70.414472,-35.155711],[-70.419548,-35.154454],[-70.423984,-35.157326],[-70.42906,-35.156069],[-70.4297,-35.15194],[-70.434776,-35.150682],[-70.435415,-35.146553],[-70.440491,-35.145294],[-70.444928,-35.148166],[-70.450004,-35.146908],[-70.454442,-35.149779],[-70.459519,-35.14852],[-70.463957,-35.151391],[-70.469034,-35.150132],[-70.469673,-35.146002],[-70.465234,-35.143131],[-70.460158,-35.14439],[-70.45572,-35.141518],[-70.456359,-35.137388],[-70.461435,-35.136128],[-70.465873,-35.139],[-70.47095,-35.13774],[-70.471589,-35.133609],[-70.476666,-35.132348],[-70.481104,-35.13522],[-70.486182,-35.133959],[-70.48682,-35.129827],[-70.482381,-35.126956],[-70.477304,-35.128217],[-70.472866,-35.125345],[-70.473505,-35.121213],[-70.478582,-35.119952],[-70.47922,-35.11582],[-70.484297,-35.114558],[-70.484935,-35.110425],[-70.490012,-35.109163],[-70.494451,-35.112035],[-70.493813,-35.116168],[-70.498252,-35.119039],[-70.503329,-35.117777],[-70.507769,-35.120648],[-70.512847,-35.119386],[-70.517286,-35.122256],[-70.516648,-35.126389],[-70.51157,-35.127651],[-70.50713,-35.124781],[-70.502053,-35.126043],[-70.501414,-35.130175],[-70.505854,-35.133046],[-70.510932,-35.131784],[-70.515372,-35.134654],[-70.520451,-35.133392],[-70.524891,-35.136262],[-70.524253,-35.140394],[-70.519174,-35.141656],[-70.518536,-35.145788],[-70.513458,-35.147049],[-70.509017,-35.14418]]]},"properties":{"comuna":"Romeral","mancha_id":"07306-88b2ce1241fffff","clase":"Medio","nivel_medio":1.958,"nivel_medio_min":1.525,"nivel_medio_max":2.477,"pct_alto":44.1,"n_hexagonos":33,"area_ha":2018.74}},{"type":"Feature","geometry":{"type":"Polygon","coordinates":[[[-70.499471,-35.174352],[-70.500109,-35.170223],[-70.505188,-35.168963],[-70.509628,-35.171832],[-70.50899,-35.175961],[-70.503911,-35.177221],[-70.499471,-35.174352]]]},"properties":{"comuna":"Romeral","mancha_id":"07306-88b2ce1215fffff","clase":"Medio","nivel_medio":1.606,"nivel_medio_min":1.606,"nivel_medio_max":1.606,"pct_alto":25.3,"n_hexagonos":1,"area_ha":61.15}},{"type":"Feature","geometry":{"type":"Polygon","coordinates":[[[-70.611843,-35.206007],[-70.61248,-35.201877],[-70.617563,-35.200613],[-70.6182,-35.196483],[-70.623283,-35.195219],[-70.627729,-35.198084],[-70.627092,-35.202214],[-70.622009,-35.203478],[-70.621372,-35.207608],[-70.616289,-35.208872],[-70.611843,-35.206007]]]},"properties":{"comuna":"Romeral","mancha_id":"07306-88b2ce1145fffff","clase":"Medio","nivel_medio":1.928,"nivel_medio_min":1.633,"nivel_medio_max":2.222,"pct_alto":34.3,"n_hexagonos":2,"area_ha":122.36}},{"type":"Feature","geometry":{"type":"Polygon","coordinates":[[[-70.518966,-35.206218],[-70.519122,-35.205208],[-70.522502,-35.20437],[-70.522432,-35.204418],[-70.522085,-35.204656],[-70.521721,-35.204904],[-70.521342,-35.205199],[-70.520919,-35.205418],[-70.520568,-35.205631],[-70.520035,-35.205879],[-70.519464,-35.206069],[-70.519007,-35.206202],[-70.518966,-35.206218]]]},"properties":{"comuna":"Romeral","mancha_id":"07306-88b2ce1057fffff","clase":"Medio","nivel_medio":1.759,"nivel_medio_min":1.759,"nivel_medio_max":1.759,"pct_alto":0.0,"n_hexagonos":1,"area_ha":2.2}},{"type":"Feature","geometry":{"type":"Polygon","coordinates":[[[-71.044301,-34.941928],[-71.043524,-34.942126],[-71.043403,-34.942048],[-71.044,-34.942],[-71.044301,-34.941928]]]},"properties":{"comuna":"Romeral","mancha_id":"07306-88b2c3aed7fffff","clase":"Medio","nivel_medio":2.0,"nivel_medio_min":2.0,"nivel_medio_max":2.0,"pct_alto":0.0,"n_hexagonos":1,"area_ha":0.03}},{"type":"Feature","geometry":{"type":"Polygon","coordinates":[[[-71.069676,-34.931058],[-71.06961,-34.931494],[-71.067911,-34.931927],[-71.069676,-34.931058]]]},"properties":{"comuna":"Romeral","mancha_id":"07306-88b2c3aec7fffff","clase":"Medio","nivel_medio":1.67,"nivel_medio_min":1.67,"nivel_medio_max":1.67,"pct_alto":0.0,"n_hexagonos":1,"area_ha":0.36}},{"type":"Feature","geometry":{"type":"Polygon","coordinates":[[[-71.075437,-34.925347],[-71.075332,-34.926041],[-71.074638,-34.926217],[-71.07492,-34.92586],[-71.075437,-34.925347]]]},"properties":{"comuna":"Romeral","mancha_id":"07306-88b2c3aec5fffff","clase":"Medio","nivel_medio":1.999,"nivel_medio_min":1.999,"nivel_medio_max":1.999,"pct_alto":0.0,"n_hexagonos":1,"area_ha":0.25}},{"type":"Feature","geometry":{"type":"Polygon","coordinates":[[[-71.096329,-34.916695],[-71.091237,-34.917992],[-71.087524,-34.915611],[-71.08865,-34.91489],[-71.08929,-34.91439],[-71.0928,-34.91299],[-71.09603,-34.91198],[-71.096086,-34.911976],[-71.096959,-34.912536],[-71.096329,-34.916695]]]},"properties":{"comuna":"Romeral","mancha_id":"07306-88b2c3ae15fffff","clase":"Medio","nivel_medio":1.508,"nivel_medio_min":1.508,"nivel_medio_max":1.508,"pct_alto":0.3,"n_hexagonos":1,"area_ha":34.08}},{"type":"Feature","geometry":{"type":"Polygon","coordinates":[[[-71.116069,-34.907664],[-71.112235,-34.908641],[-71.111364,-34.908083],[-71.11231,-34.90767],[-71.11336,-34.90734],[-71.11547,-34.90762],[-71.116069,-34.907664]]]},"properties":{"comuna":"Romeral","mancha_id":"07306-88b2c3ae05fffff","clase":"Medio","nivel_medio":2.0,"nivel_medio_min":2.0,"nivel_medio_max":2.0,"pct_alto":0.0,"n_hexagonos":1,"area_ha":2.89}},{"type":"Feature","geometry":{"type":"Polygon","coordinates":[[[-71.180485,-34.943016],[-71.180734,-34.9434],[-71.180776,-34.943465],[-71.180841,-34.943571],[-71.180975,-34.943791],[-71.183544,-34.948008],[-71.183593,-34.948089],[-71.184172,-34.948968],[-71.184424,-34.94936],[-71.184291,-34.950238],[-71.179196,-34.951538],[-71.17473,-34.94868],[-71.175359,-34.944521],[-71.170894,-34.941663],[-71.171523,-34.937504],[-71.175862,-34.936396],[-71.176134,-34.936775],[-71.176149,-34.936795],[-71.1769,-34.937836],[-71.178018,-34.939379],[-71.178029,-34.939394],[-71.178587,-34.940194],[-71.178637,-34.940265],[-71.179126,-34.941073],[-71.179592,-34.941705],[-71.179954,-34.942196],[-71.180485,-34.943016]]]},"properties":{"comuna":"Romeral","mancha_id":"07306-88b2c3ad4bfffff","clase":"Medio","nivel_medio":1.654,"nivel_medio_min":1.577,"nivel_medio_max":2.12,"pct_alto":39.3,"n_hexagonos":3,"area_ha":103.58}},{"type":"Feature","geometry":{"type":"Polygon","coordinates":[[[-71.209205,-34.979855],[-71.213673,-34.982712],[-71.213574,-34.983363],[-71.213119,-34.983486],[-71.21273,-34.98359],[-71.212108,-34.983884],[-71.21026,-34.98476],[-71.21003,-34.98496],[-71.209568,-34.985599],[-71.209275,-34.98613],[-71.209081,-34.986452],[-71.208891,-34.986832],[-71.208624,-34.98728],[-71.208293,-34.987639],[-71.208116,-34.987342],[-71.208036,-34.987163],[-71.208014,-34.987097],[-71.207961,-34.986931],[-71.207945,-34.986781],[-71.207913,-34.986653],[-71.207897,-34.986509],[-71.207911,-34.986414],[-71.207928,-34.986282],[-71.207955,-34.986031],[-71.208044,-34.985689],[-71.208089,-34.985501],[-71.208102,-34.985372],[-71.20816,-34.985259],[-71.20821,-34.985134],[-71.208249,-34.985022],[-71.208304,-34.984847],[-71.208318,-34.984647],[-71.208307,-34.984511],[-71.208304,-34.984396],[-71.208288,-34.984291],[-71.208249,-34.984137],[-71.208213,-34.984045],[-71.208145,-34.983865],[-71.208085,-34.983727],[-71.208061,-34.983607],[-71.208017,-34.983361],[-71.207955,-34.983131],[-71.207894,-34.982987],[-71.207853,-34.98289],[-71.20782,-34.982784],[-71.207798,-34.982637],[-71.20779,-34.982521],[-71.207768,-34.982429],[-71.207737,-34.982355],[-71.20766,-34.982212],[-71.207624,-34.982157],[-71.207568,-34.982075],[-71.207493,-34.981976],[-71.207443,-34.981908],[-71.207349,-34.981785],[-71.207298,-34.981679],[-71.207255,-34.981585],[-71.207233,-34.981464],[-71.207185,-34.981337],[-71.207052,-34.981093],[-71.206924,-34.98088],[-71.206825,-34.98075],[-71.206753,-34.980676],[-71.206669,-34.980588],[-71.20661,-34.980517],[-71.209205,-34.979855]]]},"properties":{"comuna":"Romeral","mancha_id":"07306-88b2c3ad35fffff","clase":"Medio","nivel_medio":1.959,"nivel_medio_min":1.959,"nivel_medio_max":1.959,"pct_alto":15.7,"n_hexagonos":1,"area_ha":23.85}},{"type":"Feature","geometry":{"type":"Polygon","coordinates":[[[-71.183032,-34.958554],[-71.188128,-34.957254],[-71.19067,-34.958881],[-71.190881,-34.959217],[-71.191343,-34.959955],[-71.191451,-34.960127],[-71.191461,-34.960144],[-71.19237,-34.961593],[-71.191965,-34.96427],[-71.186869,-34.96557],[-71.182403,-34.962712],[-71.183032,-34.958554]]]},"properties":{"comuna":"Romeral","mancha_id":"07306-88b2c3ad0bfffff","clase":"Medio","nivel_medio":1.64,"nivel_medio_min":1.64,"nivel_medio_max":1.64,"pct_alto":23.4,"n_hexagonos":1,"area_ha":60.33}},{"type":"Feature","geometry":{"type":"Polygon","coordinates":[[[-71.123103,-34.93386],[-71.123733,-34.929702],[-71.128826,-34.928403],[-71.13329,-34.931264],[-71.138383,-34.929965],[-71.139013,-34.925806],[-71.134549,-34.922945],[-71.135179,-34.918786],[-71.130716,-34.915925],[-71.131346,-34.911766],[-71.136438,-34.910466],[-71.136696,-34.908761],[-71.137947,-34.908921],[-71.14416,-34.910312],[-71.146311,-34.909942],[-71.15021,-34.90927],[-71.15237,-34.90847],[-71.153581,-34.90776],[-71.156182,-34.909426],[-71.160117,-34.908421],[-71.160156,-34.908649],[-71.160233,-34.9091],[-71.160313,-34.909568],[-71.160325,-34.90964],[-71.160344,-34.909752],[-71.160375,-34.909931],[-71.160577,-34.910938],[-71.160623,-34.911169],[-71.160684,-34.911475],[-71.160746,-34.911784],[-71.160841,-34.912262],[-71.160911,-34.912623],[-71.160945,-34.9128],[-71.160993,-34.91305],[-71.161025,-34.913213],[-71.161111,-34.913658],[-71.161312,-34.914765],[-71.161343,-34.914851],[-71.161358,-34.914894],[-71.16137,-34.915116],[-71.161372,-34.915145],[-71.161431,-34.91552],[-71.161468,-34.915748],[-71.161536,-34.916059],[-71.160017,-34.916447],[-71.159387,-34.920607],[-71.163852,-34.923466],[-71.163222,-34.927626],[-71.158128,-34.928926],[-71.157499,-34.933085],[-71.152405,-34.934385],[-71.147941,-34.931525],[-71.142847,-34.932825],[-71.142217,-34.936983],[-71.146681,-34.939843],[-71.146052,-34.944001],[-71.140958,-34.9453],[-71.136494,-34.94244],[-71.1314,-34.943738],[-71.126937,-34.940879],[-71.121843,-34.942176],[-71.11738,-34.939316],[-71.112287,-34.940614],[-71.111657,-34.944771],[-71.11612,-34.947631],[-71.11549,-34.951788],[-71.110397,-34.953085],[-71.105934,-34.950225],[-71.100841,-34.951522],[-71.096379,-34.948661],[-71.097009,-34.944504],[-71.102102,-34.943208],[-71.102732,-34.93905],[-71.107825,-34.937753],[-71.108455,-34.933595],[-71.113548,-34.932298],[-71.11801,-34.935158],[-71.123103,-34.93386]],[[-71.140902,-34.913327],[-71.140272,-34.917487],[-71.144736,-34.920347],[-71.149829,-34.919047],[-71.150459,-34.914887],[-71.145995,-34.912027],[-71.140902,-34.913327]]]},"properties":{"comuna":"Romeral","mancha_id":"07306-88b2c3ac41fffff","clase":"Medio","nivel_medio":1.684,"nivel_medio_min":1.502,"nivel_medio_max":2.024,"pct_alto":9.9,"n_hexagonos":19,"area_ha":1097.84}},{"type":"Feature","geometry":{"type":"Polygon","coordinates":[[[-71.163281,-34.959594],[-71.167747,-34.962453],[-71.172842,-34.961154],[-71.177308,-34.964012],[-71.17703,-34.965844],[-71.176868,-34.965702],[-71.176729,-34.965496],[-71.176618,-34.965292],[-71.176578,-34.965047],[-71.176576,-34.964888],[-71.176588,-34.964773],[-71.17657,-34.964659],[-71.176516,-34.964569],[-71.176486,-34.964432],[-71.176481,-34.964322],[-71.176507,-34.964234],[-71.176561,-34.964094],[-71.176578,-34.963988],[-71.176559,-34.963917],[-71.17652,-34.963883],[-71.176465,-34.963852],[-71.17641,-34.963825],[-71.176328,-34.963803],[-71.176205,-34.963777],[-71.176064,-34.963745],[-71.175921,-34.963724],[-71.175768,-34.963702],[-71.175614,-34.963672],[-71.17551,-34.963625],[-71.175421,-34.963552],[-71.175348,-34.963486],[-71.175198,-34.963442],[-71.174921,-34.963415],[-71.174684,-34.963408],[-71.174499,-34.963402],[-71.174294,-34.963406],[-71.174018,-34.963426],[-71.173811,-34.963468],[-71.173498,-34.963538],[-71.173154,-34.963622],[-71.172758,-34.963662],[-71.172498,-34.963672],[-71.172338,-34.963622],[-71.172258,-34.963622],[-71.172118,-34.963642],[-71.171958,-34.963662],[-71.171798,-34.963642],[-71.171618,-34.963592],[-71.171448,-34.963542],[-71.171228,-34.963502],[-71.17095,-34.963485],[-71.170791,-34.963477],[-71.170673,-34.963513],[-71.170609,-34.963563],[-71.170528,-34.963605],[-71.170366,-34.963625],[-71.170204,-34.963656],[-71.170086,-34.963681],[-71.169938,-34.963682],[-71.169698,-34.963672],[-71.169398,-34.963652],[-71.169068,-34.963602],[-71.168758,-34.963552],[-71.168238,-34.963482],[-71.167838,-34.963412],[-71.167607,-34.963379],[-71.167374,-34.963345],[-71.166667,-34.963244],[-71.166216,-34.963171],[-71.166041,-34.963101],[-71.165968,-34.963032],[-71.165878,-34.962982],[-71.165798,-34.962962],[-71.165648,-34.962942],[-71.165412,-34.962935],[-71.165067,-34.962904],[-71.164658,-34.962862],[-71.164378,-34.962852],[-71.164108,-34.962822],[-71.163848,-34.962832],[-71.163488,-34.962872],[-71.163035,-34.962943],[-71.16269,-34.963],[-71.162328,-34.963002],[-71.161968,-34.962982],[-71.161766,-34.962912],[-71.161712,-34.962905],[-71.161638,-34.962916],[-71.161427,-34.962954],[-71.161193,-34.962995],[-71.160979,-34.963021],[-71.160671,-34.963063],[-71.160269,-34.963104],[-71.160068,-34.963112],[-71.159865,-34.963144],[-71.159318,-34.96322],[-71.159183,-34.963216],[-71.159023,-34.963202],[-71.158658,-34.963252],[-71.158485,-34.963265],[-71.15797,-34.963397],[-71.157801,-34.963441],[-71.158187,-34.960893],[-71.163281,-34.959594]]]},"properties":{"comuna":"Romeral","mancha_id":"07306-88b2c3ac25fffff","clase":"Medio","nivel_medio":1.682,"nivel_medio_min":1.644,"nivel_medio_max":1.743,"pct_alto":37.0,"n_hexagonos":2,"area_ha":39.19}},{"type":"Feature","geometry":{"type":"Polygon","coordinates":[[[-71.112538,-35.038184],[-71.112161,-35.038295],[-71.111944,-35.038358],[-71.110818,-35.038546],[-71.109755,-35.038609],[-71.108879,-35.038796],[-71.108254,-35.039297],[-71.108066,-35.039985],[-71.108211,-35.040528],[-71.108082,-35.041069],[-71.108195,-35.041501],[-71.108237,-35.041661],[-71.10852,-35.042109],[-71.108788,-35.042583],[-71.108994,-35.042892],[-71.109241,-35.043243],[-71.109509,-35.04351],[-71.109715,-35.044046],[-71.10953,-35.044788],[-71.109118,-35.045406],[-71.10852,-35.045839],[-71.10817,-35.046416],[-71.107938,-35.047112],[-71.107936,-35.047209],[-71.107898,-35.049262],[-71.107461,-35.050253],[-71.107214,-35.050731],[-71.106752,-35.051176],[-71.105398,-35.051992],[-71.104658,-35.052862],[-71.104318,-35.053592],[-71.1044,-35.054053],[-71.104418,-35.054152],[-71.104748,-35.054712],[-71.104761,-35.054764],[-71.104838,-35.055072],[-71.104758,-35.055942],[-71.104758,-35.056522],[-71.104938,-35.057382],[-71.105638,-35.058092],[-71.106208,-35.058891],[-71.105938,-35.05936],[-71.105806,-35.059506],[-71.105796,-35.059518],[-71.105153,-35.059765],[-71.104772,-35.059787],[-71.104329,-35.059748],[-71.103554,-35.059748],[-71.103076,-35.059798],[-71.102581,-35.059864],[-71.10179,-35.059781],[-71.101206,-35.059607],[-71.100679,-35.059368],[-71.100507,-35.05929],[-71.09998,-35.059013],[-71.099386,-35.058684],[-71.098463,-35.057853],[-71.097708,-35.057332],[-71.097001,-35.056912],[-71.096281,-35.056988],[-71.095794,-35.05689],[-71.094805,-35.056609],[-71.09469,-35.056564],[-71.093934,-35.056269],[-71.092912,-35.056344],[-71.092307,-35.056912],[-71.091986,-35.057583],[-71.09189,-35.057783],[-71.091588,-35.058502],[-71.09155,-35.059448],[-71.091512,-35.060243],[-71.091474,-35.061152],[-71.091436,-35.061795],[-71.091058,-35.062817],[-71.090993,-35.063684],[-71.090982,-35.063839],[-71.090641,-35.065164],[-71.089978,-35.066132],[-71.089198,-35.067362],[-71.088128,-35.068202],[-71.086958,-35.068642],[-71.085958,-35.068932],[-71.08516,-35.069054],[-71.083186,-35.067791],[-71.078092,-35.069082],[-71.073628,-35.066225],[-71.068534,-35.067515],[-71.068405,-35.068366],[-71.068388,-35.068342],[-71.067908,-35.067892],[-71.067148,-35.067662],[-71.066178,-35.067472],[-71.065458,-35.067492],[-71.062363,-35.067864],[-71.061079,-35.067961],[-71.060522,-35.068058],[-71.059941,-35.068251],[-71.059141,-35.068639],[-71.058532,-35.068872],[-71.058003,-35.069075],[-71.057518,-35.069148],[-71.056767,-35.069245],[-71.055938,-35.069142],[-71.055298,-35.067942],[-71.054918,-35.066402],[-71.054211,-35.065271],[-71.053705,-35.064157],[-71.053186,-35.063426],[-71.052388,-35.0623],[-71.051748,-35.061142],[-71.050868,-35.060882],[-71.050125,-35.060679],[-71.048382,-35.060374],[-71.047588,-35.060904],[-71.047124,-35.062228],[-71.046852,-35.062734],[-71.046661,-35.063088],[-71.045138,-35.063552],[-71.043178,-35.063712],[-71.040828,-35.063912],[-71.039686,-35.063987],[-71.035808,-35.064242],[-71.034478,-35.064472],[-71.033608,-35.065222],[-71.032726,-35.06561],[-71.031651,-35.066084],[-71.031101,-35.0663],[-71.031027,-35.066328],[-71.030428,-35.066403],[-71.02921,-35.066789],[-71.028668,-35.067115],[-71.028153,-35.067576],[-71.027746,-35.067874],[-71.026278,-35.068462],[-71.025007,-35.068823],[-71.024601,-35.069311],[-71.024144,-35.06958],[-71.023641,-35.069875],[-71.022722,-35.070296],[-71.021558,-35.07083],[-71.020613,-35.071316],[-71.020092,-35.071801],[-71.018862,-35.072112],[-71.014401,-35.069253],[-71.009308,-35.070541],[-71.004847,-35.067681],[-70.999755,-35.068969],[-70.999123,-35.073115],[-70.994031,-35.074402],[-70.993423,-35.078395],[-70.993166,-35.078329],[-70.992598,-35.078272],[-70.992109,-35.078556],[-70.991688,-35.078899],[-70.991465,-35.079037],[-70.991235,-35.079177],[-70.990048,-35.080122],[-70.988768,-35.081682],[-70.987885,-35.082601],[-70.987578,-35.082922],[-70.986979,-35.083537],[-70.98646,-35.083875],[-70.985532,-35.084036],[-70.984808,-35.084062],[-70.983316,-35.084089],[-70.981816,-35.084232],[-70.981197,-35.084377],[-70.979892,-35.084681],[-70.978744,-35.084732],[-70.976618,-35.084582],[-70.974743,-35.084554],[-70.974136,-35.084589],[-70.973243,-35.084589],[-70.972846,-35.084911],[-70.973032,-35.083691],[-70.968572,-35.080832],[-70.963481,-35.082117],[-70.962849,-35.086261],[-70.966214,-35.088419],[-70.965711,-35.088379],[-70.96408,-35.088274],[-70.96287,-35.088169],[-70.961088,-35.088102],[-70.959708,-35.090212],[-70.958295,-35.09124],[-70.95779,-35.091641],[-70.957531,-35.091951],[-70.957125,-35.09169],[-70.952034,-35.092974],[-70.951401,-35.097118],[-70.951417,-35.097129],[-70.951361,-35.097153],[-70.949042,-35.098081],[-70.948404,-35.098284],[-70.947873,-35.098693],[-70.947031,-35.099588],[-70.946031,-35.100693],[-70.945956,-35.100719],[-70.94631,-35.098402],[-70.941852,-35.095542],[-70.936761,-35.096825],[-70.936544,-35.098242],[-70.93598,-35.09843],[-70.934788,-35.098882],[-70.933441,-35.100548],[-70.932126,-35.101732],[-70.93092,-35.102176],[-70.930498,-35.102332],[-70.926608,-35.102312],[-70.924667,-35.102797],[-70.922667,-35.103324],[-70.921697,-35.103778],[-70.920917,-35.104416],[-70.921489,-35.100673],[-70.917032,-35.097813],[-70.917665,-35.093669],[-70.922755,-35.092387],[-70.927212,-35.095248],[-70.932303,-35.093965],[-70.932936,-35.089821],[-70.938026,-35.088538],[-70.938659,-35.084394],[-70.934201,-35.081533],[-70.929111,-35.082816],[-70.928478,-35.08696],[-70.923388,-35.088243],[-70.91893,-35.085382],[-70.913841,-35.086665],[-70.913208,-35.090809],[-70.908118,-35.092091],[-70.903661,-35.089229],[-70.904294,-35.085086],[-70.909384,-35.083804],[-70.910017,-35.07966],[-70.915107,-35.078377],[-70.919563,-35.081239],[-70.924653,-35.079955],[-70.925286,-35.075811],[-70.920829,-35.07295],[-70.921462,-35.068805],[-70.926552,-35.067521],[-70.931009,-35.070383],[-70.936099,-35.069099],[-70.940557,-35.07196],[-70.945647,-35.070675],[-70.94628,-35.06653],[-70.95137,-35.065245],[-70.955829,-35.068105],[-70.960919,-35.06682],[-70.965378,-35.069681],[-70.970469,-35.068395],[-70.971101,-35.064249],[-70.976193,-35.062963],[-70.980652,-35.065823],[-70.98002,-35.069969],[-70.984479,-35.072829],[-70.989571,-35.071542],[-70.990203,-35.067396],[-70.995295,-35.066109],[-70.995927,-35.061962],[-70.991467,-35.059103],[-70.992099,-35.054955],[-70.987639,-35.052095],[-70.988271,-35.047948],[-70.993363,-35.04666],[-70.993995,-35.042512],[-70.999086,-35.041224],[-70.999718,-35.037075],[-70.995258,-35.034215],[-70.990167,-35.035503],[-70.989535,-35.039651],[-70.984444,-35.040939],[-70.983812,-35.045087],[-70.978721,-35.046374],[-70.974262,-35.043514],[-70.969172,-35.0448],[-70.968539,-35.048948],[-70.963449,-35.050234],[-70.95899,-35.047373],[-70.9539,-35.048659],[-70.953268,-35.052806],[-70.957726,-35.055667],[-70.957093,-35.059813],[-70.952003,-35.061099],[-70.947545,-35.058238],[-70.948177,-35.054091],[-70.94372,-35.05123],[-70.944352,-35.047083],[-70.939895,-35.044221],[-70.940527,-35.040074],[-70.945617,-35.038789],[-70.950075,-35.04165],[-70.955165,-35.040364],[-70.955797,-35.036216],[-70.960887,-35.03493],[-70.96152,-35.030782],[-70.96661,-35.029495],[-70.967242,-35.025346],[-70.962784,-35.022484],[-70.957694,-35.023771],[-70.957062,-35.02792],[-70.951972,-35.029207],[-70.947514,-35.026345],[-70.948147,-35.022196],[-70.94369,-35.019334],[-70.938601,-35.02062],[-70.937968,-35.024768],[-70.942425,-35.027631],[-70.941792,-35.031779],[-70.936703,-35.033065],[-70.93607,-35.037212],[-70.930981,-35.038498],[-70.926524,-35.035635],[-70.927157,-35.031488],[-70.922701,-35.028625],[-70.917612,-35.02991],[-70.913156,-35.027047],[-70.908067,-35.028332],[-70.903612,-35.025469],[-70.898524,-35.026753],[-70.897891,-35.0309],[-70.892803,-35.032184],[-70.89217,-35.036331],[-70.887081,-35.037614],[-70.886448,-35.04176],[-70.88136,-35.043043],[-70.880727,-35.047189],[-70.885182,-35.050052],[-70.89027,-35.048769],[-70.894725,-35.051632],[-70.894092,-35.055778],[-70.889004,-35.05706],[-70.88837,-35.061205],[-70.883282,-35.062487],[-70.882649,-35.066632],[-70.87756,-35.067914],[-70.873105,-35.065051],[-70.873739,-35.060906],[-70.878827,-35.059625],[-70.87946,-35.05548],[-70.875006,-35.052617],[-70.869918,-35.053898],[-70.869284,-35.058043],[-70.864196,-35.059325],[-70.863563,-35.063469],[-70.858475,-35.06475],[-70.857841,-35.068894],[-70.852754,-35.070174],[-70.8483,-35.067311],[-70.843213,-35.068591],[-70.842579,-35.072734],[-70.837491,-35.074014],[-70.833038,-35.07115],[-70.827951,-35.072429],[-70.827317,-35.076572],[-70.82223,-35.077851],[-70.821596,-35.081993],[-70.816509,-35.083271],[-70.812057,-35.080407],[-70.80697,-35.081685],[-70.806336,-35.085827],[-70.810788,-35.088691],[-70.815875,-35.087413],[-70.820328,-35.090276],[-70.819694,-35.094418],[-70.824147,-35.097281],[-70.823513,-35.101422],[-70.827966,-35.104285],[-70.827332,-35.108426],[-70.822244,-35.109703],[-70.82161,-35.113843],[-70.826063,-35.116706],[-70.825429,-35.120845],[-70.820341,-35.122122],[-70.819707,-35.126261],[-70.824161,-35.129124],[-70.823526,-35.133262],[-70.82798,-35.136124],[-70.833069,-35.134848],[-70.837523,-35.137709],[-70.842612,-35.136432],[-70.847067,-35.139294],[-70.848409,-35.138957],[-70.848268,-35.140232],[-70.847528,-35.142312],[-70.847316,-35.144],[-70.846433,-35.143432],[-70.841344,-35.144709],[-70.836889,-35.141848],[-70.8318,-35.143124],[-70.831166,-35.147262],[-70.835621,-35.150124],[-70.834987,-35.154261],[-70.829898,-35.155537],[-70.825443,-35.152676],[-70.820355,-35.153951],[-70.819721,-35.158088],[-70.814632,-35.159363],[-70.813998,-35.1635],[-70.808909,-35.164774],[-70.804456,-35.161913],[-70.799368,-35.163187],[-70.794915,-35.160325],[-70.789827,-35.161599],[-70.785374,-35.158737],[-70.786009,-35.154601],[-70.791097,-35.153327],[-70.791731,-35.14919],[-70.787279,-35.146328],[-70.782192,-35.147602],[-70.777739,-35.144739],[-70.778374,-35.140602],[-70.773922,-35.137739],[-70.768836,-35.139012],[-70.768201,-35.143149],[-70.772653,-35.146013],[-70.772018,-35.150149],[-70.77647,-35.153012],[-70.775835,-35.157148],[-70.780287,-35.16001],[-70.779652,-35.164146],[-70.774565,-35.165419],[-70.770113,-35.162557],[-70.765026,-35.163829],[-70.764391,-35.167964],[-70.759304,-35.169237],[-70.754852,-35.166374],[-70.755488,-35.162239],[-70.751036,-35.159376],[-70.751672,-35.15524],[-70.747221,-35.152377],[-70.742135,-35.153649],[-70.741499,-35.157784],[-70.736413,-35.159056],[-70.735778,-35.163191],[-70.730692,-35.164462],[-70.726242,-35.161598],[-70.721156,-35.162869],[-70.716707,-35.160005],[-70.711621,-35.161275],[-70.710986,-35.165409],[-70.705901,-35.166679],[-70.705265,-35.170813],[-70.70018,-35.172082],[-70.699544,-35.176215],[-70.694459,-35.177484],[-70.693823,-35.181617],[-70.688738,-35.182885],[-70.688102,-35.187018],[-70.683017,-35.188286],[-70.682381,-35.192417],[-70.677296,-35.193685],[-70.67666,-35.197816],[-70.671575,-35.199083],[-70.670939,-35.203214],[-70.665854,-35.20448],[-70.665217,-35.208611],[-70.669666,-35.211474],[-70.674751,-35.210208],[-70.679199,-35.213072],[-70.684285,-35.211805],[-70.684921,-35.207674],[-70.690006,-35.206407],[-70.694456,-35.20927],[-70.69382,-35.213401],[-70.688734,-35.214668],[-70.688098,-35.218798],[-70.683012,-35.220065],[-70.682376,-35.224194],[-70.686825,-35.227057],[-70.691911,-35.225791],[-70.692547,-35.221661],[-70.697633,-35.220394],[-70.702083,-35.223257],[-70.701447,-35.227386],[-70.696361,-35.228653],[-70.695725,-35.232782],[-70.690639,-35.234049],[-70.686189,-35.231186],[-70.681103,-35.232452],[-70.680467,-35.236581],[-70.675381,-35.237847],[-70.670932,-35.234984],[-70.671569,-35.230855],[-70.66712,-35.227992],[-70.667756,-35.223863],[-70.663308,-35.221],[-70.658223,-35.222265],[-70.653775,-35.219401],[-70.654412,-35.215272],[-70.649964,-35.212408],[-70.64488,-35.213673],[-70.644243,-35.217802],[-70.639159,-35.219067],[-70.634712,-35.216202],[-70.635349,-35.212073],[-70.630902,-35.209209],[-70.631539,-35.205079],[-70.636622,-35.203814],[-70.641069,-35.206679],[-70.646153,-35.205414],[-70.64679,-35.201284],[-70.642343,-35.198419],[-70.637259,-35.199684],[-70.632812,-35.196819],[-70.633449,-35.192689],[-70.638533,-35.191423],[-70.642979,-35.194288],[-70.648063,-35.193022],[-70.65251,-35.195887],[-70.651874,-35.200018],[-70.656321,-35.202882],[-70.661406,-35.201616],[-70.662042,-35.197485],[-70.657595,-35.194621],[-70.658231,-35.19049],[-70.653784,-35.187625],[-70.65442,-35.183494],[-70.649973,-35.180628],[-70.65061,-35.176497],[-70.655693,-35.17523],[-70.65633,-35.171097],[-70.661413,-35.16983],[-70.665861,-35.172695],[-70.670945,-35.171427],[-70.671581,-35.167294],[-70.667133,-35.164429],[-70.66777,-35.160296],[-70.672853,-35.159027],[-70.67349,-35.154894],[-70.678574,-35.153625],[-70.683021,-35.15649],[-70.682385,-35.160624],[-70.686834,-35.163489],[-70.691918,-35.16222],[-70.692554,-35.158086],[-70.688106,-35.155221],[-70.688742,-35.151086],[-70.684294,-35.148221],[-70.68493,-35.144086],[-70.690014,-35.142817],[-70.694462,-35.145682],[-70.699546,-35.144412],[-70.700182,-35.140276],[-70.705266,-35.139006],[-70.705902,-35.13487],[-70.701454,-35.132004],[-70.702089,-35.127868],[-70.707174,-35.126597],[-70.707809,-35.12246],[-70.703361,-35.119594],[-70.703997,-35.115457],[-70.709081,-35.114186],[-70.709716,-35.110048],[-70.7148,-35.108776],[-70.715436,-35.104637],[-70.72052,-35.103365],[-70.724969,-35.10623],[-70.724333,-35.110369],[-70.719249,-35.111641],[-70.718614,-35.115779],[-70.723063,-35.118644],[-70.728147,-35.117372],[-70.732597,-35.120237],[-70.737682,-35.118964],[-70.742131,-35.121829],[-70.747217,-35.120555],[-70.747852,-35.116417],[-70.743402,-35.113553],[-70.744037,-35.109414],[-70.749122,-35.10814],[-70.753572,-35.111005],[-70.752937,-35.115143],[-70.757388,-35.118008],[-70.762474,-35.116734],[-70.766924,-35.119598],[-70.772011,-35.118323],[-70.772645,-35.114185],[-70.768194,-35.111321],[-70.768829,-35.107181],[-70.773915,-35.105906],[-70.77455,-35.101767],[-70.779636,-35.100491],[-70.780271,-35.096351],[-70.785356,-35.095075],[-70.785991,-35.090934],[-70.78154,-35.08807],[-70.776454,-35.089346],[-70.772003,-35.086481],[-70.772638,-35.08234],[-70.777724,-35.081064],[-70.782175,-35.083929],[-70.78726,-35.082652],[-70.791712,-35.085517],[-70.796798,-35.08424],[-70.797432,-35.080098],[-70.792981,-35.077234],[-70.787895,-35.078511],[-70.783444,-35.075646],[-70.778358,-35.076923],[-70.773908,-35.074058],[-70.774542,-35.069916],[-70.770092,-35.06705],[-70.770727,-35.062908],[-70.775812,-35.061631],[-70.776446,-35.057489],[-70.771996,-35.054623],[-70.772631,-35.05048],[-70.777716,-35.049202],[-70.77835,-35.045059],[-70.7739,-35.042192],[-70.768816,-35.04347],[-70.764366,-35.040604],[-70.765001,-35.03646],[-70.760552,-35.033593],[-70.755468,-35.03487],[-70.751019,-35.032003],[-70.751654,-35.027859],[-70.747205,-35.024992],[-70.74784,-35.020847],[-70.752923,-35.01957],[-70.753558,-35.015424],[-70.758642,-35.014146],[-70.763091,-35.017014],[-70.768174,-35.015735],[-70.772624,-35.018602],[-70.777708,-35.017324],[-70.782158,-35.02019],[-70.787242,-35.018911],[-70.791692,-35.021778],[-70.791058,-35.025923],[-70.795508,-35.028789],[-70.800593,-35.02751],[-70.801228,-35.023364],[-70.796777,-35.020498],[-70.797411,-35.016352],[-70.802496,-35.015072],[-70.80313,-35.010926],[-70.79868,-35.008059],[-70.799314,-35.003913],[-70.804399,-35.002632],[-70.808849,-35.005498],[-70.813934,-35.004218],[-70.814568,-35.00007],[-70.810857,-34.99768],[-70.810915,-34.997685],[-70.812368,-34.997394],[-70.813588,-34.997104],[-70.815041,-34.996813],[-70.817132,-34.996523],[-70.818021,-34.996591],[-70.818927,-34.996715],[-70.82002,-34.996387],[-70.820165,-34.996344],[-70.821155,-34.996529],[-70.821898,-34.996839],[-70.822702,-34.997581],[-70.82394,-34.998015],[-70.824807,-34.998386],[-70.825178,-34.999129],[-70.825364,-34.999871],[-70.825425,-35.0],[-70.825982,-35.001171],[-70.825988,-35.00118],[-70.826849,-35.002595],[-70.827839,-35.003275],[-70.82951,-35.002842],[-70.830748,-35.00278],[-70.831738,-35.002966],[-70.832729,-35.002904],[-70.832956,-35.002797],[-70.833642,-35.003239],[-70.838523,-35.002009],[-70.838794,-35.002038],[-70.838834,-35.002025],[-70.840403,-35.001542],[-70.841394,-35.001171],[-70.842322,-35.00049],[-70.843312,-35.000305],[-70.84455,-35.000181],[-70.844876,-35.0],[-70.845664,-34.999562],[-70.847216,-34.998309],[-70.847273,-34.998262],[-70.848759,-34.997086],[-70.849687,-34.996405],[-70.850306,-34.995291],[-70.850616,-34.993868],[-70.851358,-34.993497],[-70.852225,-34.992939],[-70.853278,-34.993098],[-70.854619,-34.99396],[-70.859705,-34.992677],[-70.859809,-34.991995],[-70.860456,-34.991887],[-70.861137,-34.991083],[-70.862499,-34.989907],[-70.864665,-34.987802],[-70.864951,-34.987363],[-70.865424,-34.987244],[-70.865538,-34.986499],[-70.866831,-34.985265],[-70.868379,-34.985451],[-70.870235,-34.985265],[-70.871473,-34.985389],[-70.872835,-34.985389],[-70.87463,-34.985636],[-70.875416,-34.985861],[-70.876796,-34.986255],[-70.878096,-34.985946],[-70.879086,-34.985822],[-70.880819,-34.985141],[-70.882076,-34.984286],[-70.882366,-34.984089],[-70.883604,-34.983656],[-70.884842,-34.983346],[-70.886327,-34.982975],[-70.887256,-34.983161],[-70.887689,-34.983161],[-70.888308,-34.982604],[-70.889546,-34.981861],[-70.890226,-34.981056],[-70.890855,-34.980838],[-70.891038,-34.980774],[-70.892216,-34.980476],[-70.892888,-34.980375],[-70.89493,-34.980375],[-70.896477,-34.980375],[-70.897396,-34.980467],[-70.900399,-34.982399],[-70.905486,-34.981113],[-70.905998,-34.977752],[-70.907866,-34.978271],[-70.90966,-34.979076],[-70.913065,-34.980623],[-70.914674,-34.980871],[-70.915326,-34.980737],[-70.915028,-34.982691],[-70.909941,-34.983977],[-70.909308,-34.988128],[-70.913763,-34.990992],[-70.918851,-34.989706],[-70.923306,-34.992569],[-70.922674,-34.99672],[-70.927129,-34.999583],[-70.932218,-34.998297],[-70.93285,-34.994146],[-70.928394,-34.991283],[-70.929027,-34.987132],[-70.924571,-34.984268],[-70.925204,-34.980117],[-70.930292,-34.97883],[-70.930318,-34.978657],[-70.931261,-34.978704],[-70.934046,-34.978395],[-70.936274,-34.9779],[-70.937636,-34.9779],[-70.939616,-34.977466],[-70.940313,-34.977277],[-70.939836,-34.980406],[-70.944292,-34.98327],[-70.949381,-34.981982],[-70.953838,-34.984845],[-70.958927,-34.983556],[-70.959559,-34.979405],[-70.964648,-34.978116],[-70.96528,-34.973963],[-70.970369,-34.972674],[-70.970714,-34.970405],[-70.971367,-34.970349],[-70.972852,-34.970039],[-70.974214,-34.969854],[-70.97508,-34.969792],[-70.975699,-34.969544],[-70.976875,-34.968987],[-70.977846,-34.968359],[-70.980548,-34.970095],[-70.979916,-34.974247],[-70.984374,-34.97711],[-70.989464,-34.97582],[-70.990095,-34.971667],[-70.985637,-34.968804],[-70.986269,-34.964651],[-70.985044,-34.963864],[-70.985293,-34.963665],[-70.986902,-34.962303],[-70.988325,-34.961127],[-70.989254,-34.960261],[-70.990454,-34.95822],[-70.990491,-34.958156],[-70.99241,-34.957166],[-70.994081,-34.956485],[-70.994948,-34.955062],[-70.995505,-34.953081],[-70.995809,-34.952539],[-70.997712,-34.953761],[-71.002801,-34.952469],[-71.003433,-34.948314],[-71.008523,-34.947022],[-71.012981,-34.949885],[-71.018071,-34.948593],[-71.02253,-34.951455],[-71.021899,-34.95561],[-71.026358,-34.958472],[-71.025727,-34.962627],[-71.030187,-34.965489],[-71.035278,-34.964196],[-71.039738,-34.967058],[-71.039106,-34.971212],[-71.043567,-34.974073],[-71.048658,-34.97278],[-71.049289,-34.968626],[-71.044829,-34.965765],[-71.04546,-34.96161],[-71.041,-34.958748],[-71.041631,-34.954593],[-71.037171,-34.951731],[-71.037802,-34.947576],[-71.042893,-34.946282],[-71.047353,-34.949144],[-71.052444,-34.94785],[-71.053075,-34.943693],[-71.058166,-34.942399],[-71.062627,-34.94526],[-71.061996,-34.949417],[-71.066457,-34.952278],[-71.065826,-34.956434],[-71.070287,-34.959295],[-71.075379,-34.958],[-71.079841,-34.960861],[-71.07921,-34.965016],[-71.074118,-34.966311],[-71.069656,-34.96345],[-71.064564,-34.964745],[-71.063934,-34.968899],[-71.058842,-34.970193],[-71.058211,-34.974348],[-71.062672,-34.977208],[-71.062041,-34.981362],[-71.056949,-34.982656],[-71.056318,-34.986809],[-71.06078,-34.98967],[-71.065872,-34.988376],[-71.070334,-34.991236],[-71.069703,-34.99539],[-71.074165,-34.998249],[-71.079258,-34.996956],[-71.083721,-34.999815],[-71.088814,-34.998521],[-71.089444,-34.994368],[-71.084982,-34.991509],[-71.085612,-34.987355],[-71.090705,-34.98606],[-71.091336,-34.981906],[-71.096429,-34.980611],[-71.097059,-34.976457],[-71.102153,-34.975161],[-71.102783,-34.971006],[-71.107876,-34.96971],[-71.108506,-34.965554],[-71.1136,-34.964258],[-71.11423,-34.960102],[-71.119323,-34.958805],[-71.123787,-34.961665],[-71.128881,-34.960367],[-71.133345,-34.963227],[-71.132715,-34.967383],[-71.127621,-34.96868],[-71.126991,-34.972836],[-71.131455,-34.975695],[-71.136549,-34.974398],[-71.137179,-34.970242],[-71.142273,-34.968944],[-71.142903,-34.964788],[-71.147997,-34.96349],[-71.152462,-34.966349],[-71.151833,-34.970505],[-71.146738,-34.971803],[-71.146108,-34.975959],[-71.141014,-34.977256],[-71.140384,-34.981412],[-71.142591,-34.982825],[-71.142409,-34.983026],[-71.14205,-34.983421],[-71.141277,-34.984636],[-71.141252,-34.984676],[-71.140912,-34.985393],[-71.140809,-34.985647],[-71.140686,-34.985949],[-71.140537,-34.986314],[-71.140502,-34.986613],[-71.140497,-34.986656],[-71.140423,-34.986836],[-71.140382,-34.986933],[-71.1402,-34.987373],[-71.140037,-34.987666],[-71.140009,-34.987718],[-71.139927,-34.987867],[-71.13981,-34.987896],[-71.13977,-34.987907],[-71.139609,-34.987948],[-71.139505,-34.987975],[-71.139332,-34.988019],[-71.13926,-34.988038],[-71.139227,-34.988048],[-71.138344,-34.988332],[-71.138031,-34.988433],[-71.137868,-34.988485],[-71.137854,-34.98849],[-71.137717,-34.988534],[-71.13756,-34.9886],[-71.137454,-34.988645],[-71.137447,-34.988648],[-71.137387,-34.988674],[-71.137096,-34.988797],[-71.136976,-34.98898],[-71.13686,-34.989157],[-71.136793,-34.989258],[-71.136536,-34.98965],[-71.136497,-34.989697],[-71.136309,-34.989928],[-71.13626,-34.989987],[-71.136027,-34.990272],[-71.135975,-34.990335],[-71.135298,-34.990583],[-71.135053,-34.990674],[-71.134723,-34.990796],[-71.134554,-34.990858],[-71.134194,-34.990951],[-71.134065,-34.990985],[-71.133736,-34.991055],[-71.13368,-34.991067],[-71.133238,-34.991104],[-71.133155,-34.991111],[-71.132167,-34.991109],[-71.132089,-34.991122],[-71.130991,-34.991305],[-71.130545,-34.991585],[-71.129905,-34.991905],[-71.129605,-34.991972],[-71.129134,-34.992061],[-71.129051,-34.992076],[-71.12897,-34.992085],[-71.128449,-34.992143],[-71.128042,-34.992205],[-71.127687,-34.992369],[-71.127501,-34.992587],[-71.12743,-34.992698],[-71.127303,-34.992897],[-71.126978,-34.993136],[-71.126375,-34.993376],[-71.126182,-34.993544],[-71.12598,-34.993719],[-71.125776,-34.993974],[-71.125655,-34.994178],[-71.125141,-34.99446],[-71.124741,-34.994506],[-71.124141,-34.99441],[-71.123723,-34.994387],[-71.123413,-34.994371],[-71.12271,-34.994349],[-71.121953,-34.994217],[-71.120858,-34.994067],[-71.120087,-34.994028],[-71.119069,-34.993907],[-71.118509,-34.993778],[-71.118238,-34.993725],[-71.117106,-34.993464],[-71.116489,-34.9934],[-71.115911,-34.993407],[-71.115394,-34.993527],[-71.115265,-34.993557],[-71.114836,-34.993842],[-71.114758,-34.994117],[-71.114744,-34.994192],[-71.114647,-34.99467],[-71.114604,-34.995063],[-71.114751,-34.995431],[-71.114868,-34.995727],[-71.114993,-34.996262],[-71.115193,-34.996712],[-71.115165,-34.996905],[-71.115172,-34.997175],[-71.115177,-34.997374],[-71.115179,-34.997433],[-71.11527,-34.997618],[-71.115566,-34.998215],[-71.115819,-34.998479],[-71.115999,-34.998667],[-71.116203,-34.999185],[-71.116413,-34.99959],[-71.116672,-34.999944],[-71.116951,-35.000323],[-71.117342,-35.000724],[-71.117631,-35.001019],[-71.117767,-35.00136],[-71.117859,-35.001588],[-71.118037,-35.002389],[-71.118086,-35.002613],[-71.118163,-35.003137],[-71.118244,-35.003699],[-71.118262,-35.003824],[-71.1182,-35.00401],[-71.118197,-35.004014],[-71.117848,-35.004486],[-71.117641,-35.004859],[-71.117631,-35.005501],[-71.118004,-35.006101],[-71.118236,-35.006414],[-71.118418,-35.00666],[-71.11926,-35.00717],[-71.119391,-35.00725],[-71.12084,-35.007974],[-71.121582,-35.008502],[-71.121626,-35.008533],[-71.1222,-35.008858],[-71.122207,-35.008862],[-71.122592,-35.00908],[-71.123035,-35.009705],[-71.123139,-35.009983],[-71.123181,-35.010121],[-71.123193,-35.010159],[-71.123206,-35.010205],[-71.123164,-35.010337],[-71.123039,-35.01044],[-71.1229,-35.010525],[-71.122781,-35.010662],[-71.122772,-35.010672],[-71.122726,-35.010725],[-71.122369,-35.010897],[-71.121856,-35.011144],[-71.121028,-35.011612],[-71.120761,-35.011867],[-71.12069,-35.011934],[-71.120415,-35.012145],[-71.120081,-35.0124],[-71.119897,-35.012577],[-71.11985,-35.012623],[-71.119598,-35.012866],[-71.119257,-35.013009],[-71.119103,-35.013138],[-71.118935,-35.013278],[-71.118759,-35.013385],[-71.11829,-35.013672],[-71.118226,-35.013704],[-71.117328,-35.014152],[-71.117156,-35.014174],[-71.116583,-35.014249],[-71.115958,-35.014332],[-71.115792,-35.014374],[-71.113968,-35.014842],[-71.113646,-35.015362],[-71.113742,-35.016102],[-71.113727,-35.016148],[-71.113324,-35.017326],[-71.112873,-35.018099],[-71.112905,-35.018678],[-71.113549,-35.019161],[-71.114097,-35.019354],[-71.114644,-35.019837],[-71.115352,-35.020159],[-71.115803,-35.020513],[-71.116222,-35.020964],[-71.116512,-35.021769],[-71.115988,-35.022732],[-71.114419,-35.023604],[-71.11409,-35.023821],[-71.113195,-35.024409],[-71.112648,-35.02515],[-71.112261,-35.026084],[-71.111972,-35.026856],[-71.111875,-35.027822],[-71.1121,-35.028402],[-71.112108,-35.028534],[-71.112165,-35.029464],[-71.112068,-35.030612],[-71.111585,-35.031383],[-71.111199,-35.032337],[-71.111122,-35.033006],[-71.111276,-35.033779],[-71.111663,-35.03432],[-71.111817,-35.034732],[-71.112435,-35.035324],[-71.112796,-35.035865],[-71.113077,-35.036271],[-71.11326,-35.036535],[-71.113594,-35.036921],[-71.113878,-35.037179],[-71.113569,-35.037514],[-71.113084,-35.037778],[-71.112538,-35.038184]],[[-71.089543,-35.058203],[-71.085079,-35.055345],[-71.079984,-35.056637],[-71.079354,-35.060786],[-71.083817,-35.063643],[-71.088912,-35.062352],[-71.089543,-35.058203]],[[-71.069796,-35.059219],[-71.070427,-35.05507],[-71.065964,-35.052212],[-71.06087,-35.053503],[-71.056408,-35.050644],[-71.051314,-35.051935],[-71.050683,-35.056083],[-71.055145,-35.058942],[-71.060239,-35.057651],[-71.064702,-35.060509],[-71.069796,-35.059219]],[[-71.006628,-34.959486],[-71.001538,-34.960778],[-71.000907,-34.964932],[-70.995817,-34.966223],[-70.995185,-34.970376],[-70.999644,-34.973239],[-71.004734,-34.971948],[-71.005365,-34.967794],[-71.010455,-34.966503],[-71.011087,-34.962349],[-71.006628,-34.959486]],[[-71.073534,-35.002402],[-71.068441,-35.003695],[-71.067811,-35.007847],[-71.062718,-35.00914],[-71.062087,-35.013292],[-71.066549,-35.016151],[-71.071642,-35.014859],[-71.072273,-35.010707],[-71.077366,-35.009414],[-71.077997,-35.005261],[-71.073534,-35.002402]],[[-70.83494,-35.05872],[-70.839393,-35.061584],[-70.84448,-35.060303],[-70.845114,-35.056159],[-70.840661,-35.053295],[-70.835574,-35.054575],[-70.831121,-35.051711],[-70.826035,-35.052991],[-70.825401,-35.057135],[-70.829853,-35.059999],[-70.83494,-35.05872]],[[-70.789183,-35.133915],[-70.784096,-35.13519],[-70.783461,-35.139328],[-70.787913,-35.14219],[-70.793001,-35.140916],[-70.793635,-35.136778],[-70.789183,-35.133915]],[[-70.818439,-35.134539],[-70.813985,-35.131676],[-70.808897,-35.132952],[-70.808263,-35.13709],[-70.812716,-35.139953],[-70.817804,-35.138677],[-70.818439,-35.134539]],[[-70.827303,-35.044702],[-70.831755,-35.047567],[-70.836842,-35.046286],[-70.837476,-35.042141],[-70.833023,-35.039277],[-70.827937,-35.040557],[-70.827303,-35.044702]],[[-70.829205,-35.032266],[-70.833657,-35.035131],[-70.838743,-35.03385],[-70.839377,-35.029704],[-70.844464,-35.028423],[-70.845097,-35.024277],[-70.850184,-35.022995],[-70.850817,-35.018848],[-70.846365,-35.015983],[-70.846998,-35.011836],[-70.842546,-35.00897],[-70.83746,-35.010252],[-70.833008,-35.007387],[-70.827922,-35.008668],[-70.827288,-35.012816],[-70.822203,-35.014097],[-70.817751,-35.011231],[-70.812666,-35.012512],[-70.812032,-35.016658],[-70.816483,-35.019524],[-70.821569,-35.018243],[-70.826021,-35.021109],[-70.825387,-35.025255],[-70.829839,-35.02812],[-70.829205,-35.032266]],[[-70.866077,-35.015],[-70.871164,-35.013717],[-70.871798,-35.009569],[-70.876885,-35.008285],[-70.881339,-35.01115],[-70.880705,-35.015298],[-70.88516,-35.018162],[-70.890247,-35.016878],[-70.89088,-35.01273],[-70.886426,-35.009866],[-70.887059,-35.005717],[-70.892146,-35.004433],[-70.89278,-35.000284],[-70.897867,-34.998999],[-70.902322,-35.001863],[-70.907409,-35.000577],[-70.911865,-35.003441],[-70.916953,-35.002155],[-70.917585,-34.998006],[-70.91313,-34.995142],[-70.908042,-34.996428],[-70.903587,-34.993564],[-70.90422,-34.989414],[-70.899766,-34.986549],[-70.894679,-34.987835],[-70.890224,-34.98497],[-70.885138,-34.986255],[-70.884504,-34.990405],[-70.888958,-34.99327],[-70.888325,-34.997419],[-70.883238,-34.998704],[-70.878784,-34.995839],[-70.873698,-34.997123],[-70.869244,-34.994258],[-70.864158,-34.995542],[-70.863524,-34.999691],[-70.867978,-35.002556],[-70.867344,-35.006704],[-70.862258,-35.007987],[-70.857804,-35.005122],[-70.852718,-35.006405],[-70.852085,-35.010553],[-70.856537,-35.013418],[-70.861624,-35.012135],[-70.866077,-35.015]],[[-70.722428,-35.154599],[-70.726877,-35.157463],[-70.731963,-35.156192],[-70.732599,-35.152057],[-70.728149,-35.149193],[-70.723063,-35.150464],[-70.722428,-35.154599]],[[-70.669036,-35.183824],[-70.673484,-35.186689],[-70.678568,-35.185421],[-70.679205,-35.181289],[-70.674756,-35.178425],[-70.669672,-35.179692],[-70.669036,-35.183824]],[[-70.982513,-35.021483],[-70.978055,-35.018621],[-70.972964,-35.019909],[-70.972332,-35.024058],[-70.976791,-35.02692],[-70.981881,-35.025632],[-70.98634,-35.028493],[-70.991431,-35.027205],[-70.992063,-35.023055],[-70.997154,-35.021767],[-70.997786,-35.017617],[-70.993326,-35.014756],[-70.988236,-35.016045],[-70.987604,-35.020194],[-70.982513,-35.021483]],[[-70.974228,-35.01161],[-70.97486,-35.00746],[-70.979951,-35.006171],[-70.984409,-35.009033],[-70.989499,-35.007744],[-70.993958,-35.010605],[-70.999049,-35.009316],[-70.999681,-35.005165],[-71.004772,-35.003876],[-71.009231,-35.006737],[-71.014322,-35.005447],[-71.018782,-35.008307],[-71.023874,-35.007017],[-71.024505,-35.002866],[-71.029597,-35.001575],[-71.030228,-34.997423],[-71.035319,-34.996131],[-71.03978,-34.998992],[-71.044872,-34.9977],[-71.045503,-34.993547],[-71.041042,-34.990687],[-71.035951,-34.991979],[-71.03149,-34.989118],[-71.026399,-34.990409],[-71.025768,-34.994562],[-71.020676,-34.995853],[-71.016217,-34.992992],[-71.016848,-34.988839],[-71.012389,-34.985978],[-71.007298,-34.987269],[-71.002839,-34.984407],[-70.997749,-34.985697],[-70.99329,-34.982835],[-70.9882,-34.984125],[-70.983742,-34.981263],[-70.978652,-34.982552],[-70.97802,-34.986704],[-70.982478,-34.989567],[-70.987568,-34.988277],[-70.992027,-34.991139],[-70.997117,-34.989849],[-71.001576,-34.992711],[-71.000944,-34.996863],[-70.995853,-34.998153],[-70.991395,-34.995291],[-70.986305,-34.99658],[-70.985673,-35.000731],[-70.980582,-35.00202],[-70.976124,-34.999158],[-70.971035,-35.000447],[-70.970402,-35.004598],[-70.965313,-35.005886],[-70.964681,-35.010036],[-70.969138,-35.012898],[-70.974228,-35.01161]],[[-70.953869,-35.01676],[-70.958959,-35.015473],[-70.959591,-35.011323],[-70.955133,-35.008461],[-70.950044,-35.009748],[-70.945587,-35.006886],[-70.940498,-35.008173],[-70.939866,-35.012322],[-70.944322,-35.015185],[-70.949412,-35.013898],[-70.953869,-35.01676]],[[-71.020716,-35.02777],[-71.020085,-35.03192],[-71.024545,-35.034779],[-71.029638,-35.03349],[-71.030269,-35.02934],[-71.025808,-35.02648],[-71.020716,-35.02777]],[[-71.044915,-35.029619],[-71.045546,-35.025468],[-71.041085,-35.022609],[-71.035993,-35.023899],[-71.035361,-35.02805],[-71.039823,-35.030909],[-71.039191,-35.035059],[-71.034099,-35.036349],[-71.033467,-35.040499],[-71.037929,-35.043358],[-71.043022,-35.042068],[-71.043653,-35.037918],[-71.048746,-35.036628],[-71.049377,-35.032478],[-71.044915,-35.029619]],[[-71.042979,-35.010156],[-71.04361,-35.006004],[-71.039149,-35.003144],[-71.034057,-35.004435],[-71.033426,-35.008587],[-71.037886,-35.011447],[-71.042979,-35.010156]],[[-70.94366,-34.987421],[-70.938571,-34.988708],[-70.937939,-34.992859],[-70.942395,-34.995722],[-70.947484,-34.994435],[-70.948116,-34.990284],[-70.94366,-34.987421]],[[-70.920776,-35.009168],[-70.915687,-35.010454],[-70.915054,-35.014603],[-70.91951,-35.017466],[-70.924599,-35.01618],[-70.929055,-35.019043],[-70.934144,-35.017757],[-70.934776,-35.013608],[-70.93032,-35.010745],[-70.925231,-35.012032],[-70.920776,-35.009168]],[[-70.909966,-35.015888],[-70.905511,-35.013024],[-70.900423,-35.014309],[-70.89979,-35.018457],[-70.904245,-35.021321],[-70.909333,-35.020036],[-70.909966,-35.015888]],[[-71.018111,-34.980534],[-71.02257,-34.983395],[-71.027662,-34.982104],[-71.032122,-34.984965],[-71.037213,-34.983673],[-71.037844,-34.979519],[-71.033384,-34.976658],[-71.034015,-34.972504],[-71.029555,-34.969643],[-71.024464,-34.970935],[-71.023833,-34.975089],[-71.018742,-34.976381],[-71.014283,-34.973519],[-71.009193,-34.97481],[-71.008561,-34.978963],[-71.01302,-34.981825],[-71.018111,-34.980534]]]},"properties":{"comuna":"Romeral","mancha_id":"07306-88b2c33601fffff","clase":"Medio","nivel_medio":1.976,"nivel_medio_min":1.513,"nivel_medio_max":2.495,"pct_alto":22.8,"n_hexagonos":594,"area_ha":34871.41}},{"type":"Feature","geometry":{"type":"Polygon","coordinates":[[[-70.686227,-34.94463],[-70.686862,-34.940481],[-70.691942,-34.939203],[-70.696387,-34.942075],[-70.695751,-34.946224],[-70.690671,-34.947501],[-70.686227,-34.94463]]]},"properties":{"comuna":"Romeral","mancha_id":"07306-88b2c16db1fffff","clase":"Medio","nivel_medio":1.812,"nivel_medio_min":1.812,"nivel_medio_max":1.812,"pct_alto":58.1,"n_hexagonos":1,"area_ha":61.61}},{"type":"Feature","geometry":{"type":"Polygon","coordinates":[[[-70.701467,-34.940796],[-70.702102,-34.936647],[-70.707182,-34.935368],[-70.711627,-34.938239],[-70.710992,-34.942389],[-70.715438,-34.94526],[-70.714802,-34.949409],[-70.719248,-34.952279],[-70.718613,-34.956428],[-70.723059,-34.959298],[-70.722424,-34.963447],[-70.717343,-34.964725],[-70.712897,-34.961855],[-70.707816,-34.963133],[-70.703371,-34.960262],[-70.69829,-34.96154],[-70.693845,-34.958669],[-70.69448,-34.954521],[-70.699561,-34.953243],[-70.700196,-34.949095],[-70.705276,-34.947817],[-70.705912,-34.943667],[-70.701467,-34.940796]]]},"properties":{"comuna":"Romeral","mancha_id":"07306-88b2c16da3fffff","clase":"Medio","nivel_medio":2.322,"nivel_medio_min":1.999,"nivel_medio_max":2.482,"pct_alto":45.7,"n_hexagonos":7,"area_ha":431.27}},{"type":"Feature","geometry":{"type":"Polygon","coordinates":[[[-70.716708,-34.905031],[-70.717343,-34.900879],[-70.722423,-34.899598],[-70.726868,-34.90247],[-70.726233,-34.906622],[-70.721153,-34.907903],[-70.720518,-34.912055],[-70.724963,-34.914926],[-70.724328,-34.919078],[-70.719248,-34.920358],[-70.714803,-34.917486],[-70.715438,-34.913335],[-70.71277,-34.911611],[-70.713308,-34.909797],[-70.713549,-34.908983],[-70.713578,-34.907891],[-70.713607,-34.906797],[-70.713424,-34.905858],[-70.716708,-34.905031]]]},"properties":{"comuna":"Romeral","mancha_id":"07306-88b2c16d3bfffff","clase":"Medio","nivel_medio":1.823,"nivel_medio_min":1.528,"nivel_medio_max":2.236,"pct_alto":56.8,"n_hexagonos":3,"area_ha":174.21}},{"type":"Feature","geometry":{"type":"Polygon","coordinates":[[[-70.735759,-34.908212],[-70.736394,-34.90406],[-70.741474,-34.902778],[-70.74592,-34.90565],[-70.745286,-34.909802],[-70.749732,-34.912673],[-70.749098,-34.916825],[-70.753544,-34.919696],[-70.758626,-34.918414],[-70.763073,-34.921284],[-70.762438,-34.925436],[-70.766712,-34.928194],[-70.766641,-34.929066],[-70.766742,-34.929245],[-70.766251,-34.932458],[-70.761169,-34.933739],[-70.756722,-34.930869],[-70.75164,-34.93215],[-70.751006,-34.936301],[-70.755453,-34.939171],[-70.760535,-34.93789],[-70.764982,-34.94076],[-70.764348,-34.94491],[-70.768796,-34.94778],[-70.768161,-34.95193],[-70.772609,-34.954799],[-70.777692,-34.953517],[-70.782141,-34.956386],[-70.782264,-34.956355],[-70.782616,-34.95706],[-70.783211,-34.958042],[-70.784282,-34.958875],[-70.785412,-34.959737],[-70.786275,-34.960451],[-70.786989,-34.961879],[-70.787413,-34.963037],[-70.787435,-34.963099],[-70.787402,-34.964331],[-70.78731,-34.96547],[-70.78811,-34.965488],[-70.790479,-34.965375],[-70.79155,-34.965454],[-70.792904,-34.965996],[-70.794159,-34.966832],[-70.795171,-34.967061],[-70.7956,-34.967158],[-70.796576,-34.967855],[-70.797574,-34.968603],[-70.799149,-34.96917],[-70.800902,-34.969738],[-70.802353,-34.970112],[-70.802505,-34.970417],[-70.802618,-34.970645],[-70.800535,-34.971425],[-70.800108,-34.971805],[-70.799213,-34.972601],[-70.7973,-34.974302],[-70.796852,-34.975323],[-70.796064,-34.976268],[-70.795807,-34.976879],[-70.795321,-34.978034],[-70.795042,-34.98008],[-70.795042,-34.981567],[-70.79483,-34.982798],[-70.792951,-34.981587],[-70.787867,-34.982868],[-70.787233,-34.987016],[-70.791682,-34.989884],[-70.791048,-34.994031],[-70.785964,-34.995312],[-70.78533,-34.999459],[-70.780246,-35.000739],[-70.775796,-34.997871],[-70.770713,-34.999151],[-70.770078,-35.003297],[-70.764995,-35.004576],[-70.760546,-35.001708],[-70.755463,-35.002987],[-70.754828,-35.007133],[-70.749745,-35.008411],[-70.745297,-35.005543],[-70.740214,-35.006821],[-70.739579,-35.010966],[-70.734496,-35.012244],[-70.730049,-35.009375],[-70.724966,-35.010652],[-70.724331,-35.014797],[-70.728778,-35.017665],[-70.728143,-35.02181],[-70.72306,-35.023086],[-70.722425,-35.02723],[-70.717343,-35.028506],[-70.716707,-35.032649],[-70.721155,-35.035517],[-70.726238,-35.034242],[-70.730685,-35.037109],[-70.73005,-35.041252],[-70.734498,-35.04412],[-70.733863,-35.048262],[-70.738312,-35.051129],[-70.737676,-35.055272],[-70.742125,-35.058138],[-70.747209,-35.056863],[-70.747844,-35.05272],[-70.743395,-35.049854],[-70.74403,-35.045711],[-70.739582,-35.042844],[-70.740217,-35.0387],[-70.7453,-35.037424],[-70.749749,-35.040291],[-70.754833,-35.039014],[-70.759282,-35.041881],[-70.758647,-35.046024],[-70.763097,-35.048891],[-70.762462,-35.053034],[-70.757377,-35.05431],[-70.756743,-35.058453],[-70.751658,-35.059729],[-70.751023,-35.063871],[-70.755473,-35.066737],[-70.754838,-35.070879],[-70.759287,-35.073744],[-70.758653,-35.077886],[-70.753568,-35.079161],[-70.752933,-35.083302],[-70.757383,-35.086167],[-70.756748,-35.090308],[-70.751663,-35.091583],[-70.747213,-35.088717],[-70.742128,-35.089992],[-70.741493,-35.094131],[-70.736409,-35.095406],[-70.731959,-35.09254],[-70.726875,-35.093814],[-70.72624,-35.097953],[-70.721156,-35.099226],[-70.716707,-35.09636],[-70.717343,-35.092221],[-70.712894,-35.089355],[-70.71353,-35.085215],[-70.718613,-35.083942],[-70.719249,-35.079802],[-70.714801,-35.076935],[-70.715436,-35.072795],[-70.72052,-35.071521],[-70.721155,-35.06738],[-70.716707,-35.064513],[-70.717343,-35.060372],[-70.712895,-35.057504],[-70.707812,-35.058778],[-70.703365,-35.055911],[-70.704,-35.051769],[-70.709083,-35.050495],[-70.709719,-35.046353],[-70.714801,-35.045078],[-70.719249,-35.047946],[-70.724332,-35.046671],[-70.724967,-35.042528],[-70.720519,-35.03966],[-70.715437,-35.040936],[-70.710989,-35.038068],[-70.705907,-35.039343],[-70.70146,-35.036474],[-70.696378,-35.037749],[-70.691932,-35.03488],[-70.68685,-35.036154],[-70.682404,-35.033286],[-70.68304,-35.029143],[-70.688121,-35.027869],[-70.692567,-35.030737],[-70.697649,-35.029463],[-70.698285,-35.02532],[-70.703367,-35.024045],[-70.704002,-35.019901],[-70.699556,-35.017032],[-70.700191,-35.012888],[-70.705273,-35.011612],[-70.705909,-35.007467],[-70.71099,-35.006191],[-70.715437,-35.00906],[-70.720519,-35.007784],[-70.721154,-35.003638],[-70.726236,-35.002361],[-70.726872,-34.998215],[-70.722425,-34.995347],[-70.72306,-34.9912],[-70.728142,-34.989923],[-70.728777,-34.985776],[-70.733859,-34.984498],[-70.734494,-34.980351],[-70.730047,-34.977482],[-70.724965,-34.97876],[-70.720519,-34.97589],[-70.721154,-34.971743],[-70.726235,-34.970465],[-70.730682,-34.973334],[-70.735764,-34.972056],[-70.740211,-34.974925],[-70.745293,-34.973646],[-70.745928,-34.969498],[-70.741481,-34.966628],[-70.742115,-34.96248],[-70.747197,-34.9612],[-70.751645,-34.96407],[-70.756727,-34.96279],[-70.757362,-34.958641],[-70.762444,-34.95736],[-70.763079,-34.953211],[-70.758631,-34.950341],[-70.753549,-34.951622],[-70.752914,-34.955771],[-70.747832,-34.957051],[-70.743385,-34.954182],[-70.74402,-34.950032],[-70.739573,-34.947162],[-70.740208,-34.943012],[-70.735761,-34.940142],[-70.736396,-34.935992],[-70.73195,-34.933121],[-70.732585,-34.928971],[-70.737666,-34.92769],[-70.742112,-34.930561],[-70.747194,-34.92928],[-70.747828,-34.925129],[-70.743382,-34.922258],[-70.744016,-34.918107],[-70.73957,-34.915236],[-70.740205,-34.911084],[-70.735759,-34.908212]],[[-70.756732,-34.994694],[-70.757367,-34.990547],[-70.752919,-34.987679],[-70.747836,-34.988957],[-70.743388,-34.986089],[-70.738306,-34.987367],[-70.737671,-34.991514],[-70.732589,-34.992792],[-70.731954,-34.996938],[-70.736401,-34.999807],[-70.741484,-34.998529],[-70.745932,-35.001397],[-70.751014,-35.000119],[-70.751649,-34.995973],[-70.756732,-34.994694]],[[-70.770071,-34.971396],[-70.770706,-34.967247],[-70.766258,-34.964378],[-70.761175,-34.965659],[-70.76054,-34.969807],[-70.755458,-34.971087],[-70.754823,-34.975236],[-70.759271,-34.978104],[-70.764354,-34.976824],[-70.764988,-34.972676],[-70.770071,-34.971396]]]},"properties":{"comuna":"Romeral","mancha_id":"07306-88b2c16d35fffff","clase":"Medio","nivel_medio":2.099,"nivel_medio_min":1.538,"nivel_medio_max":2.5,"pct_alto":26.8,"n_hexagonos":107,"area_ha":6355.2}},{"type":"Feature","geometry":{"type":"Polygon","coordinates":[[[-70.937939,-34.992859],[-70.938571,-34.988708],[-70.94366,-34.987421],[-70.948116,-34.990284],[-70.947484,-34.994435],[-70.942395,-34.995722],[-70.937939,-34.992859]]]},"properties":{"comuna":"Romeral","mancha_id":"07306-88b2cedaedfffff","clase":"Alto","nivel_medio":2.507,"nivel_medio_min":2.507,"nivel_medio_max":2.507,"pct_alto":61.1,"n_hexagonos":1,"area_ha":61.71}},{"type":"Feature","geometry":{"type":"Polygon","coordinates":[[[-70.918851,-34.989706],[-70.919483,-34.985555],[-70.924571,-34.984268],[-70.929027,-34.987132],[-70.928394,-34.991283],[-70.93285,-34.994146],[-70.932218,-34.998297],[-70.927129,-34.999583],[-70.922674,-34.99672],[-70.923306,-34.992569],[-70.918851,-34.989706]]]},"properties":{"comuna":"Romeral","mancha_id":"07306-88b2cedac5fffff","clase":"Alto","nivel_medio":2.528,"nivel_medio_min":2.504,"nivel_medio_max":2.553,"pct_alto":61.5,"n_hexagonos":2,"area_ha":123.39}},{"type":"Feature","geometry":{"type":"Polygon","coordinates":[[[-70.89979,-35.018457],[-70.900423,-35.014309],[-70.905511,-35.013024],[-70.909966,-35.015888],[-70.909333,-35.020036],[-70.904245,-35.021321],[-70.89979,-35.018457]]]},"properties":{"comuna":"Romeral","mancha_id":"07306-88b2ceda95fffff","clase":"Alto","nivel_medio":2.882,"nivel_medio_min":2.882,"nivel_medio_max":2.882,"pct_alto":89.2,"n_hexagonos":1,"area_ha":61.64}},{"type":"Feature","geometry":{"type":"Polygon","coordinates":[[[-70.915054,-35.014603],[-70.915687,-35.010454],[-70.920776,-35.009168],[-70.925231,-35.012032],[-70.93032,-35.010745],[-70.934776,-35.013608],[-70.934144,-35.017757],[-70.929055,-35.019043],[-70.924599,-35.01618],[-70.91951,-35.017466],[-70.915054,-35.014603]]]},"properties":{"comuna":"Romeral","mancha_id":"07306-88b2ceda87fffff","clase":"Alto","nivel_medio":2.555,"nivel_medio_min":2.528,"nivel_medio_max":2.582,"pct_alto":58.5,"n_hexagonos":2,"area_ha":123.33}},{"type":"Feature","geometry":{"type":"Polygon","coordinates":[[[-70.979916,-34.974247],[-70.980548,-34.970095],[-70.985637,-34.968804],[-70.990095,-34.971667],[-70.989464,-34.97582],[-70.984374,-34.97711],[-70.979916,-34.974247]]]},"properties":{"comuna":"Romeral","mancha_id":"07306-88b2ceda2dfffff","clase":"Alto","nivel_medio":2.58,"nivel_medio_min":2.58,"nivel_medio_max":2.58,"pct_alto":59.9,"n_hexagonos":1,"area_ha":61.76}},{"type":"Feature","geometry":{"type":"Polygon","coordinates":[[[-70.98002,-35.069969],[-70.980652,-35.065823],[-70.985743,-35.064536],[-70.990203,-35.067396],[-70.989571,-35.071542],[-70.984479,-35.072829],[-70.98002,-35.069969]]]},"properties":{"comuna":"Romeral","mancha_id":"07306-88b2ced999fffff","clase":"Alto","nivel_medio":2.534,"nivel_medio_min":2.534,"nivel_medio_max":2.534,"pct_alto":61.3,"n_hexagonos":1,"area_ha":61.62}},{"type":"Feature","geometry":{"type":"Polygon","coordinates":[[[-70.999123,-35.073115],[-70.999755,-35.068969],[-71.004847,-35.067681],[-71.009308,-35.070541],[-71.014401,-35.069253],[-71.018862,-35.072112],[-71.0188,-35.072518],[-71.018587,-35.07263],[-71.016368,-35.073182],[-71.01512,-35.073589],[-71.014062,-35.073953],[-71.013385,-35.074127],[-71.012934,-35.0743],[-71.012465,-35.074404],[-71.012181,-35.07461],[-71.011959,-35.074832],[-71.011701,-35.075019],[-71.011458,-35.075203],[-71.011209,-35.075382],[-71.010952,-35.075429],[-71.010365,-35.075532],[-71.010036,-35.075559],[-71.009758,-35.075581],[-71.009358,-35.075652],[-71.008845,-35.075874],[-71.008529,-35.076084],[-71.008377,-35.076237],[-71.008037,-35.076389],[-71.007546,-35.076482],[-71.007148,-35.076599],[-71.006633,-35.076693],[-71.005163,-35.077009],[-71.004372,-35.077178],[-71.003657,-35.077246],[-71.003384,-35.077283],[-71.002896,-35.077349],[-71.002252,-35.077305],[-71.001638,-35.0771],[-71.001272,-35.076968],[-71.000701,-35.076953],[-71.00016,-35.076924],[-71.0,-35.076936],[-70.999165,-35.076997],[-70.998108,-35.077092],[-70.997351,-35.077188],[-70.996751,-35.077363],[-70.996122,-35.077627],[-70.995741,-35.07789],[-70.995229,-35.078124],[-70.994788,-35.078252],[-70.994337,-35.078431],[-70.993678,-35.078461],[-70.993423,-35.078395],[-70.994031,-35.074402],[-70.999123,-35.073115]]]},"properties":{"comuna":"Romeral","mancha_id":"07306-88b2ced983fffff","clase":"Alto","nivel_medio":2.62,"nivel_medio_min":2.571,"nivel_medio_max":2.81,"pct_alto":62.6,"n_hexagonos":4,"area_ha":140.29}},{"type":"Feature","geometry":{"type":"Polygon","coordinates":[[[-71.020085,-35.03192],[-71.020716,-35.02777],[-71.025808,-35.02648],[-71.030269,-35.02934],[-71.029638,-35.03349],[-71.024545,-35.034779],[-71.020085,-35.03192]]]},"properties":{"comuna":"Romeral","mancha_id":"07306-88b2ced919fffff","clase":"Alto","nivel_medio":2.526,"nivel_medio_min":2.526,"nivel_medio_max":2.526,"pct_alto":57.4,"n_hexagonos":1,"area_ha":61.7}},{"type":"Feature","geometry":{"type":"Polygon","coordinates":[[[-71.035361,-35.02805],[-71.035993,-35.023899],[-71.041085,-35.022609],[-71.045546,-35.025468],[-71.044915,-35.029619],[-71.039823,-35.030909],[-71.035361,-35.02805]]]},"properties":{"comuna":"Romeral","mancha_id":"07306-88b2ced90bfffff","clase":"Alto","nivel_medio":2.529,"nivel_medio_min":2.529,"nivel_medio_max":2.529,"pct_alto":53.0,"n_hexagonos":1,"area_ha":61.72}},{"type":"Feature","geometry":{"type":"Polygon","coordinates":[[[-70.953869,-35.01676],[-70.949412,-35.013898],[-70.944322,-35.015185],[-70.939866,-35.012322],[-70.940498,-35.008173],[-70.945587,-35.006886],[-70.950044,-35.009748],[-70.955133,-35.008461],[-70.959591,-35.011323],[-70.958959,-35.015473],[-70.953869,-35.01676]]]},"properties":{"comuna":"Romeral","mancha_id":"07306-88b2ced853fffff","clase":"Alto","nivel_medio":2.619,"nivel_medio_min":2.502,"nivel_medio_max":2.736,"pct_alto":71.7,"n_hexagonos":2,"area_ha":123.36}},{"type":"Feature","geometry":{"type":"Polygon","coordinates":[[[-70.970402,-35.004598],[-70.971035,-35.000447],[-70.976124,-34.999158],[-70.980582,-35.00202],[-70.985673,-35.000731],[-70.986305,-34.99658],[-70.991395,-34.995291],[-70.995853,-34.998153],[-71.000944,-34.996863],[-71.001576,-34.992711],[-70.997117,-34.989849],[-70.997749,-34.985697],[-71.002839,-34.984407],[-71.007298,-34.987269],[-71.012389,-34.985978],[-71.016848,-34.988839],[-71.016217,-34.992992],[-71.020676,-34.995853],[-71.025768,-34.994562],[-71.026399,-34.990409],[-71.03149,-34.989118],[-71.035951,-34.991979],[-71.035319,-34.996131],[-71.030228,-34.997423],[-71.029597,-35.001575],[-71.024505,-35.002866],[-71.023874,-35.007017],[-71.018782,-35.008307],[-71.014322,-35.005447],[-71.009231,-35.006737],[-71.004772,-35.003876],[-70.999681,-35.005165],[-70.999049,-35.009316],[-70.993958,-35.010605],[-70.989499,-35.007744],[-70.984409,-35.009033],[-70.979951,-35.006171],[-70.97486,-35.00746],[-70.974228,-35.01161],[-70.969138,-35.012898],[-70.964681,-35.010036],[-70.965313,-35.005886],[-70.970402,-35.004598]]]},"properties":{"comuna":"Romeral","mancha_id":"07306-88b2ced843fffff","clase":"Alto","nivel_medio":2.74,"nivel_medio_min":2.583,"nivel_medio_max":2.981,"pct_alto":77.6,"n_hexagonos":14,"area_ha":864.29}},{"type":"Feature","geometry":{"type":"Polygon","coordinates":[[[-70.579563,-35.003273],[-70.5802,-34.99913],[-70.585278,-34.99786],[-70.589719,-35.000732],[-70.589082,-35.004875],[-70.584004,-35.006145],[-70.579563,-35.003273]]]},"properties":{"comuna":"Romeral","mancha_id":"07306-88b2ced699fffff","clase":"Alto","nivel_medio":2.606,"nivel_medio_min":2.606,"nivel_medio_max":2.606,"pct_alto":83.8,"n_hexagonos":1,"area_ha":61.45}},{"type":"Feature","geometry":{"type":"Polygon","coordinates":[[[-70.751006,-34.936301],[-70.75164,-34.93215],[-70.756722,-34.930869],[-70.761169,-34.933739],[-70.760535,-34.93789],[-70.755453,-34.939171],[-70.751006,-34.936301]]]},"properties":{"comuna":"Romeral","mancha_id":"07306-88b2ced281fffff","clase":"Alto","nivel_medio":2.774,"nivel_medio_min":2.774,"nivel_medio_max":2.774,"pct_alto":75.5,"n_hexagonos":1,"area_ha":61.67}},{"type":"Feature","geometry":{"type":"Polygon","coordinates":[[[-70.867344,-35.006704],[-70.867978,-35.002556],[-70.863524,-34.999691],[-70.864158,-34.995542],[-70.869244,-34.994258],[-70.873698,-34.997123],[-70.878784,-34.995839],[-70.883238,-34.998704],[-70.888325,-34.997419],[-70.888958,-34.99327],[-70.884504,-34.990405],[-70.885138,-34.986255],[-70.890224,-34.98497],[-70.894679,-34.987835],[-70.899766,-34.986549],[-70.90422,-34.989414],[-70.903587,-34.993564],[-70.908042,-34.996428],[-70.91313,-34.995142],[-70.917585,-34.998006],[-70.916953,-35.002155],[-70.911865,-35.003441],[-70.907409,-35.000577],[-70.902322,-35.001863],[-70.897867,-34.998999],[-70.89278,-35.000284],[-70.892146,-35.004433],[-70.887059,-35.005717],[-70.886426,-35.009866],[-70.881339,-35.01115],[-70.876885,-35.008285],[-70.871798,-35.009569],[-70.871164,-35.013717],[-70.866077,-35.015],[-70.861624,-35.012135],[-70.856537,-35.013418],[-70.852085,-35.010553],[-70.852718,-35.006405],[-70.857804,-35.005122],[-70.862258,-35.007987],[-70.867344,-35.006704]]]},"properties":{"comuna":"Romeral","mancha_id":"07306-88b2ced1a1fffff","clase":"Alto","nivel_medio":2.718,"nivel_medio_min":2.519,"nivel_medio_max":2.868,"pct_alto":73.8,"n_hexagonos":12,"area_ha":739.87}},{"type":"Feature","geometry":{"type":"Polygon","coordinates":[[[-70.754823,-34.975236],[-70.755458,-34.971087],[-70.76054,-34.969807],[-70.761175,-34.965659],[-70.766258,-34.964378],[-70.770706,-34.967247],[-70.770071,-34.971396],[-70.764988,-34.972676],[-70.764354,-34.976824],[-70.759271,-34.978104],[-70.754823,-34.975236]]]},"properties":{"comuna":"Romeral","mancha_id":"07306-88b2ced0d1fffff","clase":"Alto","nivel_medio":2.707,"nivel_medio_min":2.673,"nivel_medio_max":2.741,"pct_alto":68.1,"n_hexagonos":2,"area_ha":123.24}},{"type":"Feature","geometry":{"type":"Polygon","coordinates":[[[-70.756732,-34.994694],[-70.751649,-34.995973],[-70.751014,-35.000119],[-70.745932,-35.001397],[-70.741484,-34.998529],[-70.736401,-34.999807],[-70.731954,-34.996938],[-70.732589,-34.992792],[-70.737671,-34.991514],[-70.738306,-34.987367],[-70.743388,-34.986089],[-70.747836,-34.988957],[-70.752919,-34.987679],[-70.757367,-34.990547],[-70.756732,-34.994694]]]},"properties":{"comuna":"Romeral","mancha_id":"07306-88b2ced09bfffff","clase":"Alto","nivel_medio":2.803,"nivel_medio_min":2.563,"nivel_medio_max":3.101,"pct_alto":58.1,"n_hexagonos":4,"area_ha":246.29}},{"type":"Feature","geometry":{"type":"Polygon","coordinates":[[[-70.952034,-35.092974],[-70.957125,-35.09169],[-70.957531,-35.091951],[-70.957256,-35.092279],[-70.957092,-35.092739],[-70.956959,-35.093259],[-70.956798,-35.093769],[-70.956292,-35.094431],[-70.955905,-35.094758],[-70.955468,-35.094982],[-70.954747,-35.09559],[-70.953451,-35.09643],[-70.952347,-35.096718],[-70.951417,-35.097129],[-70.951401,-35.097118],[-70.952034,-35.092974]]]},"properties":{"comuna":"Romeral","mancha_id":"07306-88b2ceca55fffff","clase":"Alto","nivel_medio":2.554,"nivel_medio_min":2.554,"nivel_medio_max":2.554,"pct_alto":56.3,"n_hexagonos":1,"area_ha":17.75}},{"type":"Feature","geometry":{"type":"Polygon","coordinates":[[[-70.941852,-35.095542],[-70.94631,-35.098402],[-70.945956,-35.100719],[-70.944979,-35.101061],[-70.943648,-35.100832],[-70.941598,-35.099692],[-70.93959,-35.098523],[-70.938068,-35.09798],[-70.937085,-35.098062],[-70.936544,-35.098242],[-70.936761,-35.096825],[-70.941852,-35.095542]]]},"properties":{"comuna":"Romeral","mancha_id":"07306-88b2ceca53fffff","clase":"Alto","nivel_medio":2.933,"nivel_medio_min":2.933,"nivel_medio_max":2.933,"pct_alto":96.0,"n_hexagonos":1,"area_ha":28.91}},{"type":"Feature","geometry":{"type":"Polygon","coordinates":[[[-70.968572,-35.080832],[-70.973032,-35.083691],[-70.972846,-35.084911],[-70.972493,-35.085197],[-70.971386,-35.085447],[-70.970636,-35.085625],[-70.9701,-35.085875],[-70.969314,-35.086697],[-70.968976,-35.087223],[-70.968528,-35.087697],[-70.968028,-35.088162],[-70.967027,-35.088485],[-70.966214,-35.088419],[-70.962849,-35.086261],[-70.963481,-35.082117],[-70.968572,-35.080832]]]},"properties":{"comuna":"Romeral","mancha_id":"07306-88b2ceca41fffff","clase":"Alto","nivel_medio":2.52,"nivel_medio_min":2.52,"nivel_medio_max":2.52,"pct_alto":55.5,"n_hexagonos":1,"area_ha":50.56}},{"type":"Feature","geometry":{"type":"Polygon","coordinates":[[[-70.768201,-35.143149],[-70.768836,-35.139012],[-70.773922,-35.137739],[-70.778374,-35.140602],[-70.777739,-35.144739],[-70.772653,-35.146013],[-70.768201,-35.143149]]]},"properties":{"comuna":"Romeral","mancha_id":"07306-88b2cec569fffff","clase":"Alto","nivel_medio":2.741,"nivel_medio_min":2.741,"nivel_medio_max":2.741,"pct_alto":74.2,"n_hexagonos":1,"area_ha":61.37}},{"type":"Feature","geometry":{"type":"Polygon","coordinates":[[[-70.722428,-35.154599],[-70.723063,-35.150464],[-70.728149,-35.149193],[-70.732599,-35.152057],[-70.731963,-35.156192],[-70.726877,-35.157463],[-70.722428,-35.154599]]]},"properties":{"comuna":"Romeral","mancha_id":"07306-88b2cec553fffff","clase":"Alto","nivel_medio":2.766,"nivel_medio_min":2.766,"nivel_medio_max":2.766,"pct_alto":76.7,"n_hexagonos":1,"area_ha":61.33}},{"type":"Feature","geometry":{"type":"Polygon","coordinates":[[[-70.627092,-35.202214],[-70.627729,-35.198084],[-70.632812,-35.196819],[-70.637259,-35.199684],[-70.642343,-35.198419],[-70.64679,-35.201284],[-70.646153,-35.205414],[-70.641069,-35.206679],[-70.636622,-35.203814],[-70.631539,-35.205079],[-70.627092,-35.202214]]]},"properties":{"comuna":"Romeral","mancha_id":"07306-88b2cec497fffff","clase":"Alto","nivel_medio":2.573,"nivel_medio_min":2.501,"nivel_medio_max":2.645,"pct_alto":73.4,"n_hexagonos":2,"area_ha":122.39}},{"type":"Feature","geometry":{"type":"Polygon","coordinates":[[[-70.791712,-35.085517],[-70.78726,-35.082652],[-70.782175,-35.083929],[-70.777724,-35.081064],[-70.778358,-35.076923],[-70.783444,-35.075646],[-70.787895,-35.078511],[-70.792981,-35.077234],[-70.797432,-35.080098],[-70.796798,-35.08424],[-70.791712,-35.085517]]]},"properties":{"comuna":"Romeral","mancha_id":"07306-88b2cec2a1fffff","clase":"Alto","nivel_medio":2.537,"nivel_medio_min":2.527,"nivel_medio_max":2.548,"pct_alto":54.8,"n_hexagonos":2,"area_ha":122.95}},{"type":"Feature","geometry":{"type":"Polygon","coordinates":[[[-70.802496,-35.015072],[-70.797411,-35.016352],[-70.796777,-35.020498],[-70.801228,-35.023364],[-70.800593,-35.02751],[-70.795508,-35.028789],[-70.791058,-35.025923],[-70.791692,-35.021778],[-70.787242,-35.018911],[-70.782158,-35.02019],[-70.777708,-35.017324],[-70.772624,-35.018602],[-70.768174,-35.015735],[-70.763091,-35.017014],[-70.758642,-35.014146],[-70.753558,-35.015424],[-70.752923,-35.01957],[-70.74784,-35.020847],[-70.747205,-35.024992],[-70.751654,-35.027859],[-70.751019,-35.032003],[-70.755468,-35.03487],[-70.760552,-35.033593],[-70.765001,-35.03646],[-70.764366,-35.040604],[-70.759282,-35.041881],[-70.754833,-35.039014],[-70.749749,-35.040291],[-70.7453,-35.037424],[-70.740217,-35.0387],[-70.739582,-35.042844],[-70.74403,-35.045711],[-70.743395,-35.049854],[-70.738312,-35.051129],[-70.733863,-35.048262],[-70.734498,-35.04412],[-70.73005,-35.041252],[-70.730685,-35.037109],[-70.726238,-35.034242],[-70.721155,-35.035517],[-70.716707,-35.032649],[-70.717343,-35.028506],[-70.722425,-35.02723],[-70.72306,-35.023086],[-70.728143,-35.02181],[-70.728778,-35.017665],[-70.733861,-35.016389],[-70.734496,-35.012244],[-70.739579,-35.010966],[-70.740214,-35.006821],[-70.745297,-35.005543],[-70.749745,-35.008411],[-70.754828,-35.007133],[-70.755463,-35.002987],[-70.760546,-35.001708],[-70.764995,-35.004576],[-70.770078,-35.003297],[-70.770713,-34.999151],[-70.775796,-34.997871],[-70.780246,-35.000739],[-70.78533,-34.999459],[-70.785964,-34.995312],[-70.791048,-34.994031],[-70.791682,-34.989884],[-70.787233,-34.987016],[-70.787867,-34.982868],[-70.792951,-34.981587],[-70.79483,-34.982798],[-70.794809,-34.982915],[-70.794391,-34.984867],[-70.794623,-34.98682],[-70.796407,-34.988694],[-70.796448,-34.988737],[-70.797842,-34.990248],[-70.798714,-34.991119],[-70.801065,-34.992463],[-70.800582,-34.995618],[-70.805033,-34.998485],[-70.809285,-34.997413],[-70.809405,-34.997511],[-70.810218,-34.997627],[-70.810857,-34.99768],[-70.814568,-35.00007],[-70.813934,-35.004218],[-70.808849,-35.005498],[-70.804399,-35.002632],[-70.799314,-35.003913],[-70.79868,-35.008059],[-70.80313,-35.010926],[-70.802496,-35.015072]]]},"properties":{"comuna":"Romeral","mancha_id":"07306-88b2cec24bfffff","clase":"Alto","nivel_medio":2.735,"nivel_medio_min":2.51,"nivel_medio_max":3.237,"pct_alto":73.3,"n_hexagonos":34,"area_ha":2076.14}},{"type":"Feature","geometry":{"type":"Polygon","coordinates":[[[-70.812032,-35.016658],[-70.812666,-35.012512],[-70.817751,-35.011231],[-70.822203,-35.014097],[-70.827288,-35.012816],[-70.827922,-35.008668],[-70.833008,-35.007387],[-70.83746,-35.010252],[-70.842546,-35.00897],[-70.846998,-35.011836],[-70.846365,-35.015983],[-70.850817,-35.018848],[-70.850184,-35.022995],[-70.845097,-35.024277],[-70.844464,-35.028423],[-70.839377,-35.029704],[-70.838743,-35.03385],[-70.833657,-35.035131],[-70.829205,-35.032266],[-70.829839,-35.02812],[-70.825387,-35.025255],[-70.826021,-35.021109],[-70.821569,-35.018243],[-70.816483,-35.019524],[-70.812032,-35.016658]]]},"properties":{"comuna":"Romeral","mancha_id":"07306-88b2cec245fffff","clase":"Alto","nivel_medio":2.637,"nivel_medio_min":2.507,"nivel_medio_max":2.827,"pct_alto":67.2,"n_hexagonos":9,"area_ha":554.35}},{"type":"Feature","geometry":{"type":"Polygon","coordinates":[[[-70.928478,-35.08696],[-70.929111,-35.082816],[-70.934201,-35.081533],[-70.938659,-35.084394],[-70.938026,-35.088538],[-70.932936,-35.089821],[-70.928478,-35.08696]]]},"properties":{"comuna":"Romeral","mancha_id":"07306-88b2cec165fffff","clase":"Alto","nivel_medio":2.508,"nivel_medio_min":2.508,"nivel_medio_max":2.508,"pct_alto":57.9,"n_hexagonos":1,"area_ha":61.56}},{"type":"Feature","geometry":{"type":"Polygon","coordinates":[[[-70.867403,-35.102337],[-70.868037,-35.098196],[-70.873126,-35.096916],[-70.877581,-35.099777],[-70.876948,-35.103919],[-70.871859,-35.105199],[-70.867403,-35.102337]]]},"properties":{"comuna":"Romeral","mancha_id":"07306-88b2cec11bfffff","clase":"Alto","nivel_medio":2.595,"nivel_medio_min":2.595,"nivel_medio_max":2.595,"pct_alto":77.6,"n_hexagonos":1,"area_ha":61.5}},{"type":"Feature","geometry":{"type":"Polygon","coordinates":[[[-70.783461,-35.139328],[-70.784096,-35.13519],[-70.789183,-35.133915],[-70.793635,-35.136778],[-70.793001,-35.140916],[-70.787913,-35.14219],[-70.783461,-35.139328]]]},"properties":{"comuna":"Romeral","mancha_id":"07306-88b2cec0bbfffff","clase":"Alto","nivel_medio":2.731,"nivel_medio_min":2.731,"nivel_medio_max":2.731,"pct_alto":74.0,"n_hexagonos":1,"area_ha":61.39}},{"type":"Feature","geometry":{"type":"Polygon","coordinates":[[[-70.450004,-35.146908],[-70.450643,-35.142777],[-70.45572,-35.141518],[-70.460158,-35.14439],[-70.465234,-35.143131],[-70.469673,-35.146002],[-70.469034,-35.150132],[-70.463957,-35.151391],[-70.459519,-35.14852],[-70.454442,-35.149779],[-70.450004,-35.146908]]]},"properties":{"comuna":"Romeral","mancha_id":"07306-88b2ce8d0dfffff","clase":"Alto","nivel_medio":2.663,"nivel_medio_min":2.533,"nivel_medio_max":2.794,"pct_alto":76.2,"n_hexagonos":2,"area_ha":122.31}},{"type":"Feature","geometry":{"type":"Polygon","coordinates":[[[-70.476666,-35.132348],[-70.477304,-35.128217],[-70.482381,-35.126956],[-70.48682,-35.129827],[-70.486182,-35.133959],[-70.481104,-35.13522],[-70.476666,-35.132348]]]},"properties":{"comuna":"Romeral","mancha_id":"07306-88b2ce88bbfffff","clase":"Alto","nivel_medio":2.634,"nivel_medio_min":2.634,"nivel_medio_max":2.634,"pct_alto":69.3,"n_hexagonos":1,"area_ha":61.19}},{"type":"Feature","geometry":{"type":"Polygon","coordinates":[[[-70.501414,-35.130175],[-70.502053,-35.126043],[-70.50713,-35.124781],[-70.51157,-35.127651],[-70.516648,-35.126389],[-70.521089,-35.129259],[-70.520451,-35.133392],[-70.515372,-35.134654],[-70.510932,-35.131784],[-70.505854,-35.133046],[-70.501414,-35.130175]]]},"properties":{"comuna":"Romeral","mancha_id":"07306-88b2ce88a3fffff","clase":"Alto","nivel_medio":2.694,"nivel_medio_min":2.583,"nivel_medio_max":2.804,"pct_alto":79.3,"n_hexagonos":2,"area_ha":122.43}},{"type":"Feature","geometry":{"type":"Polygon","coordinates":[[[-70.682376,-35.224194],[-70.683012,-35.220065],[-70.688098,-35.218798],[-70.692547,-35.221661],[-70.691911,-35.225791],[-70.686825,-35.227057],[-70.682376,-35.224194]]]},"properties":{"comuna":"Romeral","mancha_id":"07306-88b2ce1a6bfffff","clase":"Alto","nivel_medio":2.572,"nivel_medio_min":2.572,"nivel_medio_max":2.572,"pct_alto":73.4,"n_hexagonos":1,"area_ha":61.2}},{"type":"Feature","geometry":{"type":"Polygon","coordinates":[[[-71.151833,-34.970505],[-71.152462,-34.966349],[-71.155466,-34.965583],[-71.155589,-34.965757],[-71.155782,-34.96603],[-71.155928,-34.966235],[-71.155979,-34.966308],[-71.156041,-34.966387],[-71.156435,-34.966892],[-71.156629,-34.967139],[-71.15663,-34.967142],[-71.15668,-34.967205],[-71.156373,-34.967482],[-71.155286,-34.968295],[-71.154895,-34.968524],[-71.15471,-34.968649],[-71.153709,-34.969328],[-71.15381,-34.969476],[-71.153769,-34.969733],[-71.153739,-34.969894],[-71.153737,-34.969907],[-71.153681,-34.970214],[-71.153651,-34.970379],[-71.153565,-34.970747],[-71.153558,-34.970824],[-71.153522,-34.97122],[-71.153491,-34.971566],[-71.15343,-34.97224],[-71.153405,-34.972515],[-71.15334,-34.973242],[-71.153306,-34.973625],[-71.153203,-34.97495],[-71.15292,-34.975313],[-71.152709,-34.975584],[-71.15235,-34.976043],[-71.151281,-34.977418],[-71.150974,-34.977813],[-71.150715,-34.978146],[-71.150291,-34.978637],[-71.150175,-34.978772],[-71.149984,-34.978973],[-71.14977,-34.979102],[-71.149366,-34.979216],[-71.149175,-34.979262],[-71.14856,-34.97941],[-71.148299,-34.979472],[-71.147706,-34.979579],[-71.146208,-34.98036],[-71.145772,-34.980588],[-71.144377,-34.981318],[-71.143951,-34.981658],[-71.142857,-34.982533],[-71.142596,-34.98282],[-71.142591,-34.982825],[-71.140384,-34.981412],[-71.141014,-34.977256],[-71.146108,-34.975959],[-71.146738,-34.971803],[-71.151833,-34.970505]]]},"properties":{"comuna":"Romeral","mancha_id":"07306-88b2c3ac27fffff","clase":"Alto","nivel_medio":2.735,"nivel_medio_min":2.623,"nivel_medio_max":2.947,"pct_alto":61.0,"n_hexagonos":3,"area_ha":93.73}},{"type":"Feature","geometry":{"type":"Polygon","coordinates":[[[-71.064702,-35.060509],[-71.060239,-35.057651],[-71.055145,-35.058942],[-71.050683,-35.056083],[-71.051314,-35.051935],[-71.056408,-35.050644],[-71.06087,-35.053503],[-71.065964,-35.052212],[-71.070427,-35.05507],[-71.069796,-35.059219],[-71.064702,-35.060509]]]},"properties":{"comuna":"Romeral","mancha_id":"07306-88b2c336cbfffff","clase":"Alto","nivel_medio":2.724,"nivel_medio_min":2.696,"nivel_medio_max":2.753,"pct_alto":73.7,"n_hexagonos":2,"area_ha":123.38}},{"type":"Feature","geometry":{"type":"Polygon","coordinates":[[[-71.073628,-35.066225],[-71.078092,-35.069082],[-71.083186,-35.067791],[-71.08516,-35.069054],[-71.084658,-35.069132],[-71.082298,-35.069212],[-71.081088,-35.069472],[-71.079298,-35.070302],[-71.077836,-35.070763],[-71.077588,-35.070842],[-71.076838,-35.071412],[-71.076208,-35.071462],[-71.075236,-35.071179],[-71.074364,-35.070766],[-71.072964,-35.070047],[-71.072207,-35.069971],[-71.071715,-35.06982],[-71.071408,-35.069812],[-71.070382,-35.069759],[-71.069837,-35.069759],[-71.069292,-35.069457],[-71.068818,-35.068952],[-71.068405,-35.068366],[-71.068534,-35.067515],[-71.073628,-35.066225]]]},"properties":{"comuna":"Romeral","mancha_id":"07306-88b2c33689fffff","clase":"Alto","nivel_medio":2.698,"nivel_medio_min":2.691,"nivel_medio_max":2.724,"pct_alto":76.0,"n_hexagonos":2,"area_ha":38.64}},{"type":"Feature","geometry":{"type":"Polygon","coordinates":[[[-70.680512,-34.950056],[-70.681147,-34.945907],[-70.686227,-34.94463],[-70.690671,-34.947501],[-70.695751,-34.946224],[-70.700196,-34.949095],[-70.699561,-34.953243],[-70.69448,-34.954521],[-70.693845,-34.958669],[-70.688765,-34.959946],[-70.688129,-34.964094],[-70.683049,-34.965371],[-70.678605,-34.9625],[-70.67924,-34.958352],[-70.674796,-34.955481],[-70.675432,-34.951333],[-70.680512,-34.950056]]]},"properties":{"comuna":"Romeral","mancha_id":"07306-88b2c16db3fffff","clase":"Alto","nivel_medio":2.893,"nivel_medio_min":2.581,"nivel_medio_max":3.271,"pct_alto":86.0,"n_hexagonos":5,"area_ha":307.97}},{"type":"Feature","geometry":{"type":"Polygon","coordinates":[[[-70.726233,-34.906622],[-70.726868,-34.90247],[-70.731948,-34.901188],[-70.736394,-34.90406],[-70.735759,-34.908212],[-70.740205,-34.911084],[-70.73957,-34.915236],[-70.744016,-34.918107],[-70.743382,-34.922258],[-70.747828,-34.925129],[-70.747194,-34.92928],[-70.742112,-34.930561],[-70.737666,-34.92769],[-70.732585,-34.928971],[-70.73195,-34.933121],[-70.736396,-34.935992],[-70.735761,-34.940142],[-70.740208,-34.943012],[-70.739573,-34.947162],[-70.74402,-34.950032],[-70.743385,-34.954182],[-70.747832,-34.957051],[-70.752914,-34.955771],[-70.753549,-34.951622],[-70.758631,-34.950341],[-70.763079,-34.953211],[-70.762444,-34.95736],[-70.757362,-34.958641],[-70.756727,-34.96279],[-70.751645,-34.96407],[-70.747197,-34.9612],[-70.742115,-34.96248],[-70.741481,-34.966628],[-70.745928,-34.969498],[-70.745293,-34.973646],[-70.740211,-34.974925],[-70.735764,-34.972056],[-70.730682,-34.973334],[-70.726235,-34.970465],[-70.721154,-34.971743],[-70.720519,-34.97589],[-70.724965,-34.97876],[-70.730047,-34.977482],[-70.734494,-34.980351],[-70.733859,-34.984498],[-70.728777,-34.985776],[-70.728142,-34.989923],[-70.72306,-34.9912],[-70.722425,-34.995347],[-70.726872,-34.998215],[-70.726236,-35.002361],[-70.721154,-35.003638],[-70.720519,-35.007784],[-70.715437,-35.00906],[-70.71099,-35.006191],[-70.705909,-35.007467],[-70.705273,-35.011612],[-70.700191,-35.012888],[-70.699556,-35.017032],[-70.704002,-35.019901],[-70.703367,-35.024045],[-70.698285,-35.02532],[-70.697649,-35.029463],[-70.692567,-35.030737],[-70.688121,-35.027869],[-70.68304,-35.029143],[-70.682404,-35.033286],[-70.68685,-35.036154],[-70.691932,-35.03488],[-70.696378,-35.037749],[-70.70146,-35.036474],[-70.705907,-35.039343],[-70.710989,-35.038068],[-70.715437,-35.040936],[-70.720519,-35.03966],[-70.724967,-35.042528],[-70.724332,-35.046671],[-70.719249,-35.047946],[-70.714801,-35.045078],[-70.709719,-35.046353],[-70.709083,-35.050495],[-70.704,-35.051769],[-70.703365,-35.055911],[-70.698282,-35.057185],[-70.697647,-35.061326],[-70.692564,-35.062599],[-70.688117,-35.059731],[-70.688753,-35.05559],[-70.684307,-35.052722],[-70.679225,-35.053995],[-70.674779,-35.051127],[-70.675415,-35.046985],[-70.67097,-35.044117],[-70.671605,-35.039975],[-70.66716,-35.037106],[-70.662079,-35.038379],[-70.661443,-35.04252],[-70.656362,-35.043793],[-70.655726,-35.047934],[-70.660171,-35.050803],[-70.665252,-35.049531],[-70.669698,-35.052399],[-70.669062,-35.05654],[-70.66398,-35.057812],[-70.659535,-35.054944],[-70.654454,-35.056216],[-70.650009,-35.053347],[-70.644928,-35.054618],[-70.644292,-35.058758],[-70.639211,-35.060029],[-70.634767,-35.05716],[-70.635403,-35.05302],[-70.630959,-35.05015],[-70.631596,-35.04601],[-70.627152,-35.04314],[-70.622072,-35.04441],[-70.621436,-35.048551],[-70.625879,-35.051421],[-70.625243,-35.055561],[-70.620163,-35.056831],[-70.615719,-35.053961],[-70.610639,-35.055231],[-70.606197,-35.052361],[-70.601117,-35.05363],[-70.60048,-35.05777],[-70.595401,-35.059039],[-70.590959,-35.056168],[-70.58588,-35.057437],[-70.581438,-35.054566],[-70.582075,-35.050427],[-70.577634,-35.047556],[-70.578271,-35.043416],[-70.583349,-35.042147],[-70.583986,-35.038007],[-70.589065,-35.036738],[-70.589702,-35.032597],[-70.59478,-35.031327],[-70.599222,-35.034199],[-70.598585,-35.038339],[-70.593507,-35.039609],[-70.59287,-35.043749],[-70.597312,-35.04662],[-70.602391,-35.04535],[-70.603028,-35.04121],[-70.608107,-35.03994],[-70.61255,-35.042811],[-70.617629,-35.04154],[-70.618266,-35.037399],[-70.623345,-35.036128],[-70.627789,-35.038999],[-70.632869,-35.037727],[-70.637312,-35.040597],[-70.636676,-35.044738],[-70.64112,-35.047608],[-70.646201,-35.046337],[-70.646837,-35.042195],[-70.642393,-35.039326],[-70.643029,-35.035184],[-70.648109,-35.033912],[-70.652554,-35.036782],[-70.657634,-35.035509],[-70.65827,-35.031367],[-70.663351,-35.030094],[-70.663987,-35.025952],[-70.659543,-35.023082],[-70.660179,-35.018939],[-70.665259,-35.017665],[-70.669704,-35.020535],[-70.674785,-35.019261],[-70.675421,-35.015118],[-70.670976,-35.012248],[-70.665895,-35.013522],[-70.661451,-35.010652],[-70.65637,-35.011925],[-70.651926,-35.009055],[-70.652562,-35.004911],[-70.648119,-35.002041],[-70.648755,-34.997896],[-70.644311,-34.995026],[-70.644947,-34.990881],[-70.650027,-34.989607],[-70.650663,-34.985462],[-70.64622,-34.982591],[-70.646856,-34.978445],[-70.651935,-34.977171],[-70.656378,-34.980042],[-70.655742,-34.984187],[-70.660186,-34.987058],[-70.665266,-34.985784],[-70.665902,-34.981638],[-70.670982,-34.980363],[-70.675426,-34.983233],[-70.680507,-34.981958],[-70.684951,-34.984828],[-70.684316,-34.988974],[-70.688761,-34.991844],[-70.693842,-34.990568],[-70.694477,-34.986422],[-70.690032,-34.983552],[-70.690668,-34.979406],[-70.686223,-34.976535],[-70.686858,-34.972389],[-70.691939,-34.971112],[-70.692574,-34.966965],[-70.697655,-34.965688],[-70.69829,-34.96154],[-70.703371,-34.960262],[-70.707816,-34.963133],[-70.712897,-34.961855],[-70.717343,-34.964725],[-70.722424,-34.963447],[-70.723059,-34.959298],[-70.718613,-34.956428],[-70.719248,-34.952279],[-70.714802,-34.949409],[-70.715438,-34.94526],[-70.720518,-34.943981],[-70.721153,-34.939831],[-70.716708,-34.93696],[-70.711627,-34.938239],[-70.707182,-34.935368],[-70.707817,-34.931218],[-70.712898,-34.929939],[-70.713533,-34.925788],[-70.718613,-34.924509],[-70.719248,-34.920358],[-70.724328,-34.919078],[-70.724963,-34.914926],[-70.720518,-34.912055],[-70.721153,-34.907903],[-70.726233,-34.906622]],[[-70.681137,-35.009699],[-70.680502,-35.013843],[-70.684947,-35.016713],[-70.684311,-35.020856],[-70.688757,-35.023725],[-70.693839,-35.022451],[-70.694474,-35.018307],[-70.690028,-35.015438],[-70.690664,-35.011294],[-70.686218,-35.008424],[-70.681137,-35.009699]],[[-70.671612,-35.008104],[-70.676692,-35.006829],[-70.677328,-35.002685],[-70.672883,-34.999815],[-70.667803,-35.001089],[-70.663358,-34.998219],[-70.658278,-34.999493],[-70.657642,-35.003638],[-70.662087,-35.006508],[-70.667167,-35.005234],[-70.671612,-35.008104]],[[-70.709721,-34.982592],[-70.705275,-34.979723],[-70.700194,-34.980999],[-70.699558,-34.985146],[-70.704004,-34.988016],[-70.709085,-34.986739],[-70.709721,-34.982592]]]},"properties":{"comuna":"Romeral","mancha_id":"07306-88b2c16d31fffff","clase":"Alto","nivel_medio":2.928,"nivel_medio_min":2.501,"nivel_medio_max":3.482,"pct_alto":79.8,"n_hexagonos":115,"area_ha":7075.73}},{"type":"Feature","geometry":{"type":"Polygon","coordinates":[[[-70.728167,-34.893973],[-70.728138,-34.894164],[-70.723744,-34.895272],[-70.724889,-34.894793],[-70.727224,-34.894209],[-70.728167,-34.893973]]]},"properties":{"comuna":"Romeral","mancha_id":"07306-88b2c16d03fffff","clase":"Alto","nivel_medio":2.764,"nivel_medio_min":2.764,"nivel_medio_max":2.764,"pct_alto":90.8,"n_hexagonos":1,"area_ha":0.73}},{"type":"Feature","geometry":{"type":"Polygon","coordinates":[[[-70.688129,-34.964094],[-70.688765,-34.959946],[-70.693845,-34.958669],[-70.69829,-34.96154],[-70.697655,-34.965688],[-70.692574,-34.966965],[-70.688129,-34.964094]]]},"properties":{"comuna":"Romeral","mancha_id":"07306-88b2ced751fffff","clase":"Muy Alto","nivel_medio":3.799,"nivel_medio_min":3.799,"nivel_medio_max":3.799,"pct_alto":99.6,"n_hexagonos":1,"area_ha":61.58}},{"type":"Feature","geometry":{"type":"Polygon","coordinates":[[[-70.699558,-34.985146],[-70.700194,-34.980999],[-70.705275,-34.979723],[-70.709721,-34.982592],[-70.709085,-34.986739],[-70.704004,-34.988016],[-70.699558,-34.985146]]]},"properties":{"comuna":"Romeral","mancha_id":"07306-88b2ced715fffff","clase":"Muy Alto","nivel_medio":3.566,"nivel_medio_min":3.566,"nivel_medio_max":3.566,"pct_alto":97.3,"n_hexagonos":1,"area_ha":61.56}},{"type":"Feature","geometry":{"type":"Polygon","coordinates":[[[-70.655726,-35.047934],[-70.656362,-35.043793],[-70.661443,-35.04252],[-70.665888,-35.045389],[-70.67097,-35.044117],[-70.675415,-35.046985],[-70.674779,-35.051127],[-70.669698,-35.052399],[-70.665252,-35.049531],[-70.660171,-35.050803],[-70.655726,-35.047934]]]},"properties":{"comuna":"Romeral","mancha_id":"07306-88b2ced4e7fffff","clase":"Muy Alto","nivel_medio":3.685,"nivel_medio_min":3.628,"nivel_medio_max":3.742,"pct_alto":96.2,"n_hexagonos":2,"area_ha":122.88}},{"type":"Feature","geometry":{"type":"Polygon","coordinates":[[[-70.636676,-35.044738],[-70.637312,-35.040597],[-70.642393,-35.039326],[-70.646837,-35.042195],[-70.646201,-35.046337],[-70.64112,-35.047608],[-70.636676,-35.044738]]]},"properties":{"comuna":"Romeral","mancha_id":"07306-88b2ced48dfffff","clase":"Muy Alto","nivel_medio":3.81,"nivel_medio_min":3.81,"nivel_medio_max":3.81,"pct_alto":98.4,"n_hexagonos":1,"area_ha":61.43}},{"type":"Feature","geometry":{"type":"Polygon","coordinates":[[[-70.625243,-35.055561],[-70.625879,-35.051421],[-70.630959,-35.05015],[-70.635403,-35.05302],[-70.634767,-35.05716],[-70.629686,-35.05843],[-70.625243,-35.055561]]]},"properties":{"comuna":"Romeral","mancha_id":"07306-88b2ced483fffff","clase":"Muy Alto","nivel_medio":3.513,"nivel_medio_min":3.513,"nivel_medio_max":3.513,"pct_alto":97.0,"n_hexagonos":1,"area_ha":61.41}},{"type":"Feature","geometry":{"type":"Polygon","coordinates":[[[-70.671612,-35.008104],[-70.667167,-35.005234],[-70.662087,-35.006508],[-70.657642,-35.003638],[-70.658278,-34.999493],[-70.663358,-34.998219],[-70.667803,-35.001089],[-70.672883,-34.999815],[-70.677328,-35.002685],[-70.676692,-35.006829],[-70.671612,-35.008104]]]},"properties":{"comuna":"Romeral","mancha_id":"07306-88b2ced409fffff","clase":"Muy Alto","nivel_medio":3.735,"nivel_medio_min":3.555,"nivel_medio_max":3.914,"pct_alto":99.4,"n_hexagonos":2,"area_ha":123.02}},{"type":"Feature","geometry":{"type":"Polygon","coordinates":[[[-70.680502,-35.013843],[-70.681137,-35.009699],[-70.686218,-35.008424],[-70.690664,-35.011294],[-70.690028,-35.015438],[-70.694474,-35.018307],[-70.693839,-35.022451],[-70.688757,-35.023725],[-70.684311,-35.020856],[-70.684947,-35.016713],[-70.680502,-35.013843]]]},"properties":{"comuna":"Romeral","mancha_id":"07306-88b2ced405fffff","clase":"Muy Alto","nivel_medio":3.82,"nivel_medio_min":3.783,"nivel_medio_max":3.857,"pct_alto":98.2,"n_hexagonos":2,"area_ha":123.0}},{"type":"Feature","geometry":{"type":"Polygon","coordinates":[[[-70.710992,-34.942389],[-70.711627,-34.938239],[-70.716708,-34.93696],[-70.721153,-34.939831],[-70.720518,-34.943981],[-70.715438,-34.94526],[-70.710992,-34.942389]]]},"properties":{"comuna":"Romeral","mancha_id":"07306-88b2c16da7fffff","clase":"Muy Alto","nivel_medio":3.52,"nivel_medio_min":3.52,"nivel_medio_max":3.52,"pct_alto":99.0,"n_hexagonos":1,"area_ha":61.63}}],"bbox":[-71.21537,-35.27264,-70.35764,-34.88457]}