{"type":"FeatureCollection","features":[{"type":"Feature","geometry":{"type":"Polygon","coordinates":[[[-72.58232,-41.74072],[-72.582276,-41.740713],[-72.582538,-41.740103],[-72.58268,-41.74011],[-72.58281,-41.74019],[-72.58287,-41.74033],[-72.58286,-41.74043],[-72.58275,-41.74065],[-72.58254,-41.74071],[-72.58232,-41.74072]]]},"properties":{"comuna":"Cochamó","mancha_id":"10103-88ceae7b3bfffff","clase":"Muy Bajo","nivel_medio":0.393,"nivel_medio_min":0.393,"nivel_medio_max":0.393,"pct_alto":0.0,"n_hexagonos":1,"area_ha":0.22}},{"type":"Feature","geometry":{"type":"Polygon","coordinates":[[[-72.340487,-41.808409],[-72.346177,-41.80724],[-72.348128,-41.802748],[-72.353819,-41.801578],[-72.355769,-41.797085],[-72.361459,-41.795915],[-72.363409,-41.791422],[-72.359669,-41.788099],[-72.35398,-41.78927],[-72.350242,-41.785947],[-72.344553,-41.787117],[-72.340816,-41.783795],[-72.342767,-41.779303],[-72.348454,-41.778133],[-72.352192,-41.781455],[-72.35788,-41.780284],[-72.359829,-41.775792],[-72.365517,-41.774621],[-72.369256,-41.777943],[-72.374945,-41.776771],[-72.376893,-41.772278],[-72.373154,-41.768956],[-72.375102,-41.764463],[-72.380789,-41.763291],[-72.382736,-41.758798],[-72.378997,-41.755477],[-72.380944,-41.750984],[-72.38663,-41.749811],[-72.388577,-41.745317],[-72.394263,-41.744144],[-72.398003,-41.747464],[-72.40369,-41.74629],[-72.407431,-41.74961],[-72.413118,-41.748436],[-72.416861,-41.751756],[-72.414916,-41.756251],[-72.418659,-41.759571],[-72.416714,-41.764066],[-72.420458,-41.767387],[-72.418512,-41.771882],[-72.422257,-41.775203],[-72.420312,-41.779698],[-72.414621,-41.780872],[-72.412674,-41.785367],[-72.41642,-41.788689],[-72.414473,-41.793184],[-72.418219,-41.796506],[-72.423912,-41.795332],[-72.427659,-41.798654],[-72.425713,-41.80315],[-72.42946,-41.806473],[-72.428711,-41.808203],[-72.427887,-41.80791],[-72.426954,-41.807622],[-72.426525,-41.807451],[-72.426082,-41.807157],[-72.425367,-41.806725],[-72.424859,-41.806424],[-72.424502,-41.806123],[-72.4239,-41.805746],[-72.423298,-41.805427],[-72.422696,-41.8049],[-72.422,-41.804449],[-72.421643,-41.804279],[-72.421325,-41.804055],[-72.421323,-41.804054],[-72.421022,-41.803941],[-72.420759,-41.803809],[-72.420514,-41.803489],[-72.420288,-41.80317],[-72.420081,-41.802756],[-72.419957,-41.802361],[-72.41981,-41.802098],[-72.419543,-41.801783],[-72.419179,-41.801439],[-72.418934,-41.801157],[-72.418379,-41.800642],[-72.417893,-41.800421],[-72.41759,-41.79994],[-72.417519,-41.799584],[-72.41741,-41.799144],[-72.417239,-41.79877],[-72.417204,-41.798693],[-72.416677,-41.798185],[-72.415812,-41.797545],[-72.41536,-41.797339],[-72.414645,-41.797113],[-72.4141,-41.796661],[-72.413837,-41.796379],[-72.413648,-41.796003],[-72.413272,-41.795664],[-72.412774,-41.795134],[-72.412351,-41.794479],[-72.412264,-41.794018],[-72.412042,-41.793685],[-72.411973,-41.793582],[-72.411448,-41.793125],[-72.41094,-41.792523],[-72.410507,-41.792072],[-72.410093,-41.791658],[-72.409755,-41.791169],[-72.409492,-41.790661],[-72.409285,-41.79021],[-72.40911,-41.789724],[-72.408796,-41.789401],[-72.408382,-41.7891],[-72.407968,-41.78878],[-72.407611,-41.788423],[-72.406915,-41.787821],[-72.406576,-41.787595],[-72.406537,-41.78757],[-72.406031,-41.787238],[-72.405767,-41.786956],[-72.405598,-41.786598],[-72.40541,-41.78626],[-72.405109,-41.786072],[-72.404714,-41.785977],[-72.40415,-41.785977],[-72.40351,-41.785996],[-72.402983,-41.785865],[-72.402551,-41.785639],[-72.402118,-41.785319],[-72.401723,-41.784849],[-72.401366,-41.784435],[-72.400952,-41.784059],[-72.400638,-41.783755],[-72.400388,-41.783513],[-72.399786,-41.783006],[-72.399391,-41.782554],[-72.398958,-41.782328],[-72.398544,-41.782234],[-72.398093,-41.782197],[-72.397811,-41.782065],[-72.397585,-41.781877],[-72.397359,-41.781595],[-72.396945,-41.781181],[-72.396814,-41.780974],[-72.396456,-41.780842],[-72.396099,-41.780955],[-72.395685,-41.781143],[-72.39514,-41.781407],[-72.394707,-41.781632],[-72.394506,-41.781692],[-72.394387,-41.781726],[-72.394086,-41.781915],[-72.393748,-41.782159],[-72.393334,-41.782385],[-72.392901,-41.782592],[-72.392676,-41.782761],[-72.392412,-41.782911],[-72.391754,-41.783306],[-72.391152,-41.783645],[-72.390644,-41.783814],[-72.390155,-41.783908],[-72.389986,-41.783965],[-72.389741,-41.783908],[-72.389516,-41.783814],[-72.389346,-41.783702],[-72.389102,-41.783532],[-72.388556,-41.783513],[-72.387976,-41.783634],[-72.38754,-41.783925],[-72.38727,-41.784194],[-72.387224,-41.78424],[-72.38669,-41.784774],[-72.386431,-41.785112],[-72.386205,-41.785526],[-72.385942,-41.785959],[-72.385641,-41.786448],[-72.385265,-41.78688],[-72.385023,-41.786973],[-72.38487,-41.787031],[-72.384324,-41.787219],[-72.38391,-41.787539],[-72.383252,-41.787952],[-72.382838,-41.788272],[-72.382406,-41.788517],[-72.381917,-41.788818],[-72.381634,-41.788987],[-72.381215,-41.789236],[-72.38083,-41.789583],[-72.380407,-41.790045],[-72.379923,-41.790548],[-72.379304,-41.791245],[-72.37861,-41.792216],[-72.378529,-41.792329],[-72.378448,-41.792419],[-72.377755,-41.793181],[-72.376439,-41.794575],[-72.374503,-41.796666],[-72.372061,-41.799107],[-72.371792,-41.799376],[-72.369392,-41.801931],[-72.366372,-41.803867],[-72.364454,-41.804801],[-72.363507,-41.805261],[-72.360796,-41.806268],[-72.359015,-41.806578],[-72.357234,-41.80681],[-72.356721,-41.806831],[-72.356167,-41.806854],[-72.35556,-41.806781],[-72.355067,-41.806641],[-72.354687,-41.80654],[-72.354509,-41.806337],[-72.354281,-41.806337],[-72.354027,-41.806565],[-72.353824,-41.806895],[-72.353773,-41.807682],[-72.353469,-41.808113],[-72.352987,-41.808925],[-72.352632,-41.809483],[-72.351945,-41.810057],[-72.351638,-41.81021],[-72.35146,-41.810299],[-72.350678,-41.810498],[-72.350235,-41.810498],[-72.350069,-41.810498],[-72.349802,-41.810462],[-72.34951,-41.810422],[-72.348825,-41.81027],[-72.347886,-41.810219],[-72.347125,-41.810194],[-72.346237,-41.81016],[-72.345196,-41.810211],[-72.344613,-41.810194],[-72.34408,-41.81027],[-72.343497,-41.810168],[-72.342771,-41.810075],[-72.342327,-41.810006],[-72.341923,-41.809915],[-72.341594,-41.809864],[-72.34101,-41.809788],[-72.340452,-41.809712],[-72.339984,-41.809568],[-72.340487,-41.808409]]]},"properties":{"comuna":"Cochamó","mancha_id":"10103-88ceae488bfffff","clase":"Muy Bajo","nivel_medio":0.113,"nivel_medio_min":0.0,"nivel_medio_max":0.445,"pct_alto":2.0,"n_hexagonos":42,"area_ha":2147.47}},{"type":"Feature","geometry":{"type":"Polygon","coordinates":[[[-72.297034,-41.860626],[-72.29818,-41.857996],[-72.300258,-41.857571],[-72.300459,-41.857827],[-72.301013,-41.858073],[-72.301597,-41.858403],[-72.302337,-41.859012],[-72.302719,-41.859621],[-72.302885,-41.860378],[-72.302771,-41.860644],[-72.302276,-41.86092],[-72.301513,-41.860966],[-72.300264,-41.860859],[-72.299266,-41.860649],[-72.298599,-41.860622],[-72.29783,-41.860604],[-72.297105,-41.860635],[-72.297034,-41.860626]]]},"properties":{"comuna":"Cochamó","mancha_id":"10103-88ceae4851fffff","clase":"Muy Bajo","nivel_medio":0.157,"nivel_medio_min":0.157,"nivel_medio_max":0.157,"pct_alto":5.2,"n_hexagonos":1,"area_ha":12.62}},{"type":"Feature","geometry":{"type":"Polygon","coordinates":[[[-72.27149,-41.871635],[-72.273448,-41.867145],[-72.269713,-41.863818],[-72.26402,-41.864981],[-72.260285,-41.861654],[-72.254593,-41.862817],[-72.25086,-41.85949],[-72.252819,-41.855001],[-72.25851,-41.853838],[-72.262244,-41.857164],[-72.267936,-41.856001],[-72.271671,-41.859327],[-72.277363,-41.858164],[-72.281099,-41.86149],[-72.285945,-41.860499],[-72.285775,-41.860721],[-72.285418,-41.861236],[-72.284982,-41.86195],[-72.284664,-41.862267],[-72.283951,-41.862703],[-72.283356,-41.86302],[-72.28288,-41.863139],[-72.282167,-41.863218],[-72.281453,-41.863258],[-72.281017,-41.863298],[-72.280343,-41.863337],[-72.280295,-41.863336],[-72.279114,-41.863298],[-72.278202,-41.863179],[-72.27739,-41.86305],[-72.277409,-41.863536],[-72.277766,-41.864293],[-72.277766,-41.864889],[-72.277733,-41.865519],[-72.277672,-41.866281],[-72.277667,-41.866347],[-72.277534,-41.866943],[-72.277137,-41.867539],[-72.276695,-41.868135],[-72.27622,-41.86961],[-72.27614,-41.869919],[-72.276061,-41.870474],[-72.276338,-41.871267],[-72.276475,-41.871679],[-72.27674,-41.872507],[-72.276773,-41.873136],[-72.276706,-41.873699],[-72.276537,-41.874042],[-72.275545,-41.87432],[-72.274866,-41.874642],[-72.274792,-41.874677],[-72.273722,-41.874915],[-72.272651,-41.875113],[-72.272017,-41.875351],[-72.271541,-41.875668],[-72.270352,-41.876104],[-72.269916,-41.876183],[-72.269321,-41.87654],[-72.268964,-41.876937],[-72.268647,-41.877412],[-72.268647,-41.878166],[-72.269004,-41.878998],[-72.269202,-41.879434],[-72.269202,-41.879791],[-72.269239,-41.880276],[-72.269241,-41.880307],[-72.269241,-41.880703],[-72.269694,-41.881735],[-72.269911,-41.882857],[-72.268542,-41.883204],[-72.267259,-41.883082],[-72.266664,-41.883201],[-72.266445,-41.883201],[-72.265911,-41.883201],[-72.264841,-41.88328],[-72.264008,-41.88328],[-72.263453,-41.88328],[-72.263017,-41.883201],[-72.262375,-41.883205],[-72.26147,-41.88325],[-72.260688,-41.883578],[-72.260064,-41.883683],[-72.259536,-41.883658],[-72.258832,-41.883607],[-72.25833,-41.883557],[-72.257714,-41.883677],[-72.257209,-41.883855],[-72.256871,-41.883974],[-72.255732,-41.884321],[-72.254691,-41.884618],[-72.253898,-41.884866],[-72.253204,-41.884866],[-72.252818,-41.884921],[-72.25251,-41.884965],[-72.252299,-41.885144],[-72.251884,-41.885454],[-72.251436,-41.885708],[-72.250895,-41.88588],[-72.250181,-41.886204],[-72.25,-41.886241],[-72.249512,-41.886341],[-72.249456,-41.886352],[-72.249087,-41.886421],[-72.248512,-41.886467],[-72.247879,-41.886433],[-72.247158,-41.886303],[-72.245624,-41.886224],[-72.245035,-41.886347],[-72.24415,-41.886502],[-72.242987,-41.886548],[-72.242351,-41.886551],[-72.241133,-41.886601],[-72.240379,-41.886507],[-72.239688,-41.886161],[-72.239316,-41.885934],[-72.239122,-41.885816],[-72.238733,-41.885312],[-72.238211,-41.884999],[-72.237593,-41.884569],[-72.236998,-41.884172],[-72.236672,-41.883617],[-72.236578,-41.882863],[-72.236552,-41.88219],[-72.236484,-41.881638],[-72.236156,-41.881248],[-72.235263,-41.880951],[-72.234768,-41.880554],[-72.234322,-41.87991],[-72.233931,-41.879302],[-72.233876,-41.879216],[-72.233458,-41.87832],[-72.232029,-41.876796],[-72.230409,-41.875938],[-72.229328,-41.875907],[-72.228392,-41.875907],[-72.228128,-41.875928],[-72.226789,-41.876033],[-72.225466,-41.876298],[-72.224882,-41.876468],[-72.223134,-41.877414],[-72.222693,-41.877653],[-72.222067,-41.877931],[-72.220121,-41.878796],[-72.217864,-41.879138],[-72.215611,-41.879694],[-72.213817,-41.880312],[-72.212034,-41.881],[-72.211546,-41.881188],[-72.210999,-41.881717],[-72.209674,-41.882587],[-72.20893,-41.882682],[-72.208217,-41.881833],[-72.207795,-41.88054],[-72.207678,-41.880181],[-72.20675,-41.878844],[-72.20606,-41.878219],[-72.203194,-41.878678],[-72.202586,-41.878807],[-72.200737,-41.879201],[-72.198099,-41.879161],[-72.19598,-41.87898],[-72.195596,-41.879184],[-72.195714,-41.878913],[-72.201406,-41.877754],[-72.203368,-41.873266],[-72.209059,-41.872106],[-72.211021,-41.867619],[-72.216712,-41.866459],[-72.220442,-41.869786],[-72.226133,-41.868626],[-72.229864,-41.871953],[-72.235557,-41.870792],[-72.239289,-41.87412],[-72.237328,-41.878609],[-72.241061,-41.881937],[-72.246755,-41.880775],[-72.248715,-41.876285],[-72.254409,-41.875123],[-72.258143,-41.878451],[-72.263837,-41.877288],[-72.265796,-41.872798],[-72.27149,-41.871635]]]},"properties":{"comuna":"Cochamó","mancha_id":"10103-88ceae4841fffff","clase":"Muy Bajo","nivel_medio":0.131,"nivel_medio_min":0.0,"nivel_medio_max":0.445,"pct_alto":3.9,"n_hexagonos":20,"area_ha":747.88}},{"type":"Feature","geometry":{"type":"Polygon","coordinates":[[[-71.780203,-42.1379],[-71.778205,-42.142373],[-71.776492,-42.142712],[-71.776416,-42.142524],[-71.776607,-42.142024],[-71.776678,-42.141477],[-71.776726,-42.140977],[-71.777321,-42.14043],[-71.777582,-42.139954],[-71.777582,-42.139454],[-71.776999,-42.139054],[-71.77675,-42.138854],[-71.776297,-42.138473],[-71.776112,-42.138427],[-71.775655,-42.138241],[-71.775108,-42.137313],[-71.774894,-42.136647],[-71.774894,-42.136194],[-71.775084,-42.135623],[-71.775346,-42.135195],[-71.775465,-42.134791],[-71.775488,-42.134756],[-71.776502,-42.134555],[-71.780203,-42.1379]]]},"properties":{"comuna":"Cochamó","mancha_id":"10103-88cea374abfffff","clase":"Muy Bajo","nivel_medio":0.028,"nivel_medio_min":0.028,"nivel_medio_max":0.028,"pct_alto":0.3,"n_hexagonos":1,"area_ha":19.84}},{"type":"Feature","geometry":{"type":"Polygon","coordinates":[[[-71.804711,-42.141202],[-71.808416,-42.144546],[-71.807331,-42.146979],[-71.806897,-42.146712],[-71.80616,-42.146355],[-71.805541,-42.146141],[-71.804399,-42.145807],[-71.803685,-42.14576],[-71.803103,-42.145601],[-71.8029,-42.145516],[-71.802842,-42.145517],[-71.802217,-42.145529],[-71.801884,-42.14541],[-71.801376,-42.145399],[-71.801282,-42.145427],[-71.800568,-42.145546],[-71.799488,-42.145527],[-71.798512,-42.145931],[-71.79727,-42.146231],[-71.79901,-42.142331],[-71.804711,-42.141202]]]},"properties":{"comuna":"Cochamó","mancha_id":"10103-88cea3749dfffff","clase":"Muy Bajo","nivel_medio":0.333,"nivel_medio_min":0.333,"nivel_medio_max":0.333,"pct_alto":0.1,"n_hexagonos":1,"area_ha":33.99}},{"type":"Feature","geometry":{"type":"Polygon","coordinates":[[[-71.790798,-42.149084],[-71.791311,-42.147934],[-71.796151,-42.146976],[-71.795761,-42.147164],[-71.79519,-42.147592],[-71.79412,-42.147806],[-71.793548,-42.147973],[-71.792644,-42.14833],[-71.791826,-42.148525],[-71.791231,-42.148858],[-71.790798,-42.149084]]]},"properties":{"comuna":"Cochamó","mancha_id":"10103-88cea3748bfffff","clase":"Muy Bajo","nivel_medio":0.175,"nivel_medio_min":0.175,"nivel_medio_max":0.175,"pct_alto":0.0,"n_hexagonos":1,"area_ha":2.38}},{"type":"Feature","geometry":{"type":"Polygon","coordinates":[[[-71.733188,-42.065983],[-71.733073,-42.065722],[-71.732927,-42.065388],[-71.732951,-42.064722],[-71.733379,-42.064103],[-71.73414,-42.063128],[-71.734426,-42.062247],[-71.734093,-42.061819],[-71.733355,-42.062057],[-71.732658,-42.062306],[-71.732588,-42.062342],[-71.73188,-42.0627],[-71.731047,-42.062676],[-71.730302,-42.062393],[-71.730224,-42.062363],[-71.72952,-42.062144],[-71.728832,-42.061707],[-71.728137,-42.06114],[-71.72805,-42.06108],[-71.727121,-42.060439],[-71.726714,-42.060217],[-71.726691,-42.060204],[-71.726336,-42.060011],[-71.725503,-42.059559],[-71.724883,-42.059291],[-71.724648,-42.059135],[-71.724508,-42.058885],[-71.724471,-42.058831],[-71.724486,-42.058422],[-71.724489,-42.058392],[-71.724548,-42.057812],[-71.724558,-42.057787],[-71.724751,-42.057312],[-71.724758,-42.057283],[-71.725193,-42.05687],[-71.725233,-42.056781],[-71.72736,-42.058707],[-71.733049,-42.057579],[-71.73674,-42.060921],[-71.74243,-42.059793],[-71.746122,-42.063134],[-71.744125,-42.067605],[-71.738435,-42.068733],[-71.73749,-42.070846],[-71.736996,-42.070338],[-71.736496,-42.070123],[-71.736139,-42.069814],[-71.735323,-42.068802],[-71.73499,-42.068231],[-71.734616,-42.067506],[-71.73395,-42.067197],[-71.733688,-42.066602],[-71.733188,-42.065983]]]},"properties":{"comuna":"Cochamó","mancha_id":"10103-88cea36711fffff","clase":"Muy Bajo","nivel_medio":0.155,"nivel_medio_min":0.0,"nivel_medio_max":0.241,"pct_alto":0.1,"n_hexagonos":4,"area_ha":115.98}},{"type":"Feature","geometry":{"type":"Polygon","coordinates":[[[-71.754607,-42.102203],[-71.752608,-42.106674],[-71.746913,-42.107802],[-71.743218,-42.104458],[-71.745216,-42.099987],[-71.750911,-42.098859],[-71.754607,-42.102203]]]},"properties":{"comuna":"Cochamó","mancha_id":"10103-88cea36661fffff","clase":"Muy Bajo","nivel_medio":0.098,"nivel_medio_min":0.098,"nivel_medio_max":0.098,"pct_alto":0.0,"n_hexagonos":1,"area_ha":63.97}},{"type":"Feature","geometry":{"type":"Polygon","coordinates":[[[-71.813556,-42.086431],[-71.811562,-42.090905],[-71.805866,-42.092036],[-71.802165,-42.088694],[-71.804159,-42.08422],[-71.809855,-42.083089],[-71.813556,-42.086431]]]},"properties":{"comuna":"Cochamó","mancha_id":"10103-88cea3661bfffff","clase":"Muy Bajo","nivel_medio":0.291,"nivel_medio_min":0.291,"nivel_medio_max":0.291,"pct_alto":0.2,"n_hexagonos":1,"area_ha":64.03}},{"type":"Feature","geometry":{"type":"Polygon","coordinates":[[[-71.771692,-42.098817],[-71.769695,-42.103289],[-71.763999,-42.104418],[-71.760302,-42.101075],[-71.762299,-42.096603],[-71.767994,-42.095474],[-71.771692,-42.098817]]]},"properties":{"comuna":"Cochamó","mancha_id":"10103-88cea3660dfffff","clase":"Muy Bajo","nivel_medio":0.136,"nivel_medio_min":0.136,"nivel_medio_max":0.136,"pct_alto":0.0,"n_hexagonos":1,"area_ha":63.99}},{"type":"Feature","geometry":{"type":"Polygon","coordinates":[[[-71.788778,-42.095428],[-71.786782,-42.099901],[-71.781086,-42.101031],[-71.777387,-42.097688],[-71.779384,-42.093215],[-71.785079,-42.092085],[-71.788778,-42.095428]]]},"properties":{"comuna":"Cochamó","mancha_id":"10103-88cea3660bfffff","clase":"Muy Bajo","nivel_medio":0.171,"nivel_medio_min":0.171,"nivel_medio_max":0.171,"pct_alto":1.2,"n_hexagonos":1,"area_ha":64.01}},{"type":"Feature","geometry":{"type":"Polygon","coordinates":[[[-71.756105,-42.040782],[-71.750417,-42.041911],[-71.748421,-42.046382],[-71.742732,-42.047511],[-71.739041,-42.04417],[-71.733354,-42.045298],[-71.732034,-42.044103],[-71.732213,-42.044092],[-71.732703,-42.044029],[-71.733141,-42.043973],[-71.733879,-42.04364],[-71.734378,-42.043188],[-71.734949,-42.042736],[-71.735937,-42.042196],[-71.736061,-42.042128],[-71.736584,-42.041843],[-71.737298,-42.041415],[-71.738114,-42.040975],[-71.739042,-42.040618],[-71.739827,-42.040618],[-71.740684,-42.040333],[-71.740771,-42.040299],[-71.741391,-42.040058],[-71.741701,-42.039568],[-71.741843,-42.039344],[-71.742064,-42.038953],[-71.742699,-42.038369],[-71.743104,-42.03806],[-71.743729,-42.037406],[-71.744657,-42.037239],[-71.745752,-42.037453],[-71.746292,-42.037655],[-71.747076,-42.037786],[-71.747149,-42.037798],[-71.747649,-42.037822],[-71.748298,-42.037501],[-71.749131,-42.037525],[-71.749892,-42.037572],[-71.75063,-42.037668],[-71.75201,-42.037929],[-71.752267,-42.037931],[-71.752896,-42.037934],[-71.753467,-42.037458],[-71.753538,-42.036816],[-71.753895,-42.036165],[-71.75449,-42.035745],[-71.75499,-42.036054],[-71.755537,-42.036649],[-71.755941,-42.036578],[-71.756284,-42.03652],[-71.756458,-42.036419],[-71.756455,-42.035921],[-71.75647,-42.03553],[-71.75647,-42.035501],[-71.756441,-42.034983],[-71.75622,-42.034609],[-71.758101,-42.036311],[-71.756105,-42.040782]]]},"properties":{"comuna":"Cochamó","mancha_id":"10103-88cea36405fffff","clase":"Muy Bajo","nivel_medio":0.367,"nivel_medio_min":0.0,"nivel_medio_max":0.458,"pct_alto":0.0,"n_hexagonos":4,"area_ha":123.0}},{"type":"Feature","geometry":{"type":"Polygon","coordinates":[[[-72.005075,-42.06453],[-72.003093,-42.069012],[-71.99739,-42.070155],[-71.99367,-42.066816],[-71.995652,-42.062334],[-71.991933,-42.058996],[-71.993915,-42.054514],[-71.999616,-42.053371],[-72.003336,-42.05671],[-72.001354,-42.061191],[-72.005075,-42.06453]]]},"properties":{"comuna":"Cochamó","mancha_id":"10103-88cea32d45fffff","clase":"Muy Bajo","nivel_medio":0.156,"nivel_medio_min":0.147,"nivel_medio_max":0.166,"pct_alto":0.1,"n_hexagonos":2,"area_ha":128.46}},{"type":"Feature","geometry":{"type":"Polygon","coordinates":[[[-72.088204,-42.076446],[-72.086227,-42.080932],[-72.080519,-42.082079],[-72.076789,-42.078741],[-72.078767,-42.074255],[-72.084474,-42.073108],[-72.088204,-42.076446]]]},"properties":{"comuna":"Cochamó","mancha_id":"10103-88cea32c43fffff","clase":"Muy Bajo","nivel_medio":0.469,"nivel_medio_min":0.469,"nivel_medio_max":0.469,"pct_alto":15.3,"n_hexagonos":1,"area_ha":64.34}},{"type":"Feature","geometry":{"type":"Polygon","coordinates":[[[-72.09238,-42.055166],[-72.090404,-42.059651],[-72.084698,-42.060799],[-72.080969,-42.057462],[-72.082946,-42.052976],[-72.088651,-42.051828],[-72.09238,-42.055166]]]},"properties":{"comuna":"Cochamó","mancha_id":"10103-88cea32c03fffff","clase":"Muy Bajo","nivel_medio":0.473,"nivel_medio_min":0.473,"nivel_medio_max":0.473,"pct_alto":15.7,"n_hexagonos":1,"area_ha":64.33}},{"type":"Feature","geometry":{"type":"Polygon","coordinates":[[[-71.963901,-42.134036],[-71.967623,-42.137379],[-71.965884,-42.1413],[-71.965225,-42.140577],[-71.965106,-42.139601],[-71.964797,-42.139221],[-71.964345,-42.139056],[-71.963393,-42.13903],[-71.961915,-42.13943],[-71.959845,-42.140025],[-71.958417,-42.140477],[-71.95761,-42.140918],[-71.956847,-42.141334],[-71.956133,-42.142024],[-71.95616,-42.14298],[-71.956183,-42.143789],[-71.955731,-42.144313],[-71.955589,-42.144789],[-71.955517,-42.145431],[-71.955232,-42.146359],[-71.955041,-42.147121],[-71.955517,-42.147906],[-71.955553,-42.147956],[-71.956038,-42.148639],[-71.95649,-42.149353],[-71.956942,-42.150209],[-71.956992,-42.150737],[-71.95699,-42.15128],[-71.956966,-42.151994],[-71.956918,-42.152851],[-71.956799,-42.153445],[-71.95649,-42.154254],[-71.956014,-42.154944],[-71.955026,-42.155472],[-71.954491,-42.155827],[-71.953671,-42.15618],[-71.953611,-42.156206],[-71.952921,-42.15642],[-71.951945,-42.156729],[-71.951329,-42.157233],[-71.950901,-42.157757],[-71.950972,-42.158352],[-71.950806,-42.159018],[-71.951425,-42.159755],[-71.951781,-42.160327],[-71.952124,-42.160588],[-71.952492,-42.160869],[-71.952992,-42.161417],[-71.953373,-42.162059],[-71.953462,-42.162259],[-71.951975,-42.160924],[-71.946265,-42.162061],[-71.942544,-42.158717],[-71.944533,-42.154237],[-71.950242,-42.153099],[-71.95223,-42.148618],[-71.94851,-42.145275],[-71.950498,-42.140794],[-71.956206,-42.139656],[-71.958193,-42.135175],[-71.963901,-42.134036]]]},"properties":{"comuna":"Cochamó","mancha_id":"10103-88cea32a85fffff","clase":"Muy Bajo","nivel_medio":0.027,"nivel_medio_min":0.0,"nivel_medio_max":0.067,"pct_alto":0.1,"n_hexagonos":5,"area_ha":184.14}},{"type":"Feature","geometry":{"type":"Polygon","coordinates":[[[-71.892887,-42.176761],[-71.896603,-42.180106],[-71.896415,-42.180528],[-71.8951,-42.180428],[-71.893958,-42.180809],[-71.892911,-42.180762],[-71.893006,-42.180119],[-71.893244,-42.17843],[-71.892792,-42.177549],[-71.891928,-42.176951],[-71.892887,-42.176761]]]},"properties":{"comuna":"Cochamó","mancha_id":"10103-88cea32a67fffff","clase":"Muy Bajo","nivel_medio":0.039,"nivel_medio_min":0.039,"nivel_medio_max":0.039,"pct_alto":0.0,"n_hexagonos":1,"area_ha":7.25}},{"type":"Feature","geometry":{"type":"Polygon","coordinates":[[[-71.946072,-42.080424],[-71.944086,-42.084904],[-71.938384,-42.086043],[-71.934669,-42.082702],[-71.936656,-42.078223],[-71.942357,-42.077084],[-71.944342,-42.072604],[-71.950043,-42.071465],[-71.953759,-42.074805],[-71.951773,-42.079284],[-71.946072,-42.080424]]]},"properties":{"comuna":"Cochamó","mancha_id":"10103-88cea328a9fffff","clase":"Muy Bajo","nivel_medio":0.293,"nivel_medio_min":0.235,"nivel_medio_max":0.351,"pct_alto":0.2,"n_hexagonos":2,"area_ha":128.36}},{"type":"Feature","geometry":{"type":"Polygon","coordinates":[[[-71.876849,-42.130962],[-71.874857,-42.135439],[-71.878569,-42.138782],[-71.876577,-42.14326],[-71.88029,-42.146604],[-71.878297,-42.151081],[-71.882011,-42.154426],[-71.880018,-42.158904],[-71.883732,-42.162248],[-71.88944,-42.161114],[-71.893155,-42.164458],[-71.891163,-42.168937],[-71.885455,-42.170071],[-71.884841,-42.171451],[-71.884345,-42.171196],[-71.883845,-42.170625],[-71.883226,-42.17003],[-71.882394,-42.169245],[-71.88237,-42.168579],[-71.881656,-42.168031],[-71.880469,-42.167179],[-71.880234,-42.167025],[-71.879847,-42.16677],[-71.879827,-42.166228],[-71.879681,-42.165961],[-71.87961,-42.165533],[-71.87958,-42.16511],[-71.879771,-42.164539],[-71.879961,-42.164111],[-71.880223,-42.163516],[-71.880842,-42.162826],[-71.880247,-42.16185],[-71.879752,-42.160917],[-71.879419,-42.160298],[-71.878943,-42.159489],[-71.878862,-42.159133],[-71.878696,-42.158404],[-71.878315,-42.157776],[-71.877744,-42.157319],[-71.877173,-42.157053],[-71.876329,-42.156686],[-71.875829,-42.156519],[-71.875377,-42.15602],[-71.875212,-42.155435],[-71.874822,-42.154892],[-71.874108,-42.154749],[-71.87345,-42.15483],[-71.872188,-42.154759],[-71.871808,-42.154687],[-71.871505,-42.154655],[-71.870967,-42.154597],[-71.870439,-42.154787],[-71.869844,-42.155073],[-71.869454,-42.155392],[-71.868931,-42.155796],[-71.868245,-42.156082],[-71.867531,-42.156106],[-71.866665,-42.15612],[-71.866073,-42.156139],[-71.865478,-42.156044],[-71.865002,-42.155972],[-71.864153,-42.15612],[-71.863639,-42.156634],[-71.863603,-42.156664],[-71.863182,-42.157015],[-71.862325,-42.157586],[-71.861766,-42.157757],[-71.861107,-42.158157],[-71.860384,-42.15849],[-71.859717,-42.158823],[-71.858899,-42.159232],[-71.858518,-42.15928],[-71.857864,-42.159113],[-71.857357,-42.158823],[-71.856603,-42.158328],[-71.85627,-42.15809],[-71.85558,-42.157733],[-71.855033,-42.157519],[-71.854695,-42.157364],[-71.854152,-42.157114],[-71.853462,-42.156591],[-71.852653,-42.15602],[-71.851773,-42.155639],[-71.850583,-42.15502],[-71.849027,-42.1541],[-71.848751,-42.154098],[-71.848346,-42.154067],[-71.84726,-42.153976],[-71.846546,-42.153976],[-71.845792,-42.154001],[-71.845142,-42.154023],[-71.844214,-42.154333],[-71.843857,-42.154856],[-71.843334,-42.155451],[-71.842453,-42.156046],[-71.842025,-42.156403],[-71.841668,-42.156879],[-71.841525,-42.157117],[-71.841406,-42.157997],[-71.841308,-42.158424],[-71.841264,-42.158616],[-71.841055,-42.159325],[-71.841026,-42.159425],[-71.840909,-42.159659],[-71.840781,-42.160227],[-71.84059,-42.160679],[-71.839877,-42.160965],[-71.839378,-42.160946],[-71.838544,-42.161322],[-71.837925,-42.161702],[-71.837473,-42.162083],[-71.836856,-42.162382],[-71.836688,-42.162464],[-71.835332,-42.162583],[-71.834547,-42.16263],[-71.833976,-42.162535],[-71.833404,-42.162345],[-71.833234,-42.162297],[-71.832174,-42.162185],[-71.831651,-42.162042],[-71.831008,-42.161971],[-71.830485,-42.161804],[-71.830297,-42.161592],[-71.830128,-42.1614],[-71.829914,-42.161209],[-71.829705,-42.160672],[-71.829295,-42.159996],[-71.829009,-42.159686],[-71.828462,-42.159401],[-71.82783,-42.159299],[-71.827724,-42.159282],[-71.826892,-42.159187],[-71.825321,-42.15883],[-71.824227,-42.158782],[-71.823441,-42.158687],[-71.822499,-42.158417],[-71.821681,-42.158282],[-71.821014,-42.157926],[-71.820491,-42.157711],[-71.820228,-42.157595],[-71.819818,-42.157413],[-71.818937,-42.15708],[-71.818485,-42.156935],[-71.819535,-42.154581],[-71.825239,-42.15345],[-71.828947,-42.156795],[-71.834651,-42.155664],[-71.836646,-42.151188],[-71.84235,-42.150057],[-71.84606,-42.153401],[-71.851764,-42.152269],[-71.853758,-42.147792],[-71.859463,-42.14666],[-71.863174,-42.150004],[-71.868879,-42.148871],[-71.870872,-42.144394],[-71.86716,-42.14105],[-71.869153,-42.136573],[-71.865442,-42.133229],[-71.859739,-42.134362],[-71.856029,-42.131019],[-71.858022,-42.126542],[-71.863725,-42.125409],[-71.865717,-42.120932],[-71.862008,-42.11759],[-71.864,-42.113113],[-71.869701,-42.111979],[-71.873411,-42.115321],[-71.871419,-42.119798],[-71.87513,-42.123141],[-71.873138,-42.127618],[-71.876849,-42.130962]]]},"properties":{"comuna":"Cochamó","mancha_id":"10103-88cea32865fffff","clase":"Muy Bajo","nivel_medio":0.185,"nivel_medio_min":0.0,"nivel_medio_max":0.496,"pct_alto":0.0,"n_hexagonos":18,"area_ha":818.74}},{"type":"Feature","geometry":{"type":"Polygon","coordinates":[[[-72.094181,-42.148268],[-72.09303,-42.148148],[-72.09298,-42.148143],[-72.092749,-42.148119],[-72.091417,-42.148265],[-72.09037,-42.147956],[-72.09017,-42.147903],[-72.089208,-42.147649],[-72.088518,-42.146983],[-72.088042,-42.146578],[-72.087661,-42.145983],[-72.087114,-42.145769],[-72.086376,-42.145436],[-72.086047,-42.145076],[-72.085567,-42.144318],[-72.084949,-42.143723],[-72.084626,-42.143581],[-72.08414,-42.143366],[-72.08276,-42.143176],[-72.081451,-42.143342],[-72.080618,-42.143556],[-72.079911,-42.143679],[-72.079805,-42.143697],[-72.079068,-42.144149],[-72.07833,-42.14491],[-72.077759,-42.145386],[-72.076641,-42.145981],[-72.076345,-42.146073],[-72.075435,-42.146357],[-72.074955,-42.146507],[-72.074122,-42.146674],[-72.072549,-42.146848],[-72.072215,-42.146885],[-72.070478,-42.1471],[-72.069288,-42.147242],[-72.068074,-42.147361],[-72.0673,-42.14743],[-72.067963,-42.145928],[-72.066817,-42.144902],[-72.06698,-42.14425],[-72.066984,-42.144221],[-72.067075,-42.143631],[-72.067075,-42.143602],[-72.067075,-42.142727],[-72.066861,-42.141918],[-72.066314,-42.141157],[-72.065647,-42.140419],[-72.06534,-42.140072],[-72.066211,-42.138101],[-72.065614,-42.137567],[-72.065699,-42.137513],[-72.066389,-42.137322],[-72.067674,-42.137013],[-72.06953,-42.136323],[-72.070689,-42.135975],[-72.0716,-42.135776],[-72.072579,-42.135472],[-72.07298,-42.135347],[-72.073765,-42.135133],[-72.074788,-42.134705],[-72.075978,-42.134324],[-72.076859,-42.133824],[-72.078286,-42.133206],[-72.079476,-42.13292],[-72.079502,-42.132906],[-72.08019,-42.13254],[-72.080285,-42.132111],[-72.080202,-42.131848],[-72.08,-42.131207],[-72.079857,-42.130898],[-72.079842,-42.130814],[-72.079714,-42.130065],[-72.079333,-42.129565],[-72.078834,-42.128994],[-72.078372,-42.128638],[-72.078306,-42.128587],[-72.077997,-42.128349],[-72.077569,-42.127969],[-72.077496,-42.127951],[-72.076288,-42.127662],[-72.075693,-42.126972],[-72.07536,-42.126496],[-72.075098,-42.126305],[-72.074668,-42.125516],[-72.074647,-42.125478],[-72.073785,-42.125137],[-72.072848,-42.125065],[-72.071983,-42.125025],[-72.071834,-42.125018],[-72.070573,-42.124947],[-72.070464,-42.124964],[-72.069482,-42.125116],[-72.068673,-42.125116],[-72.067127,-42.124449],[-72.066651,-42.123498],[-72.066103,-42.122784],[-72.065009,-42.12207],[-72.064937,-42.122001],[-72.064462,-42.121546],[-72.064176,-42.120714],[-72.064247,-42.120143],[-72.065124,-42.119617],[-72.066171,-42.119236],[-72.06698,-42.11876],[-72.067282,-42.118331],[-72.067187,-42.117879],[-72.067103,-42.117573],[-72.066294,-42.117335],[-72.065152,-42.117287],[-72.063082,-42.116954],[-72.062225,-42.116526],[-72.061392,-42.116097],[-72.060464,-42.115836],[-72.060425,-42.115829],[-72.060012,-42.115764],[-72.058985,-42.115572],[-72.058013,-42.115312],[-72.057452,-42.114559],[-72.057391,-42.114477],[-72.056843,-42.11412],[-72.055106,-42.113906],[-72.053679,-42.113739],[-72.052751,-42.113763],[-72.052275,-42.114025],[-72.05168,-42.114929],[-72.051299,-42.115595],[-72.050728,-42.116357],[-72.05011,-42.11719],[-72.049984,-42.117312],[-72.049982,-42.117314],[-72.049373,-42.118239],[-72.048469,-42.119548],[-72.047576,-42.120704],[-72.04641,-42.121775],[-72.045172,-42.123131],[-72.044268,-42.123821],[-72.043793,-42.124285],[-72.043245,-42.12482],[-72.042249,-42.125634],[-72.041154,-42.126229],[-72.039917,-42.126443],[-72.039203,-42.126395],[-72.038581,-42.125534],[-72.037653,-42.124844],[-72.037225,-42.124535],[-72.036514,-42.123873],[-72.036302,-42.123651],[-72.036014,-42.12335],[-72.035301,-42.122802],[-72.035,-42.122666],[-72.034039,-42.122231],[-72.03323,-42.122112],[-72.031945,-42.121993],[-72.030777,-42.121775],[-72.029658,-42.121535],[-72.029066,-42.121589],[-72.028424,-42.12166],[-72.027734,-42.12197],[-72.027089,-42.122679],[-72.026161,-42.123464],[-72.025731,-42.123673],[-72.025328,-42.123869],[-72.024447,-42.124559],[-72.024022,-42.124944],[-72.023475,-42.125586],[-72.023165,-42.126253],[-72.02316,-42.126281],[-72.02307,-42.126752],[-72.022951,-42.127419],[-72.022853,-42.128176],[-72.022401,-42.128747],[-72.021759,-42.129246],[-72.020521,-42.129722],[-72.019141,-42.129984],[-72.017571,-42.130674],[-72.017401,-42.13074],[-72.016524,-42.131078],[-72.01531,-42.13184],[-72.0151,-42.13198],[-72.014097,-42.132649],[-72.013335,-42.133577],[-72.012481,-42.134224],[-72.012169,-42.134981],[-72.012481,-42.135461],[-72.01241,-42.136008],[-72.011979,-42.136408],[-72.011408,-42.136765],[-72.010075,-42.137551],[-72.009851,-42.13769],[-72.00915,-42.138126],[-72.0081,-42.138621],[-72.007125,-42.139383],[-72.006149,-42.139764],[-72.005079,-42.139692],[-72.003841,-42.139668],[-72.003228,-42.139869],[-72.002906,-42.139968],[-72.002414,-42.14012],[-72.00156,-42.140529],[-72.000891,-42.140834],[-72.000177,-42.140953],[-71.998226,-42.14112],[-71.997845,-42.141026],[-71.997226,-42.140858],[-71.996108,-42.140454],[-71.99504,-42.140268],[-71.993612,-42.140625],[-71.992777,-42.140644],[-71.992244,-42.140537],[-71.994182,-42.136161],[-71.999892,-42.13502],[-72.001876,-42.130538],[-71.998152,-42.127196],[-72.000136,-42.122713],[-71.996412,-42.119372],[-71.990704,-42.120513],[-71.986981,-42.117172],[-71.981274,-42.118312],[-71.977552,-42.114971],[-71.971846,-42.116111],[-71.968125,-42.11277],[-71.970111,-42.108289],[-71.966391,-42.104948],[-71.960686,-42.106087],[-71.956968,-42.102746],[-71.958953,-42.098266],[-71.964657,-42.097126],[-71.966643,-42.092645],[-71.972346,-42.091505],[-71.976066,-42.094845],[-71.974081,-42.099326],[-71.977801,-42.102667],[-71.983507,-42.101526],[-71.987228,-42.104867],[-71.992934,-42.103726],[-71.994918,-42.099244],[-71.991196,-42.095903],[-71.993179,-42.091422],[-71.998884,-42.09028],[-72.002607,-42.09362],[-72.008312,-42.092477],[-72.010294,-42.087995],[-72.006572,-42.084655],[-72.008554,-42.080173],[-72.004832,-42.076833],[-72.006814,-42.072351],[-72.012517,-42.071208],[-72.01624,-42.074547],[-72.014258,-42.079029],[-72.017981,-42.082369],[-72.023686,-42.081225],[-72.025667,-42.076742],[-72.021944,-42.073403],[-72.023925,-42.06892],[-72.020202,-42.065582],[-72.014499,-42.066726],[-72.010777,-42.063387],[-72.012758,-42.058905],[-72.009037,-42.055566],[-72.011018,-42.051084],[-72.01672,-42.04994],[-72.0187,-42.045458],[-72.024401,-42.044313],[-72.028123,-42.047651],[-72.026143,-42.052134],[-72.029865,-42.055472],[-72.035568,-42.054327],[-72.037547,-42.049844],[-72.04325,-42.048698],[-72.046974,-42.052036],[-72.044995,-42.056519],[-72.04872,-42.059857],[-72.054424,-42.058711],[-72.05815,-42.062049],[-72.056171,-42.066534],[-72.059898,-42.069872],[-72.057919,-42.074356],[-72.052214,-42.075502],[-72.050234,-42.079986],[-72.053961,-42.083325],[-72.051982,-42.087809],[-72.046275,-42.088954],[-72.044295,-42.093439],[-72.048022,-42.096778],[-72.05373,-42.095633],[-72.057458,-42.098973],[-72.063167,-42.097827],[-72.065146,-42.093342],[-72.070855,-42.092196],[-72.072833,-42.087711],[-72.078541,-42.086565],[-72.082272,-42.089903],[-72.08798,-42.088756],[-72.091712,-42.092095],[-72.089735,-42.096581],[-72.084025,-42.097728],[-72.082047,-42.102214],[-72.085779,-42.105554],[-72.091489,-42.104407],[-72.095223,-42.107746],[-72.093245,-42.112233],[-72.087533,-42.11338],[-72.085554,-42.117866],[-72.079843,-42.119012],[-72.077863,-42.123498],[-72.081596,-42.126839],[-72.087309,-42.125693],[-72.091043,-42.129033],[-72.096757,-42.127887],[-72.100492,-42.131227],[-72.098514,-42.135714],[-72.10225,-42.139055],[-72.100271,-42.143542],[-72.103204,-42.146164],[-72.101772,-42.146745],[-72.101279,-42.147018],[-72.100993,-42.147177],[-72.100701,-42.14734],[-72.098131,-42.147364],[-72.095514,-42.147958],[-72.094181,-42.148268]],[[-72.019484,-42.102497],[-72.021466,-42.098014],[-72.017742,-42.094674],[-72.012035,-42.095817],[-72.010053,-42.1003],[-72.013777,-42.10364],[-72.019484,-42.102497]]]},"properties":{"comuna":"Cochamó","mancha_id":"10103-88cea320b5fffff","clase":"Muy Bajo","nivel_medio":0.093,"nivel_medio_min":0.0,"nivel_medio_max":0.493,"pct_alto":0.8,"n_hexagonos":93,"area_ha":5272.1}},{"type":"Feature","geometry":{"type":"Polygon","coordinates":[[[-72.121951,-42.154716],[-72.121504,-42.154481],[-72.121497,-42.154478],[-72.120998,-42.153764],[-72.12045,-42.153098],[-72.120022,-42.152265],[-72.119261,-42.151242],[-72.118761,-42.150552],[-72.118214,-42.14991],[-72.117913,-42.149631],[-72.117365,-42.149044],[-72.116903,-42.148387],[-72.116786,-42.14822],[-72.116262,-42.147126],[-72.115929,-42.146626],[-72.115646,-42.146211],[-72.115263,-42.146079],[-72.114878,-42.14629],[-72.114722,-42.146604],[-72.114711,-42.146629],[-72.114379,-42.147028],[-72.114236,-42.14729],[-72.113594,-42.147575],[-72.112761,-42.147195],[-72.112597,-42.147144],[-72.111765,-42.146888],[-72.110742,-42.146459],[-72.110145,-42.146113],[-72.109724,-42.145737],[-72.111702,-42.141249],[-72.117418,-42.140101],[-72.119395,-42.135613],[-72.115658,-42.132273],[-72.117635,-42.127785],[-72.123349,-42.126637],[-72.127088,-42.129977],[-72.132803,-42.128829],[-72.136542,-42.132169],[-72.142258,-42.13102],[-72.145999,-42.13436],[-72.151715,-42.13321],[-72.15369,-42.128721],[-72.149949,-42.125381],[-72.151924,-42.120892],[-72.148184,-42.117552],[-72.142469,-42.118702],[-72.13873,-42.115363],[-72.140706,-42.110874],[-72.136967,-42.107535],[-72.138942,-42.103047],[-72.135205,-42.099708],[-72.13718,-42.09522],[-72.133443,-42.091881],[-72.135417,-42.087393],[-72.131681,-42.084055],[-72.133656,-42.079568],[-72.129921,-42.07623],[-72.131895,-42.071742],[-72.12816,-42.068405],[-72.130134,-42.063917],[-72.135843,-42.062767],[-72.139578,-42.066104],[-72.145287,-42.064953],[-72.149023,-42.06829],[-72.154732,-42.067139],[-72.15847,-42.070476],[-72.16418,-42.069324],[-72.167918,-42.072661],[-72.165946,-42.07715],[-72.160235,-42.078302],[-72.158262,-42.082791],[-72.162001,-42.086129],[-72.167713,-42.084977],[-72.171453,-42.088315],[-72.169481,-42.092804],[-72.173221,-42.096142],[-72.178935,-42.09499],[-72.182677,-42.098328],[-72.180705,-42.102818],[-72.17499,-42.10397],[-72.173017,-42.10846],[-72.167302,-42.109612],[-72.165329,-42.114101],[-72.159614,-42.115252],[-72.15764,-42.119742],[-72.161381,-42.123081],[-72.167097,-42.12193],[-72.170839,-42.12527],[-72.176556,-42.124118],[-72.1803,-42.127458],[-72.186017,-42.126306],[-72.18799,-42.121815],[-72.193707,-42.120663],[-72.197452,-42.124002],[-72.20317,-42.122849],[-72.206917,-42.126188],[-72.204945,-42.13068],[-72.208692,-42.134019],[-72.20672,-42.138511],[-72.210468,-42.141851],[-72.216188,-42.140698],[-72.21816,-42.136205],[-72.22388,-42.135052],[-72.225851,-42.130559],[-72.23157,-42.129405],[-72.233541,-42.124912],[-72.23926,-42.123758],[-72.241229,-42.119264],[-72.246949,-42.118109],[-72.2507,-42.121447],[-72.256419,-42.120292],[-72.258388,-42.115798],[-72.254636,-42.11246],[-72.256604,-42.107966],[-72.262323,-42.10681],[-72.264291,-42.102316],[-72.26054,-42.098979],[-72.254822,-42.100135],[-72.252854,-42.104629],[-72.247136,-42.105785],[-72.243386,-42.102447],[-72.237669,-42.103603],[-72.2357,-42.108096],[-72.229982,-42.10925],[-72.228013,-42.113743],[-72.222295,-42.114897],[-72.218547,-42.111559],[-72.220518,-42.107067],[-72.216771,-42.103729],[-72.211055,-42.104883],[-72.207309,-42.101545],[-72.20928,-42.097054],[-72.205535,-42.093716],[-72.207505,-42.089225],[-72.203762,-42.085888],[-72.205732,-42.081397],[-72.201988,-42.07806],[-72.203958,-42.073569],[-72.200216,-42.070232],[-72.202186,-42.065742],[-72.207898,-42.064587],[-72.21164,-42.067924],[-72.217353,-42.066769],[-72.219321,-42.062278],[-72.225034,-42.061122],[-72.228778,-42.064458],[-72.22681,-42.06895],[-72.230555,-42.072286],[-72.236269,-42.07113],[-72.240015,-42.074466],[-72.24573,-42.07331],[-72.249477,-42.076646],[-72.255192,-42.075489],[-72.257159,-42.070996],[-72.253411,-42.06766],[-72.247697,-42.068817],[-72.24395,-42.065481],[-72.245917,-42.060989],[-72.25163,-42.059832],[-72.253596,-42.055339],[-72.259309,-42.054182],[-72.263057,-42.057517],[-72.26877,-42.056359],[-72.272519,-42.059694],[-72.278234,-42.058535],[-72.280198,-42.054041],[-72.285912,-42.052882],[-72.287876,-42.048388],[-72.284126,-42.045054],[-72.28609,-42.04056],[-72.282341,-42.037226],[-72.284305,-42.032732],[-72.290017,-42.031572],[-72.29198,-42.027078],[-72.288231,-42.023745],[-72.28252,-42.024905],[-72.278772,-42.021571],[-72.280736,-42.017078],[-72.276989,-42.013745],[-72.278952,-42.009252],[-72.284661,-42.008092],[-72.285754,-42.005588],[-72.286513,-42.005726],[-72.287199,-42.005968],[-72.287723,-42.006411],[-72.287804,-42.006694],[-72.287925,-42.007298],[-72.288046,-42.008065],[-72.288368,-42.008911],[-72.288489,-42.009516],[-72.288529,-42.010202],[-72.288973,-42.010968],[-72.289085,-42.011287],[-72.289255,-42.011775],[-72.289578,-42.012299],[-72.289981,-42.012541],[-72.290263,-42.012662],[-72.29077,-42.0129],[-72.291356,-42.013247],[-72.291881,-42.013603],[-72.292332,-42.013832],[-72.292766,-42.014071],[-72.293135,-42.014548],[-72.293533,-42.014867],[-72.293998,-42.0151],[-72.294462,-42.01528],[-72.295133,-42.015513],[-72.29552,-42.015719],[-72.295846,-42.015915],[-72.296346,-42.016235],[-72.29666,-42.016361],[-72.296991,-42.016493],[-72.297637,-42.016674],[-72.298204,-42.01688],[-72.298927,-42.017061],[-72.29965,-42.017061],[-72.300424,-42.01701],[-72.300992,-42.017087],[-72.301551,-42.017194],[-72.302136,-42.017455],[-72.30254,-42.017913],[-72.302669,-42.018403],[-72.302747,-42.018868],[-72.302809,-42.019255],[-72.302961,-42.019862],[-72.303159,-42.020261],[-72.303366,-42.020468],[-72.303475,-42.020647],[-72.30365,-42.020932],[-72.303856,-42.021294],[-72.303856,-42.021552],[-72.30383,-42.021732],[-72.30365,-42.021887],[-72.303443,-42.022094],[-72.303211,-42.022274],[-72.302927,-42.022558],[-72.302643,-42.022816],[-72.302359,-42.023152],[-72.302101,-42.023513],[-72.301792,-42.023978],[-72.301688,-42.024175],[-72.301594,-42.024443],[-72.301456,-42.024907],[-72.301275,-42.025629],[-72.301213,-42.026061],[-72.301043,-42.026559],[-72.300628,-42.027085],[-72.300144,-42.027852],[-72.300069,-42.028031],[-72.29974,-42.02882],[-72.299296,-42.029546],[-72.299982,-42.029586],[-72.301227,-42.029742],[-72.301273,-42.029748],[-72.301717,-42.02999],[-72.302403,-42.02999],[-72.302766,-42.029949],[-72.303412,-42.029909],[-72.304138,-42.029909],[-72.304783,-42.029909],[-72.30555,-42.029788],[-72.305994,-42.029667],[-72.306478,-42.029546],[-72.307083,-42.029506],[-72.307527,-42.029586],[-72.308011,-42.029707],[-72.308535,-42.02999],[-72.308778,-42.030313],[-72.308939,-42.030797],[-72.309302,-42.031442],[-72.309746,-42.031967],[-72.310398,-42.032583],[-72.310482,-42.032663],[-72.311138,-42.033016],[-72.312398,-42.03352],[-72.313054,-42.033873],[-72.313962,-42.034327],[-72.314567,-42.034579],[-72.315223,-42.034882],[-72.316181,-42.035134],[-72.316786,-42.035134],[-72.317442,-42.035134],[-72.317643,-42.035285],[-72.317442,-42.035588],[-72.317391,-42.03589],[-72.317391,-42.036193],[-72.317542,-42.036697],[-72.317542,-42.037046],[-72.317682,-42.037815],[-72.31786,-42.038202],[-72.318101,-42.038723],[-72.318415,-42.039352],[-72.318904,-42.040295],[-72.319114,-42.040959],[-72.319221,-42.041401],[-72.319397,-42.041717],[-72.319631,-42.041999],[-72.320057,-42.042147],[-72.320407,-42.042287],[-72.320686,-42.042496],[-72.320781,-42.042726],[-72.321039,-42.042972],[-72.321245,-42.043125],[-72.321388,-42.043196],[-72.321525,-42.043265],[-72.321734,-42.043544],[-72.32163,-42.043964],[-72.32142,-42.044453],[-72.321297,-42.044957],[-72.321297,-42.045336],[-72.321441,-42.045806],[-72.321519,-42.046145],[-72.32165,-42.046406],[-72.321819,-42.046576],[-72.321885,-42.04672],[-72.321979,-42.046863],[-72.32212,-42.046929],[-72.322328,-42.047213],[-72.322328,-42.047562],[-72.322277,-42.047766],[-72.322258,-42.047842],[-72.322084,-42.048121],[-72.321734,-42.048505],[-72.32149,-42.048925],[-72.32142,-42.049484],[-72.32149,-42.049798],[-72.321804,-42.050287],[-72.322119,-42.050602],[-72.322328,-42.05137],[-72.322293,-42.051894],[-72.322293,-42.052314],[-72.322293,-42.052768],[-72.32225,-42.053156],[-72.322223,-42.053397],[-72.322433,-42.053991],[-72.322523,-42.054222],[-72.322678,-42.054619],[-72.322992,-42.055074],[-72.323167,-42.055213],[-72.323376,-42.055388],[-72.323621,-42.055633],[-72.32404,-42.055807],[-72.324564,-42.056087],[-72.324739,-42.056262],[-72.324425,-42.056716],[-72.323796,-42.056995],[-72.323376,-42.0571],[-72.322608,-42.057135],[-72.322119,-42.05703],[-72.32142,-42.056995],[-72.320861,-42.05703],[-72.320197,-42.057135],[-72.319428,-42.057205],[-72.31859,-42.057345],[-72.318031,-42.057589],[-72.317158,-42.057799],[-72.316319,-42.057869],[-72.315516,-42.057799],[-72.315084,-42.05764],[-72.314852,-42.057554],[-72.314277,-42.057462],[-72.313629,-42.057484],[-72.312895,-42.057799],[-72.312371,-42.057973],[-72.311985,-42.058431],[-72.311676,-42.059048],[-72.311368,-42.059621],[-72.310937,-42.060092],[-72.310883,-42.06015],[-72.310442,-42.060503],[-72.309781,-42.060856],[-72.308723,-42.060944],[-72.308399,-42.06102],[-72.307974,-42.06112],[-72.307269,-42.061252],[-72.306563,-42.061252],[-72.305946,-42.061252],[-72.305329,-42.061164],[-72.304447,-42.061252],[-72.30383,-42.061297],[-72.303257,-42.061297],[-72.302552,-42.061385],[-72.302023,-42.061341],[-72.301318,-42.061385],[-72.300524,-42.061473],[-72.299899,-42.061432],[-72.29907,-42.061341],[-72.298187,-42.061118],[-72.29797,-42.061045],[-72.297558,-42.060908],[-72.297034,-42.060699],[-72.296789,-42.060559],[-72.29623,-42.060489],[-72.295776,-42.060279],[-72.295357,-42.060035],[-72.295007,-42.05972],[-72.294344,-42.059336],[-72.293924,-42.059231],[-72.293031,-42.05896],[-72.292281,-42.058916],[-72.291797,-42.059093],[-72.291199,-42.059196],[-72.290326,-42.059511],[-72.289662,-42.059615],[-72.288544,-42.05986],[-72.288001,-42.06002],[-72.287356,-42.060209],[-72.286448,-42.060349],[-72.285749,-42.060454],[-72.284596,-42.060664],[-72.283583,-42.060699],[-72.282081,-42.060908],[-72.280964,-42.060964],[-72.280683,-42.060978],[-72.2796,-42.061153],[-72.278622,-42.061258],[-72.278044,-42.061473],[-72.277399,-42.061782],[-72.276633,-42.062002],[-72.27606,-42.062178],[-72.275487,-42.062354],[-72.275135,-42.062398],[-72.274744,-42.062341],[-72.27422,-42.062026],[-72.273801,-42.061851],[-72.273591,-42.061782],[-72.273381,-42.061537],[-72.272927,-42.061362],[-72.272438,-42.061327],[-72.272019,-42.061292],[-72.27183,-42.06127],[-72.271145,-42.061188],[-72.270132,-42.061188],[-72.269014,-42.061048],[-72.268385,-42.061013],[-72.267232,-42.060908],[-72.266394,-42.060699],[-72.265346,-42.060699],[-72.264961,-42.060454],[-72.264682,-42.060384],[-72.263878,-42.060209],[-72.263389,-42.060035],[-72.26297,-42.059825],[-72.262107,-42.059687],[-72.262097,-42.059685],[-72.261642,-42.059685],[-72.261538,-42.059825],[-72.261223,-42.060174],[-72.260874,-42.060594],[-72.260765,-42.06112],[-72.260544,-42.061825],[-72.260523,-42.062125],[-72.26049,-42.062585],[-72.260676,-42.063104],[-72.260676,-42.063589],[-72.260559,-42.064332],[-72.260559,-42.064786],[-72.26049,-42.065485],[-72.26049,-42.066044],[-72.26035,-42.066847],[-72.26028,-42.067546],[-72.26,-42.068],[-72.259686,-42.068559],[-72.259406,-42.069258],[-72.259162,-42.069642],[-72.258847,-42.070062],[-72.258778,-42.070271],[-72.258778,-42.070668],[-72.258778,-42.070691],[-72.258778,-42.07111],[-72.258708,-42.071561],[-72.258603,-42.072053],[-72.258427,-42.072445],[-72.258346,-42.072954],[-72.25844,-42.073288],[-72.258614,-42.07357],[-72.258909,-42.073851],[-72.25927,-42.074199],[-72.259739,-42.074534],[-72.260261,-42.074802],[-72.260877,-42.07515],[-72.261373,-42.075485],[-72.262109,-42.075819],[-72.26298,-42.076328],[-72.263864,-42.076931],[-72.264193,-42.077364],[-72.264488,-42.077702],[-72.264892,-42.078165],[-72.265844,-42.07876],[-72.265912,-42.078785],[-72.266409,-42.078968],[-72.267034,-42.079147],[-72.268135,-42.079504],[-72.268819,-42.079831],[-72.269414,-42.07992],[-72.26995,-42.080218],[-72.270357,-42.080609],[-72.270694,-42.080932],[-72.271616,-42.081705],[-72.272538,-42.082389],[-72.273401,-42.083163],[-72.274055,-42.083609],[-72.27465,-42.084234],[-72.27519,-42.0846],[-72.275453,-42.084805],[-72.275757,-42.084964],[-72.276287,-42.085037],[-72.276957,-42.08528],[-72.277136,-42.085344],[-72.277655,-42.085454],[-72.277921,-42.085567],[-72.278017,-42.085835],[-72.278042,-42.086317],[-72.277744,-42.087179],[-72.277268,-42.088072],[-72.277052,-42.088694],[-72.27703,-42.088756],[-72.276614,-42.089381],[-72.276168,-42.089976],[-72.275751,-42.090392],[-72.275245,-42.09072],[-72.274816,-42.091328],[-72.274573,-42.092298],[-72.274331,-42.093228],[-72.274169,-42.093916],[-72.273886,-42.094805],[-72.273628,-42.095342],[-72.2734,-42.095984],[-72.273337,-42.096389],[-72.271976,-42.096665],[-72.270009,-42.101159],[-72.273728,-42.104467],[-72.273728,-42.104572],[-72.273728,-42.104583],[-72.273877,-42.105357],[-72.273877,-42.105863],[-72.273803,-42.106453],[-72.273609,-42.107023],[-72.27346,-42.107469],[-72.273232,-42.107945],[-72.272946,-42.108421],[-72.272568,-42.108719],[-72.272389,-42.108927],[-72.272135,-42.109294],[-72.272122,-42.109314],[-72.271794,-42.109641],[-72.271577,-42.109926],[-72.271462,-42.110175],[-72.271408,-42.110414],[-72.271318,-42.110593],[-72.271229,-42.11098],[-72.271289,-42.111783],[-72.2712,-42.112198],[-72.271232,-42.112897],[-72.271295,-42.113405],[-72.271454,-42.114135],[-72.271962,-42.114674],[-72.272538,-42.114936],[-72.273044,-42.115472],[-72.273639,-42.116156],[-72.273778,-42.116371],[-72.273966,-42.116662],[-72.274234,-42.117078],[-72.274351,-42.117508],[-72.274412,-42.117733],[-72.274442,-42.118536],[-72.274442,-42.119161],[-72.274442,-42.119548],[-72.274442,-42.120173],[-72.274234,-42.120708],[-72.273936,-42.121035],[-72.27352,-42.121214],[-72.273193,-42.121333],[-72.272687,-42.121541],[-72.272122,-42.121779],[-72.270902,-42.122225],[-72.270039,-42.122582],[-72.269414,-42.12282],[-72.26873,-42.123029],[-72.268403,-42.123148],[-72.26754,-42.123475],[-72.267173,-42.123612],[-72.266588,-42.123832],[-72.266023,-42.12407],[-72.265249,-42.124486],[-72.264654,-42.124814],[-72.26397,-42.12526],[-72.263212,-42.125699],[-72.262601,-42.126182],[-72.262027,-42.126461],[-72.26153,-42.126747],[-72.260876,-42.126956],[-72.260122,-42.127265],[-72.259446,-42.127501],[-72.258698,-42.127769],[-72.258317,-42.127864],[-72.257778,-42.127999],[-72.256858,-42.128191],[-72.256271,-42.128281],[-72.25567,-42.128294],[-72.254667,-42.128485],[-72.253735,-42.128685],[-72.25277,-42.128717],[-72.252358,-42.128797],[-72.252047,-42.128892],[-72.251733,-42.128988],[-72.25093,-42.129529],[-72.250388,-42.129721],[-72.25,-42.129947],[-72.249969,-42.129965],[-72.249463,-42.130349],[-72.249149,-42.130594],[-72.24894,-42.13089],[-72.248713,-42.131257],[-72.248416,-42.131693],[-72.247934,-42.132221],[-72.247351,-42.132618],[-72.246596,-42.133025],[-72.245941,-42.133441],[-72.245078,-42.133947],[-72.244275,-42.134423],[-72.244237,-42.134434],[-72.243354,-42.134696],[-72.242579,-42.135107],[-72.24127,-42.135672],[-72.240348,-42.136119],[-72.239456,-42.136505],[-72.238266,-42.136803],[-72.237076,-42.136892],[-72.235737,-42.137071],[-72.235142,-42.137249],[-72.234636,-42.137368],[-72.233952,-42.137517],[-72.233588,-42.137449],[-72.233476,-42.137428],[-72.232434,-42.137547],[-72.231453,-42.137725],[-72.230929,-42.137725],[-72.230739,-42.137725],[-72.230501,-42.137695],[-72.229311,-42.137428],[-72.228418,-42.137368],[-72.228061,-42.137428],[-72.227526,-42.137428],[-72.22705,-42.137785],[-72.226981,-42.137814],[-72.226276,-42.138112],[-72.22577,-42.138499],[-72.22458,-42.139094],[-72.223985,-42.13954],[-72.223033,-42.140016],[-72.222528,-42.140433],[-72.221873,-42.140819],[-72.220921,-42.141295],[-72.220505,-42.141504],[-72.219731,-42.141742],[-72.219017,-42.14198],[-72.218392,-42.142277],[-72.218197,-42.142487],[-72.217976,-42.142723],[-72.217619,-42.143318],[-72.217232,-42.143943],[-72.216845,-42.144419],[-72.216726,-42.144627],[-72.216399,-42.144836],[-72.21628,-42.144955],[-72.216072,-42.145431],[-72.215953,-42.145847],[-72.215934,-42.145879],[-72.215596,-42.146442],[-72.215269,-42.147186],[-72.214941,-42.147632],[-72.214822,-42.1479],[-72.214644,-42.148257],[-72.214584,-42.148495],[-72.214465,-42.148941],[-72.214367,-42.149255],[-72.214317,-42.149417],[-72.214198,-42.150072],[-72.214049,-42.150696],[-72.213721,-42.152095],[-72.213721,-42.15269],[-72.213632,-42.153195],[-72.213513,-42.153731],[-72.213394,-42.154326],[-72.213186,-42.154921],[-72.212829,-42.155665],[-72.212472,-42.156111],[-72.212459,-42.156123],[-72.212055,-42.156498],[-72.211788,-42.156795],[-72.211312,-42.157242],[-72.211103,-42.15748],[-72.210538,-42.157926],[-72.210062,-42.158223],[-72.209765,-42.15861],[-72.209199,-42.159086],[-72.208872,-42.159443],[-72.208307,-42.159979],[-72.207771,-42.160365],[-72.207176,-42.160901],[-72.206641,-42.161407],[-72.205986,-42.161823],[-72.205224,-42.162177],[-72.205153,-42.16221],[-72.204566,-42.162238],[-72.203666,-42.16215],[-72.203011,-42.162061],[-72.202714,-42.161942],[-72.202297,-42.161734],[-72.201435,-42.161407],[-72.20078,-42.161347],[-72.200185,-42.161347],[-72.199293,-42.161377],[-72.198727,-42.161496],[-72.198162,-42.161704],[-72.197894,-42.161704],[-72.19718,-42.161645],[-72.196645,-42.161466],[-72.196639,-42.161465],[-72.19602,-42.161317],[-72.195723,-42.161169],[-72.195157,-42.160693],[-72.194681,-42.160336],[-72.194324,-42.159919],[-72.194056,-42.159741],[-72.19364,-42.159651],[-72.193313,-42.159651],[-72.192807,-42.159592],[-72.192509,-42.159473],[-72.191795,-42.159116],[-72.1912,-42.159056],[-72.190427,-42.158729],[-72.189177,-42.158432],[-72.189158,-42.158425],[-72.188463,-42.158194],[-72.187839,-42.157956],[-72.187091,-42.157911],[-72.187091,-42.157911],[-72.186433,-42.157881],[-72.186376,-42.15788],[-72.183641,-42.155441],[-72.179745,-42.156225],[-72.179346,-42.155923],[-72.179333,-42.155901],[-72.179115,-42.155456],[-72.179109,-42.155428],[-72.17894,-42.154617],[-72.17894,-42.154587],[-72.178581,-42.153978],[-72.17801,-42.15336],[-72.177581,-42.152908],[-72.177296,-42.151885],[-72.177296,-42.151313],[-72.177179,-42.1511],[-72.177179,-42.150595],[-72.177179,-42.149739],[-72.177179,-42.149709],[-72.176894,-42.149233],[-72.176513,-42.1489],[-72.176399,-42.14871],[-72.176204,-42.148382],[-72.176196,-42.148355],[-72.175942,-42.147478],[-72.175943,-42.147449],[-72.175966,-42.146598],[-72.175968,-42.146568],[-72.176061,-42.145313],[-72.176053,-42.145286],[-72.175535,-42.144936],[-72.175392,-42.144175],[-72.175585,-42.143528],[-72.175587,-42.143499],[-72.175632,-42.142743],[-72.175622,-42.142718],[-72.1753,-42.141982],[-72.175299,-42.141952],[-72.174348,-42.141238],[-72.174272,-42.141173],[-72.173491,-42.1405],[-72.172948,-42.139653],[-72.172896,-42.139572],[-72.172845,-42.13954],[-72.172759,-42.139485],[-72.172132,-42.139083],[-72.170919,-42.139059],[-72.1698,-42.139131],[-72.169063,-42.139273],[-72.167921,-42.139345],[-72.16616,-42.139702],[-72.164875,-42.13994],[-72.164308,-42.140125],[-72.163638,-42.140344],[-72.163114,-42.140582],[-72.162305,-42.140772],[-72.16154,-42.141012],[-72.161427,-42.141048],[-72.16057,-42.141643],[-72.159664,-42.142414],[-72.158974,-42.143152],[-72.158546,-42.143771],[-72.15812,-42.144141],[-72.15762,-42.144022],[-72.157001,-42.144141],[-72.156971,-42.144154],[-72.156335,-42.144427],[-72.156095,-42.144496],[-72.155072,-42.144794],[-72.153691,-42.145079],[-72.152097,-42.145174],[-72.151278,-42.145106],[-72.151124,-42.145093],[-72.150006,-42.145283],[-72.148792,-42.145711],[-72.1471,-42.146055],[-72.145887,-42.146453],[-72.145577,-42.146555],[-72.143507,-42.147102],[-72.143282,-42.147182],[-72.142157,-42.147582],[-72.142029,-42.147646],[-72.140856,-42.148237],[-72.139759,-42.148534],[-72.138463,-42.148886],[-72.13694,-42.149029],[-72.135892,-42.148934],[-72.135776,-42.148924],[-72.13492,-42.149114],[-72.134323,-42.149481],[-72.133514,-42.150433],[-72.132562,-42.151028],[-72.13142,-42.151385],[-72.130572,-42.151854],[-72.130087,-42.152122],[-72.12904,-42.15286],[-72.127946,-42.153384],[-72.125876,-42.154145],[-72.124519,-42.154597],[-72.12288,-42.154682],[-72.121951,-42.154716]]]},"properties":{"comuna":"Cochamó","mancha_id":"10103-88cea32097fffff","clase":"Muy Bajo","nivel_medio":0.067,"nivel_medio_min":0.0,"nivel_medio_max":0.469,"pct_alto":1.8,"n_hexagonos":152,"area_ha":8088.47}},{"type":"Feature","geometry":{"type":"Polygon","coordinates":[[[-72.399679,-41.456838],[-72.401614,-41.452349],[-72.405161,-41.451608],[-72.40515,-41.451674],[-72.405209,-41.452327],[-72.405625,-41.452891],[-72.40622,-41.45398],[-72.40642,-41.45511],[-72.40668,-41.45614],[-72.40705,-41.45673],[-72.407435,-41.457077],[-72.40791,-41.457344],[-72.407821,-41.457878],[-72.40723,-41.45847],[-72.406367,-41.459184],[-72.40552,-41.459702],[-72.40536,-41.4598],[-72.40429,-41.46058],[-72.40338,-41.46133],[-72.402684,-41.461805],[-72.40215,-41.46217],[-72.40126,-41.46259],[-72.400281,-41.462925],[-72.399213,-41.463043],[-72.398144,-41.463073],[-72.397461,-41.462984],[-72.396808,-41.462984],[-72.39608,-41.46317],[-72.39567,-41.46355],[-72.39563,-41.46359],[-72.39528,-41.46393],[-72.39474,-41.46443],[-72.394504,-41.464656],[-72.392088,-41.462508],[-72.394023,-41.458019],[-72.399679,-41.456838]]]},"properties":{"comuna":"Cochamó","mancha_id":"10103-88ce85ae19fffff","clase":"Muy Bajo","nivel_medio":0.06,"nivel_medio_min":0.0,"nivel_medio_max":0.111,"pct_alto":2.0,"n_hexagonos":3,"area_ha":91.99}},{"type":"Feature","geometry":{"type":"Polygon","coordinates":[[[-72.188162,-41.529341],[-72.186211,-41.533821],[-72.180557,-41.534989],[-72.176855,-41.531675],[-72.178806,-41.527195],[-72.18446,-41.526027],[-72.188162,-41.529341]]]},"properties":{"comuna":"Cochamó","mancha_id":"10103-88ce85aa61fffff","clase":"Muy Bajo","nivel_medio":0.252,"nivel_medio_min":0.252,"nivel_medio_max":0.252,"pct_alto":0.5,"n_hexagonos":1,"area_ha":64.11}},{"type":"Feature","geometry":{"type":"Polygon","coordinates":[[[-72.175168,-41.405671],[-72.177115,-41.401193],[-72.173422,-41.397885],[-72.167783,-41.399055],[-72.165835,-41.403533],[-72.160196,-41.404702],[-72.156505,-41.401394],[-72.158453,-41.396917],[-72.164091,-41.395747],[-72.165703,-41.392042],[-72.167379,-41.393175],[-72.168174,-41.394058],[-72.16877,-41.39589],[-72.169295,-41.396554],[-72.17044,-41.396967],[-72.171647,-41.397101],[-72.171677,-41.397104],[-72.172538,-41.397447],[-72.173372,-41.397791],[-72.173448,-41.397826],[-72.173472,-41.397837],[-72.175067,-41.39857],[-72.17742,-41.39914],[-72.179376,-41.400723],[-72.180565,-41.401686],[-72.181665,-41.40251],[-72.18232,-41.40286],[-72.18486,-41.403063],[-72.185831,-41.403152],[-72.186425,-41.403382],[-72.184502,-41.407808],[-72.178861,-41.408979],[-72.175168,-41.405671]]]},"properties":{"comuna":"Cochamó","mancha_id":"10103-88ce85a987fffff","clase":"Muy Bajo","nivel_medio":0.117,"nivel_medio_min":0.002,"nivel_medio_max":0.272,"pct_alto":0.0,"n_hexagonos":4,"area_ha":148.03}},{"type":"Feature","geometry":{"type":"Polygon","coordinates":[[[-72.130946,-41.471864],[-72.128994,-41.476341],[-72.123349,-41.477507],[-72.119656,-41.474195],[-72.121609,-41.469718],[-72.127254,-41.468552],[-72.130946,-41.471864]]]},"properties":{"comuna":"Cochamó","mancha_id":"10103-88ce85a941fffff","clase":"Muy Bajo","nivel_medio":0.392,"nivel_medio_min":0.392,"nivel_medio_max":0.392,"pct_alto":0.0,"n_hexagonos":1,"area_ha":64.01}},{"type":"Feature","geometry":{"type":"Polygon","coordinates":[[[-72.122249,-41.432926],[-72.120298,-41.437403],[-72.114657,-41.438569],[-72.110968,-41.435259],[-72.11292,-41.430783],[-72.11856,-41.429617],[-72.122249,-41.432926]]]},"properties":{"comuna":"Cochamó","mancha_id":"10103-88ce85a923fffff","clase":"Muy Bajo","nivel_medio":0.32,"nivel_medio_min":0.32,"nivel_medio_max":0.32,"pct_alto":0.9,"n_hexagonos":1,"area_ha":63.97}},{"type":"Feature","geometry":{"type":"Polygon","coordinates":[[[-72.13506,-41.450644],[-72.133109,-41.455121],[-72.127466,-41.456287],[-72.123775,-41.452976],[-72.118132,-41.454142],[-72.114442,-41.450832],[-72.116394,-41.446355],[-72.122036,-41.445189],[-72.123987,-41.440713],[-72.129629,-41.439546],[-72.13158,-41.435069],[-72.137221,-41.433902],[-72.140912,-41.437212],[-72.138962,-41.441689],[-72.142654,-41.444999],[-72.140703,-41.449477],[-72.13506,-41.450644]]]},"properties":{"comuna":"Cochamó","mancha_id":"10103-88ce85a901fffff","clase":"Muy Bajo","nivel_medio":0.255,"nivel_medio_min":0.115,"nivel_medio_max":0.385,"pct_alto":0.1,"n_hexagonos":5,"area_ha":319.96}},{"type":"Feature","geometry":{"type":"Polygon","coordinates":[[[-72.166565,-41.472651],[-72.164615,-41.47713],[-72.168313,-41.480442],[-72.166362,-41.484921],[-72.160714,-41.486088],[-72.157017,-41.482777],[-72.15137,-41.483944],[-72.149419,-41.488422],[-72.143771,-41.489589],[-72.140076,-41.486277],[-72.142028,-41.481799],[-72.147675,-41.480632],[-72.149626,-41.476154],[-72.145931,-41.472842],[-72.147882,-41.468364],[-72.153527,-41.467197],[-72.157223,-41.470508],[-72.162869,-41.469341],[-72.164819,-41.464862],[-72.170465,-41.463694],[-72.174162,-41.467004],[-72.172212,-41.471483],[-72.166565,-41.472651]]]},"properties":{"comuna":"Cochamó","mancha_id":"10103-88ce85a865fffff","clase":"Muy Bajo","nivel_medio":0.049,"nivel_medio_min":0.0,"nivel_medio_max":0.135,"pct_alto":0.0,"n_hexagonos":6,"area_ha":384.26}},{"type":"Feature","geometry":{"type":"Polygon","coordinates":[[[-72.198109,-41.494662],[-72.19616,-41.499143],[-72.190509,-41.500312],[-72.186808,-41.497],[-72.188757,-41.49252],[-72.194407,-41.491351],[-72.198109,-41.494662]]]},"properties":{"comuna":"Cochamó","mancha_id":"10103-88ce85a849fffff","clase":"Muy Bajo","nivel_medio":0.488,"nivel_medio_min":0.488,"nivel_medio_max":0.488,"pct_alto":2.2,"n_hexagonos":1,"area_ha":64.1}},{"type":"Feature","geometry":{"type":"Polygon","coordinates":[[[-71.795675,-41.963646],[-71.793685,-41.968117],[-71.797376,-41.971454],[-71.795385,-41.975925],[-71.789702,-41.977059],[-71.787711,-41.98153],[-71.791403,-41.984868],[-71.789411,-41.989339],[-71.783727,-41.990472],[-71.781734,-41.994943],[-71.785426,-41.998281],[-71.783434,-42.002752],[-71.777748,-42.003885],[-71.775755,-42.008356],[-71.771238,-42.009255],[-71.771806,-42.008881],[-71.772528,-42.008384],[-71.772836,-42.008214],[-71.773264,-42.007596],[-71.773407,-42.006858],[-71.773628,-42.006194],[-71.773692,-42.006002],[-71.774066,-42.004985],[-71.774076,-42.004959],[-71.774477,-42.00436],[-71.774787,-42.003836],[-71.775048,-42.002813],[-71.774834,-42.0016],[-71.774454,-42.000981],[-71.77427,-42.000739],[-71.774082,-42.00049],[-71.775079,-41.998252],[-71.775117,-41.99825],[-71.775627,-41.998228],[-71.776151,-41.997705],[-71.776484,-41.997158],[-71.776603,-41.996848],[-71.776627,-41.996134],[-71.776636,-41.995958],[-71.776674,-41.995254],[-71.776698,-41.99454],[-71.776769,-41.993945],[-71.776668,-41.993296],[-71.777039,-41.99261],[-71.777429,-41.991982],[-71.778307,-41.991359],[-71.778557,-41.991006],[-71.778472,-41.989492],[-71.77872,-41.98814],[-71.779216,-41.987297],[-71.780035,-41.987133],[-71.782027,-41.982663],[-71.781343,-41.982043],[-71.781576,-41.981786],[-71.782456,-41.980835],[-71.783479,-41.979517],[-71.783741,-41.978384],[-71.784312,-41.977337],[-71.785407,-41.976052],[-71.786538,-41.974197],[-71.786597,-41.974101],[-71.787072,-41.97303],[-71.788048,-41.972102],[-71.789214,-41.971459],[-71.790216,-41.970685],[-71.790546,-41.969889],[-71.790499,-41.968842],[-71.79049,-41.968754],[-71.790369,-41.967586],[-71.790832,-41.966772],[-71.791165,-41.966153],[-71.791638,-41.965363],[-71.79195,-41.964773],[-71.792664,-41.964083],[-71.793497,-41.963131],[-71.794068,-41.962441],[-71.794151,-41.962268],[-71.795675,-41.963646]]]},"properties":{"comuna":"Cochamó","mancha_id":"10103-88ce859a45fffff","clase":"Muy Bajo","nivel_medio":0.228,"nivel_medio_min":0.023,"nivel_medio_max":0.378,"pct_alto":0.1,"n_hexagonos":7,"area_ha":281.28}},{"type":"Feature","geometry":{"type":"Polygon","coordinates":[[[-71.799945,-41.942425],[-71.797955,-41.946896],[-71.801646,-41.950232],[-71.799656,-41.954703],[-71.793975,-41.955838],[-71.791501,-41.953601],[-71.791641,-41.952114],[-71.791974,-41.950711],[-71.792545,-41.949664],[-71.793235,-41.94914],[-71.794187,-41.948712],[-71.794251,-41.947956],[-71.794446,-41.947597],[-71.794615,-41.947284],[-71.794496,-41.946213],[-71.794191,-41.945135],[-71.793601,-41.944597],[-71.790379,-41.944577],[-71.788752,-41.944321],[-71.790576,-41.940224],[-71.796255,-41.939089],[-71.799945,-41.942425]]]},"properties":{"comuna":"Cochamó","mancha_id":"10103-88ce859a05fffff","clase":"Muy Bajo","nivel_medio":0.24,"nivel_medio_min":0.142,"nivel_medio_max":0.404,"pct_alto":0.2,"n_hexagonos":2,"area_ha":109.01}},{"type":"Feature","geometry":{"type":"Polygon","coordinates":[[[-71.816991,-41.85756],[-71.815005,-41.86203],[-71.809333,-41.863168],[-71.805648,-41.859835],[-71.807634,-41.855365],[-71.813305,-41.854227],[-71.816991,-41.85756]]]},"properties":{"comuna":"Cochamó","mancha_id":"10103-88ce8598e5fffff","clase":"Muy Bajo","nivel_medio":0.4,"nivel_medio_min":0.4,"nivel_medio_max":0.4,"pct_alto":0.0,"n_hexagonos":1,"area_ha":63.89}},{"type":"Feature","geometry":{"type":"Polygon","coordinates":[[[-71.822945,-41.844149],[-71.820961,-41.848619],[-71.81529,-41.849757],[-71.811605,-41.846426],[-71.805935,-41.847564],[-71.802251,-41.844232],[-71.796582,-41.845369],[-71.794596,-41.849839],[-71.798279,-41.853171],[-71.796293,-41.85764],[-71.790622,-41.858777],[-71.790478,-41.858646],[-71.790499,-41.858625],[-71.790927,-41.858078],[-71.791117,-41.857697],[-71.790997,-41.856574],[-71.791026,-41.855919],[-71.791175,-41.854908],[-71.791264,-41.85351],[-71.79126,-41.852201],[-71.791108,-41.851632],[-71.791094,-41.850749],[-71.791523,-41.850455],[-71.791926,-41.850178],[-71.792424,-41.849138],[-71.793138,-41.848305],[-71.793928,-41.847507],[-71.794566,-41.84655],[-71.795547,-41.845331],[-71.795983,-41.844828],[-71.796707,-41.843992],[-71.797243,-41.843011],[-71.797012,-41.842312],[-71.795918,-41.841741],[-71.796257,-41.840827],[-71.796397,-41.838865],[-71.796158,-41.837313],[-71.800553,-41.836431],[-71.804237,-41.839763],[-71.809906,-41.838624],[-71.81359,-41.841956],[-71.81926,-41.840817],[-71.822945,-41.844149]]]},"properties":{"comuna":"Cochamó","mancha_id":"10103-88ce8598adfffff","clase":"Muy Bajo","nivel_medio":0.378,"nivel_medio_min":0.02,"nivel_medio_max":0.472,"pct_alto":0.2,"n_hexagonos":5,"area_ha":227.38}},{"type":"Feature","geometry":{"type":"Polygon","coordinates":[[[-71.875694,-41.841688],[-71.873712,-41.84616],[-71.86804,-41.847302],[-71.864349,-41.843971],[-71.866331,-41.839499],[-71.872003,-41.838357],[-71.875694,-41.841688]]]},"properties":{"comuna":"Cochamó","mancha_id":"10103-88ce859891fffff","clase":"Muy Bajo","nivel_medio":0.403,"nivel_medio_min":0.403,"nivel_medio_max":0.403,"pct_alto":0.0,"n_hexagonos":1,"area_ha":63.95}},{"type":"Feature","geometry":{"type":"Polygon","coordinates":[[[-71.782079,-41.901215],[-71.780098,-41.905667],[-71.776022,-41.906482],[-71.777272,-41.904917],[-71.778839,-41.903454],[-71.780648,-41.90217],[-71.782079,-41.901215]]]},"properties":{"comuna":"Cochamó","mancha_id":"10103-88ce85986bfffff","clase":"Muy Bajo","nivel_medio":0.0,"nivel_medio_min":0.0,"nivel_medio_max":0.0,"pct_alto":0.0,"n_hexagonos":1,"area_ha":9.57}},{"type":"Feature","geometry":{"type":"Polygon","coordinates":[[[-71.808474,-41.899989],[-71.806487,-41.90446],[-71.810175,-41.907794],[-71.815852,-41.906657],[-71.819541,-41.909992],[-71.817554,-41.914463],[-71.811877,-41.915599],[-71.808187,-41.912265],[-71.802511,-41.913401],[-71.798822,-41.910066],[-71.800811,-41.905596],[-71.797123,-41.902261],[-71.799111,-41.897791],[-71.804786,-41.896655],[-71.808474,-41.899989]]]},"properties":{"comuna":"Cochamó","mancha_id":"10103-88ce859855fffff","clase":"Muy Bajo","nivel_medio":0.324,"nivel_medio_min":0.167,"nivel_medio_max":0.495,"pct_alto":0.5,"n_hexagonos":3,"area_ha":191.74}},{"type":"Feature","geometry":{"type":"Polygon","coordinates":[[[-71.795425,-41.894457],[-71.78975,-41.895593],[-71.787762,-41.900063],[-71.782113,-41.901193],[-71.782361,-41.901027],[-71.783051,-41.899624],[-71.783646,-41.89753],[-71.783241,-41.897078],[-71.782599,-41.89615],[-71.782913,-41.895546],[-71.783527,-41.895174],[-71.785169,-41.894865],[-71.785978,-41.894555],[-71.787263,-41.893532],[-71.787336,-41.893409],[-71.787762,-41.892699],[-71.788122,-41.892115],[-71.788548,-41.891343],[-71.789095,-41.890248],[-71.789649,-41.889173],[-71.789523,-41.888059],[-71.789438,-41.887512],[-71.789404,-41.887298],[-71.788809,-41.886156],[-71.788052,-41.885335],[-71.789357,-41.883943],[-71.790213,-41.882706],[-71.790332,-41.88173],[-71.789999,-41.880635],[-71.789746,-41.879819],[-71.789863,-41.879284],[-71.789928,-41.878988],[-71.789928,-41.878661],[-71.790047,-41.878304],[-71.790642,-41.877019],[-71.790759,-41.876472],[-71.790818,-41.875877],[-71.791354,-41.875074],[-71.792038,-41.874152],[-71.792164,-41.873235],[-71.791502,-41.872635],[-71.791551,-41.872151],[-71.794016,-41.874381],[-71.792029,-41.878851],[-71.795714,-41.882184],[-71.793726,-41.886654],[-71.797412,-41.889987],[-71.795425,-41.894457]]]},"properties":{"comuna":"Cochamó","mancha_id":"10103-88ce859801fffff","clase":"Muy Bajo","nivel_medio":0.047,"nivel_medio_min":0.012,"nivel_medio_max":0.088,"pct_alto":0.1,"n_hexagonos":4,"area_ha":133.84}},{"type":"Feature","geometry":{"type":"Polygon","coordinates":[[[-72.059163,-41.906624],[-72.05719,-41.911106],[-72.051502,-41.912256],[-72.047787,-41.908924],[-72.04976,-41.904443],[-72.055448,-41.903293],[-72.059163,-41.906624]]]},"properties":{"comuna":"Cochamó","mancha_id":"10103-88ce859555fffff","clase":"Muy Bajo","nivel_medio":0.259,"nivel_medio_min":0.259,"nivel_medio_max":0.259,"pct_alto":8.6,"n_hexagonos":1,"area_ha":64.2}},{"type":"Feature","geometry":{"type":"Polygon","coordinates":[[[-72.102043,-41.93879],[-72.107736,-41.937638],[-72.109707,-41.933154],[-72.1154,-41.932001],[-72.119124,-41.935333],[-72.117154,-41.939817],[-72.120878,-41.943149],[-72.126573,-41.941996],[-72.128542,-41.937511],[-72.134237,-41.936357],[-72.136206,-41.931872],[-72.1419,-41.930718],[-72.145626,-41.934049],[-72.151321,-41.932894],[-72.153289,-41.928408],[-72.158984,-41.927253],[-72.162712,-41.930584],[-72.168407,-41.929428],[-72.170374,-41.924941],[-72.176069,-41.923785],[-72.179798,-41.927115],[-72.185494,-41.925958],[-72.187459,-41.921471],[-72.183729,-41.91814],[-72.185695,-41.913653],[-72.181965,-41.910323],[-72.176271,-41.91148],[-72.172543,-41.90815],[-72.174509,-41.903663],[-72.170781,-41.900334],[-72.172747,-41.895847],[-72.16902,-41.892518],[-72.170985,-41.888032],[-72.167259,-41.884703],[-72.169224,-41.880216],[-72.165499,-41.876888],[-72.167464,-41.872402],[-72.173153,-41.871244],[-72.176879,-41.874573],[-72.182569,-41.873414],[-72.186296,-41.876743],[-72.184332,-41.88123],[-72.185828,-41.882566],[-72.185303,-41.882736],[-72.177746,-41.884432],[-72.174325,-41.885199],[-72.172689,-41.885926],[-72.171406,-41.886644],[-72.171125,-41.887106],[-72.17208,-41.887809],[-72.173703,-41.889004],[-72.177482,-41.891627],[-72.179287,-41.892753],[-72.180098,-41.893259],[-72.182256,-41.894792],[-72.181995,-41.896712],[-72.181933,-41.897811],[-72.181907,-41.898282],[-72.18186,-41.89872],[-72.18173,-41.89992],[-72.182344,-41.901511],[-72.183216,-41.902296],[-72.184089,-41.902819],[-72.185048,-41.90343],[-72.186183,-41.90439],[-72.187199,-41.905171],[-72.187317,-41.905262],[-72.188085,-41.905891],[-72.189201,-41.906379],[-72.18955,-41.906868],[-72.189899,-41.907775],[-72.190477,-41.908926],[-72.19144,-41.90973],[-72.192232,-41.910571],[-72.192622,-41.910986],[-72.193599,-41.911754],[-72.19503,-41.912228],[-72.196761,-41.912409],[-72.199548,-41.913742],[-72.200725,-41.914686],[-72.201804,-41.91555],[-72.20243,-41.916051],[-72.20243,-41.916109],[-72.202441,-41.918815],[-72.202378,-41.922527],[-72.202376,-41.922629],[-72.201708,-41.930841],[-72.20149,-41.93352],[-72.201739,-41.934213],[-72.202359,-41.934741],[-72.203344,-41.935581],[-72.204063,-41.936562],[-72.205242,-41.937172],[-72.206524,-41.937197],[-72.207961,-41.937225],[-72.210026,-41.93711],[-72.21192,-41.936699],[-72.216163,-41.934838],[-72.216362,-41.934778],[-72.220102,-41.933664],[-72.221796,-41.933206],[-72.223244,-41.933451],[-72.223486,-41.934027],[-72.223637,-41.934387],[-72.223897,-41.935005],[-72.224001,-41.93535],[-72.224393,-41.936645],[-72.224848,-41.93783],[-72.22621,-41.938533],[-72.226616,-41.938741],[-72.229619,-41.940277],[-72.231858,-41.941],[-72.2341,-41.941794],[-72.235302,-41.942626],[-72.23539,-41.942687],[-72.23693,-41.942858],[-72.23872,-41.943319],[-72.2401,-41.94357],[-72.23985,-41.944279],[-72.238587,-41.945313],[-72.2366,-41.946582],[-72.236579,-41.946595],[-72.234616,-41.948213],[-72.233537,-41.950209],[-72.232955,-41.951145],[-72.23112,-41.951901],[-72.229466,-41.952703],[-72.22906,-41.9529],[-72.22975,-41.953084],[-72.229934,-41.95312],[-72.231461,-41.953424],[-72.230495,-41.95362],[-72.228531,-41.95811],[-72.232268,-41.961442],[-72.230304,-41.965932],[-72.224602,-41.96709],[-72.220865,-41.963758],[-72.22283,-41.959269],[-72.219093,-41.955937],[-72.213393,-41.957095],[-72.209657,-41.953764],[-72.203958,-41.954921],[-72.201992,-41.95941],[-72.205727,-41.962742],[-72.211428,-41.961584],[-72.215164,-41.964916],[-72.213198,-41.969406],[-72.216935,-41.972738],[-72.222637,-41.97158],[-72.226375,-41.974912],[-72.22441,-41.979402],[-72.228149,-41.982735],[-72.226184,-41.987225],[-72.229923,-41.990558],[-72.227958,-41.995048],[-72.231698,-41.998381],[-72.237404,-41.997224],[-72.239369,-41.992732],[-72.245074,-41.991574],[-72.247038,-41.987083],[-72.243297,-41.98375],[-72.245261,-41.979259],[-72.24703,-41.9789],[-72.247004,-41.978936],[-72.247478,-41.979781],[-72.248335,-41.980614],[-72.249994,-41.98162],[-72.250362,-41.981843],[-72.251779,-41.982778],[-72.253522,-41.983157],[-72.253934,-41.983201],[-72.254855,-41.9833],[-72.255294,-41.98365],[-72.255704,-41.984229],[-72.255793,-41.985594],[-72.255744,-41.986511],[-72.256006,-41.987147],[-72.25643,-41.988135],[-72.257078,-41.989136],[-72.257148,-41.989244],[-72.258678,-41.992177],[-72.259325,-41.994064],[-72.260403,-41.996646],[-72.260521,-41.996929],[-72.261326,-41.998045],[-72.26296,-41.999501],[-72.263744,-42.000033],[-72.26506,-42.000927],[-72.265504,-42.001008],[-72.265947,-42.001209],[-72.266512,-42.001371],[-72.266744,-42.001478],[-72.265753,-42.003746],[-72.260045,-42.004905],[-72.256301,-42.001572],[-72.250594,-42.002731],[-72.246852,-41.999398],[-72.241145,-42.000557],[-72.23918,-42.005048],[-72.242922,-42.008381],[-72.240957,-42.012873],[-72.2447,-42.016206],[-72.242734,-42.020698],[-72.237026,-42.021855],[-72.23506,-42.026347],[-72.229351,-42.027504],[-72.225609,-42.024169],[-72.219901,-42.025326],[-72.21616,-42.021992],[-72.210453,-42.023148],[-72.208485,-42.027638],[-72.202777,-42.028793],[-72.199038,-42.025459],[-72.193331,-42.026614],[-72.189593,-42.023279],[-72.183887,-42.024433],[-72.18015,-42.021099],[-72.174444,-42.022253],[-72.172474,-42.026741],[-72.166768,-42.027895],[-72.163033,-42.02456],[-72.165003,-42.020071],[-72.161269,-42.016737],[-72.163239,-42.012249],[-72.159505,-42.008914],[-72.161475,-42.004426],[-72.167178,-42.003273],[-72.169148,-41.998784],[-72.165414,-41.995451],[-72.159712,-41.996605],[-72.15598,-41.993271],[-72.150278,-41.994424],[-72.146547,-41.99109],[-72.148517,-41.986603],[-72.154218,-41.98545],[-72.156187,-41.980963],[-72.152456,-41.977629],[-72.154426,-41.973142],[-72.150696,-41.969809],[-72.152665,-41.965323],[-72.148935,-41.96199],[-72.150904,-41.957503],[-72.147176,-41.954171],[-72.149144,-41.949685],[-72.145417,-41.946353],[-72.13972,-41.947507],[-72.135994,-41.944175],[-72.130298,-41.945328],[-72.128329,-41.949814],[-72.122633,-41.950967],[-72.120662,-41.955452],[-72.124388,-41.958785],[-72.122418,-41.96327],[-72.116721,-41.964423],[-72.11475,-41.968908],[-72.118476,-41.972241],[-72.116504,-41.976726],[-72.110806,-41.977878],[-72.108834,-41.982363],[-72.112561,-41.985697],[-72.110588,-41.990183],[-72.104889,-41.991334],[-72.101163,-41.987999],[-72.103136,-41.983514],[-72.09941,-41.98018],[-72.101383,-41.975696],[-72.097659,-41.972362],[-72.091962,-41.973513],[-72.088238,-41.970179],[-72.082542,-41.971329],[-72.080569,-41.975813],[-72.084292,-41.979147],[-72.082318,-41.983631],[-72.076621,-41.984781],[-72.072898,-41.981446],[-72.067202,-41.982595],[-72.06348,-41.979261],[-72.057784,-41.980409],[-72.054064,-41.977075],[-72.048369,-41.978223],[-72.04465,-41.974889],[-72.038955,-41.976036],[-72.035237,-41.972702],[-72.037214,-41.96822],[-72.033497,-41.964886],[-72.027804,-41.966033],[-72.024088,-41.962699],[-72.026064,-41.958218],[-72.031756,-41.95707],[-72.035473,-41.960404],[-72.041165,-41.959256],[-72.044883,-41.96259],[-72.042907,-41.967072],[-72.046626,-41.970406],[-72.05232,-41.969258],[-72.056039,-41.972592],[-72.061734,-41.971444],[-72.063709,-41.966961],[-72.069404,-41.965811],[-72.071378,-41.961328],[-72.067657,-41.957995],[-72.061963,-41.959144],[-72.058244,-41.955811],[-72.060218,-41.951328],[-72.065911,-41.950179],[-72.067885,-41.945696],[-72.073578,-41.944546],[-72.07555,-41.940063],[-72.071831,-41.93673],[-72.066139,-41.937881],[-72.062421,-41.934548],[-72.05673,-41.935698],[-72.053013,-41.932365],[-72.054987,-41.927883],[-72.060677,-41.926734],[-72.06265,-41.922251],[-72.06834,-41.921101],[-72.072058,-41.924433],[-72.077748,-41.923282],[-72.081467,-41.926614],[-72.079495,-41.931097],[-72.083215,-41.934429],[-72.081243,-41.938912],[-72.084963,-41.942245],[-72.082991,-41.946728],[-72.086712,-41.950061],[-72.092406,-41.94891],[-72.094378,-41.944426],[-72.100072,-41.943274],[-72.102043,-41.93879]]]},"properties":{"comuna":"Cochamó","mancha_id":"10103-88ce859449fffff","clase":"Muy Bajo","nivel_medio":0.075,"nivel_medio_min":0.0,"nivel_medio_max":0.493,"pct_alto":2.2,"n_hexagonos":174,"area_ha":10450.19}},{"type":"Feature","geometry":{"type":"Polygon","coordinates":[[[-72.119771,-41.898432],[-72.117802,-41.902917],[-72.112112,-41.90407],[-72.108391,-41.90074],[-72.11036,-41.896256],[-72.11605,-41.895102],[-72.119771,-41.898432]]]},"properties":{"comuna":"Cochamó","mancha_id":"10103-88ce859439fffff","clase":"Muy Bajo","nivel_medio":0.112,"nivel_medio_min":0.112,"nivel_medio_max":0.112,"pct_alto":2.4,"n_hexagonos":1,"area_ha":64.26}},{"type":"Feature","geometry":{"type":"Polygon","coordinates":[[[-71.854539,-42.029338],[-71.852549,-42.033813],[-71.846857,-42.034948],[-71.843156,-42.031608],[-71.837465,-42.032743],[-71.835474,-42.037217],[-71.839175,-42.040557],[-71.837184,-42.045031],[-71.831491,-42.046165],[-71.8295,-42.050639],[-71.823807,-42.051773],[-71.821815,-42.056247],[-71.816122,-42.057379],[-71.812422,-42.054039],[-71.814415,-42.049565],[-71.820107,-42.048432],[-71.822099,-42.043959],[-71.8184,-42.040619],[-71.820392,-42.036145],[-71.816693,-42.032806],[-71.818685,-42.028333],[-71.824375,-42.027199],[-71.826366,-42.022725],[-71.822668,-42.019386],[-71.824658,-42.014913],[-71.830347,-42.013778],[-71.834046,-42.017117],[-71.832056,-42.021591],[-71.835755,-42.02493],[-71.841445,-42.023795],[-71.845146,-42.027134],[-71.850837,-42.025999],[-71.854539,-42.029338]]]},"properties":{"comuna":"Cochamó","mancha_id":"10103-88ce85936dfffff","clase":"Muy Bajo","nivel_medio":0.195,"nivel_medio_min":0.0,"nivel_medio_max":0.48,"pct_alto":0.7,"n_hexagonos":10,"area_ha":640.21}},{"type":"Feature","geometry":{"type":"Polygon","coordinates":[[[-71.862156,-41.942202],[-71.86017,-41.946675],[-71.863867,-41.950011],[-71.861881,-41.954485],[-71.856197,-41.955623],[-71.854211,-41.960096],[-71.848527,-41.961234],[-71.846539,-41.965707],[-71.850236,-41.969043],[-71.848249,-41.973517],[-71.851947,-41.976854],[-71.849959,-41.981328],[-71.844273,-41.982464],[-71.840575,-41.979127],[-71.842563,-41.974654],[-71.838867,-41.971317],[-71.833182,-41.972453],[-71.829487,-41.969116],[-71.831475,-41.964644],[-71.82778,-41.961307],[-71.829769,-41.956835],[-71.826075,-41.953498],[-71.828063,-41.949026],[-71.833745,-41.94789],[-71.835732,-41.943417],[-71.841414,-41.94228],[-71.843401,-41.937807],[-71.849082,-41.93667],[-71.851068,-41.932197],[-71.856749,-41.931058],[-71.858735,-41.926585],[-71.864416,-41.925446],[-71.866401,-41.920973],[-71.872081,-41.919833],[-71.875778,-41.923168],[-71.873794,-41.927641],[-71.877491,-41.930976],[-71.875506,-41.93545],[-71.869824,-41.936589],[-71.867839,-41.941063],[-71.862156,-41.942202]]]},"properties":{"comuna":"Cochamó","mancha_id":"10103-88ce859121fffff","clase":"Muy Bajo","nivel_medio":0.095,"nivel_medio_min":0.0,"nivel_medio_max":0.422,"pct_alto":0.0,"n_hexagonos":18,"area_ha":1151.84}},{"type":"Feature","geometry":{"type":"Polygon","coordinates":[[[-71.990181,-41.95728],[-71.988203,-41.96176],[-71.982512,-41.962905],[-71.978801,-41.95957],[-71.98078,-41.955091],[-71.97707,-41.951757],[-71.979049,-41.947278],[-71.984738,-41.946133],[-71.988449,-41.949467],[-71.98647,-41.953946],[-71.990181,-41.95728]]]},"properties":{"comuna":"Cochamó","mancha_id":"10103-88ce8590c1fffff","clase":"Muy Bajo","nivel_medio":0.216,"nivel_medio_min":0.0,"nivel_medio_max":0.431,"pct_alto":5.6,"n_hexagonos":2,"area_ha":128.3}},{"type":"Feature","geometry":{"type":"Polygon","coordinates":[[[-72.006242,-41.909152],[-72.004266,-41.913632],[-71.99858,-41.914779],[-71.994871,-41.911446],[-71.996847,-41.906967],[-72.002533,-41.90582],[-72.006242,-41.909152]]]},"properties":{"comuna":"Cochamó","mancha_id":"10103-88ce8590b3fffff","clase":"Muy Bajo","nivel_medio":0.139,"nivel_medio_min":0.139,"nivel_medio_max":0.139,"pct_alto":4.6,"n_hexagonos":1,"area_ha":64.14}},{"type":"Feature","geometry":{"type":"Polygon","coordinates":[[[-72.019112,-41.926962],[-72.017136,-41.931442],[-72.011447,-41.932589],[-72.009471,-41.937069],[-72.003782,-41.938216],[-72.000071,-41.934883],[-72.002048,-41.930403],[-72.007735,-41.929256],[-72.009712,-41.924776],[-72.015399,-41.923629],[-72.019112,-41.926962]]]},"properties":{"comuna":"Cochamó","mancha_id":"10103-88ce859091fffff","clase":"Muy Bajo","nivel_medio":0.101,"nivel_medio_min":0.094,"nivel_medio_max":0.108,"pct_alto":3.2,"n_hexagonos":2,"area_ha":128.33}},{"type":"Feature","geometry":{"type":"Polygon","coordinates":[[[-71.775082,-41.800849],[-71.769419,-41.801986],[-71.76846,-41.801118],[-71.769243,-41.800831],[-71.769466,-41.800749],[-71.770657,-41.800363],[-71.770701,-41.80036],[-71.771438,-41.800297],[-71.771795,-41.79975],[-71.772056,-41.79856],[-71.772032,-41.797227],[-71.772508,-41.796038],[-71.773222,-41.795395],[-71.774079,-41.794015],[-71.774006,-41.793608],[-71.777068,-41.796381],[-71.775082,-41.800849]]]},"properties":{"comuna":"Cochamó","mancha_id":"10103-88ce858b43fffff","clase":"Muy Bajo","nivel_medio":0.156,"nivel_medio_min":0.156,"nivel_medio_max":0.156,"pct_alto":0.0,"n_hexagonos":1,"area_ha":26.9}},{"type":"Feature","geometry":{"type":"Polygon","coordinates":[[[-71.777947,-41.759591],[-71.775963,-41.764058],[-71.77579,-41.764092],[-71.775768,-41.764034],[-71.775911,-41.76351],[-71.776006,-41.762273],[-71.775031,-41.761345],[-71.774673,-41.760647],[-71.775136,-41.759486],[-71.775141,-41.759458],[-71.775223,-41.759394],[-71.775792,-41.758942],[-71.776355,-41.758149],[-71.777947,-41.759591]]]},"properties":{"comuna":"Cochamó","mancha_id":"10103-88ce858b31fffff","clase":"Muy Bajo","nivel_medio":0.0,"nivel_medio_min":0.0,"nivel_medio_max":0.0,"pct_alto":0.0,"n_hexagonos":1,"area_ha":8.15}},{"type":"Feature","geometry":{"type":"Polygon","coordinates":[[[-71.761491,-41.783141],[-71.762157,-41.783104],[-71.760987,-41.783339],[-71.761491,-41.783141]]]},"properties":{"comuna":"Cochamó","mancha_id":"10103-88ce858b05fffff","clase":"Muy Bajo","nivel_medio":0.0,"nivel_medio_min":0.0,"nivel_medio_max":0.0,"pct_alto":0.0,"n_hexagonos":1,"area_ha":0.05}},{"type":"Feature","geometry":{"type":"Polygon","coordinates":[[[-71.797697,-41.691874],[-71.796368,-41.69487],[-71.793603,-41.695428],[-71.793709,-41.69503],[-71.794343,-41.694363],[-71.794436,-41.694273],[-71.795256,-41.693483],[-71.796374,-41.69265],[-71.797398,-41.691841],[-71.797697,-41.691874]]]},"properties":{"comuna":"Cochamó","mancha_id":"10103-88ce8589e3fffff","clase":"Muy Bajo","nivel_medio":0.442,"nivel_medio_min":0.442,"nivel_medio_max":0.442,"pct_alto":0.0,"n_hexagonos":1,"area_ha":4.92}},{"type":"Feature","geometry":{"type":"Polygon","coordinates":[[[-71.824583,-41.672899],[-71.821243,-41.673575],[-71.817574,-41.670255],[-71.817793,-41.669927],[-71.818193,-41.669727],[-71.81903,-41.66966],[-71.820555,-41.670081],[-71.822116,-41.670804],[-71.823182,-41.671528],[-71.823762,-41.671973],[-71.824583,-41.672899]]]},"properties":{"comuna":"Cochamó","mancha_id":"10103-88ce8589bbfffff","clase":"Muy Bajo","nivel_medio":0.019,"nivel_medio_min":0.019,"nivel_medio_max":0.019,"pct_alto":0.0,"n_hexagonos":1,"area_ha":12.39}},{"type":"Feature","geometry":{"type":"Polygon","coordinates":[[[-71.831427,-41.720332],[-71.829447,-41.724801],[-71.833126,-41.728127],[-71.831146,-41.732596],[-71.825488,-41.733738],[-71.821809,-41.730412],[-71.823789,-41.725943],[-71.820112,-41.722617],[-71.822092,-41.718149],[-71.818415,-41.714823],[-71.820395,-41.710355],[-71.826051,-41.709213],[-71.82803,-41.704745],[-71.833686,-41.703601],[-71.837363,-41.706927],[-71.835385,-41.711395],[-71.839063,-41.714721],[-71.837084,-41.71919],[-71.831427,-41.720332]]]},"properties":{"comuna":"Cochamó","mancha_id":"10103-88ce858831fffff","clase":"Muy Bajo","nivel_medio":0.152,"nivel_medio_min":0.003,"nivel_medio_max":0.463,"pct_alto":0.2,"n_hexagonos":5,"area_ha":319.1}},{"type":"Feature","geometry":{"type":"Polygon","coordinates":[[[-71.795503,-41.731649],[-71.789846,-41.732789],[-71.787863,-41.737256],[-71.785223,-41.737788],[-71.785212,-41.737744],[-71.785209,-41.737715],[-71.785048,-41.737098],[-71.784691,-41.736623],[-71.784572,-41.735909],[-71.784572,-41.735242],[-71.784467,-41.734777],[-71.784464,-41.734748],[-71.785405,-41.733981],[-71.786428,-41.733482],[-71.787975,-41.732411],[-71.788978,-41.732003],[-71.790259,-41.731483],[-71.792448,-41.731269],[-71.792861,-41.731081],[-71.793495,-41.730793],[-71.793947,-41.729936],[-71.79478,-41.729199],[-71.796303,-41.727985],[-71.797275,-41.726992],[-71.797398,-41.726867],[-71.797638,-41.726428],[-71.798088,-41.725606],[-71.799706,-41.724725],[-71.800836,-41.724623],[-71.800974,-41.72461],[-71.802299,-41.724487],[-71.804009,-41.724085],[-71.803141,-41.726041],[-71.797484,-41.727182],[-71.795503,-41.731649]]]},"properties":{"comuna":"Cochamó","mancha_id":"10103-88ce858825fffff","clase":"Muy Bajo","nivel_medio":0.146,"nivel_medio_min":0.027,"nivel_medio_max":0.322,"pct_alto":0.0,"n_hexagonos":3,"area_ha":37.99}},{"type":"Feature","geometry":{"type":"Polygon","coordinates":[[[-72.115812,-41.801229],[-72.113847,-41.805712],[-72.108167,-41.806868],[-72.104454,-41.803541],[-72.10642,-41.79906],[-72.112098,-41.797903],[-72.115812,-41.801229]]]},"properties":{"comuna":"Cochamó","mancha_id":"10103-88ce858719fffff","clase":"Muy Bajo","nivel_medio":0.322,"nivel_medio_min":0.322,"nivel_medio_max":0.322,"pct_alto":1.9,"n_hexagonos":1,"area_ha":64.2}},{"type":"Feature","geometry":{"type":"Polygon","coordinates":[[[-72.130624,-41.708416],[-72.128663,-41.712898],[-72.122992,-41.714057],[-72.119284,-41.710735],[-72.121245,-41.706254],[-72.117537,-41.702932],[-72.119499,-41.698451],[-72.125167,-41.697292],[-72.127128,-41.692811],[-72.12342,-41.689489],[-72.125381,-41.685009],[-72.131048,-41.683848],[-72.133008,-41.679367],[-72.138675,-41.678206],[-72.140634,-41.673725],[-72.146301,-41.672564],[-72.148259,-41.668082],[-72.153926,-41.66692],[-72.155884,-41.662438],[-72.152175,-41.659119],[-72.154133,-41.654637],[-72.159798,-41.653475],[-72.161755,-41.648993],[-72.167421,-41.64783],[-72.17113,-41.651148],[-72.169173,-41.655631],[-72.163507,-41.656794],[-72.16155,-41.661276],[-72.16526,-41.664595],[-72.163303,-41.669077],[-72.157635,-41.67024],[-72.155677,-41.674722],[-72.159387,-41.678042],[-72.157429,-41.682524],[-72.151761,-41.683686],[-72.149802,-41.688168],[-72.144133,-41.689329],[-72.142174,-41.693811],[-72.145884,-41.697132],[-72.143924,-41.701614],[-72.138254,-41.702774],[-72.136294,-41.707256],[-72.130624,-41.708416]]]},"properties":{"comuna":"Cochamó","mancha_id":"10103-88ce858581fffff","clase":"Muy Bajo","nivel_medio":0.079,"nivel_medio_min":0.0,"nivel_medio_max":0.472,"pct_alto":1.0,"n_hexagonos":15,"area_ha":962.4}},{"type":"Feature","geometry":{"type":"Polygon","coordinates":[[[-72.22098,-41.714398],[-72.219024,-41.718884],[-72.213349,-41.720048],[-72.20963,-41.716727],[-72.211586,-41.712242],[-72.217261,-41.711077],[-72.22098,-41.714398]]]},"properties":{"comuna":"Cochamó","mancha_id":"10103-88ce858491fffff","clase":"Muy Bajo","nivel_medio":0.357,"nivel_medio_min":0.357,"nivel_medio_max":0.357,"pct_alto":3.5,"n_hexagonos":1,"area_ha":64.26}},{"type":"Feature","geometry":{"type":"Polygon","coordinates":[[[-71.886771,-41.85168],[-71.88479,-41.856154],[-71.888483,-41.859485],[-71.886502,-41.863958],[-71.880827,-41.8651],[-71.877133,-41.861768],[-71.879115,-41.857295],[-71.875423,-41.853964],[-71.877404,-41.849491],[-71.883078,-41.848349],[-71.886771,-41.85168]]]},"properties":{"comuna":"Cochamó","mancha_id":"10103-88ce858325fffff","clase":"Muy Bajo","nivel_medio":0.344,"nivel_medio_min":0.242,"nivel_medio_max":0.446,"pct_alto":0.0,"n_hexagonos":2,"area_ha":127.94}},{"type":"Feature","geometry":{"type":"Polygon","coordinates":[[[-71.904587,-41.811421],[-71.902608,-41.815894],[-71.906301,-41.819223],[-71.904322,-41.823697],[-71.908016,-41.827027],[-71.906037,-41.8315],[-71.909731,-41.83483],[-71.915405,-41.833686],[-71.9191,-41.837016],[-71.917122,-41.84149],[-71.911447,-41.842635],[-71.907752,-41.839304],[-71.902079,-41.840448],[-71.898385,-41.837118],[-71.900364,-41.832644],[-71.896671,-41.829314],[-71.898651,-41.824841],[-71.894958,-41.821511],[-71.889287,-41.822654],[-71.887307,-41.827127],[-71.881636,-41.82827],[-71.877945,-41.82494],[-71.879925,-41.820468],[-71.885596,-41.819325],[-71.887576,-41.814852],[-71.893246,-41.813709],[-71.895225,-41.809236],[-71.900895,-41.808092],[-71.904587,-41.811421]]]},"properties":{"comuna":"Cochamó","mancha_id":"10103-88ce858101fffff","clase":"Muy Bajo","nivel_medio":0.245,"nivel_medio_min":0.0,"nivel_medio_max":0.418,"pct_alto":0.3,"n_hexagonos":7,"area_ha":447.79}},{"type":"Feature","geometry":{"type":"Polygon","coordinates":[[[-72.085085,-41.318299],[-72.084984,-41.31853],[-72.084757,-41.318578],[-72.085085,-41.318299]]]},"properties":{"comuna":"Cochamó","mancha_id":"10103-88ce853a4dfffff","clase":"Muy Bajo","nivel_medio":0.0,"nivel_medio_min":0.0,"nivel_medio_max":0.0,"pct_alto":0.0,"n_hexagonos":1,"area_ha":0.02}},{"type":"Feature","geometry":{"type":"Polygon","coordinates":[[[-72.160605,-41.380178],[-72.162551,-41.375701],[-72.167231,-41.374729],[-72.16814,-41.3763],[-72.16922,-41.37641],[-72.16771,-41.37839],[-72.167292,-41.379318],[-72.167036,-41.380308],[-72.16709,-41.381132],[-72.168021,-41.382711],[-72.164295,-41.383485],[-72.160605,-41.380178]]]},"properties":{"comuna":"Cochamó","mancha_id":"10103-88ce853341fffff","clase":"Muy Bajo","nivel_medio":0.444,"nivel_medio_min":0.444,"nivel_medio_max":0.444,"pct_alto":14.7,"n_hexagonos":1,"area_ha":43.14}},{"type":"Feature","geometry":{"type":"Polygon","coordinates":[[[-72.123811,-41.558914],[-72.121855,-41.563393],[-72.116201,-41.564556],[-72.112503,-41.56124],[-72.11446,-41.556762],[-72.120113,-41.555599],[-72.123811,-41.558914]]]},"properties":{"comuna":"Cochamó","mancha_id":"10103-88ce8516dbfffff","clase":"Muy Bajo","nivel_medio":0.239,"nivel_medio_min":0.239,"nivel_medio_max":0.239,"pct_alto":0.0,"n_hexagonos":1,"area_ha":64.05}},{"type":"Feature","geometry":{"type":"Polygon","coordinates":[[[-72.098158,-41.523441],[-72.096202,-41.527918],[-72.099895,-41.531232],[-72.097939,-41.535709],[-72.092289,-41.536872],[-72.088596,-41.533557],[-72.090553,-41.52908],[-72.08686,-41.525766],[-72.088817,-41.52129],[-72.094465,-41.520127],[-72.098158,-41.523441]]]},"properties":{"comuna":"Cochamó","mancha_id":"10103-88ce8516b1fffff","clase":"Muy Bajo","nivel_medio":0.367,"nivel_medio_min":0.329,"nivel_medio_max":0.405,"pct_alto":0.0,"n_hexagonos":2,"area_ha":128.01}},{"type":"Feature","geometry":{"type":"Polygon","coordinates":[[[-71.943024,-41.502367],[-71.94106,-41.506837],[-71.944735,-41.510152],[-71.94277,-41.514622],[-71.937129,-41.515776],[-71.933454,-41.512461],[-71.93542,-41.507991],[-71.931745,-41.504676],[-71.933711,-41.500207],[-71.93935,-41.499052],[-71.943024,-41.502367]]]},"properties":{"comuna":"Cochamó","mancha_id":"10103-88ce851521fffff","clase":"Muy Bajo","nivel_medio":0.268,"nivel_medio_min":0.124,"nivel_medio_max":0.412,"pct_alto":0.0,"n_hexagonos":2,"area_ha":127.62}},{"type":"Feature","geometry":{"type":"Polygon","coordinates":[[[-72.061486,-41.478043],[-72.059529,-41.482518],[-72.053887,-41.483679],[-72.050201,-41.480366],[-72.052158,-41.475892],[-72.0578,-41.474731],[-72.061486,-41.478043]]]},"properties":{"comuna":"Cochamó","mancha_id":"10103-88ce8514a1fffff","clase":"Muy Bajo","nivel_medio":0.484,"nivel_medio_min":0.484,"nivel_medio_max":0.484,"pct_alto":0.1,"n_hexagonos":1,"area_ha":63.93}},{"type":"Feature","geometry":{"type":"Polygon","coordinates":[[[-72.072547,-41.487981],[-72.07059,-41.492456],[-72.064946,-41.493618],[-72.061259,-41.490305],[-72.063216,-41.48583],[-72.068859,-41.484669],[-72.070815,-41.480194],[-72.076459,-41.479031],[-72.080147,-41.482343],[-72.078191,-41.486819],[-72.072547,-41.487981]]]},"properties":{"comuna":"Cochamó","mancha_id":"10103-88ce851485fffff","clase":"Muy Bajo","nivel_medio":0.216,"nivel_medio_min":0.122,"nivel_medio_max":0.311,"pct_alto":0.5,"n_hexagonos":2,"area_ha":127.9}},{"type":"Feature","geometry":{"type":"Polygon","coordinates":[[[-72.050782,-41.549473],[-72.048822,-41.553948],[-72.043172,-41.555107],[-72.039483,-41.551791],[-72.033834,-41.55295],[-72.030146,-41.549634],[-72.032107,-41.545159],[-72.037755,-41.544001],[-72.041443,-41.547317],[-72.047092,-41.546157],[-72.050782,-41.549473]]]},"properties":{"comuna":"Cochamó","mancha_id":"10103-88ce851459fffff","clase":"Muy Bajo","nivel_medio":0.455,"nivel_medio_min":0.417,"nivel_medio_max":0.493,"pct_alto":0.0,"n_hexagonos":2,"area_ha":127.91}},{"type":"Feature","geometry":{"type":"Polygon","coordinates":[[[-72.047323,-41.533892],[-72.045363,-41.538367],[-72.039715,-41.539526],[-72.036027,-41.536211],[-72.037988,-41.531736],[-72.043635,-41.530577],[-72.047323,-41.533892]]]},"properties":{"comuna":"Cochamó","mancha_id":"10103-88ce851457fffff","clase":"Muy Bajo","nivel_medio":0.067,"nivel_medio_min":0.067,"nivel_medio_max":0.067,"pct_alto":0.2,"n_hexagonos":1,"area_ha":63.95}},{"type":"Feature","geometry":{"type":"Polygon","coordinates":[[[-72.134582,-41.369289],[-72.132633,-41.373765],[-72.13632,-41.377072],[-72.134372,-41.381548],[-72.128736,-41.382716],[-72.12505,-41.379409],[-72.126999,-41.374933],[-72.123313,-41.371626],[-72.125262,-41.367151],[-72.130896,-41.365982],[-72.134582,-41.369289]]]},"properties":{"comuna":"Cochamó","mancha_id":"10103-88ce8506b3fffff","clase":"Muy Bajo","nivel_medio":0.165,"nivel_medio_min":0.13,"nivel_medio_max":0.199,"pct_alto":0.9,"n_hexagonos":2,"area_ha":127.89}},{"type":"Feature","geometry":{"type":"Polygon","coordinates":[[[-72.097735,-41.442065],[-72.095782,-41.44654],[-72.090141,-41.447705],[-72.086455,-41.444394],[-72.088408,-41.439919],[-72.094048,-41.438755],[-72.096001,-41.434279],[-72.101641,-41.433114],[-72.105328,-41.436424],[-72.103375,-41.4409],[-72.097735,-41.442065]]]},"properties":{"comuna":"Cochamó","mancha_id":"10103-88ce850653fffff","clase":"Muy Bajo","nivel_medio":0.315,"nivel_medio_min":0.202,"nivel_medio_max":0.429,"pct_alto":0.3,"n_hexagonos":2,"area_ha":127.9}},{"type":"Feature","geometry":{"type":"Polygon","coordinates":[[[-72.077885,-41.323076],[-72.077408,-41.32417],[-72.077161,-41.324221],[-72.07716,-41.32418],[-72.077399,-41.323582],[-72.07782,-41.32312],[-72.077885,-41.323076]]]},"properties":{"comuna":"Cochamó","mancha_id":"10103-88ce85059bfffff","clase":"Muy Bajo","nivel_medio":0.0,"nivel_medio_min":0.0,"nivel_medio_max":0.0,"pct_alto":0.0,"n_hexagonos":1,"area_ha":0.21}},{"type":"Feature","geometry":{"type":"Polygon","coordinates":[[[-72.103596,-41.322805],[-72.105545,-41.318331],[-72.101865,-41.315026],[-72.101892,-41.314965],[-72.10222,-41.315071],[-72.103997,-41.316315],[-72.104744,-41.316635],[-72.105383,-41.316741],[-72.10674,-41.31685],[-72.106348,-41.318165],[-72.10563,-41.32057],[-72.104716,-41.323811],[-72.103596,-41.322805]]]},"properties":{"comuna":"Cochamó","mancha_id":"10103-88ce8504b1fffff","clase":"Muy Bajo","nivel_medio":0.081,"nivel_medio_min":0.035,"nivel_medio_max":0.113,"pct_alto":2.0,"n_hexagonos":2,"area_ha":8.8}},{"type":"Feature","geometry":{"type":"Polygon","coordinates":[[[-71.844888,-41.457401],[-71.842919,-41.461866],[-71.846581,-41.46518],[-71.844612,-41.469645],[-71.83898,-41.470795],[-71.837886,-41.473276],[-71.838012,-41.472802],[-71.837958,-41.471826],[-71.837282,-41.470094],[-71.837174,-41.46916],[-71.836998,-41.467626],[-71.836097,-41.466669],[-71.836187,-41.466144],[-71.837567,-41.465145],[-71.838947,-41.464336],[-71.84066,-41.463432],[-71.842246,-41.462579],[-71.842177,-41.462017],[-71.841876,-41.45956],[-71.842088,-41.45853],[-71.84318,-41.456769],[-71.843487,-41.456133],[-71.844888,-41.457401]]]},"properties":{"comuna":"Cochamó","mancha_id":"10103-88ce850333fffff","clase":"Muy Bajo","nivel_medio":0.096,"nivel_medio_min":0.0,"nivel_medio_max":0.355,"pct_alto":0.0,"n_hexagonos":3,"area_ha":64.52}},{"type":"Feature","geometry":{"type":"Polygon","coordinates":[[[-71.829096,-41.481992],[-71.828767,-41.481004],[-71.828623,-41.480571],[-71.828765,-41.479571],[-71.830002,-41.479528],[-71.830051,-41.479526],[-71.832049,-41.479048],[-71.833929,-41.478239],[-71.835928,-41.476621],[-71.836927,-41.475479],[-71.83703,-41.475277],[-71.840673,-41.478575],[-71.838703,-41.483039],[-71.83307,-41.484189],[-71.83279,-41.484823],[-71.831285,-41.484228],[-71.829812,-41.483075],[-71.829096,-41.481992]]]},"properties":{"comuna":"Cochamó","mancha_id":"10103-88ce850301fffff","clase":"Muy Bajo","nivel_medio":0.484,"nivel_medio_min":0.181,"nivel_medio_max":0.493,"pct_alto":0.0,"n_hexagonos":3,"area_ha":58.55}},{"type":"Feature","geometry":{"type":"Polygon","coordinates":[[[-71.947206,-41.481175],[-71.945242,-41.485644],[-71.939604,-41.486799],[-71.935931,-41.483485],[-71.937895,-41.479016],[-71.943532,-41.477861],[-71.947206,-41.481175]]]},"properties":{"comuna":"Cochamó","mancha_id":"10103-88ce8502c1fffff","clase":"Muy Bajo","nivel_medio":0.02,"nivel_medio_min":0.02,"nivel_medio_max":0.02,"pct_alto":0.0,"n_hexagonos":1,"area_ha":63.8}},{"type":"Feature","geometry":{"type":"Polygon","coordinates":[[[-71.951384,-41.459983],[-71.949422,-41.464453],[-71.953095,-41.467766],[-71.951132,-41.472235],[-71.945496,-41.473391],[-71.941823,-41.470078],[-71.943786,-41.465609],[-71.940114,-41.462295],[-71.942077,-41.457826],[-71.947712,-41.45667],[-71.949674,-41.452201],[-71.955309,-41.451045],[-71.958982,-41.454357],[-71.95702,-41.458827],[-71.951384,-41.459983]]]},"properties":{"comuna":"Cochamó","mancha_id":"10103-88ce850281fffff","clase":"Muy Bajo","nivel_medio":0.227,"nivel_medio_min":0.003,"nivel_medio_max":0.406,"pct_alto":0.0,"n_hexagonos":3,"area_ha":191.38}},{"type":"Feature","geometry":{"type":"Polygon","coordinates":[[[-71.867359,-41.4028],[-71.868493,-41.403826],[-71.86819,-41.404514],[-71.867374,-41.403221],[-71.867359,-41.4028]]]},"properties":{"comuna":"Cochamó","mancha_id":"10103-88ce8501c7fffff","clase":"Muy Bajo","nivel_medio":0.0,"nivel_medio_min":0.0,"nivel_medio_max":0.0,"pct_alto":0.0,"n_hexagonos":1,"area_ha":0.66}},{"type":"Feature","geometry":{"type":"Polygon","coordinates":[[[-71.865769,-41.397169],[-71.866512,-41.396701],[-71.865381,-41.399269],[-71.865266,-41.39905],[-71.8651,-41.397718],[-71.865769,-41.397169]]]},"properties":{"comuna":"Cochamó","mancha_id":"10103-88ce85018dfffff","clase":"Muy Bajo","nivel_medio":0.13,"nivel_medio_min":0.13,"nivel_medio_max":0.13,"pct_alto":0.0,"n_hexagonos":1,"area_ha":1.25}},{"type":"Feature","geometry":{"type":"Polygon","coordinates":[[[-71.915869,-41.459133],[-71.913904,-41.463601],[-71.90827,-41.464755],[-71.904602,-41.461441],[-71.906567,-41.456974],[-71.9122,-41.45582],[-71.915869,-41.459133]]]},"properties":{"comuna":"Cochamó","mancha_id":"10103-88ce85005bfffff","clase":"Muy Bajo","nivel_medio":0.342,"nivel_medio_min":0.342,"nivel_medio_max":0.342,"pct_alto":0.0,"n_hexagonos":1,"area_ha":63.75}},{"type":"Feature","geometry":{"type":"Polygon","coordinates":[[[-72.57546,-41.74276],[-72.575289,-41.742784],[-72.57332,-41.741046],[-72.57347,-41.74084],[-72.57362,-41.7407],[-72.57386,-41.74054],[-72.57393,-41.74035],[-72.57385,-41.74021],[-72.57374,-41.74012],[-72.5736,-41.74005],[-72.57337,-41.73988],[-72.57312,-41.73963],[-72.57298,-41.73948],[-72.57289,-41.73938],[-72.572697,-41.738873],[-72.5726,-41.73862],[-72.57247,-41.73841],[-72.57253,-41.73825],[-72.57248,-41.7381],[-72.5723,-41.73797],[-72.57209,-41.73799],[-72.57195,-41.7381],[-72.57185,-41.73817],[-72.57177,-41.73813],[-72.57175,-41.73796],[-72.57179,-41.73779],[-72.57189,-41.73761],[-72.57204,-41.73754],[-72.57217,-41.73747],[-72.57225,-41.737345],[-72.57216,-41.73699],[-72.57204,-41.73687],[-72.57196,-41.73673],[-72.57195,-41.73657],[-72.57198,-41.73639],[-72.57207,-41.73621],[-72.57221,-41.73607],[-72.57247,-41.73587],[-72.57261,-41.73568],[-72.57276,-41.73548],[-72.57295,-41.73523],[-72.57315,-41.73518],[-72.57342,-41.73519],[-72.5737,-41.73522],[-72.573756,-41.735222],[-72.57404,-41.73523],[-72.57434,-41.73524],[-72.57449,-41.73526],[-72.57465,-41.73531],[-72.57486,-41.73536],[-72.574994,-41.735368],[-72.57503,-41.73537],[-72.5752,-41.73537],[-72.575303,-41.735304],[-72.57537,-41.73526],[-72.57538,-41.73514],[-72.57527,-41.73503],[-72.57503,-41.73499],[-72.57477,-41.73496],[-72.57459,-41.73486],[-72.57447,-41.73475],[-72.57445,-41.7346],[-72.57451,-41.73447],[-72.57465,-41.73445],[-72.5748,-41.73445],[-72.57495,-41.73438],[-72.57502,-41.73419],[-72.57506,-41.73406],[-72.57523,-41.73396],[-72.57534,-41.73397],[-72.57549,-41.73404],[-72.57565,-41.73412],[-72.57582,-41.73414],[-72.57598,-41.73412],[-72.5761,-41.73403],[-72.57621,-41.73377],[-72.57635,-41.73364],[-72.57651,-41.7336],[-72.57676,-41.73361],[-72.57692,-41.73366],[-72.57704,-41.73378],[-72.57727,-41.73397],[-72.57743,-41.73399],[-72.57771,-41.73401],[-72.5779,-41.73409],[-72.57793,-41.73418],[-72.57785,-41.73428],[-72.57773,-41.73439],[-72.57774,-41.73456],[-72.57777,-41.73472],[-72.577818,-41.73478],[-72.57785,-41.73482],[-72.57799,-41.73489],[-72.57811,-41.73497],[-72.5781,-41.73506],[-72.57797,-41.73513],[-72.57776,-41.73513],[-72.57758,-41.73512],[-72.57745,-41.73515],[-72.57739,-41.73524],[-72.57754,-41.73536],[-72.57771,-41.73541],[-72.57806,-41.73548],[-72.57819,-41.73551],[-72.57832,-41.73554],[-72.57867,-41.73564],[-72.57909,-41.73583],[-72.57958,-41.73608],[-72.58003,-41.73625],[-72.5806,-41.73646],[-72.58117,-41.73669],[-72.58193,-41.73702],[-72.58219,-41.73723],[-72.58225,-41.73739],[-72.58225,-41.73752],[-72.58215,-41.73765],[-72.58201,-41.73774],[-72.58181,-41.7378],[-72.58156,-41.73787],[-72.5812,-41.73793],[-72.581,-41.73796],[-72.58083,-41.73807],[-72.58084,-41.73821],[-72.58094,-41.73832],[-72.58108,-41.73838],[-72.58127,-41.73843],[-72.58147,-41.73849],[-72.58172,-41.73866],[-72.58177,-41.73881],[-72.58177,-41.73898],[-72.58179,-41.73925],[-72.58188,-41.73952],[-72.58196,-41.73984],[-72.582,-41.74013],[-72.58209,-41.74027],[-72.5822,-41.74031],[-72.58232,-41.74029],[-72.58236,-41.7402],[-72.58249,-41.7401],[-72.582538,-41.740103],[-72.582276,-41.740713],[-72.58208,-41.74068],[-72.58194,-41.74065],[-72.5817,-41.74049],[-72.58162,-41.74042],[-72.58154,-41.74032],[-72.58121,-41.74011],[-72.58107,-41.74003],[-72.58091,-41.73997],[-72.58078,-41.73993],[-72.58053,-41.73989],[-72.58029,-41.73985],[-72.58012,-41.73973],[-72.58008,-41.73968],[-72.57981,-41.73947],[-72.57946,-41.73921],[-72.57911,-41.73898],[-72.57879,-41.73877],[-72.57852,-41.73868],[-72.57834,-41.73871],[-72.57828,-41.73879],[-72.57826,-41.73898],[-72.57834,-41.73922],[-72.57837,-41.73943],[-72.57834,-41.73963],[-72.57829,-41.73977],[-72.57829,-41.7399],[-72.57839,-41.74],[-72.5785,-41.7401],[-72.57873,-41.74018],[-72.57905,-41.74023],[-72.57922,-41.74023],[-72.57941,-41.74025],[-72.57949,-41.7403],[-72.57963,-41.74036],[-72.57979,-41.74037],[-72.57991,-41.74036],[-72.58001,-41.74038],[-72.58009,-41.74045],[-72.5801,-41.74054],[-72.58009,-41.74069],[-72.58002,-41.74087],[-72.57998,-41.74102],[-72.57984,-41.7412],[-72.57968,-41.74128],[-72.5795,-41.7413],[-72.57926,-41.74132],[-72.57891,-41.74132],[-72.57852,-41.74135],[-72.57822,-41.7414],[-72.57804,-41.74145],[-72.57784,-41.74144],[-72.57767,-41.74138],[-72.57744,-41.74137],[-72.57736,-41.74143],[-72.57732,-41.74159],[-72.57732,-41.74179],[-72.57729,-41.74196],[-72.57717,-41.7421],[-72.577,-41.74219],[-72.57664,-41.7423],[-72.57625,-41.74251],[-72.57584,-41.74265],[-72.57546,-41.74276]]]},"properties":{"comuna":"Cochamó","mancha_id":"10103-88ceae7b31fffff","clase":"Bajo","nivel_medio":1.164,"nivel_medio_min":1.058,"nivel_medio_max":1.176,"pct_alto":0.0,"n_hexagonos":3,"area_ha":50.71}},{"type":"Feature","geometry":{"type":"Polygon","coordinates":[[[-72.58112,-41.71375],[-72.58096,-41.7137],[-72.580715,-41.713683],[-72.581946,-41.713427],[-72.58196,-41.7135],[-72.58198,-41.71366],[-72.58191,-41.71381],[-72.58175,-41.71391],[-72.58158,-41.71394],[-72.58141,-41.71392],[-72.58123,-41.71385],[-72.58112,-41.71375]]]},"properties":{"comuna":"Cochamó","mancha_id":"10103-88ceae7951fffff","clase":"Bajo","nivel_medio":1.44,"nivel_medio_min":1.44,"nivel_medio_max":1.44,"pct_alto":0.0,"n_hexagonos":1,"area_ha":0.31}},{"type":"Feature","geometry":{"type":"Polygon","coordinates":[[[-72.58247,-41.71336],[-72.582463,-41.713319],[-72.583796,-41.713042],[-72.584211,-41.713408],[-72.58408,-41.71347],[-72.58387,-41.71349],[-72.5836,-41.7135],[-72.58342,-41.71348],[-72.58327,-41.71342],[-72.5831,-41.71336],[-72.58298,-41.71336],[-72.58292,-41.71343],[-72.5829,-41.71355],[-72.58308,-41.71364],[-72.58324,-41.71366],[-72.58351,-41.71369],[-72.58374,-41.71372],[-72.58397,-41.71381],[-72.58408,-41.71392],[-72.58413,-41.71407],[-72.58412,-41.71422],[-72.58399,-41.71435],[-72.58388,-41.71441],[-72.58369,-41.71443],[-72.58343,-41.71444],[-72.58324,-41.71441],[-72.58304,-41.71433],[-72.58284,-41.71422],[-72.5827,-41.71405],[-72.58259,-41.71383],[-72.58251,-41.71358],[-72.58247,-41.71336]]]},"properties":{"comuna":"Cochamó","mancha_id":"10103-88ceae7951fffff-2","clase":"Bajo","nivel_medio":1.44,"nivel_medio_min":1.44,"nivel_medio_max":1.44,"pct_alto":0.0,"n_hexagonos":1,"area_ha":1.38}},{"type":"Feature","geometry":{"type":"Polygon","coordinates":[[[-72.611148,-41.746018],[-72.61108,-41.746099],[-72.611608,-41.744869],[-72.611586,-41.745201],[-72.611148,-41.746018]]]},"properties":{"comuna":"Cochamó","mancha_id":"10103-88ceae784dfffff","clase":"Bajo","nivel_medio":1.201,"nivel_medio_min":1.201,"nivel_medio_max":1.201,"pct_alto":0.0,"n_hexagonos":1,"area_ha":0.08}},{"type":"Feature","geometry":{"type":"Polygon","coordinates":[[[-72.623796,-41.737509],[-72.625271,-41.737202],[-72.625813,-41.73768],[-72.625424,-41.737761],[-72.624426,-41.737761],[-72.623796,-41.737509]]]},"properties":{"comuna":"Cochamó","mancha_id":"10103-88ceae7841fffff","clase":"Bajo","nivel_medio":1.409,"nivel_medio_min":1.409,"nivel_medio_max":1.409,"pct_alto":0.0,"n_hexagonos":1,"area_ha":0.63}},{"type":"Feature","geometry":{"type":"Polygon","coordinates":[[[-72.18015,-42.021099],[-72.183887,-42.024433],[-72.189593,-42.023279],[-72.193331,-42.026614],[-72.191362,-42.031103],[-72.185655,-42.032258],[-72.181917,-42.028923],[-72.17621,-42.030076],[-72.172474,-42.026741],[-72.174444,-42.022253],[-72.18015,-42.021099]]]},"properties":{"comuna":"Cochamó","mancha_id":"10103-88ceae5b21fffff","clase":"Bajo","nivel_medio":0.977,"nivel_medio_min":0.943,"nivel_medio_max":1.01,"pct_alto":19.1,"n_hexagonos":2,"area_ha":128.84}},{"type":"Feature","geometry":{"type":"Polygon","coordinates":[[[-72.229351,-42.027504],[-72.227384,-42.031995],[-72.221675,-42.033151],[-72.217934,-42.029817],[-72.212225,-42.030973],[-72.208485,-42.027638],[-72.210453,-42.023148],[-72.21616,-42.021992],[-72.219901,-42.025326],[-72.225609,-42.024169],[-72.229351,-42.027504]]]},"properties":{"comuna":"Cochamó","mancha_id":"10103-88ceae5b11fffff","clase":"Bajo","nivel_medio":1.307,"nivel_medio_min":1.273,"nivel_medio_max":1.342,"pct_alto":27.9,"n_hexagonos":2,"area_ha":128.93}},{"type":"Feature","geometry":{"type":"Polygon","coordinates":[[[-72.238236,-42.066638],[-72.236269,-42.07113],[-72.230555,-42.072286],[-72.22681,-42.06895],[-72.228778,-42.064458],[-72.234491,-42.063302],[-72.238236,-42.066638]]]},"properties":{"comuna":"Cochamó","mancha_id":"10103-88ceae5a6dfffff","clase":"Bajo","nivel_medio":0.617,"nivel_medio_min":0.617,"nivel_medio_max":0.617,"pct_alto":20.6,"n_hexagonos":1,"area_ha":64.5}},{"type":"Feature","geometry":{"type":"Polygon","coordinates":[[[-72.257159,-42.070996],[-72.255192,-42.075489],[-72.249477,-42.076646],[-72.24573,-42.07331],[-72.247697,-42.068817],[-72.253411,-42.06766],[-72.257159,-42.070996]]]},"properties":{"comuna":"Cochamó","mancha_id":"10103-88ceae5a45fffff","clase":"Bajo","nivel_medio":0.855,"nivel_medio_min":0.855,"nivel_medio_max":0.855,"pct_alto":27.3,"n_hexagonos":1,"area_ha":64.53}},{"type":"Feature","geometry":{"type":"Polygon","coordinates":[[[-72.266987,-42.048531],[-72.270736,-42.051865],[-72.276449,-42.050707],[-72.278413,-42.046213],[-72.274665,-42.042879],[-72.276629,-42.038385],[-72.282341,-42.037226],[-72.28609,-42.04056],[-72.284126,-42.045054],[-72.287876,-42.048388],[-72.285912,-42.052882],[-72.280198,-42.054041],[-72.278234,-42.058535],[-72.272519,-42.059694],[-72.26877,-42.056359],[-72.263057,-42.057517],[-72.259309,-42.054182],[-72.261275,-42.049689],[-72.266987,-42.048531]]]},"properties":{"comuna":"Cochamó","mancha_id":"10103-88ceae5a01fffff","clase":"Bajo","nivel_medio":1.225,"nivel_medio_min":1.039,"nivel_medio_max":1.381,"pct_alto":39.4,"n_hexagonos":4,"area_ha":258.17}},{"type":"Feature","geometry":{"type":"Polygon","coordinates":[[[-72.2599,-41.967338],[-72.256855,-41.964626],[-72.257364,-41.96346],[-72.259272,-41.964847],[-72.260735,-41.965771],[-72.26114,-41.96641],[-72.260859,-41.966651],[-72.2599,-41.967338]]]},"properties":{"comuna":"Cochamó","mancha_id":"10103-88ceae59d9fffff","clase":"Bajo","nivel_medio":0.855,"nivel_medio_min":0.855,"nivel_medio_max":0.855,"pct_alto":27.7,"n_hexagonos":1,"area_ha":6.02}},{"type":"Feature","geometry":{"type":"Polygon","coordinates":[[[-72.280736,-42.017078],[-72.278772,-42.021571],[-72.28252,-42.024905],[-72.288231,-42.023745],[-72.29198,-42.027078],[-72.290017,-42.031572],[-72.284305,-42.032732],[-72.280557,-42.029398],[-72.274845,-42.030558],[-72.271098,-42.027224],[-72.273062,-42.022731],[-72.269316,-42.019397],[-72.27128,-42.014905],[-72.276989,-42.013745],[-72.280736,-42.017078]]]},"properties":{"comuna":"Cochamó","mancha_id":"10103-88ceae5859fffff","clase":"Bajo","nivel_medio":0.915,"nivel_medio_min":0.596,"nivel_medio_max":1.151,"pct_alto":29.1,"n_hexagonos":3,"area_ha":193.59}},{"type":"Feature","geometry":{"type":"Polygon","coordinates":[[[-72.278952,-42.009252],[-72.275206,-42.005919],[-72.276017,-42.004064],[-72.276432,-42.004193],[-72.277198,-42.004395],[-72.278529,-42.004637],[-72.279376,-42.004637],[-72.280098,-42.004614],[-72.280787,-42.004677],[-72.28153,-42.004765],[-72.282246,-42.00483],[-72.283086,-42.005],[-72.284053,-42.005081],[-72.284827,-42.005221],[-72.285521,-42.005546],[-72.285754,-42.005588],[-72.284661,-42.008092],[-72.278952,-42.009252]]]},"properties":{"comuna":"Cochamó","mancha_id":"10103-88ceae5853fffff","clase":"Bajo","nivel_medio":1.11,"nivel_medio_min":1.11,"nivel_medio_max":1.11,"pct_alto":35.3,"n_hexagonos":1,"area_ha":32.12}},{"type":"Feature","geometry":{"type":"Polygon","coordinates":[[[-72.226184,-41.987225],[-72.228149,-41.982735],[-72.22441,-41.979402],[-72.226375,-41.974912],[-72.222637,-41.97158],[-72.216935,-41.972738],[-72.213198,-41.969406],[-72.215164,-41.964916],[-72.211428,-41.961584],[-72.205727,-41.962742],[-72.201992,-41.95941],[-72.203958,-41.954921],[-72.209657,-41.953764],[-72.213393,-41.957095],[-72.219093,-41.955937],[-72.22283,-41.959269],[-72.220865,-41.963758],[-72.224602,-41.96709],[-72.230304,-41.965932],[-72.232268,-41.961442],[-72.228531,-41.95811],[-72.230495,-41.95362],[-72.231461,-41.953424],[-72.237236,-41.954572],[-72.238898,-41.954869],[-72.239652,-41.955004],[-72.242528,-41.955265],[-72.239934,-41.955792],[-72.23797,-41.960283],[-72.241709,-41.963614],[-72.239745,-41.968105],[-72.234043,-41.969264],[-72.232078,-41.973754],[-72.235817,-41.977086],[-72.241521,-41.975927],[-72.245261,-41.979259],[-72.243297,-41.98375],[-72.247038,-41.987083],[-72.245074,-41.991574],[-72.239369,-41.992732],[-72.237404,-41.997224],[-72.231698,-41.998381],[-72.227958,-41.995048],[-72.229923,-41.990558],[-72.226184,-41.987225]]]},"properties":{"comuna":"Cochamó","mancha_id":"10103-88ceae5821fffff","clase":"Bajo","nivel_medio":0.739,"nivel_medio_min":0.523,"nivel_medio_max":1.23,"pct_alto":22.5,"n_hexagonos":12,"area_ha":703.58}},{"type":"Feature","geometry":{"type":"Polygon","coordinates":[[[-72.260045,-42.004905],[-72.258081,-42.009397],[-72.252373,-42.010556],[-72.250408,-42.015048],[-72.2447,-42.016206],[-72.240957,-42.012873],[-72.242922,-42.008381],[-72.23918,-42.005048],[-72.241145,-42.000557],[-72.246852,-41.999398],[-72.250594,-42.002731],[-72.256301,-42.001572],[-72.260045,-42.004905]]]},"properties":{"comuna":"Cochamó","mancha_id":"10103-88ceae5809fffff","clase":"Bajo","nivel_medio":0.787,"nivel_medio_min":0.519,"nivel_medio_max":1.093,"pct_alto":25.4,"n_hexagonos":3,"area_ha":193.45}},{"type":"Feature","geometry":{"type":"Polygon","coordinates":[[[-72.523974,-41.827931],[-72.522033,-41.832432],[-72.516331,-41.83361],[-72.512573,-41.830288],[-72.514514,-41.825787],[-72.520215,-41.824609],[-72.523974,-41.827931]]]},"properties":{"comuna":"Cochamó","mancha_id":"10103-88ceae4ec9fffff","clase":"Bajo","nivel_medio":1.436,"nivel_medio_min":1.436,"nivel_medio_max":1.436,"pct_alto":0.0,"n_hexagonos":1,"area_ha":64.68}},{"type":"Feature","geometry":{"type":"Polygon","coordinates":[[[-72.520338,-41.812287],[-72.518397,-41.816787],[-72.512698,-41.817965],[-72.50894,-41.814644],[-72.510882,-41.810144],[-72.51658,-41.808965],[-72.520338,-41.812287]]]},"properties":{"comuna":"Cochamó","mancha_id":"10103-88ceae4ec7fffff","clase":"Bajo","nivel_medio":1.294,"nivel_medio_min":1.294,"nivel_medio_max":1.294,"pct_alto":0.0,"n_hexagonos":1,"area_ha":64.67}},{"type":"Feature","geometry":{"type":"Polygon","coordinates":[[[-72.497286,-41.841642],[-72.501044,-41.844965],[-72.500034,-41.847304],[-72.5,-41.847313],[-72.499552,-41.847429],[-72.499082,-41.847617],[-72.498725,-41.847692],[-72.498405,-41.847805],[-72.497991,-41.847955],[-72.497747,-41.848012],[-72.497389,-41.848012],[-72.497051,-41.848012],[-72.496806,-41.847993],[-72.496486,-41.847955],[-72.496167,-41.847899],[-72.495941,-41.84788],[-72.495866,-41.84773],[-72.49579,-41.847617],[-72.495621,-41.847485],[-72.495489,-41.847316],[-72.495282,-41.847109],[-72.495038,-41.84677],[-72.494887,-41.846563],[-72.494587,-41.84615],[-72.494192,-41.845999],[-72.493947,-41.84598],[-72.493608,-41.84598],[-72.493232,-41.84598],[-72.492931,-41.845924],[-72.49248,-41.845736],[-72.492216,-41.845585],[-72.49184,-41.845341],[-72.491539,-41.845002],[-72.491314,-41.844833],[-72.49105,-41.844626],[-72.490878,-41.844454],[-72.491585,-41.842819],[-72.497286,-41.841642]]]},"properties":{"comuna":"Cochamó","mancha_id":"10103-88ceae4e53fffff","clase":"Bajo","nivel_medio":1.37,"nivel_medio_min":1.37,"nivel_medio_max":1.37,"pct_alto":4.9,"n_hexagonos":1,"area_ha":37.57}},{"type":"Feature","geometry":{"type":"Polygon","coordinates":[[[-72.45585,-41.817413],[-72.459602,-41.820735],[-72.458495,-41.823297],[-72.458416,-41.823315],[-72.457945,-41.823446],[-72.45755,-41.823559],[-72.457174,-41.823672],[-72.456516,-41.823804],[-72.456008,-41.823973],[-72.455237,-41.824236],[-72.454597,-41.824387],[-72.45345,-41.824594],[-72.453262,-41.824575],[-72.452848,-41.824556],[-72.452415,-41.8245],[-72.452001,-41.824349],[-72.451757,-41.824293],[-72.451456,-41.824161],[-72.451193,-41.824011],[-72.450986,-41.823823],[-72.450986,-41.823522],[-72.450967,-41.82307],[-72.450816,-41.822675],[-72.450421,-41.822337],[-72.450064,-41.822111],[-72.449857,-41.822036],[-72.449537,-41.82196],[-72.449406,-41.821848],[-72.449274,-41.821246],[-72.449255,-41.820851],[-72.449236,-41.820709],[-72.450154,-41.818588],[-72.45585,-41.817413]]]},"properties":{"comuna":"Cochamó","mancha_id":"10103-88ceae4e23fffff","clase":"Bajo","nivel_medio":1.352,"nivel_medio_min":1.352,"nivel_medio_max":1.352,"pct_alto":0.1,"n_hexagonos":1,"area_ha":48.09}},{"type":"Feature","geometry":{"type":"Polygon","coordinates":[[[-72.471394,-41.830613],[-72.471377,-41.830597],[-72.476561,-41.829528],[-72.47777,-41.830598],[-72.477752,-41.830594],[-72.477564,-41.830594],[-72.477357,-41.830556],[-72.47702,-41.83052],[-72.476868,-41.830575],[-72.47668,-41.830801],[-72.476473,-41.831045],[-72.476172,-41.831384],[-72.475777,-41.831704],[-72.475645,-41.831854],[-72.475382,-41.831948],[-72.475111,-41.83203],[-72.474904,-41.832035],[-72.474684,-41.831979],[-72.474159,-41.831892],[-72.473783,-41.831835],[-72.473482,-41.831817],[-72.473219,-41.831741],[-72.472993,-41.831591],[-72.472692,-41.831478],[-72.472391,-41.831384],[-72.472071,-41.831215],[-72.471752,-41.831121],[-72.471507,-41.830933],[-72.471394,-41.830613]]]},"properties":{"comuna":"Cochamó","mancha_id":"10103-88ceae4e03fffff","clase":"Bajo","nivel_medio":1.036,"nivel_medio_min":1.036,"nivel_medio_max":1.036,"pct_alto":0.0,"n_hexagonos":1,"area_ha":8.01}},{"type":"Feature","geometry":{"type":"Polygon","coordinates":[[[-72.479915,-41.832926],[-72.479915,-41.832496],[-72.480316,-41.83285],[-72.486015,-41.831674],[-72.489772,-41.834997],[-72.487828,-41.839496],[-72.484971,-41.840086],[-72.48483,-41.839985],[-72.484655,-41.839905],[-72.484388,-41.839732],[-72.484335,-41.839698],[-72.484207,-41.839576],[-72.484189,-41.839291],[-72.484118,-41.839006],[-72.483976,-41.838704],[-72.483696,-41.838362],[-72.483639,-41.838118],[-72.483602,-41.837911],[-72.483451,-41.837554],[-72.483263,-41.837253],[-72.483263,-41.837065],[-72.483376,-41.836895],[-72.48347,-41.836782],[-72.483583,-41.836632],[-72.483696,-41.836519],[-72.483771,-41.836406],[-72.48379,-41.836199],[-72.48379,-41.836049],[-72.48379,-41.835898],[-72.48379,-41.835748],[-72.48379,-41.835616],[-72.48362,-41.83556],[-72.48332,-41.835466],[-72.483131,-41.83539],[-72.48268,-41.83524],[-72.481946,-41.835014],[-72.481288,-41.834751],[-72.480912,-41.834563],[-72.480541,-41.83429],[-72.480203,-41.833898],[-72.480007,-41.833614],[-72.479999,-41.833584],[-72.479915,-41.833284],[-72.479915,-41.832926]]]},"properties":{"comuna":"Cochamó","mancha_id":"10103-88ceae4e03fffff-2","clase":"Bajo","nivel_medio":1.442,"nivel_medio_min":1.036,"nivel_medio_max":1.444,"pct_alto":1.0,"n_hexagonos":2,"area_ha":42.6}},{"type":"Feature","geometry":{"type":"Polygon","coordinates":[[[-72.435193,-41.711129],[-72.434354,-41.711303],[-72.432893,-41.710008],[-72.43318,-41.70997],[-72.4337,-41.70985],[-72.43402,-41.70975],[-72.4343,-41.70978],[-72.43445,-41.70988],[-72.43465,-41.71036],[-72.43495,-41.7106],[-72.43508,-41.71079],[-72.43509,-41.71101],[-72.435193,-41.711129]]]},"properties":{"comuna":"Cochamó","mancha_id":"10103-88ceae4db5fffff","clase":"Bajo","nivel_medio":1.003,"nivel_medio_min":1.003,"nivel_medio_max":1.003,"pct_alto":0.7,"n_hexagonos":1,"area_ha":1.67}},{"type":"Feature","geometry":{"type":"Polygon","coordinates":[[[-72.534157,-41.756145],[-72.532219,-41.760645],[-72.526525,-41.761826],[-72.52277,-41.758507],[-72.517077,-41.759687],[-72.513323,-41.756368],[-72.515262,-41.751869],[-72.520954,-41.750689],[-72.524708,-41.754008],[-72.530401,-41.752827],[-72.534157,-41.756145]]]},"properties":{"comuna":"Cochamó","mancha_id":"10103-88ceae4cd1fffff","clase":"Bajo","nivel_medio":1.223,"nivel_medio_min":1.063,"nivel_medio_max":1.383,"pct_alto":1.1,"n_hexagonos":2,"area_ha":129.29}},{"type":"Feature","geometry":{"type":"Polygon","coordinates":[[[-72.530522,-41.740509],[-72.526769,-41.737191],[-72.528677,-41.732759],[-72.52892,-41.73286],[-72.53052,-41.73342],[-72.53117,-41.73368],[-72.5318,-41.73387],[-72.53224,-41.73404],[-72.53298,-41.734315],[-72.5334,-41.73465],[-72.53459,-41.73495],[-72.53477,-41.7349],[-72.53487,-41.73491],[-72.53503,-41.73492],[-72.53528,-41.735],[-72.53555,-41.73514],[-72.53584,-41.73529],[-72.53614,-41.73537],[-72.53626,-41.7354],[-72.53654,-41.73546],[-72.53691,-41.73546],[-72.53727,-41.73549],[-72.53747,-41.73553],[-72.53777,-41.73565],[-72.537793,-41.735661],[-72.536214,-41.739328],[-72.539969,-41.742646],[-72.538032,-41.747146],[-72.532339,-41.748327],[-72.528585,-41.745009],[-72.530522,-41.740509]]]},"properties":{"comuna":"Cochamó","mancha_id":"10103-88ceae4c91fffff","clase":"Bajo","nivel_medio":1.414,"nivel_medio_min":1.357,"nivel_medio_max":1.491,"pct_alto":1.3,"n_hexagonos":2,"area_ha":112.92}},{"type":"Feature","geometry":{"type":"Polygon","coordinates":[[[-72.482524,-41.803713],[-72.480581,-41.808211],[-72.474884,-41.809388],[-72.471132,-41.806066],[-72.473075,-41.801568],[-72.478771,-41.800391],[-72.482524,-41.803713]]]},"properties":{"comuna":"Cochamó","mancha_id":"10103-88ceae4c59fffff","clase":"Bajo","nivel_medio":1.309,"nivel_medio_min":1.309,"nivel_medio_max":1.309,"pct_alto":0.0,"n_hexagonos":1,"area_ha":64.62}},{"type":"Feature","geometry":{"type":"Polygon","coordinates":[[[-72.237517,-41.866303],[-72.235557,-41.870792],[-72.229864,-41.871953],[-72.226133,-41.868626],[-72.228094,-41.864137],[-72.233785,-41.862976],[-72.237517,-41.866303]]]},"properties":{"comuna":"Cochamó","mancha_id":"10103-88ceae4b31fffff","clase":"Bajo","nivel_medio":1.454,"nivel_medio_min":1.454,"nivel_medio_max":1.454,"pct_alto":39.1,"n_hexagonos":1,"area_ha":64.38}},{"type":"Feature","geometry":{"type":"Polygon","coordinates":[[[-72.265796,-41.872798],[-72.263837,-41.877288],[-72.258143,-41.878451],[-72.254409,-41.875123],[-72.256368,-41.870634],[-72.262061,-41.869471],[-72.265796,-41.872798]]]},"properties":{"comuna":"Cochamó","mancha_id":"10103-88ceae4b13fffff","clase":"Bajo","nivel_medio":0.569,"nivel_medio_min":0.569,"nivel_medio_max":0.569,"pct_alto":18.8,"n_hexagonos":1,"area_ha":64.42}},{"type":"Feature","geometry":{"type":"Polygon","coordinates":[[[-72.363409,-41.791422],[-72.361459,-41.795915],[-72.355769,-41.797085],[-72.35203,-41.793762],[-72.35398,-41.78927],[-72.359669,-41.788099],[-72.363409,-41.791422]]]},"properties":{"comuna":"Cochamó","mancha_id":"10103-88ceae4897fffff","clase":"Bajo","nivel_medio":0.741,"nivel_medio_min":0.741,"nivel_medio_max":0.741,"pct_alto":22.0,"n_hexagonos":1,"area_ha":64.48}},{"type":"Feature","geometry":{"type":"Polygon","coordinates":[[[-72.260469,-41.849348],[-72.25851,-41.853838],[-72.252819,-41.855001],[-72.249087,-41.851674],[-72.251045,-41.847185],[-72.256736,-41.846022],[-72.260469,-41.849348]]]},"properties":{"comuna":"Cochamó","mancha_id":"10103-88ceae4867fffff","clase":"Bajo","nivel_medio":1.465,"nivel_medio_min":1.465,"nivel_medio_max":1.465,"pct_alto":41.1,"n_hexagonos":1,"area_ha":64.39}},{"type":"Feature","geometry":{"type":"Polygon","coordinates":[[[-72.294442,-41.85467],[-72.29818,-41.857996],[-72.297034,-41.860626],[-72.29617,-41.860521],[-72.295343,-41.860404],[-72.294691,-41.860219],[-72.293621,-41.8599],[-72.292953,-41.859748],[-72.292182,-41.859679],[-72.291642,-41.859611],[-72.290968,-41.859412],[-72.289938,-41.859452],[-72.2891,-41.85934],[-72.287995,-41.859531],[-72.286993,-41.859865],[-72.288749,-41.855835],[-72.294442,-41.85467]]]},"properties":{"comuna":"Cochamó","mancha_id":"10103-88ceae4855fffff","clase":"Bajo","nivel_medio":0.774,"nivel_medio_min":0.774,"nivel_medio_max":0.774,"pct_alto":22.4,"n_hexagonos":1,"area_ha":38.72}},{"type":"Feature","geometry":{"type":"Polygon","coordinates":[[[-72.562172,-41.799524],[-72.560234,-41.804026],[-72.563996,-41.807346],[-72.562058,-41.811848],[-72.556357,-41.813029],[-72.552595,-41.809708],[-72.546895,-41.810889],[-72.543135,-41.807568],[-72.537435,-41.808748],[-72.533676,-41.805427],[-72.527977,-41.806607],[-72.524219,-41.803286],[-72.518521,-41.804465],[-72.514764,-41.801144],[-72.509066,-41.802323],[-72.50531,-41.799002],[-72.499614,-41.80018],[-72.495859,-41.796859],[-72.4978,-41.79236],[-72.503496,-41.791182],[-72.507251,-41.794502],[-72.512948,-41.793324],[-72.514888,-41.788824],[-72.520585,-41.787645],[-72.524341,-41.790965],[-72.522402,-41.795465],[-72.526159,-41.798786],[-72.531857,-41.797606],[-72.535616,-41.800927],[-72.541314,-41.799746],[-72.543253,-41.795245],[-72.539494,-41.791925],[-72.541433,-41.787424],[-72.54713,-41.786243],[-72.549068,-41.781742],[-72.545309,-41.778423],[-72.539613,-41.779604],[-72.535855,-41.776284],[-72.537794,-41.771784],[-72.543489,-41.770603],[-72.545427,-41.766102],[-72.551122,-41.76492],[-72.553059,-41.76042],[-72.549301,-41.757101],[-72.543607,-41.758283],[-72.53985,-41.754964],[-72.541788,-41.750464],[-72.547481,-41.749282],[-72.551238,-41.7526],[-72.556932,-41.751418],[-72.56069,-41.754736],[-72.566385,-41.753553],[-72.568321,-41.749052],[-72.574015,-41.747869],[-72.575615,-41.744147],[-72.57574,-41.74416],[-72.57602,-41.74422],[-72.57617,-41.74426],[-72.57626,-41.74434],[-72.57633,-41.74442],[-72.57639,-41.7445],[-72.57648,-41.74457],[-72.57656,-41.74461],[-72.5768,-41.74462],[-72.57693,-41.7446],[-72.57708,-41.74454],[-72.57718,-41.74455],[-72.57733,-41.74463],[-72.57742,-41.74474],[-72.57752,-41.74487],[-72.57758,-41.74501],[-72.57769,-41.7452],[-72.57787,-41.74535],[-72.57819,-41.74551],[-72.5786,-41.74567],[-72.57877,-41.74575],[-72.57895,-41.74579],[-72.57916,-41.7458],[-72.57944,-41.74579],[-72.57967,-41.74575],[-72.57991,-41.74569],[-72.58018,-41.74559],[-72.58048,-41.74546],[-72.58078,-41.7453],[-72.58128,-41.74522],[-72.58144,-41.74524],[-72.58167,-41.74529],[-72.58193,-41.74537],[-72.58221,-41.74552],[-72.58243,-41.74569],[-72.58264,-41.74591],[-72.58277,-41.7461],[-72.58291,-41.74632],[-72.58322,-41.74655],[-72.58356,-41.74661],[-72.58382,-41.74662],[-72.58417,-41.74663],[-72.58444,-41.74666],[-72.58474,-41.74672],[-72.584861,-41.746765],[-72.58347,-41.750003],[-72.587231,-41.753321],[-72.585296,-41.757823],[-72.5796,-41.759007],[-72.577665,-41.763509],[-72.571968,-41.764692],[-72.570032,-41.769194],[-72.573793,-41.772512],[-72.57949,-41.771329],[-72.583252,-41.774648],[-72.581316,-41.779151],[-72.585079,-41.78247],[-72.590778,-41.781286],[-72.591529,-41.781949],[-72.591321,-41.782225],[-72.591059,-41.782926],[-72.591205,-41.78313],[-72.591584,-41.783393],[-72.59223,-41.783683],[-72.592532,-41.784004],[-72.592802,-41.784392],[-72.592966,-41.785047],[-72.592939,-41.785755],[-72.592913,-41.786249],[-72.592884,-41.786791],[-72.593348,-41.787282],[-72.593376,-41.787318],[-72.593866,-41.787937],[-72.594275,-41.788645],[-72.59452,-41.789109],[-72.594719,-41.789616],[-72.594719,-41.7899],[-72.59437,-41.790118],[-72.593863,-41.790216],[-72.5928,-41.790423],[-72.592058,-41.790772],[-72.591276,-41.791045],[-72.590621,-41.791263],[-72.589967,-41.791454],[-72.589367,-41.79159],[-72.588874,-41.791753],[-72.588219,-41.791797],[-72.587652,-41.791863],[-72.586998,-41.791906],[-72.586278,-41.791906],[-72.586216,-41.791898],[-72.585715,-41.791832],[-72.585013,-41.791797],[-72.584403,-41.791714],[-72.583508,-41.791601],[-72.582701,-41.791579],[-72.581751,-41.791714],[-72.58113,-41.791733],[-72.580302,-41.791808],[-72.579681,-41.791884],[-72.578685,-41.792109],[-72.577932,-41.792316],[-72.577443,-41.792561],[-72.576521,-41.792956],[-72.575991,-41.793084],[-72.575508,-41.792658],[-72.577444,-41.788155],[-72.573682,-41.784836],[-72.567984,-41.786018],[-72.566047,-41.79052],[-72.569808,-41.79384],[-72.567871,-41.798342],[-72.562172,-41.799524]]]},"properties":{"comuna":"Cochamó","mancha_id":"10103-88ceae45a5fffff","clase":"Bajo","nivel_medio":1.269,"nivel_medio_min":1.012,"nivel_medio_max":1.492,"pct_alto":0.4,"n_hexagonos":37,"area_ha":2223.67}},{"type":"Feature","geometry":{"type":"Polygon","coordinates":[[[-72.571522,-41.813988],[-72.57346,-41.809485],[-72.574697,-41.809228],[-72.574697,-41.809396],[-72.57481,-41.809772],[-72.574847,-41.810035],[-72.574998,-41.810355],[-72.57513,-41.810562],[-72.575186,-41.810656],[-72.575562,-41.81075],[-72.57592,-41.810957],[-72.576032,-41.811182],[-72.576145,-41.811502],[-72.576183,-41.811878],[-72.576277,-41.812255],[-72.57639,-41.812781],[-72.576465,-41.813289],[-72.576578,-41.813778],[-72.576559,-41.814324],[-72.576559,-41.814587],[-72.576616,-41.814907],[-72.576653,-41.815189],[-72.576747,-41.815565],[-72.577011,-41.815828],[-72.577406,-41.815998],[-72.577744,-41.816374],[-72.577989,-41.816562],[-72.57821,-41.816702],[-72.575286,-41.817308],[-72.574763,-41.818525],[-72.574584,-41.818556],[-72.574076,-41.818706],[-72.573738,-41.818894],[-72.573493,-41.819195],[-72.573079,-41.81944],[-72.572365,-41.819854],[-72.572007,-41.820155],[-72.571424,-41.820606],[-72.571292,-41.820832],[-72.571123,-41.821189],[-72.570879,-41.821622],[-72.570615,-41.822017],[-72.570371,-41.822374],[-72.570329,-41.822437],[-72.567646,-41.822993],[-72.566401,-41.821894],[-72.566308,-41.821716],[-72.566063,-41.821208],[-72.565856,-41.820644],[-72.565668,-41.820474],[-72.56533,-41.820004],[-72.565104,-41.819703],[-72.564897,-41.819459],[-72.564559,-41.819233],[-72.564163,-41.819101],[-72.56413,-41.819097],[-72.565821,-41.815169],[-72.571522,-41.813988]]]},"properties":{"comuna":"Cochamó","mancha_id":"10103-88ceae4585fffff","clase":"Bajo","nivel_medio":1.389,"nivel_medio_min":1.266,"nivel_medio_max":1.444,"pct_alto":1.8,"n_hexagonos":2,"area_ha":81.78}},{"type":"Feature","geometry":{"type":"Polygon","coordinates":[[[-72.519961,-41.849272],[-72.519967,-41.849257],[-72.52061,-41.849124],[-72.520506,-41.849178],[-72.520111,-41.849272],[-72.519961,-41.849272]]]},"properties":{"comuna":"Cochamó","mancha_id":"10103-88ceae4505fffff","clase":"Bajo","nivel_medio":1.436,"nivel_medio_min":1.436,"nivel_medio_max":1.436,"pct_alto":0.0,"n_hexagonos":1,"area_ha":0.02}},{"type":"Feature","geometry":{"type":"Polygon","coordinates":[[[-72.055709,-42.091149],[-72.05373,-42.095633],[-72.048022,-42.096778],[-72.044295,-42.093439],[-72.046275,-42.088954],[-72.051982,-42.087809],[-72.055709,-42.091149]]]},"properties":{"comuna":"Cochamó","mancha_id":"10103-88cea32f11fffff","clase":"Bajo","nivel_medio":0.78,"nivel_medio_min":0.78,"nivel_medio_max":0.78,"pct_alto":25.6,"n_hexagonos":1,"area_ha":64.31}},{"type":"Feature","geometry":{"type":"Polygon","coordinates":[[[-72.021466,-42.098014],[-72.019484,-42.102497],[-72.013777,-42.10364],[-72.010053,-42.1003],[-72.012035,-42.095817],[-72.017742,-42.094674],[-72.021466,-42.098014]]]},"properties":{"comuna":"Cochamó","mancha_id":"10103-88cea32f05fffff","clase":"Bajo","nivel_medio":0.519,"nivel_medio_min":0.519,"nivel_medio_max":0.519,"pct_alto":0.4,"n_hexagonos":1,"area_ha":64.27}},{"type":"Feature","geometry":{"type":"Polygon","coordinates":[[[-72.135417,-42.087393],[-72.133443,-42.091881],[-72.127732,-42.093031],[-72.123996,-42.089693],[-72.125971,-42.085205],[-72.131681,-42.084055],[-72.135417,-42.087393]]]},"properties":{"comuna":"Cochamó","mancha_id":"10103-88cea32eebfffff","clase":"Bajo","nivel_medio":1.322,"nivel_medio_min":1.322,"nivel_medio_max":1.322,"pct_alto":32.3,"n_hexagonos":1,"area_ha":64.4}},{"type":"Feature","geometry":{"type":"Polygon","coordinates":[[[-72.169685,-42.080488],[-72.167713,-42.084977],[-72.162001,-42.086129],[-72.158262,-42.082791],[-72.160235,-42.078302],[-72.165946,-42.07715],[-72.169685,-42.080488]]]},"properties":{"comuna":"Cochamó","mancha_id":"10103-88cea32ed7fffff","clase":"Bajo","nivel_medio":0.886,"nivel_medio_min":0.886,"nivel_medio_max":0.886,"pct_alto":18.3,"n_hexagonos":1,"area_ha":64.43}},{"type":"Feature","geometry":{"type":"Polygon","coordinates":[[[-72.138942,-42.103047],[-72.136967,-42.107535],[-72.131254,-42.108684],[-72.127517,-42.105345],[-72.129493,-42.100857],[-72.135205,-42.099708],[-72.138942,-42.103047]]]},"properties":{"comuna":"Cochamó","mancha_id":"10103-88cea32ecdfffff","clase":"Bajo","nivel_medio":0.591,"nivel_medio_min":0.591,"nivel_medio_max":0.591,"pct_alto":8.0,"n_hexagonos":1,"area_ha":64.41}},{"type":"Feature","geometry":{"type":"Polygon","coordinates":[[[-72.166152,-42.064835],[-72.16418,-42.069324],[-72.15847,-42.070476],[-72.154732,-42.067139],[-72.156705,-42.06265],[-72.162414,-42.061498],[-72.166152,-42.064835]]]},"properties":{"comuna":"Cochamó","mancha_id":"10103-88cea32e95fffff","clase":"Bajo","nivel_medio":1.228,"nivel_medio_min":1.228,"nivel_medio_max":1.228,"pct_alto":37.3,"n_hexagonos":1,"area_ha":64.42}},{"type":"Feature","geometry":{"type":"Polygon","coordinates":[[[-72.093467,-42.099921],[-72.091489,-42.104407],[-72.085779,-42.105554],[-72.082047,-42.102214],[-72.084025,-42.097728],[-72.089735,-42.096581],[-72.093467,-42.099921]]]},"properties":{"comuna":"Cochamó","mancha_id":"10103-88cea32e3dfffff","clase":"Bajo","nivel_medio":0.816,"nivel_medio_min":0.816,"nivel_medio_max":0.816,"pct_alto":26.7,"n_hexagonos":1,"area_ha":64.36}},{"type":"Feature","geometry":{"type":"Polygon","coordinates":[[[-72.098735,-42.1234],[-72.096757,-42.127887],[-72.091043,-42.129033],[-72.087309,-42.125693],[-72.081596,-42.126839],[-72.077863,-42.123498],[-72.079843,-42.119012],[-72.085554,-42.117866],[-72.089288,-42.121206],[-72.095,-42.120059],[-72.098735,-42.1234]]]},"properties":{"comuna":"Cochamó","mancha_id":"10103-88cea32e09fffff","clase":"Bajo","nivel_medio":1.073,"nivel_medio_min":0.861,"nivel_medio_max":1.284,"pct_alto":34.2,"n_hexagonos":2,"area_ha":128.74}},{"type":"Feature","geometry":{"type":"Polygon","coordinates":[[[-72.104668,-42.109938],[-72.102691,-42.114426],[-72.096979,-42.115573],[-72.093245,-42.112233],[-72.095223,-42.107746],[-72.100934,-42.106599],[-72.104668,-42.109938]]]},"properties":{"comuna":"Cochamó","mancha_id":"10103-88cea32e03fffff","clase":"Bajo","nivel_medio":1.008,"nivel_medio_min":1.008,"nivel_medio_max":1.008,"pct_alto":24.7,"n_hexagonos":1,"area_ha":64.38}},{"type":"Feature","geometry":{"type":"Polygon","coordinates":[[[-72.072898,-41.981446],[-72.076621,-41.984781],[-72.082318,-41.983631],[-72.086042,-41.986965],[-72.084068,-41.99145],[-72.07837,-41.992599],[-72.074646,-41.989264],[-72.068949,-41.990413],[-72.065227,-41.987078],[-72.067202,-41.982595],[-72.072898,-41.981446]]]},"properties":{"comuna":"Cochamó","mancha_id":"10103-88cea32db1fffff","clase":"Bajo","nivel_medio":1.317,"nivel_medio_min":1.236,"nivel_medio_max":1.398,"pct_alto":28.7,"n_hexagonos":2,"area_ha":128.55}},{"type":"Feature","geometry":{"type":"Polygon","coordinates":[[[-72.037547,-42.049844],[-72.035568,-42.054327],[-72.029865,-42.055472],[-72.026143,-42.052134],[-72.028123,-42.047651],[-72.033824,-42.046506],[-72.037547,-42.049844]]]},"properties":{"comuna":"Cochamó","mancha_id":"10103-88cea32d57fffff","clase":"Bajo","nivel_medio":0.779,"nivel_medio_min":0.779,"nivel_medio_max":0.779,"pct_alto":0.2,"n_hexagonos":1,"area_ha":64.26}},{"type":"Feature","geometry":{"type":"Polygon","coordinates":[[[-72.024639,-42.032011],[-72.022659,-42.036494],[-72.016959,-42.037638],[-72.013239,-42.034301],[-72.015219,-42.029819],[-72.020918,-42.028674],[-72.024639,-42.032011]]]},"properties":{"comuna":"Cochamó","mancha_id":"10103-88cea32d39fffff","clase":"Bajo","nivel_medio":1.472,"nivel_medio_min":1.472,"nivel_medio_max":1.472,"pct_alto":2.7,"n_hexagonos":1,"area_ha":64.24}},{"type":"Feature","geometry":{"type":"Polygon","coordinates":[[[-72.163239,-42.012249],[-72.161269,-42.016737],[-72.165003,-42.020071],[-72.163033,-42.02456],[-72.157327,-42.025713],[-72.153593,-42.022377],[-72.155564,-42.01789],[-72.151831,-42.014555],[-72.153802,-42.010067],[-72.159505,-42.008914],[-72.163239,-42.012249]]]},"properties":{"comuna":"Cochamó","mancha_id":"10103-88cea32c91fffff","clase":"Bajo","nivel_medio":0.998,"nivel_medio_min":0.867,"nivel_medio_max":1.13,"pct_alto":22.9,"n_hexagonos":2,"area_ha":128.78}},{"type":"Feature","geometry":{"type":"Polygon","coordinates":[[[-72.061647,-42.077695],[-72.059668,-42.082179],[-72.053961,-42.083325],[-72.050234,-42.079986],[-72.052214,-42.075502],[-72.057919,-42.074356],[-72.061647,-42.077695]]]},"properties":{"comuna":"Cochamó","mancha_id":"10103-88cea32c69fffff","clase":"Bajo","nivel_medio":0.832,"nivel_medio_min":0.832,"nivel_medio_max":0.832,"pct_alto":27.1,"n_hexagonos":1,"area_ha":64.31}},{"type":"Feature","geometry":{"type":"Polygon","coordinates":[[[-72.097643,-42.078637],[-72.095666,-42.083123],[-72.089958,-42.08427],[-72.086227,-42.080932],[-72.088204,-42.076446],[-72.093912,-42.075298],[-72.097643,-42.078637]]]},"properties":{"comuna":"Cochamó","mancha_id":"10103-88cea32c5dfffff","clase":"Bajo","nivel_medio":1.342,"nivel_medio_min":1.342,"nivel_medio_max":1.342,"pct_alto":44.2,"n_hexagonos":1,"area_ha":64.35}},{"type":"Feature","geometry":{"type":"Polygon","coordinates":[[[-72.056402,-42.054227],[-72.054424,-42.058711],[-72.04872,-42.059857],[-72.044995,-42.056519],[-72.046974,-42.052036],[-72.052677,-42.05089],[-72.056402,-42.054227]]]},"properties":{"comuna":"Cochamó","mancha_id":"10103-88cea32c2dfffff","clase":"Bajo","nivel_medio":1.161,"nivel_medio_min":1.161,"nivel_medio_max":1.161,"pct_alto":21.8,"n_hexagonos":1,"area_ha":64.29}},{"type":"Feature","geometry":{"type":"Polygon","coordinates":[[[-71.902313,-42.178972],[-71.906031,-42.182317],[-71.905874,-42.18267],[-71.905807,-42.182594],[-71.904717,-42.181997],[-71.902979,-42.181647],[-71.90167,-42.181337],[-71.899335,-42.180833],[-71.898122,-42.18069],[-71.89698,-42.180571],[-71.896415,-42.180528],[-71.896603,-42.180106],[-71.902313,-42.178972]]]},"properties":{"comuna":"Cochamó","mancha_id":"10103-88cea32a63fffff","clase":"Bajo","nivel_medio":1.304,"nivel_medio_min":1.304,"nivel_medio_max":1.304,"pct_alto":0.0,"n_hexagonos":1,"area_ha":11.8}},{"type":"Feature","geometry":{"type":"Polygon","coordinates":[[[-71.90258,-42.166668],[-71.900588,-42.171148],[-71.894879,-42.172282],[-71.892887,-42.176761],[-71.891928,-42.176951],[-71.891864,-42.176907],[-71.891507,-42.176526],[-71.890983,-42.176288],[-71.890341,-42.175955],[-71.88977,-42.174789],[-71.889199,-42.174313],[-71.888083,-42.173723],[-71.886867,-42.173171],[-71.886105,-42.172243],[-71.885273,-42.171672],[-71.884841,-42.171451],[-71.885455,-42.170071],[-71.891163,-42.168937],[-71.893155,-42.164458],[-71.898863,-42.163324],[-71.90258,-42.166668]]]},"properties":{"comuna":"Cochamó","mancha_id":"10103-88cea32a21fffff","clase":"Bajo","nivel_medio":1.215,"nivel_medio_min":0.773,"nivel_medio_max":1.473,"pct_alto":0.3,"n_hexagonos":2,"area_ha":105.04}},{"type":"Feature","geometry":{"type":"Polygon","coordinates":[[[-71.860567,-42.097476],[-71.858575,-42.101952],[-71.852876,-42.103086],[-71.849169,-42.099743],[-71.851161,-42.095268],[-71.847455,-42.091926],[-71.849447,-42.08745],[-71.855145,-42.086316],[-71.858851,-42.089658],[-71.85686,-42.094134],[-71.860567,-42.097476]]]},"properties":{"comuna":"Cochamó","mancha_id":"10103-88cea32915fffff","clase":"Bajo","nivel_medio":1.394,"nivel_medio_min":1.39,"nivel_medio_max":1.398,"pct_alto":8.4,"n_hexagonos":2,"area_ha":128.17}},{"type":"Feature","geometry":{"type":"Polygon","coordinates":[[[-71.877665,-42.094072],[-71.875675,-42.098549],[-71.869975,-42.099683],[-71.866266,-42.096341],[-71.868257,-42.091865],[-71.86455,-42.088524],[-71.866541,-42.084047],[-71.872239,-42.082912],[-71.875947,-42.086254],[-71.881646,-42.085118],[-71.885355,-42.088459],[-71.883365,-42.092936],[-71.877665,-42.094072]]]},"properties":{"comuna":"Cochamó","mancha_id":"10103-88cea32913fffff","clase":"Bajo","nivel_medio":1.397,"nivel_medio_min":1.342,"nivel_medio_max":1.436,"pct_alto":4.5,"n_hexagonos":3,"area_ha":192.32}},{"type":"Feature","geometry":{"type":"Polygon","coordinates":[[[-71.881104,-42.10971],[-71.879113,-42.114187],[-71.882824,-42.117529],[-71.880833,-42.122007],[-71.884544,-42.12535],[-71.882553,-42.129827],[-71.886265,-42.13317],[-71.884274,-42.137648],[-71.887987,-42.140992],[-71.893692,-42.139857],[-71.897407,-42.1432],[-71.895415,-42.147679],[-71.889709,-42.148813],[-71.887717,-42.153292],[-71.891432,-42.156636],[-71.88944,-42.161114],[-71.883732,-42.162248],[-71.880018,-42.158904],[-71.882011,-42.154426],[-71.878297,-42.151081],[-71.88029,-42.146604],[-71.876577,-42.14326],[-71.878569,-42.138782],[-71.874857,-42.135439],[-71.876849,-42.130962],[-71.873138,-42.127618],[-71.87513,-42.123141],[-71.871419,-42.119798],[-71.873411,-42.115321],[-71.869701,-42.111979],[-71.864,-42.113113],[-71.862008,-42.11759],[-71.865717,-42.120932],[-71.863725,-42.125409],[-71.858022,-42.126542],[-71.856029,-42.131019],[-71.859739,-42.134362],[-71.865442,-42.133229],[-71.869153,-42.136573],[-71.86716,-42.14105],[-71.870872,-42.144394],[-71.868879,-42.148871],[-71.863174,-42.150004],[-71.859463,-42.14666],[-71.853758,-42.147792],[-71.851764,-42.152269],[-71.84606,-42.153401],[-71.84235,-42.150057],[-71.836646,-42.151188],[-71.834651,-42.155664],[-71.828947,-42.156795],[-71.825239,-42.15345],[-71.819535,-42.154581],[-71.818485,-42.156935],[-71.818271,-42.156866],[-71.817153,-42.156509],[-71.817044,-42.156494],[-71.816225,-42.156158],[-71.815796,-42.155801],[-71.815273,-42.155183],[-71.814797,-42.154707],[-71.81425,-42.154278],[-71.813417,-42.153731],[-71.812917,-42.15316],[-71.812037,-42.152637],[-71.811302,-42.152133],[-71.811204,-42.152065],[-71.810324,-42.151732],[-71.80942,-42.151185],[-71.80911,-42.150781],[-71.809086,-42.150019],[-71.809086,-42.149448],[-71.808682,-42.148829],[-71.808063,-42.147925],[-71.807516,-42.147092],[-71.807331,-42.146979],[-71.808416,-42.144546],[-71.814118,-42.143416],[-71.816114,-42.138941],[-71.812409,-42.135597],[-71.814405,-42.131122],[-71.8107,-42.127779],[-71.805,-42.128909],[-71.803004,-42.133383],[-71.806708,-42.136727],[-71.804711,-42.141202],[-71.79901,-42.142331],[-71.79727,-42.146231],[-71.797227,-42.146241],[-71.796404,-42.146854],[-71.796151,-42.146976],[-71.791311,-42.147934],[-71.790798,-42.149084],[-71.790598,-42.149188],[-71.790105,-42.149574],[-71.78913,-42.149597],[-71.788249,-42.149241],[-71.787964,-42.14905],[-71.786964,-42.148717],[-71.786465,-42.148598],[-71.785299,-42.14836],[-71.78449,-42.14836],[-71.783543,-42.148288],[-71.783388,-42.148276],[-71.782484,-42.148157],[-71.782433,-42.148154],[-71.781794,-42.147735],[-71.781212,-42.147274],[-71.781104,-42.147188],[-71.780702,-42.146691],[-71.780295,-42.146188],[-71.779986,-42.145807],[-71.779629,-42.145189],[-71.7792,-42.144832],[-71.77851,-42.144332],[-71.777725,-42.14388],[-71.777035,-42.143571],[-71.776607,-42.143],[-71.776492,-42.142712],[-71.778205,-42.142373],[-71.780203,-42.1379],[-71.776502,-42.134555],[-71.775488,-42.134756],[-71.775774,-42.134338],[-71.775917,-42.133791],[-71.775607,-42.13322],[-71.775417,-42.132625],[-71.775631,-42.131935],[-71.77594,-42.131436],[-71.776631,-42.131055],[-71.777178,-42.130793],[-71.777321,-42.13046],[-71.776891,-42.130328],[-71.776994,-42.130086],[-71.776376,-42.129896],[-71.7759,-42.129848],[-71.775257,-42.129991],[-71.774608,-42.130026],[-71.774085,-42.129597],[-71.77349,-42.129217],[-71.772728,-42.129003],[-71.771753,-42.128931],[-71.771348,-42.128914],[-71.770339,-42.128871],[-71.769468,-42.128842],[-71.768677,-42.128814],[-71.768612,-42.128812],[-71.767779,-42.128741],[-71.766946,-42.128812],[-71.766208,-42.12886],[-71.765454,-42.128896],[-71.764502,-42.129253],[-71.763836,-42.129372],[-71.762337,-42.129491],[-71.761337,-42.129301],[-71.7606,-42.129039],[-71.759529,-42.128968],[-71.758863,-42.128706],[-71.758368,-42.128638],[-71.758339,-42.128634],[-71.757578,-42.128539],[-71.75646,-42.128373],[-71.755532,-42.128706],[-71.754842,-42.129134],[-71.754199,-42.129729],[-71.753837,-42.129917],[-71.753604,-42.130038],[-71.753081,-42.129872],[-71.752605,-42.129372],[-71.751986,-42.128896],[-71.751472,-42.128759],[-71.751313,-42.128717],[-71.750671,-42.128765],[-71.749624,-42.128884],[-71.749407,-42.128898],[-71.748309,-42.127905],[-71.746024,-42.128357],[-71.745752,-42.127968],[-71.745157,-42.127659],[-71.744372,-42.127445],[-71.743468,-42.127159],[-71.742683,-42.126659],[-71.741683,-42.126041],[-71.74066,-42.125708],[-71.739708,-42.125494],[-71.739069,-42.125342],[-71.740915,-42.121216],[-71.746611,-42.120089],[-71.748611,-42.115617],[-71.754307,-42.11449],[-71.758004,-42.117834],[-71.763701,-42.116706],[-71.7674,-42.12005],[-71.773097,-42.118921],[-71.776797,-42.122265],[-71.782495,-42.121136],[-71.786196,-42.12448],[-71.791895,-42.123351],[-71.793892,-42.118877],[-71.79959,-42.117747],[-71.801586,-42.113274],[-71.807284,-42.112143],[-71.80928,-42.107669],[-71.814978,-42.106538],[-71.816972,-42.102064],[-71.82267,-42.100932],[-71.824664,-42.096457],[-71.830362,-42.095325],[-71.834066,-42.098667],[-71.839764,-42.097534],[-71.84347,-42.100877],[-71.841477,-42.105352],[-71.835778,-42.106485],[-71.832073,-42.103142],[-71.826374,-42.104274],[-71.82438,-42.108749],[-71.828085,-42.112092],[-71.826091,-42.116567],[-71.820391,-42.117699],[-71.818396,-42.122173],[-71.822101,-42.125517],[-71.827801,-42.124385],[-71.829796,-42.11991],[-71.835496,-42.118778],[-71.83749,-42.114303],[-71.84319,-42.11317],[-71.846897,-42.116513],[-71.852598,-42.11538],[-71.854591,-42.110904],[-71.860291,-42.10977],[-71.862283,-42.105294],[-71.867983,-42.10416],[-71.871693,-42.107502],[-71.877393,-42.106367],[-71.881104,-42.10971]],[[-71.838922,-42.134416],[-71.83322,-42.135548],[-71.831225,-42.140024],[-71.834933,-42.143368],[-71.840636,-42.142236],[-71.844345,-42.14558],[-71.850048,-42.144448],[-71.852042,-42.139972],[-71.848333,-42.136628],[-71.84263,-42.13776],[-71.838922,-42.134416]]]},"properties":{"comuna":"Cochamó","mancha_id":"10103-88cea32825fffff","clase":"Bajo","nivel_medio":1.187,"nivel_medio_min":0.532,"nivel_medio_max":1.485,"pct_alto":0.7,"n_hexagonos":60,"area_ha":3605.92}},{"type":"Feature","geometry":{"type":"Polygon","coordinates":[[[-72.205142,-42.118358],[-72.20317,-42.122849],[-72.197452,-42.124002],[-72.193707,-42.120663],[-72.195679,-42.116172],[-72.201396,-42.115019],[-72.205142,-42.118358]]]},"properties":{"comuna":"Cochamó","mancha_id":"10103-88cea325cdfffff","clase":"Bajo","nivel_medio":0.831,"nivel_medio_min":0.831,"nivel_medio_max":0.831,"pct_alto":27.5,"n_hexagonos":1,"area_ha":64.5}},{"type":"Feature","geometry":{"type":"Polygon","coordinates":[[[-72.219321,-42.062278],[-72.217353,-42.066769],[-72.21164,-42.067924],[-72.207898,-42.064587],[-72.209867,-42.060097],[-72.215578,-42.058942],[-72.219321,-42.062278]]]},"properties":{"comuna":"Cochamó","mancha_id":"10103-88cea325b7fffff","clase":"Bajo","nivel_medio":0.981,"nivel_medio_min":0.981,"nivel_medio_max":0.981,"pct_alto":32.3,"n_hexagonos":1,"area_ha":64.48}},{"type":"Feature","geometry":{"type":"Polygon","coordinates":[[[-72.207505,-42.089225],[-72.205535,-42.093716],[-72.20928,-42.097054],[-72.207309,-42.101545],[-72.211055,-42.104883],[-72.216771,-42.103729],[-72.220518,-42.107067],[-72.218547,-42.111559],[-72.21283,-42.112713],[-72.209084,-42.109375],[-72.203367,-42.110528],[-72.199622,-42.10719],[-72.201594,-42.102699],[-72.197849,-42.099361],[-72.19982,-42.09487],[-72.196077,-42.091532],[-72.198048,-42.087041],[-72.203762,-42.085888],[-72.207505,-42.089225]]]},"properties":{"comuna":"Cochamó","mancha_id":"10103-88cea32585fffff","clase":"Bajo","nivel_medio":1.1,"nivel_medio_min":0.812,"nivel_medio_max":1.406,"pct_alto":15.2,"n_hexagonos":4,"area_ha":257.98}},{"type":"Feature","geometry":{"type":"Polygon","coordinates":[[[-72.169071,-42.11744],[-72.167097,-42.12193],[-72.161381,-42.123081],[-72.15764,-42.119742],[-72.159614,-42.115252],[-72.165329,-42.114101],[-72.167302,-42.109612],[-72.173017,-42.10846],[-72.17499,-42.10397],[-72.180705,-42.102818],[-72.184447,-42.106157],[-72.182475,-42.110647],[-72.176759,-42.111799],[-72.174786,-42.116289],[-72.169071,-42.11744]]]},"properties":{"comuna":"Cochamó","mancha_id":"10103-88cea32539fffff","clase":"Bajo","nivel_medio":0.654,"nivel_medio_min":0.581,"nivel_medio_max":0.74,"pct_alto":20.8,"n_hexagonos":3,"area_ha":193.38}},{"type":"Feature","geometry":{"type":"Polygon","coordinates":[[[-72.18799,-42.121815],[-72.186017,-42.126306],[-72.1803,-42.127458],[-72.176556,-42.124118],[-72.178529,-42.119628],[-72.184246,-42.118476],[-72.18799,-42.121815]]]},"properties":{"comuna":"Cochamó","mancha_id":"10103-88cea32511fffff","clase":"Bajo","nivel_medio":0.847,"nivel_medio_min":0.847,"nivel_medio_max":0.847,"pct_alto":27.3,"n_hexagonos":1,"area_ha":64.48}},{"type":"Feature","geometry":{"type":"Polygon","coordinates":[[[-72.15369,-42.128721],[-72.151715,-42.13321],[-72.145999,-42.13436],[-72.142258,-42.13102],[-72.144234,-42.126531],[-72.140494,-42.123191],[-72.134779,-42.12434],[-72.13104,-42.121],[-72.133016,-42.116512],[-72.13873,-42.115363],[-72.142469,-42.118702],[-72.148184,-42.117552],[-72.151924,-42.120892],[-72.149949,-42.125381],[-72.15369,-42.128721]]]},"properties":{"comuna":"Cochamó","mancha_id":"10103-88cea32505fffff","clase":"Bajo","nivel_medio":0.918,"nivel_medio_min":0.521,"nivel_medio_max":1.492,"pct_alto":24.5,"n_hexagonos":3,"area_ha":193.31}},{"type":"Feature","geometry":{"type":"Polygon","coordinates":[[[-72.264291,-42.102316],[-72.262323,-42.10681],[-72.256604,-42.107966],[-72.254636,-42.11246],[-72.258388,-42.115798],[-72.256419,-42.120292],[-72.2507,-42.121447],[-72.246949,-42.118109],[-72.248917,-42.113616],[-72.245167,-42.110278],[-72.239449,-42.111433],[-72.23748,-42.115926],[-72.231761,-42.117081],[-72.228013,-42.113743],[-72.229982,-42.10925],[-72.2357,-42.108096],[-72.237669,-42.103603],[-72.243386,-42.102447],[-72.247136,-42.105785],[-72.252854,-42.104629],[-72.254822,-42.100135],[-72.26054,-42.098979],[-72.264291,-42.102316]]]},"properties":{"comuna":"Cochamó","mancha_id":"10103-88cea324a9fffff","clase":"Bajo","nivel_medio":0.97,"nivel_medio_min":0.596,"nivel_medio_max":1.193,"pct_alto":29.1,"n_hexagonos":5,"area_ha":322.73}},{"type":"Feature","geometry":{"type":"Polygon","coordinates":[[[-72.270009,-42.101159],[-72.271976,-42.096665],[-72.273337,-42.096389],[-72.273327,-42.096454],[-72.273358,-42.096899],[-72.273454,-42.09728],[-72.273708,-42.097597],[-72.274042,-42.09791],[-72.274208,-42.098179],[-72.274436,-42.098572],[-72.274412,-42.099079],[-72.273966,-42.099793],[-72.273698,-42.100359],[-72.273698,-42.100745],[-72.273698,-42.10137],[-72.273698,-42.101698],[-72.273698,-42.102412],[-72.273698,-42.102977],[-72.273728,-42.10375],[-72.273728,-42.104467],[-72.270009,-42.101159]]]},"properties":{"comuna":"Cochamó","mancha_id":"10103-88cea32487fffff","clase":"Bajo","nivel_medio":1.171,"nivel_medio_min":1.171,"nivel_medio_max":1.171,"pct_alto":3.0,"n_hexagonos":1,"area_ha":17.84}},{"type":"Feature","geometry":{"type":"Polygon","coordinates":[[[-72.212635,-42.125035],[-72.216383,-42.128374],[-72.222102,-42.12722],[-72.225851,-42.130559],[-72.22388,-42.135052],[-72.21816,-42.136205],[-72.216188,-42.140698],[-72.210468,-42.141851],[-72.20672,-42.138511],[-72.208692,-42.134019],[-72.204945,-42.13068],[-72.206917,-42.126188],[-72.212635,-42.125035]]]},"properties":{"comuna":"Cochamó","mancha_id":"10103-88cea32423fffff","clase":"Bajo","nivel_medio":1.26,"nivel_medio_min":1.197,"nivel_medio_max":1.323,"pct_alto":40.7,"n_hexagonos":3,"area_ha":193.57}},{"type":"Feature","geometry":{"type":"Polygon","coordinates":[[[-72.111702,-42.141249],[-72.109724,-42.145737],[-72.10948,-42.145785],[-72.109243,-42.145674],[-72.108196,-42.145508],[-72.106816,-42.145389],[-72.105531,-42.145412],[-72.104675,-42.145341],[-72.103413,-42.146079],[-72.103204,-42.146164],[-72.100271,-42.143542],[-72.10225,-42.139055],[-72.107965,-42.137908],[-72.111702,-42.141249]]]},"properties":{"comuna":"Cochamó","mancha_id":"10103-88cea320b7fffff","clase":"Bajo","nivel_medio":0.85,"nivel_medio_min":0.85,"nivel_medio_max":0.85,"pct_alto":27.8,"n_hexagonos":1,"area_ha":59.68}},{"type":"Feature","geometry":{"type":"Polygon","coordinates":[[[-72.167013,-41.672397],[-72.165056,-41.67688],[-72.159387,-41.678042],[-72.155677,-41.674722],[-72.157635,-41.67024],[-72.163303,-41.669077],[-72.167013,-41.672397]]]},"properties":{"comuna":"Cochamó","mancha_id":"10103-88ce85ba63fffff","clase":"Bajo","nivel_medio":1.166,"nivel_medio_min":1.166,"nivel_medio_max":1.166,"pct_alto":15.8,"n_hexagonos":1,"area_ha":64.18}},{"type":"Feature","geometry":{"type":"Polygon","coordinates":[[[-72.201023,-41.665415],[-72.199068,-41.669898],[-72.193399,-41.671063],[-72.189686,-41.667744],[-72.191641,-41.66326],[-72.19731,-41.662096],[-72.201023,-41.665415]]]},"properties":{"comuna":"Cochamó","mancha_id":"10103-88ce85ba1dfffff","clase":"Bajo","nivel_medio":1.451,"nivel_medio_min":1.451,"nivel_medio_max":1.451,"pct_alto":13.7,"n_hexagonos":1,"area_ha":64.21}},{"type":"Feature","geometry":{"type":"Polygon","coordinates":[[[-72.182262,-41.661105],[-72.180306,-41.665588],[-72.174638,-41.666752],[-72.170927,-41.663432],[-72.172884,-41.65895],[-72.17855,-41.657786],[-72.182262,-41.661105]]]},"properties":{"comuna":"Cochamó","mancha_id":"10103-88ce85ba07fffff","clase":"Bajo","nivel_medio":1.47,"nivel_medio_min":1.47,"nivel_medio_max":1.47,"pct_alto":14.0,"n_hexagonos":1,"area_ha":64.19}},{"type":"Feature","geometry":{"type":"Polygon","coordinates":[[[-72.185813,-41.558374],[-72.183861,-41.562855],[-72.178204,-41.564022],[-72.1745,-41.560707],[-72.176453,-41.556226],[-72.182109,-41.555059],[-72.185813,-41.558374]]]},"properties":{"comuna":"Cochamó","mancha_id":"10103-88ce85b999fffff","clase":"Bajo","nivel_medio":1.468,"nivel_medio_min":1.468,"nivel_medio_max":1.468,"pct_alto":0.2,"n_hexagonos":1,"area_ha":64.12}},{"type":"Feature","geometry":{"type":"Polygon","coordinates":[[[-72.16237,-41.612149],[-72.160414,-41.616631],[-72.154753,-41.617794],[-72.151047,-41.614477],[-72.153003,-41.609996],[-72.158664,-41.608832],[-72.16237,-41.612149]]]},"properties":{"comuna":"Cochamó","mancha_id":"10103-88ce85b805fffff","clase":"Bajo","nivel_medio":1.44,"nivel_medio_min":1.44,"nivel_medio_max":1.44,"pct_alto":2.9,"n_hexagonos":1,"area_ha":64.13}},{"type":"Feature","geometry":{"type":"Polygon","coordinates":[[[-72.44941,-41.6945],[-72.44963,-41.69465],[-72.44973,-41.69486],[-72.44965,-41.69495],[-72.4494,-41.69495],[-72.4493,-41.69489],[-72.4492,-41.69458],[-72.44926,-41.69449],[-72.44941,-41.6945]]]},"properties":{"comuna":"Cochamó","mancha_id":"10103-88ce85b759fffff","clase":"Bajo","nivel_medio":1.149,"nivel_medio_min":1.149,"nivel_medio_max":1.149,"pct_alto":4.4,"n_hexagonos":1,"area_ha":0.15}},{"type":"Feature","geometry":{"type":"Polygon","coordinates":[[[-72.44901,-41.69557],[-72.44936,-41.69564],[-72.44953,-41.69571],[-72.44964,-41.69571],[-72.45017,-41.69556],[-72.45043,-41.69552],[-72.45081,-41.69595],[-72.45082,-41.69612],[-72.45071,-41.69619],[-72.45031,-41.69621],[-72.45005,-41.69608],[-72.44982,-41.69601],[-72.44928,-41.69599],[-72.44898,-41.69586],[-72.4489,-41.69566],[-72.44896,-41.69558],[-72.44901,-41.69557]]]},"properties":{"comuna":"Cochamó","mancha_id":"10103-88ce85b759fffff-2","clase":"Bajo","nivel_medio":1.149,"nivel_medio_min":1.149,"nivel_medio_max":1.149,"pct_alto":4.4,"n_hexagonos":1,"area_ha":0.73}},{"type":"Feature","geometry":{"type":"Polygon","coordinates":[[[-72.45389,-41.69731],[-72.4539,-41.69747],[-72.45373,-41.69765],[-72.45364,-41.69769],[-72.45347,-41.69769],[-72.45311,-41.69759],[-72.45279,-41.69725],[-72.45194,-41.69657],[-72.45159,-41.69616],[-72.45147,-41.69598],[-72.45146,-41.69584],[-72.45171,-41.69582],[-72.45196,-41.69588],[-72.45257,-41.69623],[-72.45323,-41.69643],[-72.45352,-41.69667],[-72.45375,-41.69697],[-72.45389,-41.69731]]]},"properties":{"comuna":"Cochamó","mancha_id":"10103-88ce85b759fffff-3","clase":"Bajo","nivel_medio":1.149,"nivel_medio_min":1.149,"nivel_medio_max":1.149,"pct_alto":4.4,"n_hexagonos":1,"area_ha":1.82}},{"type":"Feature","geometry":{"type":"Polygon","coordinates":[[[-72.44072,-41.68935],[-72.44087,-41.6893],[-72.44112,-41.68933],[-72.441348,-41.689391],[-72.44138,-41.6894],[-72.4418,-41.68967],[-72.44184,-41.68972],[-72.44186,-41.68978],[-72.44181,-41.68989],[-72.44176,-41.68996],[-72.44171,-41.69],[-72.44163,-41.69],[-72.44138,-41.68994],[-72.44108,-41.68982],[-72.44105,-41.6898],[-72.44101,-41.68977],[-72.44093,-41.6897],[-72.44088,-41.68966],[-72.440745,-41.689516],[-72.44073,-41.6895],[-72.4407,-41.68946],[-72.44072,-41.68935]]]},"properties":{"comuna":"Cochamó","mancha_id":"10103-88ce85b755fffff","clase":"Bajo","nivel_medio":1.064,"nivel_medio_min":0.99,"nivel_medio_max":1.409,"pct_alto":2.4,"n_hexagonos":2,"area_ha":0.44}},{"type":"Feature","geometry":{"type":"Polygon","coordinates":[[[-72.425562,-41.70903],[-72.424928,-41.709161],[-72.424108,-41.708433],[-72.42446,-41.70857],[-72.425562,-41.70903]]]},"properties":{"comuna":"Cochamó","mancha_id":"10103-88ce85b749fffff","clase":"Bajo","nivel_medio":1.348,"nivel_medio_min":1.348,"nivel_medio_max":1.348,"pct_alto":0.1,"n_hexagonos":1,"area_ha":0.27}},{"type":"Feature","geometry":{"type":"Polygon","coordinates":[[[-72.43332,-41.67953],[-72.43331,-41.67964],[-72.43326,-41.67979],[-72.43327,-41.67988],[-72.43324,-41.67991],[-72.43308,-41.67991],[-72.433,-41.67989],[-72.43293,-41.67984],[-72.4328,-41.67978],[-72.43274,-41.67968],[-72.43273,-41.67962],[-72.43284,-41.67954],[-72.43307,-41.67943],[-72.43318,-41.67943],[-72.43321,-41.67946],[-72.43332,-41.67953]]]},"properties":{"comuna":"Cochamó","mancha_id":"10103-88ce85b709fffff","clase":"Bajo","nivel_medio":1.075,"nivel_medio_min":1.075,"nivel_medio_max":1.075,"pct_alto":0.0,"n_hexagonos":1,"area_ha":0.19}},{"type":"Feature","geometry":{"type":"Polygon","coordinates":[[[-72.43396,-41.68008],[-72.43407,-41.68011],[-72.43418,-41.68012],[-72.434228,-41.680108],[-72.436581,-41.682195],[-72.439641,-41.681561],[-72.43971,-41.68163],[-72.43979,-41.6818],[-72.4399,-41.68197],[-72.43995,-41.68213],[-72.44004,-41.6823],[-72.44015,-41.68248],[-72.44033,-41.68265],[-72.44046,-41.68281],[-72.44052,-41.68289],[-72.44055,-41.68294],[-72.44058,-41.68298],[-72.44061,-41.68316],[-72.44051,-41.6832],[-72.44029,-41.68325],[-72.44007,-41.68326],[-72.43985,-41.68325],[-72.43963,-41.68324],[-72.43941,-41.68319],[-72.43919,-41.68316],[-72.43897,-41.68314],[-72.43853,-41.68318],[-72.43842,-41.6832],[-72.43831,-41.6832],[-72.43809,-41.68316],[-72.43787,-41.68304],[-72.43767,-41.68298],[-72.43747,-41.68286],[-72.43725,-41.68274],[-72.43704,-41.68266],[-72.43683,-41.68258],[-72.43665,-41.68245],[-72.43657,-41.68241],[-72.436504,-41.682372],[-72.43645,-41.68234],[-72.43623,-41.68232],[-72.43601,-41.68234],[-72.43585,-41.68235],[-72.43579,-41.68234],[-72.43551,-41.68222],[-72.43546,-41.6822],[-72.4354,-41.68217],[-72.43532,-41.68214],[-72.43529,-41.68214],[-72.43526,-41.6821],[-72.43517,-41.68209],[-72.43511,-41.68203],[-72.43497,-41.68188],[-72.4349,-41.68174],[-72.43487,-41.68166],[-72.43482,-41.68164],[-72.43478,-41.68159],[-72.43469,-41.68153],[-72.43456,-41.68152],[-72.43434,-41.6815],[-72.43414,-41.68146],[-72.43409,-41.68143],[-72.43397,-41.68138],[-72.4338,-41.68115],[-72.43368,-41.681],[-72.43364,-41.68092],[-72.43357,-41.6808],[-72.43358,-41.68054],[-72.43372,-41.68041],[-72.4338,-41.68014],[-72.43386,-41.6801],[-72.43388,-41.68007],[-72.43396,-41.68008]]]},"properties":{"comuna":"Cochamó","mancha_id":"10103-88ce85b709fffff-2","clase":"Bajo","nivel_medio":1.299,"nivel_medio_min":1.075,"nivel_medio_max":1.409,"pct_alto":9.1,"n_hexagonos":2,"area_ha":6.48}},{"type":"Feature","geometry":{"type":"Polygon","coordinates":[[[-72.43623,-41.68282],[-72.43627,-41.68283],[-72.4363,-41.68283],[-72.436306,-41.682832],[-72.43646,-41.68288],[-72.43653,-41.68294],[-72.4366,-41.68302],[-72.43663,-41.68304],[-72.43667,-41.6831],[-72.43667,-41.68323],[-72.43664,-41.68323],[-72.43644,-41.68326],[-72.436124,-41.683253],[-72.436,-41.68325],[-72.43578,-41.68326],[-72.4356,-41.68324],[-72.43552,-41.68319],[-72.43532,-41.68302],[-72.43529,-41.68296],[-72.43536,-41.68287],[-72.43544,-41.68279],[-72.43555,-41.68276],[-72.43574,-41.68274],[-72.43593,-41.68274],[-72.43612,-41.68279],[-72.43623,-41.68282]]]},"properties":{"comuna":"Cochamó","mancha_id":"10103-88ce85b709fffff-3","clase":"Bajo","nivel_medio":1.188,"nivel_medio_min":1.075,"nivel_medio_max":1.409,"pct_alto":4.6,"n_hexagonos":2,"area_ha":0.51}},{"type":"Feature","geometry":{"type":"Polygon","coordinates":[[[-72.456,-41.69751],[-72.455889,-41.69739],[-72.45588,-41.69738],[-72.45564,-41.69709],[-72.4555,-41.69696],[-72.45539,-41.69681],[-72.45532,-41.69667],[-72.45523,-41.69652],[-72.45502,-41.69624],[-72.4549,-41.69613],[-72.45489,-41.69613],[-72.45485,-41.69611],[-72.45476,-41.69612],[-72.45474,-41.69615],[-72.45458,-41.69627],[-72.45455,-41.69629],[-72.4545,-41.69632],[-72.45442,-41.69644],[-72.45442,-41.69653],[-72.45426,-41.69656],[-72.4541,-41.6965],[-72.45398,-41.69644],[-72.45381,-41.69633],[-72.45367,-41.69628],[-72.45348,-41.69617],[-72.45331,-41.69607],[-72.45317,-41.69599],[-72.45306,-41.69597],[-72.45299,-41.69594],[-72.4528,-41.69588],[-72.45261,-41.69581],[-72.45243,-41.69572],[-72.45224,-41.69566],[-72.45187,-41.69551],[-72.45168,-41.69544],[-72.4515,-41.69539],[-72.45131,-41.69538],[-72.45112,-41.69535],[-72.45093,-41.69531],[-72.45084,-41.69527],[-72.45075,-41.69521],[-72.45056,-41.69512],[-72.45041,-41.69501],[-72.4503,-41.69493],[-72.45021,-41.69483],[-72.45007,-41.69471],[-72.44994,-41.69458],[-72.44966,-41.69429],[-72.44962,-41.69425],[-72.44959,-41.69422],[-72.44946,-41.6942],[-72.4494,-41.69418],[-72.44935,-41.69416],[-72.44928,-41.69415],[-72.44909,-41.6941],[-72.44871,-41.69407],[-72.44865,-41.69405],[-72.44853,-41.694],[-72.4485,-41.69398],[-72.44846,-41.69398],[-72.44847,-41.69382],[-72.44849,-41.69368],[-72.44849,-41.69362],[-72.44846,-41.69361],[-72.44843,-41.69355],[-72.44842,-41.69353],[-72.44839,-41.69349],[-72.44837,-41.69347],[-72.44826,-41.69345],[-72.44808,-41.69341],[-72.44789,-41.69336],[-72.44752,-41.69324],[-72.44736,-41.693173],[-72.44733,-41.69316],[-72.44718,-41.69306],[-72.4471,-41.693],[-72.44709,-41.69298],[-72.44701,-41.69292],[-72.44695,-41.69286],[-72.44681,-41.69274],[-72.44667,-41.69263],[-72.44652,-41.69252],[-72.4464,-41.69244],[-72.44632,-41.69235],[-72.44631,-41.69225],[-72.44636,-41.69223],[-72.44639,-41.6922],[-72.44641,-41.69214],[-72.4464,-41.6921],[-72.44635,-41.69207],[-72.44623,-41.69193],[-72.4462,-41.69192],[-72.44622,-41.69179],[-72.44621,-41.69165],[-72.44621,-41.69158],[-72.44615,-41.69153],[-72.44605,-41.6914],[-72.44592,-41.69126],[-72.44576,-41.69115],[-72.44563,-41.69107],[-72.44549,-41.69102],[-72.44532,-41.69092],[-72.44519,-41.69083],[-72.44503,-41.69073],[-72.44467,-41.69043],[-72.4445,-41.69032],[-72.44436,-41.69026],[-72.44417,-41.69023],[-72.44398,-41.69025],[-72.4436,-41.69032],[-72.44341,-41.69031],[-72.44335,-41.69029],[-72.44327,-41.69025],[-72.44316,-41.69021],[-72.44299,-41.69011],[-72.44287,-41.69003],[-72.44278,-41.68994],[-72.44266,-41.68982],[-72.44251,-41.68971],[-72.44214,-41.68942],[-72.44197,-41.68931],[-72.441925,-41.689272],[-72.44183,-41.68919],[-72.4417,-41.68908],[-72.44155,-41.68897],[-72.44142,-41.6889],[-72.44133,-41.68886],[-72.44086,-41.68879],[-72.44067,-41.68876],[-72.44029,-41.68878],[-72.4401,-41.68877],[-72.44005,-41.68875],[-72.43996,-41.68875],[-72.43991,-41.68872],[-72.43973,-41.68866],[-72.43954,-41.68856],[-72.43937,-41.68846],[-72.43923,-41.6884],[-72.43914,-41.68835],[-72.43905,-41.68835],[-72.43886,-41.68832],[-72.43867,-41.6883],[-72.43848,-41.68827],[-72.43844,-41.68824],[-72.43841,-41.68823],[-72.43834,-41.68821],[-72.4383,-41.68818],[-72.43822,-41.68815],[-72.43811,-41.68812],[-72.43792,-41.68806],[-72.43786,-41.68805],[-72.43782,-41.68798],[-72.43779,-41.68797],[-72.43779,-41.68795],[-72.43777,-41.68793],[-72.43776,-41.68789],[-72.43784,-41.68778],[-72.43791,-41.68766],[-72.43788,-41.6876],[-72.43782,-41.68755],[-72.4376,-41.68744],[-72.43743,-41.68737],[-72.43729,-41.68732],[-72.43714,-41.68727],[-72.43709,-41.68724],[-72.43708,-41.68719],[-72.43711,-41.68707],[-72.43709,-41.68697],[-72.43704,-41.68692],[-72.43704,-41.6869],[-72.43703,-41.68687],[-72.43703,-41.68665],[-72.43701,-41.6866],[-72.43699,-41.68654],[-72.43688,-41.68649],[-72.43682,-41.68648],[-72.43671,-41.68648],[-72.43663,-41.68652],[-72.4366,-41.68657],[-72.43653,-41.68659],[-72.43645,-41.68665],[-72.43628,-41.68668],[-72.43609,-41.68668],[-72.43607,-41.68666],[-72.43595,-41.68661],[-72.43592,-41.68659],[-72.43594,-41.68641],[-72.43596,-41.68632],[-72.43592,-41.68618],[-72.43587,-41.68615],[-72.43578,-41.68612],[-72.43566,-41.68604],[-72.43557,-41.68597],[-72.43543,-41.68581],[-72.43533,-41.68567],[-72.4352,-41.68554],[-72.435158,-41.685488],[-72.43508,-41.68539],[-72.43501,-41.68524],[-72.43497,-41.68509],[-72.43498,-41.68495],[-72.43501,-41.68482],[-72.43508,-41.68474],[-72.43511,-41.6847],[-72.43518,-41.68467],[-72.43532,-41.68464],[-72.43551,-41.68466],[-72.435516,-41.684661],[-72.4357,-41.68468],[-72.43588,-41.68467],[-72.43598,-41.68461],[-72.43597,-41.68451],[-72.43588,-41.68446],[-72.43572,-41.6844],[-72.435628,-41.6844],[-72.43555,-41.6844],[-72.43546,-41.68437],[-72.43539,-41.68434],[-72.43529,-41.68425],[-72.43526,-41.68414],[-72.43518,-41.68394],[-72.4351,-41.68389],[-72.43504,-41.68386],[-72.43504,-41.68375],[-72.43506,-41.68369],[-72.43512,-41.68366],[-72.43517,-41.68363],[-72.43532,-41.68354],[-72.43535,-41.68348],[-72.43552,-41.68349],[-72.43571,-41.68352],[-72.4359,-41.68352],[-72.435999,-41.683541],[-72.43609,-41.68356],[-72.43627,-41.68358],[-72.43646,-41.6836],[-72.43665,-41.68362],[-72.43684,-41.68361],[-72.43703,-41.68359],[-72.43722,-41.6836],[-72.4376,-41.68363],[-72.43778,-41.68367],[-72.43797,-41.6837],[-72.43816,-41.68374],[-72.43834,-41.6838],[-72.43853,-41.68385],[-72.43872,-41.68393],[-72.43873,-41.68393],[-72.43881,-41.68394],[-72.43891,-41.68395],[-72.43909,-41.684],[-72.43926,-41.68408],[-72.43943,-41.68413],[-72.43981,-41.68421],[-72.44,-41.68428],[-72.44018,-41.68434],[-72.44037,-41.6844],[-72.44056,-41.68445],[-72.44071,-41.68451],[-72.44087,-41.68456],[-72.44102,-41.68465],[-72.44118,-41.6847],[-72.44125,-41.68471],[-72.44136,-41.68473],[-72.44193,-41.68481],[-72.44211,-41.68485],[-72.4423,-41.68487],[-72.4426,-41.68495],[-72.44278,-41.68497],[-72.44284,-41.68496],[-72.4428,-41.68489],[-72.4427,-41.68483],[-72.44257,-41.68475],[-72.44248,-41.68472],[-72.44241,-41.68468],[-72.44234,-41.68467],[-72.44228,-41.68463],[-72.44225,-41.68462],[-72.44217,-41.68458],[-72.44216,-41.68455],[-72.44213,-41.6845],[-72.44212,-41.68441],[-72.4422,-41.68435],[-72.44223,-41.68432],[-72.44229,-41.68432],[-72.44252,-41.68429],[-72.44259,-41.6843],[-72.44267,-41.68433],[-72.44273,-41.68436],[-72.4431,-41.68458],[-72.44318,-41.68462],[-72.44329,-41.68461],[-72.44332,-41.68459],[-72.44354,-41.68455],[-72.44374,-41.68449],[-72.44399,-41.68446],[-72.44408,-41.68446],[-72.44421,-41.68452],[-72.44442,-41.6846],[-72.44486,-41.68463],[-72.44508,-41.68463],[-72.44519,-41.68467],[-72.4453,-41.68472],[-72.4455,-41.68483],[-72.4457,-41.68495],[-72.445728,-41.684969],[-72.44589,-41.68508],[-72.44593,-41.68515],[-72.44601,-41.68524],[-72.44612,-41.68546],[-72.44614,-41.68546],[-72.44615,-41.68551],[-72.44634,-41.68555],[-72.44656,-41.68558],[-72.44678,-41.68559],[-72.447,-41.68562],[-72.44722,-41.68563],[-72.44744,-41.68568],[-72.44748,-41.6857],[-72.44758,-41.68573],[-72.44761,-41.68574],[-72.44766,-41.68575],[-72.44831,-41.68598],[-72.44852,-41.68609],[-72.44874,-41.68619],[-72.44911,-41.68641],[-72.44931,-41.68652],[-72.44951,-41.68659],[-72.44973,-41.68667],[-72.44995,-41.6868],[-72.45014,-41.68692],[-72.45035,-41.68702],[-72.45056,-41.68712],[-72.45078,-41.68717],[-72.451,-41.6872],[-72.45109,-41.68722],[-72.45122,-41.6873],[-72.45143,-41.6874],[-72.45165,-41.6874],[-72.45188,-41.68737],[-72.45203,-41.68736],[-72.45207,-41.68734],[-72.4521,-41.68731],[-72.45212,-41.6873],[-72.45215,-41.68728],[-72.45184,-41.68715],[-72.45173,-41.68713],[-72.45154,-41.68708],[-72.4512,-41.68695],[-72.45104,-41.68689],[-72.45089,-41.68682],[-72.45074,-41.68673],[-72.45058,-41.68663],[-72.4504,-41.68656],[-72.45024,-41.68646],[-72.45009,-41.68637],[-72.44993,-41.6863],[-72.44978,-41.68625],[-72.44964,-41.68616],[-72.4495,-41.68609],[-72.44933,-41.686],[-72.44918,-41.68589],[-72.44901,-41.68581],[-72.4487,-41.68561],[-72.44855,-41.68553],[-72.44852,-41.6855],[-72.44836,-41.68545],[-72.44825,-41.6854],[-72.44811,-41.68536],[-72.44792,-41.68532],[-72.4477,-41.68533],[-72.44755,-41.68534],[-72.4474,-41.68532],[-72.44734,-41.68532],[-72.44733,-41.6853],[-72.44725,-41.68527],[-72.44717,-41.68521],[-72.4471,-41.68517],[-72.44691,-41.68508],[-72.44674,-41.685],[-72.44659,-41.68493],[-72.44643,-41.68482],[-72.44629,-41.68472],[-72.44616,-41.68465],[-72.44597,-41.68458],[-72.445907,-41.684557],[-72.44578,-41.68451],[-72.44561,-41.68443],[-72.44544,-41.68433],[-72.44513,-41.68419],[-72.44495,-41.68413],[-72.44476,-41.68412],[-72.44438,-41.68404],[-72.44434,-41.684],[-72.44431,-41.68399],[-72.44423,-41.68394],[-72.44408,-41.68383],[-72.44394,-41.68376],[-72.44392,-41.68375],[-72.44377,-41.68368],[-72.44358,-41.68367],[-72.44346,-41.68381],[-72.44335,-41.68382],[-72.44323,-41.68383],[-72.44313,-41.68383],[-72.44291,-41.68387],[-72.44263,-41.68381],[-72.4425,-41.68377],[-72.44237,-41.68369],[-72.44224,-41.68358],[-72.44211,-41.68347],[-72.44192,-41.68331],[-72.44177,-41.68314],[-72.44167,-41.68295],[-72.44158,-41.68278],[-72.44153,-41.68262],[-72.44144,-41.68245],[-72.44137,-41.68228],[-72.44128,-41.68212],[-72.44117,-41.68195],[-72.44114,-41.68194],[-72.44113,-41.68189],[-72.44107,-41.68188],[-72.44104,-41.68186],[-72.44096,-41.68183],[-72.44079,-41.68175],[-72.4406,-41.6817],[-72.44043,-41.68163],[-72.44042,-41.68161],[-72.44032,-41.68158],[-72.44026,-41.68153],[-72.440145,-41.681456],[-72.442262,-41.681017],[-72.446003,-41.684334],[-72.451042,-41.683289],[-72.45109,-41.6833],[-72.45122,-41.68331],[-72.45131,-41.68328],[-72.451758,-41.68322],[-72.455427,-41.686472],[-72.458577,-41.685819],[-72.45865,-41.68586],[-72.45901,-41.6861],[-72.45912,-41.68624],[-72.45915,-41.68624],[-72.45913,-41.68639],[-72.45908,-41.68644],[-72.45906,-41.68648],[-72.45893,-41.68662],[-72.4588,-41.68664],[-72.45871,-41.68666],[-72.45868,-41.68668],[-72.45853,-41.68673],[-72.45848,-41.68689],[-72.45847,-41.68699],[-72.4585,-41.6872],[-72.45853,-41.68728],[-72.45854,-41.68734],[-72.45863,-41.68748],[-72.45876,-41.68763],[-72.45903,-41.68806],[-72.45909,-41.6882],[-72.45916,-41.68829],[-72.45922,-41.68835],[-72.45929,-41.68836],[-72.45933,-41.6884],[-72.45941,-41.68843],[-72.45945,-41.68865],[-72.45951,-41.68871],[-72.45957,-41.68877],[-72.45955,-41.68892],[-72.45945,-41.68901],[-72.4594,-41.68904],[-72.45928,-41.68903],[-72.45906,-41.68905],[-72.45888,-41.68904],[-72.45884,-41.689],[-72.4587,-41.68894],[-72.45867,-41.68893],[-72.4585,-41.68883],[-72.45834,-41.68874],[-72.45819,-41.6887],[-72.45804,-41.68867],[-72.458,-41.68866],[-72.45781,-41.68867],[-72.45762,-41.68869],[-72.4574,-41.68873],[-72.45718,-41.68875],[-72.45695,-41.68878],[-72.45674,-41.68877],[-72.45652,-41.68872],[-72.45633,-41.68869],[-72.45614,-41.68863],[-72.45595,-41.68863],[-72.45592,-41.68865],[-72.45586,-41.68867],[-72.45578,-41.68869],[-72.45582,-41.68882],[-72.45588,-41.68886],[-72.45597,-41.68896],[-72.45614,-41.68911],[-72.45631,-41.68923],[-72.45646,-41.6893],[-72.45686,-41.68955],[-72.45703,-41.68967],[-72.4572,-41.68981],[-72.45735,-41.68994],[-72.4575,-41.69005],[-72.45772,-41.69013],[-72.45783,-41.69015],[-72.45794,-41.69017],[-72.4586,-41.69026],[-72.45882,-41.69031],[-72.45903,-41.69037],[-72.45925,-41.69045],[-72.45928,-41.69046],[-72.45941,-41.69054],[-72.45956,-41.69072],[-72.45968,-41.69088],[-72.45981,-41.69109],[-72.45988,-41.69121],[-72.45994,-41.69127],[-72.45994,-41.69132],[-72.45992,-41.69146],[-72.45993,-41.6916],[-72.45995,-41.69161],[-72.45996,-41.69163],[-72.45998,-41.69167],[-72.46002,-41.69171],[-72.46005,-41.69174],[-72.46032,-41.69186],[-72.46056,-41.69192],[-72.46064,-41.69196],[-72.46066,-41.69196],[-72.4607,-41.69197],[-72.46077,-41.69198],[-72.46086,-41.692],[-72.46108,-41.69207],[-72.46114,-41.69213],[-72.46118,-41.69218],[-72.46125,-41.69223],[-72.46146,-41.69244],[-72.46162,-41.69265],[-72.46152,-41.69274],[-72.46152,-41.69276],[-72.4613,-41.69279],[-72.46108,-41.69283],[-72.46106,-41.69283],[-72.46095,-41.69285],[-72.46089,-41.69293],[-72.4609,-41.69312],[-72.46105,-41.69325],[-72.46117,-41.69334],[-72.461259,-41.693449],[-72.46126,-41.69345],[-72.46127,-41.69359],[-72.46139,-41.69383],[-72.46142,-41.69384],[-72.46143,-41.69388],[-72.46149,-41.69395],[-72.4616,-41.69404],[-72.46177,-41.69418],[-72.46192,-41.69433],[-72.46201,-41.69445],[-72.462,-41.69457],[-72.46195,-41.69469],[-72.46187,-41.69474],[-72.46185,-41.69476],[-72.46181,-41.69477],[-72.46176,-41.69479],[-72.46157,-41.69483],[-72.46144,-41.69484],[-72.46143,-41.69486],[-72.46139,-41.69491],[-72.46145,-41.69516],[-72.46147,-41.69521],[-72.46155,-41.69522],[-72.4616,-41.69527],[-72.46178,-41.69542],[-72.46192,-41.69552],[-72.46207,-41.69563],[-72.4622,-41.69572],[-72.46232,-41.69581],[-72.46242,-41.69589],[-72.46253,-41.69594],[-72.46272,-41.69603],[-72.46306,-41.69618],[-72.46325,-41.69625],[-72.46342,-41.69633],[-72.46343,-41.69635],[-72.46348,-41.69636],[-72.46348,-41.69641],[-72.46354,-41.69645],[-72.46357,-41.69651],[-72.46364,-41.69656],[-72.46366,-41.69657],[-72.46381,-41.69667],[-72.46383,-41.69668],[-72.46398,-41.69668],[-72.46436,-41.69671],[-72.46455,-41.69675],[-72.46463,-41.69678],[-72.46467,-41.69684],[-72.46481,-41.69695],[-72.46499,-41.69719],[-72.465,-41.69719],[-72.4651,-41.69726],[-72.46513,-41.69727],[-72.46528,-41.69736],[-72.4654,-41.69748],[-72.46546,-41.6976],[-72.46555,-41.69772],[-72.46567,-41.69783],[-72.46569,-41.69784],[-72.46572,-41.69785],[-72.46573,-41.69789],[-72.46589,-41.69792],[-72.465995,-41.697959],[-72.464717,-41.700919],[-72.468462,-41.704236],[-72.474147,-41.703057],[-72.475554,-41.699797],[-72.47562,-41.6998],[-72.47599,-41.6998],[-72.47618,-41.69979],[-72.47637,-41.69979],[-72.47656,-41.69977],[-72.47694,-41.69978],[-72.47732,-41.69983],[-72.4775,-41.69984],[-72.47769,-41.69989],[-72.47788,-41.69993],[-72.47807,-41.69996],[-72.47826,-41.69997],[-72.47844,-41.69998],[-72.47852,-41.69999],[-72.47855,-41.70001],[-72.47863,-41.70004],[-72.47882,-41.7001],[-72.47899,-41.7002],[-72.47916,-41.70026],[-72.4795,-41.70041],[-72.47965,-41.70049],[-72.47979,-41.70058],[-72.47991,-41.70071],[-72.47993,-41.70075],[-72.47991,-41.70081],[-72.47986,-41.70085],[-72.47978,-41.70089],[-72.4797,-41.70089],[-72.47964,-41.70094],[-72.47957,-41.70093],[-72.47938,-41.70094],[-72.47919,-41.70093],[-72.47901,-41.7009],[-72.47882,-41.70086],[-72.47863,-41.70083],[-72.47844,-41.70084],[-72.47836,-41.70085],[-72.4783,-41.70089],[-72.47827,-41.70091],[-72.47822,-41.70092],[-72.47823,-41.70098],[-72.47826,-41.70105],[-72.47837,-41.70116],[-72.47852,-41.70132],[-72.47852,-41.70135],[-72.47859,-41.70138],[-72.47859,-41.70141],[-72.47873,-41.70144],[-72.47884,-41.70146],[-72.47892,-41.70151],[-72.47909,-41.70158],[-72.47926,-41.70167],[-72.47938,-41.70177],[-72.47946,-41.70188],[-72.47947,-41.70199],[-72.47945,-41.70254],[-72.47941,-41.70268],[-72.47934,-41.70282],[-72.47924,-41.7031],[-72.47917,-41.70324],[-72.47908,-41.70338],[-72.47898,-41.70351],[-72.4789,-41.70354],[-72.47881,-41.70363],[-72.47877,-41.70364],[-72.47839,-41.7038],[-72.47823,-41.7039],[-72.47821,-41.7039],[-72.47829,-41.70405],[-72.47832,-41.70406],[-72.47835,-41.70411],[-72.47839,-41.70414],[-72.47842,-41.70416],[-72.47853,-41.70418],[-72.47872,-41.70425],[-72.47877,-41.70426],[-72.47881,-41.70431],[-72.47884,-41.70434],[-72.47884,-41.70435],[-72.4789,-41.70447],[-72.47887,-41.70451],[-72.47875,-41.70461],[-72.47866,-41.70465],[-72.47851,-41.7047],[-72.4785,-41.70469],[-72.47843,-41.70483],[-72.47838,-41.70497],[-72.47824,-41.70508],[-72.47813,-41.70514],[-72.47802,-41.70522],[-72.47791,-41.70525],[-72.47783,-41.70528],[-72.47778,-41.7053],[-72.47754,-41.70535],[-72.47716,-41.70539],[-72.476838,-41.705441],[-72.47678,-41.70545],[-72.47667,-41.70549],[-72.47661,-41.7055],[-72.47659,-41.70552],[-72.47657,-41.70553],[-72.47646,-41.70553],[-72.4764,-41.70556],[-72.47626,-41.70558],[-72.47602,-41.70564],[-72.47583,-41.70569],[-72.47559,-41.70581],[-72.47557,-41.70586],[-72.47552,-41.70591],[-72.47534,-41.70608],[-72.47518,-41.70613],[-72.47499,-41.70615],[-72.4748,-41.70618],[-72.47461,-41.70623],[-72.47442,-41.70631],[-72.47422,-41.70634],[-72.47408,-41.70634],[-72.47404,-41.70631],[-72.47396,-41.7063],[-72.47393,-41.70629],[-72.47385,-41.70626],[-72.47366,-41.70619],[-72.47348,-41.70613],[-72.47329,-41.70605],[-72.47311,-41.70596],[-72.47292,-41.70587],[-72.47273,-41.70579],[-72.47236,-41.70562],[-72.47218,-41.70554],[-72.4718,-41.70544],[-72.47162,-41.70536],[-72.47143,-41.70531],[-72.47124,-41.70524],[-72.47105,-41.70521],[-72.47087,-41.70514],[-72.47068,-41.70507],[-72.47031,-41.70497],[-72.47012,-41.70493],[-72.46993,-41.7049],[-72.46974,-41.7049],[-72.46968,-41.70491],[-72.4696,-41.70498],[-72.46955,-41.70501],[-72.46953,-41.70506],[-72.46942,-41.70508],[-72.46937,-41.70509],[-72.4692,-41.70513],[-72.46901,-41.70514],[-72.46896,-41.70512],[-72.46887,-41.70511],[-72.46884,-41.70509],[-72.46875,-41.70504],[-72.46871,-41.70503],[-72.46864,-41.70499],[-72.46833,-41.70487],[-72.468208,-41.704825],[-72.46814,-41.7048],[-72.46795,-41.70475],[-72.46792,-41.70474],[-72.46783,-41.70471],[-72.46777,-41.70467],[-72.46769,-41.70466],[-72.46763,-41.70464],[-72.46758,-41.7046],[-72.46757,-41.7046],[-72.4675,-41.70458],[-72.46739,-41.70454],[-72.46702,-41.70448],[-72.46656,-41.70447],[-72.46653,-41.70444],[-72.46645,-41.70442],[-72.46627,-41.70436],[-72.46611,-41.70425],[-72.46599,-41.70419],[-72.46582,-41.70408],[-72.46568,-41.70401],[-72.46551,-41.70391],[-72.46537,-41.70383],[-72.46519,-41.70375],[-72.465,-41.70367],[-72.46482,-41.70358],[-72.46468,-41.70348],[-72.46447,-41.70322],[-72.46433,-41.70309],[-72.464,-41.70282],[-72.46383,-41.7027],[-72.46361,-41.70253],[-72.46349,-41.70246],[-72.46337,-41.70237],[-72.46323,-41.70231],[-72.46306,-41.70221],[-72.46292,-41.70214],[-72.46275,-41.70203],[-72.46261,-41.70195],[-72.46243,-41.70187],[-72.46224,-41.70177],[-72.46206,-41.70168],[-72.46171,-41.701542],[-72.4615,-41.70146],[-72.46131,-41.70139],[-72.46094,-41.70124],[-72.46057,-41.70105],[-72.46038,-41.70097],[-72.4602,-41.70091],[-72.46001,-41.70081],[-72.45986,-41.70071],[-72.45955,-41.70059],[-72.45936,-41.7005],[-72.45921,-41.70039],[-72.45908,-41.70032],[-72.45871,-41.70021],[-72.45854,-41.70013],[-72.45828,-41.69992],[-72.4581,-41.69981],[-72.45782,-41.69959],[-72.45764,-41.69949],[-72.45748,-41.69938],[-72.45738,-41.6993],[-72.45728,-41.6992],[-72.45715,-41.69907],[-72.45703,-41.69893],[-72.45691,-41.69876],[-72.4568,-41.69861],[-72.45673,-41.69847],[-72.45663,-41.69833],[-72.45645,-41.69804],[-72.45621,-41.6978],[-72.45609,-41.69765],[-72.456,-41.69751]]]},"properties":{"comuna":"Cochamó","mancha_id":"10103-88ce85b665fffff","clase":"Bajo","nivel_medio":1.315,"nivel_medio_min":0.99,"nivel_medio_max":1.448,"pct_alto":4.2,"n_hexagonos":10,"area_ha":261.91}},{"type":"Feature","geometry":{"type":"Polygon","coordinates":[[[-72.519772,-41.693584],[-72.525319,-41.692431],[-72.527255,-41.687932],[-72.532941,-41.68675],[-72.536692,-41.690065],[-72.542379,-41.688882],[-72.546131,-41.692198],[-72.551818,-41.691014],[-72.555572,-41.69433],[-72.553637,-41.69883],[-72.557391,-41.702146],[-72.56308,-41.700962],[-72.566835,-41.704278],[-72.564901,-41.708778],[-72.568657,-41.712095],[-72.574348,-41.71091],[-72.576232,-41.712573],[-72.57621,-41.71259],[-72.57624,-41.71275],[-72.5763,-41.71287],[-72.57632,-41.71297],[-72.57624,-41.71303],[-72.57614,-41.71306],[-72.57598,-41.71304],[-72.5759,-41.71296],[-72.57579,-41.71282],[-72.57573,-41.71277],[-72.57561,-41.71276],[-72.57548,-41.71284],[-72.57534,-41.71287],[-72.57521,-41.71287],[-72.57512,-41.71282],[-72.57504,-41.71278],[-72.57481,-41.71277],[-72.57468,-41.7128],[-72.57458,-41.71288],[-72.57455,-41.71305],[-72.57456,-41.7132],[-72.57461,-41.71358],[-72.57456,-41.7138],[-72.57449,-41.71395],[-72.57428,-41.71408],[-72.57417,-41.71412],[-72.57381,-41.71416],[-72.57351,-41.71407],[-72.57336,-41.71406],[-72.57321,-41.7141],[-72.5731,-41.71415],[-72.57293,-41.71416],[-72.57279,-41.71407],[-72.57273,-41.714],[-72.57263,-41.71397],[-72.57247,-41.71396],[-72.57235,-41.71404],[-72.57225,-41.71415],[-72.57212,-41.71427],[-72.57198,-41.7143],[-72.5717,-41.7143],[-72.57132,-41.71423],[-72.5709,-41.71415],[-72.57054,-41.71401],[-72.57023,-41.7139],[-72.56997,-41.71382],[-72.5698,-41.71385],[-72.5699,-41.71395],[-72.57009,-41.71404],[-72.57034,-41.71416],[-72.5706,-41.71423],[-72.57077,-41.71428],[-72.57088,-41.71436],[-72.57089,-41.71449],[-72.57082,-41.71459],[-72.57068,-41.71466],[-72.57043,-41.71467],[-72.57003,-41.71461],[-72.56975,-41.71456],[-72.56957,-41.71448],[-72.56944,-41.71439],[-72.56929,-41.71425],[-72.5692,-41.71414],[-72.56908,-41.71405],[-72.56893,-41.71406],[-72.56881,-41.71406],[-72.56867,-41.71407],[-72.56852,-41.71407],[-72.56837,-41.71406],[-72.5683,-41.71398],[-72.56823,-41.71388],[-72.56821,-41.71376],[-72.56816,-41.71366],[-72.56807,-41.71357],[-72.568029,-41.713555],[-72.56796,-41.71353],[-72.5678,-41.7135],[-72.56761,-41.71349],[-72.56746,-41.71347],[-72.5673,-41.71338],[-72.56719,-41.71331],[-72.56712,-41.71328],[-72.567,-41.71329],[-72.56694,-41.71333],[-72.56682,-41.71339],[-72.56667,-41.71352],[-72.5665,-41.71361],[-72.56624,-41.71361],[-72.56589,-41.71358],[-72.56539,-41.71346],[-72.56503,-41.71336],[-72.56478,-41.71322],[-72.56447,-41.71306],[-72.56413,-41.7129],[-72.56376,-41.71283],[-72.56331,-41.71281],[-72.56282,-41.71277],[-72.56235,-41.71268],[-72.56205,-41.71258],[-72.56173,-41.71251],[-72.56136,-41.71248],[-72.56107,-41.7124],[-72.56079,-41.7123],[-72.56058,-41.71219],[-72.56037,-41.71198],[-72.56026,-41.71182],[-72.56017,-41.7117],[-72.56004,-41.71161],[-72.55989,-41.71155],[-72.55975,-41.711565],[-72.55963,-41.71169],[-72.55957,-41.71184],[-72.55946,-41.71196],[-72.55917,-41.71206],[-72.55886,-41.7121],[-72.55835,-41.71215],[-72.558271,-41.71215],[-72.55795,-41.71215],[-72.55747,-41.71205],[-72.5568,-41.71182],[-72.55647,-41.71175],[-72.55625,-41.71175],[-72.55604,-41.71178],[-72.55578,-41.71187],[-72.55556,-41.71196],[-72.55538,-41.71197],[-72.55509,-41.71189],[-72.55489,-41.71174],[-72.55473,-41.71157],[-72.55456,-41.71147],[-72.55432,-41.7114],[-72.55405,-41.71139],[-72.55385,-41.71133],[-72.55368,-41.71115],[-72.55357,-41.71094],[-72.55349,-41.71072],[-72.5533,-41.71048],[-72.55315,-41.71037],[-72.55308,-41.71032],[-72.55275,-41.71016],[-72.55239,-41.70998],[-72.5518,-41.70946],[-72.55148,-41.70925],[-72.55124,-41.70907],[-72.55106,-41.70899],[-72.55086,-41.70897],[-72.55066,-41.70899],[-72.55054,-41.70912],[-72.55056,-41.70929],[-72.55054,-41.70949],[-72.55045,-41.70955],[-72.55027,-41.70957],[-72.55008,-41.70952],[-72.54988,-41.70946],[-72.54967,-41.70949],[-72.54955,-41.70955],[-72.54928,-41.70962],[-72.5491,-41.70963],[-72.549001,-41.709611],[-72.549767,-41.707829],[-72.546014,-41.704513],[-72.541065,-41.705542],[-72.54106,-41.70553],[-72.54087,-41.70526],[-72.5406,-41.70496],[-72.54055,-41.70476],[-72.54051,-41.70462],[-72.54039,-41.70449],[-72.5402,-41.70439],[-72.54005,-41.70428],[-72.54002,-41.70421],[-72.54,-41.70413],[-72.53999,-41.70393],[-72.54003,-41.70372],[-72.54001,-41.70366],[-72.53997,-41.70357],[-72.53985,-41.70344],[-72.53966,-41.70338],[-72.53949,-41.70333],[-72.53928,-41.70332],[-72.53918,-41.70335],[-72.53912,-41.70347],[-72.5391,-41.70357],[-72.5391,-41.70376],[-72.53907,-41.70384],[-72.53902,-41.70392],[-72.5389,-41.70398],[-72.53876,-41.70399],[-72.53845,-41.70392],[-72.53827,-41.70386],[-72.538235,-41.703848],[-72.53803,-41.70378],[-72.53788,-41.70373],[-72.53779,-41.70371],[-72.53766,-41.70375],[-72.53756,-41.70383],[-72.53752,-41.70395],[-72.53742,-41.704],[-72.53729,-41.70401],[-72.53713,-41.70394],[-72.53703,-41.70391],[-72.53681,-41.70394],[-72.53664,-41.70401],[-72.53646,-41.70414],[-72.53634,-41.70419],[-72.53623,-41.7042],[-72.53611,-41.70415],[-72.53596,-41.70405],[-72.53581,-41.70388],[-72.53575,-41.7037],[-72.53549,-41.70347],[-72.53515,-41.70331],[-72.53491,-41.70315],[-72.5347,-41.70299],[-72.53457,-41.70289],[-72.534468,-41.702817],[-72.53443,-41.70279],[-72.53423,-41.70277],[-72.5341,-41.70287],[-72.534098,-41.702894],[-72.53409,-41.70299],[-72.53405,-41.70315],[-72.53371,-41.70315],[-72.533438,-41.703031],[-72.53339,-41.70301],[-72.53308,-41.70276],[-72.53282,-41.70253],[-72.53251,-41.70232],[-72.53203,-41.702],[-72.53115,-41.70147],[-72.53069,-41.70117],[-72.53037,-41.70097],[-72.53006,-41.70086],[-72.52978,-41.70079],[-72.52944,-41.70059],[-72.52833,-41.69976],[-72.52804,-41.69948],[-72.527646,-41.699055],[-72.52727,-41.69865],[-72.52703,-41.69841],[-72.52686,-41.69827],[-72.52674,-41.69807],[-72.52655,-41.69784],[-72.52631,-41.69766],[-72.52613,-41.69759],[-72.52591,-41.69757],[-72.52547,-41.69759],[-72.52519,-41.6976],[-72.52487,-41.69767],[-72.52457,-41.69777],[-72.52437,-41.69792],[-72.52414,-41.69803],[-72.52394,-41.69805],[-72.52369,-41.69804],[-72.52321,-41.69769],[-72.52266,-41.69718],[-72.52225,-41.69679],[-72.52188,-41.69644],[-72.52156,-41.69621],[-72.52121,-41.69605],[-72.52088,-41.69575],[-72.52063,-41.6954],[-72.5206,-41.69514],[-72.52071,-41.69493],[-72.52073,-41.69476],[-72.52056,-41.69453],[-72.52024,-41.69419],[-72.51993,-41.69381],[-72.519772,-41.693584]]]},"properties":{"comuna":"Cochamó","mancha_id":"10103-88ce85b653fffff","clase":"Bajo","nivel_medio":1.084,"nivel_medio_min":0.997,"nivel_medio_max":1.217,"pct_alto":1.3,"n_hexagonos":12,"area_ha":549.45}},{"type":"Feature","geometry":{"type":"Polygon","coordinates":[[[-72.490943,-41.724142],[-72.487195,-41.720824],[-72.487315,-41.720545],[-72.48753,-41.72062],[-72.48783,-41.72061],[-72.48799,-41.72058],[-72.48816,-41.72053],[-72.48827,-41.72057],[-72.48841,-41.7207],[-72.48844,-41.72083],[-72.48843,-41.72116],[-72.48843,-41.72141],[-72.48846,-41.72152],[-72.48854,-41.72154],[-72.48863,-41.72145],[-72.48872,-41.72126],[-72.48886,-41.72097],[-72.48899,-41.72089],[-72.48912,-41.72087],[-72.48931,-41.72094],[-72.48938,-41.72109],[-72.4894,-41.7214],[-72.48945,-41.72153],[-72.48961,-41.72162],[-72.48976,-41.72169],[-72.4897,-41.72177],[-72.48956,-41.72191],[-72.48955,-41.72203],[-72.48964,-41.72213],[-72.48978,-41.72217],[-72.49002,-41.72218],[-72.4902,-41.72222],[-72.49033,-41.72234],[-72.49055,-41.72247],[-72.49087,-41.72257],[-72.49099,-41.72266],[-72.49098,-41.72295],[-72.49112,-41.72313],[-72.49117,-41.72326],[-72.49128,-41.72334],[-72.49142,-41.72339],[-72.4918,-41.72347],[-72.49214,-41.72362],[-72.49228,-41.72377],[-72.49228,-41.723865],[-72.490943,-41.724142]]]},"properties":{"comuna":"Cochamó","mancha_id":"10103-88ce85b649fffff","clase":"Bajo","nivel_medio":1.071,"nivel_medio_min":1.071,"nivel_medio_max":1.071,"pct_alto":21.0,"n_hexagonos":1,"area_ha":4.5}},{"type":"Feature","geometry":{"type":"Polygon","coordinates":[[[-72.416827,-41.596303],[-72.414887,-41.600795],[-72.409216,-41.601974],[-72.405485,-41.59866],[-72.407424,-41.594168],[-72.413095,-41.59299],[-72.416827,-41.596303]]]},"properties":{"comuna":"Cochamó","mancha_id":"10103-88ce85b535fffff","clase":"Bajo","nivel_medio":1.401,"nivel_medio_min":1.401,"nivel_medio_max":1.401,"pct_alto":14.6,"n_hexagonos":1,"area_ha":64.41}},{"type":"Feature","geometry":{"type":"Polygon","coordinates":[[[-72.392202,-41.605507],[-72.390261,-41.609998],[-72.384589,-41.611174],[-72.38086,-41.60786],[-72.382802,-41.603369],[-72.388472,-41.602193],[-72.392202,-41.605507]]]},"properties":{"comuna":"Cochamó","mancha_id":"10103-88ce85b525fffff","clase":"Bajo","nivel_medio":1.378,"nivel_medio_min":1.378,"nivel_medio_max":1.378,"pct_alto":3.8,"n_hexagonos":1,"area_ha":64.39}},{"type":"Feature","geometry":{"type":"Polygon","coordinates":[[[-72.485911,-41.66377],[-72.483973,-41.668267],[-72.478291,-41.669447],[-72.474548,-41.666131],[-72.476486,-41.661636],[-72.482167,-41.660455],[-72.485911,-41.66377]]]},"properties":{"comuna":"Cochamó","mancha_id":"10103-88ce85b449fffff","clase":"Bajo","nivel_medio":1.238,"nivel_medio_min":1.238,"nivel_medio_max":1.238,"pct_alto":13.4,"n_hexagonos":1,"area_ha":64.54}},{"type":"Feature","geometry":{"type":"Polygon","coordinates":[[[-72.467469,-41.622586],[-72.473145,-41.621405],[-72.473292,-41.621535],[-72.47365,-41.622],[-72.47395,-41.62288],[-72.474044,-41.623646],[-72.474234,-41.624159],[-72.474519,-41.624501],[-72.474994,-41.624805],[-72.475526,-41.624957],[-72.476267,-41.625014],[-72.476764,-41.625001],[-72.474948,-41.629214],[-72.469271,-41.630395],[-72.465531,-41.627081],[-72.467469,-41.622586]]]},"properties":{"comuna":"Cochamó","mancha_id":"10103-88ce85b42bfffff","clase":"Bajo","nivel_medio":1.278,"nivel_medio_min":1.278,"nivel_medio_max":1.278,"pct_alto":15.3,"n_hexagonos":1,"area_ha":60.81}},{"type":"Feature","geometry":{"type":"Polygon","coordinates":[[[-72.233907,-41.732169],[-72.231952,-41.736656],[-72.226274,-41.73782],[-72.222553,-41.734498],[-72.224509,-41.730012],[-72.230185,-41.728848],[-72.233907,-41.732169]]]},"properties":{"comuna":"Cochamó","mancha_id":"10103-88ce85b32dfffff","clase":"Bajo","nivel_medio":1.469,"nivel_medio_min":1.469,"nivel_medio_max":1.469,"pct_alto":39.9,"n_hexagonos":1,"area_ha":64.29}},{"type":"Feature","geometry":{"type":"Polygon","coordinates":[[[-72.303083,-41.644392],[-72.301135,-41.64888],[-72.295463,-41.65005],[-72.293514,-41.654538],[-72.287843,-41.655708],[-72.284121,-41.652391],[-72.28607,-41.647903],[-72.291741,-41.646733],[-72.293689,-41.642246],[-72.29936,-41.641075],[-72.303083,-41.644392]]]},"properties":{"comuna":"Cochamó","mancha_id":"10103-88ce85b181fffff","clase":"Bajo","nivel_medio":1.428,"nivel_medio_min":1.355,"nivel_medio_max":1.5,"pct_alto":14.2,"n_hexagonos":2,"area_ha":128.62}},{"type":"Feature","geometry":{"type":"Polygon","coordinates":[[[-72.422593,-41.427538],[-72.42066,-41.432028],[-72.415006,-41.433211],[-72.411286,-41.429904],[-72.413219,-41.425416],[-72.418872,-41.424232],[-72.422593,-41.427538]]]},"properties":{"comuna":"Cochamó","mancha_id":"10103-88ce85aeebfffff","clase":"Bajo","nivel_medio":1.333,"nivel_medio_min":1.333,"nivel_medio_max":1.333,"pct_alto":30.7,"n_hexagonos":1,"area_ha":64.31}},{"type":"Feature","geometry":{"type":"Polygon","coordinates":[[[-72.386432,-41.463688],[-72.392088,-41.462508],[-72.394504,-41.464656],[-72.39404,-41.4651],[-72.39328,-41.4656],[-72.392712,-41.466042],[-72.392029,-41.466724],[-72.391613,-41.467437],[-72.39103,-41.46813],[-72.38961,-41.46929],[-72.387383,-41.470745],[-72.384495,-41.468177],[-72.386432,-41.463688]]]},"properties":{"comuna":"Cochamó","mancha_id":"10103-88ce85ae55fffff","clase":"Bajo","nivel_medio":1.378,"nivel_medio_min":1.378,"nivel_medio_max":1.378,"pct_alto":45.8,"n_hexagonos":1,"area_ha":42.5}},{"type":"Feature","geometry":{"type":"Polygon","coordinates":[[[-72.399829,-41.444553],[-72.405484,-41.443371],[-72.407447,-41.445117],[-72.40738,-41.44524],[-72.4071,-41.44627],[-72.4064,-41.44747],[-72.40585,-41.4489],[-72.40545,-41.45007],[-72.40526,-41.45101],[-72.405161,-41.451608],[-72.401614,-41.452349],[-72.397894,-41.449042],[-72.399829,-41.444553]]]},"properties":{"comuna":"Cochamó","mancha_id":"10103-88ce85ae11fffff","clase":"Bajo","nivel_medio":1.146,"nivel_medio_min":1.146,"nivel_medio_max":1.146,"pct_alto":36.8,"n_hexagonos":1,"area_ha":52.5}},{"type":"Feature","geometry":{"type":"Polygon","coordinates":[[[-72.137914,-41.503023],[-72.135961,-41.507502],[-72.130312,-41.508667],[-72.126617,-41.505354],[-72.12857,-41.500876],[-72.134218,-41.499711],[-72.136171,-41.495233],[-72.132476,-41.49192],[-72.134429,-41.487443],[-72.140076,-41.486277],[-72.143771,-41.489589],[-72.149419,-41.488422],[-72.15137,-41.483944],[-72.157017,-41.482777],[-72.160714,-41.486088],[-72.158763,-41.490567],[-72.153115,-41.491734],[-72.151163,-41.496213],[-72.145515,-41.497379],[-72.143563,-41.501858],[-72.137914,-41.503023]]]},"properties":{"comuna":"Cochamó","mancha_id":"10103-88ce85ab05fffff","clase":"Bajo","nivel_medio":0.917,"nivel_medio_min":0.533,"nivel_medio_max":1.363,"pct_alto":0.4,"n_hexagonos":5,"area_ha":320.2}},{"type":"Feature","geometry":{"type":"Polygon","coordinates":[[[-72.231449,-41.524471],[-72.229501,-41.528954],[-72.223845,-41.530123],[-72.220139,-41.526811],[-72.222087,-41.522328],[-72.227742,-41.521158],[-72.231449,-41.524471]]]},"properties":{"comuna":"Cochamó","mancha_id":"10103-88ce85aa57fffff","clase":"Bajo","nivel_medio":1.439,"nivel_medio_min":1.439,"nivel_medio_max":1.439,"pct_alto":0.0,"n_hexagonos":1,"area_ha":64.15}},{"type":"Feature","geometry":{"type":"Polygon","coordinates":[[[-72.246546,-41.444644],[-72.245818,-41.443993],[-72.246425,-41.442593],[-72.24664,-41.44431],[-72.246546,-41.444644]]]},"properties":{"comuna":"Cochamó","mancha_id":"10103-88ce85a8c3fffff","clase":"Bajo","nivel_medio":1.441,"nivel_medio_min":1.441,"nivel_medio_max":1.441,"pct_alto":0.0,"n_hexagonos":1,"area_ha":0.76}},{"type":"Feature","geometry":{"type":"Polygon","coordinates":[[[-72.228368,-41.427231],[-72.22731,-41.42745],[-72.224404,-41.424852],[-72.227416,-41.424618],[-72.227999,-41.424738],[-72.228443,-41.425052],[-72.228527,-41.425496],[-72.228581,-41.425785],[-72.228556,-41.425954],[-72.228368,-41.427231]]]},"properties":{"comuna":"Cochamó","mancha_id":"10103-88ce85a8a9fffff","clase":"Bajo","nivel_medio":1.055,"nivel_medio_min":1.055,"nivel_medio_max":1.055,"pct_alto":0.0,"n_hexagonos":1,"area_ha":6.61}},{"type":"Feature","geometry":{"type":"Polygon","coordinates":[[[-72.22404,-41.41649],[-72.22356,-41.417878],[-72.2234,-41.41834],[-72.22168,-41.42002],[-72.2203,-41.42393],[-72.221025,-41.424605],[-72.221126,-41.424658],[-72.217966,-41.425314],[-72.214267,-41.422006],[-72.208624,-41.423178],[-72.204926,-41.41987],[-72.199283,-41.421041],[-72.195587,-41.417733],[-72.189945,-41.418903],[-72.18625,-41.415595],[-72.188196,-41.411116],[-72.184502,-41.407808],[-72.186425,-41.403382],[-72.186659,-41.403473],[-72.187438,-41.404068],[-72.189316,-41.406405],[-72.189774,-41.407],[-72.190121,-41.407265],[-72.190409,-41.407373],[-72.190733,-41.407427],[-72.193198,-41.407427],[-72.193702,-41.407337],[-72.194313,-41.407175],[-72.194907,-41.406923],[-72.195197,-41.406817],[-72.195591,-41.406671],[-72.196436,-41.406474],[-72.19694,-41.406348],[-72.198374,-41.405836],[-72.199167,-41.405718],[-72.200233,-41.405778],[-72.20225,-41.40624],[-72.204413,-41.409232],[-72.20624,-41.41176],[-72.207111,-41.411988],[-72.207819,-41.412067],[-72.21218,-41.41193],[-72.213421,-41.41213],[-72.212515,-41.414218],[-72.216212,-41.417526],[-72.221856,-41.416354],[-72.222829,-41.414111],[-72.223148,-41.414189],[-72.22367,-41.41467],[-72.22404,-41.41649]]]},"properties":{"comuna":"Cochamó","mancha_id":"10103-88ce85a8a1fffff","clase":"Bajo","nivel_medio":1.356,"nivel_medio_min":1.097,"nivel_medio_max":1.495,"pct_alto":0.1,"n_hexagonos":8,"area_ha":356.59}},{"type":"Feature","geometry":{"type":"Polygon","coordinates":[[[-72.224986,-41.456474],[-72.221284,-41.453164],[-72.215637,-41.454335],[-72.211937,-41.451026],[-72.20629,-41.452197],[-72.202591,-41.448887],[-72.204538,-41.444407],[-72.200839,-41.441098],[-72.195194,-41.442268],[-72.191497,-41.438959],[-72.185853,-41.440129],[-72.182156,-41.43682],[-72.184104,-41.432341],[-72.189747,-41.43117],[-72.193444,-41.434479],[-72.199088,-41.433309],[-72.202786,-41.436618],[-72.20843,-41.435447],[-72.212129,-41.438756],[-72.217775,-41.437584],[-72.21972,-41.433103],[-72.225365,-41.431931],[-72.229066,-41.43524],[-72.227121,-41.439721],[-72.230822,-41.44303],[-72.236469,-41.441857],[-72.240171,-41.445166],[-72.238226,-41.449648],[-72.241929,-41.452957],[-72.247578,-41.451784],[-72.248031,-41.45074],[-72.25,-41.451406],[-72.256995,-41.453772],[-72.264712,-41.456382],[-72.26707,-41.45718],[-72.267406,-41.457055],[-72.27674,-41.45359],[-72.277286,-41.454396],[-72.27737,-41.45452],[-72.27784,-41.45507],[-72.27825,-41.45542],[-72.27892,-41.45586],[-72.27974,-41.45693],[-72.28021,-41.45771],[-72.28069,-41.45849],[-72.28158,-41.45937],[-72.28181,-41.45943],[-72.28243,-41.45949],[-72.28348,-41.45935],[-72.28428,-41.45914],[-72.28544,-41.45896],[-72.285595,-41.458953],[-72.285001,-41.460325],[-72.27935,-41.4615],[-72.277407,-41.465983],[-72.281115,-41.469293],[-72.279172,-41.473777],[-72.282882,-41.477086],[-72.280938,-41.48157],[-72.284648,-41.484881],[-72.282705,-41.489365],[-72.277051,-41.490539],[-72.275107,-41.495023],[-72.269453,-41.496196],[-72.265744,-41.492885],[-72.267688,-41.488402],[-72.26398,-41.485091],[-72.258328,-41.486264],[-72.254621,-41.482954],[-72.248969,-41.484126],[-72.245263,-41.480816],[-72.247208,-41.476333],[-72.243503,-41.473023],[-72.245448,-41.468541],[-72.241743,-41.465231],[-72.236094,-41.466403],[-72.232391,-41.463093],[-72.226742,-41.464265],[-72.22304,-41.460955],[-72.224986,-41.456474]]]},"properties":{"comuna":"Cochamó","mancha_id":"10103-88ce85a813fffff","clase":"Bajo","nivel_medio":1.207,"nivel_medio_min":1.0,"nivel_medio_max":1.454,"pct_alto":0.3,"n_hexagonos":34,"area_ha":2000.06}},{"type":"Feature","geometry":{"type":"Polygon","coordinates":[[[-71.847651,-41.916582],[-71.845666,-41.921054],[-71.839986,-41.922192],[-71.836293,-41.918858],[-71.83828,-41.914386],[-71.843958,-41.913248],[-71.847651,-41.916582]]]},"properties":{"comuna":"Cochamó","mancha_id":"10103-88ce859aebfffff","clase":"Bajo","nivel_medio":1.281,"nivel_medio_min":1.281,"nivel_medio_max":1.281,"pct_alto":2.4,"n_hexagonos":1,"area_ha":63.96}},{"type":"Feature","geometry":{"type":"Polygon","coordinates":[[[-71.866401,-41.920973],[-71.864416,-41.925446],[-71.858735,-41.926585],[-71.85504,-41.923251],[-71.857025,-41.918777],[-71.862705,-41.917639],[-71.866401,-41.920973]]]},"properties":{"comuna":"Cochamó","mancha_id":"10103-88ce859ac3fffff","clase":"Bajo","nivel_medio":0.846,"nivel_medio_min":0.846,"nivel_medio_max":0.846,"pct_alto":0.7,"n_hexagonos":1,"area_ha":63.99}},{"type":"Feature","geometry":{"type":"Polygon","coordinates":[[[-71.844237,-41.900969],[-71.842251,-41.905441],[-71.836574,-41.906579],[-71.832882,-41.903245],[-71.827205,-41.904383],[-71.823515,-41.901049],[-71.825502,-41.896578],[-71.831178,-41.89544],[-71.834868,-41.898774],[-71.840545,-41.897635],[-71.844237,-41.900969]]]},"properties":{"comuna":"Cochamó","mancha_id":"10103-88ce859aa9fffff","clase":"Bajo","nivel_medio":1.203,"nivel_medio_min":1.077,"nivel_medio_max":1.33,"pct_alto":5.1,"n_hexagonos":2,"area_ha":127.88}},{"type":"Feature","geometry":{"type":"Polygon","coordinates":[[[-71.785189,-41.929082],[-71.788877,-41.932418],[-71.794555,-41.931283],[-71.798244,-41.934618],[-71.796255,-41.939089],[-71.790576,-41.940224],[-71.786887,-41.936888],[-71.781208,-41.938022],[-71.777521,-41.934686],[-71.773613,-41.935466],[-71.774414,-41.934625],[-71.774845,-41.933756],[-71.774818,-41.933174],[-71.774128,-41.932532],[-71.773272,-41.931794],[-71.772674,-41.930673],[-71.772891,-41.92989],[-71.7732,-41.928677],[-71.773509,-41.927487],[-71.773704,-41.927304],[-71.775824,-41.926881],[-71.779511,-41.930216],[-71.785189,-41.929082]]]},"properties":{"comuna":"Cochamó","mancha_id":"10103-88ce859a21fffff","clase":"Bajo","nivel_medio":1.146,"nivel_medio_min":1.107,"nivel_medio_max":1.303,"pct_alto":0.6,"n_hexagonos":3,"area_ha":161.26}},{"type":"Feature","geometry":{"type":"Polygon","coordinates":[[[-71.843401,-41.937807],[-71.841414,-41.94228],[-71.835732,-41.943417],[-71.832038,-41.940082],[-71.834026,-41.935609],[-71.839706,-41.934472],[-71.843401,-41.937807]]]},"properties":{"comuna":"Cochamó","mancha_id":"10103-88ce859a1bfffff","clase":"Bajo","nivel_medio":1.421,"nivel_medio_min":1.421,"nivel_medio_max":1.421,"pct_alto":0.0,"n_hexagonos":1,"area_ha":63.97}},{"type":"Feature","geometry":{"type":"Polygon","coordinates":[[[-71.809316,-41.944626],[-71.807326,-41.949097],[-71.801646,-41.950232],[-71.797955,-41.946896],[-71.799945,-41.942425],[-71.805625,-41.94129],[-71.809316,-41.944626]]]},"properties":{"comuna":"Cochamó","mancha_id":"10103-88ce859a01fffff","clase":"Bajo","nivel_medio":1.265,"nivel_medio_min":1.265,"nivel_medio_max":1.265,"pct_alto":13.5,"n_hexagonos":1,"area_ha":63.94}},{"type":"Feature","geometry":{"type":"Polygon","coordinates":[[[-71.854436,-41.866331],[-71.852452,-41.870803],[-71.846778,-41.871943],[-71.843088,-41.868611],[-71.845072,-41.864139],[-71.850745,-41.862999],[-71.854436,-41.866331]]]},"properties":{"comuna":"Cochamó","mancha_id":"10103-88ce8598c3fffff","clase":"Bajo","nivel_medio":1.424,"nivel_medio_min":1.424,"nivel_medio_max":1.424,"pct_alto":3.2,"n_hexagonos":1,"area_ha":63.94}},{"type":"Feature","geometry":{"type":"Polygon","coordinates":[[[-71.799111,-41.897791],[-71.797123,-41.902261],[-71.800811,-41.905596],[-71.798822,-41.910066],[-71.802511,-41.913401],[-71.808187,-41.912265],[-71.811877,-41.915599],[-71.817554,-41.914463],[-71.821245,-41.917797],[-71.819257,-41.922269],[-71.822948,-41.925604],[-71.820961,-41.930075],[-71.824653,-41.933411],[-71.822665,-41.937883],[-71.816985,-41.939019],[-71.813293,-41.935683],[-71.815281,-41.931212],[-71.811591,-41.927876],[-71.805912,-41.929012],[-71.802222,-41.925677],[-71.796544,-41.926812],[-71.792856,-41.923477],[-71.787179,-41.924612],[-71.783491,-41.921277],[-71.777815,-41.922411],[-71.775449,-41.920271],[-71.775556,-41.919587],[-71.775841,-41.917779],[-71.775437,-41.916637],[-71.77531,-41.916423],[-71.776119,-41.914606],[-71.774137,-41.912813],[-71.774009,-41.911806],[-71.773843,-41.910521],[-71.774057,-41.909475],[-71.774441,-41.908629],[-71.775032,-41.907714],[-71.775818,-41.906738],[-71.776022,-41.906482],[-71.780098,-41.905667],[-71.782079,-41.901215],[-71.782113,-41.901193],[-71.787762,-41.900063],[-71.78975,-41.895593],[-71.795425,-41.894457],[-71.797412,-41.889987],[-71.803086,-41.888851],[-71.806774,-41.892185],[-71.804786,-41.896655],[-71.799111,-41.897791]]]},"properties":{"comuna":"Cochamó","mancha_id":"10103-88ce859809fffff","clase":"Bajo","nivel_medio":1.057,"nivel_medio_min":0.503,"nivel_medio_max":1.474,"pct_alto":2.8,"n_hexagonos":15,"area_ha":950.0}},{"type":"Feature","geometry":{"type":"Polygon","coordinates":[[[-72.043141,-41.954774],[-72.041165,-41.959256],[-72.035473,-41.960404],[-72.031756,-41.95707],[-72.033732,-41.952589],[-72.039424,-41.951441],[-72.043141,-41.954774]]]},"properties":{"comuna":"Cochamó","mancha_id":"10103-88ce859763fffff","clase":"Bajo","nivel_medio":1.478,"nivel_medio_min":1.478,"nivel_medio_max":1.478,"pct_alto":43.4,"n_hexagonos":1,"area_ha":64.21}},{"type":"Feature","geometry":{"type":"Polygon","coordinates":[[[-72.058244,-41.955811],[-72.061963,-41.959144],[-72.067657,-41.957995],[-72.071378,-41.961328],[-72.069404,-41.965811],[-72.063709,-41.966961],[-72.061734,-41.971444],[-72.056039,-41.972592],[-72.05232,-41.969258],[-72.046626,-41.970406],[-72.042907,-41.967072],[-72.044883,-41.96259],[-72.050576,-41.961442],[-72.052551,-41.95696],[-72.058244,-41.955811]]]},"properties":{"comuna":"Cochamó","mancha_id":"10103-88ce859709fffff","clase":"Bajo","nivel_medio":0.852,"nivel_medio_min":0.535,"nivel_medio_max":1.202,"pct_alto":27.1,"n_hexagonos":4,"area_ha":256.95}},{"type":"Feature","geometry":{"type":"Polygon","coordinates":[[[-72.067885,-41.945696],[-72.065911,-41.950179],[-72.060218,-41.951328],[-72.0565,-41.947995],[-72.058474,-41.943513],[-72.064166,-41.942363],[-72.066139,-41.937881],[-72.071831,-41.93673],[-72.07555,-41.940063],[-72.073578,-41.944546],[-72.067885,-41.945696]]]},"properties":{"comuna":"Cochamó","mancha_id":"10103-88ce859703fffff","clase":"Bajo","nivel_medio":0.666,"nivel_medio_min":0.65,"nivel_medio_max":0.681,"pct_alto":20.9,"n_hexagonos":2,"area_ha":128.47}},{"type":"Feature","geometry":{"type":"Polygon","coordinates":[[[-72.153289,-41.928408],[-72.151321,-41.932894],[-72.145626,-41.934049],[-72.1419,-41.930718],[-72.143868,-41.926232],[-72.149562,-41.925077],[-72.153289,-41.928408]]]},"properties":{"comuna":"Cochamó","mancha_id":"10103-88ce8596e7fffff","clase":"Bajo","nivel_medio":0.943,"nivel_medio_min":0.943,"nivel_medio_max":0.943,"pct_alto":26.0,"n_hexagonos":1,"area_ha":64.32}},{"type":"Feature","geometry":{"type":"Polygon","coordinates":[[[-72.187459,-41.921471],[-72.185494,-41.925958],[-72.179798,-41.927115],[-72.176069,-41.923785],[-72.178035,-41.919297],[-72.174306,-41.915967],[-72.176271,-41.91148],[-72.181965,-41.910323],[-72.185695,-41.913653],[-72.183729,-41.91814],[-72.187459,-41.921471]]]},"properties":{"comuna":"Cochamó","mancha_id":"10103-88ce859683fffff","clase":"Bajo","nivel_medio":0.957,"nivel_medio_min":0.807,"nivel_medio_max":1.107,"pct_alto":24.9,"n_hexagonos":2,"area_ha":128.7}},{"type":"Feature","geometry":{"type":"Polygon","coordinates":[[[-72.101383,-41.975696],[-72.09941,-41.98018],[-72.103136,-41.983514],[-72.101163,-41.987999],[-72.104889,-41.991334],[-72.102916,-41.995819],[-72.097217,-41.996969],[-72.093491,-41.993634],[-72.095464,-41.98915],[-72.09174,-41.985815],[-72.093713,-41.981331],[-72.089989,-41.977997],[-72.091962,-41.973513],[-72.097659,-41.972362],[-72.101383,-41.975696]]]},"properties":{"comuna":"Cochamó","mancha_id":"10103-88ce859661fffff","clase":"Bajo","nivel_medio":1.225,"nivel_medio_min":1.09,"nivel_medio_max":1.434,"pct_alto":28.5,"n_hexagonos":3,"area_ha":192.89}},{"type":"Feature","geometry":{"type":"Polygon","coordinates":[[[-72.154426,-41.973142],[-72.152456,-41.977629],[-72.156187,-41.980963],[-72.154218,-41.98545],[-72.148517,-41.986603],[-72.144787,-41.98327],[-72.146757,-41.978783],[-72.143027,-41.97545],[-72.144997,-41.970963],[-72.150696,-41.969809],[-72.154426,-41.973142]]]},"properties":{"comuna":"Cochamó","mancha_id":"10103-88ce859653fffff","clase":"Bajo","nivel_medio":0.844,"nivel_medio_min":0.568,"nivel_medio_max":1.121,"pct_alto":24.6,"n_hexagonos":2,"area_ha":128.71}},{"type":"Feature","geometry":{"type":"Polygon","coordinates":[[[-72.120231,-41.98006],[-72.11826,-41.984546],[-72.112561,-41.985697],[-72.108834,-41.982363],[-72.110806,-41.977878],[-72.116504,-41.976726],[-72.120231,-41.98006]]]},"properties":{"comuna":"Cochamó","mancha_id":"10103-88ce859647fffff","clase":"Bajo","nivel_medio":1.343,"nivel_medio_min":1.343,"nivel_medio_max":1.343,"pct_alto":40.8,"n_hexagonos":1,"area_ha":64.31}},{"type":"Feature","geometry":{"type":"Polygon","coordinates":[[[-72.149144,-41.949685],[-72.147176,-41.954171],[-72.141479,-41.955325],[-72.137751,-41.951993],[-72.132055,-41.953146],[-72.130085,-41.957632],[-72.124388,-41.958785],[-72.120662,-41.955452],[-72.122633,-41.950967],[-72.128329,-41.949814],[-72.130298,-41.945328],[-72.135994,-41.944175],[-72.13972,-41.947507],[-72.145417,-41.946353],[-72.149144,-41.949685]]]},"properties":{"comuna":"Cochamó","mancha_id":"10103-88ce859617fffff","clase":"Bajo","nivel_medio":0.956,"nivel_medio_min":0.825,"nivel_medio_max":1.102,"pct_alto":23.1,"n_hexagonos":3,"area_ha":192.96}},{"type":"Feature","geometry":{"type":"Polygon","coordinates":[[[-72.070312,-41.916619],[-72.06834,-41.921101],[-72.06265,-41.922251],[-72.060677,-41.926734],[-72.054987,-41.927883],[-72.051271,-41.924551],[-72.053244,-41.920069],[-72.058933,-41.91892],[-72.060906,-41.914438],[-72.066595,-41.913287],[-72.070312,-41.916619]]]},"properties":{"comuna":"Cochamó","mancha_id":"10103-88ce859559fffff","clase":"Bajo","nivel_medio":1.105,"nivel_medio_min":1.033,"nivel_medio_max":1.176,"pct_alto":30.6,"n_hexagonos":2,"area_ha":128.43}},{"type":"Feature","geometry":{"type":"Polygon","coordinates":[[[-72.05742,-41.898812],[-72.055448,-41.903293],[-72.04976,-41.904443],[-72.046046,-41.901112],[-72.048019,-41.896631],[-72.053706,-41.895481],[-72.05742,-41.898812]]]},"properties":{"comuna":"Cochamó","mancha_id":"10103-88ce85950bfffff","clase":"Bajo","nivel_medio":1.122,"nivel_medio_min":1.122,"nivel_medio_max":1.122,"pct_alto":32.5,"n_hexagonos":1,"area_ha":64.19}},{"type":"Feature","geometry":{"type":"Polygon","coordinates":[[[-72.186296,-41.876743],[-72.191986,-41.875584],[-72.193949,-41.871097],[-72.19964,-41.869938],[-72.201602,-41.865451],[-72.207292,-41.864291],[-72.211021,-41.867619],[-72.209059,-41.872106],[-72.203368,-41.873266],[-72.201406,-41.877754],[-72.195714,-41.878913],[-72.195596,-41.879184],[-72.192111,-41.881032],[-72.188246,-41.881783],[-72.185828,-41.882566],[-72.184332,-41.88123],[-72.186296,-41.876743]]]},"properties":{"comuna":"Cochamó","mancha_id":"10103-88ce8594d3fffff","clase":"Bajo","nivel_medio":0.783,"nivel_medio_min":0.68,"nivel_medio_max":0.848,"pct_alto":25.3,"n_hexagonos":3,"area_ha":172.84}},{"type":"Feature","geometry":{"type":"Polygon","coordinates":[[[-72.090879,-41.928794],[-72.088907,-41.933278],[-72.083215,-41.934429],[-72.079495,-41.931097],[-72.081467,-41.926614],[-72.087158,-41.925462],[-72.090879,-41.928794]]]},"properties":{"comuna":"Cochamó","mancha_id":"10103-88ce859469fffff","clase":"Bajo","nivel_medio":1.112,"nivel_medio_min":1.112,"nivel_medio_max":1.112,"pct_alto":33.5,"n_hexagonos":1,"area_ha":64.25}},{"type":"Feature","geometry":{"type":"Polygon","coordinates":[[[-72.136206,-41.931872],[-72.134237,-41.936357],[-72.128542,-41.937511],[-72.126573,-41.941996],[-72.120878,-41.943149],[-72.117154,-41.939817],[-72.119124,-41.935333],[-72.124818,-41.934179],[-72.126787,-41.929694],[-72.13248,-41.928541],[-72.136206,-41.931872]]]},"properties":{"comuna":"Cochamó","mancha_id":"10103-88ce859459fffff","clase":"Bajo","nivel_medio":1.167,"nivel_medio_min":0.88,"nivel_medio_max":1.455,"pct_alto":33.1,"n_hexagonos":2,"area_ha":128.6}},{"type":"Feature","geometry":{"type":"Polygon","coordinates":[[[-72.109707,-41.933154],[-72.107736,-41.937638],[-72.102043,-41.93879],[-72.098321,-41.935458],[-72.100292,-41.930974],[-72.105984,-41.929822],[-72.109707,-41.933154]]]},"properties":{"comuna":"Cochamó","mancha_id":"10103-88ce859441fffff","clase":"Bajo","nivel_medio":0.807,"nivel_medio_min":0.807,"nivel_medio_max":0.807,"pct_alto":26.5,"n_hexagonos":1,"area_ha":64.27}},{"type":"Feature","geometry":{"type":"Polygon","coordinates":[[[-72.127429,-41.892794],[-72.125461,-41.897278],[-72.119771,-41.898432],[-72.11605,-41.895102],[-72.118018,-41.890618],[-72.123707,-41.889464],[-72.127429,-41.892794]]]},"properties":{"comuna":"Cochamó","mancha_id":"10103-88ce85943bfffff","clase":"Bajo","nivel_medio":1.464,"nivel_medio_min":1.464,"nivel_medio_max":1.464,"pct_alto":48.3,"n_hexagonos":1,"area_ha":64.27}},{"type":"Feature","geometry":{"type":"Polygon","coordinates":[[[-72.117802,-41.902917],[-72.121524,-41.906247],[-72.127215,-41.905093],[-72.130938,-41.908423],[-72.128969,-41.912908],[-72.123278,-41.914062],[-72.119555,-41.910732],[-72.113864,-41.911885],[-72.110143,-41.908554],[-72.104452,-41.909707],[-72.100732,-41.906377],[-72.102702,-41.901893],[-72.098982,-41.898563],[-72.100952,-41.894079],[-72.10664,-41.892926],[-72.11036,-41.896256],[-72.108391,-41.90074],[-72.112112,-41.90407],[-72.117802,-41.902917]]]},"properties":{"comuna":"Cochamó","mancha_id":"10103-88ce859403fffff","clase":"Bajo","nivel_medio":1.168,"nivel_medio_min":1.007,"nivel_medio_max":1.491,"pct_alto":34.9,"n_hexagonos":4,"area_ha":257.06}},{"type":"Feature","geometry":{"type":"Polygon","coordinates":[[[-71.868185,-42.010302],[-71.866197,-42.014777],[-71.869899,-42.018115],[-71.867911,-42.022591],[-71.86222,-42.023727],[-71.860231,-42.028202],[-71.863934,-42.031541],[-71.861944,-42.036016],[-71.856252,-42.037152],[-71.852549,-42.033813],[-71.854539,-42.029338],[-71.850837,-42.025999],[-71.852826,-42.021524],[-71.849125,-42.018185],[-71.843435,-42.019321],[-71.841445,-42.023795],[-71.835755,-42.02493],[-71.832056,-42.021591],[-71.834046,-42.017117],[-71.830347,-42.013778],[-71.824658,-42.014913],[-71.822668,-42.019386],[-71.826366,-42.022725],[-71.824375,-42.027199],[-71.818685,-42.028333],[-71.814987,-42.024993],[-71.809298,-42.026126],[-71.807305,-42.030599],[-71.811003,-42.033939],[-71.816693,-42.032806],[-71.820392,-42.036145],[-71.8184,-42.040619],[-71.822099,-42.043959],[-71.820107,-42.048432],[-71.814415,-42.049565],[-71.812422,-42.054039],[-71.816122,-42.057379],[-71.821815,-42.056247],[-71.823807,-42.051773],[-71.8295,-42.050639],[-71.831491,-42.046165],[-71.837184,-42.045031],[-71.839175,-42.040557],[-71.835474,-42.037217],[-71.837465,-42.032743],[-71.843156,-42.031608],[-71.846857,-42.034948],[-71.844867,-42.039422],[-71.848569,-42.042762],[-71.846579,-42.047237],[-71.840886,-42.048371],[-71.838894,-42.052846],[-71.833201,-42.05398],[-71.831209,-42.058454],[-71.825516,-42.059587],[-71.823523,-42.064061],[-71.817829,-42.065194],[-71.815836,-42.069668],[-71.810142,-42.0708],[-71.808148,-42.075273],[-71.811849,-42.078615],[-71.817544,-42.077483],[-71.821246,-42.080825],[-71.819252,-42.085299],[-71.813556,-42.086431],[-71.809855,-42.083089],[-71.804159,-42.08422],[-71.802165,-42.088694],[-71.805866,-42.092036],[-71.803871,-42.09651],[-71.798174,-42.09764],[-71.796179,-42.102114],[-71.790482,-42.103244],[-71.786782,-42.099901],[-71.788778,-42.095428],[-71.785079,-42.092085],[-71.779384,-42.093215],[-71.777387,-42.097688],[-71.781086,-42.101031],[-71.779089,-42.105503],[-71.773393,-42.106633],[-71.769695,-42.103289],[-71.771692,-42.098817],[-71.767994,-42.095474],[-71.762299,-42.096603],[-71.760302,-42.101075],[-71.763999,-42.104418],[-71.762001,-42.10889],[-71.756305,-42.110018],[-71.752608,-42.106674],[-71.754607,-42.102203],[-71.750911,-42.098859],[-71.745216,-42.099987],[-71.743218,-42.104458],[-71.746913,-42.107802],[-71.744914,-42.112273],[-71.739219,-42.1134],[-71.735524,-42.110056],[-71.737523,-42.105585],[-71.733829,-42.102242],[-71.735828,-42.097771],[-71.741521,-42.096644],[-71.74352,-42.092173],[-71.739826,-42.08883],[-71.741824,-42.084359],[-71.740563,-42.083218],[-71.740589,-42.08302],[-71.740517,-42.081902],[-71.740208,-42.081164],[-71.73978,-42.080593],[-71.739375,-42.080165],[-71.73878,-42.079665],[-71.738749,-42.079634],[-71.740129,-42.076546],[-71.73918,-42.075687],[-71.739327,-42.07543],[-71.739446,-42.074668],[-71.739518,-42.073954],[-71.739185,-42.073193],[-71.738685,-42.07186],[-71.738257,-42.071432],[-71.737828,-42.071194],[-71.73749,-42.070846],[-71.738435,-42.068733],[-71.744125,-42.067605],[-71.746122,-42.063134],[-71.74243,-42.059793],[-71.73674,-42.060921],[-71.733049,-42.057579],[-71.72736,-42.058707],[-71.725233,-42.056781],[-71.725384,-42.056442],[-71.725669,-42.055704],[-71.725431,-42.054562],[-71.725336,-42.053753],[-71.72514,-42.053281],[-71.725098,-42.053182],[-71.725058,-42.05249],[-71.725081,-42.052209],[-71.725668,-42.050896],[-71.725575,-42.050812],[-71.725721,-42.050448],[-71.72573,-42.050422],[-71.725986,-42.049682],[-71.72599,-42.049653],[-71.726067,-42.049059],[-71.726072,-42.04903],[-71.726186,-42.048321],[-71.726186,-42.048291],[-71.726225,-42.048254],[-71.726574,-42.047923],[-71.726859,-42.0474],[-71.727287,-42.046852],[-71.727668,-42.046305],[-71.728049,-42.045901],[-71.728739,-42.045282],[-71.729072,-42.044782],[-71.729191,-42.044401],[-71.729493,-42.044109],[-71.729493,-42.04408],[-71.730167,-42.043997],[-71.731047,-42.044164],[-71.732034,-42.044103],[-71.733354,-42.045298],[-71.739041,-42.04417],[-71.742732,-42.047511],[-71.748421,-42.046382],[-71.752113,-42.049723],[-71.757802,-42.048593],[-71.761496,-42.051934],[-71.767185,-42.050804],[-71.769181,-42.046333],[-71.765487,-42.042992],[-71.759798,-42.044122],[-71.756105,-42.040782],[-71.758101,-42.036311],[-71.75622,-42.034609],[-71.756132,-42.03446],[-71.755703,-42.033651],[-71.754775,-42.032842],[-71.754576,-42.032596],[-71.754562,-42.032578],[-71.754057,-42.031956],[-71.753938,-42.03129],[-71.754105,-42.030552],[-71.754129,-42.029791],[-71.754105,-42.029172],[-71.754085,-42.02912],[-71.753795,-42.02834],[-71.753605,-42.027602],[-71.753819,-42.026698],[-71.75388,-42.026215],[-71.753986,-42.025365],[-71.754109,-42.024038],[-71.75499,-42.0233],[-71.755965,-42.023205],[-71.757036,-42.0233],[-71.757501,-42.023345],[-71.757774,-42.023372],[-71.757797,-42.022634],[-71.757916,-42.021873],[-71.758107,-42.02104],[-71.75844,-42.019993],[-71.758439,-42.019948],[-71.758416,-42.018827],[-71.758529,-42.017644],[-71.758529,-42.017614],[-71.758933,-42.017091],[-71.759433,-42.016591],[-71.760101,-42.016067],[-71.760123,-42.015669],[-71.760132,-42.015642],[-71.760337,-42.015026],[-71.760346,-42.014999],[-71.760527,-42.014455],[-71.760519,-42.014429],[-71.7607,-42.013949],[-71.760851,-42.013697],[-71.760914,-42.013592],[-71.761194,-42.012647],[-71.761204,-42.012622],[-71.761414,-42.012259],[-71.761795,-42.011879],[-71.762437,-42.011379],[-71.762889,-42.011165],[-71.763675,-42.01057],[-71.764603,-42.010118],[-71.765531,-42.009594],[-71.76647,-42.0087],[-71.76653,-42.008643],[-71.767291,-42.008214],[-71.768148,-42.008429],[-71.76879,-42.009071],[-71.769766,-42.009785],[-71.769954,-42.009746],[-71.770337,-42.009666],[-71.770973,-42.009429],[-71.771238,-42.009255],[-71.775755,-42.008356],[-71.777748,-42.003885],[-71.783434,-42.002752],[-71.785426,-41.998281],[-71.781734,-41.994943],[-71.783727,-41.990472],[-71.789411,-41.989339],[-71.791403,-41.984868],[-71.787711,-41.98153],[-71.789702,-41.977059],[-71.795385,-41.975925],[-71.797376,-41.971454],[-71.793685,-41.968117],[-71.795675,-41.963646],[-71.794151,-41.962268],[-71.794451,-41.961643],[-71.794044,-41.960157],[-71.793164,-41.958658],[-71.792892,-41.958269],[-71.793975,-41.955838],[-71.799656,-41.954703],[-71.803347,-41.95804],[-71.801357,-41.962511],[-71.805049,-41.965848],[-71.803059,-41.97032],[-71.806752,-41.973657],[-71.812435,-41.972522],[-71.816129,-41.975859],[-71.814139,-41.980332],[-71.817834,-41.983669],[-71.815844,-41.988141],[-71.810159,-41.989276],[-71.808168,-41.993748],[-71.811863,-41.997086],[-71.817549,-41.995952],[-71.821245,-41.99929],[-71.819255,-42.003763],[-71.822952,-42.007101],[-71.828639,-42.005967],[-71.830629,-42.001493],[-71.836317,-42.000358],[-71.840015,-42.003696],[-71.845704,-42.002561],[-71.849403,-42.005899],[-71.847414,-42.010373],[-71.851115,-42.013711],[-71.856804,-42.012575],[-71.858793,-42.008101],[-71.864483,-42.006964],[-71.868185,-42.010302]],[[-71.763789,-42.035181],[-71.767482,-42.038521],[-71.773171,-42.037391],[-71.776865,-42.040731],[-71.77487,-42.045203],[-71.778565,-42.048543],[-71.784256,-42.047412],[-71.787952,-42.050753],[-71.793643,-42.049622],[-71.79734,-42.052962],[-71.795346,-42.057435],[-71.789654,-42.058566],[-71.787659,-42.063039],[-71.791357,-42.06638],[-71.79705,-42.065249],[-71.800749,-42.06859],[-71.806442,-42.067459],[-71.808436,-42.062985],[-71.804736,-42.059644],[-71.80673,-42.055171],[-71.803031,-42.05183],[-71.805025,-42.047358],[-71.810716,-42.046225],[-71.812709,-42.041752],[-71.809011,-42.038412],[-71.80332,-42.039544],[-71.799623,-42.036204],[-71.793933,-42.037337],[-71.790237,-42.033996],[-71.792231,-42.029524],[-71.79792,-42.028392],[-71.799912,-42.02392],[-71.805601,-42.022787],[-71.807593,-42.018315],[-71.813281,-42.017181],[-71.815273,-42.012708],[-71.811576,-42.00937],[-71.813567,-42.004897],[-71.809872,-42.001558],[-71.804185,-42.002692],[-71.800491,-41.999354],[-71.794805,-42.000487],[-71.792813,-42.004959],[-71.796507,-42.008297],[-71.794515,-42.012769],[-71.798209,-42.016108],[-71.796217,-42.02058],[-71.790529,-42.021713],[-71.788536,-42.026185],[-71.782848,-42.027317],[-71.779154,-42.023977],[-71.781147,-42.019505],[-71.777454,-42.016166],[-71.771768,-42.017297],[-71.768075,-42.013958],[-71.76239,-42.015089],[-71.760395,-42.019559],[-71.764087,-42.022899],[-71.762092,-42.02737],[-71.765784,-42.03071],[-71.763789,-42.035181]],[[-71.764892,-42.06756],[-71.762896,-42.072031],[-71.766591,-42.075373],[-71.772284,-42.074244],[-71.77428,-42.069772],[-71.770584,-42.06643],[-71.764892,-42.06756]],[[-71.769991,-42.091002],[-71.775685,-42.089873],[-71.777682,-42.0854],[-71.773984,-42.082058],[-71.768291,-42.083187],[-71.764595,-42.079845],[-71.758902,-42.080974],[-71.756904,-42.085445],[-71.7606,-42.088788],[-71.766294,-42.087659],[-71.769991,-42.091002]],[[-71.783376,-42.08427],[-71.787075,-42.087613],[-71.792769,-42.086482],[-71.794765,-42.082009],[-71.800459,-42.080878],[-71.802454,-42.076405],[-71.798754,-42.073063],[-71.793061,-42.074194],[-71.791066,-42.078667],[-71.785372,-42.079798],[-71.783376,-42.08427]]]},"properties":{"comuna":"Cochamó","mancha_id":"10103-88ce859329fffff","clase":"Bajo","nivel_medio":1.163,"nivel_medio_min":0.516,"nivel_medio_max":1.491,"pct_alto":0.9,"n_hexagonos":102,"area_ha":6319.16}},{"type":"Feature","geometry":{"type":"Polygon","coordinates":[[[-72.038955,-41.976036],[-72.036979,-41.980518],[-72.031284,-41.981665],[-72.027567,-41.97833],[-72.029544,-41.973849],[-72.025827,-41.970514],[-72.027804,-41.966033],[-72.033497,-41.964886],[-72.037214,-41.96822],[-72.035237,-41.972702],[-72.038955,-41.976036]]]},"properties":{"comuna":"Cochamó","mancha_id":"10103-88ce859293fffff","clase":"Bajo","nivel_medio":1.057,"nivel_medio_min":0.947,"nivel_medio_max":1.167,"pct_alto":25.2,"n_hexagonos":2,"area_ha":128.43}},{"type":"Feature","geometry":{"type":"Polygon","coordinates":[[[-71.946584,-42.055827],[-71.950298,-42.059166],[-71.955997,-42.058026],[-71.959713,-42.061365],[-71.957728,-42.065845],[-71.952028,-42.066985],[-71.950043,-42.071465],[-71.944342,-42.072604],[-71.942357,-42.077084],[-71.936656,-42.078223],[-71.934669,-42.082702],[-71.938384,-42.086043],[-71.944086,-42.084904],[-71.946072,-42.080424],[-71.951773,-42.079284],[-71.953759,-42.074805],[-71.95946,-42.073664],[-71.963177,-42.077004],[-71.961192,-42.081484],[-71.964909,-42.084824],[-71.970612,-42.083684],[-71.974331,-42.087024],[-71.972346,-42.091505],[-71.966643,-42.092645],[-71.964657,-42.097126],[-71.958953,-42.098266],[-71.956968,-42.102746],[-71.960686,-42.106087],[-71.966391,-42.104948],[-71.970111,-42.108289],[-71.968125,-42.11277],[-71.971846,-42.116111],[-71.977552,-42.114971],[-71.981274,-42.118312],[-71.986981,-42.117172],[-71.990704,-42.120513],[-71.996412,-42.119372],[-72.000136,-42.122713],[-71.998152,-42.127196],[-72.001876,-42.130538],[-71.999892,-42.13502],[-71.994182,-42.136161],[-71.992244,-42.140537],[-71.992063,-42.140501],[-71.990849,-42.140049],[-71.990136,-42.13974],[-71.98897,-42.139311],[-71.98745,-42.13903],[-71.986876,-42.139097],[-71.986281,-42.139145],[-71.985472,-42.139383],[-71.98433,-42.139597],[-71.984118,-42.139658],[-71.983404,-42.139863],[-71.982405,-42.140363],[-71.98126,-42.140739],[-71.980618,-42.141048],[-71.97919,-42.141548],[-71.977477,-42.142072],[-71.975859,-42.142381],[-71.975813,-42.142381],[-71.975454,-42.142381],[-71.973955,-42.142167],[-71.973122,-42.142595],[-71.972346,-42.143281],[-71.972075,-42.144094],[-71.971937,-42.144688],[-71.971897,-42.144696],[-71.970889,-42.144765],[-71.969889,-42.14467],[-71.968578,-42.143928],[-71.968125,-42.143452],[-71.967578,-42.143023],[-71.967269,-42.142643],[-71.966341,-42.14176],[-71.965963,-42.141386],[-71.965884,-42.1413],[-71.967623,-42.137379],[-71.963901,-42.134036],[-71.965888,-42.129555],[-71.971595,-42.128416],[-71.975317,-42.131758],[-71.981026,-42.130618],[-71.983011,-42.126136],[-71.979289,-42.122794],[-71.973581,-42.123934],[-71.96986,-42.120592],[-71.964153,-42.121732],[-71.960433,-42.11839],[-71.954727,-42.119529],[-71.95274,-42.12401],[-71.947034,-42.125148],[-71.943315,-42.121806],[-71.93761,-42.122944],[-71.935622,-42.127424],[-71.929916,-42.128562],[-71.927927,-42.133041],[-71.931645,-42.136384],[-71.937351,-42.135247],[-71.93934,-42.130767],[-71.945046,-42.129629],[-71.948766,-42.132971],[-71.954473,-42.131833],[-71.958193,-42.135175],[-71.956206,-42.139656],[-71.950498,-42.140794],[-71.94851,-42.145275],[-71.95223,-42.148618],[-71.950242,-42.153099],[-71.944533,-42.154237],[-71.942544,-42.158717],[-71.946265,-42.162061],[-71.951975,-42.160924],[-71.953462,-42.162259],[-71.953658,-42.162702],[-71.954018,-42.163348],[-71.954113,-42.16411],[-71.953709,-42.164824],[-71.953304,-42.165135],[-71.9524,-42.165633],[-71.951564,-42.165676],[-71.950589,-42.165912],[-71.949714,-42.166126],[-71.948638,-42.16639],[-71.947567,-42.166864],[-71.946951,-42.167608],[-71.946618,-42.168179],[-71.946547,-42.168536],[-71.946524,-42.168562],[-71.946309,-42.168818],[-71.946035,-42.169145],[-71.945806,-42.169483],[-71.945333,-42.169868],[-71.944857,-42.170296],[-71.943905,-42.170677],[-71.943141,-42.171006],[-71.941764,-42.171343],[-71.941359,-42.171534],[-71.940527,-42.171796],[-71.940003,-42.172271],[-71.939953,-42.172933],[-71.939858,-42.173528],[-71.93981,-42.174171],[-71.939526,-42.17481],[-71.939524,-42.174813],[-71.939263,-42.175432],[-71.938953,-42.176145],[-71.938287,-42.177026],[-71.937787,-42.178025],[-71.937526,-42.17881],[-71.937193,-42.179643],[-71.936945,-42.180255],[-71.936693,-42.180881],[-71.936148,-42.181599],[-71.935696,-42.182194],[-71.934959,-42.182979],[-71.934554,-42.183336],[-71.933912,-42.183431],[-71.933243,-42.18376],[-71.932603,-42.184121],[-71.931934,-42.184902],[-71.930937,-42.185668],[-71.930763,-42.185743],[-71.92984,-42.186139],[-71.929174,-42.186829],[-71.928198,-42.187543],[-71.927556,-42.188536],[-71.927154,-42.189142],[-71.926393,-42.189713],[-71.925369,-42.190165],[-71.924656,-42.190284],[-71.923498,-42.189877],[-71.924893,-42.186737],[-71.921173,-42.183392],[-71.923164,-42.178912],[-71.919444,-42.175567],[-71.921435,-42.171087],[-71.917716,-42.167743],[-71.912006,-42.168878],[-71.908289,-42.165534],[-71.91028,-42.161054],[-71.915988,-42.159919],[-71.917979,-42.155439],[-71.914261,-42.152096],[-71.916252,-42.147616],[-71.912535,-42.144273],[-71.906828,-42.145409],[-71.903113,-42.142065],[-71.905103,-42.137586],[-71.901389,-42.134243],[-71.903379,-42.129765],[-71.909084,-42.128629],[-71.912799,-42.131972],[-71.918504,-42.130835],[-71.920494,-42.126356],[-71.916778,-42.123014],[-71.911073,-42.12415],[-71.907359,-42.120808],[-71.901655,-42.121944],[-71.899665,-42.126422],[-71.893961,-42.127557],[-71.890248,-42.124215],[-71.892239,-42.119737],[-71.897942,-42.118601],[-71.899932,-42.114123],[-71.896219,-42.110781],[-71.890517,-42.111917],[-71.886805,-42.108574],[-71.888796,-42.104097],[-71.894497,-42.102961],[-71.898209,-42.106303],[-71.903911,-42.105167],[-71.9059,-42.100689],[-71.902188,-42.097347],[-71.904177,-42.092869],[-71.900465,-42.089528],[-71.894765,-42.090665],[-71.891055,-42.087323],[-71.893044,-42.082846],[-71.889334,-42.079505],[-71.883636,-42.080641],[-71.879927,-42.0773],[-71.881917,-42.072824],[-71.878209,-42.069483],[-71.872512,-42.070619],[-71.870522,-42.075095],[-71.864825,-42.07623],[-71.861118,-42.072889],[-71.863109,-42.068413],[-71.859403,-42.065073],[-71.853708,-42.066208],[-71.851717,-42.070683],[-71.846021,-42.071817],[-71.844029,-42.076292],[-71.838333,-42.077426],[-71.83463,-42.074085],[-71.836622,-42.06961],[-71.842317,-42.068476],[-71.844309,-42.064001],[-71.850004,-42.062867],[-71.851994,-42.058392],[-71.857689,-42.057257],[-71.859679,-42.052782],[-71.865374,-42.051646],[-71.869079,-42.054986],[-71.874774,-42.05385],[-71.876763,-42.049374],[-71.882458,-42.048238],[-71.886165,-42.051577],[-71.89186,-42.05044],[-71.893848,-42.045963],[-71.890141,-42.042624],[-71.892129,-42.038148],[-71.897823,-42.03701],[-71.89981,-42.032533],[-71.905504,-42.031395],[-71.909212,-42.034733],[-71.914907,-42.033595],[-71.918616,-42.036933],[-71.924312,-42.035794],[-71.928022,-42.039133],[-71.933718,-42.037993],[-71.93743,-42.041332],[-71.935445,-42.04581],[-71.929748,-42.04695],[-71.926037,-42.043611],[-71.92034,-42.04475],[-71.918354,-42.049228],[-71.922065,-42.052567],[-71.927762,-42.051428],[-71.931474,-42.054767],[-71.937172,-42.053628],[-71.940885,-42.056967],[-71.946584,-42.055827]],[[-71.89901,-42.069414],[-71.895301,-42.066074],[-71.889603,-42.067211],[-71.887614,-42.071688],[-71.891323,-42.075028],[-71.897022,-42.073891],[-71.89901,-42.069414]],[[-71.908419,-42.071617],[-71.906431,-42.076095],[-71.910142,-42.079435],[-71.915842,-42.078298],[-71.917829,-42.073819],[-71.914117,-42.070479],[-71.908419,-42.071617]]]},"properties":{"comuna":"Cochamó","mancha_id":"10103-88ce859249fffff","clase":"Bajo","nivel_medio":1.154,"nivel_medio_min":0.53,"nivel_medio_max":1.496,"pct_alto":1.7,"n_hexagonos":126,"area_ha":7852.0}},{"type":"Feature","geometry":{"type":"Polygon","coordinates":[[[-71.952791,-42.030093],[-71.950808,-42.034572],[-71.954521,-42.03791],[-71.960218,-42.036769],[-71.963933,-42.040107],[-71.969631,-42.038965],[-71.971613,-42.034485],[-71.977311,-42.033343],[-71.979293,-42.028863],[-71.98499,-42.02772],[-71.986972,-42.023239],[-71.983256,-42.019902],[-71.97756,-42.021045],[-71.975578,-42.025525],[-71.969881,-42.026668],[-71.966167,-42.02333],[-71.968149,-42.018851],[-71.973845,-42.017708],[-71.975827,-42.013228],[-71.981522,-42.012085],[-71.985237,-42.015422],[-71.990934,-42.014278],[-71.992914,-42.009798],[-71.989199,-42.006461],[-71.991179,-42.001981],[-71.996874,-42.000837],[-71.998854,-41.996356],[-72.004549,-41.995211],[-72.008265,-41.998547],[-72.01396,-41.997402],[-72.017678,-42.000738],[-72.023374,-41.999592],[-72.027092,-42.002928],[-72.032789,-42.001782],[-72.036509,-42.005117],[-72.042207,-42.003971],[-72.044184,-41.999488],[-72.049881,-41.998341],[-72.053602,-42.001676],[-72.051626,-42.006159],[-72.045927,-42.007306],[-72.04395,-42.011789],[-72.038252,-42.012936],[-72.036274,-42.017418],[-72.030575,-42.018564],[-72.028597,-42.023047],[-72.022898,-42.024192],[-72.019178,-42.020855],[-72.01348,-42.022],[-72.009761,-42.018664],[-72.004064,-42.019808],[-72.002084,-42.024289],[-71.996386,-42.025433],[-71.994405,-42.029914],[-71.988707,-42.031057],[-71.986725,-42.035538],[-71.990442,-42.038876],[-71.996141,-42.037733],[-71.99986,-42.04107],[-72.005559,-42.039927],[-72.009279,-42.043264],[-72.014979,-42.04212],[-72.0187,-42.045458],[-72.01672,-42.04994],[-72.011018,-42.051084],[-72.009037,-42.055566],[-72.012758,-42.058905],[-72.010777,-42.063387],[-72.014499,-42.066726],[-72.020202,-42.065582],[-72.023925,-42.06892],[-72.021944,-42.073403],[-72.025667,-42.076742],[-72.023686,-42.081225],[-72.017981,-42.082369],[-72.014258,-42.079029],[-72.01624,-42.074547],[-72.012517,-42.071208],[-72.006814,-42.072351],[-72.004832,-42.076833],[-72.008554,-42.080173],[-72.006572,-42.084655],[-72.010294,-42.087995],[-72.008312,-42.092477],[-72.002607,-42.09362],[-71.998884,-42.09028],[-71.993179,-42.091422],[-71.991196,-42.095903],[-71.994918,-42.099244],[-71.992934,-42.103726],[-71.987228,-42.104867],[-71.983507,-42.101526],[-71.977801,-42.102667],[-71.974081,-42.099326],[-71.976066,-42.094845],[-71.98177,-42.093704],[-71.983754,-42.089223],[-71.980034,-42.085883],[-71.982018,-42.081402],[-71.978299,-42.078062],[-71.972596,-42.079203],[-71.968878,-42.075863],[-71.970863,-42.071383],[-71.967145,-42.068043],[-71.969129,-42.063563],[-71.965413,-42.060224],[-71.967396,-42.055744],[-71.973096,-42.054602],[-71.975079,-42.050122],[-71.971363,-42.046784],[-71.965664,-42.047925],[-71.961949,-42.044587],[-71.956251,-42.045728],[-71.952537,-42.042389],[-71.94684,-42.04353],[-71.943127,-42.040191],[-71.945111,-42.035713],[-71.941399,-42.032374],[-71.943383,-42.027896],[-71.949079,-42.026755],[-71.951063,-42.022276],[-71.947351,-42.018938],[-71.949334,-42.01446],[-71.955029,-42.013318],[-71.958741,-42.016655],[-71.956758,-42.021134],[-71.960471,-42.024472],[-71.958488,-42.028951],[-71.952791,-42.030093]],[[-71.989705,-42.075779],[-71.987721,-42.08026],[-71.991442,-42.0836],[-71.997146,-42.082458],[-71.999128,-42.077976],[-71.995408,-42.074637],[-71.989705,-42.075779]],[[-71.99367,-42.066816],[-71.99739,-42.070155],[-72.003093,-42.069012],[-72.005075,-42.06453],[-72.001354,-42.061191],[-72.003336,-42.05671],[-71.999616,-42.053371],[-71.993915,-42.054514],[-71.991933,-42.058996],[-71.995652,-42.062334],[-71.99367,-42.066816]]]},"properties":{"comuna":"Cochamó","mancha_id":"10103-88ce859201fffff","clase":"Bajo","nivel_medio":1.194,"nivel_medio_min":0.561,"nivel_medio_max":1.493,"pct_alto":0.5,"n_hexagonos":58,"area_ha":3724.47}},{"type":"Feature","geometry":{"type":"Polygon","coordinates":[[[-71.842563,-41.974654],[-71.840575,-41.979127],[-71.844273,-41.982464],[-71.849959,-41.981328],[-71.853657,-41.984665],[-71.851669,-41.989139],[-71.845982,-41.990275],[-71.843994,-41.994749],[-71.838306,-41.995885],[-71.834609,-41.992547],[-71.836598,-41.988074],[-71.832901,-41.984736],[-71.83489,-41.980263],[-71.831193,-41.976926],[-71.825509,-41.978061],[-71.821813,-41.974724],[-71.823803,-41.970252],[-71.820108,-41.966915],[-71.822097,-41.962443],[-71.818404,-41.959106],[-71.820393,-41.954634],[-71.826075,-41.953498],[-71.829769,-41.956835],[-71.82778,-41.961307],[-71.831475,-41.964644],[-71.829487,-41.969116],[-71.833182,-41.972453],[-71.838867,-41.971317],[-71.842563,-41.974654]]]},"properties":{"comuna":"Cochamó","mancha_id":"10103-88ce85916dfffff","clase":"Bajo","nivel_medio":1.179,"nivel_medio_min":0.783,"nivel_medio_max":1.438,"pct_alto":2.0,"n_hexagonos":7,"area_ha":447.93}},{"type":"Feature","geometry":{"type":"Polygon","coordinates":[[[-72.011447,-41.932589],[-72.017136,-41.931442],[-72.019112,-41.926962],[-72.0248,-41.925814],[-72.028514,-41.929146],[-72.026538,-41.933627],[-72.030253,-41.93696],[-72.028277,-41.941441],[-72.031992,-41.944774],[-72.030016,-41.949255],[-72.024325,-41.950403],[-72.020611,-41.947069],[-72.022587,-41.942589],[-72.018873,-41.939255],[-72.013184,-41.940403],[-72.009471,-41.937069],[-72.011447,-41.932589]]]},"properties":{"comuna":"Cochamó","mancha_id":"10103-88ce859099fffff","clase":"Bajo","nivel_medio":1.031,"nivel_medio_min":0.753,"nivel_medio_max":1.462,"pct_alto":26.4,"n_hexagonos":4,"area_ha":256.73}},{"type":"Feature","geometry":{"type":"Polygon","coordinates":[[[-72.017375,-41.919149],[-72.015399,-41.923629],[-72.009712,-41.924776],[-72.006001,-41.921444],[-72.000314,-41.922591],[-71.996604,-41.919258],[-71.99858,-41.914779],[-72.004266,-41.913632],[-72.007977,-41.916964],[-72.013664,-41.915817],[-72.017375,-41.919149]]]},"properties":{"comuna":"Cochamó","mancha_id":"10103-88ce859097fffff","clase":"Bajo","nivel_medio":0.902,"nivel_medio_min":0.722,"nivel_medio_max":1.082,"pct_alto":22.9,"n_hexagonos":2,"area_ha":128.31}},{"type":"Feature","geometry":{"type":"Polygon","coordinates":[[[-71.986716,-41.941654],[-71.984738,-41.946133],[-71.979049,-41.947278],[-71.97534,-41.943944],[-71.977319,-41.939465],[-71.983006,-41.93832],[-71.986716,-41.941654]]]},"properties":{"comuna":"Cochamó","mancha_id":"10103-88ce85908dfffff","clase":"Bajo","nivel_medio":1.339,"nivel_medio_min":1.339,"nivel_medio_max":1.339,"pct_alto":39.4,"n_hexagonos":1,"area_ha":64.14}},{"type":"Feature","geometry":{"type":"Polygon","coordinates":[[[-72.003782,-41.938216],[-72.001805,-41.942696],[-72.005517,-41.946029],[-72.00354,-41.950509],[-71.99785,-41.951655],[-71.994138,-41.948321],[-71.996116,-41.943842],[-71.992405,-41.940508],[-71.994382,-41.936029],[-72.000071,-41.934883],[-72.003782,-41.938216]]]},"properties":{"comuna":"Cochamó","mancha_id":"10103-88ce85908bfffff","clase":"Bajo","nivel_medio":1.319,"nivel_medio_min":1.304,"nivel_medio_max":1.334,"pct_alto":24.6,"n_hexagonos":2,"area_ha":128.32}},{"type":"Feature","geometry":{"type":"Polygon","coordinates":[[[-71.965441,-41.966337],[-71.963461,-41.970816],[-71.967171,-41.974151],[-71.96519,-41.97863],[-71.959499,-41.979773],[-71.957518,-41.984251],[-71.961228,-41.987587],[-71.96692,-41.986444],[-71.970632,-41.98978],[-71.976325,-41.988637],[-71.980037,-41.991973],[-71.978057,-41.996452],[-71.972363,-41.997596],[-71.968651,-41.99426],[-71.962958,-41.995402],[-71.959246,-41.992066],[-71.953554,-41.993208],[-71.949844,-41.989872],[-71.951826,-41.985394],[-71.948117,-41.982058],[-71.950099,-41.97758],[-71.94639,-41.974244],[-71.948372,-41.969766],[-71.944664,-41.966431],[-71.946646,-41.961953],[-71.952335,-41.96081],[-71.954315,-41.956333],[-71.960004,-41.955189],[-71.963713,-41.958524],[-71.969402,-41.95738],[-71.971381,-41.952901],[-71.97707,-41.951757],[-71.98078,-41.955091],[-71.978801,-41.95957],[-71.982512,-41.962905],[-71.988203,-41.96176],[-71.991915,-41.965095],[-71.989936,-41.969574],[-71.993649,-41.972909],[-71.99167,-41.977389],[-71.985977,-41.978534],[-71.983998,-41.983013],[-71.978305,-41.984157],[-71.974593,-41.980822],[-71.976573,-41.976343],[-71.982265,-41.975199],[-71.984244,-41.970719],[-71.980533,-41.967384],[-71.974842,-41.968528],[-71.971132,-41.965193],[-71.965441,-41.966337]]]},"properties":{"comuna":"Cochamó","mancha_id":"10103-88ce859011fffff","clase":"Bajo","nivel_medio":1.104,"nivel_medio_min":0.688,"nivel_medio_max":1.355,"pct_alto":10.4,"n_hexagonos":15,"area_ha":962.1}},{"type":"Feature","geometry":{"type":"Polygon","coordinates":[[[-71.9407,-41.975386],[-71.938718,-41.979864],[-71.942426,-41.9832],[-71.940444,-41.987678],[-71.934752,-41.988819],[-71.932769,-41.993297],[-71.936478,-41.996633],[-71.934494,-42.001111],[-71.928802,-42.002252],[-71.925094,-41.998915],[-71.927078,-41.994438],[-71.923371,-41.991101],[-71.91768,-41.992241],[-71.913974,-41.988905],[-71.915958,-41.984428],[-71.912253,-41.981092],[-71.906564,-41.982232],[-71.90286,-41.978895],[-71.904844,-41.974419],[-71.901141,-41.971083],[-71.895453,-41.972223],[-71.891751,-41.968887],[-71.886064,-41.970026],[-71.884079,-41.974501],[-71.887781,-41.977838],[-71.885795,-41.982313],[-71.880107,-41.983451],[-71.876406,-41.980115],[-71.870718,-41.981253],[-71.867018,-41.977916],[-71.869005,-41.973442],[-71.874691,-41.972303],[-71.876677,-41.967829],[-71.872977,-41.964493],[-71.874963,-41.960018],[-71.880648,-41.958879],[-71.882633,-41.954404],[-71.878934,-41.951069],[-71.880919,-41.946594],[-71.87722,-41.943259],[-71.871536,-41.944398],[-71.869551,-41.948872],[-71.87325,-41.952208],[-71.871264,-41.956682],[-71.865579,-41.957821],[-71.863593,-41.962295],[-71.857908,-41.963432],[-71.855921,-41.967906],[-71.85962,-41.971243],[-71.857633,-41.975717],[-71.851947,-41.976854],[-71.848249,-41.973517],[-71.850236,-41.969043],[-71.846539,-41.965707],[-71.848527,-41.961234],[-71.854211,-41.960096],[-71.856197,-41.955623],[-71.861881,-41.954485],[-71.863867,-41.950011],[-71.86017,-41.946675],[-71.862156,-41.942202],[-71.867839,-41.941063],[-71.869824,-41.936589],[-71.875506,-41.93545],[-71.879205,-41.938785],[-71.884888,-41.937645],[-71.888587,-41.94098],[-71.894271,-41.93984],[-71.896254,-41.935365],[-71.901938,-41.934224],[-71.905639,-41.937559],[-71.903656,-41.942034],[-71.907357,-41.945369],[-71.905374,-41.949845],[-71.899689,-41.950985],[-71.897705,-41.955461],[-71.892019,-41.9566],[-71.890035,-41.961076],[-71.893736,-41.964411],[-71.899423,-41.963272],[-71.901407,-41.958796],[-71.907093,-41.957656],[-71.909076,-41.95318],[-71.914763,-41.952039],[-71.916745,-41.947563],[-71.922431,-41.946421],[-71.924413,-41.941945],[-71.92071,-41.93861],[-71.922692,-41.934134],[-71.928377,-41.932992],[-71.930358,-41.928515],[-71.936042,-41.927373],[-71.939746,-41.930706],[-71.937766,-41.935183],[-71.93208,-41.936326],[-71.930099,-41.940803],[-71.933803,-41.944137],[-71.939489,-41.942994],[-71.94147,-41.938517],[-71.947156,-41.937374],[-71.950862,-41.940708],[-71.948882,-41.945186],[-71.943195,-41.946329],[-71.941214,-41.950806],[-71.935527,-41.951949],[-71.931822,-41.948614],[-71.926135,-41.949756],[-71.924153,-41.954232],[-71.918466,-41.955374],[-71.916483,-41.95985],[-71.920187,-41.963186],[-71.925875,-41.962044],[-71.92958,-41.96538],[-71.935269,-41.964238],[-71.938975,-41.967573],[-71.936993,-41.972051],[-71.9407,-41.975386]],[[-71.929321,-41.97767],[-71.931304,-41.973192],[-71.927598,-41.969857],[-71.921909,-41.970998],[-71.919926,-41.975475],[-71.923632,-41.978811],[-71.929321,-41.97767]]]},"properties":{"comuna":"Cochamó","mancha_id":"10103-88ce859001fffff","clase":"Bajo","nivel_medio":1.243,"nivel_medio_min":0.612,"nivel_medio_max":1.494,"pct_alto":1.6,"n_hexagonos":40,"area_ha":2562.39}},{"type":"Feature","geometry":{"type":"Polygon","coordinates":[[[-71.965527,-41.685012],[-71.963557,-41.689486],[-71.957897,-41.690637],[-71.954207,-41.687314],[-71.956178,-41.68284],[-71.961837,-41.681689],[-71.965527,-41.685012]]]},"properties":{"comuna":"Cochamó","mancha_id":"10103-88ce858c65fffff","clase":"Bajo","nivel_medio":1.354,"nivel_medio_min":1.354,"nivel_medio_max":1.354,"pct_alto":0.3,"n_hexagonos":1,"area_ha":63.95}},{"type":"Feature","geometry":{"type":"Polygon","coordinates":[[[-71.908672,-41.708773],[-71.906697,-41.713245],[-71.901037,-41.714392],[-71.897352,-41.711067],[-71.899327,-41.706596],[-71.904986,-41.705449],[-71.908672,-41.708773]]]},"properties":{"comuna":"Cochamó","mancha_id":"10103-88ce8588d3fffff","clase":"Bajo","nivel_medio":1.412,"nivel_medio_min":1.412,"nivel_medio_max":1.412,"pct_alto":2.7,"n_hexagonos":1,"area_ha":63.9}},{"type":"Feature","geometry":{"type":"Polygon","coordinates":[[[-72.206308,-41.807276],[-72.204348,-41.811763],[-72.198664,-41.812924],[-72.19494,-41.809598],[-72.196901,-41.805112],[-72.202584,-41.803951],[-72.206308,-41.807276]]]},"properties":{"comuna":"Cochamó","mancha_id":"10103-88ce8586c9fffff","clase":"Bajo","nivel_medio":1.354,"nivel_medio_min":1.354,"nivel_medio_max":1.354,"pct_alto":43.4,"n_hexagonos":1,"area_ha":64.31}},{"type":"Feature","geometry":{"type":"Polygon","coordinates":[[[-72.178696,-41.7639],[-72.176736,-41.768385],[-72.180455,-41.771708],[-72.178495,-41.776193],[-72.172815,-41.777354],[-72.169097,-41.774029],[-72.171058,-41.769545],[-72.16734,-41.766221],[-72.169301,-41.761737],[-72.174978,-41.760576],[-72.178696,-41.7639]]]},"properties":{"comuna":"Cochamó","mancha_id":"10103-88ce8586a5fffff","clase":"Bajo","nivel_medio":1.399,"nivel_medio_min":1.392,"nivel_medio_max":1.407,"pct_alto":35.8,"n_hexagonos":2,"area_ha":128.5}},{"type":"Feature","geometry":{"type":"Polygon","coordinates":[[[-72.210422,-41.786006],[-72.208463,-41.790492],[-72.212187,-41.793817],[-72.21787,-41.792654],[-72.221594,-41.795979],[-72.219636,-41.800466],[-72.213952,-41.801628],[-72.210228,-41.798303],[-72.204544,-41.799465],[-72.200821,-41.79614],[-72.202781,-41.791654],[-72.199058,-41.788329],[-72.201018,-41.783843],[-72.206699,-41.782682],[-72.210422,-41.786006]]]},"properties":{"comuna":"Cochamó","mancha_id":"10103-88ce858689fffff","clase":"Bajo","nivel_medio":1.007,"nivel_medio_min":0.817,"nivel_medio_max":1.291,"pct_alto":6.0,"n_hexagonos":3,"area_ha":192.92}},{"type":"Feature","geometry":{"type":"Polygon","coordinates":[[[-72.181611,-41.816404],[-72.17965,-41.82089],[-72.173965,-41.822049],[-72.170244,-41.818723],[-72.172206,-41.814238],[-72.17789,-41.813079],[-72.179851,-41.808593],[-72.185534,-41.807433],[-72.189257,-41.810759],[-72.187296,-41.815244],[-72.181611,-41.816404]]]},"properties":{"comuna":"Cochamó","mancha_id":"10103-88ce858619fffff","clase":"Bajo","nivel_medio":1.258,"nivel_medio_min":1.107,"nivel_medio_max":1.41,"pct_alto":39.2,"n_hexagonos":2,"area_ha":128.57}},{"type":"Feature","geometry":{"type":"Polygon","coordinates":[[[-72.201607,-41.74696],[-72.199649,-41.751445],[-72.193971,-41.752607],[-72.190252,-41.749284],[-72.19221,-41.7448],[-72.197887,-41.743637],[-72.201607,-41.74696]]]},"properties":{"comuna":"Cochamó","mancha_id":"10103-88ce8584cbfffff","clase":"Bajo","nivel_medio":0.618,"nivel_medio_min":0.618,"nivel_medio_max":0.618,"pct_alto":15.8,"n_hexagonos":1,"area_ha":64.26}},{"type":"Feature","geometry":{"type":"Polygon","coordinates":[[[-72.230375,-41.716554],[-72.22842,-41.72104],[-72.222744,-41.722205],[-72.219024,-41.718884],[-72.22098,-41.714398],[-72.226655,-41.713233],[-72.230375,-41.716554]]]},"properties":{"comuna":"Cochamó","mancha_id":"10103-88ce85849bfffff","clase":"Bajo","nivel_medio":1.148,"nivel_medio_min":1.148,"nivel_medio_max":1.148,"pct_alto":8.0,"n_hexagonos":1,"area_ha":64.28}},{"type":"Feature","geometry":{"type":"Polygon","coordinates":[[[-71.927693,-41.876045],[-71.925714,-41.88052],[-71.920035,-41.881663],[-71.916336,-41.878332],[-71.918316,-41.873857],[-71.923994,-41.872713],[-71.927693,-41.876045]]]},"properties":{"comuna":"Cochamó","mancha_id":"10103-88ce858355fffff","clase":"Bajo","nivel_medio":1.487,"nivel_medio_min":1.487,"nivel_medio_max":1.487,"pct_alto":8.0,"n_hexagonos":1,"area_ha":64.03}},{"type":"Feature","geometry":{"type":"Polygon","coordinates":[[[-71.978063,-41.902596],[-71.976086,-41.907074],[-71.970402,-41.90822],[-71.968423,-41.912698],[-71.962739,-41.913843],[-71.959034,-41.91051],[-71.95335,-41.911655],[-71.951371,-41.916132],[-71.945687,-41.917276],[-71.943707,-41.921753],[-71.938023,-41.922896],[-71.93432,-41.919563],[-71.928636,-41.920706],[-71.924934,-41.917372],[-71.919251,-41.918515],[-71.91555,-41.915181],[-71.909868,-41.916323],[-71.906168,-41.91299],[-71.900486,-41.914131],[-71.896788,-41.910798],[-71.89877,-41.906323],[-71.904451,-41.905181],[-71.906432,-41.900706],[-71.912113,-41.899564],[-71.914094,-41.895089],[-71.919774,-41.893946],[-71.921754,-41.889471],[-71.927434,-41.888327],[-71.931134,-41.89166],[-71.929154,-41.896135],[-71.932856,-41.899468],[-71.938537,-41.898324],[-71.940516,-41.893848],[-71.946198,-41.892704],[-71.9499,-41.896036],[-71.947921,-41.900512],[-71.951625,-41.903845],[-71.957308,-41.9027],[-71.961012,-41.906033],[-71.966696,-41.904888],[-71.968674,-41.90041],[-71.974357,-41.899264],[-71.978063,-41.902596]]]},"properties":{"comuna":"Cochamó","mancha_id":"10103-88ce858241fffff","clase":"Bajo","nivel_medio":1.328,"nivel_medio_min":0.957,"nivel_medio_max":1.495,"pct_alto":4.8,"n_hexagonos":19,"area_ha":1217.15}},{"type":"Feature","geometry":{"type":"Polygon","coordinates":[[[-71.967697,-41.855744],[-71.965721,-41.860221],[-71.960042,-41.861368],[-71.958065,-41.865844],[-71.961767,-41.869175],[-71.967447,-41.868029],[-71.969423,-41.863552],[-71.975103,-41.862405],[-71.977078,-41.857928],[-71.982757,-41.85678],[-71.986462,-41.860111],[-71.984486,-41.864588],[-71.978806,-41.865736],[-71.97683,-41.870213],[-71.97115,-41.87136],[-71.969174,-41.875837],[-71.963493,-41.876983],[-71.95979,-41.873652],[-71.95411,-41.874797],[-71.950409,-41.871466],[-71.952386,-41.86699],[-71.948685,-41.863659],[-71.950663,-41.859183],[-71.956341,-41.858037],[-71.958318,-41.853561],[-71.963995,-41.852414],[-71.967697,-41.855744]]]},"properties":{"comuna":"Cochamó","mancha_id":"10103-88ce858049fffff","clase":"Bajo","nivel_medio":1.374,"nivel_medio_min":1.21,"nivel_medio_max":1.496,"pct_alto":3.4,"n_hexagonos":6,"area_ha":384.42}},{"type":"Feature","geometry":{"type":"Polygon","coordinates":[[[-72.158862,-41.372394],[-72.160809,-41.367917],[-72.163034,-41.367455],[-72.163046,-41.367468],[-72.164125,-41.368852],[-72.164922,-41.369907],[-72.165392,-41.370447],[-72.165603,-41.370963],[-72.16572,-41.37168],[-72.16711,-41.37452],[-72.167231,-41.374729],[-72.162551,-41.375701],[-72.158862,-41.372394]]]},"properties":{"comuna":"Cochamó","mancha_id":"10103-88ce853347fffff","clase":"Bajo","nivel_medio":0.64,"nivel_medio_min":0.64,"nivel_medio_max":0.64,"pct_alto":21.0,"n_hexagonos":1,"area_ha":38.5}},{"type":"Feature","geometry":{"type":"Polygon","coordinates":[[[-71.895431,-41.365847],[-71.89349,-41.370263],[-71.88961,-41.37106],[-71.88935,-41.37045],[-71.889393,-41.368971],[-71.889251,-41.36807],[-71.889846,-41.367499],[-71.890798,-41.36688],[-71.891893,-41.366333],[-71.893368,-41.366024],[-71.894914,-41.365952],[-71.895431,-41.365847]]]},"properties":{"comuna":"Cochamó","mancha_id":"10103-88ce850e6dfffff","clase":"Bajo","nivel_medio":1.015,"nivel_medio_min":1.015,"nivel_medio_max":1.015,"pct_alto":30.6,"n_hexagonos":1,"area_ha":19.01}},{"type":"Feature","geometry":{"type":"Polygon","coordinates":[[[-71.901363,-41.362645],[-71.902023,-41.362486],[-71.902648,-41.362335],[-71.903909,-41.362431],[-71.90567,-41.362978],[-71.906883,-41.363002],[-71.907978,-41.362621],[-71.908834,-41.362169],[-71.909178,-41.361944],[-71.910759,-41.362756],[-71.911959,-41.363156],[-71.91036,-41.366795],[-71.904737,-41.367952],[-71.901075,-41.364642],[-71.896484,-41.365586],[-71.896913,-41.365429],[-71.897675,-41.365262],[-71.898912,-41.364429],[-71.899792,-41.363858],[-71.901363,-41.362645]]]},"properties":{"comuna":"Cochamó","mancha_id":"10103-88ce850e61fffff","clase":"Bajo","nivel_medio":1.388,"nivel_medio_min":1.026,"nivel_medio_max":1.422,"pct_alto":33.8,"n_hexagonos":2,"area_ha":43.75}},{"type":"Feature","geometry":{"type":"Polygon","coordinates":[[[-72.147384,-41.386994],[-72.153021,-41.385825],[-72.154968,-41.381348],[-72.160605,-41.380178],[-72.164295,-41.383485],[-72.168021,-41.382711],[-72.168414,-41.383377],[-72.168327,-41.383719],[-72.168319,-41.383753],[-72.167989,-41.38401],[-72.16676,-41.38477],[-72.166718,-41.384802],[-72.164774,-41.386288],[-72.163853,-41.387014],[-72.16293,-41.38812],[-72.163139,-41.388671],[-72.163347,-41.38922],[-72.163843,-41.390323],[-72.163932,-41.390491],[-72.164209,-41.391011],[-72.16476,-41.391477],[-72.16564,-41.392],[-72.165703,-41.392042],[-72.164091,-41.395747],[-72.158453,-41.396917],[-72.156505,-41.401394],[-72.160196,-41.404702],[-72.165835,-41.403533],[-72.167783,-41.399055],[-72.173422,-41.397885],[-72.177115,-41.401193],[-72.175168,-41.405671],[-72.178861,-41.408979],[-72.176914,-41.413457],[-72.180608,-41.416765],[-72.178661,-41.421244],[-72.182356,-41.424553],[-72.180408,-41.429032],[-72.174766,-41.430201],[-72.171071,-41.426892],[-72.165429,-41.428061],[-72.161736,-41.424752],[-72.163684,-41.420274],[-72.169325,-41.419105],[-72.171273,-41.414627],[-72.16758,-41.411319],[-72.16194,-41.412488],[-72.159992,-41.416966],[-72.154351,-41.418135],[-72.152402,-41.422612],[-72.146762,-41.42378],[-72.143071,-41.420471],[-72.137431,-41.421639],[-72.133741,-41.41833],[-72.128101,-41.419497],[-72.124413,-41.416188],[-72.126363,-41.411712],[-72.132001,-41.410545],[-72.135691,-41.413853],[-72.14133,-41.412685],[-72.14502,-41.415994],[-72.15066,-41.414826],[-72.152608,-41.410349],[-72.148918,-41.40704],[-72.150866,-41.402563],[-72.147176,-41.399255],[-72.149125,-41.394778],[-72.145435,-41.39147],[-72.147384,-41.386994]]]},"properties":{"comuna":"Cochamó","mancha_id":"10103-88ce85069bfffff","clase":"Bajo","nivel_medio":1.17,"nivel_medio_min":0.557,"nivel_medio_max":1.47,"pct_alto":4.8,"n_hexagonos":16,"area_ha":968.53}},{"type":"Feature","geometry":{"type":"Polygon","coordinates":[[[-71.95354,-41.386358],[-71.952894,-41.386491],[-71.949226,-41.383181],[-71.949511,-41.382531],[-71.95087,-41.38411],[-71.952665,-41.38587],[-71.95315,-41.38614],[-71.95354,-41.386358]]]},"properties":{"comuna":"Cochamó","mancha_id":"10103-88ce85056dfffff","clase":"Bajo","nivel_medio":0.721,"nivel_medio_min":0.721,"nivel_medio_max":0.721,"pct_alto":19.2,"n_hexagonos":1,"area_ha":2.09}},{"type":"Feature","geometry":{"type":"Polygon","coordinates":[[[-71.976005,-41.380489],[-71.975406,-41.381855],[-71.97398,-41.382149],[-71.974091,-41.381836],[-71.97439,-41.38092],[-71.976005,-41.380489]]]},"properties":{"comuna":"Cochamó","mancha_id":"10103-88ce85056bfffff","clase":"Bajo","nivel_medio":1.434,"nivel_medio_min":1.434,"nivel_medio_max":1.434,"pct_alto":44.8,"n_hexagonos":1,"area_ha":1.66}},{"type":"Feature","geometry":{"type":"Polygon","coordinates":[[[-71.962191,-41.388642],[-71.958522,-41.385332],[-71.956797,-41.385687],[-71.95714,-41.385451],[-71.957799,-41.384823],[-71.95842,-41.38447],[-71.958832,-41.384624],[-71.961127,-41.385483],[-71.96215,-41.38586],[-71.96443,-41.38609],[-71.96687,-41.3862],[-71.968411,-41.386132],[-71.967819,-41.387483],[-71.962191,-41.388642]]]},"properties":{"comuna":"Cochamó","mancha_id":"10103-88ce850569fffff","clase":"Bajo","nivel_medio":0.818,"nivel_medio_min":0.721,"nivel_medio_max":0.823,"pct_alto":18.4,"n_hexagonos":2,"area_ha":17.63}},{"type":"Feature","geometry":{"type":"Polygon","coordinates":[[[-72.008905,-41.363812],[-72.007462,-41.367112],[-72.002703,-41.368094],[-72.003241,-41.367687],[-72.003253,-41.367678],[-72.003319,-41.367629],[-72.003337,-41.367615],[-72.00337,-41.36759],[-72.003437,-41.367534],[-72.003594,-41.367402],[-72.003614,-41.367385],[-72.003838,-41.367197],[-72.004078,-41.366995],[-72.004225,-41.366872],[-72.004236,-41.366855],[-72.00424,-41.366849],[-72.004589,-41.366326],[-72.004822,-41.365807],[-72.00641,-41.3641],[-72.006847,-41.363912],[-72.007392,-41.363808],[-72.00803,-41.36382],[-72.008716,-41.363814],[-72.008905,-41.363812]]]},"properties":{"comuna":"Cochamó","mancha_id":"10103-88ce85051dfffff","clase":"Bajo","nivel_medio":0.695,"nivel_medio_min":0.695,"nivel_medio_max":0.695,"pct_alto":22.7,"n_hexagonos":1,"area_ha":10.54}},{"type":"Feature","geometry":{"type":"Polygon","coordinates":[[[-72.12937,-41.345944],[-72.135001,-41.344774],[-72.135765,-41.343019],[-72.135834,-41.343749],[-72.135782,-41.344329],[-72.135495,-41.345017],[-72.13548,-41.345204],[-72.135438,-41.345734],[-72.135438,-41.346307],[-72.1356,-41.34682],[-72.136925,-41.3465],[-72.138268,-41.346176],[-72.141367,-41.345687],[-72.14378,-41.34519],[-72.14502,-41.345298],[-72.144319,-41.34691],[-72.138686,-41.34808],[-72.136739,-41.352556],[-72.131106,-41.353725],[-72.127422,-41.350419],[-72.12937,-41.345944]]]},"properties":{"comuna":"Cochamó","mancha_id":"10103-88ce8504d3fffff","clase":"Bajo","nivel_medio":1.391,"nivel_medio_min":1.208,"nivel_medio_max":1.428,"pct_alto":44.7,"n_hexagonos":2,"area_ha":75.48}},{"type":"Feature","geometry":{"type":"Polygon","coordinates":[[[-72.110526,-41.353924],[-72.114209,-41.357231],[-72.119842,-41.356062],[-72.123526,-41.359369],[-72.129159,-41.3582],[-72.132844,-41.361507],[-72.138477,-41.360338],[-72.142164,-41.363644],[-72.140216,-41.36812],[-72.134582,-41.369289],[-72.130896,-41.365982],[-72.125262,-41.367151],[-72.123313,-41.371626],[-72.126999,-41.374933],[-72.12505,-41.379409],[-72.128736,-41.382716],[-72.134372,-41.381548],[-72.138059,-41.384855],[-72.13611,-41.389331],[-72.130474,-41.3905],[-72.128524,-41.394976],[-72.122888,-41.396143],[-72.119201,-41.392835],[-72.113565,-41.394002],[-72.10988,-41.390694],[-72.11183,-41.386219],[-72.117465,-41.385052],[-72.119415,-41.380577],[-72.11573,-41.377269],[-72.110095,-41.378436],[-72.108145,-41.382911],[-72.102511,-41.384078],[-72.098827,-41.38077],[-72.100778,-41.376296],[-72.106411,-41.375129],[-72.108361,-41.370654],[-72.104678,-41.367347],[-72.106628,-41.362873],[-72.102945,-41.359566],[-72.104895,-41.355092],[-72.110526,-41.353924]]]},"properties":{"comuna":"Cochamó","mancha_id":"10103-88ce8504c3fffff","clase":"Bajo","nivel_medio":1.094,"nivel_medio_min":0.553,"nivel_medio_max":1.498,"pct_alto":4.9,"n_hexagonos":13,"area_ha":831.14}},{"type":"Feature","geometry":{"type":"Polygon","coordinates":[[[-72.097968,-41.323973],[-72.103596,-41.322805],[-72.104716,-41.323811],[-72.103892,-41.326734],[-72.10311,-41.32859],[-72.103854,-41.330311],[-72.104181,-41.330822],[-72.099699,-41.331752],[-72.09602,-41.328446],[-72.097968,-41.323973]]]},"properties":{"comuna":"Cochamó","mancha_id":"10103-88ce8504bdfffff","clase":"Bajo","nivel_medio":1.261,"nivel_medio_min":1.261,"nivel_medio_max":1.261,"pct_alto":40.9,"n_hexagonos":1,"area_ha":49.02}},{"type":"Feature","geometry":{"type":"Polygon","coordinates":[[[-72.079135,-41.331948],[-72.073507,-41.333115],[-72.071557,-41.337587],[-72.067586,-41.33841],[-72.067551,-41.338347],[-72.067412,-41.3379],[-72.06729,-41.33751],[-72.06856,-41.33652],[-72.069307,-41.335764],[-72.06952,-41.334912],[-72.06953,-41.33378],[-72.07019,-41.33123],[-72.070457,-41.33044],[-72.070487,-41.330399],[-72.07111,-41.32955],[-72.07218,-41.329184],[-72.07286,-41.32858],[-72.073673,-41.327939],[-72.075,-41.32752],[-72.07845,-41.32708],[-72.07797,-41.32617],[-72.07743,-41.32536],[-72.077186,-41.324945],[-72.077161,-41.324221],[-72.077408,-41.32417],[-72.077885,-41.323076],[-72.07895,-41.32235],[-72.081992,-41.320332],[-72.084658,-41.318661],[-72.084757,-41.318578],[-72.084984,-41.31853],[-72.088662,-41.321836],[-72.086713,-41.326308],[-72.081085,-41.327476],[-72.079135,-41.331948]]]},"properties":{"comuna":"Cochamó","mancha_id":"10103-88ce8504a5fffff","clase":"Bajo","nivel_medio":1.168,"nivel_medio_min":0.631,"nivel_medio_max":1.311,"pct_alto":36.8,"n_hexagonos":3,"area_ha":119.96}},{"type":"Feature","geometry":{"type":"Polygon","coordinates":[[[-72.10706,-41.338363],[-72.109009,-41.333889],[-72.107809,-41.332812],[-72.10831,-41.33286],[-72.110898,-41.333015],[-72.1114,-41.333277],[-72.111481,-41.333376],[-72.112067,-41.334089],[-72.11261,-41.33484],[-72.117212,-41.335032],[-72.12077,-41.33518],[-72.12164,-41.33478],[-72.12343,-41.33347],[-72.12395,-41.33274],[-72.1249,-41.332134],[-72.12518,-41.332032],[-72.12395,-41.334857],[-72.11832,-41.336026],[-72.116372,-41.340501],[-72.110742,-41.341669],[-72.10706,-41.338363]]]},"properties":{"comuna":"Cochamó","mancha_id":"10103-88ce850483fffff","clase":"Bajo","nivel_medio":1.271,"nivel_medio_min":0.783,"nivel_medio_max":1.323,"pct_alto":37.4,"n_hexagonos":3,"area_ha":64.84}},{"type":"Feature","geometry":{"type":"Polygon","coordinates":[[[-72.058122,-41.356642],[-72.052492,-41.357806],[-72.049935,-41.355506],[-72.049967,-41.355511],[-72.051324,-41.355845],[-72.052431,-41.356054],[-72.05358,-41.356138],[-72.055041,-41.356179],[-72.056106,-41.356138],[-72.056775,-41.355887],[-72.05713,-41.35555],[-72.056844,-41.354642],[-72.05667,-41.354133],[-72.056733,-41.35336],[-72.057004,-41.35265],[-72.057464,-41.351857],[-72.057819,-41.35146],[-72.058299,-41.351042],[-72.058613,-41.350856],[-72.059427,-41.350374],[-72.06035,-41.35006],[-72.062162,-41.348766],[-72.063144,-41.347889],[-72.06431,-41.34677],[-72.064668,-41.345508],[-72.065219,-41.344342],[-72.067655,-41.346532],[-72.065703,-41.351004],[-72.060074,-41.35217],[-72.058122,-41.356642]]]},"properties":{"comuna":"Cochamó","mancha_id":"10103-88ce850437fffff","clase":"Bajo","nivel_medio":0.733,"nivel_medio_min":0.601,"nivel_medio_max":0.822,"pct_alto":23.4,"n_hexagonos":2,"area_ha":45.35}},{"type":"Feature","geometry":{"type":"Polygon","coordinates":[[[-72.026067,-41.371404],[-72.020438,-41.372567],[-72.017497,-41.369919],[-72.018983,-41.37074],[-72.01962,-41.3708],[-72.020583,-41.370802],[-72.02172,-41.37054],[-72.023718,-41.36968],[-72.024715,-41.369348],[-72.02549,-41.36926],[-72.026273,-41.369369],[-72.026972,-41.369334],[-72.026067,-41.371404]]]},"properties":{"comuna":"Cochamó","mancha_id":"10103-88ce850425fffff","clase":"Bajo","nivel_medio":1.298,"nivel_medio_min":1.298,"nivel_medio_max":1.298,"pct_alto":40.3,"n_hexagonos":1,"area_ha":13.42}},{"type":"Feature","geometry":{"type":"Polygon","coordinates":[[[-72.082148,-41.372013],[-72.080196,-41.376487],[-72.083878,-41.379795],[-72.081926,-41.384268],[-72.085608,-41.387577],[-72.083656,-41.392051],[-72.087339,-41.395359],[-72.085387,-41.399833],[-72.079751,-41.400998],[-72.076069,-41.397689],[-72.070435,-41.398854],[-72.066753,-41.395545],[-72.068706,-41.391072],[-72.065026,-41.387763],[-72.066979,-41.38329],[-72.063299,-41.379982],[-72.065252,-41.375509],[-72.070884,-41.374344],[-72.072836,-41.369871],[-72.078467,-41.368706],[-72.080419,-41.364233],[-72.076739,-41.360925],[-72.07869,-41.356452],[-72.075011,-41.353145],[-72.076962,-41.348673],[-72.082592,-41.347506],[-72.086271,-41.350813],[-72.084321,-41.355286],[-72.088001,-41.358593],[-72.08605,-41.363066],[-72.089731,-41.366374],[-72.08778,-41.370847],[-72.082148,-41.372013]]]},"properties":{"comuna":"Cochamó","mancha_id":"10103-88ce850411fffff","clase":"Bajo","nivel_medio":1.353,"nivel_medio_min":1.062,"nivel_medio_max":1.484,"pct_alto":3.9,"n_hexagonos":10,"area_ha":638.88}},{"type":"Feature","geometry":{"type":"Polygon","coordinates":[[[-71.859266,-41.482905],[-71.857297,-41.487371],[-71.860962,-41.490686],[-71.858993,-41.495152],[-71.862659,-41.498468],[-71.860689,-41.502934],[-71.855054,-41.504084],[-71.851388,-41.500768],[-71.845753,-41.501917],[-71.844188,-41.505463],[-71.843735,-41.504835],[-71.842985,-41.503443],[-71.842022,-41.502587],[-71.84088,-41.502194],[-71.839024,-41.501516],[-71.838211,-41.500569],[-71.838021,-41.499656],[-71.838116,-41.499411],[-71.838557,-41.498274],[-71.838706,-41.497292],[-71.839806,-41.495865],[-71.839985,-41.494497],[-71.840817,-41.493128],[-71.840698,-41.491909],[-71.839968,-41.490907],[-71.840396,-41.49082],[-71.842366,-41.486355],[-71.847999,-41.485205],[-71.849968,-41.48074],[-71.855601,-41.47959],[-71.859266,-41.482905]]]},"properties":{"comuna":"Cochamó","mancha_id":"10103-88ce850319fffff","clase":"Bajo","nivel_medio":1.342,"nivel_medio_min":1.172,"nivel_medio_max":1.448,"pct_alto":0.8,"n_hexagonos":7,"area_ha":363.04}},{"type":"Feature","geometry":{"type":"Polygon","coordinates":[[[-71.877866,-41.487233],[-71.875898,-41.4917],[-71.870263,-41.492851],[-71.866597,-41.489535],[-71.868565,-41.485069],[-71.874199,-41.483918],[-71.877866,-41.487233]]]},"properties":{"comuna":"Cochamó","mancha_id":"10103-88ce850221fffff","clase":"Bajo","nivel_medio":1.443,"nivel_medio_min":1.443,"nivel_medio_max":1.443,"pct_alto":8.0,"n_hexagonos":1,"area_ha":63.72}},{"type":"Feature","geometry":{"type":"Polygon","coordinates":[[[-71.886269,-41.444874],[-71.884303,-41.44934],[-71.878672,-41.450493],[-71.876705,-41.454959],[-71.871074,-41.456111],[-71.869107,-41.460577],[-71.863475,-41.461728],[-71.859811,-41.458414],[-71.85418,-41.459565],[-71.852212,-41.46403],[-71.855875,-41.467344],[-71.853906,-41.47181],[-71.848274,-41.47296],[-71.846305,-41.477425],[-71.840673,-41.478575],[-71.83703,-41.475277],[-71.837706,-41.473949],[-71.837886,-41.473276],[-71.83898,-41.470795],[-71.844612,-41.469645],[-71.846581,-41.46518],[-71.842919,-41.461866],[-71.844888,-41.457401],[-71.843487,-41.456133],[-71.843754,-41.45558],[-71.844277,-41.454295],[-71.843897,-41.452391],[-71.84268,-41.450792],[-71.842231,-41.450202],[-71.840708,-41.448965],[-71.839378,-41.446973],[-71.838933,-41.446432],[-71.839535,-41.446309],[-71.841503,-41.441845],[-71.847132,-41.440694],[-71.8491,-41.43623],[-71.84544,-41.432917],[-71.839812,-41.434068],[-71.838234,-41.437647],[-71.83701,-41.43657],[-71.835928,-41.435266],[-71.8356,-41.433855],[-71.835906,-41.433055],[-71.837328,-41.431818],[-71.837792,-41.431414],[-71.840111,-41.430047],[-71.842374,-41.429405],[-71.84466,-41.429174],[-71.846469,-41.428913],[-71.847255,-41.428798],[-71.849253,-41.428508],[-71.850823,-41.427771],[-71.850858,-41.427746],[-71.853084,-41.4262],[-71.853667,-41.425865],[-71.854368,-41.425462],[-71.856124,-41.424826],[-71.858789,-41.424484],[-71.859969,-41.424198],[-71.861111,-41.423646],[-71.862012,-41.422936],[-71.86234,-41.422678],[-71.864243,-41.421536],[-71.865552,-41.420299],[-71.865829,-41.41892],[-71.866028,-41.417444],[-71.866161,-41.41649],[-71.866171,-41.41642],[-71.866718,-41.415516],[-71.867241,-41.414755],[-71.868328,-41.413257],[-71.869741,-41.411199],[-71.86993,-41.410924],[-71.870858,-41.409925],[-71.870858,-41.409044],[-71.870762,-41.408322],[-71.870534,-41.407789],[-71.87021,-41.407066],[-71.869848,-41.406723],[-71.869166,-41.405658],[-71.868241,-41.404595],[-71.86819,-41.404514],[-71.868493,-41.403826],[-71.867359,-41.4028],[-71.867336,-41.402191],[-71.867003,-41.401263],[-71.86648,-41.401073],[-71.866075,-41.400407],[-71.865615,-41.399718],[-71.865381,-41.399269],[-71.866512,-41.396701],[-71.867053,-41.39636],[-71.868955,-41.395814],[-71.871285,-41.39513],[-71.871953,-41.394934],[-71.872592,-41.394512],[-71.873071,-41.394196],[-71.874953,-41.393409],[-71.876952,-41.392267],[-71.877352,-41.391564],[-71.877187,-41.390746],[-71.876664,-41.390104],[-71.876587,-41.389981],[-71.876022,-41.38908],[-71.875998,-41.388581],[-71.876545,-41.387129],[-71.87714,-41.385868],[-71.877663,-41.384964],[-71.878068,-41.384203],[-71.878376,-41.383309],[-71.879591,-41.382908],[-71.87983,-41.382872],[-71.880614,-41.382751],[-71.881352,-41.382751],[-71.882422,-41.382251],[-71.883921,-41.381157],[-71.884992,-41.380752],[-71.886991,-41.380276],[-71.887834,-41.37936],[-71.888164,-41.377928],[-71.889564,-41.379193],[-71.895188,-41.378038],[-71.89885,-41.381349],[-71.904475,-41.380193],[-71.908137,-41.383503],[-71.913763,-41.382347],[-71.917427,-41.385657],[-71.923053,-41.384501],[-71.926718,-41.387811],[-71.924757,-41.392278],[-71.928423,-41.395588],[-71.926461,-41.400055],[-71.920833,-41.401212],[-71.918871,-41.405678],[-71.922537,-41.40899],[-71.928166,-41.407833],[-71.931833,-41.411144],[-71.937462,-41.409988],[-71.941131,-41.413299],[-71.946761,-41.412142],[-71.95043,-41.415453],[-71.948469,-41.419921],[-71.95214,-41.423233],[-71.950178,-41.427701],[-71.953849,-41.431013],[-71.959482,-41.429856],[-71.961443,-41.425387],[-71.957771,-41.422075],[-71.959732,-41.417606],[-71.956061,-41.414295],[-71.958022,-41.409827],[-71.954352,-41.406516],[-71.956312,-41.402047],[-71.961942,-41.400889],[-71.965612,-41.4042],[-71.971242,-41.403041],[-71.973201,-41.398572],[-71.978831,-41.397412],[-71.982503,-41.400722],[-71.988134,-41.399563],[-71.991807,-41.402873],[-71.997439,-41.401713],[-72.001113,-41.405023],[-71.999155,-41.409493],[-72.00283,-41.412803],[-72.008463,-41.411643],[-72.01042,-41.407172],[-72.016053,-41.406011],[-72.018009,-41.40154],[-72.014334,-41.39823],[-72.01629,-41.393759],[-72.021921,-41.392597],[-72.023877,-41.388126],[-72.029508,-41.386964],[-72.031463,-41.382492],[-72.037094,-41.381329],[-72.040771,-41.384638],[-72.046403,-41.383474],[-72.050081,-41.386783],[-72.048127,-41.391255],[-72.042495,-41.392419],[-72.04054,-41.396891],[-72.044218,-41.4002],[-72.042264,-41.404672],[-72.045943,-41.407982],[-72.043988,-41.412454],[-72.047668,-41.415764],[-72.053303,-41.414601],[-72.056984,-41.417911],[-72.055029,-41.422384],[-72.049393,-41.423547],[-72.045712,-41.420237],[-72.040077,-41.421399],[-72.036397,-41.418089],[-72.030762,-41.419251],[-72.028806,-41.423723],[-72.032485,-41.427034],[-72.038121,-41.425872],[-72.041801,-41.429183],[-72.039845,-41.433655],[-72.034208,-41.434817],[-72.030529,-41.431506],[-72.024893,-41.432667],[-72.021214,-41.429356],[-72.015579,-41.430517],[-72.013621,-41.434989],[-72.017299,-41.4383],[-72.015341,-41.442772],[-72.01902,-41.446083],[-72.024657,-41.444923],[-72.026615,-41.440451],[-72.032252,-41.43929],[-72.035932,-41.442601],[-72.033975,-41.447073],[-72.037657,-41.450385],[-72.035699,-41.454858],[-72.030061,-41.456019],[-72.028103,-41.460492],[-72.031784,-41.463804],[-72.029827,-41.468277],[-72.033509,-41.471589],[-72.039149,-41.470429],[-72.042833,-41.473741],[-72.048474,-41.47258],[-72.050431,-41.468106],[-72.056072,-41.466944],[-72.058028,-41.46247],[-72.054344,-41.459158],[-72.0563,-41.454685],[-72.052617,-41.451373],[-72.054573,-41.446899],[-72.05089,-41.443588],[-72.052845,-41.439115],[-72.058484,-41.437952],[-72.060439,-41.433479],[-72.066076,-41.432315],[-72.06976,-41.435626],[-72.075398,-41.434462],[-72.077352,-41.429988],[-72.073668,-41.426678],[-72.075622,-41.422204],[-72.081259,-41.421039],[-72.084944,-41.424349],[-72.090582,-41.423184],[-72.092534,-41.41871],[-72.098172,-41.417544],[-72.101858,-41.420854],[-72.099906,-41.425329],[-72.103593,-41.428639],[-72.109232,-41.427473],[-72.11292,-41.430783],[-72.110968,-41.435259],[-72.114657,-41.438569],[-72.120298,-41.437403],[-72.122249,-41.432926],[-72.127889,-41.43176],[-72.13158,-41.435069],[-72.129629,-41.439546],[-72.123987,-41.440713],[-72.122036,-41.445189],[-72.116394,-41.446355],[-72.114442,-41.450832],[-72.118132,-41.454142],[-72.123775,-41.452976],[-72.127466,-41.456287],[-72.125514,-41.460764],[-72.129206,-41.464075],[-72.127254,-41.468552],[-72.121609,-41.469718],[-72.119656,-41.474195],[-72.123349,-41.477507],[-72.121396,-41.481984],[-72.11575,-41.483149],[-72.113797,-41.487626],[-72.108151,-41.48879],[-72.106197,-41.493267],[-72.109889,-41.49658],[-72.115535,-41.495415],[-72.117489,-41.490938],[-72.123136,-41.489773],[-72.126829,-41.493086],[-72.124876,-41.497563],[-72.119229,-41.498728],[-72.117275,-41.503205],[-72.120969,-41.506518],[-72.119015,-41.510996],[-72.122709,-41.514309],[-72.128358,-41.513145],[-72.132054,-41.516458],[-72.137704,-41.515293],[-72.141401,-41.518606],[-72.147052,-41.517441],[-72.149004,-41.512962],[-72.145307,-41.509649],[-72.147259,-41.50517],[-72.152909,-41.504004],[-72.154861,-41.499525],[-72.16051,-41.498358],[-72.162461,-41.493879],[-72.16811,-41.492712],[-72.17006,-41.488233],[-72.166362,-41.484921],[-72.168313,-41.480442],[-72.164615,-41.47713],[-72.166565,-41.472651],[-72.172212,-41.471483],[-72.174162,-41.467004],[-72.170465,-41.463694],[-72.164819,-41.464862],[-72.162869,-41.469341],[-72.157223,-41.470508],[-72.153527,-41.467197],[-72.147882,-41.468364],[-72.145931,-41.472842],[-72.149626,-41.476154],[-72.147675,-41.480632],[-72.142028,-41.481799],[-72.138333,-41.478487],[-72.140285,-41.474009],[-72.136591,-41.470698],[-72.138543,-41.46622],[-72.13485,-41.462909],[-72.136801,-41.458432],[-72.133109,-41.455121],[-72.13506,-41.450644],[-72.140703,-41.449477],[-72.142654,-41.444999],[-72.148297,-41.443832],[-72.15199,-41.447142],[-72.157633,-41.445974],[-72.161327,-41.449284],[-72.166972,-41.448115],[-72.170667,-41.451425],[-72.168718,-41.455904],[-72.172414,-41.459215],[-72.17806,-41.458046],[-72.181757,-41.461356],[-72.179808,-41.465835],[-72.183506,-41.469146],[-72.181557,-41.473626],[-72.17591,-41.474794],[-72.17396,-41.479274],[-72.177659,-41.482585],[-72.175709,-41.487065],[-72.179408,-41.490376],[-72.185057,-41.489208],[-72.187006,-41.484728],[-72.183307,-41.481417],[-72.185256,-41.476937],[-72.190904,-41.475768],[-72.194604,-41.479079],[-72.192655,-41.483559],[-72.196356,-41.48687],[-72.202006,-41.485701],[-72.203954,-41.48122],[-72.209603,-41.48005],[-72.213306,-41.483361],[-72.211358,-41.487842],[-72.215061,-41.491153],[-72.220712,-41.489983],[-72.224416,-41.493294],[-72.222468,-41.497776],[-72.216817,-41.498946],[-72.214868,-41.503428],[-72.209216,-41.504598],[-72.207268,-41.509079],[-72.201615,-41.510248],[-72.199666,-41.514729],[-72.203369,-41.518042],[-72.20142,-41.522523],[-72.205124,-41.525836],[-72.203174,-41.530318],[-72.206879,-41.533631],[-72.204929,-41.538113],[-72.199274,-41.539281],[-72.197323,-41.543762],[-72.191668,-41.54493],[-72.187964,-41.541616],[-72.182309,-41.542783],[-72.180357,-41.547264],[-72.174702,-41.548431],[-72.170999,-41.545117],[-72.172951,-41.540636],[-72.16925,-41.537322],[-72.171202,-41.532842],[-72.176855,-41.531675],[-72.180557,-41.534989],[-72.186211,-41.533821],[-72.188162,-41.529341],[-72.18446,-41.526027],[-72.178806,-41.527195],[-72.175105,-41.523881],[-72.169452,-41.525048],[-72.165752,-41.521735],[-72.167704,-41.517255],[-72.164004,-41.513942],[-72.165955,-41.509463],[-72.171606,-41.508296],[-72.173557,-41.503816],[-72.179207,-41.502648],[-72.181158,-41.498168],[-72.177458,-41.494856],[-72.171808,-41.496024],[-72.169858,-41.500504],[-72.164208,-41.501671],[-72.162257,-41.50615],[-72.156607,-41.507317],[-72.154655,-41.511796],[-72.158353,-41.515109],[-72.156401,-41.519588],[-72.15075,-41.520754],[-72.148797,-41.525233],[-72.152496,-41.528547],[-72.150543,-41.533026],[-72.154242,-41.53634],[-72.152289,-41.54082],[-72.155989,-41.544134],[-72.154036,-41.548614],[-72.157737,-41.551928],[-72.155783,-41.556408],[-72.159485,-41.559723],[-72.165141,-41.558558],[-72.168844,-41.561873],[-72.166891,-41.566353],[-72.170594,-41.569669],[-72.168641,-41.574149],[-72.172345,-41.577465],[-72.178003,-41.576299],[-72.179956,-41.571818],[-72.185614,-41.570652],[-72.187566,-41.56617],[-72.193224,-41.565003],[-72.195176,-41.560522],[-72.200833,-41.559354],[-72.202784,-41.554872],[-72.208441,-41.553704],[-72.210391,-41.549222],[-72.216048,-41.548053],[-72.219756,-41.551367],[-72.217806,-41.55585],[-72.221515,-41.559164],[-72.219565,-41.563647],[-72.223274,-41.566961],[-72.221323,-41.571444],[-72.225033,-41.574759],[-72.223083,-41.579242],[-72.226793,-41.582558],[-72.232455,-41.581389],[-72.236166,-41.584704],[-72.241828,-41.583535],[-72.243777,-41.579051],[-72.240065,-41.575736],[-72.234404,-41.576905],[-72.230694,-41.57359],[-72.232643,-41.569107],[-72.228933,-41.565792],[-72.230882,-41.561309],[-72.227173,-41.557995],[-72.229122,-41.553512],[-72.234781,-41.552342],[-72.236729,-41.547859],[-72.23302,-41.544546],[-72.234968,-41.540062],[-72.23126,-41.536749],[-72.233208,-41.532266],[-72.238864,-41.531096],[-72.242573,-41.534409],[-72.240626,-41.538892],[-72.244335,-41.542205],[-72.249993,-41.541035],[-72.25194,-41.536551],[-72.24823,-41.533238],[-72.250177,-41.528754],[-72.246468,-41.525442],[-72.240812,-41.526613],[-72.237104,-41.5233],[-72.239051,-41.518818],[-72.235344,-41.515505],[-72.22969,-41.516676],[-72.225983,-41.513364],[-72.227931,-41.508881],[-72.233585,-41.507711],[-72.235532,-41.503228],[-72.241185,-41.502057],[-72.243131,-41.497574],[-72.248784,-41.496403],[-72.252492,-41.499714],[-72.250546,-41.504197],[-72.254254,-41.507508],[-72.252308,-41.511992],[-72.256017,-41.515304],[-72.261672,-41.514132],[-72.263618,-41.509648],[-72.269273,-41.508475],[-72.272984,-41.511787],[-72.278639,-41.510614],[-72.282351,-41.513925],[-72.280406,-41.51841],[-72.284119,-41.521721],[-72.282174,-41.526206],[-72.285887,-41.529518],[-72.291128,-41.528431],[-72.29116,-41.52849],[-72.29119,-41.52861],[-72.29124,-41.52873],[-72.29133,-41.52883],[-72.29142,-41.52899],[-72.29153,-41.5291],[-72.29163,-41.52925],[-72.29172,-41.52936],[-72.29186,-41.5295],[-72.29198,-41.52963],[-72.2923,-41.52986],[-72.29242,-41.52996],[-72.29257,-41.53003],[-72.292675,-41.53007],[-72.29313,-41.53026],[-72.29332,-41.5303],[-72.2935,-41.53035],[-72.29369,-41.53041],[-72.29386,-41.53049],[-72.294,-41.53057],[-72.2941,-41.53068],[-72.29424,-41.53083],[-72.29434,-41.53094],[-72.29445,-41.53099],[-72.29454,-41.53103],[-72.294563,-41.531036],[-72.29526,-41.531657],[-72.293315,-41.536143],[-72.287656,-41.537316],[-72.285711,-41.541801],[-72.280051,-41.542974],[-72.278105,-41.547459],[-72.28182,-41.550772],[-72.28748,-41.5496],[-72.291195,-41.552913],[-72.28925,-41.557398],[-72.292966,-41.560712],[-72.298628,-41.559539],[-72.302345,-41.562852],[-72.3004,-41.567339],[-72.304118,-41.570652],[-72.302172,-41.575139],[-72.305891,-41.578453],[-72.303945,-41.58294],[-72.307665,-41.586254],[-72.305719,-41.590741],[-72.309439,-41.594056],[-72.315105,-41.592883],[-72.318827,-41.596197],[-72.316881,-41.600685],[-72.311214,-41.601858],[-72.309268,-41.606345],[-72.31299,-41.609661],[-72.311043,-41.614148],[-72.305375,-41.61532],[-72.303428,-41.619808],[-72.29776,-41.62098],[-72.295812,-41.625467],[-72.299533,-41.628783],[-72.297586,-41.633271],[-72.291916,-41.634441],[-72.289968,-41.638929],[-72.284298,-41.640099],[-72.280577,-41.636782],[-72.274908,-41.637952],[-72.271188,-41.634635],[-72.273138,-41.630149],[-72.269419,-41.626832],[-72.263751,-41.628002],[-72.260034,-41.624685],[-72.261983,-41.620199],[-72.258266,-41.616883],[-72.2526,-41.618052],[-72.25065,-41.622537],[-72.254367,-41.625854],[-72.252416,-41.63034],[-72.256133,-41.633657],[-72.261801,-41.632488],[-72.26552,-41.635805],[-72.26357,-41.640291],[-72.267289,-41.643608],[-72.265338,-41.648094],[-72.259669,-41.649263],[-72.25595,-41.645945],[-72.257901,-41.64146],[-72.254183,-41.638142],[-72.248515,-41.639311],[-72.244798,-41.635993],[-72.246749,-41.631508],[-72.243033,-41.628191],[-72.237366,-41.629359],[-72.235415,-41.633844],[-72.229748,-41.635011],[-72.226033,-41.631694],[-72.227985,-41.62721],[-72.233651,-41.626042],[-72.235603,-41.621557],[-72.241268,-41.620389],[-72.243219,-41.615905],[-72.239505,-41.612588],[-72.241455,-41.608104],[-72.237741,-41.604788],[-72.232077,-41.605956],[-72.230126,-41.61044],[-72.224462,-41.611608],[-72.22251,-41.616092],[-72.226223,-41.619408],[-72.224272,-41.623893],[-72.218606,-41.62506],[-72.216654,-41.629544],[-72.210988,-41.63071],[-72.209035,-41.635194],[-72.212748,-41.638511],[-72.210794,-41.642995],[-72.205128,-41.644161],[-72.201415,-41.640843],[-72.195749,-41.642008],[-72.193794,-41.646491],[-72.188128,-41.647656],[-72.184417,-41.644338],[-72.178751,-41.645502],[-72.175042,-41.642184],[-72.169377,-41.643347],[-72.167421,-41.64783],[-72.161755,-41.648993],[-72.159798,-41.653475],[-72.154133,-41.654637],[-72.152175,-41.659119],[-72.155884,-41.662438],[-72.153926,-41.66692],[-72.148259,-41.668082],[-72.146301,-41.672564],[-72.140634,-41.673725],[-72.138675,-41.678206],[-72.133008,-41.679367],[-72.131048,-41.683848],[-72.125381,-41.685009],[-72.12342,-41.689489],[-72.127128,-41.692811],[-72.125167,-41.697292],[-72.119499,-41.698451],[-72.117537,-41.702932],[-72.121245,-41.706254],[-72.119284,-41.710735],[-72.122992,-41.714057],[-72.121031,-41.718538],[-72.12474,-41.721861],[-72.130411,-41.720701],[-72.134122,-41.724024],[-72.139794,-41.722864],[-72.143505,-41.726186],[-72.149178,-41.725026],[-72.151138,-41.720544],[-72.147426,-41.717222],[-72.149386,-41.712739],[-72.145675,-41.709418],[-72.140004,-41.710578],[-72.138044,-41.71506],[-72.132373,-41.71622],[-72.128663,-41.712898],[-72.130624,-41.708416],[-72.136294,-41.707256],[-72.138254,-41.702774],[-72.143924,-41.701614],[-72.147635,-41.704935],[-72.153305,-41.703774],[-72.157017,-41.707096],[-72.162688,-41.705934],[-72.166401,-41.709256],[-72.164442,-41.713739],[-72.168156,-41.71706],[-72.173829,-41.715899],[-72.175787,-41.711415],[-72.18146,-41.710253],[-72.183417,-41.705769],[-72.18909,-41.704606],[-72.191047,-41.700122],[-72.187332,-41.696801],[-72.18166,-41.697964],[-72.179703,-41.702448],[-72.174031,-41.70361],[-72.170318,-41.700289],[-72.164647,-41.701451],[-72.160935,-41.69813],[-72.155264,-41.699292],[-72.151553,-41.695971],[-72.145884,-41.697132],[-72.142174,-41.693811],[-72.144133,-41.689329],[-72.149802,-41.688168],[-72.153512,-41.691489],[-72.159182,-41.690327],[-72.162893,-41.693648],[-72.168563,-41.692486],[-72.170521,-41.688003],[-72.176191,-41.68684],[-72.179904,-41.69016],[-72.185574,-41.688997],[-72.189288,-41.692318],[-72.19496,-41.691154],[-72.198675,-41.694474],[-72.204347,-41.69331],[-72.208063,-41.69663],[-72.206107,-41.701115],[-72.209824,-41.704436],[-72.215498,-41.703271],[-72.217453,-41.698786],[-72.223126,-41.697621],[-72.225081,-41.693136],[-72.230754,-41.69197],[-72.234473,-41.69529],[-72.240147,-41.694124],[-72.2421,-41.689638],[-72.23838,-41.686318],[-72.232708,-41.687485],[-72.228989,-41.684165],[-72.230943,-41.67968],[-72.227225,-41.67636],[-72.229179,-41.671875],[-72.225462,-41.668556],[-72.219792,-41.669722],[-72.216076,-41.666403],[-72.21803,-41.661919],[-72.214315,-41.6586],[-72.216269,-41.654116],[-72.221937,-41.65295],[-72.225653,-41.656268],[-72.231322,-41.655101],[-72.233274,-41.650616],[-72.238943,-41.649449],[-72.24266,-41.652767],[-72.240708,-41.657252],[-72.244426,-41.660571],[-72.250096,-41.659403],[-72.253815,-41.662721],[-72.251863,-41.667208],[-72.255583,-41.670526],[-72.261255,-41.669358],[-72.264976,-41.672677],[-72.263024,-41.677163],[-72.266746,-41.680482],[-72.272419,-41.679314],[-72.276142,-41.682633],[-72.274191,-41.68712],[-72.277914,-41.690439],[-72.283589,-41.689271],[-72.28554,-41.684783],[-72.291215,-41.683614],[-72.293165,-41.679126],[-72.298839,-41.677956],[-72.300788,-41.673467],[-72.306463,-41.672297],[-72.310188,-41.675615],[-72.30824,-41.680104],[-72.311966,-41.683422],[-72.317642,-41.682252],[-72.32137,-41.68557],[-72.319421,-41.690059],[-72.32315,-41.693378],[-72.328827,-41.692207],[-72.332557,-41.695526],[-72.338235,-41.694354],[-72.341966,-41.697673],[-72.347644,-41.696501],[-72.351376,-41.699819],[-72.349429,-41.70431],[-72.353162,-41.707629],[-72.358842,-41.706457],[-72.360789,-41.701965],[-72.357056,-41.698647],[-72.359002,-41.694156],[-72.35527,-41.690837],[-72.349591,-41.69201],[-72.34586,-41.688692],[-72.340182,-41.689864],[-72.336452,-41.686545],[-72.3384,-41.682055],[-72.344077,-41.680883],[-72.346023,-41.676393],[-72.3517,-41.67522],[-72.353646,-41.670729],[-72.356012,-41.67024],[-72.35635,-41.67083],[-72.35709,-41.67139],[-72.35764,-41.6715],[-72.35791,-41.67156],[-72.35853,-41.67188],[-72.3588,-41.67188],[-72.35905,-41.672],[-72.35945,-41.67211],[-72.3596,-41.67222],[-72.35998,-41.6724],[-72.36023,-41.67247],[-72.36057,-41.67277],[-72.36103,-41.67315],[-72.36161,-41.67387],[-72.36181,-41.67402],[-72.36193,-41.67434],[-72.36205,-41.67463],[-72.362218,-41.674801],[-72.361108,-41.677364],[-72.355431,-41.678538],[-72.353485,-41.683028],[-72.357216,-41.686346],[-72.362894,-41.685173],[-72.36484,-41.680682],[-72.370518,-41.679508],[-72.374251,-41.682826],[-72.372306,-41.687317],[-72.37604,-41.690635],[-72.381719,-41.689461],[-72.385454,-41.692779],[-72.38351,-41.697271],[-72.377829,-41.698445],[-72.374095,-41.695127],[-72.368415,-41.696301],[-72.366469,-41.700792],[-72.370203,-41.704111],[-72.375884,-41.702938],[-72.379619,-41.706256],[-72.3853,-41.705082],[-72.389037,-41.708401],[-72.394719,-41.707226],[-72.398457,-41.710545],[-72.404139,-41.70937],[-72.407878,-41.712688],[-72.405934,-41.717182],[-72.409674,-41.720501],[-72.415358,-41.719326],[-72.417301,-41.714831],[-72.422985,-41.713656],[-72.426727,-41.716974],[-72.424783,-41.721469],[-72.428525,-41.724787],[-72.434211,-41.723611],[-72.437954,-41.72693],[-72.44364,-41.725753],[-72.447384,-41.729072],[-72.453071,-41.727895],[-72.456816,-41.731213],[-72.462504,-41.730036],[-72.466251,-41.733354],[-72.464309,-41.737851],[-72.468056,-41.74117],[-72.473745,-41.739992],[-72.475686,-41.735495],[-72.481375,-41.734316],[-72.485124,-41.737635],[-72.490813,-41.736456],[-72.492753,-41.731958],[-72.498442,-41.730778],[-72.500381,-41.72628],[-72.50607,-41.7251],[-72.509821,-41.728418],[-72.507883,-41.732916],[-72.502193,-41.734097],[-72.500254,-41.738595],[-72.504005,-41.741913],[-72.502065,-41.746412],[-72.496374,-41.747591],[-72.492624,-41.744272],[-72.486933,-41.745451],[-72.484993,-41.749949],[-72.488743,-41.753268],[-72.486802,-41.757766],[-72.481111,-41.758944],[-72.477361,-41.755625],[-72.479302,-41.751127],[-72.475553,-41.747808],[-72.469863,-41.748986],[-72.467921,-41.753483],[-72.462231,-41.75466],[-72.458483,-41.751341],[-72.460426,-41.746844],[-72.456679,-41.743525],[-72.45099,-41.744702],[-72.447244,-41.741382],[-72.441556,-41.742559],[-72.437812,-41.739239],[-72.432124,-41.740415],[-72.428381,-41.737096],[-72.430325,-41.732601],[-72.426582,-41.729282],[-72.420896,-41.730458],[-72.418952,-41.734952],[-72.422694,-41.738272],[-72.42075,-41.742766],[-72.424493,-41.746086],[-72.422549,-41.750581],[-72.426292,-41.753901],[-72.431981,-41.752726],[-72.435726,-41.756046],[-72.441415,-41.75487],[-72.445161,-41.75819],[-72.450851,-41.757014],[-72.454598,-41.760334],[-72.460289,-41.759157],[-72.464037,-41.762477],[-72.462094,-41.766974],[-72.456403,-41.76815],[-72.45446,-41.772647],[-72.458208,-41.775968],[-72.456265,-41.780465],[-72.460014,-41.783785],[-72.458071,-41.788283],[-72.461821,-41.791604],[-72.459877,-41.796101],[-72.454183,-41.797277],[-72.452238,-41.801774],[-72.446544,-41.802949],[-72.442794,-41.799627],[-72.4371,-41.800802],[-72.433352,-41.79748],[-72.435297,-41.792984],[-72.440991,-41.791809],[-72.442935,-41.787313],[-72.448628,-41.786137],[-72.450572,-41.781641],[-72.446824,-41.77832],[-72.441132,-41.779495],[-72.439188,-41.783991],[-72.433495,-41.785166],[-72.429749,-41.781845],[-72.424057,-41.783019],[-72.422111,-41.787515],[-72.425858,-41.790837],[-72.423912,-41.795332],[-72.418219,-41.796506],[-72.414473,-41.793184],[-72.41642,-41.788689],[-72.412674,-41.785367],[-72.414621,-41.780872],[-72.420312,-41.779698],[-72.422257,-41.775203],[-72.418512,-41.771882],[-72.420458,-41.767387],[-72.426148,-41.766212],[-72.429893,-41.769533],[-72.435583,-41.768358],[-72.439329,-41.771678],[-72.44502,-41.770503],[-72.446964,-41.766006],[-72.443217,-41.762686],[-72.437527,-41.763862],[-72.433782,-41.760541],[-72.428092,-41.761717],[-72.424348,-41.758396],[-72.418659,-41.759571],[-72.414916,-41.756251],[-72.416861,-41.751756],[-72.413118,-41.748436],[-72.407431,-41.74961],[-72.40369,-41.74629],[-72.398003,-41.747464],[-72.394263,-41.744144],[-72.388577,-41.745317],[-72.38663,-41.749811],[-72.380944,-41.750984],[-72.378997,-41.755477],[-72.382736,-41.758798],[-72.380789,-41.763291],[-72.375102,-41.764463],[-72.373154,-41.768956],[-72.367466,-41.770128],[-72.365517,-41.774621],[-72.359829,-41.775792],[-72.356091,-41.77247],[-72.350404,-41.77364],[-72.346667,-41.770319],[-72.34098,-41.771489],[-72.33903,-41.77598],[-72.342767,-41.779303],[-72.340816,-41.783795],[-72.335128,-41.784964],[-72.331392,-41.781641],[-72.333343,-41.77715],[-72.329608,-41.773828],[-72.323922,-41.774997],[-72.320187,-41.771674],[-72.314502,-41.772843],[-72.310769,-41.769521],[-72.305084,-41.770689],[-72.301352,-41.767367],[-72.303304,-41.762877],[-72.308988,-41.761708],[-72.31094,-41.757218],[-72.307208,-41.753897],[-72.30916,-41.749407],[-72.305429,-41.746085],[-72.299747,-41.747254],[-72.296017,-41.743932],[-72.290336,-41.7451],[-72.286607,-41.741779],[-72.280927,-41.742946],[-72.278973,-41.747435],[-72.273292,-41.748602],[-72.271339,-41.75309],[-72.275067,-41.756412],[-72.280748,-41.755245],[-72.284477,-41.758567],[-72.29016,-41.7574],[-72.29389,-41.760722],[-72.291937,-41.765212],[-72.295668,-41.768534],[-72.293715,-41.773024],[-72.28803,-41.774191],[-72.2843,-41.770868],[-72.278616,-41.772035],[-72.276662,-41.776524],[-72.270978,-41.77769],[-72.267249,-41.774367],[-72.269204,-41.769878],[-72.265476,-41.766555],[-72.26743,-41.762067],[-72.263703,-41.758745],[-72.265658,-41.754256],[-72.261931,-41.750934],[-72.25625,-41.7521],[-72.252525,-41.748778],[-72.25448,-41.744291],[-72.260159,-41.743125],[-72.262113,-41.738637],[-72.267793,-41.73747],[-72.269746,-41.732982],[-72.266021,-41.729661],[-72.267974,-41.725173],[-72.264249,-41.721853],[-72.266202,-41.717365],[-72.271879,-41.716198],[-72.273832,-41.71171],[-72.279509,-41.710542],[-72.28146,-41.706054],[-72.287137,-41.704886],[-72.289088,-41.700397],[-72.285363,-41.697078],[-72.279687,-41.698246],[-72.277735,-41.702734],[-72.272059,-41.703902],[-72.270107,-41.70839],[-72.264431,-41.709557],[-72.260707,-41.706237],[-72.255032,-41.707404],[-72.253078,-41.711891],[-72.256801,-41.715211],[-72.254848,-41.719699],[-72.249171,-41.720865],[-72.247217,-41.725352],[-72.25094,-41.728673],[-72.248985,-41.73316],[-72.243307,-41.734326],[-72.239584,-41.731004],[-72.241539,-41.726517],[-72.237817,-41.723196],[-72.239772,-41.71871],[-72.236051,-41.715389],[-72.238005,-41.710903],[-72.234284,-41.707582],[-72.22861,-41.708748],[-72.22489,-41.705427],[-72.219216,-41.706592],[-72.217261,-41.711077],[-72.211586,-41.712242],[-72.20963,-41.716727],[-72.203956,-41.71789],[-72.200238,-41.714569],[-72.202195,-41.710085],[-72.198478,-41.706764],[-72.192805,-41.707927],[-72.190848,-41.712411],[-72.185175,-41.713574],[-72.183217,-41.718058],[-72.186933,-41.72138],[-72.192607,-41.720217],[-72.196324,-41.723539],[-72.194367,-41.728023],[-72.188692,-41.729186],[-72.186733,-41.73367],[-72.181058,-41.734832],[-72.177342,-41.73151],[-72.171667,-41.732672],[-72.167952,-41.729349],[-72.162278,-41.73051],[-72.160318,-41.734994],[-72.154644,-41.736154],[-72.152684,-41.740637],[-72.147009,-41.741797],[-72.145048,-41.74628],[-72.139373,-41.747439],[-72.137411,-41.751922],[-72.141125,-41.755245],[-72.139163,-41.759728],[-72.142877,-41.763052],[-72.140915,-41.767535],[-72.135238,-41.768694],[-72.131524,-41.765369],[-72.125848,-41.766528],[-72.123885,-41.77101],[-72.127598,-41.774334],[-72.133275,-41.773176],[-72.136989,-41.776501],[-72.135026,-41.780984],[-72.138741,-41.784309],[-72.136778,-41.788792],[-72.131099,-41.78995],[-72.129135,-41.794433],[-72.132851,-41.797758],[-72.130887,-41.802242],[-72.134603,-41.805568],[-72.132639,-41.810051],[-72.126958,-41.811208],[-72.123242,-41.807882],[-72.117562,-41.809038],[-72.115596,-41.813521],[-72.109916,-41.814677],[-72.10795,-41.819159],[-72.111664,-41.822486],[-72.109698,-41.826969],[-72.104016,-41.828124],[-72.100302,-41.824797],[-72.094621,-41.825951],[-72.090908,-41.822624],[-72.085227,-41.823778],[-72.081515,-41.820451],[-72.075835,-41.821605],[-72.072124,-41.818277],[-72.066445,-41.819431],[-72.064476,-41.823911],[-72.068187,-41.827239],[-72.073867,-41.826086],[-72.077579,-41.829413],[-72.083259,-41.82826],[-72.086972,-41.831587],[-72.092653,-41.830433],[-72.096367,-41.833761],[-72.102049,-41.832606],[-72.105765,-41.835934],[-72.111447,-41.834779],[-72.113414,-41.830296],[-72.119096,-41.82914],[-72.122813,-41.832467],[-72.128496,-41.831311],[-72.130461,-41.826828],[-72.136144,-41.825671],[-72.139863,-41.828998],[-72.145546,-41.827841],[-72.14751,-41.823356],[-72.153193,-41.822199],[-72.156913,-41.825525],[-72.15495,-41.83001],[-72.15867,-41.833337],[-72.156707,-41.837821],[-72.160428,-41.841149],[-72.158464,-41.845634],[-72.152778,-41.846791],[-72.150813,-41.851276],[-72.154535,-41.854604],[-72.15257,-41.859089],[-72.146883,-41.860246],[-72.143162,-41.856917],[-72.137475,-41.858074],[-72.133755,-41.854746],[-72.128069,-41.855901],[-72.126103,-41.860385],[-72.120417,-41.861541],[-72.11845,-41.866024],[-72.122169,-41.869353],[-72.127856,-41.868198],[-72.129823,-41.863714],[-72.135509,-41.862558],[-72.13923,-41.865887],[-72.144918,-41.86473],[-72.14864,-41.868059],[-72.154328,-41.866902],[-72.158051,-41.870231],[-72.16374,-41.869073],[-72.165704,-41.864588],[-72.171393,-41.86343],[-72.175117,-41.866758],[-72.173153,-41.871244],[-72.167464,-41.872402],[-72.165499,-41.876888],[-72.169224,-41.880216],[-72.167259,-41.884703],[-72.170985,-41.888032],[-72.16902,-41.892518],[-72.172747,-41.895847],[-72.170781,-41.900334],[-72.174509,-41.903663],[-72.172543,-41.90815],[-72.16685,-41.909307],[-72.163123,-41.905977],[-72.165089,-41.90149],[-72.161363,-41.898161],[-72.163329,-41.893675],[-72.159603,-41.890345],[-72.161569,-41.885859],[-72.157844,-41.88253],[-72.15981,-41.878045],[-72.156086,-41.874716],[-72.150397,-41.875873],[-72.146674,-41.872544],[-72.140986,-41.8737],[-72.137264,-41.870371],[-72.131576,-41.871527],[-72.129609,-41.876011],[-72.123922,-41.877166],[-72.120201,-41.873837],[-72.114514,-41.874992],[-72.112546,-41.879475],[-72.106859,-41.880629],[-72.10314,-41.8773],[-72.097453,-41.878453],[-72.093736,-41.875124],[-72.08805,-41.876277],[-72.084334,-41.872947],[-72.086303,-41.868465],[-72.082588,-41.865136],[-72.076903,-41.866288],[-72.073189,-41.862959],[-72.075159,-41.858477],[-72.071445,-41.855148],[-72.073415,-41.850667],[-72.069702,-41.847338],[-72.06402,-41.848491],[-72.06205,-41.852972],[-72.065762,-41.856301],[-72.063792,-41.860782],[-72.058109,-41.861934],[-72.056138,-41.866415],[-72.059851,-41.869744],[-72.057879,-41.874225],[-72.061593,-41.877555],[-72.067278,-41.876404],[-72.070992,-41.879734],[-72.069022,-41.884216],[-72.063336,-41.885367],[-72.059621,-41.882037],[-72.053936,-41.883188],[-72.051964,-41.887669],[-72.046279,-41.888819],[-72.042566,-41.885488],[-72.036881,-41.886638],[-72.034908,-41.891119],[-72.029223,-41.892268],[-72.025512,-41.888937],[-72.019827,-41.890086],[-72.016118,-41.886755],[-72.010434,-41.887903],[-72.008459,-41.892383],[-72.002775,-41.89353],[-72.000799,-41.898009],[-72.004508,-41.901341],[-72.002533,-41.90582],[-71.996847,-41.906967],[-71.993139,-41.903635],[-71.995115,-41.899157],[-71.991407,-41.895825],[-71.993383,-41.891346],[-71.999067,-41.890199],[-72.001042,-41.88572],[-71.997334,-41.882389],[-71.991652,-41.883537],[-71.987946,-41.880206],[-71.989921,-41.875727],[-71.995603,-41.87458],[-71.997578,-41.870101],[-72.003259,-41.868953],[-72.005233,-41.864475],[-72.001527,-41.861145],[-72.003501,-41.856666],[-71.999795,-41.853336],[-71.994116,-41.854485],[-71.990411,-41.851155],[-71.984733,-41.852303],[-71.981029,-41.848973],[-71.983004,-41.844496],[-71.979301,-41.841166],[-71.981276,-41.836689],[-71.986953,-41.835541],[-71.990656,-41.83887],[-71.996334,-41.837722],[-71.998307,-41.833244],[-71.994604,-41.829915],[-71.996577,-41.825437],[-71.992874,-41.822109],[-71.994848,-41.817631],[-72.000523,-41.816482],[-72.002496,-41.812004],[-71.998793,-41.808677],[-71.993119,-41.809826],[-71.991145,-41.814303],[-71.985471,-41.815452],[-71.983497,-41.819929],[-71.987199,-41.823258],[-71.985225,-41.827735],[-71.979549,-41.828883],[-71.975847,-41.825554],[-71.977822,-41.821078],[-71.974121,-41.817749],[-71.968447,-41.818897],[-71.964747,-41.815568],[-71.966722,-41.811092],[-71.963024,-41.807764],[-71.957351,-41.808912],[-71.955375,-41.813387],[-71.959074,-41.816716],[-71.957098,-41.821192],[-71.951424,-41.822338],[-71.949448,-41.826814],[-71.953147,-41.830143],[-71.951171,-41.834619],[-71.95487,-41.837948],[-71.952893,-41.842424],[-71.947217,-41.84357],[-71.94524,-41.848046],[-71.939564,-41.849192],[-71.937586,-41.853667],[-71.93191,-41.854812],[-71.929931,-41.859287],[-71.924254,-41.860432],[-71.920557,-41.857101],[-71.922536,-41.852626],[-71.928212,-41.851482],[-71.93019,-41.847006],[-71.926493,-41.843676],[-71.920818,-41.844821],[-71.918839,-41.849295],[-71.913164,-41.850439],[-71.911184,-41.854914],[-71.914881,-41.858245],[-71.912901,-41.862719],[-71.916598,-41.86605],[-71.914618,-41.870525],[-71.908941,-41.871668],[-71.906961,-41.876143],[-71.901283,-41.877285],[-71.899302,-41.88176],[-71.893624,-41.882902],[-71.891642,-41.887376],[-71.885964,-41.888517],[-71.882269,-41.885184],[-71.876592,-41.886325],[-71.874609,-41.890799],[-71.868931,-41.891939],[-71.866947,-41.896412],[-71.86127,-41.897552],[-71.857576,-41.894219],[-71.85956,-41.889746],[-71.865237,-41.888606],[-71.867221,-41.884133],[-71.872897,-41.882993],[-71.87488,-41.87852],[-71.880557,-41.877379],[-71.882539,-41.872905],[-71.878845,-41.869573],[-71.873169,-41.870714],[-71.871187,-41.875187],[-71.865511,-41.876328],[-71.861818,-41.872996],[-71.863802,-41.868523],[-71.86011,-41.865191],[-71.862093,-41.860719],[-71.867767,-41.859578],[-71.869749,-41.855106],[-71.866058,-41.851774],[-71.860385,-41.852915],[-71.858402,-41.857387],[-71.852729,-41.858528],[-71.849039,-41.855196],[-71.851022,-41.850724],[-71.847333,-41.847393],[-71.841661,-41.848533],[-71.839678,-41.853004],[-71.834006,-41.854143],[-71.832021,-41.858614],[-71.83571,-41.861946],[-71.833725,-41.866418],[-71.837414,-41.86975],[-71.835429,-41.874221],[-71.839119,-41.877554],[-71.837134,-41.882025],[-71.840824,-41.885358],[-71.838839,-41.88983],[-71.833163,-41.890969],[-71.829473,-41.887635],[-71.823798,-41.888773],[-71.82011,-41.88544],[-71.814435,-41.886577],[-71.810747,-41.883244],[-71.805074,-41.884381],[-71.801387,-41.881047],[-71.795714,-41.882184],[-71.792029,-41.878851],[-71.794016,-41.874381],[-71.791551,-41.872151],[-71.791681,-41.87088],[-71.791919,-41.86975],[-71.791614,-41.868335],[-71.791581,-41.868239],[-71.792319,-41.866579],[-71.790235,-41.864693],[-71.790223,-41.864634],[-71.789896,-41.863206],[-71.789866,-41.862076],[-71.789777,-41.860827],[-71.789765,-41.860705],[-71.790622,-41.858777],[-71.796293,-41.85764],[-71.798279,-41.853171],[-71.794596,-41.849839],[-71.796582,-41.845369],[-71.802251,-41.844232],[-71.805935,-41.847564],[-71.811605,-41.846426],[-71.81529,-41.849757],[-71.820961,-41.848619],[-71.822945,-41.844149],[-71.81926,-41.840817],[-71.81359,-41.841956],[-71.809906,-41.838624],[-71.811891,-41.834155],[-71.808207,-41.830824],[-71.802539,-41.831962],[-71.800553,-41.836431],[-71.796158,-41.837313],[-71.796138,-41.837187],[-71.795734,-41.835985],[-71.794473,-41.834093],[-71.793509,-41.832047],[-71.792829,-41.831539],[-71.792493,-41.831335],[-71.793189,-41.829769],[-71.789507,-41.826438],[-71.783841,-41.827575],[-71.782705,-41.83013],[-71.780622,-41.829755],[-71.779629,-41.829659],[-71.777077,-41.829303],[-71.775411,-41.829279],[-71.773484,-41.829088],[-71.772878,-41.829016],[-71.7707,-41.828755],[-71.768511,-41.828351],[-71.767107,-41.828137],[-71.764561,-41.827685],[-71.763279,-41.827391],[-71.763135,-41.827359],[-71.762895,-41.827304],[-71.761825,-41.826471],[-71.761758,-41.8261],[-71.761563,-41.825043],[-71.760825,-41.824591],[-71.759112,-41.824377],[-71.758622,-41.824854],[-71.758232,-41.825234],[-71.756947,-41.825805],[-71.755816,-41.825826],[-71.755632,-41.825829],[-71.754306,-41.825686],[-71.753885,-41.825516],[-71.75382,-41.825457],[-71.753765,-41.825468],[-71.752354,-41.824901],[-71.751513,-41.824492],[-71.751307,-41.823949],[-71.751574,-41.823016],[-71.752027,-41.82217],[-71.752063,-41.822107],[-71.752545,-41.821379],[-71.752687,-41.820499],[-71.753259,-41.819237],[-71.753729,-41.819107],[-71.75497,-41.818764],[-71.755428,-41.818638],[-71.755662,-41.818668],[-71.756947,-41.818833],[-71.759112,-41.818666],[-71.759982,-41.818274],[-71.761539,-41.817572],[-71.762515,-41.817334],[-71.762602,-41.817315],[-71.763951,-41.817021],[-71.764585,-41.816382],[-71.764507,-41.815177],[-71.76449,-41.814907],[-71.764328,-41.813821],[-71.764326,-41.813792],[-71.765196,-41.812709],[-71.766945,-41.812118],[-71.767042,-41.812097],[-71.767464,-41.812004],[-71.767773,-41.811861],[-71.768102,-41.811546],[-71.768892,-41.81079],[-71.769391,-41.809648],[-71.769058,-41.808506],[-71.768468,-41.808073],[-71.767782,-41.80677],[-71.767607,-41.806436],[-71.767488,-41.806329],[-71.766703,-41.805627],[-71.766417,-41.804628],[-71.766131,-41.803652],[-71.766679,-41.80251],[-71.768297,-41.801177],[-71.76846,-41.801118],[-71.769419,-41.801986],[-71.775082,-41.800849],[-71.777068,-41.796381],[-71.774006,-41.793608],[-71.773865,-41.792825],[-71.773628,-41.792516],[-71.772794,-41.791422],[-71.771461,-41.789685],[-71.77051,-41.788162],[-71.769518,-41.786727],[-71.768557,-41.786119],[-71.768091,-41.785979],[-71.767749,-41.785877],[-71.7659,-41.786267],[-71.762393,-41.78309],[-71.763609,-41.783022],[-71.764394,-41.782784],[-71.765275,-41.781261],[-71.765441,-41.780309],[-71.76625,-41.778525],[-71.766465,-41.77817],[-71.770009,-41.777458],[-71.771994,-41.772991],[-71.771312,-41.772374],[-71.771604,-41.772219],[-71.773246,-41.770768],[-71.775578,-41.768531],[-71.776268,-41.767508],[-71.776387,-41.766294],[-71.776292,-41.765414],[-71.77579,-41.764092],[-71.775963,-41.764058],[-71.777947,-41.759591],[-71.776355,-41.758149],[-71.776634,-41.757757],[-71.776755,-41.757588],[-71.777226,-41.757074],[-71.777311,-41.757005],[-71.777862,-41.756562],[-71.77846,-41.755683],[-71.778553,-41.755546],[-71.778885,-41.754944],[-71.779456,-41.754516],[-71.780431,-41.754117],[-71.780908,-41.753921],[-71.781931,-41.753422],[-71.783025,-41.752365],[-71.783154,-41.752245],[-71.783262,-41.751877],[-71.78336,-41.751545],[-71.78318,-41.750013],[-71.78277,-41.749111],[-71.782651,-41.748998],[-71.783898,-41.74619],[-71.782945,-41.745328],[-71.78319,-41.744674],[-71.783921,-41.743677],[-71.783924,-41.743648],[-71.784406,-41.743023],[-71.784786,-41.742238],[-71.785096,-41.741001],[-71.785524,-41.73974],[-71.785415,-41.73858],[-71.78541,-41.738551],[-71.785223,-41.737788],[-71.787863,-41.737256],[-71.789846,-41.732789],[-71.795503,-41.731649],[-71.797484,-41.727182],[-71.803141,-41.726041],[-71.804009,-41.724085],[-71.804322,-41.724011],[-71.80494,-41.723607],[-71.806608,-41.722734],[-71.806716,-41.722678],[-71.808126,-41.722234],[-71.809014,-41.721794],[-71.809698,-41.721374],[-71.810067,-41.720716],[-71.810086,-41.720572],[-71.810152,-41.720061],[-71.810154,-41.720031],[-71.809555,-41.718946],[-71.808771,-41.717825],[-71.807915,-41.716873],[-71.807011,-41.715802],[-71.805369,-41.71397],[-71.8048,-41.713666],[-71.804599,-41.713544],[-71.803463,-41.712855],[-71.802202,-41.71257],[-71.801918,-41.712414],[-71.799754,-41.710455],[-71.799265,-41.710553],[-71.798825,-41.710163],[-71.798111,-41.709211],[-71.797326,-41.708021],[-71.796636,-41.706094],[-71.796374,-41.705356],[-71.795542,-41.704952],[-71.794304,-41.7045],[-71.793424,-41.703834],[-71.793112,-41.703661],[-71.791877,-41.702977],[-71.791716,-41.702096],[-71.791717,-41.702067],[-71.79202,-41.701407],[-71.792424,-41.700645],[-71.792567,-41.699574],[-71.792765,-41.698559],[-71.792777,-41.698512],[-71.792784,-41.698485],[-71.793208,-41.697275],[-71.793218,-41.69725],[-71.793519,-41.695743],[-71.793603,-41.695428],[-71.796368,-41.69487],[-71.800041,-41.698195],[-71.798061,-41.702662],[-71.801734,-41.705988],[-71.807389,-41.704846],[-71.811064,-41.708172],[-71.816719,-41.70703],[-71.818699,-41.702562],[-71.824354,-41.701419],[-71.826333,-41.696951],[-71.831987,-41.695808],[-71.835664,-41.699133],[-71.84132,-41.697989],[-71.844998,-41.701314],[-71.850654,-41.70017],[-71.852631,-41.695701],[-71.848953,-41.692377],[-71.85093,-41.687908],[-71.856585,-41.686763],[-71.860264,-41.690087],[-71.865919,-41.688942],[-71.867895,-41.684472],[-71.873551,-41.683327],[-71.877231,-41.68665],[-71.875256,-41.69112],[-71.878937,-41.694445],[-71.876961,-41.698915],[-71.880643,-41.702239],[-71.878667,-41.70671],[-71.88235,-41.710035],[-71.880374,-41.714505],[-71.884057,-41.71783],[-71.889717,-41.716685],[-71.893402,-41.72001],[-71.899062,-41.718863],[-71.902748,-41.722188],[-71.908409,-41.721042],[-71.910383,-41.71657],[-71.916044,-41.715422],[-71.919731,-41.718747],[-71.917757,-41.72322],[-71.921445,-41.726545],[-71.927108,-41.725397],[-71.929081,-41.720924],[-71.925393,-41.717599],[-71.927366,-41.713127],[-71.923679,-41.709802],[-71.925652,-41.70533],[-71.921965,-41.702006],[-71.923938,-41.697533],[-71.920252,-41.69421],[-71.922225,-41.689738],[-71.927883,-41.688589],[-71.93157,-41.691912],[-71.929597,-41.696385],[-71.933285,-41.699709],[-71.938945,-41.698559],[-71.942633,-41.701883],[-71.948294,-41.700734],[-71.951984,-41.704057],[-71.957645,-41.702907],[-71.961336,-41.706231],[-71.966998,-41.705081],[-71.97069,-41.708404],[-71.976353,-41.707253],[-71.978323,-41.702779],[-71.983985,-41.701627],[-71.985955,-41.697152],[-71.982262,-41.693829],[-71.9766,-41.694981],[-71.972909,-41.691658],[-71.974878,-41.687183],[-71.971187,-41.683861],[-71.973157,-41.679387],[-71.978816,-41.678235],[-71.982508,-41.681557],[-71.988168,-41.680405],[-71.991861,-41.683727],[-71.989892,-41.688202],[-71.993585,-41.691525],[-71.999247,-41.690372],[-72.001215,-41.685897],[-72.006877,-41.684744],[-72.010572,-41.688066],[-72.016234,-41.686912],[-72.018201,-41.682436],[-72.023863,-41.681282],[-72.02756,-41.684604],[-72.025594,-41.68908],[-72.01993,-41.690234],[-72.017963,-41.694711],[-72.02166,-41.698033],[-72.027324,-41.696879],[-72.031022,-41.700202],[-72.036687,-41.699047],[-72.040386,-41.70237],[-72.038419,-41.706847],[-72.032754,-41.708002],[-72.030787,-41.712479],[-72.034486,-41.715802],[-72.032519,-41.72028],[-72.026852,-41.721434],[-72.023154,-41.71811],[-72.017487,-41.719263],[-72.01379,-41.71594],[-72.015758,-41.711463],[-72.012061,-41.70814],[-72.006396,-41.709293],[-72.0027,-41.705969],[-71.997037,-41.707122],[-71.993342,-41.703799],[-71.987679,-41.704951],[-71.985709,-41.709426],[-71.980046,-41.710577],[-71.978076,-41.715052],[-71.981769,-41.718376],[-71.987434,-41.717225],[-71.991129,-41.720549],[-71.996794,-41.719397],[-72.00049,-41.722721],[-72.006156,-41.721569],[-72.009853,-41.724893],[-72.007884,-41.729369],[-72.011582,-41.732693],[-72.009613,-41.73717],[-72.013312,-41.740495],[-72.011342,-41.744972],[-72.015042,-41.748296],[-72.013072,-41.752774],[-72.016773,-41.756099],[-72.022443,-41.754947],[-72.026144,-41.758272],[-72.031815,-41.757119],[-72.033783,-41.752641],[-72.039453,-41.751488],[-72.041421,-41.747009],[-72.047091,-41.745856],[-72.049058,-41.741377],[-72.045356,-41.738053],[-72.039687,-41.739207],[-72.037719,-41.743685],[-72.032049,-41.744838],[-72.028348,-41.741514],[-72.030317,-41.737036],[-72.026616,-41.733712],[-72.028584,-41.729235],[-72.034252,-41.728081],[-72.037953,-41.731405],[-72.043621,-41.730251],[-72.045588,-41.725773],[-72.041887,-41.722449],[-72.043853,-41.717971],[-72.04952,-41.716817],[-72.053222,-41.72014],[-72.051256,-41.724618],[-72.054958,-41.727942],[-72.052992,-41.73242],[-72.056695,-41.735744],[-72.062364,-41.734589],[-72.06433,-41.73011],[-72.060627,-41.726786],[-72.062592,-41.722308],[-72.068261,-41.721152],[-72.071965,-41.724475],[-72.07,-41.728954],[-72.073704,-41.732278],[-72.079374,-41.731122],[-72.081339,-41.726642],[-72.077634,-41.723319],[-72.079598,-41.718839],[-72.075894,-41.715517],[-72.070226,-41.716673],[-72.066523,-41.71335],[-72.068487,-41.708871],[-72.074155,-41.707715],[-72.076119,-41.703236],[-72.081786,-41.702079],[-72.083749,-41.6976],[-72.080046,-41.694278],[-72.082009,-41.689799],[-72.087675,-41.688641],[-72.091379,-41.691963],[-72.097045,-41.690804],[-72.10075,-41.694126],[-72.106418,-41.692967],[-72.110124,-41.696289],[-72.115791,-41.69513],[-72.117753,-41.690649],[-72.114046,-41.687328],[-72.116007,-41.682847],[-72.121674,-41.681688],[-72.123634,-41.677207],[-72.119928,-41.673887],[-72.121888,-41.669406],[-72.118183,-41.666086],[-72.120142,-41.661606],[-72.125807,-41.660445],[-72.127766,-41.655965],[-72.124061,-41.652645],[-72.12602,-41.648165],[-72.122316,-41.644846],[-72.116653,-41.646007],[-72.114694,-41.650486],[-72.10903,-41.651647],[-72.105328,-41.648327],[-72.099665,-41.649487],[-72.095964,-41.646167],[-72.097924,-41.641688],[-72.103586,-41.640528],[-72.107288,-41.643848],[-72.11295,-41.642687],[-72.114909,-41.638208],[-72.111207,-41.634889],[-72.105546,-41.636049],[-72.101844,-41.63273],[-72.103804,-41.628251],[-72.100103,-41.624933],[-72.094444,-41.626093],[-72.090744,-41.622774],[-72.092704,-41.618296],[-72.089005,-41.614978],[-72.083347,-41.616137],[-72.07965,-41.612819],[-72.073992,-41.613978],[-72.072031,-41.618456],[-72.075728,-41.621774],[-72.073767,-41.626252],[-72.077465,-41.629571],[-72.075504,-41.634049],[-72.079202,-41.637368],[-72.077241,-41.641846],[-72.07158,-41.643004],[-72.067882,-41.639685],[-72.069844,-41.635207],[-72.066147,-41.631888],[-72.060488,-41.633046],[-72.056792,-41.629727],[-72.051133,-41.630884],[-72.04917,-41.635361],[-72.052866,-41.63868],[-72.050903,-41.643157],[-72.0546,-41.646477],[-72.052637,-41.650954],[-72.056334,-41.654275],[-72.05437,-41.658752],[-72.058068,-41.662073],[-72.06373,-41.660916],[-72.067429,-41.664236],[-72.065466,-41.668714],[-72.069166,-41.672035],[-72.067203,-41.676513],[-72.070904,-41.679834],[-72.06894,-41.684313],[-72.063275,-41.68547],[-72.059575,-41.682148],[-72.061539,-41.67767],[-72.05784,-41.674349],[-72.059804,-41.669871],[-72.056105,-41.66655],[-72.050443,-41.667707],[-72.046745,-41.664386],[-72.048709,-41.659909],[-72.045012,-41.656588],[-72.046976,-41.652111],[-72.04328,-41.648791],[-72.03762,-41.649947],[-72.035656,-41.654423],[-72.029996,-41.655579],[-72.026301,-41.652258],[-72.028266,-41.647782],[-72.033925,-41.646627],[-72.03589,-41.64215],[-72.041548,-41.640994],[-72.043512,-41.636518],[-72.039817,-41.633198],[-72.034159,-41.634354],[-72.030466,-41.631035],[-72.024809,-41.632191],[-72.022844,-41.636666],[-72.017187,-41.637822],[-72.013495,-41.634502],[-72.01546,-41.630027],[-72.021116,-41.628871],[-72.023081,-41.624396],[-72.019389,-41.621076],[-72.021353,-41.616601],[-72.027008,-41.615445],[-72.028972,-41.61097],[-72.025281,-41.607651],[-72.019626,-41.608807],[-72.015936,-41.605488],[-72.010282,-41.606644],[-72.006593,-41.603326],[-72.00094,-41.604481],[-71.998975,-41.608955],[-72.002663,-41.612274],[-72.008318,-41.611119],[-72.012007,-41.614438],[-72.010043,-41.618913],[-72.004388,-41.620068],[-72.002422,-41.624542],[-71.996767,-41.625697],[-71.993078,-41.622377],[-71.987424,-41.623531],[-71.985457,-41.628005],[-71.979802,-41.629158],[-71.977835,-41.633632],[-71.97218,-41.634785],[-71.968493,-41.631464],[-71.970461,-41.626991],[-71.976115,-41.625838],[-71.978082,-41.621365],[-71.983736,-41.620211],[-71.985702,-41.615738],[-71.991356,-41.614584],[-71.993321,-41.61011],[-71.989634,-41.606791],[-71.983981,-41.607945],[-71.982015,-41.612418],[-71.976362,-41.613572],[-71.972676,-41.610253],[-71.974643,-41.60578],[-71.970957,-41.602461],[-71.965306,-41.603614],[-71.963339,-41.608086],[-71.957687,-41.609239],[-71.954004,-41.60592],[-71.955971,-41.601448],[-71.952288,-41.598129],[-71.946638,-41.599281],[-71.942956,-41.595962],[-71.944924,-41.59149],[-71.950573,-41.590338],[-71.952541,-41.585866],[-71.948859,-41.582548],[-71.943211,-41.5837],[-71.939531,-41.580382],[-71.933883,-41.581534],[-71.930204,-41.578216],[-71.932172,-41.573745],[-71.928493,-41.570427],[-71.930461,-41.565957],[-71.936107,-41.564804],[-71.938074,-41.560334],[-71.934396,-41.557016],[-71.936363,-41.552546],[-71.932685,-41.549229],[-71.934652,-41.544759],[-71.930975,-41.541442],[-71.925332,-41.542594],[-71.923365,-41.547064],[-71.917722,-41.548216],[-71.914046,-41.544899],[-71.908404,-41.546051],[-71.90473,-41.542733],[-71.899088,-41.543885],[-71.895415,-41.540567],[-71.897383,-41.536099],[-71.893711,-41.532782],[-71.89568,-41.528314],[-71.892008,-41.524997],[-71.886369,-41.526148],[-71.8844,-41.530616],[-71.888071,-41.533933],[-71.886102,-41.538401],[-71.889773,-41.541718],[-71.887804,-41.546186],[-71.891477,-41.549504],[-71.897119,-41.548353],[-71.900792,-41.551671],[-71.898823,-41.556139],[-71.902498,-41.559457],[-71.908142,-41.558306],[-71.911817,-41.561624],[-71.917461,-41.560473],[-71.921138,-41.563791],[-71.91917,-41.568261],[-71.913524,-41.569412],[-71.909848,-41.566094],[-71.904204,-41.567245],[-71.902234,-41.571714],[-71.90591,-41.575032],[-71.90394,-41.579502],[-71.907617,-41.582821],[-71.905647,-41.58729],[-71.909324,-41.590609],[-71.914972,-41.589459],[-71.91865,-41.592778],[-71.916681,-41.597248],[-71.92036,-41.600568],[-71.926009,-41.599417],[-71.929689,-41.602736],[-71.935339,-41.601585],[-71.93902,-41.604904],[-71.94467,-41.603753],[-71.948353,-41.607072],[-71.946385,-41.611544],[-71.950068,-41.614864],[-71.948099,-41.619336],[-71.951783,-41.622656],[-71.949815,-41.627128],[-71.953499,-41.630448],[-71.951531,-41.634921],[-71.955216,-41.638242],[-71.960871,-41.63709],[-71.964557,-41.640411],[-71.970212,-41.639258],[-71.9739,-41.642579],[-71.971932,-41.647052],[-71.975621,-41.650374],[-71.981277,-41.649221],[-71.984967,-41.652542],[-71.990625,-41.651389],[-71.992592,-41.646914],[-71.998249,-41.64576],[-72.00194,-41.649081],[-71.999973,-41.653556],[-72.003665,-41.656877],[-72.009324,-41.655723],[-72.01129,-41.651248],[-72.016949,-41.650093],[-72.020642,-41.653414],[-72.018677,-41.657889],[-72.022371,-41.66121],[-72.020405,-41.665686],[-72.014745,-41.666841],[-72.011051,-41.663519],[-72.005391,-41.664673],[-72.001699,-41.661352],[-71.996039,-41.662506],[-71.994072,-41.66698],[-71.997764,-41.670302],[-71.995797,-41.674777],[-71.990136,-41.67593],[-71.986445,-41.672608],[-71.988413,-41.668133],[-71.984722,-41.664812],[-71.98669,-41.660337],[-71.982999,-41.657016],[-71.977342,-41.658169],[-71.975373,-41.662643],[-71.969715,-41.663795],[-71.967746,-41.668268],[-71.962088,-41.66942],[-71.9584,-41.666098],[-71.960369,-41.661624],[-71.956682,-41.658303],[-71.951025,-41.659454],[-71.949055,-41.663927],[-71.943398,-41.665077],[-71.939712,-41.661755],[-71.941683,-41.657283],[-71.937997,-41.653961],[-71.939968,-41.649489],[-71.936283,-41.646167],[-71.938253,-41.641695],[-71.943907,-41.640545],[-71.945877,-41.636072],[-71.942192,-41.632752],[-71.936539,-41.633903],[-71.932856,-41.630582],[-71.934826,-41.62611],[-71.931143,-41.62279],[-71.925492,-41.62394],[-71.923521,-41.628411],[-71.927203,-41.631732],[-71.925233,-41.636203],[-71.928916,-41.639525],[-71.926945,-41.643996],[-71.930629,-41.647318],[-71.928658,-41.651789],[-71.923003,-41.652939],[-71.921032,-41.65741],[-71.924715,-41.660733],[-71.922744,-41.665204],[-71.917088,-41.666353],[-71.915116,-41.670825],[-71.9188,-41.674148],[-71.916827,-41.678619],[-71.920512,-41.681942],[-71.918539,-41.686414],[-71.912881,-41.687562],[-71.909197,-41.684239],[-71.91117,-41.679768],[-71.907487,-41.676444],[-71.90183,-41.677592],[-71.898148,-41.674269],[-71.900121,-41.669798],[-71.89644,-41.666476],[-71.890785,-41.667623],[-71.888811,-41.672093],[-71.883156,-41.67324],[-71.879476,-41.669917],[-71.873822,-41.671064],[-71.870143,-41.66774],[-71.864489,-41.668886],[-71.862513,-41.673356],[-71.856859,-41.674501],[-71.853182,-41.671178],[-71.855158,-41.666709],[-71.860811,-41.665563],[-71.862786,-41.661094],[-71.859109,-41.657771],[-71.853457,-41.658917],[-71.851481,-41.663386],[-71.845829,-41.664531],[-71.843853,-41.668999],[-71.847529,-41.672323],[-71.845552,-41.676791],[-71.839899,-41.677935],[-71.837921,-41.682404],[-71.832268,-41.683547],[-71.828592,-41.680223],[-71.822939,-41.681367],[-71.820961,-41.685834],[-71.817799,-41.686473],[-71.81779,-41.686345],[-71.817623,-41.68544],[-71.817599,-41.684155],[-71.81779,-41.682918],[-71.817269,-41.681854],[-71.81726,-41.681828],[-71.816885,-41.681062],[-71.816457,-41.68042],[-71.81629,-41.679492],[-71.8166,-41.67873],[-71.816571,-41.678587],[-71.81639,-41.677679],[-71.816381,-41.67764],[-71.816052,-41.676187],[-71.816045,-41.676159],[-71.815816,-41.675051],[-71.815814,-41.675022],[-71.816124,-41.673781],[-71.816329,-41.672675],[-71.816337,-41.672648],[-71.816757,-41.671635],[-71.816767,-41.67161],[-71.817194,-41.670826],[-71.817527,-41.670327],[-71.817574,-41.670255],[-71.821243,-41.673575],[-71.824583,-41.672899],[-71.82469,-41.67302],[-71.82586,-41.673623],[-71.826675,-41.673854],[-71.827383,-41.674151],[-71.829039,-41.675407],[-71.83002,-41.675878],[-71.830559,-41.675745],[-71.83071,-41.675708],[-71.8314,-41.675304],[-71.831804,-41.67495],[-71.832471,-41.673975],[-71.832588,-41.673796],[-71.83297,-41.67321],[-71.833446,-41.671949],[-71.833379,-41.670189],[-71.833375,-41.670093],[-71.833962,-41.669098],[-71.834588,-41.668026],[-71.834872,-41.667792],[-71.835252,-41.667478],[-71.835255,-41.667475],[-71.835969,-41.66719],[-71.836111,-41.666737],[-71.835969,-41.666167],[-71.835612,-41.665001],[-71.835658,-41.664259],[-71.835683,-41.663859],[-71.835588,-41.663002],[-71.834779,-41.661937],[-71.835163,-41.661141],[-71.835225,-41.661015],[-71.835564,-41.659766],[-71.835076,-41.658159],[-71.83505,-41.656774],[-71.835093,-41.655787],[-71.834571,-41.655088],[-71.834511,-41.655006],[-71.834216,-41.654433],[-71.833946,-41.653906],[-71.833965,-41.653802],[-71.834098,-41.653081],[-71.83442,-41.652655],[-71.835331,-41.652313],[-71.835633,-41.6516],[-71.836219,-41.650866],[-71.836353,-41.650162],[-71.836473,-41.648411],[-71.836096,-41.64763],[-71.835854,-41.647126],[-71.836602,-41.646536],[-71.837881,-41.646024],[-71.838983,-41.64583],[-71.839333,-41.645769],[-71.839997,-41.645663],[-71.841344,-41.644802],[-71.842867,-41.644374],[-71.843793,-41.644788],[-71.845181,-41.645127],[-71.846603,-41.645611],[-71.847187,-41.6455],[-71.847642,-41.645893],[-71.848764,-41.646259],[-71.849548,-41.646515],[-71.850892,-41.646698],[-71.85224,-41.646275],[-71.854148,-41.645737],[-71.855891,-41.645318],[-71.856924,-41.644584],[-71.857602,-41.64391],[-71.857606,-41.643905],[-71.858398,-41.642704],[-71.85881,-41.642352],[-71.859024,-41.642066],[-71.859309,-41.641614],[-71.859705,-41.640723],[-71.860077,-41.638655],[-71.86079,-41.63709],[-71.861552,-41.635419],[-71.862473,-41.634504],[-71.863342,-41.633564],[-71.863865,-41.632469],[-71.864501,-41.631379],[-71.864615,-41.631185],[-71.865828,-41.630471],[-71.866073,-41.629042],[-71.865828,-41.628258],[-71.866042,-41.627151],[-71.866399,-41.626045],[-71.86712,-41.624854],[-71.866989,-41.623629],[-71.866977,-41.623522],[-71.866859,-41.622505],[-71.867376,-41.622109],[-71.868291,-41.622012],[-71.869809,-41.621411],[-71.870784,-41.61962],[-71.870723,-41.618245],[-71.870706,-41.617843],[-71.871845,-41.616585],[-71.872797,-41.615848],[-71.87418,-41.615516],[-71.875898,-41.615274],[-71.87652,-41.61537],[-71.877535,-41.615409],[-71.877915,-41.615199],[-71.878891,-41.614659],[-71.879627,-41.613099],[-71.879785,-41.612893],[-71.881069,-41.611233],[-71.882746,-41.609734],[-71.883746,-41.608342],[-71.884629,-41.607135],[-71.885325,-41.606434],[-71.885398,-41.60636],[-71.885569,-41.605983],[-71.885561,-41.605625],[-71.885325,-41.605312],[-71.885085,-41.604929],[-71.883396,-41.603915],[-71.883001,-41.603674],[-71.881533,-41.602774],[-71.879534,-41.602488],[-71.87832,-41.602238],[-71.876305,-41.60125],[-71.875322,-41.60024],[-71.875751,-41.598776],[-71.875888,-41.597415],[-71.875924,-41.597062],[-71.875037,-41.5956],[-71.874787,-41.594279],[-71.874466,-41.592709],[-71.874751,-41.591317],[-71.874398,-41.589584],[-71.874394,-41.589568],[-71.874211,-41.588068],[-71.873431,-41.588069],[-71.872181,-41.587355],[-71.870361,-41.586605],[-71.870214,-41.58653],[-71.870067,-41.586398],[-71.869986,-41.586415],[-71.869041,-41.585935],[-71.866756,-41.585178],[-71.864757,-41.584892],[-71.863437,-41.584527],[-71.863783,-41.583508],[-71.86373,-41.582639],[-71.863663,-41.58154],[-71.862971,-41.580862],[-71.862565,-41.580115],[-71.862514,-41.58002],[-71.862009,-41.579181],[-71.861977,-41.579085],[-71.861402,-41.577361],[-71.860867,-41.576255],[-71.860046,-41.575362],[-71.859753,-41.574849],[-71.859452,-41.574323],[-71.858221,-41.574029],[-71.85687,-41.573506],[-71.85381,-41.572804],[-71.851621,-41.572566],[-71.85046,-41.572631],[-71.85171,-41.569802],[-71.84804,-41.566482],[-71.847461,-41.5666],[-71.846804,-41.566332],[-71.845992,-41.566001],[-71.844397,-41.565413],[-71.84166,-41.565939],[-71.840602,-41.566005],[-71.83873,-41.564311],[-71.840703,-41.559845],[-71.837035,-41.556526],[-71.831395,-41.557673],[-71.831123,-41.557427],[-71.831457,-41.556553],[-71.831058,-41.555759],[-71.83078,-41.554549],[-71.829994,-41.55384],[-71.829104,-41.552767],[-71.828706,-41.552142],[-71.828673,-41.552091],[-71.828114,-41.55122],[-71.829185,-41.5506],[-71.829414,-41.55054],[-71.830817,-41.550173],[-71.832629,-41.549999],[-71.834169,-41.54995],[-71.835971,-41.549431],[-71.836049,-41.549383],[-71.838631,-41.547773],[-71.839381,-41.546381],[-71.839488,-41.544989],[-71.840237,-41.544096],[-71.840122,-41.543704],[-71.840059,-41.54349],[-71.839489,-41.543185],[-71.838975,-41.542481],[-71.838779,-41.541898],[-71.838881,-41.540242],[-71.839717,-41.539664],[-71.840994,-41.538718],[-71.842022,-41.537814],[-71.843425,-41.537306],[-71.843468,-41.53729],[-71.844592,-41.536815],[-71.84637,-41.536642],[-71.847518,-41.535352],[-71.848018,-41.534352],[-71.848274,-41.533218],[-71.848369,-41.532052],[-71.84818,-41.530987],[-71.847908,-41.530248],[-71.847676,-41.529973],[-71.848867,-41.52973],[-71.852535,-41.533047],[-71.850563,-41.537514],[-71.854231,-41.540831],[-71.859871,-41.539683],[-71.861842,-41.535216],[-71.867481,-41.534066],[-71.869451,-41.529599],[-71.87509,-41.528449],[-71.87706,-41.523982],[-71.87339,-41.520666],[-71.87536,-41.516199],[-71.871691,-41.512882],[-71.866054,-41.514032],[-71.862386,-41.510716],[-71.864356,-41.50625],[-71.869992,-41.505099],[-71.87366,-41.508415],[-71.879297,-41.507265],[-71.881266,-41.502798],[-71.877597,-41.499482],[-71.879566,-41.495015],[-71.885202,-41.493864],[-71.887169,-41.489397],[-71.883501,-41.486082],[-71.885469,-41.481615],[-71.881801,-41.4783],[-71.883769,-41.473834],[-71.889403,-41.472681],[-71.891369,-41.468214],[-71.887702,-41.4649],[-71.889668,-41.460434],[-71.895301,-41.459281],[-71.897267,-41.454814],[-71.8936,-41.451501],[-71.895566,-41.447034],[-71.901197,-41.44588],[-71.903162,-41.441413],[-71.899496,-41.438101],[-71.901461,-41.433634],[-71.907091,-41.43248],[-71.909055,-41.428013],[-71.905389,-41.424701],[-71.907353,-41.420234],[-71.903688,-41.416922],[-71.905651,-41.412456],[-71.91128,-41.411301],[-71.913242,-41.406834],[-71.909578,-41.403523],[-71.90395,-41.404678],[-71.901987,-41.409144],[-71.896359,-41.410299],[-71.892695,-41.406988],[-71.887068,-41.408142],[-71.885104,-41.412607],[-71.888767,-41.415919],[-71.894395,-41.414765],[-71.898059,-41.418077],[-71.896095,-41.422543],[-71.899759,-41.425855],[-71.897795,-41.430322],[-71.892165,-41.431476],[-71.8902,-41.435942],[-71.88457,-41.437095],[-71.882604,-41.441561],[-71.886269,-41.444874]],[[-71.918352,-41.43017],[-71.916389,-41.434637],[-71.920057,-41.43795],[-71.925688,-41.436794],[-71.927651,-41.432327],[-71.923983,-41.429015],[-71.918352,-41.43017]],[[-71.890466,-41.423697],[-71.886802,-41.420385],[-71.881174,-41.421539],[-71.879208,-41.426004],[-71.882872,-41.429317],[-71.888501,-41.428163],[-71.890466,-41.423697]],[[-71.906567,-41.456974],[-71.904602,-41.461441],[-71.90827,-41.464755],[-71.913904,-41.463601],[-71.915869,-41.459133],[-71.9122,-41.45582],[-71.906567,-41.456974]],[[-71.902249,-41.396901],[-71.898586,-41.39359],[-71.89296,-41.394745],[-71.890997,-41.399211],[-71.894659,-41.402522],[-71.900286,-41.401367],[-71.902249,-41.396901]],[[-71.926622,-41.481325],[-71.930294,-41.484639],[-71.935931,-41.483485],[-71.939604,-41.486799],[-71.945242,-41.485644],[-71.947206,-41.481175],[-71.943532,-41.477861],[-71.937895,-41.479016],[-71.934223,-41.475702],[-71.936187,-41.471233],[-71.932515,-41.467919],[-71.926879,-41.469074],[-71.924915,-41.473542],[-71.928586,-41.476856],[-71.926622,-41.481325]],[[-71.951384,-41.459983],[-71.95702,-41.458827],[-71.958982,-41.454357],[-71.955309,-41.451045],[-71.949674,-41.452201],[-71.946002,-41.448889],[-71.940368,-41.450045],[-71.938405,-41.454513],[-71.932771,-41.455669],[-71.929101,-41.452356],[-71.923467,-41.453511],[-71.921503,-41.457979],[-71.925173,-41.461292],[-71.930807,-41.460137],[-71.934479,-41.463451],[-71.940114,-41.462295],[-71.943786,-41.465609],[-71.941823,-41.470078],[-71.945496,-41.473391],[-71.951132,-41.472235],[-71.953095,-41.467766],[-71.949422,-41.464453],[-71.951384,-41.459983]],[[-71.983484,-41.445257],[-71.981524,-41.449727],[-71.9852,-41.45304],[-71.990836,-41.451881],[-71.994513,-41.455193],[-71.992553,-41.459665],[-71.996231,-41.462977],[-71.994271,-41.467448],[-71.997949,-41.470761],[-71.995989,-41.475233],[-71.99035,-41.476391],[-71.988389,-41.480862],[-71.992068,-41.484176],[-71.997708,-41.483018],[-71.999668,-41.478546],[-72.005308,-41.477388],[-72.008988,-41.480701],[-72.014629,-41.479542],[-72.01831,-41.482855],[-72.023951,-41.481695],[-72.027634,-41.485009],[-72.033275,-41.483849],[-72.035234,-41.479375],[-72.031551,-41.476062],[-72.02591,-41.477222],[-72.022228,-41.47391],[-72.024187,-41.469437],[-72.020505,-41.466124],[-72.014866,-41.467284],[-72.012907,-41.471756],[-72.007268,-41.472916],[-72.003588,-41.469603],[-72.005548,-41.465131],[-72.011186,-41.463972],[-72.013145,-41.4595],[-72.009466,-41.456187],[-72.011425,-41.451715],[-72.007746,-41.448404],[-72.002109,-41.449563],[-71.998432,-41.446251],[-71.992796,-41.44741],[-71.98912,-41.444098],[-71.983484,-41.445257]],[[-71.957271,-41.446575],[-71.962905,-41.445418],[-71.964866,-41.440949],[-71.961193,-41.437637],[-71.95556,-41.438794],[-71.953598,-41.443263],[-71.957271,-41.446575]],[[-71.948917,-41.488958],[-71.946953,-41.493428],[-71.950628,-41.496743],[-71.956267,-41.495587],[-71.958231,-41.491117],[-71.954555,-41.487803],[-71.948917,-41.488958]],[[-72.096001,-41.434279],[-72.094048,-41.438755],[-72.088408,-41.439919],[-72.086455,-41.444394],[-72.090141,-41.447705],[-72.095782,-41.44654],[-72.097735,-41.442065],[-72.103375,-41.4409],[-72.105328,-41.436424],[-72.101641,-41.433114],[-72.096001,-41.434279]],[[-72.065398,-41.469094],[-72.059757,-41.470256],[-72.0578,-41.474731],[-72.052158,-41.475892],[-72.050201,-41.480366],[-72.053887,-41.483679],[-72.059529,-41.482518],[-72.061486,-41.478043],[-72.067129,-41.476881],[-72.069085,-41.472406],[-72.065398,-41.469094]],[[-72.091875,-41.455491],[-72.089921,-41.459967],[-72.093609,-41.463278],[-72.091655,-41.467754],[-72.086012,-41.468917],[-72.084057,-41.473393],[-72.087745,-41.476705],[-72.08579,-41.48118],[-72.080147,-41.482343],[-72.076459,-41.479031],[-72.070815,-41.480194],[-72.068859,-41.484669],[-72.063216,-41.48583],[-72.061259,-41.490305],[-72.064946,-41.493618],[-72.07059,-41.492456],[-72.072547,-41.487981],[-72.078191,-41.486819],[-72.08188,-41.490132],[-72.079924,-41.494607],[-72.083613,-41.49792],[-72.081657,-41.502396],[-72.085347,-41.50571],[-72.090994,-41.504547],[-72.094685,-41.50786],[-72.092729,-41.512337],[-72.096421,-41.51565],[-72.094465,-41.520127],[-72.088817,-41.52129],[-72.08686,-41.525766],[-72.090553,-41.52908],[-72.088596,-41.533557],[-72.092289,-41.536872],[-72.097939,-41.535709],[-72.099895,-41.531232],[-72.096202,-41.527918],[-72.098158,-41.523441],[-72.103807,-41.522278],[-72.107501,-41.525592],[-72.105545,-41.530069],[-72.10924,-41.533384],[-72.11489,-41.532221],[-72.118586,-41.535535],[-72.116631,-41.540013],[-72.120327,-41.543327],[-72.125979,-41.542164],[-72.129677,-41.545478],[-72.127722,-41.549957],[-72.13142,-41.553272],[-72.129465,-41.557751],[-72.133164,-41.561066],[-72.131209,-41.565545],[-72.125554,-41.566709],[-72.121855,-41.563393],[-72.123811,-41.558914],[-72.120113,-41.555599],[-72.11446,-41.556762],[-72.112503,-41.56124],[-72.116201,-41.564556],[-72.114244,-41.569034],[-72.10859,-41.570197],[-72.104893,-41.566881],[-72.10685,-41.562403],[-72.103154,-41.559087],[-72.097501,-41.560249],[-72.093806,-41.556933],[-72.095763,-41.552456],[-72.092068,-41.549141],[-72.094026,-41.544664],[-72.090332,-41.541349],[-72.084681,-41.54251],[-72.080989,-41.539195],[-72.075339,-41.540356],[-72.073381,-41.544833],[-72.077073,-41.548148],[-72.082724,-41.546987],[-72.086417,-41.550302],[-72.084459,-41.554779],[-72.088153,-41.558095],[-72.086195,-41.562572],[-72.08989,-41.565888],[-72.087932,-41.570365],[-72.091627,-41.573681],[-72.089669,-41.578159],[-72.093365,-41.581476],[-72.09902,-41.580314],[-72.102718,-41.583631],[-72.108373,-41.582469],[-72.110331,-41.577991],[-72.115986,-41.576829],[-72.119685,-41.580145],[-72.125341,-41.578982],[-72.127297,-41.574503],[-72.132953,-41.57334],[-72.134908,-41.568861],[-72.140564,-41.567697],[-72.144265,-41.571013],[-72.149921,-41.569848],[-72.151876,-41.565368],[-72.148174,-41.562053],[-72.150128,-41.557573],[-72.146428,-41.554258],[-72.148382,-41.549779],[-72.144682,-41.546464],[-72.146636,-41.541985],[-72.142937,-41.538671],[-72.14489,-41.534192],[-72.141192,-41.530878],[-72.13554,-41.532042],[-72.131843,-41.528728],[-72.133797,-41.52425],[-72.1301,-41.520936],[-72.12445,-41.522101],[-72.120755,-41.518787],[-72.115105,-41.519951],[-72.111411,-41.516637],[-72.113366,-41.51216],[-72.109672,-41.508847],[-72.111627,-41.50437],[-72.107934,-41.501057],[-72.102287,-41.50222],[-72.098596,-41.498907],[-72.10055,-41.494431],[-72.09686,-41.491118],[-72.091214,-41.492281],[-72.087524,-41.488969],[-72.089479,-41.484493],[-72.095124,-41.483329],[-72.097079,-41.478853],[-72.102723,-41.477689],[-72.106413,-41.481001],[-72.112058,-41.479837],[-72.114012,-41.47536],[-72.110321,-41.472048],[-72.104677,-41.473213],[-72.100987,-41.469901],[-72.10294,-41.465425],[-72.099251,-41.462114],[-72.101205,-41.457638],[-72.106847,-41.456473],[-72.1088,-41.451997],[-72.105111,-41.448686],[-72.09947,-41.449851],[-72.097516,-41.454327],[-72.091875,-41.455491]],[[-71.932942,-41.536972],[-71.938585,-41.535818],[-71.94055,-41.531348],[-71.936874,-41.528032],[-71.93884,-41.523562],[-71.935164,-41.520246],[-71.929523,-41.5214],[-71.927557,-41.525869],[-71.931232,-41.529185],[-71.929266,-41.533655],[-71.932942,-41.536972]],[[-71.943974,-41.546922],[-71.942007,-41.551393],[-71.945686,-41.55471],[-71.943719,-41.559181],[-71.947399,-41.562498],[-71.945432,-41.566969],[-71.949112,-41.570287],[-71.954759,-41.569134],[-71.958441,-41.572452],[-71.964088,-41.571298],[-71.966054,-41.566826],[-71.971701,-41.565671],[-71.975384,-41.568989],[-71.981032,-41.567834],[-71.982997,-41.563362],[-71.979314,-41.560044],[-71.973666,-41.561199],[-71.969984,-41.557882],[-71.964338,-41.559037],[-71.960657,-41.555719],[-71.962622,-41.551248],[-71.958942,-41.547931],[-71.960907,-41.54346],[-71.957228,-41.540143],[-71.951584,-41.541298],[-71.949618,-41.545768],[-71.943974,-41.546922]],[[-71.870414,-41.655479],[-71.868439,-41.659948],[-71.872117,-41.663271],[-71.877771,-41.662124],[-71.879745,-41.657655],[-71.876066,-41.654332],[-71.870414,-41.655479]],[[-71.92207,-41.608358],[-71.91839,-41.605038],[-71.912741,-41.606189],[-71.91077,-41.610659],[-71.905121,-41.611809],[-71.90315,-41.616279],[-71.906829,-41.619599],[-71.912479,-41.618449],[-71.916159,-41.62177],[-71.92181,-41.62062],[-71.92378,-41.616149],[-71.9201,-41.612829],[-71.92207,-41.608358]],[[-71.903414,-41.604019],[-71.909062,-41.602869],[-71.911032,-41.598399],[-71.907354,-41.595079],[-71.901707,-41.596229],[-71.89803,-41.59291],[-71.892383,-41.594059],[-71.890412,-41.598528],[-71.894088,-41.601848],[-71.899736,-41.600699],[-71.903414,-41.604019]],[[-72.036261,-41.523947],[-72.034301,-41.528421],[-72.037988,-41.531736],[-72.036027,-41.536211],[-72.039715,-41.539526],[-72.045363,-41.538367],[-72.049052,-41.541682],[-72.047092,-41.546157],[-72.041443,-41.547317],[-72.037755,-41.544001],[-72.032107,-41.545159],[-72.030146,-41.549634],[-72.033834,-41.55295],[-72.039483,-41.551791],[-72.043172,-41.555107],[-72.048822,-41.553948],[-72.050782,-41.549473],[-72.056431,-41.548314],[-72.060122,-41.551629],[-72.058162,-41.556105],[-72.061854,-41.559421],[-72.059894,-41.563897],[-72.063586,-41.567213],[-72.069238,-41.566053],[-72.072931,-41.56937],[-72.078584,-41.568209],[-72.080543,-41.563733],[-72.076849,-41.560417],[-72.078808,-41.55594],[-72.075115,-41.552624],[-72.069464,-41.553785],[-72.065772,-41.550469],[-72.067731,-41.545993],[-72.06404,-41.542678],[-72.065998,-41.538202],[-72.062308,-41.534887],[-72.064267,-41.530412],[-72.060577,-41.527097],[-72.054929,-41.528257],[-72.051241,-41.524942],[-72.0532,-41.520468],[-72.058846,-41.519307],[-72.062535,-41.522621],[-72.068182,-41.52146],[-72.071872,-41.524775],[-72.069915,-41.529251],[-72.073605,-41.532565],[-72.079254,-41.531404],[-72.081212,-41.526928],[-72.07752,-41.523613],[-72.079478,-41.519137],[-72.075787,-41.515823],[-72.07014,-41.516985],[-72.066451,-41.513671],[-72.068408,-41.509196],[-72.074054,-41.508034],[-72.076011,-41.503558],[-72.072322,-41.500245],[-72.066677,-41.501407],[-72.06472,-41.505882],[-72.059074,-41.507043],[-72.055387,-41.503729],[-72.049742,-41.50489],[-72.046056,-41.501576],[-72.048014,-41.497102],[-72.053658,-41.495941],[-72.055615,-41.491467],[-72.051929,-41.488153],[-72.046286,-41.489314],[-72.042601,-41.486001],[-72.036959,-41.487162],[-72.035001,-41.491635],[-72.038685,-41.494949],[-72.036726,-41.499423],[-72.031083,-41.500582],[-72.029123,-41.505056],[-72.032808,-41.50837],[-72.030849,-41.512844],[-72.025204,-41.514003],[-72.023244,-41.518476],[-72.026929,-41.521791],[-72.032574,-41.520632],[-72.036261,-41.523947]],[[-72.022772,-41.543002],[-72.019086,-41.539686],[-72.013439,-41.540844],[-72.009754,-41.537528],[-72.004108,-41.538685],[-72.000424,-41.535369],[-71.994778,-41.536526],[-71.991096,-41.53321],[-71.985451,-41.534367],[-71.983487,-41.538839],[-71.977842,-41.539995],[-71.974161,-41.536678],[-71.968516,-41.537834],[-71.966552,-41.542305],[-71.970233,-41.545622],[-71.975878,-41.544467],[-71.97956,-41.547783],[-71.985206,-41.546627],[-71.987169,-41.542155],[-71.992815,-41.540999],[-71.996499,-41.544315],[-72.002145,-41.543158],[-72.00583,-41.546474],[-72.011477,-41.545317],[-72.015162,-41.548633],[-72.02081,-41.547476],[-72.022772,-41.543002]],[[-72.004588,-41.514163],[-72.006549,-41.509691],[-72.002867,-41.506376],[-71.997224,-41.507534],[-71.995263,-41.512006],[-71.998944,-41.515321],[-71.996983,-41.519793],[-72.000665,-41.523109],[-72.006309,-41.521951],[-72.008271,-41.517478],[-72.004588,-41.514163]],[[-71.963371,-41.514473],[-71.959693,-41.511158],[-71.954052,-41.512313],[-71.952088,-41.516783],[-71.955765,-41.520099],[-71.953801,-41.524569],[-71.948158,-41.525724],[-71.946193,-41.530194],[-71.949871,-41.533511],[-71.955514,-41.532356],[-71.959193,-41.535672],[-71.964837,-41.534518],[-71.966801,-41.530046],[-71.963122,-41.52673],[-71.965086,-41.522259],[-71.961407,-41.518944],[-71.963371,-41.514473]],[[-71.94277,-41.514622],[-71.944735,-41.510152],[-71.94106,-41.506837],[-71.943024,-41.502367],[-71.93935,-41.499052],[-71.933711,-41.500207],[-71.931745,-41.504676],[-71.93542,-41.507991],[-71.933454,-41.512461],[-71.937129,-41.515776],[-71.94277,-41.514622]],[[-71.976864,-41.495433],[-71.982505,-41.494276],[-71.984466,-41.489805],[-71.980788,-41.486491],[-71.975149,-41.487648],[-71.973186,-41.492119],[-71.976864,-41.495433]],[[-72.040747,-41.584117],[-72.038785,-41.588593],[-72.042477,-41.59191],[-72.040515,-41.596386],[-72.044207,-41.599704],[-72.042245,-41.60418],[-72.03659,-41.605337],[-72.034627,-41.609813],[-72.03832,-41.613131],[-72.036357,-41.617607],[-72.04005,-41.620926],[-72.045706,-41.619769],[-72.047669,-41.615293],[-72.053325,-41.614135],[-72.055287,-41.609659],[-72.051593,-41.60634],[-72.053555,-41.601864],[-72.05921,-41.600706],[-72.061171,-41.596229],[-72.066826,-41.59507],[-72.070521,-41.598388],[-72.076177,-41.597228],[-72.079873,-41.600546],[-72.085529,-41.599386],[-72.089227,-41.602704],[-72.094884,-41.601543],[-72.098582,-41.604861],[-72.10424,-41.6037],[-72.106198,-41.599222],[-72.102499,-41.595904],[-72.104458,-41.591426],[-72.10076,-41.588109],[-72.095104,-41.58927],[-72.091407,-41.585953],[-72.085751,-41.587114],[-72.082056,-41.583797],[-72.084015,-41.57932],[-72.08032,-41.576003],[-72.074666,-41.577163],[-72.070972,-41.573846],[-72.065319,-41.575006],[-72.061626,-41.571689],[-72.055974,-41.572849],[-72.052282,-41.569532],[-72.046631,-41.570691],[-72.04467,-41.575166],[-72.048361,-41.578483],[-72.0464,-41.582959],[-72.040747,-41.584117]],[[-72.034861,-41.597543],[-72.03117,-41.594225],[-72.025516,-41.595382],[-72.023553,-41.599857],[-72.027244,-41.603176],[-72.032898,-41.602019],[-72.034861,-41.597543]],[[-72.014448,-41.585428],[-72.01076,-41.582111],[-72.005109,-41.583267],[-72.001422,-41.579949],[-71.995772,-41.581105],[-71.993807,-41.585578],[-71.997494,-41.588896],[-71.995529,-41.59337],[-71.999217,-41.596688],[-72.004869,-41.595533],[-72.008557,-41.598851],[-72.01421,-41.597695],[-72.016174,-41.593221],[-72.012485,-41.589903],[-72.014448,-41.585428]],[[-71.969488,-41.582406],[-71.965805,-41.579088],[-71.960156,-41.580241],[-71.95819,-41.584713],[-71.961872,-41.588032],[-71.967522,-41.586878],[-71.971206,-41.590197],[-71.969239,-41.594669],[-71.972924,-41.597988],[-71.978575,-41.596834],[-71.980541,-41.592361],[-71.986192,-41.591206],[-71.988157,-41.586733],[-71.984471,-41.583415],[-71.978821,-41.58457],[-71.975137,-41.581252],[-71.969488,-41.582406]],[[-71.976095,-41.813272],[-71.98177,-41.812124],[-71.983743,-41.807647],[-71.989417,-41.806498],[-71.99139,-41.802021],[-71.987689,-41.798694],[-71.989662,-41.794217],[-71.995335,-41.793067],[-71.997307,-41.78859],[-71.993606,-41.785263],[-71.995578,-41.780787],[-72.00125,-41.779636],[-72.003221,-41.775159],[-72.008892,-41.774008],[-72.010863,-41.769531],[-72.016534,-41.768379],[-72.018504,-41.763902],[-72.014803,-41.760576],[-72.009133,-41.761728],[-72.007162,-41.766205],[-72.001492,-41.767356],[-71.997793,-41.76403],[-71.992123,-41.765181],[-71.990151,-41.769657],[-71.99385,-41.772983],[-71.991879,-41.77746],[-71.986208,-41.77861],[-71.984235,-41.783086],[-71.978564,-41.784236],[-71.974866,-41.780909],[-71.976839,-41.776433],[-71.973142,-41.773106],[-71.967472,-41.774255],[-71.965499,-41.778731],[-71.969196,-41.782058],[-71.967222,-41.786533],[-71.961551,-41.787682],[-71.959577,-41.792157],[-71.963274,-41.795485],[-71.9613,-41.79996],[-71.964998,-41.803288],[-71.970671,-41.80214],[-71.972644,-41.797664],[-71.968946,-41.794336],[-71.97092,-41.789861],[-71.976591,-41.788712],[-71.98029,-41.792039],[-71.978317,-41.796515],[-71.982016,-41.799843],[-71.980043,-41.804319],[-71.97437,-41.805468],[-71.972396,-41.809944],[-71.976095,-41.813272]],[[-71.938357,-41.816827],[-71.940333,-41.812352],[-71.936637,-41.809023],[-71.930965,-41.810169],[-71.92727,-41.806841],[-71.921599,-41.807986],[-71.919622,-41.81246],[-71.923316,-41.815789],[-71.921339,-41.820264],[-71.925034,-41.823593],[-71.923056,-41.828067],[-71.917383,-41.829212],[-71.915405,-41.833686],[-71.909731,-41.83483],[-71.906037,-41.8315],[-71.908016,-41.827027],[-71.904322,-41.823697],[-71.906301,-41.819223],[-71.902608,-41.815894],[-71.904587,-41.811421],[-71.900895,-41.808092],[-71.895225,-41.809236],[-71.893246,-41.813709],[-71.887576,-41.814852],[-71.885596,-41.819325],[-71.879925,-41.820468],[-71.877945,-41.82494],[-71.881636,-41.82827],[-71.887307,-41.827127],[-71.889287,-41.822654],[-71.894958,-41.821511],[-71.898651,-41.824841],[-71.896671,-41.829314],[-71.900364,-41.832644],[-71.898385,-41.837118],[-71.902079,-41.840448],[-71.907752,-41.839304],[-71.911447,-41.842635],[-71.917122,-41.84149],[-71.9191,-41.837016],[-71.924774,-41.835871],[-71.928471,-41.839201],[-71.934145,-41.838056],[-71.936123,-41.833581],[-71.941797,-41.832436],[-71.943774,-41.82796],[-71.940077,-41.824631],[-71.942053,-41.820156],[-71.938357,-41.816827]],[[-72.019998,-41.783987],[-72.023701,-41.787313],[-72.029375,-41.786162],[-72.031344,-41.781683],[-72.027641,-41.778357],[-72.02961,-41.773879],[-72.025907,-41.770553],[-72.020236,-41.771705],[-72.018266,-41.776183],[-72.021968,-41.779509],[-72.019998,-41.783987]],[[-72.016057,-41.792943],[-72.012354,-41.789616],[-72.006681,-41.790767],[-72.004709,-41.795244],[-71.999036,-41.796394],[-71.997064,-41.800872],[-72.000766,-41.804199],[-72.00644,-41.803049],[-72.008412,-41.798571],[-72.014086,-41.797421],[-72.016057,-41.792943]],[[-72.033079,-41.789488],[-72.031109,-41.793967],[-72.034814,-41.797294],[-72.040489,-41.796141],[-72.042459,-41.791662],[-72.038753,-41.788336],[-72.033079,-41.789488]],[[-72.027168,-41.802924],[-72.025198,-41.807403],[-72.028903,-41.81073],[-72.034579,-41.809578],[-72.038286,-41.812906],[-72.043963,-41.811754],[-72.045933,-41.807274],[-72.042226,-41.803947],[-72.03655,-41.805099],[-72.032844,-41.801772],[-72.027168,-41.802924]],[[-71.880465,-41.79592],[-71.884154,-41.799249],[-71.889823,-41.798106],[-71.891801,-41.793633],[-71.897469,-41.792489],[-71.899447,-41.788016],[-71.905115,-41.786871],[-71.907092,-41.782398],[-71.91276,-41.781253],[-71.914737,-41.77678],[-71.911046,-41.773452],[-71.905379,-41.774598],[-71.903402,-41.779071],[-71.897735,-41.780216],[-71.895757,-41.784688],[-71.89009,-41.785832],[-71.886401,-41.782504],[-71.88838,-41.778032],[-71.884692,-41.774705],[-71.879026,-41.775849],[-71.875339,-41.772521],[-71.869674,-41.773664],[-71.867695,-41.778136],[-71.871381,-41.781464],[-71.877047,-41.78032],[-71.880735,-41.783648],[-71.878756,-41.78812],[-71.873089,-41.789263],[-71.87111,-41.793735],[-71.865442,-41.794878],[-71.863462,-41.799349],[-71.857795,-41.800491],[-71.854109,-41.797162],[-71.848442,-41.798304],[-71.846461,-41.802774],[-71.840794,-41.803916],[-71.837109,-41.800586],[-71.831443,-41.801727],[-71.82946,-41.806197],[-71.833145,-41.809526],[-71.831162,-41.813997],[-71.825495,-41.815137],[-71.823511,-41.819607],[-71.827196,-41.822937],[-71.832864,-41.821797],[-71.834847,-41.817327],[-71.840515,-41.816186],[-71.842497,-41.811716],[-71.848165,-41.810575],[-71.851851,-41.813904],[-71.85752,-41.812763],[-71.859501,-41.808292],[-71.865169,-41.80715],[-71.86715,-41.802678],[-71.872818,-41.801535],[-71.874797,-41.797064],[-71.880465,-41.79592]],[[-71.894425,-41.846065],[-71.890732,-41.842734],[-71.885058,-41.843876],[-71.883078,-41.848349],[-71.877404,-41.849491],[-71.875423,-41.853964],[-71.879115,-41.857295],[-71.877133,-41.861768],[-71.880827,-41.8651],[-71.886502,-41.863958],[-71.888483,-41.859485],[-71.894158,-41.858343],[-71.897853,-41.861674],[-71.895872,-41.866148],[-71.899568,-41.869479],[-71.905244,-41.868337],[-71.907225,-41.863862],[-71.903529,-41.860531],[-71.905509,-41.856057],[-71.901814,-41.852726],[-71.896139,-41.853869],[-71.892445,-41.850538],[-71.894425,-41.846065]],[[-71.956385,-41.764276],[-71.962053,-41.763127],[-71.964026,-41.758652],[-71.960332,-41.755326],[-71.954664,-41.756475],[-71.952691,-41.760949],[-71.956385,-41.764276]],[[-71.935946,-41.752119],[-71.941612,-41.750971],[-71.943586,-41.746497],[-71.949251,-41.745349],[-71.952944,-41.748674],[-71.95861,-41.747526],[-71.960583,-41.743051],[-71.966249,-41.741901],[-71.968221,-41.737427],[-71.964527,-41.734102],[-71.966499,-41.729627],[-71.972164,-41.728477],[-71.974135,-41.724002],[-71.970441,-41.720678],[-71.964777,-41.721828],[-71.961085,-41.718503],[-71.955422,-41.719653],[-71.95345,-41.724127],[-71.947786,-41.725276],[-71.945814,-41.72975],[-71.94015,-41.730899],[-71.938177,-41.735372],[-71.941868,-41.738698],[-71.939894,-41.743171],[-71.934229,-41.744319],[-71.930539,-41.740994],[-71.924874,-41.742141],[-71.921185,-41.738815],[-71.915521,-41.739962],[-71.911833,-41.736637],[-71.913808,-41.732164],[-71.910121,-41.728839],[-71.904459,-41.729986],[-71.902483,-41.734458],[-71.896821,-41.735604],[-71.894845,-41.740075],[-71.889182,-41.741221],[-71.885497,-41.737895],[-71.879835,-41.73904],[-71.876151,-41.735714],[-71.878128,-41.731243],[-71.874444,-41.727917],[-71.868784,-41.729062],[-71.865102,-41.725736],[-71.867079,-41.721266],[-71.863397,-41.71794],[-71.857738,-41.719085],[-71.855761,-41.723554],[-71.850102,-41.724698],[-71.846422,-41.721372],[-71.8484,-41.716903],[-71.84472,-41.713577],[-71.846699,-41.709108],[-71.84302,-41.705783],[-71.837363,-41.706927],[-71.833686,-41.703601],[-71.82803,-41.704745],[-71.826051,-41.709213],[-71.820395,-41.710355],[-71.818415,-41.714823],[-71.822092,-41.718149],[-71.820112,-41.722617],[-71.823789,-41.725943],[-71.821809,-41.730412],[-71.825488,-41.733738],[-71.831146,-41.732596],[-71.833126,-41.728127],[-71.829447,-41.724801],[-71.831427,-41.720332],[-71.837084,-41.71919],[-71.840763,-41.722515],[-71.838784,-41.726984],[-71.842464,-41.730311],[-71.840485,-41.73478],[-71.844165,-41.738106],[-71.842186,-41.742576],[-71.845867,-41.745903],[-71.851528,-41.74476],[-71.853507,-41.74029],[-71.859168,-41.739146],[-71.862851,-41.742473],[-71.860872,-41.746943],[-71.864556,-41.75027],[-71.870218,-41.749126],[-71.873903,-41.752453],[-71.879566,-41.751308],[-71.881543,-41.746837],[-71.887206,-41.745692],[-71.890892,-41.749019],[-71.896555,-41.747873],[-71.900243,-41.7512],[-71.905907,-41.750054],[-71.907882,-41.745582],[-71.913546,-41.744435],[-71.917235,-41.747761],[-71.9229,-41.746614],[-71.92659,-41.74994],[-71.932255,-41.748793],[-71.935946,-41.752119]],[[-72.006966,-41.872284],[-72.004992,-41.876763],[-72.0087,-41.880093],[-72.014383,-41.878945],[-72.018092,-41.882275],[-72.023775,-41.881127],[-72.025749,-41.876647],[-72.022039,-41.873316],[-72.024013,-41.868837],[-72.020304,-41.865507],[-72.014622,-41.866656],[-72.012648,-41.871135],[-72.006966,-41.872284]],[[-72.035847,-41.841959],[-72.033875,-41.846439],[-72.037584,-41.849768],[-72.043265,-41.848617],[-72.046975,-41.851946],[-72.052657,-41.850795],[-72.054627,-41.846314],[-72.050917,-41.842985],[-72.052887,-41.838505],[-72.049177,-41.835177],[-72.043498,-41.836328],[-72.039789,-41.833],[-72.04176,-41.82852],[-72.038052,-41.825192],[-72.032374,-41.826344],[-72.030402,-41.830823],[-72.03411,-41.834151],[-72.032138,-41.838631],[-72.035847,-41.841959]],[[-72.122135,-41.763203],[-72.124099,-41.758721],[-72.120387,-41.755397],[-72.114712,-41.756555],[-72.112749,-41.761036],[-72.11646,-41.764361],[-72.122135,-41.763203]],[[-72.067808,-41.745716],[-72.073479,-41.744561],[-72.075444,-41.740081],[-72.071739,-41.736757],[-72.066069,-41.737913],[-72.064103,-41.742392],[-72.067808,-41.745716]],[[-72.081115,-41.738925],[-72.084822,-41.742249],[-72.090493,-41.741092],[-72.094201,-41.744416],[-72.099873,-41.743259],[-72.101837,-41.738778],[-72.107509,-41.737621],[-72.109472,-41.73314],[-72.105764,-41.729817],[-72.107727,-41.725336],[-72.104019,-41.722013],[-72.105982,-41.717533],[-72.111652,-41.716375],[-72.113614,-41.711894],[-72.109907,-41.708572],[-72.104237,-41.70973],[-72.100531,-41.706408],[-72.102494,-41.701928],[-72.098788,-41.698606],[-72.093121,-41.699764],[-72.091158,-41.704244],[-72.094863,-41.707566],[-72.0929,-41.712046],[-72.087231,-41.713203],[-72.085267,-41.717683],[-72.088973,-41.721006],[-72.087009,-41.725485],[-72.090715,-41.728809],[-72.088751,-41.733289],[-72.08308,-41.734445],[-72.081115,-41.738925]],[[-72.086564,-41.750053],[-72.084599,-41.754533],[-72.088307,-41.757858],[-72.086341,-41.762338],[-72.080668,-41.763494],[-72.078702,-41.767974],[-72.073028,-41.769129],[-72.069321,-41.765804],[-72.063647,-41.766959],[-72.06168,-41.771438],[-72.065387,-41.774764],[-72.071061,-41.773609],[-72.074769,-41.776935],[-72.080444,-41.77578],[-72.08241,-41.771299],[-72.088085,-41.770144],[-72.09005,-41.765663],[-72.095724,-41.764507],[-72.097689,-41.760026],[-72.09398,-41.756702],[-72.095945,-41.752221],[-72.092237,-41.748897],[-72.086564,-41.750053]],[[-72.052531,-41.756984],[-72.048827,-41.753659],[-72.043156,-41.754813],[-72.041188,-41.759291],[-72.044892,-41.762616],[-72.050564,-41.761463],[-72.052531,-41.756984]],[[-72.113847,-41.805712],[-72.115812,-41.801229],[-72.112098,-41.797903],[-72.10642,-41.79906],[-72.104454,-41.803541],[-72.108167,-41.806868],[-72.113847,-41.805712]],[[-72.079996,-41.800354],[-72.085673,-41.799199],[-72.08764,-41.794718],[-72.083929,-41.791392],[-72.078253,-41.792547],[-72.076286,-41.797028],[-72.079996,-41.800354]],[[-71.826904,-41.753798],[-71.821244,-41.75494],[-71.819262,-41.759408],[-71.813601,-41.760549],[-71.809923,-41.757221],[-71.811904,-41.752753],[-71.808226,-41.749425],[-71.802567,-41.750566],[-71.800585,-41.755034],[-71.804262,-41.758362],[-71.80228,-41.76283],[-71.805958,-41.766158],[-71.811619,-41.765018],[-71.815299,-41.768346],[-71.820961,-41.767205],[-71.824641,-41.770533],[-71.830304,-41.769392],[-71.832285,-41.764923],[-71.837947,-41.763781],[-71.839928,-41.759312],[-71.836246,-41.755984],[-71.830585,-41.757126],[-71.826904,-41.753798]],[[-71.84757,-41.753699],[-71.84559,-41.758169],[-71.849272,-41.761497],[-71.854935,-41.760354],[-71.856914,-41.755884],[-71.853231,-41.752557],[-71.84757,-41.753699]],[[-71.818411,-41.796208],[-71.820394,-41.791739],[-71.816713,-41.78841],[-71.811049,-41.789549],[-71.807368,-41.78622],[-71.801705,-41.78736],[-71.799721,-41.791828],[-71.803401,-41.795158],[-71.801417,-41.799626],[-71.805098,-41.802956],[-71.810763,-41.801817],[-71.812747,-41.797348],[-71.818411,-41.796208]],[[-71.817844,-41.820746],[-71.81416,-41.817415],[-71.808493,-41.818554],[-71.806509,-41.823024],[-71.810192,-41.826354],[-71.815859,-41.825216],[-71.817844,-41.820746]],[[-71.892602,-41.756817],[-71.890625,-41.761289],[-71.894312,-41.764616],[-71.899978,-41.763471],[-71.901954,-41.758999],[-71.898266,-41.755672],[-71.892602,-41.756817]],[[-71.949308,-41.651659],[-71.954964,-41.650508],[-71.956933,-41.646035],[-71.953247,-41.642714],[-71.947592,-41.643866],[-71.945623,-41.648338],[-71.949308,-41.651659]],[[-72.000248,-41.734998],[-72.002217,-41.730521],[-71.998521,-41.727197],[-71.992855,-41.728349],[-71.990885,-41.732824],[-71.985218,-41.733975],[-71.983248,-41.738451],[-71.986944,-41.741776],[-71.992611,-41.740625],[-71.996308,-41.74395],[-72.001976,-41.742799],[-72.003945,-41.738322],[-72.000248,-41.734998]],[[-71.946068,-41.717478],[-71.942378,-41.714154],[-71.936716,-41.715303],[-71.934743,-41.719776],[-71.938433,-41.7231],[-71.944096,-41.721952],[-71.946068,-41.717478]],[[-71.805648,-41.859835],[-71.809333,-41.863168],[-71.815005,-41.86203],[-71.816991,-41.85756],[-71.813305,-41.854227],[-71.807634,-41.855365],[-71.805648,-41.859835]],[[-71.875694,-41.841688],[-71.872003,-41.838357],[-71.866331,-41.839499],[-71.864349,-41.843971],[-71.86804,-41.847302],[-71.873712,-41.84616],[-71.875694,-41.841688]],[[-72.278284,-41.535176],[-72.274571,-41.531864],[-72.268913,-41.533036],[-72.266967,-41.537521],[-72.270679,-41.540833],[-72.276338,-41.539661],[-72.278284,-41.535176]],[[-72.266606,-41.562086],[-72.262892,-41.558772],[-72.257232,-41.559943],[-72.255284,-41.564428],[-72.258997,-41.567742],[-72.264658,-41.566571],[-72.266606,-41.562086]],[[-72.29067,-41.589771],[-72.286952,-41.586456],[-72.281288,-41.587628],[-72.27934,-41.592114],[-72.283058,-41.595429],[-72.288723,-41.594257],[-72.29067,-41.589771]],[[-72.194407,-41.491351],[-72.188757,-41.49252],[-72.186808,-41.497],[-72.190509,-41.500312],[-72.19616,-41.499143],[-72.198109,-41.494662],[-72.194407,-41.491351]],[[-72.11987,-41.46193],[-72.11618,-41.458619],[-72.110537,-41.459784],[-72.108584,-41.46426],[-72.112274,-41.467572],[-72.117918,-41.466407],[-72.11987,-41.46193]],[[-72.192063,-41.520379],[-72.194013,-41.515898],[-72.190311,-41.512585],[-72.184659,-41.513753],[-72.182708,-41.518234],[-72.18641,-41.521547],[-72.192063,-41.520379]],[[-72.306118,-41.696889],[-72.311795,-41.695719],[-72.313745,-41.69123],[-72.310017,-41.687911],[-72.304341,-41.689082],[-72.302391,-41.69357],[-72.306118,-41.696889]],[[-72.317303,-41.706847],[-72.315353,-41.711337],[-72.319083,-41.714656],[-72.324762,-41.713486],[-72.326711,-41.708996],[-72.322981,-41.705677],[-72.317303,-41.706847]],[[-72.343258,-41.742388],[-72.341309,-41.74688],[-72.345044,-41.7502],[-72.343095,-41.754692],[-72.34683,-41.758013],[-72.352515,-41.756843],[-72.354464,-41.752351],[-72.360149,-41.751179],[-72.362098,-41.746687],[-72.367783,-41.745515],[-72.37152,-41.748836],[-72.377206,-41.747663],[-72.379153,-41.74317],[-72.384838,-41.741997],[-72.386784,-41.737504],[-72.383046,-41.734184],[-72.384992,-41.729691],[-72.390676,-41.728518],[-72.394415,-41.731837],[-72.392469,-41.736331],[-72.396209,-41.73965],[-72.401894,-41.738476],[-72.405635,-41.741796],[-72.411321,-41.740622],[-72.413266,-41.736127],[-72.409525,-41.732808],[-72.40384,-41.733982],[-72.4001,-41.730663],[-72.402045,-41.726169],[-72.398306,-41.72285],[-72.40025,-41.718357],[-72.396512,-41.715038],[-72.390829,-41.716212],[-72.387092,-41.712893],[-72.38141,-41.714067],[-72.379464,-41.71856],[-72.383201,-41.721879],[-72.381254,-41.726372],[-72.375571,-41.727545],[-72.373624,-41.732037],[-72.367941,-41.73321],[-72.364205,-41.72989],[-72.358522,-41.731062],[-72.356574,-41.735554],[-72.35089,-41.736726],[-72.348942,-41.741217],[-72.343258,-41.742388]],[[-72.356734,-41.723251],[-72.353,-41.719931],[-72.347319,-41.721103],[-72.345371,-41.725594],[-72.349104,-41.728914],[-72.354787,-41.727742],[-72.356734,-41.723251]],[[-72.164121,-41.619948],[-72.169783,-41.618784],[-72.171738,-41.614302],[-72.1774,-41.613138],[-72.181108,-41.616455],[-72.186771,-41.61529],[-72.188724,-41.610807],[-72.185016,-41.60749],[-72.18697,-41.603008],[-72.183262,-41.599692],[-72.177601,-41.600857],[-72.173895,-41.597541],[-72.168234,-41.598706],[-72.164529,-41.595389],[-72.166483,-41.590908],[-72.162779,-41.587592],[-72.15712,-41.588756],[-72.153417,-41.58544],[-72.147759,-41.586604],[-72.144056,-41.583288],[-72.138399,-41.584452],[-72.134698,-41.581136],[-72.129041,-41.582299],[-72.127085,-41.586778],[-72.130785,-41.590094],[-72.136443,-41.588931],[-72.140145,-41.592248],[-72.145803,-41.591085],[-72.149506,-41.594401],[-72.147551,-41.598881],[-72.141891,-41.600045],[-72.139935,-41.604525],[-72.134276,-41.605688],[-72.132319,-41.610168],[-72.136022,-41.613485],[-72.141682,-41.612322],[-72.145386,-41.61564],[-72.14343,-41.620121],[-72.147134,-41.623438],[-72.152796,-41.622275],[-72.156502,-41.625593],[-72.162165,-41.62443],[-72.164121,-41.619948]],[[-72.203955,-41.59951],[-72.202002,-41.603993],[-72.205712,-41.607309],[-72.20376,-41.611792],[-72.198096,-41.612958],[-72.196143,-41.617441],[-72.199853,-41.620758],[-72.1979,-41.625241],[-72.201611,-41.628559],[-72.207276,-41.627393],[-72.209229,-41.622909],[-72.214894,-41.621743],[-72.216846,-41.617259],[-72.213134,-41.613942],[-72.215086,-41.609459],[-72.211375,-41.606142],[-72.213327,-41.601659],[-72.21899,-41.600492],[-72.220941,-41.596008],[-72.226603,-41.59484],[-72.228554,-41.590356],[-72.224843,-41.587041],[-72.219181,-41.588209],[-72.215471,-41.584894],[-72.217422,-41.580411],[-72.213713,-41.577095],[-72.215664,-41.572613],[-72.211955,-41.569298],[-72.206296,-41.570466],[-72.204345,-41.574948],[-72.208053,-41.578263],[-72.206102,-41.582746],[-72.209811,-41.586061],[-72.207859,-41.590544],[-72.211569,-41.59386],[-72.209617,-41.598343],[-72.203955,-41.59951]],[[-72.194584,-41.59736],[-72.200246,-41.596194],[-72.202198,-41.591711],[-72.198489,-41.588395],[-72.192829,-41.589562],[-72.189122,-41.586246],[-72.183462,-41.587412],[-72.181509,-41.591894],[-72.185216,-41.59521],[-72.190876,-41.594044],[-72.194584,-41.59736]],[[-72.150633,-41.639037],[-72.146926,-41.635718],[-72.141263,-41.636881],[-72.137558,-41.633562],[-72.131896,-41.634724],[-72.128192,-41.631406],[-72.12253,-41.632567],[-72.120571,-41.637047],[-72.124275,-41.640366],[-72.129937,-41.639204],[-72.133642,-41.642523],[-72.139306,-41.641361],[-72.143011,-41.64468],[-72.148675,-41.643518],[-72.150633,-41.639037]],[[-72.111423,-41.622612],[-72.109464,-41.627091],[-72.113166,-41.630409],[-72.118827,-41.629248],[-72.120785,-41.624769],[-72.117083,-41.621451],[-72.111423,-41.622612]],[[-72.142802,-41.656961],[-72.14476,-41.65248],[-72.141054,-41.649161],[-72.135389,-41.650323],[-72.133431,-41.654804],[-72.137137,-41.658123],[-72.142802,-41.656961]]]},"properties":{"comuna":"Cochamó","mancha_id":"10103-88ce850001fffff","clase":"Bajo","nivel_medio":1.2,"nivel_medio_min":0.501,"nivel_medio_max":1.5,"pct_alto":1.4,"n_hexagonos":1899,"area_ha":119654.77}},{"type":"Feature","geometry":{"type":"Polygon","coordinates":[[[-72.546014,-41.704513],[-72.549767,-41.707829],[-72.549001,-41.709611],[-72.54889,-41.70959],[-72.5487,-41.70949],[-72.54831,-41.70925],[-72.54798,-41.70915],[-72.54767,-41.70909],[-72.54732,-41.70907],[-72.5471,-41.70907],[-72.54692,-41.70911],[-72.54665,-41.70923],[-72.5465,-41.70929],[-72.54624,-41.70932],[-72.54603,-41.7093],[-72.54585,-41.70925],[-72.54574,-41.70925],[-72.54567,-41.70926],[-72.54558,-41.70935],[-72.54553,-41.70953],[-72.54541,-41.70965],[-72.54525,-41.7097],[-72.5451,-41.70971],[-72.54476,-41.70964],[-72.54452,-41.70945],[-72.54437,-41.70935],[-72.54422,-41.70937],[-72.54404,-41.70952],[-72.54383,-41.70958],[-72.54364,-41.70958],[-72.54349,-41.7095],[-72.54335,-41.7094],[-72.54331,-41.70925],[-72.5434,-41.70913],[-72.5436,-41.70909],[-72.54375,-41.70909],[-72.54382,-41.70903],[-72.54377,-41.70891],[-72.54366,-41.7088],[-72.54342,-41.70864],[-72.54313,-41.70852],[-72.54284,-41.70838],[-72.54263,-41.70798],[-72.54247,-41.70768],[-72.54193,-41.70735],[-72.54155,-41.70718],[-72.54131,-41.70695],[-72.54122,-41.70679],[-72.54111,-41.70664],[-72.54099,-41.70654],[-72.54092,-41.70646],[-72.54092,-41.70639],[-72.54101,-41.70637],[-72.54109,-41.70638],[-72.54122,-41.70636],[-72.54124,-41.70627],[-72.54123,-41.7061],[-72.54121,-41.70589],[-72.541065,-41.705542],[-72.546014,-41.704513]]]},"properties":{"comuna":"Cochamó","mancha_id":"10103-88ceae7963fffff","clase":"Medio","nivel_medio":1.757,"nivel_medio_min":1.757,"nivel_medio_max":1.757,"pct_alto":35.6,"n_hexagonos":1,"area_ha":26.62}},{"type":"Feature","geometry":{"type":"Polygon","coordinates":[[[-72.625813,-41.73768],[-72.625271,-41.737202],[-72.623796,-41.737509],[-72.623713,-41.737476],[-72.622715,-41.737262],[-72.621147,-41.736977],[-72.620149,-41.736763],[-72.618866,-41.736692],[-72.617725,-41.736621],[-72.617569,-41.736621],[-72.61687,-41.736621],[-72.616085,-41.736621],[-72.615373,-41.736621],[-72.614517,-41.736692],[-72.613448,-41.736763],[-72.61245,-41.737048],[-72.61188,-41.737476],[-72.611452,-41.737975],[-72.611452,-41.738545],[-72.611523,-41.739187],[-72.611309,-41.739543],[-72.611238,-41.740327],[-72.611381,-41.740969],[-72.611309,-41.742181],[-72.611673,-41.743624],[-72.611663,-41.743827],[-72.611615,-41.744763],[-72.611608,-41.744869],[-72.61108,-41.746099],[-72.61068,-41.746573],[-72.610184,-41.74704],[-72.609688,-41.747303],[-72.608841,-41.747829],[-72.607845,-41.748342],[-72.607201,-41.749162],[-72.607201,-41.749166],[-72.607252,-41.75],[-72.60726,-41.750127],[-72.607581,-41.751035],[-72.607669,-41.751854],[-72.60764,-41.752527],[-72.607523,-41.752995],[-72.607318,-41.753698],[-72.607025,-41.754458],[-72.606821,-41.755161],[-72.606821,-41.755746],[-72.606908,-41.756507],[-72.607381,-41.756939],[-72.607705,-41.757263],[-72.607936,-41.757494],[-72.608724,-41.75799],[-72.60922,-41.758428],[-72.609571,-41.758895],[-72.610009,-41.759479],[-72.610184,-41.760063],[-72.610505,-41.760881],[-72.61068,-41.761757],[-72.610856,-41.762545],[-72.611151,-41.763344],[-72.611424,-41.763917],[-72.611671,-41.76464],[-72.611673,-41.764647],[-72.611878,-41.765611],[-72.611878,-41.765961],[-72.61179,-41.76637],[-72.611702,-41.766545],[-72.610914,-41.766866],[-72.610038,-41.767129],[-72.608899,-41.767538],[-72.608257,-41.767888],[-72.607848,-41.768239],[-72.607731,-41.768618],[-72.607439,-41.769144],[-72.606943,-41.76964],[-72.606301,-41.769932],[-72.606148,-41.770003],[-72.605863,-41.770137],[-72.605249,-41.770458],[-72.604403,-41.770779],[-72.603497,-41.771188],[-72.602797,-41.771597],[-72.602271,-41.771976],[-72.60195,-41.772268],[-72.601074,-41.772706],[-72.600519,-41.772794],[-72.599994,-41.772823],[-72.599551,-41.772948],[-72.599059,-41.773086],[-72.598096,-41.773232],[-72.597395,-41.773553],[-72.596373,-41.773757],[-72.595555,-41.773845],[-72.595059,-41.773874],[-72.594563,-41.774049],[-72.593657,-41.774195],[-72.593336,-41.774517],[-72.593336,-41.774721],[-72.593424,-41.775013],[-72.593745,-41.775305],[-72.594183,-41.775889],[-72.594241,-41.776239],[-72.59433,-41.776447],[-72.594504,-41.776853],[-72.594592,-41.777612],[-72.594738,-41.77805],[-72.594825,-41.778604],[-72.594679,-41.77913],[-72.594446,-41.779422],[-72.594008,-41.779743],[-72.593336,-41.78021],[-72.592781,-41.780561],[-72.592402,-41.780911],[-72.591847,-41.781524],[-72.591529,-41.781949],[-72.590778,-41.781286],[-72.585079,-41.78247],[-72.581316,-41.779151],[-72.583252,-41.774648],[-72.57949,-41.771329],[-72.573793,-41.772512],[-72.570032,-41.769194],[-72.571968,-41.764692],[-72.577665,-41.763509],[-72.5796,-41.759007],[-72.585296,-41.757823],[-72.587231,-41.753321],[-72.58347,-41.750003],[-72.584861,-41.746765],[-72.58493,-41.74679],[-72.5852,-41.74686],[-72.58543,-41.74691],[-72.58577,-41.74693],[-72.58607,-41.74692],[-72.58638,-41.74691],[-72.58649,-41.74691],[-72.58671,-41.74699],[-72.58696,-41.74707],[-72.58723,-41.74712],[-72.58744,-41.74712],[-72.58767,-41.74709],[-72.58791,-41.74704],[-72.58822,-41.74696],[-72.58853,-41.74685],[-72.58876,-41.74663],[-72.5889,-41.74652],[-72.58904,-41.74644],[-72.58922,-41.74641],[-72.58944,-41.74648],[-72.58959,-41.74655],[-72.58976,-41.74663],[-72.589895,-41.74664],[-72.59,-41.74664],[-72.5902,-41.74663],[-72.59046,-41.74657],[-72.59078,-41.74646],[-72.59107,-41.74633],[-72.59154,-41.74608],[-72.59192,-41.7458],[-72.59213,-41.74563],[-72.592329,-41.745401],[-72.59233,-41.7454],[-72.59272,-41.74507],[-72.59324,-41.74477],[-72.59335,-41.74463],[-72.59339,-41.74436],[-72.5934,-41.74416],[-72.59343,-41.74396],[-72.59356,-41.74369],[-72.59376,-41.74348],[-72.59409,-41.74322],[-72.59445,-41.74296],[-72.59493,-41.74272],[-72.59547,-41.74235],[-72.59601,-41.74194],[-72.59626,-41.74164],[-72.59636,-41.74138],[-72.5964,-41.74113],[-72.59641,-41.74092],[-72.59642,-41.74078],[-72.59643,-41.74071],[-72.59643,-41.74065],[-72.59648,-41.74044],[-72.59665,-41.74028],[-72.59685,-41.74015],[-72.59691,-41.74005],[-72.59709,-41.73986],[-72.59728,-41.73961],[-72.59746,-41.73946],[-72.59758,-41.73938],[-72.59771,-41.73936],[-72.5979,-41.73933],[-72.59809,-41.73926],[-72.59821,-41.73918],[-72.59827,-41.7391],[-72.59836,-41.73894],[-72.59849,-41.73889],[-72.59868,-41.73882],[-72.598809,-41.738701],[-72.59886,-41.738655],[-72.59891,-41.73856],[-72.59892,-41.73843],[-72.598871,-41.738294],[-72.599407,-41.737048],[-72.59954,-41.73701],[-72.59986,-41.73697],[-72.60013,-41.73697],[-72.60046,-41.73697],[-72.60068,-41.73689],[-72.60081,-41.73673],[-72.60088,-41.73651],[-72.60101,-41.73636],[-72.60123,-41.73621],[-72.60161,-41.73606],[-72.60205,-41.73591],[-72.60246,-41.73579],[-72.60269,-41.73573],[-72.60321,-41.73573],[-72.60377,-41.73574],[-72.60426,-41.73581],[-72.60465,-41.73588],[-72.60507,-41.73597],[-72.60631,-41.73648],[-72.60692,-41.73676],[-72.60708,-41.73686],[-72.6072,-41.73689],[-72.6073,-41.73691],[-72.60758,-41.73699],[-72.60781,-41.737],[-72.60803,-41.73698],[-72.60819,-41.73691],[-72.60829,-41.73681],[-72.60844,-41.73676],[-72.60864,-41.73678],[-72.60885,-41.73679],[-72.60904,-41.73677],[-72.60918,-41.7367],[-72.60932,-41.73655],[-72.60938,-41.73636],[-72.60949,-41.73623],[-72.60962,-41.73601],[-72.609738,-41.735924],[-72.60984,-41.73585],[-72.61029,-41.73568],[-72.61042,-41.73562],[-72.61064,-41.73551],[-72.611105,-41.735255],[-72.61227,-41.73452],[-72.61243,-41.73442],[-72.61273,-41.73436],[-72.61292,-41.73437],[-72.61311,-41.73445],[-72.61332,-41.7345],[-72.61353,-41.73449],[-72.61363,-41.73447],[-72.61372,-41.73441],[-72.61372,-41.73434],[-72.61363,-41.73425],[-72.61349,-41.73411],[-72.61343,-41.73395],[-72.61345,-41.73387],[-72.61356,-41.73378],[-72.61368,-41.73376],[-72.61383,-41.73381],[-72.61404,-41.73382],[-72.61418,-41.73381],[-72.61438,-41.73375],[-72.61466,-41.73369],[-72.61494,-41.73363],[-72.61531,-41.73355],[-72.61557,-41.73348],[-72.61586,-41.73341],[-72.61626,-41.73333],[-72.61653,-41.73332],[-72.616563,-41.733321],[-72.61686,-41.73333],[-72.61726,-41.73335],[-72.6176,-41.73336],[-72.61802,-41.73334],[-72.61815,-41.73332],[-72.61831,-41.7332],[-72.61843,-41.73306],[-72.6186,-41.73294],[-72.61877,-41.73286],[-72.61906,-41.73278],[-72.61938,-41.73273],[-72.61986,-41.73273],[-72.62027,-41.73276],[-72.62058,-41.73277],[-72.62087,-41.73276],[-72.62113,-41.73273],[-72.62134,-41.73267],[-72.62169,-41.73265],[-72.62196,-41.73266],[-72.62221,-41.73271],[-72.62254,-41.73278],[-72.62285,-41.73284],[-72.62355,-41.7329],[-72.62397,-41.73289],[-72.62438,-41.73289],[-72.62454,-41.73289],[-72.62524,-41.73282],[-72.62545,-41.73277],[-72.62571,-41.73277],[-72.62602,-41.73277],[-72.62641,-41.7328],[-72.62673,-41.73284],[-72.6271,-41.73293],[-72.627102,-41.732931],[-72.62728,-41.73304],[-72.62755,-41.73316],[-72.62778,-41.73323],[-72.62807,-41.73321],[-72.62825,-41.73321],[-72.62845,-41.73312],[-72.62867,-41.73297],[-72.62893,-41.73291],[-72.62928,-41.73288],[-72.62958,-41.73288],[-72.62968,-41.73289],[-72.62985,-41.73291],[-72.63011,-41.73295],[-72.6304,-41.733],[-72.63052,-41.73303],[-72.6311,-41.73312],[-72.63131,-41.73312],[-72.63147,-41.73305],[-72.63165,-41.73291],[-72.63182,-41.73278],[-72.63203,-41.73274],[-72.63231,-41.73277],[-72.63247,-41.73287],[-72.63286,-41.733],[-72.63314,-41.73303],[-72.63338,-41.73298],[-72.63357,-41.73296],[-72.63378,-41.73296],[-72.63397,-41.73299],[-72.63438,-41.73303],[-72.634639,-41.733045],[-72.63472,-41.73305],[-72.63502,-41.73313],[-72.63529,-41.73322],[-72.63555,-41.73338],[-72.63582,-41.73348],[-72.63609,-41.7335],[-72.63623,-41.73345],[-72.63626,-41.73336],[-72.63612,-41.73321],[-72.63597,-41.73309],[-72.63582,-41.73292],[-72.63574,-41.73275],[-72.63574,-41.73258],[-72.63578,-41.73244],[-72.63585,-41.73238],[-72.63604,-41.73234],[-72.63612,-41.73234],[-72.63635,-41.7323],[-72.63645,-41.73223],[-72.6366,-41.73201],[-72.63667,-41.73182],[-72.63678,-41.73163],[-72.63688,-41.73155],[-72.6371,-41.73144],[-72.63722,-41.73138],[-72.6373,-41.73133],[-72.63741,-41.73114],[-72.63747,-41.73094],[-72.63758,-41.73078],[-72.63778,-41.7307],[-72.63798,-41.73064],[-72.63809,-41.73054],[-72.63815,-41.73038],[-72.63842,-41.73014],[-72.63877,-41.73002],[-72.6392,-41.72992],[-72.63977,-41.72974],[-72.64107,-41.72945],[-72.64146,-41.72935],[-72.64186,-41.72927],[-72.64233,-41.72915],[-72.64264,-41.72909],[-72.64297,-41.72907],[-72.64331,-41.72908],[-72.64343,-41.72911],[-72.64362,-41.72915],[-72.64409,-41.72938],[-72.644171,-41.729409],[-72.64437,-41.72948],[-72.6446,-41.72959],[-72.64487,-41.7297],[-72.64527,-41.72974],[-72.64547,-41.72975],[-72.64588,-41.7298],[-72.64615,-41.72985],[-72.64643,-41.72986],[-72.64676,-41.72985],[-72.64707,-41.72986],[-72.64727,-41.72994],[-72.64749,-41.7301],[-72.64776,-41.73032],[-72.64796,-41.73049],[-72.64817,-41.73059],[-72.64838,-41.73063],[-72.64855,-41.73065],[-72.6488,-41.73068],[-72.64889,-41.730722],[-72.647509,-41.731327],[-72.646525,-41.731702],[-72.64501,-41.73198],[-72.64362,-41.732161],[-72.643024,-41.732085],[-72.642427,-41.732009],[-72.640965,-41.732343],[-72.639274,-41.732921],[-72.637329,-41.733484],[-72.636564,-41.734037],[-72.635995,-41.73424],[-72.635119,-41.734553],[-72.634028,-41.735015],[-72.633266,-41.735337],[-72.632196,-41.736621],[-72.630913,-41.737405],[-72.629923,-41.737543],[-72.629416,-41.737191],[-72.628632,-41.736906],[-72.627919,-41.736906],[-72.627135,-41.737405],[-72.625813,-41.73768]]]},"properties":{"comuna":"Cochamó","mancha_id":"10103-88ceae7843fffff","clase":"Medio","nivel_medio":1.882,"nivel_medio_min":1.549,"nivel_medio_max":2.201,"pct_alto":6.8,"n_hexagonos":25,"area_ha":1052.4}},{"type":"Feature","geometry":{"type":"Polygon","coordinates":[[[-72.60372,-41.71148],[-72.60344,-41.71156],[-72.603234,-41.711569],[-72.602451,-41.710879],[-72.60271,-41.71092],[-72.60311,-41.71093],[-72.60363,-41.71104],[-72.60381,-41.71114],[-72.60392,-41.71126],[-72.60391,-41.71135],[-72.60382,-41.71144],[-72.60372,-41.71148]]]},"properties":{"comuna":"Cochamó","mancha_id":"10103-88ceae7821fffff","clase":"Medio","nivel_medio":2.369,"nivel_medio_min":2.369,"nivel_medio_max":2.369,"pct_alto":37.1,"n_hexagonos":1,"area_ha":0.51}},{"type":"Feature","geometry":{"type":"Polygon","coordinates":[[[-72.245917,-42.060989],[-72.24395,-42.065481],[-72.247697,-42.068817],[-72.24573,-42.07331],[-72.240015,-42.074466],[-72.236269,-42.07113],[-72.238236,-42.066638],[-72.234491,-42.063302],[-72.236458,-42.05881],[-72.232713,-42.055474],[-72.234681,-42.050983],[-72.240392,-42.049826],[-72.244137,-42.053161],[-72.24985,-42.052004],[-72.253596,-42.055339],[-72.25163,-42.059832],[-72.245917,-42.060989]]]},"properties":{"comuna":"Cochamó","mancha_id":"10103-88ceae5a61fffff","clase":"Medio","nivel_medio":2.068,"nivel_medio_min":1.588,"nivel_medio_max":2.296,"pct_alto":50.3,"n_hexagonos":4,"area_ha":258.04}},{"type":"Feature","geometry":{"type":"Polygon","coordinates":[[[-72.284305,-42.032732],[-72.282341,-42.037226],[-72.276629,-42.038385],[-72.272881,-42.035051],[-72.274845,-42.030558],[-72.280557,-42.029398],[-72.284305,-42.032732]]]},"properties":{"comuna":"Cochamó","mancha_id":"10103-88ceae5a3bfffff","clase":"Medio","nivel_medio":2.167,"nivel_medio_min":2.167,"nivel_medio_max":2.167,"pct_alto":69.7,"n_hexagonos":1,"area_ha":64.54}},{"type":"Feature","geometry":{"type":"Polygon","coordinates":[[[-72.278413,-42.046213],[-72.276449,-42.050707],[-72.270736,-42.051865],[-72.266987,-42.048531],[-72.268952,-42.044037],[-72.274665,-42.042879],[-72.278413,-42.046213]]]},"properties":{"comuna":"Cochamó","mancha_id":"10103-88ceae5a03fffff","clase":"Medio","nivel_medio":2.327,"nivel_medio_min":2.327,"nivel_medio_max":2.327,"pct_alto":70.7,"n_hexagonos":1,"area_ha":64.54}},{"type":"Feature","geometry":{"type":"Polygon","coordinates":[[[-72.245261,-41.979259],[-72.241521,-41.975927],[-72.235817,-41.977086],[-72.232078,-41.973754],[-72.234043,-41.969264],[-72.239745,-41.968105],[-72.241709,-41.963614],[-72.23797,-41.960283],[-72.239934,-41.955792],[-72.242528,-41.955265],[-72.244019,-41.9554],[-72.246464,-41.955371],[-72.2484,-41.955348],[-72.250004,-41.955429],[-72.250255,-41.955441],[-72.251085,-41.955805],[-72.251717,-41.956733],[-72.251193,-41.957594],[-72.251028,-41.957867],[-72.250579,-41.958631],[-72.250827,-41.959036],[-72.25176,-41.959594],[-72.25525,-41.961921],[-72.257364,-41.96346],[-72.256855,-41.964626],[-72.2599,-41.967338],[-72.258723,-41.96818],[-72.257464,-41.969603],[-72.254305,-41.971959],[-72.252906,-41.973588],[-72.252858,-41.973644],[-72.251028,-41.975097],[-72.250074,-41.976356],[-72.249902,-41.976583],[-72.248566,-41.977784],[-72.24766,-41.978013],[-72.24703,-41.9789],[-72.245261,-41.979259]]]},"properties":{"comuna":"Cochamó","mancha_id":"10103-88ceae5835fffff","clase":"Medio","nivel_medio":1.947,"nivel_medio_min":1.538,"nivel_medio_max":2.413,"pct_alto":51.9,"n_hexagonos":7,"area_ha":344.21}},{"type":"Feature","geometry":{"type":"Polygon","coordinates":[[[-72.376893,-41.772278],[-72.374945,-41.776771],[-72.369256,-41.777943],[-72.365517,-41.774621],[-72.367466,-41.770128],[-72.373154,-41.768956],[-72.376893,-41.772278]]]},"properties":{"comuna":"Cochamó","mancha_id":"10103-88ceae4d63fffff","clase":"Medio","nivel_medio":1.844,"nivel_medio_min":1.844,"nivel_medio_max":1.844,"pct_alto":53.7,"n_hexagonos":1,"area_ha":64.48}},{"type":"Feature","geometry":{"type":"Polygon","coordinates":[[[-72.446964,-41.766006],[-72.44502,-41.770503],[-72.439329,-41.771678],[-72.435583,-41.768358],[-72.429893,-41.769533],[-72.426148,-41.766212],[-72.420458,-41.767387],[-72.416714,-41.764066],[-72.418659,-41.759571],[-72.424348,-41.758396],[-72.428092,-41.761717],[-72.433782,-41.760541],[-72.437527,-41.763862],[-72.443217,-41.762686],[-72.446964,-41.766006]]]},"properties":{"comuna":"Cochamó","mancha_id":"10103-88ceae4c23fffff","clase":"Medio","nivel_medio":1.629,"nivel_medio_min":1.6,"nivel_medio_max":1.649,"pct_alto":3.7,"n_hexagonos":3,"area_ha":193.63}},{"type":"Feature","geometry":{"type":"Polygon","coordinates":[[[-72.252819,-41.855001],[-72.25086,-41.85949],[-72.245168,-41.860652],[-72.241437,-41.857325],[-72.243396,-41.852836],[-72.249087,-41.851674],[-72.252819,-41.855001]]]},"properties":{"comuna":"Cochamó","mancha_id":"10103-88ceae4865fffff","clase":"Medio","nivel_medio":2.273,"nivel_medio_min":2.273,"nivel_medio_max":2.273,"pct_alto":52.5,"n_hexagonos":1,"area_ha":64.39}},{"type":"Feature","geometry":{"type":"Polygon","coordinates":[[[-72.273448,-41.867145],[-72.27149,-41.871635],[-72.265796,-41.872798],[-72.262061,-41.869471],[-72.256368,-41.870634],[-72.254409,-41.875123],[-72.248715,-41.876285],[-72.246755,-41.880775],[-72.241061,-41.881937],[-72.237328,-41.878609],[-72.239289,-41.87412],[-72.235557,-41.870792],[-72.237517,-41.866303],[-72.243209,-41.865141],[-72.246941,-41.868469],[-72.252634,-41.867306],[-72.254593,-41.862817],[-72.260285,-41.861654],[-72.26402,-41.864981],[-72.269713,-41.863818],[-72.273448,-41.867145]]]},"properties":{"comuna":"Cochamó","mancha_id":"10103-88ceae4845fffff","clase":"Medio","nivel_medio":1.781,"nivel_medio_min":1.505,"nivel_medio_max":2.472,"pct_alto":40.6,"n_hexagonos":5,"area_ha":322.02}},{"type":"Feature","geometry":{"type":"Polygon","coordinates":[[[-72.566401,-41.821894],[-72.567646,-41.822993],[-72.570329,-41.822437],[-72.57007,-41.822826],[-72.569694,-41.823221],[-72.568904,-41.823935],[-72.568452,-41.824086],[-72.568283,-41.824067],[-72.567907,-41.823879],[-72.567512,-41.82339],[-72.567486,-41.823365],[-72.567117,-41.823014],[-72.566759,-41.822543],[-72.566515,-41.822111],[-72.566401,-41.821894]]]},"properties":{"comuna":"Cochamó","mancha_id":"10103-88ceae45e1fffff","clase":"Medio","nivel_medio":2.0,"nivel_medio_min":2.0,"nivel_medio_max":2.0,"pct_alto":0.0,"n_hexagonos":2,"area_ha":2.59}},{"type":"Feature","geometry":{"type":"Polygon","coordinates":[[[-72.574763,-41.818525],[-72.575286,-41.817308],[-72.57821,-41.816702],[-72.578553,-41.816919],[-72.578948,-41.817296],[-72.579136,-41.81754],[-72.579174,-41.817785],[-72.579136,-41.817879],[-72.578779,-41.817935],[-72.578421,-41.817954],[-72.577819,-41.817973],[-72.577123,-41.818142],[-72.576766,-41.818142],[-72.576258,-41.81818],[-72.575731,-41.818292],[-72.57513,-41.818462],[-72.574763,-41.818525]]]},"properties":{"comuna":"Cochamó","mancha_id":"10103-88ceae458dfffff","clase":"Medio","nivel_medio":2.028,"nivel_medio_min":2.028,"nivel_medio_max":2.028,"pct_alto":12.6,"n_hexagonos":1,"area_ha":4.11}},{"type":"Feature","geometry":{"type":"Polygon","coordinates":[[[-71.746024,-42.128357],[-71.748309,-42.127905],[-71.749407,-42.128898],[-71.748346,-42.128968],[-71.747941,-42.129348],[-71.747885,-42.129457],[-71.747394,-42.130419],[-71.746799,-42.130443],[-71.746632,-42.129896],[-71.746459,-42.129008],[-71.746459,-42.128979],[-71.746024,-42.128357]]]},"properties":{"comuna":"Cochamó","mancha_id":"10103-88cea37599fffff","clase":"Medio","nivel_medio":1.627,"nivel_medio_min":1.627,"nivel_medio_max":1.627,"pct_alto":0.0,"n_hexagonos":1,"area_ha":3.77}},{"type":"Feature","geometry":{"type":"Polygon","coordinates":[[[-71.816114,-42.138941],[-71.814118,-42.143416],[-71.808416,-42.144546],[-71.804711,-42.141202],[-71.806708,-42.136727],[-71.803004,-42.133383],[-71.805,-42.128909],[-71.8107,-42.127779],[-71.814405,-42.131122],[-71.812409,-42.135597],[-71.816114,-42.138941]]]},"properties":{"comuna":"Cochamó","mancha_id":"10103-88cea37491fffff","clase":"Medio","nivel_medio":1.746,"nivel_medio_min":1.703,"nivel_medio_max":1.789,"pct_alto":0.1,"n_hexagonos":2,"area_ha":128.12}},{"type":"Feature","geometry":{"type":"Polygon","coordinates":[[[-71.77428,-42.069772],[-71.772284,-42.074244],[-71.766591,-42.075373],[-71.762896,-42.072031],[-71.764892,-42.06756],[-71.770584,-42.06643],[-71.77428,-42.069772]]]},"properties":{"comuna":"Cochamó","mancha_id":"10103-88cea36635fffff","clase":"Medio","nivel_medio":1.617,"nivel_medio_min":1.617,"nivel_medio_max":1.617,"pct_alto":0.2,"n_hexagonos":1,"area_ha":63.97}},{"type":"Feature","geometry":{"type":"Polygon","coordinates":[[[-71.794765,-42.082009],[-71.792769,-42.086482],[-71.787075,-42.087613],[-71.783376,-42.08427],[-71.785372,-42.079798],[-71.791066,-42.078667],[-71.793061,-42.074194],[-71.798754,-42.073063],[-71.802454,-42.076405],[-71.800459,-42.080878],[-71.794765,-42.082009]]]},"properties":{"comuna":"Cochamó","mancha_id":"10103-88cea36615fffff","clase":"Medio","nivel_medio":1.703,"nivel_medio_min":1.694,"nivel_medio_max":1.712,"pct_alto":0.0,"n_hexagonos":2,"area_ha":128.01}},{"type":"Feature","geometry":{"type":"Polygon","coordinates":[[[-71.777682,-42.0854],[-71.775685,-42.089873],[-71.769991,-42.091002],[-71.766294,-42.087659],[-71.7606,-42.088788],[-71.756904,-42.085445],[-71.758902,-42.080974],[-71.764595,-42.079845],[-71.768291,-42.083187],[-71.773984,-42.082058],[-71.777682,-42.0854]]]},"properties":{"comuna":"Cochamó","mancha_id":"10103-88cea36607fffff","clase":"Medio","nivel_medio":1.715,"nivel_medio_min":1.631,"nivel_medio_max":1.798,"pct_alto":3.4,"n_hexagonos":2,"area_ha":127.96}},{"type":"Feature","geometry":{"type":"Polygon","coordinates":[[[-71.818685,-42.028333],[-71.816693,-42.032806],[-71.811003,-42.033939],[-71.807305,-42.030599],[-71.809298,-42.026126],[-71.814987,-42.024993],[-71.818685,-42.028333]]]},"properties":{"comuna":"Cochamó","mancha_id":"10103-88cea364c9fffff","clase":"Medio","nivel_medio":1.667,"nivel_medio_min":1.667,"nivel_medio_max":1.667,"pct_alto":13.5,"n_hexagonos":1,"area_ha":64.0}},{"type":"Feature","geometry":{"type":"Polygon","coordinates":[[[-71.769181,-42.046333],[-71.767185,-42.050804],[-71.761496,-42.051934],[-71.757802,-42.048593],[-71.752113,-42.049723],[-71.748421,-42.046382],[-71.750417,-42.041911],[-71.756105,-42.040782],[-71.759798,-42.044122],[-71.765487,-42.042992],[-71.769181,-42.046333]]]},"properties":{"comuna":"Cochamó","mancha_id":"10103-88cea36409fffff","clase":"Medio","nivel_medio":1.55,"nivel_medio_min":1.547,"nivel_medio_max":1.553,"pct_alto":1.3,"n_hexagonos":2,"area_ha":127.89}},{"type":"Feature","geometry":{"type":"Polygon","coordinates":[[[-71.763789,-42.035181],[-71.765784,-42.03071],[-71.762092,-42.02737],[-71.764087,-42.022899],[-71.760395,-42.019559],[-71.76239,-42.015089],[-71.768075,-42.013958],[-71.771768,-42.017297],[-71.777454,-42.016166],[-71.781147,-42.019505],[-71.779154,-42.023977],[-71.782848,-42.027317],[-71.788536,-42.026185],[-71.790529,-42.021713],[-71.796217,-42.02058],[-71.798209,-42.016108],[-71.794515,-42.012769],[-71.796507,-42.008297],[-71.792813,-42.004959],[-71.794805,-42.000487],[-71.800491,-41.999354],[-71.804185,-42.002692],[-71.809872,-42.001558],[-71.813567,-42.004897],[-71.811576,-42.00937],[-71.815273,-42.012708],[-71.813281,-42.017181],[-71.807593,-42.018315],[-71.805601,-42.022787],[-71.799912,-42.02392],[-71.79792,-42.028392],[-71.792231,-42.029524],[-71.790237,-42.033996],[-71.793933,-42.037337],[-71.799623,-42.036204],[-71.80332,-42.039544],[-71.809011,-42.038412],[-71.812709,-42.041752],[-71.810716,-42.046225],[-71.805025,-42.047358],[-71.803031,-42.05183],[-71.80673,-42.055171],[-71.804736,-42.059644],[-71.808436,-42.062985],[-71.806442,-42.067459],[-71.800749,-42.06859],[-71.79705,-42.065249],[-71.791357,-42.06638],[-71.787659,-42.063039],[-71.789654,-42.058566],[-71.795346,-42.057435],[-71.79734,-42.052962],[-71.793643,-42.049622],[-71.787952,-42.050753],[-71.784256,-42.047412],[-71.778565,-42.048543],[-71.77487,-42.045203],[-71.776865,-42.040731],[-71.773171,-42.037391],[-71.767482,-42.038521],[-71.763789,-42.035181]]]},"properties":{"comuna":"Cochamó","mancha_id":"10103-88cea36403fffff","clase":"Medio","nivel_medio":1.727,"nivel_medio_min":1.513,"nivel_medio_max":2.058,"pct_alto":3.5,"n_hexagonos":22,"area_ha":1407.43}},{"type":"Feature","geometry":{"type":"Polygon","coordinates":[[[-72.13718,-42.09522],[-72.135205,-42.099708],[-72.129493,-42.100857],[-72.125756,-42.097519],[-72.127732,-42.093031],[-72.133443,-42.091881],[-72.13718,-42.09522]]]},"properties":{"comuna":"Cochamó","mancha_id":"10103-88cea32ec5fffff","clase":"Medio","nivel_medio":1.524,"nivel_medio_min":1.524,"nivel_medio_max":1.524,"pct_alto":35.0,"n_hexagonos":1,"area_ha":64.41}},{"type":"Feature","geometry":{"type":"Polygon","coordinates":[[[-72.131895,-42.071742],[-72.129921,-42.07623],[-72.133656,-42.079568],[-72.131681,-42.084055],[-72.125971,-42.085205],[-72.122236,-42.081867],[-72.124211,-42.077379],[-72.120477,-42.074042],[-72.122452,-42.069555],[-72.12816,-42.068405],[-72.131895,-42.071742]]]},"properties":{"comuna":"Cochamó","mancha_id":"10103-88cea32ea9fffff","clase":"Medio","nivel_medio":2.197,"nivel_medio_min":2.096,"nivel_medio_max":2.298,"pct_alto":55.2,"n_hexagonos":2,"area_ha":128.78}},{"type":"Feature","geometry":{"type":"Polygon","coordinates":[[[-72.134082,-42.054942],[-72.137816,-42.058279],[-72.143524,-42.057128],[-72.14726,-42.060465],[-72.152968,-42.059314],[-72.156705,-42.06265],[-72.154732,-42.067139],[-72.149023,-42.06829],[-72.145287,-42.064953],[-72.139578,-42.066104],[-72.135843,-42.062767],[-72.130134,-42.063917],[-72.126401,-42.06058],[-72.128375,-42.056093],[-72.134082,-42.054942]]]},"properties":{"comuna":"Cochamó","mancha_id":"10103-88cea32ea3fffff","clase":"Medio","nivel_medio":1.993,"nivel_medio_min":1.614,"nivel_medio_max":2.451,"pct_alto":58.9,"n_hexagonos":3,"area_ha":193.19}},{"type":"Feature","geometry":{"type":"Polygon","coordinates":[[[-72.175601,-42.067019],[-72.173629,-42.071509],[-72.167918,-42.072661],[-72.16418,-42.069324],[-72.166152,-42.064835],[-72.171862,-42.063683],[-72.175601,-42.067019]]]},"properties":{"comuna":"Cochamó","mancha_id":"10103-88cea32e91fffff","clase":"Medio","nivel_medio":2.293,"nivel_medio_min":2.293,"nivel_medio_max":2.293,"pct_alto":66.5,"n_hexagonos":1,"area_ha":64.43}},{"type":"Feature","geometry":{"type":"Polygon","coordinates":[[[-72.063854,-42.060903],[-72.065832,-42.056418],[-72.062106,-42.053081],[-72.064083,-42.048597],[-72.069787,-42.047449],[-72.071764,-42.042965],[-72.077467,-42.041817],[-72.081194,-42.045154],[-72.086898,-42.044006],[-72.090627,-42.047343],[-72.096331,-42.046194],[-72.100061,-42.049531],[-72.105766,-42.048382],[-72.107741,-42.043896],[-72.113446,-42.042746],[-72.117177,-42.046083],[-72.122883,-42.044933],[-72.126615,-42.048269],[-72.124641,-42.052756],[-72.118935,-42.053906],[-72.11696,-42.058393],[-72.120693,-42.06173],[-72.118718,-42.066217],[-72.113011,-42.067366],[-72.111035,-42.071853],[-72.114768,-42.075191],[-72.112793,-42.079678],[-72.116527,-42.083016],[-72.114551,-42.087503],[-72.118285,-42.090842],[-72.11631,-42.095329],[-72.120045,-42.098668],[-72.118069,-42.103155],[-72.121805,-42.106494],[-72.119828,-42.110982],[-72.114116,-42.11213],[-72.11038,-42.108791],[-72.104668,-42.109938],[-72.100934,-42.106599],[-72.095223,-42.107746],[-72.091489,-42.104407],[-72.093467,-42.099921],[-72.089735,-42.096581],[-72.091712,-42.092095],[-72.08798,-42.088756],[-72.082272,-42.089903],[-72.078541,-42.086565],[-72.072833,-42.087711],[-72.070855,-42.092196],[-72.065146,-42.093342],[-72.063167,-42.097827],[-72.057458,-42.098973],[-72.05373,-42.095633],[-72.055709,-42.091149],[-72.051982,-42.087809],[-72.053961,-42.083325],[-72.059668,-42.082179],[-72.061647,-42.077695],[-72.057919,-42.074356],[-72.059898,-42.069872],[-72.056171,-42.066534],[-72.05815,-42.062049],[-72.063854,-42.060903]],[[-72.080969,-42.057462],[-72.084698,-42.060799],[-72.090404,-42.059651],[-72.094134,-42.062989],[-72.09984,-42.06184],[-72.101816,-42.057354],[-72.098086,-42.054017],[-72.09238,-42.055166],[-72.088651,-42.051828],[-72.082946,-42.052976],[-72.080969,-42.057462]],[[-72.084474,-42.073108],[-72.078767,-42.074255],[-72.076789,-42.078741],[-72.080519,-42.082079],[-72.086227,-42.080932],[-72.089958,-42.08427],[-72.095666,-42.083123],[-72.099399,-42.086461],[-72.097422,-42.090948],[-72.101155,-42.094287],[-72.099177,-42.098773],[-72.102911,-42.102112],[-72.108622,-42.100964],[-72.110599,-42.096477],[-72.106865,-42.093139],[-72.108841,-42.088652],[-72.105108,-42.085313],[-72.107084,-42.080827],[-72.103351,-42.077488],[-72.105327,-42.073002],[-72.101596,-42.069664],[-72.095888,-42.070812],[-72.093912,-42.075298],[-72.088204,-42.076446],[-72.084474,-42.073108]]]},"properties":{"comuna":"Cochamó","mancha_id":"10103-88cea32c01fffff","clase":"Medio","nivel_medio":2.111,"nivel_medio_min":1.553,"nivel_medio_max":2.477,"pct_alto":36.7,"n_hexagonos":37,"area_ha":2380.69}},{"type":"Feature","geometry":{"type":"Polygon","coordinates":[[[-71.917829,-42.073819],[-71.915842,-42.078298],[-71.910142,-42.079435],[-71.906431,-42.076095],[-71.908419,-42.071617],[-71.914117,-42.070479],[-71.917829,-42.073819]]]},"properties":{"comuna":"Cochamó","mancha_id":"10103-88cea329d7fffff","clase":"Medio","nivel_medio":1.8,"nivel_medio_min":1.8,"nivel_medio_max":1.8,"pct_alto":37.5,"n_hexagonos":1,"area_ha":64.14}},{"type":"Feature","geometry":{"type":"Polygon","coordinates":[[[-71.89901,-42.069414],[-71.897022,-42.073891],[-71.891323,-42.075028],[-71.887614,-42.071688],[-71.889603,-42.067211],[-71.895301,-42.066074],[-71.89901,-42.069414]]]},"properties":{"comuna":"Cochamó","mancha_id":"10103-88cea32981fffff","clase":"Medio","nivel_medio":1.543,"nivel_medio_min":1.543,"nivel_medio_max":1.543,"pct_alto":0.0,"n_hexagonos":1,"area_ha":64.12}},{"type":"Feature","geometry":{"type":"Polygon","coordinates":[[[-71.838922,-42.134416],[-71.84263,-42.13776],[-71.848333,-42.136628],[-71.852042,-42.139972],[-71.850048,-42.144448],[-71.844345,-42.14558],[-71.840636,-42.142236],[-71.834933,-42.143368],[-71.831225,-42.140024],[-71.83322,-42.135548],[-71.838922,-42.134416]]]},"properties":{"comuna":"Cochamó","mancha_id":"10103-88cea32949fffff","clase":"Medio","nivel_medio":1.66,"nivel_medio_min":1.656,"nivel_medio_max":1.664,"pct_alto":3.3,"n_hexagonos":2,"area_ha":128.2}},{"type":"Feature","geometry":{"type":"Polygon","coordinates":[[[-71.999128,-42.077976],[-71.997146,-42.082458],[-71.991442,-42.0836],[-71.987721,-42.08026],[-71.989705,-42.075779],[-71.995408,-42.074637],[-71.999128,-42.077976]]]},"properties":{"comuna":"Cochamó","mancha_id":"10103-88cea3289bfffff","clase":"Medio","nivel_medio":1.701,"nivel_medio_min":1.701,"nivel_medio_max":1.701,"pct_alto":0.0,"n_hexagonos":1,"area_ha":64.24}},{"type":"Feature","geometry":{"type":"Polygon","coordinates":[[[-71.93934,-42.130767],[-71.937351,-42.135247],[-71.931645,-42.136384],[-71.927927,-42.133041],[-71.929916,-42.128562],[-71.935622,-42.127424],[-71.93761,-42.122944],[-71.943315,-42.121806],[-71.947034,-42.125148],[-71.95274,-42.12401],[-71.954727,-42.119529],[-71.960433,-42.11839],[-71.964153,-42.121732],[-71.96986,-42.120592],[-71.973581,-42.123934],[-71.979289,-42.122794],[-71.983011,-42.126136],[-71.981026,-42.130618],[-71.975317,-42.131758],[-71.971595,-42.128416],[-71.965888,-42.129555],[-71.963901,-42.134036],[-71.958193,-42.135175],[-71.954473,-42.131833],[-71.948766,-42.132971],[-71.945046,-42.129629],[-71.93934,-42.130767]]]},"properties":{"comuna":"Cochamó","mancha_id":"10103-88cea32853fffff","clase":"Medio","nivel_medio":1.685,"nivel_medio_min":1.585,"nivel_medio_max":1.875,"pct_alto":3.5,"n_hexagonos":7,"area_ha":449.56}},{"type":"Feature","geometry":{"type":"Polygon","coordinates":[[[-72.144234,-42.126531],[-72.142258,-42.13102],[-72.136542,-42.132169],[-72.132803,-42.128829],[-72.127088,-42.129977],[-72.123349,-42.126637],[-72.117635,-42.127785],[-72.115658,-42.132273],[-72.119395,-42.135613],[-72.117418,-42.140101],[-72.111702,-42.141249],[-72.107965,-42.137908],[-72.10225,-42.139055],[-72.098514,-42.135714],[-72.100492,-42.131227],[-72.096757,-42.127887],[-72.098735,-42.1234],[-72.095,-42.120059],[-72.089288,-42.121206],[-72.085554,-42.117866],[-72.087533,-42.11338],[-72.093245,-42.112233],[-72.096979,-42.115573],[-72.102691,-42.114426],[-72.106426,-42.117765],[-72.104448,-42.122253],[-72.108184,-42.125593],[-72.113898,-42.124445],[-72.115875,-42.119957],[-72.121589,-42.118809],[-72.125326,-42.122149],[-72.13104,-42.121],[-72.134779,-42.12434],[-72.140494,-42.123191],[-72.144234,-42.126531]]]},"properties":{"comuna":"Cochamó","mancha_id":"10103-88cea32529fffff","clase":"Medio","nivel_medio":1.875,"nivel_medio_min":1.573,"nivel_medio_max":2.369,"pct_alto":54.2,"n_hexagonos":9,"area_ha":579.62}},{"type":"Feature","geometry":{"type":"Polygon","coordinates":[[[-72.140706,-42.110874],[-72.13873,-42.115363],[-72.133016,-42.116512],[-72.129278,-42.113173],[-72.131254,-42.108684],[-72.136967,-42.107535],[-72.140706,-42.110874]]]},"properties":{"comuna":"Cochamó","mancha_id":"10103-88cea32527fffff","clase":"Medio","nivel_medio":1.781,"nivel_medio_min":1.781,"nivel_medio_max":1.781,"pct_alto":31.3,"n_hexagonos":1,"area_ha":64.42}},{"type":"Feature","geometry":{"type":"Polygon","coordinates":[[[-72.241229,-42.119264],[-72.23926,-42.123758],[-72.233541,-42.124912],[-72.229791,-42.121574],[-72.224072,-42.122728],[-72.222102,-42.12722],[-72.216383,-42.128374],[-72.212635,-42.125035],[-72.206917,-42.126188],[-72.20317,-42.122849],[-72.205142,-42.118358],[-72.201396,-42.115019],[-72.195679,-42.116172],[-72.193707,-42.120663],[-72.18799,-42.121815],[-72.184246,-42.118476],[-72.178529,-42.119628],[-72.176556,-42.124118],[-72.170839,-42.12527],[-72.167097,-42.12193],[-72.169071,-42.11744],[-72.174786,-42.116289],[-72.176759,-42.111799],[-72.182475,-42.110647],[-72.184447,-42.106157],[-72.180705,-42.102818],[-72.182677,-42.098328],[-72.188391,-42.097176],[-72.190363,-42.092685],[-72.18662,-42.089348],[-72.180907,-42.0905],[-72.178935,-42.09499],[-72.173221,-42.096142],[-72.169481,-42.092804],[-72.171453,-42.088315],[-72.177166,-42.087163],[-72.179138,-42.082673],[-72.175397,-42.079335],[-72.177369,-42.074846],[-72.18308,-42.073693],[-72.185051,-42.069203],[-72.190763,-42.06805],[-72.192733,-42.06356],[-72.198444,-42.062406],[-72.200414,-42.057915],[-72.206124,-42.056761],[-72.209867,-42.060097],[-72.207898,-42.064587],[-72.202186,-42.065742],[-72.200216,-42.070232],[-72.203958,-42.073569],[-72.201988,-42.07806],[-72.205732,-42.081397],[-72.203762,-42.085888],[-72.198048,-42.087041],[-72.196077,-42.091532],[-72.19982,-42.09487],[-72.197849,-42.099361],[-72.201594,-42.102699],[-72.199622,-42.10719],[-72.203367,-42.110528],[-72.209084,-42.109375],[-72.21283,-42.112713],[-72.218547,-42.111559],[-72.222295,-42.114897],[-72.228013,-42.113743],[-72.231761,-42.117081],[-72.23748,-42.115926],[-72.239449,-42.111433],[-72.245167,-42.110278],[-72.248917,-42.113616],[-72.246949,-42.118109],[-72.241229,-42.119264]]]},"properties":{"comuna":"Cochamó","mancha_id":"10103-88cea32433fffff","clase":"Medio","nivel_medio":2.079,"nivel_medio_min":1.529,"nivel_medio_max":2.434,"pct_alto":41.5,"n_hexagonos":25,"area_ha":1612.11}},{"type":"Feature","geometry":{"type":"Polygon","coordinates":[[[-72.120785,-41.624769],[-72.118827,-41.629248],[-72.113166,-41.630409],[-72.109464,-41.627091],[-72.111423,-41.622612],[-72.117083,-41.621451],[-72.120785,-41.624769]]]},"properties":{"comuna":"Cochamó","mancha_id":"10103-88ce85bb37fffff","clase":"Medio","nivel_medio":1.501,"nivel_medio_min":1.501,"nivel_medio_max":1.501,"pct_alto":0.0,"n_hexagonos":1,"area_ha":64.09}},{"type":"Feature","geometry":{"type":"Polygon","coordinates":[[[-72.14476,-41.65248],[-72.142802,-41.656961],[-72.137137,-41.658123],[-72.133431,-41.654804],[-72.135389,-41.650323],[-72.141054,-41.649161],[-72.14476,-41.65248]]]},"properties":{"comuna":"Cochamó","mancha_id":"10103-88ce85bb19fffff","clase":"Medio","nivel_medio":1.905,"nivel_medio_min":1.905,"nivel_medio_max":1.905,"pct_alto":33.7,"n_hexagonos":1,"area_ha":64.14}},{"type":"Feature","geometry":{"type":"Polygon","coordinates":[[[-72.150633,-41.639037],[-72.148675,-41.643518],[-72.143011,-41.64468],[-72.139306,-41.641361],[-72.133642,-41.642523],[-72.129937,-41.639204],[-72.124275,-41.640366],[-72.120571,-41.637047],[-72.12253,-41.632567],[-72.128192,-41.631406],[-72.131896,-41.634724],[-72.137558,-41.633562],[-72.141263,-41.636881],[-72.146926,-41.635718],[-72.150633,-41.639037]]]},"properties":{"comuna":"Cochamó","mancha_id":"10103-88ce85bb13fffff","clase":"Medio","nivel_medio":1.687,"nivel_medio_min":1.598,"nivel_medio_max":1.756,"pct_alto":0.0,"n_hexagonos":3,"area_ha":192.37}},{"type":"Feature","geometry":{"type":"Polygon","coordinates":[[[-72.170521,-41.688003],[-72.168563,-41.692486],[-72.162893,-41.693648],[-72.159182,-41.690327],[-72.153512,-41.691489],[-72.149802,-41.688168],[-72.151761,-41.683686],[-72.157429,-41.682524],[-72.16114,-41.685845],[-72.166809,-41.684682],[-72.170521,-41.688003]]]},"properties":{"comuna":"Cochamó","mancha_id":"10103-88ce85ba45fffff","clase":"Medio","nivel_medio":1.801,"nivel_medio_min":1.656,"nivel_medio_max":1.946,"pct_alto":21.5,"n_hexagonos":2,"area_ha":128.37}},{"type":"Feature","geometry":{"type":"Polygon","coordinates":[[[-72.202198,-41.591711],[-72.200246,-41.596194],[-72.194584,-41.59736],[-72.190876,-41.594044],[-72.185216,-41.59521],[-72.181509,-41.591894],[-72.183462,-41.587412],[-72.189122,-41.586246],[-72.192829,-41.589562],[-72.198489,-41.588395],[-72.202198,-41.591711]]]},"properties":{"comuna":"Cochamó","mancha_id":"10103-88ce85b8e9fffff","clase":"Medio","nivel_medio":1.682,"nivel_medio_min":1.637,"nivel_medio_max":1.727,"pct_alto":5.8,"n_hexagonos":2,"area_ha":128.32}},{"type":"Feature","geometry":{"type":"Polygon","coordinates":[[[-72.215664,-41.572613],[-72.213713,-41.577095],[-72.217422,-41.580411],[-72.215471,-41.584894],[-72.219181,-41.588209],[-72.224843,-41.587041],[-72.228554,-41.590356],[-72.226603,-41.59484],[-72.220941,-41.596008],[-72.21899,-41.600492],[-72.213327,-41.601659],[-72.211375,-41.606142],[-72.215086,-41.609459],[-72.213134,-41.613942],[-72.216846,-41.617259],[-72.214894,-41.621743],[-72.209229,-41.622909],[-72.207276,-41.627393],[-72.201611,-41.628559],[-72.1979,-41.625241],[-72.199853,-41.620758],[-72.196143,-41.617441],[-72.198096,-41.612958],[-72.20376,-41.611792],[-72.205712,-41.607309],[-72.202002,-41.603993],[-72.203955,-41.59951],[-72.209617,-41.598343],[-72.211569,-41.59386],[-72.207859,-41.590544],[-72.209811,-41.586061],[-72.206102,-41.582746],[-72.208053,-41.578263],[-72.204345,-41.574948],[-72.206296,-41.570466],[-72.211955,-41.569298],[-72.215664,-41.572613]]]},"properties":{"comuna":"Cochamó","mancha_id":"10103-88ce85b885fffff","clase":"Medio","nivel_medio":1.744,"nivel_medio_min":1.523,"nivel_medio_max":1.95,"pct_alto":11.0,"n_hexagonos":10,"area_ha":641.86}},{"type":"Feature","geometry":{"type":"Polygon","coordinates":[[[-72.171738,-41.614302],[-72.169783,-41.618784],[-72.164121,-41.619948],[-72.162165,-41.62443],[-72.156502,-41.625593],[-72.152796,-41.622275],[-72.147134,-41.623438],[-72.14343,-41.620121],[-72.145386,-41.61564],[-72.141682,-41.612322],[-72.136022,-41.613485],[-72.132319,-41.610168],[-72.134276,-41.605688],[-72.139935,-41.604525],[-72.141891,-41.600045],[-72.147551,-41.598881],[-72.149506,-41.594401],[-72.145803,-41.591085],[-72.140145,-41.592248],[-72.136443,-41.588931],[-72.130785,-41.590094],[-72.127085,-41.586778],[-72.129041,-41.582299],[-72.134698,-41.581136],[-72.138399,-41.584452],[-72.144056,-41.583288],[-72.147759,-41.586604],[-72.153417,-41.58544],[-72.15712,-41.588756],[-72.162779,-41.587592],[-72.166483,-41.590908],[-72.164529,-41.595389],[-72.168234,-41.598706],[-72.173895,-41.597541],[-72.177601,-41.600857],[-72.183262,-41.599692],[-72.18697,-41.603008],[-72.185016,-41.60749],[-72.188724,-41.610807],[-72.186771,-41.61529],[-72.181108,-41.616455],[-72.1774,-41.613138],[-72.171738,-41.614302]],[[-72.160414,-41.616631],[-72.16237,-41.612149],[-72.158664,-41.608832],[-72.153003,-41.609996],[-72.151047,-41.614477],[-72.154753,-41.617794],[-72.160414,-41.616631]]]},"properties":{"comuna":"Cochamó","mancha_id":"10103-88ce85b801fffff","clase":"Medio","nivel_medio":1.667,"nivel_medio_min":1.518,"nivel_medio_max":1.804,"pct_alto":2.5,"n_hexagonos":18,"area_ha":1154.28}},{"type":"Feature","geometry":{"type":"Polygon","coordinates":[[[-72.44747,-41.67604],[-72.44738,-41.67604],[-72.44722,-41.67603],[-72.44697,-41.67596],[-72.446958,-41.675951],[-72.447641,-41.675809],[-72.44764,-41.67584],[-72.44757,-41.67598],[-72.44749,-41.67601],[-72.44747,-41.67604]]]},"properties":{"comuna":"Cochamó","mancha_id":"10103-88ce85b757fffff","clase":"Medio","nivel_medio":2.462,"nivel_medio_min":2.462,"nivel_medio_max":2.462,"pct_alto":50.3,"n_hexagonos":1,"area_ha":0.08}},{"type":"Feature","geometry":{"type":"Polygon","coordinates":[[[-72.44514,-41.67726],[-72.44527,-41.67728],[-72.44535,-41.67745],[-72.44534,-41.67748],[-72.44505,-41.67756],[-72.44488,-41.67753],[-72.44482,-41.6775],[-72.44472,-41.67747],[-72.44468,-41.6774],[-72.4447,-41.67729],[-72.44481,-41.67725],[-72.44491,-41.67722],[-72.445,-41.67722],[-72.44514,-41.67726]]]},"properties":{"comuna":"Cochamó","mancha_id":"10103-88ce85b757fffff-2","clase":"Medio","nivel_medio":2.462,"nivel_medio_min":2.462,"nivel_medio_max":2.462,"pct_alto":50.3,"n_hexagonos":1,"area_ha":0.15}},{"type":"Feature","geometry":{"type":"Polygon","coordinates":[[[-72.44465,-41.68059],[-72.44476,-41.68063],[-72.44477,-41.68075],[-72.44476,-41.68082],[-72.44464,-41.68087],[-72.44444,-41.68085],[-72.44436,-41.68077],[-72.44431,-41.68074],[-72.44433,-41.68058],[-72.44443,-41.68053],[-72.44459,-41.68055],[-72.44465,-41.68059]]]},"properties":{"comuna":"Cochamó","mancha_id":"10103-88ce85b757fffff-3","clase":"Medio","nivel_medio":2.462,"nivel_medio_min":2.462,"nivel_medio_max":2.462,"pct_alto":50.3,"n_hexagonos":1,"area_ha":0.11}},{"type":"Feature","geometry":{"type":"Polygon","coordinates":[[[-72.44786,-41.68148],[-72.44782,-41.68164],[-72.44778,-41.68169],[-72.44773,-41.68175],[-72.44761,-41.68181],[-72.44753,-41.68181],[-72.44748,-41.68179],[-72.44742,-41.68178],[-72.44731,-41.68174],[-72.4473,-41.68171],[-72.44725,-41.68166],[-72.44724,-41.68162],[-72.44719,-41.68154],[-72.44725,-41.68138],[-72.44731,-41.68133],[-72.44739,-41.6813],[-72.44756,-41.68131],[-72.44758,-41.68132],[-72.44769,-41.68135],[-72.4478,-41.6814],[-72.44786,-41.68142],[-72.44786,-41.68148]]]},"properties":{"comuna":"Cochamó","mancha_id":"10103-88ce85b757fffff-4","clase":"Medio","nivel_medio":2.462,"nivel_medio_min":2.462,"nivel_medio_max":2.462,"pct_alto":50.3,"n_hexagonos":1,"area_ha":0.24}},{"type":"Feature","geometry":{"type":"Polygon","coordinates":[[[-72.45821,-41.67781],[-72.45808,-41.677736],[-72.459307,-41.677482],[-72.460745,-41.678756],[-72.46063,-41.67874],[-72.46041,-41.67874],[-72.46018,-41.67876],[-72.46004,-41.67877],[-72.459935,-41.67881],[-72.45974,-41.67884],[-72.45958,-41.67884],[-72.45952,-41.6788],[-72.45937,-41.67868],[-72.45925,-41.67857],[-72.45906,-41.67843],[-72.45886,-41.67829],[-72.45871,-41.67817],[-72.45856,-41.67806],[-72.45842,-41.67794],[-72.45821,-41.67781]]]},"properties":{"comuna":"Cochamó","mancha_id":"10103-88ce85b753fffff","clase":"Medio","nivel_medio":1.733,"nivel_medio_min":1.733,"nivel_medio_max":1.733,"pct_alto":6.5,"n_hexagonos":1,"area_ha":1.49}},{"type":"Feature","geometry":{"type":"Polygon","coordinates":[[[-72.45849,-41.68577],[-72.458577,-41.685819],[-72.455427,-41.686472],[-72.451758,-41.68322],[-72.45176,-41.68322],[-72.4522,-41.68321],[-72.45242,-41.68317],[-72.45264,-41.68317],[-72.4527,-41.6832],[-72.45286,-41.68322],[-72.45308,-41.68329],[-72.4533,-41.68332],[-72.45344,-41.68332],[-72.45352,-41.68329],[-72.45372,-41.68322],[-72.45399,-41.6832],[-72.45417,-41.68315],[-72.45441,-41.68312],[-72.45462,-41.6832],[-72.45479,-41.68333],[-72.4549,-41.68345],[-72.45484,-41.6836],[-72.45484,-41.68365],[-72.45498,-41.68376],[-72.45513,-41.68387],[-72.45535,-41.68395],[-72.45557,-41.68403],[-72.45579,-41.68409],[-72.45622,-41.68427],[-72.45665,-41.68447],[-72.45687,-41.68458],[-72.45727,-41.68485],[-72.45744,-41.68497],[-72.45761,-41.68504],[-72.45776,-41.68517],[-72.45791,-41.6853],[-72.45805,-41.68543],[-72.45826,-41.68561],[-72.45849,-41.68577]]]},"properties":{"comuna":"Cochamó","mancha_id":"10103-88ce85b753fffff-2","clase":"Medio","nivel_medio":1.733,"nivel_medio_min":1.733,"nivel_medio_max":1.733,"pct_alto":6.5,"n_hexagonos":1,"area_ha":9.23}},{"type":"Feature","geometry":{"type":"Polygon","coordinates":[[[-72.43476,-41.67531],[-72.43481,-41.67534],[-72.43505,-41.67544],[-72.43518,-41.67553],[-72.43516,-41.67568],[-72.43492,-41.67572],[-72.43489,-41.67572],[-72.4347,-41.67567],[-72.43456,-41.67559],[-72.43447,-41.67552],[-72.43446,-41.67539],[-72.4346,-41.6753],[-72.43476,-41.67531]]]},"properties":{"comuna":"Cochamó","mancha_id":"10103-88ce85b70bfffff","clase":"Medio","nivel_medio":2.024,"nivel_medio_min":2.024,"nivel_medio_max":2.024,"pct_alto":15.6,"n_hexagonos":1,"area_ha":0.19}},{"type":"Feature","geometry":{"type":"Polygon","coordinates":[[[-72.43438,-41.67693],[-72.43445,-41.67684],[-72.43446,-41.67663],[-72.43426,-41.67648],[-72.43401,-41.67639],[-72.433929,-41.676358],[-72.434142,-41.675866],[-72.43417,-41.67589],[-72.43431,-41.67594],[-72.43456,-41.67597],[-72.43481,-41.67596],[-72.43506,-41.67597],[-72.43531,-41.67603],[-72.43557,-41.67606],[-72.43589,-41.67618],[-72.43589,-41.6762],[-72.43613,-41.67642],[-72.43621,-41.67648],[-72.4363,-41.67656],[-72.43652,-41.67667],[-72.43667,-41.67675],[-72.43673,-41.67675],[-72.4368,-41.67674],[-72.43692,-41.67674],[-72.43697,-41.67677],[-72.4372,-41.67688],[-72.43737,-41.67698],[-72.43745,-41.67701],[-72.43757,-41.67709],[-72.43759,-41.67715],[-72.43758,-41.67731],[-72.43756,-41.67733],[-72.43725,-41.67755],[-72.43712,-41.67766],[-72.43687,-41.67765],[-72.43679,-41.67762],[-72.43655,-41.67754],[-72.4363,-41.67744],[-72.43619,-41.6774],[-72.43605,-41.67736],[-72.4358,-41.67737],[-72.43564,-41.67737],[-72.43551,-41.67745],[-72.43543,-41.67752],[-72.43544,-41.67764],[-72.43547,-41.67765],[-72.43586,-41.67785],[-72.436,-41.67791],[-72.43624,-41.67811],[-72.43624,-41.67814],[-72.43625,-41.67825],[-72.4362,-41.67836],[-72.43617,-41.67839],[-72.43608,-41.67845],[-72.43597,-41.67844],[-72.43565,-41.67826],[-72.43547,-41.67809],[-72.43539,-41.67799],[-72.43536,-41.67796],[-72.4353,-41.6779],[-72.43522,-41.67771],[-72.43513,-41.67748],[-72.43503,-41.67734],[-72.43487,-41.67729],[-72.43479,-41.67727],[-72.4347,-41.67725],[-72.43447,-41.67716],[-72.43436,-41.67703],[-72.43438,-41.67693]]]},"properties":{"comuna":"Cochamó","mancha_id":"10103-88ce85b70bfffff-2","clase":"Medio","nivel_medio":2.024,"nivel_medio_min":2.024,"nivel_medio_max":2.024,"pct_alto":15.6,"n_hexagonos":1,"area_ha":3.72}},{"type":"Feature","geometry":{"type":"Polygon","coordinates":[[[-72.44031,-41.67834],[-72.44023,-41.67836],[-72.44021,-41.67839],[-72.43971,-41.67843],[-72.43944,-41.67844],[-72.43922,-41.67842],[-72.43872,-41.67829],[-72.4385,-41.67818],[-72.43832,-41.67811],[-72.43814,-41.67796],[-72.43811,-41.67793],[-72.43805,-41.67779],[-72.43801,-41.6776],[-72.43801,-41.67757],[-72.43809,-41.67752],[-72.43815,-41.67748],[-72.43844,-41.67733],[-72.43868,-41.67734],[-72.43876,-41.67736],[-72.43901,-41.6774],[-72.43926,-41.67749],[-72.4395,-41.6776],[-72.43975,-41.67768],[-72.44,-41.67777],[-72.44025,-41.67787],[-72.44028,-41.67787],[-72.44037,-41.67795],[-72.4404,-41.67799],[-72.44042,-41.67801],[-72.44047,-41.67823],[-72.44042,-41.6783],[-72.44031,-41.67834]]]},"properties":{"comuna":"Cochamó","mancha_id":"10103-88ce85b70bfffff-3","clase":"Medio","nivel_medio":2.024,"nivel_medio_min":2.024,"nivel_medio_max":2.024,"pct_alto":15.6,"n_hexagonos":1,"area_ha":1.67}},{"type":"Feature","geometry":{"type":"Polygon","coordinates":[[[-72.43756,-41.67828],[-72.43754,-41.67837],[-72.4375,-41.67844],[-72.43746,-41.67862],[-72.43746,-41.67863],[-72.43729,-41.67867],[-72.43723,-41.67865],[-72.43718,-41.67864],[-72.4371,-41.67858],[-72.43696,-41.6785],[-72.43689,-41.67845],[-72.43675,-41.67833],[-72.43671,-41.67828],[-72.43671,-41.67815],[-72.4369,-41.67804],[-72.43698,-41.67802],[-72.43709,-41.67803],[-72.43728,-41.67806],[-72.43748,-41.6781],[-72.43756,-41.67818],[-72.43756,-41.67828]]]},"properties":{"comuna":"Cochamó","mancha_id":"10103-88ce85b70bfffff-4","clase":"Medio","nivel_medio":2.024,"nivel_medio_min":2.024,"nivel_medio_max":2.024,"pct_alto":15.6,"n_hexagonos":1,"area_ha":0.36}},{"type":"Feature","geometry":{"type":"Polygon","coordinates":[[[-72.43937,-41.68135],[-72.43942,-41.68137],[-72.43948,-41.68138],[-72.43956,-41.68148],[-72.439641,-41.681561],[-72.436581,-41.682195],[-72.434228,-41.680108],[-72.43462,-41.68001],[-72.43483,-41.67997],[-72.4349,-41.68001],[-72.43498,-41.68009],[-72.43504,-41.68014],[-72.435,-41.6803],[-72.435,-41.68047],[-72.4352,-41.68061],[-72.43529,-41.68071],[-72.43535,-41.68072],[-72.43557,-41.68068],[-72.43579,-41.6806],[-72.43586,-41.68059],[-72.43598,-41.68058],[-72.43606,-41.6806],[-72.43611,-41.68062],[-72.43614,-41.68064],[-72.43619,-41.68067],[-72.43618,-41.68073],[-72.43621,-41.68079],[-72.43623,-41.68082],[-72.43626,-41.68085],[-72.43626,-41.6809],[-72.43638,-41.68102],[-72.43642,-41.68104],[-72.43655,-41.68102],[-72.4366,-41.68102],[-72.43682,-41.68097],[-72.43704,-41.68087],[-72.43719,-41.68083],[-72.43724,-41.6808],[-72.43742,-41.68079],[-72.43761,-41.68081],[-72.4378,-41.68087],[-72.43794,-41.68093],[-72.43808,-41.68101],[-72.43822,-41.68107],[-72.43835,-41.68117],[-72.43851,-41.68125],[-72.43863,-41.68134],[-72.43872,-41.68139],[-72.43882,-41.68147],[-72.43888,-41.68148],[-72.43913,-41.68147],[-72.43932,-41.68136],[-72.43937,-41.68135]]]},"properties":{"comuna":"Cochamó","mancha_id":"10103-88ce85b70bfffff-5","clase":"Medio","nivel_medio":2.024,"nivel_medio_min":2.024,"nivel_medio_max":2.024,"pct_alto":15.6,"n_hexagonos":1,"area_ha":3.6}},{"type":"Feature","geometry":{"type":"Polygon","coordinates":[[[-72.44273,-41.67803],[-72.44293,-41.67815],[-72.44296,-41.67823],[-72.44294,-41.6783],[-72.44291,-41.67833],[-72.44275,-41.67837],[-72.44255,-41.67836],[-72.44248,-41.67833],[-72.44224,-41.67824],[-72.44221,-41.67817],[-72.44225,-41.67812],[-72.44248,-41.678],[-72.44262,-41.67799],[-72.44273,-41.67803]]]},"properties":{"comuna":"Cochamó","mancha_id":"10103-88ce85b70bfffff-6","clase":"Medio","nivel_medio":2.024,"nivel_medio_min":2.024,"nivel_medio_max":2.024,"pct_alto":15.6,"n_hexagonos":1,"area_ha":0.18}},{"type":"Feature","geometry":{"type":"Polygon","coordinates":[[[-72.4434,-41.67836],[-72.443414,-41.67835],[-72.44344,-41.67833],[-72.44349,-41.67827],[-72.44353,-41.67822],[-72.44364,-41.67821],[-72.4437,-41.67822],[-72.44381,-41.67823],[-72.44389,-41.67831],[-72.44392,-41.67841],[-72.44391,-41.6785],[-72.44381,-41.67856],[-72.4435,-41.6786],[-72.44342,-41.67859],[-72.44336,-41.67854],[-72.44335,-41.6785],[-72.443351,-41.678496],[-72.44336,-41.67843],[-72.4434,-41.67836]]]},"properties":{"comuna":"Cochamó","mancha_id":"10103-88ce85b70bfffff-7","clase":"Medio","nivel_medio":2.457,"nivel_medio_min":2.024,"nivel_medio_max":2.462,"pct_alto":49.9,"n_hexagonos":2,"area_ha":0.16}},{"type":"Feature","geometry":{"type":"Polygon","coordinates":[[[-72.44079,-41.67892],[-72.44066,-41.67901],[-72.44039,-41.67907],[-72.44014,-41.67908],[-72.44001,-41.67909],[-72.43989,-41.67908],[-72.43964,-41.67903],[-72.43951,-41.67903],[-72.43945,-41.67897],[-72.43944,-41.67891],[-72.43951,-41.67875],[-72.43959,-41.67871],[-72.43963,-41.67869],[-72.4397,-41.67866],[-72.43975,-41.67864],[-72.43984,-41.67863],[-72.44009,-41.67863],[-72.44034,-41.67865],[-72.44058,-41.67869],[-72.44061,-41.67871],[-72.44073,-41.67882],[-72.44079,-41.67892]]]},"properties":{"comuna":"Cochamó","mancha_id":"10103-88ce85b70bfffff-8","clase":"Medio","nivel_medio":2.024,"nivel_medio_min":2.024,"nivel_medio_max":2.024,"pct_alto":15.6,"n_hexagonos":1,"area_ha":0.45}},{"type":"Feature","geometry":{"type":"Polygon","coordinates":[[[-72.44097,-41.67989],[-72.44099,-41.67982],[-72.44104,-41.67981],[-72.44112,-41.67978],[-72.44113,-41.67978],[-72.44118,-41.67975],[-72.44137,-41.67978],[-72.44145,-41.67979],[-72.44146,-41.67988],[-72.44148,-41.67993],[-72.44145,-41.68007],[-72.44137,-41.68014],[-72.44126,-41.68013],[-72.44123,-41.68013],[-72.44104,-41.6801],[-72.44101,-41.68006],[-72.44097,-41.67989]]]},"properties":{"comuna":"Cochamó","mancha_id":"10103-88ce85b70bfffff-9","clase":"Medio","nivel_medio":2.024,"nivel_medio_min":2.024,"nivel_medio_max":2.024,"pct_alto":15.6,"n_hexagonos":1,"area_ha":0.15}},{"type":"Feature","geometry":{"type":"Polygon","coordinates":[[[-72.44197,-41.68046],[-72.44219,-41.68051],[-72.44241,-41.68054],[-72.442457,-41.680566],[-72.4425,-41.68059],[-72.44257,-41.68059],[-72.44263,-41.68062],[-72.44266,-41.68064],[-72.44271,-41.68065],[-72.44285,-41.6807],[-72.44306,-41.68075],[-72.44328,-41.68079],[-72.4435,-41.68084],[-72.44394,-41.68104],[-72.44414,-41.68115],[-72.44421,-41.68118],[-72.44424,-41.68133],[-72.44426,-41.68147],[-72.44431,-41.68151],[-72.44435,-41.6816],[-72.4444,-41.68162],[-72.44445,-41.68166],[-72.44447,-41.68176],[-72.44448,-41.6819],[-72.44445,-41.68195],[-72.44442,-41.68202],[-72.44433,-41.68223],[-72.44433,-41.68233],[-72.44443,-41.68236],[-72.44451,-41.68238],[-72.44461,-41.68239],[-72.44473,-41.68236],[-72.44496,-41.68232],[-72.44518,-41.6823],[-72.44529,-41.6823],[-72.4454,-41.68233],[-72.44548,-41.68233],[-72.44562,-41.68234],[-72.44584,-41.68238],[-72.44605,-41.68244],[-72.44627,-41.68252],[-72.44649,-41.68262],[-72.44658,-41.68262],[-72.44671,-41.68266],[-72.44692,-41.68271],[-72.44736,-41.68277],[-72.44781,-41.68273],[-72.44803,-41.68275],[-72.4481,-41.68275],[-72.44824,-41.68282],[-72.44868,-41.68292],[-72.44873,-41.68293],[-72.44879,-41.68302],[-72.44911,-41.68309],[-72.44933,-41.68316],[-72.44955,-41.68317],[-72.44977,-41.68321],[-72.44999,-41.68322],[-72.45009,-41.68321],[-72.45017,-41.6832],[-72.45021,-41.68319],[-72.45043,-41.68317],[-72.45066,-41.68318],[-72.45073,-41.6832],[-72.45087,-41.68325],[-72.451042,-41.683289],[-72.446003,-41.684334],[-72.442262,-41.681017],[-72.440145,-41.681456],[-72.43995,-41.68133],[-72.43982,-41.68125],[-72.43968,-41.68115],[-72.43956,-41.68102],[-72.43951,-41.68096],[-72.43952,-41.68067],[-72.43959,-41.68063],[-72.43962,-41.68058],[-72.43977,-41.68055],[-72.43999,-41.68052],[-72.44021,-41.68051],[-72.44087,-41.68045],[-72.44109,-41.68045],[-72.44131,-41.68042],[-72.44154,-41.6804],[-72.44174,-41.6804],[-72.44175,-41.68043],[-72.44183,-41.68043],[-72.44197,-41.68046]]]},"properties":{"comuna":"Cochamó","mancha_id":"10103-88ce85b70bfffff-10","clase":"Medio","nivel_medio":2.374,"nivel_medio_min":2.024,"nivel_medio_max":2.462,"pct_alto":43.3,"n_hexagonos":2,"area_ha":10.15}},{"type":"Feature","geometry":{"type":"Polygon","coordinates":[[[-72.420235,-41.66955],[-72.42014,-41.66952],[-72.41977,-41.66934],[-72.419723,-41.669323],[-72.421625,-41.668928],[-72.422244,-41.669477],[-72.42203,-41.6695],[-72.42165,-41.66956],[-72.42127,-41.6696],[-72.42089,-41.66962],[-72.42052,-41.66961],[-72.42033,-41.66958],[-72.420235,-41.66955]]]},"properties":{"comuna":"Cochamó","mancha_id":"10103-88ce85b705fffff","clase":"Medio","nivel_medio":1.595,"nivel_medio_min":1.595,"nivel_medio_max":1.595,"pct_alto":11.7,"n_hexagonos":1,"area_ha":0.94}},{"type":"Feature","geometry":{"type":"Polygon","coordinates":[[[-72.42266,-41.67054],[-72.42294,-41.67054],[-72.42314,-41.67069],[-72.42316,-41.6708],[-72.42303,-41.67085],[-72.42274,-41.67084],[-72.42255,-41.67073],[-72.42255,-41.67065],[-72.42266,-41.67054]]]},"properties":{"comuna":"Cochamó","mancha_id":"10103-88ce85b705fffff-2","clase":"Medio","nivel_medio":1.595,"nivel_medio_min":1.595,"nivel_medio_max":1.595,"pct_alto":11.7,"n_hexagonos":1,"area_ha":0.14}},{"type":"Feature","geometry":{"type":"Polygon","coordinates":[[[-72.42379,-41.67098],[-72.42392,-41.67103],[-72.4239,-41.67113],[-72.42377,-41.6712],[-72.42351,-41.6712],[-72.42325,-41.67113],[-72.42319,-41.67107],[-72.42321,-41.67099],[-72.42351,-41.6709],[-72.42368,-41.67093],[-72.42379,-41.67098]]]},"properties":{"comuna":"Cochamó","mancha_id":"10103-88ce85b705fffff-3","clase":"Medio","nivel_medio":1.595,"nivel_medio_min":1.595,"nivel_medio_max":1.595,"pct_alto":11.7,"n_hexagonos":1,"area_ha":0.15}},{"type":"Feature","geometry":{"type":"Polygon","coordinates":[[[-72.42299,-41.6717],[-72.42297,-41.67165],[-72.42298,-41.67158],[-72.4231,-41.67154],[-72.42341,-41.67154],[-72.42401,-41.67149],[-72.42416,-41.67152],[-72.42432,-41.67159],[-72.4245,-41.67175],[-72.42445,-41.67206],[-72.42425,-41.6722],[-72.42383,-41.67215],[-72.4234,-41.67194],[-72.42299,-41.6717]]]},"properties":{"comuna":"Cochamó","mancha_id":"10103-88ce85b705fffff-4","clase":"Medio","nivel_medio":1.595,"nivel_medio_min":1.595,"nivel_medio_max":1.595,"pct_alto":11.7,"n_hexagonos":1,"area_ha":0.67}},{"type":"Feature","geometry":{"type":"Polygon","coordinates":[[[-72.42505,-41.67206],[-72.42493,-41.67194],[-72.424885,-41.67185],[-72.424836,-41.671777],[-72.425363,-41.672245],[-72.42536,-41.672252],[-72.4252,-41.67218],[-72.42505,-41.67206]]]},"properties":{"comuna":"Cochamó","mancha_id":"10103-88ce85b705fffff-5","clase":"Medio","nivel_medio":1.595,"nivel_medio_min":1.595,"nivel_medio_max":1.595,"pct_alto":11.7,"n_hexagonos":1,"area_ha":0.03}},{"type":"Feature","geometry":{"type":"Polygon","coordinates":[[[-72.42438,-41.67299],[-72.42457,-41.67299],[-72.42488,-41.67306],[-72.424982,-41.673128],[-72.42483,-41.673478],[-72.42463,-41.67356],[-72.42434,-41.67353],[-72.42412,-41.67339],[-72.42404,-41.67327],[-72.42406,-41.67318],[-72.42425,-41.67304],[-72.42438,-41.67299]]]},"properties":{"comuna":"Cochamó","mancha_id":"10103-88ce85b705fffff-6","clase":"Medio","nivel_medio":1.595,"nivel_medio_min":1.595,"nivel_medio_max":1.595,"pct_alto":11.7,"n_hexagonos":1,"area_ha":0.36}},{"type":"Feature","geometry":{"type":"Polygon","coordinates":[[[-72.536905,-41.636778],[-72.533422,-41.637505],[-72.533302,-41.637399],[-72.53407,-41.6368],[-72.534479,-41.636594],[-72.53499,-41.63654],[-72.536905,-41.636778]]]},"properties":{"comuna":"Cochamó","mancha_id":"10103-88ce85b6a3fffff","clase":"Medio","nivel_medio":2.124,"nivel_medio_min":2.124,"nivel_medio_max":2.124,"pct_alto":12.4,"n_hexagonos":1,"area_ha":1.36}},{"type":"Feature","geometry":{"type":"Polygon","coordinates":[[[-72.544666,-41.647446],[-72.542733,-41.651944],[-72.546482,-41.655259],[-72.544549,-41.659757],[-72.548299,-41.663072],[-72.546365,-41.667571],[-72.540681,-41.668755],[-72.536931,-41.66544],[-72.538865,-41.660941],[-72.535116,-41.657627],[-72.53705,-41.653129],[-72.533302,-41.649814],[-72.535236,-41.645316],[-72.540917,-41.644132],[-72.544666,-41.647446]]]},"properties":{"comuna":"Cochamó","mancha_id":"10103-88ce85b685fffff","clase":"Medio","nivel_medio":2.363,"nivel_medio_min":2.253,"nivel_medio_max":2.476,"pct_alto":39.6,"n_hexagonos":3,"area_ha":193.8}},{"type":"Feature","geometry":{"type":"Polygon","coordinates":[[[-72.557964,-41.640577],[-72.561714,-41.643891],[-72.566559,-41.64288],[-72.56665,-41.64442],[-72.56716,-41.6469],[-72.56809,-41.64816],[-72.56883,-41.64846],[-72.569973,-41.648758],[-72.57025,-41.64883],[-72.57155,-41.64911],[-72.57358,-41.64959],[-72.57551,-41.64927],[-72.577069,-41.649401],[-72.577658,-41.649743],[-72.577751,-41.650394],[-72.57752,-41.65118],[-72.577038,-41.651603],[-72.576697,-41.652099],[-72.57637,-41.65266],[-72.576422,-41.653111],[-72.572969,-41.653832],[-72.571037,-41.658332],[-72.565353,-41.659517],[-72.561601,-41.656203],[-72.563533,-41.651704],[-72.559782,-41.64839],[-72.554099,-41.649575],[-72.550349,-41.646261],[-72.552282,-41.641762],[-72.548532,-41.638449],[-72.542851,-41.639634],[-72.539842,-41.636974],[-72.54032,-41.63702],[-72.541191,-41.637129],[-72.541775,-41.637202],[-72.542285,-41.637384],[-72.542735,-41.637567],[-72.543319,-41.637871],[-72.54445,-41.638211],[-72.54508,-41.63832],[-72.545398,-41.638211],[-72.545909,-41.637919],[-72.54671,-41.63762],[-72.54908,-41.63688],[-72.54921,-41.636871],[-72.55129,-41.63673],[-72.55382,-41.63654],[-72.55533,-41.6368],[-72.55598,-41.63662],[-72.557066,-41.636066],[-72.557346,-41.635973],[-72.55946,-41.63637],[-72.559731,-41.636461],[-72.557964,-41.640577]]]},"properties":{"comuna":"Cochamó","mancha_id":"10103-88ce85b683fffff","clase":"Medio","nivel_medio":2.43,"nivel_medio_min":2.275,"nivel_medio_max":2.497,"pct_alto":43.2,"n_hexagonos":6,"area_ha":254.12}},{"type":"Feature","geometry":{"type":"Polygon","coordinates":[[[-72.468462,-41.704236],[-72.464717,-41.700919],[-72.465995,-41.697959],[-72.46608,-41.69799],[-72.46664,-41.69811],[-72.46683,-41.69813],[-72.467,-41.6982],[-72.46717,-41.69829],[-72.46729,-41.69837],[-72.46741,-41.69845],[-72.46772,-41.69862],[-72.46791,-41.69869],[-72.46809,-41.69876],[-72.4682,-41.69876],[-72.46828,-41.69878],[-72.46866,-41.69879],[-72.46885,-41.69879],[-72.46942,-41.6988],[-72.46979,-41.69888],[-72.46998,-41.69893],[-72.47016,-41.69899],[-72.47054,-41.69909],[-72.47091,-41.69917],[-72.4711,-41.6992],[-72.47129,-41.69925],[-72.47148,-41.69928],[-72.47166,-41.69932],[-72.47223,-41.6994],[-72.47241,-41.69945],[-72.4726,-41.69949],[-72.47279,-41.69955],[-72.47298,-41.69957],[-72.47317,-41.69959],[-72.47373,-41.69971],[-72.47392,-41.69974],[-72.47411,-41.69974],[-72.47429,-41.69976],[-72.47467,-41.69979],[-72.47486,-41.69979],[-72.47505,-41.69978],[-72.47524,-41.69979],[-72.4754,-41.69979],[-72.47543,-41.69979],[-72.475554,-41.699797],[-72.474147,-41.703057],[-72.468462,-41.704236]]]},"properties":{"comuna":"Cochamó","mancha_id":"10103-88ce85b661fffff","clase":"Medio","nivel_medio":1.547,"nivel_medio_min":1.547,"nivel_medio_max":1.547,"pct_alto":6.5,"n_hexagonos":1,"area_ha":38.65}},{"type":"Feature","geometry":{"type":"Polygon","coordinates":[[[-72.446843,-41.610512],[-72.443107,-41.607198],[-72.443869,-41.605431],[-72.4442,-41.606125],[-72.444889,-41.606766],[-72.445174,-41.607075],[-72.445768,-41.60736],[-72.44678,-41.60768],[-72.44837,-41.60866],[-72.449885,-41.609879],[-72.449971,-41.609948],[-72.450541,-41.6104],[-72.451063,-41.610969],[-72.45145,-41.61125],[-72.45199,-41.611326],[-72.453414,-41.611112],[-72.454312,-41.610923],[-72.456254,-41.612645],[-72.454316,-41.617139],[-72.448641,-41.618319],[-72.446703,-41.622813],[-72.441027,-41.623993],[-72.437291,-41.620678],[-72.43923,-41.616185],[-72.444905,-41.615005],[-72.446843,-41.610512]]]},"properties":{"comuna":"Cochamó","mancha_id":"10103-88ce85b513fffff","clase":"Medio","nivel_medio":2.342,"nivel_medio_min":2.23,"nivel_medio_max":2.444,"pct_alto":40.0,"n_hexagonos":3,"area_ha":135.41}},{"type":"Feature","geometry":{"type":"Polygon","coordinates":[[[-72.486303,-41.626851],[-72.482562,-41.623537],[-72.482984,-41.622559],[-72.48332,-41.62259],[-72.48434,-41.6227],[-72.48512,-41.62304],[-72.485899,-41.623304],[-72.486279,-41.623247],[-72.486608,-41.623104],[-72.487848,-41.622886],[-72.488717,-41.622731],[-72.489523,-41.622607],[-72.49036,-41.622359],[-72.49126,-41.622235],[-72.491846,-41.622107],[-72.492264,-41.621993],[-72.492624,-41.621987],[-72.492796,-41.622145],[-72.492779,-41.622607],[-72.492562,-41.62329],[-72.492469,-41.624251],[-72.492478,-41.624516],[-72.491981,-41.625669],[-72.486303,-41.626851]]]},"properties":{"comuna":"Cochamó","mancha_id":"10103-88ce85b439fffff","clase":"Medio","nivel_medio":2.385,"nivel_medio_min":2.385,"nivel_medio_max":2.385,"pct_alto":38.5,"n_hexagonos":1,"area_ha":28.69}},{"type":"Feature","geometry":{"type":"Polygon","coordinates":[[[-72.497531,-41.636793],[-72.495595,-41.641289],[-72.489915,-41.642471],[-72.486173,-41.639157],[-72.488109,-41.634661],[-72.493788,-41.633479],[-72.497531,-41.636793]]]},"properties":{"comuna":"Cochamó","mancha_id":"10103-88ce85b40bfffff","clase":"Medio","nivel_medio":2.178,"nivel_medio_min":2.178,"nivel_medio_max":2.178,"pct_alto":71.8,"n_hexagonos":1,"area_ha":64.53}},{"type":"Feature","geometry":{"type":"Polygon","coordinates":[[[-72.478689,-41.632528],[-72.476752,-41.637023],[-72.471074,-41.638204],[-72.467334,-41.63489],[-72.469271,-41.630395],[-72.474948,-41.629214],[-72.478689,-41.632528]]]},"properties":{"comuna":"Cochamó","mancha_id":"10103-88ce85b405fffff","clase":"Medio","nivel_medio":2.447,"nivel_medio_min":2.447,"nivel_medio_max":2.447,"pct_alto":78.6,"n_hexagonos":1,"area_ha":64.51}},{"type":"Feature","geometry":{"type":"Polygon","coordinates":[[[-72.356734,-41.723251],[-72.354787,-41.727742],[-72.349104,-41.728914],[-72.345371,-41.725594],[-72.347319,-41.721103],[-72.353,-41.719931],[-72.356734,-41.723251]]]},"properties":{"comuna":"Cochamó","mancha_id":"10103-88ce85b2e1fffff","clase":"Medio","nivel_medio":1.513,"nivel_medio_min":1.513,"nivel_medio_max":1.513,"pct_alto":0.0,"n_hexagonos":1,"area_ha":64.43}},{"type":"Feature","geometry":{"type":"Polygon","coordinates":[[[-72.398457,-41.710545],[-72.394719,-41.707226],[-72.389037,-41.708401],[-72.3853,-41.705082],[-72.379619,-41.706256],[-72.375884,-41.702938],[-72.370203,-41.704111],[-72.366469,-41.700792],[-72.368415,-41.696301],[-72.374095,-41.695127],[-72.377829,-41.698445],[-72.38351,-41.697271],[-72.385454,-41.692779],[-72.381719,-41.689461],[-72.37604,-41.690635],[-72.372306,-41.687317],[-72.374251,-41.682826],[-72.37993,-41.681651],[-72.383664,-41.684969],[-72.385995,-41.684487],[-72.3861,-41.68462],[-72.3863,-41.68481],[-72.3866,-41.68497],[-72.38706,-41.6851],[-72.38754,-41.68519],[-72.38777,-41.68528],[-72.38812,-41.68549],[-72.38844,-41.68588],[-72.38891,-41.68626],[-72.38958,-41.6867],[-72.39008,-41.68697],[-72.39037,-41.68721],[-72.39063,-41.68753],[-72.39073,-41.68798],[-72.39064,-41.68853],[-72.3907,-41.6888],[-72.39086,-41.68905],[-72.3914,-41.68978],[-72.39161,-41.69015],[-72.391666,-41.690378],[-72.391135,-41.691604],[-72.392025,-41.692395],[-72.39202,-41.69283],[-72.39213,-41.69358],[-72.3922,-41.69452],[-72.39232,-41.69526],[-72.39254,-41.69589],[-72.39297,-41.69666],[-72.39368,-41.697674],[-72.39374,-41.69776],[-72.39421,-41.6986],[-72.39439,-41.69892],[-72.39458,-41.69944],[-72.3948,-41.6999],[-72.39512,-41.70029],[-72.39541,-41.70056],[-72.39585,-41.70073],[-72.39618,-41.70084],[-72.3966,-41.7009],[-72.39717,-41.70095],[-72.39804,-41.70097],[-72.3985,-41.70102],[-72.39894,-41.70111],[-72.39926,-41.70113],[-72.39991,-41.70112],[-72.40074,-41.70114],[-72.40134,-41.7011],[-72.40175,-41.70115],[-72.40232,-41.70134],[-72.40243,-41.701362],[-72.40267,-41.70141],[-72.40291,-41.70145],[-72.40336,-41.70144],[-72.40387,-41.70154],[-72.40457,-41.70171],[-72.4048,-41.70178],[-72.40508,-41.70178],[-72.40576,-41.70177],[-72.40614,-41.70178],[-72.40661,-41.70188],[-72.40689,-41.70194],[-72.40726,-41.70194],[-72.40751,-41.70195],[-72.40764,-41.70202],[-72.40798,-41.70211],[-72.40822,-41.70215],[-72.4085,-41.70209],[-72.40869,-41.70203],[-72.40894,-41.70208],[-72.40929,-41.7022],[-72.40972,-41.70231],[-72.41007,-41.7024],[-72.41021,-41.70248],[-72.41029,-41.70266],[-72.41045,-41.70285],[-72.41072,-41.70296],[-72.41119,-41.70307],[-72.41158,-41.70311],[-72.41178,-41.70322],[-72.411919,-41.703347],[-72.41202,-41.70344],[-72.41237,-41.70367],[-72.4127,-41.70385],[-72.41313,-41.70396],[-72.41397,-41.70417],[-72.41418,-41.70421],[-72.41491,-41.70423],[-72.41508,-41.70429],[-72.41519,-41.70438],[-72.41531,-41.7046],[-72.41545,-41.70487],[-72.41565,-41.70503],[-72.41635,-41.70526],[-72.41711,-41.70556],[-72.41736,-41.70563],[-72.41768,-41.70565],[-72.41797,-41.70576],[-72.41864,-41.70626],[-72.41876,-41.706346],[-72.41966,-41.70699],[-72.42053,-41.70736],[-72.42136,-41.70758],[-72.42212,-41.70772],[-72.42276,-41.70792],[-72.42312,-41.70805],[-72.424108,-41.708433],[-72.424928,-41.709161],[-72.425562,-41.70903],[-72.42597,-41.7092],[-72.42706,-41.70973],[-72.42767,-41.70998],[-72.4279,-41.70999],[-72.42822,-41.70996],[-72.42898,-41.70976],[-72.42952,-41.70965],[-72.42995,-41.7097],[-72.43059,-41.70987],[-72.43097,-41.70987],[-72.43139,-41.70981],[-72.43168,-41.70973],[-72.43206,-41.70973],[-72.43258,-41.71002],[-72.4328,-41.71002],[-72.432893,-41.710008],[-72.434354,-41.711303],[-72.435193,-41.711129],[-72.43522,-41.71116],[-72.4354,-41.71132],[-72.4358,-41.71144],[-72.43622,-41.71159],[-72.43644,-41.71171],[-72.43653,-41.71186],[-72.43652,-41.71203],[-72.4365,-41.71219],[-72.43652,-41.71233],[-72.4367,-41.71248],[-72.43697,-41.71264],[-72.43721,-41.7127],[-72.4374,-41.71268],[-72.43756,-41.71264],[-72.4378,-41.71248],[-72.43797,-41.71234],[-72.4382,-41.71232],[-72.43851,-41.71246],[-72.43877,-41.71263],[-72.43899,-41.71269],[-72.4392,-41.71272],[-72.43932,-41.71283],[-72.43947,-41.71296],[-72.43955,-41.71318],[-72.43961,-41.71348],[-72.44001,-41.71396],[-72.44026,-41.71428],[-72.44046,-41.71442],[-72.44068,-41.71449],[-72.44109,-41.71451],[-72.44156,-41.71454],[-72.44213,-41.71464],[-72.4425,-41.71474],[-72.44272,-41.71471],[-72.443281,-41.714601],[-72.44334,-41.71459],[-72.44388,-41.71455],[-72.44435,-41.71458],[-72.44473,-41.7147],[-72.44531,-41.71483],[-72.44577,-41.71489],[-72.44624,-41.71483],[-72.44662,-41.71482],[-72.44694,-41.71489],[-72.44732,-41.71505],[-72.44776,-41.71526],[-72.44841,-41.71553],[-72.44852,-41.71558],[-72.44892,-41.7157],[-72.44922,-41.71572],[-72.44963,-41.71568],[-72.45009,-41.71564],[-72.45041,-41.71569],[-72.45084,-41.71585],[-72.45117,-41.71598],[-72.45138,-41.71599],[-72.45168,-41.71596],[-72.45189,-41.71599],[-72.45206,-41.71604],[-72.45236,-41.71627],[-72.45273,-41.71653],[-72.452786,-41.716566],[-72.45303,-41.71672],[-72.45336,-41.7168],[-72.45348,-41.71689],[-72.45352,-41.71703],[-72.45352,-41.71716],[-72.45359,-41.71724],[-72.45375,-41.71734],[-72.45394,-41.71744],[-72.45403,-41.71754],[-72.45404,-41.71764],[-72.45395,-41.71779],[-72.45395,-41.71789],[-72.45409,-41.71804],[-72.45443,-41.71823],[-72.45475,-41.71832],[-72.45482,-41.7184],[-72.45477,-41.71849],[-72.45469,-41.7186],[-72.45456,-41.71873],[-72.45454,-41.71883],[-72.45456,-41.71894],[-72.45468,-41.71903],[-72.455,-41.71918],[-72.45547,-41.71937],[-72.45604,-41.71966],[-72.45679,-41.72006],[-72.45771,-41.72048],[-72.45834,-41.72069],[-72.45911,-41.72105],[-72.45972,-41.7214],[-72.46,-41.72161],[-72.46009,-41.72189],[-72.46038,-41.72216],[-72.460575,-41.722247],[-72.46075,-41.722325],[-72.46092,-41.72259],[-72.46143,-41.72292],[-72.46157,-41.722992],[-72.46211,-41.72327],[-72.46307,-41.7236],[-72.46349,-41.72378],[-72.46396,-41.72414],[-72.46471,-41.72472],[-72.465,-41.72494],[-72.46516,-41.72504],[-72.46533,-41.72505],[-72.46547,-41.72499],[-72.46567,-41.7249],[-72.46585,-41.72483],[-72.46611,-41.72484],[-72.46636,-41.72482],[-72.46668,-41.72477],[-72.46694,-41.72474],[-72.46757,-41.72481],[-72.46788,-41.72481],[-72.46802,-41.72476],[-72.46821,-41.72461],[-72.46843,-41.72441],[-72.46852,-41.72436],[-72.46877,-41.72422],[-72.46907,-41.72408],[-72.46935,-41.72404],[-72.46982,-41.72405],[-72.47021,-41.72399],[-72.47031,-41.723949],[-72.47102,-41.72366],[-72.47165,-41.72336],[-72.47249,-41.72301],[-72.47316,-41.72282],[-72.47364,-41.72274],[-72.47387,-41.72266],[-72.47439,-41.72245],[-72.47494,-41.72221],[-72.47557,-41.72201],[-72.4763,-41.72191],[-72.47705,-41.7218],[-72.47771,-41.72166],[-72.47874,-41.72139],[-72.47959,-41.72128],[-72.48035,-41.72125],[-72.480656,-41.72125],[-72.48079,-41.72125],[-72.48162,-41.72104],[-72.48193,-41.72101],[-72.48241,-41.72106],[-72.48326,-41.72112],[-72.48351,-41.72117],[-72.4836,-41.72131],[-72.48376,-41.72144],[-72.48389,-41.72146],[-72.48407,-41.72144],[-72.484124,-41.721461],[-72.4842,-41.72149],[-72.48426,-41.72158],[-72.48435,-41.72163],[-72.48455,-41.72157],[-72.48468,-41.72157],[-72.48487,-41.72173],[-72.48512,-41.72187],[-72.48526,-41.7219],[-72.48531,-41.72185],[-72.48522,-41.72172],[-72.48494,-41.7215],[-72.48486,-41.72134],[-72.484863,-41.721308],[-72.48487,-41.72123],[-72.48495,-41.72114],[-72.48517,-41.72105],[-72.48546,-41.72106],[-72.48575,-41.72107],[-72.48591,-41.72102],[-72.48604,-41.72098],[-72.48683,-41.7206],[-72.48692,-41.72054],[-72.48713,-41.72052],[-72.4873,-41.72054],[-72.487315,-41.720545],[-72.487195,-41.720824],[-72.490943,-41.724142],[-72.49228,-41.723865],[-72.49228,-41.72393],[-72.49219,-41.72416],[-72.49226,-41.72429],[-72.49242,-41.72434],[-72.49253,-41.72442],[-72.49253,-41.72457],[-72.49264,-41.72471],[-72.49287,-41.72481],[-72.49313,-41.72482],[-72.49332,-41.72481],[-72.49344,-41.72489],[-72.49349,-41.72501],[-72.49354,-41.72517],[-72.49366,-41.72528],[-72.49387,-41.7254],[-72.49388,-41.72551],[-72.49385,-41.72565],[-72.49348,-41.72592],[-72.49337,-41.72606],[-72.49338,-41.72613],[-72.49338,-41.72622],[-72.49338,-41.72634],[-72.49351,-41.72639],[-72.49371,-41.72641],[-72.49384,-41.72646],[-72.49392,-41.72656],[-72.49402,-41.72674],[-72.49416,-41.72686],[-72.49451,-41.72688],[-72.494675,-41.726835],[-72.49484,-41.72679],[-72.49518,-41.72662],[-72.49529,-41.72647],[-72.49538,-41.72627],[-72.49551,-41.72605],[-72.49562,-41.72598],[-72.49597,-41.72596],[-72.4963,-41.72592],[-72.49654,-41.72586],[-72.4967,-41.72568],[-72.49689,-41.72538],[-72.49705,-41.72503],[-72.49725,-41.72483],[-72.49754,-41.72474],[-72.49802,-41.72472],[-72.498566,-41.724674],[-72.49873,-41.72466],[-72.49921,-41.72469],[-72.4995,-41.7246],[-72.49979,-41.72446],[-72.50021,-41.72432],[-72.50048,-41.7243],[-72.50053,-41.72425],[-72.50062,-41.72416],[-72.50074,-41.72402],[-72.50096,-41.7239],[-72.50119,-41.72377],[-72.50167,-41.72352],[-72.5022,-41.72325],[-72.50258,-41.72313],[-72.50282,-41.72313],[-72.50297,-41.72314],[-72.50314,-41.72314],[-72.50326,-41.72312],[-72.50334,-41.723],[-72.50338,-41.72288],[-72.50354,-41.72279],[-72.50378,-41.72277],[-72.50401,-41.72281],[-72.5042,-41.72284],[-72.5044,-41.72285],[-72.50493,-41.72283],[-72.50506,-41.72279],[-72.50521,-41.72271],[-72.50536,-41.72271],[-72.50555,-41.7228],[-72.50567,-41.72282],[-72.50579,-41.7228],[-72.50592,-41.72272],[-72.50603,-41.72251],[-72.50613,-41.72243],[-72.50635,-41.72236],[-72.50664,-41.72237],[-72.50698,-41.72241],[-72.507204,-41.722469],[-72.50732,-41.7225],[-72.50758,-41.72257],[-72.50778,-41.72266],[-72.5079,-41.72264],[-72.50793,-41.72255],[-72.50787,-41.72241],[-72.50793,-41.7223],[-72.5081,-41.72225],[-72.50825,-41.72227],[-72.50861,-41.72238],[-72.50886,-41.72239],[-72.50904,-41.72242],[-72.50921,-41.72251],[-72.50939,-41.72262],[-72.50956,-41.72268],[-72.5099,-41.72282],[-72.50997,-41.72294],[-72.51005,-41.72319],[-72.5102,-41.72341],[-72.51022,-41.72354],[-72.51014,-41.72362],[-72.51005,-41.72364],[-72.50996,-41.72366],[-72.50993,-41.72373],[-72.50995,-41.72384],[-72.51003,-41.72392],[-72.51017,-41.72398],[-72.510325,-41.72403],[-72.51054,-41.72413],[-72.51084,-41.72436],[-72.51106,-41.72468],[-72.51135,-41.72493],[-72.51158,-41.72503],[-72.51203,-41.72519],[-72.51225,-41.72531],[-72.512465,-41.725475],[-72.51261,-41.72571],[-72.51277,-41.72603],[-72.51312,-41.72641],[-72.51333,-41.72653],[-72.51347,-41.72657],[-72.51362,-41.72663],[-72.51382,-41.72671],[-72.51409,-41.72674],[-72.51466,-41.72682],[-72.515,-41.72697],[-72.51549,-41.72718],[-72.515529,-41.727195],[-72.51564,-41.72724],[-72.51582,-41.72728],[-72.51605,-41.72729],[-72.51623,-41.72728],[-72.51638,-41.72722],[-72.51681,-41.72716],[-72.51695,-41.72717],[-72.5171,-41.72718],[-72.51738,-41.72726],[-72.51773,-41.72743],[-72.51811,-41.72761],[-72.51834,-41.72774],[-72.51863,-41.72785],[-72.51892,-41.7279],[-72.51915,-41.72798],[-72.51932,-41.72807],[-72.51964,-41.72825],[-72.52004,-41.72848],[-72.5207,-41.72894],[-72.52086,-41.72907],[-72.5212,-41.72931],[-72.52162,-41.72955],[-72.5219,-41.7297],[-72.52211,-41.72977],[-72.52249,-41.72985],[-72.522535,-41.729876],[-72.52275,-41.73],[-72.52335,-41.73028],[-72.52372,-41.73038],[-72.52396,-41.73046],[-72.52437,-41.73064],[-72.52474,-41.73083],[-72.5252,-41.7311],[-72.52595,-41.73136],[-72.52654,-41.73171],[-72.52688,-41.732],[-72.52713,-41.73218],[-72.52763,-41.73237],[-72.52856,-41.73271],[-72.528677,-41.732759],[-72.526769,-41.737191],[-72.530522,-41.740509],[-72.528585,-41.745009],[-72.532339,-41.748327],[-72.538032,-41.747146],[-72.539969,-41.742646],[-72.536214,-41.739328],[-72.537793,-41.735661],[-72.53813,-41.73582],[-72.5383,-41.73599],[-72.53828,-41.73617],[-72.53824,-41.73635],[-72.53831,-41.73652],[-72.5385,-41.73664],[-72.53872,-41.73672],[-72.53896,-41.73684],[-72.53926,-41.73695],[-72.53953,-41.73702],[-72.5396,-41.73703],[-72.53994,-41.7371],[-72.54034,-41.73718],[-72.541,-41.73723],[-72.54136,-41.73729],[-72.5417,-41.73743],[-72.54205,-41.73754],[-72.54224,-41.73766],[-72.54242,-41.73791],[-72.54267,-41.73837],[-72.54297,-41.73879],[-72.54324,-41.73905],[-72.54363,-41.73931],[-72.54399,-41.73951],[-72.54438,-41.73967],[-72.54477,-41.73989],[-72.54517,-41.74009],[-72.54553,-41.74035],[-72.54591,-41.74066],[-72.545986,-41.740711],[-72.5463,-41.74092],[-72.54658,-41.74102],[-72.54671,-41.74102],[-72.54703,-41.74108],[-72.54735,-41.74116],[-72.54784,-41.74134],[-72.54859,-41.74172],[-72.54918,-41.74204],[-72.54939,-41.74217],[-72.54962,-41.74227],[-72.54984,-41.74231],[-72.55015,-41.74241],[-72.55038,-41.74255],[-72.55065,-41.74272],[-72.5511,-41.74284],[-72.5514,-41.74291],[-72.55184,-41.74295],[-72.55209,-41.74296],[-72.55241,-41.74298],[-72.55272,-41.74308],[-72.55313,-41.74319],[-72.55342,-41.74328],[-72.55364,-41.74334],[-72.55408,-41.74332],[-72.55445,-41.74331],[-72.55474,-41.74332],[-72.55496,-41.74341],[-72.55514,-41.743533],[-72.55515,-41.74354],[-72.55533,-41.74365],[-72.55563,-41.74368],[-72.556045,-41.743695],[-72.55652,-41.74371],[-72.55709,-41.74377],[-72.55739,-41.7438],[-72.55787,-41.74386],[-72.55813,-41.74392],[-72.55862,-41.74393],[-72.55897,-41.74389],[-72.55924,-41.74383],[-72.55964,-41.74383],[-72.55977,-41.7439],[-72.55998,-41.74399],[-72.56019,-41.74413],[-72.56039,-41.74429],[-72.56084,-41.74429],[-72.5611,-41.74426],[-72.56136,-41.74431],[-72.5616,-41.74445],[-72.56204,-41.74454],[-72.56237,-41.74457],[-72.56299,-41.74458],[-72.56358,-41.74459],[-72.56379,-41.74459],[-72.56425,-41.74459],[-72.56466,-41.74456],[-72.56486,-41.74449],[-72.56513,-41.74439],[-72.56514,-41.744389],[-72.56562,-41.74436],[-72.56605,-41.74439],[-72.56658,-41.74446],[-72.56718,-41.74468],[-72.56781,-41.74496],[-72.56795,-41.74505],[-72.56817,-41.74511],[-72.56843,-41.74513],[-72.56869,-41.74507],[-72.56878,-41.74503],[-72.56889,-41.74498],[-72.569,-41.74487],[-72.56905,-41.74475],[-72.56907,-41.74467],[-72.56905,-41.74439],[-72.569035,-41.744285],[-72.56895,-41.744],[-72.56895,-41.74393],[-72.568975,-41.743815],[-72.56911,-41.74371],[-72.56924,-41.74371],[-72.56937,-41.74376],[-72.56948,-41.74388],[-72.56954,-41.74404],[-72.56961,-41.74429],[-72.5697,-41.74443],[-72.56983,-41.7445],[-72.56989,-41.74449],[-72.56995,-41.74448],[-72.57001,-41.74444],[-72.57003,-41.74416],[-72.57,-41.74398],[-72.56999,-41.743905],[-72.56998,-41.74382],[-72.56998,-41.74376],[-72.56997,-41.74365],[-72.57011,-41.74356],[-72.57017,-41.74356],[-72.57026,-41.74357],[-72.57035,-41.74361],[-72.57079,-41.74325],[-72.5708,-41.74312],[-72.570935,-41.742955],[-72.57104,-41.74278],[-72.57113,-41.74258],[-72.57124,-41.74239],[-72.57132,-41.74235],[-72.57142,-41.74229],[-72.57158,-41.74226],[-72.57172,-41.74234],[-72.57188,-41.74251],[-72.57198,-41.7427],[-72.57204,-41.74295],[-72.57206,-41.74301],[-72.57213,-41.74313],[-72.57218,-41.7432],[-72.57233,-41.74329],[-72.57239,-41.7433],[-72.57247,-41.74331],[-72.57256,-41.74328],[-72.57262,-41.74323],[-72.57268,-41.74303],[-72.57271,-41.74284],[-72.57275,-41.7425],[-72.57284,-41.74198],[-72.57296,-41.74161],[-72.5732,-41.74121],[-72.57332,-41.741046],[-72.575289,-41.742784],[-72.57517,-41.7428],[-72.57496,-41.74282],[-72.5748,-41.74289],[-72.57475,-41.743],[-72.57483,-41.74311],[-72.57499,-41.74315],[-72.57512,-41.74321],[-72.5752,-41.74334],[-72.57522,-41.74351],[-72.57525,-41.74368],[-72.57522,-41.74385],[-72.57528,-41.74401],[-72.57544,-41.74413],[-72.575615,-41.744147],[-72.574015,-41.747869],[-72.568321,-41.749052],[-72.566385,-41.753553],[-72.56069,-41.754736],[-72.556932,-41.751418],[-72.551238,-41.7526],[-72.547481,-41.749282],[-72.541788,-41.750464],[-72.53985,-41.754964],[-72.543607,-41.758283],[-72.549301,-41.757101],[-72.553059,-41.76042],[-72.551122,-41.76492],[-72.545427,-41.766102],[-72.543489,-41.770603],[-72.537794,-41.771784],[-72.535855,-41.776284],[-72.539613,-41.779604],[-72.545309,-41.778423],[-72.549068,-41.781742],[-72.54713,-41.786243],[-72.541433,-41.787424],[-72.539494,-41.791925],[-72.543253,-41.795245],[-72.541314,-41.799746],[-72.535616,-41.800927],[-72.531857,-41.797606],[-72.526159,-41.798786],[-72.522402,-41.795465],[-72.524341,-41.790965],[-72.520585,-41.787645],[-72.514888,-41.788824],[-72.512948,-41.793324],[-72.507251,-41.794502],[-72.503496,-41.791182],[-72.4978,-41.79236],[-72.495859,-41.796859],[-72.499614,-41.80018],[-72.50531,-41.799002],[-72.509066,-41.802323],[-72.514764,-41.801144],[-72.518521,-41.804465],[-72.524219,-41.803286],[-72.527977,-41.806607],[-72.533676,-41.805427],[-72.537435,-41.808748],[-72.543135,-41.807568],[-72.546895,-41.810889],[-72.552595,-41.809708],[-72.556357,-41.813029],[-72.562058,-41.811848],[-72.563996,-41.807346],[-72.560234,-41.804026],[-72.562172,-41.799524],[-72.567871,-41.798342],[-72.569808,-41.79384],[-72.566047,-41.79052],[-72.567984,-41.786018],[-72.573682,-41.784836],[-72.577444,-41.788155],[-72.575508,-41.792658],[-72.575991,-41.793084],[-72.575506,-41.7932],[-72.574716,-41.793501],[-72.574415,-41.793765],[-72.574095,-41.79416],[-72.573832,-41.794536],[-72.573775,-41.794968],[-72.573662,-41.79542],[-72.573719,-41.79589],[-72.573794,-41.796398],[-72.57385,-41.796737],[-72.573775,-41.797038],[-72.573606,-41.797376],[-72.573361,-41.797696],[-72.572985,-41.798072],[-72.572553,-41.798599],[-72.572252,-41.798919],[-72.572007,-41.799332],[-72.571894,-41.799727],[-72.571875,-41.800254],[-72.571913,-41.800875],[-72.571913,-41.801213],[-72.571951,-41.80142],[-72.57196,-41.801594],[-72.57197,-41.801759],[-72.572045,-41.802229],[-72.572233,-41.802511],[-72.572402,-41.802756],[-72.572553,-41.802963],[-72.572597,-41.802999],[-72.572985,-41.80332],[-72.573361,-41.803602],[-72.5737,-41.803865],[-72.57402,-41.804072],[-72.574396,-41.804336],[-72.574565,-41.804505],[-72.574998,-41.80475],[-72.575336,-41.805088],[-72.575637,-41.805483],[-72.575995,-41.80584],[-72.576032,-41.806348],[-72.575901,-41.806913],[-72.575769,-41.80727],[-72.575506,-41.807684],[-72.575224,-41.80806],[-72.574923,-41.808568],[-72.574697,-41.809001],[-72.574697,-41.809228],[-72.57346,-41.809485],[-72.571522,-41.813988],[-72.565821,-41.815169],[-72.56413,-41.819097],[-72.56358,-41.819026],[-72.562941,-41.818932],[-72.562471,-41.818782],[-72.561925,-41.818669],[-72.561267,-41.818593],[-72.560797,-41.818556],[-72.560439,-41.818537],[-72.559988,-41.818537],[-72.55963,-41.818575],[-72.559273,-41.81865],[-72.558784,-41.818819],[-72.558144,-41.818932],[-72.557279,-41.819195],[-72.556602,-41.819365],[-72.556491,-41.819361],[-72.556094,-41.819346],[-72.555718,-41.819346],[-72.555285,-41.819346],[-72.55474,-41.819271],[-72.554138,-41.819252],[-72.553781,-41.819233],[-72.553028,-41.818913],[-72.552596,-41.818669],[-72.552125,-41.818518],[-72.551429,-41.818481],[-72.550521,-41.818338],[-72.55047,-41.81833],[-72.549812,-41.818123],[-72.549041,-41.817728],[-72.548213,-41.817484],[-72.547799,-41.817484],[-72.547397,-41.817546],[-72.54731,-41.817559],[-72.54684,-41.817803],[-72.546671,-41.817954],[-72.546388,-41.818274],[-72.546257,-41.818537],[-72.546143,-41.819061],[-72.5462,-41.819873],[-72.546595,-41.820625],[-72.546671,-41.821246],[-72.546671,-41.821565],[-72.546671,-41.821829],[-72.546593,-41.821994],[-72.54643,-41.82217],[-72.546167,-41.82232],[-72.545824,-41.822355],[-72.545015,-41.822355],[-72.544413,-41.822318],[-72.544018,-41.822374],[-72.543501,-41.822389],[-72.542739,-41.82213],[-72.542137,-41.822148],[-72.541517,-41.822243],[-72.540745,-41.822449],[-72.540181,-41.822844],[-72.539805,-41.823164],[-72.539755,-41.823226],[-72.539504,-41.82354],[-72.539429,-41.823898],[-72.539429,-41.824123],[-72.539448,-41.824613],[-72.539636,-41.825233],[-72.53988,-41.825816],[-72.539974,-41.826381],[-72.539974,-41.826794],[-72.539767,-41.827152],[-72.539485,-41.827472],[-72.539184,-41.827735],[-72.538827,-41.828092],[-72.538564,-41.828393],[-72.538338,-41.828694],[-72.538056,-41.829014],[-72.537934,-41.829143],[-72.537774,-41.829315],[-72.537435,-41.82971],[-72.537002,-41.830349],[-72.536739,-41.830914],[-72.536457,-41.831384],[-72.536099,-41.832061],[-72.535817,-41.832456],[-72.53546,-41.832757],[-72.53499,-41.832983],[-72.534802,-41.833058],[-72.534463,-41.833058],[-72.533993,-41.83302],[-72.533635,-41.833002],[-72.532958,-41.832851],[-72.532298,-41.832712],[-72.532243,-41.832701],[-72.531773,-41.832531],[-72.531171,-41.832437],[-72.530908,-41.83223],[-72.530287,-41.83193],[-72.529403,-41.831873],[-72.528557,-41.831854],[-72.528143,-41.831779],[-72.527466,-41.831911],[-72.526939,-41.83208],[-72.525999,-41.832174],[-72.525284,-41.832268],[-72.524644,-41.832419],[-72.523873,-41.832607],[-72.523384,-41.832832],[-72.522844,-41.833149],[-72.522839,-41.833152],[-72.522312,-41.833754],[-72.521955,-41.834412],[-72.521936,-41.834901],[-72.521879,-41.835296],[-72.521842,-41.835767],[-72.521748,-41.836275],[-72.521616,-41.836745],[-72.521296,-41.837478],[-72.520958,-41.838344],[-72.52077,-41.83872],[-72.520544,-41.839265],[-72.52045,-41.839792],[-72.520299,-41.840356],[-72.520186,-41.840883],[-72.52014,-41.841022],[-72.520055,-41.841278],[-72.520017,-41.841729],[-72.520074,-41.842218],[-72.520092,-41.842576],[-72.52013,-41.842877],[-72.520281,-41.843422],[-72.520442,-41.843894],[-72.520544,-41.844193],[-72.520638,-41.844645],[-72.520713,-41.845077],[-72.520882,-41.845454],[-72.521014,-41.84598],[-72.521259,-41.846545],[-72.521428,-41.847015],[-72.521549,-41.847384],[-72.521657,-41.847753],[-72.521785,-41.848106],[-72.521729,-41.848332],[-72.521522,-41.848595],[-72.521202,-41.848783],[-72.520939,-41.848952],[-72.52061,-41.849124],[-72.519967,-41.849257],[-72.519961,-41.849272],[-72.519547,-41.849272],[-72.51887,-41.849234],[-72.518512,-41.849197],[-72.518105,-41.849136],[-72.517629,-41.84909],[-72.517214,-41.84906],[-72.516799,-41.848983],[-72.516387,-41.848877],[-72.515841,-41.848858],[-72.515277,-41.848839],[-72.514713,-41.848802],[-72.514017,-41.848745],[-72.513622,-41.848745],[-72.513208,-41.848745],[-72.512663,-41.848802],[-72.51223,-41.848764],[-72.511233,-41.848896],[-72.510142,-41.848952],[-72.50971,-41.848952],[-72.509484,-41.848952],[-72.508882,-41.849009],[-72.508318,-41.849028],[-72.507885,-41.849253],[-72.507509,-41.849554],[-72.507095,-41.849818],[-72.506568,-41.849836],[-72.50596,-41.849721],[-72.505176,-41.849573],[-72.504913,-41.84946],[-72.504518,-41.849272],[-72.504198,-41.849178],[-72.503897,-41.849027],[-72.503634,-41.848783],[-72.503408,-41.848426],[-72.503145,-41.847993],[-72.503051,-41.847711],[-72.503032,-41.847466],[-72.502882,-41.847109],[-72.502769,-41.846733],[-72.502769,-41.846507],[-72.502693,-41.846131],[-72.502505,-41.845849],[-72.502298,-41.845792],[-72.502016,-41.845849],[-72.501753,-41.845999],[-72.501471,-41.846206],[-72.501076,-41.846563],[-72.500813,-41.846808],[-72.500624,-41.846977],[-72.500135,-41.847278],[-72.500034,-41.847304],[-72.501044,-41.844965],[-72.497286,-41.841642],[-72.491585,-41.842819],[-72.490878,-41.844454],[-72.490825,-41.8444],[-72.490561,-41.844212],[-72.490317,-41.843987],[-72.490072,-41.843761],[-72.489828,-41.843592],[-72.489555,-41.843417],[-72.489263,-41.843309],[-72.488981,-41.84314],[-72.488624,-41.842914],[-72.48821,-41.842595],[-72.487796,-41.84235],[-72.487533,-41.842181],[-72.487157,-41.84188],[-72.486885,-41.841697],[-72.486653,-41.84152],[-72.486351,-41.841274],[-72.485968,-41.840961],[-72.485701,-41.840689],[-72.485445,-41.840488],[-72.485079,-41.840163],[-72.484971,-41.840086],[-72.487828,-41.839496],[-72.489772,-41.834997],[-72.486015,-41.831674],[-72.480316,-41.83285],[-72.479915,-41.832496],[-72.479915,-41.832362],[-72.479915,-41.831873],[-72.479915,-41.831478],[-72.479727,-41.831102],[-72.479437,-41.830855],[-72.479031,-41.83065],[-72.478542,-41.830707],[-72.478034,-41.83065],[-72.47777,-41.830598],[-72.476561,-41.829528],[-72.471377,-41.830597],[-72.47109,-41.830339],[-72.470717,-41.830105],[-72.470454,-41.829973],[-72.470058,-41.829805],[-72.469684,-41.829609],[-72.469496,-41.829494],[-72.469364,-41.829413],[-72.469081,-41.829221],[-72.468903,-41.828969],[-72.468855,-41.828901],[-72.468712,-41.828801],[-72.468535,-41.828675],[-72.468309,-41.8286],[-72.46799,-41.82845],[-72.467595,-41.828356],[-72.467087,-41.828186],[-72.466654,-41.828074],[-72.466184,-41.827904],[-72.465839,-41.827643],[-72.465563,-41.827434],[-72.465112,-41.827058],[-72.464886,-41.826926],[-72.464679,-41.826738],[-72.464322,-41.826494],[-72.46419,-41.826174],[-72.46419,-41.825816],[-72.464209,-41.825628],[-72.464171,-41.825214],[-72.46404,-41.824857],[-72.463739,-41.82465],[-72.463551,-41.824537],[-72.463212,-41.824443],[-72.462967,-41.824443],[-72.462554,-41.824312],[-72.462027,-41.82386],[-72.461688,-41.823578],[-72.461425,-41.823296],[-72.461105,-41.82307],[-72.460767,-41.822882],[-72.460447,-41.822807],[-72.459939,-41.822995],[-72.459601,-41.823033],[-72.459187,-41.823145],[-72.458754,-41.823239],[-72.458495,-41.823297],[-72.459602,-41.820735],[-72.45585,-41.817413],[-72.450154,-41.818588],[-72.449236,-41.820709],[-72.449218,-41.820568],[-72.448968,-41.820372],[-72.448594,-41.820141],[-72.448202,-41.820061],[-72.447995,-41.819929],[-72.447826,-41.819647],[-72.447619,-41.819271],[-72.447299,-41.818725],[-72.446829,-41.818029],[-72.446659,-41.817578],[-72.446377,-41.817239],[-72.44617,-41.816995],[-72.445851,-41.816712],[-72.445587,-41.816562],[-72.445192,-41.816336],[-72.44475,-41.81619],[-72.444251,-41.816012],[-72.443895,-41.815834],[-72.443834,-41.815795],[-72.443556,-41.815622],[-72.443217,-41.815283],[-72.442898,-41.814869],[-72.442672,-41.814437],[-72.442427,-41.814173],[-72.442183,-41.813853],[-72.441562,-41.813534],[-72.44064,-41.813176],[-72.44014,-41.813022],[-72.4397,-41.812856],[-72.439161,-41.812666],[-72.438681,-41.812417],[-72.438253,-41.812114],[-72.437706,-41.811671],[-72.437608,-41.811614],[-72.437198,-41.811371],[-72.436897,-41.811088],[-72.436672,-41.810938],[-72.436314,-41.810863],[-72.435712,-41.810769],[-72.435317,-41.810693],[-72.434772,-41.810581],[-72.434245,-41.810392],[-72.433587,-41.810148],[-72.432985,-41.809922],[-72.432364,-41.809678],[-72.431988,-41.809527],[-72.431311,-41.809245],[-72.430502,-41.808888],[-72.429787,-41.808587],[-72.428997,-41.808305],[-72.428711,-41.808203],[-72.42946,-41.806473],[-72.425713,-41.80315],[-72.427659,-41.798654],[-72.423912,-41.795332],[-72.425858,-41.790837],[-72.422111,-41.787515],[-72.424057,-41.783019],[-72.429749,-41.781845],[-72.433495,-41.785166],[-72.439188,-41.783991],[-72.441132,-41.779495],[-72.446824,-41.77832],[-72.450572,-41.781641],[-72.448628,-41.786137],[-72.442935,-41.787313],[-72.440991,-41.791809],[-72.435297,-41.792984],[-72.433352,-41.79748],[-72.4371,-41.800802],[-72.442794,-41.799627],[-72.446544,-41.802949],[-72.452238,-41.801774],[-72.454183,-41.797277],[-72.459877,-41.796101],[-72.461821,-41.791604],[-72.467515,-41.790428],[-72.469458,-41.78593],[-72.465708,-41.782609],[-72.46765,-41.778112],[-72.473343,-41.776935],[-72.475286,-41.772437],[-72.471535,-41.769117],[-72.465843,-41.770294],[-72.463901,-41.774791],[-72.458208,-41.775968],[-72.45446,-41.772647],[-72.456403,-41.76815],[-72.462094,-41.766974],[-72.464037,-41.762477],[-72.460289,-41.759157],[-72.454598,-41.760334],[-72.450851,-41.757014],[-72.445161,-41.75819],[-72.441415,-41.75487],[-72.435726,-41.756046],[-72.431981,-41.752726],[-72.426292,-41.753901],[-72.422549,-41.750581],[-72.424493,-41.746086],[-72.42075,-41.742766],[-72.422694,-41.738272],[-72.418952,-41.734952],[-72.420896,-41.730458],[-72.426582,-41.729282],[-72.430325,-41.732601],[-72.428381,-41.737096],[-72.432124,-41.740415],[-72.437812,-41.739239],[-72.441556,-41.742559],[-72.447244,-41.741382],[-72.45099,-41.744702],[-72.456679,-41.743525],[-72.460426,-41.746844],[-72.458483,-41.751341],[-72.462231,-41.75466],[-72.467921,-41.753483],[-72.469863,-41.748986],[-72.475553,-41.747808],[-72.479302,-41.751127],[-72.477361,-41.755625],[-72.481111,-41.758944],[-72.486802,-41.757766],[-72.488743,-41.753268],[-72.484993,-41.749949],[-72.486933,-41.745451],[-72.492624,-41.744272],[-72.496374,-41.747591],[-72.502065,-41.746412],[-72.504005,-41.741913],[-72.500254,-41.738595],[-72.502193,-41.734097],[-72.507883,-41.732916],[-72.509821,-41.728418],[-72.50607,-41.7251],[-72.500381,-41.72628],[-72.498442,-41.730778],[-72.492753,-41.731958],[-72.490813,-41.736456],[-72.485124,-41.737635],[-72.481375,-41.734316],[-72.475686,-41.735495],[-72.473745,-41.739992],[-72.468056,-41.74117],[-72.464309,-41.737851],[-72.466251,-41.733354],[-72.462504,-41.730036],[-72.456816,-41.731213],[-72.453071,-41.727895],[-72.447384,-41.729072],[-72.44364,-41.725753],[-72.437954,-41.72693],[-72.434211,-41.723611],[-72.428525,-41.724787],[-72.424783,-41.721469],[-72.426727,-41.716974],[-72.422985,-41.713656],[-72.417301,-41.714831],[-72.415358,-41.719326],[-72.409674,-41.720501],[-72.405934,-41.717182],[-72.407878,-41.712688],[-72.404139,-41.70937],[-72.398457,-41.710545]],[[-72.516331,-41.83361],[-72.522033,-41.832432],[-72.523974,-41.827931],[-72.520215,-41.824609],[-72.514514,-41.825787],[-72.512573,-41.830288],[-72.516331,-41.83361]],[[-72.478771,-41.800391],[-72.473075,-41.801568],[-72.471132,-41.806066],[-72.474884,-41.809388],[-72.480581,-41.808211],[-72.482524,-41.803713],[-72.478771,-41.800391]],[[-72.515262,-41.751869],[-72.513323,-41.756368],[-72.517077,-41.759687],[-72.52277,-41.758507],[-72.526525,-41.761826],[-72.532219,-41.760645],[-72.534157,-41.756145],[-72.530401,-41.752827],[-72.524708,-41.754008],[-72.520954,-41.750689],[-72.515262,-41.751869]],[[-72.520338,-41.812287],[-72.51658,-41.808965],[-72.510882,-41.810144],[-72.50894,-41.814644],[-72.512698,-41.817965],[-72.518397,-41.816787],[-72.520338,-41.812287]]]},"properties":{"comuna":"Cochamó","mancha_id":"10103-88ce85b291fffff","clase":"Medio","nivel_medio":1.837,"nivel_medio_min":1.501,"nivel_medio_max":2.483,"pct_alto":9.1,"n_hexagonos":173,"area_ha":9825.46}},{"type":"Feature","geometry":{"type":"Polygon","coordinates":[[[-72.346667,-41.770319],[-72.350404,-41.77364],[-72.356091,-41.77247],[-72.359829,-41.775792],[-72.35788,-41.780284],[-72.352192,-41.781455],[-72.348454,-41.778133],[-72.342767,-41.779303],[-72.33903,-41.77598],[-72.34098,-41.771489],[-72.346667,-41.770319]]]},"properties":{"comuna":"Cochamó","mancha_id":"10103-88ce85b259fffff","clase":"Medio","nivel_medio":1.903,"nivel_medio_min":1.684,"nivel_medio_max":2.122,"pct_alto":38.8,"n_hexagonos":2,"area_ha":128.91}},{"type":"Feature","geometry":{"type":"Polygon","coordinates":[[[-72.343258,-41.742388],[-72.348942,-41.741217],[-72.35089,-41.736726],[-72.356574,-41.735554],[-72.358522,-41.731062],[-72.364205,-41.72989],[-72.367941,-41.73321],[-72.373624,-41.732037],[-72.375571,-41.727545],[-72.381254,-41.726372],[-72.383201,-41.721879],[-72.379464,-41.71856],[-72.38141,-41.714067],[-72.387092,-41.712893],[-72.390829,-41.716212],[-72.396512,-41.715038],[-72.40025,-41.718357],[-72.398306,-41.72285],[-72.402045,-41.726169],[-72.4001,-41.730663],[-72.40384,-41.733982],[-72.409525,-41.732808],[-72.413266,-41.736127],[-72.411321,-41.740622],[-72.405635,-41.741796],[-72.401894,-41.738476],[-72.396209,-41.73965],[-72.392469,-41.736331],[-72.394415,-41.731837],[-72.390676,-41.728518],[-72.384992,-41.729691],[-72.383046,-41.734184],[-72.386784,-41.737504],[-72.384838,-41.741997],[-72.379153,-41.74317],[-72.377206,-41.747663],[-72.37152,-41.748836],[-72.367783,-41.745515],[-72.362098,-41.746687],[-72.360149,-41.751179],[-72.354464,-41.752351],[-72.352515,-41.756843],[-72.34683,-41.758013],[-72.343095,-41.754692],[-72.345044,-41.7502],[-72.341309,-41.74688],[-72.343258,-41.742388]]]},"properties":{"comuna":"Cochamó","mancha_id":"10103-88ce85b211fffff","clase":"Medio","nivel_medio":1.757,"nivel_medio_min":1.512,"nivel_medio_max":1.974,"pct_alto":5.6,"n_hexagonos":16,"area_ha":1031.38}},{"type":"Feature","geometry":{"type":"Polygon","coordinates":[[[-72.31868,-41.64278],[-72.31924,-41.64205],[-72.319748,-41.641682],[-72.318684,-41.644136],[-72.31868,-41.64413],[-72.31866,-41.64339],[-72.31868,-41.64278]]]},"properties":{"comuna":"Cochamó","mancha_id":"10103-88ce85b19dfffff","clase":"Medio","nivel_medio":1.732,"nivel_medio_min":1.732,"nivel_medio_max":1.732,"pct_alto":23.1,"n_hexagonos":1,"area_ha":0.76}},{"type":"Feature","geometry":{"type":"Polygon","coordinates":[[[-72.36484,-41.680682],[-72.362894,-41.685173],[-72.357216,-41.686346],[-72.353485,-41.683028],[-72.355431,-41.678538],[-72.361108,-41.677364],[-72.362218,-41.674801],[-72.36264,-41.67523],[-72.362661,-41.675283],[-72.36341,-41.6766],[-72.36389,-41.67672],[-72.36426,-41.6767],[-72.36467,-41.67681],[-72.36516,-41.67703],[-72.36568,-41.67713],[-72.36626,-41.67744],[-72.36713,-41.67758],[-72.36783,-41.6776],[-72.36821,-41.67756],[-72.3686,-41.6775],[-72.3692,-41.6775],[-72.36981,-41.67751],[-72.37034,-41.67761],[-72.37089,-41.67772],[-72.371252,-41.677812],[-72.370518,-41.679508],[-72.36484,-41.680682]]]},"properties":{"comuna":"Cochamó","mancha_id":"10103-88ce85b0c1fffff","clase":"Medio","nivel_medio":1.542,"nivel_medio_min":1.523,"nivel_medio_max":1.547,"pct_alto":9.2,"n_hexagonos":2,"area_ha":88.82}},{"type":"Feature","geometry":{"type":"Polygon","coordinates":[[[-72.36684,-41.63613],[-72.36673,-41.6358],[-72.36664,-41.63563],[-72.366526,-41.635359],[-72.36643,-41.63513],[-72.3664,-41.63497],[-72.36641,-41.6348],[-72.36645,-41.63464],[-72.36656,-41.63431],[-72.36658,-41.63414],[-72.36658,-41.63405],[-72.36654,-41.63398],[-72.36642,-41.63381],[-72.36633,-41.63364],[-72.36629,-41.63348],[-72.3663,-41.63319],[-72.36638,-41.63317],[-72.36657,-41.63315],[-72.36667,-41.63315],[-72.36674,-41.63318],[-72.36679,-41.63323],[-72.36694,-41.63335],[-72.3671,-41.6334],[-72.36721,-41.6334],[-72.3673,-41.63333],[-72.3674,-41.63329],[-72.36748,-41.63324],[-72.36761,-41.63321],[-72.3677,-41.6332],[-72.36778,-41.63327],[-72.3679,-41.6334],[-72.36794,-41.63347],[-72.36808,-41.63366],[-72.36818,-41.6338],[-72.36824,-41.63395],[-72.36832,-41.63423],[-72.36839,-41.63438],[-72.36857,-41.63466],[-72.36869,-41.63481],[-72.368747,-41.634899],[-72.36878,-41.63495],[-72.36884,-41.63509],[-72.36884,-41.63511],[-72.36885,-41.63516],[-72.36886,-41.63524],[-72.36898,-41.63552],[-72.36904,-41.63557],[-72.3691,-41.63564],[-72.36913,-41.63566],[-72.36916,-41.63569],[-72.36927,-41.63574],[-72.36967,-41.63596],[-72.36994,-41.63623],[-72.37005,-41.63635],[-72.37006,-41.63649],[-72.3701,-41.63663],[-72.37009,-41.63692],[-72.37014,-41.63708],[-72.37045,-41.63752],[-72.37059,-41.63765],[-72.37077,-41.63783],[-72.37091,-41.63802],[-72.37092,-41.63803],[-72.37095,-41.63809],[-72.37091,-41.63817],[-72.37085,-41.63818],[-72.37071,-41.63811],[-72.37065,-41.63809],[-72.37061,-41.63802],[-72.37055,-41.63795],[-72.37047,-41.63794],[-72.37038,-41.6379],[-72.37019,-41.63784],[-72.37013,-41.63784],[-72.37006,-41.63792],[-72.37006,-41.63807],[-72.37025,-41.63824],[-72.37045,-41.6384],[-72.37044,-41.63858],[-72.37041,-41.6386],[-72.37023,-41.63871],[-72.37001,-41.63866],[-72.36992,-41.63863],[-72.36974,-41.63847],[-72.36954,-41.63832],[-72.36951,-41.6383],[-72.36946,-41.63827],[-72.36926,-41.63827],[-72.36907,-41.6383],[-72.36885,-41.63833],[-72.36863,-41.63832],[-72.3685,-41.63826],[-72.36844,-41.63825],[-72.36829,-41.63815],[-72.36827,-41.63813],[-72.36824,-41.63811],[-72.36821,-41.63808],[-72.36817,-41.63803],[-72.36814,-41.63801],[-72.36799,-41.63801],[-72.36792,-41.63799],[-72.36776,-41.63793],[-72.36758,-41.63783],[-72.36745,-41.63777],[-72.36741,-41.63767],[-72.36732,-41.63759],[-72.36726,-41.63742],[-72.36725,-41.63734],[-72.36733,-41.63726],[-72.36747,-41.63709],[-72.3675,-41.63695],[-72.36747,-41.63693],[-72.36732,-41.63678],[-72.36714,-41.63664],[-72.367,-41.63647],[-72.36692,-41.6363],[-72.36684,-41.63613]]]},"properties":{"comuna":"Cochamó","mancha_id":"10103-88ce85b0b1fffff","clase":"Medio","nivel_medio":2.045,"nivel_medio_min":1.916,"nivel_medio_max":2.278,"pct_alto":17.1,"n_hexagonos":2,"area_ha":11.57}},{"type":"Feature","geometry":{"type":"Polygon","coordinates":[[[-72.3826,-41.65547],[-72.3826,-41.65556],[-72.38249,-41.6556],[-72.38234,-41.6556],[-72.38208,-41.65554],[-72.38184,-41.65545],[-72.38174,-41.65533],[-72.38177,-41.65522],[-72.38193,-41.65513],[-72.38214,-41.65513],[-72.38239,-41.65521],[-72.3826,-41.65547]]]},"properties":{"comuna":"Cochamó","mancha_id":"10103-88ce85b09dfffff","clase":"Medio","nivel_medio":2.216,"nivel_medio_min":2.216,"nivel_medio_max":2.216,"pct_alto":50.4,"n_hexagonos":1,"area_ha":0.26}},{"type":"Feature","geometry":{"type":"Polygon","coordinates":[[[-72.391592,-41.6547],[-72.395326,-41.658016],[-72.39365,-41.661891],[-72.39351,-41.66183],[-72.393405,-41.66185],[-72.39327,-41.6619],[-72.39321,-41.66192],[-72.39315,-41.662],[-72.39299,-41.6621],[-72.39259,-41.66223],[-72.39253,-41.66221],[-72.39247,-41.66216],[-72.39246,-41.66208],[-72.39259,-41.66188],[-72.39259,-41.66166],[-72.39253,-41.6616],[-72.39225,-41.66145],[-72.39203,-41.66139],[-72.39197,-41.66137],[-72.39174,-41.66126],[-72.39151,-41.66111],[-72.39129,-41.66097],[-72.391065,-41.660865],[-72.39097,-41.66083],[-72.39079,-41.66078],[-72.39051,-41.66074],[-72.39029,-41.66072],[-72.39023,-41.66075],[-72.39008,-41.66085],[-72.39008,-41.66093],[-72.39022,-41.66101],[-72.39051,-41.66121],[-72.39077,-41.66137],[-72.39085,-41.66142],[-72.39086,-41.66149],[-72.39081,-41.661605],[-72.39077,-41.66168],[-72.39071,-41.66167],[-72.390645,-41.661725],[-72.39055,-41.66177],[-72.39023,-41.66196],[-72.39013,-41.66199],[-72.38996,-41.66199],[-72.38984,-41.66193],[-72.38956,-41.66183],[-72.38927,-41.66182],[-72.38899,-41.66192],[-72.38889,-41.66193],[-72.38872,-41.66185],[-72.38871,-41.66166],[-72.38881,-41.66156],[-72.38882,-41.66145],[-72.38881,-41.66124],[-72.38882,-41.66095],[-72.38874,-41.6609],[-72.38859,-41.66076],[-72.388355,-41.660775],[-72.38823,-41.66085],[-72.388035,-41.660905],[-72.38794,-41.66083],[-72.38783,-41.66081],[-72.38766,-41.66091],[-72.3876,-41.66114],[-72.38753,-41.66124],[-72.38734,-41.66129],[-72.38722,-41.66129],[-72.38703,-41.6612],[-72.38692,-41.66112],[-72.38686,-41.66103],[-72.38668,-41.66082],[-72.38647,-41.6606],[-72.38631,-41.66038],[-72.38613,-41.66017],[-72.38593,-41.65995],[-72.3856,-41.65952],[-72.38549,-41.6593],[-72.38538,-41.65909],[-72.3852,-41.65887],[-72.38501,-41.65865],[-72.38483,-41.65844],[-72.384814,-41.658423],[-72.38462,-41.65822],[-72.384485,-41.658],[-72.38446,-41.65792],[-72.38441,-41.65779],[-72.3843,-41.65757],[-72.38416,-41.65715],[-72.384025,-41.656905],[-72.3839,-41.65679],[-72.3838,-41.65672],[-72.38363,-41.65661],[-72.38348,-41.65642],[-72.38336,-41.65621],[-72.38325,-41.65578],[-72.38324,-41.65557],[-72.38327,-41.65535],[-72.38322,-41.65526],[-72.38313,-41.65519],[-72.38276,-41.655],[-72.38257,-41.65479],[-72.38235,-41.65461],[-72.38212,-41.6545],[-72.38189,-41.65434],[-72.38182,-41.65429],[-72.38179,-41.65416],[-72.38179,-41.65408],[-72.38191,-41.654],[-72.38235,-41.65401],[-72.38253,-41.65407],[-72.38284,-41.65422],[-72.38294,-41.654305],[-72.38301,-41.65443],[-72.38304,-41.65465],[-72.38312,-41.6547],[-72.38323,-41.6547],[-72.38346,-41.65456],[-72.38345,-41.6543],[-72.383495,-41.654065],[-72.38353,-41.65393],[-72.38358,-41.65387],[-72.383621,-41.653836],[-72.385916,-41.655875],[-72.391592,-41.6547]]]},"properties":{"comuna":"Cochamó","mancha_id":"10103-88ce85b099fffff","clase":"Medio","nivel_medio":2.29,"nivel_medio_min":2.216,"nivel_medio_max":2.299,"pct_alto":44.6,"n_hexagonos":2,"area_ha":55.31}},{"type":"Feature","geometry":{"type":"Polygon","coordinates":[[[-72.38447,-41.64774],[-72.38435,-41.64788],[-72.38414,-41.6479],[-72.38392,-41.64786],[-72.3838,-41.6477],[-72.38393,-41.64754],[-72.38409,-41.64751],[-72.38431,-41.64754],[-72.38442,-41.6476],[-72.38447,-41.64774]]]},"properties":{"comuna":"Cochamó","mancha_id":"10103-88ce85b097fffff","clase":"Medio","nivel_medio":2.428,"nivel_medio_min":2.428,"nivel_medio_max":2.428,"pct_alto":37.5,"n_hexagonos":1,"area_ha":0.18}},{"type":"Feature","geometry":{"type":"Polygon","coordinates":[[[-72.326711,-41.708996],[-72.324762,-41.713486],[-72.319083,-41.714656],[-72.315353,-41.711337],[-72.317303,-41.706847],[-72.322981,-41.705677],[-72.326711,-41.708996]]]},"properties":{"comuna":"Cochamó","mancha_id":"10103-88ce85b055fffff","clase":"Medio","nivel_medio":1.768,"nivel_medio_min":1.768,"nivel_medio_max":1.768,"pct_alto":31.7,"n_hexagonos":1,"area_ha":64.38}},{"type":"Feature","geometry":{"type":"Polygon","coordinates":[[[-72.313745,-41.69123],[-72.311795,-41.695719],[-72.306118,-41.696889],[-72.302391,-41.69357],[-72.304341,-41.689082],[-72.310017,-41.687911],[-72.313745,-41.69123]]]},"properties":{"comuna":"Cochamó","mancha_id":"10103-88ce85b007fffff","clase":"Medio","nivel_medio":1.535,"nivel_medio_min":1.535,"nivel_medio_max":1.535,"pct_alto":7.7,"n_hexagonos":1,"area_ha":64.36}},{"type":"Feature","geometry":{"type":"Polygon","coordinates":[[[-72.39611,-41.441246],[-72.390456,-41.442428],[-72.387786,-41.440053],[-72.38845,-41.43997],[-72.388956,-41.4398],[-72.389221,-41.439664],[-72.389421,-41.439524],[-72.390092,-41.439004],[-72.390378,-41.438777],[-72.39092,-41.43848],[-72.392123,-41.438097],[-72.392305,-41.437974],[-72.39272,-41.43765],[-72.393002,-41.437325],[-72.393185,-41.437069],[-72.393265,-41.436844],[-72.3933,-41.43666],[-72.393268,-41.436501],[-72.392956,-41.43535],[-72.392999,-41.435084],[-72.393049,-41.434916],[-72.393123,-41.434719],[-72.393245,-41.434627],[-72.393439,-41.434509],[-72.393783,-41.434374],[-72.394029,-41.434284],[-72.394234,-41.434186],[-72.394411,-41.434073],[-72.394561,-41.433892],[-72.394655,-41.433744],[-72.394702,-41.433672],[-72.394827,-41.433446],[-72.394923,-41.433333],[-72.395078,-41.433229],[-72.395238,-41.43316],[-72.395653,-41.433012],[-72.39642,-41.432882],[-72.396637,-41.432795],[-72.396748,-41.432708],[-72.396816,-41.432504],[-72.396912,-41.43171],[-72.397003,-41.431506],[-72.39715,-41.431319],[-72.397412,-41.431176],[-72.397852,-41.431002],[-72.398193,-41.430827],[-72.398299,-41.430747],[-72.398397,-41.430656],[-72.398476,-41.430508],[-72.398519,-41.430354],[-72.39863,-41.430003],[-72.398728,-41.429832],[-72.398879,-41.429748],[-72.399089,-41.42967],[-72.399349,-41.429604],[-72.39951,-41.42952],[-72.399599,-41.42941],[-72.399694,-41.429249],[-72.399718,-41.429111],[-72.399703,-41.429001],[-72.399493,-41.428429],[-72.399464,-41.428293],[-72.399392,-41.427956],[-72.399415,-41.427724],[-72.399477,-41.427586],[-72.399537,-41.427468],[-72.399748,-41.427351],[-72.400024,-41.42725],[-72.400155,-41.42718],[-72.40024,-41.4271],[-72.400313,-41.426932],[-72.400474,-41.426557],[-72.400553,-41.426448],[-72.400697,-41.426368],[-72.40158,-41.4261],[-72.401823,-41.425966],[-72.402025,-41.425765],[-72.402086,-41.425602],[-72.402222,-41.425055],[-72.40241,-41.424271],[-72.402494,-41.424152],[-72.40259,-41.424091],[-72.403196,-41.423749],[-72.403264,-41.423695],[-72.403332,-41.423644],[-72.40366,-41.423317],[-72.403748,-41.423204],[-72.403847,-41.423292],[-72.4095,-41.42211],[-72.409942,-41.421082],[-72.41005,-41.42112],[-72.41119,-41.42199],[-72.41155,-41.42253],[-72.41178,-41.42342],[-72.417624,-41.416917],[-72.41878,-41.41563],[-72.41963,-41.41506],[-72.420497,-41.415072],[-72.421922,-41.414954],[-72.423554,-41.414983],[-72.42508,-41.41496],[-72.42669,-41.41541],[-72.427599,-41.415908],[-72.428185,-41.41623],[-72.42874,-41.41692],[-72.428987,-41.417863],[-72.428957,-41.418546],[-72.42834,-41.41955],[-72.428044,-41.419968],[-72.428,-41.42003],[-72.42831,-41.42072],[-72.42911,-41.42136],[-72.429761,-41.421494],[-72.43071,-41.42169],[-72.430833,-41.421728],[-72.430179,-41.421865],[-72.428246,-41.426355],[-72.431968,-41.429661],[-72.434093,-41.429216],[-72.434122,-41.429915],[-72.434033,-41.43039],[-72.4338,-41.43109],[-72.4333,-41.43173],[-72.432519,-41.431691],[-72.43171,-41.43165],[-72.431036,-41.431826],[-72.430738,-41.431904],[-72.429729,-41.432319],[-72.428749,-41.432943],[-72.42798,-41.43333],[-72.42672,-41.43374],[-72.42483,-41.43415],[-72.423364,-41.43443],[-72.42066,-41.432028],[-72.422593,-41.427538],[-72.418872,-41.424232],[-72.413219,-41.425416],[-72.411286,-41.429904],[-72.405632,-41.431087],[-72.403698,-41.435576],[-72.398045,-41.436758],[-72.39611,-41.441246]]]},"properties":{"comuna":"Cochamó","mancha_id":"10103-88ce85ae3bfffff","clase":"Medio","nivel_medio":2.252,"nivel_medio_min":1.875,"nivel_medio_max":2.415,"pct_alto":41.6,"n_hexagonos":10,"area_ha":367.31}},{"type":"Feature","geometry":{"type":"Polygon","coordinates":[[[-72.356536,-41.449509],[-72.352821,-41.446201],[-72.354151,-41.443121],[-72.35452,-41.4429],[-72.35541,-41.44269],[-72.356747,-41.442602],[-72.357305,-41.442509],[-72.35793,-41.4425],[-72.358041,-41.442549],[-72.358133,-41.44261],[-72.358911,-41.443396],[-72.359206,-41.443531],[-72.359528,-41.443565],[-72.35979,-41.443531],[-72.36047,-41.44331],[-72.360865,-41.443249],[-72.360997,-41.443246],[-72.361137,-41.44327],[-72.362157,-41.443628],[-72.362556,-41.443629],[-72.362785,-41.443587],[-72.363466,-41.443255],[-72.363576,-41.443202],[-72.364523,-41.442681],[-72.36494,-41.44249],[-72.365199,-41.442444],[-72.36535,-41.44245],[-72.36631,-41.44266],[-72.367106,-41.442837],[-72.367417,-41.44287],[-72.367952,-41.442852],[-72.36828,-41.44281],[-72.369503,-41.442477],[-72.36966,-41.442428],[-72.369876,-41.442437],[-72.369891,-41.442438],[-72.37015,-41.44249],[-72.37087,-41.44285],[-72.372088,-41.443181],[-72.372447,-41.443215],[-72.373042,-41.443195],[-72.37454,-41.44281],[-72.375942,-41.442559],[-72.376118,-41.442478],[-72.37626,-41.442296],[-72.376321,-41.442032],[-72.376381,-41.44168],[-72.376557,-41.441464],[-72.376718,-41.44138],[-72.376936,-41.441329],[-72.37784,-41.44142],[-72.378261,-41.44141],[-72.3787,-41.441356],[-72.37994,-41.44109],[-72.380174,-41.441065],[-72.380497,-41.441081],[-72.380763,-41.441047],[-72.379149,-41.444789],[-72.373495,-41.44597],[-72.369779,-41.442663],[-72.364126,-41.443842],[-72.362189,-41.44833],[-72.356536,-41.449509]]]},"properties":{"comuna":"Cochamó","mancha_id":"10103-88ce85ae21fffff","clase":"Medio","nivel_medio":2.428,"nivel_medio_min":2.0,"nivel_medio_max":2.456,"pct_alto":39.5,"n_hexagonos":3,"area_ha":78.36}},{"type":"Feature","geometry":{"type":"Polygon","coordinates":[[[-72.405484,-41.443371],[-72.407418,-41.438882],[-72.41208,-41.437907],[-72.41135,-41.439],[-72.41065,-41.43942],[-72.41026,-41.43985],[-72.41026,-41.44054],[-72.4102,-41.44138],[-72.40982,-41.44214],[-72.4089,-41.44339],[-72.407821,-41.444431],[-72.407447,-41.445117],[-72.405484,-41.443371]]]},"properties":{"comuna":"Cochamó","mancha_id":"10103-88ce85ae13fffff","clase":"Medio","nivel_medio":2.296,"nivel_medio_min":2.296,"nivel_medio_max":2.296,"pct_alto":75.0,"n_hexagonos":1,"area_ha":19.57}},{"type":"Feature","geometry":{"type":"Polygon","coordinates":[[[-72.194013,-41.515898],[-72.192063,-41.520379],[-72.18641,-41.521547],[-72.182708,-41.518234],[-72.184659,-41.513753],[-72.190311,-41.512585],[-72.194013,-41.515898]]]},"properties":{"comuna":"Cochamó","mancha_id":"10103-88ce85aa29fffff","clase":"Medio","nivel_medio":1.504,"nivel_medio_min":1.504,"nivel_medio_max":1.504,"pct_alto":1.1,"n_hexagonos":1,"area_ha":64.11}},{"type":"Feature","geometry":{"type":"Polygon","coordinates":[[[-72.11987,-41.46193],[-72.117918,-41.466407],[-72.112274,-41.467572],[-72.108584,-41.46426],[-72.110537,-41.459784],[-72.11618,-41.458619],[-72.11987,-41.46193]]]},"properties":{"comuna":"Cochamó","mancha_id":"10103-88ce85a96bfffff","clase":"Medio","nivel_medio":1.517,"nivel_medio_min":1.517,"nivel_medio_max":1.517,"pct_alto":0.0,"n_hexagonos":1,"area_ha":63.99}},{"type":"Feature","geometry":{"type":"Polygon","coordinates":[[[-72.136801,-41.458432],[-72.13485,-41.462909],[-72.138543,-41.46622],[-72.136591,-41.470698],[-72.140285,-41.474009],[-72.138333,-41.478487],[-72.142028,-41.481799],[-72.140076,-41.486277],[-72.134429,-41.487443],[-72.132476,-41.49192],[-72.136171,-41.495233],[-72.134218,-41.499711],[-72.12857,-41.500876],[-72.126617,-41.505354],[-72.130312,-41.508667],[-72.135961,-41.507502],[-72.137914,-41.503023],[-72.143563,-41.501858],[-72.145515,-41.497379],[-72.151163,-41.496213],[-72.153115,-41.491734],[-72.158763,-41.490567],[-72.160714,-41.486088],[-72.166362,-41.484921],[-72.17006,-41.488233],[-72.16811,-41.492712],[-72.162461,-41.493879],[-72.16051,-41.498358],[-72.154861,-41.499525],[-72.152909,-41.504004],[-72.147259,-41.50517],[-72.145307,-41.509649],[-72.149004,-41.512962],[-72.147052,-41.517441],[-72.141401,-41.518606],[-72.137704,-41.515293],[-72.132054,-41.516458],[-72.128358,-41.513145],[-72.122709,-41.514309],[-72.119015,-41.510996],[-72.120969,-41.506518],[-72.117275,-41.503205],[-72.119229,-41.498728],[-72.124876,-41.497563],[-72.126829,-41.493086],[-72.123136,-41.489773],[-72.117489,-41.490938],[-72.115535,-41.495415],[-72.109889,-41.49658],[-72.106197,-41.493267],[-72.108151,-41.48879],[-72.113797,-41.487626],[-72.11575,-41.483149],[-72.121396,-41.481984],[-72.123349,-41.477507],[-72.128994,-41.476341],[-72.130946,-41.471864],[-72.127254,-41.468552],[-72.129206,-41.464075],[-72.125514,-41.460764],[-72.127466,-41.456287],[-72.133109,-41.455121],[-72.136801,-41.458432]]]},"properties":{"comuna":"Cochamó","mancha_id":"10103-88ce85a909fffff","clase":"Medio","nivel_medio":1.696,"nivel_medio_min":1.519,"nivel_medio_max":1.866,"pct_alto":2.2,"n_hexagonos":17,"area_ha":1088.48}},{"type":"Feature","geometry":{"type":"Polygon","coordinates":[[[-72.216212,-41.417526],[-72.212515,-41.414218],[-72.213421,-41.41213],[-72.216191,-41.412578],[-72.219296,-41.413167],[-72.22242,-41.41401],[-72.222829,-41.414111],[-72.221856,-41.416354],[-72.216212,-41.417526]]]},"properties":{"comuna":"Cochamó","mancha_id":"10103-88ce85a8a5fffff","clase":"Medio","nivel_medio":1.779,"nivel_medio_min":1.779,"nivel_medio_max":1.779,"pct_alto":0.0,"n_hexagonos":1,"area_ha":32.3}},{"type":"Feature","geometry":{"type":"Polygon","coordinates":[[[-72.29067,-41.589771],[-72.288723,-41.594257],[-72.283058,-41.595429],[-72.27934,-41.592114],[-72.281288,-41.587628],[-72.286952,-41.586456],[-72.29067,-41.589771]]]},"properties":{"comuna":"Cochamó","mancha_id":"10103-88ce85a301fffff","clase":"Medio","nivel_medio":1.541,"nivel_medio_min":1.541,"nivel_medio_max":1.541,"pct_alto":0.0,"n_hexagonos":1,"area_ha":64.26}},{"type":"Feature","geometry":{"type":"Polygon","coordinates":[[[-72.40787,-41.557283],[-72.413537,-41.556103],[-72.41405,-41.556559],[-72.413996,-41.556818],[-72.41421,-41.55761],[-72.41442,-41.55843],[-72.414827,-41.559727],[-72.415035,-41.56038],[-72.415302,-41.561033],[-72.41571,-41.56245],[-72.415793,-41.562829],[-72.41591,-41.56336],[-72.415814,-41.564338],[-72.415328,-41.563907],[-72.40966,-41.565086],[-72.405932,-41.561774],[-72.40787,-41.557283]]]},"properties":{"comuna":"Cochamó","mancha_id":"10103-88ce85a283fffff","clase":"Medio","nivel_medio":2.468,"nivel_medio_min":2.0,"nivel_medio_max":2.472,"pct_alto":46.8,"n_hexagonos":2,"area_ha":57.35}},{"type":"Feature","geometry":{"type":"Polygon","coordinates":[[[-72.32238,-41.611803],[-72.320435,-41.616291],[-72.324158,-41.619607],[-72.322212,-41.624095],[-72.32466,-41.626275],[-72.32464,-41.62628],[-72.32457,-41.62631],[-72.3245,-41.62638],[-72.32444,-41.62644],[-72.3244,-41.62658],[-72.32436,-41.62663],[-72.32436,-41.62672],[-72.32442,-41.62687],[-72.32446,-41.627025],[-72.32441,-41.62708],[-72.32433,-41.62715],[-72.3242,-41.62714],[-72.324107,-41.627063],[-72.32401,-41.62693],[-72.32394,-41.62688],[-72.3239,-41.62683],[-72.32381,-41.62679],[-72.32374,-41.62681],[-72.32362,-41.626895],[-72.32355,-41.62699],[-72.32356,-41.62706],[-72.32371,-41.62721],[-72.32386,-41.62735],[-72.32394,-41.62747],[-72.32391,-41.62774],[-72.32373,-41.62782],[-72.32356,-41.62786],[-72.323475,-41.6279],[-72.32343,-41.628],[-72.32342,-41.62814],[-72.3234,-41.62828],[-72.32335,-41.62842],[-72.32328,-41.62856],[-72.32316,-41.62873],[-72.32303,-41.62872],[-72.32297,-41.6287],[-72.32285,-41.62869],[-72.32269,-41.6287],[-72.32264,-41.62876],[-72.32256,-41.6289],[-72.3225,-41.62904],[-72.32248,-41.62918],[-72.32251,-41.62932],[-72.32258,-41.62947],[-72.32267,-41.62961],[-72.32271,-41.62975],[-72.3227,-41.63004],[-72.32272,-41.63019],[-72.32277,-41.63026],[-72.32281,-41.63032],[-72.32296,-41.63041],[-72.323167,-41.630487],[-72.32331,-41.63056],[-72.32337,-41.63062],[-72.32336,-41.63072],[-72.32334,-41.630875],[-72.32364,-41.63091],[-72.32375,-41.63095],[-72.32381,-41.631035],[-72.32392,-41.63122],[-72.32403,-41.63156],[-72.324087,-41.631675],[-72.32399,-41.6319],[-72.318319,-41.633072],[-72.316373,-41.63756],[-72.319949,-41.640745],[-72.31978,-41.64091],[-72.319085,-41.641585],[-72.31903,-41.64165],[-72.31895,-41.64172],[-72.31884,-41.64187],[-72.31875,-41.64199],[-72.31869,-41.6421],[-72.3186,-41.64221],[-72.31847,-41.64236],[-72.3184,-41.64245],[-72.31829,-41.64259],[-72.31822,-41.64271],[-72.318125,-41.642815],[-72.318045,-41.642875],[-72.31798,-41.64289],[-72.31791,-41.64294],[-72.31777,-41.643],[-72.31765,-41.64308],[-72.31756,-41.64318],[-72.31752,-41.64326],[-72.31768,-41.64333],[-72.31775,-41.64336],[-72.31786,-41.64334],[-72.31806,-41.64328],[-72.318175,-41.643295],[-72.31821,-41.64335],[-72.31825,-41.64344],[-72.31826,-41.64356],[-72.31829,-41.64368],[-72.31827,-41.6438],[-72.31825,-41.64389],[-72.31815,-41.64402],[-72.31813,-41.64413],[-72.31818,-41.64419],[-72.318245,-41.644235],[-72.31837,-41.64432],[-72.3185,-41.64434],[-72.31855,-41.64437],[-72.318575,-41.644386],[-72.31815,-41.645365],[-72.319617,-41.646672],[-72.31961,-41.64675],[-72.31964,-41.64711],[-72.3197,-41.64735],[-72.31972,-41.64758],[-72.321338,-41.648204],[-72.321875,-41.648682],[-72.322333,-41.648588],[-72.32348,-41.64903],[-72.32374,-41.64886],[-72.32391,-41.6487],[-72.32414,-41.64851],[-72.32452,-41.64824],[-72.324806,-41.648077],[-72.326802,-41.647664],[-72.32744,-41.64778],[-72.327987,-41.6479],[-72.328094,-41.647996],[-72.32829,-41.64826],[-72.32824,-41.64877],[-72.32846,-41.64943],[-72.329,-41.64993],[-72.32923,-41.65041],[-72.32929,-41.65043],[-72.32956,-41.65097],[-72.33001,-41.65136],[-72.33053,-41.65172],[-72.330849,-41.651807],[-72.33148,-41.65198],[-72.33203,-41.65213],[-72.33296,-41.6522],[-72.33372,-41.65231],[-72.33482,-41.65278],[-72.33551,-41.6534],[-72.3357,-41.65399],[-72.33605,-41.65469],[-72.33691,-41.65527],[-72.33742,-41.65577],[-72.33768,-41.65606],[-72.33834,-41.65675],[-72.33851,-41.65711],[-72.338533,-41.657501],[-72.33854,-41.65762],[-72.33895,-41.65817],[-72.33943,-41.6586],[-72.33988,-41.65893],[-72.34019,-41.65908],[-72.34062,-41.65918],[-72.340679,-41.659195],[-72.342457,-41.660778],[-72.344464,-41.660363],[-72.34456,-41.66037],[-72.34571,-41.66058],[-72.34719,-41.66118],[-72.34869,-41.6617],[-72.34986,-41.6621],[-72.35158,-41.66282],[-72.351824,-41.663008],[-72.35249,-41.66352],[-72.35296,-41.66402],[-72.35389,-41.66495],[-72.35471,-41.66583],[-72.35503,-41.6663],[-72.35522,-41.66708],[-72.35542,-41.66825],[-72.35552,-41.66928],[-72.35592,-41.67008],[-72.356012,-41.67024],[-72.353646,-41.670729],[-72.3517,-41.67522],[-72.346023,-41.676393],[-72.344077,-41.680883],[-72.3384,-41.682055],[-72.336452,-41.686545],[-72.340182,-41.689864],[-72.34586,-41.688692],[-72.349591,-41.69201],[-72.35527,-41.690837],[-72.359002,-41.694156],[-72.357056,-41.698647],[-72.360789,-41.701965],[-72.358842,-41.706457],[-72.353162,-41.707629],[-72.349429,-41.70431],[-72.351376,-41.699819],[-72.347644,-41.696501],[-72.341966,-41.697673],[-72.338235,-41.694354],[-72.332557,-41.695526],[-72.328827,-41.692207],[-72.32315,-41.693378],[-72.319421,-41.690059],[-72.32137,-41.68557],[-72.317642,-41.682252],[-72.311966,-41.683422],[-72.30824,-41.680104],[-72.310188,-41.675615],[-72.306463,-41.672297],[-72.300788,-41.673467],[-72.298839,-41.677956],[-72.293165,-41.679126],[-72.291215,-41.683614],[-72.28554,-41.684783],[-72.283589,-41.689271],[-72.277914,-41.690439],[-72.274191,-41.68712],[-72.276142,-41.682633],[-72.272419,-41.679314],[-72.266746,-41.680482],[-72.263024,-41.677163],[-72.264976,-41.672677],[-72.261255,-41.669358],[-72.255583,-41.670526],[-72.251863,-41.667208],[-72.253815,-41.662721],[-72.250096,-41.659403],[-72.244426,-41.660571],[-72.240708,-41.657252],[-72.24266,-41.652767],[-72.238943,-41.649449],[-72.233274,-41.650616],[-72.231322,-41.655101],[-72.225653,-41.656268],[-72.221937,-41.65295],[-72.216269,-41.654116],[-72.214315,-41.6586],[-72.21803,-41.661919],[-72.216076,-41.666403],[-72.219792,-41.669722],[-72.225462,-41.668556],[-72.229179,-41.671875],[-72.227225,-41.67636],[-72.230943,-41.67968],[-72.228989,-41.684165],[-72.232708,-41.687485],[-72.23838,-41.686318],[-72.2421,-41.689638],[-72.240147,-41.694124],[-72.234473,-41.69529],[-72.230754,-41.69197],[-72.225081,-41.693136],[-72.223126,-41.697621],[-72.217453,-41.698786],[-72.215498,-41.703271],[-72.209824,-41.704436],[-72.206107,-41.701115],[-72.208063,-41.69663],[-72.204347,-41.69331],[-72.198675,-41.694474],[-72.19496,-41.691154],[-72.189288,-41.692318],[-72.185574,-41.688997],[-72.179904,-41.69016],[-72.176191,-41.68684],[-72.178148,-41.682357],[-72.174436,-41.679037],[-72.168767,-41.6802],[-72.165056,-41.67688],[-72.167013,-41.672397],[-72.163303,-41.669077],[-72.16526,-41.664595],[-72.16155,-41.661276],[-72.163507,-41.656794],[-72.169173,-41.655631],[-72.17113,-41.651148],[-72.167421,-41.64783],[-72.169377,-41.643347],[-72.175042,-41.642184],[-72.178751,-41.645502],[-72.176796,-41.649985],[-72.180506,-41.653303],[-72.186173,-41.652139],[-72.188128,-41.647656],[-72.193794,-41.646491],[-72.195749,-41.642008],[-72.201415,-41.640843],[-72.205128,-41.644161],[-72.210794,-41.642995],[-72.212748,-41.638511],[-72.209035,-41.635194],[-72.210988,-41.63071],[-72.216654,-41.629544],[-72.218606,-41.62506],[-72.224272,-41.623893],[-72.226223,-41.619408],[-72.22251,-41.616092],[-72.224462,-41.611608],[-72.230126,-41.61044],[-72.232077,-41.605956],[-72.237741,-41.604788],[-72.241455,-41.608104],[-72.239505,-41.612588],[-72.243219,-41.615905],[-72.241268,-41.620389],[-72.235603,-41.621557],[-72.233651,-41.626042],[-72.227985,-41.62721],[-72.226033,-41.631694],[-72.229748,-41.635011],[-72.235415,-41.633844],[-72.237366,-41.629359],[-72.243033,-41.628191],[-72.246749,-41.631508],[-72.244798,-41.635993],[-72.248515,-41.639311],[-72.254183,-41.638142],[-72.257901,-41.64146],[-72.25595,-41.645945],[-72.259669,-41.649263],[-72.265338,-41.648094],[-72.267289,-41.643608],[-72.26357,-41.640291],[-72.26552,-41.635805],[-72.261801,-41.632488],[-72.256133,-41.633657],[-72.252416,-41.63034],[-72.254367,-41.625854],[-72.25065,-41.622537],[-72.2526,-41.618052],[-72.258266,-41.616883],[-72.261983,-41.620199],[-72.260034,-41.624685],[-72.263751,-41.628002],[-72.269419,-41.626832],[-72.273138,-41.630149],[-72.271188,-41.634635],[-72.274908,-41.637952],[-72.280577,-41.636782],[-72.284298,-41.640099],[-72.289968,-41.638929],[-72.291916,-41.634441],[-72.297586,-41.633271],[-72.299533,-41.628783],[-72.295812,-41.625467],[-72.29776,-41.62098],[-72.303428,-41.619808],[-72.305375,-41.61532],[-72.311043,-41.614148],[-72.31299,-41.609661],[-72.309268,-41.606345],[-72.311214,-41.601858],[-72.316881,-41.600685],[-72.320603,-41.604],[-72.318658,-41.608488],[-72.32238,-41.611803]],[[-72.315863,-41.674444],[-72.31959,-41.677762],[-72.325266,-41.676591],[-72.327214,-41.672102],[-72.323486,-41.668784],[-72.317811,-41.669955],[-72.315863,-41.674444]],[[-72.308411,-41.667808],[-72.314085,-41.666638],[-72.316033,-41.662149],[-72.312308,-41.658831],[-72.306635,-41.660002],[-72.30291,-41.656685],[-72.297238,-41.657855],[-72.295289,-41.662343],[-72.289616,-41.663513],[-72.287666,-41.668001],[-72.29139,-41.671319],[-72.297064,-41.670149],[-72.299013,-41.665661],[-72.304686,-41.664491],[-72.308411,-41.667808]],[[-72.34424,-41.668585],[-72.340511,-41.665268],[-72.334836,-41.66644],[-72.332889,-41.67093],[-72.336617,-41.674247],[-72.342293,-41.673075],[-72.34424,-41.668585]],[[-72.303083,-41.644392],[-72.29936,-41.641075],[-72.293689,-41.642246],[-72.291741,-41.646733],[-72.28607,-41.647903],[-72.284121,-41.652391],[-72.287843,-41.655708],[-72.293514,-41.654538],[-72.295463,-41.65005],[-72.301135,-41.64888],[-72.303083,-41.644392]],[[-72.174638,-41.666752],[-72.180306,-41.665588],[-72.182262,-41.661105],[-72.17855,-41.657786],[-72.172884,-41.65895],[-72.170927,-41.663432],[-72.174638,-41.666752]],[[-72.191641,-41.66326],[-72.189686,-41.667744],[-72.193399,-41.671063],[-72.199068,-41.669898],[-72.201023,-41.665415],[-72.19731,-41.662096],[-72.191641,-41.66326]]]},"properties":{"comuna":"Cochamó","mancha_id":"10103-88ce85a265fffff","clase":"Medio","nivel_medio":1.917,"nivel_medio_min":1.501,"nivel_medio_max":2.443,"pct_alto":23.5,"n_hexagonos":119,"area_ha":7555.84}},{"type":"Feature","geometry":{"type":"Polygon","coordinates":[[[-72.266606,-41.562086],[-72.264658,-41.566571],[-72.258997,-41.567742],[-72.255284,-41.564428],[-72.257232,-41.559943],[-72.262892,-41.558772],[-72.266606,-41.562086]]]},"properties":{"comuna":"Cochamó","mancha_id":"10103-88ce85a14dfffff","clase":"Medio","nivel_medio":1.582,"nivel_medio_min":1.582,"nivel_medio_max":1.582,"pct_alto":1.5,"n_hexagonos":1,"area_ha":64.22}},{"type":"Feature","geometry":{"type":"Polygon","coordinates":[[[-72.278284,-41.535176],[-72.276338,-41.539661],[-72.270679,-41.540833],[-72.266967,-41.537521],[-72.268913,-41.533036],[-72.274571,-41.531864],[-72.278284,-41.535176]]]},"properties":{"comuna":"Cochamó","mancha_id":"10103-88ce85a101fffff","clase":"Medio","nivel_medio":1.611,"nivel_medio_min":1.611,"nivel_medio_max":1.611,"pct_alto":6.0,"n_hexagonos":1,"area_ha":64.22}},{"type":"Feature","geometry":{"type":"Polygon","coordinates":[[[-72.339793,-41.534028],[-72.340371,-41.534544],[-72.339306,-41.537005],[-72.33929,-41.53674],[-72.33927,-41.53658],[-72.33919,-41.53625],[-72.3392,-41.53608],[-72.33927,-41.53575],[-72.3393,-41.53559],[-72.339285,-41.535485],[-72.33921,-41.53525],[-72.33922,-41.53509],[-72.339255,-41.534985],[-72.33931,-41.53493],[-72.33934,-41.53488],[-72.33944,-41.53483],[-72.339523,-41.534773],[-72.3396,-41.53474],[-72.33965,-41.53463],[-72.33976,-41.5343],[-72.339793,-41.534028]]]},"properties":{"comuna":"Cochamó","mancha_id":"10103-88ce85a03dfffff","clase":"Medio","nivel_medio":1.591,"nivel_medio_min":1.591,"nivel_medio_max":1.591,"pct_alto":27.2,"n_hexagonos":1,"area_ha":1.4}},{"type":"Feature","geometry":{"type":"Polygon","coordinates":[[[-72.3052,-41.54039],[-72.305186,-41.540506],[-72.30518,-41.54055],[-72.30511,-41.54072],[-72.30507,-41.54088],[-72.30504,-41.54093],[-72.30502,-41.54121],[-72.3051,-41.54154],[-72.30527,-41.54204],[-72.30535,-41.54238],[-72.30535,-41.54254],[-72.3053,-41.54287],[-72.30529,-41.5432],[-72.30526,-41.54337],[-72.30521,-41.54353],[-72.30514,-41.54369],[-72.30509,-41.54386],[-72.30505,-41.54402],[-72.30499,-41.54419],[-72.30496,-41.54435],[-72.30493,-41.54452],[-72.30495,-41.54485],[-72.304966,-41.544916],[-72.304462,-41.54608],[-72.308179,-41.549393],[-72.311375,-41.54873],[-72.31142,-41.54876],[-72.311517,-41.548867],[-72.31161,-41.54896],[-72.31168,-41.54901],[-72.31175,-41.54919],[-72.31183,-41.54946],[-72.31192,-41.54954],[-72.31197,-41.54959],[-72.31209,-41.54971],[-72.31216,-41.54988],[-72.3122,-41.55005],[-72.31219,-41.55021],[-72.31216,-41.55026],[-72.31216,-41.55038],[-72.3122,-41.55054],[-72.31234,-41.55088],[-72.3124,-41.55104],[-72.31244,-41.55121],[-72.31249,-41.55154],[-72.3125,-41.55187],[-72.31239,-41.55236],[-72.3124,-41.55253],[-72.31237,-41.55269],[-72.31234,-41.55286],[-72.31228,-41.55302],[-72.3122,-41.55319],[-72.31206,-41.55335],[-72.31177,-41.55367],[-72.31154,-41.55387],[-72.3113,-41.55405],[-72.31113,-41.5542],[-72.311,-41.55436],[-72.31093,-41.55453],[-72.31091,-41.55469],[-72.3109,-41.55486],[-72.31096,-41.55502],[-72.311,-41.55519],[-72.31109,-41.55536],[-72.31113,-41.55552],[-72.31117,-41.55585],[-72.31117,-41.55602],[-72.31111,-41.55618],[-72.31101,-41.55635],[-72.31099,-41.55651],[-72.31094,-41.55668],[-72.3109,-41.55684],[-72.31084,-41.557],[-72.31084,-41.557008],[-72.309952,-41.557192],[-72.308007,-41.561679],[-72.311726,-41.564992],[-72.309781,-41.569479],[-72.3135,-41.572792],[-72.311555,-41.57728],[-72.315275,-41.580593],[-72.31333,-41.585081],[-72.317051,-41.588395],[-72.321253,-41.587525],[-72.32128,-41.58797],[-72.3213,-41.58814],[-72.321315,-41.5883],[-72.32141,-41.58847],[-72.32149,-41.5888],[-72.32155,-41.58897],[-72.32159,-41.58913],[-72.32185,-41.58964],[-72.32195,-41.5898],[-72.32203,-41.58997],[-72.32211,-41.59014],[-72.32222,-41.59031],[-72.32239,-41.59064],[-72.32249,-41.59081],[-72.32261,-41.59098],[-72.32267,-41.59114],[-72.32288,-41.59164],[-72.32294,-41.59181],[-72.32297,-41.59198],[-72.32297,-41.59214],[-72.32297,-41.59231],[-72.32324,-41.59264],[-72.32329,-41.59281],[-72.32336,-41.59298],[-72.3234,-41.59314],[-72.32345,-41.59348],[-72.32351,-41.59364],[-72.32355,-41.59381],[-72.32358,-41.59397],[-72.32358,-41.59414],[-72.32358,-41.59431],[-72.32362,-41.59447],[-72.32369,-41.59497],[-72.323741,-41.59518],[-72.318827,-41.596197],[-72.315105,-41.592883],[-72.309439,-41.594056],[-72.305719,-41.590741],[-72.307665,-41.586254],[-72.303945,-41.58294],[-72.305891,-41.578453],[-72.302172,-41.575139],[-72.304118,-41.570652],[-72.3004,-41.567339],[-72.302345,-41.562852],[-72.298628,-41.559539],[-72.292966,-41.560712],[-72.28925,-41.557398],[-72.291195,-41.552913],[-72.28748,-41.5496],[-72.28182,-41.550772],[-72.278105,-41.547459],[-72.280051,-41.542974],[-72.285711,-41.541801],[-72.287656,-41.537316],[-72.293315,-41.536143],[-72.29526,-41.531657],[-72.296101,-41.531482],[-72.29622,-41.53152],[-72.29641,-41.53154],[-72.29678,-41.53162],[-72.29697,-41.53165],[-72.297165,-41.53171],[-72.29734,-41.53171],[-72.29739,-41.53174],[-72.29753,-41.53175],[-72.29772,-41.53181],[-72.2979,-41.53185],[-72.29809,-41.5319],[-72.29828,-41.53194],[-72.29845,-41.53201],[-72.29881,-41.53227],[-72.29895,-41.53233],[-72.29907,-41.53243],[-72.29919,-41.53251],[-72.29932,-41.5326],[-72.29944,-41.53267],[-72.29981,-41.53282],[-72.29998,-41.5329],[-72.3001,-41.533],[-72.30024,-41.53307],[-72.30039,-41.53317],[-72.30055,-41.53323],[-72.300715,-41.53328],[-72.30081,-41.53331],[-72.30092,-41.53333],[-72.301,-41.53332],[-72.30111,-41.5333],[-72.30137,-41.533245],[-72.30146,-41.53321],[-72.301575,-41.53316],[-72.30175,-41.53314],[-72.30182,-41.53314],[-72.30193,-41.53318],[-72.302105,-41.533275],[-72.302165,-41.53334],[-72.30225,-41.53349],[-72.30232,-41.53359],[-72.30243,-41.533715],[-72.3026,-41.53375],[-72.30279,-41.53372],[-72.30297,-41.53365],[-72.30317,-41.53362],[-72.303245,-41.53364],[-72.30326,-41.53373],[-72.30321,-41.53384],[-72.30316,-41.53399],[-72.3031,-41.53411],[-72.30312,-41.53424],[-72.303175,-41.534315],[-72.303265,-41.534375],[-72.30337,-41.53449],[-72.30351,-41.5346],[-72.30359,-41.5346],[-72.30363,-41.53465],[-72.30369,-41.53465],[-72.30388,-41.53469],[-72.30407,-41.53474],[-72.30413,-41.53477],[-72.304196,-41.534806],[-72.30424,-41.53483],[-72.30439,-41.53493],[-72.30453,-41.53502],[-72.30468,-41.535115],[-72.30471,-41.53523],[-72.30469,-41.53535],[-72.304695,-41.53556],[-72.30483,-41.53568],[-72.30495,-41.53583],[-72.30493,-41.535925],[-72.3049,-41.53599],[-72.30485,-41.53606],[-72.30473,-41.53615],[-72.30479,-41.53634],[-72.30483,-41.53641],[-72.30488,-41.53645],[-72.30492,-41.5365],[-72.30498,-41.53665],[-72.30499,-41.53672],[-72.30496,-41.53677],[-72.30487,-41.53691],[-72.30481,-41.53696],[-72.30474,-41.53702],[-72.30467,-41.53719],[-72.30463,-41.53747],[-72.30466,-41.53761],[-72.3047,-41.53773],[-72.3048,-41.53821],[-72.30485,-41.53833],[-72.30484,-41.53844],[-72.3048,-41.53855],[-72.30473,-41.53872],[-72.30473,-41.53887],[-72.30481,-41.539015],[-72.30485,-41.53907],[-72.304885,-41.53912],[-72.30498,-41.53924],[-72.3051,-41.53942],[-72.30516,-41.53954],[-72.30518,-41.53966],[-72.30519,-41.53983],[-72.3052,-41.54004],[-72.30521,-41.54022],[-72.3052,-41.54039]]]},"properties":{"comuna":"Cochamó","mancha_id":"10103-88ce85a025fffff","clase":"Medio","nivel_medio":2.026,"nivel_medio_min":1.501,"nivel_medio_max":2.338,"pct_alto":27.8,"n_hexagonos":15,"area_ha":840.59}},{"type":"Feature","geometry":{"type":"Polygon","coordinates":[[[-72.344878,-41.549946],[-72.349591,-41.548967],[-72.351533,-41.544479],[-72.347811,-41.541167],[-72.349753,-41.536679],[-72.355415,-41.535502],[-72.357355,-41.531014],[-72.353635,-41.527703],[-72.355575,-41.523215],[-72.361236,-41.522037],[-72.363176,-41.517549],[-72.359455,-41.514238],[-72.361395,-41.50975],[-72.357675,-41.50644],[-72.352016,-41.507618],[-72.348298,-41.504307],[-72.350238,-41.49982],[-72.34652,-41.49651],[-72.340862,-41.497687],[-72.337146,-41.494377],[-72.339086,-41.48989],[-72.344742,-41.488713],[-72.346682,-41.484226],[-72.342966,-41.480917],[-72.33731,-41.482094],[-72.333595,-41.478785],[-72.335535,-41.474298],[-72.33182,-41.470989],[-72.33376,-41.466503],[-72.330046,-41.463195],[-72.331986,-41.458709],[-72.337639,-41.457531],[-72.339577,-41.453045],[-72.34523,-41.451867],[-72.348945,-41.455174],[-72.354598,-41.453996],[-72.358314,-41.457304],[-72.363968,-41.456124],[-72.365905,-41.451637],[-72.371559,-41.450457],[-72.375276,-41.453765],[-72.38093,-41.452585],[-72.384649,-41.455892],[-72.390304,-41.454711],[-72.392239,-41.450223],[-72.397894,-41.449042],[-72.401614,-41.452349],[-72.399679,-41.456838],[-72.394023,-41.458019],[-72.392088,-41.462508],[-72.386432,-41.463688],[-72.384495,-41.468177],[-72.387383,-41.470745],[-72.38736,-41.47076],[-72.38603,-41.47159],[-72.38513,-41.47238],[-72.38438,-41.47303],[-72.3836,-41.47369],[-72.38297,-41.47442],[-72.38241,-41.47532],[-72.38222,-41.47644],[-72.382159,-41.476833],[-72.38213,-41.47702],[-72.38219,-41.47782],[-72.382,-41.47841],[-72.38109,-41.47914],[-72.38035,-41.47967],[-72.37925,-41.48035],[-72.379236,-41.480363],[-72.37842,-41.48112],[-72.37795,-41.48175],[-72.377934,-41.481798],[-72.3778,-41.4822],[-72.37776,-41.48276],[-72.37768,-41.48346],[-72.37787,-41.48424],[-72.37794,-41.48501],[-72.37809,-41.48552],[-72.37835,-41.48663],[-72.37844,-41.48746],[-72.37901,-41.48874],[-72.379125,-41.489719],[-72.37918,-41.49019],[-72.37897,-41.49104],[-72.37856,-41.49183],[-72.37822,-41.49236],[-72.37738,-41.49329],[-72.37708,-41.49394],[-72.37715,-41.49473],[-72.37754,-41.49546],[-72.37776,-41.49616],[-72.37782,-41.49654],[-72.37789,-41.49734],[-72.378255,-41.498042],[-72.37827,-41.498067],[-72.378671,-41.498754],[-72.379116,-41.499289],[-72.379583,-41.499801],[-72.379887,-41.5],[-72.380303,-41.500272],[-72.381543,-41.500818],[-72.382784,-41.50119],[-72.383751,-41.501513],[-72.384496,-41.502059],[-72.38515,-41.502451],[-72.38524,-41.502505],[-72.385686,-41.503001],[-72.386133,-41.503671],[-72.386331,-41.504366],[-72.386406,-41.505061],[-72.386381,-41.50578],[-72.386257,-41.506896],[-72.386219,-41.506978],[-72.385835,-41.50779],[-72.385116,-41.508881],[-72.384372,-41.5097],[-72.383478,-41.510246],[-72.382684,-41.510568],[-72.382039,-41.510767],[-72.38169,-41.51129],[-72.38313,-41.51322],[-72.383173,-41.513386],[-72.380158,-41.514014],[-72.378219,-41.518503],[-72.381942,-41.521813],[-72.380003,-41.526303],[-72.374341,-41.527481],[-72.370619,-41.52417],[-72.364957,-41.525348],[-72.363017,-41.529837],[-72.366739,-41.533148],[-72.372401,-41.53197],[-72.376124,-41.535281],[-72.381788,-41.534103],[-72.383727,-41.529613],[-72.389389,-41.528435],[-72.390101,-41.526787],[-72.39041,-41.52688],[-72.39106,-41.52726],[-72.39165,-41.52764],[-72.39241,-41.52815],[-72.39311,-41.5288],[-72.393157,-41.529419],[-72.39282,-41.52997],[-72.392014,-41.530768],[-72.39188,-41.5309],[-72.39105,-41.53162],[-72.39061,-41.5326],[-72.39026,-41.53368],[-72.39021,-41.53503],[-72.39047,-41.53613],[-72.390632,-41.536349],[-72.39132,-41.53728],[-72.39219,-41.53825],[-72.39254,-41.53852],[-72.393014,-41.539527],[-72.393263,-41.540457],[-72.393294,-41.541233],[-72.39334,-41.54241],[-72.39331,-41.543231],[-72.393294,-41.543683],[-72.393028,-41.544095],[-72.392673,-41.544644],[-72.391929,-41.545264],[-72.391278,-41.545915],[-72.390782,-41.546567],[-72.390472,-41.547218],[-72.390534,-41.547776],[-72.390751,-41.548272],[-72.391123,-41.548644],[-72.391867,-41.549172],[-72.392797,-41.549668],[-72.3944,-41.55073],[-72.3948,-41.55108],[-72.39479,-41.55151],[-72.394827,-41.551658],[-72.394908,-41.551979],[-72.394908,-41.55198],[-72.394749,-41.551838],[-72.389084,-41.553017],[-72.385358,-41.549705],[-72.387298,-41.545215],[-72.383573,-41.541904],[-72.377909,-41.543082],[-72.375969,-41.547571],[-72.379693,-41.550883],[-72.377753,-41.555373],[-72.381479,-41.558685],[-72.387144,-41.557507],[-72.390871,-41.560819],[-72.388931,-41.565309],[-72.383264,-41.566487],[-72.381324,-41.570977],[-72.385051,-41.57429],[-72.390718,-41.573112],[-72.394446,-41.576425],[-72.400114,-41.575247],[-72.403843,-41.578559],[-72.409512,-41.577381],[-72.411451,-41.572889],[-72.41322,-41.572521],[-72.413254,-41.572729],[-72.413372,-41.57356],[-72.41398,-41.57452],[-72.41478,-41.57523],[-72.41607,-41.57617],[-72.41725,-41.57683],[-72.418481,-41.5772],[-72.419755,-41.577561],[-72.418912,-41.579514],[-72.413243,-41.580693],[-72.411303,-41.585185],[-72.405634,-41.586364],[-72.403694,-41.590855],[-72.398024,-41.592033],[-72.394295,-41.58872],[-72.388625,-41.589897],[-72.386684,-41.594388],[-72.390413,-41.597702],[-72.396084,-41.596524],[-72.399814,-41.599838],[-72.405485,-41.59866],[-72.409216,-41.601974],[-72.414887,-41.600795],[-72.416827,-41.596303],[-72.422498,-41.595124],[-72.424437,-41.590632],[-72.420705,-41.587319],[-72.422643,-41.582827],[-72.428314,-41.581647],[-72.429165,-41.579674],[-72.429429,-41.579907],[-72.42988,-41.580145],[-72.43066,-41.5805],[-72.43165,-41.58115],[-72.43221,-41.58221],[-72.43271,-41.58322],[-72.43316,-41.58422],[-72.43314,-41.584732],[-72.43312,-41.58526],[-72.43278,-41.58616],[-72.43269,-41.58679],[-72.43266,-41.58765],[-72.43285,-41.58888],[-72.43319,-41.58939],[-72.433423,-41.589859],[-72.433981,-41.590293],[-72.434601,-41.590665],[-72.43536,-41.5912],[-72.43582,-41.59167],[-72.43616,-41.59217],[-72.436188,-41.592277],[-72.436524,-41.59358],[-72.436648,-41.594666],[-72.436803,-41.595534],[-72.43729,-41.596032],[-72.437995,-41.59626],[-72.438928,-41.596483],[-72.44008,-41.59693],[-72.44151,-41.59732],[-72.442113,-41.597529],[-72.44246,-41.59765],[-72.443108,-41.598027],[-72.443464,-41.598431],[-72.443535,-41.598882],[-72.443464,-41.599333],[-72.443227,-41.599998],[-72.44283,-41.60046],[-72.442713,-41.600637],[-72.44131,-41.599392],[-72.435637,-41.600571],[-72.433698,-41.605064],[-72.428026,-41.606244],[-72.424292,-41.60293],[-72.41862,-41.604109],[-72.41668,-41.608601],[-72.420413,-41.611915],[-72.418474,-41.616408],[-72.4128,-41.617586],[-72.41086,-41.622078],[-72.414593,-41.625393],[-72.420268,-41.624215],[-72.422207,-41.619722],[-72.427882,-41.618543],[-72.431617,-41.621857],[-72.429677,-41.626351],[-72.433413,-41.629665],[-72.439089,-41.628486],[-72.442825,-41.631801],[-72.440886,-41.636295],[-72.444624,-41.639609],[-72.442685,-41.644103],[-72.446423,-41.647419],[-72.452101,-41.646239],[-72.45404,-41.641745],[-72.450301,-41.63843],[-72.45224,-41.633936],[-72.448502,-41.630621],[-72.45044,-41.626127],[-72.456116,-41.624947],[-72.458054,-41.620453],[-72.46373,-41.619272],[-72.465667,-41.614778],[-72.461929,-41.611464],[-72.462962,-41.609067],[-72.4635,-41.6091],[-72.464718,-41.609283],[-72.46593,-41.60964],[-72.466761,-41.609925],[-72.46733,-41.61016],[-72.467687,-41.610827],[-72.46781,-41.61151],[-72.467901,-41.612537],[-72.46785,-41.6135],[-72.467779,-41.614338],[-72.46775,-41.61468],[-72.46772,-41.61531],[-72.46758,-41.61595],[-72.4673,-41.61675],[-72.467357,-41.617016],[-72.467528,-41.617263],[-72.467851,-41.617396],[-72.46865,-41.61769],[-72.47002,-41.61831],[-72.470607,-41.618806],[-72.471119,-41.619238],[-72.472012,-41.620074],[-72.472652,-41.620744],[-72.473132,-41.621328],[-72.473162,-41.621366],[-72.473145,-41.621405],[-72.467469,-41.622586],[-72.465531,-41.627081],[-72.459855,-41.628261],[-72.457917,-41.632756],[-72.461656,-41.63607],[-72.459718,-41.640565],[-72.463458,-41.64388],[-72.469136,-41.6427],[-72.472877,-41.646014],[-72.47094,-41.65051],[-72.474681,-41.653825],[-72.480361,-41.652644],[-72.484104,-41.655959],[-72.482167,-41.660455],[-72.476486,-41.661636],[-72.474548,-41.666131],[-72.478291,-41.669447],[-72.483973,-41.668267],[-72.485911,-41.66377],[-72.491592,-41.662589],[-72.495337,-41.665905],[-72.50102,-41.664723],[-72.504766,-41.668038],[-72.510449,-41.666857],[-72.514196,-41.670172],[-72.519879,-41.668989],[-72.523628,-41.672305],[-72.529312,-41.671122],[-72.533061,-41.674437],[-72.531126,-41.678935],[-72.534876,-41.682251],[-72.540562,-41.681068],[-72.544314,-41.684383],[-72.55,-41.683199],[-72.551934,-41.6787],[-72.55762,-41.677516],[-72.561373,-41.680831],[-72.55944,-41.68533],[-72.563194,-41.688646],[-72.568881,-41.687461],[-72.572636,-41.690777],[-72.578325,-41.689591],[-72.582081,-41.692907],[-72.580148,-41.697408],[-72.583905,-41.700723],[-72.589594,-41.699538],[-72.593352,-41.702853],[-72.599043,-41.701667],[-72.602802,-41.704983],[-72.608493,-41.703796],[-72.612254,-41.707112],[-72.617946,-41.705925],[-72.619876,-41.701422],[-72.625568,-41.700235],[-72.627498,-41.695732],[-72.633189,-41.694544],[-72.636952,-41.697858],[-72.642644,-41.69667],[-72.642839,-41.696215],[-72.643496,-41.696105],[-72.644519,-41.695795],[-72.645481,-41.695454],[-72.646101,-41.695361],[-72.646814,-41.695175],[-72.647466,-41.695113],[-72.648148,-41.695206],[-72.64865,-41.69518],[-72.648644,-41.695193],[-72.6485,-41.69551],[-72.64818,-41.69583],[-72.64772,-41.69616],[-72.64721,-41.69645],[-72.64696,-41.69663],[-72.64679,-41.69686],[-72.64656,-41.69709],[-72.64618,-41.69732],[-72.64567,-41.69752],[-72.6453,-41.69767],[-72.64513,-41.69781],[-72.64497,-41.69803],[-72.64482,-41.69817],[-72.64461,-41.6983],[-72.644535,-41.698336],[-72.64442,-41.69839],[-72.64422,-41.69839],[-72.644,-41.69841],[-72.64381,-41.69839],[-72.64361,-41.69841],[-72.64341,-41.69854],[-72.64332,-41.69866],[-72.64327,-41.69886],[-72.64309,-41.69903],[-72.64285,-41.69912],[-72.64263,-41.69922],[-72.64248,-41.69942],[-72.64241,-41.69965],[-72.64231,-41.69984],[-72.64216,-41.7],[-72.64193,-41.7001],[-72.64168,-41.70018],[-72.64132,-41.70021],[-72.64105,-41.7002],[-72.64081,-41.70016],[-72.64027,-41.70006],[-72.63985,-41.70008],[-72.63948,-41.7001],[-72.63917,-41.70013],[-72.63847,-41.70012],[-72.63829,-41.69995],[-72.63812,-41.69988],[-72.63776,-41.69989],[-72.63758,-41.69988],[-72.63739,-41.69989],[-72.637205,-41.699885],[-72.63682,-41.69977],[-72.6367,-41.6996],[-72.6366,-41.69946],[-72.63644,-41.69933],[-72.636327,-41.699317],[-72.63626,-41.69931],[-72.636,-41.69933],[-72.63583,-41.69942],[-72.63576,-41.69945],[-72.6357,-41.69958],[-72.63567,-41.69977],[-72.63573,-41.70003],[-72.63581,-41.70039],[-72.63563,-41.70079],[-72.63536,-41.70113],[-72.6351,-41.70151],[-72.63487,-41.70177],[-72.634465,-41.702075],[-72.63441,-41.70216],[-72.63438,-41.70223],[-72.63434,-41.7025],[-72.63434,-41.702504],[-72.63436,-41.7027],[-72.63419,-41.70292],[-72.6338,-41.70317],[-72.6333,-41.70335],[-72.63297,-41.70348],[-72.6329,-41.70354],[-72.632845,-41.703585],[-72.63269,-41.70381],[-72.63249,-41.70432],[-72.63246,-41.70458],[-72.63234,-41.70489],[-72.63214,-41.70519],[-72.63182,-41.70554],[-72.63164,-41.70575],[-72.63124,-41.7061],[-72.63104,-41.70621],[-72.63069,-41.70628],[-72.6302,-41.70638],[-72.62977,-41.70642],[-72.62944,-41.70639],[-72.62911,-41.70636],[-72.62882,-41.70634],[-72.62857,-41.70633],[-72.62845,-41.70636],[-72.62837,-41.706463],[-72.62836,-41.70655],[-72.62844,-41.70663],[-72.62855,-41.70673],[-72.62858,-41.70687],[-72.62853,-41.70706],[-72.62839,-41.70721],[-72.62812,-41.70736],[-72.62772,-41.7075],[-72.627625,-41.707527],[-72.62744,-41.70758],[-72.62705,-41.70761],[-72.62667,-41.70763],[-72.62629,-41.70763],[-72.62594,-41.70761],[-72.62569,-41.70751],[-72.62526,-41.70744],[-72.62479,-41.7074],[-72.62444,-41.70739],[-72.62408,-41.70748],[-72.62363,-41.7076],[-72.62328,-41.70763],[-72.62293,-41.70767],[-72.62263,-41.70772],[-72.62224,-41.70787],[-72.62196,-41.70799],[-72.6217,-41.70802],[-72.62121,-41.70807],[-72.6205,-41.70806],[-72.620345,-41.70804],[-72.62019,-41.70802],[-72.61987,-41.70794],[-72.6196,-41.70785],[-72.61931,-41.70776],[-72.61901,-41.70773],[-72.61867,-41.70774],[-72.61842,-41.70784],[-72.61824,-41.70798],[-72.618,-41.7082],[-72.61759,-41.70843],[-72.6172,-41.70855],[-72.61671,-41.70863],[-72.61648,-41.70863],[-72.61617,-41.70866],[-72.61599,-41.70874],[-72.61588,-41.70888],[-72.61581,-41.7091],[-72.61567,-41.70943],[-72.61542,-41.70973],[-72.61524,-41.70986],[-72.61505,-41.70993],[-72.61485,-41.70999],[-72.61452,-41.70999],[-72.61382,-41.71003],[-72.6134,-41.70997],[-72.61303,-41.70992],[-72.6127,-41.70988],[-72.61239,-41.70979],[-72.61208,-41.70971],[-72.61163,-41.70962],[-72.61128,-41.70958],[-72.611197,-41.709576],[-72.61089,-41.70956],[-72.61049,-41.70956],[-72.60979,-41.70961],[-72.60939,-41.70969],[-72.60899,-41.70981],[-72.60868,-41.70993],[-72.60846,-41.71003],[-72.60818,-41.71007],[-72.60776,-41.71007],[-72.60746,-41.71],[-72.60716,-41.70984],[-72.6068,-41.7096],[-72.60656,-41.70952],[-72.60625,-41.7095],[-72.606,-41.70946],[-72.6058,-41.70937],[-72.60556,-41.70921],[-72.60544,-41.70918],[-72.60525,-41.7092],[-72.60512,-41.70928],[-72.60494,-41.70936],[-72.60471,-41.70947],[-72.60461,-41.70957],[-72.60443,-41.70976],[-72.6043,-41.70987],[-72.60422,-41.70992],[-72.60395,-41.70997],[-72.60385,-41.70996],[-72.60368,-41.70984],[-72.60348,-41.70973],[-72.60327,-41.70968],[-72.60303,-41.70968],[-72.60284,-41.70976],[-72.60264,-41.70986],[-72.60244,-41.70994],[-72.60215,-41.71002],[-72.60196,-41.71004],[-72.601529,-41.710066],[-72.60087,-41.709485],[-72.599943,-41.709678],[-72.59982,-41.70962],[-72.59873,-41.7089],[-72.59827,-41.70861],[-72.59811,-41.70851],[-72.59781,-41.70842],[-72.59768,-41.7084],[-72.59761,-41.7084],[-72.59753,-41.70855],[-72.59756,-41.70873],[-72.59759,-41.70895],[-72.59754,-41.70908],[-72.59734,-41.70925],[-72.59735,-41.70931],[-72.59743,-41.7094],[-72.59756,-41.70949],[-72.59768,-41.70955],[-72.59771,-41.70966],[-72.59766,-41.70976],[-72.59757,-41.70983],[-72.59735,-41.70989],[-72.59716,-41.70989],[-72.59702,-41.70992],[-72.59696,-41.70997],[-72.59672,-41.71003],[-72.59661,-41.71003],[-72.59649,-41.71],[-72.59636,-41.70992],[-72.59626,-41.7098],[-72.59619,-41.70962],[-72.59606,-41.70947],[-72.59586,-41.70944],[-72.59567,-41.70941],[-72.59549,-41.70938],[-72.59533,-41.70937],[-72.5952,-41.70942],[-72.5951,-41.70958],[-72.5951,-41.70967],[-72.59511,-41.70979],[-72.59512,-41.70998],[-72.59511,-41.71008],[-72.59504,-41.7102],[-72.59492,-41.71025],[-72.59481,-41.71024],[-72.594613,-41.710172],[-72.59452,-41.71014],[-72.59427,-41.71008],[-72.59365,-41.70994],[-72.59346,-41.70988],[-72.5933,-41.70987],[-72.59318,-41.70991],[-72.59313,-41.71],[-72.59309,-41.71007],[-72.5931,-41.71024],[-72.59322,-41.7104],[-72.59326,-41.71056],[-72.59318,-41.71068],[-72.59306,-41.71078],[-72.59298,-41.71089],[-72.592965,-41.711015],[-72.59297,-41.71111],[-72.5931,-41.71123],[-72.59345,-41.71131],[-72.59358,-41.71141],[-72.59361,-41.71161],[-72.59357,-41.71175],[-72.59347,-41.71186],[-72.59334,-41.7119],[-72.59309,-41.71191],[-72.59285,-41.71189],[-72.59269,-41.71184],[-72.59249,-41.71179],[-72.59233,-41.71181],[-72.59229,-41.71194],[-72.59228,-41.71214],[-72.59224,-41.71226],[-72.59211,-41.71232],[-72.59193,-41.71234],[-72.59165,-41.71236],[-72.59124,-41.71235],[-72.59104,-41.71229],[-72.59082,-41.71223],[-72.59067,-41.71216],[-72.59044,-41.71212],[-72.59031,-41.7121],[-72.59015,-41.7121],[-72.58998,-41.71221],[-72.58988,-41.71236],[-72.58975,-41.71249],[-72.58954,-41.71255],[-72.58919,-41.71254],[-72.58894,-41.71254],[-72.58883,-41.71255],[-72.58851,-41.71262],[-72.58828,-41.71266],[-72.58804,-41.71266],[-72.58774,-41.71257],[-72.58746,-41.7125],[-72.58732,-41.71245],[-72.58711,-41.71243],[-72.58684,-41.71248],[-72.5866,-41.71258],[-72.5864,-41.71267],[-72.58621,-41.7127],[-72.58597,-41.71272],[-72.58557,-41.71272],[-72.58535,-41.71272],[-72.58515,-41.71276],[-72.5849,-41.71285],[-72.58465,-41.71305],[-72.58445,-41.71325],[-72.58425,-41.71339],[-72.584211,-41.713408],[-72.583796,-41.713042],[-72.582463,-41.713319],[-72.58244,-41.71318],[-72.58238,-41.71298],[-72.58229,-41.71285],[-72.582185,-41.71277],[-72.582,-41.71274],[-72.58186,-41.71277],[-72.58175,-41.71286],[-72.58159,-41.71287],[-72.58148,-41.71287],[-72.58132,-41.71284],[-72.58119,-41.71287],[-72.58114,-41.713],[-72.58118,-41.71311],[-72.5813,-41.7132],[-72.58136,-41.71321],[-72.58146,-41.71324],[-72.58173,-41.71325],[-72.58193,-41.71334],[-72.581946,-41.713427],[-72.580715,-41.713683],[-72.58052,-41.71367],[-72.5802,-41.71365],[-72.57995,-41.71359],[-72.57973,-41.71347],[-72.57955,-41.7133],[-72.57939,-41.71314],[-72.57904,-41.71307],[-72.57887,-41.71302],[-72.57867,-41.71294],[-72.57851,-41.71283],[-72.57837,-41.71271],[-72.57815,-41.71263],[-72.57783,-41.71256],[-72.57767,-41.712555],[-72.5775,-41.71261],[-72.57745,-41.71274],[-72.57737,-41.71285],[-72.5772,-41.71291],[-72.57698,-41.7129],[-72.57682,-41.71281],[-72.57669,-41.71266],[-72.57661,-41.71258],[-72.57654,-41.71252],[-72.57643,-41.71246],[-72.57634,-41.71249],[-72.576232,-41.712573],[-72.574348,-41.71091],[-72.568657,-41.712095],[-72.564901,-41.708778],[-72.566835,-41.704278],[-72.56308,-41.700962],[-72.557391,-41.702146],[-72.553637,-41.69883],[-72.555572,-41.69433],[-72.551818,-41.691014],[-72.546131,-41.692198],[-72.542379,-41.688882],[-72.536692,-41.690065],[-72.532941,-41.68675],[-72.527255,-41.687932],[-72.525319,-41.692431],[-72.519772,-41.693584],[-72.51972,-41.69351],[-72.51945,-41.69309],[-72.51904,-41.69264],[-72.51868,-41.69217],[-72.5184,-41.69176],[-72.51824,-41.69137],[-72.51808,-41.69099],[-72.51796,-41.69067],[-72.51771,-41.69027],[-72.51749,-41.68993],[-72.51745,-41.68984],[-72.51737,-41.68964],[-72.51737,-41.68939],[-72.5168,-41.68905],[-72.51664,-41.68917],[-72.51643,-41.6893],[-72.516308,-41.689311],[-72.51621,-41.68932],[-72.51614,-41.68932],[-72.516,-41.68932],[-72.51575,-41.68926],[-72.5155,-41.68912],[-72.51524,-41.68896],[-72.5149,-41.6888],[-72.51454,-41.68862],[-72.51424,-41.68836],[-72.51396,-41.68815],[-72.51362,-41.68784],[-72.51348,-41.68763],[-72.51334,-41.6873],[-72.51324,-41.687],[-72.51316,-41.6868],[-72.51308,-41.68665],[-72.51291,-41.68656],[-72.512795,-41.68655],[-72.51262,-41.68666],[-72.51249,-41.68686],[-72.51241,-41.68696],[-72.51223,-41.687],[-72.51202,-41.687],[-72.51184,-41.68698],[-72.51163,-41.68692],[-72.51144,-41.6869],[-72.51127,-41.68693],[-72.51121,-41.68697],[-72.51118,-41.6871],[-72.51111,-41.68723],[-72.51098,-41.68732],[-72.51086,-41.68738],[-72.5108,-41.68749],[-72.51083,-41.68763],[-72.51087,-41.68773],[-72.51079,-41.68792],[-72.51051,-41.68809],[-72.51015,-41.68815],[-72.50984,-41.68825],[-72.50959,-41.68836],[-72.50902,-41.68854],[-72.50862,-41.688645],[-72.50828,-41.68873],[-72.50799,-41.6888],[-72.5078,-41.68894],[-72.50773,-41.68907],[-72.50777,-41.68922],[-72.50798,-41.6894],[-72.50809,-41.68954],[-72.5081,-41.689622],[-72.50811,-41.68971],[-72.50798,-41.68982],[-72.50773,-41.68981],[-72.50759,-41.68971],[-72.50741,-41.68962],[-72.50713,-41.68965],[-72.50704,-41.68978],[-72.50687,-41.68981],[-72.50664,-41.68978],[-72.50657,-41.6898],[-72.50652,-41.68993],[-72.50655,-41.69005],[-72.50651,-41.69023],[-72.50617,-41.69035],[-72.50595,-41.69038],[-72.50583,-41.69038],[-72.50546,-41.69033],[-72.50501,-41.69037],[-72.50468,-41.69045],[-72.50442,-41.69065],[-72.50405,-41.69077],[-72.50369,-41.69082],[-72.50323,-41.69074],[-72.50298,-41.69069],[-72.50258,-41.69065],[-72.50245,-41.69068],[-72.50221,-41.69078],[-72.50193,-41.69082],[-72.50148,-41.6909],[-72.50126,-41.69094],[-72.50104,-41.69092],[-72.50066,-41.69091],[-72.50047,-41.69088],[-72.500105,-41.690873],[-72.500764,-41.689343],[-72.506449,-41.688162],[-72.508386,-41.683664],[-72.504639,-41.680349],[-72.498955,-41.68153],[-72.497017,-41.686027],[-72.491333,-41.687208],[-72.490531,-41.689069],[-72.49044,-41.68909],[-72.49035,-41.6891],[-72.49021,-41.68912],[-72.49005,-41.68912],[-72.48999,-41.6891],[-72.4898,-41.68907],[-72.48962,-41.68902],[-72.48944,-41.68894],[-72.48927,-41.68889],[-72.48909,-41.68884],[-72.4889,-41.68881],[-72.48871,-41.68881],[-72.48852,-41.68879],[-72.48833,-41.68876],[-72.48815,-41.68872],[-72.48758,-41.68864],[-72.4874,-41.68859],[-72.48724,-41.68852],[-72.48708,-41.68847],[-72.48652,-41.68831],[-72.48634,-41.68827],[-72.48615,-41.68826],[-72.48605,-41.68825],[-72.48596,-41.68828],[-72.48583,-41.68827],[-72.48574,-41.68823],[-72.48555,-41.68818],[-72.48537,-41.68812],[-72.48499,-41.68802],[-72.48482,-41.68794],[-72.48465,-41.68786],[-72.4845,-41.68778],[-72.48434,-41.68772],[-72.48419,-41.68763],[-72.48403,-41.68756],[-72.48386,-41.68747],[-72.48352,-41.68732],[-72.48335,-41.68724],[-72.48321,-41.68714],[-72.48308,-41.68705],[-72.48296,-41.686965],[-72.4828,-41.68686],[-72.48261,-41.68677],[-72.48243,-41.68672],[-72.48235,-41.6867],[-72.482265,-41.68672],[-72.48218,-41.68673],[-72.48209,-41.68679],[-72.48207,-41.68693],[-72.48212,-41.68699],[-72.48239,-41.68728],[-72.48254,-41.68741],[-72.4826,-41.68743],[-72.48267,-41.68762],[-72.48273,-41.68792],[-72.48281,-41.68821],[-72.4829,-41.6883],[-72.48296,-41.68835],[-72.48313,-41.68846],[-72.4833,-41.68856],[-72.48352,-41.68865],[-72.48374,-41.68872],[-72.48395,-41.68879],[-72.48417,-41.68887],[-72.48422,-41.68892],[-72.48432,-41.68901],[-72.48446,-41.68916],[-72.48463,-41.68933],[-72.48476,-41.68948],[-72.4848,-41.68962],[-72.484835,-41.68992],[-72.484915,-41.69003],[-72.48506,-41.69019],[-72.48514,-41.69034],[-72.48515,-41.69048],[-72.485125,-41.69061],[-72.48492,-41.69073],[-72.48482,-41.69075],[-72.48454,-41.69075],[-72.48432,-41.69072],[-72.48413,-41.69071],[-72.48394,-41.6907],[-72.48375,-41.69071],[-72.48353,-41.69068],[-72.48334,-41.69067],[-72.48316,-41.69065],[-72.48278,-41.69064],[-72.48203,-41.69053],[-72.48165,-41.69049],[-72.48146,-41.69047],[-72.48128,-41.69042],[-72.48109,-41.69041],[-72.4809,-41.69038],[-72.480882,-41.69038],[-72.479965,-41.689568],[-72.481903,-41.685072],[-72.478158,-41.681755],[-72.480097,-41.677259],[-72.476353,-41.673943],[-72.470671,-41.675123],[-72.466928,-41.671807],[-72.461246,-41.672986],[-72.457505,-41.66967],[-72.451824,-41.670849],[-72.448083,-41.667533],[-72.442403,-41.668712],[-72.440462,-41.673206],[-72.444203,-41.676522],[-72.44513,-41.67633],[-72.44513,-41.67642],[-72.44517,-41.67658],[-72.44516,-41.67668],[-72.44504,-41.67672],[-72.44477,-41.67672],[-72.44469,-41.67673],[-72.44454,-41.67684],[-72.44432,-41.67694],[-72.4441,-41.67695],[-72.444021,-41.676944],[-72.44344,-41.6769],[-72.44322,-41.67686],[-72.44311,-41.67686],[-72.44302,-41.67691],[-72.4428,-41.67707],[-72.44276,-41.67717],[-72.44271,-41.67726],[-72.44268,-41.67739],[-72.44258,-41.67742],[-72.44238,-41.67749],[-72.44225,-41.67749],[-72.44218,-41.677455],[-72.44197,-41.67734],[-72.44186,-41.67727],[-72.44176,-41.6772],[-72.441585,-41.67713],[-72.44138,-41.67709],[-72.44116,-41.67708],[-72.441017,-41.677163],[-72.44094,-41.67721],[-72.44087,-41.67726],[-72.440815,-41.67743],[-72.4407,-41.67751],[-72.44061,-41.67752],[-72.44033,-41.67751],[-72.44026,-41.67749],[-72.44016,-41.67748],[-72.44008,-41.67741],[-72.44,-41.67738],[-72.43986,-41.67732],[-72.43968,-41.67724],[-72.439245,-41.677115],[-72.43859,-41.67696],[-72.43837,-41.67689],[-72.43815,-41.6768],[-72.43793,-41.67673],[-72.43759,-41.67653],[-72.43739,-41.67642],[-72.43719,-41.67635],[-72.43699,-41.67624],[-72.43679,-41.67614],[-72.43662,-41.67604],[-72.43645,-41.67598],[-72.43627,-41.67587],[-72.43608,-41.67578],[-72.4359,-41.67567],[-72.43576,-41.67555],[-72.43573,-41.67548],[-72.435635,-41.675378],[-72.43556,-41.67523],[-72.43549,-41.67515],[-72.43529,-41.67512],[-72.43507,-41.67508],[-72.43485,-41.67505],[-72.43463,-41.67504],[-72.434501,-41.675034],[-72.434782,-41.674384],[-72.431043,-41.671067],[-72.432984,-41.666573],[-72.429246,-41.663257],[-72.423567,-41.664435],[-72.41983,-41.661119],[-72.414151,-41.662296],[-72.412209,-41.666789],[-72.41438,-41.668715],[-72.41419,-41.66871],[-72.41398,-41.668665],[-72.41391,-41.66863],[-72.41383,-41.66859],[-72.41371,-41.66852],[-72.4136,-41.66845],[-72.41351,-41.66838],[-72.41332,-41.66829],[-72.4132,-41.66829],[-72.4131,-41.66832],[-72.41302,-41.66834],[-72.41296,-41.66838],[-72.41286,-41.668425],[-72.41269,-41.66842],[-72.41261,-41.66838],[-72.41254,-41.66833],[-72.41243,-41.66826],[-72.41232,-41.66817],[-72.41226,-41.66808],[-72.412155,-41.66793],[-72.41208,-41.66791],[-72.41202,-41.66787],[-72.41183,-41.6678],[-72.41165,-41.6677],[-72.41146,-41.66766],[-72.4114,-41.66767],[-72.41127,-41.66768],[-72.4111,-41.66764],[-72.41101,-41.66757],[-72.41094,-41.66749],[-72.41091,-41.66736],[-72.41086,-41.66731],[-72.41078,-41.66724],[-72.41063,-41.66716],[-72.41056,-41.66713],[-72.41044,-41.66708],[-72.41026,-41.66704],[-72.41007,-41.66698],[-72.409885,-41.666885],[-72.40978,-41.66684],[-72.409765,-41.666775],[-72.40975,-41.66663],[-72.40985,-41.66655],[-72.409905,-41.66653],[-72.41006,-41.66652],[-72.41025,-41.66652],[-72.41062,-41.66658],[-72.41086,-41.66655],[-72.41088,-41.66645],[-72.41073,-41.66625],[-72.41062,-41.66613],[-72.41049,-41.66601],[-72.41032,-41.6659],[-72.41026,-41.6659],[-72.41021,-41.66586],[-72.41006,-41.66576],[-72.40997,-41.66569],[-72.40987,-41.66562],[-72.40983,-41.66557],[-72.40971,-41.66542],[-72.40969,-41.66536],[-72.409745,-41.665253],[-72.40989,-41.6652],[-72.40998,-41.66518],[-72.41003,-41.66511],[-72.40998,-41.66505],[-72.4097,-41.66474],[-72.40949,-41.6646],[-72.40909,-41.66432],[-72.40897,-41.66421],[-72.40882,-41.66403],[-72.40867,-41.66391],[-72.40847,-41.66378],[-72.40834,-41.66371],[-72.40819,-41.66362],[-72.40791,-41.6634],[-72.40772,-41.66323],[-72.40763,-41.66306],[-72.40751,-41.66289],[-72.407325,-41.66273],[-72.40716,-41.66265],[-72.40691,-41.66264],[-72.40672,-41.66256],[-72.40663,-41.66253],[-72.40657,-41.66249],[-72.40643,-41.66238],[-72.406235,-41.662325],[-72.40616,-41.66236],[-72.40603,-41.66266],[-72.40604,-41.66295],[-72.40613,-41.6631],[-72.40627,-41.66322],[-72.4065,-41.66335],[-72.40694,-41.66348],[-72.40737,-41.66366],[-72.40759,-41.66376],[-72.40777,-41.66387],[-72.40795,-41.66399],[-72.40811,-41.66411],[-72.40824,-41.66426],[-72.4083,-41.66432],[-72.40833,-41.66442],[-72.4084,-41.66457],[-72.40844,-41.66471],[-72.408425,-41.66487],[-72.408295,-41.665025],[-72.40801,-41.66501],[-72.40782,-41.665],[-72.40763,-41.66496],[-72.40746,-41.66489],[-72.40734,-41.66484],[-72.40729,-41.66479],[-72.407135,-41.66471],[-72.40697,-41.6646],[-72.40685,-41.66451],[-72.40674,-41.6644],[-72.40656,-41.66425],[-72.40636,-41.66412],[-72.40624,-41.66401],[-72.40604,-41.66386],[-72.4056,-41.66351],[-72.4054,-41.66338],[-72.40529,-41.66326],[-72.40513,-41.66308],[-72.40499,-41.66293],[-72.40482,-41.66277],[-72.40469,-41.66259],[-72.40454,-41.66242],[-72.40439,-41.66227],[-72.40422,-41.6621],[-72.40402,-41.66195],[-72.40397,-41.661933],[-72.404738,-41.660156],[-72.401003,-41.65684],[-72.402945,-41.652347],[-72.399211,-41.649031],[-72.401153,-41.644539],[-72.39742,-41.641224],[-72.391745,-41.6424],[-72.389802,-41.646892],[-72.385619,-41.647758],[-72.38556,-41.64766],[-72.38547,-41.64761],[-72.38532,-41.64754],[-72.38516,-41.64745],[-72.385,-41.64734],[-72.38496,-41.64729],[-72.38491,-41.64723],[-72.38483,-41.64714],[-72.384595,-41.647],[-72.38443,-41.64696],[-72.38424,-41.64692],[-72.38405,-41.64687],[-72.38349,-41.64668],[-72.38331,-41.64661],[-72.38317,-41.64652],[-72.38305,-41.64641],[-72.38273,-41.64611],[-72.38256,-41.64592],[-72.38245,-41.64575],[-72.38224,-41.64541],[-72.38212,-41.64524],[-72.38202,-41.64508],[-72.38186,-41.64492],[-72.38173,-41.64472],[-72.3817,-41.64467],[-72.38124,-41.64437],[-72.381175,-41.64453],[-72.381075,-41.64457],[-72.38071,-41.64457],[-72.3805,-41.64453],[-72.380491,-41.644529],[-72.38034,-41.64452],[-72.38028,-41.64448],[-72.380215,-41.644455],[-72.38002,-41.6443],[-72.37987,-41.64413],[-72.3797,-41.64396],[-72.3795,-41.64379],[-72.37935,-41.64362],[-72.37927,-41.64342],[-72.37922,-41.64332],[-72.37915,-41.64325],[-72.37898,-41.64311],[-72.3789,-41.64307],[-72.37885,-41.643035],[-72.37876,-41.64298],[-72.37856,-41.6429],[-72.37835,-41.64269],[-72.37814,-41.6425],[-72.37808,-41.64244],[-72.37796,-41.64234],[-72.37786,-41.64225],[-72.37784,-41.64217],[-72.37781,-41.64195],[-72.3778,-41.64189],[-72.37775,-41.641775],[-72.37763,-41.64167],[-72.37756,-41.64161],[-72.37744,-41.64154],[-72.377335,-41.64147],[-72.37726,-41.641385],[-72.3772,-41.64121],[-72.37708,-41.64102],[-72.3769,-41.64089],[-72.37668,-41.64076],[-72.37647,-41.64065],[-72.37622,-41.64057],[-72.37603,-41.6405],[-72.37589,-41.64046],[-72.37581,-41.64045],[-72.37574,-41.64041],[-72.37563,-41.64041],[-72.37553,-41.64036],[-72.37519,-41.64021],[-72.37504,-41.64006],[-72.37486,-41.63991],[-72.37468,-41.63974],[-72.37453,-41.63957],[-72.37434,-41.63943],[-72.37416,-41.63929],[-72.37373,-41.63904],[-72.37351,-41.63893],[-72.37333,-41.63882],[-72.37307,-41.63864],[-72.37284,-41.63843],[-72.372812,-41.638401],[-72.37263,-41.63821],[-72.37243,-41.63806],[-72.3723,-41.63789],[-72.37218,-41.63772],[-72.37203,-41.63755],[-72.37191,-41.63738],[-72.371795,-41.63721],[-72.37171,-41.63713],[-72.37165,-41.63705],[-72.371593,-41.636928],[-72.37157,-41.63688],[-72.37151,-41.63671],[-72.37147,-41.63655],[-72.37145,-41.63638],[-72.37139,-41.63621],[-72.37135,-41.63605],[-72.37128,-41.63588],[-72.37119,-41.63571],[-72.37112,-41.63555],[-72.37106,-41.63538],[-72.37097,-41.63521],[-72.37082,-41.63501],[-72.37071,-41.63484],[-72.370625,-41.634775],[-72.37054,-41.6347],[-72.37048,-41.63464],[-72.3704,-41.63457],[-72.37014,-41.6345],[-72.37005,-41.63457],[-72.36997,-41.63461],[-72.36999,-41.63472],[-72.37007,-41.63489],[-72.37011,-41.63505],[-72.37017,-41.63522],[-72.3702,-41.63538],[-72.37019,-41.63546],[-72.37006,-41.63553],[-72.370031,-41.63554],[-72.37,-41.63555],[-72.36987,-41.63553],[-72.36962,-41.63532],[-72.36948,-41.63518],[-72.36928,-41.63503],[-72.3691,-41.63486],[-72.369075,-41.634831],[-72.36896,-41.6347],[-72.36888,-41.63453],[-72.36882,-41.63436],[-72.36864,-41.63403],[-72.36853,-41.63369],[-72.36844,-41.63353],[-72.36827,-41.6332],[-72.36821,-41.63314],[-72.36803,-41.63301],[-72.36781,-41.63292],[-72.36759,-41.63285],[-72.36737,-41.63279],[-72.36693,-41.63274],[-72.36672,-41.63268],[-72.36651,-41.63262],[-72.366295,-41.632493],[-72.36605,-41.63234],[-72.36589,-41.6322],[-72.36573,-41.63207],[-72.36556,-41.631895],[-72.36554,-41.63174],[-72.36558,-41.63167],[-72.36561,-41.63157],[-72.36567,-41.63141],[-72.36567,-41.63124],[-72.36578,-41.63091],[-72.36577,-41.63075],[-72.36577,-41.63069],[-72.3657,-41.63064],[-72.36568,-41.63058],[-72.36566,-41.63049],[-72.36561,-41.63046],[-72.36558,-41.63041],[-72.36545,-41.63025],[-72.36528,-41.63008],[-72.36504,-41.62974],[-72.36495,-41.62957],[-72.3649,-41.62941],[-72.36491,-41.62924],[-72.36496,-41.62908],[-72.3651,-41.62875],[-72.36514,-41.62859],[-72.36516,-41.62842],[-72.36506,-41.62776],[-72.36505,-41.62769],[-72.364851,-41.62753],[-72.367418,-41.626998],[-72.369361,-41.622508],[-72.365633,-41.619193],[-72.362658,-41.619809],[-72.3627,-41.61972],[-72.3629,-41.6194],[-72.36289,-41.61923],[-72.36288,-41.61917],[-72.36281,-41.61915],[-72.36279,-41.61909],[-72.36262,-41.61888],[-72.3626,-41.61874],[-72.3626,-41.61866],[-72.36262,-41.61856],[-72.36264,-41.6184],[-72.36268,-41.61823],[-72.36269,-41.61807],[-72.3627,-41.61783],[-72.3626,-41.61757],[-72.36233,-41.61733],[-72.36228,-41.61729],[-72.36217,-41.61721],[-72.36211,-41.61711],[-72.36208,-41.61699],[-72.36211,-41.61685],[-72.3621,-41.61671],[-72.36204,-41.61657],[-72.36197,-41.61642],[-72.36192,-41.61628],[-72.3619,-41.61614],[-72.36184,-41.61599],[-72.36175,-41.61585],[-72.36162,-41.61572],[-72.36147,-41.61558],[-72.36132,-41.61543],[-72.361255,-41.615305],[-72.36115,-41.61515],[-72.36103,-41.61472],[-72.36102,-41.61458],[-72.36104,-41.61444],[-72.36103,-41.6143],[-72.36104,-41.61416],[-72.36103,-41.61402],[-72.36103,-41.61387],[-72.36101,-41.61359],[-72.36099,-41.61345],[-72.36095,-41.61334],[-72.36082,-41.61316],[-72.36072,-41.61302],[-72.36073,-41.61288],[-72.36075,-41.61273],[-72.36074,-41.61259],[-72.36072,-41.61253],[-72.36068,-41.61247],[-72.36054,-41.61233],[-72.36042,-41.61217],[-72.360364,-41.61211],[-72.36029,-41.61203],[-72.36014,-41.61191],[-72.35997,-41.6118],[-72.35986,-41.6117],[-72.35971,-41.61156],[-72.35957,-41.61141],[-72.35946,-41.61125],[-72.35935,-41.6111],[-72.35926,-41.61093],[-72.35918,-41.61064],[-72.35913,-41.61036],[-72.35909,-41.61022],[-72.35906,-41.61007],[-72.35902,-41.60993],[-72.35901,-41.60979],[-72.35897,-41.60965],[-72.35896,-41.60951],[-72.35887,-41.60936],[-72.3588,-41.60928],[-72.35875,-41.60922],[-72.35861,-41.6091],[-72.35848,-41.60896],[-72.358345,-41.608805],[-72.35832,-41.60864],[-72.35832,-41.6085],[-72.35841,-41.608415],[-72.358465,-41.60836],[-72.35849,-41.60828],[-72.35851,-41.60822],[-72.35853,-41.60808],[-72.35852,-41.60795],[-72.35847,-41.6079],[-72.35848,-41.60782],[-72.35843,-41.60779],[-72.35834,-41.60765],[-72.35821,-41.60752],[-72.358,-41.60739],[-72.3579,-41.60738],[-72.35784,-41.60737],[-72.35765,-41.607295],[-72.35757,-41.60728],[-72.3575,-41.60722],[-72.35733,-41.60709],[-72.35722,-41.60702],[-72.357085,-41.60688],[-72.35698,-41.60672],[-72.35693,-41.60644],[-72.35681,-41.60601],[-72.356743,-41.605935],[-72.35667,-41.605865],[-72.35658,-41.60577],[-72.35646,-41.60563],[-72.35632,-41.60549],[-72.3562,-41.60533],[-72.356164,-41.605291],[-72.356394,-41.604759],[-72.355555,-41.604012],[-72.35562,-41.6039],[-72.3557,-41.60374],[-72.35572,-41.60368],[-72.35571,-41.6036],[-72.35565,-41.60345],[-72.35558,-41.60331],[-72.35547,-41.60317],[-72.35537,-41.60302],[-72.35519,-41.60274],[-72.35502,-41.60231],[-72.355,-41.60216],[-72.35488,-41.60188],[-72.3548,-41.60159],[-72.35477,-41.60145],[-72.35473,-41.60131],[-72.35472,-41.60117],[-72.35477,-41.60088],[-72.35474,-41.60074],[-72.35466,-41.60046],[-72.35463,-41.60031],[-72.35459,-41.60017],[-72.35457,-41.59989],[-72.35454,-41.59975],[-72.35453,-41.5996],[-72.35451,-41.59946],[-72.3545,-41.59932],[-72.35446,-41.59918],[-72.35438,-41.59875],[-72.35424,-41.59846],[-72.35419,-41.59832],[-72.35412,-41.59818],[-72.354102,-41.598133],[-72.354612,-41.596955],[-72.36028,-41.595779],[-72.362223,-41.59129],[-72.358497,-41.587976],[-72.353305,-41.589053],[-72.35329,-41.589],[-72.35323,-41.58871],[-72.35322,-41.58857],[-72.35318,-41.58843],[-72.35313,-41.58772],[-72.3532,-41.58729],[-72.35325,-41.58715],[-72.35333,-41.58687],[-72.35343,-41.58659],[-72.35347,-41.58645],[-72.35351,-41.58617],[-72.35352,-41.58603],[-72.35355,-41.58588],[-72.35357,-41.5856],[-72.35355,-41.58532],[-72.35356,-41.58503],[-72.353475,-41.58468],[-72.35343,-41.58461],[-72.35339,-41.58446],[-72.35337,-41.58432],[-72.35329,-41.58418],[-72.35324,-41.58403],[-72.35315,-41.58389],[-72.35315,-41.58377],[-72.35318,-41.58361],[-72.35315,-41.58347],[-72.3531,-41.58341],[-72.35306,-41.58332],[-72.35297,-41.58318],[-72.35289,-41.58289],[-72.35278,-41.58261],[-72.35275,-41.58247],[-72.35271,-41.58232],[-72.3527,-41.58218],[-72.35262,-41.58175],[-72.35263,-41.58147],[-72.35267,-41.58133],[-72.35266,-41.58119],[-72.35268,-41.58105],[-72.352683,-41.58101],[-72.35269,-41.58091],[-72.35271,-41.58076],[-72.3527,-41.58062],[-72.35271,-41.58048],[-72.35266,-41.58034],[-72.35264,-41.5802],[-72.3526,-41.58005],[-72.35255,-41.57977],[-72.35243,-41.57948],[-72.35235,-41.5792],[-72.3523,-41.579135],[-72.35226,-41.57905],[-72.35208,-41.57877],[-72.35201,-41.57862],[-72.35192,-41.57848],[-72.35185,-41.57834],[-72.35178,-41.57819],[-72.35174,-41.57805],[-72.35156,-41.57762],[-72.35149,-41.57748],[-72.35145,-41.57731],[-72.35147,-41.57719],[-72.35149,-41.57705],[-72.3515,-41.57677],[-72.35145,-41.57648],[-72.35147,-41.57606],[-72.35149,-41.57592],[-72.35148,-41.57578],[-72.35145,-41.57569],[-72.35143,-41.57563],[-72.35134,-41.57549],[-72.35122,-41.57535],[-72.35111,-41.5752],[-72.35098,-41.57507],[-72.35086,-41.57491],[-72.35077,-41.57474],[-72.35068,-41.5746],[-72.35051,-41.57417],[-72.35044,-41.57403],[-72.35038,-41.57389],[-72.35031,-41.57374],[-72.35023,-41.57346],[-72.350188,-41.573355],[-72.35017,-41.57331],[-72.35014,-41.57317],[-72.35012,-41.57289],[-72.3501,-41.57275],[-72.34993,-41.57232],[-72.34985,-41.57217],[-72.34981,-41.57203],[-72.34972,-41.57189],[-72.349685,-41.571735],[-72.34967,-41.5716],[-72.34962,-41.57132],[-72.349535,-41.571155],[-72.34938,-41.57106],[-72.34926,-41.57097],[-72.34921,-41.57092],[-72.34915,-41.57083],[-72.34905,-41.57069],[-72.34896,-41.57055],[-72.3489,-41.5704],[-72.34883,-41.57026],[-72.34877,-41.57012],[-72.3487,-41.56997],[-72.34847,-41.5694],[-72.3484,-41.56926],[-72.34822,-41.56897],[-72.34817,-41.56883],[-72.34809,-41.56868],[-72.34805,-41.56854],[-72.34804,-41.5684],[-72.34802,-41.56826],[-72.34802,-41.56812],[-72.34801,-41.56797],[-72.34797,-41.56783],[-72.34786,-41.56755],[-72.34775,-41.5674],[-72.34771,-41.56726],[-72.34769,-41.56712],[-72.3477,-41.56683],[-72.347675,-41.566545],[-72.3476,-41.56612],[-72.34761,-41.56598],[-72.34764,-41.56584],[-72.347621,-41.565717],[-72.34762,-41.56571],[-72.34759,-41.56553],[-72.3476,-41.56539],[-72.34764,-41.56525],[-72.34769,-41.56511],[-72.34771,-41.56499],[-72.34773,-41.5649],[-72.34779,-41.564835],[-72.34783,-41.56477],[-72.34788,-41.56469],[-72.348,-41.56455],[-72.34805,-41.56441],[-72.34812,-41.56427],[-72.34819,-41.56399],[-72.3482,-41.56375],[-72.34816,-41.5637],[-72.34813,-41.5636],[-72.34808,-41.56356],[-72.34791,-41.56327],[-72.3478,-41.56313],[-72.34773,-41.56299],[-72.34767,-41.56284],[-72.34765,-41.5627],[-72.34764,-41.56256],[-72.34764,-41.56242],[-72.34762,-41.56227],[-72.34761,-41.56213],[-72.34762,-41.56185],[-72.34754,-41.56142],[-72.34747,-41.56128],[-72.34735,-41.56099],[-72.34731,-41.56085],[-72.3472,-41.56056],[-72.34716,-41.56042],[-72.34713,-41.56028],[-72.34712,-41.56014],[-72.34708,-41.56],[-72.34706,-41.55985],[-72.34705,-41.55971],[-72.34699,-41.55943],[-72.34688,-41.55914],[-72.34687,-41.55889],[-72.34687,-41.5587],[-72.347,-41.55834],[-72.34704,-41.55826],[-72.34704,-41.5582],[-72.34708,-41.55813],[-72.34718,-41.55794],[-72.34731,-41.55776],[-72.347403,-41.557592],[-72.34752,-41.55738],[-72.3476,-41.5572],[-72.34763,-41.55701],[-72.34764,-41.55663],[-72.34762,-41.55644],[-72.34756,-41.55635],[-72.34752,-41.55625],[-72.34738,-41.55606],[-72.34718,-41.55568],[-72.34704,-41.55529],[-72.34695,-41.5551],[-72.34683,-41.55491],[-72.34679,-41.55472],[-72.34679,-41.55453],[-72.34676,-41.55434],[-72.34675,-41.55397],[-72.34661,-41.55377],[-72.34642,-41.55358],[-72.34624,-41.55339],[-72.34618,-41.55327],[-72.34615,-41.5532],[-72.34614,-41.55301],[-72.3461,-41.55282],[-72.34608,-41.55263],[-72.34598,-41.55244],[-72.34584,-41.55229],[-72.34576,-41.55224],[-72.34557,-41.55205],[-72.34545,-41.55186],[-72.34534,-41.55166],[-72.34532,-41.55149],[-72.3453,-41.55129],[-72.34523,-41.5511],[-72.34514,-41.55091],[-72.34513,-41.55072],[-72.34514,-41.55053],[-72.34509,-41.55036],[-72.345015,-41.55021],[-72.34491,-41.54998],[-72.344878,-41.549946]],[[-72.382802,-41.603369],[-72.38086,-41.60786],[-72.384589,-41.611174],[-72.390261,-41.609998],[-72.392202,-41.605507],[-72.388472,-41.602193],[-72.382802,-41.603369]]]},"properties":{"comuna":"Cochamó","mancha_id":"10103-88ce85a00bfffff","clase":"Medio","nivel_medio":2.138,"nivel_medio_min":1.557,"nivel_medio_max":2.492,"pct_alto":18.2,"n_hexagonos":213,"area_ha":12137.16}},{"type":"Feature","geometry":{"type":"Polygon","coordinates":[[[-72.340197,-41.540605],[-72.342149,-41.542343],[-72.34128,-41.544353],[-72.34118,-41.54423],[-72.34119,-41.5439],[-72.34111,-41.5434],[-72.34103,-41.54307],[-72.34098,-41.5429],[-72.34089,-41.54267],[-72.34073,-41.5424],[-72.34066,-41.54223],[-72.34048,-41.5419],[-72.34041,-41.54173],[-72.34031,-41.54156],[-72.3402,-41.54123],[-72.34015,-41.54106],[-72.34015,-41.5409],[-72.34017,-41.54073],[-72.340197,-41.540605]]]},"properties":{"comuna":"Cochamó","mancha_id":"10103-88ce85a007fffff","clase":"Medio","nivel_medio":1.984,"nivel_medio_min":1.984,"nivel_medio_max":1.984,"pct_alto":3.0,"n_hexagonos":1,"area_ha":2.57}},{"type":"Feature","geometry":{"type":"Polygon","coordinates":[[[-71.811891,-41.834155],[-71.809906,-41.838624],[-71.804237,-41.839763],[-71.800553,-41.836431],[-71.802539,-41.831962],[-71.808207,-41.830824],[-71.811891,-41.834155]]]},"properties":{"comuna":"Cochamó","mancha_id":"10103-88ce859999fffff","clase":"Medio","nivel_medio":1.52,"nivel_medio_min":1.52,"nivel_medio_max":1.52,"pct_alto":3.0,"n_hexagonos":1,"area_ha":63.87}},{"type":"Feature","geometry":{"type":"Polygon","coordinates":[[[-71.817844,-41.820746],[-71.815859,-41.825216],[-71.810192,-41.826354],[-71.806509,-41.823024],[-71.808493,-41.818554],[-71.81416,-41.817415],[-71.817844,-41.820746]]]},"properties":{"comuna":"Cochamó","mancha_id":"10103-88ce859993fffff","clase":"Medio","nivel_medio":1.567,"nivel_medio_min":1.567,"nivel_medio_max":1.567,"pct_alto":0.0,"n_hexagonos":1,"area_ha":63.87}},{"type":"Feature","geometry":{"type":"Polygon","coordinates":[[[-72.122418,-41.96327],[-72.126144,-41.966603],[-72.131842,-41.96545],[-72.133812,-41.960965],[-72.130085,-41.957632],[-72.132055,-41.953146],[-72.137751,-41.951993],[-72.141479,-41.955325],[-72.147176,-41.954171],[-72.150904,-41.957503],[-72.148935,-41.96199],[-72.152665,-41.965323],[-72.150696,-41.969809],[-72.144997,-41.970963],[-72.143027,-41.97545],[-72.146757,-41.978783],[-72.144787,-41.98327],[-72.148517,-41.986603],[-72.146547,-41.99109],[-72.150278,-41.994424],[-72.15598,-41.993271],[-72.159712,-41.996605],[-72.165414,-41.995451],[-72.169148,-41.998784],[-72.167178,-42.003273],[-72.161475,-42.004426],[-72.157742,-42.001092],[-72.15204,-42.002245],[-72.150069,-42.006733],[-72.144366,-42.007886],[-72.142395,-42.012373],[-72.136692,-42.013525],[-72.132961,-42.01019],[-72.127258,-42.011342],[-72.123529,-42.008007],[-72.125501,-42.00352],[-72.121772,-42.000186],[-72.123744,-41.9957],[-72.120015,-41.992366],[-72.121987,-41.98788],[-72.127687,-41.986728],[-72.129658,-41.982242],[-72.12593,-41.978908],[-72.127901,-41.974422],[-72.124174,-41.971089],[-72.118476,-41.972241],[-72.11475,-41.968908],[-72.116721,-41.964423],[-72.122418,-41.96327]]]},"properties":{"comuna":"Cochamó","mancha_id":"10103-88ce859601fffff","clase":"Medio","nivel_medio":2.196,"nivel_medio_min":1.833,"nivel_medio_max":2.484,"pct_alto":29.6,"n_hexagonos":21,"area_ha":1351.24}},{"type":"Feature","geometry":{"type":"Polygon","coordinates":[[[-72.180807,-41.8656],[-72.18277,-41.861113],[-72.179045,-41.857786],[-72.181008,-41.8533],[-72.186696,-41.852141],[-72.190422,-41.855468],[-72.19611,-41.854309],[-72.199837,-41.857636],[-72.205526,-41.856476],[-72.209254,-41.859804],[-72.214944,-41.858643],[-72.218673,-41.861971],[-72.224364,-41.86081],[-72.228094,-41.864137],[-72.226133,-41.868626],[-72.220442,-41.869786],[-72.216712,-41.866459],[-72.211021,-41.867619],[-72.207292,-41.864291],[-72.201602,-41.865451],[-72.19964,-41.869938],[-72.193949,-41.871097],[-72.191986,-41.875584],[-72.186296,-41.876743],[-72.182569,-41.873414],[-72.176879,-41.874573],[-72.173153,-41.871244],[-72.175117,-41.866758],[-72.180807,-41.8656]]]},"properties":{"comuna":"Cochamó","mancha_id":"10103-88ce859491fffff","clase":"Medio","nivel_medio":2.091,"nivel_medio_min":1.673,"nivel_medio_max":2.497,"pct_alto":41.7,"n_hexagonos":9,"area_ha":579.02}},{"type":"Feature","geometry":{"type":"Polygon","coordinates":[[[-72.118018,-41.890618],[-72.11605,-41.895102],[-72.11036,-41.896256],[-72.10664,-41.892926],[-72.108609,-41.888442],[-72.114298,-41.887288],[-72.118018,-41.890618]]]},"properties":{"comuna":"Cochamó","mancha_id":"10103-88ce859431fffff","clase":"Medio","nivel_medio":1.667,"nivel_medio_min":1.667,"nivel_medio_max":1.667,"pct_alto":52.8,"n_hexagonos":1,"area_ha":64.26}},{"type":"Feature","geometry":{"type":"Polygon","coordinates":[[[-72.129183,-41.900608],[-72.127215,-41.905093],[-72.121524,-41.906247],[-72.117802,-41.902917],[-72.119771,-41.898432],[-72.125461,-41.897278],[-72.129183,-41.900608]]]},"properties":{"comuna":"Cochamó","mancha_id":"10103-88ce859415fffff","clase":"Medio","nivel_medio":1.639,"nivel_medio_min":1.639,"nivel_medio_max":1.639,"pct_alto":51.9,"n_hexagonos":1,"area_ha":64.28}},{"type":"Feature","geometry":{"type":"Polygon","coordinates":[[[-71.852826,-42.021524],[-71.850837,-42.025999],[-71.845146,-42.027134],[-71.841445,-42.023795],[-71.843435,-42.019321],[-71.849125,-42.018185],[-71.852826,-42.021524]]]},"properties":{"comuna":"Cochamó","mancha_id":"10103-88ce859365fffff","clase":"Medio","nivel_medio":1.683,"nivel_medio_min":1.683,"nivel_medio_max":1.683,"pct_alto":0.0,"n_hexagonos":1,"area_ha":64.03}},{"type":"Feature","geometry":{"type":"Polygon","coordinates":[[[-72.012222,-41.989585],[-72.015939,-41.992921],[-72.021634,-41.991775],[-72.025352,-41.99511],[-72.031048,-41.993964],[-72.033025,-41.989482],[-72.029307,-41.986147],[-72.023612,-41.987293],[-72.019895,-41.983958],[-72.021873,-41.979477],[-72.027567,-41.97833],[-72.031284,-41.981665],[-72.036979,-41.980518],[-72.038955,-41.976036],[-72.04465,-41.974889],[-72.048369,-41.978223],[-72.054064,-41.977075],[-72.057784,-41.980409],[-72.06348,-41.979261],[-72.067202,-41.982595],[-72.065227,-41.987078],[-72.05953,-41.988227],[-72.055809,-41.984892],[-72.050113,-41.98604],[-72.048137,-41.990523],[-72.051857,-41.993858],[-72.057554,-41.99271],[-72.061276,-41.996045],[-72.066974,-41.994897],[-72.068949,-41.990413],[-72.074646,-41.989264],[-72.07837,-41.992599],[-72.084068,-41.99145],[-72.086042,-41.986965],[-72.082318,-41.983631],[-72.084292,-41.979147],[-72.080569,-41.975813],[-72.082542,-41.971329],[-72.088238,-41.970179],[-72.091962,-41.973513],[-72.089989,-41.977997],[-72.093713,-41.981331],[-72.09174,-41.985815],[-72.095464,-41.98915],[-72.093491,-41.993634],[-72.097217,-41.996969],[-72.102916,-41.995819],[-72.104889,-41.991334],[-72.110588,-41.990183],[-72.114315,-41.993517],[-72.112343,-41.998003],[-72.116071,-42.001337],[-72.114098,-42.005823],[-72.108397,-42.006974],[-72.106424,-42.011459],[-72.100722,-42.012609],[-72.096995,-42.009274],[-72.091295,-42.010424],[-72.08932,-42.014908],[-72.083619,-42.016058],[-72.081644,-42.020542],[-72.08537,-42.023878],[-72.091072,-42.022729],[-72.093047,-42.018244],[-72.098748,-42.017095],[-72.102476,-42.02043],[-72.108179,-42.01928],[-72.111907,-42.022616],[-72.11761,-42.021465],[-72.121341,-42.024801],[-72.127044,-42.02365],[-72.129017,-42.019163],[-72.13472,-42.018012],[-72.138452,-42.021347],[-72.144156,-42.020195],[-72.146127,-42.015707],[-72.151831,-42.014555],[-72.155564,-42.01789],[-72.153593,-42.022377],[-72.157327,-42.025713],[-72.163033,-42.02456],[-72.166768,-42.027895],[-72.172474,-42.026741],[-72.17621,-42.030076],[-72.181917,-42.028923],[-72.185655,-42.032258],[-72.191362,-42.031103],[-72.193331,-42.026614],[-72.199038,-42.025459],[-72.202777,-42.028793],[-72.208485,-42.027638],[-72.212225,-42.030973],[-72.217934,-42.029817],[-72.221675,-42.033151],[-72.227384,-42.031995],[-72.229351,-42.027504],[-72.23506,-42.026347],[-72.237026,-42.021855],[-72.242734,-42.020698],[-72.2447,-42.016206],[-72.250408,-42.015048],[-72.252373,-42.010556],[-72.258081,-42.009397],[-72.261825,-42.012731],[-72.259861,-42.017223],[-72.263606,-42.020557],[-72.261642,-42.025049],[-72.255932,-42.026208],[-72.253967,-42.0307],[-72.248257,-42.031858],[-72.244512,-42.028524],[-72.238803,-42.029681],[-72.236837,-42.034173],[-72.240581,-42.037507],[-72.238614,-42.041999],[-72.232903,-42.043156],[-72.230936,-42.047647],[-72.225225,-42.048804],[-72.221482,-42.045468],[-72.215772,-42.046624],[-72.21203,-42.043289],[-72.206321,-42.044444],[-72.204352,-42.048934],[-72.198642,-42.050089],[-72.196673,-42.054579],[-72.190963,-42.055733],[-72.187223,-42.052397],[-72.189193,-42.047908],[-72.185454,-42.044572],[-72.179745,-42.045726],[-72.177775,-42.050215],[-72.172066,-42.051368],[-72.168329,-42.048032],[-72.16262,-42.049185],[-72.158884,-42.045848],[-72.153177,-42.047001],[-72.149442,-42.043664],[-72.143735,-42.044816],[-72.140001,-42.04148],[-72.134295,-42.042631],[-72.130562,-42.039295],[-72.124856,-42.040446],[-72.121125,-42.03711],[-72.11542,-42.03826],[-72.11169,-42.034924],[-72.113664,-42.030438],[-72.109934,-42.027102],[-72.104231,-42.028252],[-72.100502,-42.024916],[-72.0948,-42.026065],[-72.092825,-42.03055],[-72.087122,-42.031699],[-72.083395,-42.028363],[-72.077693,-42.029511],[-72.073967,-42.026175],[-72.068266,-42.027323],[-72.064541,-42.023987],[-72.05884,-42.025134],[-72.055117,-42.021798],[-72.049417,-42.022945],[-72.045694,-42.019608],[-72.039995,-42.020755],[-72.038017,-42.025237],[-72.041739,-42.028574],[-72.039761,-42.033057],[-72.043483,-42.036394],[-72.041505,-42.040877],[-72.045228,-42.044215],[-72.05093,-42.043069],[-72.054655,-42.046406],[-72.052677,-42.05089],[-72.046974,-42.052036],[-72.04325,-42.048698],[-72.037547,-42.049844],[-72.033824,-42.046506],[-72.028123,-42.047651],[-72.024401,-42.044313],[-72.0187,-42.045458],[-72.014979,-42.04212],[-72.009279,-42.043264],[-72.005559,-42.039927],[-71.99986,-42.04107],[-71.996141,-42.037733],[-71.990442,-42.038876],[-71.986725,-42.035538],[-71.988707,-42.031057],[-71.994405,-42.029914],[-71.996386,-42.025433],[-72.002084,-42.024289],[-72.004064,-42.019808],[-72.009761,-42.018664],[-72.01348,-42.022],[-72.019178,-42.020855],[-72.022898,-42.024192],[-72.028597,-42.023047],[-72.030575,-42.018564],[-72.036274,-42.017418],[-72.038252,-42.012936],[-72.04395,-42.011789],[-72.045927,-42.007306],[-72.051626,-42.006159],[-72.053602,-42.001676],[-72.049881,-41.998341],[-72.044184,-41.999488],[-72.042207,-42.003971],[-72.036509,-42.005117],[-72.032789,-42.001782],[-72.027092,-42.002928],[-72.023374,-41.999592],[-72.017678,-42.000738],[-72.01396,-41.997402],[-72.008265,-41.998547],[-72.004549,-41.995211],[-72.006528,-41.990731],[-72.012222,-41.989585]],[[-72.016959,-42.037638],[-72.022659,-42.036494],[-72.024639,-42.032011],[-72.020918,-42.028674],[-72.015219,-42.029819],[-72.013239,-42.034301],[-72.016959,-42.037638]]]},"properties":{"comuna":"Cochamó","mancha_id":"10103-88ce85928bfffff","clase":"Medio","nivel_medio":2.033,"nivel_medio_min":1.505,"nivel_medio_max":2.5,"pct_alto":25.2,"n_hexagonos":100,"area_ha":6433.05}},{"type":"Feature","geometry":{"type":"Polygon","coordinates":[[[-72.026775,-41.921333],[-72.0248,-41.925814],[-72.019112,-41.926962],[-72.015399,-41.923629],[-72.017375,-41.919149],[-72.023063,-41.918001],[-72.026775,-41.921333]]]},"properties":{"comuna":"Cochamó","mancha_id":"10103-88ce859093fffff","clase":"Medio","nivel_medio":2.258,"nivel_medio_min":2.258,"nivel_medio_max":2.258,"pct_alto":43.7,"n_hexagonos":1,"area_ha":64.17}},{"type":"Feature","geometry":{"type":"Polygon","coordinates":[[[-71.931304,-41.973192],[-71.929321,-41.97767],[-71.923632,-41.978811],[-71.919926,-41.975475],[-71.921909,-41.970998],[-71.927598,-41.969857],[-71.931304,-41.973192]]]},"properties":{"comuna":"Cochamó","mancha_id":"10103-88ce859005fffff","clase":"Medio","nivel_medio":1.515,"nivel_medio_min":1.515,"nivel_medio_max":1.515,"pct_alto":6.8,"n_hexagonos":1,"area_ha":64.09}},{"type":"Feature","geometry":{"type":"Polygon","coordinates":[[[-71.946068,-41.717478],[-71.944096,-41.721952],[-71.938433,-41.7231],[-71.934743,-41.719776],[-71.936716,-41.715303],[-71.942378,-41.714154],[-71.946068,-41.717478]]]},"properties":{"comuna":"Cochamó","mancha_id":"10103-88ce858f01fffff","clase":"Medio","nivel_medio":1.554,"nivel_medio_min":1.554,"nivel_medio_max":1.554,"pct_alto":6.1,"n_hexagonos":1,"area_ha":63.95}},{"type":"Feature","geometry":{"type":"Polygon","coordinates":[[[-72.002217,-41.730521],[-72.000248,-41.734998],[-72.003945,-41.738322],[-72.001976,-41.742799],[-71.996308,-41.74395],[-71.992611,-41.740625],[-71.986944,-41.741776],[-71.983248,-41.738451],[-71.985218,-41.733975],[-71.990885,-41.732824],[-71.992855,-41.728349],[-71.998521,-41.727197],[-72.002217,-41.730521]]]},"properties":{"comuna":"Cochamó","mancha_id":"10103-88ce858e05fffff","clase":"Medio","nivel_medio":1.706,"nivel_medio_min":1.64,"nivel_medio_max":1.76,"pct_alto":11.7,"n_hexagonos":3,"area_ha":192.07}},{"type":"Feature","geometry":{"type":"Polygon","coordinates":[[[-71.956933,-41.646035],[-71.954964,-41.650508],[-71.949308,-41.651659],[-71.945623,-41.648338],[-71.947592,-41.643866],[-71.953247,-41.642714],[-71.956933,-41.646035]]]},"properties":{"comuna":"Cochamó","mancha_id":"10103-88ce858d17fffff","clase":"Medio","nivel_medio":1.57,"nivel_medio_min":1.57,"nivel_medio_max":1.57,"pct_alto":8.4,"n_hexagonos":1,"area_ha":63.92}},{"type":"Feature","geometry":{"type":"Polygon","coordinates":[[[-71.771994,-41.772991],[-71.770009,-41.777458],[-71.766465,-41.77817],[-71.767345,-41.776716],[-71.768344,-41.77398],[-71.768915,-41.773219],[-71.770476,-41.772819],[-71.771312,-41.772374],[-71.771994,-41.772991]]]},"properties":{"comuna":"Cochamó","mancha_id":"10103-88ce858b07fffff","clase":"Medio","nivel_medio":1.651,"nivel_medio_min":1.651,"nivel_medio_max":1.651,"pct_alto":0.0,"n_hexagonos":1,"area_ha":14.22}},{"type":"Feature","geometry":{"type":"Polygon","coordinates":[[[-71.901954,-41.758999],[-71.899978,-41.763471],[-71.894312,-41.764616],[-71.890625,-41.761289],[-71.892602,-41.756817],[-71.898266,-41.755672],[-71.901954,-41.758999]]]},"properties":{"comuna":"Cochamó","mancha_id":"10103-88ce858a8bfffff","clase":"Medio","nivel_medio":1.681,"nivel_medio_min":1.681,"nivel_medio_max":1.681,"pct_alto":0.3,"n_hexagonos":1,"area_ha":63.92}},{"type":"Feature","geometry":{"type":"Polygon","coordinates":[[[-71.820394,-41.791739],[-71.818411,-41.796208],[-71.812747,-41.797348],[-71.810763,-41.801817],[-71.805098,-41.802956],[-71.801417,-41.799626],[-71.803401,-41.795158],[-71.799721,-41.791828],[-71.801705,-41.78736],[-71.807368,-41.78622],[-71.811049,-41.789549],[-71.816713,-41.78841],[-71.820394,-41.791739]]]},"properties":{"comuna":"Cochamó","mancha_id":"10103-88ce858a29fffff","clase":"Medio","nivel_medio":1.819,"nivel_medio_min":1.619,"nivel_medio_max":1.979,"pct_alto":24.8,"n_hexagonos":3,"area_ha":191.54}},{"type":"Feature","geometry":{"type":"Polygon","coordinates":[[[-71.856914,-41.755884],[-71.854935,-41.760354],[-71.849272,-41.761497],[-71.84559,-41.758169],[-71.84757,-41.753699],[-71.853231,-41.752557],[-71.856914,-41.755884]]]},"properties":{"comuna":"Cochamó","mancha_id":"10103-88ce85885bfffff","clase":"Medio","nivel_medio":1.685,"nivel_medio_min":1.685,"nivel_medio_max":1.685,"pct_alto":0.2,"n_hexagonos":1,"area_ha":63.87}},{"type":"Feature","geometry":{"type":"Polygon","coordinates":[[[-71.813601,-41.760549],[-71.819262,-41.759408],[-71.821244,-41.75494],[-71.826904,-41.753798],[-71.830585,-41.757126],[-71.836246,-41.755984],[-71.839928,-41.759312],[-71.837947,-41.763781],[-71.832285,-41.764923],[-71.830304,-41.769392],[-71.824641,-41.770533],[-71.820961,-41.767205],[-71.815299,-41.768346],[-71.811619,-41.765018],[-71.805958,-41.766158],[-71.80228,-41.76283],[-71.804262,-41.758362],[-71.800585,-41.755034],[-71.802567,-41.750566],[-71.808226,-41.749425],[-71.811904,-41.752753],[-71.809923,-41.757221],[-71.813601,-41.760549]]]},"properties":{"comuna":"Cochamó","mancha_id":"10103-88ce858841fffff","clase":"Medio","nivel_medio":1.613,"nivel_medio_min":1.534,"nivel_medio_max":1.787,"pct_alto":1.3,"n_hexagonos":6,"area_ha":383.02}},{"type":"Feature","geometry":{"type":"Polygon","coordinates":[[[-72.08764,-41.794718],[-72.085673,-41.799199],[-72.079996,-41.800354],[-72.076286,-41.797028],[-72.078253,-41.792547],[-72.083929,-41.791392],[-72.08764,-41.794718]]]},"properties":{"comuna":"Cochamó","mancha_id":"10103-88ce858707fffff","clase":"Medio","nivel_medio":1.569,"nivel_medio_min":1.569,"nivel_medio_max":1.569,"pct_alto":1.5,"n_hexagonos":1,"area_ha":64.16}},{"type":"Feature","geometry":{"type":"Polygon","coordinates":[[[-72.128663,-41.712898],[-72.132373,-41.71622],[-72.138044,-41.71506],[-72.140004,-41.710578],[-72.145675,-41.709418],[-72.149386,-41.712739],[-72.147426,-41.717222],[-72.151138,-41.720544],[-72.149178,-41.725026],[-72.143505,-41.726186],[-72.139794,-41.722864],[-72.134122,-41.724024],[-72.130411,-41.720701],[-72.12474,-41.721861],[-72.121031,-41.718538],[-72.122992,-41.714057],[-72.128663,-41.712898]]]},"properties":{"comuna":"Cochamó","mancha_id":"10103-88ce858589fffff","clase":"Medio","nivel_medio":1.746,"nivel_medio_min":1.623,"nivel_medio_max":1.888,"pct_alto":4.6,"n_hexagonos":4,"area_ha":256.71}},{"type":"Feature","geometry":{"type":"Polygon","coordinates":[[[-72.052531,-41.756984],[-72.050564,-41.761463],[-72.044892,-41.762616],[-72.041188,-41.759291],[-72.043156,-41.754813],[-72.048827,-41.753659],[-72.052531,-41.756984]]]},"properties":{"comuna":"Cochamó","mancha_id":"10103-88ce858561fffff","clase":"Medio","nivel_medio":1.541,"nivel_medio_min":1.541,"nivel_medio_max":1.541,"pct_alto":0.0,"n_hexagonos":1,"area_ha":64.1}},{"type":"Feature","geometry":{"type":"Polygon","coordinates":[[[-72.069321,-41.765804],[-72.073028,-41.769129],[-72.078702,-41.767974],[-72.080668,-41.763494],[-72.086341,-41.762338],[-72.088307,-41.757858],[-72.084599,-41.754533],[-72.086564,-41.750053],[-72.092237,-41.748897],[-72.095945,-41.752221],[-72.09398,-41.756702],[-72.097689,-41.760026],[-72.095724,-41.764507],[-72.09005,-41.765663],[-72.088085,-41.770144],[-72.08241,-41.771299],[-72.080444,-41.77578],[-72.074769,-41.776935],[-72.071061,-41.773609],[-72.065387,-41.774764],[-72.06168,-41.771438],[-72.063647,-41.766959],[-72.069321,-41.765804]]]},"properties":{"comuna":"Cochamó","mancha_id":"10103-88ce858541fffff","clase":"Medio","nivel_medio":1.678,"nivel_medio_min":1.511,"nivel_medio_max":1.973,"pct_alto":5.4,"n_hexagonos":5,"area_ha":320.71}},{"type":"Feature","geometry":{"type":"Polygon","coordinates":[[[-72.101837,-41.738778],[-72.099873,-41.743259],[-72.094201,-41.744416],[-72.090493,-41.741092],[-72.084822,-41.742249],[-72.081115,-41.738925],[-72.08308,-41.734445],[-72.088751,-41.733289],[-72.090715,-41.728809],[-72.087009,-41.725485],[-72.088973,-41.721006],[-72.085267,-41.717683],[-72.087231,-41.713203],[-72.0929,-41.712046],[-72.094863,-41.707566],[-72.091158,-41.704244],[-72.093121,-41.699764],[-72.098788,-41.698606],[-72.102494,-41.701928],[-72.100531,-41.706408],[-72.104237,-41.70973],[-72.109907,-41.708572],[-72.113614,-41.711894],[-72.111652,-41.716375],[-72.105982,-41.717533],[-72.104019,-41.722013],[-72.107727,-41.725336],[-72.105764,-41.729817],[-72.109472,-41.73314],[-72.107509,-41.737621],[-72.101837,-41.738778]]]},"properties":{"comuna":"Cochamó","mancha_id":"10103-88ce858511fffff","clase":"Medio","nivel_medio":1.636,"nivel_medio_min":1.51,"nivel_medio_max":1.773,"pct_alto":4.8,"n_hexagonos":11,"area_ha":705.47}},{"type":"Feature","geometry":{"type":"Polygon","coordinates":[[[-72.075444,-41.740081],[-72.073479,-41.744561],[-72.067808,-41.745716],[-72.064103,-41.742392],[-72.066069,-41.737913],[-72.071739,-41.736757],[-72.075444,-41.740081]]]},"properties":{"comuna":"Cochamó","mancha_id":"10103-88ce858507fffff","clase":"Medio","nivel_medio":1.707,"nivel_medio_min":1.707,"nivel_medio_max":1.707,"pct_alto":14.4,"n_hexagonos":1,"area_ha":64.11}},{"type":"Feature","geometry":{"type":"Polygon","coordinates":[[[-72.175787,-41.711415],[-72.173829,-41.715899],[-72.168156,-41.71706],[-72.164442,-41.713739],[-72.166401,-41.709256],[-72.162688,-41.705934],[-72.157017,-41.707096],[-72.153305,-41.703774],[-72.147635,-41.704935],[-72.143924,-41.701614],[-72.145884,-41.697132],[-72.151553,-41.695971],[-72.155264,-41.699292],[-72.160935,-41.69813],[-72.164647,-41.701451],[-72.170318,-41.700289],[-72.174031,-41.70361],[-72.179703,-41.702448],[-72.18166,-41.697964],[-72.187332,-41.696801],[-72.191047,-41.700122],[-72.18909,-41.704606],[-72.183417,-41.705769],[-72.18146,-41.710253],[-72.175787,-41.711415]]]},"properties":{"comuna":"Cochamó","mancha_id":"10103-88ce8584a1fffff","clase":"Medio","nivel_medio":1.831,"nivel_medio_min":1.527,"nivel_medio_max":2.018,"pct_alto":11.7,"n_hexagonos":6,"area_ha":385.22}},{"type":"Feature","geometry":{"type":"Polygon","coordinates":[[[-72.124099,-41.758721],[-72.122135,-41.763203],[-72.11646,-41.764361],[-72.112749,-41.761036],[-72.114712,-41.756555],[-72.120387,-41.755397],[-72.124099,-41.758721]]]},"properties":{"comuna":"Cochamó","mancha_id":"10103-88ce858429fffff","clase":"Medio","nivel_medio":1.551,"nivel_medio_min":1.551,"nivel_medio_max":1.551,"pct_alto":0.0,"n_hexagonos":1,"area_ha":64.18}},{"type":"Feature","geometry":{"type":"Polygon","coordinates":[[[-72.139163,-41.759728],[-72.141125,-41.755245],[-72.137411,-41.751922],[-72.139373,-41.747439],[-72.145048,-41.74628],[-72.147009,-41.741797],[-72.152684,-41.740637],[-72.154644,-41.736154],[-72.160318,-41.734994],[-72.162278,-41.73051],[-72.167952,-41.729349],[-72.171667,-41.732672],[-72.169708,-41.737155],[-72.164033,-41.738316],[-72.162073,-41.7428],[-72.165788,-41.746123],[-72.171464,-41.744962],[-72.175181,-41.748285],[-72.173221,-41.752769],[-72.176938,-41.756092],[-72.174978,-41.760576],[-72.169301,-41.761737],[-72.16734,-41.766221],[-72.171058,-41.769545],[-72.169097,-41.774029],[-72.163418,-41.775189],[-72.161457,-41.779674],[-72.155778,-41.780833],[-72.153816,-41.785317],[-72.157533,-41.788642],[-72.155571,-41.793126],[-72.149891,-41.794284],[-72.147928,-41.798768],[-72.151646,-41.802094],[-72.149682,-41.806578],[-72.153401,-41.809904],[-72.151438,-41.814388],[-72.155157,-41.817714],[-72.16084,-41.816556],[-72.162803,-41.812071],[-72.168485,-41.810912],[-72.170447,-41.806427],[-72.166727,-41.803102],[-72.168689,-41.798617],[-72.174371,-41.797457],[-72.176332,-41.792972],[-72.172612,-41.789648],[-72.174573,-41.785163],[-72.170854,-41.781838],[-72.172815,-41.777354],[-72.178495,-41.776193],[-72.182214,-41.779517],[-72.180254,-41.784002],[-72.183974,-41.787327],[-72.189655,-41.786166],[-72.191615,-41.781681],[-72.197296,-41.780519],[-72.201018,-41.783843],[-72.199058,-41.788329],[-72.202781,-41.791654],[-72.200821,-41.79614],[-72.195138,-41.797301],[-72.193178,-41.801787],[-72.196901,-41.805112],[-72.19494,-41.809598],[-72.198664,-41.812924],[-72.196703,-41.81741],[-72.191019,-41.81857],[-72.189057,-41.823056],[-72.192781,-41.826382],[-72.198467,-41.825222],[-72.200428,-41.820736],[-72.206113,-41.819575],[-72.208073,-41.815088],[-72.204348,-41.811763],[-72.206308,-41.807276],[-72.211993,-41.806115],[-72.215718,-41.80944],[-72.221403,-41.808278],[-72.223361,-41.80379],[-72.219636,-41.800466],[-72.221594,-41.795979],[-72.21787,-41.792654],[-72.212187,-41.793817],[-72.208463,-41.790492],[-72.210422,-41.786006],[-72.216104,-41.784843],[-72.219828,-41.788168],[-72.225511,-41.787005],[-72.227469,-41.782518],[-72.223744,-41.779194],[-72.218062,-41.780357],[-72.214339,-41.777033],[-72.216297,-41.772547],[-72.212574,-41.769223],[-72.206894,-41.770386],[-72.203173,-41.767062],[-72.205131,-41.762577],[-72.20141,-41.759253],[-72.195732,-41.760416],[-72.192012,-41.757092],[-72.186334,-41.758254],[-72.182616,-41.754931],[-72.184575,-41.750446],[-72.190252,-41.749284],[-72.193971,-41.752607],[-72.199649,-41.751445],[-72.201607,-41.74696],[-72.207284,-41.745797],[-72.209242,-41.741311],[-72.205522,-41.737989],[-72.199845,-41.739152],[-72.196127,-41.73583],[-72.190451,-41.736992],[-72.186733,-41.73367],[-72.188692,-41.729186],[-72.194367,-41.728023],[-72.196324,-41.723539],[-72.192607,-41.720217],[-72.186933,-41.72138],[-72.183217,-41.718058],[-72.185175,-41.713574],[-72.190848,-41.712411],[-72.192805,-41.707927],[-72.198478,-41.706764],[-72.202195,-41.710085],[-72.200238,-41.714569],[-72.203956,-41.71789],[-72.20963,-41.716727],[-72.213349,-41.720048],[-72.219024,-41.718884],[-72.222744,-41.722205],[-72.22842,-41.72104],[-72.230375,-41.716554],[-72.226655,-41.713233],[-72.22098,-41.714398],[-72.217261,-41.711077],[-72.219216,-41.706592],[-72.22489,-41.705427],[-72.22861,-41.708748],[-72.234284,-41.707582],[-72.238005,-41.710903],[-72.236051,-41.715389],[-72.239772,-41.71871],[-72.237817,-41.723196],[-72.241539,-41.726517],[-72.239584,-41.731004],[-72.243307,-41.734326],[-72.248985,-41.73316],[-72.252709,-41.736481],[-72.258388,-41.735315],[-72.260342,-41.730828],[-72.256618,-41.727507],[-72.25094,-41.728673],[-72.247217,-41.725352],[-72.249171,-41.720865],[-72.254848,-41.719699],[-72.256801,-41.715211],[-72.253078,-41.711891],[-72.255032,-41.707404],[-72.260707,-41.706237],[-72.264431,-41.709557],[-72.270107,-41.70839],[-72.272059,-41.703902],[-72.277735,-41.702734],[-72.279687,-41.698246],[-72.285363,-41.697078],[-72.289088,-41.700397],[-72.287137,-41.704886],[-72.28146,-41.706054],[-72.279509,-41.710542],[-72.273832,-41.71171],[-72.271879,-41.716198],[-72.266202,-41.717365],[-72.264249,-41.721853],[-72.267974,-41.725173],[-72.266021,-41.729661],[-72.269746,-41.732982],[-72.267793,-41.73747],[-72.262113,-41.738637],[-72.260159,-41.743125],[-72.25448,-41.744291],[-72.252525,-41.748778],[-72.25625,-41.7521],[-72.261931,-41.750934],[-72.265658,-41.754256],[-72.263703,-41.758745],[-72.26743,-41.762067],[-72.265476,-41.766555],[-72.269204,-41.769878],[-72.267249,-41.774367],[-72.270978,-41.77769],[-72.276662,-41.776524],[-72.278616,-41.772035],[-72.2843,-41.770868],[-72.28803,-41.774191],[-72.286077,-41.77868],[-72.289808,-41.782003],[-72.295493,-41.780836],[-72.297446,-41.776346],[-72.293715,-41.773024],[-72.295668,-41.768534],[-72.291937,-41.765212],[-72.29389,-41.760722],[-72.29016,-41.7574],[-72.284477,-41.758567],[-72.280748,-41.755245],[-72.275067,-41.756412],[-72.271339,-41.75309],[-72.273292,-41.748602],[-72.278973,-41.747435],[-72.280927,-41.742946],[-72.286607,-41.741779],[-72.290336,-41.7451],[-72.296017,-41.743932],[-72.299747,-41.747254],[-72.305429,-41.746085],[-72.30916,-41.749407],[-72.307208,-41.753897],[-72.31094,-41.757218],[-72.308988,-41.761708],[-72.303304,-41.762877],[-72.301352,-41.767367],[-72.305084,-41.770689],[-72.310769,-41.769521],[-72.314502,-41.772843],[-72.320187,-41.771674],[-72.323922,-41.774997],[-72.329608,-41.773828],[-72.333343,-41.77715],[-72.331392,-41.781641],[-72.335128,-41.784964],[-72.340816,-41.783795],[-72.344553,-41.787117],[-72.350242,-41.785947],[-72.35398,-41.78927],[-72.35203,-41.793762],[-72.355769,-41.797085],[-72.353819,-41.801578],[-72.348128,-41.802748],[-72.346177,-41.80724],[-72.340487,-41.808409],[-72.339984,-41.809568],[-72.339792,-41.809509],[-72.339285,-41.809458],[-72.338726,-41.809306],[-72.338473,-41.80928],[-72.33794,-41.809255],[-72.337229,-41.809153],[-72.336569,-41.809255],[-72.336341,-41.809483],[-72.336113,-41.809839],[-72.335757,-41.809991],[-72.33525,-41.810143],[-72.334768,-41.810143],[-72.334032,-41.81027],[-72.33355,-41.810371],[-72.332941,-41.810524],[-72.332154,-41.810803],[-72.331418,-41.811006],[-72.330962,-41.81098],[-72.330429,-41.81093],[-72.329465,-41.810904],[-72.329319,-41.810935],[-72.329189,-41.810962],[-72.328864,-41.81115],[-72.328577,-41.811589],[-72.327993,-41.812097],[-72.327562,-41.812376],[-72.327181,-41.81263],[-72.326699,-41.813036],[-72.32642,-41.813163],[-72.325785,-41.813315],[-72.325405,-41.813416],[-72.324567,-41.813746],[-72.324009,-41.813898],[-72.323371,-41.814161],[-72.322828,-41.814415],[-72.322233,-41.814837],[-72.322115,-41.814907],[-72.321294,-41.815396],[-72.320761,-41.815725],[-72.320254,-41.816131],[-72.319619,-41.816715],[-72.319549,-41.816799],[-72.319298,-41.817096],[-72.319027,-41.817283],[-72.318501,-41.81747],[-72.317995,-41.817603],[-72.317516,-41.817911],[-72.316904,-41.818212],[-72.315915,-41.818694],[-72.315232,-41.818816],[-72.315204,-41.818821],[-72.314773,-41.818846],[-72.314519,-41.818694],[-72.314265,-41.818517],[-72.313859,-41.81844],[-72.313149,-41.818288],[-72.312692,-41.818237],[-72.312103,-41.818114],[-72.310949,-41.81803],[-72.310332,-41.81806],[-72.30947,-41.818212],[-72.309002,-41.818383],[-72.308495,-41.818577],[-72.308115,-41.81895],[-72.307664,-41.819321],[-72.306895,-41.81956],[-72.306206,-41.819693],[-72.305861,-41.819799],[-72.305357,-41.819931],[-72.30471,-41.820023],[-72.304566,-41.820062],[-72.303994,-41.820217],[-72.303458,-41.820425],[-72.302996,-41.820664],[-72.302644,-41.821003],[-72.30239,-41.821308],[-72.302009,-41.821638],[-72.301451,-41.821968],[-72.300791,-41.822018],[-72.300284,-41.822018],[-72.2997,-41.821968],[-72.299132,-41.822028],[-72.298576,-41.822081],[-72.298203,-41.822221],[-72.29794,-41.82232],[-72.297341,-41.822754],[-72.296907,-41.823274],[-72.296148,-41.823769],[-72.295564,-41.8242],[-72.295317,-41.824413],[-72.295211,-41.824784],[-72.295264,-41.825234],[-72.295446,-41.825831],[-72.295449,-41.825844],[-72.295953,-41.826612],[-72.296483,-41.827354],[-72.297061,-41.82826],[-72.297544,-41.828844],[-72.297594,-41.829478],[-72.297569,-41.830113],[-72.297417,-41.830569],[-72.297112,-41.830975],[-72.296808,-41.831559],[-72.296452,-41.832041],[-72.296072,-41.832473],[-72.295666,-41.832828],[-72.29526,-41.833107],[-72.294854,-41.833386],[-72.294473,-41.833716],[-72.294219,-41.834122],[-72.293988,-41.83431],[-72.292838,-41.834546],[-72.292487,-41.835351],[-72.291967,-41.835591],[-72.291767,-41.835701],[-72.291631,-41.835847],[-72.291331,-41.836105],[-72.291098,-41.836279],[-72.290819,-41.836456],[-72.290464,-41.836761],[-72.290142,-41.836917],[-72.289903,-41.837037],[-72.289703,-41.837206],[-72.289525,-41.837471],[-72.2895,-41.837827],[-72.28951,-41.83821],[-72.289551,-41.838486],[-72.289627,-41.838791],[-72.289785,-41.839261],[-72.289812,-41.839343],[-72.289982,-41.83973],[-72.290261,-41.840136],[-72.29054,-41.840618],[-72.290895,-41.840871],[-72.291167,-41.840976],[-72.291512,-41.841093],[-72.291818,-41.841252],[-72.292244,-41.841612],[-72.29255,-41.841838],[-72.29299,-41.842047],[-72.293466,-41.842403],[-72.293625,-41.842562],[-72.293823,-41.842879],[-72.294021,-41.843315],[-72.294071,-41.843616],[-72.294101,-41.843791],[-72.294219,-41.844267],[-72.294361,-41.844647],[-72.294457,-41.844941],[-72.294616,-41.845496],[-72.294881,-41.846375],[-72.295234,-41.846957],[-72.295686,-41.847439],[-72.295964,-41.847875],[-72.296202,-41.848668],[-72.29636,-41.849342],[-72.296399,-41.849724],[-72.296646,-41.850128],[-72.29669,-41.850202],[-72.297153,-41.850729],[-72.297431,-41.851245],[-72.29758,-41.851726],[-72.297768,-41.852109],[-72.298147,-41.852933],[-72.298523,-41.854009],[-72.298674,-41.854643],[-72.298931,-41.855298],[-72.299381,-41.856071],[-72.299759,-41.856608],[-72.299947,-41.857175],[-72.300258,-41.857571],[-72.29818,-41.857996],[-72.294442,-41.85467],[-72.288749,-41.855835],[-72.286993,-41.859865],[-72.286924,-41.859888],[-72.286171,-41.860205],[-72.285945,-41.860499],[-72.281099,-41.86149],[-72.277363,-41.858164],[-72.271671,-41.859327],[-72.267936,-41.856001],[-72.262244,-41.857164],[-72.25851,-41.853838],[-72.260469,-41.849348],[-72.26616,-41.848185],[-72.268117,-41.843695],[-72.264384,-41.840369],[-72.258694,-41.841533],[-72.254962,-41.838207],[-72.249272,-41.83937],[-72.247314,-41.843859],[-72.241624,-41.845021],[-72.239665,-41.84951],[-72.233975,-41.850672],[-72.230245,-41.847345],[-72.224555,-41.848507],[-72.220826,-41.84518],[-72.215138,-41.846341],[-72.21141,-41.843014],[-72.205722,-41.844175],[-72.201995,-41.840848],[-72.196308,-41.842008],[-72.192583,-41.838681],[-72.186896,-41.839841],[-72.184933,-41.844327],[-72.179246,-41.845486],[-72.175523,-41.842159],[-72.169836,-41.843318],[-72.167873,-41.847803],[-72.162186,-41.848961],[-72.160222,-41.853446],[-72.163945,-41.856774],[-72.169632,-41.855616],[-72.173357,-41.858944],[-72.171393,-41.86343],[-72.165704,-41.864588],[-72.16374,-41.869073],[-72.158051,-41.870231],[-72.154328,-41.866902],[-72.14864,-41.868059],[-72.144918,-41.86473],[-72.13923,-41.865887],[-72.135509,-41.862558],[-72.129823,-41.863714],[-72.127856,-41.868198],[-72.122169,-41.869353],[-72.11845,-41.866024],[-72.120417,-41.861541],[-72.126103,-41.860385],[-72.128069,-41.855901],[-72.133755,-41.854746],[-72.137475,-41.858074],[-72.143162,-41.856917],[-72.146883,-41.860246],[-72.15257,-41.859089],[-72.154535,-41.854604],[-72.150813,-41.851276],[-72.152778,-41.846791],[-72.158464,-41.845634],[-72.160428,-41.841149],[-72.166114,-41.839991],[-72.168077,-41.835505],[-72.173763,-41.834347],[-72.175725,-41.829861],[-72.172003,-41.826535],[-72.166318,-41.827693],[-72.164355,-41.832178],[-72.15867,-41.833337],[-72.15495,-41.83001],[-72.156913,-41.825525],[-72.153193,-41.822199],[-72.14751,-41.823356],[-72.145546,-41.827841],[-72.139863,-41.828998],[-72.136144,-41.825671],[-72.130461,-41.826828],[-72.128496,-41.831311],[-72.122813,-41.832467],[-72.119096,-41.82914],[-72.113414,-41.830296],[-72.111447,-41.834779],[-72.105765,-41.835934],[-72.102049,-41.832606],[-72.096367,-41.833761],[-72.092653,-41.830433],[-72.086972,-41.831587],[-72.083259,-41.82826],[-72.077579,-41.829413],[-72.073867,-41.826086],[-72.068187,-41.827239],[-72.064476,-41.823911],[-72.066445,-41.819431],[-72.072124,-41.818277],[-72.075835,-41.821605],[-72.081515,-41.820451],[-72.085227,-41.823778],[-72.090908,-41.822624],[-72.094621,-41.825951],[-72.100302,-41.824797],[-72.104016,-41.828124],[-72.109698,-41.826969],[-72.111664,-41.822486],[-72.10795,-41.819159],[-72.109916,-41.814677],[-72.115596,-41.813521],[-72.117562,-41.809038],[-72.123242,-41.807882],[-72.126958,-41.811208],[-72.132639,-41.810051],[-72.134603,-41.805568],[-72.130887,-41.802242],[-72.132851,-41.797758],[-72.129135,-41.794433],[-72.131099,-41.78995],[-72.136778,-41.788792],[-72.138741,-41.784309],[-72.14442,-41.783151],[-72.146383,-41.778667],[-72.152061,-41.777508],[-72.154023,-41.773025],[-72.150307,-41.7697],[-72.144629,-41.770859],[-72.142667,-41.775343],[-72.136989,-41.776501],[-72.133275,-41.773176],[-72.127598,-41.774334],[-72.123885,-41.77101],[-72.125848,-41.766528],[-72.131524,-41.765369],[-72.135238,-41.768694],[-72.140915,-41.767535],[-72.142877,-41.763052],[-72.139163,-41.759728]],[[-72.216876,-41.735662],[-72.214919,-41.740148],[-72.21864,-41.74347],[-72.224318,-41.742306],[-72.226274,-41.73782],[-72.231952,-41.736656],[-72.233907,-41.732169],[-72.230185,-41.728848],[-72.224509,-41.730012],[-72.222553,-41.734498],[-72.216876,-41.735662]],[[-72.179851,-41.808593],[-72.17789,-41.813079],[-72.172206,-41.814238],[-72.170244,-41.818723],[-72.173965,-41.822049],[-72.17965,-41.82089],[-72.181611,-41.816404],[-72.187296,-41.815244],[-72.189257,-41.810759],[-72.185534,-41.807433],[-72.179851,-41.808593]],[[-72.23334,-41.769057],[-72.231383,-41.773544],[-72.235108,-41.776867],[-72.240791,-41.775703],[-72.242747,-41.771216],[-72.239022,-41.767893],[-72.240978,-41.763405],[-72.246659,-41.762241],[-72.248615,-41.757753],[-72.24489,-41.754431],[-72.239209,-41.755595],[-72.237253,-41.760083],[-72.231573,-41.761247],[-72.227849,-41.757924],[-72.229806,-41.753437],[-72.235485,-41.752273],[-72.237441,-41.747786],[-72.243121,-41.746621],[-72.245076,-41.742134],[-72.241352,-41.738812],[-72.235674,-41.739977],[-72.233718,-41.744464],[-72.22804,-41.745628],[-72.226083,-41.750115],[-72.220404,-41.751279],[-72.218447,-41.755765],[-72.212768,-41.756928],[-72.21081,-41.761414],[-72.214532,-41.764737],[-72.220212,-41.763574],[-72.223935,-41.766897],[-72.229616,-41.765734],[-72.23334,-41.769057]],[[-72.323753,-41.787302],[-72.318066,-41.78847],[-72.316114,-41.792961],[-72.310426,-41.794129],[-72.306692,-41.790806],[-72.301005,-41.791973],[-72.297272,-41.78865],[-72.291586,-41.789816],[-72.289632,-41.794306],[-72.293364,-41.79763],[-72.29141,-41.80212],[-72.285722,-41.803286],[-72.283767,-41.807776],[-72.27808,-41.808942],[-72.276124,-41.813431],[-72.279857,-41.816756],[-72.285545,-41.81559],[-72.289279,-41.818915],[-72.294968,-41.817749],[-72.296923,-41.813258],[-72.302612,-41.812092],[-72.304566,-41.807601],[-72.310254,-41.806434],[-72.31399,-41.809758],[-72.319679,-41.808591],[-72.321632,-41.804099],[-72.327321,-41.802931],[-72.331059,-41.806254],[-72.336748,-41.805086],[-72.3387,-41.800594],[-72.34439,-41.799425],[-72.346341,-41.794932],[-72.342603,-41.791609],[-72.336914,-41.792779],[-72.333177,-41.789456],[-72.327489,-41.790625],[-72.323753,-41.787302]],[[-72.28697,-41.848018],[-72.283234,-41.844692],[-72.277543,-41.845857],[-72.275586,-41.850347],[-72.279321,-41.853673],[-72.285013,-41.852509],[-72.28697,-41.848018]],[[-72.264566,-41.828064],[-72.270255,-41.8269],[-72.272212,-41.822411],[-72.26848,-41.819086],[-72.270436,-41.814596],[-72.266705,-41.811272],[-72.261018,-41.812436],[-72.259061,-41.816925],[-72.253373,-41.818089],[-72.251416,-41.822578],[-72.255146,-41.825903],[-72.260835,-41.824739],[-72.264566,-41.828064]],[[-72.224938,-41.823903],[-72.228666,-41.827229],[-72.234353,-41.826067],[-72.236312,-41.821578],[-72.232583,-41.818253],[-72.234542,-41.813765],[-72.230814,-41.81044],[-72.225129,-41.811603],[-72.22317,-41.81609],[-72.226897,-41.819415],[-72.224938,-41.823903]],[[-72.259244,-41.804623],[-72.255515,-41.801298],[-72.249829,-41.802462],[-72.247872,-41.806951],[-72.251601,-41.810275],[-72.257287,-41.809111],[-72.259244,-41.804623]]]},"properties":{"comuna":"Cochamó","mancha_id":"10103-88ce858403fffff","clase":"Medio","nivel_medio":2.043,"nivel_medio_min":1.502,"nivel_medio_max":2.497,"pct_alto":25.6,"n_hexagonos":238,"area_ha":14937.78}},{"type":"Feature","geometry":{"type":"Polygon","coordinates":[[[-71.907225,-41.863862],[-71.905244,-41.868337],[-71.899568,-41.869479],[-71.895872,-41.866148],[-71.897853,-41.861674],[-71.894158,-41.858343],[-71.888483,-41.859485],[-71.88479,-41.856154],[-71.886771,-41.85168],[-71.883078,-41.848349],[-71.885058,-41.843876],[-71.890732,-41.842734],[-71.894425,-41.846065],[-71.892445,-41.850538],[-71.896139,-41.853869],[-71.901814,-41.852726],[-71.905509,-41.856057],[-71.903529,-41.860531],[-71.907225,-41.863862]]]},"properties":{"comuna":"Cochamó","mancha_id":"10103-88ce858305fffff","clase":"Medio","nivel_medio":1.745,"nivel_medio_min":1.649,"nivel_medio_max":1.898,"pct_alto":4.8,"n_hexagonos":4,"area_ha":255.94}},{"type":"Feature","geometry":{"type":"Polygon","coordinates":[[[-72.039789,-41.833],[-72.043498,-41.836328],[-72.049177,-41.835177],[-72.052887,-41.838505],[-72.050917,-41.842985],[-72.054627,-41.846314],[-72.052657,-41.850795],[-72.046975,-41.851946],[-72.043265,-41.848617],[-72.037584,-41.849768],[-72.033875,-41.846439],[-72.035847,-41.841959],[-72.032138,-41.838631],[-72.03411,-41.834151],[-72.030402,-41.830823],[-72.032374,-41.826344],[-72.038052,-41.825192],[-72.04176,-41.82852],[-72.039789,-41.833]]]},"properties":{"comuna":"Cochamó","mancha_id":"10103-88ce858283fffff","clase":"Medio","nivel_medio":1.635,"nivel_medio_min":1.53,"nivel_medio_max":1.74,"pct_alto":2.6,"n_hexagonos":5,"area_ha":320.72}},{"type":"Feature","geometry":{"type":"Polygon","coordinates":[[[-72.012168,-41.895714],[-72.010193,-41.900193],[-72.013903,-41.903525],[-72.011928,-41.908005],[-72.015639,-41.911337],[-72.013664,-41.915817],[-72.007977,-41.916964],[-72.004266,-41.913632],[-72.006242,-41.909152],[-72.002533,-41.90582],[-72.004508,-41.901341],[-72.000799,-41.898009],[-72.002775,-41.89353],[-72.008459,-41.892383],[-72.010434,-41.887903],[-72.016118,-41.886755],[-72.019827,-41.890086],[-72.025512,-41.888937],[-72.029223,-41.892268],[-72.034908,-41.891119],[-72.036881,-41.886638],[-72.042566,-41.885488],[-72.046279,-41.888819],[-72.051964,-41.887669],[-72.053936,-41.883188],[-72.059621,-41.882037],[-72.063336,-41.885367],[-72.069022,-41.884216],[-72.070992,-41.879734],[-72.067278,-41.876404],[-72.061593,-41.877555],[-72.057879,-41.874225],[-72.059851,-41.869744],[-72.056138,-41.866415],[-72.058109,-41.861934],[-72.063792,-41.860782],[-72.065762,-41.856301],[-72.06205,-41.852972],[-72.06402,-41.848491],[-72.069702,-41.847338],[-72.073415,-41.850667],[-72.071445,-41.855148],[-72.075159,-41.858477],[-72.073189,-41.862959],[-72.076903,-41.866288],[-72.082588,-41.865136],[-72.086303,-41.868465],[-72.084334,-41.872947],[-72.08805,-41.876277],[-72.093736,-41.875124],[-72.097453,-41.878453],[-72.10314,-41.8773],[-72.106859,-41.880629],[-72.10489,-41.885113],[-72.099202,-41.886266],[-72.097233,-41.890749],[-72.091545,-41.891902],[-72.089575,-41.896385],[-72.083887,-41.897537],[-72.080169,-41.894207],[-72.08214,-41.889724],[-72.087827,-41.888572],[-72.089797,-41.884089],[-72.08608,-41.880759],[-72.080394,-41.881912],[-72.078424,-41.886394],[-72.072737,-41.887546],[-72.070766,-41.892028],[-72.074482,-41.895358],[-72.072511,-41.899841],[-72.076227,-41.903171],[-72.074256,-41.907654],[-72.077973,-41.910985],[-72.083663,-41.909833],[-72.085634,-41.905351],[-72.091323,-41.904198],[-72.093293,-41.899715],[-72.098982,-41.898563],[-72.102702,-41.901893],[-72.100732,-41.906377],[-72.104452,-41.909707],[-72.110143,-41.908554],[-72.113864,-41.911885],[-72.119555,-41.910732],[-72.123278,-41.914062],[-72.128969,-41.912908],[-72.132693,-41.916239],[-72.138386,-41.915085],[-72.140353,-41.910599],[-72.136629,-41.907269],[-72.138597,-41.902784],[-72.134873,-41.899454],[-72.136841,-41.894969],[-72.133118,-41.891639],[-72.135086,-41.887154],[-72.131364,-41.883825],[-72.125675,-41.88498],[-72.121954,-41.88165],[-72.116266,-41.882805],[-72.112546,-41.879475],[-72.114514,-41.874992],[-72.120201,-41.873837],[-72.123922,-41.877166],[-72.129609,-41.876011],[-72.131576,-41.871527],[-72.137264,-41.870371],[-72.140986,-41.8737],[-72.146674,-41.872544],[-72.150397,-41.875873],[-72.156086,-41.874716],[-72.15981,-41.878045],[-72.157844,-41.88253],[-72.161569,-41.885859],[-72.159603,-41.890345],[-72.163329,-41.893675],[-72.161363,-41.898161],[-72.165089,-41.90149],[-72.163123,-41.905977],[-72.16685,-41.909307],[-72.172543,-41.90815],[-72.176271,-41.91148],[-72.174306,-41.915967],[-72.178035,-41.919297],[-72.176069,-41.923785],[-72.170374,-41.924941],[-72.168407,-41.929428],[-72.162712,-41.930584],[-72.158984,-41.927253],[-72.153289,-41.928408],[-72.149562,-41.925077],[-72.15153,-41.920591],[-72.147804,-41.91726],[-72.142111,-41.918415],[-72.140143,-41.922901],[-72.143868,-41.926232],[-72.1419,-41.930718],[-72.136206,-41.931872],[-72.13248,-41.928541],[-72.126787,-41.929694],[-72.123063,-41.926363],[-72.11737,-41.927516],[-72.1154,-41.932001],[-72.109707,-41.933154],[-72.105984,-41.929822],[-72.100292,-41.930974],[-72.098321,-41.935458],[-72.102043,-41.93879],[-72.100072,-41.943274],[-72.094378,-41.944426],[-72.092406,-41.94891],[-72.086712,-41.950061],[-72.082991,-41.946728],[-72.084963,-41.942245],[-72.081243,-41.938912],[-72.083215,-41.934429],[-72.088907,-41.933278],[-72.090879,-41.928794],[-72.09657,-41.927642],[-72.098541,-41.923159],[-72.094821,-41.919827],[-72.08913,-41.920979],[-72.08541,-41.917648],[-72.07972,-41.918799],[-72.077748,-41.923282],[-72.072058,-41.924433],[-72.06834,-41.921101],[-72.070312,-41.916619],[-72.066595,-41.913287],[-72.060906,-41.914438],[-72.058933,-41.91892],[-72.053244,-41.920069],[-72.051271,-41.924551],[-72.045581,-41.9257],[-72.041866,-41.922368],[-72.04384,-41.917887],[-72.040126,-41.914555],[-72.034438,-41.915704],[-72.030725,-41.912372],[-72.025037,-41.913521],[-72.021325,-41.910189],[-72.0233,-41.905709],[-72.019589,-41.902377],[-72.021564,-41.897897],[-72.017853,-41.894566],[-72.012168,-41.895714]],[[-72.048019,-41.896631],[-72.046046,-41.901112],[-72.04976,-41.904443],[-72.047787,-41.908924],[-72.051502,-41.912256],[-72.05719,-41.911106],[-72.059163,-41.906624],[-72.055448,-41.903293],[-72.05742,-41.898812],[-72.053706,-41.895481],[-72.048019,-41.896631]]]},"properties":{"comuna":"Cochamó","mancha_id":"10103-88ce85825bfffff","clase":"Medio","nivel_medio":2.112,"nivel_medio_min":1.541,"nivel_medio_max":2.493,"pct_alto":32.0,"n_hexagonos":83,"area_ha":5332.16}},{"type":"Feature","geometry":{"type":"Polygon","coordinates":[[[-72.006966,-41.872284],[-72.012648,-41.871135],[-72.014622,-41.866656],[-72.020304,-41.865507],[-72.024013,-41.868837],[-72.022039,-41.873316],[-72.025749,-41.876647],[-72.023775,-41.881127],[-72.018092,-41.882275],[-72.014383,-41.878945],[-72.0087,-41.880093],[-72.004992,-41.876763],[-72.006966,-41.872284]]]},"properties":{"comuna":"Cochamó","mancha_id":"10103-88ce85821bfffff","clase":"Medio","nivel_medio":1.548,"nivel_medio_min":1.504,"nivel_medio_max":1.612,"pct_alto":1.8,"n_hexagonos":3,"area_ha":192.41}},{"type":"Feature","geometry":{"type":"Polygon","coordinates":[[[-71.964026,-41.758652],[-71.962053,-41.763127],[-71.956385,-41.764276],[-71.952691,-41.760949],[-71.954664,-41.756475],[-71.960332,-41.755326],[-71.964026,-41.758652]]]},"properties":{"comuna":"Cochamó","mancha_id":"10103-88ce8581b9fffff","clase":"Medio","nivel_medio":1.579,"nivel_medio_min":1.579,"nivel_medio_max":1.579,"pct_alto":0.1,"n_hexagonos":1,"area_ha":64.0}},{"type":"Feature","geometry":{"type":"Polygon","coordinates":[[[-71.960583,-41.743051],[-71.95861,-41.747526],[-71.952944,-41.748674],[-71.949251,-41.745349],[-71.943586,-41.746497],[-71.941612,-41.750971],[-71.935946,-41.752119],[-71.932255,-41.748793],[-71.92659,-41.74994],[-71.9229,-41.746614],[-71.917235,-41.747761],[-71.913546,-41.744435],[-71.907882,-41.745582],[-71.905907,-41.750054],[-71.900243,-41.7512],[-71.896555,-41.747873],[-71.890892,-41.749019],[-71.887206,-41.745692],[-71.881543,-41.746837],[-71.879566,-41.751308],[-71.873903,-41.752453],[-71.870218,-41.749126],[-71.864556,-41.75027],[-71.860872,-41.746943],[-71.862851,-41.742473],[-71.859168,-41.739146],[-71.853507,-41.74029],[-71.851528,-41.74476],[-71.845867,-41.745903],[-71.842186,-41.742576],[-71.844165,-41.738106],[-71.840485,-41.73478],[-71.842464,-41.730311],[-71.838784,-41.726984],[-71.840763,-41.722515],[-71.837084,-41.71919],[-71.839063,-41.714721],[-71.835385,-41.711395],[-71.837363,-41.706927],[-71.84302,-41.705783],[-71.846699,-41.709108],[-71.84472,-41.713577],[-71.8484,-41.716903],[-71.846422,-41.721372],[-71.850102,-41.724698],[-71.855761,-41.723554],[-71.857738,-41.719085],[-71.863397,-41.71794],[-71.867079,-41.721266],[-71.865102,-41.725736],[-71.868784,-41.729062],[-71.874444,-41.727917],[-71.878128,-41.731243],[-71.876151,-41.735714],[-71.879835,-41.73904],[-71.885497,-41.737895],[-71.889182,-41.741221],[-71.894845,-41.740075],[-71.896821,-41.735604],[-71.902483,-41.734458],[-71.904459,-41.729986],[-71.910121,-41.728839],[-71.913808,-41.732164],[-71.911833,-41.736637],[-71.915521,-41.739962],[-71.921185,-41.738815],[-71.924874,-41.742141],[-71.930539,-41.740994],[-71.934229,-41.744319],[-71.939894,-41.743171],[-71.941868,-41.738698],[-71.938177,-41.735372],[-71.94015,-41.730899],[-71.945814,-41.72975],[-71.947786,-41.725276],[-71.95345,-41.724127],[-71.955422,-41.719653],[-71.961085,-41.718503],[-71.964777,-41.721828],[-71.970441,-41.720678],[-71.974135,-41.724002],[-71.972164,-41.728477],[-71.966499,-41.729627],[-71.964527,-41.734102],[-71.968221,-41.737427],[-71.966249,-41.741901],[-71.960583,-41.743051]],[[-71.951224,-41.740875],[-71.95689,-41.739726],[-71.958862,-41.735251],[-71.955169,-41.731926],[-71.949505,-41.733075],[-71.947532,-41.737549],[-71.951224,-41.740875]]]},"properties":{"comuna":"Cochamó","mancha_id":"10103-88ce8581b7fffff","clase":"Medio","nivel_medio":1.687,"nivel_medio_min":1.501,"nivel_medio_max":2.426,"pct_alto":13.3,"n_hexagonos":31,"area_ha":1981.25}},{"type":"Feature","geometry":{"type":"Polygon","coordinates":[[[-71.891801,-41.793633],[-71.889823,-41.798106],[-71.884154,-41.799249],[-71.880465,-41.79592],[-71.874797,-41.797064],[-71.872818,-41.801535],[-71.86715,-41.802678],[-71.865169,-41.80715],[-71.859501,-41.808292],[-71.85752,-41.812763],[-71.851851,-41.813904],[-71.848165,-41.810575],[-71.842497,-41.811716],[-71.840515,-41.816186],[-71.834847,-41.817327],[-71.832864,-41.821797],[-71.827196,-41.822937],[-71.823511,-41.819607],[-71.825495,-41.815137],[-71.831162,-41.813997],[-71.833145,-41.809526],[-71.82946,-41.806197],[-71.831443,-41.801727],[-71.837109,-41.800586],[-71.840794,-41.803916],[-71.846461,-41.802774],[-71.848442,-41.798304],[-71.854109,-41.797162],[-71.857795,-41.800491],[-71.863462,-41.799349],[-71.865442,-41.794878],[-71.87111,-41.793735],[-71.873089,-41.789263],[-71.878756,-41.78812],[-71.880735,-41.783648],[-71.877047,-41.78032],[-71.871381,-41.781464],[-71.867695,-41.778136],[-71.869674,-41.773664],[-71.875339,-41.772521],[-71.879026,-41.775849],[-71.884692,-41.774705],[-71.88838,-41.778032],[-71.886401,-41.782504],[-71.89009,-41.785832],[-71.895757,-41.784688],[-71.897735,-41.780216],[-71.903402,-41.779071],[-71.905379,-41.774598],[-71.911046,-41.773452],[-71.914737,-41.77678],[-71.91276,-41.781253],[-71.907092,-41.782398],[-71.905115,-41.786871],[-71.899447,-41.788016],[-71.897469,-41.792489],[-71.891801,-41.793633]]]},"properties":{"comuna":"Cochamó","mancha_id":"10103-88ce858123fffff","clase":"Medio","nivel_medio":1.687,"nivel_medio_min":1.502,"nivel_medio_max":2.043,"pct_alto":9.3,"n_hexagonos":16,"area_ha":1022.64}},{"type":"Feature","geometry":{"type":"Polygon","coordinates":[[[-72.045933,-41.807274],[-72.043963,-41.811754],[-72.038286,-41.812906],[-72.034579,-41.809578],[-72.028903,-41.81073],[-72.025198,-41.807403],[-72.027168,-41.802924],[-72.032844,-41.801772],[-72.03655,-41.805099],[-72.042226,-41.803947],[-72.045933,-41.807274]]]},"properties":{"comuna":"Cochamó","mancha_id":"10103-88ce8580d9fffff","clase":"Medio","nivel_medio":1.556,"nivel_medio_min":1.537,"nivel_medio_max":1.575,"pct_alto":1.7,"n_hexagonos":2,"area_ha":128.23}},{"type":"Feature","geometry":{"type":"Polygon","coordinates":[[[-72.042459,-41.791662],[-72.040489,-41.796141],[-72.034814,-41.797294],[-72.031109,-41.793967],[-72.033079,-41.789488],[-72.038753,-41.788336],[-72.042459,-41.791662]]]},"properties":{"comuna":"Cochamó","mancha_id":"10103-88ce8580d7fffff","clase":"Medio","nivel_medio":1.657,"nivel_medio_min":1.657,"nivel_medio_max":1.657,"pct_alto":1.3,"n_hexagonos":1,"area_ha":64.11}},{"type":"Feature","geometry":{"type":"Polygon","coordinates":[[[-72.016057,-41.792943],[-72.014086,-41.797421],[-72.008412,-41.798571],[-72.00644,-41.803049],[-72.000766,-41.804199],[-71.997064,-41.800872],[-71.999036,-41.796394],[-72.004709,-41.795244],[-72.006681,-41.790767],[-72.012354,-41.789616],[-72.016057,-41.792943]]]},"properties":{"comuna":"Cochamó","mancha_id":"10103-88ce85808dfffff","clase":"Medio","nivel_medio":1.594,"nivel_medio_min":1.512,"nivel_medio_max":1.676,"pct_alto":2.2,"n_hexagonos":2,"area_ha":128.15}},{"type":"Feature","geometry":{"type":"Polygon","coordinates":[[[-72.031344,-41.781683],[-72.029375,-41.786162],[-72.023701,-41.787313],[-72.019998,-41.783987],[-72.021968,-41.779509],[-72.018266,-41.776183],[-72.020236,-41.771705],[-72.025907,-41.770553],[-72.02961,-41.773879],[-72.027641,-41.778357],[-72.031344,-41.781683]]]},"properties":{"comuna":"Cochamó","mancha_id":"10103-88ce858083fffff","clase":"Medio","nivel_medio":1.51,"nivel_medio_min":1.504,"nivel_medio_max":1.516,"pct_alto":3.0,"n_hexagonos":2,"area_ha":128.17}},{"type":"Feature","geometry":{"type":"Polygon","coordinates":[[[-71.972644,-41.797664],[-71.970671,-41.80214],[-71.964998,-41.803288],[-71.9613,-41.79996],[-71.963274,-41.795485],[-71.959577,-41.792157],[-71.961551,-41.787682],[-71.967222,-41.786533],[-71.969196,-41.782058],[-71.965499,-41.778731],[-71.967472,-41.774255],[-71.973142,-41.773106],[-71.976839,-41.776433],[-71.974866,-41.780909],[-71.978564,-41.784236],[-71.984235,-41.783086],[-71.986208,-41.77861],[-71.991879,-41.77746],[-71.99385,-41.772983],[-71.990151,-41.769657],[-71.992123,-41.765181],[-71.997793,-41.76403],[-72.001492,-41.767356],[-72.007162,-41.766205],[-72.009133,-41.761728],[-72.014803,-41.760576],[-72.018504,-41.763902],[-72.016534,-41.768379],[-72.010863,-41.769531],[-72.008892,-41.774008],[-72.003221,-41.775159],[-72.00125,-41.779636],[-71.995578,-41.780787],[-71.993606,-41.785263],[-71.997307,-41.78859],[-71.995335,-41.793067],[-71.989662,-41.794217],[-71.987689,-41.798694],[-71.99139,-41.802021],[-71.989417,-41.806498],[-71.983743,-41.807647],[-71.98177,-41.812124],[-71.976095,-41.813272],[-71.972396,-41.809944],[-71.97437,-41.805468],[-71.980043,-41.804319],[-71.982016,-41.799843],[-71.978317,-41.796515],[-71.98029,-41.792039],[-71.976591,-41.788712],[-71.97092,-41.789861],[-71.968946,-41.794336],[-71.972644,-41.797664]]]},"properties":{"comuna":"Cochamó","mancha_id":"10103-88ce858037fffff","clase":"Medio","nivel_medio":1.859,"nivel_medio_min":1.654,"nivel_medio_max":2.127,"pct_alto":20.2,"n_hexagonos":14,"area_ha":896.62}},{"type":"Feature","geometry":{"type":"Polygon","coordinates":[[[-71.940333,-41.812352],[-71.938357,-41.816827],[-71.942053,-41.820156],[-71.940077,-41.824631],[-71.943774,-41.82796],[-71.941797,-41.832436],[-71.936123,-41.833581],[-71.932426,-41.830252],[-71.926752,-41.831397],[-71.924774,-41.835871],[-71.9191,-41.837016],[-71.915405,-41.833686],[-71.917383,-41.829212],[-71.923056,-41.828067],[-71.925034,-41.823593],[-71.921339,-41.820264],[-71.923316,-41.815789],[-71.919622,-41.81246],[-71.921599,-41.807986],[-71.92727,-41.806841],[-71.930965,-41.810169],[-71.936637,-41.809023],[-71.940333,-41.812352]]]},"properties":{"comuna":"Cochamó","mancha_id":"10103-88ce858025fffff","clase":"Medio","nivel_medio":1.92,"nivel_medio_min":1.589,"nivel_medio_max":2.476,"pct_alto":20.2,"n_hexagonos":7,"area_ha":448.02}},{"type":"Feature","geometry":{"type":"Polygon","coordinates":[[[-71.977822,-41.821078],[-71.975847,-41.825554],[-71.979549,-41.828883],[-71.985225,-41.827735],[-71.987199,-41.823258],[-71.983497,-41.819929],[-71.985471,-41.815452],[-71.991145,-41.814303],[-71.993119,-41.809826],[-71.998793,-41.808677],[-72.002496,-41.812004],[-72.000523,-41.816482],[-71.994848,-41.817631],[-71.992874,-41.822109],[-71.996577,-41.825437],[-71.994604,-41.829915],[-71.998307,-41.833244],[-71.996334,-41.837722],[-71.990656,-41.83887],[-71.986953,-41.835541],[-71.981276,-41.836689],[-71.979301,-41.841166],[-71.983004,-41.844496],[-71.981029,-41.848973],[-71.984733,-41.852303],[-71.990411,-41.851155],[-71.994116,-41.854485],[-71.999795,-41.853336],[-72.003501,-41.856666],[-72.001527,-41.861145],[-72.005233,-41.864475],[-72.003259,-41.868953],[-71.997578,-41.870101],[-71.993872,-41.866771],[-71.995847,-41.862293],[-71.992141,-41.858963],[-71.986462,-41.860111],[-71.982757,-41.85678],[-71.977078,-41.857928],[-71.975103,-41.862405],[-71.969423,-41.863552],[-71.967447,-41.868029],[-71.961767,-41.869175],[-71.958065,-41.865844],[-71.960042,-41.861368],[-71.965721,-41.860221],[-71.967697,-41.855744],[-71.963995,-41.852414],[-71.958318,-41.853561],[-71.956341,-41.858037],[-71.950663,-41.859183],[-71.948685,-41.863659],[-71.952386,-41.86699],[-71.950409,-41.871466],[-71.95411,-41.874797],[-71.95979,-41.873652],[-71.963493,-41.876983],[-71.969174,-41.875837],[-71.97115,-41.87136],[-71.97683,-41.870213],[-71.978806,-41.865736],[-71.984486,-41.864588],[-71.988191,-41.867919],[-71.986216,-41.872397],[-71.980535,-41.873544],[-71.978559,-41.878021],[-71.982264,-41.881353],[-71.987946,-41.880206],[-71.991652,-41.883537],[-71.997334,-41.882389],[-72.001042,-41.88572],[-71.999067,-41.890199],[-71.993383,-41.891346],[-71.991407,-41.895825],[-71.995115,-41.899157],[-71.993139,-41.903635],[-71.996847,-41.906967],[-71.994871,-41.911446],[-71.99858,-41.914779],[-71.996604,-41.919258],[-72.000314,-41.922591],[-72.006001,-41.921444],[-72.009712,-41.924776],[-72.007735,-41.929256],[-72.002048,-41.930403],[-72.000071,-41.934883],[-71.994382,-41.936029],[-71.992405,-41.940508],[-71.996116,-41.943842],[-71.994138,-41.948321],[-71.99785,-41.951655],[-72.00354,-41.950509],[-72.005517,-41.946029],[-72.001805,-41.942696],[-72.003782,-41.938216],[-72.009471,-41.937069],[-72.013184,-41.940403],[-72.018873,-41.939255],[-72.022587,-41.942589],[-72.020611,-41.947069],[-72.024325,-41.950403],[-72.030016,-41.949255],[-72.031992,-41.944774],[-72.037683,-41.943626],[-72.039658,-41.939145],[-72.045349,-41.937996],[-72.047323,-41.933514],[-72.053013,-41.932365],[-72.05673,-41.935698],[-72.062421,-41.934548],[-72.066139,-41.937881],[-72.064166,-41.942363],[-72.058474,-41.943513],[-72.0565,-41.947995],[-72.060218,-41.951328],[-72.058244,-41.955811],[-72.052551,-41.95696],[-72.048833,-41.953626],[-72.043141,-41.954774],[-72.039424,-41.951441],[-72.033732,-41.952589],[-72.031756,-41.95707],[-72.026064,-41.958218],[-72.024088,-41.962699],[-72.018395,-41.963846],[-72.01468,-41.960511],[-72.008989,-41.961658],[-72.007011,-41.966138],[-72.010726,-41.969473],[-72.008748,-41.973953],[-72.012463,-41.977288],[-72.010485,-41.981769],[-72.004791,-41.982915],[-72.001076,-41.979579],[-72.003055,-41.975099],[-71.999341,-41.971764],[-71.993649,-41.972909],[-71.989936,-41.969574],[-71.991915,-41.965095],[-71.997606,-41.963949],[-71.999584,-41.959469],[-71.995872,-41.956135],[-71.990181,-41.95728],[-71.98647,-41.953946],[-71.988449,-41.949467],[-71.984738,-41.946133],[-71.986716,-41.941654],[-71.983006,-41.93832],[-71.977319,-41.939465],[-71.97534,-41.943944],[-71.979049,-41.947278],[-71.97707,-41.951757],[-71.971381,-41.952901],[-71.969402,-41.95738],[-71.963713,-41.958524],[-71.960004,-41.955189],[-71.954315,-41.956333],[-71.952335,-41.96081],[-71.946646,-41.961953],[-71.944664,-41.966431],[-71.948372,-41.969766],[-71.94639,-41.974244],[-71.950099,-41.97758],[-71.948117,-41.982058],[-71.951826,-41.985394],[-71.949844,-41.989872],[-71.953554,-41.993208],[-71.959246,-41.992066],[-71.962958,-41.995402],[-71.968651,-41.99426],[-71.972363,-41.997596],[-71.978057,-41.996452],[-71.980037,-41.991973],[-71.976325,-41.988637],[-71.970632,-41.98978],[-71.96692,-41.986444],[-71.961228,-41.987587],[-71.957518,-41.984251],[-71.959499,-41.979773],[-71.96519,-41.97863],[-71.967171,-41.974151],[-71.963461,-41.970816],[-71.965441,-41.966337],[-71.971132,-41.965193],[-71.974842,-41.968528],[-71.980533,-41.967384],[-71.984244,-41.970719],[-71.982265,-41.975199],[-71.976573,-41.976343],[-71.974593,-41.980822],[-71.978305,-41.984157],[-71.983998,-41.983013],[-71.985977,-41.978534],[-71.99167,-41.977389],[-71.995383,-41.980724],[-71.993404,-41.985205],[-71.997118,-41.98854],[-71.995139,-41.99302],[-71.998854,-41.996356],[-71.996874,-42.000837],[-71.991179,-42.001981],[-71.989199,-42.006461],[-71.992914,-42.009798],[-71.990934,-42.014278],[-71.985237,-42.015422],[-71.981522,-42.012085],[-71.975827,-42.013228],[-71.973845,-42.017708],[-71.968149,-42.018851],[-71.966167,-42.02333],[-71.969881,-42.026668],[-71.975578,-42.025525],[-71.97756,-42.021045],[-71.983256,-42.019902],[-71.986972,-42.023239],[-71.98499,-42.02772],[-71.979293,-42.028863],[-71.977311,-42.033343],[-71.971613,-42.034485],[-71.969631,-42.038965],[-71.963933,-42.040107],[-71.960218,-42.036769],[-71.954521,-42.03791],[-71.950808,-42.034572],[-71.952791,-42.030093],[-71.958488,-42.028951],[-71.960471,-42.024472],[-71.956758,-42.021134],[-71.958741,-42.016655],[-71.955029,-42.013318],[-71.949334,-42.01446],[-71.947351,-42.018938],[-71.951063,-42.022276],[-71.949079,-42.026755],[-71.943383,-42.027896],[-71.941399,-42.032374],[-71.945111,-42.035713],[-71.943127,-42.040191],[-71.94684,-42.04353],[-71.952537,-42.042389],[-71.956251,-42.045728],[-71.961949,-42.044587],[-71.965664,-42.047925],[-71.971363,-42.046784],[-71.975079,-42.050122],[-71.973096,-42.054602],[-71.967396,-42.055744],[-71.965413,-42.060224],[-71.969129,-42.063563],[-71.967145,-42.068043],[-71.970863,-42.071383],[-71.968878,-42.075863],[-71.972596,-42.079203],[-71.978299,-42.078062],[-71.982018,-42.081402],[-71.980034,-42.085883],[-71.983754,-42.089223],[-71.98177,-42.093704],[-71.976066,-42.094845],[-71.972346,-42.091505],[-71.974331,-42.087024],[-71.970612,-42.083684],[-71.964909,-42.084824],[-71.961192,-42.081484],[-71.963177,-42.077004],[-71.95946,-42.073664],[-71.953759,-42.074805],[-71.950043,-42.071465],[-71.952028,-42.066985],[-71.957728,-42.065845],[-71.959713,-42.061365],[-71.955997,-42.058026],[-71.950298,-42.059166],[-71.946584,-42.055827],[-71.940885,-42.056967],[-71.937172,-42.053628],[-71.931474,-42.054767],[-71.927762,-42.051428],[-71.922065,-42.052567],[-71.918354,-42.049228],[-71.92034,-42.04475],[-71.926037,-42.043611],[-71.929748,-42.04695],[-71.935445,-42.04581],[-71.93743,-42.041332],[-71.933718,-42.037993],[-71.928022,-42.039133],[-71.924312,-42.035794],[-71.918616,-42.036933],[-71.914907,-42.033595],[-71.909212,-42.034733],[-71.905504,-42.031395],[-71.89981,-42.032533],[-71.897823,-42.03701],[-71.892129,-42.038148],[-71.890141,-42.042624],[-71.893848,-42.045963],[-71.89186,-42.05044],[-71.886165,-42.051577],[-71.882458,-42.048238],[-71.876763,-42.049374],[-71.874774,-42.05385],[-71.869079,-42.054986],[-71.865374,-42.051646],[-71.859679,-42.052782],[-71.857689,-42.057257],[-71.851994,-42.058392],[-71.850004,-42.062867],[-71.844309,-42.064001],[-71.842317,-42.068476],[-71.836622,-42.06961],[-71.83463,-42.074085],[-71.838333,-42.077426],[-71.844029,-42.076292],[-71.846021,-42.071817],[-71.851717,-42.070683],[-71.853708,-42.066208],[-71.859403,-42.065073],[-71.863109,-42.068413],[-71.861118,-42.072889],[-71.864825,-42.07623],[-71.870522,-42.075095],[-71.872512,-42.070619],[-71.878209,-42.069483],[-71.881917,-42.072824],[-71.879927,-42.0773],[-71.883636,-42.080641],[-71.889334,-42.079505],[-71.893044,-42.082846],[-71.891055,-42.087323],[-71.894765,-42.090665],[-71.900465,-42.089528],[-71.904177,-42.092869],[-71.902188,-42.097347],[-71.9059,-42.100689],[-71.903911,-42.105167],[-71.898209,-42.106303],[-71.894497,-42.102961],[-71.888796,-42.104097],[-71.886805,-42.108574],[-71.890517,-42.111917],[-71.896219,-42.110781],[-71.899932,-42.114123],[-71.897942,-42.118601],[-71.892239,-42.119737],[-71.890248,-42.124215],[-71.893961,-42.127557],[-71.899665,-42.126422],[-71.901655,-42.121944],[-71.907359,-42.120808],[-71.911073,-42.12415],[-71.916778,-42.123014],[-71.920494,-42.126356],[-71.918504,-42.130835],[-71.912799,-42.131972],[-71.909084,-42.128629],[-71.903379,-42.129765],[-71.901389,-42.134243],[-71.905103,-42.137586],[-71.903113,-42.142065],[-71.906828,-42.145409],[-71.912535,-42.144273],[-71.916252,-42.147616],[-71.914261,-42.152096],[-71.917979,-42.155439],[-71.915988,-42.159919],[-71.91028,-42.161054],[-71.908289,-42.165534],[-71.912006,-42.168878],[-71.917716,-42.167743],[-71.921435,-42.171087],[-71.919444,-42.175567],[-71.923164,-42.178912],[-71.921173,-42.183392],[-71.924893,-42.186737],[-71.923498,-42.189877],[-71.923371,-42.189832],[-71.922324,-42.189499],[-71.9218,-42.189166],[-71.920896,-42.18907],[-71.919989,-42.189232],[-71.918847,-42.189399],[-71.918157,-42.189351],[-71.917303,-42.189393],[-71.916705,-42.18928],[-71.915661,-42.189166],[-71.914662,-42.188975],[-71.913662,-42.188666],[-71.913628,-42.18865],[-71.912639,-42.18819],[-71.911806,-42.187714],[-71.910997,-42.187286],[-71.910093,-42.186453],[-71.909305,-42.185616],[-71.908258,-42.185045],[-71.90764,-42.184616],[-71.906997,-42.184212],[-71.90645,-42.183331],[-71.905874,-42.18267],[-71.906031,-42.182317],[-71.902313,-42.178972],[-71.896603,-42.180106],[-71.892887,-42.176761],[-71.894879,-42.172282],[-71.900588,-42.171148],[-71.90258,-42.166668],[-71.898863,-42.163324],[-71.893155,-42.164458],[-71.88944,-42.161114],[-71.891432,-42.156636],[-71.887717,-42.153292],[-71.889709,-42.148813],[-71.895415,-42.147679],[-71.897407,-42.1432],[-71.893692,-42.139857],[-71.887987,-42.140992],[-71.884274,-42.137648],[-71.886265,-42.13317],[-71.882553,-42.129827],[-71.884544,-42.12535],[-71.880833,-42.122007],[-71.882824,-42.117529],[-71.879113,-42.114187],[-71.881104,-42.10971],[-71.877393,-42.106367],[-71.871693,-42.107502],[-71.867983,-42.10416],[-71.862283,-42.105294],[-71.860291,-42.10977],[-71.854591,-42.110904],[-71.852598,-42.11538],[-71.846897,-42.116513],[-71.84319,-42.11317],[-71.83749,-42.114303],[-71.835496,-42.118778],[-71.829796,-42.11991],[-71.827801,-42.124385],[-71.822101,-42.125517],[-71.818396,-42.122173],[-71.820391,-42.117699],[-71.826091,-42.116567],[-71.828085,-42.112092],[-71.82438,-42.108749],[-71.826374,-42.104274],[-71.832073,-42.103142],[-71.835778,-42.106485],[-71.841477,-42.105352],[-71.84347,-42.100877],[-71.839764,-42.097534],[-71.834066,-42.098667],[-71.830362,-42.095325],[-71.824664,-42.096457],[-71.82267,-42.100932],[-71.816972,-42.102064],[-71.814978,-42.106538],[-71.80928,-42.107669],[-71.807284,-42.112143],[-71.801586,-42.113274],[-71.79959,-42.117747],[-71.793892,-42.118877],[-71.791895,-42.123351],[-71.786196,-42.12448],[-71.782495,-42.121136],[-71.776797,-42.122265],[-71.773097,-42.118921],[-71.7674,-42.12005],[-71.763701,-42.116706],[-71.758004,-42.117834],[-71.754307,-42.11449],[-71.748611,-42.115617],[-71.746611,-42.120089],[-71.740915,-42.121216],[-71.739069,-42.125342],[-71.738304,-42.12516],[-71.7369,-42.124994],[-71.736258,-42.124922],[-71.735187,-42.124542],[-71.734069,-42.124304],[-71.733426,-42.123828],[-71.732903,-42.123566],[-71.732189,-42.123257],[-71.731618,-42.122995],[-71.73104,-42.122887],[-71.730802,-42.122554],[-71.730351,-42.121941],[-71.730342,-42.121914],[-71.730293,-42.121748],[-71.731524,-42.118998],[-71.728032,-42.115837],[-71.727916,-42.115459],[-71.727906,-42.115428],[-71.727954,-42.114548],[-71.727787,-42.11362],[-71.72743,-42.112954],[-71.726502,-42.11205],[-71.725836,-42.110907],[-71.725479,-42.109908],[-71.725693,-42.108695],[-71.726352,-42.108036],[-71.726478,-42.107909],[-71.727518,-42.106897],[-71.728251,-42.106199],[-71.728581,-42.105714],[-71.728328,-42.104592],[-71.727772,-42.104178],[-71.728135,-42.103368],[-71.726415,-42.101811],[-71.726755,-42.101285],[-71.727279,-42.100666],[-71.727897,-42.100214],[-71.728525,-42.098867],[-71.728858,-42.098344],[-71.729072,-42.097297],[-71.729595,-42.096274],[-71.730452,-42.095084],[-71.730813,-42.094689],[-71.732134,-42.094428],[-71.733881,-42.090521],[-71.734378,-42.090206],[-71.734973,-42.089873],[-71.735049,-42.089776],[-71.739826,-42.08883],[-71.74352,-42.092173],[-71.741521,-42.096644],[-71.735828,-42.097771],[-71.733829,-42.102242],[-71.737523,-42.105585],[-71.735524,-42.110056],[-71.739219,-42.1134],[-71.744914,-42.112273],[-71.746913,-42.107802],[-71.752608,-42.106674],[-71.756305,-42.110018],[-71.762001,-42.10889],[-71.763999,-42.104418],[-71.769695,-42.103289],[-71.773393,-42.106633],[-71.779089,-42.105503],[-71.781086,-42.101031],[-71.786782,-42.099901],[-71.790482,-42.103244],[-71.796179,-42.102114],[-71.798174,-42.09764],[-71.803871,-42.09651],[-71.805866,-42.092036],[-71.811562,-42.090905],[-71.813556,-42.086431],[-71.819252,-42.085299],[-71.821246,-42.080825],[-71.817544,-42.077483],[-71.811849,-42.078615],[-71.808148,-42.075273],[-71.810142,-42.0708],[-71.815836,-42.069668],[-71.817829,-42.065194],[-71.823523,-42.064061],[-71.825516,-42.059587],[-71.831209,-42.058454],[-71.833201,-42.05398],[-71.838894,-42.052846],[-71.840886,-42.048371],[-71.846579,-42.047237],[-71.848569,-42.042762],[-71.844867,-42.039422],[-71.846857,-42.034948],[-71.852549,-42.033813],[-71.856252,-42.037152],[-71.861944,-42.036016],[-71.863934,-42.031541],[-71.860231,-42.028202],[-71.86222,-42.023727],[-71.867911,-42.022591],[-71.869899,-42.018115],[-71.866197,-42.014777],[-71.868185,-42.010302],[-71.864483,-42.006964],[-71.858793,-42.008101],[-71.856804,-42.012575],[-71.851115,-42.013711],[-71.847414,-42.010373],[-71.849403,-42.005899],[-71.845704,-42.002561],[-71.840015,-42.003696],[-71.836317,-42.000358],[-71.830629,-42.001493],[-71.828639,-42.005967],[-71.822952,-42.007101],[-71.819255,-42.003763],[-71.821245,-41.99929],[-71.817549,-41.995952],[-71.811863,-41.997086],[-71.808168,-41.993748],[-71.810159,-41.989276],[-71.815844,-41.988141],[-71.817834,-41.983669],[-71.814139,-41.980332],[-71.816129,-41.975859],[-71.812435,-41.972522],[-71.806752,-41.973657],[-71.803059,-41.97032],[-71.805049,-41.965848],[-71.801357,-41.962511],[-71.803347,-41.95804],[-71.799656,-41.954703],[-71.801646,-41.950232],[-71.807326,-41.949097],[-71.809316,-41.944626],[-71.805625,-41.94129],[-71.799945,-41.942425],[-71.796255,-41.939089],[-71.798244,-41.934618],[-71.794555,-41.931283],[-71.788877,-41.932418],[-71.785189,-41.929082],[-71.779511,-41.930216],[-71.775824,-41.926881],[-71.777815,-41.922411],[-71.783491,-41.921277],[-71.787179,-41.924612],[-71.792856,-41.923477],[-71.796544,-41.926812],[-71.802222,-41.925677],[-71.805912,-41.929012],[-71.811591,-41.927876],[-71.815281,-41.931212],[-71.813293,-41.935683],[-71.816985,-41.939019],[-71.822665,-41.937883],[-71.824653,-41.933411],[-71.820961,-41.930075],[-71.822948,-41.925604],[-71.819257,-41.922269],[-71.821245,-41.917797],[-71.817554,-41.914463],[-71.819541,-41.909992],[-71.815852,-41.906657],[-71.810175,-41.907794],[-71.806487,-41.90446],[-71.808474,-41.899989],[-71.81415,-41.898852],[-71.816137,-41.894381],[-71.812448,-41.891048],[-71.806774,-41.892185],[-71.803086,-41.888851],[-71.797412,-41.889987],[-71.793726,-41.886654],[-71.795714,-41.882184],[-71.801387,-41.881047],[-71.805074,-41.884381],[-71.810747,-41.883244],[-71.814435,-41.886577],[-71.82011,-41.88544],[-71.823798,-41.888773],[-71.829473,-41.887635],[-71.833163,-41.890969],[-71.838839,-41.88983],[-71.840824,-41.885358],[-71.837134,-41.882025],[-71.839119,-41.877554],[-71.835429,-41.874221],[-71.837414,-41.86975],[-71.833725,-41.866418],[-71.83571,-41.861946],[-71.832021,-41.858614],[-71.834006,-41.854143],[-71.839678,-41.853004],[-71.841661,-41.848533],[-71.847333,-41.847393],[-71.851022,-41.850724],[-71.849039,-41.855196],[-71.852729,-41.858528],[-71.858402,-41.857387],[-71.860385,-41.852915],[-71.866058,-41.851774],[-71.869749,-41.855106],[-71.867767,-41.859578],[-71.862093,-41.860719],[-71.86011,-41.865191],[-71.863802,-41.868523],[-71.861818,-41.872996],[-71.865511,-41.876328],[-71.871187,-41.875187],[-71.873169,-41.870714],[-71.878845,-41.869573],[-71.882539,-41.872905],[-71.880557,-41.877379],[-71.87488,-41.87852],[-71.872897,-41.882993],[-71.867221,-41.884133],[-71.865237,-41.888606],[-71.85956,-41.889746],[-71.857576,-41.894219],[-71.86127,-41.897552],[-71.866947,-41.896412],[-71.868931,-41.891939],[-71.874609,-41.890799],[-71.876592,-41.886325],[-71.882269,-41.885184],[-71.885964,-41.888517],[-71.891642,-41.887376],[-71.893624,-41.882902],[-71.899302,-41.88176],[-71.901283,-41.877285],[-71.906961,-41.876143],[-71.908941,-41.871668],[-71.914618,-41.870525],[-71.916598,-41.86605],[-71.912901,-41.862719],[-71.914881,-41.858245],[-71.911184,-41.854914],[-71.913164,-41.850439],[-71.918839,-41.849295],[-71.920818,-41.844821],[-71.926493,-41.843676],[-71.93019,-41.847006],[-71.928212,-41.851482],[-71.922536,-41.852626],[-71.920557,-41.857101],[-71.924254,-41.860432],[-71.929931,-41.859287],[-71.93191,-41.854812],[-71.937586,-41.853667],[-71.939564,-41.849192],[-71.94524,-41.848046],[-71.947217,-41.84357],[-71.952893,-41.842424],[-71.95487,-41.837948],[-71.951171,-41.834619],[-71.953147,-41.830143],[-71.949448,-41.826814],[-71.951424,-41.822338],[-71.957098,-41.821192],[-71.959074,-41.816716],[-71.955375,-41.813387],[-71.957351,-41.808912],[-71.963024,-41.807764],[-71.966722,-41.811092],[-71.964747,-41.815568],[-71.968447,-41.818897],[-71.974121,-41.817749],[-71.977822,-41.821078]],[[-71.978063,-41.902596],[-71.974357,-41.899264],[-71.968674,-41.90041],[-71.966696,-41.904888],[-71.961012,-41.906033],[-71.957308,-41.9027],[-71.951625,-41.903845],[-71.947921,-41.900512],[-71.9499,-41.896036],[-71.946198,-41.892704],[-71.940516,-41.893848],[-71.938537,-41.898324],[-71.932856,-41.899468],[-71.929154,-41.896135],[-71.931134,-41.89166],[-71.927434,-41.888327],[-71.921754,-41.889471],[-71.919774,-41.893946],[-71.914094,-41.895089],[-71.912113,-41.899564],[-71.906432,-41.900706],[-71.904451,-41.905181],[-71.89877,-41.906323],[-71.896788,-41.910798],[-71.900486,-41.914131],[-71.906168,-41.91299],[-71.909868,-41.916323],[-71.91555,-41.915181],[-71.919251,-41.918515],[-71.924934,-41.917372],[-71.928636,-41.920706],[-71.93432,-41.919563],[-71.938023,-41.922896],[-71.943707,-41.921753],[-71.945687,-41.917276],[-71.951371,-41.916132],[-71.95335,-41.911655],[-71.959034,-41.91051],[-71.962739,-41.913843],[-71.968423,-41.912698],[-71.970402,-41.90822],[-71.976086,-41.907074],[-71.978063,-41.902596]],[[-71.918316,-41.873857],[-71.916336,-41.878332],[-71.920035,-41.881663],[-71.925714,-41.88052],[-71.927693,-41.876045],[-71.923994,-41.872713],[-71.918316,-41.873857]],[[-71.904715,-41.892899],[-71.901018,-41.889566],[-71.895339,-41.890708],[-71.893357,-41.895182],[-71.897054,-41.898515],[-71.902734,-41.897374],[-71.904715,-41.892899]],[[-71.936993,-41.972051],[-71.938975,-41.967573],[-71.935269,-41.964238],[-71.92958,-41.96538],[-71.925875,-41.962044],[-71.920187,-41.963186],[-71.916483,-41.95985],[-71.918466,-41.955374],[-71.924153,-41.954232],[-71.926135,-41.949756],[-71.931822,-41.948614],[-71.935527,-41.951949],[-71.941214,-41.950806],[-71.943195,-41.946329],[-71.948882,-41.945186],[-71.950862,-41.940708],[-71.947156,-41.937374],[-71.94147,-41.938517],[-71.939489,-41.942994],[-71.933803,-41.944137],[-71.930099,-41.940803],[-71.93208,-41.936326],[-71.937766,-41.935183],[-71.939746,-41.930706],[-71.936042,-41.927373],[-71.930358,-41.928515],[-71.928377,-41.932992],[-71.922692,-41.934134],[-71.92071,-41.93861],[-71.924413,-41.941945],[-71.922431,-41.946421],[-71.916745,-41.947563],[-71.914763,-41.952039],[-71.909076,-41.95318],[-71.907093,-41.957656],[-71.901407,-41.958796],[-71.899423,-41.963272],[-71.893736,-41.964411],[-71.890035,-41.961076],[-71.892019,-41.9566],[-71.897705,-41.955461],[-71.899689,-41.950985],[-71.905374,-41.949845],[-71.907357,-41.945369],[-71.903656,-41.942034],[-71.905639,-41.937559],[-71.901938,-41.934224],[-71.896254,-41.935365],[-71.894271,-41.93984],[-71.888587,-41.94098],[-71.884888,-41.937645],[-71.879205,-41.938785],[-71.875506,-41.93545],[-71.877491,-41.930976],[-71.873794,-41.927641],[-71.875778,-41.923168],[-71.872081,-41.919833],[-71.866401,-41.920973],[-71.862705,-41.917639],[-71.857025,-41.918777],[-71.85504,-41.923251],[-71.858735,-41.926585],[-71.856749,-41.931058],[-71.851068,-41.932197],[-71.849082,-41.93667],[-71.843401,-41.937807],[-71.839706,-41.934472],[-71.834026,-41.935609],[-71.832038,-41.940082],[-71.835732,-41.943417],[-71.833745,-41.94789],[-71.828063,-41.949026],[-71.826075,-41.953498],[-71.820393,-41.954634],[-71.818404,-41.959106],[-71.822097,-41.962443],[-71.820108,-41.966915],[-71.823803,-41.970252],[-71.821813,-41.974724],[-71.825509,-41.978061],[-71.831193,-41.976926],[-71.83489,-41.980263],[-71.832901,-41.984736],[-71.836598,-41.988074],[-71.834609,-41.992547],[-71.838306,-41.995885],[-71.843994,-41.994749],[-71.845982,-41.990275],[-71.851669,-41.989139],[-71.853657,-41.984665],[-71.849959,-41.981328],[-71.851947,-41.976854],[-71.857633,-41.975717],[-71.85962,-41.971243],[-71.855921,-41.967906],[-71.857908,-41.963432],[-71.863593,-41.962295],[-71.865579,-41.957821],[-71.871264,-41.956682],[-71.87325,-41.952208],[-71.869551,-41.948872],[-71.871536,-41.944398],[-71.87722,-41.943259],[-71.880919,-41.946594],[-71.878934,-41.951069],[-71.882633,-41.954404],[-71.880648,-41.958879],[-71.874963,-41.960018],[-71.872977,-41.964493],[-71.876677,-41.967829],[-71.874691,-41.972303],[-71.869005,-41.973442],[-71.867018,-41.977916],[-71.870718,-41.981253],[-71.876406,-41.980115],[-71.880107,-41.983451],[-71.885795,-41.982313],[-71.887781,-41.977838],[-71.884079,-41.974501],[-71.886064,-41.970026],[-71.891751,-41.968887],[-71.895453,-41.972223],[-71.901141,-41.971083],[-71.904844,-41.974419],[-71.90286,-41.978895],[-71.906564,-41.982232],[-71.912253,-41.981092],[-71.915958,-41.984428],[-71.913974,-41.988905],[-71.91768,-41.992241],[-71.923371,-41.991101],[-71.927078,-41.994438],[-71.925094,-41.998915],[-71.928802,-42.002252],[-71.934494,-42.001111],[-71.936478,-41.996633],[-71.932769,-41.993297],[-71.934752,-41.988819],[-71.940444,-41.987678],[-71.942426,-41.9832],[-71.938718,-41.979864],[-71.9407,-41.975386],[-71.936993,-41.972051]],[[-71.984985,-41.933841],[-71.990672,-41.932696],[-71.99265,-41.928216],[-71.98894,-41.924883],[-71.983253,-41.926029],[-71.979545,-41.922696],[-71.973859,-41.923842],[-71.971881,-41.92832],[-71.975589,-41.931653],[-71.981275,-41.930508],[-71.984985,-41.933841]],[[-71.825502,-41.896578],[-71.823515,-41.901049],[-71.827205,-41.904383],[-71.832882,-41.903245],[-71.836574,-41.906579],[-71.842251,-41.905441],[-71.844237,-41.900969],[-71.840545,-41.897635],[-71.834868,-41.898774],[-71.831178,-41.89544],[-71.825502,-41.896578]],[[-71.850745,-41.862999],[-71.845072,-41.864139],[-71.843088,-41.868611],[-71.846778,-41.871943],[-71.852452,-41.870803],[-71.854436,-41.866331],[-71.850745,-41.862999]],[[-71.847651,-41.916582],[-71.843958,-41.913248],[-71.83828,-41.914386],[-71.834588,-41.911051],[-71.82891,-41.912189],[-71.826923,-41.91666],[-71.830614,-41.919995],[-71.836293,-41.918858],[-71.839986,-41.922192],[-71.845666,-41.921054],[-71.847651,-41.916582]],[[-71.849169,-42.099743],[-71.852876,-42.103086],[-71.858575,-42.101952],[-71.860567,-42.097476],[-71.85686,-42.094134],[-71.858851,-42.089658],[-71.855145,-42.086316],[-71.849447,-42.08745],[-71.847455,-42.091926],[-71.851161,-42.095268],[-71.849169,-42.099743]],[[-71.866266,-42.096341],[-71.869975,-42.099683],[-71.875675,-42.098549],[-71.877665,-42.094072],[-71.883365,-42.092936],[-71.885355,-42.088459],[-71.881646,-42.085118],[-71.875947,-42.086254],[-71.872239,-42.082912],[-71.866541,-42.084047],[-71.86455,-42.088524],[-71.868257,-42.091865],[-71.866266,-42.096341]]]},"properties":{"comuna":"Cochamó","mancha_id":"10103-88ce858001fffff","clase":"Medio","nivel_medio":1.783,"nivel_medio_min":1.5,"nivel_medio_max":2.487,"pct_alto":10.1,"n_hexagonos":458,"area_ha":29207.04}},{"type":"Feature","geometry":{"type":"Polygon","coordinates":[[[-71.975137,-41.581252],[-71.978821,-41.58457],[-71.984471,-41.583415],[-71.988157,-41.586733],[-71.986192,-41.591206],[-71.980541,-41.592361],[-71.978575,-41.596834],[-71.972924,-41.597988],[-71.969239,-41.594669],[-71.971206,-41.590197],[-71.967522,-41.586878],[-71.961872,-41.588032],[-71.95819,-41.584713],[-71.960156,-41.580241],[-71.965805,-41.579088],[-71.969488,-41.582406],[-71.975137,-41.581252]]]},"properties":{"comuna":"Cochamó","mancha_id":"10103-88ce851743fffff","clase":"Medio","nivel_medio":1.584,"nivel_medio_min":1.515,"nivel_medio_max":1.691,"pct_alto":3.1,"n_hexagonos":4,"area_ha":255.62}},{"type":"Feature","geometry":{"type":"Polygon","coordinates":[[[-72.016174,-41.593221],[-72.01421,-41.597695],[-72.008557,-41.598851],[-72.004869,-41.595533],[-71.999217,-41.596688],[-71.995529,-41.59337],[-71.997494,-41.588896],[-71.993807,-41.585578],[-71.995772,-41.581105],[-72.001422,-41.579949],[-72.005109,-41.583267],[-72.01076,-41.582111],[-72.014448,-41.585428],[-72.012485,-41.589903],[-72.016174,-41.593221]]]},"properties":{"comuna":"Cochamó","mancha_id":"10103-88ce851661fffff","clase":"Medio","nivel_medio":1.704,"nivel_medio_min":1.633,"nivel_medio_max":1.77,"pct_alto":0.8,"n_hexagonos":4,"area_ha":255.77}},{"type":"Feature","geometry":{"type":"Polygon","coordinates":[[[-72.034861,-41.597543],[-72.032898,-41.602019],[-72.027244,-41.603176],[-72.023553,-41.599857],[-72.025516,-41.595382],[-72.03117,-41.594225],[-72.034861,-41.597543]]]},"properties":{"comuna":"Cochamó","mancha_id":"10103-88ce851647fffff","clase":"Medio","nivel_medio":1.602,"nivel_medio_min":1.602,"nivel_medio_max":1.602,"pct_alto":0.4,"n_hexagonos":1,"area_ha":63.98}},{"type":"Feature","geometry":{"type":"Polygon","coordinates":[[[-72.040747,-41.584117],[-72.0464,-41.582959],[-72.048361,-41.578483],[-72.04467,-41.575166],[-72.046631,-41.570691],[-72.052282,-41.569532],[-72.055974,-41.572849],[-72.061626,-41.571689],[-72.065319,-41.575006],[-72.070972,-41.573846],[-72.074666,-41.577163],[-72.08032,-41.576003],[-72.084015,-41.57932],[-72.082056,-41.583797],[-72.085751,-41.587114],[-72.091407,-41.585953],[-72.095104,-41.58927],[-72.10076,-41.588109],[-72.104458,-41.591426],[-72.102499,-41.595904],[-72.106198,-41.599222],[-72.10424,-41.6037],[-72.098582,-41.604861],[-72.094884,-41.601543],[-72.089227,-41.602704],[-72.085529,-41.599386],[-72.079873,-41.600546],[-72.076177,-41.597228],[-72.070521,-41.598388],[-72.066826,-41.59507],[-72.061171,-41.596229],[-72.05921,-41.600706],[-72.053555,-41.601864],[-72.051593,-41.60634],[-72.055287,-41.609659],[-72.053325,-41.614135],[-72.047669,-41.615293],[-72.045706,-41.619769],[-72.04005,-41.620926],[-72.036357,-41.617607],[-72.03832,-41.613131],[-72.034627,-41.609813],[-72.03659,-41.605337],[-72.042245,-41.60418],[-72.044207,-41.599704],[-72.040515,-41.596386],[-72.042477,-41.59191],[-72.038785,-41.588593],[-72.040747,-41.584117]]]},"properties":{"comuna":"Cochamó","mancha_id":"10103-88ce85160bfffff","clase":"Medio","nivel_medio":1.737,"nivel_medio_min":1.505,"nivel_medio_max":1.966,"pct_alto":0.8,"n_hexagonos":23,"area_ha":1472.29}},{"type":"Feature","geometry":{"type":"Polygon","coordinates":[[[-71.984466,-41.489805],[-71.982505,-41.494276],[-71.976864,-41.495433],[-71.973186,-41.492119],[-71.975149,-41.487648],[-71.980788,-41.486491],[-71.984466,-41.489805]]]},"properties":{"comuna":"Cochamó","mancha_id":"10103-88ce8515edfffff","clase":"Medio","nivel_medio":1.594,"nivel_medio_min":1.594,"nivel_medio_max":1.594,"pct_alto":0.0,"n_hexagonos":1,"area_ha":63.85}},{"type":"Feature","geometry":{"type":"Polygon","coordinates":[[[-71.93884,-41.523562],[-71.936874,-41.528032],[-71.94055,-41.531348],[-71.938585,-41.535818],[-71.932942,-41.536972],[-71.929266,-41.533655],[-71.931232,-41.529185],[-71.927557,-41.525869],[-71.929523,-41.5214],[-71.935164,-41.520246],[-71.93884,-41.523562]]]},"properties":{"comuna":"Cochamó","mancha_id":"10103-88ce851561fffff","clase":"Medio","nivel_medio":1.779,"nivel_medio_min":1.742,"nivel_medio_max":1.815,"pct_alto":0.3,"n_hexagonos":2,"area_ha":127.64}},{"type":"Feature","geometry":{"type":"Polygon","coordinates":[[[-71.960907,-41.54346],[-71.958942,-41.547931],[-71.962622,-41.551248],[-71.960657,-41.555719],[-71.964338,-41.559037],[-71.969984,-41.557882],[-71.973666,-41.561199],[-71.979314,-41.560044],[-71.982997,-41.563362],[-71.981032,-41.567834],[-71.975384,-41.568989],[-71.971701,-41.565671],[-71.966054,-41.566826],[-71.964088,-41.571298],[-71.958441,-41.572452],[-71.954759,-41.569134],[-71.949112,-41.570287],[-71.945432,-41.566969],[-71.947399,-41.562498],[-71.943719,-41.559181],[-71.945686,-41.55471],[-71.942007,-41.551393],[-71.943974,-41.546922],[-71.949618,-41.545768],[-71.951584,-41.541298],[-71.957228,-41.540143],[-71.960907,-41.54346]]]},"properties":{"comuna":"Cochamó","mancha_id":"10103-88ce851549fffff","clase":"Medio","nivel_medio":1.991,"nivel_medio_min":1.541,"nivel_medio_max":2.401,"pct_alto":41.6,"n_hexagonos":9,"area_ha":574.81}},{"type":"Feature","geometry":{"type":"Polygon","coordinates":[[[-71.958231,-41.491117],[-71.956267,-41.495587],[-71.950628,-41.496743],[-71.946953,-41.493428],[-71.948917,-41.488958],[-71.954555,-41.487803],[-71.958231,-41.491117]]]},"properties":{"comuna":"Cochamó","mancha_id":"10103-88ce851535fffff","clase":"Medio","nivel_medio":1.515,"nivel_medio_min":1.515,"nivel_medio_max":1.515,"pct_alto":22.5,"n_hexagonos":1,"area_ha":63.82}},{"type":"Feature","geometry":{"type":"Polygon","coordinates":[[[-71.963371,-41.514473],[-71.961407,-41.518944],[-71.965086,-41.522259],[-71.963122,-41.52673],[-71.966801,-41.530046],[-71.964837,-41.534518],[-71.959193,-41.535672],[-71.955514,-41.532356],[-71.949871,-41.533511],[-71.946193,-41.530194],[-71.948158,-41.525724],[-71.953801,-41.524569],[-71.955765,-41.520099],[-71.952088,-41.516783],[-71.954052,-41.512313],[-71.959693,-41.511158],[-71.963371,-41.514473]]]},"properties":{"comuna":"Cochamó","mancha_id":"10103-88ce851501fffff","clase":"Medio","nivel_medio":1.69,"nivel_medio_min":1.617,"nivel_medio_max":1.803,"pct_alto":0.3,"n_hexagonos":4,"area_ha":255.38}},{"type":"Feature","geometry":{"type":"Polygon","coordinates":[[[-72.069085,-41.472406],[-72.067129,-41.476881],[-72.061486,-41.478043],[-72.0578,-41.474731],[-72.059757,-41.470256],[-72.065398,-41.469094],[-72.069085,-41.472406]]]},"properties":{"comuna":"Cochamó","mancha_id":"10103-88ce8514a3fffff","clase":"Medio","nivel_medio":1.505,"nivel_medio_min":1.505,"nivel_medio_max":1.505,"pct_alto":1.8,"n_hexagonos":1,"area_ha":63.93}},{"type":"Feature","geometry":{"type":"Polygon","coordinates":[[[-72.089479,-41.484493],[-72.087524,-41.488969],[-72.091214,-41.492281],[-72.09686,-41.491118],[-72.10055,-41.494431],[-72.098596,-41.498907],[-72.102287,-41.50222],[-72.107934,-41.501057],[-72.111627,-41.50437],[-72.109672,-41.508847],[-72.113366,-41.51216],[-72.111411,-41.516637],[-72.115105,-41.519951],[-72.120755,-41.518787],[-72.12445,-41.522101],[-72.1301,-41.520936],[-72.133797,-41.52425],[-72.131843,-41.528728],[-72.13554,-41.532042],[-72.141192,-41.530878],[-72.14489,-41.534192],[-72.142937,-41.538671],[-72.146636,-41.541985],[-72.144682,-41.546464],[-72.148382,-41.549779],[-72.146428,-41.554258],[-72.150128,-41.557573],[-72.148174,-41.562053],[-72.151876,-41.565368],[-72.149921,-41.569848],[-72.144265,-41.571013],[-72.140564,-41.567697],[-72.134908,-41.568861],[-72.132953,-41.57334],[-72.127297,-41.574503],[-72.125341,-41.578982],[-72.119685,-41.580145],[-72.115986,-41.576829],[-72.110331,-41.577991],[-72.108373,-41.582469],[-72.102718,-41.583631],[-72.09902,-41.580314],[-72.093365,-41.581476],[-72.089669,-41.578159],[-72.091627,-41.573681],[-72.087932,-41.570365],[-72.08989,-41.565888],[-72.086195,-41.562572],[-72.088153,-41.558095],[-72.084459,-41.554779],[-72.086417,-41.550302],[-72.082724,-41.546987],[-72.077073,-41.548148],[-72.073381,-41.544833],[-72.075339,-41.540356],[-72.080989,-41.539195],[-72.084681,-41.54251],[-72.090332,-41.541349],[-72.094026,-41.544664],[-72.092068,-41.549141],[-72.095763,-41.552456],[-72.093806,-41.556933],[-72.097501,-41.560249],[-72.103154,-41.559087],[-72.10685,-41.562403],[-72.104893,-41.566881],[-72.10859,-41.570197],[-72.114244,-41.569034],[-72.116201,-41.564556],[-72.121855,-41.563393],[-72.125554,-41.566709],[-72.131209,-41.565545],[-72.133164,-41.561066],[-72.129465,-41.557751],[-72.13142,-41.553272],[-72.127722,-41.549957],[-72.129677,-41.545478],[-72.125979,-41.542164],[-72.120327,-41.543327],[-72.116631,-41.540013],[-72.118586,-41.535535],[-72.11489,-41.532221],[-72.10924,-41.533384],[-72.105545,-41.530069],[-72.107501,-41.525592],[-72.103807,-41.522278],[-72.098158,-41.523441],[-72.094465,-41.520127],[-72.096421,-41.51565],[-72.092729,-41.512337],[-72.094685,-41.50786],[-72.090994,-41.504547],[-72.085347,-41.50571],[-72.081657,-41.502396],[-72.083613,-41.49792],[-72.079924,-41.494607],[-72.08188,-41.490132],[-72.078191,-41.486819],[-72.080147,-41.482343],[-72.08579,-41.48118],[-72.087745,-41.476705],[-72.084057,-41.473393],[-72.086012,-41.468917],[-72.091655,-41.467754],[-72.093609,-41.463278],[-72.089921,-41.459967],[-72.091875,-41.455491],[-72.097516,-41.454327],[-72.09947,-41.449851],[-72.105111,-41.448686],[-72.1088,-41.451997],[-72.106847,-41.456473],[-72.101205,-41.457638],[-72.099251,-41.462114],[-72.10294,-41.465425],[-72.100987,-41.469901],[-72.104677,-41.473213],[-72.110321,-41.472048],[-72.114012,-41.47536],[-72.112058,-41.479837],[-72.106413,-41.481001],[-72.102723,-41.477689],[-72.097079,-41.478853],[-72.095124,-41.483329],[-72.089479,-41.484493]]]},"properties":{"comuna":"Cochamó","mancha_id":"10103-88ce851483fffff","clase":"Medio","nivel_medio":1.776,"nivel_medio_min":1.502,"nivel_medio_max":2.145,"pct_alto":5.5,"n_hexagonos":45,"area_ha":2881.1}},{"type":"Feature","geometry":{"type":"Polygon","coordinates":[[[-72.022772,-41.543002],[-72.02081,-41.547476],[-72.015162,-41.548633],[-72.011477,-41.545317],[-72.00583,-41.546474],[-72.002145,-41.543158],[-71.996499,-41.544315],[-71.992815,-41.540999],[-71.987169,-41.542155],[-71.985206,-41.546627],[-71.97956,-41.547783],[-71.975878,-41.544467],[-71.970233,-41.545622],[-71.966552,-41.542305],[-71.968516,-41.537834],[-71.974161,-41.536678],[-71.977842,-41.539995],[-71.983487,-41.538839],[-71.985451,-41.534367],[-71.991096,-41.53321],[-71.994778,-41.536526],[-72.000424,-41.535369],[-72.004108,-41.538685],[-72.009754,-41.537528],[-72.013439,-41.540844],[-72.019086,-41.539686],[-72.022772,-41.543002]]]},"properties":{"comuna":"Cochamó","mancha_id":"10103-88ce851447fffff","clase":"Medio","nivel_medio":1.683,"nivel_medio_min":1.558,"nivel_medio_max":1.911,"pct_alto":5.9,"n_hexagonos":6,"area_ha":383.39}},{"type":"Feature","geometry":{"type":"Polygon","coordinates":[[[-72.008271,-41.517478],[-72.006309,-41.521951],[-72.000665,-41.523109],[-71.996983,-41.519793],[-71.998944,-41.515321],[-71.995263,-41.512006],[-71.997224,-41.507534],[-72.002867,-41.506376],[-72.006549,-41.509691],[-72.004588,-41.514163],[-72.008271,-41.517478]]]},"properties":{"comuna":"Cochamó","mancha_id":"10103-88ce851421fffff","clase":"Medio","nivel_medio":1.724,"nivel_medio_min":1.685,"nivel_medio_max":1.762,"pct_alto":2.7,"n_hexagonos":2,"area_ha":127.78}},{"type":"Feature","geometry":{"type":"Polygon","coordinates":[[[-72.0532,-41.520468],[-72.051241,-41.524942],[-72.054929,-41.528257],[-72.060577,-41.527097],[-72.064267,-41.530412],[-72.062308,-41.534887],[-72.065998,-41.538202],[-72.06404,-41.542678],[-72.067731,-41.545993],[-72.065772,-41.550469],[-72.069464,-41.553785],[-72.075115,-41.552624],[-72.078808,-41.55594],[-72.076849,-41.560417],[-72.080543,-41.563733],[-72.078584,-41.568209],[-72.072931,-41.56937],[-72.069238,-41.566053],[-72.063586,-41.567213],[-72.059894,-41.563897],[-72.061854,-41.559421],[-72.058162,-41.556105],[-72.060122,-41.551629],[-72.056431,-41.548314],[-72.050782,-41.549473],[-72.047092,-41.546157],[-72.049052,-41.541682],[-72.045363,-41.538367],[-72.047323,-41.533892],[-72.043635,-41.530577],[-72.037988,-41.531736],[-72.034301,-41.528421],[-72.036261,-41.523947],[-72.032574,-41.520632],[-72.026929,-41.521791],[-72.023244,-41.518476],[-72.025204,-41.514003],[-72.030849,-41.512844],[-72.032808,-41.50837],[-72.029123,-41.505056],[-72.031083,-41.500582],[-72.036726,-41.499423],[-72.038685,-41.494949],[-72.035001,-41.491635],[-72.036959,-41.487162],[-72.042601,-41.486001],[-72.046286,-41.489314],[-72.051929,-41.488153],[-72.055615,-41.491467],[-72.053658,-41.495941],[-72.048014,-41.497102],[-72.046056,-41.501576],[-72.049742,-41.50489],[-72.055387,-41.503729],[-72.059074,-41.507043],[-72.06472,-41.505882],[-72.066677,-41.501407],[-72.072322,-41.500245],[-72.076011,-41.503558],[-72.074054,-41.508034],[-72.068408,-41.509196],[-72.066451,-41.513671],[-72.07014,-41.516985],[-72.075787,-41.515823],[-72.079478,-41.519137],[-72.07752,-41.523613],[-72.081212,-41.526928],[-72.079254,-41.531404],[-72.073605,-41.532565],[-72.069915,-41.529251],[-72.071872,-41.524775],[-72.068182,-41.52146],[-72.062535,-41.522621],[-72.058846,-41.519307],[-72.0532,-41.520468]]]},"properties":{"comuna":"Cochamó","mancha_id":"10103-88ce851411fffff","clase":"Medio","nivel_medio":1.772,"nivel_medio_min":1.507,"nivel_medio_max":2.171,"pct_alto":3.7,"n_hexagonos":28,"area_ha":1790.77}},{"type":"Feature","geometry":{"type":"Polygon","coordinates":[[[-71.89803,-41.59291],[-71.901707,-41.596229],[-71.907354,-41.595079],[-71.911032,-41.598399],[-71.909062,-41.602869],[-71.903414,-41.604019],[-71.899736,-41.600699],[-71.894088,-41.601848],[-71.890412,-41.598528],[-71.892383,-41.594059],[-71.89803,-41.59291]]]},"properties":{"comuna":"Cochamó","mancha_id":"10103-88ce8512a1fffff","clase":"Medio","nivel_medio":1.565,"nivel_medio_min":1.544,"nivel_medio_max":1.586,"pct_alto":1.4,"n_hexagonos":2,"area_ha":127.65}},{"type":"Feature","geometry":{"type":"Polygon","coordinates":[[[-71.92207,-41.608358],[-71.9201,-41.612829],[-71.92378,-41.616149],[-71.92181,-41.62062],[-71.916159,-41.62177],[-71.912479,-41.618449],[-71.906829,-41.619599],[-71.90315,-41.616279],[-71.905121,-41.611809],[-71.91077,-41.610659],[-71.912741,-41.606189],[-71.91839,-41.605038],[-71.92207,-41.608358]]]},"properties":{"comuna":"Cochamó","mancha_id":"10103-88ce851281fffff","clase":"Medio","nivel_medio":1.789,"nivel_medio_min":1.701,"nivel_medio_max":1.957,"pct_alto":9.6,"n_hexagonos":3,"area_ha":191.56}},{"type":"Feature","geometry":{"type":"Polygon","coordinates":[[[-71.879745,-41.657655],[-71.877771,-41.662124],[-71.872117,-41.663271],[-71.868439,-41.659948],[-71.870414,-41.655479],[-71.876066,-41.654332],[-71.879745,-41.657655]]]},"properties":{"comuna":"Cochamó","mancha_id":"10103-88ce851255fffff","clase":"Medio","nivel_medio":1.679,"nivel_medio_min":1.679,"nivel_medio_max":1.679,"pct_alto":2.4,"n_hexagonos":1,"area_ha":63.83}},{"type":"Feature","geometry":{"type":"Polygon","coordinates":[[[-71.817627,-41.5756],[-71.823178,-41.568992],[-71.828836,-41.562258],[-71.82996,-41.56092],[-71.830511,-41.560264],[-71.830424,-41.559871],[-71.830416,-41.559836],[-71.830803,-41.558261],[-71.831123,-41.557427],[-71.831395,-41.557673],[-71.837035,-41.556526],[-71.840703,-41.559845],[-71.83873,-41.564311],[-71.833089,-41.565458],[-71.831115,-41.569924],[-71.825474,-41.57107],[-71.823651,-41.575193],[-71.822679,-41.574906],[-71.821876,-41.574698],[-71.821127,-41.574673],[-71.820387,-41.574838],[-71.817627,-41.5756]]]},"properties":{"comuna":"Cochamó","mancha_id":"10103-88ce85111bfffff","clase":"Medio","nivel_medio":1.674,"nivel_medio_min":1.512,"nivel_medio_max":1.852,"pct_alto":0.0,"n_hexagonos":4,"area_ha":132.45}},{"type":"Feature","geometry":{"type":"Polygon","coordinates":[[[-71.84804,-41.566482],[-71.85171,-41.569802],[-71.85046,-41.572631],[-71.850131,-41.572649],[-71.850082,-41.571616],[-71.850036,-41.57065],[-71.849815,-41.569231],[-71.849406,-41.568251],[-71.848433,-41.567286],[-71.847777,-41.566729],[-71.847461,-41.5666],[-71.84804,-41.566482]]]},"properties":{"comuna":"Cochamó","mancha_id":"10103-88ce851035fffff","clase":"Medio","nivel_medio":1.565,"nivel_medio_min":1.565,"nivel_medio_max":1.565,"pct_alto":0.0,"n_hexagonos":1,"area_ha":5.24}},{"type":"Feature","geometry":{"type":"Polygon","coordinates":[[[-71.998432,-41.446251],[-72.002109,-41.449563],[-72.007746,-41.448404],[-72.011425,-41.451715],[-72.009466,-41.456187],[-72.013145,-41.4595],[-72.011186,-41.463972],[-72.005548,-41.465131],[-72.003588,-41.469603],[-72.007268,-41.472916],[-72.012907,-41.471756],[-72.014866,-41.467284],[-72.020505,-41.466124],[-72.024187,-41.469437],[-72.022228,-41.47391],[-72.02591,-41.477222],[-72.031551,-41.476062],[-72.035234,-41.479375],[-72.033275,-41.483849],[-72.027634,-41.485009],[-72.023951,-41.481695],[-72.01831,-41.482855],[-72.014629,-41.479542],[-72.008988,-41.480701],[-72.005308,-41.477388],[-71.999668,-41.478546],[-71.997708,-41.483018],[-71.992068,-41.484176],[-71.988389,-41.480862],[-71.99035,-41.476391],[-71.995989,-41.475233],[-71.997949,-41.470761],[-71.994271,-41.467448],[-71.996231,-41.462977],[-71.992553,-41.459665],[-71.994513,-41.455193],[-71.990836,-41.451881],[-71.9852,-41.45304],[-71.981524,-41.449727],[-71.983484,-41.445257],[-71.98912,-41.444098],[-71.992796,-41.44741],[-71.998432,-41.446251]]]},"properties":{"comuna":"Cochamó","mancha_id":"10103-88ce850749fffff","clase":"Medio","nivel_medio":1.629,"nivel_medio_min":1.508,"nivel_medio_max":1.822,"pct_alto":2.7,"n_hexagonos":12,"area_ha":766.36}},{"type":"Feature","geometry":{"type":"Polygon","coordinates":[[[-71.937895,-41.479016],[-71.935931,-41.483485],[-71.930294,-41.484639],[-71.926622,-41.481325],[-71.928586,-41.476856],[-71.924915,-41.473542],[-71.926879,-41.469074],[-71.932515,-41.467919],[-71.936187,-41.471233],[-71.934223,-41.475702],[-71.937895,-41.479016]]]},"properties":{"comuna":"Cochamó","mancha_id":"10103-88ce8502c5fffff","clase":"Medio","nivel_medio":1.558,"nivel_medio_min":1.553,"nivel_medio_max":1.563,"pct_alto":0.0,"n_hexagonos":2,"area_ha":127.57}},{"type":"Feature","geometry":{"type":"Polygon","coordinates":[[[-71.964866,-41.440949],[-71.962905,-41.445418],[-71.957271,-41.446575],[-71.953598,-41.443263],[-71.95556,-41.438794],[-71.961193,-41.437637],[-71.964866,-41.440949]]]},"properties":{"comuna":"Cochamó","mancha_id":"10103-88ce8502bbfffff","clase":"Medio","nivel_medio":1.764,"nivel_medio_min":1.764,"nivel_medio_max":1.764,"pct_alto":2.3,"n_hexagonos":1,"area_ha":63.79}},{"type":"Feature","geometry":{"type":"Polygon","coordinates":[[[-71.942077,-41.457826],[-71.940114,-41.462295],[-71.934479,-41.463451],[-71.930807,-41.460137],[-71.925173,-41.461292],[-71.921503,-41.457979],[-71.923467,-41.453511],[-71.929101,-41.452356],[-71.932771,-41.455669],[-71.938405,-41.454513],[-71.940368,-41.450045],[-71.946002,-41.448889],[-71.949674,-41.452201],[-71.947712,-41.45667],[-71.942077,-41.457826]]]},"properties":{"comuna":"Cochamó","mancha_id":"10103-88ce850285fffff","clase":"Medio","nivel_medio":1.613,"nivel_medio_min":1.578,"nivel_medio_max":1.636,"pct_alto":1.2,"n_hexagonos":3,"area_ha":191.33}},{"type":"Feature","geometry":{"type":"Polygon","coordinates":[[[-71.89568,-41.528314],[-71.893711,-41.532782],[-71.897383,-41.536099],[-71.895415,-41.540567],[-71.899088,-41.543885],[-71.90473,-41.542733],[-71.908404,-41.546051],[-71.914046,-41.544899],[-71.917722,-41.548216],[-71.923365,-41.547064],[-71.925332,-41.542594],[-71.930975,-41.541442],[-71.934652,-41.544759],[-71.932685,-41.549229],[-71.936363,-41.552546],[-71.934396,-41.557016],[-71.938074,-41.560334],[-71.936107,-41.564804],[-71.930461,-41.565957],[-71.928493,-41.570427],[-71.932172,-41.573745],[-71.930204,-41.578216],[-71.933883,-41.581534],[-71.939531,-41.580382],[-71.943211,-41.5837],[-71.948859,-41.582548],[-71.952541,-41.585866],[-71.950573,-41.590338],[-71.944924,-41.59149],[-71.942956,-41.595962],[-71.946638,-41.599281],[-71.952288,-41.598129],[-71.955971,-41.601448],[-71.954004,-41.60592],[-71.957687,-41.609239],[-71.963339,-41.608086],[-71.965306,-41.603614],[-71.970957,-41.602461],[-71.974643,-41.60578],[-71.972676,-41.610253],[-71.976362,-41.613572],[-71.982015,-41.612418],[-71.983981,-41.607945],[-71.989634,-41.606791],[-71.993321,-41.61011],[-71.991356,-41.614584],[-71.985702,-41.615738],[-71.983736,-41.620211],[-71.978082,-41.621365],[-71.976115,-41.625838],[-71.970461,-41.626991],[-71.968493,-41.631464],[-71.97218,-41.634785],[-71.977835,-41.633632],[-71.979802,-41.629158],[-71.985457,-41.628005],[-71.987424,-41.623531],[-71.993078,-41.622377],[-71.996767,-41.625697],[-72.002422,-41.624542],[-72.004388,-41.620068],[-72.010043,-41.618913],[-72.012007,-41.614438],[-72.008318,-41.611119],[-72.002663,-41.612274],[-71.998975,-41.608955],[-72.00094,-41.604481],[-72.006593,-41.603326],[-72.010282,-41.606644],[-72.015936,-41.605488],[-72.019626,-41.608807],[-72.025281,-41.607651],[-72.028972,-41.61097],[-72.027008,-41.615445],[-72.021353,-41.616601],[-72.019389,-41.621076],[-72.023081,-41.624396],[-72.021116,-41.628871],[-72.01546,-41.630027],[-72.013495,-41.634502],[-72.017187,-41.637822],[-72.022844,-41.636666],[-72.024809,-41.632191],[-72.030466,-41.631035],[-72.034159,-41.634354],[-72.039817,-41.633198],[-72.043512,-41.636518],[-72.041548,-41.640994],[-72.03589,-41.64215],[-72.033925,-41.646627],[-72.028266,-41.647782],[-72.026301,-41.652258],[-72.029996,-41.655579],[-72.035656,-41.654423],[-72.03762,-41.649947],[-72.04328,-41.648791],[-72.046976,-41.652111],[-72.045012,-41.656588],[-72.048709,-41.659909],[-72.046745,-41.664386],[-72.050443,-41.667707],[-72.056105,-41.66655],[-72.059804,-41.669871],[-72.05784,-41.674349],[-72.061539,-41.67767],[-72.059575,-41.682148],[-72.063275,-41.68547],[-72.06894,-41.684313],[-72.070904,-41.679834],[-72.067203,-41.676513],[-72.069166,-41.672035],[-72.065466,-41.668714],[-72.067429,-41.664236],[-72.06373,-41.660916],[-72.058068,-41.662073],[-72.05437,-41.658752],[-72.056334,-41.654275],[-72.052637,-41.650954],[-72.0546,-41.646477],[-72.050903,-41.643157],[-72.052866,-41.63868],[-72.04917,-41.635361],[-72.051133,-41.630884],[-72.056792,-41.629727],[-72.060488,-41.633046],[-72.066147,-41.631888],[-72.069844,-41.635207],[-72.067882,-41.639685],[-72.07158,-41.643004],[-72.077241,-41.641846],[-72.079202,-41.637368],[-72.075504,-41.634049],[-72.077465,-41.629571],[-72.073767,-41.626252],[-72.075728,-41.621774],[-72.072031,-41.618456],[-72.073992,-41.613978],[-72.07965,-41.612819],[-72.083347,-41.616137],[-72.089005,-41.614978],[-72.092704,-41.618296],[-72.090744,-41.622774],[-72.094444,-41.626093],[-72.100103,-41.624933],[-72.103804,-41.628251],[-72.101844,-41.63273],[-72.105546,-41.636049],[-72.111207,-41.634889],[-72.114909,-41.638208],[-72.11295,-41.642687],[-72.107288,-41.643848],[-72.103586,-41.640528],[-72.097924,-41.641688],[-72.095964,-41.646167],[-72.099665,-41.649487],[-72.105328,-41.648327],[-72.10903,-41.651647],[-72.114694,-41.650486],[-72.116653,-41.646007],[-72.122316,-41.644846],[-72.12602,-41.648165],[-72.124061,-41.652645],[-72.127766,-41.655965],[-72.125807,-41.660445],[-72.120142,-41.661606],[-72.118183,-41.666086],[-72.121888,-41.669406],[-72.119928,-41.673887],[-72.123634,-41.677207],[-72.121674,-41.681688],[-72.116007,-41.682847],[-72.114046,-41.687328],[-72.117753,-41.690649],[-72.115791,-41.69513],[-72.110124,-41.696289],[-72.106418,-41.692967],[-72.10075,-41.694126],[-72.097045,-41.690804],[-72.091379,-41.691963],[-72.087675,-41.688641],[-72.082009,-41.689799],[-72.080046,-41.694278],[-72.083749,-41.6976],[-72.081786,-41.702079],[-72.076119,-41.703236],[-72.074155,-41.707715],[-72.068487,-41.708871],[-72.066523,-41.71335],[-72.070226,-41.716673],[-72.075894,-41.715517],[-72.079598,-41.718839],[-72.077634,-41.723319],[-72.081339,-41.726642],[-72.079374,-41.731122],[-72.073704,-41.732278],[-72.07,-41.728954],[-72.071965,-41.724475],[-72.068261,-41.721152],[-72.062592,-41.722308],[-72.060627,-41.726786],[-72.06433,-41.73011],[-72.062364,-41.734589],[-72.056695,-41.735744],[-72.052992,-41.73242],[-72.054958,-41.727942],[-72.051256,-41.724618],[-72.053222,-41.72014],[-72.04952,-41.716817],[-72.043853,-41.717971],[-72.041887,-41.722449],[-72.045588,-41.725773],[-72.043621,-41.730251],[-72.037953,-41.731405],[-72.034252,-41.728081],[-72.028584,-41.729235],[-72.026616,-41.733712],[-72.030317,-41.737036],[-72.028348,-41.741514],[-72.032049,-41.744838],[-72.037719,-41.743685],[-72.039687,-41.739207],[-72.045356,-41.738053],[-72.049058,-41.741377],[-72.047091,-41.745856],[-72.041421,-41.747009],[-72.039453,-41.751488],[-72.033783,-41.752641],[-72.031815,-41.757119],[-72.026144,-41.758272],[-72.022443,-41.754947],[-72.016773,-41.756099],[-72.013072,-41.752774],[-72.015042,-41.748296],[-72.011342,-41.744972],[-72.013312,-41.740495],[-72.009613,-41.73717],[-72.011582,-41.732693],[-72.007884,-41.729369],[-72.009853,-41.724893],[-72.006156,-41.721569],[-72.00049,-41.722721],[-71.996794,-41.719397],[-71.991129,-41.720549],[-71.987434,-41.717225],[-71.981769,-41.718376],[-71.978076,-41.715052],[-71.980046,-41.710577],[-71.985709,-41.709426],[-71.987679,-41.704951],[-71.993342,-41.703799],[-71.997037,-41.707122],[-72.0027,-41.705969],[-72.006396,-41.709293],[-72.012061,-41.70814],[-72.015758,-41.711463],[-72.01379,-41.71594],[-72.017487,-41.719263],[-72.023154,-41.71811],[-72.026852,-41.721434],[-72.032519,-41.72028],[-72.034486,-41.715802],[-72.030787,-41.712479],[-72.032754,-41.708002],[-72.038419,-41.706847],[-72.040386,-41.70237],[-72.036687,-41.699047],[-72.031022,-41.700202],[-72.027324,-41.696879],[-72.02166,-41.698033],[-72.017963,-41.694711],[-72.01993,-41.690234],[-72.025594,-41.68908],[-72.02756,-41.684604],[-72.023863,-41.681282],[-72.018201,-41.682436],[-72.016234,-41.686912],[-72.010572,-41.688066],[-72.006877,-41.684744],[-72.001215,-41.685897],[-71.999247,-41.690372],[-71.993585,-41.691525],[-71.989892,-41.688202],[-71.991861,-41.683727],[-71.988168,-41.680405],[-71.982508,-41.681557],[-71.978816,-41.678235],[-71.973157,-41.679387],[-71.971187,-41.683861],[-71.974878,-41.687183],[-71.972909,-41.691658],[-71.9766,-41.694981],[-71.982262,-41.693829],[-71.985955,-41.697152],[-71.983985,-41.701627],[-71.978323,-41.702779],[-71.976353,-41.707253],[-71.97069,-41.708404],[-71.966998,-41.705081],[-71.961336,-41.706231],[-71.957645,-41.702907],[-71.951984,-41.704057],[-71.948294,-41.700734],[-71.942633,-41.701883],[-71.938945,-41.698559],[-71.933285,-41.699709],[-71.929597,-41.696385],[-71.93157,-41.691912],[-71.927883,-41.688589],[-71.922225,-41.689738],[-71.920252,-41.69421],[-71.923938,-41.697533],[-71.921965,-41.702006],[-71.925652,-41.70533],[-71.923679,-41.709802],[-71.927366,-41.713127],[-71.925393,-41.717599],[-71.929081,-41.720924],[-71.927108,-41.725397],[-71.921445,-41.726545],[-71.917757,-41.72322],[-71.919731,-41.718747],[-71.916044,-41.715422],[-71.910383,-41.71657],[-71.908409,-41.721042],[-71.902748,-41.722188],[-71.899062,-41.718863],[-71.893402,-41.72001],[-71.889717,-41.716685],[-71.884057,-41.71783],[-71.880374,-41.714505],[-71.88235,-41.710035],[-71.878667,-41.70671],[-71.880643,-41.702239],[-71.876961,-41.698915],[-71.878937,-41.694445],[-71.875256,-41.69112],[-71.877231,-41.68665],[-71.873551,-41.683327],[-71.867895,-41.684472],[-71.865919,-41.688942],[-71.860264,-41.690087],[-71.856585,-41.686763],[-71.85093,-41.687908],[-71.848953,-41.692377],[-71.852631,-41.695701],[-71.850654,-41.70017],[-71.844998,-41.701314],[-71.84132,-41.697989],[-71.835664,-41.699133],[-71.831987,-41.695808],[-71.826333,-41.696951],[-71.824354,-41.701419],[-71.818699,-41.702562],[-71.816719,-41.70703],[-71.811064,-41.708172],[-71.807389,-41.704846],[-71.801734,-41.705988],[-71.798061,-41.702662],[-71.800041,-41.698195],[-71.796368,-41.69487],[-71.797697,-41.691874],[-71.798492,-41.69196],[-71.799848,-41.69196],[-71.801237,-41.692051],[-71.801346,-41.692059],[-71.80294,-41.692296],[-71.804658,-41.692319],[-71.806766,-41.692612],[-71.807638,-41.692669],[-71.808438,-41.692721],[-71.809081,-41.692817],[-71.809842,-41.692936],[-71.811175,-41.692721],[-71.812596,-41.692002],[-71.813054,-41.691579],[-71.813196,-41.691471],[-71.813378,-41.691332],[-71.814268,-41.690651],[-71.815577,-41.690175],[-71.816624,-41.690033],[-71.817597,-41.689822],[-71.817944,-41.689122],[-71.817952,-41.689096],[-71.817993,-41.687679],[-71.81799,-41.68765],[-71.817836,-41.686954],[-71.817833,-41.686925],[-71.817799,-41.686473],[-71.820961,-41.685834],[-71.822939,-41.681367],[-71.828592,-41.680223],[-71.832268,-41.683547],[-71.837921,-41.682404],[-71.839899,-41.677935],[-71.845552,-41.676791],[-71.847529,-41.672323],[-71.843853,-41.668999],[-71.845829,-41.664531],[-71.851481,-41.663386],[-71.853457,-41.658917],[-71.859109,-41.657771],[-71.862786,-41.661094],[-71.860811,-41.665563],[-71.855158,-41.666709],[-71.853182,-41.671178],[-71.856859,-41.674501],[-71.862513,-41.673356],[-71.864489,-41.668886],[-71.870143,-41.66774],[-71.873822,-41.671064],[-71.879476,-41.669917],[-71.883156,-41.67324],[-71.888811,-41.672093],[-71.890785,-41.667623],[-71.89644,-41.666476],[-71.900121,-41.669798],[-71.898148,-41.674269],[-71.90183,-41.677592],[-71.907487,-41.676444],[-71.91117,-41.679768],[-71.909197,-41.684239],[-71.912881,-41.687562],[-71.918539,-41.686414],[-71.920512,-41.681942],[-71.916827,-41.678619],[-71.9188,-41.674148],[-71.915116,-41.670825],[-71.917088,-41.666353],[-71.922744,-41.665204],[-71.924715,-41.660733],[-71.921032,-41.65741],[-71.923003,-41.652939],[-71.928658,-41.651789],[-71.930629,-41.647318],[-71.926945,-41.643996],[-71.928916,-41.639525],[-71.925233,-41.636203],[-71.927203,-41.631732],[-71.923521,-41.628411],[-71.925492,-41.62394],[-71.931143,-41.62279],[-71.934826,-41.62611],[-71.932856,-41.630582],[-71.936539,-41.633903],[-71.942192,-41.632752],[-71.945877,-41.636072],[-71.943907,-41.640545],[-71.938253,-41.641695],[-71.936283,-41.646167],[-71.939968,-41.649489],[-71.937997,-41.653961],[-71.941683,-41.657283],[-71.939712,-41.661755],[-71.943398,-41.665077],[-71.949055,-41.663927],[-71.951025,-41.659454],[-71.956682,-41.658303],[-71.960369,-41.661624],[-71.9584,-41.666098],[-71.962088,-41.66942],[-71.967746,-41.668268],[-71.969715,-41.663795],[-71.975373,-41.662643],[-71.977342,-41.658169],[-71.982999,-41.657016],[-71.98669,-41.660337],[-71.984722,-41.664812],[-71.988413,-41.668133],[-71.986445,-41.672608],[-71.990136,-41.67593],[-71.995797,-41.674777],[-71.997764,-41.670302],[-71.994072,-41.66698],[-71.996039,-41.662506],[-72.001699,-41.661352],[-72.005391,-41.664673],[-72.011051,-41.663519],[-72.014745,-41.666841],[-72.020405,-41.665686],[-72.022371,-41.66121],[-72.018677,-41.657889],[-72.020642,-41.653414],[-72.016949,-41.650093],[-72.01129,-41.651248],[-72.009324,-41.655723],[-72.003665,-41.656877],[-71.999973,-41.653556],[-72.00194,-41.649081],[-71.998249,-41.64576],[-71.992592,-41.646914],[-71.990625,-41.651389],[-71.984967,-41.652542],[-71.981277,-41.649221],[-71.975621,-41.650374],[-71.971932,-41.647052],[-71.9739,-41.642579],[-71.970212,-41.639258],[-71.964557,-41.640411],[-71.960871,-41.63709],[-71.955216,-41.638242],[-71.951531,-41.634921],[-71.953499,-41.630448],[-71.949815,-41.627128],[-71.951783,-41.622656],[-71.948099,-41.619336],[-71.950068,-41.614864],[-71.946385,-41.611544],[-71.948353,-41.607072],[-71.94467,-41.603753],[-71.93902,-41.604904],[-71.935339,-41.601585],[-71.929689,-41.602736],[-71.926009,-41.599417],[-71.92036,-41.600568],[-71.916681,-41.597248],[-71.91865,-41.592778],[-71.914972,-41.589459],[-71.909324,-41.590609],[-71.905647,-41.58729],[-71.907617,-41.582821],[-71.90394,-41.579502],[-71.90591,-41.575032],[-71.902234,-41.571714],[-71.904204,-41.567245],[-71.909848,-41.566094],[-71.913524,-41.569412],[-71.91917,-41.568261],[-71.921138,-41.563791],[-71.917461,-41.560473],[-71.911817,-41.561624],[-71.908142,-41.558306],[-71.902498,-41.559457],[-71.898823,-41.556139],[-71.900792,-41.551671],[-71.897119,-41.548353],[-71.891477,-41.549504],[-71.887804,-41.546186],[-71.889773,-41.541718],[-71.886102,-41.538401],[-71.888071,-41.533933],[-71.8844,-41.530616],[-71.886369,-41.526148],[-71.892008,-41.524997],[-71.89568,-41.528314]],[[-71.904986,-41.705449],[-71.899327,-41.706596],[-71.897352,-41.711067],[-71.901037,-41.714392],[-71.906697,-41.713245],[-71.908672,-41.708773],[-71.904986,-41.705449]],[[-71.963557,-41.689486],[-71.965527,-41.685012],[-71.961837,-41.681689],[-71.956178,-41.68284],[-71.954207,-41.687314],[-71.957897,-41.690637],[-71.963557,-41.689486]]]},"properties":{"comuna":"Cochamó","mancha_id":"10103-88ce850249fffff","clase":"Medio","nivel_medio":1.759,"nivel_medio_min":1.5,"nivel_medio_max":2.206,"pct_alto":3.0,"n_hexagonos":283,"area_ha":18007.96}},{"type":"Feature","geometry":{"type":"Polygon","coordinates":[[[-71.902249,-41.396901],[-71.900286,-41.401367],[-71.894659,-41.402522],[-71.890997,-41.399211],[-71.89296,-41.394745],[-71.898586,-41.39359],[-71.902249,-41.396901]]]},"properties":{"comuna":"Cochamó","mancha_id":"10103-88ce8501d3fffff","clase":"Medio","nivel_medio":1.728,"nivel_medio_min":1.728,"nivel_medio_max":1.728,"pct_alto":0.9,"n_hexagonos":1,"area_ha":63.69}},{"type":"Feature","geometry":{"type":"Polygon","coordinates":[[[-71.841503,-41.441845],[-71.839535,-41.446309],[-71.838933,-41.446432],[-71.838712,-41.446164],[-71.838269,-41.445559],[-71.837853,-41.444967],[-71.837355,-41.44426],[-71.836499,-41.443713],[-71.835238,-41.443332],[-71.834819,-41.442935],[-71.834807,-41.442445],[-71.836285,-41.441412],[-71.837546,-41.441238],[-71.838616,-41.440572],[-71.839045,-41.439906],[-71.839,-41.439578],[-71.838902,-41.438859],[-71.838664,-41.438026],[-71.838234,-41.437647],[-71.839812,-41.434068],[-71.84544,-41.432917],[-71.8491,-41.43623],[-71.847132,-41.440694],[-71.841503,-41.441845]]]},"properties":{"comuna":"Cochamó","mancha_id":"10103-88ce850151fffff","clase":"Medio","nivel_medio":1.562,"nivel_medio_min":1.517,"nivel_medio_max":1.576,"pct_alto":23.3,"n_hexagonos":2,"area_ha":83.26}},{"type":"Feature","geometry":{"type":"Polygon","coordinates":[[[-71.927651,-41.432327],[-71.925688,-41.436794],[-71.920057,-41.43795],[-71.916389,-41.434637],[-71.918352,-41.43017],[-71.923983,-41.429015],[-71.927651,-41.432327]]]},"properties":{"comuna":"Cochamó","mancha_id":"10103-88ce8500cdfffff","clase":"Medio","nivel_medio":1.529,"nivel_medio_min":1.529,"nivel_medio_max":1.529,"pct_alto":0.5,"n_hexagonos":1,"area_ha":63.74}},{"type":"Feature","geometry":{"type":"Polygon","coordinates":[[[-71.931833,-41.411144],[-71.928166,-41.407833],[-71.922537,-41.40899],[-71.918871,-41.405678],[-71.920833,-41.401212],[-71.926461,-41.400055],[-71.928423,-41.395588],[-71.924757,-41.392278],[-71.926718,-41.387811],[-71.923053,-41.384501],[-71.917427,-41.385657],[-71.913763,-41.382347],[-71.908137,-41.383503],[-71.904475,-41.380193],[-71.89885,-41.381349],[-71.895188,-41.378038],[-71.889564,-41.379193],[-71.888164,-41.377928],[-71.888183,-41.377847],[-71.888358,-41.377338],[-71.888582,-41.376156],[-71.88904,-41.375277],[-71.889632,-41.374018],[-71.889941,-41.373186],[-71.889846,-41.371615],[-71.88961,-41.37106],[-71.89349,-41.370263],[-71.895431,-41.365847],[-71.896199,-41.36569],[-71.896484,-41.365586],[-71.901075,-41.364642],[-71.904737,-41.367952],[-71.91036,-41.366795],[-71.911959,-41.363156],[-71.912097,-41.363202],[-71.913434,-41.363592],[-71.914492,-41.36387],[-71.91718,-41.3637],[-71.91891,-41.363594],[-71.920126,-41.364014],[-71.92042,-41.364246],[-71.921381,-41.365],[-71.92209,-41.365558],[-71.92604,-41.36834],[-71.92736,-41.36806],[-71.930123,-41.368396],[-71.931396,-41.36855],[-71.933033,-41.369065],[-71.933828,-41.369626],[-71.93442,-41.37084],[-71.935277,-41.371777],[-71.936446,-41.372478],[-71.937619,-41.372894],[-71.938169,-41.373264],[-71.938448,-41.373452],[-71.938738,-41.373647],[-71.939813,-41.374022],[-71.940468,-41.374723],[-71.940789,-41.375565],[-71.940842,-41.375705],[-71.9411,-41.37659],[-71.94175,-41.376887],[-71.942024,-41.377013],[-71.942817,-41.377221],[-71.943734,-41.377514],[-71.944235,-41.377806],[-71.944861,-41.378348],[-71.94799,-41.38034],[-71.948056,-41.380616],[-71.948176,-41.380889],[-71.948362,-41.381195],[-71.949511,-41.382531],[-71.949226,-41.383181],[-71.952894,-41.386491],[-71.95354,-41.386358],[-71.953576,-41.386378],[-71.95411,-41.38653],[-71.954863,-41.38644],[-71.95582,-41.38624],[-71.956433,-41.385938],[-71.956797,-41.385687],[-71.958522,-41.385332],[-71.962191,-41.388642],[-71.967819,-41.387483],[-71.968411,-41.386132],[-71.970381,-41.386045],[-71.971458,-41.385905],[-71.971877,-41.385726],[-71.97219,-41.38537],[-71.972812,-41.384368],[-71.973413,-41.383492],[-71.973766,-41.382745],[-71.97398,-41.382149],[-71.975406,-41.381855],[-71.979077,-41.385164],[-71.977119,-41.389633],[-71.98079,-41.392943],[-71.98642,-41.391783],[-71.990092,-41.395093],[-71.995722,-41.393933],[-71.99768,-41.389463],[-72.00331,-41.388302],[-72.005267,-41.383831],[-72.001593,-41.380522],[-71.995964,-41.381683],[-71.994007,-41.386153],[-71.988377,-41.387314],[-71.984706,-41.384004],[-71.986663,-41.379535],[-71.985742,-41.378705],[-71.98634,-41.37865],[-71.988151,-41.378701],[-71.989264,-41.378886],[-71.989611,-41.378927],[-71.990415,-41.379021],[-71.991531,-41.378995],[-71.99244,-41.378861],[-71.992848,-41.378875],[-71.99386,-41.37891],[-71.99531,-41.37684],[-71.99475,-41.3748],[-71.994788,-41.373794],[-71.999877,-41.372744],[-72.001426,-41.369204],[-72.00251,-41.36824],[-72.002703,-41.368094],[-72.007462,-41.367112],[-72.008905,-41.363812],[-72.009391,-41.363808],[-72.01004,-41.36366],[-72.010092,-41.364951],[-72.010274,-41.365496],[-72.010585,-41.365781],[-72.011027,-41.366119],[-72.011728,-41.36643],[-72.012688,-41.366612],[-72.01328,-41.36711],[-72.0149,-41.36809],[-72.016582,-41.369296],[-72.0173,-41.36981],[-72.017497,-41.369919],[-72.020438,-41.372567],[-72.026067,-41.371404],[-72.026972,-41.369334],[-72.027104,-41.369327],[-72.028308,-41.36914],[-72.028807,-41.368725],[-72.029201,-41.367915],[-72.029866,-41.366752],[-72.029919,-41.366541],[-72.033651,-41.36577],[-72.035605,-41.361299],[-72.033196,-41.359131],[-72.033892,-41.358406],[-72.03489,-41.35754],[-72.042836,-41.355348],[-72.043187,-41.355663],[-72.046521,-41.354974],[-72.047377,-41.355073],[-72.048818,-41.355323],[-72.049935,-41.355506],[-72.052492,-41.357806],[-72.058122,-41.356642],[-72.060074,-41.35217],[-72.065703,-41.351004],[-72.069381,-41.354311],[-72.075011,-41.353145],[-72.07869,-41.356452],[-72.076739,-41.360925],[-72.080419,-41.364233],[-72.078467,-41.368706],[-72.072836,-41.369871],[-72.070884,-41.374344],[-72.065252,-41.375509],[-72.063299,-41.379982],[-72.066979,-41.38329],[-72.065026,-41.387763],[-72.068706,-41.391072],[-72.066753,-41.395545],[-72.070435,-41.398854],[-72.076069,-41.397689],[-72.079751,-41.400998],[-72.085387,-41.399833],[-72.087339,-41.395359],[-72.083656,-41.392051],[-72.085608,-41.387577],[-72.081926,-41.384268],[-72.083878,-41.379795],[-72.080196,-41.376487],[-72.082148,-41.372013],[-72.08778,-41.370847],[-72.089731,-41.366374],[-72.08605,-41.363066],[-72.088001,-41.358593],[-72.084321,-41.355286],[-72.086271,-41.350813],[-72.082592,-41.347506],[-72.076962,-41.348673],[-72.073284,-41.345366],[-72.067655,-41.346532],[-72.065219,-41.344342],[-72.065462,-41.34383],[-72.066493,-41.341618],[-72.06714,-41.34122],[-72.068554,-41.340631],[-72.06938,-41.34],[-72.067986,-41.339129],[-72.067586,-41.33841],[-72.071557,-41.337587],[-72.075234,-41.340893],[-72.080863,-41.339727],[-72.082813,-41.335254],[-72.079135,-41.331948],[-72.081085,-41.327476],[-72.086713,-41.326308],[-72.088662,-41.321836],[-72.084984,-41.31853],[-72.085085,-41.318299],[-72.08763,-41.31614],[-72.090417,-41.31603],[-72.092372,-41.31571],[-72.094648,-41.315391],[-72.095224,-41.315284],[-72.095607,-41.315213],[-72.09701,-41.31539],[-72.10163,-41.31488],[-72.101892,-41.314965],[-72.101865,-41.315026],[-72.105545,-41.318331],[-72.103596,-41.322805],[-72.097968,-41.323973],[-72.09602,-41.328446],[-72.099699,-41.331752],[-72.104181,-41.330822],[-72.104566,-41.331423],[-72.105241,-41.33217],[-72.106755,-41.33271],[-72.107809,-41.332812],[-72.109009,-41.333889],[-72.10706,-41.338363],[-72.110742,-41.341669],[-72.116372,-41.340501],[-72.11832,-41.336026],[-72.12395,-41.334857],[-72.12518,-41.332032],[-72.125682,-41.33185],[-72.12704,-41.33124],[-72.128135,-41.330712],[-72.128917,-41.330357],[-72.129948,-41.330072],[-72.131299,-41.329824],[-72.132081,-41.329788],[-72.132365,-41.330072],[-72.132436,-41.330499],[-72.132472,-41.331352],[-72.132614,-41.332205],[-72.133144,-41.332743],[-72.133717,-41.333116],[-72.13422,-41.33332],[-72.134791,-41.333485],[-72.133264,-41.336994],[-72.127634,-41.338163],[-72.125686,-41.342638],[-72.120055,-41.343807],[-72.118107,-41.348281],[-72.12179,-41.351588],[-72.127422,-41.350419],[-72.131106,-41.353725],[-72.136739,-41.352556],[-72.138686,-41.34808],[-72.144319,-41.34691],[-72.14502,-41.345298],[-72.145305,-41.345323],[-72.14642,-41.34557],[-72.146945,-41.346054],[-72.148718,-41.348629],[-72.148882,-41.349215],[-72.148882,-41.349827],[-72.148651,-41.350082],[-72.14758,-41.35126],[-72.147516,-41.35134],[-72.14665,-41.35242],[-72.14689,-41.352778],[-72.147217,-41.353266],[-72.147911,-41.35465],[-72.148147,-41.356565],[-72.14823,-41.35724],[-72.149368,-41.358863],[-72.150314,-41.360212],[-72.150436,-41.360386],[-72.151143,-41.360666],[-72.153874,-41.361477],[-72.154079,-41.361559],[-72.15621,-41.36241],[-72.157966,-41.362596],[-72.157997,-41.362594],[-72.159384,-41.362541],[-72.159715,-41.362612],[-72.159984,-41.362841],[-72.160301,-41.363574],[-72.160325,-41.364348],[-72.160231,-41.365075],[-72.160442,-41.365826],[-72.160958,-41.366365],[-72.16134,-41.36661],[-72.162303,-41.366923],[-72.162795,-41.367196],[-72.163034,-41.367455],[-72.160809,-41.367917],[-72.158862,-41.372394],[-72.162551,-41.375701],[-72.160605,-41.380178],[-72.154968,-41.381348],[-72.153021,-41.385825],[-72.147384,-41.386994],[-72.145435,-41.39147],[-72.149125,-41.394778],[-72.147176,-41.399255],[-72.150866,-41.402563],[-72.148918,-41.40704],[-72.152608,-41.410349],[-72.15066,-41.414826],[-72.14502,-41.415994],[-72.14133,-41.412685],[-72.135691,-41.413853],[-72.132001,-41.410545],[-72.126363,-41.411712],[-72.124413,-41.416188],[-72.128101,-41.419497],[-72.133741,-41.41833],[-72.137431,-41.421639],[-72.143071,-41.420471],[-72.146762,-41.42378],[-72.152402,-41.422612],[-72.154351,-41.418135],[-72.159992,-41.416966],[-72.16194,-41.412488],[-72.16758,-41.411319],[-72.171273,-41.414627],[-72.169325,-41.419105],[-72.163684,-41.420274],[-72.161736,-41.424752],[-72.165429,-41.428061],[-72.171071,-41.426892],[-72.174766,-41.430201],[-72.180408,-41.429032],[-72.182356,-41.424553],[-72.178661,-41.421244],[-72.180608,-41.416765],[-72.176914,-41.413457],[-72.178861,-41.408979],[-72.184502,-41.407808],[-72.188196,-41.411116],[-72.18625,-41.415595],[-72.189945,-41.418903],[-72.195587,-41.417733],[-72.199283,-41.421041],[-72.204926,-41.41987],[-72.208624,-41.423178],[-72.214267,-41.422006],[-72.217966,-41.425314],[-72.221126,-41.424658],[-72.22187,-41.42505],[-72.224404,-41.424852],[-72.22731,-41.42745],[-72.228368,-41.427231],[-72.228352,-41.427343],[-72.22814,-41.42931],[-72.228087,-41.429536],[-72.22725,-41.43311],[-72.232024,-41.434625],[-72.23207,-41.43464],[-72.233211,-41.43468],[-72.23436,-41.43452],[-72.234936,-41.434268],[-72.235682,-41.43394],[-72.23614,-41.433849],[-72.236736,-41.43394],[-72.237189,-41.43406],[-72.238766,-41.43474],[-72.23955,-41.43496],[-72.240154,-41.435646],[-72.241422,-41.436751],[-72.24149,-41.43681],[-72.242931,-41.437598],[-72.24436,-41.43817],[-72.245024,-41.438684],[-72.24574,-41.44022],[-72.246191,-41.441341],[-72.24639,-41.44231],[-72.246425,-41.442593],[-72.245818,-41.443993],[-72.246546,-41.444644],[-72.2462,-41.44588],[-72.24512,-41.44732],[-72.244433,-41.448876],[-72.244445,-41.449527],[-72.248031,-41.45074],[-72.247578,-41.451784],[-72.241929,-41.452957],[-72.238226,-41.449648],[-72.240171,-41.445166],[-72.236469,-41.441857],[-72.230822,-41.44303],[-72.227121,-41.439721],[-72.229066,-41.43524],[-72.225365,-41.431931],[-72.21972,-41.433103],[-72.217775,-41.437584],[-72.212129,-41.438756],[-72.20843,-41.435447],[-72.202786,-41.436618],[-72.199088,-41.433309],[-72.193444,-41.434479],[-72.189747,-41.43117],[-72.184104,-41.432341],[-72.182156,-41.43682],[-72.185853,-41.440129],[-72.191497,-41.438959],[-72.195194,-41.442268],[-72.200839,-41.441098],[-72.204538,-41.444407],[-72.202591,-41.448887],[-72.20629,-41.452197],[-72.211937,-41.451026],[-72.215637,-41.454335],[-72.221284,-41.453164],[-72.224986,-41.456474],[-72.22304,-41.460955],[-72.226742,-41.464265],[-72.232391,-41.463093],[-72.236094,-41.466403],[-72.241743,-41.465231],[-72.245448,-41.468541],[-72.243503,-41.473023],[-72.247208,-41.476333],[-72.245263,-41.480816],[-72.248969,-41.484126],[-72.254621,-41.482954],[-72.258328,-41.486264],[-72.26398,-41.485091],[-72.267688,-41.488402],[-72.265744,-41.492885],[-72.269453,-41.496196],[-72.275107,-41.495023],[-72.277051,-41.490539],[-72.282705,-41.489365],[-72.284648,-41.484881],[-72.280938,-41.48157],[-72.282882,-41.477086],[-72.279172,-41.473777],[-72.281115,-41.469293],[-72.277407,-41.465983],[-72.27935,-41.4615],[-72.285001,-41.460325],[-72.285595,-41.458953],[-72.28633,-41.45892],[-72.28671,-41.45897],[-72.28804,-41.45956],[-72.28849,-41.45963],[-72.28905,-41.45955],[-72.29097,-41.45862],[-72.29144,-41.45856],[-72.29234,-41.4586],[-72.29274,-41.45854],[-72.29334,-41.45833],[-72.29405,-41.45798],[-72.29508,-41.45726],[-72.29518,-41.45719],[-72.295344,-41.457119],[-72.296303,-41.457974],[-72.301954,-41.456799],[-72.305664,-41.460107],[-72.303723,-41.464592],[-72.307434,-41.467901],[-72.305493,-41.472386],[-72.309205,-41.475696],[-72.307263,-41.480181],[-72.301609,-41.481356],[-72.299667,-41.485841],[-72.303379,-41.489151],[-72.309034,-41.487976],[-72.312747,-41.491286],[-72.311145,-41.494987],[-72.31054,-41.49511],[-72.3079,-41.49565],[-72.30574,-41.49475],[-72.303596,-41.495562],[-72.30331,-41.49567],[-72.30123,-41.49512],[-72.29966,-41.49509],[-72.29719,-41.49616],[-72.294955,-41.496719],[-72.29403,-41.49695],[-72.29247,-41.49816],[-72.29135,-41.49853],[-72.28707,-41.49847],[-72.286187,-41.49869],[-72.28422,-41.49918],[-72.28322,-41.49927],[-72.28276,-41.49936],[-72.28128,-41.49993],[-72.280912,-41.5],[-72.28002,-41.50017],[-72.27977,-41.50028],[-72.27973,-41.50035],[-72.27905,-41.50135],[-72.27879,-41.50199],[-72.27833,-41.50199],[-72.27782,-41.50213],[-72.27753,-41.50215],[-72.277178,-41.502113],[-72.27715,-41.50211],[-72.27664,-41.50193],[-72.27623,-41.50184],[-72.27599,-41.50186],[-72.27569,-41.50199],[-72.27569,-41.50211],[-72.27579,-41.50227],[-72.27607,-41.50237],[-72.27658,-41.50224],[-72.27685,-41.50226],[-72.277091,-41.502314],[-72.27734,-41.50237],[-72.27765,-41.50235],[-72.27816,-41.50223],[-72.27871,-41.50221],[-72.279093,-41.504798],[-72.27918,-41.50539],[-72.27943,-41.50533],[-72.279584,-41.505237],[-72.27963,-41.50521],[-72.27981,-41.50509],[-72.28,-41.50499],[-72.28018,-41.50487],[-72.28056,-41.50465],[-72.28074,-41.50453],[-72.28102,-41.50438],[-72.28109,-41.50432],[-72.28116,-41.50424],[-72.28137,-41.50405],[-72.2814,-41.50381],[-72.28154,-41.50372],[-72.28167,-41.5037],[-72.28204,-41.50378],[-72.28213,-41.50387],[-72.28217,-41.50405],[-72.28217,-41.50411],[-72.28208,-41.50415],[-72.28177,-41.50432],[-72.2817,-41.50439],[-72.28176,-41.50451],[-72.28175,-41.50465],[-72.28172,-41.50471],[-72.28178,-41.50479],[-72.28194,-41.50483],[-72.28214,-41.504673],[-72.28218,-41.50457],[-72.28222,-41.50447],[-72.28228,-41.50442],[-72.28247,-41.50448],[-72.28261,-41.50455],[-72.2827,-41.50453],[-72.28294,-41.50444],[-72.28328,-41.50438],[-72.28353,-41.50437],[-72.28378,-41.50439],[-72.28403,-41.5044],[-72.28428,-41.50443],[-72.28453,-41.5045],[-72.28459,-41.504535],[-72.28461,-41.50469],[-72.28451,-41.50479],[-72.2843,-41.50495],[-72.28422,-41.50497],[-72.28416,-41.50504],[-72.28406,-41.50506],[-72.28384,-41.50511],[-72.283605,-41.50511],[-72.2834,-41.50507],[-72.28315,-41.50501],[-72.283035,-41.50502],[-72.2829,-41.50504],[-72.28285,-41.50508],[-72.28268,-41.50512],[-72.28246,-41.50521],[-72.282215,-41.50525],[-72.28206,-41.50517],[-72.28189,-41.50515],[-72.28177,-41.50515],[-72.28173,-41.50524],[-72.28176,-41.50534],[-72.28185,-41.5055],[-72.281825,-41.505625],[-72.28162,-41.5056],[-72.28155,-41.50556],[-72.281465,-41.505535],[-72.28141,-41.5055],[-72.28122,-41.50545],[-72.28099,-41.50535],[-72.28079,-41.50525],[-72.28057,-41.50514],[-72.280405,-41.50515],[-72.28029,-41.50519],[-72.280325,-41.50529],[-72.28042,-41.50535],[-72.28059,-41.50541],[-72.28066,-41.50544],[-72.28073,-41.50546],[-72.28084,-41.5055],[-72.2809,-41.5055],[-72.28093,-41.50559],[-72.28085,-41.50562],[-72.28068,-41.50566],[-72.28046,-41.50564],[-72.28021,-41.50558],[-72.27996,-41.50556],[-72.279947,-41.505561],[-72.27971,-41.50557],[-72.27945,-41.50562],[-72.27938,-41.50569],[-72.27931,-41.50576],[-72.27927,-41.50582],[-72.279355,-41.505865],[-72.27955,-41.50589],[-72.27963,-41.50585],[-72.27989,-41.5058],[-72.28014,-41.50577],[-72.280181,-41.50577],[-72.2803,-41.50577],[-72.28039,-41.50585],[-72.28053,-41.50603],[-72.28058,-41.5061],[-72.28069,-41.506107],[-72.28074,-41.50611],[-72.28107,-41.50608],[-72.28124,-41.50604],[-72.28132,-41.50603],[-72.28161,-41.506],[-72.28183,-41.50597],[-72.28208,-41.506],[-72.28233,-41.50603],[-72.28258,-41.50609],[-72.28283,-41.50609],[-72.28308,-41.50615],[-72.28332,-41.50623],[-72.28357,-41.5063],[-72.28382,-41.50633],[-72.28407,-41.50641],[-72.28432,-41.50649],[-72.28456,-41.50662],[-72.28478,-41.5068],[-72.284845,-41.506895],[-72.28491,-41.507],[-72.28504,-41.50723],[-72.28509,-41.50727],[-72.2851,-41.5074],[-72.28514,-41.50756],[-72.28515,-41.50773],[-72.28514,-41.5079],[-72.28512,-41.50806],[-72.28508,-41.50825],[-72.28501,-41.50844],[-72.28495,-41.50862],[-72.28483,-41.50881],[-72.28468,-41.50899],[-72.28455,-41.50918],[-72.28446,-41.50937],[-72.28441,-41.50955],[-72.284415,-41.50972],[-72.284588,-41.509925],[-72.28469,-41.51],[-72.28477,-41.51006],[-72.285013,-41.510295],[-72.28508,-41.51034],[-72.28511,-41.51043],[-72.28514,-41.51049],[-72.28521,-41.51066],[-72.28527,-41.51083],[-72.28541,-41.51116],[-72.28546,-41.51149],[-72.2855,-41.51166],[-72.28567,-41.51199],[-72.28594,-41.51233],[-72.28624,-41.51267],[-72.28657,-41.51301],[-72.286607,-41.513042],[-72.28677,-41.51318],[-72.28695,-41.51335],[-72.28709,-41.51351],[-72.28724,-41.51368],[-72.28736,-41.51385],[-72.28746,-41.51402],[-72.28752,-41.51419],[-72.28754,-41.51435],[-72.28775,-41.51485],[-72.28786,-41.51502],[-72.28798,-41.51519],[-72.28813,-41.51536],[-72.28826,-41.51553],[-72.28838,-41.51569],[-72.28851,-41.51586],[-72.28872,-41.5162],[-72.28878,-41.51636],[-72.2888,-41.51653],[-72.28876,-41.51669],[-72.28879,-41.516895],[-72.28886,-41.51705],[-72.2889,-41.51722],[-72.28889,-41.5173],[-72.288845,-41.517375],[-72.28876,-41.51745],[-72.28867,-41.5175],[-72.2886,-41.51753],[-72.28832,-41.51759],[-72.28809,-41.51762],[-72.28787,-41.517685],[-72.28774,-41.51774],[-72.28766,-41.5178],[-72.28747,-41.51796],[-72.2874,-41.51801],[-72.28738,-41.51815],[-72.28738,-41.51822],[-72.287305,-41.51827],[-72.28723,-41.51834],[-72.28697,-41.51847],[-72.28681,-41.51866],[-72.28653,-41.5189],[-72.28634,-41.51893],[-72.28612,-41.51892],[-72.2859,-41.51895],[-72.28568,-41.51901],[-72.28559,-41.519085],[-72.28553,-41.51918],[-72.28548,-41.51923],[-72.28547,-41.5194],[-72.28551,-41.51959],[-72.28555,-41.51976],[-72.28567,-41.52009],[-72.28568,-41.52026],[-72.28568,-41.52032],[-72.28567,-41.52055],[-72.28562,-41.52076],[-72.28557,-41.52085],[-72.28549,-41.521],[-72.28547,-41.5211],[-72.28544,-41.52127],[-72.285495,-41.52142],[-72.285499,-41.521435],[-72.28554,-41.52158],[-72.28561,-41.52172],[-72.2857,-41.52186],[-72.28585,-41.52199],[-72.285935,-41.522005],[-72.28602,-41.52205],[-72.28609,-41.52209],[-72.28628,-41.5222],[-72.28648,-41.5223],[-72.28667,-41.52241],[-72.28674,-41.52252],[-72.28679,-41.5226],[-72.28681,-41.52274],[-72.28682,-41.52288],[-72.28682,-41.52302],[-72.28684,-41.52317],[-72.2869,-41.52323],[-72.286985,-41.52328],[-72.28703,-41.52353],[-72.28702,-41.52367],[-72.28704,-41.52376],[-72.287105,-41.523795],[-72.28733,-41.52384],[-72.28755,-41.52388],[-72.28766,-41.52392],[-72.287705,-41.523995],[-72.28757,-41.5242],[-72.28752,-41.52428],[-72.28747,-41.52442],[-72.2875,-41.52451],[-72.28769,-41.52467],[-72.28802,-41.52473],[-72.28821,-41.5248],[-72.28835,-41.5249],[-72.28835,-41.52505],[-72.2884,-41.52527],[-72.28842,-41.52533],[-72.28845,-41.52541],[-72.28859,-41.52551],[-72.288715,-41.52561],[-72.288755,-41.52572],[-72.28878,-41.52598],[-72.28883,-41.52611],[-72.288875,-41.5262],[-72.28894,-41.52625],[-72.288985,-41.5263],[-72.28914,-41.52641],[-72.28931,-41.52651],[-72.28946,-41.52662],[-72.28962,-41.52672],[-72.289755,-41.52684],[-72.28982,-41.526953],[-72.28987,-41.52709],[-72.29004,-41.52745],[-72.29013,-41.52755],[-72.2904,-41.52782],[-72.29055,-41.52794],[-72.29074,-41.52805],[-72.29088,-41.52815],[-72.291,-41.52825],[-72.29109,-41.52836],[-72.291128,-41.528431],[-72.285887,-41.529518],[-72.282174,-41.526206],[-72.284119,-41.521721],[-72.280406,-41.51841],[-72.282351,-41.513925],[-72.278639,-41.510614],[-72.272984,-41.511787],[-72.269273,-41.508475],[-72.263618,-41.509648],[-72.261672,-41.514132],[-72.256017,-41.515304],[-72.252308,-41.511992],[-72.254254,-41.507508],[-72.250546,-41.504197],[-72.252492,-41.499714],[-72.248784,-41.496403],[-72.243131,-41.497574],[-72.241185,-41.502057],[-72.235532,-41.503228],[-72.233585,-41.507711],[-72.227931,-41.508881],[-72.225983,-41.513364],[-72.22969,-41.516676],[-72.235344,-41.515505],[-72.239051,-41.518818],[-72.237104,-41.5233],[-72.240812,-41.526613],[-72.246468,-41.525442],[-72.250177,-41.528754],[-72.24823,-41.533238],[-72.25194,-41.536551],[-72.249993,-41.541035],[-72.244335,-41.542205],[-72.240626,-41.538892],[-72.242573,-41.534409],[-72.238864,-41.531096],[-72.233208,-41.532266],[-72.23126,-41.536749],[-72.234968,-41.540062],[-72.23302,-41.544546],[-72.236729,-41.547859],[-72.234781,-41.552342],[-72.229122,-41.553512],[-72.227173,-41.557995],[-72.230882,-41.561309],[-72.228933,-41.565792],[-72.232643,-41.569107],[-72.230694,-41.57359],[-72.234404,-41.576905],[-72.240065,-41.575736],[-72.243777,-41.579051],[-72.241828,-41.583535],[-72.236166,-41.584704],[-72.232455,-41.581389],[-72.226793,-41.582558],[-72.223083,-41.579242],[-72.225033,-41.574759],[-72.221323,-41.571444],[-72.223274,-41.566961],[-72.219565,-41.563647],[-72.221515,-41.559164],[-72.217806,-41.55585],[-72.219756,-41.551367],[-72.216048,-41.548053],[-72.210391,-41.549222],[-72.208441,-41.553704],[-72.202784,-41.554872],[-72.200833,-41.559354],[-72.195176,-41.560522],[-72.193224,-41.565003],[-72.187566,-41.56617],[-72.185614,-41.570652],[-72.179956,-41.571818],[-72.178003,-41.576299],[-72.172345,-41.577465],[-72.168641,-41.574149],[-72.170594,-41.569669],[-72.166891,-41.566353],[-72.168844,-41.561873],[-72.165141,-41.558558],[-72.159485,-41.559723],[-72.155783,-41.556408],[-72.157737,-41.551928],[-72.154036,-41.548614],[-72.155989,-41.544134],[-72.152289,-41.54082],[-72.154242,-41.53634],[-72.150543,-41.533026],[-72.152496,-41.528547],[-72.148797,-41.525233],[-72.15075,-41.520754],[-72.156401,-41.519588],[-72.158353,-41.515109],[-72.154655,-41.511796],[-72.156607,-41.507317],[-72.162257,-41.50615],[-72.164208,-41.501671],[-72.169858,-41.500504],[-72.171808,-41.496024],[-72.177458,-41.494856],[-72.181158,-41.498168],[-72.179207,-41.502648],[-72.173557,-41.503816],[-72.171606,-41.508296],[-72.165955,-41.509463],[-72.164004,-41.513942],[-72.167704,-41.517255],[-72.165752,-41.521735],[-72.169452,-41.525048],[-72.175105,-41.523881],[-72.178806,-41.527195],[-72.176855,-41.531675],[-72.171202,-41.532842],[-72.16925,-41.537322],[-72.172951,-41.540636],[-72.170999,-41.545117],[-72.174702,-41.548431],[-72.180357,-41.547264],[-72.182309,-41.542783],[-72.187964,-41.541616],[-72.191668,-41.54493],[-72.197323,-41.543762],[-72.199274,-41.539281],[-72.204929,-41.538113],[-72.206879,-41.533631],[-72.203174,-41.530318],[-72.205124,-41.525836],[-72.20142,-41.522523],[-72.203369,-41.518042],[-72.199666,-41.514729],[-72.201615,-41.510248],[-72.207268,-41.509079],[-72.209216,-41.504598],[-72.214868,-41.503428],[-72.216817,-41.498946],[-72.222468,-41.497776],[-72.224416,-41.493294],[-72.220712,-41.489983],[-72.215061,-41.491153],[-72.211358,-41.487842],[-72.213306,-41.483361],[-72.209603,-41.48005],[-72.203954,-41.48122],[-72.202006,-41.485701],[-72.196356,-41.48687],[-72.192655,-41.483559],[-72.194604,-41.479079],[-72.190904,-41.475768],[-72.185256,-41.476937],[-72.183307,-41.481417],[-72.187006,-41.484728],[-72.185057,-41.489208],[-72.179408,-41.490376],[-72.175709,-41.487065],[-72.177659,-41.482585],[-72.17396,-41.479274],[-72.17591,-41.474794],[-72.181557,-41.473626],[-72.183506,-41.469146],[-72.179808,-41.465835],[-72.181757,-41.461356],[-72.17806,-41.458046],[-72.172414,-41.459215],[-72.168718,-41.455904],[-72.170667,-41.451425],[-72.166972,-41.448115],[-72.161327,-41.449284],[-72.157633,-41.445974],[-72.15199,-41.447142],[-72.148297,-41.443832],[-72.142654,-41.444999],[-72.138962,-41.441689],[-72.140912,-41.437212],[-72.137221,-41.433902],[-72.13158,-41.435069],[-72.127889,-41.43176],[-72.122249,-41.432926],[-72.11856,-41.429617],[-72.11292,-41.430783],[-72.109232,-41.427473],[-72.103593,-41.428639],[-72.099906,-41.425329],[-72.101858,-41.420854],[-72.098172,-41.417544],[-72.092534,-41.41871],[-72.090582,-41.423184],[-72.084944,-41.424349],[-72.081259,-41.421039],[-72.075622,-41.422204],[-72.073668,-41.426678],[-72.077352,-41.429988],[-72.075398,-41.434462],[-72.06976,-41.435626],[-72.066076,-41.432315],[-72.060439,-41.433479],[-72.058484,-41.437952],[-72.052845,-41.439115],[-72.05089,-41.443588],[-72.054573,-41.446899],[-72.052617,-41.451373],[-72.0563,-41.454685],[-72.054344,-41.459158],[-72.058028,-41.46247],[-72.056072,-41.466944],[-72.050431,-41.468106],[-72.048474,-41.47258],[-72.042833,-41.473741],[-72.039149,-41.470429],[-72.033509,-41.471589],[-72.029827,-41.468277],[-72.031784,-41.463804],[-72.028103,-41.460492],[-72.030061,-41.456019],[-72.035699,-41.454858],[-72.037657,-41.450385],[-72.033975,-41.447073],[-72.035932,-41.442601],[-72.032252,-41.43929],[-72.026615,-41.440451],[-72.024657,-41.444923],[-72.01902,-41.446083],[-72.015341,-41.442772],[-72.017299,-41.4383],[-72.013621,-41.434989],[-72.015579,-41.430517],[-72.021214,-41.429356],[-72.024893,-41.432667],[-72.030529,-41.431506],[-72.034208,-41.434817],[-72.039845,-41.433655],[-72.041801,-41.429183],[-72.038121,-41.425872],[-72.032485,-41.427034],[-72.028806,-41.423723],[-72.030762,-41.419251],[-72.036397,-41.418089],[-72.040077,-41.421399],[-72.045712,-41.420237],[-72.049393,-41.423547],[-72.055029,-41.422384],[-72.056984,-41.417911],[-72.053303,-41.414601],[-72.047668,-41.415764],[-72.043988,-41.412454],[-72.045943,-41.407982],[-72.042264,-41.404672],[-72.044218,-41.4002],[-72.04054,-41.396891],[-72.042495,-41.392419],[-72.048127,-41.391255],[-72.050081,-41.386783],[-72.046403,-41.383474],[-72.040771,-41.384638],[-72.037094,-41.381329],[-72.031463,-41.382492],[-72.029508,-41.386964],[-72.023877,-41.388126],[-72.021921,-41.392597],[-72.01629,-41.393759],[-72.014334,-41.39823],[-72.018009,-41.40154],[-72.016053,-41.406011],[-72.01042,-41.407172],[-72.008463,-41.411643],[-72.00283,-41.412803],[-71.999155,-41.409493],[-72.001113,-41.405023],[-71.997439,-41.401713],[-71.991807,-41.402873],[-71.988134,-41.399563],[-71.982503,-41.400722],[-71.978831,-41.397412],[-71.973201,-41.398572],[-71.971242,-41.403041],[-71.965612,-41.4042],[-71.961942,-41.400889],[-71.956312,-41.402047],[-71.954352,-41.406516],[-71.958022,-41.409827],[-71.956061,-41.414295],[-71.959732,-41.417606],[-71.957771,-41.422075],[-71.961443,-41.425387],[-71.959482,-41.429856],[-71.953849,-41.431013],[-71.950178,-41.427701],[-71.95214,-41.423233],[-71.948469,-41.419921],[-71.95043,-41.415453],[-71.946761,-41.412142],[-71.941131,-41.413299],[-71.937462,-41.409988],[-71.931833,-41.411144]],[[-72.110526,-41.353924],[-72.104895,-41.355092],[-72.102945,-41.359566],[-72.106628,-41.362873],[-72.104678,-41.367347],[-72.108361,-41.370654],[-72.106411,-41.375129],[-72.100778,-41.376296],[-72.098827,-41.38077],[-72.102511,-41.384078],[-72.108145,-41.382911],[-72.110095,-41.378436],[-72.11573,-41.377269],[-72.119415,-41.380577],[-72.117465,-41.385052],[-72.11183,-41.386219],[-72.10988,-41.390694],[-72.113565,-41.394002],[-72.119201,-41.392835],[-72.122888,-41.396143],[-72.128524,-41.394976],[-72.130474,-41.3905],[-72.13611,-41.389331],[-72.138059,-41.384855],[-72.134372,-41.381548],[-72.13632,-41.377072],[-72.132633,-41.373765],[-72.134582,-41.369289],[-72.140216,-41.36812],[-72.143903,-41.371427],[-72.149538,-41.370257],[-72.151485,-41.365781],[-72.147798,-41.362474],[-72.142164,-41.363644],[-72.138477,-41.360338],[-72.132844,-41.361507],[-72.129159,-41.3582],[-72.123526,-41.359369],[-72.119842,-41.356062],[-72.114209,-41.357231],[-72.110526,-41.353924]],[[-72.222087,-41.522328],[-72.220139,-41.526811],[-72.223845,-41.530123],[-72.229501,-41.528954],[-72.231449,-41.524471],[-72.227742,-41.521158],[-72.222087,-41.522328]],[[-72.183861,-41.562855],[-72.185813,-41.558374],[-72.182109,-41.555059],[-72.176453,-41.556226],[-72.1745,-41.560707],[-72.178204,-41.564022],[-72.183861,-41.562855]]]},"properties":{"comuna":"Cochamó","mancha_id":"10103-88ce850081fffff","clase":"Medio","nivel_medio":1.855,"nivel_medio_min":1.503,"nivel_medio_max":2.492,"pct_alto":12.0,"n_hexagonos":339,"area_ha":20683.94}},{"type":"Feature","geometry":{"type":"Polygon","coordinates":[[[-71.890466,-41.423697],[-71.888501,-41.428163],[-71.882872,-41.429317],[-71.879208,-41.426004],[-71.881174,-41.421539],[-71.886802,-41.420385],[-71.890466,-41.423697]]]},"properties":{"comuna":"Cochamó","mancha_id":"10103-88ce850031fffff","clase":"Medio","nivel_medio":1.518,"nivel_medio_min":1.518,"nivel_medio_max":1.518,"pct_alto":0.0,"n_hexagonos":1,"area_ha":63.7}},{"type":"Feature","geometry":{"type":"Polygon","coordinates":[[[-71.88457,-41.437095],[-71.8902,-41.435942],[-71.892165,-41.431476],[-71.897795,-41.430322],[-71.899759,-41.425855],[-71.896095,-41.422543],[-71.898059,-41.418077],[-71.894395,-41.414765],[-71.888767,-41.415919],[-71.885104,-41.412607],[-71.887068,-41.408142],[-71.892695,-41.406988],[-71.896359,-41.410299],[-71.901987,-41.409144],[-71.90395,-41.404678],[-71.909578,-41.403523],[-71.913242,-41.406834],[-71.91128,-41.411301],[-71.905651,-41.412456],[-71.903688,-41.416922],[-71.907353,-41.420234],[-71.905389,-41.424701],[-71.909055,-41.428013],[-71.907091,-41.43248],[-71.901461,-41.433634],[-71.899496,-41.438101],[-71.903162,-41.441413],[-71.901197,-41.44588],[-71.895566,-41.447034],[-71.8936,-41.451501],[-71.897267,-41.454814],[-71.895301,-41.459281],[-71.889668,-41.460434],[-71.887702,-41.4649],[-71.891369,-41.468214],[-71.889403,-41.472681],[-71.883769,-41.473834],[-71.881801,-41.4783],[-71.885469,-41.481615],[-71.883501,-41.486082],[-71.887169,-41.489397],[-71.885202,-41.493864],[-71.879566,-41.495015],[-71.877597,-41.499482],[-71.881266,-41.502798],[-71.879297,-41.507265],[-71.87366,-41.508415],[-71.869992,-41.505099],[-71.864356,-41.50625],[-71.862386,-41.510716],[-71.866054,-41.514032],[-71.871691,-41.512882],[-71.87536,-41.516199],[-71.87339,-41.520666],[-71.87706,-41.523982],[-71.87509,-41.528449],[-71.869451,-41.529599],[-71.867481,-41.534066],[-71.861842,-41.535216],[-71.859871,-41.539683],[-71.854231,-41.540831],[-71.850563,-41.537514],[-71.852535,-41.533047],[-71.848867,-41.52973],[-71.847676,-41.529973],[-71.846807,-41.52894],[-71.846626,-41.528106],[-71.847228,-41.52625],[-71.846983,-41.525608],[-71.847126,-41.524323],[-71.848161,-41.523645],[-71.848692,-41.523322],[-71.849803,-41.522645],[-71.850125,-41.521475],[-71.850588,-41.520468],[-71.851093,-41.519487],[-71.851373,-41.517684],[-71.851811,-41.516937],[-71.85222,-41.516239],[-71.852385,-41.515526],[-71.85225,-41.514931],[-71.851239,-41.513889],[-71.850159,-41.513366],[-71.849789,-41.512288],[-71.84943,-41.511823],[-71.849219,-41.510978],[-71.84898,-41.51027],[-71.84837,-41.509624],[-71.848195,-41.509546],[-71.847906,-41.509418],[-71.847317,-41.509551],[-71.847275,-41.509543],[-71.846587,-41.50892],[-71.846632,-41.508512],[-71.84665,-41.508178],[-71.846274,-41.50772],[-71.845773,-41.507374],[-71.845229,-41.506781],[-71.844788,-41.506503],[-71.84471,-41.506185],[-71.844188,-41.505463],[-71.845753,-41.501917],[-71.851388,-41.500768],[-71.855054,-41.504084],[-71.860689,-41.502934],[-71.862659,-41.498468],[-71.858993,-41.495152],[-71.860962,-41.490686],[-71.857297,-41.487371],[-71.859266,-41.482905],[-71.855601,-41.47959],[-71.849968,-41.48074],[-71.847999,-41.485205],[-71.842366,-41.486355],[-71.840396,-41.49082],[-71.839968,-41.490907],[-71.839471,-41.490224],[-71.837352,-41.488521],[-71.835093,-41.486322],[-71.833332,-41.485037],[-71.83279,-41.484823],[-71.83307,-41.484189],[-71.838703,-41.483039],[-71.840673,-41.478575],[-71.846305,-41.477425],[-71.848274,-41.47296],[-71.853906,-41.47181],[-71.855875,-41.467344],[-71.852212,-41.46403],[-71.85418,-41.459565],[-71.859811,-41.458414],[-71.863475,-41.461728],[-71.869107,-41.460577],[-71.871074,-41.456111],[-71.876705,-41.454959],[-71.878672,-41.450493],[-71.884303,-41.44934],[-71.886269,-41.444874],[-71.882604,-41.441561],[-71.88457,-41.437095]],[[-71.877866,-41.487233],[-71.874199,-41.483918],[-71.868565,-41.485069],[-71.866597,-41.489535],[-71.870263,-41.492851],[-71.875898,-41.4917],[-71.877866,-41.487233]]]},"properties":{"comuna":"Cochamó","mancha_id":"10103-88ce850003fffff","clase":"Medio","nivel_medio":1.801,"nivel_medio_min":1.5,"nivel_medio_max":2.419,"pct_alto":13.7,"n_hexagonos":44,"area_ha":2683.35}},{"type":"Feature","geometry":{"type":"Polygon","coordinates":[[[-72.46765,-41.778112],[-72.465708,-41.782609],[-72.469458,-41.78593],[-72.467515,-41.790428],[-72.461821,-41.791604],[-72.458071,-41.788283],[-72.460014,-41.783785],[-72.456265,-41.780465],[-72.458208,-41.775968],[-72.463901,-41.774791],[-72.465843,-41.770294],[-72.471535,-41.769117],[-72.475286,-41.772437],[-72.473343,-41.776935],[-72.46765,-41.778112]]]},"properties":{"comuna":"Cochamó","mancha_id":"10103-88ceae4c03fffff","clase":"Alto","nivel_medio":2.751,"nivel_medio_min":2.683,"nivel_medio_max":2.824,"pct_alto":83.7,"n_hexagonos":3,"area_ha":193.77}},{"type":"Feature","geometry":{"type":"Polygon","coordinates":[[[-72.259244,-41.804623],[-72.257287,-41.809111],[-72.251601,-41.810275],[-72.247872,-41.806951],[-72.249829,-41.802462],[-72.255515,-41.801298],[-72.259244,-41.804623]]]},"properties":{"comuna":"Cochamó","mancha_id":"10103-88ceae49ebfffff","clase":"Alto","nivel_medio":2.54,"nivel_medio_min":2.54,"nivel_medio_max":2.54,"pct_alto":54.1,"n_hexagonos":1,"area_ha":64.37}},{"type":"Feature","geometry":{"type":"Polygon","coordinates":[[[-72.270436,-41.814596],[-72.26848,-41.819086],[-72.272212,-41.822411],[-72.270255,-41.8269],[-72.264566,-41.828064],[-72.260835,-41.824739],[-72.255146,-41.825903],[-72.251416,-41.822578],[-72.253373,-41.818089],[-72.259061,-41.816925],[-72.261018,-41.812436],[-72.266705,-41.811272],[-72.270436,-41.814596]]]},"properties":{"comuna":"Cochamó","mancha_id":"10103-88ceae49c1fffff","clase":"Alto","nivel_medio":2.605,"nivel_medio_min":2.54,"nivel_medio_max":2.713,"pct_alto":60.5,"n_hexagonos":3,"area_ha":193.15}},{"type":"Feature","geometry":{"type":"Polygon","coordinates":[[[-72.297446,-41.776346],[-72.295493,-41.780836],[-72.289808,-41.782003],[-72.286077,-41.77868],[-72.28803,-41.774191],[-72.293715,-41.773024],[-72.297446,-41.776346]]]},"properties":{"comuna":"Cochamó","mancha_id":"10103-88ceae4997fffff","clase":"Alto","nivel_medio":2.773,"nivel_medio_min":2.773,"nivel_medio_max":2.773,"pct_alto":77.2,"n_hexagonos":1,"area_ha":64.39}},{"type":"Feature","geometry":{"type":"Polygon","coordinates":[[[-72.200428,-41.820736],[-72.198467,-41.825222],[-72.192781,-41.826382],[-72.189057,-41.823056],[-72.191019,-41.81857],[-72.196703,-41.81741],[-72.198664,-41.812924],[-72.204348,-41.811763],[-72.208073,-41.815088],[-72.206113,-41.819575],[-72.200428,-41.820736]]]},"properties":{"comuna":"Cochamó","mancha_id":"10103-88ceae4921fffff","clase":"Alto","nivel_medio":2.551,"nivel_medio_min":2.543,"nivel_medio_max":2.558,"pct_alto":66.1,"n_hexagonos":2,"area_ha":128.62}},{"type":"Feature","geometry":{"type":"Polygon","coordinates":[[[-72.236312,-41.821578],[-72.234353,-41.826067],[-72.228666,-41.827229],[-72.224938,-41.823903],[-72.226897,-41.819415],[-72.22317,-41.81609],[-72.225129,-41.811603],[-72.230814,-41.81044],[-72.234542,-41.813765],[-72.232583,-41.818253],[-72.236312,-41.821578]]]},"properties":{"comuna":"Cochamó","mancha_id":"10103-88ceae4915fffff","clase":"Alto","nivel_medio":2.63,"nivel_medio_min":2.522,"nivel_medio_max":2.737,"pct_alto":66.0,"n_hexagonos":2,"area_ha":128.69}},{"type":"Feature","geometry":{"type":"Polygon","coordinates":[[[-72.3387,-41.800594],[-72.336748,-41.805086],[-72.331059,-41.806254],[-72.327321,-41.802931],[-72.321632,-41.804099],[-72.319679,-41.808591],[-72.31399,-41.809758],[-72.310254,-41.806434],[-72.304566,-41.807601],[-72.302612,-41.812092],[-72.296923,-41.813258],[-72.294968,-41.817749],[-72.289279,-41.818915],[-72.285545,-41.81559],[-72.279857,-41.816756],[-72.276124,-41.813431],[-72.27808,-41.808942],[-72.283767,-41.807776],[-72.285722,-41.803286],[-72.29141,-41.80212],[-72.293364,-41.79763],[-72.289632,-41.794306],[-72.291586,-41.789816],[-72.297272,-41.78865],[-72.301005,-41.791973],[-72.306692,-41.790806],[-72.310426,-41.794129],[-72.316114,-41.792961],[-72.318066,-41.78847],[-72.323753,-41.787302],[-72.327489,-41.790625],[-72.333177,-41.789456],[-72.336914,-41.792779],[-72.342603,-41.791609],[-72.346341,-41.794932],[-72.34439,-41.799425],[-72.3387,-41.800594]]]},"properties":{"comuna":"Cochamó","mancha_id":"10103-88ceae4887fffff","clase":"Alto","nivel_medio":2.69,"nivel_medio_min":2.503,"nivel_medio_max":2.989,"pct_alto":69.2,"n_hexagonos":15,"area_ha":966.4}},{"type":"Feature","geometry":{"type":"Polygon","coordinates":[[[-72.292487,-41.835351],[-72.292838,-41.834546],[-72.293988,-41.83431],[-72.293813,-41.834452],[-72.29356,-41.834756],[-72.29323,-41.83501],[-72.292621,-41.835289],[-72.292487,-41.835351]]]},"properties":{"comuna":"Cochamó","mancha_id":"10103-88ceae4815fffff","clase":"Alto","nivel_medio":2.667,"nivel_medio_min":2.667,"nivel_medio_max":2.667,"pct_alto":66.7,"n_hexagonos":1,"area_ha":0.52}},{"type":"Feature","geometry":{"type":"Polygon","coordinates":[[[-72.28697,-41.848018],[-72.285013,-41.852509],[-72.279321,-41.853673],[-72.275586,-41.850347],[-72.277543,-41.845857],[-72.283234,-41.844692],[-72.28697,-41.848018]]]},"properties":{"comuna":"Cochamó","mancha_id":"10103-88ceae4801fffff","clase":"Alto","nivel_medio":2.647,"nivel_medio_min":2.647,"nivel_medio_max":2.647,"pct_alto":64.7,"n_hexagonos":1,"area_ha":64.42}},{"type":"Feature","geometry":{"type":"Polygon","coordinates":[[[-72.055809,-41.984892],[-72.05953,-41.988227],[-72.065227,-41.987078],[-72.068949,-41.990413],[-72.066974,-41.994897],[-72.061276,-41.996045],[-72.057554,-41.99271],[-72.051857,-41.993858],[-72.048137,-41.990523],[-72.050113,-41.98604],[-72.055809,-41.984892]]]},"properties":{"comuna":"Cochamó","mancha_id":"10103-88cea32da3fffff","clase":"Alto","nivel_medio":2.635,"nivel_medio_min":2.535,"nivel_medio_max":2.735,"pct_alto":63.9,"n_hexagonos":2,"area_ha":128.51}},{"type":"Feature","geometry":{"type":"Polygon","coordinates":[[[-72.105327,-42.073002],[-72.103351,-42.077488],[-72.107084,-42.080827],[-72.105108,-42.085313],[-72.108841,-42.088652],[-72.106865,-42.093139],[-72.110599,-42.096477],[-72.108622,-42.100964],[-72.102911,-42.102112],[-72.099177,-42.098773],[-72.101155,-42.094287],[-72.097422,-42.090948],[-72.099399,-42.086461],[-72.095666,-42.083123],[-72.097643,-42.078637],[-72.093912,-42.075298],[-72.095888,-42.070812],[-72.101596,-42.069664],[-72.105327,-42.073002]]]},"properties":{"comuna":"Cochamó","mancha_id":"10103-88cea32c51fffff","clase":"Alto","nivel_medio":2.635,"nivel_medio_min":2.508,"nivel_medio_max":2.73,"pct_alto":65.1,"n_hexagonos":4,"area_ha":257.46}},{"type":"Feature","geometry":{"type":"Polygon","coordinates":[[[-72.101816,-42.057354],[-72.09984,-42.06184],[-72.094134,-42.062989],[-72.090404,-42.059651],[-72.09238,-42.055166],[-72.098086,-42.054017],[-72.101816,-42.057354]]]},"properties":{"comuna":"Cochamó","mancha_id":"10103-88cea32c1dfffff","clase":"Alto","nivel_medio":2.803,"nivel_medio_min":2.803,"nivel_medio_max":2.803,"pct_alto":81.4,"n_hexagonos":1,"area_ha":64.34}},{"type":"Feature","geometry":{"type":"Polygon","coordinates":[[[-72.190363,-42.092685],[-72.188391,-42.097176],[-72.182677,-42.098328],[-72.178935,-42.09499],[-72.180907,-42.0905],[-72.18662,-42.089348],[-72.190363,-42.092685]]]},"properties":{"comuna":"Cochamó","mancha_id":"10103-88cea325e7fffff","clase":"Alto","nivel_medio":2.672,"nivel_medio_min":2.672,"nivel_medio_max":2.672,"pct_alto":77.2,"n_hexagonos":1,"area_ha":64.46}},{"type":"Feature","geometry":{"type":"Polygon","coordinates":[[[-72.133016,-42.116512],[-72.13104,-42.121],[-72.125326,-42.122149],[-72.121589,-42.118809],[-72.115875,-42.119957],[-72.113898,-42.124445],[-72.108184,-42.125593],[-72.104448,-42.122253],[-72.106426,-42.117765],[-72.102691,-42.114426],[-72.104668,-42.109938],[-72.11038,-42.108791],[-72.114116,-42.11213],[-72.119828,-42.110982],[-72.121805,-42.106494],[-72.118069,-42.103155],[-72.120045,-42.098668],[-72.11631,-42.095329],[-72.118285,-42.090842],[-72.114551,-42.087503],[-72.116527,-42.083016],[-72.112793,-42.079678],[-72.114768,-42.075191],[-72.111035,-42.071853],[-72.113011,-42.067366],[-72.118718,-42.066217],[-72.120693,-42.06173],[-72.11696,-42.058393],[-72.118935,-42.053906],[-72.124641,-42.052756],[-72.126615,-42.048269],[-72.122883,-42.044933],[-72.117177,-42.046083],[-72.113446,-42.042746],[-72.107741,-42.043896],[-72.105766,-42.048382],[-72.100061,-42.049531],[-72.096331,-42.046194],[-72.090627,-42.047343],[-72.086898,-42.044006],[-72.081194,-42.045154],[-72.077467,-42.041817],[-72.071764,-42.042965],[-72.069787,-42.047449],[-72.064083,-42.048597],[-72.062106,-42.053081],[-72.065832,-42.056418],[-72.063854,-42.060903],[-72.05815,-42.062049],[-72.054424,-42.058711],[-72.056402,-42.054227],[-72.052677,-42.05089],[-72.054655,-42.046406],[-72.05093,-42.043069],[-72.045228,-42.044215],[-72.041505,-42.040877],[-72.043483,-42.036394],[-72.039761,-42.033057],[-72.041739,-42.028574],[-72.038017,-42.025237],[-72.039995,-42.020755],[-72.045694,-42.019608],[-72.049417,-42.022945],[-72.055117,-42.021798],[-72.05884,-42.025134],[-72.064541,-42.023987],[-72.068266,-42.027323],[-72.073967,-42.026175],[-72.077693,-42.029511],[-72.083395,-42.028363],[-72.087122,-42.031699],[-72.092825,-42.03055],[-72.0948,-42.026065],[-72.100502,-42.024916],[-72.104231,-42.028252],[-72.109934,-42.027102],[-72.113664,-42.030438],[-72.11169,-42.034924],[-72.11542,-42.03826],[-72.121125,-42.03711],[-72.124856,-42.040446],[-72.130562,-42.039295],[-72.134295,-42.042631],[-72.140001,-42.04148],[-72.143735,-42.044816],[-72.149442,-42.043664],[-72.153177,-42.047001],[-72.158884,-42.045848],[-72.16262,-42.049185],[-72.168329,-42.048032],[-72.172066,-42.051368],[-72.177775,-42.050215],[-72.179745,-42.045726],[-72.185454,-42.044572],[-72.189193,-42.047908],[-72.187223,-42.052397],[-72.190963,-42.055733],[-72.196673,-42.054579],[-72.198642,-42.050089],[-72.204352,-42.048934],[-72.206321,-42.044444],[-72.21203,-42.043289],[-72.215772,-42.046624],[-72.221482,-42.045468],[-72.225225,-42.048804],[-72.230936,-42.047647],[-72.232903,-42.043156],[-72.238614,-42.041999],[-72.240581,-42.037507],[-72.236837,-42.034173],[-72.238803,-42.029681],[-72.244512,-42.028524],[-72.248257,-42.031858],[-72.253967,-42.0307],[-72.255932,-42.026208],[-72.261642,-42.025049],[-72.263606,-42.020557],[-72.259861,-42.017223],[-72.261825,-42.012731],[-72.258081,-42.009397],[-72.260045,-42.004905],[-72.265753,-42.003746],[-72.266744,-42.001478],[-72.26704,-42.001616],[-72.267641,-42.001774],[-72.268367,-42.001975],[-72.269123,-42.002249],[-72.270222,-42.002459],[-72.271311,-42.002984],[-72.272238,-42.003347],[-72.272722,-42.003548],[-72.273166,-42.003709],[-72.273649,-42.004072],[-72.274295,-42.004113],[-72.274779,-42.004032],[-72.275343,-42.004032],[-72.275787,-42.003992],[-72.276017,-42.004064],[-72.275206,-42.005919],[-72.278952,-42.009252],[-72.276989,-42.013745],[-72.27128,-42.014905],[-72.269316,-42.019397],[-72.273062,-42.022731],[-72.271098,-42.027224],[-72.274845,-42.030558],[-72.272881,-42.035051],[-72.276629,-42.038385],[-72.274665,-42.042879],[-72.268952,-42.044037],[-72.266987,-42.048531],[-72.261275,-42.049689],[-72.259309,-42.054182],[-72.253596,-42.055339],[-72.24985,-42.052004],[-72.244137,-42.053161],[-72.240392,-42.049826],[-72.234681,-42.050983],[-72.232713,-42.055474],[-72.236458,-42.05881],[-72.234491,-42.063302],[-72.228778,-42.064458],[-72.225034,-42.061122],[-72.219321,-42.062278],[-72.215578,-42.058942],[-72.209867,-42.060097],[-72.206124,-42.056761],[-72.200414,-42.057915],[-72.198444,-42.062406],[-72.192733,-42.06356],[-72.190763,-42.06805],[-72.185051,-42.069203],[-72.18308,-42.073693],[-72.177369,-42.074846],[-72.175397,-42.079335],[-72.179138,-42.082673],[-72.177166,-42.087163],[-72.171453,-42.088315],[-72.167713,-42.084977],[-72.169685,-42.080488],[-72.165946,-42.07715],[-72.167918,-42.072661],[-72.173629,-42.071509],[-72.175601,-42.067019],[-72.171862,-42.063683],[-72.166152,-42.064835],[-72.162414,-42.061498],[-72.156705,-42.06265],[-72.152968,-42.059314],[-72.14726,-42.060465],[-72.143524,-42.057128],[-72.137816,-42.058279],[-72.134082,-42.054942],[-72.128375,-42.056093],[-72.126401,-42.06058],[-72.130134,-42.063917],[-72.12816,-42.068405],[-72.122452,-42.069555],[-72.120477,-42.074042],[-72.124211,-42.077379],[-72.122236,-42.081867],[-72.125971,-42.085205],[-72.123996,-42.089693],[-72.127732,-42.093031],[-72.125756,-42.097519],[-72.129493,-42.100857],[-72.127517,-42.105345],[-72.131254,-42.108684],[-72.129278,-42.113173],[-72.133016,-42.116512]]]},"properties":{"comuna":"Cochamó","mancha_id":"10103-88cea32525fffff","clase":"Alto","nivel_medio":2.802,"nivel_medio_min":2.503,"nivel_medio_max":3.054,"pct_alto":81.8,"n_hexagonos":78,"area_ha":4987.86}},{"type":"Feature","geometry":{"type":"Polygon","coordinates":[[[-72.233541,-42.124912],[-72.23157,-42.129405],[-72.225851,-42.130559],[-72.222102,-42.12722],[-72.224072,-42.122728],[-72.229791,-42.121574],[-72.233541,-42.124912]]]},"properties":{"comuna":"Cochamó","mancha_id":"10103-88cea32431fffff","clase":"Alto","nivel_medio":2.595,"nivel_medio_min":2.595,"nivel_medio_max":2.595,"pct_alto":72.3,"n_hexagonos":1,"area_ha":64.53}},{"type":"Feature","geometry":{"type":"Polygon","coordinates":[[[-72.178148,-41.682357],[-72.176191,-41.68684],[-72.170521,-41.688003],[-72.166809,-41.684682],[-72.16114,-41.685845],[-72.157429,-41.682524],[-72.159387,-41.678042],[-72.165056,-41.67688],[-72.168767,-41.6802],[-72.174436,-41.679037],[-72.178148,-41.682357]]]},"properties":{"comuna":"Cochamó","mancha_id":"10103-88ce85ba47fffff","clase":"Alto","nivel_medio":2.597,"nivel_medio_min":2.539,"nivel_medio_max":2.655,"pct_alto":62.5,"n_hexagonos":2,"area_ha":128.38}},{"type":"Feature","geometry":{"type":"Polygon","coordinates":[[[-72.188128,-41.647656],[-72.186173,-41.652139],[-72.180506,-41.653303],[-72.176796,-41.649985],[-72.178751,-41.645502],[-72.184417,-41.644338],[-72.188128,-41.647656]]]},"properties":{"comuna":"Cochamó","mancha_id":"10103-88ce85ba31fffff","clase":"Alto","nivel_medio":2.551,"nivel_medio_min":2.551,"nivel_medio_max":2.551,"pct_alto":70.9,"n_hexagonos":1,"area_ha":64.18}},{"type":"Feature","geometry":{"type":"Polygon","coordinates":[[[-72.44759,-41.67548],[-72.44765,-41.67558],[-72.447641,-41.675809],[-72.446958,-41.675951],[-72.44688,-41.67589],[-72.44682,-41.67586],[-72.44676,-41.6758],[-72.44673,-41.67577],[-72.44662,-41.67562],[-72.44663,-41.67553],[-72.44667,-41.67551],[-72.44669,-41.6755],[-72.44683,-41.67544],[-72.44703,-41.67535],[-72.44722,-41.67537],[-72.4474,-41.67542],[-72.44756,-41.67548],[-72.44759,-41.67548]]]},"properties":{"comuna":"Cochamó","mancha_id":"10103-88ce85b71dfffff","clase":"Alto","nivel_medio":2.782,"nivel_medio_min":2.782,"nivel_medio_max":2.782,"pct_alto":63.4,"n_hexagonos":1,"area_ha":0.41}},{"type":"Feature","geometry":{"type":"Polygon","coordinates":[[[-72.42483,-41.673478],[-72.424982,-41.673128],[-72.425,-41.67314],[-72.42502,-41.6734],[-72.42483,-41.673478]]]},"properties":{"comuna":"Cochamó","mancha_id":"10103-88ce85b701fffff","clase":"Alto","nivel_medio":2.965,"nivel_medio_min":2.965,"nivel_medio_max":2.965,"pct_alto":62.8,"n_hexagonos":1,"area_ha":0.03}},{"type":"Feature","geometry":{"type":"Polygon","coordinates":[[[-72.42592,-41.67258],[-72.42559,-41.67238],[-72.4254,-41.67227],[-72.42536,-41.672252],[-72.425363,-41.672245],[-72.424836,-41.671777],[-72.42473,-41.67162],[-72.42465,-41.67145],[-72.42453,-41.67128],[-72.42448,-41.67124],[-72.424505,-41.671135],[-72.42472,-41.67098],[-72.425005,-41.67101],[-72.42522,-41.67106],[-72.42546,-41.67117],[-72.42568,-41.67124],[-72.42612,-41.67129],[-72.42626,-41.67132],[-72.426325,-41.67139],[-72.42639,-41.67156],[-72.426405,-41.671705],[-72.42643,-41.67182],[-72.42654,-41.6719],[-72.42666,-41.6719],[-72.42672,-41.67186],[-72.42679,-41.67184],[-72.42698,-41.67174],[-72.427255,-41.6716],[-72.42733,-41.67159],[-72.42752,-41.67156],[-72.42819,-41.67151],[-72.42841,-41.67151],[-72.42863,-41.6715],[-72.42885,-41.67151],[-72.428898,-41.671512],[-72.42907,-41.67152],[-72.42929,-41.67153],[-72.42951,-41.67156],[-72.4296,-41.67156],[-72.42973,-41.67152],[-72.42994,-41.67143],[-72.430115,-41.671275],[-72.430131,-41.671257],[-72.43017,-41.67121],[-72.4302,-41.67116],[-72.43023,-41.6711],[-72.43034,-41.67094],[-72.43041,-41.67078],[-72.43051,-41.67061],[-72.43061,-41.67028],[-72.43068,-41.67012],[-72.43075,-41.67003],[-72.43074,-41.66993],[-72.43065,-41.66993],[-72.43053,-41.66995],[-72.43044,-41.67004],[-72.43027,-41.67023],[-72.43015,-41.67036],[-72.43006,-41.67041],[-72.42998,-41.67045],[-72.42991,-41.67049],[-72.42985,-41.67052],[-72.429765,-41.670555],[-72.42964,-41.67059],[-72.42942,-41.67062],[-72.42923,-41.67061],[-72.428945,-41.67061],[-72.428865,-41.670645],[-72.42867,-41.67075],[-72.42855,-41.6708],[-72.42851,-41.67087],[-72.42848,-41.67092],[-72.42806,-41.67109],[-72.42798,-41.67112],[-72.42779,-41.67115],[-72.427675,-41.671155],[-72.4276,-41.67113],[-72.42742,-41.67104],[-72.42723,-41.67093],[-72.42708,-41.67083],[-72.42699,-41.67076],[-72.42691,-41.67067],[-72.42678,-41.67056],[-72.42663,-41.67043],[-72.42646,-41.670375],[-72.42639,-41.67035],[-72.426255,-41.67042],[-72.42619,-41.67054],[-72.42614,-41.67068],[-72.42604,-41.67082],[-72.42602,-41.67088],[-72.42585,-41.6709],[-72.42566,-41.67088],[-72.42557,-41.67083],[-72.42551,-41.67078],[-72.42535,-41.67067],[-72.42526,-41.670615],[-72.4252,-41.67059],[-72.42507,-41.67059],[-72.42501,-41.67055],[-72.42489,-41.67052],[-72.42452,-41.67037],[-72.42433,-41.67029],[-72.42414,-41.67021],[-72.42398,-41.67011],[-72.42384,-41.67003],[-72.4237,-41.66992],[-72.42355,-41.66982],[-72.42344,-41.66975],[-72.42329,-41.66962],[-72.423155,-41.66955],[-72.42298,-41.66951],[-72.42279,-41.66947],[-72.4226,-41.66946],[-72.42241,-41.66946],[-72.422244,-41.669477],[-72.421625,-41.668928],[-72.419723,-41.669323],[-72.41958,-41.66927],[-72.41941,-41.66917],[-72.41929,-41.6691],[-72.41917,-41.66901],[-72.41903,-41.66896],[-72.41886,-41.66888],[-72.41872,-41.6688],[-72.41855,-41.6687],[-72.41843,-41.66863],[-72.41829,-41.66857],[-72.41812,-41.66846],[-72.41798,-41.66838],[-72.4178,-41.66828],[-72.41761,-41.66821],[-72.41744,-41.66811],[-72.4173,-41.66807],[-72.41724,-41.668105],[-72.417155,-41.6682],[-72.41699,-41.6684],[-72.41689,-41.66844],[-72.41681,-41.66848],[-72.41662,-41.66851],[-72.41643,-41.66851],[-72.41625,-41.6685],[-72.41606,-41.66852],[-72.41587,-41.66849],[-72.41568,-41.66844],[-72.41551,-41.66835],[-72.41537,-41.66828],[-72.41519,-41.6682],[-72.415,-41.6681],[-72.41483,-41.66801],[-72.41469,-41.66794],[-72.41451,-41.66787],[-72.41432,-41.66778],[-72.41413,-41.66772],[-72.41395,-41.66769],[-72.41385,-41.66777],[-72.41379,-41.667815],[-72.4138,-41.6679],[-72.41396,-41.66803],[-72.41409,-41.66811],[-72.41421,-41.66816],[-72.4144,-41.66821],[-72.41474,-41.66833],[-72.41488,-41.66841],[-72.41502,-41.66845],[-72.41533,-41.6686],[-72.41539,-41.66864],[-72.41549,-41.6687],[-72.41559,-41.66881],[-72.41578,-41.66894],[-72.4158,-41.66904],[-72.41559,-41.66907],[-72.41538,-41.66903],[-72.41524,-41.66898],[-72.41507,-41.66886],[-72.41494,-41.6688],[-72.41486,-41.66875],[-72.41476,-41.66874],[-72.41457,-41.66872],[-72.41438,-41.668715],[-72.412209,-41.666789],[-72.414151,-41.662296],[-72.41983,-41.661119],[-72.423567,-41.664435],[-72.429246,-41.663257],[-72.432984,-41.666573],[-72.431043,-41.671067],[-72.434782,-41.674384],[-72.434501,-41.675034],[-72.43441,-41.67503],[-72.43431,-41.67505],[-72.43419,-41.67509],[-72.43396,-41.67515],[-72.43374,-41.67515],[-72.43367,-41.67513],[-72.43359,-41.67511],[-72.433515,-41.675065],[-72.43343,-41.67503],[-72.433335,-41.67499],[-72.43326,-41.67496],[-72.43306,-41.67487],[-72.43284,-41.67484],[-72.43272,-41.67484],[-72.43255,-41.67496],[-72.4326,-41.67505],[-72.43273,-41.67527],[-72.43282,-41.67543],[-72.4328,-41.67555],[-72.43266,-41.67558],[-72.43253,-41.67552],[-72.43231,-41.67543],[-72.4321,-41.67534],[-72.4319,-41.67524],[-72.4317,-41.67515],[-72.43153,-41.67504],[-72.43139,-41.67493],[-72.43127,-41.67482],[-72.431125,-41.674635],[-72.431085,-41.67457],[-72.43105,-41.67447],[-72.43096,-41.67431],[-72.4309,-41.67414],[-72.43076,-41.67381],[-72.43064,-41.67364],[-72.43045,-41.67349],[-72.430375,-41.67345],[-72.43022,-41.67342],[-72.43,-41.67343],[-72.42978,-41.67337],[-72.429645,-41.673245],[-72.42962,-41.67318],[-72.42957,-41.67306],[-72.42951,-41.673],[-72.42936,-41.673],[-72.42913,-41.67304],[-72.42904,-41.67306],[-72.42896,-41.6731],[-72.42872,-41.67328],[-72.42849,-41.67341],[-72.42824,-41.67344],[-72.42817,-41.67342],[-72.42808,-41.67342],[-72.428035,-41.673385],[-72.4278,-41.67328],[-72.4276,-41.67318],[-72.4274,-41.67314],[-72.42696,-41.67299],[-72.42674,-41.67293],[-72.42653,-41.67287],[-72.42631,-41.67277],[-72.42611,-41.67267],[-72.42592,-41.67258]]]},"properties":{"comuna":"Cochamó","mancha_id":"10103-88ce85b701fffff-2","clase":"Alto","nivel_medio":2.709,"nivel_medio_min":2.625,"nivel_medio_max":2.965,"pct_alto":66.8,"n_hexagonos":3,"area_ha":133.91}},{"type":"Feature","geometry":{"type":"Polygon","coordinates":[[[-72.42577,-41.67354],[-72.42601,-41.67361],[-72.42639,-41.67391],[-72.4264,-41.674],[-72.42613,-41.67405],[-72.42562,-41.67405],[-72.42535,-41.67384],[-72.42544,-41.67363],[-72.42557,-41.67356],[-72.42577,-41.67354]]]},"properties":{"comuna":"Cochamó","mancha_id":"10103-88ce85b701fffff-3","clase":"Alto","nivel_medio":2.965,"nivel_medio_min":2.965,"nivel_medio_max":2.965,"pct_alto":62.8,"n_hexagonos":1,"area_ha":0.35}},{"type":"Feature","geometry":{"type":"Polygon","coordinates":[[[-72.43353,-41.67573],[-72.43378,-41.67574],[-72.43399,-41.67578],[-72.43411,-41.67584],[-72.434142,-41.675866],[-72.433929,-41.676358],[-72.43381,-41.67631],[-72.43362,-41.67617],[-72.43355,-41.67612],[-72.43344,-41.67605],[-72.43335,-41.67597],[-72.4333,-41.67588],[-72.43334,-41.67579],[-72.43347,-41.67577],[-72.43353,-41.67573]]]},"properties":{"comuna":"Cochamó","mancha_id":"10103-88ce85b701fffff-4","clase":"Alto","nivel_medio":2.965,"nivel_medio_min":2.965,"nivel_medio_max":2.965,"pct_alto":62.8,"n_hexagonos":1,"area_ha":0.3}},{"type":"Feature","geometry":{"type":"Polygon","coordinates":[[[-72.42847,-41.67856],[-72.42855,-41.67857],[-72.42873,-41.67872],[-72.4288,-41.67876],[-72.42876,-41.67892],[-72.42849,-41.67889],[-72.42845,-41.67887],[-72.42836,-41.67873],[-72.42838,-41.67861],[-72.42847,-41.67856]]]},"properties":{"comuna":"Cochamó","mancha_id":"10103-88ce85b701fffff-5","clase":"Alto","nivel_medio":2.965,"nivel_medio_min":2.965,"nivel_medio_max":2.965,"pct_alto":62.8,"n_hexagonos":1,"area_ha":0.1}},{"type":"Feature","geometry":{"type":"Polygon","coordinates":[[[-72.43096,-41.67901],[-72.43099,-41.67905],[-72.43105,-41.67917],[-72.43098,-41.67921],[-72.43079,-41.67924],[-72.43068,-41.67921],[-72.43056,-41.67917],[-72.43053,-41.67915],[-72.4305,-41.67914],[-72.43049,-41.67902],[-72.4305,-41.679],[-72.43054,-41.67888],[-72.43064,-41.67882],[-72.43078,-41.67886],[-72.43078,-41.67887],[-72.43096,-41.67901]]]},"properties":{"comuna":"Cochamó","mancha_id":"10103-88ce85b701fffff-6","clase":"Alto","nivel_medio":2.965,"nivel_medio_min":2.965,"nivel_medio_max":2.965,"pct_alto":62.8,"n_hexagonos":1,"area_ha":0.14}},{"type":"Feature","geometry":{"type":"Polygon","coordinates":[[[-72.42692,-41.67888],[-72.42712,-41.67897],[-72.42721,-41.679],[-72.42732,-41.67904],[-72.42754,-41.679],[-72.42767,-41.67888],[-72.42783,-41.67885],[-72.42794,-41.6789],[-72.42796,-41.6789],[-72.42814,-41.67904],[-72.42818,-41.6791],[-72.42825,-41.67913],[-72.42818,-41.67924],[-72.42781,-41.67932],[-72.42749,-41.67944],[-72.42746,-41.67946],[-72.4273,-41.67947],[-72.42705,-41.67947],[-72.4268,-41.67942],[-72.42657,-41.67939],[-72.42657,-41.67933],[-72.42653,-41.67914],[-72.42666,-41.67896],[-72.42671,-41.67892],[-72.42677,-41.6789],[-72.42682,-41.67887],[-72.42692,-41.67888]]]},"properties":{"comuna":"Cochamó","mancha_id":"10103-88ce85b701fffff-7","clase":"Alto","nivel_medio":2.965,"nivel_medio_min":2.965,"nivel_medio_max":2.965,"pct_alto":62.8,"n_hexagonos":1,"area_ha":0.67}},{"type":"Feature","geometry":{"type":"Polygon","coordinates":[[[-72.561714,-41.643891],[-72.557964,-41.640577],[-72.559731,-41.636461],[-72.56306,-41.63758],[-72.56361,-41.639168],[-72.56414,-41.639722],[-72.56587,-41.64086],[-72.5665,-41.64188],[-72.566559,-41.64288],[-72.561714,-41.643891]]]},"properties":{"comuna":"Cochamó","mancha_id":"10103-88ce85b695fffff","clase":"Alto","nivel_medio":2.556,"nivel_medio_min":2.556,"nivel_medio_max":2.556,"pct_alto":55.6,"n_hexagonos":1,"area_ha":34.23}},{"type":"Feature","geometry":{"type":"Polygon","coordinates":[[[-72.46507,-41.68157],[-72.46536,-41.68177],[-72.46526,-41.68205],[-72.46516,-41.6821],[-72.4648,-41.68212],[-72.46441,-41.68203],[-72.46421,-41.68179],[-72.46427,-41.68158],[-72.46447,-41.68147],[-72.46476,-41.6814],[-72.46507,-41.68157]]]},"properties":{"comuna":"Cochamó","mancha_id":"10103-88ce85b62dfffff","clase":"Alto","nivel_medio":3.053,"nivel_medio_min":3.053,"nivel_medio_max":3.053,"pct_alto":77.0,"n_hexagonos":1,"area_ha":0.54}},{"type":"Feature","geometry":{"type":"Polygon","coordinates":[[[-72.4639,-41.68193],[-72.4639,-41.68202],[-72.46382,-41.68209],[-72.46361,-41.68216],[-72.46336,-41.68208],[-72.4632,-41.68196],[-72.46312,-41.6818],[-72.46323,-41.68166],[-72.46333,-41.68164],[-72.46356,-41.68168],[-72.46372,-41.68177],[-72.4639,-41.68193]]]},"properties":{"comuna":"Cochamó","mancha_id":"10103-88ce85b62dfffff-2","clase":"Alto","nivel_medio":3.053,"nivel_medio_min":3.053,"nivel_medio_max":3.053,"pct_alto":77.0,"n_hexagonos":1,"area_ha":0.25}},{"type":"Feature","geometry":{"type":"Polygon","coordinates":[[[-72.4642,-41.68253],[-72.46423,-41.68258],[-72.46413,-41.68275],[-72.46395,-41.6828],[-72.46383,-41.6828],[-72.46347,-41.68262],[-72.46343,-41.68251],[-72.46347,-41.68244],[-72.46356,-41.6824],[-72.46387,-41.68242],[-72.4642,-41.68253]]]},"properties":{"comuna":"Cochamó","mancha_id":"10103-88ce85b62dfffff-3","clase":"Alto","nivel_medio":3.053,"nivel_medio_min":3.053,"nivel_medio_max":3.053,"pct_alto":77.0,"n_hexagonos":1,"area_ha":0.21}},{"type":"Feature","geometry":{"type":"Polygon","coordinates":[[[-72.46853,-41.68256],[-72.46871,-41.68273],[-72.46857,-41.68295],[-72.46833,-41.68297],[-72.4682,-41.68296],[-72.46787,-41.68263],[-72.46789,-41.6825],[-72.46797,-41.68243],[-72.46815,-41.68239],[-72.46853,-41.68256]]]},"properties":{"comuna":"Cochamó","mancha_id":"10103-88ce85b62dfffff-4","clase":"Alto","nivel_medio":3.053,"nivel_medio_min":3.053,"nivel_medio_max":3.053,"pct_alto":77.0,"n_hexagonos":1,"area_ha":0.29}},{"type":"Feature","geometry":{"type":"Polygon","coordinates":[[[-72.480097,-41.677259],[-72.478158,-41.681755],[-72.481903,-41.685072],[-72.479965,-41.689568],[-72.480882,-41.69038],[-72.48071,-41.69038],[-72.48033,-41.69032],[-72.47977,-41.69028],[-72.47958,-41.69027],[-72.47936,-41.69023],[-72.47899,-41.69013],[-72.4788,-41.69009],[-72.47864,-41.69003],[-72.47851,-41.68993],[-72.478449,-41.689883],[-72.47838,-41.68983],[-72.47826,-41.68972],[-72.47805,-41.68959],[-72.47782,-41.68938],[-72.47767,-41.6892],[-72.47753,-41.68906],[-72.47738,-41.68889],[-72.47723,-41.68871],[-72.47706,-41.68853],[-72.47693,-41.68834],[-72.47678,-41.68818],[-72.47648,-41.6878],[-72.47633,-41.68763],[-72.47618,-41.68745],[-72.47607,-41.68728],[-72.47594,-41.68713],[-72.47577,-41.68698],[-72.47562,-41.6868],[-72.47547,-41.68665],[-72.47527,-41.68649],[-72.47507,-41.68635],[-72.47497,-41.686255],[-72.47481,-41.68613],[-72.47461,-41.68598],[-72.47451,-41.68589],[-72.47437,-41.68575],[-72.4742,-41.68562],[-72.47402,-41.68545],[-72.47387,-41.68527],[-72.4737,-41.68511],[-72.47357,-41.68493],[-72.47343,-41.68477],[-72.4733,-41.68462],[-72.47316,-41.68443],[-72.47306,-41.68426],[-72.47294,-41.68409],[-72.47283,-41.68393],[-72.47279,-41.68376],[-72.47266,-41.68359],[-72.47261,-41.68353],[-72.47244,-41.6835],[-72.472253,-41.683451],[-72.47225,-41.68345],[-72.472085,-41.683375],[-72.47201,-41.68326],[-72.47197,-41.68308],[-72.47207,-41.68296],[-72.4721,-41.68288],[-72.47207,-41.68283],[-72.47201,-41.68277],[-72.47187,-41.68272],[-72.47156,-41.68258],[-72.47141,-41.68254],[-72.47122,-41.6825],[-72.47103,-41.68245],[-72.47085,-41.68241],[-72.47066,-41.68239],[-72.47028,-41.68241],[-72.47006,-41.68242],[-72.46984,-41.68242],[-72.46962,-41.68244],[-72.4694,-41.68241],[-72.46932,-41.68241],[-72.46921,-41.68236],[-72.46906,-41.68227],[-72.46898,-41.6822],[-72.468885,-41.68214],[-72.46881,-41.68207],[-72.4686,-41.6819],[-72.46843,-41.68171],[-72.46828,-41.68153],[-72.46811,-41.68137],[-72.46793,-41.6811],[-72.4678,-41.68097],[-72.46772,-41.68089],[-72.46726,-41.68065],[-72.46711,-41.6806],[-72.46689,-41.68055],[-72.46667,-41.68046],[-72.46645,-41.68038],[-72.46623,-41.68036],[-72.46601,-41.68035],[-72.46579,-41.68037],[-72.46557,-41.68036],[-72.46535,-41.68041],[-72.46513,-41.6804],[-72.465032,-41.680387],[-72.46491,-41.68037],[-72.46469,-41.68031],[-72.46426,-41.68011],[-72.46404,-41.68002],[-72.46364,-41.67983],[-72.46342,-41.67973],[-72.46321,-41.67964],[-72.463,-41.67954],[-72.462805,-41.67942],[-72.4624,-41.67935],[-72.46226,-41.67931],[-72.46218,-41.6793],[-72.46196,-41.67927],[-72.46152,-41.6793],[-72.46138,-41.67916],[-72.46123,-41.67899],[-72.46106,-41.67883],[-72.46085,-41.67877],[-72.460745,-41.678756],[-72.459307,-41.677482],[-72.45808,-41.677736],[-72.45784,-41.6776],[-72.45765,-41.6775],[-72.45746,-41.67743],[-72.45703,-41.67731],[-72.45659,-41.67716],[-72.45638,-41.6771],[-72.45628,-41.6771],[-72.456175,-41.677195],[-72.45608,-41.67752],[-72.45612,-41.67758],[-72.45637,-41.677805],[-72.45635,-41.67787],[-72.45622,-41.67793],[-72.456125,-41.677945],[-72.45603,-41.67796],[-72.45593,-41.67798],[-72.45571,-41.67797],[-72.45565,-41.67795],[-72.455505,-41.67792],[-72.45541,-41.677875],[-72.45531,-41.67784],[-72.45514,-41.67775],[-72.45497,-41.67764],[-72.4548,-41.67755],[-72.454605,-41.6775],[-72.45452,-41.67749],[-72.45444,-41.67747],[-72.45425,-41.67745],[-72.45406,-41.67743],[-72.45387,-41.67738],[-72.4538,-41.67734],[-72.45374,-41.6773],[-72.4536,-41.67721],[-72.45345,-41.67712],[-72.45329,-41.67706],[-72.4531,-41.677],[-72.4529,-41.67699],[-72.45279,-41.67698],[-72.45273,-41.67694],[-72.45257,-41.67687],[-72.452425,-41.676745],[-72.45243,-41.67658],[-72.45243,-41.67651],[-72.45253,-41.67643],[-72.452655,-41.676375],[-72.45272,-41.67636],[-72.45282,-41.67633],[-72.45304,-41.67629],[-72.45326,-41.67627],[-72.45332,-41.67623],[-72.45346,-41.67617],[-72.45347,-41.67601],[-72.45338,-41.6759],[-72.45309,-41.67584],[-72.45252,-41.67575],[-72.45234,-41.67572],[-72.452175,-41.675625],[-72.452085,-41.675555],[-72.45206,-41.67539],[-72.4521,-41.67532],[-72.45228,-41.67519],[-72.45233,-41.67504],[-72.45224,-41.67492],[-72.45194,-41.6747],[-72.45162,-41.67447],[-72.45138,-41.67429],[-72.45128,-41.67418],[-72.45119,-41.67413],[-72.45098,-41.67406],[-72.4508,-41.67395],[-72.45066,-41.67382],[-72.450577,-41.673737],[-72.45054,-41.6737],[-72.45042,-41.67354],[-72.45032,-41.67337],[-72.45017,-41.67321],[-72.45011,-41.67315],[-72.44995,-41.67311],[-72.44973,-41.67307],[-72.44951,-41.67305],[-72.44929,-41.67305],[-72.44907,-41.67307],[-72.44894,-41.67311],[-72.44885,-41.67316],[-72.44878,-41.67319],[-72.4487,-41.67327],[-72.44867,-41.67332],[-72.44842,-41.67351],[-72.44836,-41.67354],[-72.44831,-41.67358],[-72.44801,-41.67362],[-72.447885,-41.67361],[-72.44779,-41.67356],[-72.44761,-41.67345],[-72.44741,-41.673385],[-72.44731,-41.67338],[-72.44698,-41.67341],[-72.44676,-41.67345],[-72.44653,-41.67347],[-72.44609,-41.67346],[-72.44597,-41.67351],[-72.44582,-41.67359],[-72.44584,-41.67368],[-72.4461,-41.673915],[-72.44598,-41.67398],[-72.44576,-41.67405],[-72.44553,-41.67416],[-72.44531,-41.67425],[-72.44521,-41.67424],[-72.44516,-41.674175],[-72.44507,-41.67409],[-72.444945,-41.674055],[-72.44484,-41.67411],[-72.44468,-41.67414],[-72.444575,-41.67413],[-72.44453,-41.67409],[-72.44443,-41.67409],[-72.44433,-41.67413],[-72.4443,-41.67425],[-72.44435,-41.67435],[-72.4445,-41.67443],[-72.4447,-41.67447],[-72.44492,-41.67456],[-72.44535,-41.67469],[-72.44557,-41.67474],[-72.44569,-41.6748],[-72.445775,-41.674855],[-72.44588,-41.67491],[-72.445932,-41.674983],[-72.44599,-41.67523],[-72.44593,-41.67528],[-72.44583,-41.6753],[-72.44561,-41.67533],[-72.44539,-41.67531],[-72.44495,-41.67526],[-72.44483,-41.67527],[-72.44468,-41.67534],[-72.44466,-41.67551],[-72.44476,-41.67568],[-72.44496,-41.67582],[-72.44519,-41.67603],[-72.44519,-41.67611],[-72.44513,-41.67625],[-72.44513,-41.67633],[-72.444203,-41.676522],[-72.440462,-41.673206],[-72.442403,-41.668712],[-72.448083,-41.667533],[-72.451824,-41.670849],[-72.457505,-41.66967],[-72.461246,-41.672986],[-72.466928,-41.671807],[-72.470671,-41.675123],[-72.476353,-41.673943],[-72.480097,-41.677259]]]},"properties":{"comuna":"Cochamó","mancha_id":"10103-88ce85b621fffff","clase":"Alto","nivel_medio":2.709,"nivel_medio_min":2.54,"nivel_medio_max":3.053,"pct_alto":64.5,"n_hexagonos":7,"area_ha":283.61}},{"type":"Feature","geometry":{"type":"Polygon","coordinates":[[[-72.491333,-41.687208],[-72.497017,-41.686027],[-72.498955,-41.68153],[-72.504639,-41.680349],[-72.508386,-41.683664],[-72.506449,-41.688162],[-72.500764,-41.689343],[-72.500105,-41.690873],[-72.49991,-41.69087],[-72.49969,-41.69084],[-72.49931,-41.69083],[-72.49912,-41.69082],[-72.49893,-41.69083],[-72.49874,-41.69081],[-72.49863,-41.690785],[-72.49857,-41.69075],[-72.4984,-41.69065],[-72.49823,-41.69056],[-72.49811,-41.69045],[-72.49799,-41.69036],[-72.49777,-41.69023],[-72.49767,-41.69021],[-72.49729,-41.69013],[-72.4971,-41.6901],[-72.49692,-41.69005],[-72.49678,-41.68996],[-72.49664,-41.68991],[-72.49647,-41.68983],[-72.4963,-41.68976],[-72.49614,-41.68968],[-72.49599,-41.68962],[-72.49585,-41.68952],[-72.49571,-41.68942],[-72.49557,-41.6893],[-72.49521,-41.68896],[-72.49499,-41.68883],[-72.49486,-41.68875],[-72.4947,-41.68868],[-72.49455,-41.68859],[-72.49421,-41.68842],[-72.49402,-41.68837],[-72.49386,-41.68829],[-72.49373,-41.6882],[-72.49342,-41.688],[-72.49334,-41.68794],[-72.49328,-41.68789],[-72.49297,-41.6877],[-72.49291,-41.68767],[-72.49282,-41.68769],[-72.492695,-41.6878],[-72.49243,-41.68793],[-72.49234,-41.68793],[-72.49208,-41.68772],[-72.49197,-41.68765],[-72.49181,-41.68755],[-72.49166,-41.6875],[-72.49155,-41.6875],[-72.49156,-41.68761],[-72.49162,-41.6877],[-72.4917,-41.68776],[-72.49179,-41.68781],[-72.49185,-41.68796],[-72.4918,-41.688],[-72.49173,-41.68806],[-72.491575,-41.68828],[-72.4917,-41.68839],[-72.49187,-41.68845],[-72.49201,-41.68851],[-72.49209,-41.68854],[-72.49231,-41.68863],[-72.49246,-41.68874],[-72.49246,-41.68882],[-72.49231,-41.68891],[-72.4921,-41.689015],[-72.49188,-41.689],[-72.49132,-41.68884],[-72.49114,-41.68881],[-72.49095,-41.68877],[-72.490835,-41.688775],[-72.49076,-41.68884],[-72.49064,-41.68899],[-72.49057,-41.68906],[-72.490531,-41.689069],[-72.491333,-41.687208]]]},"properties":{"comuna":"Cochamó","mancha_id":"10103-88ce85b601fffff","clase":"Alto","nivel_medio":2.615,"nivel_medio_min":2.526,"nivel_medio_max":2.642,"pct_alto":40.0,"n_hexagonos":2,"area_ha":85.84}},{"type":"Feature","geometry":{"type":"Polygon","coordinates":[[[-72.473162,-41.621366],[-72.473292,-41.621535],[-72.473145,-41.621405],[-72.473162,-41.621366]]]},"properties":{"comuna":"Cochamó","mancha_id":"10103-88ce85b43dfffff","clase":"Alto","nivel_medio":2.61,"nivel_medio_min":2.61,"nivel_medio_max":2.61,"pct_alto":33.9,"n_hexagonos":1,"area_ha":0.0}},{"type":"Feature","geometry":{"type":"Polygon","coordinates":[[[-72.458054,-41.620453],[-72.456116,-41.624947],[-72.45044,-41.626127],[-72.448502,-41.630621],[-72.45224,-41.633936],[-72.450301,-41.63843],[-72.45404,-41.641745],[-72.452101,-41.646239],[-72.446423,-41.647419],[-72.442685,-41.644103],[-72.444624,-41.639609],[-72.440886,-41.636295],[-72.442825,-41.631801],[-72.439089,-41.628486],[-72.433413,-41.629665],[-72.429677,-41.626351],[-72.431617,-41.621857],[-72.427882,-41.618543],[-72.422207,-41.619722],[-72.420268,-41.624215],[-72.414593,-41.625393],[-72.41086,-41.622078],[-72.4128,-41.617586],[-72.418474,-41.616408],[-72.420413,-41.611915],[-72.41668,-41.608601],[-72.41862,-41.604109],[-72.424292,-41.60293],[-72.428026,-41.606244],[-72.433698,-41.605064],[-72.435637,-41.600571],[-72.44131,-41.599392],[-72.442713,-41.600637],[-72.442611,-41.600791],[-72.442562,-41.601162],[-72.442633,-41.601684],[-72.442799,-41.60242],[-72.442989,-41.603513],[-72.443227,-41.604249],[-72.44374,-41.60516],[-72.443869,-41.605431],[-72.443107,-41.607198],[-72.446843,-41.610512],[-72.444905,-41.615005],[-72.43923,-41.616185],[-72.437291,-41.620678],[-72.441027,-41.623993],[-72.446703,-41.622813],[-72.448641,-41.618319],[-72.454316,-41.617139],[-72.456254,-41.612645],[-72.454312,-41.610923],[-72.455789,-41.610613],[-72.45705,-41.61014],[-72.45848,-41.609862],[-72.459659,-41.609551],[-72.4615,-41.60915],[-72.46253,-41.60904],[-72.462962,-41.609067],[-72.461929,-41.611464],[-72.465667,-41.614778],[-72.46373,-41.619272],[-72.458054,-41.620453]]]},"properties":{"comuna":"Cochamó","mancha_id":"10103-88ce85b425fffff","clase":"Alto","nivel_medio":2.668,"nivel_medio_min":2.519,"nivel_medio_max":2.856,"pct_alto":68.2,"n_hexagonos":14,"area_ha":848.04}},{"type":"Feature","geometry":{"type":"Polygon","coordinates":[[[-72.476752,-41.637023],[-72.478689,-41.632528],[-72.474948,-41.629214],[-72.476764,-41.625001],[-72.476989,-41.624995],[-72.477749,-41.624767],[-72.478129,-41.624501],[-72.478152,-41.624455],[-72.478357,-41.624045],[-72.47864,-41.62326],[-72.479193,-41.622848],[-72.47964,-41.62264],[-72.48055,-41.62248],[-72.481511,-41.622506],[-72.482423,-41.622506],[-72.482984,-41.622559],[-72.482562,-41.623537],[-72.486303,-41.626851],[-72.491981,-41.625669],[-72.492478,-41.624516],[-72.4925,-41.625212],[-72.492841,-41.626422],[-72.492857,-41.626444],[-72.493523,-41.627414],[-72.494547,-41.628251],[-72.495518,-41.628801],[-72.495808,-41.628965],[-72.49617,-41.62917],[-72.4974,-41.629492],[-72.498671,-41.629895],[-72.49981,-41.63047],[-72.5,-41.630575],[-72.50125,-41.631264],[-72.501934,-41.631701],[-72.502542,-41.632309],[-72.502903,-41.633012],[-72.503711,-41.634446],[-72.503739,-41.634494],[-72.504309,-41.63552],[-72.50486,-41.636033],[-72.505639,-41.636736],[-72.506827,-41.637357],[-72.509476,-41.638399],[-72.5109,-41.63896],[-72.51249,-41.63981],[-72.515846,-41.642295],[-72.516595,-41.64285],[-72.516945,-41.64326],[-72.517294,-41.643746],[-72.517568,-41.644294],[-72.51792,-41.64474],[-72.52006,-41.64391],[-72.52208,-41.64329],[-72.522734,-41.642734],[-72.5235,-41.642029],[-72.523706,-41.641761],[-72.523873,-41.641476],[-72.52401,-41.64124],[-72.524582,-41.640825],[-72.52539,-41.64044],[-72.527913,-41.639342],[-72.52899,-41.63901],[-72.530965,-41.638831],[-72.531354,-41.638685],[-72.531737,-41.638505],[-72.53253,-41.638],[-72.533302,-41.637399],[-72.533422,-41.637505],[-72.536905,-41.636778],[-72.53708,-41.6368],[-72.539051,-41.637044],[-72.539683,-41.636959],[-72.539842,-41.636974],[-72.542851,-41.639634],[-72.548532,-41.638449],[-72.552282,-41.641762],[-72.550349,-41.646261],[-72.554099,-41.649575],[-72.559782,-41.64839],[-72.563533,-41.651704],[-72.561601,-41.656203],[-72.565353,-41.659517],[-72.571037,-41.658332],[-72.572969,-41.653832],[-72.576422,-41.653111],[-72.576449,-41.65334],[-72.576845,-41.654014],[-72.577038,-41.65458],[-72.576852,-41.655635],[-72.576821,-41.657154],[-72.576666,-41.658116],[-72.5764,-41.65919],[-72.5764,-41.66131],[-72.5764,-41.66236],[-72.576387,-41.664256],[-72.576418,-41.665155],[-72.576666,-41.665683],[-72.577196,-41.6663],[-72.57806,-41.66722],[-72.578899,-41.667977],[-72.57931,-41.66884],[-72.579338,-41.668892],[-72.579891,-41.669931],[-72.580387,-41.67052],[-72.580914,-41.670769],[-72.58244,-41.67155],[-72.585738,-41.672323],[-72.58641,-41.67248],[-72.588254,-41.673195],[-72.589288,-41.67356],[-72.590063,-41.67418],[-72.590373,-41.674738],[-72.5909,-41.675327],[-72.59193,-41.67586],[-72.594023,-41.67715],[-72.59464,-41.67753],[-72.59711,-41.67827],[-72.59773,-41.67916],[-72.59843,-41.67976],[-72.60149,-41.68063],[-72.601534,-41.680654],[-72.60259,-41.68122],[-72.60389,-41.681122],[-72.606282,-41.68094],[-72.607957,-41.681002],[-72.61003,-41.68167],[-72.611213,-41.682243],[-72.612004,-41.682567],[-72.612422,-41.682739],[-72.613232,-41.683155],[-72.613508,-41.683297],[-72.614469,-41.683824],[-72.615027,-41.684414],[-72.615146,-41.684843],[-72.615275,-41.685313],[-72.615399,-41.686336],[-72.61564,-41.687132],[-72.61571,-41.68736],[-72.616144,-41.687825],[-72.616919,-41.688414],[-72.617756,-41.689376],[-72.618687,-41.690306],[-72.61971,-41.690895],[-72.621602,-41.69136],[-72.623711,-41.691639],[-72.624028,-41.691739],[-72.624796,-41.691981],[-72.625571,-41.69226],[-72.626347,-41.692446],[-72.628424,-41.692539],[-72.630874,-41.692849],[-72.632239,-41.693035],[-72.633603,-41.693531],[-72.63362,-41.69354],[-72.634906,-41.694213],[-72.635495,-41.694803],[-72.636053,-41.695516],[-72.636394,-41.696229],[-72.637201,-41.696787],[-72.63826,-41.69735],[-72.639061,-41.697408],[-72.640054,-41.69719],[-72.640953,-41.696849],[-72.641635,-41.696539],[-72.642566,-41.69626],[-72.642839,-41.696215],[-72.642644,-41.69667],[-72.636952,-41.697858],[-72.633189,-41.694544],[-72.627498,-41.695732],[-72.625568,-41.700235],[-72.619876,-41.701422],[-72.617946,-41.705925],[-72.612254,-41.707112],[-72.608493,-41.703796],[-72.602802,-41.704983],[-72.599043,-41.701667],[-72.593352,-41.702853],[-72.589594,-41.699538],[-72.583905,-41.700723],[-72.580148,-41.697408],[-72.582081,-41.692907],[-72.578325,-41.689591],[-72.572636,-41.690777],[-72.568881,-41.687461],[-72.563194,-41.688646],[-72.55944,-41.68533],[-72.561373,-41.680831],[-72.55762,-41.677516],[-72.551934,-41.6787],[-72.55,-41.683199],[-72.544314,-41.684383],[-72.540562,-41.681068],[-72.534876,-41.682251],[-72.531126,-41.678935],[-72.533061,-41.674437],[-72.529312,-41.671122],[-72.523628,-41.672305],[-72.519879,-41.668989],[-72.514196,-41.670172],[-72.510449,-41.666857],[-72.504766,-41.668038],[-72.50102,-41.664723],[-72.495337,-41.665905],[-72.491592,-41.662589],[-72.485911,-41.66377],[-72.482167,-41.660455],[-72.484104,-41.655959],[-72.480361,-41.652644],[-72.474681,-41.653825],[-72.47094,-41.65051],[-72.472877,-41.646014],[-72.469136,-41.6427],[-72.463458,-41.64388],[-72.459718,-41.640565],[-72.461656,-41.63607],[-72.457917,-41.632756],[-72.459855,-41.628261],[-72.465531,-41.627081],[-72.469271,-41.630395],[-72.467334,-41.63489],[-72.471074,-41.638204],[-72.476752,-41.637023]],[[-72.488109,-41.634661],[-72.486173,-41.639157],[-72.489915,-41.642471],[-72.495595,-41.641289],[-72.497531,-41.636793],[-72.493788,-41.633479],[-72.488109,-41.634661]],[[-72.542733,-41.651944],[-72.544666,-41.647446],[-72.540917,-41.644132],[-72.535236,-41.645316],[-72.533302,-41.649814],[-72.53705,-41.653129],[-72.535116,-41.657627],[-72.538865,-41.660941],[-72.536931,-41.66544],[-72.540681,-41.668755],[-72.546365,-41.667571],[-72.548299,-41.663072],[-72.544549,-41.659757],[-72.546482,-41.655259],[-72.542733,-41.651944]]]},"properties":{"comuna":"Cochamó","mancha_id":"10103-88ce85b401fffff","clase":"Alto","nivel_medio":2.824,"nivel_medio_min":2.516,"nivel_medio_max":3.146,"pct_alto":82.3,"n_hexagonos":75,"area_ha":4135.16}},{"type":"Feature","geometry":{"type":"Polygon","coordinates":[[[-72.260342,-41.730828],[-72.258388,-41.735315],[-72.252709,-41.736481],[-72.248985,-41.73316],[-72.25094,-41.728673],[-72.256618,-41.727507],[-72.260342,-41.730828]]]},"properties":{"comuna":"Cochamó","mancha_id":"10103-88ce85b307fffff","clase":"Alto","nivel_medio":2.582,"nivel_medio_min":2.582,"nivel_medio_max":2.582,"pct_alto":63.6,"n_hexagonos":1,"area_ha":64.32}},{"type":"Feature","geometry":{"type":"Polygon","coordinates":[[[-72.299013,-41.665661],[-72.297064,-41.670149],[-72.29139,-41.671319],[-72.287666,-41.668001],[-72.289616,-41.663513],[-72.295289,-41.662343],[-72.297238,-41.657855],[-72.30291,-41.656685],[-72.306635,-41.660002],[-72.312308,-41.658831],[-72.316033,-41.662149],[-72.314085,-41.666638],[-72.308411,-41.667808],[-72.304686,-41.664491],[-72.299013,-41.665661]]]},"properties":{"comuna":"Cochamó","mancha_id":"10103-88ce85b1c1fffff","clase":"Alto","nivel_medio":2.979,"nivel_medio_min":2.744,"nivel_medio_max":3.1,"pct_alto":74.1,"n_hexagonos":3,"area_ha":192.99}},{"type":"Feature","geometry":{"type":"Polygon","coordinates":[[[-72.319949,-41.640745],[-72.316373,-41.63756],[-72.318319,-41.633072],[-72.32399,-41.6319],[-72.32431,-41.632184],[-72.32431,-41.63222],[-72.32422,-41.63239],[-72.32409,-41.63256],[-72.32402,-41.63262],[-72.32399,-41.63269],[-72.32401,-41.63285],[-72.32401,-41.63302],[-72.32394,-41.63316],[-72.323855,-41.63321],[-72.32378,-41.63325],[-72.32366,-41.63337],[-72.32365,-41.63353],[-72.32369,-41.6337],[-72.32367,-41.63386],[-72.32401,-41.63452],[-72.32383,-41.63507],[-72.32342,-41.63573],[-72.32327,-41.63603],[-72.3228,-41.63649],[-72.32271,-41.63661],[-72.32263,-41.63694],[-72.32248,-41.63716],[-72.32198,-41.63784],[-72.32174,-41.63824],[-72.32131,-41.63906],[-72.3209,-41.63956],[-72.32066,-41.64001],[-72.32033,-41.64037],[-72.32013,-41.64057],[-72.319949,-41.640745]]]},"properties":{"comuna":"Cochamó","mancha_id":"10103-88ce85b191fffff","clase":"Alto","nivel_medio":2.525,"nivel_medio_min":2.525,"nivel_medio_max":2.525,"pct_alto":59.0,"n_hexagonos":1,"area_ha":37.09}},{"type":"Feature","geometry":{"type":"Polygon","coordinates":[[[-72.32497,-41.63872],[-72.32501,-41.63916],[-72.32511,-41.6396],[-72.32548,-41.639764],[-72.322743,-41.64033],[-72.32275,-41.64016],[-72.32275,-41.63889],[-72.32276,-41.63854],[-72.32284,-41.63811],[-72.32308,-41.63789],[-72.32326,-41.63777],[-72.32367,-41.63778],[-72.32424,-41.63814],[-72.32475,-41.63846],[-72.32497,-41.63872]]]},"properties":{"comuna":"Cochamó","mancha_id":"10103-88ce85b191fffff-2","clase":"Alto","nivel_medio":2.525,"nivel_medio_min":2.525,"nivel_medio_max":2.525,"pct_alto":59.0,"n_hexagonos":1,"area_ha":4.27}},{"type":"Feature","geometry":{"type":"Polygon","coordinates":[[[-72.32238,-41.63936],[-72.32234,-41.64028],[-72.322322,-41.640417],[-72.320629,-41.640767],[-72.32101,-41.63999],[-72.32175,-41.639],[-72.32205,-41.63896],[-72.32238,-41.63936]]]},"properties":{"comuna":"Cochamó","mancha_id":"10103-88ce85b191fffff-3","clase":"Alto","nivel_medio":2.525,"nivel_medio_min":2.525,"nivel_medio_max":2.525,"pct_alto":59.0,"n_hexagonos":1,"area_ha":1.68}},{"type":"Feature","geometry":{"type":"Polygon","coordinates":[[[-72.34424,-41.668585],[-72.342293,-41.673075],[-72.336617,-41.674247],[-72.332889,-41.67093],[-72.334836,-41.66644],[-72.340511,-41.665268],[-72.34424,-41.668585]]]},"properties":{"comuna":"Cochamó","mancha_id":"10103-88ce85b0e1fffff","clase":"Alto","nivel_medio":2.609,"nivel_medio_min":2.609,"nivel_medio_max":2.609,"pct_alto":60.9,"n_hexagonos":1,"area_ha":64.38}},{"type":"Feature","geometry":{"type":"Polygon","coordinates":[[[-72.383664,-41.684969],[-72.37993,-41.681651],[-72.374251,-41.682826],[-72.370518,-41.679508],[-72.371252,-41.677812],[-72.37136,-41.67784],[-72.37177,-41.67787],[-72.37221,-41.678],[-72.37272,-41.67808],[-72.37379,-41.67827],[-72.3741,-41.67837],[-72.37426,-41.67849],[-72.3745,-41.67882],[-72.37464,-41.67915],[-72.37489,-41.67935],[-72.37541,-41.67955],[-72.37594,-41.67976],[-72.37634,-41.67998],[-72.37667,-41.68016],[-72.37694,-41.68043],[-72.37721,-41.68061],[-72.37775,-41.68078],[-72.37805,-41.68084],[-72.37841,-41.68086],[-72.37863,-41.68083],[-72.37888,-41.68069],[-72.3791,-41.68048],[-72.37937,-41.68042],[-72.3799,-41.68043],[-72.380447,-41.680457],[-72.38051,-41.68046],[-72.38084,-41.6806],[-72.38166,-41.68126],[-72.38206,-41.68184],[-72.38234,-41.68208],[-72.38266,-41.68226],[-72.38313,-41.6824],[-72.38359,-41.68257],[-72.38421,-41.68268],[-72.3846,-41.68281],[-72.38487,-41.68303],[-72.38519,-41.68343],[-72.38568,-41.68409],[-72.385995,-41.684487],[-72.383664,-41.684969]]]},"properties":{"comuna":"Cochamó","mancha_id":"10103-88ce85b0d9fffff","clase":"Alto","nivel_medio":3.044,"nivel_medio_min":2.793,"nivel_medio_max":3.148,"pct_alto":66.6,"n_hexagonos":2,"area_ha":30.81}},{"type":"Feature","geometry":{"type":"Polygon","coordinates":[[[-72.38636,-41.65041],[-72.38633,-41.65049],[-72.38626,-41.65054],[-72.38601,-41.6505],[-72.38591,-41.65046],[-72.38586,-41.6504],[-72.38585,-41.65037],[-72.38586,-41.65031],[-72.38601,-41.65022],[-72.38617,-41.6502],[-72.38629,-41.65021],[-72.38636,-41.65031],[-72.38636,-41.65041]]]},"properties":{"comuna":"Cochamó","mancha_id":"10103-88ce85b091fffff","clase":"Alto","nivel_medio":2.707,"nivel_medio_min":2.707,"nivel_medio_max":2.707,"pct_alto":77.5,"n_hexagonos":1,"area_ha":0.12}},{"type":"Feature","geometry":{"type":"Polygon","coordinates":[[[-72.385619,-41.647758],[-72.389802,-41.646892],[-72.391745,-41.6424],[-72.39742,-41.641224],[-72.401153,-41.644539],[-72.399211,-41.649031],[-72.402945,-41.652347],[-72.401003,-41.65684],[-72.404738,-41.660156],[-72.40397,-41.661933],[-72.403845,-41.66189],[-72.40376,-41.66185],[-72.40359,-41.66177],[-72.40332,-41.66174],[-72.40325,-41.66175],[-72.40331,-41.66192],[-72.4033,-41.66206],[-72.40324,-41.662185],[-72.403012,-41.662165],[-72.40281,-41.66202],[-72.402625,-41.66193],[-72.40243,-41.66207],[-72.40231,-41.66216],[-72.40223,-41.66218],[-72.40215,-41.662175],[-72.40197,-41.66211],[-72.40183,-41.66201],[-72.40171,-41.66189],[-72.40154,-41.66175],[-72.4013,-41.66158],[-72.4011,-41.66148],[-72.40085,-41.66144],[-72.40075,-41.66145],[-72.40068,-41.66151],[-72.40067,-41.66162],[-72.40064,-41.66182],[-72.40064,-41.6619],[-72.40071,-41.66201],[-72.400795,-41.66207],[-72.40088,-41.66218],[-72.401,-41.662355],[-72.40085,-41.66245],[-72.40069,-41.66259],[-72.40053,-41.66259],[-72.40047,-41.66258],[-72.40039,-41.66257],[-72.40031,-41.66257],[-72.40026,-41.66266],[-72.40027,-41.66275],[-72.4003,-41.6628],[-72.40038,-41.66284],[-72.40041,-41.66292],[-72.4004,-41.66316],[-72.40032,-41.66321],[-72.40011,-41.66322],[-72.400035,-41.663165],[-72.39997,-41.66314],[-72.39979,-41.66299],[-72.39959,-41.66286],[-72.39939,-41.66273],[-72.39922,-41.66262],[-72.39889,-41.66238],[-72.39864,-41.66229],[-72.39848,-41.66228],[-72.39838,-41.66232],[-72.39816,-41.66239],[-72.39794,-41.66246],[-72.39773,-41.66258],[-72.39753,-41.66274],[-72.39732,-41.66284],[-72.39726,-41.66289],[-72.3971,-41.66291],[-72.39701,-41.6629],[-72.39687,-41.66278],[-72.39688,-41.66258],[-72.39685,-41.66252],[-72.39664,-41.66222],[-72.39653,-41.66189],[-72.39648,-41.66174],[-72.39647,-41.66172],[-72.39636,-41.66157],[-72.39629,-41.66157],[-72.3962,-41.66162],[-72.39599,-41.66179],[-72.39588,-41.66189],[-72.39587,-41.66192],[-72.39577,-41.66204],[-72.39554,-41.66222],[-72.39547,-41.66226],[-72.39508,-41.66227],[-72.3948,-41.66225],[-72.39452,-41.66221],[-72.39424,-41.66213],[-72.39374,-41.66193],[-72.39365,-41.661891],[-72.395326,-41.658016],[-72.391592,-41.6547],[-72.385916,-41.655875],[-72.383621,-41.653836],[-72.38381,-41.65368],[-72.38395,-41.65363],[-72.38412,-41.65364],[-72.38419,-41.65369],[-72.3844,-41.65394],[-72.38447,-41.65415],[-72.3846,-41.65426],[-72.38474,-41.65432],[-72.38492,-41.65453],[-72.38495,-41.65462],[-72.38498,-41.65476],[-72.38509,-41.65497],[-72.38514,-41.65503],[-72.38542,-41.65505],[-72.38555,-41.65498],[-72.38556,-41.65483],[-72.38551,-41.65477],[-72.38545,-41.6547],[-72.385405,-41.65463],[-72.38535,-41.65456],[-72.38523,-41.65441],[-72.385102,-41.654205],[-72.38508,-41.65407],[-72.38506,-41.65391],[-72.38507,-41.65374],[-72.38484,-41.65308],[-72.38485,-41.65291],[-72.38495,-41.65281],[-72.385,-41.65275],[-72.38518,-41.65264],[-72.38543,-41.65256],[-72.38555,-41.65255],[-72.38565,-41.65254],[-72.38586,-41.65247],[-72.38594,-41.65239],[-72.386,-41.65238],[-72.38604,-41.65232],[-72.386185,-41.652145],[-72.38628,-41.6521],[-72.386365,-41.652085],[-72.38646,-41.65204],[-72.386527,-41.652008],[-72.38659,-41.65195],[-72.38664,-41.65185],[-72.386705,-41.651795],[-72.38675,-41.65175],[-72.38697,-41.65173],[-72.38705,-41.65166],[-72.387115,-41.651635],[-72.3872,-41.65156],[-72.3873,-41.6515],[-72.38738,-41.65146],[-72.38758,-41.65141],[-72.38773,-41.65141],[-72.38781,-41.65137],[-72.38787,-41.65135],[-72.38795,-41.65125],[-72.38802,-41.65105],[-72.38803,-41.65098],[-72.38805,-41.65088],[-72.38802,-41.65072],[-72.38797,-41.65055],[-72.38792,-41.65047],[-72.38787,-41.650355],[-72.38774,-41.65027],[-72.38768,-41.65025],[-72.38754,-41.6502],[-72.38737,-41.65012],[-72.3872,-41.65004],[-72.38703,-41.64994],[-72.38686,-41.64987],[-72.38671,-41.64979],[-72.38659,-41.64969],[-72.38644,-41.64961],[-72.38632,-41.64948],[-72.38633,-41.6494],[-72.386415,-41.64936],[-72.38669,-41.64932],[-72.386905,-41.649255],[-72.38694,-41.64912],[-72.38688,-41.64904],[-72.38681,-41.64902],[-72.38672,-41.64899],[-72.38658,-41.64896],[-72.38639,-41.64892],[-72.38621,-41.64889],[-72.385975,-41.648735],[-72.38593,-41.64868],[-72.3858,-41.6484],[-72.385715,-41.64831],[-72.38554,-41.64827],[-72.38545,-41.64824],[-72.38537,-41.64821],[-72.38526,-41.64808],[-72.38527,-41.64801],[-72.38539,-41.64793],[-72.38546,-41.64791],[-72.38554,-41.6479],[-72.3856,-41.64784],[-72.38562,-41.64776],[-72.385619,-41.647758]]]},"properties":{"comuna":"Cochamó","mancha_id":"10103-88ce85b091fffff-2","clase":"Alto","nivel_medio":2.827,"nivel_medio_min":2.707,"nivel_medio_max":2.928,"pct_alto":74.7,"n_hexagonos":4,"area_ha":215.77}},{"type":"Feature","geometry":{"type":"Polygon","coordinates":[[[-72.327214,-41.672102],[-72.325266,-41.676591],[-72.31959,-41.677762],[-72.315863,-41.674444],[-72.317811,-41.669955],[-72.323486,-41.668784],[-72.327214,-41.672102]]]},"properties":{"comuna":"Cochamó","mancha_id":"10103-88ce85b033fffff","clase":"Alto","nivel_medio":2.574,"nivel_medio_min":2.574,"nivel_medio_max":2.574,"pct_alto":36.5,"n_hexagonos":1,"area_ha":64.36}},{"type":"Feature","geometry":{"type":"Polygon","coordinates":[[[-72.305664,-41.460107],[-72.301954,-41.456799],[-72.296303,-41.457974],[-72.295344,-41.457119],[-72.29571,-41.45696],[-72.29637,-41.45677],[-72.296502,-41.456733],[-72.29782,-41.45636],[-72.29914,-41.45583],[-72.29962,-41.45577],[-72.30008,-41.45565],[-72.30076,-41.4556],[-72.30168,-41.45529],[-72.30249,-41.45491],[-72.302809,-41.454823],[-72.30425,-41.45443],[-72.30451,-41.45428],[-72.30538,-41.45503],[-72.30522,-41.45801],[-72.30575,-41.45955],[-72.306324,-41.45997],[-72.305664,-41.460107]]]},"properties":{"comuna":"Cochamó","mancha_id":"10103-88ce85af47fffff","clase":"Alto","nivel_medio":2.796,"nivel_medio_min":2.726,"nivel_medio_max":2.843,"pct_alto":68.9,"n_hexagonos":2,"area_ha":19.77}},{"type":"Feature","geometry":{"type":"Polygon","coordinates":[[[-72.4095,-41.42211],[-72.403847,-41.423292],[-72.403748,-41.423204],[-72.403891,-41.423019],[-72.404032,-41.422819],[-72.404193,-41.4225],[-72.404564,-41.421733],[-72.404633,-41.421651],[-72.404707,-41.421584],[-72.40482,-41.421491],[-72.405858,-41.420976],[-72.40651,-41.42067],[-72.406692,-41.42059],[-72.406812,-41.420547],[-72.406933,-41.420511],[-72.407116,-41.42047],[-72.407271,-41.420432],[-72.407382,-41.420424],[-72.407474,-41.420412],[-72.40761,-41.42036],[-72.40909,-41.42078],[-72.409942,-41.421082],[-72.4095,-41.42211]]]},"properties":{"comuna":"Cochamó","mancha_id":"10103-88ce85aee7fffff","clase":"Alto","nivel_medio":2.533,"nivel_medio_min":2.533,"nivel_medio_max":2.533,"pct_alto":53.3,"n_hexagonos":1,"area_ha":9.12}},{"type":"Feature","geometry":{"type":"Polygon","coordinates":[[[-72.428246,-41.426355],[-72.430179,-41.421865],[-72.430833,-41.421728],[-72.4327,-41.42231],[-72.43341,-41.42333],[-72.43375,-41.42413],[-72.43398,-41.42544],[-72.43422,-41.42622],[-72.4343,-41.427273],[-72.434182,-41.428312],[-72.434093,-41.429202],[-72.434093,-41.429216],[-72.431968,-41.429661],[-72.428246,-41.426355]]]},"properties":{"comuna":"Cochamó","mancha_id":"10103-88ce85ae89fffff","clase":"Alto","nivel_medio":2.584,"nivel_medio_min":2.584,"nivel_medio_max":2.584,"pct_alto":58.4,"n_hexagonos":1,"area_ha":30.04}},{"type":"Feature","geometry":{"type":"Polygon","coordinates":[[[-72.407424,-41.594168],[-72.405485,-41.59866],[-72.399814,-41.599838],[-72.396084,-41.596524],[-72.390413,-41.597702],[-72.386684,-41.594388],[-72.388625,-41.589897],[-72.394295,-41.58872],[-72.398024,-41.592033],[-72.403694,-41.590855],[-72.405634,-41.586364],[-72.411303,-41.585185],[-72.413243,-41.580693],[-72.418912,-41.579514],[-72.419755,-41.577561],[-72.419906,-41.577604],[-72.420785,-41.577722],[-72.422115,-41.577699],[-72.42354,-41.577651],[-72.424679,-41.577746],[-72.425439,-41.577865],[-72.42643,-41.57808],[-72.42785,-41.57879],[-72.428835,-41.579385],[-72.429165,-41.579674],[-72.428314,-41.581647],[-72.422643,-41.582827],[-72.420705,-41.587319],[-72.424437,-41.590632],[-72.422498,-41.595124],[-72.416827,-41.596303],[-72.413095,-41.59299],[-72.407424,-41.594168]]]},"properties":{"comuna":"Cochamó","mancha_id":"10103-88ce85a2c9fffff","clase":"Alto","nivel_medio":2.7,"nivel_medio_min":2.534,"nivel_medio_max":2.851,"pct_alto":75.3,"n_hexagonos":6,"area_ha":356.49}},{"type":"Feature","geometry":{"type":"Polygon","coordinates":[[[-72.405932,-41.561774],[-72.40966,-41.565086],[-72.415328,-41.563907],[-72.415814,-41.564338],[-72.415777,-41.564708],[-72.415591,-41.565856],[-72.415157,-41.566755],[-72.414785,-41.567593],[-72.414351,-41.568275],[-72.41389,-41.56912],[-72.413402,-41.56988],[-72.413046,-41.570533],[-72.413046,-41.571186],[-72.413135,-41.571987],[-72.41322,-41.572521],[-72.411451,-41.572889],[-72.409512,-41.577381],[-72.403843,-41.578559],[-72.400114,-41.575247],[-72.394446,-41.576425],[-72.390718,-41.573112],[-72.385051,-41.57429],[-72.381324,-41.570977],[-72.383264,-41.566487],[-72.388931,-41.565309],[-72.390871,-41.560819],[-72.387144,-41.557507],[-72.381479,-41.558685],[-72.377753,-41.555373],[-72.379693,-41.550883],[-72.375969,-41.547571],[-72.377909,-41.543082],[-72.383573,-41.541904],[-72.387298,-41.545215],[-72.385358,-41.549705],[-72.389084,-41.553017],[-72.394749,-41.551838],[-72.394908,-41.55198],[-72.395146,-41.552633],[-72.3955,-41.55325],[-72.39625,-41.55412],[-72.396749,-41.554711],[-72.3973,-41.55514],[-72.398114,-41.55572],[-72.398196,-41.555798],[-72.398886,-41.556462],[-72.399836,-41.557085],[-72.40082,-41.55749],[-72.40165,-41.55782],[-72.40255,-41.55798],[-72.4034,-41.55805],[-72.40449,-41.55789],[-72.40528,-41.55759],[-72.406931,-41.556581],[-72.407016,-41.556524],[-72.407821,-41.555987],[-72.408712,-41.55569],[-72.409662,-41.555423],[-72.410938,-41.555037],[-72.412541,-41.554918],[-72.41361,-41.555245],[-72.413813,-41.555464],[-72.413996,-41.55566],[-72.414115,-41.556254],[-72.41405,-41.556559],[-72.413537,-41.556103],[-72.40787,-41.557283],[-72.405932,-41.561774]]]},"properties":{"comuna":"Cochamó","mancha_id":"10103-88ce85a281fffff","clase":"Alto","nivel_medio":2.732,"nivel_medio_min":2.536,"nivel_medio_max":2.968,"pct_alto":72.8,"n_hexagonos":12,"area_ha":603.67}},{"type":"Feature","geometry":{"type":"Polygon","coordinates":[[[-72.369361,-41.622508],[-72.367418,-41.626998],[-72.364851,-41.62753],[-72.36474,-41.62744],[-72.36454,-41.6273],[-72.364415,-41.627125],[-72.36435,-41.62709],[-72.36434,-41.62696],[-72.36434,-41.6268],[-72.36434,-41.62663],[-72.36431,-41.62647],[-72.36427,-41.6263],[-72.36423,-41.62623],[-72.36418,-41.626155],[-72.364062,-41.626043],[-72.36398,-41.62597],[-72.36389,-41.62594],[-72.36375,-41.62589],[-72.363545,-41.62577],[-72.36347,-41.62576],[-72.36343,-41.625665],[-72.36342,-41.62545],[-72.363415,-41.625205],[-72.36338,-41.625135],[-72.36325,-41.62495],[-72.36307,-41.62478],[-72.36291,-41.62461],[-72.36276,-41.62445],[-72.36262,-41.62428],[-72.36253,-41.62411],[-72.36243,-41.62394],[-72.36234,-41.62378],[-72.36222,-41.62328],[-72.36223,-41.62311],[-72.3622,-41.62295],[-72.36216,-41.62278],[-72.36211,-41.62261],[-72.36213,-41.62245],[-72.36221,-41.62212],[-72.3622,-41.62195],[-72.36216,-41.62179],[-72.36207,-41.62162],[-72.36201,-41.62145],[-72.362035,-41.621305],[-72.36205,-41.62119],[-72.36217,-41.62116],[-72.36229,-41.62122],[-72.362405,-41.62133],[-72.36254,-41.62135],[-72.36258,-41.62116],[-72.36258,-41.6211],[-72.36274,-41.62107],[-72.36279,-41.62103],[-72.36302,-41.62092],[-72.36303,-41.62071],[-72.36296,-41.62065],[-72.36291,-41.6206],[-72.36271,-41.62044],[-72.362525,-41.620255],[-72.36251,-41.62007],[-72.36253,-41.62001],[-72.36259,-41.619955],[-72.362658,-41.619809],[-72.365633,-41.619193],[-72.369361,-41.622508]]]},"properties":{"comuna":"Cochamó","mancha_id":"10103-88ce85a25dfffff","clase":"Alto","nivel_medio":2.819,"nivel_medio_min":2.819,"nivel_medio_max":2.819,"pct_alto":67.1,"n_hexagonos":1,"area_ha":37.27}},{"type":"Feature","geometry":{"type":"Polygon","coordinates":[[[-72.36028,-41.595779],[-72.354612,-41.596955],[-72.353855,-41.596281],[-72.35378,-41.59604],[-72.35377,-41.5959],[-72.35378,-41.59576],[-72.35384,-41.59534],[-72.35385,-41.59527],[-72.3539,-41.59522],[-72.35397,-41.59506],[-72.35397,-41.59491],[-72.35399,-41.59477],[-72.35398,-41.59463],[-72.35393,-41.59435],[-72.353955,-41.594155],[-72.35401,-41.59409],[-72.35415,-41.59393],[-72.354225,-41.593885],[-72.354305,-41.593845],[-72.35448,-41.5937],[-72.35448,-41.59364],[-72.35453,-41.59356],[-72.35454,-41.59342],[-72.35453,-41.59327],[-72.35448,-41.59313],[-72.35443,-41.59299],[-72.35435,-41.59285],[-72.35427,-41.5927],[-72.35419,-41.59256],[-72.35414,-41.59242],[-72.35396,-41.59213],[-72.35389,-41.59198],[-72.35385,-41.59184],[-72.35382,-41.5917],[-72.35383,-41.59142],[-72.35381,-41.59127],[-72.3538,-41.59113],[-72.35375,-41.59099],[-72.35373,-41.59085],[-72.35372,-41.59071],[-72.35369,-41.59056],[-72.35365,-41.59042],[-72.35359,-41.59028],[-72.35351,-41.58999],[-72.35349,-41.58985],[-72.35341,-41.58971],[-72.35339,-41.58956],[-72.35338,-41.58942],[-72.35334,-41.58928],[-72.35333,-41.58914],[-72.353305,-41.589053],[-72.358497,-41.587976],[-72.362223,-41.59129],[-72.36028,-41.595779]]]},"properties":{"comuna":"Cochamó","mancha_id":"10103-88ce85a239fffff","clase":"Alto","nivel_medio":2.561,"nivel_medio_min":2.561,"nivel_medio_max":2.561,"pct_alto":44.4,"n_hexagonos":1,"area_ha":52.05}},{"type":"Feature","geometry":{"type":"Polygon","coordinates":[[[-72.316881,-41.600685],[-72.318827,-41.596197],[-72.323741,-41.59518],[-72.32377,-41.5953],[-72.32377,-41.59547],[-72.32371,-41.59563],[-72.32364,-41.59579],[-72.323585,-41.595965],[-72.32356,-41.59612],[-72.32383,-41.59663],[-72.32385,-41.59679],[-72.32396,-41.59712],[-72.32399,-41.59729],[-72.32401,-41.59762],[-72.324,-41.59779],[-72.32402,-41.59795],[-72.324,-41.59845],[-72.32403,-41.59863],[-72.32399,-41.5989],[-72.32398,-41.59902],[-72.324,-41.59937],[-72.32401,-41.59953],[-72.32405,-41.5997],[-72.32415,-41.599855],[-72.32423,-41.59997],[-72.32435,-41.60007],[-72.32445,-41.60011],[-72.3246,-41.60028],[-72.32472,-41.60045],[-72.32477,-41.60052],[-72.32479,-41.60061],[-72.3248,-41.60078],[-72.32483,-41.60095],[-72.32484,-41.60111],[-72.32489,-41.60128],[-72.32491,-41.60137],[-72.325,-41.60147],[-72.325,-41.60164],[-72.32492,-41.60182],[-72.32482,-41.60201],[-72.32475,-41.6022],[-72.3247,-41.60227],[-72.32468,-41.60253],[-72.32469,-41.60269],[-72.32477,-41.60302],[-72.324826,-41.603126],[-72.32486,-41.60319],[-72.32493,-41.60336],[-72.32496,-41.60352],[-72.32501,-41.60369],[-72.32504,-41.60386],[-72.32506,-41.60419],[-72.32506,-41.60438],[-72.32499,-41.60494],[-72.32499,-41.60513],[-72.32494,-41.60546],[-72.32497,-41.60563],[-72.32496,-41.60579],[-72.32498,-41.60598],[-72.32497,-41.60631],[-72.32504,-41.60648],[-72.32522,-41.60681],[-72.32532,-41.60698],[-72.32544,-41.60715],[-72.32554,-41.60732],[-72.32558,-41.60742],[-72.325625,-41.607495],[-72.32564,-41.60767],[-72.32558,-41.60786],[-72.32549,-41.60805],[-72.32546,-41.60822],[-72.32541,-41.608315],[-72.32537,-41.60842],[-72.32531,-41.60859],[-72.32531,-41.60875],[-72.32533,-41.60892],[-72.32537,-41.60908],[-72.32543,-41.60925],[-72.32549,-41.60942],[-72.32559,-41.60958],[-72.32561,-41.60975],[-72.32565,-41.60994],[-72.32564,-41.61013],[-72.32562,-41.61032],[-72.32558,-41.61065],[-72.3256,-41.61081],[-72.32566,-41.61098],[-72.325722,-41.611111],[-72.32574,-41.61115],[-72.32596,-41.61165],[-72.32601,-41.61173],[-72.32605,-41.61181],[-72.32605,-41.612],[-72.32605,-41.61219],[-72.32602,-41.61238],[-72.32597,-41.61257],[-72.32591,-41.61276],[-72.32591,-41.61292],[-72.32588,-41.61309],[-72.32591,-41.61325],[-72.32599,-41.61358],[-72.3261,-41.61392],[-72.32619,-41.61408],[-72.32631,-41.61425],[-72.32641,-41.61442],[-72.32648,-41.61459],[-72.32652,-41.61475],[-72.3266,-41.61492],[-72.32665,-41.61509],[-72.32667,-41.61528],[-72.32663,-41.61565],[-72.32659,-41.61584],[-72.32652,-41.61603],[-72.32643,-41.61621],[-72.326295,-41.61642],[-72.32623,-41.61649],[-72.32622,-41.61673],[-72.32628,-41.6169],[-72.3263,-41.61706],[-72.32631,-41.61723],[-72.32633,-41.61742],[-72.32633,-41.61758],[-72.32634,-41.61794],[-72.32631,-41.61812],[-72.32623,-41.61831],[-72.3262,-41.61836],[-72.32617,-41.61842],[-72.32616,-41.61848],[-72.32616,-41.61859],[-72.32614,-41.61866],[-72.32607,-41.61885],[-72.326015,-41.619055],[-72.32592,-41.619242],[-72.32582,-41.61944],[-72.32582,-41.61955],[-72.32586,-41.6197],[-72.32601,-41.61998],[-72.32611,-41.62013],[-72.32629,-41.62041],[-72.32637,-41.6207],[-72.32638,-41.62084],[-72.32638,-41.62098],[-72.32643,-41.62113],[-72.32651,-41.62127],[-72.32659,-41.62141],[-72.32664,-41.62147],[-72.326668,-41.621556],[-72.32671,-41.62168],[-72.326675,-41.62176],[-72.32662,-41.62182],[-72.32643,-41.621985],[-72.32635,-41.622],[-72.3263,-41.62204],[-72.32624,-41.6221],[-72.326175,-41.62223],[-72.32621,-41.62237],[-72.32625,-41.62252],[-72.32626,-41.62266],[-72.32625,-41.6228],[-72.3262,-41.62294],[-72.32608,-41.62308],[-72.32598,-41.62323],[-72.32595,-41.62328],[-72.32592,-41.62333],[-72.325965,-41.62346],[-72.32613,-41.62355],[-72.3263,-41.62363],[-72.32639,-41.62366],[-72.32646,-41.62372],[-72.326515,-41.623785],[-72.32662,-41.62394],[-72.32666,-41.62408],[-72.32671,-41.62437],[-72.32664,-41.624605],[-72.32652,-41.62479],[-72.3264,-41.62493],[-72.32627,-41.625085],[-72.32622,-41.62514],[-72.32619,-41.62521],[-72.32616,-41.62535],[-72.32613,-41.62549],[-72.32604,-41.62563],[-72.32599,-41.62573],[-72.32594,-41.62578],[-72.32578,-41.62589],[-72.32559,-41.62598],[-72.32536,-41.62606],[-72.32519,-41.62612],[-72.32493,-41.6262],[-72.324825,-41.626235],[-72.32466,-41.626275],[-72.322212,-41.624095],[-72.324158,-41.619607],[-72.320435,-41.616291],[-72.32238,-41.611803],[-72.318658,-41.608488],[-72.320603,-41.604],[-72.316881,-41.600685]]]},"properties":{"comuna":"Cochamó","mancha_id":"10103-88ce85a22dfffff","clase":"Alto","nivel_medio":2.792,"nivel_medio_min":2.624,"nivel_medio_max":3.292,"pct_alto":68.0,"n_hexagonos":4,"area_ha":136.04}},{"type":"Feature","geometry":{"type":"Polygon","coordinates":[[[-72.311145,-41.494987],[-72.312747,-41.491286],[-72.309034,-41.487976],[-72.303379,-41.489151],[-72.299667,-41.485841],[-72.301609,-41.481356],[-72.307263,-41.480181],[-72.309205,-41.475696],[-72.305493,-41.472386],[-72.307434,-41.467901],[-72.310926,-41.467175],[-72.31084,-41.46753],[-72.31055,-41.46797],[-72.30994,-41.46883],[-72.311,-41.47154],[-72.31104,-41.47176],[-72.31058,-41.47387],[-72.31091,-41.47454],[-72.311086,-41.475304],[-72.31111,-41.47541],[-72.31112,-41.47574],[-72.31097,-41.47799],[-72.31149,-41.47898],[-72.31179,-41.47992],[-72.31142,-41.48061],[-72.312,-41.48248],[-72.31224,-41.48317],[-72.312253,-41.483225],[-72.31239,-41.4838],[-72.31252,-41.48457],[-72.31281,-41.4857],[-72.31307,-41.48647],[-72.31336,-41.48742],[-72.31345,-41.48908],[-72.31394,-41.49],[-72.31483,-41.49068],[-72.314834,-41.490852],[-72.31484,-41.49112],[-72.31425,-41.49181],[-72.31537,-41.49325],[-72.31532,-41.49375],[-72.31465,-41.49415],[-72.31336,-41.49419],[-72.3125,-41.49471],[-72.311145,-41.494987]]]},"properties":{"comuna":"Cochamó","mancha_id":"10103-88ce85a185fffff","clase":"Alto","nivel_medio":3.009,"nivel_medio_min":2.585,"nivel_medio_max":3.391,"pct_alto":72.0,"n_hexagonos":5,"area_ha":143.36}},{"type":"Feature","geometry":{"type":"Polygon","coordinates":[[[-72.296101,-41.531482],[-72.29526,-41.531657],[-72.294563,-41.531036],[-72.29462,-41.53105],[-72.29473,-41.53107],[-72.29492,-41.53113],[-72.29547,-41.53132],[-72.29566,-41.53134],[-72.29585,-41.53141],[-72.29603,-41.53146],[-72.296101,-41.531482]]]},"properties":{"comuna":"Cochamó","mancha_id":"10103-88ce85a111fffff","clase":"Alto","nivel_medio":2.933,"nivel_medio_min":2.933,"nivel_medio_max":2.933,"pct_alto":93.3,"n_hexagonos":1,"area_ha":0.3}},{"type":"Feature","geometry":{"type":"Polygon","coordinates":[[[-72.378219,-41.518503],[-72.380158,-41.514014],[-72.383173,-41.513386],[-72.38354,-41.51481],[-72.38342,-41.5163],[-72.38363,-41.51712],[-72.38413,-41.51822],[-72.38494,-41.5191],[-72.38551,-41.51993],[-72.386085,-41.520951],[-72.38613,-41.52103],[-72.3868,-41.52232],[-72.38713,-41.523],[-72.38738,-41.52432],[-72.38771,-41.52506],[-72.3884,-41.52589],[-72.38928,-41.52654],[-72.390101,-41.526787],[-72.389389,-41.528435],[-72.383727,-41.529613],[-72.381788,-41.534103],[-72.376124,-41.535281],[-72.372401,-41.53197],[-72.366739,-41.533148],[-72.363017,-41.529837],[-72.364957,-41.525348],[-72.370619,-41.52417],[-72.374341,-41.527481],[-72.380003,-41.526303],[-72.381942,-41.521813],[-72.378219,-41.518503]]]},"properties":{"comuna":"Cochamó","mancha_id":"10103-88ce85a08dfffff","clase":"Alto","nivel_medio":2.759,"nivel_medio_min":2.526,"nivel_medio_max":2.928,"pct_alto":75.5,"n_hexagonos":4,"area_ha":212.54}},{"type":"Feature","geometry":{"type":"Polygon","coordinates":[[[-72.308007,-41.561679],[-72.309952,-41.557192],[-72.31084,-41.557008],[-72.31084,-41.55717],[-72.31089,-41.5575],[-72.31094,-41.55767],[-72.31101,-41.55783],[-72.31112,-41.558],[-72.31129,-41.55834],[-72.31136,-41.5585],[-72.31145,-41.55867],[-72.31155,-41.55884],[-72.31161,-41.55901],[-72.31173,-41.5595],[-72.31174,-41.55967],[-72.31178,-41.55984],[-72.3118,-41.56017],[-72.31178,-41.56033],[-72.31174,-41.5605],[-72.31173,-41.56066],[-72.31165,-41.56099],[-72.31168,-41.56149],[-72.31174,-41.56165],[-72.31188,-41.56199],[-72.31197,-41.56215],[-72.31207,-41.56232],[-72.31219,-41.56249],[-72.31228,-41.56266],[-72.31233,-41.56282],[-72.3124,-41.56299],[-72.31258,-41.56333],[-72.31265,-41.56349],[-72.31277,-41.56366],[-72.31287,-41.56383],[-72.31296,-41.564],[-72.31332,-41.5645],[-72.31344,-41.564637],[-72.31347,-41.56467],[-72.31358,-41.56484],[-72.31373,-41.56517],[-72.31382,-41.56534],[-72.31392,-41.56551],[-72.31409,-41.56584],[-72.31423,-41.56601],[-72.31432,-41.56618],[-72.31452,-41.56651],[-72.31461,-41.56668],[-72.31471,-41.56685],[-72.31489,-41.56718],[-72.3152,-41.56768],[-72.31528,-41.56785],[-72.31536,-41.56802],[-72.31544,-41.56819],[-72.31551,-41.56835],[-72.31563,-41.56852],[-72.31578,-41.56886],[-72.31588,-41.56902],[-72.31595,-41.56919],[-72.31605,-41.56936],[-72.31613,-41.56952],[-72.31625,-41.56969],[-72.31635,-41.56986],[-72.31644,-41.57003],[-72.31675,-41.57053],[-72.31683,-41.5707],[-72.31694,-41.57087],[-72.31707,-41.57103],[-72.31716,-41.5712],[-72.31726,-41.57137],[-72.3174,-41.5717],[-72.31749,-41.571966],[-72.31757,-41.5722],[-72.31761,-41.57237],[-72.31779,-41.5727],[-72.31791,-41.57287],[-72.31796,-41.57304],[-72.318,-41.57321],[-72.31803,-41.57337],[-72.31804,-41.5737],[-72.31816,-41.57404],[-72.31828,-41.57453],[-72.31829,-41.5747],[-72.31831,-41.57487],[-72.31835,-41.57503],[-72.31836,-41.5752],[-72.31835,-41.57536],[-72.31836,-41.57553],[-72.31839,-41.57569],[-72.31847,-41.57603],[-72.31852,-41.57636],[-72.31857,-41.57652],[-72.31867,-41.57719],[-72.31871,-41.57735],[-72.31874,-41.57752],[-72.31879,-41.57769],[-72.31882,-41.57785],[-72.31886,-41.5779],[-72.31888,-41.57802],[-72.31895,-41.57808],[-72.31899,-41.578145],[-72.319167,-41.578263],[-72.31936,-41.57833],[-72.31942,-41.57848],[-72.31941,-41.57881],[-72.31943,-41.579],[-72.31942,-41.57919],[-72.319485,-41.57947],[-72.31959,-41.57968],[-72.319613,-41.579695],[-72.31979,-41.57981],[-72.31986,-41.57988],[-72.31992,-41.57998],[-72.31995,-41.58015],[-72.31994,-41.58031],[-72.31998,-41.58048],[-72.32005,-41.58064],[-72.32011,-41.58081],[-72.3202,-41.58098],[-72.32025,-41.58115],[-72.32034,-41.58131],[-72.32041,-41.58148],[-72.32045,-41.58165],[-72.32054,-41.58181],[-72.32068,-41.58215],[-72.32074,-41.58231],[-72.32086,-41.58248],[-72.32096,-41.58265],[-72.32108,-41.58282],[-72.32118,-41.58299],[-72.32123,-41.583175],[-72.32128,-41.58324],[-72.32129,-41.58332],[-72.32127,-41.58381],[-72.32129,-41.58391],[-72.32128,-41.58398],[-72.32126,-41.58414],[-72.32121,-41.58431],[-72.32112,-41.58447],[-72.32101,-41.5848],[-72.32098,-41.58486],[-72.32098,-41.58496],[-72.321,-41.58513],[-72.32107,-41.5853],[-72.32108,-41.5854],[-72.3211,-41.58546],[-72.32105,-41.58551],[-72.32104,-41.58563],[-72.32111,-41.58583],[-72.32126,-41.58599],[-72.32141,-41.586245],[-72.32145,-41.58632],[-72.32148,-41.58649],[-72.32143,-41.58682],[-72.32133,-41.58698],[-72.32128,-41.58704],[-72.321265,-41.58712],[-72.32122,-41.58731],[-72.32125,-41.58747],[-72.321253,-41.587525],[-72.317051,-41.588395],[-72.31333,-41.585081],[-72.315275,-41.580593],[-72.311555,-41.57728],[-72.3135,-41.572792],[-72.309781,-41.569479],[-72.311726,-41.564992],[-72.308007,-41.561679]]]},"properties":{"comuna":"Cochamó","mancha_id":"10103-88ce85a061fffff","clase":"Alto","nivel_medio":2.804,"nivel_medio_min":2.669,"nivel_medio_max":2.953,"pct_alto":69.7,"n_hexagonos":4,"area_ha":139.37}},{"type":"Feature","geometry":{"type":"Polygon","coordinates":[[[-72.308179,-41.549393],[-72.304462,-41.54608],[-72.304966,-41.544916],[-72.30499,-41.54501],[-72.30505,-41.54518],[-72.30515,-41.54535],[-72.30539,-41.54568],[-72.30552,-41.54585],[-72.30569,-41.54603],[-72.30587,-41.5462],[-72.30603,-41.54639],[-72.30622,-41.54658],[-72.30647,-41.54681],[-72.30661,-41.5469],[-72.30676,-41.54703],[-72.30692,-41.54711],[-72.30726,-41.54726],[-72.30741,-41.54734],[-72.30756,-41.54742],[-72.30775,-41.54749],[-72.30794,-41.54754],[-72.30812,-41.5476],[-72.3085,-41.54768],[-72.30868,-41.5477],[-72.30887,-41.54774],[-72.30962,-41.5478],[-72.30981,-41.54784],[-72.31,-41.54789],[-72.31034,-41.54804],[-72.31049,-41.5481],[-72.3108,-41.5483],[-72.31103,-41.54846],[-72.3113,-41.54868],[-72.311375,-41.54873],[-72.308179,-41.549393]]]},"properties":{"comuna":"Cochamó","mancha_id":"10103-88ce85a02dfffff","clase":"Alto","nivel_medio":2.621,"nivel_medio_min":2.621,"nivel_medio_max":2.621,"pct_alto":56.8,"n_hexagonos":1,"area_ha":7.41}},{"type":"Feature","geometry":{"type":"Polygon","coordinates":[[[-72.351533,-41.544479],[-72.349591,-41.548967],[-72.344878,-41.549946],[-72.34479,-41.54985],[-72.34472,-41.54982],[-72.34453,-41.54979],[-72.3444,-41.54974],[-72.34431,-41.54969],[-72.34417,-41.5496],[-72.34404,-41.54948],[-72.34392,-41.54935],[-72.34362,-41.54898],[-72.34351,-41.54881],[-72.34325,-41.54831],[-72.3431,-41.54814],[-72.34295,-41.54799],[-72.34277,-41.5478],[-72.34259,-41.54753],[-72.34255,-41.54745],[-72.34249,-41.54728],[-72.34229,-41.54694],[-72.34215,-41.54678],[-72.34211,-41.54673],[-72.34205,-41.5467],[-72.34195,-41.54664],[-72.3418,-41.54653],[-72.34168,-41.54639],[-72.34163,-41.54622],[-72.34154,-41.54589],[-72.34155,-41.54572],[-72.34154,-41.54556],[-72.34155,-41.54539],[-72.34157,-41.54523],[-72.34155,-41.54506],[-72.34143,-41.54473],[-72.34139,-41.54456],[-72.34131,-41.54439],[-72.34128,-41.544353],[-72.342149,-41.542343],[-72.340197,-41.540605],[-72.34024,-41.5404],[-72.34027,-41.54024],[-72.34027,-41.54007],[-72.3403,-41.53991],[-72.34029,-41.53974],[-72.34029,-41.53958],[-72.34027,-41.53941],[-72.34019,-41.53908],[-72.34016,-41.53891],[-72.34008,-41.53858],[-72.34003,-41.53841],[-72.33996,-41.53825],[-72.33982,-41.53808],[-72.33972,-41.53791],[-72.3396,-41.53774],[-72.33942,-41.53741],[-72.33935,-41.53724],[-72.33931,-41.53707],[-72.339306,-41.537005],[-72.340371,-41.534544],[-72.339793,-41.534028],[-72.33982,-41.5338],[-72.339925,-41.53363],[-72.339995,-41.53356],[-72.34006,-41.53348],[-72.34016,-41.53332],[-72.34023,-41.53315],[-72.34028,-41.53299],[-72.3403,-41.53249],[-72.34032,-41.53238],[-72.34042,-41.53228],[-72.340455,-41.5322],[-72.3406,-41.532],[-72.34074,-41.53168],[-72.34077,-41.53151],[-72.34076,-41.53135],[-72.34076,-41.53118],[-72.34071,-41.53101],[-72.34071,-41.53085],[-72.34067,-41.53068],[-72.34067,-41.53052],[-72.34067,-41.53035],[-72.34062,-41.53002],[-72.34063,-41.52986],[-72.34068,-41.52969],[-72.34077,-41.52953],[-72.34097,-41.5292],[-72.34113,-41.528945],[-72.34116,-41.52863],[-72.34114,-41.5285],[-72.34115,-41.52838],[-72.34117,-41.52826],[-72.34116,-41.52814],[-72.34116,-41.52803],[-72.34113,-41.52791],[-72.34109,-41.52779],[-72.3411,-41.52767],[-72.34104,-41.52743],[-72.34096,-41.52719],[-72.34093,-41.52708],[-72.34088,-41.52695],[-72.34076,-41.52668],[-72.34072,-41.52662],[-72.34069,-41.52657],[-72.34064,-41.52646],[-72.340612,-41.526325],[-72.34059,-41.52622],[-72.34051,-41.52598],[-72.34045,-41.52586],[-72.34041,-41.52574],[-72.34039,-41.525435],[-72.34028,-41.525055],[-72.34025,-41.52493],[-72.34017,-41.5247],[-72.34011,-41.52458],[-72.340005,-41.52432],[-72.339957,-41.524233],[-72.33991,-41.52412],[-72.33985,-41.52398],[-72.3398,-41.52374],[-72.33971,-41.52351],[-72.33965,-41.52339],[-72.33961,-41.52327],[-72.33946,-41.52303],[-72.33935,-41.52279],[-72.33926,-41.52267],[-72.33915,-41.52255],[-72.33908,-41.52243],[-72.33898,-41.52231],[-72.33887,-41.5222],[-72.33873,-41.52207],[-72.33866,-41.52192],[-72.33864,-41.521825],[-72.33865,-41.52133],[-72.33861,-41.52086],[-72.33862,-41.52074],[-72.33865,-41.52062],[-72.338645,-41.52049],[-72.33863,-41.52039],[-72.33862,-41.52027],[-72.33859,-41.52015],[-72.3386,-41.52003],[-72.33862,-41.51991],[-72.33865,-41.5198],[-72.33866,-41.51968],[-72.33868,-41.51956],[-72.33865,-41.51944],[-72.33864,-41.51932],[-72.33856,-41.51909],[-72.33856,-41.51897],[-72.33854,-41.51885],[-72.338555,-41.518715],[-72.33858,-41.51861],[-72.338577,-41.51858],[-72.33857,-41.5185],[-72.33862,-41.51838],[-72.33865,-41.51826],[-72.33864,-41.518065],[-72.33862,-41.518],[-72.33858,-41.51792],[-72.33854,-41.51779],[-72.33857,-41.51755],[-72.338635,-41.517415],[-72.33868,-41.51737],[-72.33871,-41.51732],[-72.33881,-41.5172],[-72.33887,-41.517075],[-72.33888,-41.516915],[-72.33884,-41.51685],[-72.33871,-41.51684],[-72.33845,-41.51698],[-72.33835,-41.51698],[-72.33826,-41.51694],[-72.33817,-41.51686],[-72.338092,-41.516693],[-72.33806,-41.51661],[-72.33767,-41.51583],[-72.33766,-41.51569],[-72.33766,-41.51559],[-72.337705,-41.51555],[-72.33772,-41.51541],[-72.33774,-41.51527],[-72.33779,-41.51512],[-72.33783,-41.51498],[-72.33791,-41.51484],[-72.33811,-41.51457],[-72.33828,-41.51429],[-72.33835,-41.51415],[-72.33842,-41.51401],[-72.33843,-41.51372],[-72.33845,-41.51358],[-72.33844,-41.51344],[-72.33845,-41.5133],[-72.33842,-41.51316],[-72.33838,-41.51301],[-72.33833,-41.51287],[-72.33828,-41.51273],[-72.33823,-41.51258],[-72.33819,-41.51244],[-72.338105,-41.512295],[-72.33804,-41.51221],[-72.33796,-41.51215],[-72.33778,-41.51203],[-72.33765,-41.51198],[-72.33749,-41.51191],[-72.33731,-41.51189],[-72.33722,-41.511875],[-72.33694,-41.51186],[-72.33675,-41.51187],[-72.33653,-41.51187],[-72.336425,-41.51185],[-72.3363,-41.511815],[-72.33617,-41.51171],[-72.33598,-41.51153],[-72.33581,-41.51132],[-72.33569,-41.51118],[-72.335552,-41.511042],[-72.33554,-41.51103],[-72.33535,-41.5109],[-72.33522,-41.51089],[-72.33503,-41.51092],[-72.33481,-41.51091],[-72.334774,-41.510912],[-72.33459,-41.51092],[-72.334475,-41.510905],[-72.33437,-41.51087],[-72.33418,-41.5108],[-72.33391,-41.51065],[-72.33377,-41.51056],[-72.33363,-41.51047],[-72.33329,-41.5103],[-72.33314,-41.51021],[-72.33299,-41.51015],[-72.33285,-41.51006],[-72.33271,-41.51001],[-72.33256,-41.50993],[-72.3324,-41.50983],[-72.33213,-41.50963],[-72.33198,-41.50951],[-72.33182,-41.50944],[-72.33168,-41.50935],[-72.33154,-41.50929],[-72.33139,-41.5092],[-72.33124,-41.50908],[-72.33112,-41.50896],[-72.33092,-41.50878],[-72.33079,-41.50859],[-72.33067,-41.50844],[-72.330377,-41.508034],[-72.33036,-41.50801],[-72.33028,-41.50787],[-72.3302,-41.50772],[-72.33012,-41.50758],[-72.33008,-41.50744],[-72.33006,-41.50729],[-72.33005,-41.50715],[-72.33002,-41.50701],[-72.33,-41.50673],[-72.33002,-41.50659],[-72.33006,-41.50644],[-72.33008,-41.50602],[-72.33005,-41.50588],[-72.32997,-41.50559],[-72.32996,-41.50545],[-72.32992,-41.50531],[-72.32991,-41.50517],[-72.32985,-41.50502],[-72.32981,-41.50488],[-72.32971,-41.50474],[-72.32959,-41.50459],[-72.32945,-41.50445],[-72.32936,-41.5043],[-72.32931,-41.50416],[-72.329291,-41.504097],[-72.32926,-41.50405],[-72.32899,-41.5037],[-72.32885,-41.50325],[-72.32914,-41.50274],[-72.32915,-41.50255],[-72.32914,-41.50238],[-72.32853,-41.5018],[-72.32825,-41.50166],[-72.32794,-41.50159],[-72.32766,-41.50158],[-72.32728,-41.50165],[-72.3263,-41.50204],[-72.32594,-41.50206],[-72.3257,-41.50193],[-72.3255,-41.50175],[-72.32524,-41.50143],[-72.32504,-41.500978],[-72.32493,-41.50073],[-72.32491,-41.50054],[-72.32477,-41.50018],[-72.324747,-41.5],[-72.32472,-41.49979],[-72.32487,-41.49963],[-72.32511,-41.4996],[-72.32528,-41.4996],[-72.32551,-41.49973],[-72.32564,-41.49974],[-72.32583,-41.49965],[-72.3259,-41.49945],[-72.3258,-41.49925],[-72.32529,-41.49889],[-72.32499,-41.49854],[-72.32506,-41.49821],[-72.3253,-41.49791],[-72.32555,-41.49788],[-72.32583,-41.49799],[-72.32594,-41.49806],[-72.32622,-41.49855],[-72.32648,-41.49884],[-72.32664,-41.49895],[-72.32679,-41.49895],[-72.32696,-41.49879],[-72.32694,-41.49859],[-72.32672,-41.49823],[-72.32658,-41.49765],[-72.32687,-41.49635],[-72.3274,-41.49559],[-72.32766,-41.49473],[-72.32845,-41.4939],[-72.329141,-41.493462],[-72.32916,-41.49345],[-72.32939,-41.49322],[-72.32957,-41.49282],[-72.32985,-41.49181],[-72.33002,-41.49121],[-72.33007,-41.49072],[-72.33015,-41.49004],[-72.33033,-41.48944],[-72.33074,-41.48862],[-72.3309,-41.48814],[-72.33054,-41.48787],[-72.330305,-41.487635],[-72.33007,-41.4874],[-72.32912,-41.48675],[-72.32877,-41.48635],[-72.32837,-41.48589],[-72.32757,-41.48519],[-72.32714,-41.48501],[-72.32663,-41.48473],[-72.32638,-41.48453],[-72.326111,-41.484189],[-72.32794,-41.479962],[-72.326268,-41.478472],[-72.32627,-41.47847],[-72.32818,-41.4772],[-72.32917,-41.47638],[-72.32958,-41.4756],[-72.32945,-41.47512],[-72.32914,-41.47448],[-72.32925,-41.47416],[-72.32953,-41.47376],[-72.32966,-41.47352],[-72.32971,-41.47314],[-72.3295,-41.47282],[-72.32946,-41.47247],[-72.32957,-41.47223],[-72.3299,-41.4719],[-72.32994,-41.47167],[-72.329772,-41.471416],[-72.32939,-41.47084],[-72.32932,-41.47037],[-72.32945,-41.4698],[-72.32918,-41.469],[-72.32921,-41.46867],[-72.32935,-41.46824],[-72.3292,-41.46806],[-72.32908,-41.46777],[-72.32909,-41.4675],[-72.32921,-41.46703],[-72.32907,-41.46598],[-72.3291,-41.4657],[-72.32923,-41.46543],[-72.3293,-41.46502],[-72.32919,-41.46484],[-72.3288,-41.46457],[-72.32829,-41.46408],[-72.328044,-41.463611],[-72.32797,-41.46347],[-72.32776,-41.46333],[-72.32715,-41.46308],[-72.3268,-41.46266],[-72.326,-41.46186],[-72.3255,-41.46123],[-72.32525,-41.46045],[-72.32525,-41.46005],[-72.32537,-41.45994],[-72.32549,-41.45969],[-72.32558,-41.45947],[-72.3255,-41.45881],[-72.32569,-41.45851],[-72.32621,-41.45796],[-72.32638,-41.45759],[-72.32643,-41.457],[-72.32633,-41.45626],[-72.32612,-41.45592],[-72.326052,-41.455863],[-72.32582,-41.45567],[-72.32581,-41.45531],[-72.3257,-41.45504],[-72.32533,-41.45478],[-72.3244,-41.45423],[-72.32424,-41.45406],[-72.3242,-41.4538],[-72.32427,-41.45367],[-72.3248,-41.45318],[-72.32515,-41.45267],[-72.32556,-41.45238],[-72.32542,-41.45228],[-72.32505,-41.45227],[-72.32495,-41.45218],[-72.325,-41.45206],[-72.32547,-41.45186],[-72.325298,-41.451457],[-72.325815,-41.45128],[-72.32602,-41.451122],[-72.32625,-41.45087],[-72.326443,-41.450636],[-72.32672,-41.450318],[-72.32693,-41.450131],[-72.327198,-41.449977],[-72.327787,-41.449716],[-72.328221,-41.449585],[-72.328613,-41.449543],[-72.328673,-41.449543],[-72.32888,-41.449543],[-72.330258,-41.449637],[-72.330486,-41.449611],[-72.33082,-41.449522],[-72.331003,-41.449444],[-72.331205,-41.449299],[-72.331285,-41.449203],[-72.331338,-41.449112],[-72.331354,-41.44903],[-72.331338,-41.448931],[-72.331254,-41.448508],[-72.331155,-41.448095],[-72.331113,-41.447755],[-72.331044,-41.44764],[-72.330961,-41.447566],[-72.33065,-41.447353],[-72.33058,-41.4473],[-72.330538,-41.447227],[-72.330543,-41.447101],[-72.33057,-41.447002],[-72.331097,-41.446359],[-72.331254,-41.446233],[-72.331447,-41.44612],[-72.331605,-41.446051],[-72.33236,-41.445803],[-72.3326,-41.445697],[-72.332699,-41.445647],[-72.332758,-41.445604],[-72.332792,-41.445541],[-72.33281,-41.445468],[-72.33292,-41.4451],[-72.33308,-41.4447],[-72.333195,-41.444598],[-72.33339,-41.44451],[-72.33395,-41.44449],[-72.33485,-41.44458],[-72.33541,-41.44478],[-72.33614,-41.44512],[-72.336633,-41.445228],[-72.337193,-41.44527],[-72.337763,-41.445238],[-72.337783,-41.445233],[-72.338122,-41.445143],[-72.338291,-41.445016],[-72.338386,-41.444731],[-72.338576,-41.444552],[-72.338862,-41.444425],[-72.339168,-41.444351],[-72.339998,-41.44431],[-72.34064,-41.44431],[-72.341603,-41.444326],[-72.343028,-41.444161],[-72.343494,-41.444108],[-72.343876,-41.444064],[-72.344121,-41.444001],[-72.344823,-41.443599],[-72.345093,-41.443481],[-72.34536,-41.44344],[-72.34606,-41.44356],[-72.346421,-41.443623],[-72.34688,-41.44365],[-72.3479,-41.44355],[-72.348423,-41.44343],[-72.34904,-41.443234],[-72.349428,-41.443125],[-72.349741,-41.443117],[-72.350164,-41.443185],[-72.350519,-41.443345],[-72.35116,-41.4434],[-72.352327,-41.443328],[-72.352598,-41.443362],[-72.352824,-41.443433],[-72.353053,-41.443523],[-72.353372,-41.443503],[-72.353681,-41.443404],[-72.354151,-41.443121],[-72.352821,-41.446201],[-72.356536,-41.449509],[-72.362189,-41.44833],[-72.364126,-41.443842],[-72.369779,-41.442663],[-72.373495,-41.44597],[-72.379149,-41.444789],[-72.380763,-41.441047],[-72.38082,-41.44104],[-72.38211,-41.44044],[-72.382309,-41.440378],[-72.38276,-41.44028],[-72.38567,-41.44015],[-72.387177,-41.440129],[-72.387786,-41.440053],[-72.390456,-41.442428],[-72.39611,-41.441246],[-72.398045,-41.436758],[-72.403698,-41.435576],[-72.405632,-41.431087],[-72.411286,-41.429904],[-72.415006,-41.433211],[-72.42066,-41.432028],[-72.423364,-41.43443],[-72.42305,-41.43449],[-72.42164,-41.4345],[-72.41976,-41.43465],[-72.41816,-41.43488],[-72.4171,-41.43505],[-72.415985,-41.435258],[-72.414679,-41.435377],[-72.414009,-41.435525],[-72.41385,-41.43556],[-72.413254,-41.435793],[-72.413016,-41.436149],[-72.41264,-41.43707],[-72.41208,-41.437907],[-72.407418,-41.438882],[-72.405484,-41.443371],[-72.399829,-41.444553],[-72.397894,-41.449042],[-72.392239,-41.450223],[-72.390304,-41.454711],[-72.384649,-41.455892],[-72.38093,-41.452585],[-72.375276,-41.453765],[-72.371559,-41.450457],[-72.365905,-41.451637],[-72.363968,-41.456124],[-72.358314,-41.457304],[-72.354598,-41.453996],[-72.348945,-41.455174],[-72.34523,-41.451867],[-72.339577,-41.453045],[-72.337639,-41.457531],[-72.331986,-41.458709],[-72.330046,-41.463195],[-72.33376,-41.466503],[-72.33182,-41.470989],[-72.335535,-41.474298],[-72.333595,-41.478785],[-72.33731,-41.482094],[-72.342966,-41.480917],[-72.346682,-41.484226],[-72.344742,-41.488713],[-72.339086,-41.48989],[-72.337146,-41.494377],[-72.340862,-41.497687],[-72.34652,-41.49651],[-72.350238,-41.49982],[-72.348298,-41.504307],[-72.352016,-41.507618],[-72.357675,-41.50644],[-72.361395,-41.50975],[-72.359455,-41.514238],[-72.363176,-41.517549],[-72.361236,-41.522037],[-72.355575,-41.523215],[-72.353635,-41.527703],[-72.357355,-41.531014],[-72.355415,-41.535502],[-72.349753,-41.536679],[-72.347811,-41.541167],[-72.351533,-41.544479]]]},"properties":{"comuna":"Cochamó","mancha_id":"10103-88ce85a003fffff","clase":"Alto","nivel_medio":2.834,"nivel_medio_min":2.534,"nivel_medio_max":3.342,"pct_alto":71.2,"n_hexagonos":39,"area_ha":1951.25}},{"type":"Feature","geometry":{"type":"Polygon","coordinates":[[[-71.83828,-41.914386],[-71.836293,-41.918858],[-71.830614,-41.919995],[-71.826923,-41.91666],[-71.82891,-41.912189],[-71.834588,-41.911051],[-71.83828,-41.914386]]]},"properties":{"comuna":"Cochamó","mancha_id":"10103-88ce859ae1fffff","clase":"Alto","nivel_medio":2.612,"nivel_medio_min":2.612,"nivel_medio_max":2.612,"pct_alto":79.0,"n_hexagonos":1,"area_ha":63.95}},{"type":"Feature","geometry":{"type":"Polygon","coordinates":[[[-71.816137,-41.894381],[-71.81415,-41.898852],[-71.808474,-41.899989],[-71.804786,-41.896655],[-71.806774,-41.892185],[-71.812448,-41.891048],[-71.816137,-41.894381]]]},"properties":{"comuna":"Cochamó","mancha_id":"10103-88ce859857fffff","clase":"Alto","nivel_medio":2.757,"nivel_medio_min":2.757,"nivel_medio_max":2.757,"pct_alto":80.9,"n_hexagonos":1,"area_ha":63.91}},{"type":"Feature","geometry":{"type":"Polygon","coordinates":[[[-72.052551,-41.95696],[-72.050576,-41.961442],[-72.044883,-41.96259],[-72.041165,-41.959256],[-72.043141,-41.954774],[-72.048833,-41.953626],[-72.052551,-41.95696]]]},"properties":{"comuna":"Cochamó","mancha_id":"10103-88ce85970dfffff","clase":"Alto","nivel_medio":2.546,"nivel_medio_min":2.546,"nivel_medio_max":2.546,"pct_alto":76.9,"n_hexagonos":1,"area_ha":64.22}},{"type":"Feature","geometry":{"type":"Polygon","coordinates":[[[-72.15153,-41.920591],[-72.149562,-41.925077],[-72.143868,-41.926232],[-72.140143,-41.922901],[-72.142111,-41.918415],[-72.147804,-41.91726],[-72.15153,-41.920591]]]},"properties":{"comuna":"Cochamó","mancha_id":"10103-88ce8596adfffff","clase":"Alto","nivel_medio":2.648,"nivel_medio_min":2.648,"nivel_medio_max":2.648,"pct_alto":64.2,"n_hexagonos":1,"area_ha":64.31}},{"type":"Feature","geometry":{"type":"Polygon","coordinates":[[[-72.127901,-41.974422],[-72.12593,-41.978908],[-72.129658,-41.982242],[-72.127687,-41.986728],[-72.121987,-41.98788],[-72.120015,-41.992366],[-72.123744,-41.9957],[-72.121772,-42.000186],[-72.125501,-42.00352],[-72.123529,-42.008007],[-72.127258,-42.011342],[-72.132961,-42.01019],[-72.136692,-42.013525],[-72.142395,-42.012373],[-72.144366,-42.007886],[-72.150069,-42.006733],[-72.15204,-42.002245],[-72.157742,-42.001092],[-72.161475,-42.004426],[-72.159505,-42.008914],[-72.153802,-42.010067],[-72.151831,-42.014555],[-72.146127,-42.015707],[-72.144156,-42.020195],[-72.138452,-42.021347],[-72.13472,-42.018012],[-72.129017,-42.019163],[-72.127044,-42.02365],[-72.121341,-42.024801],[-72.11761,-42.021465],[-72.111907,-42.022616],[-72.108179,-42.01928],[-72.102476,-42.02043],[-72.098748,-42.017095],[-72.093047,-42.018244],[-72.091072,-42.022729],[-72.08537,-42.023878],[-72.081644,-42.020542],[-72.083619,-42.016058],[-72.08932,-42.014908],[-72.091295,-42.010424],[-72.096995,-42.009274],[-72.100722,-42.012609],[-72.106424,-42.011459],[-72.108397,-42.006974],[-72.114098,-42.005823],[-72.116071,-42.001337],[-72.112343,-41.998003],[-72.114315,-41.993517],[-72.110588,-41.990183],[-72.112561,-41.985697],[-72.11826,-41.984546],[-72.120231,-41.98006],[-72.116504,-41.976726],[-72.118476,-41.972241],[-72.124174,-41.971089],[-72.127901,-41.974422]]]},"properties":{"comuna":"Cochamó","mancha_id":"10103-88ce859609fffff","clase":"Alto","nivel_medio":2.682,"nivel_medio_min":2.511,"nivel_medio_max":2.885,"pct_alto":71.7,"n_hexagonos":16,"area_ha":1029.41}},{"type":"Feature","geometry":{"type":"Polygon","coordinates":[[[-72.133812,-41.960965],[-72.131842,-41.96545],[-72.126144,-41.966603],[-72.122418,-41.96327],[-72.124388,-41.958785],[-72.130085,-41.957632],[-72.133812,-41.960965]]]},"properties":{"comuna":"Cochamó","mancha_id":"10103-88ce859603fffff","clase":"Alto","nivel_medio":2.52,"nivel_medio_min":2.52,"nivel_medio_max":2.52,"pct_alto":59.6,"n_hexagonos":1,"area_ha":64.32}},{"type":"Feature","geometry":{"type":"Polygon","coordinates":[[[-72.04384,-41.917887],[-72.041866,-41.922368],[-72.045581,-41.9257],[-72.051271,-41.924551],[-72.054987,-41.927883],[-72.053013,-41.932365],[-72.047323,-41.933514],[-72.045349,-41.937996],[-72.039658,-41.939145],[-72.037683,-41.943626],[-72.031992,-41.944774],[-72.028277,-41.941441],[-72.030253,-41.93696],[-72.026538,-41.933627],[-72.028514,-41.929146],[-72.0248,-41.925814],[-72.026775,-41.921333],[-72.023063,-41.918001],[-72.017375,-41.919149],[-72.013664,-41.915817],[-72.015639,-41.911337],[-72.011928,-41.908005],[-72.013903,-41.903525],[-72.010193,-41.900193],[-72.012168,-41.895714],[-72.017853,-41.894566],[-72.021564,-41.897897],[-72.019589,-41.902377],[-72.0233,-41.905709],[-72.021325,-41.910189],[-72.025037,-41.913521],[-72.030725,-41.912372],[-72.034438,-41.915704],[-72.040126,-41.914555],[-72.04384,-41.917887]]]},"properties":{"comuna":"Cochamó","mancha_id":"10103-88ce859541fffff","clase":"Alto","nivel_medio":2.681,"nivel_medio_min":2.512,"nivel_medio_max":3.095,"pct_alto":67.1,"n_hexagonos":11,"area_ha":706.01}},{"type":"Feature","geometry":{"type":"Polygon","coordinates":[[[-72.18277,-41.861113],[-72.180807,-41.8656],[-72.175117,-41.866758],[-72.171393,-41.86343],[-72.173357,-41.858944],[-72.169632,-41.855616],[-72.163945,-41.856774],[-72.160222,-41.853446],[-72.162186,-41.848961],[-72.167873,-41.847803],[-72.169836,-41.843318],[-72.175523,-41.842159],[-72.179246,-41.845486],[-72.184933,-41.844327],[-72.186896,-41.839841],[-72.192583,-41.838681],[-72.196308,-41.842008],[-72.201995,-41.840848],[-72.205722,-41.844175],[-72.21141,-41.843014],[-72.215138,-41.846341],[-72.220826,-41.84518],[-72.224555,-41.848507],[-72.230245,-41.847345],[-72.233975,-41.850672],[-72.239665,-41.84951],[-72.241624,-41.845021],[-72.247314,-41.843859],[-72.249272,-41.83937],[-72.254962,-41.838207],[-72.258694,-41.841533],[-72.264384,-41.840369],[-72.268117,-41.843695],[-72.26616,-41.848185],[-72.260469,-41.849348],[-72.256736,-41.846022],[-72.251045,-41.847185],[-72.249087,-41.851674],[-72.243396,-41.852836],[-72.241437,-41.857325],[-72.245168,-41.860652],[-72.25086,-41.85949],[-72.254593,-41.862817],[-72.252634,-41.867306],[-72.246941,-41.868469],[-72.243209,-41.865141],[-72.237517,-41.866303],[-72.233785,-41.862976],[-72.228094,-41.864137],[-72.224364,-41.86081],[-72.218673,-41.861971],[-72.214944,-41.858643],[-72.209254,-41.859804],[-72.205526,-41.856476],[-72.199837,-41.857636],[-72.19611,-41.854309],[-72.190422,-41.855468],[-72.186696,-41.852141],[-72.181008,-41.8533],[-72.179045,-41.857786],[-72.18277,-41.861113]]]},"properties":{"comuna":"Cochamó","mancha_id":"10103-88ce859495fffff","clase":"Alto","nivel_medio":2.761,"nivel_medio_min":2.532,"nivel_medio_max":2.992,"pct_alto":76.9,"n_hexagonos":21,"area_ha":1351.29}},{"type":"Feature","geometry":{"type":"Polygon","coordinates":[[[-72.08541,-41.917648],[-72.08913,-41.920979],[-72.094821,-41.919827],[-72.098541,-41.923159],[-72.09657,-41.927642],[-72.090879,-41.928794],[-72.087158,-41.925462],[-72.081467,-41.926614],[-72.077748,-41.923282],[-72.07972,-41.918799],[-72.08541,-41.917648]]]},"properties":{"comuna":"Cochamó","mancha_id":"10103-88ce859461fffff","clase":"Alto","nivel_medio":2.664,"nivel_medio_min":2.62,"nivel_medio_max":2.708,"pct_alto":71.2,"n_hexagonos":2,"area_ha":128.5}},{"type":"Feature","geometry":{"type":"Polygon","coordinates":[[[-72.126787,-41.929694],[-72.124818,-41.934179],[-72.119124,-41.935333],[-72.1154,-41.932001],[-72.11737,-41.927516],[-72.123063,-41.926363],[-72.126787,-41.929694]]]},"properties":{"comuna":"Cochamó","mancha_id":"10103-88ce85945dfffff","clase":"Alto","nivel_medio":2.602,"nivel_medio_min":2.602,"nivel_medio_max":2.602,"pct_alto":75.3,"n_hexagonos":1,"area_ha":64.29}},{"type":"Feature","geometry":{"type":"Polygon","coordinates":[[[-72.138597,-41.902784],[-72.136629,-41.907269],[-72.140353,-41.910599],[-72.138386,-41.915085],[-72.132693,-41.916239],[-72.128969,-41.912908],[-72.130938,-41.908423],[-72.127215,-41.905093],[-72.129183,-41.900608],[-72.125461,-41.897278],[-72.127429,-41.892794],[-72.123707,-41.889464],[-72.118018,-41.890618],[-72.114298,-41.887288],[-72.108609,-41.888442],[-72.10664,-41.892926],[-72.100952,-41.894079],[-72.098982,-41.898563],[-72.093293,-41.899715],[-72.091323,-41.904198],[-72.085634,-41.905351],[-72.083663,-41.909833],[-72.077973,-41.910985],[-72.074256,-41.907654],[-72.076227,-41.903171],[-72.072511,-41.899841],[-72.074482,-41.895358],[-72.070766,-41.892028],[-72.072737,-41.887546],[-72.078424,-41.886394],[-72.080394,-41.881912],[-72.08608,-41.880759],[-72.089797,-41.884089],[-72.087827,-41.888572],[-72.08214,-41.889724],[-72.080169,-41.894207],[-72.083887,-41.897537],[-72.089575,-41.896385],[-72.091545,-41.891902],[-72.097233,-41.890749],[-72.099202,-41.886266],[-72.10489,-41.885113],[-72.106859,-41.880629],[-72.112546,-41.879475],[-72.116266,-41.882805],[-72.121954,-41.88165],[-72.125675,-41.88498],[-72.131364,-41.883825],[-72.135086,-41.887154],[-72.133118,-41.891639],[-72.136841,-41.894969],[-72.134873,-41.899454],[-72.138597,-41.902784]]]},"properties":{"comuna":"Cochamó","mancha_id":"10103-88ce859411fffff","clase":"Alto","nivel_medio":2.739,"nivel_medio_min":2.562,"nivel_medio_max":2.922,"pct_alto":75.1,"n_hexagonos":13,"area_ha":835.25}},{"type":"Feature","geometry":{"type":"Polygon","coordinates":[[[-72.006528,-41.990731],[-72.004549,-41.995211],[-71.998854,-41.996356],[-71.995139,-41.99302],[-71.997118,-41.98854],[-71.993404,-41.985205],[-71.995383,-41.980724],[-71.99167,-41.977389],[-71.993649,-41.972909],[-71.999341,-41.971764],[-72.003055,-41.975099],[-72.001076,-41.979579],[-72.004791,-41.982915],[-72.010485,-41.981769],[-72.012463,-41.977288],[-72.008748,-41.973953],[-72.010726,-41.969473],[-72.007011,-41.966138],[-72.008989,-41.961658],[-72.01468,-41.960511],[-72.018395,-41.963846],[-72.024088,-41.962699],[-72.027804,-41.966033],[-72.025827,-41.970514],[-72.029544,-41.973849],[-72.027567,-41.97833],[-72.021873,-41.979477],[-72.019895,-41.983958],[-72.023612,-41.987293],[-72.029307,-41.986147],[-72.033025,-41.989482],[-72.031048,-41.993964],[-72.025352,-41.99511],[-72.021634,-41.991775],[-72.015939,-41.992921],[-72.012222,-41.989585],[-72.006528,-41.990731]]]},"properties":{"comuna":"Cochamó","mancha_id":"10103-88ce859281fffff","clase":"Alto","nivel_medio":2.68,"nivel_medio_min":2.515,"nivel_medio_max":2.792,"pct_alto":62.3,"n_hexagonos":11,"area_ha":706.17}},{"type":"Feature","geometry":{"type":"Polygon","coordinates":[[[-71.999584,-41.959469],[-71.997606,-41.963949],[-71.991915,-41.965095],[-71.988203,-41.96176],[-71.990181,-41.95728],[-71.995872,-41.956135],[-71.999584,-41.959469]]]},"properties":{"comuna":"Cochamó","mancha_id":"10103-88ce8590cbfffff","clase":"Alto","nivel_medio":2.6,"nivel_medio_min":2.6,"nivel_medio_max":2.6,"pct_alto":66.1,"n_hexagonos":1,"area_ha":64.16}},{"type":"Feature","geometry":{"type":"Polygon","coordinates":[[[-71.99265,-41.928216],[-71.990672,-41.932696],[-71.984985,-41.933841],[-71.981275,-41.930508],[-71.983253,-41.926029],[-71.98894,-41.924883],[-71.99265,-41.928216]]]},"properties":{"comuna":"Cochamó","mancha_id":"10103-88ce859087fffff","clase":"Alto","nivel_medio":2.815,"nivel_medio_min":2.815,"nivel_medio_max":2.815,"pct_alto":62.6,"n_hexagonos":1,"area_ha":64.14}},{"type":"Feature","geometry":{"type":"Polygon","coordinates":[[[-71.958862,-41.735251],[-71.95689,-41.739726],[-71.951224,-41.740875],[-71.947532,-41.737549],[-71.949505,-41.733075],[-71.955169,-41.731926],[-71.958862,-41.735251]]]},"properties":{"comuna":"Cochamó","mancha_id":"10103-88ce858f5dfffff","clase":"Alto","nivel_medio":2.67,"nivel_medio_min":2.67,"nivel_medio_max":2.67,"pct_alto":68.6,"n_hexagonos":1,"area_ha":63.98}},{"type":"Feature","geometry":{"type":"Polygon","coordinates":[[[-72.200821,-41.79614],[-72.204544,-41.799465],[-72.210228,-41.798303],[-72.213952,-41.801628],[-72.219636,-41.800466],[-72.223361,-41.80379],[-72.221403,-41.808278],[-72.215718,-41.80944],[-72.211993,-41.806115],[-72.206308,-41.807276],[-72.202584,-41.803951],[-72.196901,-41.805112],[-72.193178,-41.801787],[-72.195138,-41.797301],[-72.200821,-41.79614]]]},"properties":{"comuna":"Cochamó","mancha_id":"10103-88ce8586c1fffff","clase":"Alto","nivel_medio":2.673,"nivel_medio_min":2.626,"nivel_medio_max":2.716,"pct_alto":69.2,"n_hexagonos":3,"area_ha":192.93}},{"type":"Feature","geometry":{"type":"Polygon","coordinates":[[[-72.240978,-41.763405],[-72.239022,-41.767893],[-72.242747,-41.771216],[-72.240791,-41.775703],[-72.235108,-41.776867],[-72.231383,-41.773544],[-72.23334,-41.769057],[-72.229616,-41.765734],[-72.223935,-41.766897],[-72.220212,-41.763574],[-72.214532,-41.764737],[-72.21081,-41.761414],[-72.212768,-41.756928],[-72.218447,-41.755765],[-72.220404,-41.751279],[-72.226083,-41.750115],[-72.22804,-41.745628],[-72.233718,-41.744464],[-72.235674,-41.739977],[-72.241352,-41.738812],[-72.245076,-41.742134],[-72.243121,-41.746621],[-72.237441,-41.747786],[-72.235485,-41.752273],[-72.229806,-41.753437],[-72.227849,-41.757924],[-72.231573,-41.761247],[-72.237253,-41.760083],[-72.239209,-41.755595],[-72.24489,-41.754431],[-72.248615,-41.757753],[-72.246659,-41.762241],[-72.240978,-41.763405]]]},"properties":{"comuna":"Cochamó","mancha_id":"10103-88ce858693fffff","clase":"Alto","nivel_medio":2.687,"nivel_medio_min":2.528,"nivel_medio_max":3.079,"pct_alto":62.8,"n_hexagonos":8,"area_ha":514.48}},{"type":"Feature","geometry":{"type":"Polygon","coordinates":[[[-72.175725,-41.829861],[-72.173763,-41.834347],[-72.168077,-41.835505],[-72.166114,-41.839991],[-72.160428,-41.841149],[-72.156707,-41.837821],[-72.15867,-41.833337],[-72.164355,-41.832178],[-72.166318,-41.827693],[-72.172003,-41.826535],[-72.175725,-41.829861]]]},"properties":{"comuna":"Cochamó","mancha_id":"10103-88ce858651fffff","clase":"Alto","nivel_medio":2.64,"nivel_medio_min":2.554,"nivel_medio_max":2.727,"pct_alto":60.6,"n_hexagonos":2,"area_ha":128.56}},{"type":"Feature","geometry":{"type":"Polygon","coordinates":[[[-72.226274,-41.73782],[-72.224318,-41.742306],[-72.21864,-41.74347],[-72.214919,-41.740148],[-72.216876,-41.735662],[-72.222553,-41.734498],[-72.226274,-41.73782]]]},"properties":{"comuna":"Cochamó","mancha_id":"10103-88ce8584dbfffff","clase":"Alto","nivel_medio":2.759,"nivel_medio_min":2.759,"nivel_medio_max":2.759,"pct_alto":61.4,"n_hexagonos":1,"area_ha":64.29}},{"type":"Feature","geometry":{"type":"Polygon","coordinates":[[[-72.19221,-41.7448],[-72.190252,-41.749284],[-72.184575,-41.750446],[-72.182616,-41.754931],[-72.186334,-41.758254],[-72.192012,-41.757092],[-72.195732,-41.760416],[-72.20141,-41.759253],[-72.205131,-41.762577],[-72.203173,-41.767062],[-72.206894,-41.770386],[-72.212574,-41.769223],[-72.216297,-41.772547],[-72.214339,-41.777033],[-72.218062,-41.780357],[-72.223744,-41.779194],[-72.227469,-41.782518],[-72.225511,-41.787005],[-72.219828,-41.788168],[-72.216104,-41.784843],[-72.210422,-41.786006],[-72.206699,-41.782682],[-72.201018,-41.783843],[-72.197296,-41.780519],[-72.191615,-41.781681],[-72.189655,-41.786166],[-72.183974,-41.787327],[-72.180254,-41.784002],[-72.182214,-41.779517],[-72.178495,-41.776193],[-72.180455,-41.771708],[-72.176736,-41.768385],[-72.178696,-41.7639],[-72.174978,-41.760576],[-72.176938,-41.756092],[-72.173221,-41.752769],[-72.175181,-41.748285],[-72.171464,-41.744962],[-72.165788,-41.746123],[-72.162073,-41.7428],[-72.164033,-41.738316],[-72.169708,-41.737155],[-72.171667,-41.732672],[-72.177342,-41.73151],[-72.181058,-41.734832],[-72.186733,-41.73367],[-72.190451,-41.736992],[-72.196127,-41.73583],[-72.199845,-41.739152],[-72.205522,-41.737989],[-72.209242,-41.741311],[-72.207284,-41.745797],[-72.201607,-41.74696],[-72.197887,-41.743637],[-72.19221,-41.7448]]]},"properties":{"comuna":"Cochamó","mancha_id":"10103-88ce8584c1fffff","clase":"Alto","nivel_medio":2.785,"nivel_medio_min":2.581,"nivel_medio_max":3.026,"pct_alto":74.2,"n_hexagonos":21,"area_ha":1349.58}},{"type":"Feature","geometry":{"type":"Polygon","coordinates":[[[-72.155778,-41.780833],[-72.161457,-41.779674],[-72.163418,-41.775189],[-72.169097,-41.774029],[-72.172815,-41.777354],[-72.170854,-41.781838],[-72.174573,-41.785163],[-72.172612,-41.789648],[-72.176332,-41.792972],[-72.174371,-41.797457],[-72.168689,-41.798617],[-72.166727,-41.803102],[-72.170447,-41.806427],[-72.168485,-41.810912],[-72.162803,-41.812071],[-72.16084,-41.816556],[-72.155157,-41.817714],[-72.151438,-41.814388],[-72.153401,-41.809904],[-72.149682,-41.806578],[-72.151646,-41.802094],[-72.147928,-41.798768],[-72.149891,-41.794284],[-72.155571,-41.793126],[-72.157533,-41.788642],[-72.153816,-41.785317],[-72.155778,-41.780833]]]},"properties":{"comuna":"Cochamó","mancha_id":"10103-88ce858459fffff","clase":"Alto","nivel_medio":2.71,"nivel_medio_min":2.531,"nivel_medio_max":2.92,"pct_alto":66.0,"n_hexagonos":10,"area_ha":642.54}},{"type":"Feature","geometry":{"type":"Polygon","coordinates":[[[-72.146383,-41.778667],[-72.14442,-41.783151],[-72.138741,-41.784309],[-72.135026,-41.780984],[-72.136989,-41.776501],[-72.142667,-41.775343],[-72.144629,-41.770859],[-72.150307,-41.7697],[-72.154023,-41.773025],[-72.152061,-41.777508],[-72.146383,-41.778667]]]},"properties":{"comuna":"Cochamó","mancha_id":"10103-88ce858443fffff","clase":"Alto","nivel_medio":2.542,"nivel_medio_min":2.522,"nivel_medio_max":2.563,"pct_alto":56.8,"n_hexagonos":2,"area_ha":128.44}},{"type":"Feature","geometry":{"type":"Polygon","coordinates":[[[-71.904715,-41.892899],[-71.902734,-41.897374],[-71.897054,-41.898515],[-71.893357,-41.895182],[-71.895339,-41.890708],[-71.901018,-41.889566],[-71.904715,-41.892899]]]},"properties":{"comuna":"Cochamó","mancha_id":"10103-88ce85834dfffff","clase":"Alto","nivel_medio":2.806,"nivel_medio_min":2.806,"nivel_medio_max":2.806,"pct_alto":83.9,"n_hexagonos":1,"area_ha":64.01}},{"type":"Feature","geometry":{"type":"Polygon","coordinates":[[[-71.989921,-41.875727],[-71.987946,-41.880206],[-71.982264,-41.881353],[-71.978559,-41.878021],[-71.980535,-41.873544],[-71.986216,-41.872397],[-71.988191,-41.867919],[-71.984486,-41.864588],[-71.986462,-41.860111],[-71.992141,-41.858963],[-71.995847,-41.862293],[-71.993872,-41.866771],[-71.997578,-41.870101],[-71.995603,-41.87458],[-71.989921,-41.875727]]]},"properties":{"comuna":"Cochamó","mancha_id":"10103-88ce858203fffff","clase":"Alto","nivel_medio":2.63,"nivel_medio_min":2.532,"nivel_medio_max":2.704,"pct_alto":70.3,"n_hexagonos":3,"area_ha":192.3}},{"type":"Feature","geometry":{"type":"Polygon","coordinates":[[[-71.936123,-41.833581],[-71.934145,-41.838056],[-71.928471,-41.839201],[-71.924774,-41.835871],[-71.926752,-41.831397],[-71.932426,-41.830252],[-71.936123,-41.833581]]]},"properties":{"comuna":"Cochamó","mancha_id":"10103-88ce858065fffff","clase":"Alto","nivel_medio":2.551,"nivel_medio_min":2.551,"nivel_medio_max":2.551,"pct_alto":75.6,"n_hexagonos":1,"area_ha":64.01}},{"type":"Feature","geometry":{"type":"Polygon","coordinates":[[[-72.151485,-41.365781],[-72.149538,-41.370257],[-72.143903,-41.371427],[-72.140216,-41.36812],[-72.142164,-41.363644],[-72.147798,-41.362474],[-72.151485,-41.365781]]]},"properties":{"comuna":"Cochamó","mancha_id":"10103-88ce853361fffff","clase":"Alto","nivel_medio":2.574,"nivel_medio_min":2.574,"nivel_medio_max":2.574,"pct_alto":62.0,"n_hexagonos":1,"area_ha":63.96}},{"type":"Feature","geometry":{"type":"Polygon","coordinates":[[[-72.046521,-41.354974],[-72.043187,-41.355663],[-72.042836,-41.355348],[-72.04348,-41.35517],[-72.045018,-41.354947],[-72.046291,-41.354947],[-72.046521,-41.354974]]]},"properties":{"comuna":"Cochamó","mancha_id":"10103-88ce8505cbfffff","clase":"Alto","nivel_medio":2.908,"nivel_medio_min":2.908,"nivel_medio_max":2.908,"pct_alto":90.8,"n_hexagonos":1,"area_ha":0.98}},{"type":"Feature","geometry":{"type":"Polygon","coordinates":[[[-71.984706,-41.384004],[-71.988377,-41.387314],[-71.994007,-41.386153],[-71.995964,-41.381683],[-72.001593,-41.380522],[-72.005267,-41.383831],[-72.00331,-41.388302],[-71.99768,-41.389463],[-71.995722,-41.393933],[-71.990092,-41.395093],[-71.98642,-41.391783],[-71.98079,-41.392943],[-71.977119,-41.389633],[-71.979077,-41.385164],[-71.975406,-41.381855],[-71.976005,-41.380489],[-71.976838,-41.380267],[-71.978421,-41.379592],[-71.980005,-41.378839],[-71.98153,-41.37836],[-71.98393,-41.37831],[-71.984833,-41.378657],[-71.985538,-41.378723],[-71.985742,-41.378705],[-71.986663,-41.379535],[-71.984706,-41.384004]]]},"properties":{"comuna":"Cochamó","mancha_id":"10103-88ce850541fffff","clase":"Alto","nivel_medio":2.751,"nivel_medio_min":2.557,"nivel_medio_max":2.859,"pct_alto":76.9,"n_hexagonos":4,"area_ha":239.68}},{"type":"Feature","geometry":{"type":"Polygon","coordinates":[[[-72.001426,-41.369204],[-71.999877,-41.372744],[-71.994788,-41.373794],[-71.994789,-41.373751],[-71.995113,-41.373102],[-71.995684,-41.372661],[-71.996775,-41.372401],[-71.99964,-41.37196],[-72.0,-41.371551],[-72.000279,-41.371233],[-72.000747,-41.370506],[-72.001154,-41.369569],[-72.00124,-41.36937],[-72.001426,-41.369204]]]},"properties":{"comuna":"Cochamó","mancha_id":"10103-88ce85050bfffff","clase":"Alto","nivel_medio":2.581,"nivel_medio_min":2.581,"nivel_medio_max":2.581,"pct_alto":63.5,"n_hexagonos":1,"area_ha":4.75}},{"type":"Feature","geometry":{"type":"Polygon","coordinates":[[[-72.076962,-41.348673],[-72.075011,-41.353145],[-72.069381,-41.354311],[-72.065703,-41.351004],[-72.067655,-41.346532],[-72.073284,-41.345366],[-72.076962,-41.348673]]]},"properties":{"comuna":"Cochamó","mancha_id":"10103-88ce8504e5fffff","clase":"Alto","nivel_medio":2.634,"nivel_medio_min":2.634,"nivel_medio_max":2.634,"pct_alto":74.2,"n_hexagonos":1,"area_ha":63.86}},{"type":"Feature","geometry":{"type":"Polygon","coordinates":[[[-72.082813,-41.335254],[-72.080863,-41.339727],[-72.075234,-41.340893],[-72.071557,-41.337587],[-72.073507,-41.333115],[-72.079135,-41.331948],[-72.082813,-41.335254]]]},"properties":{"comuna":"Cochamó","mancha_id":"10103-88ce8504adfffff","clase":"Alto","nivel_medio":2.588,"nivel_medio_min":2.588,"nivel_medio_max":2.588,"pct_alto":69.7,"n_hexagonos":1,"area_ha":63.86}},{"type":"Feature","geometry":{"type":"Polygon","coordinates":[[[-72.127634,-41.338163],[-72.133264,-41.336994],[-72.134791,-41.333485],[-72.13654,-41.33399],[-72.137022,-41.334374],[-72.13717,-41.33493],[-72.13754,-41.33689],[-72.136514,-41.338753],[-72.13621,-41.3396],[-72.136209,-41.339636],[-72.136184,-41.340629],[-72.136241,-41.341575],[-72.13592,-41.342359],[-72.135753,-41.342895],[-72.135765,-41.343019],[-72.135001,-41.344774],[-72.12937,-41.345944],[-72.127422,-41.350419],[-72.12179,-41.351588],[-72.118107,-41.348281],[-72.120055,-41.343807],[-72.125686,-41.342638],[-72.127634,-41.338163]]]},"properties":{"comuna":"Cochamó","mancha_id":"10103-88ce850499fffff","clase":"Alto","nivel_medio":2.671,"nivel_medio_min":2.555,"nivel_medio_max":2.806,"pct_alto":75.1,"n_hexagonos":3,"area_ha":141.67}},{"type":"Feature","geometry":{"type":"Polygon","coordinates":[[[-72.035605,-41.361299],[-72.033651,-41.36577],[-72.029919,-41.366541],[-72.030053,-41.366004],[-72.02997,-41.365195],[-72.029958,-41.36364],[-72.03026,-41.362682],[-72.03074,-41.36169],[-72.033196,-41.359131],[-72.035605,-41.361299]]]},"properties":{"comuna":"Cochamó","mancha_id":"10103-88ce850427fffff","clase":"Alto","nivel_medio":2.558,"nivel_medio_min":2.558,"nivel_medio_max":2.558,"pct_alto":81.6,"n_hexagonos":1,"area_ha":24.19}},{"type":"Feature","geometry":{"type":"Polygon","coordinates":[[[-72.326268,-41.478472],[-72.32794,-41.479962],[-72.326111,-41.484189],[-72.32608,-41.48415],[-72.32592,-41.48379],[-72.32601,-41.48347],[-72.3263,-41.48312],[-72.32637,-41.48286],[-72.32637,-41.48268],[-72.32683,-41.48214],[-72.32727,-41.48142],[-72.32741,-41.48082],[-72.32741,-41.4804],[-72.32725,-41.48009],[-72.32608,-41.47868],[-72.326268,-41.478472]]]},"properties":{"comuna":"Cochamó","mancha_id":"10103-88ce85a1bdfffff","clase":"Muy Alto","nivel_medio":3.524,"nivel_medio_min":3.524,"nivel_medio_max":3.524,"pct_alto":90.1,"n_hexagonos":1,"area_ha":1.78}},{"type":"Feature","geometry":{"type":"Polygon","coordinates":[[[-71.983253,-41.926029],[-71.981275,-41.930508],[-71.975589,-41.931653],[-71.971881,-41.92832],[-71.973859,-41.923842],[-71.979545,-41.922696],[-71.983253,-41.926029]]]},"properties":{"comuna":"Cochamó","mancha_id":"10103-88ce8590abfffff","clase":"Muy Alto","nivel_medio":3.548,"nivel_medio_min":3.548,"nivel_medio_max":3.548,"pct_alto":94.1,"n_hexagonos":1,"area_ha":64.12}}],"bbox":[-72.64889,-42.19029,-71.72447,-41.31488]}