{"type":"FeatureCollection","features":[{"type":"Feature","geometry":{"type":"Polygon","coordinates":[[[-73.236988,-41.591373],[-73.237268,-41.591313],[-73.237894,-41.591854],[-73.23701,-41.59139],[-73.237,-41.59138],[-73.236988,-41.591373]]]},"properties":{"comuna":"Maullín","mancha_id":"10108-88ceae2d0bfffff","clase":"Muy Bajo","nivel_medio":0.0,"nivel_medio_min":0.0,"nivel_medio_max":0.0,"pct_alto":0.0,"n_hexagonos":1,"area_ha":0.09}},{"type":"Feature","geometry":{"type":"Polygon","coordinates":[[[-73.272448,-41.615556],[-73.273549,-41.616507],[-73.273481,-41.616672],[-73.272448,-41.615556]]]},"properties":{"comuna":"Maullín","mancha_id":"10108-88ceae2c61fffff","clase":"Muy Bajo","nivel_medio":0.118,"nivel_medio_min":0.118,"nivel_medio_max":0.118,"pct_alto":0.0,"n_hexagonos":1,"area_ha":0.11}},{"type":"Feature","geometry":{"type":"Polygon","coordinates":[[[-73.39423,-41.7454],[-73.392758,-41.743857],[-73.395332,-41.74607],[-73.394804,-41.74607],[-73.39423,-41.7454]]]},"properties":{"comuna":"Maullín","mancha_id":"10108-88ceae2743fffff","clase":"Muy Bajo","nivel_medio":0.069,"nivel_medio_min":0.069,"nivel_medio_max":0.069,"pct_alto":0.9,"n_hexagonos":1,"area_ha":0.49}},{"type":"Feature","geometry":{"type":"Polygon","coordinates":[[[-73.6895,-41.69104],[-73.689648,-41.690639],[-73.690828,-41.691645],[-73.689687,-41.694431],[-73.68967,-41.69438],[-73.68957,-41.69327],[-73.68974,-41.69253],[-73.68948,-41.69141],[-73.6895,-41.69104]]]},"properties":{"comuna":"Maullín","mancha_id":"10108-88cea8cd05fffff","clase":"Muy Bajo","nivel_medio":0.423,"nivel_medio_min":0.423,"nivel_medio_max":0.423,"pct_alto":0.8,"n_hexagonos":1,"area_ha":2.26}},{"type":"Feature","geometry":{"type":"Polygon","coordinates":[[[-73.683227,-41.697441],[-73.679354,-41.694141],[-73.681218,-41.689593],[-73.677346,-41.686293],[-73.67921,-41.681745],[-73.684946,-41.680497],[-73.685484,-41.680956],[-73.68525,-41.6815],[-73.68453,-41.6826],[-73.68427,-41.6833],[-73.68414,-41.68455],[-73.6839,-41.68552],[-73.68387,-41.68724],[-73.68368,-41.68863],[-73.683623,-41.68907],[-73.6835,-41.69002],[-73.68355,-41.69078],[-73.68339,-41.69262],[-73.68348,-41.69318],[-73.68372,-41.69357],[-73.68465,-41.69453],[-73.6851,-41.69489],[-73.68673,-41.69583],[-73.6871,-41.69596],[-73.68877,-41.69588],[-73.689059,-41.695962],[-73.688965,-41.696193],[-73.683227,-41.697441]]]},"properties":{"comuna":"Maullín","mancha_id":"10108-88cea8cd05fffff-2","clase":"Muy Bajo","nivel_medio":0.19,"nivel_medio_min":0.03,"nivel_medio_max":0.423,"pct_alto":0.3,"n_hexagonos":2,"area_ha":70.56}},{"type":"Feature","geometry":{"type":"Polygon","coordinates":[[[-73.506045,-41.582835],[-73.507916,-41.578297],[-73.50407,-41.574999],[-73.505074,-41.572563],[-73.50545,-41.5734],[-73.50583,-41.57368],[-73.50636,-41.57392],[-73.50662,-41.57414],[-73.5069,-41.57481],[-73.50825,-41.57709],[-73.50836,-41.5778],[-73.508241,-41.578226],[-73.50809,-41.57877],[-73.50806,-41.57924],[-73.50794,-41.57935],[-73.50721,-41.58284],[-73.50743,-41.5834],[-73.507568,-41.584141],[-73.506045,-41.582835]]]},"properties":{"comuna":"Maullín","mancha_id":"10108-88cea85a13fffff","clase":"Muy Bajo","nivel_medio":0.002,"nivel_medio_min":0.0,"nivel_medio_max":0.007,"pct_alto":0.1,"n_hexagonos":2,"area_ha":12.83}},{"type":"Feature","geometry":{"type":"Polygon","coordinates":[[[-73.41548,-41.50433],[-73.41532,-41.50448],[-73.414921,-41.504573],[-73.413914,-41.503707],[-73.41431,-41.502749],[-73.41485,-41.50268],[-73.41532,-41.50256],[-73.41559,-41.50251],[-73.41586,-41.50256],[-73.41598,-41.50278],[-73.41585,-41.50317],[-73.41549,-41.50355],[-73.41526,-41.50375],[-73.41526,-41.50385],[-73.41524,-41.50402],[-73.41538,-41.50417],[-73.41548,-41.50433]]]},"properties":{"comuna":"Maullín","mancha_id":"10108-88cea859edfffff","clase":"Muy Bajo","nivel_medio":0.015,"nivel_medio_min":0.015,"nivel_medio_max":0.015,"pct_alto":0.0,"n_hexagonos":1,"area_ha":2.35}},{"type":"Feature","geometry":{"type":"Polygon","coordinates":[[[-73.42226,-41.5048],[-73.42358,-41.50466],[-73.423917,-41.504639],[-73.423452,-41.505765],[-73.419402,-41.506644],[-73.41863,-41.5063],[-73.41853,-41.50618],[-73.41856,-41.50611],[-73.41896,-41.50587],[-73.41978,-41.50559],[-73.42015,-41.50541],[-73.42093,-41.50511],[-73.42226,-41.5048]]]},"properties":{"comuna":"Maullín","mancha_id":"10108-88cea859edfffff-2","clase":"Muy Bajo","nivel_medio":0.015,"nivel_medio_min":0.015,"nivel_medio_max":0.015,"pct_alto":0.0,"n_hexagonos":1,"area_ha":4.96}},{"type":"Feature","geometry":{"type":"Polygon","coordinates":[[[-73.4179,-41.5069],[-73.418144,-41.506917],[-73.417746,-41.507003],[-73.417635,-41.506907],[-73.4179,-41.5069]]]},"properties":{"comuna":"Maullín","mancha_id":"10108-88cea859edfffff-3","clase":"Muy Bajo","nivel_medio":0.015,"nivel_medio_min":0.015,"nivel_medio_max":0.015,"pct_alto":0.0,"n_hexagonos":1,"area_ha":0.02}},{"type":"Feature","geometry":{"type":"Polygon","coordinates":[[[-73.446367,-41.513176],[-73.442532,-41.509881],[-73.443034,-41.508665],[-73.44341,-41.50881],[-73.44378,-41.50902],[-73.44472,-41.50935],[-73.44547,-41.50968],[-73.44708,-41.51048],[-73.44887,-41.51135],[-73.44899,-41.51146],[-73.450711,-41.512234],[-73.446367,-41.513176]]]},"properties":{"comuna":"Maullín","mancha_id":"10108-88cea859c1fffff","clase":"Muy Bajo","nivel_medio":0.193,"nivel_medio_min":0.193,"nivel_medio_max":0.193,"pct_alto":0.0,"n_hexagonos":1,"area_ha":13.79}},{"type":"Feature","geometry":{"type":"Polygon","coordinates":[[[-73.454038,-41.519769],[-73.455911,-41.515233],[-73.455447,-41.514835],[-73.456237,-41.515162],[-73.45628,-41.51518],[-73.45684,-41.51548],[-73.45808,-41.51623],[-73.45883,-41.51684],[-73.45934,-41.51732],[-73.45951,-41.51758],[-73.45953,-41.51795],[-73.4595,-41.51801],[-73.45939,-41.51803],[-73.45927,-41.51811],[-73.45869,-41.51813],[-73.45813,-41.51803],[-73.45785,-41.51801],[-73.45709,-41.51803],[-73.4569,-41.5181],[-73.45671,-41.51822],[-73.45595,-41.51889],[-73.45543,-41.51914],[-73.45487,-41.51945],[-73.45466,-41.51963],[-73.45447,-41.51985],[-73.45454,-41.52008],[-73.45454,-41.5201],[-73.45532,-41.51962],[-73.45532,-41.51957],[-73.45555,-41.51949],[-73.45636,-41.51899],[-73.45698,-41.51867],[-73.45723,-41.5186],[-73.45761,-41.51863],[-73.45817,-41.51882],[-73.45851,-41.51902],[-73.4587,-41.51908],[-73.45884,-41.51919],[-73.45954,-41.51953],[-73.46038,-41.52002],[-73.46056,-41.52009],[-73.4616,-41.52079],[-73.46342,-41.52168],[-73.4636,-41.521789],[-73.463585,-41.521825],[-73.457875,-41.523065],[-73.454038,-41.519769]]]},"properties":{"comuna":"Maullín","mancha_id":"10108-88cea85835fffff","clase":"Muy Bajo","nivel_medio":0.19,"nivel_medio_min":0.0,"nivel_medio_max":0.19,"pct_alto":0.0,"n_hexagonos":2,"area_ha":29.75}},{"type":"Feature","geometry":{"type":"Polygon","coordinates":[[[-73.486933,-41.529144],[-73.486523,-41.529233],[-73.483835,-41.526926],[-73.48417,-41.52706],[-73.4848,-41.52741],[-73.4854,-41.52784],[-73.48683,-41.52907],[-73.486933,-41.529144]]]},"properties":{"comuna":"Maullín","mancha_id":"10108-88cea85817fffff","clase":"Muy Bajo","nivel_medio":0.048,"nivel_medio_min":0.048,"nivel_medio_max":0.048,"pct_alto":0.0,"n_hexagonos":1,"area_ha":0.91}},{"type":"Feature","geometry":{"type":"Polygon","coordinates":[[[-73.569658,-41.643457],[-73.567789,-41.647999],[-73.562061,-41.649241],[-73.558204,-41.645941],[-73.552478,-41.647183],[-73.548622,-41.643883],[-73.550493,-41.639341],[-73.556219,-41.6381],[-73.560075,-41.641399],[-73.565801,-41.640157],[-73.56767,-41.635615],[-73.573396,-41.634372],[-73.577254,-41.637671],[-73.575385,-41.642214],[-73.569658,-41.643457]]]},"properties":{"comuna":"Maullín","mancha_id":"10108-88cea85331fffff","clase":"Muy Bajo","nivel_medio":0.23,"nivel_medio_min":0.04,"nivel_medio_max":0.43,"pct_alto":0.0,"n_hexagonos":3,"area_ha":197.27}},{"type":"Feature","geometry":{"type":"Polygon","coordinates":[[[-73.535299,-41.650906],[-73.533427,-41.655447],[-73.5277,-41.656687],[-73.523846,-41.653386],[-73.525719,-41.648846],[-73.531444,-41.647605],[-73.533316,-41.643065],[-73.539042,-41.641824],[-73.542896,-41.645124],[-73.541025,-41.649665],[-73.535299,-41.650906]]]},"properties":{"comuna":"Maullín","mancha_id":"10108-88cea85325fffff","clase":"Muy Bajo","nivel_medio":0.23,"nivel_medio_min":0.074,"nivel_medio_max":0.386,"pct_alto":1.3,"n_hexagonos":2,"area_ha":131.45}},{"type":"Feature","geometry":{"type":"Polygon","coordinates":[[[-73.667597,-41.671847],[-73.663728,-41.668547],[-73.664797,-41.66594],[-73.66987,-41.66635],[-73.67024,-41.66637],[-73.6719,-41.66681],[-73.67412,-41.66727],[-73.674619,-41.667457],[-73.673331,-41.670599],[-73.667597,-41.671847]]]},"properties":{"comuna":"Maullín","mancha_id":"10108-88cea852cdfffff","clase":"Muy Bajo","nivel_medio":0.235,"nivel_medio_min":0.235,"nivel_medio_max":0.235,"pct_alto":1.0,"n_hexagonos":1,"area_ha":40.63}},{"type":"Feature","geometry":{"type":"Polygon","coordinates":[[[-73.620422,-41.557954],[-73.616566,-41.554659],[-73.617118,-41.553313],[-73.617395,-41.553405],[-73.617705,-41.553584],[-73.618222,-41.554101],[-73.620509,-41.55723],[-73.62069,-41.55756],[-73.620804,-41.557871],[-73.620422,-41.557954]]]},"properties":{"comuna":"Maullín","mancha_id":"10108-88cea85197fffff","clase":"Muy Bajo","nivel_medio":0.003,"nivel_medio_min":0.003,"nivel_medio_max":0.003,"pct_alto":0.0,"n_hexagonos":1,"area_ha":5.53}},{"type":"Feature","geometry":{"type":"Polygon","coordinates":[[[-73.631577,-41.559657],[-73.63,-41.560001],[-73.629464,-41.559544],[-73.629776,-41.559596],[-73.63099,-41.559645],[-73.631577,-41.559657]]]},"properties":{"comuna":"Maullín","mancha_id":"10108-88cea85193fffff","clase":"Muy Bajo","nivel_medio":0.0,"nivel_medio_min":0.0,"nivel_medio_max":0.0,"pct_alto":0.0,"n_hexagonos":1,"area_ha":0.38}},{"type":"Feature","geometry":{"type":"Polygon","coordinates":[[[-73.541769,-41.591614],[-73.544316,-41.591061],[-73.545001,-41.591648],[-73.54465,-41.59163],[-73.541769,-41.591614]]]},"properties":{"comuna":"Maullín","mancha_id":"10108-88cea8513dfffff","clase":"Muy Bajo","nivel_medio":0.0,"nivel_medio_min":0.0,"nivel_medio_max":0.0,"pct_alto":0.0,"n_hexagonos":1,"area_ha":0.85}},{"type":"Feature","geometry":{"type":"Polygon","coordinates":[[[-73.53534,-41.60541],[-73.535344,-41.605412],[-73.535006,-41.605485],[-73.53506,-41.60541],[-73.53534,-41.60541]]]},"properties":{"comuna":"Maullín","mancha_id":"10108-88cea8512bfffff","clase":"Muy Bajo","nivel_medio":0.0,"nivel_medio_min":0.0,"nivel_medio_max":0.0,"pct_alto":0.0,"n_hexagonos":1,"area_ha":0.01}},{"type":"Feature","geometry":{"type":"Polygon","coordinates":[[[-73.571251,-41.614116],[-73.571317,-41.614142],[-73.57254,-41.61464],[-73.57404,-41.61575],[-73.57465,-41.61629],[-73.57491,-41.61673],[-73.57776,-41.6168],[-73.5785,-41.61682],[-73.580431,-41.61727],[-73.579002,-41.620745],[-73.573277,-41.621989],[-73.569421,-41.61869],[-73.571289,-41.614148],[-73.571251,-41.614116]]]},"properties":{"comuna":"Maullín","mancha_id":"10108-88cea85119fffff","clase":"Muy Bajo","nivel_medio":0.482,"nivel_medio_min":0.0,"nivel_medio_max":0.482,"pct_alto":0.0,"n_hexagonos":2,"area_ha":45.6}},{"type":"Feature","geometry":{"type":"Polygon","coordinates":[[[-73.57066,-41.59797],[-73.57033,-41.597813],[-73.57007,-41.59769],[-73.56981,-41.59749],[-73.56963,-41.59721],[-73.5687,-41.59635],[-73.56804,-41.59628],[-73.56592,-41.59548],[-73.56457,-41.59514],[-73.56376,-41.59466],[-73.563669,-41.594669],[-73.56533,-41.59063],[-73.571051,-41.589386],[-73.574905,-41.592683],[-73.573038,-41.597225],[-73.576238,-41.599962],[-73.57543,-41.6],[-73.57461,-41.59927],[-73.57426,-41.59906],[-73.57318,-41.59876],[-73.57174,-41.59819],[-73.57066,-41.59797]]]},"properties":{"comuna":"Maullín","mancha_id":"10108-88cea85111fffff","clase":"Muy Bajo","nivel_medio":0.292,"nivel_medio_min":0.0,"nivel_medio_max":0.313,"pct_alto":0.2,"n_hexagonos":2,"area_ha":60.62}},{"type":"Feature","geometry":{"type":"Polygon","coordinates":[[[-73.576843,-41.600644],[-73.576412,-41.600111],[-73.576893,-41.600522],[-73.576843,-41.600644]]]},"properties":{"comuna":"Maullín","mancha_id":"10108-88cea85111fffff-2","clase":"Muy Bajo","nivel_medio":0.0,"nivel_medio_min":0.0,"nivel_medio_max":0.0,"pct_alto":0.0,"n_hexagonos":1,"area_ha":0.04}},{"type":"Feature","geometry":{"type":"Polygon","coordinates":[[[-73.613353,-41.613277],[-73.607628,-41.614522],[-73.607106,-41.614077],[-73.60713,-41.61408],[-73.60792,-41.61387],[-73.60859,-41.61336],[-73.60886,-41.61326],[-73.6103,-41.61331],[-73.6104,-41.61331],[-73.61168,-41.61285],[-73.613623,-41.612619],[-73.613353,-41.613277]]]},"properties":{"comuna":"Maullín","mancha_id":"10108-88cea8503dfffff","clase":"Muy Bajo","nivel_medio":0.002,"nivel_medio_min":0.002,"nivel_medio_max":0.002,"pct_alto":0.1,"n_hexagonos":1,"area_ha":4.16}},{"type":"Feature","geometry":{"type":"Polygon","coordinates":[[[-73.596814,-41.615461],[-73.596177,-41.617012],[-73.593214,-41.617657],[-73.59324,-41.61744],[-73.59315,-41.61619],[-73.59327,-41.61598],[-73.59339,-41.61577],[-73.59375,-41.61547],[-73.59434,-41.61535],[-73.5945,-41.61532],[-73.59505,-41.61535],[-73.59579,-41.6155],[-73.59672,-41.6155],[-73.596814,-41.615461]]]},"properties":{"comuna":"Maullín","mancha_id":"10108-88cea85021fffff","clase":"Muy Bajo","nivel_medio":0.279,"nivel_medio_min":0.279,"nivel_medio_max":0.279,"pct_alto":5.9,"n_hexagonos":1,"area_ha":5.59}},{"type":"Feature","geometry":{"type":"Polygon","coordinates":[[[-73.694816,-41.503411],[-73.694349,-41.504553],[-73.694231,-41.504579],[-73.694331,-41.504193],[-73.694443,-41.503836],[-73.694791,-41.50343],[-73.694816,-41.503411]]]},"properties":{"comuna":"Maullín","mancha_id":"10108-88cea842ebfffff","clase":"Muy Bajo","nivel_medio":0.0,"nivel_medio_min":0.0,"nivel_medio_max":0.0,"pct_alto":0.0,"n_hexagonos":1,"area_ha":0.15}},{"type":"Feature","geometry":{"type":"Polygon","coordinates":[[[-73.641545,-41.561619],[-73.639579,-41.562048],[-73.637454,-41.560233],[-73.63772,-41.560307],[-73.639264,-41.560785],[-73.64127,-41.561537],[-73.641545,-41.561619]]]},"properties":{"comuna":"Maullín","mancha_id":"10108-88cea8424dfffff","clase":"Muy Bajo","nivel_medio":0.0,"nivel_medio_min":0.0,"nivel_medio_max":0.0,"pct_alto":0.0,"n_hexagonos":1,"area_ha":2.18}},{"type":"Feature","geometry":{"type":"Polygon","coordinates":[[[-73.683059,-41.519441],[-73.681201,-41.523986],[-73.685062,-41.527279],[-73.683204,-41.531824],[-73.677484,-41.533076],[-73.675625,-41.537621],[-73.669905,-41.538872],[-73.668046,-41.543417],[-73.671907,-41.546711],[-73.670047,-41.551256],[-73.673909,-41.55455],[-73.672049,-41.559095],[-73.675911,-41.56239],[-73.674051,-41.566935],[-73.677915,-41.57023],[-73.676055,-41.574776],[-73.67033,-41.576026],[-73.66847,-41.580571],[-73.662745,-41.581821],[-73.658883,-41.578525],[-73.660744,-41.57398],[-73.656882,-41.570685],[-73.651159,-41.571934],[-73.647299,-41.568639],[-73.649161,-41.564095],[-73.64867,-41.563676],[-73.649397,-41.563616],[-73.651132,-41.562982],[-73.653124,-41.562128],[-73.654889,-41.561046],[-73.655926,-41.560297],[-73.656939,-41.559566],[-73.659252,-41.557753],[-73.659522,-41.557541],[-73.66155,-41.555581],[-73.662184,-41.5542],[-73.662744,-41.552294],[-73.663014,-41.551387],[-73.663757,-41.548888],[-73.665282,-41.544021],[-73.665414,-41.543598],[-73.666284,-41.541153],[-73.667936,-41.537935],[-73.668188,-41.537407],[-73.669159,-41.535377],[-73.670049,-41.533487],[-73.670803,-41.531913],[-73.672225,-41.530838],[-73.673324,-41.530014],[-73.673551,-41.529798],[-73.673659,-41.529697],[-73.674443,-41.528954],[-73.675208,-41.52758],[-73.675679,-41.526677],[-73.67619,-41.525814],[-73.676635,-41.524986],[-73.676739,-41.524793],[-73.676837,-41.523949],[-73.676916,-41.523282],[-73.676955,-41.522614],[-73.676877,-41.521927],[-73.676877,-41.521181],[-73.677073,-41.520651],[-73.677505,-41.5202],[-73.677877,-41.519851],[-73.678844,-41.519633],[-73.680185,-41.519486],[-73.68143,-41.51922],[-73.68246,-41.51893],[-73.688976,-41.517097],[-73.689299,-41.516915],[-73.688778,-41.518189],[-73.683059,-41.519441]]]},"properties":{"comuna":"Maullín","mancha_id":"10108-88cea84211fffff","clase":"Muy Bajo","nivel_medio":0.09,"nivel_medio_min":0.0,"nivel_medio_max":0.425,"pct_alto":1.2,"n_hexagonos":16,"area_ha":674.35}},{"type":"Feature","geometry":{"type":"Polygon","coordinates":[[[-73.388106,-41.641384],[-73.386225,-41.645918],[-73.380506,-41.64715],[-73.376668,-41.643848],[-73.37855,-41.639314],[-73.384268,-41.638082],[-73.388106,-41.641384]]]},"properties":{"comuna":"Maullín","mancha_id":"10108-88ceae2ed9fffff","clase":"Bajo","nivel_medio":1.356,"nivel_medio_min":1.356,"nivel_medio_max":1.356,"pct_alto":5.0,"n_hexagonos":1,"area_ha":65.55}},{"type":"Feature","geometry":{"type":"Polygon","coordinates":[[[-73.368995,-41.637243],[-73.367113,-41.641777],[-73.361395,-41.643008],[-73.35756,-41.639705],[-73.359443,-41.635172],[-73.36516,-41.633941],[-73.367042,-41.629407],[-73.372758,-41.628176],[-73.376594,-41.631478],[-73.374713,-41.636011],[-73.368995,-41.637243]]]},"properties":{"comuna":"Maullín","mancha_id":"10108-88ceae2ec3fffff","clase":"Bajo","nivel_medio":1.352,"nivel_medio_min":1.343,"nivel_medio_max":1.361,"pct_alto":4.1,"n_hexagonos":2,"area_ha":131.06}},{"type":"Feature","geometry":{"type":"Polygon","coordinates":[[[-73.376373,-41.594372],[-73.374493,-41.598906],[-73.368779,-41.600138],[-73.364946,-41.596837],[-73.366826,-41.592305],[-73.372539,-41.591072],[-73.376373,-41.594372]]]},"properties":{"comuna":"Maullín","mancha_id":"10108-88ceae2eb3fffff","clase":"Bajo","nivel_medio":1.167,"nivel_medio_min":1.167,"nivel_medio_max":1.167,"pct_alto":3.0,"n_hexagonos":1,"area_ha":65.51}},{"type":"Feature","geometry":{"type":"Polygon","coordinates":[[[-73.399386,-41.614176],[-73.397506,-41.618711],[-73.39179,-41.619944],[-73.387953,-41.616643],[-73.389833,-41.612109],[-73.395549,-41.610875],[-73.399386,-41.614176]]]},"properties":{"comuna":"Maullín","mancha_id":"10108-88ceae2e9bfffff","clase":"Bajo","nivel_medio":1.483,"nivel_medio_min":1.483,"nivel_medio_max":1.483,"pct_alto":1.8,"n_hexagonos":1,"area_ha":65.55}},{"type":"Feature","geometry":{"type":"Polygon","coordinates":[[[-73.315117,-41.541577],[-73.309412,-41.542808],[-73.308316,-41.541862],[-73.30849,-41.54143],[-73.30858,-41.54117],[-73.30869,-41.54078],[-73.30889,-41.54014],[-73.30897,-41.53991],[-73.3091,-41.53961],[-73.30928,-41.53927],[-73.30945,-41.53909],[-73.30971,-41.53883],[-73.31003,-41.53857],[-73.31033,-41.53833],[-73.31071,-41.538],[-73.31099,-41.53773],[-73.31123,-41.5375],[-73.31146,-41.53727],[-73.31169,-41.53703],[-73.31203,-41.5366],[-73.31231,-41.53626],[-73.31261,-41.53587],[-73.31281,-41.53567],[-73.31305,-41.53542],[-73.31326,-41.53522],[-73.31351,-41.53494],[-73.31369,-41.53479],[-73.31382,-41.53468],[-73.31397,-41.53459],[-73.314098,-41.534544],[-73.316999,-41.537048],[-73.315117,-41.541577]]]},"properties":{"comuna":"Maullín","mancha_id":"10108-88ceae2d93fffff","clase":"Bajo","nivel_medio":1.453,"nivel_medio_min":1.453,"nivel_medio_max":1.453,"pct_alto":0.0,"n_hexagonos":1,"area_ha":37.45}},{"type":"Feature","geometry":{"type":"Polygon","coordinates":[[[-73.370514,-41.570874],[-73.368635,-41.575406],[-73.362924,-41.576639],[-73.359093,-41.573339],[-73.360973,-41.568807],[-73.366683,-41.567574],[-73.370514,-41.570874]]]},"properties":{"comuna":"Maullín","mancha_id":"10108-88ceae2cd7fffff","clase":"Bajo","nivel_medio":1.353,"nivel_medio_min":1.353,"nivel_medio_max":1.353,"pct_alto":4.9,"n_hexagonos":1,"area_ha":65.49}},{"type":"Feature","geometry":{"type":"Polygon","coordinates":[[[-73.345791,-41.580335],[-73.34391,-41.584867],[-73.338199,-41.586098],[-73.33437,-41.582798],[-73.336252,-41.578266],[-73.341962,-41.577035],[-73.345791,-41.580335]]]},"properties":{"comuna":"Maullín","mancha_id":"10108-88ceae2cc7fffff","clase":"Bajo","nivel_medio":1.368,"nivel_medio_min":1.368,"nivel_medio_max":1.368,"pct_alto":0.1,"n_hexagonos":1,"area_ha":65.46}},{"type":"Feature","geometry":{"type":"Polygon","coordinates":[[[-73.275335,-41.587257],[-73.273449,-41.591786],[-73.26774,-41.593013],[-73.263919,-41.589711],[-73.258211,-41.590938],[-73.25439,-41.587636],[-73.256277,-41.583108],[-73.252458,-41.579806],[-73.254345,-41.575279],[-73.260051,-41.574052],[-73.263871,-41.577353],[-73.261984,-41.581881],[-73.265805,-41.585183],[-73.271513,-41.583956],[-73.273399,-41.579427],[-73.279107,-41.5782],[-73.282929,-41.581501],[-73.281044,-41.58603],[-73.275335,-41.587257]]]},"properties":{"comuna":"Maullín","mancha_id":"10108-88ceae2c27fffff","clase":"Bajo","nivel_medio":1.225,"nivel_medio_min":1.11,"nivel_medio_max":1.397,"pct_alto":4.8,"n_hexagonos":4,"area_ha":261.53}},{"type":"Feature","geometry":{"type":"Polygon","coordinates":[[[-73.39873,-41.74607],[-73.395332,-41.74607],[-73.392758,-41.743857],[-73.392577,-41.743667],[-73.39445,-41.739156],[-73.40018,-41.737925],[-73.404026,-41.741231],[-73.402143,-41.745768],[-73.401123,-41.745987],[-73.39873,-41.74607]]]},"properties":{"comuna":"Maullín","mancha_id":"10108-88ceae2755fffff","clase":"Bajo","nivel_medio":1.429,"nivel_medio_min":1.429,"nivel_medio_max":1.429,"pct_alto":15.5,"n_hexagonos":1,"area_ha":63.23}},{"type":"Feature","geometry":{"type":"Polygon","coordinates":[[[-73.520422,-41.699618],[-73.518548,-41.70416],[-73.512817,-41.705398],[-73.508961,-41.702094],[-73.50323,-41.703332],[-73.499376,-41.700029],[-73.501252,-41.695489],[-73.506981,-41.694251],[-73.510836,-41.697554],[-73.516566,-41.696316],[-73.518441,-41.691775],[-73.524171,-41.690536],[-73.528027,-41.693838],[-73.526153,-41.69838],[-73.520422,-41.699618]]]},"properties":{"comuna":"Maullín","mancha_id":"10108-88ceae2683fffff","clase":"Bajo","nivel_medio":1.286,"nivel_medio_min":1.182,"nivel_medio_max":1.376,"pct_alto":4.3,"n_hexagonos":3,"area_ha":197.2}},{"type":"Feature","geometry":{"type":"Polygon","coordinates":[[[-73.423185,-41.745381],[-73.428916,-41.744149],[-73.429807,-41.744914],[-73.428754,-41.745251],[-73.426806,-41.745916],[-73.425392,-41.746488],[-73.423891,-41.747034],[-73.4228,-41.747511],[-73.42218,-41.747803],[-73.423185,-41.745381]]]},"properties":{"comuna":"Maullín","mancha_id":"10108-88ceae2667fffff","clase":"Bajo","nivel_medio":1.098,"nivel_medio_min":1.098,"nivel_medio_max":1.098,"pct_alto":2.5,"n_hexagonos":1,"area_ha":9.11}},{"type":"Feature","geometry":{"type":"Polygon","coordinates":[[[-73.392022,-41.657059],[-73.390141,-41.661594],[-73.38442,-41.662825],[-73.380581,-41.659522],[-73.382463,-41.654988],[-73.388183,-41.653756],[-73.390064,-41.649221],[-73.395784,-41.647988],[-73.399623,-41.651291],[-73.405344,-41.650058],[-73.409185,-41.65336],[-73.407305,-41.657896],[-73.401584,-41.659129],[-73.397743,-41.655826],[-73.392022,-41.657059]]]},"properties":{"comuna":"Maullín","mancha_id":"10108-88ceae253bfffff","clase":"Bajo","nivel_medio":1.388,"nivel_medio_min":1.323,"nivel_medio_max":1.421,"pct_alto":4.8,"n_hexagonos":3,"area_ha":196.72}},{"type":"Feature","geometry":{"type":"Polygon","coordinates":[[[-73.403544,-41.666967],[-73.401663,-41.671503],[-73.395941,-41.672735],[-73.3921,-41.669432],[-73.393981,-41.664897],[-73.399703,-41.663664],[-73.403544,-41.666967]]]},"properties":{"comuna":"Maullín","mancha_id":"10108-88ceae2511fffff","clase":"Bajo","nivel_medio":1.499,"nivel_medio_min":1.499,"nivel_medio_max":1.499,"pct_alto":3.4,"n_hexagonos":1,"area_ha":65.58}},{"type":"Feature","geometry":{"type":"Polygon","coordinates":[[[-73.477847,-41.638536],[-73.475972,-41.643074],[-73.470249,-41.644311],[-73.468373,-41.648849],[-73.46265,-41.650086],[-73.460773,-41.654624],[-73.45505,-41.65586],[-73.451204,-41.652558],[-73.453081,-41.64802],[-73.458803,-41.646784],[-73.46068,-41.642247],[-73.466402,-41.64101],[-73.468278,-41.636472],[-73.474,-41.635235],[-73.475875,-41.630697],[-73.481596,-41.629459],[-73.485444,-41.63276],[-73.483569,-41.637298],[-73.477847,-41.638536]]]},"properties":{"comuna":"Maullín","mancha_id":"10108-88ceae24a1fffff","clase":"Bajo","nivel_medio":1.087,"nivel_medio_min":0.965,"nivel_medio_max":1.258,"pct_alto":0.6,"n_hexagonos":4,"area_ha":262.59}},{"type":"Feature","geometry":{"type":"Polygon","coordinates":[[[-73.447811,-41.711149],[-73.451661,-41.714453],[-73.45739,-41.713219],[-73.459269,-41.70868],[-73.455419,-41.705376],[-73.457297,-41.700838],[-73.463026,-41.699603],[-73.466876,-41.702907],[-73.464998,-41.707446],[-73.46885,-41.71075],[-73.466971,-41.715289],[-73.461241,-41.716523],[-73.459362,-41.721062],[-73.463214,-41.724367],[-73.461335,-41.728906],[-73.465187,-41.732211],[-73.463308,-41.736751],[-73.457576,-41.737985],[-73.455904,-41.742023],[-73.45459,-41.741825],[-73.452802,-41.74158],[-73.450294,-41.74144],[-73.44852,-41.74144],[-73.447383,-41.741543],[-73.446112,-41.740452],[-73.447992,-41.735913],[-73.444141,-41.732608],[-73.43841,-41.733841],[-73.436529,-41.738379],[-73.430798,-41.739611],[-73.426948,-41.736306],[-73.42883,-41.731768],[-73.43456,-41.730535],[-73.436441,-41.725997],[-73.442171,-41.724764],[-73.444051,-41.720226],[-73.440202,-41.716921],[-73.442082,-41.712383],[-73.447811,-41.711149]]]},"properties":{"comuna":"Maullín","mancha_id":"10108-88ceae244bfffff","clase":"Bajo","nivel_medio":1.295,"nivel_medio_min":1.088,"nivel_medio_max":1.459,"pct_alto":5.2,"n_hexagonos":11,"area_ha":711.66}},{"type":"Feature","geometry":{"type":"Polygon","coordinates":[[[-73.432505,-41.710312],[-73.430625,-41.714849],[-73.434473,-41.718154],[-73.432592,-41.722692],[-73.426863,-41.723925],[-73.423015,-41.72062],[-73.424896,-41.716082],[-73.421049,-41.712777],[-73.42293,-41.70824],[-73.428658,-41.707007],[-73.432505,-41.710312]]]},"properties":{"comuna":"Maullín","mancha_id":"10108-88ceae2445fffff","clase":"Bajo","nivel_medio":1.453,"nivel_medio_min":1.433,"nivel_medio_max":1.473,"pct_alto":0.3,"n_hexagonos":2,"area_ha":131.3}},{"type":"Feature","geometry":{"type":"Polygon","coordinates":[[[-73.426606,-41.686788],[-73.424726,-41.691325],[-73.419,-41.692558],[-73.417119,-41.697094],[-73.411393,-41.698327],[-73.407549,-41.695022],[-73.401823,-41.696254],[-73.399941,-41.70079],[-73.394215,-41.702022],[-73.392333,-41.706558],[-73.386607,-41.707788],[-73.384723,-41.712324],[-73.378997,-41.713554],[-73.377113,-41.71809],[-73.371387,-41.719319],[-73.367545,-41.716014],[-73.367066,-41.716116],[-73.36333,-41.7121],[-73.36195,-41.71065],[-73.36062,-41.70925],[-73.360612,-41.709242],[-73.3604,-41.70902],[-73.36018,-41.7088],[-73.35779,-41.70628],[-73.356509,-41.70493],[-73.357909,-41.701563],[-73.35407,-41.698257],[-73.355954,-41.693723],[-73.352116,-41.690418],[-73.346394,-41.691647],[-73.342557,-41.688342],[-73.344442,-41.683809],[-73.340605,-41.680504],[-73.34249,-41.675971],[-73.338655,-41.672667],[-73.332935,-41.673895],[-73.331231,-41.677992],[-73.32863,-41.67524],[-73.325051,-41.67146],[-73.320377,-41.666523],[-73.315308,-41.661171],[-73.317601,-41.660678],[-73.319487,-41.656147],[-73.325205,-41.654918],[-73.329037,-41.658222],[-73.334756,-41.656993],[-73.33664,-41.652461],[-73.342358,-41.651231],[-73.344242,-41.646699],[-73.340408,-41.643395],[-73.334691,-41.644625],[-73.330859,-41.641322],[-73.325143,-41.642551],[-73.323258,-41.647083],[-73.317541,-41.648311],[-73.31371,-41.645008],[-73.315595,-41.640476],[-73.321311,-41.639248],[-73.323196,-41.634716],[-73.319365,-41.631413],[-73.32125,-41.626882],[-73.31742,-41.623579],[-73.311706,-41.624808],[-73.307878,-41.621505],[-73.309763,-41.616974],[-73.305935,-41.613672],[-73.300222,-41.6149],[-73.296396,-41.611598],[-73.298281,-41.607068],[-73.303993,-41.60584],[-73.305877,-41.601309],[-73.302051,-41.598008],[-73.303935,-41.593477],[-73.309646,-41.592248],[-73.313472,-41.59555],[-73.319183,-41.59432],[-73.323011,-41.597621],[-73.328723,-41.596391],[-73.332552,-41.599693],[-73.338264,-41.598462],[-73.342094,-41.601763],[-73.347807,-41.600532],[-73.351638,-41.603834],[-73.357352,-41.602602],[-73.361184,-41.605903],[-73.366898,-41.604671],[-73.370732,-41.607972],[-73.368851,-41.612506],[-73.372685,-41.615807],[-73.370804,-41.62034],[-73.365089,-41.621572],[-73.361255,-41.61827],[-73.355539,-41.619502],[-73.353657,-41.624034],[-73.347942,-41.625265],[-73.344109,-41.621963],[-73.338394,-41.623193],[-73.336511,-41.627725],[-73.330796,-41.628955],[-73.328911,-41.633487],[-73.332743,-41.63679],[-73.338459,-41.63556],[-73.342292,-41.638863],[-73.348009,-41.637633],[-73.351843,-41.640936],[-73.34996,-41.645469],[-73.353794,-41.648772],[-73.351911,-41.653305],[-73.355747,-41.656608],[-73.353863,-41.661142],[-73.3577,-41.664445],[-73.355816,-41.668979],[-73.350095,-41.670209],[-73.348211,-41.674742],[-73.352048,-41.678046],[-73.350163,-41.68258],[-73.354001,-41.685885],[-73.359723,-41.684655],[-73.363562,-41.68796],[-73.369285,-41.68673],[-73.371168,-41.682195],[-73.376891,-41.680965],[-73.380731,-41.684269],[-73.386454,-41.683038],[-73.390295,-41.686342],[-73.396019,-41.68511],[-73.399862,-41.688414],[-73.405586,-41.687182],[-73.40943,-41.690486],[-73.415155,-41.689254],[-73.417036,-41.684717],[-73.42276,-41.683484],[-73.426606,-41.686788]],[[-73.344043,-41.609597],[-73.340212,-41.606295],[-73.334499,-41.607526],[-73.332615,-41.612057],[-73.336446,-41.615359],[-73.34216,-41.614129],[-73.344043,-41.609597]]]},"properties":{"comuna":"Maullín","mancha_id":"10108-88ceae2429fffff","clase":"Bajo","nivel_medio":1.211,"nivel_medio_min":1.0,"nivel_medio_max":1.499,"pct_alto":2.1,"n_hexagonos":61,"area_ha":3855.4}},{"type":"Feature","geometry":{"type":"Polygon","coordinates":[[[-73.478139,-41.675673],[-73.476263,-41.680212],[-73.470536,-41.681448],[-73.466686,-41.678145],[-73.46096,-41.679381],[-73.457112,-41.676078],[-73.458989,-41.67154],[-73.464715,-41.670304],[-73.466592,-41.665766],[-73.472317,-41.664529],[-73.474193,-41.659991],[-73.479917,-41.658754],[-73.483767,-41.662056],[-73.489492,-41.660818],[-73.493343,-41.66412],[-73.491468,-41.668659],[-73.485741,-41.669897],[-73.481891,-41.666595],[-73.476166,-41.667831],[-73.474289,-41.67237],[-73.478139,-41.675673]]]},"properties":{"comuna":"Maullín","mancha_id":"10108-88ceae2413fffff","clase":"Bajo","nivel_medio":1.231,"nivel_medio_min":1.059,"nivel_medio_max":1.496,"pct_alto":3.1,"n_hexagonos":5,"area_ha":328.36}},{"type":"Feature","geometry":{"type":"Polygon","coordinates":[[[-73.339754,-41.519762],[-73.335929,-41.516464],[-73.336578,-41.514901],[-73.336958,-41.515216],[-73.337368,-41.515544],[-73.33784,-41.515831],[-73.338424,-41.516128],[-73.338834,-41.516384],[-73.339131,-41.516651],[-73.339613,-41.517102],[-73.34041,-41.51776],[-73.341182,-41.518391],[-73.342206,-41.519232],[-73.339754,-41.519762]]]},"properties":{"comuna":"Maullín","mancha_id":"10108-88ceaa960bfffff","clase":"Bajo","nivel_medio":0.907,"nivel_medio_min":0.907,"nivel_medio_max":0.907,"pct_alto":0.1,"n_hexagonos":1,"area_ha":10.51}},{"type":"Feature","geometry":{"type":"Polygon","coordinates":[[[-73.333277,-41.50879],[-73.328283,-41.509869],[-73.327907,-41.509545],[-73.32798,-41.5093],[-73.328084,-41.509072],[-73.328194,-41.50887],[-73.328368,-41.508724],[-73.328617,-41.508633],[-73.328917,-41.508569],[-73.329283,-41.508486],[-73.329658,-41.508386],[-73.329978,-41.508239],[-73.330316,-41.508166],[-73.330679,-41.508129],[-73.331112,-41.508141],[-73.331491,-41.508186],[-73.331762,-41.508157],[-73.332015,-41.508063],[-73.332305,-41.507907],[-73.33248,-41.50781],[-73.33276,-41.50813],[-73.333115,-41.508554],[-73.333277,-41.50879]]]},"properties":{"comuna":"Maullín","mancha_id":"10108-88ceaa9607fffff","clase":"Bajo","nivel_medio":1.478,"nivel_medio_min":1.478,"nivel_medio_max":1.478,"pct_alto":0.0,"n_hexagonos":1,"area_ha":5.09}},{"type":"Feature","geometry":{"type":"Polygon","coordinates":[[[-73.678066,-41.748281],[-73.683808,-41.747034],[-73.685346,-41.748344],[-73.68337,-41.74936],[-73.68225,-41.74956],[-73.68011,-41.74963],[-73.67937,-41.74979],[-73.67768,-41.75048],[-73.677103,-41.750627],[-73.678066,-41.748281]]]},"properties":{"comuna":"Maullín","mancha_id":"10108-88cea8cf67fffff","clase":"Bajo","nivel_medio":1.037,"nivel_medio_min":1.037,"nivel_medio_max":1.037,"pct_alto":0.0,"n_hexagonos":1,"area_ha":13.05}},{"type":"Feature","geometry":{"type":"Polygon","coordinates":[[[-73.79965,-41.74262],[-73.799709,-41.742551],[-73.80031,-41.74185],[-73.80069,-41.74064],[-73.80078,-41.74046],[-73.80122,-41.74007],[-73.80181,-41.73976],[-73.80193,-41.73959],[-73.8019,-41.73902],[-73.80221,-41.73879],[-73.802333,-41.738755],[-73.800889,-41.742294],[-73.803445,-41.744463],[-73.8031,-41.74429],[-73.80263,-41.74413],[-73.8019,-41.74413],[-73.8011,-41.74405],[-73.80078,-41.74397],[-73.80018,-41.74383],[-73.79978,-41.7435],[-73.79953,-41.74313],[-73.79965,-41.74262]]]},"properties":{"comuna":"Maullín","mancha_id":"10108-88cea8ce17fffff","clase":"Bajo","nivel_medio":1.288,"nivel_medio_min":1.27,"nivel_medio_max":1.317,"pct_alto":0.0,"n_hexagonos":2,"area_ha":5.47}},{"type":"Feature","geometry":{"type":"Polygon","coordinates":[[[-73.80418,-41.74656],[-73.80439,-41.74654],[-73.804392,-41.74654],[-73.804224,-41.746954],[-73.80408,-41.74691],[-73.80399,-41.74679],[-73.804,-41.74666],[-73.80418,-41.74656]]]},"properties":{"comuna":"Maullín","mancha_id":"10108-88cea8ce17fffff-2","clase":"Bajo","nivel_medio":1.27,"nivel_medio_min":1.27,"nivel_medio_max":1.27,"pct_alto":0.0,"n_hexagonos":1,"area_ha":0.09}},{"type":"Feature","geometry":{"type":"Polygon","coordinates":[[[-73.716098,-41.719297],[-73.71222,-41.715996],[-73.713122,-41.713793],[-73.716209,-41.719272],[-73.71632,-41.71947],[-73.71646,-41.72058],[-73.71773,-41.72369],[-73.7194,-41.72551],[-73.720522,-41.726624],[-73.72076,-41.72686],[-73.72152,-41.72789],[-73.72468,-41.73095],[-73.72629,-41.732732],[-73.725874,-41.73375],[-73.72013,-41.734999],[-73.716251,-41.731697],[-73.710508,-41.732946],[-73.70663,-41.729645],[-73.708493,-41.725095],[-73.714235,-41.723846],[-73.716098,-41.719297]]]},"properties":{"comuna":"Maullín","mancha_id":"10108-88cea8cd59fffff","clase":"Bajo","nivel_medio":1.318,"nivel_medio_min":0.728,"nivel_medio_max":1.352,"pct_alto":3.0,"n_hexagonos":4,"area_ha":134.08}},{"type":"Feature","geometry":{"type":"Polygon","coordinates":[[[-73.706479,-41.717245],[-73.704616,-41.721794],[-73.698875,-41.723042],[-73.694998,-41.719741],[-73.696862,-41.715192],[-73.702602,-41.713944],[-73.706479,-41.717245]]]},"properties":{"comuna":"Maullín","mancha_id":"10108-88cea8cd4bfffff","clase":"Bajo","nivel_medio":1.126,"nivel_medio_min":1.126,"nivel_medio_max":1.126,"pct_alto":0.4,"n_hexagonos":1,"area_ha":65.96}},{"type":"Feature","geometry":{"type":"Polygon","coordinates":[[[-73.692839,-41.699493],[-73.690975,-41.704042],[-73.685237,-41.70529],[-73.681363,-41.701989],[-73.683227,-41.697441],[-73.688965,-41.696193],[-73.692839,-41.699493]]]},"properties":{"comuna":"Maullín","mancha_id":"10108-88cea8cd0dfffff","clase":"Bajo","nivel_medio":1.335,"nivel_medio_min":1.335,"nivel_medio_max":1.335,"pct_alto":12.6,"n_hexagonos":1,"area_ha":65.93}},{"type":"Feature","geometry":{"type":"Polygon","coordinates":[[[-73.75397,-41.7398],[-73.75425,-41.740013],[-73.752701,-41.74035],[-73.75271,-41.74034],[-73.75284,-41.74019],[-73.75325,-41.73993],[-73.75347,-41.73976],[-73.75366,-41.73972],[-73.75397,-41.7398]]]},"properties":{"comuna":"Maullín","mancha_id":"10108-88cea8cc4dfffff","clase":"Bajo","nivel_medio":1.369,"nivel_medio_min":1.369,"nivel_medio_max":1.369,"pct_alto":19.4,"n_hexagonos":1,"area_ha":0.37}},{"type":"Feature","geometry":{"type":"Polygon","coordinates":[[[-73.572363,-41.725627],[-73.57049,-41.73017],[-73.564754,-41.731411],[-73.560891,-41.728107],[-73.562764,-41.723564],[-73.568499,-41.722324],[-73.572363,-41.725627]]]},"properties":{"comuna":"Maullín","mancha_id":"10108-88cea8c98dfffff","clase":"Bajo","nivel_medio":1.493,"nivel_medio_min":1.493,"nivel_medio_max":1.493,"pct_alto":5.6,"n_hexagonos":1,"area_ha":65.81}},{"type":"Feature","geometry":{"type":"Polygon","coordinates":[[[-73.515018,-41.771112],[-73.517206,-41.770641],[-73.520475,-41.77344],[-73.520272,-41.773482],[-73.520024,-41.773433],[-73.51975,-41.77324],[-73.519,-41.77256],[-73.51827,-41.77207],[-73.51757,-41.77183],[-73.51682,-41.77167],[-73.51523,-41.77119],[-73.515018,-41.771112]]]},"properties":{"comuna":"Maullín","mancha_id":"10108-88cea8c947fffff","clase":"Bajo","nivel_medio":1.331,"nivel_medio_min":1.331,"nivel_medio_max":1.331,"pct_alto":5.1,"n_hexagonos":1,"area_ha":2.72}},{"type":"Feature","geometry":{"type":"Polygon","coordinates":[[[-73.534311,-41.754539],[-73.532435,-41.759082],[-73.526698,-41.760319],[-73.522836,-41.757014],[-73.517099,-41.758251],[-73.51324,-41.754946],[-73.507503,-41.756182],[-73.505626,-41.760724],[-73.509485,-41.764029],[-73.507608,-41.768571],[-73.508416,-41.769263],[-73.50703,-41.76878],[-73.506801,-41.768745],[-73.505696,-41.768575],[-73.505312,-41.768551],[-73.50438,-41.76856],[-73.503397,-41.768575],[-73.502756,-41.768615],[-73.502476,-41.768615],[-73.502164,-41.768599],[-73.501611,-41.768463],[-73.50101,-41.76826],[-73.5004,-41.76797],[-73.5,-41.767778],[-73.49967,-41.76762],[-73.49925,-41.76736],[-73.49863,-41.76689],[-73.49806,-41.766383],[-73.498,-41.76633],[-73.49777,-41.76609],[-73.49725,-41.76572],[-73.4968,-41.76546],[-73.49626,-41.76526],[-73.49564,-41.76516],[-73.49506,-41.76499],[-73.49453,-41.76487],[-73.49403,-41.76475],[-73.49336,-41.76447],[-73.49261,-41.76424],[-73.4919,-41.76405],[-73.49122,-41.76383],[-73.49014,-41.76323],[-73.48982,-41.76305],[-73.48939,-41.76268],[-73.489217,-41.762494],[-73.48899,-41.76225],[-73.48875,-41.76193],[-73.48855,-41.76156],[-73.48843,-41.76115],[-73.48826,-41.76082],[-73.48819,-41.76052],[-73.48812,-41.75995],[-73.48806,-41.75933],[-73.48798,-41.75884],[-73.48782,-41.75834],[-73.48773,-41.7581],[-73.48755,-41.75786],[-73.48752,-41.75781],[-73.48732,-41.75734],[-73.487319,-41.757338],[-73.490295,-41.759889],[-73.496031,-41.758654],[-73.497909,-41.754113],[-73.494051,-41.750807],[-73.488316,-41.752043],[-73.48446,-41.748737],[-73.479465,-41.749813],[-73.479335,-41.749738],[-73.478502,-41.749371],[-73.477572,-41.748983],[-73.47487,-41.746667],[-73.476749,-41.742127],[-73.472894,-41.738821],[-73.474773,-41.734282],[-73.470919,-41.730977],[-73.472798,-41.726437],[-73.47853,-41.725202],[-73.480408,-41.720662],[-73.486139,-41.719426],[-73.488016,-41.714886],[-73.493747,-41.71365],[-73.495624,-41.709109],[-73.501355,-41.707873],[-73.50521,-41.711176],[-73.503334,-41.715717],[-73.50719,-41.719021],[-73.512922,-41.717783],[-73.514798,-41.713242],[-73.52053,-41.712004],[-73.522405,-41.707463],[-73.528136,-41.706224],[-73.531994,-41.709527],[-73.53012,-41.714069],[-73.524387,-41.715307],[-73.522512,-41.719849],[-73.516779,-41.721087],[-73.514904,-41.725628],[-73.518762,-41.728932],[-73.516886,-41.733474],[-73.511152,-41.734711],[-73.509275,-41.739253],[-73.513134,-41.742557],[-73.511257,-41.747099],[-73.515116,-41.750404],[-73.520852,-41.749167],[-73.524713,-41.752472],[-73.530449,-41.751234],[-73.532325,-41.746692],[-73.528464,-41.743387],[-73.53034,-41.738845],[-73.536075,-41.737607],[-73.539936,-41.740911],[-73.538061,-41.745454],[-73.541923,-41.748758],[-73.540048,-41.753301],[-73.534311,-41.754539]]]},"properties":{"comuna":"Maullín","mancha_id":"10108-88cea8c903fffff","clase":"Bajo","nivel_medio":1.256,"nivel_medio_min":1.0,"nivel_medio_max":1.496,"pct_alto":4.8,"n_hexagonos":31,"area_ha":1886.72}},{"type":"Feature","geometry":{"type":"Polygon","coordinates":[[[-73.626386,-41.759481],[-73.632127,-41.758238],[-73.632452,-41.758515],[-73.63203,-41.75862],[-73.63156,-41.75878],[-73.63053,-41.75933],[-73.62699,-41.76079],[-73.62687,-41.76088],[-73.6263,-41.76106],[-73.625683,-41.761191],[-73.626386,-41.759481]]]},"properties":{"comuna":"Maullín","mancha_id":"10108-88cea8c8cdfffff","clase":"Bajo","nivel_medio":1.217,"nivel_medio_min":1.217,"nivel_medio_max":1.217,"pct_alto":0.0,"n_hexagonos":1,"area_ha":5.74}},{"type":"Feature","geometry":{"type":"Polygon","coordinates":[[[-73.6488,-41.754627],[-73.649353,-41.754507],[-73.651222,-41.749959],[-73.656963,-41.748714],[-73.660838,-41.752017],[-73.66658,-41.750772],[-73.669636,-41.753376],[-73.66944,-41.75346],[-73.66839,-41.75402],[-73.6681,-41.75422],[-73.66714,-41.75451],[-73.66674,-41.75467],[-73.66567,-41.75541],[-73.66342,-41.7566],[-73.66272,-41.75697],[-73.6616,-41.7575],[-73.660446,-41.757823],[-73.65897,-41.756565],[-73.653228,-41.75781],[-73.652893,-41.758626],[-73.652825,-41.758585],[-73.65244,-41.7582],[-73.65203,-41.75791],[-73.65144,-41.75779],[-73.6512,-41.75769],[-73.65087,-41.7574],[-73.65056,-41.75696],[-73.65033,-41.75682],[-73.64979,-41.75661],[-73.6492,-41.75646],[-73.64885,-41.75624],[-73.6488,-41.75599],[-73.64883,-41.75573],[-73.64911,-41.75524],[-73.64917,-41.755],[-73.64911,-41.75483],[-73.64889,-41.75466],[-73.6488,-41.754627]]]},"properties":{"comuna":"Maullín","mancha_id":"10108-88cea8c8cbfffff","clase":"Bajo","nivel_medio":0.748,"nivel_medio_min":0.532,"nivel_medio_max":1.091,"pct_alto":7.0,"n_hexagonos":3,"area_ha":109.06}},{"type":"Feature","geometry":{"type":"Polygon","coordinates":[[[-73.64279,-41.75848],[-73.642515,-41.758419],[-73.643611,-41.755751],[-73.64758,-41.754891],[-73.64794,-41.75494],[-73.64826,-41.75507],[-73.64836,-41.75526],[-73.64827,-41.75569],[-73.6483,-41.75608],[-73.64849,-41.75633],[-73.64944,-41.75677],[-73.65053,-41.75756],[-73.65118,-41.75786],[-73.65205,-41.75821],[-73.65221,-41.75843],[-73.65223,-41.7586],[-73.65205,-41.75873],[-73.65175,-41.75882],[-73.65081,-41.759],[-73.64975,-41.75901],[-73.64798,-41.75909],[-73.64687,-41.75897],[-73.64566,-41.75877],[-73.64279,-41.75848]]]},"properties":{"comuna":"Maullín","mancha_id":"10108-88cea8c8cbfffff-2","clase":"Bajo","nivel_medio":0.532,"nivel_medio_min":0.532,"nivel_medio_max":0.532,"pct_alto":0.0,"n_hexagonos":1,"area_ha":22.9}},{"type":"Feature","geometry":{"type":"Polygon","coordinates":[[[-73.609161,-41.763208],[-73.614902,-41.761966],[-73.616893,-41.763665],[-73.61578,-41.76379],[-73.61455,-41.7638],[-73.61172,-41.76375],[-73.60915,-41.76415],[-73.608781,-41.764131],[-73.60738,-41.76406],[-73.60658,-41.76414],[-73.60525,-41.76437],[-73.60379,-41.76454],[-73.60272,-41.76479],[-73.6021,-41.76484],[-73.60117,-41.76485],[-73.60033,-41.76478],[-73.59897,-41.76457],[-73.59816,-41.764523],[-73.59742,-41.76448],[-73.59548,-41.76448],[-73.59423,-41.76465],[-73.59385,-41.76466],[-73.59349,-41.76461],[-73.5929,-41.76445],[-73.59265,-41.76455],[-73.59181,-41.76489],[-73.59143,-41.76509],[-73.59134,-41.76519],[-73.59036,-41.7655],[-73.590283,-41.765519],[-73.588069,-41.763628],[-73.589941,-41.759082],[-73.595681,-41.757841],[-73.59955,-41.761146],[-73.605291,-41.759904],[-73.609161,-41.763208]]]},"properties":{"comuna":"Maullín","mancha_id":"10108-88cea8c811fffff","clase":"Bajo","nivel_medio":0.956,"nivel_medio_min":0.902,"nivel_medio_max":0.986,"pct_alto":6.7,"n_hexagonos":3,"area_ha":96.76}},{"type":"Feature","geometry":{"type":"Polygon","coordinates":[[[-73.439316,-41.59316],[-73.43744,-41.597696],[-73.431723,-41.598932],[-73.429847,-41.603468],[-73.42413,-41.604703],[-73.420291,-41.601403],[-73.422168,-41.596868],[-73.427884,-41.595632],[-73.42976,-41.591097],[-73.435476,-41.589861],[-73.437352,-41.585325],[-73.443067,-41.584088],[-73.446907,-41.587387],[-73.445032,-41.591923],[-73.439316,-41.59316]]]},"properties":{"comuna":"Maullín","mancha_id":"10108-88cea85b51fffff","clase":"Bajo","nivel_medio":1.356,"nivel_medio_min":1.302,"nivel_medio_max":1.448,"pct_alto":4.8,"n_hexagonos":3,"area_ha":196.74}},{"type":"Feature","geometry":{"type":"Polygon","coordinates":[[[-73.416286,-41.573365],[-73.421999,-41.572129],[-73.423875,-41.567594],[-73.429588,-41.566358],[-73.433426,-41.569656],[-73.439139,-41.568419],[-73.442978,-41.571718],[-73.448692,-41.57048],[-73.452531,-41.573779],[-73.450657,-41.578315],[-73.444942,-41.579552],[-73.441103,-41.576254],[-73.435388,-41.57749],[-73.433513,-41.582026],[-73.427798,-41.583262],[-73.42396,-41.579963],[-73.418246,-41.581199],[-73.41441,-41.5779],[-73.416286,-41.573365]]]},"properties":{"comuna":"Maullín","mancha_id":"10108-88cea85b03fffff","clase":"Bajo","nivel_medio":1.317,"nivel_medio_min":1.124,"nivel_medio_max":1.403,"pct_alto":2.1,"n_hexagonos":5,"area_ha":327.82}},{"type":"Feature","geometry":{"type":"Polygon","coordinates":[[[-73.530458,-41.536207],[-73.524744,-41.53745],[-73.522989,-41.535945],[-73.52343,-41.53592],[-73.52763,-41.53557],[-73.52909,-41.53464],[-73.53042,-41.53224],[-73.53179,-41.53172],[-73.532292,-41.531751],[-73.530458,-41.536207]]]},"properties":{"comuna":"Maullín","mancha_id":"10108-88cea85ab5fffff","clase":"Bajo","nivel_medio":1.338,"nivel_medio_min":1.338,"nivel_medio_max":1.338,"pct_alto":0.0,"n_hexagonos":1,"area_ha":14.56}},{"type":"Feature","geometry":{"type":"Polygon","coordinates":[[[-73.452806,-41.610895],[-73.45093,-41.615432],[-73.445211,-41.616669],[-73.441369,-41.613368],[-73.443246,-41.608832],[-73.448963,-41.607595],[-73.452806,-41.610895]]]},"properties":{"comuna":"Maullín","mancha_id":"10108-88cea85a6dfffff","clase":"Bajo","nivel_medio":1.204,"nivel_medio_min":1.204,"nivel_medio_max":1.204,"pct_alto":1.7,"n_hexagonos":1,"area_ha":65.61}},{"type":"Feature","geometry":{"type":"Polygon","coordinates":[[[-73.511868,-41.593971],[-73.50802,-41.590672],[-73.509617,-41.5868],[-73.50982,-41.58712],[-73.51007,-41.58824],[-73.51021,-41.59033],[-73.51036,-41.59103],[-73.51083,-41.59156],[-73.51324,-41.59281],[-73.513786,-41.593554],[-73.511868,-41.593971]]]},"properties":{"comuna":"Maullín","mancha_id":"10108-88cea85a1bfffff","clase":"Bajo","nivel_medio":1.348,"nivel_medio_min":1.348,"nivel_medio_max":1.348,"pct_alto":34.1,"n_hexagonos":1,"area_ha":10.88}},{"type":"Feature","geometry":{"type":"Polygon","coordinates":[[[-73.500327,-41.584076],[-73.498455,-41.588614],[-73.492737,-41.589854],[-73.488892,-41.586555],[-73.483175,-41.587795],[-73.479331,-41.584496],[-73.481203,-41.579959],[-73.48692,-41.578719],[-73.488792,-41.574182],[-73.494508,-41.572942],[-73.49638,-41.568404],[-73.501299,-41.567336],[-73.50153,-41.56797],[-73.5019,-41.56836],[-73.50237,-41.56863],[-73.50267,-41.56872],[-73.50343,-41.56905],[-73.50361,-41.56921],[-73.50381,-41.57001],[-73.50463,-41.57127],[-73.50483,-41.57202],[-73.505074,-41.572563],[-73.50407,-41.574999],[-73.507916,-41.578297],[-73.506045,-41.582835],[-73.500327,-41.584076]]]},"properties":{"comuna":"Maullín","mancha_id":"10108-88cea85a15fffff","clase":"Bajo","nivel_medio":1.231,"nivel_medio_min":0.529,"nivel_medio_max":1.495,"pct_alto":6.9,"n_hexagonos":5,"area_ha":322.57}},{"type":"Feature","geometry":{"type":"Polygon","coordinates":[[[-73.44515,-41.51629],[-73.445096,-41.516255],[-73.446367,-41.513176],[-73.450711,-41.512234],[-73.45137,-41.51253],[-73.45517,-41.51472],[-73.455447,-41.514835],[-73.455911,-41.515233],[-73.454038,-41.519769],[-73.450927,-41.520444],[-73.45061,-41.52022],[-73.45045,-41.52005],[-73.44979,-41.51951],[-73.44875,-41.5188],[-73.44752,-41.51802],[-73.44718,-41.51776],[-73.44691,-41.5176],[-73.44637,-41.51717],[-73.44554,-41.51661],[-73.44515,-41.51629]]]},"properties":{"comuna":"Maullín","mancha_id":"10108-88cea859c9fffff","clase":"Bajo","nivel_medio":1.022,"nivel_medio_min":1.022,"nivel_medio_max":1.022,"pct_alto":3.5,"n_hexagonos":1,"area_ha":53.1}},{"type":"Feature","geometry":{"type":"Polygon","coordinates":[[[-73.44996,-41.520654],[-73.44833,-41.521007],[-73.444494,-41.517711],[-73.444665,-41.517298],[-73.44571,-41.51788],[-73.44791,-41.51933],[-73.4493,-41.5202],[-73.44964,-41.52046],[-73.44996,-41.520654]]]},"properties":{"comuna":"Maullín","mancha_id":"10108-88cea859c9fffff-2","clase":"Bajo","nivel_medio":1.022,"nivel_medio_min":1.022,"nivel_medio_max":1.022,"pct_alto":3.5,"n_hexagonos":1,"area_ha":4.59}},{"type":"Feature","geometry":{"type":"Polygon","coordinates":[[[-73.436825,-41.511119],[-73.432991,-41.507823],[-73.427284,-41.509061],[-73.423452,-41.505765],[-73.423917,-41.504639],[-73.42471,-41.50459],[-73.42585,-41.50455],[-73.42641,-41.50458],[-73.42679,-41.50457],[-73.42698,-41.50459],[-73.42849,-41.50459],[-73.4298,-41.50463],[-73.43225,-41.50485],[-73.433,-41.50501],[-73.43319,-41.50507],[-73.43338,-41.50508],[-73.43375,-41.50523],[-73.434037,-41.505291],[-73.43431,-41.50535],[-73.4345,-41.50545],[-73.43488,-41.50555],[-73.43544,-41.5058],[-73.43581,-41.50589],[-73.43619,-41.50599],[-73.43637,-41.50602],[-73.43693,-41.50623],[-73.43712,-41.50624],[-73.43768,-41.50649],[-73.43787,-41.50653],[-73.43879,-41.50699],[-73.43914,-41.50713],[-73.43932,-41.50724],[-73.44079,-41.50789],[-73.44117,-41.508],[-73.44248,-41.50849],[-73.44266,-41.50852],[-73.443034,-41.508665],[-73.442532,-41.509881],[-73.436825,-41.511119]]]},"properties":{"comuna":"Maullín","mancha_id":"10108-88cea859c5fffff","clase":"Bajo","nivel_medio":1.293,"nivel_medio_min":1.212,"nivel_medio_max":1.369,"pct_alto":0.0,"n_hexagonos":2,"area_ha":60.34}},{"type":"Feature","geometry":{"type":"Polygon","coordinates":[[[-73.4069,-41.50357],[-73.40696,-41.50365],[-73.40694,-41.5038],[-73.406911,-41.503827],[-73.40666,-41.503611],[-73.40679,-41.50358],[-73.4069,-41.50357]]]},"properties":{"comuna":"Maullín","mancha_id":"10108-88cea85933fffff","clase":"Bajo","nivel_medio":1.003,"nivel_medio_min":1.003,"nivel_medio_max":1.003,"pct_alto":0.0,"n_hexagonos":1,"area_ha":0.04}},{"type":"Feature","geometry":{"type":"Polygon","coordinates":[[[-73.40915,-41.50439],[-73.40871,-41.50454],[-73.4085,-41.50468],[-73.408128,-41.504875],[-73.407489,-41.504324],[-73.40773,-41.50402],[-73.40803,-41.50379],[-73.40843,-41.50353],[-73.40867,-41.50346],[-73.4095,-41.50343],[-73.41006,-41.50335],[-73.41063,-41.50322],[-73.41115,-41.50306],[-73.41243,-41.50294],[-73.41376,-41.50282],[-73.41431,-41.502749],[-73.413914,-41.503707],[-73.412129,-41.504094],[-73.41224,-41.50402],[-73.4124,-41.50396],[-73.41242,-41.50385],[-73.41232,-41.50378],[-73.41216,-41.50373],[-73.41155,-41.50372],[-73.41116,-41.5038],[-73.4107,-41.50395],[-73.41037,-41.50402],[-73.41018,-41.50414],[-73.40988,-41.50424],[-73.40915,-41.50439]]]},"properties":{"comuna":"Maullín","mancha_id":"10108-88cea85933fffff-2","clase":"Bajo","nivel_medio":1.003,"nivel_medio_min":1.003,"nivel_medio_max":1.003,"pct_alto":0.0,"n_hexagonos":1,"area_ha":5.36}},{"type":"Feature","geometry":{"type":"Polygon","coordinates":[[[-73.411838,-41.504157],[-73.41186,-41.50415],[-73.411959,-41.504131],[-73.411838,-41.504157]]]},"properties":{"comuna":"Maullín","mancha_id":"10108-88cea85933fffff-3","clase":"Bajo","nivel_medio":1.003,"nivel_medio_min":1.003,"nivel_medio_max":1.003,"pct_alto":0.0,"n_hexagonos":1,"area_ha":0.0}},{"type":"Feature","geometry":{"type":"Polygon","coordinates":[[[-73.795786,-41.527833],[-73.794092,-41.528206],[-73.790697,-41.52532],[-73.79102,-41.52514],[-73.791239,-41.525081],[-73.791383,-41.525081],[-73.79161,-41.52513],[-73.791833,-41.525234],[-73.792069,-41.525378],[-73.792191,-41.525482],[-73.792478,-41.525755],[-73.792709,-41.525943],[-73.792752,-41.525973],[-73.792807,-41.525997],[-73.792884,-41.526018],[-73.792968,-41.526022],[-73.793062,-41.526019],[-73.793224,-41.525969],[-73.79333,-41.5261],[-73.79366,-41.52617],[-73.79393,-41.52632],[-73.79423,-41.52634],[-73.79474,-41.52624],[-73.79503,-41.52633],[-73.79527,-41.52655],[-73.79549,-41.5269],[-73.79563,-41.52751],[-73.795786,-41.527833]]]},"properties":{"comuna":"Maullín","mancha_id":"10108-88cea855d9fffff","clase":"Bajo","nivel_medio":1.277,"nivel_medio_min":1.277,"nivel_medio_max":1.277,"pct_alto":4.8,"n_hexagonos":1,"area_ha":5.76}},{"type":"Feature","geometry":{"type":"Polygon","coordinates":[[[-73.757733,-41.527908],[-73.75588,-41.532457],[-73.750157,-41.533712],[-73.746288,-41.53042],[-73.748143,-41.525872],[-73.744275,-41.52258],[-73.746129,-41.518033],[-73.74581,-41.517761],[-73.74676,-41.5176],[-73.74787,-41.51755],[-73.748715,-41.517465],[-73.74926,-41.51741],[-73.75,-41.51741],[-73.75048,-41.51741],[-73.7527,-41.51777],[-73.7531,-41.51805],[-73.75351,-41.51822],[-73.753565,-41.518236],[-73.75375,-41.51829],[-73.75482,-41.51894],[-73.75532,-41.51904],[-73.75613,-41.51907],[-73.7564,-41.51913],[-73.75676,-41.51939],[-73.757129,-41.519759],[-73.75713,-41.51976],[-73.7572,-41.52007],[-73.75729,-41.52097],[-73.75737,-41.5213],[-73.7574,-41.52255],[-73.75755,-41.52293],[-73.75817,-41.52333],[-73.75838,-41.52351],[-73.75865,-41.52399],[-73.75936,-41.52468],[-73.75969,-41.52486],[-73.75998,-41.52494],[-73.76057,-41.52501],[-73.76149,-41.52531],[-73.76171,-41.52542],[-73.76249,-41.526],[-73.7626,-41.5261],[-73.76325,-41.526697],[-73.757733,-41.527908]]]},"properties":{"comuna":"Maullín","mancha_id":"10108-88cea85513fffff","clase":"Bajo","nivel_medio":1.288,"nivel_medio_min":1.0,"nivel_medio_max":1.449,"pct_alto":5.2,"n_hexagonos":5,"area_ha":161.83}},{"type":"Feature","geometry":{"type":"Polygon","coordinates":[[[-73.721544,-41.539986],[-73.72541,-41.543279],[-73.731133,-41.542025],[-73.735001,-41.545318],[-73.733145,-41.549865],[-73.737013,-41.553159],[-73.735157,-41.557707],[-73.739027,-41.561],[-73.738715,-41.561764],[-73.7387,-41.56177],[-73.73738,-41.56224],[-73.73555,-41.56284],[-73.73334,-41.56373],[-73.73216,-41.56411],[-73.73092,-41.56476],[-73.72979,-41.565393],[-73.72894,-41.56587],[-73.72682,-41.56692],[-73.72482,-41.56819],[-73.72355,-41.56894],[-73.72226,-41.56991],[-73.721477,-41.570572],[-73.719994,-41.569309],[-73.721851,-41.564762],[-73.717983,-41.561467],[-73.712259,-41.56272],[-73.708393,-41.559426],[-73.71025,-41.55488],[-73.706385,-41.551586],[-73.708242,-41.547039],[-73.713965,-41.545786],[-73.715821,-41.541239],[-73.721544,-41.539986]]]},"properties":{"comuna":"Maullín","mancha_id":"10108-88cea85501fffff","clase":"Bajo","nivel_medio":1.202,"nivel_medio_min":0.997,"nivel_medio_max":1.446,"pct_alto":3.6,"n_hexagonos":9,"area_ha":538.17}},{"type":"Feature","geometry":{"type":"Polygon","coordinates":[[[-73.787023,-41.571191],[-73.785169,-41.575741],[-73.781804,-41.576479],[-73.78168,-41.5762],[-73.78149,-41.57564],[-73.78145,-41.57458],[-73.78132,-41.57404],[-73.78099,-41.5737],[-73.77998,-41.57338],[-73.77878,-41.573],[-73.77793,-41.57293],[-73.77612,-41.57278],[-73.775955,-41.57275],[-73.77525,-41.57262],[-73.77406,-41.57243],[-73.77349,-41.57246],[-73.77186,-41.57251],[-73.77068,-41.57252],[-73.77033,-41.57242],[-73.76992,-41.57219],[-73.76968,-41.57189],[-73.76955,-41.57157],[-73.76962,-41.57098],[-73.76989,-41.57051],[-73.77057,-41.56974],[-73.77082,-41.56898],[-73.77089,-41.56807],[-73.77076,-41.56699],[-73.770663,-41.566492],[-73.773546,-41.56586],[-73.77742,-41.569154],[-73.783148,-41.567897],[-73.787023,-41.571191]]]},"properties":{"comuna":"Maullín","mancha_id":"10108-88cea85447fffff","clase":"Bajo","nivel_medio":1.231,"nivel_medio_min":1.104,"nivel_medio_max":1.309,"pct_alto":4.0,"n_hexagonos":2,"area_ha":85.65}},{"type":"Feature","geometry":{"type":"Polygon","coordinates":[[[-73.78298,-41.555504],[-73.781127,-41.560054],[-73.7754,-41.561311],[-73.771527,-41.558018],[-73.77338,-41.553468],[-73.769508,-41.550175],[-73.763783,-41.551431],[-73.761929,-41.55598],[-73.756203,-41.557236],[-73.752332,-41.553943],[-73.754187,-41.549394],[-73.759912,-41.548139],[-73.761766,-41.54359],[-73.76749,-41.542334],[-73.771362,-41.545626],[-73.777087,-41.54437],[-73.780959,-41.547662],[-73.786142,-41.546524],[-73.78614,-41.5467],[-73.78587,-41.5479],[-73.78561,-41.54842],[-73.78541,-41.54867],[-73.78513,-41.54916],[-73.785,-41.54952],[-73.78497,-41.55015],[-73.78492,-41.55061],[-73.7841,-41.55185],[-73.78381,-41.55245],[-73.7837,-41.55295],[-73.78381,-41.55352],[-73.78387,-41.55372],[-73.78395,-41.55448],[-73.783963,-41.555289],[-73.78298,-41.555504]]]},"properties":{"comuna":"Maullín","mancha_id":"10108-88cea85405fffff","clase":"Bajo","nivel_medio":1.313,"nivel_medio_min":0.954,"nivel_medio_max":1.477,"pct_alto":4.9,"n_hexagonos":5,"area_ha":295.71}},{"type":"Feature","geometry":{"type":"Polygon","coordinates":[[[-73.592815,-41.663256],[-73.590946,-41.6678],[-73.585216,-41.669043],[-73.583346,-41.673586],[-73.577616,-41.674829],[-73.573755,-41.671528],[-73.575625,-41.666985],[-73.571766,-41.663684],[-73.573636,-41.659142],[-73.579364,-41.657899],[-73.583224,-41.661199],[-73.588954,-41.659956],[-73.592815,-41.663256]]]},"properties":{"comuna":"Maullín","mancha_id":"10108-88cea85319fffff","clase":"Bajo","nivel_medio":1.38,"nivel_medio_min":1.276,"nivel_medio_max":1.466,"pct_alto":9.5,"n_hexagonos":3,"area_ha":197.37}},{"type":"Feature","geometry":{"type":"Polygon","coordinates":[[[-73.68367,-41.66869],[-73.68283,-41.66647],[-73.682803,-41.666401],[-73.6848,-41.668103],[-73.684003,-41.670048],[-73.68367,-41.66869]]]},"properties":{"comuna":"Maullín","mancha_id":"10108-88cea852c9fffff","clase":"Bajo","nivel_medio":0.758,"nivel_medio_min":0.758,"nivel_medio_max":0.758,"pct_alto":0.0,"n_hexagonos":1,"area_ha":2.23}},{"type":"Feature","geometry":{"type":"Polygon","coordinates":[[[-73.68349,-41.66911],[-73.68375,-41.66932],[-73.68375,-41.6694],[-73.68356,-41.66949],[-73.68247,-41.66943],[-73.68228,-41.66927],[-73.68226,-41.66895],[-73.68242,-41.66886],[-73.68276,-41.66887],[-73.68349,-41.66911]]]},"properties":{"comuna":"Maullín","mancha_id":"10108-88cea852c9fffff-2","clase":"Bajo","nivel_medio":0.758,"nivel_medio_min":0.758,"nivel_medio_max":0.758,"pct_alto":0.0,"n_hexagonos":1,"area_ha":0.62}},{"type":"Feature","geometry":{"type":"Polygon","coordinates":[[[-73.682966,-41.672579],[-73.682937,-41.67265],[-73.683263,-41.672928],[-73.68352,-41.67323],[-73.6845,-41.67506],[-73.68481,-41.67683],[-73.68496,-41.67708],[-73.68562,-41.67771],[-73.68562,-41.678851],[-73.684946,-41.680497],[-73.67921,-41.681745],[-73.677346,-41.686293],[-73.681218,-41.689593],[-73.679354,-41.694141],[-73.673617,-41.695388],[-73.669745,-41.692088],[-73.67161,-41.68754],[-73.667739,-41.68424],[-73.669603,-41.679693],[-73.665733,-41.676394],[-73.667597,-41.671847],[-73.673331,-41.670599],[-73.674619,-41.667457],[-73.67781,-41.66865],[-73.67856,-41.66912],[-73.67957,-41.67029],[-73.68191,-41.67156],[-73.68243,-41.67195],[-73.682966,-41.672579]]]},"properties":{"comuna":"Maullín","mancha_id":"10108-88cea852c9fffff-3","clase":"Bajo","nivel_medio":1.057,"nivel_medio_min":0.693,"nivel_medio_max":1.429,"pct_alto":0.0,"n_hexagonos":5,"area_ha":287.85}},{"type":"Feature","geometry":{"type":"Polygon","coordinates":[[[-73.669319,-41.654907],[-73.673189,-41.658206],[-73.672841,-41.659054],[-73.67265,-41.65898],[-73.6689,-41.65832],[-73.66698,-41.657],[-73.665501,-41.655738],[-73.66507,-41.65537],[-73.66504,-41.65514],[-73.66515,-41.655],[-73.66573,-41.65469],[-73.66576,-41.65456],[-73.66501,-41.65417],[-73.66479,-41.65371],[-73.66482,-41.65288],[-73.66534,-41.65177],[-73.66648,-41.65067],[-73.66704,-41.6497],[-73.66794,-41.6486],[-73.668555,-41.648119],[-73.671183,-41.65036],[-73.669319,-41.654907]]]},"properties":{"comuna":"Maullín","mancha_id":"10108-88cea852c5fffff","clase":"Bajo","nivel_medio":1.013,"nivel_medio_min":0.934,"nivel_medio_max":1.161,"pct_alto":1.4,"n_hexagonos":2,"area_ha":41.61}},{"type":"Feature","geometry":{"type":"Polygon","coordinates":[[[-73.664234,-41.632164],[-73.663306,-41.631373],[-73.66343,-41.631071],[-73.66361,-41.63128],[-73.664234,-41.632164]]]},"properties":{"comuna":"Maullín","mancha_id":"10108-88cea852abfffff","clase":"Bajo","nivel_medio":0.996,"nivel_medio_min":0.996,"nivel_medio_max":0.996,"pct_alto":0.0,"n_hexagonos":1,"area_ha":0.19}},{"type":"Feature","geometry":{"type":"Polygon","coordinates":[[[-73.694004,-41.639139],[-73.692103,-41.637519],[-73.693769,-41.633448],[-73.69437,-41.63337],[-73.69641,-41.6335],[-73.69678,-41.63364],[-73.69703,-41.63385],[-73.69732,-41.6345],[-73.69811,-41.63575],[-73.69818,-41.63604],[-73.69804,-41.63617],[-73.69756,-41.63624],[-73.69713,-41.63593],[-73.69676,-41.63588],[-73.6958,-41.63616],[-73.69523,-41.63642],[-73.69504,-41.63699],[-73.69521,-41.63751],[-73.69506,-41.63817],[-73.694004,-41.639139]]]},"properties":{"comuna":"Maullín","mancha_id":"10108-88cea8529dfffff","clase":"Bajo","nivel_medio":1.191,"nivel_medio_min":1.191,"nivel_medio_max":1.191,"pct_alto":0.3,"n_hexagonos":1,"area_ha":16.72}},{"type":"Feature","geometry":{"type":"Polygon","coordinates":[[[-73.66945,-41.64221],[-73.669166,-41.642506],[-73.66531,-41.639217],[-73.667016,-41.635053],[-73.66904,-41.63649],[-73.67015,-41.63773],[-73.67086,-41.63851],[-73.67099,-41.639],[-73.67071,-41.63958],[-73.67067,-41.64041],[-73.67057,-41.64069],[-73.67042,-41.64089],[-73.66945,-41.64221]]]},"properties":{"comuna":"Maullín","mancha_id":"10108-88cea85285fffff","clase":"Bajo","nivel_medio":1.404,"nivel_medio_min":1.404,"nivel_medio_max":1.404,"pct_alto":12.9,"n_hexagonos":1,"area_ha":21.86}},{"type":"Feature","geometry":{"type":"Polygon","coordinates":[[[-73.67574,-41.63708],[-73.676669,-41.636969],[-73.674909,-41.641267],[-73.674284,-41.641403],[-73.67418,-41.64047],[-73.67482,-41.63923],[-73.67491,-41.63798],[-73.67515,-41.63742],[-73.67574,-41.63708]]]},"properties":{"comuna":"Maullín","mancha_id":"10108-88cea85285fffff-2","clase":"Bajo","nivel_medio":1.404,"nivel_medio_min":1.404,"nivel_medio_max":1.404,"pct_alto":12.9,"n_hexagonos":1,"area_ha":4.2}},{"type":"Feature","geometry":{"type":"Polygon","coordinates":[[[-73.598796,-41.68679],[-73.596927,-41.691335],[-73.591194,-41.692577],[-73.587331,-41.689276],[-73.581598,-41.690518],[-73.579728,-41.695062],[-73.573995,-41.696303],[-73.572124,-41.700847],[-73.575986,-41.704149],[-73.574115,-41.708693],[-73.568381,-41.709934],[-73.566509,-41.714477],[-73.560774,-41.715718],[-73.558902,-41.720261],[-73.553167,-41.721501],[-73.549306,-41.718197],[-73.551179,-41.713655],[-73.547319,-41.710352],[-73.549192,-41.705809],[-73.554925,-41.704569],[-73.556797,-41.700026],[-73.552937,-41.696724],[-73.554809,-41.692182],[-73.55095,-41.68888],[-73.545219,-41.69012],[-73.541361,-41.686818],[-73.543234,-41.682276],[-73.548964,-41.681036],[-73.552822,-41.684337],[-73.558553,-41.683097],[-73.562412,-41.686398],[-73.560541,-41.690941],[-73.564401,-41.694243],[-73.570133,-41.693002],[-73.572004,-41.688458],[-73.577736,-41.687217],[-73.579606,-41.682673],[-73.585338,-41.681431],[-73.5892,-41.684732],[-73.594932,-41.683489],[-73.598796,-41.68679]]]},"properties":{"comuna":"Maullín","mancha_id":"10108-88cea85265fffff","clase":"Bajo","nivel_medio":1.273,"nivel_medio_min":1.041,"nivel_medio_max":1.448,"pct_alto":5.3,"n_hexagonos":12,"area_ha":789.51}},{"type":"Feature","geometry":{"type":"Polygon","coordinates":[[[-73.652399,-41.683434],[-73.650533,-41.68798],[-73.644798,-41.689226],[-73.640929,-41.685926],[-73.642796,-41.68138],[-73.64853,-41.680134],[-73.652399,-41.683434]]]},"properties":{"comuna":"Maullín","mancha_id":"10108-88cea85257fffff","clase":"Bajo","nivel_medio":1.383,"nivel_medio_min":1.383,"nivel_medio_max":1.383,"pct_alto":14.1,"n_hexagonos":1,"area_ha":65.88}},{"type":"Feature","geometry":{"type":"Polygon","coordinates":[[[-73.62199,-41.706598],[-73.620121,-41.711144],[-73.623989,-41.714446],[-73.629726,-41.713202],[-73.633595,-41.716504],[-73.639333,-41.715259],[-73.643203,-41.718561],[-73.641336,-41.723108],[-73.645207,-41.72641],[-73.643339,-41.730957],[-73.647211,-41.734259],[-73.652951,-41.733014],[-73.654818,-41.728467],[-73.650946,-41.725165],[-73.652813,-41.720618],[-73.648941,-41.717316],[-73.650808,-41.712769],[-73.656546,-41.711523],[-73.660418,-41.714825],[-73.666156,-41.713578],[-73.670029,-41.71688],[-73.668164,-41.721428],[-73.672038,-41.724729],[-73.670172,-41.729277],[-73.664431,-41.730523],[-73.662565,-41.735071],[-73.656824,-41.736316],[-73.654957,-41.740864],[-73.649216,-41.742109],[-73.647348,-41.746656],[-73.641607,-41.7479],[-73.637735,-41.744597],[-73.631994,-41.745841],[-73.630125,-41.750388],[-73.624384,-41.751631],[-73.622514,-41.756177],[-73.616773,-41.75742],[-73.612903,-41.754116],[-73.614773,-41.74957],[-73.610903,-41.746267],[-73.605164,-41.747509],[-73.603293,-41.752054],[-73.597553,-41.753296],[-73.593685,-41.749992],[-73.595556,-41.745447],[-73.591689,-41.742143],[-73.585951,-41.743385],[-73.584079,-41.747929],[-73.57834,-41.74917],[-73.574474,-41.745866],[-73.568736,-41.747106],[-73.564872,-41.743802],[-73.566745,-41.739258],[-73.572482,-41.738018],[-73.576347,-41.741322],[-73.582085,-41.740081],[-73.583957,-41.735536],[-73.589694,-41.734295],[-73.591565,-41.72975],[-73.597302,-41.728509],[-73.599173,-41.723964],[-73.60491,-41.722721],[-73.606779,-41.718176],[-73.602913,-41.714874],[-73.597177,-41.716116],[-73.595307,-41.720661],[-73.58957,-41.721903],[-73.585706,-41.7186],[-73.587576,-41.714056],[-73.593312,-41.712814],[-73.595182,-41.708269],[-73.600917,-41.707027],[-73.602786,-41.702482],[-73.608521,-41.701239],[-73.612387,-41.704541],[-73.618122,-41.703297],[-73.62199,-41.706598]]]},"properties":{"comuna":"Maullín","mancha_id":"10108-88cea8524dfffff","clase":"Bajo","nivel_medio":1.203,"nivel_medio_min":1.0,"nivel_medio_max":1.497,"pct_alto":3.2,"n_hexagonos":38,"area_ha":2503.25}},{"type":"Feature","geometry":{"type":"Polygon","coordinates":[[[-73.625594,-41.685115],[-73.623727,-41.689661],[-73.617992,-41.690905],[-73.614127,-41.687604],[-73.615995,-41.683059],[-73.621728,-41.681815],[-73.625594,-41.685115]]]},"properties":{"comuna":"Maullín","mancha_id":"10108-88cea8520dfffff","clase":"Bajo","nivel_medio":1.262,"nivel_medio_min":1.262,"nivel_medio_max":1.262,"pct_alto":6.2,"n_hexagonos":1,"area_ha":65.85}},{"type":"Feature","geometry":{"type":"Polygon","coordinates":[[[-73.640794,-41.673534],[-73.638928,-41.678079],[-73.633195,-41.679325],[-73.629328,-41.676025],[-73.631195,-41.671479],[-73.636927,-41.670234],[-73.638793,-41.665688],[-73.644526,-41.664442],[-73.648393,-41.667741],[-73.646527,-41.672287],[-73.640794,-41.673534]]]},"properties":{"comuna":"Maullín","mancha_id":"10108-88cea85203fffff","clase":"Bajo","nivel_medio":1.432,"nivel_medio_min":1.408,"nivel_medio_max":1.456,"pct_alto":15.3,"n_hexagonos":2,"area_ha":131.72}},{"type":"Feature","geometry":{"type":"Polygon","coordinates":[[[-73.611231,-41.593052],[-73.609366,-41.597595],[-73.603642,-41.598841],[-73.599784,-41.595543],[-73.60165,-41.591001],[-73.607373,-41.589755],[-73.611231,-41.593052]]]},"properties":{"comuna":"Maullín","mancha_id":"10108-88cea851cbfffff","clase":"Bajo","nivel_medio":1.285,"nivel_medio_min":1.285,"nivel_medio_max":1.285,"pct_alto":4.2,"n_hexagonos":1,"area_ha":65.77}},{"type":"Feature","geometry":{"type":"Polygon","coordinates":[[[-73.592071,-41.588949],[-73.590205,-41.593491],[-73.584483,-41.594736],[-73.580627,-41.591439],[-73.582494,-41.586897],[-73.588216,-41.585652],[-73.592071,-41.588949]]]},"properties":{"comuna":"Maullín","mancha_id":"10108-88cea851c5fffff","clase":"Bajo","nivel_medio":1.283,"nivel_medio_min":1.283,"nivel_medio_max":1.283,"pct_alto":6.2,"n_hexagonos":1,"area_ha":65.75}},{"type":"Feature","geometry":{"type":"Polygon","coordinates":[[[-73.620422,-41.557954],[-73.618559,-41.562497],[-73.612839,-41.563744],[-73.608983,-41.560448],[-73.603263,-41.561695],[-73.599408,-41.558399],[-73.601272,-41.553857],[-73.597418,-41.550562],[-73.597423,-41.55055],[-73.59871,-41.55118],[-73.599241,-41.551374],[-73.59963,-41.551481],[-73.600603,-41.551751],[-73.6009,-41.5519],[-73.60108,-41.552253],[-73.601212,-41.552692],[-73.601318,-41.553056],[-73.601601,-41.553577],[-73.601749,-41.553753],[-73.60335,-41.55565],[-73.604088,-41.556238],[-73.60435,-41.556383],[-73.604588,-41.556427],[-73.604789,-41.556333],[-73.604916,-41.556204],[-73.605033,-41.556012],[-73.605172,-41.555649],[-73.605423,-41.555347],[-73.605743,-41.555052],[-73.606191,-41.554756],[-73.606339,-41.554575],[-73.606403,-41.554387],[-73.606398,-41.554239],[-73.606346,-41.554017],[-73.605867,-41.552856],[-73.605668,-41.552372],[-73.605605,-41.551977],[-73.605618,-41.551484],[-73.605787,-41.550998],[-73.605913,-41.550772],[-73.606145,-41.550535],[-73.606477,-41.550301],[-73.606854,-41.550107],[-73.607268,-41.549994],[-73.607626,-41.549943],[-73.608008,-41.549972],[-73.608068,-41.549987],[-73.610463,-41.550549],[-73.610944,-41.550804],[-73.614343,-41.553074],[-73.614723,-41.553209],[-73.615054,-41.553295],[-73.615422,-41.553319],[-73.616329,-41.553258],[-73.616954,-41.553258],[-73.617118,-41.553313],[-73.616566,-41.554659],[-73.620422,-41.557954]]]},"properties":{"comuna":"Maullín","mancha_id":"10108-88cea85195fffff","clase":"Bajo","nivel_medio":0.953,"nivel_medio_min":0.524,"nivel_medio_max":1.06,"pct_alto":2.7,"n_hexagonos":4,"area_ha":158.58}},{"type":"Feature","geometry":{"type":"Polygon","coordinates":[[[-73.597668,-41.575322],[-73.603389,-41.574076],[-73.605254,-41.569533],[-73.610975,-41.568287],[-73.614831,-41.571583],[-73.620553,-41.570336],[-73.622416,-41.565792],[-73.628137,-41.564545],[-73.631995,-41.56784],[-73.630132,-41.572384],[-73.633992,-41.57568],[-73.632128,-41.580224],[-73.626406,-41.581471],[-73.622547,-41.578175],[-73.616825,-41.579422],[-73.61496,-41.583965],[-73.609238,-41.585212],[-73.605381,-41.581915],[-73.599659,-41.583161],[-73.595803,-41.579864],[-73.597668,-41.575322]]]},"properties":{"comuna":"Maullín","mancha_id":"10108-88cea85189fffff","clase":"Bajo","nivel_medio":1.264,"nivel_medio_min":1.116,"nivel_medio_max":1.476,"pct_alto":1.7,"n_hexagonos":6,"area_ha":394.64}},{"type":"Feature","geometry":{"type":"Polygon","coordinates":[[[-73.595678,-41.567484],[-73.593813,-41.572026],[-73.588093,-41.573271],[-73.584239,-41.569975],[-73.586104,-41.565433],[-73.591824,-41.564188],[-73.595678,-41.567484]]]},"properties":{"comuna":"Maullín","mancha_id":"10108-88cea85185fffff","clase":"Bajo","nivel_medio":1.499,"nivel_medio_min":1.499,"nivel_medio_max":1.499,"pct_alto":4.3,"n_hexagonos":1,"area_ha":65.74}},{"type":"Feature","geometry":{"type":"Polygon","coordinates":[[[-73.550493,-41.639341],[-73.548622,-41.643883],[-73.552478,-41.647183],[-73.558204,-41.645941],[-73.562061,-41.649241],[-73.560191,-41.653783],[-73.554463,-41.655025],[-73.552593,-41.659567],[-73.546865,-41.660808],[-73.543009,-41.657507],[-73.54488,-41.652966],[-73.541025,-41.649665],[-73.542896,-41.645124],[-73.539042,-41.641824],[-73.540913,-41.637283],[-73.546638,-41.636042],[-73.550493,-41.639341]]]},"properties":{"comuna":"Maullín","mancha_id":"10108-88cea85149fffff","clase":"Bajo","nivel_medio":0.959,"nivel_medio_min":0.614,"nivel_medio_max":1.41,"pct_alto":4.3,"n_hexagonos":4,"area_ha":262.97}},{"type":"Feature","geometry":{"type":"Polygon","coordinates":[[[-73.511973,-41.606348],[-73.513845,-41.601808],[-73.51425,-41.60172],[-73.51429,-41.6018],[-73.51594,-41.60255],[-73.51629,-41.6029],[-73.51644,-41.60357],[-73.51641,-41.60566],[-73.51662,-41.6065],[-73.51783,-41.60851],[-73.518323,-41.609104],[-73.519,-41.60992],[-73.51919,-41.6105],[-73.51918,-41.61092],[-73.51898,-41.61147],[-73.5176,-41.61317],[-73.51694,-41.61414],[-73.51697,-41.61432],[-73.51751,-41.61423],[-73.51768,-41.61427],[-73.51787,-41.61494],[-73.51785,-41.61502],[-73.51922,-41.61514],[-73.52033,-41.61412],[-73.52152,-41.61341],[-73.52269,-41.61292],[-73.52429,-41.61246],[-73.52513,-41.612344],[-73.523522,-41.616245],[-73.5178,-41.617485],[-73.515928,-41.622025],[-73.510206,-41.623265],[-73.508333,-41.627804],[-73.502611,-41.629044],[-73.498762,-41.625744],[-73.500635,-41.621205],[-73.506357,-41.619965],[-73.508229,-41.615426],[-73.51395,-41.614186],[-73.515822,-41.609647],[-73.511973,-41.606348]]]},"properties":{"comuna":"Maullín","mancha_id":"10108-88cea8512dfffff","clase":"Bajo","nivel_medio":1.117,"nivel_medio_min":0.9,"nivel_medio_max":1.451,"pct_alto":16.1,"n_hexagonos":4,"area_ha":194.74}},{"type":"Feature","geometry":{"type":"Polygon","coordinates":[[[-73.531375,-41.589737],[-73.534745,-41.589005],[-73.538073,-41.591856],[-73.5379,-41.59187],[-73.53681,-41.59222],[-73.53638,-41.59228],[-73.53525,-41.59225],[-73.53467,-41.59203],[-73.53411,-41.59147],[-73.533,-41.59079],[-73.53208,-41.59009],[-73.531375,-41.589737]]]},"properties":{"comuna":"Maullín","mancha_id":"10108-88cea85123fffff","clase":"Bajo","nivel_medio":1.26,"nivel_medio_min":1.26,"nivel_medio_max":1.26,"pct_alto":0.8,"n_hexagonos":1,"area_ha":9.8}},{"type":"Feature","geometry":{"type":"Polygon","coordinates":[[[-73.545414,-41.607361],[-73.542559,-41.607981],[-73.541175,-41.606795],[-73.5427,-41.60685],[-73.545414,-41.607361]]]},"properties":{"comuna":"Maullín","mancha_id":"10108-88cea85107fffff","clase":"Bajo","nivel_medio":1.197,"nivel_medio_min":1.197,"nivel_medio_max":1.197,"pct_alto":38.8,"n_hexagonos":1,"area_ha":2.26}},{"type":"Feature","geometry":{"type":"Polygon","coordinates":[[[-73.63746,-41.60351],[-73.63777,-41.60338],[-73.63801,-41.60358],[-73.637944,-41.603784],[-73.637286,-41.603927],[-73.63746,-41.60351]]]},"properties":{"comuna":"Maullín","mancha_id":"10108-88cea850edfffff","clase":"Bajo","nivel_medio":1.175,"nivel_medio_min":1.175,"nivel_medio_max":1.175,"pct_alto":1.9,"n_hexagonos":1,"area_ha":0.21}},{"type":"Feature","geometry":{"type":"Polygon","coordinates":[[[-73.6342,-41.60448],[-73.63469,-41.60437],[-73.63497,-41.60419],[-73.635393,-41.60434],[-73.634098,-41.604622],[-73.6342,-41.60448]]]},"properties":{"comuna":"Maullín","mancha_id":"10108-88cea850edfffff-2","clase":"Bajo","nivel_medio":1.175,"nivel_medio_min":1.175,"nivel_medio_max":1.175,"pct_alto":1.9,"n_hexagonos":1,"area_ha":0.16}},{"type":"Feature","geometry":{"type":"Polygon","coordinates":[[[-73.632616,-41.604945],[-73.63262,-41.60494],[-73.632636,-41.604941],[-73.632616,-41.604945]]]},"properties":{"comuna":"Maullín","mancha_id":"10108-88cea850edfffff-3","clase":"Bajo","nivel_medio":1.175,"nivel_medio_min":1.175,"nivel_medio_max":1.175,"pct_alto":1.9,"n_hexagonos":1,"area_ha":0.0}},{"type":"Feature","geometry":{"type":"Polygon","coordinates":[[[-73.637717,-41.566592],[-73.639579,-41.562048],[-73.641545,-41.561619],[-73.64249,-41.561903],[-73.643491,-41.562171],[-73.644711,-41.562928],[-73.645614,-41.563441],[-73.646664,-41.563587],[-73.648115,-41.563722],[-73.64867,-41.563676],[-73.649161,-41.564095],[-73.647299,-41.568639],[-73.641577,-41.569888],[-73.637717,-41.566592]]]},"properties":{"comuna":"Maullín","mancha_id":"10108-88cea850a7fffff","clase":"Bajo","nivel_medio":0.594,"nivel_medio_min":0.594,"nivel_medio_max":0.594,"pct_alto":0.0,"n_hexagonos":1,"area_ha":57.78}},{"type":"Feature","geometry":{"type":"Polygon","coordinates":[[[-73.697093,-41.574318],[-73.695234,-41.578865],[-73.689509,-41.580116],[-73.685643,-41.57682],[-73.687503,-41.572274],[-73.693227,-41.571023],[-73.697093,-41.574318]]]},"properties":{"comuna":"Maullín","mancha_id":"10108-88cea85091fffff","clase":"Bajo","nivel_medio":1.091,"nivel_medio_min":1.091,"nivel_medio_max":1.091,"pct_alto":26.2,"n_hexagonos":1,"area_ha":65.86}},{"type":"Feature","geometry":{"type":"Polygon","coordinates":[[[-73.662745,-41.581821],[-73.66847,-41.580571],[-73.67033,-41.576026],[-73.676055,-41.574776],[-73.679919,-41.578071],[-73.678058,-41.582617],[-73.681923,-41.585913],[-73.680063,-41.590459],[-73.674337,-41.591709],[-73.670472,-41.588413],[-73.664747,-41.589662],[-73.663936,-41.591642],[-73.66353,-41.59145],[-73.66288,-41.59095],[-73.66179,-41.59027],[-73.66153,-41.59013],[-73.66113,-41.59012],[-73.66091,-41.59002],[-73.66074,-41.5897],[-73.66068,-41.58952],[-73.656665,-41.587287],[-73.6532,-41.58536],[-73.65296,-41.58501],[-73.65291,-41.58462],[-73.65204,-41.58398],[-73.65182,-41.58344],[-73.651824,-41.583034],[-73.653159,-41.579774],[-73.658883,-41.578525],[-73.662745,-41.581821]]]},"properties":{"comuna":"Maullín","mancha_id":"10108-88cea85081fffff","clase":"Bajo","nivel_medio":1.011,"nivel_medio_min":0.876,"nivel_medio_max":1.278,"pct_alto":20.5,"n_hexagonos":5,"area_ha":275.33}},{"type":"Feature","geometry":{"type":"Polygon","coordinates":[[[-73.598169,-41.624854],[-73.592443,-41.626098],[-73.590575,-41.630641],[-73.584849,-41.631885],[-73.582981,-41.636428],[-73.577254,-41.637671],[-73.573396,-41.634372],[-73.575265,-41.62983],[-73.580991,-41.628586],[-73.582859,-41.624044],[-73.579002,-41.620745],[-73.580431,-41.61727],[-73.5809,-41.61738],[-73.58196,-41.61741],[-73.5826,-41.61784],[-73.58293,-41.61882],[-73.58326,-41.62124],[-73.58344,-41.62173],[-73.58368,-41.62202],[-73.58403,-41.62227],[-73.58421,-41.62271],[-73.58443,-41.62301],[-73.58517,-41.623542],[-73.58553,-41.6238],[-73.58555,-41.6239],[-73.589699,-41.623753],[-73.59343,-41.62362],[-73.59395,-41.62258],[-73.59391,-41.62182],[-73.5938,-41.62171],[-73.59349,-41.62178],[-73.59335,-41.62162],[-73.59334,-41.62092],[-73.593,-41.61939],[-73.59314,-41.61826],[-73.593214,-41.617657],[-73.596177,-41.617012],[-73.596814,-41.615461],[-73.5975,-41.61518],[-73.59843,-41.61504],[-73.59999,-41.61465],[-73.60107,-41.61437],[-73.60123,-41.61433],[-73.60254,-41.61386],[-73.60403,-41.61352],[-73.60477,-41.61355],[-73.60606,-41.61393],[-73.607106,-41.614077],[-73.607628,-41.614522],[-73.605761,-41.619066],[-73.600036,-41.620311],[-73.598169,-41.624854]]]},"properties":{"comuna":"Maullín","mancha_id":"10108-88cea85029fffff","clase":"Bajo","nivel_medio":0.893,"nivel_medio_min":0.537,"nivel_medio_max":1.303,"pct_alto":11.1,"n_hexagonos":5,"area_ha":240.68}},{"type":"Feature","geometry":{"type":"Polygon","coordinates":[[[-73.62294,-41.615328],[-73.626801,-41.618626],[-73.632528,-41.617379],[-73.634392,-41.612835],[-73.640119,-41.611588],[-73.641982,-41.607043],[-73.647709,-41.605795],[-73.651572,-41.609092],[-73.654097,-41.608542],[-73.65431,-41.60919],[-73.65528,-41.61052],[-73.65659,-41.61186],[-73.65757,-41.61303],[-73.65794,-41.61385],[-73.65819,-41.61545],[-73.658398,-41.615883],[-73.653573,-41.616935],[-73.65171,-41.62148],[-73.655574,-41.624778],[-73.653711,-41.629323],[-73.647982,-41.630571],[-73.644118,-41.627273],[-73.638389,-41.62852],[-73.636525,-41.633065],[-73.640389,-41.636363],[-73.646118,-41.635116],[-73.649983,-41.638414],[-73.655713,-41.637167],[-73.65958,-41.640465],[-73.657716,-41.645011],[-73.659135,-41.646221],[-73.65913,-41.64631],[-73.6594,-41.64724],[-73.65941,-41.64761],[-73.65914,-41.64799],[-73.65895,-41.64947],[-73.65867,-41.65039],[-73.65822,-41.65131],[-73.65799,-41.65205],[-73.65806,-41.65243],[-73.65795,-41.65298],[-73.657957,-41.653239],[-73.65797,-41.65372],[-73.65821,-41.65484],[-73.6588,-41.65615],[-73.65941,-41.65783],[-73.66002,-41.65895],[-73.66105,-41.66044],[-73.661141,-41.660828],[-73.65599,-41.661949],[-73.652123,-41.658649],[-73.646391,-41.659896],[-73.642524,-41.656597],[-73.644389,-41.652051],[-73.640524,-41.648752],[-73.634793,-41.649999],[-73.630929,-41.6467],[-73.632794,-41.642155],[-73.628931,-41.638856],[-73.623202,-41.640102],[-73.619339,-41.636803],[-73.621205,-41.632259],[-73.617343,-41.62896],[-73.619209,-41.624416],[-73.615348,-41.621118],[-73.617213,-41.616574],[-73.613353,-41.613277],[-73.613623,-41.612619],[-73.61429,-41.61254],[-73.61615,-41.61204],[-73.61858,-41.61152],[-73.61951,-41.61112],[-73.62045,-41.61071],[-73.62212,-41.61047],[-73.62322,-41.60983],[-73.623551,-41.609714],[-73.62419,-41.60949],[-73.62531,-41.60899],[-73.62677,-41.60807],[-73.62787,-41.60795],[-73.6288,-41.60768],[-73.62921,-41.60742],[-73.62937,-41.60691],[-73.6313,-41.60569],[-73.632247,-41.605352],[-73.63053,-41.609537],[-73.624805,-41.610784],[-73.62294,-41.615328]]]},"properties":{"comuna":"Maullín","mancha_id":"10108-88cea85003fffff","clase":"Bajo","nivel_medio":1.243,"nivel_medio_min":1.0,"nivel_medio_max":1.485,"pct_alto":7.6,"n_hexagonos":21,"area_ha":1249.82}},{"type":"Feature","geometry":{"type":"Polygon","coordinates":[[[-73.69821,-41.507846],[-73.696354,-41.512391],[-73.691842,-41.513379],[-73.691843,-41.513365],[-73.691727,-41.513017],[-73.691453,-41.512701],[-73.691116,-41.512427],[-73.690842,-41.511921],[-73.69086,-41.51139],[-73.690979,-41.510866],[-73.691295,-41.510276],[-73.691727,-41.509791],[-73.69227,-41.50939],[-73.692655,-41.509021],[-73.692992,-41.508705],[-73.693319,-41.508231],[-73.69363,-41.5076],[-73.693857,-41.506839],[-73.693994,-41.505489],[-73.694231,-41.504579],[-73.694349,-41.504553],[-73.69821,-41.507846]]]},"properties":{"comuna":"Maullín","mancha_id":"10108-88cea842c5fffff","clase":"Bajo","nivel_medio":1.369,"nivel_medio_min":1.369,"nivel_medio_max":1.369,"pct_alto":30.3,"n_hexagonos":1,"area_ha":32.64}},{"type":"Feature","geometry":{"type":"Polygon","coordinates":[[[-73.679487,-41.540915],[-73.677628,-41.54546],[-73.671907,-41.546711],[-73.668046,-41.543417],[-73.669905,-41.538872],[-73.675625,-41.537621],[-73.677484,-41.533076],[-73.683204,-41.531824],[-73.687066,-41.535118],[-73.685207,-41.539663],[-73.679487,-41.540915]]]},"properties":{"comuna":"Maullín","mancha_id":"10108-88cea84251fffff","clase":"Bajo","nivel_medio":1.198,"nivel_medio_min":0.97,"nivel_medio_max":1.427,"pct_alto":30.9,"n_hexagonos":2,"area_ha":131.64}},{"type":"Feature","geometry":{"type":"Polygon","coordinates":[[[-73.692639,-41.521482],[-73.690782,-41.526027],[-73.685062,-41.527279],[-73.681201,-41.523986],[-73.683059,-41.519441],[-73.688778,-41.518189],[-73.692639,-41.521482]]]},"properties":{"comuna":"Maullín","mancha_id":"10108-88cea8421bfffff","clase":"Bajo","nivel_medio":0.796,"nivel_medio_min":0.796,"nivel_medio_max":0.796,"pct_alto":10.6,"n_hexagonos":1,"area_ha":65.82}},{"type":"Feature","geometry":{"type":"Polygon","coordinates":[[[-73.344043,-41.609597],[-73.34216,-41.614129],[-73.336446,-41.615359],[-73.332615,-41.612057],[-73.334499,-41.607526],[-73.340212,-41.606295],[-73.344043,-41.609597]]]},"properties":{"comuna":"Maullín","mancha_id":"10108-88ceae2ea1fffff","clase":"Medio","nivel_medio":1.641,"nivel_medio_min":1.641,"nivel_medio_max":1.641,"pct_alto":16.7,"n_hexagonos":1,"area_ha":65.48}},{"type":"Feature","geometry":{"type":"Polygon","coordinates":[[[-73.296396,-41.611598],[-73.300222,-41.6149],[-73.305935,-41.613672],[-73.309763,-41.616974],[-73.307878,-41.621505],[-73.311706,-41.624808],[-73.31742,-41.623579],[-73.32125,-41.626882],[-73.319365,-41.631413],[-73.323196,-41.634716],[-73.321311,-41.639248],[-73.315595,-41.640476],[-73.31371,-41.645008],[-73.317541,-41.648311],[-73.323258,-41.647083],[-73.325143,-41.642551],[-73.330859,-41.641322],[-73.334691,-41.644625],[-73.340408,-41.643395],[-73.344242,-41.646699],[-73.342358,-41.651231],[-73.33664,-41.652461],[-73.334756,-41.656993],[-73.329037,-41.658222],[-73.325205,-41.654918],[-73.319487,-41.656147],[-73.317601,-41.660678],[-73.315308,-41.661171],[-73.31402,-41.65981],[-73.31049,-41.65608],[-73.30968,-41.65523],[-73.309526,-41.655062],[-73.30946,-41.65499],[-73.305582,-41.65088],[-73.299109,-41.644018],[-73.295081,-41.639749],[-73.29112,-41.63555],[-73.28978,-41.63414],[-73.289394,-41.633727],[-73.292679,-41.633022],[-73.294565,-41.628492],[-73.300279,-41.627264],[-73.302164,-41.622733],[-73.298337,-41.619431],[-73.292624,-41.620658],[-73.290738,-41.625189],[-73.285025,-41.626416],[-73.284274,-41.62822],[-73.28406,-41.62799],[-73.28048,-41.62417],[-73.279775,-41.623418],[-73.281199,-41.623113],[-73.283086,-41.618583],[-73.288798,-41.617356],[-73.290684,-41.612826],[-73.296396,-41.611598]]]},"properties":{"comuna":"Maullín","mancha_id":"10108-88ceae2c09fffff","clase":"Medio","nivel_medio":1.901,"nivel_medio_min":1.53,"nivel_medio_max":2.386,"pct_alto":12.1,"n_hexagonos":20,"area_ha":1086.29}},{"type":"Feature","geometry":{"type":"Polygon","coordinates":[[[-73.35407,-41.698257],[-73.357909,-41.701563],[-73.356509,-41.70493],[-73.35591,-41.7043],[-73.35564,-41.70401],[-73.35432,-41.70261],[-73.35331,-41.70155],[-73.35287,-41.70107],[-73.35208,-41.70022],[-73.35191,-41.70005],[-73.35188,-41.70002],[-73.350869,-41.698945],[-73.3492,-41.69717],[-73.34789,-41.69576],[-73.34589,-41.69361],[-73.345673,-41.69338],[-73.34169,-41.68916],[-73.341244,-41.688624],[-73.34114,-41.6885],[-73.33598,-41.68302],[-73.334848,-41.68182],[-73.334884,-41.681733],[-73.33425,-41.681186],[-73.33348,-41.68037],[-73.33264,-41.67948],[-73.33263,-41.67947],[-73.33208,-41.67889],[-73.331231,-41.677992],[-73.332935,-41.673895],[-73.338655,-41.672667],[-73.34249,-41.675971],[-73.340605,-41.680504],[-73.344442,-41.683809],[-73.342557,-41.688342],[-73.346394,-41.691647],[-73.352116,-41.690418],[-73.355954,-41.693723],[-73.35407,-41.698257]]]},"properties":{"comuna":"Maullín","mancha_id":"10108-88ceae2093fffff","clase":"Medio","nivel_medio":1.714,"nivel_medio_min":1.643,"nivel_medio_max":1.832,"pct_alto":16.4,"n_hexagonos":5,"area_ha":180.3}},{"type":"Feature","geometry":{"type":"Polygon","coordinates":[[[-73.81133,-41.74366],[-73.81107,-41.74362],[-73.810886,-41.743459],[-73.81083,-41.74341],[-73.81069,-41.74327],[-73.81044,-41.74326],[-73.81016,-41.7434],[-73.80984,-41.74338],[-73.80931,-41.74322],[-73.80859,-41.74312],[-73.80824,-41.74313],[-73.8078,-41.74327],[-73.80705,-41.74357],[-73.80677,-41.74368],[-73.80629,-41.74391],[-73.80578,-41.74409],[-73.80553,-41.74434],[-73.80543,-41.74469],[-73.80541,-41.74476],[-73.80542,-41.74534],[-73.805362,-41.745467],[-73.804859,-41.745577],[-73.80462,-41.74541],[-73.80419,-41.74495],[-73.80356,-41.74452],[-73.803445,-41.744463],[-73.800889,-41.742294],[-73.802333,-41.738755],[-73.80281,-41.73862],[-73.80403,-41.73864],[-73.80429,-41.73847],[-73.80465,-41.73814],[-73.80492,-41.73801],[-73.80527,-41.73793],[-73.80576,-41.73792],[-73.80723,-41.73722],[-73.808222,-41.736546],[-73.808494,-41.736486],[-73.808565,-41.736313],[-73.80954,-41.73565],[-73.80998,-41.73508],[-73.8102,-41.73438],[-73.81037,-41.73362],[-73.8104,-41.73274],[-73.810226,-41.73224],[-73.810352,-41.731932],[-73.810225,-41.731825],[-73.81025,-41.73174],[-73.81054,-41.73139],[-73.81061,-41.7313],[-73.81095,-41.73096],[-73.81116,-41.73054],[-73.81132,-41.73034],[-73.81177,-41.73012],[-73.81197,-41.73022],[-73.81197,-41.73047],[-73.81211,-41.73062],[-73.81243,-41.7307],[-73.81288,-41.73062],[-73.81336,-41.73043],[-73.81364,-41.73037],[-73.81481,-41.73035],[-73.81502,-41.73041],[-73.81526,-41.73073],[-73.815359,-41.730839],[-73.81545,-41.73094],[-73.81596,-41.73099],[-73.816375,-41.730913],[-73.818055,-41.732338],[-73.81805,-41.73239],[-73.81801,-41.73351],[-73.81816,-41.73376],[-73.81821,-41.73392],[-73.81817,-41.73443],[-73.81807,-41.73458],[-73.81817,-41.73461],[-73.81826,-41.73463],[-73.81902,-41.73446],[-73.81926,-41.73453],[-73.81937,-41.7347],[-73.81937,-41.73501],[-73.81921,-41.73545],[-73.819,-41.73572],[-73.81891,-41.73605],[-73.819,-41.73637],[-73.819009,-41.73638],[-73.818131,-41.738532],[-73.821626,-41.741497],[-73.82104,-41.74166],[-73.82033,-41.74182],[-73.81958,-41.74211],[-73.81873,-41.74242],[-73.81809,-41.74245],[-73.81718,-41.74258],[-73.81625,-41.74264],[-73.81581,-41.74275],[-73.81528,-41.74273],[-73.81473,-41.74251],[-73.81426,-41.74207],[-73.81388,-41.74185],[-73.81354,-41.74126],[-73.81329,-41.74092],[-73.8132,-41.74082],[-73.81291,-41.74076],[-73.81267,-41.74087],[-73.81202,-41.74103],[-73.811829,-41.741147],[-73.81162,-41.741275],[-73.81114,-41.74161],[-73.8109,-41.742],[-73.81079,-41.74242],[-73.8109,-41.74278],[-73.81108,-41.742984],[-73.8112,-41.74312],[-73.81157,-41.74334],[-73.81158,-41.74348],[-73.81149,-41.74363],[-73.81133,-41.74366]]]},"properties":{"comuna":"Maullín","mancha_id":"10108-88cea8cec5fffff","clase":"Medio","nivel_medio":1.78,"nivel_medio_min":1.503,"nivel_medio_max":1.88,"pct_alto":0.7,"n_hexagonos":4,"area_ha":142.18}},{"type":"Feature","geometry":{"type":"Polygon","coordinates":[[[-73.76095,-41.74666],[-73.76089,-41.74686],[-73.76074,-41.74696],[-73.76061,-41.74692],[-73.76052,-41.74688],[-73.7605,-41.74675],[-73.7605,-41.74654],[-73.76051,-41.74643],[-73.76058,-41.74621],[-73.76068,-41.74616],[-73.76081,-41.74613],[-73.76097,-41.74613],[-73.76105,-41.74617],[-73.76109,-41.74622],[-73.76109,-41.74631],[-73.76104,-41.74649],[-73.76095,-41.74666]]]},"properties":{"comuna":"Maullín","mancha_id":"10108-88cea8ce23fffff","clase":"Medio","nivel_medio":2.111,"nivel_medio_min":2.111,"nivel_medio_max":2.111,"pct_alto":28.4,"n_hexagonos":1,"area_ha":0.34}},{"type":"Feature","geometry":{"type":"Polygon","coordinates":[[[-73.6855,-41.68092],[-73.685484,-41.680956],[-73.684946,-41.680497],[-73.68562,-41.678851],[-73.68562,-41.67964],[-73.6855,-41.68092]]]},"properties":{"comuna":"Maullín","mancha_id":"10108-88cea8cd3dfffff","clase":"Medio","nivel_medio":2.218,"nivel_medio_min":2.218,"nivel_medio_max":2.218,"pct_alto":58.8,"n_hexagonos":1,"area_ha":0.61}},{"type":"Feature","geometry":{"type":"Polygon","coordinates":[[[-73.682966,-41.672579],[-73.683263,-41.672928],[-73.682937,-41.67265],[-73.682966,-41.672579]]]},"properties":{"comuna":"Maullín","mancha_id":"10108-88cea8cd35fffff","clase":"Medio","nivel_medio":1.818,"nivel_medio_min":1.818,"nivel_medio_max":1.818,"pct_alto":41.6,"n_hexagonos":1,"area_ha":0.01}},{"type":"Feature","geometry":{"type":"Polygon","coordinates":[[[-73.496031,-41.758654],[-73.490295,-41.759889],[-73.487319,-41.757338],[-73.48698,-41.75695],[-73.4867,-41.75659],[-73.48664,-41.75653],[-73.486543,-41.756329],[-73.48648,-41.7562],[-73.486232,-41.755623],[-73.486122,-41.755128],[-73.486062,-41.754619],[-73.485975,-41.754197],[-73.485681,-41.753707],[-73.485093,-41.753242],[-73.484235,-41.752752],[-73.483476,-41.752213],[-73.482373,-41.751502],[-73.481467,-41.750963],[-73.480781,-41.750522],[-73.480021,-41.75013],[-73.479793,-41.75],[-73.479465,-41.749813],[-73.48446,-41.748737],[-73.488316,-41.752043],[-73.494051,-41.750807],[-73.497909,-41.754113],[-73.496031,-41.758654]]]},"properties":{"comuna":"Maullín","mancha_id":"10108-88cea8c92dfffff","clase":"Medio","nivel_medio":1.958,"nivel_medio_min":1.622,"nivel_medio_max":2.073,"pct_alto":41.4,"n_hexagonos":2,"area_ha":88.02}},{"type":"Feature","geometry":{"type":"Polygon","coordinates":[[[-73.6431,-41.75557],[-73.643264,-41.755455],[-73.64337,-41.75538],[-73.64396,-41.75473],[-73.64438,-41.75439],[-73.64485,-41.75425],[-73.6454,-41.75426],[-73.64572,-41.75435],[-73.64634,-41.75466],[-73.64669,-41.75477],[-73.64758,-41.754891],[-73.643611,-41.755751],[-73.642515,-41.758419],[-73.64193,-41.75829],[-73.64141,-41.75809],[-73.64074,-41.75764],[-73.6402,-41.75717],[-73.63979,-41.75668],[-73.63946,-41.75637],[-73.63944,-41.75625],[-73.63956,-41.7561],[-73.63998,-41.75599],[-73.64014,-41.75588],[-73.6402,-41.75583],[-73.6402,-41.75521],[-73.64024,-41.75511],[-73.64037,-41.75499],[-73.64079,-41.7549],[-73.64105,-41.75491],[-73.64142,-41.75507],[-73.64172,-41.75531],[-73.6423,-41.75561],[-73.64265,-41.75563],[-73.6431,-41.75557]]]},"properties":{"comuna":"Maullín","mancha_id":"10108-88cea8c8c1fffff","clase":"Medio","nivel_medio":2.01,"nivel_medio_min":1.638,"nivel_medio_max":2.158,"pct_alto":39.8,"n_hexagonos":2,"area_ha":10.81}},{"type":"Feature","geometry":{"type":"Polygon","coordinates":[[[-73.51334,-41.54808],[-73.513601,-41.548136],[-73.51445,-41.54832],[-73.51537,-41.54839],[-73.51592,-41.548307],[-73.5163,-41.54825],[-73.51684,-41.54809],[-73.51744,-41.54783],[-73.51829,-41.54723],[-73.51865,-41.54688],[-73.51924,-41.54612],[-73.51943,-41.54577],[-73.52019,-41.542572],[-73.52053,-41.54114],[-73.52068,-41.53985],[-73.52068,-41.53966],[-73.52381,-41.53888],[-73.52326,-41.53813],[-73.523085,-41.53761],[-73.522925,-41.536902],[-73.522739,-41.535959],[-73.522989,-41.535945],[-73.524744,-41.53745],[-73.522875,-41.541988],[-73.526721,-41.545284],[-73.524852,-41.549823],[-73.519137,-41.551065],[-73.517268,-41.555604],[-73.521114,-41.558901],[-73.519244,-41.563439],[-73.523091,-41.566737],[-73.521221,-41.571276],[-73.519972,-41.571547],[-73.51977,-41.57135],[-73.51906,-41.57004],[-73.51869,-41.56877],[-73.51845,-41.56795],[-73.51751,-41.56691],[-73.51747,-41.56685],[-73.5166,-41.56565],[-73.515815,-41.564184],[-73.51442,-41.56158],[-73.51412,-41.5606],[-73.51311,-41.55864],[-73.51227,-41.55752],[-73.51189,-41.556772],[-73.51127,-41.55555],[-73.51047,-41.55443],[-73.508596,-41.551393],[-73.50839,-41.55106],[-73.50767,-41.55008],[-73.50763,-41.55],[-73.50832,-41.54983],[-73.50916,-41.54994],[-73.509191,-41.549949],[-73.51054,-41.55033],[-73.51164,-41.55059],[-73.51229,-41.5506],[-73.51285,-41.55036],[-73.51292,-41.55014],[-73.51282,-41.54977],[-73.51263,-41.54949],[-73.5125,-41.54941],[-73.51198,-41.54934],[-73.51181,-41.54926],[-73.51163,-41.54908],[-73.51154,-41.5489],[-73.51158,-41.54869],[-73.511678,-41.548554],[-73.51171,-41.54851],[-73.51189,-41.54824],[-73.51214,-41.54802],[-73.51251,-41.548],[-73.51334,-41.54808]]]},"properties":{"comuna":"Maullín","mancha_id":"10108-88cea85aa1fffff","clase":"Medio","nivel_medio":2.198,"nivel_medio_min":1.966,"nivel_medio_max":2.348,"pct_alto":27.6,"n_hexagonos":7,"area_ha":190.24}},{"type":"Feature","geometry":{"type":"Polygon","coordinates":[[[-73.4072,-41.51251],[-73.4077,-41.51247],[-73.40821,-41.51236],[-73.40888,-41.51236],[-73.40906,-41.51226],[-73.40929,-41.51222],[-73.40943,-41.51229],[-73.40945,-41.51242],[-73.40939,-41.51263],[-73.40918,-41.51286],[-73.40891,-41.51297],[-73.40816,-41.51311],[-73.40765,-41.51318],[-73.4074,-41.51324],[-73.40703,-41.51337],[-73.4067,-41.51354],[-73.40622,-41.51374],[-73.40584,-41.51385],[-73.40526,-41.5143],[-73.40524,-41.51418],[-73.40516,-41.51411],[-73.40519,-41.51402],[-73.40537,-41.51381],[-73.40618,-41.51293],[-73.40663,-41.51263],[-73.4072,-41.51251]]]},"properties":{"comuna":"Maullín","mancha_id":"10108-88cea85939fffff","clase":"Medio","nivel_medio":1.963,"nivel_medio_min":1.963,"nivel_medio_max":1.963,"pct_alto":3.2,"n_hexagonos":1,"area_ha":2.7}},{"type":"Feature","geometry":{"type":"Polygon","coordinates":[[[-73.40598,-41.51635],[-73.40587,-41.51701],[-73.40585,-41.5175],[-73.405792,-41.517848],[-73.403549,-41.518334],[-73.40384,-41.51776],[-73.40391,-41.51743],[-73.40432,-41.51627],[-73.40478,-41.51529],[-73.40521,-41.51476],[-73.40537,-41.51463],[-73.40577,-41.51436],[-73.40634,-41.51406],[-73.40672,-41.51392],[-73.40748,-41.51378],[-73.40843,-41.51348],[-73.40881,-41.51342],[-73.40931,-41.51341],[-73.40937,-41.51351],[-73.40938,-41.51362],[-73.40905,-41.514],[-73.40868,-41.51429],[-73.4085,-41.51439],[-73.4082,-41.5145],[-73.4082,-41.51452],[-73.40755,-41.51459],[-73.40716,-41.51471],[-73.40709,-41.51477],[-73.4066,-41.51504],[-73.40642,-41.51519],[-73.40618,-41.51552],[-73.40598,-41.51635]]]},"properties":{"comuna":"Maullín","mancha_id":"10108-88cea85939fffff-2","clase":"Medio","nivel_medio":1.963,"nivel_medio_min":1.963,"nivel_medio_max":1.963,"pct_alto":3.2,"n_hexagonos":1,"area_ha":8.05}},{"type":"Feature","geometry":{"type":"Polygon","coordinates":[[[-73.40887,-41.5148],[-73.40891,-41.51487],[-73.40908,-41.51521],[-73.40913,-41.515277],[-73.408627,-41.516492],[-73.40825,-41.5168],[-73.40796,-41.51722],[-73.407758,-41.517422],[-73.406193,-41.517761],[-73.40638,-41.51637],[-73.40658,-41.51595],[-73.40687,-41.51553],[-73.40741,-41.51514],[-73.40749,-41.51513],[-73.40754,-41.51507],[-73.408,-41.51487],[-73.40865,-41.51469],[-73.40887,-41.5148]]]},"properties":{"comuna":"Maullín","mancha_id":"10108-88cea85939fffff-3","clase":"Medio","nivel_medio":1.963,"nivel_medio_min":1.963,"nivel_medio_max":1.963,"pct_alto":3.2,"n_hexagonos":1,"area_ha":4.95}},{"type":"Feature","geometry":{"type":"Polygon","coordinates":[[[-73.40708,-41.50486],[-73.40736,-41.50455],[-73.40746,-41.50436],[-73.407489,-41.504324],[-73.408128,-41.504875],[-73.40766,-41.50512],[-73.40725,-41.50521],[-73.40717,-41.50515],[-73.40708,-41.50495],[-73.40708,-41.50486]]]},"properties":{"comuna":"Maullín","mancha_id":"10108-88cea85931fffff","clase":"Medio","nivel_medio":1.866,"nivel_medio_min":1.866,"nivel_medio_max":1.866,"pct_alto":2.9,"n_hexagonos":1,"area_ha":0.46}},{"type":"Feature","geometry":{"type":"Polygon","coordinates":[[[-73.37262,-41.51643],[-73.372313,-41.516383],[-73.37171,-41.51629],[-73.37109,-41.51598],[-73.3708,-41.51556],[-73.37073,-41.51539],[-73.37064,-41.51531],[-73.37064,-41.51522],[-73.37046,-41.51497],[-73.37028,-41.51459],[-73.37013,-41.51421],[-73.37013,-41.51407],[-73.3702,-41.51398],[-73.3701,-41.51364],[-73.36987,-41.51326],[-73.3692,-41.5125],[-73.36903,-41.51212],[-73.369,-41.51174],[-73.36911,-41.51144],[-73.36921,-41.5114],[-73.36923,-41.51133],[-73.36929,-41.51132],[-73.36942,-41.51122],[-73.36997,-41.51066],[-73.371021,-41.509811],[-73.37122,-41.50965],[-73.37173,-41.50931],[-73.3731,-41.5085],[-73.37384,-41.50794],[-73.37437,-41.50761],[-73.37523,-41.50718],[-73.37535,-41.50717],[-73.37551,-41.50727],[-73.37566,-41.50763],[-73.37578,-41.50776],[-73.37581,-41.50774],[-73.37588,-41.5077],[-73.37579,-41.50725],[-73.37588,-41.50712],[-73.37652,-41.50689],[-73.37676,-41.50674],[-73.37708,-41.50669],[-73.3774,-41.50658],[-73.37784,-41.50665],[-73.37835,-41.50659],[-73.37853,-41.50666],[-73.379,-41.50664],[-73.37933,-41.50684],[-73.37967,-41.50689],[-73.37992,-41.50686],[-73.38014,-41.50676],[-73.38043,-41.50679],[-73.38126,-41.50705],[-73.381371,-41.50705],[-73.38177,-41.50705],[-73.38252,-41.50698],[-73.38278,-41.50698],[-73.38345,-41.50706],[-73.38347,-41.50703],[-73.38403,-41.50699],[-73.38479,-41.50682],[-73.38655,-41.50683],[-73.38831,-41.50679],[-73.38857,-41.50674],[-73.388848,-41.50672],[-73.38983,-41.50665],[-73.39033,-41.50657],[-73.39109,-41.50653],[-73.3921,-41.50632],[-73.39286,-41.50612],[-73.39336,-41.50611],[-73.39361,-41.50608],[-73.39463,-41.50582],[-73.39513,-41.50572],[-73.39639,-41.50556],[-73.3969,-41.50542],[-73.397665,-41.505324],[-73.39841,-41.50523],[-73.39867,-41.50516],[-73.39892,-41.50514],[-73.39943,-41.505],[-73.39968,-41.505],[-73.40043,-41.50488],[-73.40144,-41.50482],[-73.4022,-41.50463],[-73.40271,-41.50455],[-73.40397,-41.50422],[-73.40459,-41.50411],[-73.40462,-41.50402],[-73.4051,-41.50392],[-73.40545,-41.50386],[-73.40562,-41.50386],[-73.40589,-41.50389],[-73.40609,-41.50389],[-73.40633,-41.5038],[-73.40662,-41.50362],[-73.40666,-41.503611],[-73.406911,-41.503827],[-73.4067,-41.50402],[-73.40662,-41.5046],[-73.40655,-41.50468],[-73.40652,-41.50484],[-73.40639,-41.50514],[-73.40624,-41.50521],[-73.40594,-41.50545],[-73.40482,-41.50604],[-73.40417,-41.50643],[-73.40366,-41.50666],[-73.40289,-41.5071],[-73.40174,-41.50784],[-73.40089,-41.50822],[-73.40038,-41.50831],[-73.39963,-41.50832],[-73.39928,-41.50836],[-73.39903,-41.50833],[-73.39879,-41.50826],[-73.39847,-41.50821],[-73.39836,-41.50822],[-73.39831,-41.50827],[-73.39821,-41.50828],[-73.39802,-41.50841],[-73.39797,-41.508426],[-73.39761,-41.50854],[-73.3966,-41.50873],[-73.39584,-41.50883],[-73.39508,-41.50901],[-73.39356,-41.50945],[-73.39305,-41.50967],[-73.39171,-41.51046],[-73.39122,-41.51089],[-73.39084,-41.51131],[-73.39004,-41.51194],[-73.38954,-41.51243],[-73.389526,-41.51244],[-73.38917,-41.5127],[-73.389,-41.51272],[-73.38883,-41.51281],[-73.38845,-41.51286],[-73.38811,-41.51317],[-73.38788,-41.51332],[-73.38727,-41.51356],[-73.387148,-41.513634],[-73.38613,-41.51425],[-73.38542,-41.51462],[-73.38475,-41.51481],[-73.38453,-41.51495],[-73.38432,-41.51523],[-73.38403,-41.51542],[-73.38385,-41.51543],[-73.38351,-41.51551],[-73.383006,-41.515643],[-73.38249,-41.51578],[-73.38224,-41.51588],[-73.38138,-41.51641],[-73.38087,-41.51651],[-73.38037,-41.51653],[-73.38002,-41.51658],[-73.37997,-41.51663],[-73.37986,-41.51667],[-73.37961,-41.51671],[-73.3786,-41.51678],[-73.37801,-41.5167],[-73.37732,-41.51652],[-73.37628,-41.5164],[-73.37594,-41.51639],[-73.37575,-41.51634],[-73.3757,-41.51629],[-73.37525,-41.51621],[-73.37491,-41.51621],[-73.37472,-41.51621],[-73.37405,-41.51642],[-73.3738,-41.51645],[-73.37328,-41.51647],[-73.37262,-41.51643]]]},"properties":{"comuna":"Maullín","mancha_id":"10108-88cea85921fffff","clase":"Medio","nivel_medio":1.956,"nivel_medio_min":1.866,"nivel_medio_max":1.995,"pct_alto":0.8,"n_hexagonos":8,"area_ha":200.6}},{"type":"Feature","geometry":{"type":"Polygon","coordinates":[[[-73.427284,-41.509061],[-73.432991,-41.507823],[-73.436825,-41.511119],[-73.442532,-41.509881],[-73.446367,-41.513176],[-73.445096,-41.516255],[-73.4443,-41.51574],[-73.4429,-41.51505],[-73.44176,-41.51468],[-73.44175,-41.51465],[-73.44159,-41.51458],[-73.44086,-41.51432],[-73.44058,-41.51426],[-73.44014,-41.51407],[-73.43986,-41.514],[-73.43935,-41.5138],[-73.43911,-41.51376],[-73.43885,-41.51366],[-73.4383,-41.51359],[-73.43774,-41.51346],[-73.43661,-41.51336],[-73.435909,-41.513337],[-73.43481,-41.5133],[-73.43377,-41.51341],[-73.43293,-41.51338],[-73.43198,-41.51343],[-73.43038,-41.51327],[-73.42954,-41.51309],[-73.42929,-41.51298],[-73.42876,-41.51284],[-73.42798,-41.51256],[-73.426185,-41.511722],[-73.42603,-41.51165],[-73.42582,-41.51153],[-73.42565,-41.51138],[-73.42497,-41.51098],[-73.42469,-41.51082],[-73.4241,-41.51036],[-73.42382,-41.5102],[-73.42331,-41.5098],[-73.42319,-41.50978],[-73.42266,-41.50939],[-73.4226,-41.50922],[-73.42201,-41.50846],[-73.42149,-41.50789],[-73.42104,-41.50751],[-73.41991,-41.50687],[-73.419402,-41.506644],[-73.423452,-41.505765],[-73.427284,-41.509061]]]},"properties":{"comuna":"Maullín","mancha_id":"10108-88cea85913fffff","clase":"Medio","nivel_medio":1.918,"nivel_medio_min":1.698,"nivel_medio_max":2.176,"pct_alto":9.1,"n_hexagonos":3,"area_ha":90.52}},{"type":"Feature","geometry":{"type":"Polygon","coordinates":[[[-73.434951,-41.515654],[-73.429244,-41.516892],[-73.425411,-41.513595],[-73.419704,-41.514833],[-73.415871,-41.511536],[-73.41087,-41.512621],[-73.4109,-41.51254],[-73.41126,-41.51197],[-73.4114,-41.5116],[-73.4117,-41.51104],[-73.41322,-41.50917],[-73.41361,-41.50875],[-73.41383,-41.50861],[-73.41419,-41.50832],[-73.41564,-41.50724],[-73.4168,-41.50693],[-73.417635,-41.506907],[-73.417746,-41.507003],[-73.418144,-41.506917],[-73.41834,-41.50693],[-73.41877,-41.50704],[-73.4194,-41.50731],[-73.4196,-41.50743],[-73.41987,-41.50769],[-73.42055,-41.50842],[-73.42137,-41.5095],[-73.42194,-41.51008],[-73.42217,-41.51025],[-73.42305,-41.51081],[-73.42412,-41.51132],[-73.4258,-41.5124],[-73.425885,-41.512447],[-73.42684,-41.51297],[-73.42702,-41.5131],[-73.42808,-41.51354],[-73.42917,-41.51386],[-73.42961,-41.51396],[-73.42983,-41.51398],[-73.43027,-41.51409],[-73.43115,-41.51422],[-73.43225,-41.51424],[-73.43312,-41.51432],[-73.43444,-41.51435],[-73.43532,-41.51443],[-73.435465,-41.51441],[-73.43554,-41.5144],[-73.43592,-41.5144],[-73.4362,-41.51446],[-73.43642,-41.51444],[-73.43818,-41.51468],[-73.4395,-41.51481],[-73.43971,-41.51488],[-73.44037,-41.51495],[-73.44081,-41.51505],[-73.44125,-41.51522],[-73.44168,-41.51545],[-73.44314,-41.51635],[-73.44413,-41.517],[-73.444665,-41.517298],[-73.444494,-41.517711],[-73.438786,-41.51895],[-73.434951,-41.515654]]]},"properties":{"comuna":"Maullín","mancha_id":"10108-88cea85913fffff-2","clase":"Medio","nivel_medio":1.97,"nivel_medio_min":1.698,"nivel_medio_max":2.176,"pct_alto":14.7,"n_hexagonos":4,"area_ha":98.24}},{"type":"Feature","geometry":{"type":"Polygon","coordinates":[[[-73.38501,-41.52443],[-73.38453,-41.524507],[-73.38426,-41.52455],[-73.38397,-41.52468],[-73.38386,-41.52475],[-73.38344,-41.52505],[-73.38314,-41.52509],[-73.38289,-41.52509],[-73.38236,-41.52497],[-73.38208,-41.52499],[-73.38182,-41.52507],[-73.38157,-41.52509],[-73.38113,-41.52491],[-73.38092,-41.52477],[-73.3805,-41.52445],[-73.38009,-41.52404],[-73.37987,-41.52394],[-73.37965,-41.52392],[-73.37921,-41.52381],[-73.37865,-41.52363],[-73.37812,-41.52342],[-73.37728,-41.52323],[-73.37714,-41.52321],[-73.37674,-41.52332],[-73.37652,-41.52328],[-73.37648,-41.52301],[-73.37664,-41.52281],[-73.37665,-41.52262],[-73.37641,-41.52233],[-73.37631,-41.52232],[-73.37622,-41.52236],[-73.37618,-41.52241],[-73.37622,-41.52278],[-73.37617,-41.52292],[-73.37602,-41.52304],[-73.37558,-41.52328],[-73.37482,-41.52345],[-73.374573,-41.523463],[-73.37444,-41.52347],[-73.3735,-41.52335],[-73.37287,-41.52334],[-73.37245,-41.52338],[-73.37212,-41.52328],[-73.37162,-41.52319],[-73.37137,-41.52312],[-73.37112,-41.52309],[-73.37067,-41.52313],[-73.3703,-41.52323],[-73.37011,-41.52325],[-73.36973,-41.52321],[-73.36903,-41.52294],[-73.36855,-41.52265],[-73.36821,-41.52249],[-73.36755,-41.52245],[-73.36685,-41.52208],[-73.36647,-41.52199],[-73.36627,-41.52203],[-73.36576,-41.52217],[-73.36558,-41.52209],[-73.36537,-41.52165],[-73.3653,-41.52128],[-73.365178,-41.521068],[-73.36504,-41.52083],[-73.3645,-41.52043],[-73.36436,-41.5204],[-73.36356,-41.52012],[-73.36329,-41.51995],[-73.36265,-41.51965],[-73.36246,-41.51957],[-73.36209,-41.51952],[-73.36183,-41.51954],[-73.36163,-41.5195],[-73.36124,-41.51932],[-73.36123,-41.51915],[-73.36205,-41.51866],[-73.3625,-41.51826],[-73.36345,-41.51733],[-73.36358,-41.51714],[-73.36379,-41.51696],[-73.364309,-41.516326],[-73.36456,-41.51602],[-73.36501,-41.51527],[-73.36554,-41.51471],[-73.36566,-41.51453],[-73.36596,-41.51377],[-73.36614,-41.51353],[-73.36649,-41.51324],[-73.36679,-41.51307],[-73.36741,-41.51245],[-73.3679,-41.51216],[-73.36798,-41.512],[-73.36821,-41.51179],[-73.36832,-41.51179],[-73.36839,-41.51187],[-73.3685,-41.51225],[-73.36876,-41.51292],[-73.36904,-41.5132],[-73.36939,-41.51347],[-73.36964,-41.51371],[-73.36969,-41.51411],[-73.36968,-41.51444],[-73.36978,-41.51477],[-73.37013,-41.51528],[-73.37041,-41.51555],[-73.37053,-41.51573],[-73.37088,-41.51606],[-73.37109,-41.51621],[-73.37149,-41.51639],[-73.37205,-41.51655],[-73.372241,-41.516556],[-73.37268,-41.51657],[-73.37334,-41.51664],[-73.37382,-41.5166],[-73.37459,-41.51651],[-73.37487,-41.51643],[-73.3754,-41.51645],[-73.37612,-41.51662],[-73.37687,-41.51667],[-73.37838,-41.51701],[-73.37949,-41.51705],[-73.37955,-41.51709],[-73.37955,-41.51713],[-73.37988,-41.51729],[-73.38013,-41.51728],[-73.38013,-41.51726],[-73.38089,-41.51701],[-73.3811,-41.5169],[-73.3812,-41.51678],[-73.38134,-41.51669],[-73.38163,-41.51657],[-73.38238,-41.51648],[-73.382713,-41.516351],[-73.38287,-41.51629],[-73.38315,-41.51612],[-73.38369,-41.51593],[-73.38443,-41.51556],[-73.38594,-41.5149],[-73.38652,-41.51461],[-73.38773,-41.51393],[-73.38873,-41.51352],[-73.389225,-41.513192],[-73.3895,-41.51301],[-73.38983,-41.51285],[-73.39028,-41.5125],[-73.39055,-41.51225],[-73.39089,-41.51183],[-73.39138,-41.51141],[-73.39308,-41.51032],[-73.39418,-41.50988],[-73.39475,-41.50961],[-73.39551,-41.50936],[-73.39577,-41.5093],[-73.39594,-41.5093],[-73.39595,-41.50941],[-73.39604,-41.50951],[-73.39553,-41.50998],[-73.39544,-41.50998],[-73.39465,-41.51043],[-73.39435,-41.51065],[-73.39409,-41.51091],[-73.39394,-41.51112],[-73.39391,-41.51117],[-73.39392,-41.51199],[-73.39412,-41.51247],[-73.39437,-41.51295],[-73.39441,-41.51342],[-73.3943,-41.51372],[-73.39424,-41.51375],[-73.39401,-41.51408],[-73.39377,-41.51425],[-73.3936,-41.51465],[-73.39364,-41.51464],[-73.39372,-41.51462],[-73.39412,-41.51435],[-73.39435,-41.51431],[-73.3944,-41.51445],[-73.3943,-41.51518],[-73.39431,-41.51564],[-73.39438,-41.51614],[-73.39445,-41.51614],[-73.39459,-41.51586],[-73.3946,-41.51486],[-73.39498,-41.5142],[-73.39495,-41.51418],[-73.39505,-41.5141],[-73.39521,-41.5135],[-73.3952,-41.51334],[-73.39484,-41.51262],[-73.39452,-41.51186],[-73.39441,-41.51148],[-73.39443,-41.51122],[-73.39477,-41.51075],[-73.39493,-41.5106],[-73.39594,-41.50995],[-73.39733,-41.50948],[-73.39866,-41.50922],[-73.398876,-41.509205],[-73.39923,-41.50918],[-73.3998,-41.5091],[-73.40036,-41.50907],[-73.40082,-41.50899],[-73.40095,-41.50893],[-73.40153,-41.50874],[-73.40158,-41.50866],[-73.40174,-41.50861],[-73.40313,-41.50781],[-73.40372,-41.50743],[-73.40441,-41.50693],[-73.4052,-41.50662],[-73.40632,-41.50609],[-73.40708,-41.50584],[-73.4073,-41.50572],[-73.40765,-41.5056],[-73.408011,-41.505424],[-73.40857,-41.50515],[-73.40958,-41.50489],[-73.411838,-41.504157],[-73.411959,-41.504131],[-73.41212,-41.5041],[-73.412129,-41.504094],[-73.413914,-41.503707],[-73.414921,-41.504573],[-73.41476,-41.50461],[-73.41449,-41.50478],[-73.41445,-41.50505],[-73.4145,-41.50514],[-73.41449,-41.50541],[-73.41439,-41.50551],[-73.41412,-41.50563],[-73.41398,-41.50577],[-73.41392,-41.50615],[-73.41361,-41.50652],[-73.41352,-41.50671],[-73.41348,-41.5069],[-73.41312,-41.50727],[-73.41236,-41.50777],[-73.41192,-41.50813],[-73.41128,-41.50876],[-73.41101,-41.50932],[-73.41045,-41.50993],[-73.41006,-41.51049],[-73.40954,-41.51168],[-73.40948,-41.51168],[-73.40945,-41.51174],[-73.4094,-41.51174],[-73.40921,-41.51185],[-73.409083,-41.511842],[-73.40856,-41.51181],[-73.40799,-41.51195],[-73.40755,-41.51196],[-73.40727,-41.512],[-73.40683,-41.51215],[-73.4066,-41.51222],[-73.40638,-41.51221],[-73.40618,-41.51214],[-73.40598,-41.51201],[-73.40593,-41.51162],[-73.40632,-41.51071],[-73.40619,-41.51048],[-73.40605,-41.51044],[-73.40601,-41.51054],[-73.40607,-41.51069],[-73.40602,-41.51087],[-73.40567,-41.51112],[-73.40553,-41.51127],[-73.40548,-41.51145],[-73.40536,-41.51163],[-73.40537,-41.51182],[-73.40564,-41.51226],[-73.40564,-41.51248],[-73.40556,-41.51258],[-73.40535,-41.51274],[-73.40524,-41.51278],[-73.40502,-41.51292],[-73.40432,-41.51306],[-73.4041,-41.51316],[-73.4041,-41.51319],[-73.40397,-41.51321],[-73.40376,-41.51339],[-73.40367,-41.51352],[-73.40371,-41.51352],[-73.4038,-41.51354],[-73.40543,-41.513],[-73.40537,-41.51324],[-73.40521,-41.51356],[-73.40488,-41.51402],[-73.40451,-41.51475],[-73.40444,-41.51479],[-73.4043,-41.51514],[-73.40387,-41.51589],[-73.40357,-41.51664],[-73.40333,-41.5174],[-73.40308,-41.51796],[-73.402777,-41.518501],[-73.402584,-41.518543],[-73.402363,-41.519076],[-73.40236,-41.51908],[-73.40193,-41.51947],[-73.40161,-41.51965],[-73.40085,-41.51989],[-73.40063,-41.51999],[-73.39885,-41.52052],[-73.39797,-41.52068],[-73.39731,-41.52084],[-73.39664,-41.52108],[-73.39553,-41.52159],[-73.39508,-41.52175],[-73.39464,-41.52186],[-73.39331,-41.52201],[-73.39287,-41.52218],[-73.392649,-41.522288],[-73.39242,-41.5224],[-73.3922,-41.52246],[-73.39176,-41.52246],[-73.3912,-41.5224],[-73.39092,-41.52232],[-73.39035,-41.5222],[-73.38934,-41.52218],[-73.38871,-41.52228],[-73.38837,-41.5224],[-73.38782,-41.52279],[-73.38735,-41.5229],[-73.38709,-41.52299],[-73.38676,-41.52325],[-73.38653,-41.52354],[-73.38601,-41.52371],[-73.38591,-41.52381],[-73.38567,-41.5241],[-73.38506,-41.5244],[-73.38501,-41.52443]]]},"properties":{"comuna":"Maullín","mancha_id":"10108-88cea85905fffff","clase":"Medio","nivel_medio":1.966,"nivel_medio_min":1.795,"nivel_medio_max":2.172,"pct_alto":4.8,"n_hexagonos":12,"area_ha":386.58}},{"type":"Feature","geometry":{"type":"Polygon","coordinates":[[[-73.46485,-41.52289],[-73.464842,-41.522905],[-73.463585,-41.521825],[-73.4636,-41.521789],[-73.4637,-41.52185],[-73.46408,-41.52216],[-73.4643,-41.52229],[-73.46462,-41.52257],[-73.46485,-41.52282],[-73.46485,-41.52289]]]},"properties":{"comuna":"Maullín","mancha_id":"10108-88cea85831fffff","clase":"Medio","nivel_medio":2.371,"nivel_medio_min":2.371,"nivel_medio_max":2.371,"pct_alto":68.6,"n_hexagonos":1,"area_ha":0.13}},{"type":"Feature","geometry":{"type":"Polygon","coordinates":[[[-73.47328,-41.52344],[-73.47332,-41.523428],[-73.47395,-41.52323],[-73.47439,-41.52316],[-73.47505,-41.52312],[-73.47593,-41.52323],[-73.47637,-41.52334],[-73.47789,-41.52409],[-73.47893,-41.52455],[-73.47979,-41.52495],[-73.48035,-41.52517],[-73.48108,-41.52556],[-73.481963,-41.526093],[-73.476972,-41.527177],[-73.473133,-41.523881],[-73.467423,-41.525121],[-73.466156,-41.524033],[-73.46689,-41.524],[-73.46755,-41.52393],[-73.46865,-41.52392],[-73.469496,-41.523843],[-73.46975,-41.52382],[-73.47152,-41.5237],[-73.47174,-41.52364],[-73.4724,-41.52359],[-73.47328,-41.52344]]]},"properties":{"comuna":"Maullín","mancha_id":"10108-88cea85831fffff-2","clase":"Medio","nivel_medio":2.286,"nivel_medio_min":2.263,"nivel_medio_max":2.371,"pct_alto":45.4,"n_hexagonos":2,"area_ha":21.04}},{"type":"Feature","geometry":{"type":"Polygon","coordinates":[[[-73.484652,-41.53377],[-73.486523,-41.529233],[-73.486933,-41.529144],[-73.48818,-41.53004],[-73.48936,-41.53114],[-73.48999,-41.53211],[-73.49011,-41.53287],[-73.490265,-41.533145],[-73.49049,-41.53341],[-73.49061,-41.53363],[-73.49078,-41.53439],[-73.49102,-41.53496],[-73.49134,-41.53553],[-73.4914,-41.53572],[-73.49151,-41.53629],[-73.491521,-41.536408],[-73.4916,-41.53723],[-73.49146,-41.53825],[-73.49147,-41.53858],[-73.49138,-41.5391],[-73.49142,-41.53962],[-73.49144,-41.54082],[-73.49149,-41.54127],[-73.4917,-41.54222],[-73.49198,-41.54298],[-73.49202,-41.54336],[-73.49231,-41.54431],[-73.492354,-41.544489],[-73.49264,-41.54564],[-73.49289,-41.5464],[-73.49317,-41.54754],[-73.49342,-41.54811],[-73.4936,-41.54868],[-73.49369,-41.54887],[-73.49375,-41.5489],[-73.4939,-41.54925],[-73.49403,-41.54943],[-73.49453,-41.55041],[-73.49542,-41.55194],[-73.495546,-41.552058],[-73.49575,-41.55225],[-73.49623,-41.55261],[-73.49642,-41.5529],[-73.4966,-41.55329],[-73.49656,-41.5538],[-73.4966,-41.55415],[-73.49667,-41.55434],[-73.49771,-41.55593],[-73.49793,-41.55634],[-73.49801,-41.55661],[-73.49808,-41.55687],[-73.49819,-41.55737],[-73.4983,-41.55747],[-73.49867,-41.55789],[-73.49913,-41.55851],[-73.49932,-41.55889],[-73.49944,-41.55927],[-73.499553,-41.559451],[-73.494407,-41.560568],[-73.490564,-41.557271],[-73.492435,-41.552734],[-73.488593,-41.549437],[-73.490464,-41.5449],[-73.486622,-41.541603],[-73.488493,-41.537066],[-73.484652,-41.53377]]]},"properties":{"comuna":"Maullín","mancha_id":"10108-88cea85811fffff","clase":"Medio","nivel_medio":2.145,"nivel_medio_min":1.939,"nivel_medio_max":2.439,"pct_alto":21.1,"n_hexagonos":4,"area_ha":127.23}},{"type":"Feature","geometry":{"type":"Polygon","coordinates":[[[-73.77338,-41.553468],[-73.771527,-41.558018],[-73.7658,-41.559274],[-73.761929,-41.55598],[-73.763783,-41.551431],[-73.769508,-41.550175],[-73.77338,-41.553468]]]},"properties":{"comuna":"Maullín","mancha_id":"10108-88cea85429fffff","clase":"Medio","nivel_medio":1.512,"nivel_medio_min":1.512,"nivel_medio_max":1.512,"pct_alto":3.7,"n_hexagonos":1,"area_ha":65.93}},{"type":"Feature","geometry":{"type":"Polygon","coordinates":[[[-73.787023,-41.571191],[-73.783148,-41.567897],[-73.77742,-41.569154],[-73.773546,-41.56586],[-73.7754,-41.561311],[-73.781127,-41.560054],[-73.785001,-41.563347],[-73.785014,-41.563344],[-73.78506,-41.56339],[-73.78527,-41.56355],[-73.78559,-41.5637],[-73.78583,-41.56376],[-73.78623,-41.56417],[-73.78646,-41.56458],[-73.78695,-41.56569],[-73.78693,-41.56625],[-73.78682,-41.56686],[-73.78686,-41.56741],[-73.78704,-41.5679],[-73.78734,-41.56813],[-73.787805,-41.56837],[-73.78815,-41.56887],[-73.78843,-41.56909],[-73.7892,-41.56935],[-73.78952,-41.56951],[-73.78994,-41.56983],[-73.7903,-41.56991],[-73.79087,-41.56999],[-73.79127,-41.5701],[-73.791472,-41.570214],[-73.7918,-41.5704],[-73.79243,-41.5708],[-73.79308,-41.57116],[-73.79344,-41.57122],[-73.79369,-41.57137],[-73.79377,-41.57152],[-73.79372,-41.57191],[-73.79353,-41.57241],[-73.79329,-41.57297],[-73.79325,-41.5736],[-73.79346,-41.57401],[-73.79345,-41.57434],[-73.79331,-41.57449],[-73.79304,-41.5746],[-73.79223,-41.57463],[-73.792,-41.5747],[-73.79185,-41.57481],[-73.79164,-41.57523],[-73.79139,-41.5755],[-73.79111,-41.57567],[-73.79066,-41.57584],[-73.79038,-41.57604],[-73.79002,-41.57637],[-73.78998,-41.57688],[-73.79015,-41.57738],[-73.79015,-41.57784],[-73.78989,-41.57854],[-73.789866,-41.578854],[-73.78985,-41.57907],[-73.79016,-41.57932],[-73.79046,-41.57941],[-73.79072,-41.57932],[-73.79106,-41.5793],[-73.79124,-41.57945],[-73.79131,-41.57965],[-73.79115,-41.5799],[-73.79097,-41.58024],[-73.791,-41.58035],[-73.79118,-41.58041],[-73.79141,-41.58034],[-73.79166,-41.58034],[-73.79184,-41.58048],[-73.79185,-41.58083],[-73.7917,-41.58109],[-73.79162,-41.58122],[-73.79165,-41.58149],[-73.79149,-41.58159],[-73.79116,-41.58173],[-73.79085,-41.58201],[-73.79018,-41.58221],[-73.78978,-41.58247],[-73.78969,-41.58274],[-73.78978,-41.58299],[-73.78976,-41.58342],[-73.789,-41.5841],[-73.78887,-41.58427],[-73.78892,-41.58455],[-73.7894,-41.58501],[-73.78948,-41.5852],[-73.78945,-41.585504],[-73.787192,-41.583585],[-73.786996,-41.583628],[-73.78693,-41.58357],[-73.78632,-41.58335],[-73.78613,-41.58314],[-73.78591,-41.58261],[-73.78553,-41.58149],[-73.78534,-41.58135],[-73.78439,-41.58124],[-73.78392,-41.58103],[-73.78372,-41.58085],[-73.78368,-41.58037],[-73.78347,-41.58021],[-73.78276,-41.57959],[-73.78244,-41.57917],[-73.78224,-41.57856],[-73.78217,-41.57763],[-73.78203,-41.57699],[-73.781804,-41.576479],[-73.785169,-41.575741],[-73.787023,-41.571191]]]},"properties":{"comuna":"Maullín","mancha_id":"10108-88cea85409fffff","clase":"Medio","nivel_medio":1.928,"nivel_medio_min":1.627,"nivel_medio_max":2.426,"pct_alto":28.2,"n_hexagonos":5,"area_ha":171.02}},{"type":"Feature","geometry":{"type":"Polygon","coordinates":[[[-73.564049,-41.657084],[-73.562178,-41.661626],[-73.55645,-41.662867],[-73.552593,-41.659567],[-73.554463,-41.655025],[-73.560191,-41.653783],[-73.564049,-41.657084]]]},"properties":{"comuna":"Maullín","mancha_id":"10108-88cea85307fffff","clase":"Medio","nivel_medio":1.515,"nivel_medio_min":1.515,"nivel_medio_max":1.515,"pct_alto":32.5,"n_hexagonos":1,"area_ha":65.76}},{"type":"Feature","geometry":{"type":"Polygon","coordinates":[[[-73.68085,-41.66081],[-73.68063,-41.66137],[-73.68046,-41.66235],[-73.68007,-41.6623],[-73.67986,-41.66215],[-73.67971,-41.66181],[-73.67979,-41.66122],[-73.68008,-41.66029],[-73.68024,-41.6602],[-73.68052,-41.66019],[-73.68084,-41.66041],[-73.68085,-41.66081]]]},"properties":{"comuna":"Maullín","mancha_id":"10108-88cea852c1fffff","clase":"Medio","nivel_medio":2.354,"nivel_medio_min":2.354,"nivel_medio_max":2.354,"pct_alto":73.0,"n_hexagonos":1,"area_ha":1.56}},{"type":"Feature","geometry":{"type":"Polygon","coordinates":[[[-73.68333,-41.63618],[-73.683333,-41.636179],[-73.68433,-41.63575],[-73.68507,-41.63568],[-73.68548,-41.63554],[-73.68589,-41.63481],[-73.68609,-41.63286],[-73.68641,-41.63231],[-73.68646,-41.63203],[-73.68626,-41.63177],[-73.68588,-41.63179],[-73.68568,-41.63165],[-73.68568,-41.63139],[-73.68584,-41.63124],[-73.68681,-41.63093],[-73.6873,-41.63051],[-73.687378,-41.630267],[-73.689803,-41.629738],[-73.68995,-41.62994],[-73.69001,-41.63035],[-73.68978,-41.63149],[-73.68985,-41.63193],[-73.69043,-41.63291],[-73.69099,-41.63355],[-73.69139,-41.63377],[-73.69195,-41.63388],[-73.69269,-41.63375],[-73.69352,-41.63348],[-73.693769,-41.633448],[-73.692103,-41.637519],[-73.694004,-41.639139],[-73.69397,-41.63917],[-73.69269,-41.63986],[-73.69232,-41.64038],[-73.69224,-41.64128],[-73.69247,-41.64171],[-73.69258,-41.64236],[-73.69301,-41.64306],[-73.69302,-41.64338],[-73.6927,-41.64491],[-73.6928,-41.64521],[-73.692706,-41.645671],[-73.6927,-41.6457],[-73.69309,-41.6461],[-73.69279,-41.64637],[-73.69301,-41.64688],[-73.69299,-41.64705],[-73.69287,-41.64716],[-73.69248,-41.64721],[-73.69202,-41.64691],[-73.69162,-41.64678],[-73.69119,-41.6468],[-73.69089,-41.64691],[-73.69053,-41.64725],[-73.68973,-41.64836],[-73.68915,-41.6496],[-73.68913,-41.65074],[-73.68939,-41.65156],[-73.68966,-41.65194],[-73.69012,-41.65212],[-73.69043,-41.65214],[-73.69087,-41.65197],[-73.69113,-41.65195],[-73.69179,-41.65212],[-73.69291,-41.65208],[-73.69328,-41.65223],[-73.69382,-41.65274],[-73.69398,-41.6534],[-73.694164,-41.653637],[-73.69422,-41.65371],[-73.69435,-41.65407],[-73.69433,-41.65431],[-73.69036,-41.65729],[-73.68942,-41.65787],[-73.688897,-41.658101],[-73.68804,-41.65848],[-73.68692,-41.65887],[-73.68598,-41.65948],[-73.685951,-41.659568],[-73.68588,-41.65978],[-73.68593,-41.66064],[-73.68634,-41.66146],[-73.6875,-41.66314],[-73.68766,-41.66363],[-73.68762,-41.66409],[-73.68773,-41.66456],[-73.68834,-41.6654],[-73.68851,-41.66605],[-73.689033,-41.667181],[-73.68919,-41.66752],[-73.68949,-41.66866],[-73.68993,-41.66945],[-73.6903,-41.67081],[-73.69061,-41.67244],[-73.69111,-41.67374],[-73.69138,-41.67488],[-73.691409,-41.674948],[-73.69159,-41.67537],[-73.6922,-41.67624],[-73.69228,-41.67705],[-73.69215,-41.67791],[-73.6925,-41.67935],[-73.69304,-41.68016],[-73.69367,-41.68081],[-73.694909,-41.681683],[-73.694555,-41.682548],[-73.696877,-41.684526],[-73.69689,-41.68465],[-73.698152,-41.686522],[-73.696566,-41.690396],[-73.690828,-41.691645],[-73.689648,-41.690639],[-73.68967,-41.69058],[-73.68971,-41.69013],[-73.69009,-41.69007],[-73.69053,-41.69006],[-73.69071,-41.68975],[-73.69096,-41.68892],[-73.69128,-41.68754],[-73.69138,-41.68645],[-73.69147,-41.68537],[-73.69114,-41.68463],[-73.69093,-41.68424],[-73.690327,-41.683469],[-73.68968,-41.68264],[-73.68854,-41.6818],[-73.68833,-41.68155],[-73.6883,-41.68135],[-73.68832,-41.68101],[-73.6882,-41.67997],[-73.68812,-41.67994],[-73.68769,-41.6795],[-73.68768,-41.67918],[-73.68788,-41.6789],[-73.6876,-41.67808],[-73.68727,-41.67644],[-73.686945,-41.67592],[-73.68677,-41.67564],[-73.68523,-41.67301],[-73.68475,-41.67177],[-73.68405,-41.67024],[-73.684003,-41.670048],[-73.6848,-41.668103],[-73.682803,-41.666401],[-73.68239,-41.66533],[-73.68226,-41.66502],[-73.68213,-41.66442],[-73.68213,-41.66371],[-73.68214,-41.66295],[-73.68212,-41.66204],[-73.68219,-41.661726],[-73.68226,-41.66141],[-73.68245,-41.6608],[-73.682599,-41.660092],[-73.68262,-41.65999],[-73.68282,-41.65955],[-73.68246,-41.65895],[-73.682,-41.6589],[-73.681255,-41.658947],[-73.68104,-41.65896],[-73.67843,-41.65942],[-73.67656,-41.66018],[-73.67578,-41.66019],[-73.672841,-41.659054],[-73.673189,-41.658206],[-73.669319,-41.654907],[-73.671183,-41.65036],[-73.668555,-41.648119],[-73.6695,-41.64738],[-73.6707,-41.64633],[-73.67198,-41.6455],[-73.67268,-41.64491],[-73.67288,-41.64464],[-73.67312,-41.64353],[-73.6739,-41.6427],[-73.67425,-41.64215],[-73.67432,-41.64173],[-73.674284,-41.641403],[-73.674909,-41.641267],[-73.676669,-41.636969],[-73.677,-41.63693],[-73.67821,-41.63706],[-73.67923,-41.63669],[-73.68128,-41.63661],[-73.68333,-41.63618]]]},"properties":{"comuna":"Maullín","mancha_id":"10108-88cea85281fffff","clase":"Medio","nivel_medio":2.027,"nivel_medio_min":1.591,"nivel_medio_max":2.354,"pct_alto":27.4,"n_hexagonos":14,"area_ha":603.2}},{"type":"Feature","geometry":{"type":"Polygon","coordinates":[[[-73.540913,-41.637283],[-73.539042,-41.641824],[-73.533316,-41.643065],[-73.529463,-41.639764],[-73.531335,-41.635224],[-73.537059,-41.633983],[-73.540913,-41.637283]]]},"properties":{"comuna":"Maullín","mancha_id":"10108-88cea8514dfffff","clase":"Medio","nivel_medio":2.065,"nivel_medio_min":2.065,"nivel_medio_max":2.065,"pct_alto":43.7,"n_hexagonos":1,"area_ha":65.72}},{"type":"Feature","geometry":{"type":"Polygon","coordinates":[[[-73.546185,-41.586521],[-73.544316,-41.591061],[-73.541769,-41.591614],[-73.541,-41.59161],[-73.538073,-41.591856],[-73.534745,-41.589005],[-73.536615,-41.584466],[-73.542334,-41.583223],[-73.546185,-41.586521]]]},"properties":{"comuna":"Maullín","mancha_id":"10108-88cea85135fffff","clase":"Medio","nivel_medio":2.37,"nivel_medio_min":2.37,"nivel_medio_max":2.37,"pct_alto":67.8,"n_hexagonos":1,"area_ha":64.78}},{"type":"Feature","geometry":{"type":"Polygon","coordinates":[[[-73.509996,-41.59851],[-73.511868,-41.593971],[-73.513786,-41.593554],[-73.51379,-41.59356],[-73.51465,-41.59554],[-73.51465,-41.5956],[-73.51472,-41.59749],[-73.51481,-41.59777],[-73.51478,-41.59902],[-73.5141,-41.60069],[-73.51408,-41.60138],[-73.51425,-41.60172],[-73.513845,-41.601808],[-73.509996,-41.59851]]]},"properties":{"comuna":"Maullín","mancha_id":"10108-88cea85125fffff","clase":"Medio","nivel_medio":2.429,"nivel_medio_min":2.429,"nivel_medio_max":2.429,"pct_alto":75.8,"n_hexagonos":1,"area_ha":23.25}},{"type":"Feature","geometry":{"type":"Polygon","coordinates":[[[-73.557857,-41.608794],[-73.552134,-41.610037],[-73.550697,-41.608807],[-73.55153,-41.60889],[-73.55277,-41.60886],[-73.55617,-41.60845],[-73.55711,-41.60822],[-73.55812,-41.608155],[-73.55897,-41.6081],[-73.56063,-41.60847],[-73.56118,-41.60853],[-73.56174,-41.60844],[-73.56271,-41.6081],[-73.56327,-41.60806],[-73.56401,-41.60815],[-73.56471,-41.60857],[-73.56491,-41.60909],[-73.56566,-41.60953],[-73.56592,-41.60978],[-73.56594,-41.61064],[-73.56611,-41.61073],[-73.56704,-41.61091],[-73.567067,-41.610929],[-73.56731,-41.6111],[-73.56742,-41.61129],[-73.56754,-41.6115],[-73.56895,-41.61307],[-73.56964,-41.61346],[-73.571251,-41.614116],[-73.571289,-41.614148],[-73.569421,-41.61869],[-73.573277,-41.621989],[-73.579002,-41.620745],[-73.582859,-41.624044],[-73.580991,-41.628586],[-73.575265,-41.62983],[-73.573396,-41.634372],[-73.56767,-41.635615],[-73.565801,-41.640157],[-73.560075,-41.641399],[-73.556219,-41.6381],[-73.550493,-41.639341],[-73.546638,-41.636042],[-73.548508,-41.6315],[-73.554233,-41.630259],[-73.556103,-41.625717],[-73.561828,-41.624475],[-73.563697,-41.619933],[-73.559842,-41.616634],[-73.561711,-41.612093],[-73.557857,-41.608794]]]},"properties":{"comuna":"Maullín","mancha_id":"10108-88cea85103fffff","clase":"Medio","nivel_medio":1.675,"nivel_medio_min":1.509,"nivel_medio_max":2.497,"pct_alto":16.6,"n_hexagonos":9,"area_ha":483.37}},{"type":"Feature","geometry":{"type":"Polygon","coordinates":[[[-73.675322,-41.602039],[-73.676341,-41.599551],[-73.676554,-41.599504],[-73.67651,-41.59974],[-73.67651,-41.60077],[-73.67633,-41.60128],[-73.6759,-41.60173],[-73.675322,-41.602039]]]},"properties":{"comuna":"Maullín","mancha_id":"10108-88cea850ddfffff","clase":"Medio","nivel_medio":1.556,"nivel_medio_min":1.556,"nivel_medio_max":1.556,"pct_alto":45.4,"n_hexagonos":1,"area_ha":1.11}},{"type":"Feature","geometry":{"type":"Polygon","coordinates":[[[-73.683928,-41.593755],[-73.689655,-41.592504],[-73.691515,-41.587958],[-73.697241,-41.586706],[-73.700287,-41.589302],[-73.69998,-41.58976],[-73.69975,-41.58995],[-73.69924,-41.59016],[-73.69912,-41.59024],[-73.69899,-41.59032],[-73.69899,-41.59047],[-73.69913,-41.59075],[-73.69945,-41.59104],[-73.70001,-41.59133],[-73.70007,-41.59171],[-73.69985,-41.59226],[-73.6999,-41.59285],[-73.69973,-41.59309],[-73.6992,-41.59308],[-73.69873,-41.59297],[-73.69833,-41.59281],[-73.69808,-41.5928],[-73.6979,-41.59281],[-73.69771,-41.59292],[-73.6975,-41.592995],[-73.69724,-41.59283],[-73.69691,-41.59258],[-73.69676,-41.59257],[-73.6966,-41.59259],[-73.69649,-41.59269],[-73.69624,-41.59288],[-73.69582,-41.59287],[-73.69569,-41.59291],[-73.69546,-41.5931],[-73.69449,-41.59349],[-73.6941,-41.59348],[-73.69385,-41.59342],[-73.69344,-41.59312],[-73.69327,-41.59296],[-73.69263,-41.59297],[-73.69194,-41.59312],[-73.69119,-41.59337],[-73.690857,-41.593528],[-73.69058,-41.59366],[-73.69003,-41.59416],[-73.68931,-41.5948],[-73.68889,-41.59496],[-73.68873,-41.59468],[-73.68829,-41.59438],[-73.68805,-41.59424],[-73.68775,-41.59431],[-73.68748,-41.59441],[-73.68674,-41.59483],[-73.68599,-41.59501],[-73.68542,-41.59502],[-73.68497,-41.59502],[-73.68472,-41.59517],[-73.6842,-41.59538],[-73.68399,-41.59536],[-73.68372,-41.59526],[-73.683492,-41.594822],[-73.683928,-41.593755]]]},"properties":{"comuna":"Maullín","mancha_id":"10108-88cea850d1fffff","clase":"Medio","nivel_medio":2.26,"nivel_medio_min":1.863,"nivel_medio_max":2.345,"pct_alto":42.0,"n_hexagonos":2,"area_ha":57.9}},{"type":"Feature","geometry":{"type":"Polygon","coordinates":[[[-73.689509,-41.580116],[-73.687649,-41.584662],[-73.681923,-41.585913],[-73.678058,-41.582617],[-73.679919,-41.578071],[-73.685643,-41.57682],[-73.689509,-41.580116]]]},"properties":{"comuna":"Maullín","mancha_id":"10108-88cea8509dfffff","clase":"Medio","nivel_medio":1.873,"nivel_medio_min":1.873,"nivel_medio_max":1.873,"pct_alto":59.1,"n_hexagonos":1,"area_ha":65.85}},{"type":"Feature","geometry":{"type":"Polygon","coordinates":[[[-73.674337,-41.591709],[-73.672476,-41.596254],[-73.669268,-41.596954],[-73.66926,-41.59694],[-73.66914,-41.5964],[-73.669075,-41.59632],[-73.66839,-41.59616],[-73.66721,-41.59564],[-73.66688,-41.59528],[-73.66682,-41.595],[-73.66692,-41.59474],[-73.66713,-41.59449],[-73.66712,-41.5942],[-73.66707,-41.59404],[-73.66669,-41.59383],[-73.66576,-41.59347],[-73.66557,-41.59296],[-73.66528,-41.59251],[-73.66499,-41.59214],[-73.66464,-41.59185],[-73.66406,-41.5917],[-73.663936,-41.591642],[-73.664747,-41.589662],[-73.670472,-41.588413],[-73.674337,-41.591709]]]},"properties":{"comuna":"Maullín","mancha_id":"10108-88cea85089fffff","clase":"Medio","nivel_medio":1.769,"nivel_medio_min":1.769,"nivel_medio_max":1.769,"pct_alto":29.3,"n_hexagonos":1,"area_ha":51.54}},{"type":"Feature","geometry":{"type":"Polygon","coordinates":[[[-73.644118,-41.627273],[-73.647982,-41.630571],[-73.653711,-41.629323],[-73.655574,-41.624778],[-73.65171,-41.62148],[-73.653573,-41.616935],[-73.658398,-41.615883],[-73.65937,-41.61791],[-73.65949,-41.61886],[-73.65973,-41.61951],[-73.65985,-41.62056],[-73.65934,-41.62232],[-73.65918,-41.62289],[-73.65897,-41.62304],[-73.65826,-41.62328],[-73.65815,-41.62382],[-73.658455,-41.62415],[-73.65877,-41.62449],[-73.65981,-41.62528],[-73.66029,-41.62623],[-73.66058,-41.62704],[-73.66132,-41.628],[-73.66191,-41.62931],[-73.66343,-41.631071],[-73.663306,-41.631373],[-73.664234,-41.632164],[-73.66536,-41.63376],[-73.66604,-41.63436],[-73.667016,-41.635053],[-73.66531,-41.639217],[-73.669166,-41.642506],[-73.66898,-41.6427],[-73.66807,-41.64325],[-73.66799,-41.64329],[-73.66706,-41.64364],[-73.66594,-41.64393],[-73.66538,-41.64396],[-73.6648,-41.64375],[-73.66443,-41.64326],[-73.66394,-41.64335],[-73.66218,-41.64528],[-73.66193,-41.64539],[-73.66133,-41.64542],[-73.65985,-41.64512],[-73.6597,-41.64513],[-73.65915,-41.64592],[-73.659135,-41.646221],[-73.657716,-41.645011],[-73.65958,-41.640465],[-73.655713,-41.637167],[-73.649983,-41.638414],[-73.646118,-41.635116],[-73.640389,-41.636363],[-73.636525,-41.633065],[-73.638389,-41.62852],[-73.644118,-41.627273]]]},"properties":{"comuna":"Maullín","mancha_id":"10108-88cea85053fffff","clase":"Medio","nivel_medio":1.78,"nivel_medio_min":1.594,"nivel_medio_max":2.179,"pct_alto":19.7,"n_hexagonos":6,"area_ha":327.86}},{"type":"Feature","geometry":{"type":"Polygon","coordinates":[[[-73.592195,-41.601331],[-73.596052,-41.604629],[-73.595976,-41.604815],[-73.59537,-41.60486],[-73.59367,-41.6047],[-73.59175,-41.60484],[-73.59126,-41.60478],[-73.59125,-41.60453],[-73.59146,-41.60421],[-73.59103,-41.6042],[-73.59006,-41.60451],[-73.58839,-41.60464],[-73.585423,-41.605127],[-73.58522,-41.60516],[-73.58318,-41.6054],[-73.58262,-41.60554],[-73.58231,-41.60552],[-73.5819,-41.60505],[-73.58168,-41.60435],[-73.58161,-41.60365],[-73.58119,-41.60305],[-73.58054,-41.60282],[-73.57934,-41.60286],[-73.57891,-41.60269],[-73.57857,-41.60245],[-73.57726,-41.60116],[-73.576843,-41.600644],[-73.576893,-41.600522],[-73.582616,-41.599278],[-73.586472,-41.602576],[-73.592195,-41.601331]]]},"properties":{"comuna":"Maullín","mancha_id":"10108-88cea85027fffff","clase":"Medio","nivel_medio":1.812,"nivel_medio_min":1.642,"nivel_medio_max":2.048,"pct_alto":45.9,"n_hexagonos":2,"area_ha":51.96}},{"type":"Feature","geometry":{"type":"Polygon","coordinates":[[[-73.634392,-41.612835],[-73.632528,-41.617379],[-73.626801,-41.618626],[-73.62294,-41.615328],[-73.624805,-41.610784],[-73.63053,-41.609537],[-73.632247,-41.605352],[-73.63231,-41.60533],[-73.632616,-41.604945],[-73.632636,-41.604941],[-73.63368,-41.60498],[-73.63397,-41.6048],[-73.634098,-41.604622],[-73.635393,-41.60434],[-73.63607,-41.60458],[-73.63671,-41.60463],[-73.63711,-41.60435],[-73.637286,-41.603927],[-73.637944,-41.603784],[-73.63791,-41.60389],[-73.63798,-41.60409],[-73.63831,-41.60413],[-73.638537,-41.604102],[-73.63887,-41.60406],[-73.63904,-41.60389],[-73.63891,-41.60344],[-73.63918,-41.60309],[-73.63892,-41.60281],[-73.63916,-41.6024],[-73.6406,-41.60181],[-73.64164,-41.60142],[-73.64239,-41.60129],[-73.64294,-41.60133],[-73.64405,-41.60164],[-73.6447,-41.60165],[-73.64483,-41.60149],[-73.6443,-41.60089],[-73.6444,-41.60054],[-73.64495,-41.60018],[-73.64552,-41.6002],[-73.64616,-41.60075],[-73.64651,-41.60091],[-73.64714,-41.60099],[-73.64762,-41.60116],[-73.64905,-41.60192],[-73.649289,-41.601941],[-73.64998,-41.602],[-73.65089,-41.60228],[-73.65247,-41.60355],[-73.65294,-41.60407],[-73.65334,-41.60475],[-73.65349,-41.60556],[-73.65345,-41.60602],[-73.65355,-41.60665],[-73.65398,-41.60747],[-73.65412,-41.60796],[-73.65405,-41.6084],[-73.654097,-41.608542],[-73.651572,-41.609092],[-73.647709,-41.605795],[-73.641982,-41.607043],[-73.640119,-41.611588],[-73.634392,-41.612835]]]},"properties":{"comuna":"Maullín","mancha_id":"10108-88cea85015fffff","clase":"Medio","nivel_medio":1.984,"nivel_medio_min":1.804,"nivel_medio_max":2.191,"pct_alto":38.6,"n_hexagonos":4,"area_ha":199.72}},{"type":"Feature","geometry":{"type":"Polygon","coordinates":[[[-73.619209,-41.624416],[-73.617343,-41.62896],[-73.621205,-41.632259],[-73.619339,-41.636803],[-73.623202,-41.640102],[-73.628931,-41.638856],[-73.632794,-41.642155],[-73.630929,-41.6467],[-73.634793,-41.649999],[-73.640524,-41.648752],[-73.644389,-41.652051],[-73.642524,-41.656597],[-73.636793,-41.657843],[-73.634927,-41.662388],[-73.638793,-41.665688],[-73.636927,-41.670234],[-73.631195,-41.671479],[-73.629328,-41.676025],[-73.633195,-41.679325],[-73.638928,-41.678079],[-73.640794,-41.673534],[-73.646527,-41.672287],[-73.648393,-41.667741],[-73.654126,-41.666495],[-73.657994,-41.669794],[-73.663728,-41.668547],[-73.667597,-41.671847],[-73.665733,-41.676394],[-73.669603,-41.679693],[-73.667739,-41.68424],[-73.67161,-41.68754],[-73.669745,-41.692088],[-73.673617,-41.695388],[-73.679354,-41.694141],[-73.683227,-41.697441],[-73.681363,-41.701989],[-73.675625,-41.703236],[-73.67376,-41.707784],[-73.677634,-41.711085],[-73.683372,-41.709838],[-73.685237,-41.70529],[-73.690975,-41.704042],[-73.692839,-41.699493],[-73.698577,-41.698245],[-73.70044,-41.693696],[-73.701594,-41.693445],[-73.70189,-41.69413],[-73.70244,-41.69592],[-73.70304,-41.69706],[-73.70388,-41.69837],[-73.7056,-41.70064],[-73.705691,-41.70084],[-73.70776,-41.70538],[-73.709527,-41.708293],[-73.71004,-41.70914],[-73.71158,-41.71124],[-73.71221,-41.71241],[-73.7129,-41.7134],[-73.713122,-41.713793],[-73.71222,-41.715996],[-73.716098,-41.719297],[-73.714235,-41.723846],[-73.708493,-41.725095],[-73.70663,-41.729645],[-73.710508,-41.732946],[-73.716251,-41.731697],[-73.72013,-41.734999],[-73.725874,-41.73375],[-73.729754,-41.737051],[-73.73065,-41.736856],[-73.73204,-41.73792],[-73.73395,-41.73892],[-73.73451,-41.73921],[-73.73605,-41.74026],[-73.73702,-41.74081],[-73.738442,-41.741395],[-73.73882,-41.74155],[-73.74079,-41.74208],[-73.74215,-41.74235],[-73.74264,-41.74235],[-73.74302,-41.74227],[-73.74461,-41.74138],[-73.74536,-41.74124],[-73.7466,-41.74119],[-73.74784,-41.74129],[-73.748795,-41.741673],[-73.75011,-41.7422],[-73.75086,-41.74235],[-73.75148,-41.74223],[-73.75179,-41.74205],[-73.75211,-41.74156],[-73.75249,-41.74059],[-73.752701,-41.74035],[-73.75425,-41.740013],[-73.75426,-41.74002],[-73.754775,-41.74061],[-73.75502,-41.74082],[-73.75534,-41.74093],[-73.75563,-41.74095],[-73.755895,-41.740874],[-73.758637,-41.743204],[-73.762021,-41.742468],[-73.76197,-41.74252],[-73.76155,-41.74275],[-73.76115,-41.743],[-73.76075,-41.74332],[-73.76058,-41.7436],[-73.76057,-41.74427],[-73.76077,-41.74491],[-73.76066,-41.74551],[-73.76043,-41.74576],[-73.75994,-41.74583],[-73.75882,-41.74558],[-73.7577,-41.7456],[-73.757652,-41.745613],[-73.75717,-41.74574],[-73.75656,-41.74598],[-73.75586,-41.7464],[-73.75534,-41.74687],[-73.75504,-41.74686],[-73.75457,-41.74671],[-73.75418,-41.74638],[-73.75363,-41.74531],[-73.75322,-41.74505],[-73.75271,-41.74501],[-73.7524,-41.74507],[-73.75099,-41.74524],[-73.74968,-41.74562],[-73.74837,-41.7459],[-73.747701,-41.746177],[-73.74762,-41.74621],[-73.74649,-41.74684],[-73.74574,-41.74711],[-73.74528,-41.74706],[-73.74432,-41.74635],[-73.744229,-41.74634],[-73.7434,-41.74625],[-73.74262,-41.746],[-73.74223,-41.74606],[-73.74129,-41.74642],[-73.740838,-41.746477],[-73.74073,-41.74649],[-73.7403,-41.74645],[-73.73976,-41.74622],[-73.739702,-41.74551],[-73.7397,-41.74549],[-73.73929,-41.7451],[-73.739187,-41.745073],[-73.73887,-41.74499],[-73.73788,-41.7449],[-73.73626,-41.74488],[-73.73484,-41.7454],[-73.73371,-41.74598],[-73.73132,-41.74748],[-73.730346,-41.748389],[-73.73011,-41.74861],[-73.728655,-41.749727],[-73.72783,-41.75036],[-73.72671,-41.75101],[-73.72536,-41.75152],[-73.723715,-41.751804],[-73.72293,-41.75194],[-73.72181,-41.75223],[-73.71973,-41.75223],[-73.71803,-41.75235],[-73.71679,-41.75232],[-73.71635,-41.75224],[-73.71534,-41.75181],[-73.71469,-41.75176],[-73.713191,-41.751941],[-73.71279,-41.75199],[-73.71152,-41.752],[-73.71107,-41.752],[-73.70969,-41.75244],[-73.70894,-41.7526],[-73.70773,-41.75239],[-73.70662,-41.75232],[-73.70619,-41.75218],[-73.70593,-41.75196],[-73.70586,-41.75145],[-73.70606,-41.75077],[-73.70562,-41.74959],[-73.70528,-41.74829],[-73.70531,-41.74797],[-73.70557,-41.74762],[-73.70577,-41.74695],[-73.705268,-41.746519],[-73.70499,-41.74628],[-73.70413,-41.74584],[-73.703956,-41.745778],[-73.70265,-41.74531],[-73.69964,-41.74493],[-73.69834,-41.74494],[-73.69629,-41.74514],[-73.69554,-41.74533],[-73.694827,-41.74568],[-73.69442,-41.74588],[-73.69348,-41.74616],[-73.69143,-41.74635],[-73.68937,-41.74703],[-73.6875,-41.74742],[-73.68582,-41.7481],[-73.685346,-41.748344],[-73.683808,-41.747034],[-73.678066,-41.748281],[-73.677103,-41.750627],[-73.67544,-41.75105],[-73.67375,-41.75165],[-73.67225,-41.75247],[-73.67056,-41.75298],[-73.669636,-41.753376],[-73.66658,-41.750772],[-73.660838,-41.752017],[-73.656963,-41.748714],[-73.651222,-41.749959],[-73.649353,-41.754507],[-73.6488,-41.754627],[-73.64862,-41.75456],[-73.64805,-41.75449],[-73.64642,-41.75441],[-73.64597,-41.75421],[-73.64569,-41.75408],[-73.6455,-41.75406],[-73.64516,-41.75407],[-73.64508,-41.75407],[-73.64446,-41.75409],[-73.64387,-41.75433],[-73.64328,-41.75509],[-73.643029,-41.755254],[-73.64302,-41.75526],[-73.64264,-41.75532],[-73.64219,-41.75523],[-73.64154,-41.75485],[-73.64132,-41.75477],[-73.64118,-41.75472],[-73.64075,-41.75472],[-73.6402,-41.75488],[-73.63993,-41.75504],[-73.63978,-41.7552],[-73.63972,-41.75545],[-73.63949,-41.75573],[-73.6394,-41.75579],[-73.639,-41.75589],[-73.6376,-41.75605],[-73.63615,-41.75646],[-73.63454,-41.75714],[-73.63305,-41.75762],[-73.63298,-41.75782],[-73.63309,-41.75785],[-73.63366,-41.75775],[-73.63673,-41.75652],[-73.6374,-41.75631],[-73.63813,-41.75614],[-73.63848,-41.75612],[-73.63866,-41.75623],[-73.63868,-41.75638],[-73.63849,-41.75656],[-73.63634,-41.75719],[-73.63536,-41.75752],[-73.63436,-41.75799],[-73.63387,-41.75816],[-73.632452,-41.758515],[-73.632127,-41.758238],[-73.626386,-41.759481],[-73.625683,-41.761191],[-73.62512,-41.76131],[-73.6247,-41.7614],[-73.62373,-41.76161],[-73.62262,-41.76179],[-73.62178,-41.76202],[-73.61903,-41.76311],[-73.61738,-41.76361],[-73.616893,-41.763665],[-73.614902,-41.761966],[-73.609161,-41.763208],[-73.605291,-41.759904],[-73.59955,-41.761146],[-73.595681,-41.757841],[-73.589941,-41.759082],[-73.588069,-41.763628],[-73.590283,-41.765519],[-73.5897,-41.76566],[-73.58939,-41.76569],[-73.58881,-41.76567],[-73.58784,-41.76556],[-73.58645,-41.7656],[-73.5859,-41.76579],[-73.58489,-41.7663],[-73.58427,-41.76647],[-73.58321,-41.76654],[-73.5829,-41.76649],[-73.58211,-41.7662],[-73.581786,-41.766185],[-73.58101,-41.76615],[-73.57955,-41.76621],[-73.57667,-41.76644],[-73.57592,-41.76639],[-73.57521,-41.76644],[-73.570895,-41.767388],[-73.570848,-41.767348],[-73.565108,-41.768587],[-73.565067,-41.768686],[-73.56305,-41.76875],[-73.56194,-41.76889],[-73.56092,-41.76913],[-73.55971,-41.76934],[-73.55947,-41.76942],[-73.55799,-41.76951],[-73.55516,-41.76945],[-73.55441,-41.76954],[-73.55424,-41.76958],[-73.55174,-41.77017],[-73.55041,-41.77054],[-73.54843,-41.7713],[-73.547105,-41.771633],[-73.54692,-41.77168],[-73.54625,-41.77177],[-73.5447,-41.77212],[-73.54297,-41.77243],[-73.54241,-41.77257],[-73.54167,-41.77281],[-73.540531,-41.773355],[-73.54048,-41.77338],[-73.540253,-41.7735],[-73.54012,-41.77323],[-73.53978,-41.77274],[-73.539529,-41.77259],[-73.53927,-41.77247],[-73.538986,-41.772429],[-73.53856,-41.77241],[-73.53779,-41.77247],[-73.537347,-41.772506],[-73.536737,-41.772556],[-73.536087,-41.772576],[-73.535244,-41.772549],[-73.534588,-41.772442],[-73.53376,-41.77216],[-73.53296,-41.77177],[-73.532376,-41.771571],[-73.53193,-41.771471],[-73.531508,-41.771434],[-73.531066,-41.771438],[-73.530403,-41.771538],[-73.52851,-41.77179],[-73.52724,-41.77182],[-73.527174,-41.771821],[-73.526485,-41.771835],[-73.5259,-41.771885],[-73.524753,-41.772061],[-73.524259,-41.772153],[-73.523883,-41.772287],[-73.523372,-41.772421],[-73.523064,-41.772493],[-73.522853,-41.772493],[-73.522672,-41.772487],[-73.522491,-41.772517],[-73.522334,-41.772596],[-73.522045,-41.772753],[-73.521846,-41.772831],[-73.521599,-41.772885],[-73.521219,-41.773018],[-73.520809,-41.773277],[-73.520562,-41.773422],[-73.520475,-41.77344],[-73.517206,-41.770641],[-73.515018,-41.771112],[-73.51348,-41.77055],[-73.511948,-41.769918],[-73.511555,-41.769776],[-73.51127,-41.769701],[-73.51092,-41.76964],[-73.5098,-41.7695],[-73.508886,-41.769374],[-73.508542,-41.769307],[-73.508416,-41.769263],[-73.507608,-41.768571],[-73.509485,-41.764029],[-73.505626,-41.760724],[-73.507503,-41.756182],[-73.51324,-41.754946],[-73.517099,-41.758251],[-73.522836,-41.757014],[-73.526698,-41.760319],[-73.532435,-41.759082],[-73.534311,-41.754539],[-73.540048,-41.753301],[-73.541923,-41.748758],[-73.538061,-41.745454],[-73.539936,-41.740911],[-73.536075,-41.737607],[-73.53034,-41.738845],[-73.528464,-41.743387],[-73.532325,-41.746692],[-73.530449,-41.751234],[-73.524713,-41.752472],[-73.520852,-41.749167],[-73.515116,-41.750404],[-73.511257,-41.747099],[-73.513134,-41.742557],[-73.509275,-41.739253],[-73.511152,-41.734711],[-73.516886,-41.733474],[-73.518762,-41.728932],[-73.514904,-41.725628],[-73.516779,-41.721087],[-73.522512,-41.719849],[-73.524387,-41.715307],[-73.53012,-41.714069],[-73.531994,-41.709527],[-73.528136,-41.706224],[-73.522405,-41.707463],[-73.52053,-41.712004],[-73.514798,-41.713242],[-73.512922,-41.717783],[-73.50719,-41.719021],[-73.503334,-41.715717],[-73.50521,-41.711176],[-73.501355,-41.707873],[-73.495624,-41.709109],[-73.493747,-41.71365],[-73.488016,-41.714886],[-73.486139,-41.719426],[-73.480408,-41.720662],[-73.47853,-41.725202],[-73.472798,-41.726437],[-73.470919,-41.730977],[-73.474773,-41.734282],[-73.472894,-41.738821],[-73.476749,-41.742127],[-73.47487,-41.746667],[-73.477572,-41.748983],[-73.477326,-41.748881],[-73.476101,-41.74844],[-73.474855,-41.747921],[-73.473491,-41.747307],[-73.473011,-41.747067],[-73.472126,-41.746625],[-73.470762,-41.746147],[-73.469465,-41.745669],[-73.468101,-41.745124],[-73.466573,-41.744569],[-73.465463,-41.744158],[-73.464986,-41.743981],[-73.463484,-41.74354],[-73.462406,-41.743221],[-73.461181,-41.743001],[-73.45976,-41.742707],[-73.45829,-41.742413],[-73.456869,-41.742168],[-73.455904,-41.742023],[-73.457576,-41.737985],[-73.463308,-41.736751],[-73.465187,-41.732211],[-73.461335,-41.728906],[-73.463214,-41.724367],[-73.459362,-41.721062],[-73.461241,-41.716523],[-73.466971,-41.715289],[-73.46885,-41.71075],[-73.464998,-41.707446],[-73.466876,-41.702907],[-73.463026,-41.699603],[-73.457297,-41.700838],[-73.455419,-41.705376],[-73.459269,-41.70868],[-73.45739,-41.713219],[-73.451661,-41.714453],[-73.447811,-41.711149],[-73.442082,-41.712383],[-73.440202,-41.716921],[-73.444051,-41.720226],[-73.442171,-41.724764],[-73.436441,-41.725997],[-73.43456,-41.730535],[-73.42883,-41.731768],[-73.426948,-41.736306],[-73.430798,-41.739611],[-73.436529,-41.738379],[-73.43841,-41.733841],[-73.444141,-41.732608],[-73.447992,-41.735913],[-73.446112,-41.740452],[-73.447383,-41.741543],[-73.44702,-41.741576],[-73.445655,-41.741644],[-73.444222,-41.741849],[-73.442653,-41.742054],[-73.440948,-41.742395],[-73.440008,-41.742583],[-73.439242,-41.742736],[-73.437536,-41.743213],[-73.435353,-41.743691],[-73.433511,-41.744032],[-73.432147,-41.744373],[-73.430646,-41.744646],[-73.429807,-41.744914],[-73.428916,-41.744149],[-73.423185,-41.745381],[-73.42218,-41.747803],[-73.42164,-41.748057],[-73.420617,-41.748671],[-73.419389,-41.749285],[-73.418257,-41.749953],[-73.41813,-41.75],[-73.416975,-41.750428],[-73.415977,-41.750666],[-73.415057,-41.750709],[-73.41498,-41.750713],[-73.41387,-41.75037],[-73.413203,-41.75],[-73.413202,-41.75],[-73.412605,-41.749716],[-73.41202,-41.74936],[-73.41155,-41.74905],[-73.41075,-41.74847],[-73.410118,-41.748189],[-73.409707,-41.748006],[-73.40871,-41.747483],[-73.407808,-41.747151],[-73.406478,-41.746723],[-73.405195,-41.746343],[-73.403723,-41.746153],[-73.402442,-41.746025],[-73.401823,-41.745963],[-73.401123,-41.745987],[-73.402143,-41.745768],[-73.404026,-41.741231],[-73.40018,-41.737925],[-73.39445,-41.739156],[-73.392577,-41.743667],[-73.39049,-41.74148],[-73.38735,-41.73815],[-73.38719,-41.73796],[-73.386117,-41.736813],[-73.38442,-41.735],[-73.38342,-41.73397],[-73.38321,-41.73375],[-73.38192,-41.73237],[-73.381713,-41.732132],[-73.37903,-41.72906],[-73.37862,-41.7286],[-73.376662,-41.726448],[-73.37427,-41.72382],[-73.37242,-41.72185],[-73.370977,-41.720306],[-73.368,-41.71712],[-73.367066,-41.716116],[-73.367545,-41.716014],[-73.371387,-41.719319],[-73.377113,-41.71809],[-73.378997,-41.713554],[-73.384723,-41.712324],[-73.386607,-41.707788],[-73.392333,-41.706558],[-73.394215,-41.702022],[-73.399941,-41.70079],[-73.401823,-41.696254],[-73.407549,-41.695022],[-73.411393,-41.698327],[-73.417119,-41.697094],[-73.419,-41.692558],[-73.424726,-41.691325],[-73.426606,-41.686788],[-73.42276,-41.683484],[-73.417036,-41.684717],[-73.415155,-41.689254],[-73.40943,-41.690486],[-73.405586,-41.687182],[-73.399862,-41.688414],[-73.396019,-41.68511],[-73.390295,-41.686342],[-73.386454,-41.683038],[-73.380731,-41.684269],[-73.376891,-41.680965],[-73.371168,-41.682195],[-73.369285,-41.68673],[-73.363562,-41.68796],[-73.359723,-41.684655],[-73.354001,-41.685885],[-73.350163,-41.68258],[-73.352048,-41.678046],[-73.348211,-41.674742],[-73.350095,-41.670209],[-73.355816,-41.668979],[-73.3577,-41.664445],[-73.353863,-41.661142],[-73.355747,-41.656608],[-73.351911,-41.653305],[-73.353794,-41.648772],[-73.34996,-41.645469],[-73.351843,-41.640936],[-73.348009,-41.637633],[-73.342292,-41.638863],[-73.338459,-41.63556],[-73.332743,-41.63679],[-73.328911,-41.633487],[-73.330796,-41.628955],[-73.336511,-41.627725],[-73.338394,-41.623193],[-73.344109,-41.621963],[-73.347942,-41.625265],[-73.353657,-41.624034],[-73.355539,-41.619502],[-73.361255,-41.61827],[-73.365089,-41.621572],[-73.370804,-41.62034],[-73.372685,-41.615807],[-73.368851,-41.612506],[-73.370732,-41.607972],[-73.366898,-41.604671],[-73.361184,-41.605903],[-73.357352,-41.602602],[-73.351638,-41.603834],[-73.347807,-41.600532],[-73.342094,-41.601763],[-73.338264,-41.598462],[-73.332552,-41.599693],[-73.328723,-41.596391],[-73.323011,-41.597621],[-73.319183,-41.59432],[-73.313472,-41.59555],[-73.309646,-41.592248],[-73.303935,-41.593477],[-73.302051,-41.598008],[-73.305877,-41.601309],[-73.303993,-41.60584],[-73.298281,-41.607068],[-73.294455,-41.603766],[-73.288744,-41.604994],[-73.286858,-41.609523],[-73.281147,-41.610751],[-73.279261,-41.61528],[-73.273549,-41.616507],[-73.272448,-41.615556],[-73.271,-41.61399],[-73.269895,-41.612797],[-73.26776,-41.61049],[-73.26615,-41.60876],[-73.26582,-41.60839],[-73.26523,-41.60773],[-73.26393,-41.60627],[-73.263871,-41.606214],[-73.26272,-41.60512],[-73.26111,-41.604],[-73.2588,-41.60267],[-73.258568,-41.602552],[-73.25778,-41.60215],[-73.25575,-41.6011],[-73.25568,-41.60107],[-73.25348,-41.59995],[-73.25333,-41.59988],[-73.25286,-41.59969],[-73.25265,-41.5996],[-73.2501,-41.5983],[-73.25,-41.598245],[-73.25,-41.598245],[-73.249974,-41.598231],[-73.24848,-41.59741],[-73.2448,-41.59546],[-73.242564,-41.594298],[-73.24226,-41.59414],[-73.2409,-41.59343],[-73.237894,-41.591854],[-73.237268,-41.591313],[-73.236988,-41.591373],[-73.23614,-41.59088],[-73.2361,-41.59086],[-73.23347,-41.58933],[-73.22997,-41.5874],[-73.228781,-41.586748],[-73.22647,-41.58548],[-73.22301,-41.58359],[-73.220872,-41.582467],[-73.2192,-41.58159],[-73.218375,-41.58113],[-73.21574,-41.57966],[-73.21571,-41.57965],[-73.21546,-41.57952],[-73.215444,-41.579511],[-73.21189,-41.57759],[-73.2085,-41.57573],[-73.2082,-41.57557],[-73.207595,-41.575285],[-73.20661,-41.57482],[-73.20455,-41.57409],[-73.20359,-41.57388],[-73.20193,-41.57369],[-73.20146,-41.57362],[-73.20141,-41.57361],[-73.19862,-41.57333],[-73.198074,-41.573214],[-73.19702,-41.57299],[-73.19611,-41.57281],[-73.19592,-41.57277],[-73.1953,-41.57264],[-73.194718,-41.572556],[-73.194503,-41.572524],[-73.194096,-41.572463],[-73.194616,-41.572237],[-73.19579,-41.5719],[-73.196346,-41.571705],[-73.19704,-41.57154],[-73.197825,-41.571303],[-73.198295,-41.571205],[-73.198863,-41.571009],[-73.199009,-41.570976],[-73.19946,-41.570872],[-73.20007,-41.57081],[-73.200769,-41.570696],[-73.201349,-41.570523],[-73.20167,-41.57042],[-73.201965,-41.570301],[-73.202459,-41.570067],[-73.2028,-41.56996],[-73.203114,-41.569923],[-73.203378,-41.56996],[-73.204172,-41.570145],[-73.204445,-41.570182],[-73.204782,-41.570187],[-73.205221,-41.570145],[-73.205516,-41.570076],[-73.205583,-41.570058],[-73.205687,-41.57003],[-73.205923,-41.570011],[-73.20613,-41.570037],[-73.206352,-41.570108],[-73.20656,-41.570205],[-73.20707,-41.57047],[-73.207394,-41.570598],[-73.207678,-41.570666],[-73.207941,-41.570685],[-73.208383,-41.570657],[-73.208843,-41.570598],[-73.209274,-41.57051],[-73.209809,-41.570425],[-73.210363,-41.570375],[-73.211016,-41.570302],[-73.211281,-41.570261],[-73.211507,-41.570187],[-73.211723,-41.570089],[-73.211987,-41.569971],[-73.212252,-41.569805],[-73.212526,-41.569639],[-73.212984,-41.569473],[-73.213507,-41.569334],[-73.213853,-41.569204],[-73.214041,-41.569139],[-73.214223,-41.569034],[-73.21447,-41.56883],[-73.214977,-41.568358],[-73.215539,-41.567882],[-73.215974,-41.567518],[-73.216109,-41.567329],[-73.216121,-41.567312],[-73.21622,-41.567065],[-73.216297,-41.566966],[-73.216403,-41.566831],[-73.216538,-41.566708],[-73.216608,-41.566537],[-73.216632,-41.566373],[-73.2166,-41.56623],[-73.216541,-41.566064],[-73.216545,-41.565881],[-73.21659,-41.56573],[-73.21698,-41.565179],[-73.217055,-41.564972],[-73.217073,-41.564828],[-73.217064,-41.564683],[-73.217031,-41.564542],[-73.216974,-41.564389],[-73.216854,-41.56419],[-73.21662,-41.5639],[-73.216327,-41.563443],[-73.21622,-41.563203],[-73.216162,-41.563062],[-73.216142,-41.562885],[-73.216138,-41.562641],[-73.216118,-41.56238],[-73.21606,-41.56205],[-73.21599,-41.56115],[-73.21584,-41.56044],[-73.215786,-41.560199],[-73.215786,-41.559952],[-73.215904,-41.559735],[-73.21608,-41.55957],[-73.216447,-41.559276],[-73.216844,-41.558843],[-73.217096,-41.558554],[-73.217145,-41.558498],[-73.217358,-41.558336],[-73.217622,-41.558248],[-73.217879,-41.558241],[-73.218263,-41.558303],[-73.21855,-41.55835],[-73.21892,-41.55834],[-73.21915,-41.55825],[-73.21949,-41.55804],[-73.2198,-41.55799],[-73.219978,-41.558037],[-73.220144,-41.558175],[-73.22035,-41.558411],[-73.22055,-41.5587],[-73.220951,-41.559148],[-73.221234,-41.559372],[-73.221493,-41.559513],[-73.221688,-41.559631],[-73.221894,-41.559843],[-73.222012,-41.560026],[-73.222183,-41.560215],[-73.222442,-41.560385],[-73.222607,-41.560503],[-73.222896,-41.56058],[-73.223118,-41.560591],[-73.223126,-41.560592],[-73.22335,-41.560657],[-73.223544,-41.56078],[-73.223792,-41.560934],[-73.224032,-41.561009],[-73.224274,-41.561031],[-73.22444,-41.561097],[-73.224458,-41.561104],[-73.224597,-41.561178],[-73.224737,-41.561295],[-73.224883,-41.561391],[-73.225126,-41.561413],[-73.225412,-41.561391],[-73.225647,-41.561383],[-73.225882,-41.561405],[-73.226124,-41.561464],[-73.226425,-41.561582],[-73.226667,-41.561662],[-73.22688,-41.561693],[-73.227145,-41.561684],[-73.22785,-41.56172],[-73.228202,-41.561748],[-73.22849,-41.56181],[-73.229031,-41.561979],[-73.22963,-41.562108],[-73.229952,-41.562154],[-73.23056,-41.562191],[-73.23194,-41.56211],[-73.231986,-41.562104],[-73.233327,-41.561927],[-73.234002,-41.561809],[-73.23489,-41.56153],[-73.235706,-41.561207],[-73.236095,-41.561075],[-73.23636,-41.56103],[-73.23678,-41.56102],[-73.237228,-41.561113],[-73.237937,-41.561316],[-73.238503,-41.561574],[-73.239046,-41.561868],[-73.239139,-41.561914],[-73.239325,-41.562007],[-73.239545,-41.562103],[-73.239871,-41.5622],[-73.240129,-41.562218],[-73.240543,-41.5622],[-73.24102,-41.56222],[-73.242195,-41.562371],[-73.242792,-41.562417],[-73.243425,-41.562352],[-73.24483,-41.56228],[-73.246087,-41.562273],[-73.246972,-41.562347],[-73.24754,-41.56244],[-73.247718,-41.562559],[-73.247865,-41.562798],[-73.24794,-41.56323],[-73.24792,-41.564294],[-73.247919,-41.564332],[-73.248032,-41.564913],[-73.248023,-41.565335],[-73.248078,-41.565812],[-73.248153,-41.566365],[-73.248271,-41.566739],[-73.24839,-41.567097],[-73.248583,-41.567464],[-73.248876,-41.567758],[-73.249234,-41.568033],[-73.24966,-41.56826],[-73.25,-41.568433],[-73.25,-41.568433],[-73.25023,-41.56855],[-73.25116,-41.56902],[-73.251629,-41.56933],[-73.251822,-41.569458],[-73.252272,-41.569908],[-73.252538,-41.570208],[-73.252868,-41.570493],[-73.25328,-41.57079],[-73.25369,-41.57103],[-73.25403,-41.57128],[-73.25446,-41.57155],[-73.25484,-41.57173],[-73.25531,-41.57187],[-73.25565,-41.57192],[-73.25601,-41.57195],[-73.25626,-41.57192],[-73.25659,-41.57184],[-73.25696,-41.57175],[-73.25726,-41.57163],[-73.2575,-41.57151],[-73.25769,-41.57141],[-73.25799,-41.57121],[-73.25827,-41.57102],[-73.25847,-41.5709],[-73.25884,-41.57074],[-73.2592,-41.57056],[-73.25962,-41.57036],[-73.26007,-41.57012],[-73.26043,-41.56988],[-73.26087,-41.5696],[-73.26118,-41.5694],[-73.26152,-41.569164],[-73.26187,-41.56892],[-73.2621,-41.56874],[-73.26257,-41.56848],[-73.26295,-41.56824],[-73.26324,-41.56796],[-73.26356,-41.56773],[-73.26389,-41.56742],[-73.2643,-41.56701],[-73.26458,-41.56674],[-73.26492,-41.56641],[-73.265297,-41.566171],[-73.26564,-41.565965],[-73.266031,-41.565857],[-73.266511,-41.565906],[-73.267004,-41.566023],[-73.267424,-41.566069],[-73.26781,-41.566042],[-73.268173,-41.565951],[-73.268659,-41.565789],[-73.268698,-41.565763],[-73.268982,-41.565573],[-73.269432,-41.565375],[-73.26979,-41.5653],[-73.27041,-41.5652],[-73.27119,-41.56506],[-73.27177,-41.56494],[-73.27215,-41.56483],[-73.27248,-41.5647],[-73.27282,-41.56453],[-73.273178,-41.564372],[-73.273546,-41.56417],[-73.273922,-41.56394],[-73.274252,-41.563628],[-73.274445,-41.56339],[-73.274629,-41.56316],[-73.27476,-41.56293],[-73.274962,-41.562599],[-73.27498,-41.56257],[-73.27515,-41.5623],[-73.27532,-41.56208],[-73.275497,-41.561909],[-73.2756,-41.56181],[-73.27584,-41.561655],[-73.276161,-41.561582],[-73.276573,-41.561598],[-73.276987,-41.561634],[-73.277575,-41.561582],[-73.278088,-41.561361],[-73.278557,-41.561095],[-73.278869,-41.56082],[-73.279208,-41.560379],[-73.279438,-41.559975],[-73.279631,-41.559565],[-73.279739,-41.559152],[-73.279901,-41.558792],[-73.2801,-41.55857],[-73.28032,-41.55841],[-73.28069,-41.55815],[-73.28091,-41.55801],[-73.28117,-41.55787],[-73.28148,-41.55776],[-73.28205,-41.55766],[-73.28266,-41.5576],[-73.28308,-41.55756],[-73.28361,-41.55753],[-73.28369,-41.557531],[-73.2842,-41.55754],[-73.28449,-41.55761],[-73.28491,-41.55775],[-73.28513,-41.55789],[-73.28533,-41.5581],[-73.28545,-41.55833],[-73.28567,-41.55858],[-73.28595,-41.5588],[-73.28608,-41.55886],[-73.28633,-41.55892],[-73.28657,-41.55893],[-73.28696,-41.55887],[-73.28718,-41.5588],[-73.28728,-41.55873],[-73.28739,-41.55862],[-73.28744,-41.55852],[-73.28743,-41.55843],[-73.28736,-41.55828],[-73.28728,-41.55811],[-73.28725,-41.55797],[-73.28721,-41.55786],[-73.2872,-41.55776],[-73.2872,-41.55763],[-73.28723,-41.55748],[-73.28731,-41.55718],[-73.28747,-41.55683],[-73.28748,-41.55671],[-73.28744,-41.5565],[-73.2874,-41.55632],[-73.28738,-41.55619],[-73.28739,-41.55597],[-73.28743,-41.55584],[-73.28757,-41.55563],[-73.28774,-41.55549],[-73.28792,-41.5554],[-73.28818,-41.55531],[-73.28853,-41.55533],[-73.288872,-41.555341],[-73.289267,-41.555359],[-73.289551,-41.555341],[-73.28989,-41.55525],[-73.29028,-41.55514],[-73.2906,-41.55501],[-73.29085,-41.55487],[-73.29101,-41.55466],[-73.29115,-41.55441],[-73.29124,-41.55411],[-73.29123,-41.5538],[-73.29129,-41.55354],[-73.2914,-41.55334],[-73.29168,-41.55311],[-73.29202,-41.55294],[-73.292439,-41.552775],[-73.29268,-41.55268],[-73.29325,-41.55243],[-73.2938,-41.55217],[-73.29442,-41.55189],[-73.29501,-41.55167],[-73.29576,-41.55137],[-73.29626,-41.55108],[-73.296499,-41.55089],[-73.296691,-41.550715],[-73.296976,-41.550449],[-73.297187,-41.55022],[-73.29735,-41.55004],[-73.29744,-41.54991],[-73.29753,-41.54972],[-73.29762,-41.54943],[-73.29768,-41.5492],[-73.29782,-41.54855],[-73.29786,-41.54832],[-73.29791,-41.54818],[-73.29795,-41.54802],[-73.29805,-41.54772],[-73.29814,-41.54753],[-73.29845,-41.54706],[-73.29861,-41.54685],[-73.2988,-41.54664],[-73.298967,-41.546512],[-73.29917,-41.54637],[-73.299237,-41.546334],[-73.299518,-41.546182],[-73.29994,-41.54599],[-73.30035,-41.54579],[-73.30075,-41.54566],[-73.301234,-41.545512],[-73.301702,-41.545383],[-73.302161,-41.54531],[-73.30269,-41.54521],[-73.30309,-41.54515],[-73.30349,-41.54508],[-73.30374,-41.545034],[-73.304079,-41.54497],[-73.30452,-41.544823],[-73.30477,-41.54472],[-73.30511,-41.54456],[-73.30558,-41.54433],[-73.30596,-41.54412],[-73.3064,-41.54389],[-73.30677,-41.54364],[-73.30716,-41.54333],[-73.30745,-41.54308],[-73.30774,-41.54276],[-73.30805,-41.54235],[-73.3083,-41.5419],[-73.308316,-41.541862],[-73.309412,-41.542808],[-73.315117,-41.541577],[-73.316999,-41.537048],[-73.314098,-41.534544],[-73.31411,-41.53454],[-73.31429,-41.53448],[-73.31462,-41.53444],[-73.31488,-41.53444],[-73.31508,-41.53445],[-73.31555,-41.53457],[-73.315788,-41.534648],[-73.31599,-41.53479],[-73.31618,-41.53502],[-73.31634,-41.53528],[-73.31645,-41.53544],[-73.31661,-41.53559],[-73.31678,-41.5357],[-73.31693,-41.53575],[-73.31716,-41.53574],[-73.31743,-41.53568],[-73.31765,-41.53556],[-73.31822,-41.53536],[-73.31847,-41.53523],[-73.31876,-41.53513],[-73.31901,-41.53508],[-73.31929,-41.53502],[-73.3196,-41.53501],[-73.31984,-41.53505],[-73.31999,-41.53511],[-73.32031,-41.53524],[-73.32049,-41.53532],[-73.32071,-41.53538],[-73.32104,-41.53544],[-73.32129,-41.53547],[-73.32166,-41.53548],[-73.32203,-41.53546],[-73.32247,-41.53546],[-73.32268,-41.53545],[-73.322861,-41.535438],[-73.32297,-41.53543],[-73.3232,-41.53535],[-73.32338,-41.53524],[-73.323684,-41.535076],[-73.3239,-41.53493],[-73.32406,-41.53478],[-73.324327,-41.534587],[-73.324587,-41.534326],[-73.324832,-41.534143],[-73.325016,-41.533929],[-73.32514,-41.53374],[-73.32525,-41.53344],[-73.32532,-41.53322],[-73.32536,-41.53301],[-73.32537,-41.53279],[-73.32535,-41.53261],[-73.32531,-41.5325],[-73.32522,-41.53242],[-73.32503,-41.53227],[-73.3249,-41.53219],[-73.32472,-41.53211],[-73.3244,-41.53202],[-73.324292,-41.531992],[-73.32421,-41.53197],[-73.324,-41.53194],[-73.32386,-41.5319],[-73.32373,-41.53184],[-73.32362,-41.53177],[-73.3235,-41.53168],[-73.32339,-41.53155],[-73.32333,-41.53145],[-73.32332,-41.53115],[-73.3234,-41.53104],[-73.32355,-41.53093],[-73.32378,-41.53087],[-73.324071,-41.530843],[-73.32421,-41.53083],[-73.32452,-41.5308],[-73.32474,-41.53075],[-73.32493,-41.53066],[-73.32511,-41.53054],[-73.32519,-41.53043],[-73.32519,-41.53027],[-73.32518,-41.53015],[-73.32516,-41.53004],[-73.32512,-41.52991],[-73.32505,-41.52979],[-73.32479,-41.52935],[-73.32462,-41.52908],[-73.32442,-41.52884],[-73.32425,-41.52866],[-73.32412,-41.52853],[-73.32397,-41.52833],[-73.32388,-41.52816],[-73.32385,-41.52799],[-73.32383,-41.52772],[-73.32389,-41.5275],[-73.32401,-41.52732],[-73.32419,-41.52716],[-73.32437,-41.52706],[-73.32475,-41.52688],[-73.32509,-41.52669],[-73.32553,-41.52642],[-73.32593,-41.52613],[-73.32628,-41.52582],[-73.32654,-41.52561],[-73.32672,-41.52541],[-73.32703,-41.52509],[-73.32731,-41.52478],[-73.32748,-41.52457],[-73.32761,-41.52445],[-73.3278,-41.52432],[-73.3283,-41.52406],[-73.32853,-41.52388],[-73.32873,-41.52368],[-73.32896,-41.52346],[-73.3291,-41.52326],[-73.32917,-41.52308],[-73.329191,-41.522955],[-73.32924,-41.52266],[-73.32925,-41.52239],[-73.32919,-41.52206],[-73.32907,-41.52181],[-73.32895,-41.52164],[-73.328672,-41.521441],[-73.32867,-41.52144],[-73.32827,-41.52122],[-73.32801,-41.52107],[-73.32778,-41.52093],[-73.32742,-41.52069],[-73.3273,-41.52055],[-73.32718,-41.5204],[-73.32701,-41.52017],[-73.3269,-41.51999],[-73.32683,-41.5198],[-73.32682,-41.51964],[-73.32684,-41.51952],[-73.32693,-41.51924],[-73.32712,-41.51906],[-73.32733,-41.51882],[-73.3275,-41.51865],[-73.32758,-41.51855],[-73.32762,-41.51847],[-73.32765,-41.51829],[-73.3277,-41.51801],[-73.32771,-41.51772],[-73.32775,-41.51742],[-73.32785,-41.51709],[-73.32796,-41.51679],[-73.32808,-41.51657],[-73.32826,-41.5163],[-73.32833,-41.51619],[-73.32837,-41.516095],[-73.32841,-41.516],[-73.32844,-41.51579],[-73.32843,-41.51557],[-73.3284,-41.51543],[-73.32826,-41.51508],[-73.32813,-41.51484],[-73.32791,-41.51435],[-73.32774,-41.51379],[-73.32761,-41.51339],[-73.32752,-41.51249],[-73.32755,-41.51212],[-73.32759,-41.51182],[-73.32765,-41.51148],[-73.327664,-41.51136],[-73.32768,-41.51123],[-73.32771,-41.51094],[-73.32776,-41.51032],[-73.32783,-41.5099],[-73.3279,-41.50957],[-73.327907,-41.509545],[-73.328283,-41.509869],[-73.333277,-41.50879],[-73.333361,-41.508913],[-73.33371,-41.509344],[-73.334057,-41.509797],[-73.334263,-41.510112],[-73.334519,-41.510635],[-73.334693,-41.511209],[-73.334847,-41.511762],[-73.335073,-41.512377],[-73.335343,-41.512996],[-73.335831,-41.513904],[-73.33622,-41.514488],[-73.336538,-41.514867],[-73.336578,-41.514901],[-73.335929,-41.516464],[-73.339754,-41.519762],[-73.342206,-41.519232],[-73.342221,-41.519244],[-73.343148,-41.520079],[-73.34389,-41.52082],[-73.3446,-41.52135],[-73.34555,-41.52191],[-73.34641,-41.52239],[-73.34736,-41.52273],[-73.348871,-41.522818],[-73.348952,-41.522823],[-73.35021,-41.52275],[-73.35175,-41.52258],[-73.35316,-41.52223],[-73.35494,-41.52159],[-73.35575,-41.52125],[-73.35637,-41.52099],[-73.35767,-41.5203],[-73.3587,-41.51958],[-73.359674,-41.518801],[-73.3607,-41.51973],[-73.36086,-41.51973],[-73.36107,-41.51973],[-73.36151,-41.51982],[-73.36195,-41.51983],[-73.36283,-41.51995],[-73.36292,-41.52002],[-73.36306,-41.5201],[-73.36319,-41.52018],[-73.36334,-41.52026],[-73.36337,-41.52036],[-73.3637,-41.52056],[-73.36392,-41.52055],[-73.36423,-41.52063],[-73.36435,-41.52069],[-73.36479,-41.52093],[-73.36489,-41.52111],[-73.364991,-41.521519],[-73.36509,-41.52192],[-73.36538,-41.52229],[-73.36563,-41.52236],[-73.36576,-41.52236],[-73.36607,-41.52234],[-73.36629,-41.52228],[-73.36651,-41.52225],[-73.36717,-41.52252],[-73.36776,-41.52258],[-73.36798,-41.52263],[-73.36836,-41.52283],[-73.3686,-41.52297],[-73.3693,-41.52332],[-73.36966,-41.52346],[-73.36985,-41.5235],[-73.37013,-41.52354],[-73.37041,-41.5235],[-73.37079,-41.5234],[-73.3713,-41.52339],[-73.37147,-41.52341],[-73.37192,-41.52361],[-73.37218,-41.52372],[-73.372635,-41.52384],[-73.3732,-41.52385],[-73.37331,-41.52385],[-73.37338,-41.52381],[-73.37355,-41.52381],[-73.37386,-41.52386],[-73.37405,-41.52398],[-73.37432,-41.52403],[-73.374335,-41.524039],[-73.37442,-41.52409],[-73.37487,-41.52409],[-73.37531,-41.52396],[-73.375401,-41.523963],[-73.375523,-41.523981],[-73.37562,-41.52397],[-73.37635,-41.52395],[-73.376446,-41.523952],[-73.37679,-41.52396],[-73.37691,-41.5239],[-73.37723,-41.52391],[-73.37731,-41.52393],[-73.37733,-41.52405],[-73.37758,-41.52426],[-73.37796,-41.52425],[-73.37799,-41.5243],[-73.3781,-41.52433],[-73.37824,-41.52431],[-73.37845,-41.52417],[-73.3787,-41.52416],[-73.37881,-41.52421],[-73.37892,-41.5243],[-73.37935,-41.52449],[-73.37952,-41.52461],[-73.37964,-41.52478],[-73.37981,-41.525],[-73.38012,-41.52512],[-73.38065,-41.52543],[-73.38106,-41.52552],[-73.38126,-41.52564],[-73.38132,-41.52583],[-73.38131,-41.52597],[-73.3817,-41.52605],[-73.38187,-41.52617],[-73.38204,-41.52624],[-73.38222,-41.52625],[-73.38244,-41.52608],[-73.38273,-41.52596],[-73.38315,-41.52594],[-73.3836,-41.52583],[-73.38398,-41.52557],[-73.384114,-41.525511],[-73.38423,-41.52546],[-73.38467,-41.52547],[-73.3849,-41.52543],[-73.38499,-41.52538],[-73.3854,-41.52528],[-73.38554,-41.52528],[-73.38568,-41.52534],[-73.38671,-41.525],[-73.386773,-41.524858],[-73.38683,-41.52473],[-73.38717,-41.52431],[-73.38762,-41.52389],[-73.38791,-41.52372],[-73.38847,-41.52345],[-73.38923,-41.52323],[-73.38973,-41.52324],[-73.39023,-41.52332],[-73.39079,-41.523328],[-73.390871,-41.523323],[-73.39097,-41.52333],[-73.39152,-41.52335],[-73.391624,-41.523336],[-73.3919,-41.5233],[-73.3924,-41.52331],[-73.39306,-41.52323],[-73.3935,-41.52324],[-73.393717,-41.523207],[-73.39383,-41.52319],[-73.3941,-41.52319],[-73.39437,-41.52306],[-73.39516,-41.52291],[-73.39565,-41.52272],[-73.39709,-41.52201],[-73.3976,-41.52181],[-73.39803,-41.52168],[-73.3987,-41.5215],[-73.39912,-41.52135],[-73.40073,-41.52093],[-73.401626,-41.520857],[-73.400708,-41.523076],[-73.395001,-41.524312],[-73.393125,-41.528845],[-73.387418,-41.53008],[-73.38554,-41.534613],[-73.379833,-41.535848],[-73.376004,-41.53255],[-73.370297,-41.533784],[-73.366469,-41.530486],[-73.360762,-41.53172],[-73.358884,-41.536252],[-73.362711,-41.53955],[-73.368419,-41.538316],[-73.372248,-41.541614],[-73.377955,-41.54038],[-73.381786,-41.543678],[-73.387494,-41.542444],[-73.391325,-41.545742],[-73.397034,-41.544506],[-73.398911,-41.539973],[-73.395079,-41.536675],[-73.396956,-41.532142],[-73.402663,-41.530907],[-73.404539,-41.526373],[-73.410247,-41.525137],[-73.414079,-41.528434],[-73.419787,-41.527197],[-73.421662,-41.522663],[-73.42737,-41.521426],[-73.431204,-41.524722],[-73.436912,-41.523484],[-73.440748,-41.526781],[-73.446457,-41.525543],[-73.450293,-41.528839],[-73.44842,-41.533374],[-73.452257,-41.536671],[-73.457968,-41.535432],[-73.461806,-41.538729],[-73.467517,-41.53749],[-73.469389,-41.532954],[-73.4751,-41.531714],[-73.47894,-41.53501],[-73.477069,-41.539547],[-73.480909,-41.542843],[-73.479038,-41.54738],[-73.473325,-41.54862],[-73.471453,-41.553156],[-73.46574,-41.554396],[-73.4619,-41.551098],[-73.456187,-41.552337],[-73.454314,-41.556873],[-73.448601,-41.558111],[-73.446727,-41.562646],[-73.450566,-41.565945],[-73.45628,-41.564707],[-73.458153,-41.56017],[-73.463867,-41.558932],[-73.467707,-41.56223],[-73.473421,-41.56099],[-73.477263,-41.564288],[-73.482978,-41.563049],[-73.486821,-41.566346],[-73.492536,-41.565106],[-73.49638,-41.568404],[-73.494508,-41.572942],[-73.488792,-41.574182],[-73.484948,-41.570884],[-73.479233,-41.572123],[-73.47539,-41.568825],[-73.469675,-41.570064],[-73.467802,-41.574601],[-73.462087,-41.575839],[-73.458246,-41.572541],[-73.452531,-41.573779],[-73.448692,-41.57048],[-73.442978,-41.571718],[-73.439139,-41.568419],[-73.433426,-41.569656],[-73.429588,-41.566358],[-73.423875,-41.567594],[-73.421999,-41.572129],[-73.416286,-41.573365],[-73.41441,-41.5779],[-73.418246,-41.581199],[-73.42396,-41.579963],[-73.427798,-41.583262],[-73.433513,-41.582026],[-73.435388,-41.57749],[-73.441103,-41.576254],[-73.444942,-41.579552],[-73.450657,-41.578315],[-73.454498,-41.581614],[-73.452623,-41.58615],[-73.456464,-41.589449],[-73.462181,-41.588211],[-73.464055,-41.583675],[-73.469771,-41.582436],[-73.473614,-41.585735],[-73.479331,-41.584496],[-73.483175,-41.587795],[-73.488892,-41.586555],[-73.492737,-41.589854],[-73.490865,-41.594392],[-73.485146,-41.595631],[-73.481302,-41.592332],[-73.475584,-41.593571],[-73.47174,-41.590272],[-73.466023,-41.59151],[-73.464149,-41.596047],[-73.458432,-41.597285],[-73.454589,-41.593986],[-73.448873,-41.595223],[-73.446997,-41.599759],[-73.450839,-41.603059],[-73.456557,-41.601822],[-73.4604,-41.605121],[-73.466118,-41.603884],[-73.469962,-41.607183],[-73.475681,-41.605945],[-73.479526,-41.609245],[-73.485245,-41.608006],[-73.489092,-41.611306],[-73.487218,-41.615844],[-73.491065,-41.619144],[-73.496787,-41.617905],[-73.49866,-41.613366],[-73.50438,-41.612127],[-73.506253,-41.607588],[-73.511973,-41.606348],[-73.515822,-41.609647],[-73.51395,-41.614186],[-73.508229,-41.615426],[-73.506357,-41.619965],[-73.500635,-41.621205],[-73.498762,-41.625744],[-73.502611,-41.629044],[-73.500738,-41.633583],[-73.504587,-41.636883],[-73.502714,-41.641423],[-73.506565,-41.644723],[-73.504691,-41.649263],[-73.498966,-41.650502],[-73.497092,-41.655041],[-73.500943,-41.658342],[-73.506669,-41.657104],[-73.508542,-41.652564],[-73.514268,-41.651325],[-73.51812,-41.654626],[-73.523846,-41.653386],[-73.5277,-41.656687],[-73.525827,-41.661228],[-73.5201,-41.662467],[-73.516247,-41.659166],[-73.510521,-41.660405],[-73.508647,-41.664945],[-73.5125,-41.668247],[-73.510626,-41.672787],[-73.51448,-41.676089],[-73.520208,-41.67485],[-73.522081,-41.670309],[-73.527809,-41.66907],[-73.529682,-41.664529],[-73.535409,-41.663289],[-73.537281,-41.658748],[-73.533427,-41.655447],[-73.535299,-41.650906],[-73.541025,-41.649665],[-73.54488,-41.652966],[-73.543009,-41.657507],[-73.546865,-41.660808],[-73.544993,-41.665349],[-73.539265,-41.66659],[-73.537393,-41.671131],[-73.541249,-41.674433],[-73.546978,-41.673192],[-73.54885,-41.66865],[-73.554579,-41.66741],[-73.558437,-41.670711],[-73.556565,-41.675253],[-73.560424,-41.678554],[-73.566155,-41.677313],[-73.568025,-41.67277],[-73.564166,-41.669469],[-73.566037,-41.664927],[-73.571766,-41.663684],[-73.575625,-41.666985],[-73.573755,-41.671528],[-73.577616,-41.674829],[-73.583346,-41.673586],[-73.585216,-41.669043],[-73.590946,-41.6678],[-73.592815,-41.663256],[-73.588954,-41.659956],[-73.583224,-41.661199],[-73.579364,-41.657899],[-73.581234,-41.653356],[-73.577374,-41.650056],[-73.579243,-41.645514],[-73.584971,-41.64427],[-73.588831,-41.64757],[-73.594559,-41.646326],[-73.596427,-41.641783],[-73.602155,-41.640538],[-73.604022,-41.635995],[-73.600161,-41.632696],[-73.594434,-41.63394],[-73.590575,-41.630641],[-73.592443,-41.626098],[-73.598169,-41.624854],[-73.600036,-41.620311],[-73.605761,-41.619066],[-73.609621,-41.622364],[-73.615348,-41.621118],[-73.619209,-41.624416]],[[-73.615736,-41.65828],[-73.610005,-41.659525],[-73.608138,-41.664069],[-73.602407,-41.665313],[-73.600539,-41.669857],[-73.604402,-41.673157],[-73.610133,-41.671913],[-73.612001,-41.667369],[-73.617733,-41.666124],[-73.6196,-41.66158],[-73.615736,-41.65828]],[[-73.625594,-41.685115],[-73.621728,-41.681815],[-73.615995,-41.683059],[-73.614127,-41.687604],[-73.617992,-41.690905],[-73.623727,-41.689661],[-73.625594,-41.685115]],[[-73.642796,-41.68138],[-73.640929,-41.685926],[-73.644798,-41.689226],[-73.650533,-41.68798],[-73.652399,-41.683434],[-73.64853,-41.680134],[-73.642796,-41.68138]],[[-73.629593,-41.700809],[-73.627726,-41.705354],[-73.631594,-41.708656],[-73.637331,-41.707411],[-73.639198,-41.702865],[-73.635329,-41.699564],[-73.629593,-41.700809]],[[-73.62199,-41.706598],[-73.618122,-41.703297],[-73.612387,-41.704541],[-73.608521,-41.701239],[-73.602786,-41.702482],[-73.600917,-41.707027],[-73.595182,-41.708269],[-73.593312,-41.712814],[-73.587576,-41.714056],[-73.585706,-41.7186],[-73.58957,-41.721903],[-73.595307,-41.720661],[-73.597177,-41.716116],[-73.602913,-41.714874],[-73.606779,-41.718176],[-73.60491,-41.722721],[-73.599173,-41.723964],[-73.597302,-41.728509],[-73.591565,-41.72975],[-73.589694,-41.734295],[-73.583957,-41.735536],[-73.582085,-41.740081],[-73.576347,-41.741322],[-73.572482,-41.738018],[-73.566745,-41.739258],[-73.564872,-41.743802],[-73.568736,-41.747106],[-73.574474,-41.745866],[-73.57834,-41.74917],[-73.584079,-41.747929],[-73.585951,-41.743385],[-73.591689,-41.742143],[-73.595556,-41.745447],[-73.593685,-41.749992],[-73.597553,-41.753296],[-73.603293,-41.752054],[-73.605164,-41.747509],[-73.610903,-41.746267],[-73.614773,-41.74957],[-73.612903,-41.754116],[-73.616773,-41.75742],[-73.622514,-41.756177],[-73.624384,-41.751631],[-73.630125,-41.750388],[-73.631994,-41.745841],[-73.637735,-41.744597],[-73.641607,-41.7479],[-73.647348,-41.746656],[-73.649216,-41.742109],[-73.654957,-41.740864],[-73.656824,-41.736316],[-73.662565,-41.735071],[-73.666439,-41.738373],[-73.664572,-41.742921],[-73.668447,-41.746224],[-73.674189,-41.744978],[-73.676056,-41.74043],[-73.681797,-41.739183],[-73.685674,-41.742485],[-73.691417,-41.741238],[-73.695294,-41.744541],[-73.701037,-41.743293],[-73.702902,-41.738744],[-73.699024,-41.735442],[-73.700888,-41.730893],[-73.697011,-41.727591],[-73.691269,-41.728839],[-73.689405,-41.733388],[-73.683663,-41.734635],[-73.679787,-41.731333],[-73.674046,-41.732579],[-73.670172,-41.729277],[-73.672038,-41.724729],[-73.668164,-41.721428],[-73.670029,-41.71688],[-73.666156,-41.713578],[-73.660418,-41.714825],[-73.656546,-41.711523],[-73.650808,-41.712769],[-73.648941,-41.717316],[-73.652813,-41.720618],[-73.650946,-41.725165],[-73.654818,-41.728467],[-73.652951,-41.733014],[-73.647211,-41.734259],[-73.643339,-41.730957],[-73.645207,-41.72641],[-73.641336,-41.723108],[-73.643203,-41.718561],[-73.639333,-41.715259],[-73.633595,-41.716504],[-73.629726,-41.713202],[-73.623989,-41.714446],[-73.620121,-41.711144],[-73.62199,-41.706598]],[[-73.608393,-41.688848],[-73.604529,-41.685547],[-73.598796,-41.68679],[-73.594932,-41.683489],[-73.5892,-41.684732],[-73.585338,-41.681431],[-73.579606,-41.682673],[-73.577736,-41.687217],[-73.572004,-41.688458],[-73.570133,-41.693002],[-73.564401,-41.694243],[-73.560541,-41.690941],[-73.562412,-41.686398],[-73.558553,-41.683097],[-73.552822,-41.684337],[-73.548964,-41.681036],[-73.543234,-41.682276],[-73.541361,-41.686818],[-73.545219,-41.69012],[-73.55095,-41.68888],[-73.554809,-41.692182],[-73.552937,-41.696724],[-73.556797,-41.700026],[-73.554925,-41.704569],[-73.549192,-41.705809],[-73.547319,-41.710352],[-73.551179,-41.713655],[-73.549306,-41.718197],[-73.553167,-41.721501],[-73.558902,-41.720261],[-73.560774,-41.715718],[-73.566509,-41.714477],[-73.568381,-41.709934],[-73.574115,-41.708693],[-73.575986,-41.704149],[-73.572124,-41.700847],[-73.573995,-41.696303],[-73.579728,-41.695062],[-73.581598,-41.690518],[-73.587331,-41.689276],[-73.591194,-41.692577],[-73.596927,-41.691335],[-73.600791,-41.694636],[-73.606525,-41.693393],[-73.608393,-41.688848]],[[-73.446907,-41.587387],[-73.443067,-41.584088],[-73.437352,-41.585325],[-73.435476,-41.589861],[-73.42976,-41.591097],[-73.427884,-41.595632],[-73.422168,-41.596868],[-73.420291,-41.601403],[-73.42413,-41.604703],[-73.429847,-41.603468],[-73.431723,-41.598932],[-73.43744,-41.597696],[-73.439316,-41.59316],[-73.445032,-41.591923],[-73.446907,-41.587387]],[[-73.481596,-41.629459],[-73.475875,-41.630697],[-73.474,-41.635235],[-73.468278,-41.636472],[-73.466402,-41.64101],[-73.46068,-41.642247],[-73.458803,-41.646784],[-73.453081,-41.64802],[-73.451204,-41.652558],[-73.45505,-41.65586],[-73.460773,-41.654624],[-73.46265,-41.650086],[-73.468373,-41.648849],[-73.470249,-41.644311],[-73.475972,-41.643074],[-73.477847,-41.638536],[-73.483569,-41.637298],[-73.485444,-41.63276],[-73.481596,-41.629459]],[[-73.452806,-41.610895],[-73.448963,-41.607595],[-73.443246,-41.608832],[-73.441369,-41.613368],[-73.445211,-41.616669],[-73.45093,-41.615432],[-73.452806,-41.610895]],[[-73.399148,-41.57707],[-73.404861,-41.575836],[-73.406738,-41.571301],[-73.402903,-41.568003],[-73.397191,-41.569237],[-73.395314,-41.573771],[-73.399148,-41.57707]],[[-73.380057,-41.57294],[-73.376225,-41.569641],[-73.370514,-41.570874],[-73.366683,-41.567574],[-73.360973,-41.568807],[-73.359093,-41.573339],[-73.362924,-41.576639],[-73.368635,-41.575406],[-73.372466,-41.578706],[-73.378178,-41.577473],[-73.380057,-41.57294]],[[-73.399386,-41.614176],[-73.395549,-41.610875],[-73.389833,-41.612109],[-73.387953,-41.616643],[-73.382237,-41.617876],[-73.380356,-41.62241],[-73.384192,-41.625711],[-73.38991,-41.624479],[-73.39179,-41.619944],[-73.397506,-41.618711],[-73.399386,-41.614176]],[[-73.376373,-41.594372],[-73.372539,-41.591072],[-73.366826,-41.592305],[-73.364946,-41.596837],[-73.368779,-41.600138],[-73.374493,-41.598906],[-73.376373,-41.594372]],[[-73.572363,-41.725627],[-73.568499,-41.722324],[-73.562764,-41.723564],[-73.560891,-41.728107],[-73.564754,-41.731411],[-73.57049,-41.73017],[-73.572363,-41.725627]],[[-73.696862,-41.715192],[-73.694998,-41.719741],[-73.698875,-41.723042],[-73.704616,-41.721794],[-73.706479,-41.717245],[-73.702602,-41.713944],[-73.696862,-41.715192]],[[-73.71066,-41.745347],[-73.71454,-41.748649],[-73.720284,-41.747401],[-73.722148,-41.742851],[-73.718267,-41.739549],[-73.712524,-41.740797],[-73.71066,-41.745347]],[[-73.430538,-41.70247],[-73.426691,-41.699166],[-73.420965,-41.700399],[-73.419084,-41.704936],[-73.42293,-41.70824],[-73.421049,-41.712777],[-73.424896,-41.716082],[-73.423015,-41.72062],[-73.426863,-41.723925],[-73.432592,-41.722692],[-73.434473,-41.718154],[-73.430625,-41.714849],[-73.432505,-41.710312],[-73.428658,-41.707007],[-73.430538,-41.70247]],[[-73.466686,-41.678145],[-73.470536,-41.681448],[-73.476263,-41.680212],[-73.478139,-41.675673],[-73.474289,-41.67237],[-73.476166,-41.667831],[-73.481891,-41.666595],[-73.485741,-41.669897],[-73.491468,-41.668659],[-73.493343,-41.66412],[-73.489492,-41.660818],[-73.483767,-41.662056],[-73.479917,-41.658754],[-73.474193,-41.659991],[-73.472317,-41.664529],[-73.466592,-41.665766],[-73.464715,-41.670304],[-73.458989,-41.67154],[-73.455142,-41.668237],[-73.449417,-41.669473],[-73.447539,-41.67401],[-73.451386,-41.677313],[-73.457112,-41.676078],[-73.46096,-41.679381],[-73.466686,-41.678145]],[[-73.401584,-41.659129],[-73.407305,-41.657896],[-73.409185,-41.65336],[-73.405344,-41.650058],[-73.399623,-41.651291],[-73.395784,-41.647988],[-73.390064,-41.649221],[-73.388183,-41.653756],[-73.382463,-41.654988],[-73.380581,-41.659522],[-73.38442,-41.662825],[-73.390141,-41.661594],[-73.392022,-41.657059],[-73.397743,-41.655826],[-73.401584,-41.659129]],[[-73.403544,-41.666967],[-73.399703,-41.663664],[-73.393981,-41.664897],[-73.3921,-41.669432],[-73.395941,-41.672735],[-73.401663,-41.671503],[-73.403544,-41.666967]],[[-73.380506,-41.64715],[-73.386225,-41.645918],[-73.388106,-41.641384],[-73.384268,-41.638082],[-73.37855,-41.639314],[-73.376668,-41.643848],[-73.380506,-41.64715]],[[-73.508961,-41.702094],[-73.512817,-41.705398],[-73.518548,-41.70416],[-73.520422,-41.699618],[-73.526153,-41.69838],[-73.528027,-41.693838],[-73.524171,-41.690536],[-73.518441,-41.691775],[-73.516566,-41.696316],[-73.510836,-41.697554],[-73.506981,-41.694251],[-73.501252,-41.695489],[-73.499376,-41.700029],[-73.50323,-41.703332],[-73.508961,-41.702094]],[[-73.26774,-41.593013],[-73.273449,-41.591786],[-73.275335,-41.587257],[-73.281044,-41.58603],[-73.282929,-41.581501],[-73.279107,-41.5782],[-73.273399,-41.579427],[-73.271513,-41.583956],[-73.265805,-41.585183],[-73.261984,-41.581881],[-73.263871,-41.577353],[-73.260051,-41.574052],[-73.254345,-41.575279],[-73.252458,-41.579806],[-73.256277,-41.583108],[-73.25439,-41.587636],[-73.258211,-41.590938],[-73.263919,-41.589711],[-73.26774,-41.593013]],[[-73.300054,-41.577815],[-73.305762,-41.576586],[-73.307646,-41.572056],[-73.303821,-41.568756],[-73.298114,-41.569985],[-73.29623,-41.574515],[-73.300054,-41.577815]],[[-73.345791,-41.580335],[-73.341962,-41.577035],[-73.336252,-41.578266],[-73.33437,-41.582798],[-73.338199,-41.586098],[-73.34391,-41.584867],[-73.345791,-41.580335]],[[-73.367042,-41.629407],[-73.36516,-41.633941],[-73.359443,-41.635172],[-73.35756,-41.639705],[-73.361395,-41.643008],[-73.367113,-41.641777],[-73.368995,-41.637243],[-73.374713,-41.636011],[-73.376594,-41.631478],[-73.372758,-41.628176],[-73.367042,-41.629407]]]},"properties":{"comuna":"Maullín","mancha_id":"10108-88cea85001fffff","clase":"Medio","nivel_medio":1.967,"nivel_medio_min":1.502,"nivel_medio_max":2.495,"pct_alto":18.6,"n_hexagonos":664,"area_ha":40856.66}},{"type":"Feature","geometry":{"type":"Polygon","coordinates":[[[-73.588779,-41.545051],[-73.589211,-41.545192],[-73.590155,-41.545499],[-73.590816,-41.545759],[-73.592233,-41.546404],[-73.592894,-41.546749],[-73.593348,-41.547064],[-73.594175,-41.547758],[-73.594951,-41.548453],[-73.595696,-41.549273],[-73.595948,-41.549589],[-73.596251,-41.549892],[-73.596579,-41.550106],[-73.59716,-41.550422],[-73.597423,-41.55055],[-73.597418,-41.550562],[-73.601272,-41.553857],[-73.599408,-41.558399],[-73.603263,-41.561695],[-73.608983,-41.560448],[-73.612839,-41.563744],[-73.618559,-41.562497],[-73.620422,-41.557954],[-73.620804,-41.557871],[-73.620999,-41.558407],[-73.62135,-41.5596],[-73.621772,-41.560307],[-73.622139,-41.560662],[-73.622801,-41.560956],[-73.623376,-41.561023],[-73.62431,-41.56093],[-73.62665,-41.560172],[-73.627214,-41.559914],[-73.627843,-41.559644],[-73.628452,-41.559522],[-73.629114,-41.559485],[-73.629464,-41.559544],[-73.63,-41.560001],[-73.631577,-41.559657],[-73.632284,-41.559672],[-73.634643,-41.559669],[-73.636261,-41.559902],[-73.637454,-41.560233],[-73.639579,-41.562048],[-73.637717,-41.566592],[-73.641577,-41.569888],[-73.647299,-41.568639],[-73.651159,-41.571934],[-73.656882,-41.570685],[-73.660744,-41.57398],[-73.658883,-41.578525],[-73.653159,-41.579774],[-73.651824,-41.583034],[-73.65183,-41.58231],[-73.65159,-41.58205],[-73.65085,-41.58161],[-73.6501,-41.58147],[-73.64958,-41.58129],[-73.64814,-41.58045],[-73.64765,-41.5803],[-73.6457,-41.58026],[-73.6445,-41.58034],[-73.642364,-41.58068],[-73.64205,-41.58073],[-73.64152,-41.58082],[-73.6404,-41.58109],[-73.63965,-41.58144],[-73.63918,-41.58158],[-73.63885,-41.58168],[-73.63765,-41.58187],[-73.63647,-41.58221],[-73.63528,-41.58256],[-73.634973,-41.582653],[-73.63455,-41.58278],[-73.63349,-41.58322],[-73.63251,-41.5838],[-73.63135,-41.5843],[-73.63061,-41.585],[-73.62809,-41.58668],[-73.62746,-41.58702],[-73.626651,-41.587816],[-73.62617,-41.58829],[-73.62582,-41.58843],[-73.62441,-41.58869],[-73.62388,-41.58905],[-73.62364,-41.58938],[-73.62303,-41.58969],[-73.62247,-41.58973],[-73.62139,-41.58956],[-73.62077,-41.58962],[-73.6204,-41.58977],[-73.61872,-41.59086],[-73.617239,-41.592048],[-73.6166,-41.59256],[-73.61095,-41.59853],[-73.610759,-41.598785],[-73.609366,-41.597595],[-73.611231,-41.593052],[-73.607373,-41.589755],[-73.60165,-41.591001],[-73.599784,-41.595543],[-73.594061,-41.596789],[-73.590205,-41.593491],[-73.592071,-41.588949],[-73.588216,-41.585652],[-73.582494,-41.586897],[-73.580627,-41.591439],[-73.574905,-41.592683],[-73.571051,-41.589386],[-73.56533,-41.59063],[-73.563669,-41.594669],[-73.56269,-41.59476],[-73.56171,-41.59473],[-73.5606,-41.59445],[-73.56004,-41.5944],[-73.55884,-41.59443],[-73.55717,-41.59432],[-73.55624,-41.59449],[-73.55575,-41.59442],[-73.55509,-41.59412],[-73.555032,-41.594096],[-73.55483,-41.59401],[-73.55334,-41.59352],[-73.55282,-41.593348],[-73.553888,-41.593116],[-73.555757,-41.588575],[-73.561477,-41.587332],[-73.563345,-41.582791],[-73.559493,-41.579494],[-73.553773,-41.580737],[-73.549922,-41.57744],[-73.544203,-41.578683],[-73.540353,-41.575386],[-73.534635,-41.576628],[-73.530786,-41.573331],[-73.532656,-41.568792],[-73.528808,-41.565494],[-73.530677,-41.560955],[-73.52683,-41.557659],[-73.528699,-41.55312],[-73.534414,-41.551877],[-73.536283,-41.547338],[-73.532436,-41.544042],[-73.534304,-41.539503],[-73.530458,-41.536207],[-73.532292,-41.531751],[-73.53371,-41.53184],[-73.534105,-41.532072],[-73.534431,-41.532361],[-73.534683,-41.532509],[-73.535026,-41.5326],[-73.53602,-41.53281],[-73.536375,-41.532875],[-73.536701,-41.533],[-73.536876,-41.533238],[-73.53693,-41.53352],[-73.53656,-41.534568],[-73.536479,-41.534941],[-73.536513,-41.53527],[-73.53662,-41.53583],[-73.536814,-41.536335],[-73.536989,-41.536636],[-73.537334,-41.537065],[-73.537775,-41.537426],[-73.53914,-41.5384],[-73.539181,-41.538441],[-73.539531,-41.53879],[-73.53981,-41.53917],[-73.539942,-41.539563],[-73.539932,-41.540004],[-73.540031,-41.54033],[-73.540243,-41.540656],[-73.540805,-41.541208],[-73.541151,-41.541622],[-73.541333,-41.541884],[-73.541434,-41.542197],[-73.541457,-41.542672],[-73.541484,-41.543024],[-73.541571,-41.54325],[-73.541757,-41.543468],[-73.541948,-41.543705],[-73.54208,-41.543912],[-73.54218,-41.54419],[-73.542279,-41.544779],[-73.542329,-41.54529],[-73.542369,-41.545712],[-73.542548,-41.546566],[-73.54255,-41.546574],[-73.542871,-41.547186],[-73.543212,-41.547668],[-73.544325,-41.549162],[-73.544633,-41.549644],[-73.544744,-41.549897],[-73.544814,-41.550119],[-73.544897,-41.550928],[-73.544943,-41.551585],[-73.544957,-41.55179],[-73.545067,-41.552258],[-73.545228,-41.552692],[-73.54545,-41.553217],[-73.54581,-41.55378],[-73.54662,-41.55477],[-73.547184,-41.555351],[-73.547448,-41.555538],[-73.547763,-41.55568],[-73.548084,-41.555729],[-73.548538,-41.555732],[-73.54906,-41.555612],[-73.54969,-41.55546],[-73.550215,-41.555405],[-73.550704,-41.555446],[-73.552028,-41.555783],[-73.552622,-41.555799],[-73.55316,-41.555702],[-73.553569,-41.555574],[-73.553737,-41.555512],[-73.55466,-41.55517],[-73.556225,-41.55478],[-73.556739,-41.554555],[-73.55711,-41.55421],[-73.55785,-41.55285],[-73.55911,-41.55122],[-73.559306,-41.550647],[-73.559317,-41.550592],[-73.55947,-41.54983],[-73.55973,-41.54906],[-73.559892,-41.548729],[-73.560037,-41.548448],[-73.56142,-41.5466],[-73.561998,-41.546222],[-73.562532,-41.545888],[-73.562853,-41.545736],[-73.562976,-41.545702],[-73.563688,-41.545507],[-73.56451,-41.545281],[-73.564755,-41.545118],[-73.564884,-41.544845],[-73.56493,-41.54457],[-73.565494,-41.543272],[-73.565742,-41.542959],[-73.56607,-41.54265],[-73.566641,-41.542301],[-73.567106,-41.542181],[-73.56871,-41.54226],[-73.569329,-41.542446],[-73.569489,-41.542518],[-73.56976,-41.54264],[-73.5704,-41.54306],[-73.570774,-41.54336],[-73.571167,-41.543802],[-73.571881,-41.54462],[-73.572154,-41.544773],[-73.572595,-41.544829],[-73.573059,-41.544715],[-73.573374,-41.544727],[-73.574032,-41.544829],[-73.574449,-41.544837],[-73.57485,-41.544717],[-73.575246,-41.544472],[-73.5759,-41.54417],[-73.57659,-41.54401],[-73.577073,-41.544034],[-73.57742,-41.54411],[-73.577876,-41.544331],[-73.578245,-41.544492],[-73.578437,-41.544556],[-73.578782,-41.544548],[-73.579103,-41.544428],[-73.579116,-41.544422],[-73.579518,-41.544256],[-73.579738,-41.544175],[-73.580006,-41.544115],[-73.580295,-41.544086],[-73.580508,-41.544091],[-73.580893,-41.544195],[-73.581081,-41.544334],[-73.58131,-41.544564],[-73.58166,-41.54501],[-73.581991,-41.545724],[-73.582113,-41.546001],[-73.582198,-41.54615],[-73.582336,-41.546276],[-73.582467,-41.546344],[-73.582599,-41.546386],[-73.582827,-41.546386],[-73.583162,-41.54634],[-73.583787,-41.546229],[-73.584818,-41.546024],[-73.585272,-41.545843],[-73.585736,-41.54561],[-73.586388,-41.545332],[-73.586986,-41.545104],[-73.587534,-41.544964],[-73.587927,-41.544944],[-73.588402,-41.544974],[-73.588779,-41.545051]],[[-73.630132,-41.572384],[-73.631995,-41.56784],[-73.628137,-41.564545],[-73.622416,-41.565792],[-73.620553,-41.570336],[-73.614831,-41.571583],[-73.610975,-41.568287],[-73.605254,-41.569533],[-73.603389,-41.574076],[-73.597668,-41.575322],[-73.595803,-41.579864],[-73.599659,-41.583161],[-73.605381,-41.581915],[-73.609238,-41.585212],[-73.61496,-41.583965],[-73.616825,-41.579422],[-73.622547,-41.578175],[-73.626406,-41.581471],[-73.632128,-41.580224],[-73.633992,-41.57568],[-73.630132,-41.572384]],[[-73.593813,-41.572026],[-73.595678,-41.567484],[-73.591824,-41.564188],[-73.586104,-41.565433],[-73.584239,-41.569975],[-73.588093,-41.573271],[-73.593813,-41.572026]]]},"properties":{"comuna":"Maullín","mancha_id":"10108-88cea84349fffff","clase":"Medio","nivel_medio":1.961,"nivel_medio_min":1.501,"nivel_medio_max":2.457,"pct_alto":18.6,"n_hexagonos":60,"area_ha":3282.13}},{"type":"Feature","geometry":{"type":"Polygon","coordinates":[[[-73.711502,-41.500792],[-73.705784,-41.502046],[-73.703928,-41.506592],[-73.69821,-41.507846],[-73.694349,-41.504553],[-73.694816,-41.503411],[-73.695101,-41.503191],[-73.695505,-41.503025],[-73.695891,-41.502871],[-73.696509,-41.502716],[-73.69702,-41.502601],[-73.697653,-41.50255],[-73.698217,-41.502513],[-73.698738,-41.502495],[-73.69935,-41.502443],[-73.700118,-41.502311],[-73.700755,-41.502195],[-73.701442,-41.502038],[-73.702048,-41.501886],[-73.702687,-41.50167],[-73.703295,-41.501444],[-73.703757,-41.50122],[-73.704244,-41.50092],[-73.704341,-41.500816],[-73.70458,-41.50056],[-73.704787,-41.5],[-73.7048,-41.499965],[-73.705011,-41.499322],[-73.705211,-41.499027],[-73.705454,-41.498847],[-73.705781,-41.4987],[-73.706139,-41.498605],[-73.706614,-41.498521],[-73.706909,-41.498384],[-73.70713,-41.498215],[-73.707278,-41.497962],[-73.707299,-41.497625],[-73.707215,-41.497256],[-73.706962,-41.496697],[-73.70676,-41.49641],[-73.706519,-41.495832],[-73.706498,-41.495389],[-73.706624,-41.494936],[-73.706972,-41.494388],[-73.711111,-41.494332],[-73.713358,-41.496247],[-73.711502,-41.500792]]]},"properties":{"comuna":"Maullín","mancha_id":"10108-88cea84289fffff","clase":"Medio","nivel_medio":1.701,"nivel_medio_min":1.692,"nivel_medio_max":1.709,"pct_alto":26.0,"n_hexagonos":2,"area_ha":85.26}},{"type":"Feature","geometry":{"type":"Polygon","coordinates":[[[-73.677628,-41.54546],[-73.68149,-41.548754],[-73.687212,-41.547502],[-73.68907,-41.542957],[-73.694791,-41.541705],[-73.696649,-41.537159],[-73.692786,-41.533866],[-73.694644,-41.52932],[-73.700364,-41.528067],[-73.702221,-41.523521],[-73.707941,-41.522268],[-73.709797,-41.517722],[-73.705934,-41.51443],[-73.707791,-41.509884],[-73.713509,-41.50863],[-73.715365,-41.504084],[-73.721083,-41.50283],[-73.722938,-41.498283],[-73.724758,-41.497884],[-73.725263,-41.498877],[-73.72532,-41.499229],[-73.725345,-41.5],[-73.725347,-41.500073],[-73.725427,-41.50039],[-73.726329,-41.501582],[-73.726828,-41.502451],[-73.726942,-41.502944],[-73.72648,-41.503432],[-73.726443,-41.50358],[-73.7264,-41.50402],[-73.726868,-41.505699],[-73.72693,-41.50592],[-73.72758,-41.50746],[-73.72787,-41.50844],[-73.72793,-41.50995],[-73.72809,-41.51024],[-73.72849,-41.51046],[-73.72889,-41.51057],[-73.72921,-41.51082],[-73.72954,-41.51152],[-73.72991,-41.51278],[-73.730165,-41.513255],[-73.73021,-41.51334],[-73.73057,-41.51376],[-73.73119,-41.51431],[-73.73174,-41.51463],[-73.73205,-41.51475],[-73.73251,-41.51479],[-73.73343,-41.51477],[-73.73387,-41.51466],[-73.735057,-41.514732],[-73.73601,-41.51479],[-73.73628,-41.515],[-73.73623,-41.51525],[-73.735853,-41.51541],[-73.73538,-41.51561],[-73.73534,-41.51569],[-73.73538,-41.51595],[-73.73553,-41.51618],[-73.736318,-41.516546],[-73.73637,-41.51657],[-73.73662,-41.51665],[-73.73699,-41.51696],[-73.73793,-41.51795],[-73.73838,-41.51893],[-73.73835,-41.51961],[-73.73842,-41.51983],[-73.7388,-41.52034],[-73.73941,-41.52017],[-73.74083,-41.5199],[-73.7419,-41.51894],[-73.74266,-41.51849],[-73.74338,-41.5182],[-73.74359,-41.51821],[-73.74546,-41.51782],[-73.74581,-41.517761],[-73.746129,-41.518033],[-73.744275,-41.52258],[-73.748143,-41.525872],[-73.746288,-41.53042],[-73.750157,-41.533712],[-73.75588,-41.532457],[-73.757733,-41.527908],[-73.76325,-41.526697],[-73.76334,-41.52678],[-73.764066,-41.527171],[-73.76412,-41.5272],[-73.76458,-41.52731],[-73.76491,-41.52731],[-73.76523,-41.52726],[-73.76538,-41.52723],[-73.76587,-41.5271],[-73.76627,-41.52702],[-73.76647,-41.52704],[-73.76679,-41.5271],[-73.76766,-41.52726],[-73.768517,-41.527304],[-73.768929,-41.527304],[-73.769228,-41.527248],[-73.769564,-41.52708],[-73.770452,-41.526688],[-73.770947,-41.526538],[-73.77138,-41.52647],[-73.77204,-41.5264],[-73.77248,-41.526398],[-73.77293,-41.52643],[-73.77356,-41.52655],[-73.773872,-41.526668],[-73.77409,-41.52675],[-73.774322,-41.526866],[-73.77457,-41.526935],[-73.77542,-41.52708],[-73.77668,-41.52715],[-73.77714,-41.52708],[-73.777358,-41.526988],[-73.77752,-41.52685],[-73.777629,-41.52659],[-73.777659,-41.526289],[-73.77775,-41.52566],[-73.77785,-41.52541],[-73.77799,-41.525229],[-73.778565,-41.524768],[-73.779056,-41.524351],[-73.77927,-41.52411],[-73.77943,-41.52371],[-73.77954,-41.52356],[-73.779756,-41.523478],[-73.779944,-41.523523],[-73.78008,-41.52365],[-73.780191,-41.52419],[-73.780305,-41.524412],[-73.780453,-41.524533],[-73.780755,-41.524654],[-73.781051,-41.524633],[-73.781299,-41.524526],[-73.78172,-41.52422],[-73.781884,-41.524177],[-73.782065,-41.524197],[-73.782184,-41.524365],[-73.782297,-41.524688],[-73.782312,-41.524943],[-73.782305,-41.525274],[-73.782207,-41.525597],[-73.782065,-41.525809],[-73.781857,-41.525916],[-73.781608,-41.526071],[-73.781528,-41.526165],[-73.781487,-41.526306],[-73.781568,-41.526447],[-73.78181,-41.52663],[-73.78224,-41.52677],[-73.78326,-41.52693],[-73.78386,-41.52706],[-73.784105,-41.527132],[-73.784312,-41.527193],[-73.784651,-41.527353],[-73.784898,-41.527563],[-73.78533,-41.52784],[-73.785669,-41.527964],[-73.785916,-41.528007],[-73.78628,-41.528013],[-73.78658,-41.52799],[-73.786829,-41.527964],[-73.787137,-41.527915],[-73.787304,-41.527847],[-73.78749,-41.52773],[-73.787708,-41.527539],[-73.78791,-41.527299],[-73.788054,-41.527044],[-73.78816,-41.52676],[-73.788295,-41.526442],[-73.78847,-41.52615],[-73.78883,-41.52574],[-73.78943,-41.52527],[-73.789554,-41.525204],[-73.789722,-41.525211],[-73.789877,-41.525278],[-73.79002,-41.52537],[-73.790277,-41.525403],[-73.790468,-41.525399],[-73.790695,-41.525321],[-73.790697,-41.52532],[-73.794092,-41.528206],[-73.792241,-41.532756],[-73.794549,-41.534717],[-73.79452,-41.53477],[-73.79425,-41.53494],[-73.79395,-41.53495],[-73.79374,-41.5347],[-73.79347,-41.53448],[-73.79316,-41.53451],[-73.79242,-41.53478],[-73.79162,-41.53498],[-73.79087,-41.5352],[-73.78994,-41.53537],[-73.78945,-41.53565],[-73.78864,-41.53644],[-73.78809,-41.53714],[-73.78796,-41.5373],[-73.78766,-41.53815],[-73.78754,-41.53906],[-73.78759,-41.53946],[-73.787475,-41.53975],[-73.78737,-41.54008],[-73.78723,-41.54073],[-73.787229,-41.540743],[-73.78717,-41.54188],[-73.78701,-41.54239],[-73.78677,-41.54351],[-73.78659,-41.54392],[-73.78618,-41.54471],[-73.78616,-41.54522],[-73.786142,-41.546524],[-73.780959,-41.547662],[-73.777087,-41.54437],[-73.771362,-41.545626],[-73.76749,-41.542334],[-73.761766,-41.54359],[-73.759912,-41.548139],[-73.754187,-41.549394],[-73.752332,-41.553943],[-73.756203,-41.557236],[-73.755513,-41.558928],[-73.75422,-41.559],[-73.75327,-41.559],[-73.7527,-41.559],[-73.75238,-41.55885],[-73.75223,-41.55879],[-73.75205,-41.5587],[-73.75176,-41.55863],[-73.75076,-41.55859],[-73.74999,-41.55858],[-73.74947,-41.55857],[-73.74853,-41.5587],[-73.74582,-41.55932],[-73.74527,-41.55956],[-73.744753,-41.559744],[-73.744742,-41.559748],[-73.739027,-41.561],[-73.735157,-41.557707],[-73.737013,-41.553159],[-73.733145,-41.549865],[-73.735001,-41.545318],[-73.731133,-41.542025],[-73.72541,-41.543279],[-73.721544,-41.539986],[-73.715821,-41.541239],[-73.713965,-41.545786],[-73.708242,-41.547039],[-73.706385,-41.551586],[-73.71025,-41.55488],[-73.708393,-41.559426],[-73.712259,-41.56272],[-73.717983,-41.561467],[-73.721851,-41.564762],[-73.719994,-41.569309],[-73.721477,-41.570572],[-73.72026,-41.5716],[-73.71789,-41.57334],[-73.71668,-41.57426],[-73.71605,-41.57483],[-73.71577,-41.57537],[-73.71548,-41.57591],[-73.71529,-41.57607],[-73.71489,-41.57622],[-73.71467,-41.57627],[-73.71445,-41.57633],[-73.7142,-41.57644],[-73.714079,-41.57653],[-73.71328,-41.57713],[-73.71166,-41.57877],[-73.7114,-41.57908],[-73.71023,-41.58048],[-73.7097,-41.58102],[-73.70844,-41.58214],[-73.70779,-41.58319],[-73.707747,-41.583396],[-73.704826,-41.580908],[-73.706685,-41.576361],[-73.712411,-41.575109],[-73.714268,-41.570562],[-73.710401,-41.567267],[-73.704677,-41.56852],[-73.70081,-41.565225],[-73.702669,-41.560679],[-73.698803,-41.557384],[-73.69308,-41.558636],[-73.689216,-41.555342],[-73.683494,-41.556593],[-73.681634,-41.561139],[-73.685498,-41.564434],[-73.683639,-41.56898],[-73.677915,-41.57023],[-73.674051,-41.566935],[-73.675911,-41.56239],[-73.672049,-41.559095],[-73.673909,-41.55455],[-73.670047,-41.551256],[-73.671907,-41.546711],[-73.677628,-41.54546]]]},"properties":{"comuna":"Maullín","mancha_id":"10108-88cea84259fffff","clase":"Medio","nivel_medio":1.988,"nivel_medio_min":1.514,"nivel_medio_max":2.446,"pct_alto":22.4,"n_hexagonos":53,"area_ha":3102.01}},{"type":"Feature","geometry":{"type":"Polygon","coordinates":[[[-73.39179,-41.619944],[-73.38991,-41.624479],[-73.384192,-41.625711],[-73.380356,-41.62241],[-73.382237,-41.617876],[-73.387953,-41.616643],[-73.39179,-41.619944]]]},"properties":{"comuna":"Maullín","mancha_id":"10108-88ceae2e99fffff","clase":"Alto","nivel_medio":2.508,"nivel_medio_min":2.508,"nivel_medio_max":2.508,"pct_alto":63.2,"n_hexagonos":1,"area_ha":65.54}},{"type":"Feature","geometry":{"type":"Polygon","coordinates":[[[-73.33425,-41.681186],[-73.334884,-41.681733],[-73.334848,-41.68182],[-73.33425,-41.681186]]]},"properties":{"comuna":"Maullín","mancha_id":"10108-88ceae2e59fffff","clase":"Alto","nivel_medio":2.692,"nivel_medio_min":2.692,"nivel_medio_max":2.692,"pct_alto":88.5,"n_hexagonos":1,"area_ha":0.03}},{"type":"Feature","geometry":{"type":"Polygon","coordinates":[[[-73.307646,-41.572056],[-73.305762,-41.576586],[-73.300054,-41.577815],[-73.29623,-41.574515],[-73.298114,-41.569985],[-73.303821,-41.568756],[-73.307646,-41.572056]]]},"properties":{"comuna":"Maullín","mancha_id":"10108-88ceae2dd9fffff","clase":"Alto","nivel_medio":2.558,"nivel_medio_min":2.558,"nivel_medio_max":2.558,"pct_alto":58.6,"n_hexagonos":1,"area_ha":65.42}},{"type":"Feature","geometry":{"type":"Polygon","coordinates":[[[-73.380057,-41.57294],[-73.378178,-41.577473],[-73.372466,-41.578706],[-73.368635,-41.575406],[-73.370514,-41.570874],[-73.376225,-41.569641],[-73.380057,-41.57294]]]},"properties":{"comuna":"Maullín","mancha_id":"10108-88ceae2cd3fffff","clase":"Alto","nivel_medio":2.527,"nivel_medio_min":2.527,"nivel_medio_max":2.527,"pct_alto":51.8,"n_hexagonos":1,"area_ha":65.5}},{"type":"Feature","geometry":{"type":"Polygon","coordinates":[[[-73.294565,-41.628492],[-73.292679,-41.633022],[-73.289394,-41.633727],[-73.2892,-41.63352],[-73.28765,-41.63185],[-73.28459,-41.62856],[-73.284274,-41.62822],[-73.285025,-41.626416],[-73.290738,-41.625189],[-73.292624,-41.620658],[-73.298337,-41.619431],[-73.302164,-41.622733],[-73.300279,-41.627264],[-73.294565,-41.628492]]]},"properties":{"comuna":"Maullín","mancha_id":"10108-88ceae2c41fffff","clase":"Alto","nivel_medio":2.648,"nivel_medio_min":2.63,"nivel_medio_max":2.662,"pct_alto":65.0,"n_hexagonos":2,"area_ha":116.89}},{"type":"Feature","geometry":{"type":"Polygon","coordinates":[[[-73.298281,-41.607068],[-73.296396,-41.611598],[-73.290684,-41.612826],[-73.288798,-41.617356],[-73.283086,-41.618583],[-73.281199,-41.623113],[-73.279775,-41.623418],[-73.27734,-41.62082],[-73.27603,-41.61942],[-73.27558,-41.61894],[-73.27556,-41.61892],[-73.273481,-41.616672],[-73.273549,-41.616507],[-73.279261,-41.61528],[-73.281147,-41.610751],[-73.286858,-41.609523],[-73.288744,-41.604994],[-73.294455,-41.603766],[-73.298281,-41.607068]]]},"properties":{"comuna":"Maullín","mancha_id":"10108-88ceae2c01fffff","clase":"Alto","nivel_medio":2.66,"nivel_medio_min":2.533,"nivel_medio_max":2.824,"pct_alto":67.6,"n_hexagonos":3,"area_ha":169.75}},{"type":"Feature","geometry":{"type":"Polygon","coordinates":[[[-73.430538,-41.70247],[-73.428658,-41.707007],[-73.42293,-41.70824],[-73.419084,-41.704936],[-73.420965,-41.700399],[-73.426691,-41.699166],[-73.430538,-41.70247]]]},"properties":{"comuna":"Maullín","mancha_id":"10108-88ceae246bfffff","clase":"Alto","nivel_medio":2.722,"nivel_medio_min":2.722,"nivel_medio_max":2.722,"pct_alto":42.3,"n_hexagonos":1,"area_ha":65.64}},{"type":"Feature","geometry":{"type":"Polygon","coordinates":[[[-73.458989,-41.67154],[-73.457112,-41.676078],[-73.451386,-41.677313],[-73.447539,-41.67401],[-73.449417,-41.669473],[-73.455142,-41.668237],[-73.458989,-41.67154]]]},"properties":{"comuna":"Maullín","mancha_id":"10108-88ceae243bfffff","clase":"Alto","nivel_medio":2.575,"nivel_medio_min":2.575,"nivel_medio_max":2.575,"pct_alto":39.9,"n_hexagonos":1,"area_ha":65.65}},{"type":"Feature","geometry":{"type":"Polygon","coordinates":[[[-73.722148,-41.742851],[-73.720284,-41.747401],[-73.71454,-41.748649],[-73.71066,-41.745347],[-73.712524,-41.740797],[-73.718267,-41.739549],[-73.722148,-41.742851]]]},"properties":{"comuna":"Maullín","mancha_id":"10108-88cea8cf03fffff","clase":"Alto","nivel_medio":2.979,"nivel_medio_min":2.979,"nivel_medio_max":2.979,"pct_alto":84.7,"n_hexagonos":1,"area_ha":65.99}},{"type":"Feature","geometry":{"type":"Polygon","coordinates":[[[-73.685237,-41.70529],[-73.683372,-41.709838],[-73.677634,-41.711085],[-73.67376,-41.707784],[-73.675625,-41.703236],[-73.681363,-41.701989],[-73.685237,-41.70529]]]},"properties":{"comuna":"Maullín","mancha_id":"10108-88cea8cd6bfffff","clase":"Alto","nivel_medio":2.64,"nivel_medio_min":2.64,"nivel_medio_max":2.64,"pct_alto":59.1,"n_hexagonos":1,"area_ha":65.93}},{"type":"Feature","geometry":{"type":"Polygon","coordinates":[[[-73.692839,-41.699493],[-73.688965,-41.696193],[-73.689059,-41.695962],[-73.68937,-41.69605],[-73.69015,-41.69582],[-73.689687,-41.694431],[-73.690828,-41.691645],[-73.696566,-41.690396],[-73.70044,-41.693696],[-73.698577,-41.698245],[-73.692839,-41.699493]]]},"properties":{"comuna":"Maullín","mancha_id":"10108-88cea8cd01fffff","clase":"Alto","nivel_medio":2.708,"nivel_medio_min":2.708,"nivel_medio_max":2.708,"pct_alto":45.0,"n_hexagonos":1,"area_ha":65.14}},{"type":"Feature","geometry":{"type":"Polygon","coordinates":[[[-73.76304,-41.73864],[-73.76294,-41.73882],[-73.76267,-41.73906],[-73.76251,-41.73905],[-73.76229,-41.73896],[-73.76228,-41.73876],[-73.76252,-41.73856],[-73.76275,-41.73846],[-73.76289,-41.73846],[-73.76304,-41.73864]]]},"properties":{"comuna":"Maullín","mancha_id":"10108-88cea8cc49fffff","clase":"Alto","nivel_medio":2.609,"nivel_medio_min":2.609,"nivel_medio_max":2.609,"pct_alto":75.1,"n_hexagonos":1,"area_ha":0.28}},{"type":"Feature","geometry":{"type":"Polygon","coordinates":[[[-73.76229,-41.74219],[-73.762021,-41.742468],[-73.758637,-41.743204],[-73.755895,-41.740874],[-73.75591,-41.74087],[-73.75616,-41.7407],[-73.75629,-41.74052],[-73.7563,-41.74016],[-73.75659,-41.73981],[-73.75681,-41.73963],[-73.75718,-41.73952],[-73.75805,-41.73921],[-73.75848,-41.73917],[-73.75872,-41.73922],[-73.75898,-41.73931],[-73.75943,-41.7395],[-73.75995,-41.73959],[-73.76098,-41.73965],[-73.76116,-41.73969],[-73.76131,-41.73979],[-73.76134,-41.73994],[-73.76126,-41.74049],[-73.76151,-41.74075],[-73.76167,-41.74104],[-73.76161,-41.74151],[-73.76179,-41.74169],[-73.76207,-41.74169],[-73.76231,-41.74164],[-73.7626,-41.74144],[-73.76296,-41.74125],[-73.76327,-41.74117],[-73.76347,-41.74121],[-73.76352,-41.74138],[-73.76344,-41.74154],[-73.76322,-41.74166],[-73.76255,-41.7419],[-73.76242,-41.74205],[-73.76229,-41.74219]]]},"properties":{"comuna":"Maullín","mancha_id":"10108-88cea8cc49fffff-2","clase":"Alto","nivel_medio":2.609,"nivel_medio_min":2.609,"nivel_medio_max":2.609,"pct_alto":75.1,"n_hexagonos":1,"area_ha":15.94}},{"type":"Feature","geometry":{"type":"Polygon","coordinates":[[[-73.670172,-41.729277],[-73.674046,-41.732579],[-73.679787,-41.731333],[-73.683663,-41.734635],[-73.689405,-41.733388],[-73.691269,-41.728839],[-73.697011,-41.727591],[-73.700888,-41.730893],[-73.699024,-41.735442],[-73.702902,-41.738744],[-73.701037,-41.743293],[-73.695294,-41.744541],[-73.691417,-41.741238],[-73.685674,-41.742485],[-73.681797,-41.739183],[-73.676056,-41.74043],[-73.674189,-41.744978],[-73.668447,-41.746224],[-73.664572,-41.742921],[-73.666439,-41.738373],[-73.662565,-41.735071],[-73.664431,-41.730523],[-73.670172,-41.729277]]]},"properties":{"comuna":"Maullín","mancha_id":"10108-88cea8c899fffff","clase":"Alto","nivel_medio":2.729,"nivel_medio_min":2.561,"nivel_medio_max":2.909,"pct_alto":75.2,"n_hexagonos":6,"area_ha":395.69}},{"type":"Feature","geometry":{"type":"Polygon","coordinates":[[[-73.406738,-41.571301],[-73.404861,-41.575836],[-73.399148,-41.57707],[-73.395314,-41.573771],[-73.397191,-41.569237],[-73.402903,-41.568003],[-73.406738,-41.571301]]]},"properties":{"comuna":"Maullín","mancha_id":"10108-88cea85b2bfffff","clase":"Alto","nivel_medio":2.566,"nivel_medio_min":2.566,"nivel_medio_max":2.566,"pct_alto":35.8,"n_hexagonos":1,"area_ha":65.53}},{"type":"Feature","geometry":{"type":"Polygon","coordinates":[[[-73.464055,-41.583675],[-73.462181,-41.588211],[-73.456464,-41.589449],[-73.452623,-41.58615],[-73.454498,-41.581614],[-73.450657,-41.578315],[-73.452531,-41.573779],[-73.458246,-41.572541],[-73.462087,-41.575839],[-73.467802,-41.574601],[-73.469675,-41.570064],[-73.47539,-41.568825],[-73.479233,-41.572123],[-73.484948,-41.570884],[-73.488792,-41.574182],[-73.48692,-41.578719],[-73.481203,-41.579959],[-73.479331,-41.584496],[-73.473614,-41.585735],[-73.469771,-41.582436],[-73.464055,-41.583675]]]},"properties":{"comuna":"Maullín","mancha_id":"10108-88cea85a21fffff","clase":"Alto","nivel_medio":2.765,"nivel_medio_min":2.51,"nivel_medio_max":3.101,"pct_alto":69.1,"n_hexagonos":6,"area_ha":393.65}},{"type":"Feature","geometry":{"type":"Polygon","coordinates":[[[-73.481302,-41.592332],[-73.485146,-41.595631],[-73.490865,-41.594392],[-73.492737,-41.589854],[-73.498455,-41.588614],[-73.500327,-41.584076],[-73.506045,-41.582835],[-73.507568,-41.584141],[-73.50769,-41.5848],[-73.50937,-41.58641],[-73.509617,-41.5868],[-73.50802,-41.590672],[-73.511868,-41.593971],[-73.509996,-41.59851],[-73.513845,-41.601808],[-73.511973,-41.606348],[-73.506253,-41.607588],[-73.50438,-41.612127],[-73.49866,-41.613366],[-73.496787,-41.617905],[-73.491065,-41.619144],[-73.487218,-41.615844],[-73.489092,-41.611306],[-73.485245,-41.608006],[-73.479526,-41.609245],[-73.475681,-41.605945],[-73.469962,-41.607183],[-73.466118,-41.603884],[-73.4604,-41.605121],[-73.456557,-41.601822],[-73.450839,-41.603059],[-73.446997,-41.599759],[-73.448873,-41.595223],[-73.454589,-41.593986],[-73.458432,-41.597285],[-73.464149,-41.596047],[-73.466023,-41.59151],[-73.47174,-41.590272],[-73.475584,-41.593571],[-73.481302,-41.592332]]]},"properties":{"comuna":"Maullín","mancha_id":"10108-88cea85a01fffff","clase":"Alto","nivel_medio":2.878,"nivel_medio_min":2.578,"nivel_medio_max":3.236,"pct_alto":75.5,"n_hexagonos":15,"area_ha":983.32}},{"type":"Feature","geometry":{"type":"Polygon","coordinates":[[[-73.40933,-41.51578],[-73.40907,-41.51613],[-73.408627,-41.516492],[-73.40913,-41.515277],[-73.40926,-41.51545],[-73.40933,-41.51578]]]},"properties":{"comuna":"Maullín","mancha_id":"10108-88cea85915fffff","clase":"Alto","nivel_medio":3.051,"nivel_medio_min":3.051,"nivel_medio_max":3.051,"pct_alto":95.4,"n_hexagonos":1,"area_ha":0.27}},{"type":"Feature","geometry":{"type":"Polygon","coordinates":[[[-73.40667,-41.51836],[-73.40643,-41.51854],[-73.40617,-41.51793],[-73.406193,-41.517761],[-73.407758,-41.517422],[-73.40775,-41.51743],[-73.40751,-41.51761],[-73.40667,-41.51836]]]},"properties":{"comuna":"Maullín","mancha_id":"10108-88cea85903fffff","clase":"Alto","nivel_medio":3.264,"nivel_medio_min":3.264,"nivel_medio_max":3.264,"pct_alto":94.4,"n_hexagonos":1,"area_ha":0.63}},{"type":"Feature","geometry":{"type":"Polygon","coordinates":[[[-73.40343,-41.51857],[-73.40346,-41.51845],[-73.40351,-41.51841],[-73.403549,-41.518334],[-73.405792,-41.517848],[-73.40574,-41.51816],[-73.4055,-41.51863],[-73.40526,-41.51886],[-73.40512,-41.51897],[-73.40474,-41.51914],[-73.40379,-41.51939],[-73.4033,-41.51945],[-73.40317,-41.51941],[-73.40313,-41.51932],[-73.40308,-41.51931],[-73.40308,-41.51924],[-73.40335,-41.51861],[-73.40343,-41.51857]]]},"properties":{"comuna":"Maullín","mancha_id":"10108-88cea85903fffff-2","clase":"Alto","nivel_medio":3.264,"nivel_medio_min":3.264,"nivel_medio_max":3.264,"pct_alto":94.4,"n_hexagonos":1,"area_ha":2.28}},{"type":"Feature","geometry":{"type":"Polygon","coordinates":[[[-73.402777,-41.518501],[-73.40266,-41.51871],[-73.402363,-41.519076],[-73.402584,-41.518543],[-73.402777,-41.518501]]]},"properties":{"comuna":"Maullín","mancha_id":"10108-88cea85903fffff-3","clase":"Alto","nivel_medio":3.264,"nivel_medio_min":3.264,"nivel_medio_max":3.264,"pct_alto":94.4,"n_hexagonos":1,"area_ha":0.05}},{"type":"Feature","geometry":{"type":"Polygon","coordinates":[[[-73.450927,-41.520444],[-73.454038,-41.519769],[-73.457875,-41.523065],[-73.463585,-41.521825],[-73.464842,-41.522905],[-73.46475,-41.52307],[-73.46458,-41.52315],[-73.46401,-41.52315],[-73.46354,-41.52319],[-73.4629,-41.52318],[-73.46286,-41.52322],[-73.4626,-41.52324],[-73.46211,-41.52323],[-73.46208,-41.52327],[-73.46156,-41.52335],[-73.46137,-41.52335],[-73.46099,-41.52342],[-73.46061,-41.52342],[-73.46042,-41.52346],[-73.45976,-41.52341],[-73.45806,-41.52346],[-73.457735,-41.523405],[-73.45759,-41.52338],[-73.45731,-41.52338],[-73.45618,-41.52326],[-73.45533,-41.52314],[-73.45477,-41.52301],[-73.45402,-41.52271],[-73.45336,-41.52235],[-73.45281,-41.52196],[-73.45217,-41.52144],[-73.45149,-41.52084],[-73.450927,-41.520444]]]},"properties":{"comuna":"Maullín","mancha_id":"10108-88cea85823fffff","clase":"Alto","nivel_medio":2.785,"nivel_medio_min":2.687,"nivel_medio_max":2.838,"pct_alto":76.0,"n_hexagonos":2,"area_ha":16.46}},{"type":"Feature","geometry":{"type":"Polygon","coordinates":[[[-73.469389,-41.532954],[-73.467517,-41.53749],[-73.461806,-41.538729],[-73.457968,-41.535432],[-73.452257,-41.536671],[-73.44842,-41.533374],[-73.450293,-41.528839],[-73.446457,-41.525543],[-73.440748,-41.526781],[-73.436912,-41.523484],[-73.431204,-41.524722],[-73.42737,-41.521426],[-73.421662,-41.522663],[-73.419787,-41.527197],[-73.414079,-41.528434],[-73.410247,-41.525137],[-73.404539,-41.526373],[-73.402663,-41.530907],[-73.396956,-41.532142],[-73.395079,-41.536675],[-73.398911,-41.539973],[-73.397034,-41.544506],[-73.391325,-41.545742],[-73.387494,-41.542444],[-73.381786,-41.543678],[-73.377955,-41.54038],[-73.372248,-41.541614],[-73.368419,-41.538316],[-73.362711,-41.53955],[-73.358884,-41.536252],[-73.360762,-41.53172],[-73.366469,-41.530486],[-73.370297,-41.533784],[-73.376004,-41.53255],[-73.379833,-41.535848],[-73.38554,-41.534613],[-73.387418,-41.53008],[-73.393125,-41.528845],[-73.395001,-41.524312],[-73.400708,-41.523076],[-73.401626,-41.520857],[-73.40171,-41.52085],[-73.40183,-41.52079],[-73.40235,-41.5208],[-73.40272,-41.5207],[-73.40338,-41.52069],[-73.40369,-41.5206],[-73.40408,-41.52029],[-73.40438,-41.52012],[-73.40487,-41.51995],[-73.40598,-41.51984],[-73.40642,-41.51973],[-73.40663,-41.51964],[-73.40707,-41.51934],[-73.40762,-41.51879],[-73.40803,-41.51836],[-73.40824,-41.51798],[-73.40824,-41.51792],[-73.40837,-41.51787],[-73.40851,-41.51769],[-73.408666,-41.51763],[-73.4089,-41.51754],[-73.40936,-41.51729],[-73.40954,-41.51691],[-73.40991,-41.51655],[-73.41019,-41.51632],[-73.4103,-41.51625],[-73.41034,-41.51586],[-73.41011,-41.51555],[-73.41002,-41.51517],[-73.40993,-41.51498],[-73.40992,-41.5147],[-73.41029,-41.51385],[-73.41062,-41.51329],[-73.41087,-41.512621],[-73.415871,-41.511536],[-73.419704,-41.514833],[-73.425411,-41.513595],[-73.429244,-41.516892],[-73.434951,-41.515654],[-73.438786,-41.51895],[-73.444494,-41.517711],[-73.44833,-41.521007],[-73.44996,-41.520654],[-73.45129,-41.52146],[-73.45209,-41.52197],[-73.45302,-41.52277],[-73.45314,-41.52279],[-73.45348,-41.52301],[-73.45435,-41.52339],[-73.45567,-41.52375],[-73.45654,-41.52391],[-73.45742,-41.52403],[-73.457477,-41.52403],[-73.45896,-41.52404],[-73.46292,-41.52399],[-73.46336,-41.52402],[-73.46578,-41.52405],[-73.466156,-41.524033],[-73.467423,-41.525121],[-73.473133,-41.523881],[-73.476972,-41.527177],[-73.481963,-41.526093],[-73.48204,-41.52614],[-73.48237,-41.52629],[-73.48252,-41.5264],[-73.483835,-41.526926],[-73.486523,-41.529233],[-73.484652,-41.53377],[-73.488493,-41.537066],[-73.486622,-41.541603],[-73.490464,-41.5449],[-73.488593,-41.549437],[-73.492435,-41.552734],[-73.490564,-41.557271],[-73.494407,-41.560568],[-73.499553,-41.559451],[-73.5,-41.560169],[-73.50015,-41.56041],[-73.50081,-41.56134],[-73.501,-41.56183],[-73.501255,-41.562135],[-73.50132,-41.56226],[-73.50138,-41.56227],[-73.50147,-41.56243],[-73.50178,-41.56279],[-73.502,-41.56327],[-73.502,-41.56338],[-73.50194,-41.5634],[-73.50192,-41.56348],[-73.50171,-41.56368],[-73.5015,-41.56388],[-73.50129,-41.56414],[-73.5012,-41.56438],[-73.5011,-41.56477],[-73.50112,-41.56499],[-73.50104,-41.56541],[-73.50108,-41.56605],[-73.50118,-41.56648],[-73.50122,-41.56712],[-73.501299,-41.567336],[-73.49638,-41.568404],[-73.492536,-41.565106],[-73.486821,-41.566346],[-73.482978,-41.563049],[-73.477263,-41.564288],[-73.473421,-41.56099],[-73.467707,-41.56223],[-73.463867,-41.558932],[-73.458153,-41.56017],[-73.45628,-41.564707],[-73.450566,-41.565945],[-73.446727,-41.562646],[-73.448601,-41.558111],[-73.454314,-41.556873],[-73.456187,-41.552337],[-73.4619,-41.551098],[-73.46574,-41.554396],[-73.471453,-41.553156],[-73.473325,-41.54862],[-73.479038,-41.54738],[-73.480909,-41.542843],[-73.477069,-41.539547],[-73.47894,-41.53501],[-73.4751,-41.531714],[-73.469389,-41.532954]]]},"properties":{"comuna":"Maullín","mancha_id":"10108-88cea85807fffff","clase":"Alto","nivel_medio":2.837,"nivel_medio_min":2.503,"nivel_medio_max":3.264,"pct_alto":73.6,"n_hexagonos":28,"area_ha":1782.24}},{"type":"Feature","geometry":{"type":"Polygon","coordinates":[[[-73.537281,-41.658748],[-73.535409,-41.663289],[-73.529682,-41.664529],[-73.527809,-41.66907],[-73.522081,-41.670309],[-73.520208,-41.67485],[-73.51448,-41.676089],[-73.510626,-41.672787],[-73.5125,-41.668247],[-73.508647,-41.664945],[-73.510521,-41.660405],[-73.516247,-41.659166],[-73.5201,-41.662467],[-73.525827,-41.661228],[-73.5277,-41.656687],[-73.533427,-41.655447],[-73.537281,-41.658748]]]},"properties":{"comuna":"Maullín","mancha_id":"10108-88cea8532dfffff","clase":"Alto","nivel_medio":2.768,"nivel_medio_min":2.54,"nivel_medio_max":2.987,"pct_alto":63.3,"n_hexagonos":4,"area_ha":262.89}},{"type":"Feature","geometry":{"type":"Polygon","coordinates":[[[-73.608393,-41.688848],[-73.606525,-41.693393],[-73.600791,-41.694636],[-73.596927,-41.691335],[-73.598796,-41.68679],[-73.604529,-41.685547],[-73.608393,-41.688848]]]},"properties":{"comuna":"Maullín","mancha_id":"10108-88cea85261fffff","clase":"Alto","nivel_medio":2.651,"nivel_medio_min":2.651,"nivel_medio_max":2.651,"pct_alto":76.8,"n_hexagonos":1,"area_ha":65.83}},{"type":"Feature","geometry":{"type":"Polygon","coordinates":[[[-73.639198,-41.702865],[-73.637331,-41.707411],[-73.631594,-41.708656],[-73.627726,-41.705354],[-73.629593,-41.700809],[-73.635329,-41.699564],[-73.639198,-41.702865]]]},"properties":{"comuna":"Maullín","mancha_id":"10108-88cea8524bfffff","clase":"Alto","nivel_medio":2.59,"nivel_medio_min":2.59,"nivel_medio_max":2.59,"pct_alto":70.6,"n_hexagonos":1,"area_ha":65.87}},{"type":"Feature","geometry":{"type":"Polygon","coordinates":[[[-73.612001,-41.667369],[-73.610133,-41.671913],[-73.604402,-41.673157],[-73.600539,-41.669857],[-73.602407,-41.665313],[-73.608138,-41.664069],[-73.610005,-41.659525],[-73.615736,-41.65828],[-73.6196,-41.66158],[-73.617733,-41.666124],[-73.612001,-41.667369]]]},"properties":{"comuna":"Maullín","mancha_id":"10108-88cea85221fffff","clase":"Alto","nivel_medio":2.754,"nivel_medio_min":2.615,"nivel_medio_max":2.893,"pct_alto":79.9,"n_hexagonos":2,"area_ha":131.65}},{"type":"Feature","geometry":{"type":"Polygon","coordinates":[[[-73.657994,-41.669794],[-73.654126,-41.666495],[-73.648393,-41.667741],[-73.644526,-41.664442],[-73.638793,-41.665688],[-73.634927,-41.662388],[-73.636793,-41.657843],[-73.642524,-41.656597],[-73.646391,-41.659896],[-73.652123,-41.658649],[-73.65599,-41.661949],[-73.661141,-41.660828],[-73.66149,-41.66231],[-73.66211,-41.6638],[-73.66269,-41.66473],[-73.66381,-41.66586],[-73.664797,-41.66594],[-73.663728,-41.668547],[-73.657994,-41.669794]]]},"properties":{"comuna":"Maullín","mancha_id":"10108-88cea85213fffff","clase":"Alto","nivel_medio":2.555,"nivel_medio_min":2.508,"nivel_medio_max":2.64,"pct_alto":59.2,"n_hexagonos":3,"area_ha":187.35}},{"type":"Feature","geometry":{"type":"Polygon","coordinates":[[[-73.555757,-41.588575],[-73.553888,-41.593116],[-73.55282,-41.593348],[-73.55219,-41.59314],[-73.55086,-41.59239],[-73.55014,-41.59209],[-73.54903,-41.59185],[-73.545001,-41.591648],[-73.544316,-41.591061],[-73.546185,-41.586521],[-73.542334,-41.583223],[-73.536615,-41.584466],[-73.534745,-41.589005],[-73.531375,-41.589737],[-73.53084,-41.58947],[-73.52979,-41.58895],[-73.52868,-41.58812],[-73.52811,-41.58759],[-73.52671,-41.58572],[-73.52636,-41.58497],[-73.526234,-41.584383],[-73.52604,-41.58348],[-73.52617,-41.58218],[-73.52614,-41.58172],[-73.526134,-41.581628],[-73.52612,-41.5814],[-73.52591,-41.58081],[-73.5245,-41.57942],[-73.523531,-41.578306],[-73.52336,-41.57811],[-73.52254,-41.576],[-73.52192,-41.57555],[-73.52125,-41.57441],[-73.52077,-41.57383],[-73.52075,-41.57329],[-73.52089,-41.57257],[-73.52062,-41.57218],[-73.519972,-41.571547],[-73.521221,-41.571276],[-73.523091,-41.566737],[-73.519244,-41.563439],[-73.521114,-41.558901],[-73.517268,-41.555604],[-73.519137,-41.551065],[-73.524852,-41.549823],[-73.526721,-41.545284],[-73.522875,-41.541988],[-73.524744,-41.53745],[-73.530458,-41.536207],[-73.534304,-41.539503],[-73.532436,-41.544042],[-73.536283,-41.547338],[-73.534414,-41.551877],[-73.528699,-41.55312],[-73.52683,-41.557659],[-73.530677,-41.560955],[-73.528808,-41.565494],[-73.532656,-41.568792],[-73.530786,-41.573331],[-73.534635,-41.576628],[-73.540353,-41.575386],[-73.544203,-41.578683],[-73.549922,-41.57744],[-73.553773,-41.580737],[-73.559493,-41.579494],[-73.563345,-41.582791],[-73.561477,-41.587332],[-73.555757,-41.588575]]]},"properties":{"comuna":"Maullín","mancha_id":"10108-88cea85131fffff","clase":"Alto","nivel_medio":2.745,"nivel_medio_min":2.522,"nivel_medio_max":3.145,"pct_alto":70.3,"n_hexagonos":13,"area_ha":715.75}},{"type":"Feature","geometry":{"type":"Polygon","coordinates":[[[-73.550697,-41.608807],[-73.552134,-41.610037],[-73.557857,-41.608794],[-73.561711,-41.612093],[-73.559842,-41.616634],[-73.563697,-41.619933],[-73.561828,-41.624475],[-73.556103,-41.625717],[-73.554233,-41.630259],[-73.548508,-41.6315],[-73.546638,-41.636042],[-73.540913,-41.637283],[-73.537059,-41.633983],[-73.531335,-41.635224],[-73.529463,-41.639764],[-73.533316,-41.643065],[-73.531444,-41.647605],[-73.525719,-41.648846],[-73.523846,-41.653386],[-73.51812,-41.654626],[-73.514268,-41.651325],[-73.508542,-41.652564],[-73.506669,-41.657104],[-73.500943,-41.658342],[-73.497092,-41.655041],[-73.498966,-41.650502],[-73.504691,-41.649263],[-73.506565,-41.644723],[-73.502714,-41.641423],[-73.504587,-41.636883],[-73.500738,-41.633583],[-73.502611,-41.629044],[-73.508333,-41.627804],[-73.510206,-41.623265],[-73.515928,-41.622025],[-73.5178,-41.617485],[-73.523522,-41.616245],[-73.52513,-41.612344],[-73.52516,-41.61234],[-73.52668,-41.61239],[-73.52842,-41.61208],[-73.5295,-41.61176],[-73.53071,-41.61116],[-73.53138,-41.61073],[-73.531401,-41.610709],[-73.53222,-41.60988],[-73.53306,-41.60859],[-73.53397,-41.60693],[-73.535006,-41.605485],[-73.535344,-41.605412],[-73.53577,-41.60561],[-73.53617,-41.6061],[-73.53691,-41.60778],[-73.53712,-41.60878],[-73.537435,-41.60925],[-73.5377,-41.60928],[-73.53867,-41.60867],[-73.53903,-41.60818],[-73.53936,-41.60748],[-73.53974,-41.60708],[-73.54028,-41.60687],[-73.54103,-41.60679],[-73.541175,-41.606795],[-73.542559,-41.607981],[-73.545414,-41.607361],[-73.54695,-41.60765],[-73.54949,-41.6086],[-73.55023,-41.60876],[-73.550697,-41.608807]]]},"properties":{"comuna":"Maullín","mancha_id":"10108-88cea85101fffff","clase":"Alto","nivel_medio":2.839,"nivel_medio_min":2.511,"nivel_medio_max":3.239,"pct_alto":74.1,"n_hexagonos":24,"area_ha":1551.67}},{"type":"Feature","geometry":{"type":"Polygon","coordinates":[[[-73.70081,-41.565225],[-73.704677,-41.56852],[-73.710401,-41.567267],[-73.714268,-41.570562],[-73.712411,-41.575109],[-73.706685,-41.576361],[-73.704826,-41.580908],[-73.707747,-41.583396],[-73.70766,-41.58381],[-73.70764,-41.58453],[-73.70747,-41.58477],[-73.70724,-41.58477],[-73.70705,-41.58468],[-73.70681,-41.58462],[-73.70674,-41.58462],[-73.70649,-41.58473],[-73.70582,-41.58473],[-73.70528,-41.58476],[-73.70504,-41.58486],[-73.7048,-41.58495],[-73.70427,-41.58543],[-73.70382,-41.5857],[-73.70351,-41.58593],[-73.70336,-41.58618],[-73.70308,-41.58648],[-73.70259,-41.5868],[-73.70209,-41.58735],[-73.70126,-41.58816],[-73.70047,-41.58903],[-73.700287,-41.589302],[-73.697241,-41.586706],[-73.691515,-41.587958],[-73.689655,-41.592504],[-73.683928,-41.593755],[-73.683492,-41.594822],[-73.68348,-41.5948],[-73.6831,-41.59419],[-73.68271,-41.59385],[-73.68239,-41.59379],[-73.68189,-41.59378],[-73.68131,-41.59391],[-73.68067,-41.59437],[-73.67968,-41.59495],[-73.67892,-41.59555],[-73.67863,-41.5961],[-73.67818,-41.59674],[-73.67715,-41.59795],[-73.6766,-41.59926],[-73.676554,-41.599504],[-73.676341,-41.599551],[-73.675322,-41.602039],[-73.67519,-41.60211],[-73.6751,-41.6021],[-73.67502,-41.6021],[-73.67485,-41.6021],[-73.6745,-41.60197],[-73.67382,-41.60135],[-73.67337,-41.60071],[-73.67317,-41.60044],[-73.67266,-41.60021],[-73.67211,-41.60027],[-73.67167,-41.60036],[-73.67113,-41.60025],[-73.67058,-41.59974],[-73.66998,-41.59937],[-73.6692,-41.59867],[-73.66858,-41.5984],[-73.6683,-41.59801],[-73.6683,-41.59775],[-73.66839,-41.59763],[-73.66847,-41.59752],[-73.669,-41.59748],[-73.66951,-41.59772],[-73.66958,-41.5975],[-73.669268,-41.596954],[-73.672476,-41.596254],[-73.674337,-41.591709],[-73.680063,-41.590459],[-73.681923,-41.585913],[-73.687649,-41.584662],[-73.689509,-41.580116],[-73.695234,-41.578865],[-73.697093,-41.574318],[-73.693227,-41.571023],[-73.687503,-41.572274],[-73.685643,-41.57682],[-73.679919,-41.578071],[-73.676055,-41.574776],[-73.677915,-41.57023],[-73.683639,-41.56898],[-73.685498,-41.564434],[-73.681634,-41.561139],[-73.683494,-41.556593],[-73.689216,-41.555342],[-73.69308,-41.558636],[-73.698803,-41.557384],[-73.702669,-41.560679],[-73.70081,-41.565225]]]},"properties":{"comuna":"Maullín","mancha_id":"10108-88cea85093fffff","clase":"Alto","nivel_medio":2.715,"nivel_medio_min":2.501,"nivel_medio_max":2.939,"pct_alto":61.8,"n_hexagonos":12,"area_ha":703.78}},{"type":"Feature","geometry":{"type":"Polygon","coordinates":[[[-73.590575,-41.630641],[-73.594434,-41.63394],[-73.600161,-41.632696],[-73.604022,-41.635995],[-73.602155,-41.640538],[-73.596427,-41.641783],[-73.594559,-41.646326],[-73.588831,-41.64757],[-73.584971,-41.64427],[-73.579243,-41.645514],[-73.577374,-41.650056],[-73.581234,-41.653356],[-73.579364,-41.657899],[-73.573636,-41.659142],[-73.571766,-41.663684],[-73.566037,-41.664927],[-73.564166,-41.669469],[-73.568025,-41.67277],[-73.566155,-41.677313],[-73.560424,-41.678554],[-73.556565,-41.675253],[-73.558437,-41.670711],[-73.554579,-41.66741],[-73.54885,-41.66865],[-73.546978,-41.673192],[-73.541249,-41.674433],[-73.537393,-41.671131],[-73.539265,-41.66659],[-73.544993,-41.665349],[-73.546865,-41.660808],[-73.552593,-41.659567],[-73.55645,-41.662867],[-73.562178,-41.661626],[-73.564049,-41.657084],[-73.560191,-41.653783],[-73.562061,-41.649241],[-73.567789,-41.647999],[-73.569658,-41.643457],[-73.575385,-41.642214],[-73.577254,-41.637671],[-73.582981,-41.636428],[-73.584849,-41.631885],[-73.590575,-41.630641]]]},"properties":{"comuna":"Maullín","mancha_id":"10108-88cea85061fffff","clase":"Alto","nivel_medio":2.796,"nivel_medio_min":2.59,"nivel_medio_max":2.934,"pct_alto":72.1,"n_hexagonos":12,"area_ha":789.26}},{"type":"Feature","geometry":{"type":"Polygon","coordinates":[[[-73.595976,-41.604815],[-73.596052,-41.604629],[-73.592195,-41.601331],[-73.586472,-41.602576],[-73.582616,-41.599278],[-73.576893,-41.600522],[-73.576412,-41.600111],[-73.57629,-41.59996],[-73.576238,-41.599962],[-73.573038,-41.597225],[-73.574905,-41.592683],[-73.580627,-41.591439],[-73.584483,-41.594736],[-73.590205,-41.593491],[-73.594061,-41.596789],[-73.599784,-41.595543],[-73.603642,-41.598841],[-73.609366,-41.597595],[-73.610759,-41.598785],[-73.60981,-41.60005],[-73.60656,-41.60348],[-73.60506,-41.60451],[-73.603745,-41.605066],[-73.60312,-41.60533],[-73.60182,-41.60559],[-73.60108,-41.60561],[-73.59849,-41.60519],[-73.59762,-41.60515],[-73.59618,-41.6048],[-73.595976,-41.604815]]]},"properties":{"comuna":"Maullín","mancha_id":"10108-88cea85023fffff","clase":"Alto","nivel_medio":2.672,"nivel_medio_min":2.558,"nivel_medio_max":2.765,"pct_alto":64.3,"n_hexagonos":5,"area_ha":239.81}},{"type":"Feature","geometry":{"type":"Polygon","coordinates":[[[-73.617213,-41.616574],[-73.615348,-41.621118],[-73.609621,-41.622364],[-73.605761,-41.619066],[-73.607628,-41.614522],[-73.613353,-41.613277],[-73.617213,-41.616574]]]},"properties":{"comuna":"Maullín","mancha_id":"10108-88cea85007fffff","clase":"Alto","nivel_medio":2.733,"nivel_medio_min":2.733,"nivel_medio_max":2.733,"pct_alto":59.2,"n_hexagonos":1,"area_ha":65.79}},{"type":"Feature","geometry":{"type":"Polygon","coordinates":[[[-73.68907,-41.542957],[-73.687212,-41.547502],[-73.68149,-41.548754],[-73.677628,-41.54546],[-73.679487,-41.540915],[-73.685207,-41.539663],[-73.687066,-41.535118],[-73.683204,-41.531824],[-73.685062,-41.527279],[-73.690782,-41.526027],[-73.692639,-41.521482],[-73.688778,-41.518189],[-73.689299,-41.516915],[-73.689407,-41.516854],[-73.689714,-41.51658],[-73.690177,-41.516306],[-73.690652,-41.516032],[-73.691063,-41.515621],[-73.691327,-41.515189],[-73.69157,-41.51463],[-73.691727,-41.514113],[-73.691812,-41.513755],[-73.691842,-41.513379],[-73.696354,-41.512391],[-73.69821,-41.507846],[-73.703928,-41.506592],[-73.705784,-41.502046],[-73.711502,-41.500792],[-73.713358,-41.496247],[-73.711111,-41.494332],[-73.71939,-41.49422],[-73.72239,-41.49418],[-73.723731,-41.494835],[-73.724207,-41.495239],[-73.724591,-41.495883],[-73.724637,-41.49627],[-73.724557,-41.497042],[-73.724574,-41.497394],[-73.724725,-41.497819],[-73.724758,-41.497884],[-73.722938,-41.498283],[-73.721083,-41.50283],[-73.715365,-41.504084],[-73.713509,-41.50863],[-73.707791,-41.509884],[-73.705934,-41.51443],[-73.709797,-41.517722],[-73.707941,-41.522268],[-73.702221,-41.523521],[-73.700364,-41.528067],[-73.694644,-41.52932],[-73.692786,-41.533866],[-73.696649,-41.537159],[-73.694791,-41.541705],[-73.68907,-41.542957]]]},"properties":{"comuna":"Maullín","mancha_id":"10108-88cea8425bfffff","clase":"Alto","nivel_medio":2.838,"nivel_medio_min":2.511,"nivel_medio_max":3.213,"pct_alto":73.0,"n_hexagonos":11,"area_ha":611.91}}],"bbox":[-73.82163,-41.7735,-73.19409,-41.49418]}