{"type":"FeatureCollection","features":[{"type":"Feature","geometry":{"type":"Polygon","coordinates":[[[-73.753354,-42.963636],[-73.75145,-42.968207],[-73.745571,-42.969425],[-73.741598,-42.966074],[-73.743503,-42.961504],[-73.749381,-42.960285],[-73.753354,-42.963636]]]},"properties":{"comuna":"Quellón","mancha_id":"10208-88ceacd4e3fffff","clase":"Muy Bajo","nivel_medio":0.062,"nivel_medio_min":0.062,"nivel_medio_max":0.062,"pct_alto":0.0,"n_hexagonos":1,"area_ha":66.74}},{"type":"Feature","geometry":{"type":"Polygon","coordinates":[[[-73.741435,-42.953583],[-73.73953,-42.958153],[-73.733653,-42.959371],[-73.729682,-42.95602],[-73.723806,-42.957237],[-73.719836,-42.953886],[-73.721742,-42.949317],[-73.727617,-42.948099],[-73.731588,-42.95145],[-73.737464,-42.950232],[-73.741435,-42.953583]]]},"properties":{"comuna":"Quellón","mancha_id":"10208-88ceacd4adfffff","clase":"Muy Bajo","nivel_medio":0.302,"nivel_medio_min":0.198,"nivel_medio_max":0.405,"pct_alto":0.5,"n_hexagonos":2,"area_ha":133.42}},{"type":"Feature","geometry":{"type":"Polygon","coordinates":[[[-73.772044,-42.892952],[-73.770143,-42.897522],[-73.764272,-42.898744],[-73.760302,-42.895395],[-73.762203,-42.890825],[-73.768074,-42.889603],[-73.772044,-42.892952]]]},"properties":{"comuna":"Quellón","mancha_id":"10208-88ceacc615fffff","clase":"Muy Bajo","nivel_medio":0.403,"nivel_medio_min":0.403,"nivel_medio_max":0.403,"pct_alto":0.0,"n_hexagonos":1,"area_ha":66.72}},{"type":"Feature","geometry":{"type":"Polygon","coordinates":[[[-73.872299,-43.026688],[-73.8704,-43.031264],[-73.864509,-43.032488],[-73.860519,-43.029136],[-73.862418,-43.02456],[-73.868308,-43.023336],[-73.872299,-43.026688]]]},"properties":{"comuna":"Quellón","mancha_id":"10208-88ceac999dfffff","clase":"Muy Bajo","nivel_medio":0.459,"nivel_medio_min":0.459,"nivel_medio_max":0.459,"pct_alto":0.0,"n_hexagonos":1,"area_ha":66.9}},{"type":"Feature","geometry":{"type":"Polygon","coordinates":[[[-73.854628,-43.03036],[-73.852728,-43.034935],[-73.846838,-43.036158],[-73.842849,-43.032806],[-73.836959,-43.034028],[-73.832971,-43.030675],[-73.827082,-43.031897],[-73.823095,-43.028544],[-73.817206,-43.029766],[-73.813221,-43.026413],[-73.807333,-43.027634],[-73.803349,-43.024281],[-73.805252,-43.019708],[-73.811139,-43.018487],[-73.815123,-43.021839],[-73.821011,-43.020618],[-73.824997,-43.02397],[-73.830885,-43.022748],[-73.834872,-43.026101],[-73.840761,-43.024878],[-73.842662,-43.020303],[-73.84855,-43.01908],[-73.852539,-43.022432],[-73.850639,-43.027007],[-73.854628,-43.03036]]]},"properties":{"comuna":"Quellón","mancha_id":"10208-88ceac9981fffff","clase":"Muy Bajo","nivel_medio":0.258,"nivel_medio_min":0.028,"nivel_medio_max":0.408,"pct_alto":0.0,"n_hexagonos":6,"area_ha":401.18}},{"type":"Feature","geometry":{"type":"Polygon","coordinates":[[[-74.265614,-43.133029],[-74.263737,-43.137623],[-74.257818,-43.138867],[-74.253777,-43.135517],[-74.255654,-43.130923],[-74.261572,-43.129679],[-74.265614,-43.133029]]]},"properties":{"comuna":"Quellón","mancha_id":"10208-88ceac96c7fffff","clase":"Muy Bajo","nivel_medio":0.304,"nivel_medio_min":0.304,"nivel_medio_max":0.304,"pct_alto":0.2,"n_hexagonos":1,"area_ha":67.4}},{"type":"Feature","geometry":{"type":"Polygon","coordinates":[[[-74.035594,-43.114079],[-74.033703,-43.118663],[-74.027795,-43.119894],[-74.025903,-43.124478],[-74.029919,-43.127831],[-74.028027,-43.132416],[-74.022118,-43.133646],[-74.018103,-43.130293],[-74.012195,-43.131523],[-74.008181,-43.128169],[-74.010074,-43.123586],[-74.015981,-43.122356],[-74.017874,-43.117772],[-74.02378,-43.116541],[-74.025672,-43.111957],[-74.031579,-43.110726],[-74.035594,-43.114079]]]},"properties":{"comuna":"Quellón","mancha_id":"10208-88ceac9199fffff","clase":"Muy Bajo","nivel_medio":0.271,"nivel_medio_min":0.056,"nivel_medio_max":0.443,"pct_alto":0.0,"n_hexagonos":4,"area_ha":268.51}},{"type":"Feature","geometry":{"type":"Polygon","coordinates":[[[-73.954804,-43.126704],[-73.952907,-43.131285],[-73.947002,-43.132511],[-73.942995,-43.129157],[-73.944892,-43.124576],[-73.950797,-43.12335],[-73.954804,-43.126704]]]},"properties":{"comuna":"Quellón","mancha_id":"10208-88ceac9137fffff","clase":"Muy Bajo","nivel_medio":0.384,"nivel_medio_min":0.384,"nivel_medio_max":0.384,"pct_alto":0.0,"n_hexagonos":1,"area_ha":67.05}},{"type":"Feature","geometry":{"type":"Polygon","coordinates":[[[-73.995456,-42.858742],[-73.993571,-42.863321],[-73.987694,-42.864557],[-73.983703,-42.861214],[-73.985588,-42.856635],[-73.991464,-42.855399],[-73.995456,-42.858742]]]},"properties":{"comuna":"Quellón","mancha_id":"10208-88ceac8d0dfffff","clase":"Muy Bajo","nivel_medio":0.453,"nivel_medio_min":0.453,"nivel_medio_max":0.453,"pct_alto":0.0,"n_hexagonos":1,"area_ha":66.95}},{"type":"Feature","geometry":{"type":"Polygon","coordinates":[[[-73.83015,-42.972749],[-73.836032,-42.971526],[-73.837931,-42.966952],[-73.843814,-42.965727],[-73.847798,-42.969077],[-73.8459,-42.973652],[-73.849885,-42.977002],[-73.855769,-42.975777],[-73.859755,-42.979128],[-73.857857,-42.983703],[-73.851972,-42.984927],[-73.847986,-42.981577],[-73.842102,-42.982801],[-73.838117,-42.97945],[-73.832233,-42.980674],[-73.82825,-42.977323],[-73.822367,-42.978546],[-73.818385,-42.975195],[-73.820285,-42.970622],[-73.826167,-42.969399],[-73.83015,-42.972749]]]},"properties":{"comuna":"Quellón","mancha_id":"10208-88ceac8b01fffff","clase":"Muy Bajo","nivel_medio":0.178,"nivel_medio_min":0.0,"nivel_medio_max":0.443,"pct_alto":0.0,"n_hexagonos":5,"area_ha":334.22}},{"type":"Feature","geometry":{"type":"Polygon","coordinates":[[[-73.878795,-42.842427],[-73.877356,-42.845906],[-73.87491,-42.846418],[-73.874904,-42.843876],[-73.876429,-42.843426],[-73.878404,-42.842605],[-73.878795,-42.842427]]]},"properties":{"comuna":"Quellón","mancha_id":"10208-88ceac135dfffff","clase":"Muy Bajo","nivel_medio":0.0,"nivel_medio_min":0.0,"nivel_medio_max":0.0,"pct_alto":0.0,"n_hexagonos":1,"area_ha":7.8}},{"type":"Feature","geometry":{"type":"Polygon","coordinates":[[[-74.802523,-43.63697],[-74.803182,-43.635333],[-74.804221,-43.635114],[-74.8042,-43.63546],[-74.80425,-43.63622],[-74.80421,-43.63668],[-74.80396,-43.63684],[-74.80328,-43.6368],[-74.80289,-43.63682],[-74.802523,-43.63697]]]},"properties":{"comuna":"Quellón","mancha_id":"10208-88ce13d63dfffff","clase":"Muy Bajo","nivel_medio":0.0,"nivel_medio_min":0.0,"nivel_medio_max":0.0,"pct_alto":0.0,"n_hexagonos":1,"area_ha":1.89}},{"type":"Feature","geometry":{"type":"Polygon","coordinates":[[[-74.79946,-43.64039],[-74.7991,-43.64052],[-74.79872,-43.64051],[-74.798707,-43.640507],[-74.799511,-43.640337],[-74.79946,-43.64039]]]},"properties":{"comuna":"Quellón","mancha_id":"10208-88ce13d62bfffff","clase":"Muy Bajo","nivel_medio":0.003,"nivel_medio_min":0.003,"nivel_medio_max":0.003,"pct_alto":0.0,"n_hexagonos":1,"area_ha":0.04}},{"type":"Feature","geometry":{"type":"Polygon","coordinates":[[[-74.79606,-43.64184],[-74.79561,-43.64205],[-74.794721,-43.642721],[-74.795326,-43.641218],[-74.797311,-43.640801],[-74.79747,-43.64092],[-74.7976,-43.64113],[-74.7975,-43.6415],[-74.79731,-43.64168],[-74.79688,-43.6419],[-74.79606,-43.64184]]]},"properties":{"comuna":"Quellón","mancha_id":"10208-88ce13d62bfffff-2","clase":"Muy Bajo","nivel_medio":0.003,"nivel_medio_min":0.003,"nivel_medio_max":0.003,"pct_alto":0.0,"n_hexagonos":1,"area_ha":2.03}},{"type":"Feature","geometry":{"type":"Polygon","coordinates":[[[-74.786713,-43.648981],[-74.787469,-43.647103],[-74.793467,-43.645841],[-74.794149,-43.644144],[-74.79438,-43.64405],[-74.79517,-43.64361],[-74.79583,-43.64337],[-74.79672,-43.64251],[-74.79702,-43.64234],[-74.79728,-43.64228],[-74.79804,-43.64233],[-74.79837,-43.64247],[-74.79825,-43.64289],[-74.79815,-43.64302],[-74.79797,-43.64316],[-74.79778,-43.64323],[-74.79629,-43.64353],[-74.79597,-43.64372],[-74.79592,-43.64387],[-74.79595,-43.64415],[-74.79581,-43.64446],[-74.79536,-43.64461],[-74.79522,-43.64484],[-74.79515,-43.6452],[-74.79415,-43.64597],[-74.793904,-43.646196],[-74.79377,-43.64632],[-74.79348,-43.64668],[-74.79335,-43.64807],[-74.79229,-43.64912],[-74.7918,-43.64947],[-74.79148,-43.64959],[-74.79121,-43.64957],[-74.79097,-43.64939],[-74.79078,-43.64915],[-74.79061,-43.64907],[-74.79023,-43.64897],[-74.78946,-43.6489],[-74.78889,-43.64874],[-74.78813,-43.64862],[-74.78706,-43.64857],[-74.78678,-43.64887],[-74.786713,-43.648981]]]},"properties":{"comuna":"Quellón","mancha_id":"10208-88ce13d629fffff","clase":"Muy Bajo","nivel_medio":0.199,"nivel_medio_min":0.003,"nivel_medio_max":0.279,"pct_alto":0.0,"n_hexagonos":2,"area_ha":18.34}},{"type":"Feature","geometry":{"type":"Polygon","coordinates":[[[-74.78735,-43.65259],[-74.786864,-43.652744],[-74.785609,-43.651725],[-74.786458,-43.649615],[-74.78645,-43.64968],[-74.78649,-43.64982],[-74.78679,-43.64998],[-74.78701,-43.64998],[-74.78749,-43.64989],[-74.78789,-43.64973],[-74.78857,-43.64932],[-74.78875,-43.6493],[-74.78903,-43.64937],[-74.78937,-43.64954],[-74.79002,-43.64959],[-74.79026,-43.64966],[-74.79046,-43.64993],[-74.7903,-43.65033],[-74.78987,-43.65077],[-74.78969,-43.65117],[-74.78939,-43.65132],[-74.78898,-43.65143],[-74.78879,-43.65152],[-74.78863,-43.65204],[-74.78874,-43.65241],[-74.78867,-43.65256],[-74.7883,-43.65273],[-74.78811,-43.65273],[-74.78754,-43.65257],[-74.78735,-43.65259]]]},"properties":{"comuna":"Quellón","mancha_id":"10208-88ce13d629fffff-2","clase":"Muy Bajo","nivel_medio":0.279,"nivel_medio_min":0.279,"nivel_medio_max":0.279,"pct_alto":0.0,"n_hexagonos":1,"area_ha":9.21}},{"type":"Feature","geometry":{"type":"Polygon","coordinates":[[[-74.653511,-43.64139],[-74.658508,-43.640344],[-74.658925,-43.640684],[-74.65875,-43.64083],[-74.65849,-43.64132],[-74.65827,-43.64164],[-74.65813,-43.641925],[-74.65817,-43.64225],[-74.65847,-43.64247],[-74.65899,-43.64272],[-74.65908,-43.64281],[-74.65927,-43.64313],[-74.6593,-43.64335],[-74.65911,-43.64383],[-74.65904,-43.64414],[-74.65884,-43.6442],[-74.6587,-43.64417],[-74.65851,-43.64405],[-74.65846,-43.64397],[-74.65805,-43.64392],[-74.658,-43.64387],[-74.65794,-43.64371],[-74.65795,-43.64336],[-74.65788,-43.6431],[-74.65742,-43.64304],[-74.65627,-43.64308],[-74.65532,-43.64331],[-74.65465,-43.64354],[-74.65437,-43.6435],[-74.65413,-43.64338],[-74.65377,-43.64305],[-74.65363,-43.642865],[-74.65356,-43.64283],[-74.6535,-43.64238],[-74.65355,-43.64201],[-74.65357,-43.64185],[-74.653511,-43.64139]]]},"properties":{"comuna":"Quellón","mancha_id":"10208-88ce13d0c5fffff","clase":"Muy Bajo","nivel_medio":0.483,"nivel_medio_min":0.483,"nivel_medio_max":0.483,"pct_alto":0.0,"n_hexagonos":1,"area_ha":11.59}},{"type":"Feature","geometry":{"type":"Polygon","coordinates":[[[-74.308322,-43.121178],[-74.30892,-43.119712],[-74.309871,-43.119511],[-74.30873,-43.12067],[-74.308322,-43.121178]]]},"properties":{"comuna":"Quellón","mancha_id":"10208-88ce1359a1fffff","clase":"Muy Bajo","nivel_medio":0.028,"nivel_medio_min":0.028,"nivel_medio_max":0.028,"pct_alto":0.0,"n_hexagonos":1,"area_ha":0.53}},{"type":"Feature","geometry":{"type":"Polygon","coordinates":[[[-73.869729,-43.37041],[-73.867817,-43.37499],[-73.861888,-43.376205],[-73.859976,-43.380786],[-73.854046,-43.382],[-73.85003,-43.378634],[-73.851943,-43.374054],[-73.857871,-43.372839],[-73.859784,-43.368259],[-73.865712,-43.367044],[-73.869729,-43.37041]]]},"properties":{"comuna":"Quellón","mancha_id":"10208-88ce1274c1fffff","clase":"Muy Bajo","nivel_medio":0.453,"nivel_medio_min":0.427,"nivel_medio_max":0.479,"pct_alto":0.0,"n_hexagonos":2,"area_ha":134.16}},{"type":"Feature","geometry":{"type":"Polygon","coordinates":[[[-73.70354,-43.39213],[-73.7033,-43.3919],[-73.703298,-43.391835],[-73.703613,-43.391771],[-73.704143,-43.392218],[-73.70404,-43.39224],[-73.70354,-43.39213]]]},"properties":{"comuna":"Quellón","mancha_id":"10208-88ce1270bbfffff","clase":"Muy Bajo","nivel_medio":0.301,"nivel_medio_min":0.301,"nivel_medio_max":0.301,"pct_alto":0.0,"n_hexagonos":1,"area_ha":0.17}},{"type":"Feature","geometry":{"type":"Polygon","coordinates":[[[-73.70197,-43.39229],[-73.70176,-43.39246],[-73.70142,-43.39237],[-73.701365,-43.392229],[-73.701933,-43.392113],[-73.70197,-43.39229]]]},"properties":{"comuna":"Quellón","mancha_id":"10208-88ce1270bbfffff-2","clase":"Muy Bajo","nivel_medio":0.301,"nivel_medio_min":0.301,"nivel_medio_max":0.301,"pct_alto":0.0,"n_hexagonos":1,"area_ha":0.12}},{"type":"Feature","geometry":{"type":"Polygon","coordinates":[[[-73.69902,-43.39306],[-73.69927,-43.39269],[-73.699304,-43.392648],[-73.700646,-43.392375],[-73.70082,-43.39242],[-73.70112,-43.39253],[-73.70134,-43.39275],[-73.70133,-43.39305],[-73.70095,-43.39311],[-73.70045,-43.39312],[-73.69998,-43.39319],[-73.69958,-43.39324],[-73.69936,-43.39324],[-73.69902,-43.39306]]]},"properties":{"comuna":"Quellón","mancha_id":"10208-88ce1270bbfffff-3","clase":"Muy Bajo","nivel_medio":0.301,"nivel_medio_min":0.301,"nivel_medio_max":0.301,"pct_alto":0.0,"n_hexagonos":1,"area_ha":1.25}},{"type":"Feature","geometry":{"type":"Polygon","coordinates":[[[-73.607739,-43.118884],[-73.613629,-43.117678],[-73.617277,-43.120764],[-73.61678,-43.12076],[-73.61656,-43.12078],[-73.61595,-43.12077],[-73.61573,-43.1208],[-73.61554,-43.12084],[-73.61535,-43.12083],[-73.61516,-43.12085],[-73.61497,-43.12085],[-73.6144,-43.12088],[-73.61421,-43.12088],[-73.61402,-43.12089],[-73.61383,-43.12088],[-73.61364,-43.12086],[-73.61319,-43.12085],[-73.61297,-43.12083],[-73.61275,-43.12084],[-73.61262,-43.12085],[-73.61253,-43.12088],[-73.61234,-43.1209],[-73.61214,-43.12095],[-73.61176,-43.12101],[-73.61138,-43.12105],[-73.61119,-43.12109],[-73.611,-43.12109],[-73.61081,-43.12113],[-73.61062,-43.12115],[-73.61004,-43.12125],[-73.60985,-43.12129],[-73.60966,-43.12131],[-73.60947,-43.12132],[-73.60928,-43.12132],[-73.60906,-43.12129],[-73.60884,-43.12124],[-73.60862,-43.12121],[-73.6084,-43.12116],[-73.60818,-43.1211],[-73.60796,-43.12105],[-73.60773,-43.12097],[-73.60715,-43.12082],[-73.606937,-43.120791],[-73.607739,-43.118884]]]},"properties":{"comuna":"Quellón","mancha_id":"10208-88ce126d3dfffff","clase":"Muy Bajo","nivel_medio":0.496,"nivel_medio_min":0.496,"nivel_medio_max":0.496,"pct_alto":13.4,"n_hexagonos":1,"area_ha":20.95}},{"type":"Feature","geometry":{"type":"Polygon","coordinates":[[[-73.618713,-43.120809],[-73.62349,-43.11983],[-73.624336,-43.120545],[-73.62423,-43.1205],[-73.62405,-43.12048],[-73.62391,-43.12047],[-73.62338,-43.1207],[-73.62315,-43.12081],[-73.6228,-43.12085],[-73.62241,-43.1209],[-73.62195,-43.12088],[-73.62176,-43.12089],[-73.62068,-43.12087],[-73.62046,-43.12085],[-73.62004,-43.12087],[-73.61985,-43.12086],[-73.61941,-43.12084],[-73.61919,-43.12083],[-73.61874,-43.12081],[-73.618713,-43.120809]]]},"properties":{"comuna":"Quellón","mancha_id":"10208-88ce126d39fffff","clase":"Muy Bajo","nivel_medio":0.126,"nivel_medio_min":0.126,"nivel_medio_max":0.126,"pct_alto":1.7,"n_hexagonos":1,"area_ha":2.56}},{"type":"Feature","geometry":{"type":"Polygon","coordinates":[[[-73.519647,-43.186942],[-73.519851,-43.1869],[-73.520228,-43.18722],[-73.52021,-43.18721],[-73.52003,-43.18712],[-73.51982,-43.18703],[-73.519647,-43.186942]]]},"properties":{"comuna":"Quellón","mancha_id":"10208-88ce126833fffff","clase":"Muy Bajo","nivel_medio":0.202,"nivel_medio_min":0.202,"nivel_medio_max":0.202,"pct_alto":0.0,"n_hexagonos":1,"area_ha":0.04}},{"type":"Feature","geometry":{"type":"Polygon","coordinates":[[[-73.840724,-43.154519],[-73.838818,-43.159096],[-73.832915,-43.160315],[-73.828917,-43.156957],[-73.823014,-43.158175],[-73.819019,-43.154817],[-73.820925,-43.150242],[-73.826827,-43.149023],[-73.828733,-43.144447],[-73.834635,-43.143228],[-73.836541,-43.138652],[-73.842442,-43.137432],[-73.846439,-43.140789],[-73.852341,-43.139569],[-73.856339,-43.142925],[-73.862242,-43.141705],[-73.864146,-43.137127],[-73.870048,-43.135906],[-73.871951,-43.131328],[-73.877853,-43.130107],[-73.881853,-43.133462],[-73.887756,-43.13224],[-73.891758,-43.135596],[-73.897661,-43.134373],[-73.901664,-43.137729],[-73.899763,-43.142308],[-73.893858,-43.14353],[-73.889856,-43.140174],[-73.883952,-43.141397],[-73.879951,-43.138041],[-73.874048,-43.139262],[-73.872145,-43.14384],[-73.866242,-43.145061],[-73.864338,-43.149639],[-73.858434,-43.15086],[-73.854435,-43.147503],[-73.848532,-43.148723],[-73.846627,-43.1533],[-73.840724,-43.154519]]]},"properties":{"comuna":"Quellón","mancha_id":"10208-88ce1265b3fffff","clase":"Muy Bajo","nivel_medio":0.13,"nivel_medio_min":0.0,"nivel_medio_max":0.479,"pct_alto":0.0,"n_hexagonos":11,"area_ha":736.49}},{"type":"Feature","geometry":{"type":"Polygon","coordinates":[[[-73.857484,-43.218007],[-73.855577,-43.222585],[-73.849666,-43.223803],[-73.845662,-43.220443],[-73.84757,-43.215866],[-73.85348,-43.214647],[-73.857484,-43.218007]]]},"properties":{"comuna":"Quellón","mancha_id":"10208-88ce12643bfffff","clase":"Muy Bajo","nivel_medio":0.269,"nivel_medio_min":0.269,"nivel_medio_max":0.269,"pct_alto":0.0,"n_hexagonos":1,"area_ha":66.99}},{"type":"Feature","geometry":{"type":"Polygon","coordinates":[[[-73.952957,-43.365891],[-73.958889,-43.36467],[-73.960819,-43.366282],[-73.95833,-43.36652],[-73.95607,-43.36653],[-73.95511,-43.3665],[-73.9535,-43.36632],[-73.952788,-43.366298],[-73.952957,-43.365891]]]},"properties":{"comuna":"Quellón","mancha_id":"10208-88ce122b57fffff","clase":"Muy Bajo","nivel_medio":0.473,"nivel_medio_min":0.473,"nivel_medio_max":0.473,"pct_alto":0.0,"n_hexagonos":1,"area_ha":7.95}},{"type":"Feature","geometry":{"type":"Polygon","coordinates":[[[-74.034113,-43.353357],[-74.032213,-43.357945],[-74.026279,-43.35917],[-74.022246,-43.355807],[-74.024146,-43.35122],[-74.03008,-43.349995],[-74.034113,-43.353357]]]},"properties":{"comuna":"Quellón","mancha_id":"10208-88ce122aedfffff","clase":"Muy Bajo","nivel_medio":0.477,"nivel_medio_min":0.477,"nivel_medio_max":0.477,"pct_alto":0.0,"n_hexagonos":1,"area_ha":67.26}},{"type":"Feature","geometry":{"type":"Polygon","coordinates":[[[-74.069717,-43.345999],[-74.06782,-43.350588],[-74.061885,-43.351815],[-74.057849,-43.348453],[-74.059747,-43.343865],[-74.065681,-43.342638],[-74.067578,-43.338049],[-74.073511,-43.336821],[-74.077549,-43.340182],[-74.075652,-43.344771],[-74.069717,-43.345999]]]},"properties":{"comuna":"Quellón","mancha_id":"10208-88ce122a89fffff","clase":"Muy Bajo","nivel_medio":0.45,"nivel_medio_min":0.445,"nivel_medio_max":0.456,"pct_alto":2.6,"n_hexagonos":2,"area_ha":134.59}},{"type":"Feature","geometry":{"type":"Polygon","coordinates":[[[-74.29412,-43.32474],[-74.29387,-43.32471],[-74.293667,-43.324645],[-74.295895,-43.32418],[-74.297119,-43.325191],[-74.29691,-43.32521],[-74.29668,-43.3252],[-74.29653,-43.32518],[-74.29648,-43.32515],[-74.29636,-43.3251],[-74.29629,-43.3251],[-74.2962,-43.325065],[-74.29612,-43.32504],[-74.29587,-43.325],[-74.29561,-43.32499],[-74.29536,-43.32497],[-74.2951,-43.32494],[-74.29485,-43.32492],[-74.2946,-43.32488],[-74.29434,-43.32482],[-74.29412,-43.32474]]]},"properties":{"comuna":"Quellón","mancha_id":"10208-88ce122425fffff","clase":"Muy Bajo","nivel_medio":0.068,"nivel_medio_min":0.068,"nivel_medio_max":0.068,"pct_alto":0.0,"n_hexagonos":1,"area_ha":1.42}},{"type":"Feature","geometry":{"type":"Polygon","coordinates":[[[-74.29729,-43.32575],[-74.29728,-43.32582],[-74.29722,-43.32588],[-74.29713,-43.32589],[-74.29702,-43.32586],[-74.29677,-43.32575],[-74.29674,-43.32566],[-74.29686,-43.3255],[-74.29701,-43.32552],[-74.29707,-43.32553],[-74.29717,-43.32558],[-74.29726,-43.32565],[-74.29729,-43.32575]]]},"properties":{"comuna":"Quellón","mancha_id":"10208-88ce122425fffff-2","clase":"Muy Bajo","nivel_medio":0.068,"nivel_medio_min":0.068,"nivel_medio_max":0.068,"pct_alto":0.0,"n_hexagonos":1,"area_ha":0.13}},{"type":"Feature","geometry":{"type":"Polygon","coordinates":[[[-74.29809,-43.32621],[-74.29817,-43.32627],[-74.29821,-43.32632],[-74.29814,-43.32639],[-74.29807,-43.32639],[-74.29796,-43.32639],[-74.29774,-43.32629],[-74.29765,-43.32627],[-74.29763,-43.3262],[-74.297645,-43.326101],[-74.2977,-43.32609],[-74.297895,-43.32611],[-74.29798,-43.32613],[-74.29804,-43.32615],[-74.29809,-43.32621]]]},"properties":{"comuna":"Quellón","mancha_id":"10208-88ce122425fffff-3","clase":"Muy Bajo","nivel_medio":0.068,"nivel_medio_min":0.068,"nivel_medio_max":0.068,"pct_alto":0.0,"n_hexagonos":1,"area_ha":0.1}},{"type":"Feature","geometry":{"type":"Polygon","coordinates":[[[-74.29865,-43.32654],[-74.29855,-43.32651],[-74.29849,-43.32639],[-74.298462,-43.326301],[-74.298771,-43.326556],[-74.29865,-43.32654]]]},"properties":{"comuna":"Quellón","mancha_id":"10208-88ce122425fffff-4","clase":"Muy Bajo","nivel_medio":0.068,"nivel_medio_min":0.068,"nivel_medio_max":0.068,"pct_alto":0.0,"n_hexagonos":1,"area_ha":0.02}},{"type":"Feature","geometry":{"type":"Polygon","coordinates":[[[-74.137308,-43.353218],[-74.137412,-43.352967],[-74.137665,-43.352914],[-74.137308,-43.353218]]]},"properties":{"comuna":"Quellón","mancha_id":"10208-88ce12218bfffff","clase":"Muy Bajo","nivel_medio":0.0,"nivel_medio_min":0.0,"nivel_medio_max":0.0,"pct_alto":0.0,"n_hexagonos":1,"area_ha":0.03}},{"type":"Feature","geometry":{"type":"Polygon","coordinates":[[[-74.12743,-43.350837],[-74.125536,-43.355428],[-74.129581,-43.358789],[-74.127687,-43.36338],[-74.121748,-43.364611],[-74.117704,-43.36125],[-74.119599,-43.356659],[-74.115556,-43.353298],[-74.11745,-43.348708],[-74.123387,-43.347477],[-74.12743,-43.350837]]]},"properties":{"comuna":"Quellón","mancha_id":"10208-88ce122185fffff","clase":"Muy Bajo","nivel_medio":0.27,"nivel_medio_min":0.129,"nivel_medio_max":0.411,"pct_alto":5.1,"n_hexagonos":2,"area_ha":134.72}},{"type":"Feature","geometry":{"type":"Polygon","coordinates":[[[-74.742923,-43.673381],[-74.744032,-43.673149],[-74.744237,-43.673316],[-74.74314,-43.67344],[-74.742923,-43.673381]]]},"properties":{"comuna":"Quellón","mancha_id":"10208-88ce106da3fffff","clase":"Muy Bajo","nivel_medio":0.046,"nivel_medio_min":0.046,"nivel_medio_max":0.046,"pct_alto":0.0,"n_hexagonos":1,"area_ha":0.15}},{"type":"Feature","geometry":{"type":"Polygon","coordinates":[[[-73.717616,-42.933478],[-73.71571,-42.938046],[-73.709836,-42.939264],[-73.705869,-42.935913],[-73.707775,-42.931345],[-73.713648,-42.930127],[-73.717616,-42.933478]]]},"properties":{"comuna":"Quellón","mancha_id":"10208-88ceacd595fffff","clase":"Bajo","nivel_medio":1.467,"nivel_medio_min":1.467,"nivel_medio_max":1.467,"pct_alto":0.0,"n_hexagonos":1,"area_ha":66.68}},{"type":"Feature","geometry":{"type":"Polygon","coordinates":[[[-73.684881,-42.986161],[-73.682971,-42.990729],[-73.677093,-42.991943],[-73.675182,-42.996511],[-73.669303,-42.997724],[-73.665336,-42.99437],[-73.667247,-42.989803],[-73.663281,-42.98645],[-73.665192,-42.981883],[-73.671068,-42.980669],[-73.675035,-42.984022],[-73.680913,-42.982808],[-73.684881,-42.986161]]]},"properties":{"comuna":"Quellón","mancha_id":"10208-88ceacd425fffff","clase":"Bajo","nivel_medio":1.112,"nivel_medio_min":1.051,"nivel_medio_max":1.177,"pct_alto":0.0,"n_hexagonos":3,"area_ha":200.0}},{"type":"Feature","geometry":{"type":"Polygon","coordinates":[[[-73.503462,-43.11101],[-73.501536,-43.115572],[-73.495652,-43.116773],[-73.491694,-43.113411],[-73.493621,-43.10885],[-73.499504,-43.107649],[-73.503462,-43.11101]]]},"properties":{"comuna":"Quellón","mancha_id":"10208-88ceacd357fffff","clase":"Bajo","nivel_medio":1.263,"nivel_medio_min":1.263,"nivel_medio_max":1.263,"pct_alto":5.5,"n_hexagonos":1,"area_ha":66.54}},{"type":"Feature","geometry":{"type":"Polygon","coordinates":[[[-73.482056,-43.136218],[-73.480128,-43.14078],[-73.479909,-43.140824],[-73.47988,-43.1407],[-73.47984,-43.14054],[-73.47981,-43.14037],[-73.4798,-43.14021],[-73.47977,-43.14005],[-73.47974,-43.13988],[-73.47971,-43.13972],[-73.47965,-43.13956],[-73.47961,-43.13939],[-73.4796,-43.13923],[-73.47954,-43.13906],[-73.4795,-43.1389],[-73.47945,-43.13874],[-73.47942,-43.13857],[-73.47938,-43.13841],[-73.47937,-43.13825],[-73.47934,-43.13808],[-73.47928,-43.13792],[-73.47924,-43.13775],[-73.47923,-43.13759],[-73.4792,-43.13743],[-73.47918,-43.13724],[-73.47917,-43.1371],[-73.47913,-43.13694],[-73.47909,-43.13677],[-73.47906,-43.13661],[-73.47903,-43.13644],[-73.47899,-43.13628],[-73.47901,-43.13612],[-73.479,-43.13595],[-73.47898,-43.13579],[-73.47897,-43.13563],[-73.47894,-43.13546],[-73.47893,-43.1353],[-73.47892,-43.13514],[-73.47891,-43.13497],[-73.47888,-43.13481],[-73.47884,-43.13464],[-73.47879,-43.13448],[-73.47873,-43.13432],[-73.47867,-43.13415],[-73.47863,-43.13399],[-73.47855,-43.13382],[-73.47848,-43.13366],[-73.47842,-43.1335],[-73.47834,-43.13333],[-73.47828,-43.13317],[-73.47822,-43.133],[-73.478192,-43.132935],[-73.482056,-43.136218]]]},"properties":{"comuna":"Quellón","mancha_id":"10208-88ceacd349fffff","clase":"Bajo","nivel_medio":1.497,"nivel_medio_min":1.497,"nivel_medio_max":1.497,"pct_alto":3.9,"n_hexagonos":1,"area_ha":11.0}},{"type":"Feature","geometry":{"type":"Polygon","coordinates":[[[-73.509239,-43.097324],[-73.507313,-43.101886],[-73.50143,-43.103088],[-73.497473,-43.099727],[-73.499399,-43.095165],[-73.505281,-43.093964],[-73.509239,-43.097324]]]},"properties":{"comuna":"Quellón","mancha_id":"10208-88ceacd311fffff","clase":"Bajo","nivel_medio":1.322,"nivel_medio_min":1.322,"nivel_medio_max":1.322,"pct_alto":3.6,"n_hexagonos":1,"area_ha":66.54}},{"type":"Feature","geometry":{"type":"Polygon","coordinates":[[[-73.593784,-43.10088],[-73.591864,-43.105446],[-73.585977,-43.106652],[-73.582011,-43.103292],[-73.583931,-43.098727],[-73.579966,-43.095368],[-73.581886,-43.090803],[-73.587771,-43.089597],[-73.591737,-43.092956],[-73.597623,-43.091749],[-73.60159,-43.095108],[-73.599671,-43.099674],[-73.593784,-43.10088]]]},"properties":{"comuna":"Quellón","mancha_id":"10208-88ceacd2c5fffff","clase":"Bajo","nivel_medio":1.3,"nivel_medio_min":1.128,"nivel_medio_max":1.466,"pct_alto":0.3,"n_hexagonos":3,"area_ha":199.9}},{"type":"Feature","geometry":{"type":"Polygon","coordinates":[[[-73.607346,-43.08141],[-73.605428,-43.085976],[-73.599542,-43.087183],[-73.595576,-43.083825],[-73.597495,-43.079259],[-73.593529,-43.075901],[-73.595448,-43.071336],[-73.601331,-43.070128],[-73.605297,-43.073486],[-73.611182,-43.072278],[-73.615149,-43.075636],[-73.613231,-43.080202],[-73.607346,-43.08141]]]},"properties":{"comuna":"Quellón","mancha_id":"10208-88ceacd281fffff","clase":"Bajo","nivel_medio":1.251,"nivel_medio_min":1.158,"nivel_medio_max":1.413,"pct_alto":0.2,"n_hexagonos":3,"area_ha":199.91}},{"type":"Feature","geometry":{"type":"Polygon","coordinates":[[[-73.516801,-43.130376],[-73.517375,-43.129018],[-73.52102,-43.128274],[-73.52103,-43.12831],[-73.52098,-43.12855],[-73.52096,-43.12861],[-73.52091,-43.128645],[-73.52085,-43.12868],[-73.52085,-43.12874],[-73.52076,-43.128775],[-73.52067,-43.12885],[-73.52038,-43.12903],[-73.52012,-43.12913],[-73.51974,-43.12922],[-73.51955,-43.1293],[-73.51936,-43.12939],[-73.51916,-43.12949],[-73.51897,-43.12961],[-73.51839,-43.12991],[-73.51782,-43.13011],[-73.51724,-43.13028],[-73.51705,-43.13031],[-73.51686,-43.13037],[-73.516801,-43.130376]]]},"properties":{"comuna":"Quellón","mancha_id":"10208-88ceacd261fffff","clase":"Bajo","nivel_medio":1.15,"nivel_medio_min":1.15,"nivel_medio_max":1.15,"pct_alto":0.0,"n_hexagonos":1,"area_ha":3.12}},{"type":"Feature","geometry":{"type":"Polygon","coordinates":[[[-73.56267,-43.136452],[-73.556781,-43.137655],[-73.555425,-43.136506],[-73.55546,-43.13649],[-73.55577,-43.13636],[-73.55599,-43.13628],[-73.55644,-43.1361],[-73.55665,-43.13601],[-73.55695,-43.1359],[-73.5574,-43.13574],[-73.55762,-43.13568],[-73.55785,-43.13559],[-73.55874,-43.13532],[-73.55897,-43.13526],[-73.55919,-43.13522],[-73.55941,-43.1352],[-73.56008,-43.13521],[-73.5603,-43.1352],[-73.56052,-43.13524],[-73.56074,-43.13529],[-73.56096,-43.13532],[-73.56118,-43.13538],[-73.56185,-43.13553],[-73.56207,-43.13555],[-73.56229,-43.13558],[-73.56295,-43.13566],[-73.562999,-43.135671],[-73.56267,-43.136452]]]},"properties":{"comuna":"Quellón","mancha_id":"10208-88ceacd255fffff","clase":"Bajo","nivel_medio":1.289,"nivel_medio_min":1.289,"nivel_medio_max":1.289,"pct_alto":2.2,"n_hexagonos":1,"area_ha":9.73}},{"type":"Feature","geometry":{"type":"Polygon","coordinates":[[[-73.531059,-43.153022],[-73.529373,-43.151592],[-73.529723,-43.150764],[-73.52994,-43.15109],[-73.53003,-43.1513],[-73.53015,-43.15151],[-73.53034,-43.1517],[-73.53059,-43.15191],[-73.53077,-43.15214],[-73.53098,-43.15257],[-73.53104,-43.15277],[-73.53105,-43.15298],[-73.531059,-43.153022]]]},"properties":{"comuna":"Quellón","mancha_id":"10208-88ceacd24dfffff","clase":"Bajo","nivel_medio":1.317,"nivel_medio_min":1.317,"nivel_medio_max":1.317,"pct_alto":22.1,"n_hexagonos":1,"area_ha":1.06}},{"type":"Feature","geometry":{"type":"Polygon","coordinates":[[[-73.449949,-43.046926],[-73.455823,-43.045726],[-73.457826,-43.04743],[-73.45768,-43.04752],[-73.45744,-43.04763],[-73.45725,-43.0477],[-73.45705,-43.04779],[-73.45686,-43.04788],[-73.45667,-43.04796],[-73.45648,-43.04802],[-73.45628,-43.04808],[-73.45609,-43.04817],[-73.45591,-43.04827],[-73.4557,-43.04838],[-73.45551,-43.04849],[-73.45535,-43.04863],[-73.4552,-43.04873],[-73.45502,-43.04888],[-73.45489,-43.049],[-73.4547,-43.04916],[-73.45457,-43.04931],[-73.45432,-43.0495],[-73.45419,-43.04963],[-73.454,-43.0498],[-73.45384,-43.04991],[-73.45377,-43.04993],[-73.45369,-43.049965],[-73.45353,-43.05002],[-73.45331,-43.05005],[-73.45311,-43.05008],[-73.45305,-43.05008],[-73.45299,-43.05012],[-73.45292,-43.05014],[-73.45273,-43.05018],[-73.45254,-43.05022],[-73.45235,-43.05026],[-73.45215,-43.0503],[-73.45196,-43.05035],[-73.45177,-43.05039],[-73.45158,-43.05045],[-73.4515,-43.05048],[-73.45139,-43.05054],[-73.45119,-43.05063],[-73.451,-43.05072],[-73.45081,-43.0508],[-73.45061,-43.05088],[-73.45042,-43.05097],[-73.45026,-43.05107],[-73.45005,-43.05119],[-73.44987,-43.05131],[-73.44966,-43.05143],[-73.44947,-43.05156],[-73.44922,-43.05175],[-73.44908,-43.05186],[-73.44885,-43.05202],[-73.448762,-43.052115],[-73.448021,-43.051485],[-73.449949,-43.046926]]]},"properties":{"comuna":"Quellón","mancha_id":"10208-88ceacd105fffff","clase":"Bajo","nivel_medio":1.441,"nivel_medio_min":1.441,"nivel_medio_max":1.441,"pct_alto":0.0,"n_hexagonos":1,"area_ha":26.2}},{"type":"Feature","geometry":{"type":"Polygon","coordinates":[[[-73.466815,-43.045121],[-73.467573,-43.043326],[-73.470544,-43.042719],[-73.47058,-43.04273],[-73.47077,-43.04282],[-73.47092,-43.04289],[-73.47103,-43.04297],[-73.47114,-43.04306],[-73.471225,-43.04316],[-73.47122,-43.04331],[-73.47114,-43.043493],[-73.47111,-43.04356],[-73.471017,-43.043623],[-73.47092,-43.04368],[-73.47082,-43.04375],[-73.47069,-43.04382],[-73.47063,-43.04385],[-73.470555,-43.043885],[-73.47048,-43.04392],[-73.47042,-43.04394],[-73.47032,-43.04398],[-73.47013,-43.04407],[-73.46994,-43.04415],[-73.46975,-43.0442],[-73.46955,-43.04427],[-73.46936,-43.0443],[-73.46917,-43.04438],[-73.46898,-43.04444],[-73.46878,-43.04451],[-73.46859,-43.04457],[-73.4684,-43.04462],[-73.46821,-43.04466],[-73.46801,-43.04473],[-73.46782,-43.0448],[-73.46763,-43.04485],[-73.46744,-43.04492],[-73.46724,-43.04498],[-73.46705,-43.04503],[-73.46686,-43.0451],[-73.466815,-43.045121]]]},"properties":{"comuna":"Quellón","mancha_id":"10208-88ceacd103fffff","clase":"Bajo","nivel_medio":1.35,"nivel_medio_min":1.35,"nivel_medio_max":1.35,"pct_alto":7.3,"n_hexagonos":1,"area_ha":4.74}},{"type":"Feature","geometry":{"type":"Polygon","coordinates":[[[-73.60267,-43.04082],[-73.602478,-43.040692],[-73.60299,-43.040587],[-73.603409,-43.040942],[-73.60296,-43.04099],[-73.60267,-43.04082]]]},"properties":{"comuna":"Quellón","mancha_id":"10208-88ceacd0ddfffff","clase":"Bajo","nivel_medio":1.316,"nivel_medio_min":1.316,"nivel_medio_max":1.316,"pct_alto":0.0,"n_hexagonos":1,"area_ha":0.18}},{"type":"Feature","geometry":{"type":"Polygon","coordinates":[[[-73.59703,-43.04226],[-73.596914,-43.04226],[-73.597109,-43.041795],[-73.600652,-43.041067],[-73.60054,-43.04125],[-73.60031,-43.04178],[-73.60009,-43.04205],[-73.59972,-43.0423],[-73.59898,-43.04249],[-73.59817,-43.04265],[-73.59764,-43.04264],[-73.59747,-43.0426],[-73.59736,-43.04251],[-73.59725,-43.04244],[-73.59721,-43.04234],[-73.59713,-43.04227],[-73.59703,-43.04226]]]},"properties":{"comuna":"Quellón","mancha_id":"10208-88ceacd0ddfffff-2","clase":"Bajo","nivel_medio":1.316,"nivel_medio_min":1.316,"nivel_medio_max":1.316,"pct_alto":0.0,"n_hexagonos":1,"area_ha":2.95}},{"type":"Feature","geometry":{"type":"Polygon","coordinates":[[[-73.61504,-43.04957],[-73.61532,-43.04942],[-73.615403,-43.04942],[-73.61549,-43.04942],[-73.61578,-43.04941],[-73.616,-43.04934],[-73.61657,-43.04919],[-73.61685,-43.04905],[-73.61705,-43.04897],[-73.61787,-43.04898],[-73.61815,-43.04893],[-73.61838,-43.04888],[-73.61858,-43.04878],[-73.619,-43.04868],[-73.61925,-43.04868],[-73.62027,-43.04865],[-73.62087,-43.04859],[-73.62107,-43.04858],[-73.6213,-43.04854],[-73.62137,-43.04842],[-73.6215,-43.04828],[-73.62162,-43.04805],[-73.62165,-43.04794],[-73.62175,-43.04787],[-73.62191,-43.04779],[-73.6221,-43.04776],[-73.62231,-43.04776],[-73.62288,-43.04776],[-73.62314,-43.0477],[-73.62323,-43.04764],[-73.62294,-43.04756],[-73.62283,-43.0475],[-73.62266,-43.04745],[-73.62251,-43.04741],[-73.62224,-43.0474],[-73.62191,-43.0474],[-73.62156,-43.04743],[-73.62127,-43.04754],[-73.62071,-43.04753],[-73.6206,-43.04743],[-73.62052,-43.04728],[-73.62052,-43.04715],[-73.62066,-43.0471],[-73.62089,-43.04693],[-73.62126,-43.04675],[-73.62149,-43.04658],[-73.62149,-43.04634],[-73.62138,-43.04632],[-73.62127,-43.04632],[-73.62101,-43.04641],[-73.62073,-43.04654],[-73.6205,-43.04659],[-73.62025,-43.04657],[-73.62037,-43.04638],[-73.62031,-43.0463],[-73.6202,-43.0463],[-73.62011,-43.04638],[-73.62,-43.04653],[-73.61994,-43.04669],[-73.61968,-43.04682],[-73.61937,-43.04693],[-73.61906,-43.04693],[-73.61878,-43.04689],[-73.61864,-43.04675],[-73.61862,-43.04666],[-73.61853,-43.04658],[-73.61839,-43.04662],[-73.61828,-43.04673],[-73.61827,-43.04682],[-73.61833,-43.04694],[-73.61847,-43.04709],[-73.61846,-43.04741],[-73.61826,-43.04756],[-73.61775,-43.04764],[-73.61685,-43.04763],[-73.61651,-43.04761],[-73.61626,-43.04755],[-73.6162,-43.047522],[-73.61609,-43.04747],[-73.61607,-43.04738],[-73.61607,-43.04732],[-73.61616,-43.04716],[-73.6163,-43.0471],[-73.616377,-43.0471],[-73.61658,-43.0471],[-73.61697,-43.04718],[-73.61708,-43.0472],[-73.61739,-43.04719],[-73.6174,-43.04713],[-73.61734,-43.04709],[-73.61723,-43.04707],[-73.61706,-43.04705],[-73.61692,-43.047],[-73.61692,-43.04688],[-73.61701,-43.04681],[-73.61715,-43.04675],[-73.6174,-43.04672],[-73.61758,-43.04665],[-73.61769,-43.04657],[-73.61769,-43.04642],[-73.61755,-43.04638],[-73.61747,-43.04638],[-73.61735,-43.04644],[-73.61732,-43.04653],[-73.61712,-43.04666],[-73.61701,-43.04668],[-73.61687,-43.04668],[-73.61676,-43.04666],[-73.616607,-43.046552],[-73.61659,-43.04654],[-73.61657,-43.04637],[-73.61649,-43.04624],[-73.61638,-43.04605],[-73.61618,-43.04599],[-73.61573,-43.04599],[-73.61545,-43.04593],[-73.61543,-43.04578],[-73.61552,-43.04561],[-73.61572,-43.04544],[-73.615995,-43.04541],[-73.6168,-43.046092],[-73.622682,-43.044882],[-73.622932,-43.044285],[-73.6232,-43.04422],[-73.62354,-43.0442],[-73.62391,-43.04415],[-73.62416,-43.04402],[-73.62434,-43.04384],[-73.62437,-43.04367],[-73.62454,-43.0435],[-73.6248,-43.04339],[-73.62488,-43.04328],[-73.62486,-43.04319],[-73.62478,-43.04313],[-73.62466,-43.04309],[-73.62441,-43.04309],[-73.6243,-43.04303],[-73.62419,-43.0429],[-73.62414,-43.04278],[-73.624,-43.04271],[-73.6238,-43.04276],[-73.62379,-43.04291],[-73.62388,-43.04306],[-73.62393,-43.04321],[-73.62393,-43.04334],[-73.62378,-43.04342],[-73.623596,-43.043358],[-73.623267,-43.043486],[-73.624597,-43.040316],[-73.630479,-43.039106],[-73.634446,-43.042463],[-73.63253,-43.047029],[-73.626648,-43.048239],[-73.624732,-43.052805],[-73.622682,-43.053227],[-73.62265,-43.05318],[-73.62263,-43.05299],[-73.62273,-43.05277],[-73.62286,-43.0526],[-73.62291,-43.05238],[-73.6229,-43.05224],[-73.62282,-43.05214],[-73.62275,-43.05212],[-73.62247,-43.05212],[-73.62233,-43.05217],[-73.62211,-43.05262],[-73.62185,-43.05316],[-73.62166,-43.05336],[-73.621489,-43.053472],[-73.620542,-43.053667],[-73.62046,-43.05363],[-73.6204,-43.053565],[-73.62048,-43.05311],[-73.62044,-43.05305],[-73.62017,-43.05358],[-73.62013,-43.05368],[-73.620079,-43.053762],[-73.618849,-43.054014],[-73.616271,-43.051832],[-73.61647,-43.05172],[-73.61686,-43.05156],[-73.61774,-43.05147],[-73.61821,-43.0515],[-73.61852,-43.05144],[-73.61883,-43.05139],[-73.61914,-43.05134],[-73.61942,-43.05127],[-73.61962,-43.05119],[-73.61991,-43.05116],[-73.62012,-43.05115],[-73.6203,-43.05104],[-73.6204,-43.05095],[-73.6204,-43.05089],[-73.62039,-43.05082],[-73.62031,-43.05077],[-73.62018,-43.05077],[-73.62004,-43.05078],[-73.61977,-43.05087],[-73.61946,-43.05102],[-73.61912,-43.05111],[-73.61888,-43.05109],[-73.61871,-43.05103],[-73.61869,-43.05092],[-73.61869,-43.05077],[-73.61885,-43.05062],[-73.61918,-43.05043],[-73.6193,-43.05032],[-73.6195,-43.05026],[-73.61963,-43.05024],[-73.61986,-43.05023],[-73.62001,-43.05022],[-73.62015,-43.05008],[-73.62027,-43.04999],[-73.62037,-43.04994],[-73.62054,-43.04993],[-73.62069,-43.04994],[-73.62088,-43.04993],[-73.62103,-43.04991],[-73.62119,-43.0498],[-73.62133,-43.04972],[-73.62144,-43.0497],[-73.6216,-43.04968],[-73.62185,-43.04966],[-73.62198,-43.04964],[-73.62211,-43.04959],[-73.62214,-43.049535],[-73.62207,-43.04949],[-73.62198,-43.04949],[-73.62174,-43.04952],[-73.62126,-43.04956],[-73.62092,-43.04962],[-73.62037,-43.04967],[-73.61989,-43.04971],[-73.61971,-43.04973],[-73.61949,-43.04981],[-73.61918,-43.04996],[-73.61898,-43.05011],[-73.61882,-43.05026],[-73.61832,-43.05058],[-73.61811,-43.05073],[-73.61798,-43.05088],[-73.6179,-43.05098],[-73.61742,-43.051],[-73.61668,-43.05099],[-73.61643,-43.05098],[-73.61627,-43.05091],[-73.61627,-43.05083],[-73.61632,-43.05075],[-73.61636,-43.05065],[-73.61633,-43.050585],[-73.6162,-43.05053],[-73.61589,-43.05051],[-73.61561,-43.05051],[-73.61544,-43.05045],[-73.61534,-43.05037],[-73.6152,-43.05034],[-73.61502,-43.05034],[-73.615016,-43.050341],[-73.61478,-43.05043],[-73.61445,-43.0506],[-73.61421,-43.05071],[-73.61407,-43.05073],[-73.61397,-43.05073],[-73.61374,-43.05068],[-73.61375,-43.05056],[-73.61379,-43.05049],[-73.61404,-43.05026],[-73.61435,-43.04999],[-73.61504,-43.04957]]]},"properties":{"comuna":"Quellón","mancha_id":"10208-88ceacd0d9fffff","clase":"Bajo","nivel_medio":1.321,"nivel_medio_min":0.911,"nivel_medio_max":1.461,"pct_alto":0.7,"n_hexagonos":3,"area_ha":119.12}},{"type":"Feature","geometry":{"type":"Polygon","coordinates":[[[-73.534694,-43.087952],[-73.532771,-43.092515],[-73.526888,-43.093718],[-73.522929,-43.090358],[-73.517046,-43.091561],[-73.513088,-43.0882],[-73.507206,-43.089402],[-73.50325,-43.086042],[-73.497368,-43.087243],[-73.495161,-43.085368],[-73.49518,-43.08536],[-73.49537,-43.08529],[-73.49557,-43.08524],[-73.49587,-43.08514],[-73.49614,-43.08501],[-73.49631,-43.08491],[-73.4965,-43.08481],[-73.49669,-43.0847],[-73.49677,-43.08467],[-73.49682,-43.08463],[-73.49689,-43.08461],[-73.49708,-43.08454],[-73.49727,-43.0845],[-73.49746,-43.08446],[-73.49766,-43.08444],[-73.49785,-43.08442],[-73.49804,-43.08439],[-73.49823,-43.08437],[-73.49842,-43.08435],[-73.49861,-43.08433],[-73.4988,-43.08431],[-73.499,-43.08428],[-73.49919,-43.08427],[-73.49938,-43.08424],[-73.49957,-43.08419],[-73.49976,-43.08415],[-73.49996,-43.08408],[-73.50081,-43.08381],[-73.50246,-43.08329],[-73.50274,-43.0832],[-73.50434,-43.082265],[-73.50445,-43.08223],[-73.50461,-43.08216],[-73.50481,-43.08207],[-73.504965,-43.081977],[-73.50506,-43.08192],[-73.50534,-43.08177],[-73.50559,-43.08163],[-73.50585,-43.08149],[-73.50609,-43.08134],[-73.506185,-43.081274],[-73.511056,-43.080279],[-73.512583,-43.076657],[-73.51275,-43.07653],[-73.51304,-43.07633],[-73.51356,-43.07606],[-73.51428,-43.07562],[-73.51454,-43.07554],[-73.51476,-43.07551],[-73.51521,-43.0754],[-73.51541,-43.07532],[-73.51548,-43.0753],[-73.51554,-43.07525],[-73.51567,-43.07518],[-73.515697,-43.075161],[-73.51886,-43.074514],[-73.522818,-43.077874],[-73.528699,-43.076671],[-73.532658,-43.08003],[-73.530735,-43.084593],[-73.534694,-43.087952]]]},"properties":{"comuna":"Quellón","mancha_id":"10208-88ceacd041fffff","clase":"Bajo","nivel_medio":1.195,"nivel_medio_min":0.911,"nivel_medio_max":1.48,"pct_alto":1.0,"n_hexagonos":6,"area_ha":351.64}},{"type":"Feature","geometry":{"type":"Polygon","coordinates":[[[-73.54419,-43.052653],[-73.55007,-43.051448],[-73.552355,-43.053387],[-73.55195,-43.05378],[-73.55141,-43.05414],[-73.55058,-43.05482],[-73.55042,-43.05499],[-73.55032,-43.0552],[-73.55025,-43.05551],[-73.55025,-43.05572],[-73.55006,-43.056],[-73.5498,-43.05616],[-73.54905,-43.0568],[-73.5478,-43.05831],[-73.54712,-43.05929],[-73.54689,-43.06021],[-73.546843,-43.060448],[-73.546227,-43.060574],[-73.542269,-43.057216],[-73.54419,-43.052653]]]},"properties":{"comuna":"Quellón","mancha_id":"10208-88ceacd015fffff","clase":"Bajo","nivel_medio":1.396,"nivel_medio_min":1.396,"nivel_medio_max":1.396,"pct_alto":1.5,"n_hexagonos":1,"area_ha":44.63}},{"type":"Feature","geometry":{"type":"Polygon","coordinates":[[[-73.532432,-43.055062],[-73.536389,-43.05842],[-73.534814,-43.062158],[-73.53343,-43.06209],[-73.53329,-43.06207],[-73.53318,-43.062],[-73.53297,-43.06185],[-73.53292,-43.06122],[-73.53248,-43.06122],[-73.5316,-43.06129],[-73.53133,-43.06127],[-73.53076,-43.06124],[-73.53047,-43.06125],[-73.53025,-43.06128],[-73.52992,-43.06111],[-73.5293,-43.061],[-73.52898,-43.06114],[-73.5285,-43.06124],[-73.52782,-43.06198],[-73.52781,-43.06246],[-73.52796,-43.06326],[-73.52796,-43.06351],[-73.527937,-43.063635],[-73.52463,-43.060828],[-73.518751,-43.062031],[-73.514795,-43.058672],[-73.516718,-43.054111],[-73.513756,-43.051595],[-73.51452,-43.0509],[-73.51631,-43.04987],[-73.51853,-43.04874],[-73.52038,-43.04799],[-73.52121,-43.04755],[-73.52178,-43.04711],[-73.52216,-43.04645],[-73.522193,-43.046371],[-73.524519,-43.048345],[-73.522596,-43.052907],[-73.526553,-43.056266],[-73.532432,-43.055062]]]},"properties":{"comuna":"Quellón","mancha_id":"10208-88ceacd007fffff","clase":"Bajo","nivel_medio":1.371,"nivel_medio_min":1.188,"nivel_medio_max":1.495,"pct_alto":1.1,"n_hexagonos":3,"area_ha":159.84}},{"type":"Feature","geometry":{"type":"Polygon","coordinates":[[[-73.711432,-42.909722],[-73.709526,-42.91429],[-73.713492,-42.91764],[-73.711587,-42.922209],[-73.705715,-42.923426],[-73.701749,-42.920076],[-73.695878,-42.921293],[-73.691914,-42.917943],[-73.69382,-42.913375],[-73.699691,-42.912158],[-73.701596,-42.907591],[-73.707466,-42.906373],[-73.711432,-42.909722]]]},"properties":{"comuna":"Quellón","mancha_id":"10208-88ceacc759fffff","clase":"Bajo","nivel_medio":1.38,"nivel_medio_min":1.208,"nivel_medio_max":1.476,"pct_alto":1.2,"n_hexagonos":3,"area_ha":199.98}},{"type":"Feature","geometry":{"type":"Polygon","coordinates":[[[-73.691763,-42.905458],[-73.689857,-42.910025],[-73.683987,-42.911242],[-73.680025,-42.907892],[-73.681932,-42.903325],[-73.687801,-42.902108],[-73.691763,-42.905458]]]},"properties":{"comuna":"Quellón","mancha_id":"10208-88ceacc743fffff","clase":"Bajo","nivel_medio":1.425,"nivel_medio_min":1.425,"nivel_medio_max":1.425,"pct_alto":0.0,"n_hexagonos":1,"area_ha":66.64}},{"type":"Feature","geometry":{"type":"Polygon","coordinates":[[[-73.697481,-42.891757],[-73.695575,-42.896324],[-73.689707,-42.897541],[-73.685745,-42.894192],[-73.687651,-42.889625],[-73.693518,-42.888408],[-73.697481,-42.891757]]]},"properties":{"comuna":"Quellón","mancha_id":"10208-88ceacc70bfffff","clase":"Bajo","nivel_medio":1.409,"nivel_medio_min":1.409,"nivel_medio_max":1.409,"pct_alto":3.8,"n_hexagonos":1,"area_ha":66.63}},{"type":"Feature","geometry":{"type":"Polygon","coordinates":[[[-73.61656,-42.94117],[-73.616353,-42.940548],[-73.61765,-42.941647],[-73.617524,-42.941948],[-73.61712,-42.9417],[-73.61656,-42.94117]]]},"properties":{"comuna":"Quellón","mancha_id":"10208-88ceacc2ebfffff","clase":"Bajo","nivel_medio":1.345,"nivel_medio_min":1.345,"nivel_medio_max":1.345,"pct_alto":2.3,"n_hexagonos":1,"area_ha":0.47}},{"type":"Feature","geometry":{"type":"Polygon","coordinates":[[[-73.61686,-42.943531],[-73.615737,-42.946212],[-73.609867,-42.947423],[-73.608052,-42.945885],[-73.60863,-42.94546],[-73.60889,-42.94511],[-73.60886,-42.94478],[-73.60838,-42.9445],[-73.60834,-42.9442],[-73.60848,-42.94406],[-73.60864,-42.94368],[-73.60864,-42.94355],[-73.60859,-42.94348],[-73.60835,-42.94349],[-73.60821,-42.94364],[-73.60768,-42.94495],[-73.60754,-42.94517],[-73.60743,-42.94519],[-73.60734,-42.94515],[-73.60711,-42.94486],[-73.60706,-42.94444],[-73.60717,-42.94412],[-73.60745,-42.9437],[-73.60804,-42.94325],[-73.61007,-42.9423],[-73.61058,-42.94213],[-73.61134,-42.94203],[-73.61274,-42.94232],[-73.61316,-42.94229],[-73.61341,-42.94231],[-73.61568,-42.94323],[-73.61643,-42.94348],[-73.61686,-42.943531]]]},"properties":{"comuna":"Quellón","mancha_id":"10208-88ceacc2ebfffff-2","clase":"Bajo","nivel_medio":1.345,"nivel_medio_min":1.345,"nivel_medio_max":1.345,"pct_alto":2.3,"n_hexagonos":1,"area_ha":31.12}},{"type":"Feature","geometry":{"type":"Polygon","coordinates":[[[-73.615004,-42.933221],[-73.615605,-42.93373],[-73.615085,-42.934972],[-73.61503,-42.93488],[-73.61451,-42.9344],[-73.61444,-42.9342],[-73.61455,-42.93381],[-73.61471,-42.93353],[-73.615004,-42.933221]]]},"properties":{"comuna":"Quellón","mancha_id":"10208-88ceacc2e3fffff","clase":"Bajo","nivel_medio":1.091,"nivel_medio_min":1.091,"nivel_medio_max":1.091,"pct_alto":0.0,"n_hexagonos":1,"area_ha":1.03}},{"type":"Feature","geometry":{"type":"Polygon","coordinates":[[[-73.61742,-42.9166],[-73.617384,-42.916686],[-73.617217,-42.91672],[-73.61724,-42.9167],[-73.61742,-42.9166]]]},"properties":{"comuna":"Quellón","mancha_id":"10208-88ceacc2a3fffff","clase":"Bajo","nivel_medio":0.999,"nivel_medio_min":0.999,"nivel_medio_max":0.999,"pct_alto":0.0,"n_hexagonos":1,"area_ha":0.01}},{"type":"Feature","geometry":{"type":"Polygon","coordinates":[[[-73.666379,-42.91489],[-73.66447,-42.919456],[-73.668432,-42.922807],[-73.666523,-42.927373],[-73.660653,-42.928588],[-73.656692,-42.925237],[-73.658601,-42.920671],[-73.654641,-42.91732],[-73.648772,-42.918535],[-73.644813,-42.915184],[-73.646722,-42.910618],[-73.65259,-42.909404],[-73.654499,-42.904838],[-73.660367,-42.903623],[-73.662275,-42.899057],[-73.668142,-42.897841],[-73.672102,-42.901191],[-73.670195,-42.905758],[-73.664326,-42.906973],[-73.662418,-42.911539],[-73.666379,-42.91489]]]},"properties":{"comuna":"Quellón","mancha_id":"10208-88ceacc293fffff","clase":"Bajo","nivel_medio":1.413,"nivel_medio_min":1.337,"nivel_medio_max":1.492,"pct_alto":3.8,"n_hexagonos":5,"area_ha":333.05}},{"type":"Feature","geometry":{"type":"Polygon","coordinates":[[[-73.571058,-42.988771],[-73.575015,-42.992126],[-73.580889,-42.990918],[-73.584847,-42.994273],[-73.590721,-42.993064],[-73.592637,-42.9885],[-73.598511,-42.987291],[-73.600427,-42.982726],[-73.596468,-42.979372],[-73.598383,-42.974808],[-73.604256,-42.973598],[-73.608215,-42.976952],[-73.606301,-42.981516],[-73.610261,-42.984871],[-73.616135,-42.98366],[-73.620096,-42.987014],[-73.625972,-42.985803],[-73.627885,-42.981238],[-73.63376,-42.980026],[-73.637723,-42.98338],[-73.643598,-42.982168],[-73.647562,-42.985522],[-73.653439,-42.984309],[-73.657404,-42.987663],[-73.655492,-42.99223],[-73.649615,-42.993442],[-73.647703,-42.998009],[-73.651668,-43.001363],[-73.649756,-43.00593],[-73.643877,-43.007142],[-73.641964,-43.011708],[-73.636085,-43.012919],[-73.634171,-43.017486],[-73.628292,-43.018696],[-73.624328,-43.015341],[-73.618449,-43.016551],[-73.616534,-43.021117],[-73.620498,-43.024472],[-73.626377,-43.023262],[-73.630342,-43.026618],[-73.628428,-43.031184],[-73.622547,-43.032394],[-73.618582,-43.029038],[-73.612703,-43.030247],[-73.610786,-43.034813],[-73.604906,-43.036022],[-73.600943,-43.032665],[-73.595064,-43.033874],[-73.591102,-43.030517],[-73.593019,-43.025953],[-73.589058,-43.022596],[-73.590975,-43.018032],[-73.587015,-43.014676],[-73.581138,-43.015884],[-73.577179,-43.012528],[-73.571302,-43.013736],[-73.567345,-43.01038],[-73.561469,-43.011587],[-73.557512,-43.00823],[-73.559431,-43.003668],[-73.565306,-43.00246],[-73.567223,-42.997897],[-73.563267,-42.994542],[-73.565185,-42.989979],[-73.571058,-42.988771]]]},"properties":{"comuna":"Quellón","mancha_id":"10208-88ceacc241fffff","clase":"Bajo","nivel_medio":1.225,"nivel_medio_min":1.0,"nivel_medio_max":1.498,"pct_alto":1.7,"n_hexagonos":42,"area_ha":2797.34}},{"type":"Feature","geometry":{"type":"Polygon","coordinates":[[[-73.591826,-42.956877],[-73.59121,-42.95642],[-73.591174,-42.956325],[-73.591826,-42.956877]]]},"properties":{"comuna":"Quellón","mancha_id":"10208-88ceacc215fffff","clase":"Bajo","nivel_medio":1.228,"nivel_medio_min":1.228,"nivel_medio_max":1.228,"pct_alto":2.9,"n_hexagonos":1,"area_ha":0.02}},{"type":"Feature","geometry":{"type":"Polygon","coordinates":[[[-73.594298,-42.958972],[-73.600169,-42.957762],[-73.602083,-42.953198],[-73.607953,-42.951987],[-73.611911,-42.95534],[-73.617783,-42.954129],[-73.621742,-42.957482],[-73.627614,-42.95627],[-73.631574,-42.959623],[-73.637447,-42.958411],[-73.639359,-42.953845],[-73.645231,-42.952632],[-73.649193,-42.955985],[-73.655066,-42.954771],[-73.659029,-42.958123],[-73.657119,-42.96269],[-73.661083,-42.966043],[-73.659172,-42.970609],[-73.653297,-42.971823],[-73.649334,-42.96847],[-73.643459,-42.969682],[-73.641547,-42.974248],[-73.635673,-42.975461],[-73.631711,-42.972107],[-73.625837,-42.973319],[-73.623923,-42.977884],[-73.618049,-42.979095],[-73.614089,-42.975741],[-73.616002,-42.971176],[-73.612043,-42.967823],[-73.613957,-42.963258],[-73.609998,-42.959905],[-73.604126,-42.961116],[-73.60265,-42.964634],[-73.60259,-42.96453],[-73.60254,-42.96429],[-73.60265,-42.96324],[-73.60264,-42.96299],[-73.60289,-42.96246],[-73.60293,-42.96219],[-73.6026,-42.96172],[-73.60221,-42.96131],[-73.60092,-42.96016],[-73.60035,-42.95983],[-73.59978,-42.95965],[-73.59882,-42.95943],[-73.59822,-42.95939],[-73.5978,-42.95943],[-73.59737,-42.95954],[-73.59613,-42.96004],[-73.59524,-42.96026],[-73.59483,-42.96026],[-73.59446,-42.96019],[-73.59398,-42.95993],[-73.593915,-42.959885],[-73.59286,-42.95915],[-73.5923,-42.95829],[-73.59227,-42.95738],[-73.591884,-42.956927],[-73.594298,-42.958972]]]},"properties":{"comuna":"Quellón","mancha_id":"10208-88ceacc211fffff","clase":"Bajo","nivel_medio":1.241,"nivel_medio_min":1.01,"nivel_medio_max":1.494,"pct_alto":3.1,"n_hexagonos":14,"area_ha":816.33}},{"type":"Feature","geometry":{"type":"Polygon","coordinates":[[[-73.60059,-42.96551],[-73.60142,-42.96554],[-73.601951,-42.965734],[-73.600156,-42.966103],[-73.60012,-42.96594],[-73.60033,-42.96566],[-73.60059,-42.96551]]]},"properties":{"comuna":"Quellón","mancha_id":"10208-88ceacc211fffff-2","clase":"Bajo","nivel_medio":1.423,"nivel_medio_min":1.423,"nivel_medio_max":1.423,"pct_alto":10.6,"n_hexagonos":1,"area_ha":0.54}},{"type":"Feature","geometry":{"type":"Polygon","coordinates":[[[-73.907974,-43.161535],[-73.906072,-43.166115],[-73.900165,-43.167337],[-73.89616,-43.16398],[-73.898062,-43.159401],[-73.903968,-43.158178],[-73.907974,-43.161535]]]},"properties":{"comuna":"Quellón","mancha_id":"10208-88ceac9a59fffff","clase":"Bajo","nivel_medio":1.406,"nivel_medio_min":1.406,"nivel_medio_max":1.406,"pct_alto":0.0,"n_hexagonos":1,"area_ha":67.01}},{"type":"Feature","geometry":{"type":"Polygon","coordinates":[[[-73.907365,-43.123991],[-73.905465,-43.128571],[-73.899562,-43.129794],[-73.89556,-43.126439],[-73.897461,-43.12186],[-73.903363,-43.120636],[-73.907365,-43.123991]]]},"properties":{"comuna":"Quellón","mancha_id":"10208-88ceac9a17fffff","clase":"Bajo","nivel_medio":1.427,"nivel_medio_min":1.427,"nivel_medio_max":1.427,"pct_alto":0.0,"n_hexagonos":1,"area_ha":66.99}},{"type":"Feature","geometry":{"type":"Polygon","coordinates":[[[-73.883952,-43.141397],[-73.88205,-43.145975],[-73.876146,-43.147197],[-73.874243,-43.151775],[-73.868338,-43.152996],[-73.864338,-43.149639],[-73.866242,-43.145061],[-73.872145,-43.14384],[-73.874048,-43.139262],[-73.879951,-43.138041],[-73.883952,-43.141397]]]},"properties":{"comuna":"Quellón","mancha_id":"10208-88ceac9a01fffff","clase":"Bajo","nivel_medio":1.269,"nivel_medio_min":1.264,"nivel_medio_max":1.274,"pct_alto":0.0,"n_hexagonos":2,"area_ha":133.95}},{"type":"Feature","geometry":{"type":"Polygon","coordinates":[[[-73.941729,-43.054076],[-73.945731,-43.057427],[-73.951628,-43.056199],[-73.95563,-43.059551],[-73.953736,-43.064131],[-73.947838,-43.065359],[-73.943835,-43.062007],[-73.937938,-43.063235],[-73.933937,-43.059883],[-73.935833,-43.055303],[-73.931833,-43.051951],[-73.933728,-43.047372],[-73.939624,-43.046144],[-73.943624,-43.049496],[-73.941729,-43.054076]]]},"properties":{"comuna":"Quellón","mancha_id":"10208-88ceac98d1fffff","clase":"Bajo","nivel_medio":1.351,"nivel_medio_min":1.156,"nivel_medio_max":1.469,"pct_alto":0.7,"n_hexagonos":3,"area_ha":201.01}},{"type":"Feature","geometry":{"type":"Polygon","coordinates":[[[-73.891161,-43.098061],[-73.889261,-43.102639],[-73.883361,-43.103862],[-73.879363,-43.100507],[-73.881264,-43.09593],[-73.887162,-43.094706],[-73.891161,-43.098061]]]},"properties":{"comuna":"Quellón","mancha_id":"10208-88ceac9851fffff","clase":"Bajo","nivel_medio":1.226,"nivel_medio_min":1.226,"nivel_medio_max":1.226,"pct_alto":0.0,"n_hexagonos":1,"area_ha":66.96}},{"type":"Feature","geometry":{"type":"Polygon","coordinates":[[[-73.87556,-43.109662],[-73.873659,-43.11424],[-73.867759,-43.115462],[-73.863761,-43.112107],[-73.865663,-43.107529],[-73.871563,-43.106307],[-73.87556,-43.109662]]]},"properties":{"comuna":"Quellón","mancha_id":"10208-88ceac984bfffff","clase":"Bajo","nivel_medio":1.469,"nivel_medio_min":1.469,"nivel_medio_max":1.469,"pct_alto":0.0,"n_hexagonos":1,"area_ha":66.95}},{"type":"Feature","geometry":{"type":"Polygon","coordinates":[[[-73.904657,-43.078523],[-73.902758,-43.083102],[-73.89686,-43.084326],[-73.892862,-43.080973],[-73.894761,-43.076395],[-73.900658,-43.07517],[-73.904657,-43.078523]]]},"properties":{"comuna":"Quellón","mancha_id":"10208-88ceac981bfffff","clase":"Bajo","nivel_medio":1.268,"nivel_medio_min":1.268,"nivel_medio_max":1.268,"pct_alto":0.0,"n_hexagonos":1,"area_ha":66.97}},{"type":"Feature","geometry":{"type":"Polygon","coordinates":[[[-74.25796,-43.03847],[-74.25787,-43.03858],[-74.25774,-43.03862],[-74.25766,-43.0386],[-74.25758,-43.03853],[-74.25758,-43.03845],[-74.25764,-43.03835],[-74.25768,-43.03821],[-74.257646,-43.038078],[-74.2577,-43.03806],[-74.2578,-43.03807],[-74.25788,-43.03811],[-74.25798,-43.03821],[-74.25799,-43.03833],[-74.25796,-43.03847]]]},"properties":{"comuna":"Quellón","mancha_id":"10208-88ceac94b3fffff","clase":"Bajo","nivel_medio":1.197,"nivel_medio_min":1.197,"nivel_medio_max":1.197,"pct_alto":4.0,"n_hexagonos":1,"area_ha":0.15}},{"type":"Feature","geometry":{"type":"Polygon","coordinates":[[[-74.26859,-43.05137],[-74.26847,-43.05148],[-74.26829,-43.05151],[-74.26822,-43.05147],[-74.26816,-43.05144],[-74.26814,-43.05126],[-74.26826,-43.05092],[-74.26837,-43.05087],[-74.2685,-43.05089],[-74.26864,-43.05101],[-74.26868,-43.05125],[-74.26859,-43.05137]]]},"properties":{"comuna":"Quellón","mancha_id":"10208-88ceac9495fffff","clase":"Bajo","nivel_medio":1.454,"nivel_medio_min":1.454,"nivel_medio_max":1.454,"pct_alto":2.9,"n_hexagonos":1,"area_ha":0.23}},{"type":"Feature","geometry":{"type":"Polygon","coordinates":[[[-73.940462,-43.213431],[-73.938561,-43.218013],[-73.932646,-43.219236],[-73.928634,-43.215877],[-73.930536,-43.211296],[-73.936449,-43.210073],[-73.940462,-43.213431]]]},"properties":{"comuna":"Quellón","mancha_id":"10208-88ceac9367fffff","clase":"Bajo","nivel_medio":1.472,"nivel_medio_min":1.472,"nivel_medio_max":1.472,"pct_alto":0.0,"n_hexagonos":1,"area_ha":67.08}},{"type":"Feature","geometry":{"type":"Polygon","coordinates":[[[-74.106601,-43.204087],[-74.104711,-43.208675],[-74.098791,-43.209908],[-74.094762,-43.206553],[-74.096652,-43.201965],[-74.102571,-43.200732],[-74.106601,-43.204087]]]},"properties":{"comuna":"Quellón","mancha_id":"10208-88ceac92ddfffff","clase":"Bajo","nivel_medio":1.302,"nivel_medio_min":1.302,"nivel_medio_max":1.302,"pct_alto":0.0,"n_hexagonos":1,"area_ha":67.26}},{"type":"Feature","geometry":{"type":"Polygon","coordinates":[[[-74.093771,-43.156435],[-74.091882,-43.161022],[-74.085967,-43.162255],[-74.081943,-43.158902],[-74.083833,-43.154315],[-74.089746,-43.153081],[-74.093771,-43.156435]]]},"properties":{"comuna":"Quellón","mancha_id":"10208-88ceac92b7fffff","clase":"Bajo","nivel_medio":1.473,"nivel_medio_min":1.473,"nivel_medio_max":1.473,"pct_alto":0.0,"n_hexagonos":1,"area_ha":67.22}},{"type":"Feature","geometry":{"type":"Polygon","coordinates":[[[-74.041253,-43.205104],[-74.039359,-43.209689],[-74.033441,-43.210919],[-74.029418,-43.207562],[-74.031313,-43.202977],[-74.03723,-43.201748],[-74.041253,-43.205104]]]},"properties":{"comuna":"Quellón","mancha_id":"10208-88ceac9231fffff","clase":"Bajo","nivel_medio":1.37,"nivel_medio_min":1.37,"nivel_medio_max":1.37,"pct_alto":0.0,"n_hexagonos":1,"area_ha":67.19}},{"type":"Feature","geometry":{"type":"Polygon","coordinates":[[[-74.007874,-43.220416],[-74.005977,-43.225001],[-74.000059,-43.226228],[-73.996039,-43.22287],[-73.997936,-43.218286],[-74.003854,-43.217059],[-74.007874,-43.220416]]]},"properties":{"comuna":"Quellón","mancha_id":"10208-88ceac922dfffff","clase":"Bajo","nivel_medio":1.44,"nivel_medio_min":1.44,"nivel_medio_max":1.44,"pct_alto":0.0,"n_hexagonos":1,"area_ha":67.16}},{"type":"Feature","geometry":{"type":"Polygon","coordinates":[[[-74.027755,-43.224675],[-74.025859,-43.22926],[-74.01994,-43.230488],[-74.018043,-43.235073],[-74.022067,-43.238431],[-74.02017,-43.243016],[-74.014249,-43.244244],[-74.010226,-43.240886],[-74.012123,-43.236301],[-74.008101,-43.232943],[-74.009998,-43.228358],[-74.015917,-43.227131],[-74.017814,-43.222546],[-74.023732,-43.221318],[-74.027755,-43.224675]]]},"properties":{"comuna":"Quellón","mancha_id":"10208-88ceac9205fffff","clase":"Bajo","nivel_medio":1.402,"nivel_medio_min":1.32,"nivel_medio_max":1.459,"pct_alto":0.0,"n_hexagonos":3,"area_ha":201.54}},{"type":"Feature","geometry":{"type":"Polygon","coordinates":[[[-74.004393,-43.137336],[-74.002499,-43.141919],[-73.99659,-43.143148],[-73.992577,-43.139793],[-73.986669,-43.141022],[-73.982656,-43.137667],[-73.984552,-43.133085],[-73.990459,-43.131856],[-73.994472,-43.135211],[-74.000379,-43.133982],[-74.002273,-43.129399],[-74.008181,-43.128169],[-74.012195,-43.131523],[-74.018103,-43.130293],[-74.022118,-43.133646],[-74.020225,-43.13823],[-74.014316,-43.13946],[-74.010301,-43.136106],[-74.004393,-43.137336]]]},"properties":{"comuna":"Quellón","mancha_id":"10208-88ceac91c1fffff","clase":"Bajo","nivel_medio":1.19,"nivel_medio_min":0.712,"nivel_medio_max":1.381,"pct_alto":0.0,"n_hexagonos":4,"area_ha":268.45}},{"type":"Feature","geometry":{"type":"Polygon","coordinates":[[[-73.93561,-43.159996],[-73.933711,-43.164577],[-73.927802,-43.165801],[-73.923795,-43.162445],[-73.925695,-43.157864],[-73.931602,-43.15664],[-73.93561,-43.159996]]]},"properties":{"comuna":"Quellón","mancha_id":"10208-88ceac9163fffff","clase":"Bajo","nivel_medio":1.435,"nivel_medio_min":1.435,"nivel_medio_max":1.435,"pct_alto":0.0,"n_hexagonos":1,"area_ha":67.04}},{"type":"Feature","geometry":{"type":"Polygon","coordinates":[[[-73.931394,-43.144123],[-73.929494,-43.148704],[-73.923588,-43.149928],[-73.921688,-43.154508],[-73.915781,-43.155732],[-73.911776,-43.152376],[-73.90587,-43.153599],[-73.901865,-43.150243],[-73.89596,-43.151466],[-73.891957,-43.148109],[-73.893858,-43.14353],[-73.899763,-43.142308],[-73.901664,-43.137729],[-73.907568,-43.136505],[-73.911572,-43.139861],[-73.909671,-43.14444],[-73.913676,-43.147796],[-73.919582,-43.146572],[-73.921482,-43.141992],[-73.927387,-43.140768],[-73.929286,-43.136188],[-73.935191,-43.134963],[-73.93709,-43.130382],[-73.933084,-43.127027],[-73.92718,-43.128253],[-73.923175,-43.124898],[-73.917272,-43.126122],[-73.913268,-43.122767],[-73.915167,-43.118188],[-73.92107,-43.116963],[-73.922969,-43.112384],[-73.918965,-43.109029],[-73.920864,-43.10445],[-73.926765,-43.103225],[-73.930769,-43.106579],[-73.93667,-43.105353],[-73.940675,-43.108707],[-73.946578,-43.10748],[-73.950584,-43.110834],[-73.948687,-43.115415],[-73.952694,-43.118769],[-73.958598,-43.117542],[-73.962606,-43.120896],[-73.968511,-43.119668],[-73.97252,-43.123022],[-73.970624,-43.127604],[-73.974634,-43.130959],[-73.972738,-43.13554],[-73.966832,-43.136768],[-73.964935,-43.141349],[-73.959028,-43.142576],[-73.95713,-43.147158],[-73.951223,-43.148384],[-73.947214,-43.145028],[-73.949112,-43.140447],[-73.955018,-43.139221],[-73.956916,-43.13464],[-73.952907,-43.131285],[-73.954804,-43.126704],[-73.950797,-43.12335],[-73.944892,-43.124576],[-73.942995,-43.129157],[-73.947002,-43.132511],[-73.945104,-43.137092],[-73.939198,-43.138318],[-73.9373,-43.142898],[-73.931394,-43.144123]]]},"properties":{"comuna":"Quellón","mancha_id":"10208-88ceac9121fffff","clase":"Bajo","nivel_medio":1.089,"nivel_medio_min":0.579,"nivel_medio_max":1.496,"pct_alto":0.3,"n_hexagonos":22,"area_ha":1474.77}},{"type":"Feature","geometry":{"type":"Polygon","coordinates":[[[-73.963254,-43.15845],[-73.961356,-43.163032],[-73.955447,-43.164258],[-73.951436,-43.160902],[-73.953335,-43.15632],[-73.959243,-43.155094],[-73.963254,-43.15845]]]},"properties":{"comuna":"Quellón","mancha_id":"10208-88ceac910bfffff","clase":"Bajo","nivel_medio":1.457,"nivel_medio_min":1.457,"nivel_medio_max":1.457,"pct_alto":0.0,"n_hexagonos":1,"area_ha":67.07}},{"type":"Feature","geometry":{"type":"Polygon","coordinates":[[[-74.045518,-43.116199],[-74.043627,-43.120784],[-74.037719,-43.122016],[-74.033703,-43.118663],[-74.035594,-43.114079],[-74.041501,-43.112847],[-74.045518,-43.116199]]]},"properties":{"comuna":"Quellón","mancha_id":"10208-88ceac90a5fffff","clase":"Bajo","nivel_medio":1.224,"nivel_medio_min":1.224,"nivel_medio_max":1.224,"pct_alto":0.0,"n_hexagonos":1,"area_ha":67.14}},{"type":"Feature","geometry":{"type":"Polygon","coordinates":[[[-74.029186,-43.195036],[-74.027291,-43.199621],[-74.021375,-43.20085],[-74.017355,-43.197493],[-74.01925,-43.192909],[-74.025165,-43.19168],[-74.029186,-43.195036]]]},"properties":{"comuna":"Quellón","mancha_id":"10208-88ceac904bfffff","clase":"Bajo","nivel_medio":1.433,"nivel_medio_min":1.433,"nivel_medio_max":1.433,"pct_alto":0.0,"n_hexagonos":1,"area_ha":67.17}},{"type":"Feature","geometry":{"type":"Polygon","coordinates":[[[-74.009316,-43.190781],[-74.00742,-43.195365],[-74.001505,-43.196593],[-73.997487,-43.193237],[-73.991573,-43.194464],[-73.989676,-43.199047],[-73.983761,-43.200274],[-73.979745,-43.196917],[-73.981643,-43.192334],[-73.977627,-43.188977],[-73.971714,-43.190203],[-73.9677,-43.186847],[-73.969598,-43.182264],[-73.97551,-43.181038],[-73.979525,-43.184394],[-73.985437,-43.183168],[-73.989453,-43.186524],[-73.995367,-43.185297],[-73.999384,-43.188653],[-74.005298,-43.187425],[-74.009316,-43.190781]]]},"properties":{"comuna":"Quellón","mancha_id":"10208-88ceac9045fffff","clase":"Bajo","nivel_medio":1.403,"nivel_medio_min":1.215,"nivel_medio_max":1.49,"pct_alto":0.0,"n_hexagonos":5,"area_ha":335.62}},{"type":"Feature","geometry":{"type":"Polygon","coordinates":[[[-74.052137,-43.152538],[-74.056158,-43.155892],[-74.062071,-43.15466],[-74.063961,-43.150074],[-74.05994,-43.14672],[-74.061831,-43.142134],[-74.067742,-43.140902],[-74.071764,-43.144255],[-74.069874,-43.148841],[-74.073896,-43.152195],[-74.072006,-43.156781],[-74.076029,-43.160135],[-74.074139,-43.164721],[-74.068225,-43.165954],[-74.064202,-43.1626],[-74.058288,-43.163831],[-74.054267,-43.160477],[-74.048354,-43.161709],[-74.044333,-43.158354],[-74.046225,-43.153769],[-74.042206,-43.150415],[-74.044098,-43.14583],[-74.050009,-43.144599],[-74.054029,-43.147952],[-74.052137,-43.152538]]]},"properties":{"comuna":"Quellón","mancha_id":"10208-88ceac9013fffff","clase":"Bajo","nivel_medio":1.427,"nivel_medio_min":1.369,"nivel_medio_max":1.446,"pct_alto":0.0,"n_hexagonos":6,"area_ha":403.11}},{"type":"Feature","geometry":{"type":"Polygon","coordinates":[[[-74.024934,-43.179155],[-74.02304,-43.183739],[-74.017126,-43.184968],[-74.013107,-43.181613],[-74.015002,-43.177028],[-74.020915,-43.175799],[-74.024934,-43.179155]]]},"properties":{"comuna":"Quellón","mancha_id":"10208-88ceac9009fffff","clase":"Bajo","nivel_medio":0.885,"nivel_medio_min":0.885,"nivel_medio_max":0.885,"pct_alto":0.0,"n_hexagonos":1,"area_ha":67.15}},{"type":"Feature","geometry":{"type":"Polygon","coordinates":[[[-74.012879,-43.169089],[-74.010984,-43.173673],[-74.005071,-43.174901],[-74.001054,-43.171546],[-73.995143,-43.172774],[-73.991127,-43.169418],[-73.985216,-43.170646],[-73.981202,-43.16729],[-73.975291,-43.168517],[-73.973394,-43.1731],[-73.967483,-43.174326],[-73.96347,-43.17097],[-73.965368,-43.166388],[-73.971278,-43.165161],[-73.973175,-43.160579],[-73.979085,-43.159352],[-73.983098,-43.162707],[-73.989008,-43.16148],[-73.990904,-43.156897],[-73.996814,-43.155669],[-74.000829,-43.159024],[-73.998934,-43.163607],[-74.00295,-43.166962],[-74.008861,-43.165734],[-74.012879,-43.169089]]]},"properties":{"comuna":"Quellón","mancha_id":"10208-88ceac9005fffff","clase":"Bajo","nivel_medio":1.272,"nivel_medio_min":1.084,"nivel_medio_max":1.479,"pct_alto":0.0,"n_hexagonos":6,"area_ha":402.68}},{"type":"Feature","geometry":{"type":"Polygon","coordinates":[[[-74.003053,-42.827235],[-74.002769,-42.827925],[-74.002078,-42.828071],[-74.002074,-42.827972],[-74.002165,-42.827737],[-74.002406,-42.827505],[-74.00278,-42.82728],[-74.003053,-42.827235]]]},"properties":{"comuna":"Quellón","mancha_id":"10208-88ceac8d37fffff","clase":"Bajo","nivel_medio":1.433,"nivel_medio_min":1.433,"nivel_medio_max":1.433,"pct_alto":0.0,"n_hexagonos":1,"area_ha":0.38}},{"type":"Feature","geometry":{"type":"Polygon","coordinates":[[[-73.910623,-42.960162],[-73.908729,-42.964739],[-73.902844,-42.965967],[-73.898854,-42.962618],[-73.900749,-42.958041],[-73.906633,-42.956813],[-73.910623,-42.960162]]]},"properties":{"comuna":"Quellón","mancha_id":"10208-88ceac8a37fffff","clase":"Bajo","nivel_medio":1.384,"nivel_medio_min":1.384,"nivel_medio_max":1.384,"pct_alto":0.0,"n_hexagonos":1,"area_ha":66.91}},{"type":"Feature","geometry":{"type":"Polygon","coordinates":[[[-73.944463,-42.982374],[-73.94257,-42.986953],[-73.936682,-42.988182],[-73.932686,-42.984833],[-73.93458,-42.980255],[-73.940468,-42.979025],[-73.944463,-42.982374]]]},"properties":{"comuna":"Quellón","mancha_id":"10208-88ceac8a1bfffff","clase":"Bajo","nivel_medio":1.472,"nivel_medio_min":1.472,"nivel_medio_max":1.472,"pct_alto":0.0,"n_hexagonos":1,"area_ha":66.96}},{"type":"Feature","geometry":{"type":"Polygon","coordinates":[[[-74.228803,-43.02632],[-74.228697,-43.026435],[-74.228627,-43.02646],[-74.22833,-43.02644],[-74.228243,-43.026427],[-74.22819,-43.026398],[-74.22818,-43.02632],[-74.228221,-43.026255],[-74.228335,-43.026195],[-74.22841,-43.02617],[-74.228505,-43.026161],[-74.22856,-43.02615],[-74.228615,-43.026164],[-74.228723,-43.02618],[-74.22879,-43.026237],[-74.228803,-43.02632]]]},"properties":{"comuna":"Quellón","mancha_id":"10208-88ceac8647fffff","clase":"Bajo","nivel_medio":0.502,"nivel_medio_min":0.502,"nivel_medio_max":0.502,"pct_alto":0.0,"n_hexagonos":1,"area_ha":0.13}},{"type":"Feature","geometry":{"type":"Polygon","coordinates":[[[-74.22874,-43.02904],[-74.2286,-43.029055],[-74.22853,-43.02906],[-74.22846,-43.02905],[-74.22822,-43.029017],[-74.228165,-43.028963],[-74.228162,-43.028858],[-74.2282,-43.02881],[-74.22827,-43.02879],[-74.228685,-43.028695],[-74.228774,-43.028656],[-74.22883,-43.02865],[-74.228897,-43.028684],[-74.228947,-43.028783],[-74.228935,-43.02884],[-74.2289,-43.02892],[-74.228855,-43.028975],[-74.228793,-43.02902],[-74.22874,-43.02904]]]},"properties":{"comuna":"Quellón","mancha_id":"10208-88ceac8641fffff","clase":"Bajo","nivel_medio":1.231,"nivel_medio_min":1.231,"nivel_medio_max":1.231,"pct_alto":14.5,"n_hexagonos":1,"area_ha":0.2}},{"type":"Feature","geometry":{"type":"Polygon","coordinates":[[[-74.24464,-43.00644],[-74.24456,-43.00658],[-74.24437,-43.00673],[-74.24388,-43.00673],[-74.24378,-43.00669],[-74.2437,-43.00661],[-74.24364,-43.00642],[-74.24364,-43.00621],[-74.24391,-43.00597],[-74.2441,-43.00592],[-74.24425,-43.00593],[-74.24448,-43.00604],[-74.2446,-43.00623],[-74.24464,-43.00644]]]},"properties":{"comuna":"Quellón","mancha_id":"10208-88ceac8603fffff","clase":"Bajo","nivel_medio":1.033,"nivel_medio_min":1.033,"nivel_medio_max":1.033,"pct_alto":0.0,"n_hexagonos":1,"area_ha":0.59}},{"type":"Feature","geometry":{"type":"Polygon","coordinates":[[[-73.973323,-43.055864],[-73.97143,-43.060445],[-73.965532,-43.061674],[-73.961528,-43.058322],[-73.963422,-43.053742],[-73.969319,-43.052513],[-73.973323,-43.055864]]]},"properties":{"comuna":"Quellón","mancha_id":"10208-88ceac8329fffff","clase":"Bajo","nivel_medio":1.398,"nivel_medio_min":1.398,"nivel_medio_max":1.398,"pct_alto":0.0,"n_hexagonos":1,"area_ha":67.03}},{"type":"Feature","geometry":{"type":"Polygon","coordinates":[[[-73.995248,-43.06804],[-73.993355,-43.072622],[-73.987455,-43.073852],[-73.983447,-43.0705],[-73.977548,-43.07173],[-73.973542,-43.068378],[-73.975435,-43.063797],[-73.981334,-43.062567],[-73.98534,-43.065918],[-73.99124,-43.064688],[-73.995248,-43.06804]]]},"properties":{"comuna":"Quellón","mancha_id":"10208-88ceac8309fffff","clase":"Bajo","nivel_medio":1.478,"nivel_medio_min":1.474,"nivel_medio_max":1.481,"pct_alto":0.2,"n_hexagonos":2,"area_ha":134.11}},{"type":"Feature","geometry":{"type":"Polygon","coordinates":[[[-74.146807,-43.040507],[-74.144925,-43.045095],[-74.139022,-43.046335],[-74.135,-43.042987],[-74.136882,-43.038399],[-74.142785,-43.037159],[-74.146807,-43.040507]]]},"properties":{"comuna":"Quellón","mancha_id":"10208-88ceac82d3fffff","clase":"Bajo","nivel_medio":1.48,"nivel_medio_min":1.48,"nivel_medio_max":1.48,"pct_alto":0.0,"n_hexagonos":1,"area_ha":67.21}},{"type":"Feature","geometry":{"type":"Polygon","coordinates":[[[-74.037018,-43.084454],[-74.035128,-43.089038],[-74.029224,-43.09027],[-74.027333,-43.094854],[-74.031346,-43.098206],[-74.037252,-43.096974],[-74.041267,-43.100326],[-74.039376,-43.10491],[-74.03347,-43.106142],[-74.031579,-43.110726],[-74.025672,-43.111957],[-74.02378,-43.116541],[-74.017874,-43.117772],[-74.015981,-43.122356],[-74.010074,-43.123586],[-74.006061,-43.120232],[-74.007954,-43.115649],[-74.01386,-43.114419],[-74.015752,-43.109836],[-74.01174,-43.106483],[-74.013632,-43.1019],[-74.00962,-43.098547],[-74.011512,-43.093964],[-74.007501,-43.090612],[-74.009393,-43.086029],[-74.015296,-43.084798],[-74.019307,-43.08815],[-74.025211,-43.086918],[-74.027102,-43.082335],[-74.033005,-43.081103],[-74.037018,-43.084454]]]},"properties":{"comuna":"Quellón","mancha_id":"10208-88ceac8261fffff","clase":"Bajo","nivel_medio":1.191,"nivel_medio_min":0.658,"nivel_medio_max":1.499,"pct_alto":0.0,"n_hexagonos":10,"area_ha":671.15}},{"type":"Feature","geometry":{"type":"Polygon","coordinates":[[[-74.074572,-43.084988],[-74.072684,-43.089574],[-74.066779,-43.090808],[-74.062762,-43.087457],[-74.06465,-43.082872],[-74.070555,-43.081637],[-74.074572,-43.084988]]]},"properties":{"comuna":"Quellón","mancha_id":"10208-88ceac8255fffff","clase":"Bajo","nivel_medio":1.478,"nivel_medio_min":1.478,"nivel_medio_max":1.478,"pct_alto":0.0,"n_hexagonos":1,"area_ha":67.16}},{"type":"Feature","geometry":{"type":"Polygon","coordinates":[[[-73.885943,-42.838108],[-73.885118,-42.840102],[-73.889098,-42.843446],[-73.887206,-42.84802],[-73.881335,-42.84925],[-73.879443,-42.853824],[-73.873572,-42.855054],[-73.872267,-42.853957],[-73.87493,-42.85378],[-73.87491,-42.846418],[-73.877356,-42.845906],[-73.878795,-42.842427],[-73.880164,-42.841803],[-73.88122,-42.841295],[-73.882168,-42.84072],[-73.88258,-42.84047],[-73.88392,-42.83957],[-73.88527,-42.83872],[-73.88559,-42.83836],[-73.885943,-42.838108]]]},"properties":{"comuna":"Quellón","mancha_id":"10208-88ceac1351fffff","clase":"Bajo","nivel_medio":1.165,"nivel_medio_min":0.593,"nivel_medio_max":1.315,"pct_alto":0.0,"n_hexagonos":3,"area_ha":107.12}},{"type":"Feature","geometry":{"type":"Polygon","coordinates":[[[-74.01037,-42.81988],[-74.010481,-42.822118],[-74.010315,-42.822153],[-74.0102,-42.821774],[-74.01008,-42.82113],[-74.01018,-42.82009],[-74.01037,-42.81988]]]},"properties":{"comuna":"Quellón","mancha_id":"10208-88ceac12d9fffff","clase":"Bajo","nivel_medio":1.0,"nivel_medio_min":1.0,"nivel_medio_max":1.0,"pct_alto":0.0,"n_hexagonos":1,"area_ha":0.53}},{"type":"Feature","geometry":{"type":"Polygon","coordinates":[[[-73.90671,-42.839754],[-73.90273,-42.83641],[-73.903569,-42.834377],[-73.903707,-42.834346],[-73.904177,-42.834249],[-73.905014,-42.833856],[-73.90528,-42.83381],[-73.906275,-42.833889],[-73.906555,-42.833867],[-73.90714,-42.833683],[-73.907485,-42.833638],[-73.908287,-42.833724],[-73.908607,-42.833622],[-73.908835,-42.833512],[-73.909114,-42.833348],[-73.909416,-42.833226],[-73.90967,-42.83318],[-73.910156,-42.833142],[-73.910684,-42.833232],[-73.911386,-42.833206],[-73.912132,-42.833148],[-73.91264,-42.83298],[-73.913106,-42.832801],[-73.913156,-42.832782],[-73.913523,-42.832801],[-73.913909,-42.833052],[-73.914385,-42.833206],[-73.91481,-42.833136],[-73.915055,-42.832885],[-73.915228,-42.832653],[-73.91555,-42.832247],[-73.91613,-42.831732],[-73.916535,-42.831359],[-73.916921,-42.831224],[-73.917475,-42.831237],[-73.918035,-42.831398],[-73.918537,-42.831629],[-73.918897,-42.83188],[-73.91925,-42.83199],[-73.920281,-42.832106],[-73.920576,-42.832148],[-73.920342,-42.832714],[-73.914471,-42.833947],[-73.912582,-42.838522],[-73.90671,-42.839754]]]},"properties":{"comuna":"Quellón","mancha_id":"10208-88ceac1229fffff","clase":"Bajo","nivel_medio":1.46,"nivel_medio_min":1.459,"nivel_medio_max":1.466,"pct_alto":0.0,"n_hexagonos":2,"area_ha":57.83}},{"type":"Feature","geometry":{"type":"Polygon","coordinates":[[[-74.73779,-43.67076],[-74.73728,-43.67108],[-74.73687,-43.67112],[-74.73668,-43.67101],[-74.73665,-43.67091],[-74.73662,-43.67071],[-74.73679,-43.67045],[-74.73678,-43.67033],[-74.73663,-43.6702],[-74.73563,-43.67009],[-74.73554,-43.66999],[-74.73552,-43.66986],[-74.73571,-43.66972],[-74.736,-43.66962],[-74.73686,-43.66952],[-74.73772,-43.669],[-74.73794,-43.6689],[-74.73817,-43.66889],[-74.73831,-43.66893],[-74.73844,-43.66905],[-74.73859,-43.66928],[-74.73874,-43.66974],[-74.73916,-43.6701],[-74.73915,-43.67025],[-74.73905,-43.67041],[-74.73886,-43.67053],[-74.7381,-43.67065],[-74.73779,-43.67076]]]},"properties":{"comuna":"Quellón","mancha_id":"10208-88ce13d749fffff","clase":"Bajo","nivel_medio":1.092,"nivel_medio_min":1.092,"nivel_medio_max":1.092,"pct_alto":0.0,"n_hexagonos":1,"area_ha":3.77}},{"type":"Feature","geometry":{"type":"Polygon","coordinates":[[[-74.772783,-43.629042],[-74.770923,-43.633663],[-74.764928,-43.634924],[-74.760793,-43.631564],[-74.762654,-43.626943],[-74.768649,-43.625682],[-74.772783,-43.629042]]]},"properties":{"comuna":"Quellón","mancha_id":"10208-88ce13d711fffff","clase":"Bajo","nivel_medio":1.414,"nivel_medio_min":1.414,"nivel_medio_max":1.414,"pct_alto":0.0,"n_hexagonos":1,"area_ha":68.21}},{"type":"Feature","geometry":{"type":"Polygon","coordinates":[[[-74.78237,-43.66976],[-74.78237,-43.66988],[-74.78229,-43.66994],[-74.78214,-43.66995],[-74.78204,-43.6699],[-74.78192,-43.66969],[-74.78191,-43.66937],[-74.78204,-43.66921],[-74.78214,-43.66922],[-74.7822,-43.66932],[-74.78237,-43.66976]]]},"properties":{"comuna":"Quellón","mancha_id":"10208-88ce13d66dfffff","clase":"Bajo","nivel_medio":1.217,"nivel_medio_min":1.217,"nivel_medio_max":1.217,"pct_alto":6.5,"n_hexagonos":1,"area_ha":0.22}},{"type":"Feature","geometry":{"type":"Polygon","coordinates":[[[-74.776985,-43.67466],[-74.77736,-43.67451],[-74.77774,-43.674532],[-74.777006,-43.674686],[-74.776985,-43.67466]]]},"properties":{"comuna":"Quellón","mancha_id":"10208-88ce13d66dfffff-2","clase":"Bajo","nivel_medio":1.217,"nivel_medio_min":1.217,"nivel_medio_max":1.217,"pct_alto":6.5,"n_hexagonos":1,"area_ha":0.04}},{"type":"Feature","geometry":{"type":"Polygon","coordinates":[[[-74.79071,-43.66412],[-74.7914,-43.6644],[-74.791443,-43.664516],[-74.791339,-43.664776],[-74.79109,-43.66484],[-74.79093,-43.66484],[-74.79011,-43.66458],[-74.78997,-43.66447],[-74.78997,-43.66435],[-74.79014,-43.66422],[-74.7904,-43.66414],[-74.79071,-43.66412]]]},"properties":{"comuna":"Quellón","mancha_id":"10208-88ce13d661fffff","clase":"Bajo","nivel_medio":0.876,"nivel_medio_min":0.876,"nivel_medio_max":0.876,"pct_alto":0.0,"n_hexagonos":1,"area_ha":0.65}},{"type":"Feature","geometry":{"type":"Polygon","coordinates":[[[-74.81407,-43.62092],[-74.81391,-43.62101],[-74.81366,-43.621],[-74.812985,-43.620574],[-74.813951,-43.620371],[-74.81407,-43.62065],[-74.81407,-43.62092]]]},"properties":{"comuna":"Quellón","mancha_id":"10208-88ce13d637fffff","clase":"Bajo","nivel_medio":0.676,"nivel_medio_min":0.676,"nivel_medio_max":0.676,"pct_alto":0.1,"n_hexagonos":1,"area_ha":0.38}},{"type":"Feature","geometry":{"type":"Polygon","coordinates":[[[-74.8131,-43.6286],[-74.8134,-43.62889],[-74.813481,-43.628932],[-74.812493,-43.629141],[-74.81244,-43.62912],[-74.81252,-43.62872],[-74.81271,-43.62859],[-74.8131,-43.6286]]]},"properties":{"comuna":"Quellón","mancha_id":"10208-88ce13d637fffff-2","clase":"Bajo","nivel_medio":0.676,"nivel_medio_min":0.676,"nivel_medio_max":0.676,"pct_alto":0.1,"n_hexagonos":1,"area_ha":0.32}},{"type":"Feature","geometry":{"type":"Polygon","coordinates":[[[-74.793047,-43.633237],[-74.799043,-43.631974],[-74.800902,-43.627352],[-74.806898,-43.626089],[-74.808755,-43.621466],[-74.811575,-43.620872],[-74.81161,-43.62106],[-74.81185,-43.62131],[-74.81245,-43.62136],[-74.81277,-43.62147],[-74.81288,-43.62171],[-74.81288,-43.62187],[-74.81291,-43.622],[-74.81305,-43.62216],[-74.81378,-43.62247],[-74.81423,-43.62273],[-74.81437,-43.62289],[-74.8144,-43.62321],[-74.81424,-43.62353],[-74.81394,-43.62389],[-74.81376,-43.62402],[-74.81336,-43.62421],[-74.81252,-43.62441],[-74.81223,-43.62455],[-74.81225,-43.62465],[-74.8125,-43.62478],[-74.81292,-43.6249],[-74.81346,-43.62493],[-74.8136,-43.62506],[-74.8136,-43.62522],[-74.81318,-43.62587],[-74.81302,-43.62635],[-74.81274,-43.62675],[-74.81227,-43.62698],[-74.81167,-43.62712],[-74.81121,-43.62751],[-74.81121,-43.62795],[-74.81181,-43.62868],[-74.812,-43.62917],[-74.811963,-43.629252],[-74.811036,-43.629447],[-74.810814,-43.63],[-74.81075,-43.63003],[-74.8102,-43.63024],[-74.80997,-43.630475],[-74.810247,-43.631412],[-74.80996,-43.632125],[-74.80994,-43.63212],[-74.80979,-43.63198],[-74.80965,-43.6316],[-74.80865,-43.63152],[-74.808,-43.63124],[-74.8077,-43.63125],[-74.80736,-43.63151],[-74.8073,-43.63177],[-74.80734,-43.63228],[-74.80728,-43.63263],[-74.80688,-43.63305],[-74.80639,-43.63333],[-74.80572,-43.63395],[-74.80554,-43.63405],[-74.80529,-43.63411],[-74.80527,-43.63426],[-74.80511,-43.63446],[-74.80484,-43.63447],[-74.80446,-43.63437],[-74.80433,-43.6344],[-74.80425,-43.63465],[-74.804221,-43.635114],[-74.803182,-43.635333],[-74.802523,-43.63697],[-74.80138,-43.63744],[-74.80087,-43.63771],[-74.8007,-43.63785],[-74.80054,-43.6381],[-74.80049,-43.63832],[-74.80057,-43.63876],[-74.80048,-43.63924],[-74.80023,-43.6396],[-74.799511,-43.640337],[-74.798707,-43.640507],[-74.79814,-43.64036],[-74.79676,-43.6398],[-74.79646,-43.63979],[-74.79636,-43.63983],[-74.79638,-43.64003],[-74.79655,-43.64023],[-74.797311,-43.640801],[-74.795326,-43.641218],[-74.791188,-43.637859],[-74.793047,-43.633237]]]},"properties":{"comuna":"Quellón","mancha_id":"10208-88ce13d623fffff","clase":"Bajo","nivel_medio":1.259,"nivel_medio_min":0.676,"nivel_medio_max":1.456,"pct_alto":9.2,"n_hexagonos":3,"area_ha":156.31}},{"type":"Feature","geometry":{"type":"Polygon","coordinates":[[[-74.806083,-43.567035],[-74.802931,-43.567701],[-74.80021,-43.565491],[-74.80038,-43.56538],[-74.80078,-43.56541],[-74.80163,-43.56571],[-74.80195,-43.56577],[-74.8026,-43.5657],[-74.80313,-43.5655],[-74.80327,-43.56551],[-74.80331,-43.56558],[-74.80321,-43.56583],[-74.80325,-43.56588],[-74.80337,-43.56591],[-74.80353,-43.56587],[-74.80398,-43.56563],[-74.80413,-43.56567],[-74.80406,-43.5662],[-74.8043,-43.56652],[-74.80492,-43.56664],[-74.80571,-43.56703],[-74.806083,-43.567035]]]},"properties":{"comuna":"Quellón","mancha_id":"10208-88ce13d5d9fffff","clase":"Bajo","nivel_medio":0.803,"nivel_medio_min":0.803,"nivel_medio_max":0.803,"pct_alto":18.0,"n_hexagonos":1,"area_ha":5.27}},{"type":"Feature","geometry":{"type":"Polygon","coordinates":[[[-74.83449,-43.565262],[-74.831025,-43.565995],[-74.829353,-43.564638],[-74.82986,-43.56455],[-74.83121,-43.56345],[-74.83178,-43.56312],[-74.83242,-43.56292],[-74.83331,-43.56289],[-74.83369,-43.56277],[-74.83433,-43.56237],[-74.83525,-43.56195],[-74.83626,-43.56188],[-74.83663,-43.56202],[-74.8376,-43.56211],[-74.83793,-43.56231],[-74.83793,-43.5624],[-74.83782,-43.56248],[-74.83726,-43.56254],[-74.83717,-43.56262],[-74.83707,-43.56275],[-74.8368,-43.56283],[-74.83645,-43.56272],[-74.83628,-43.56276],[-74.8362,-43.56299],[-74.83612,-43.56303],[-74.83544,-43.56289],[-74.83501,-43.56287],[-74.83467,-43.56308],[-74.83474,-43.56335],[-74.83507,-43.56368],[-74.8352,-43.56393],[-74.8351,-43.56421],[-74.83516,-43.56445],[-74.83528,-43.56462],[-74.83526,-43.56469],[-74.83508,-43.56481],[-74.83465,-43.56488],[-74.83449,-43.56506],[-74.83449,-43.565262]]]},"properties":{"comuna":"Quellón","mancha_id":"10208-88ce13d4e3fffff","clase":"Bajo","nivel_medio":1.423,"nivel_medio_min":1.423,"nivel_medio_max":1.423,"pct_alto":1.1,"n_hexagonos":1,"area_ha":13.31}},{"type":"Feature","geometry":{"type":"Polygon","coordinates":[[[-74.778363,-43.615178],[-74.776503,-43.619799],[-74.770509,-43.621061],[-74.766375,-43.617702],[-74.768236,-43.613081],[-74.774229,-43.611819],[-74.778363,-43.615178]]]},"properties":{"comuna":"Quellón","mancha_id":"10208-88ce13d469fffff","clase":"Bajo","nivel_medio":1.48,"nivel_medio_min":1.48,"nivel_medio_max":1.48,"pct_alto":0.0,"n_hexagonos":1,"area_ha":68.2}},{"type":"Feature","geometry":{"type":"Polygon","coordinates":[[[-74.82025,-43.603125],[-74.82022,-43.6033],[-74.81997,-43.60342],[-74.81975,-43.60339],[-74.81929,-43.60325],[-74.81913,-43.60303],[-74.81913,-43.6028],[-74.81928,-43.60271],[-74.81948,-43.60271],[-74.82004,-43.60295],[-74.82025,-43.603125]]]},"properties":{"comuna":"Quellón","mancha_id":"10208-88ce13d457fffff","clase":"Bajo","nivel_medio":1.421,"nivel_medio_min":1.421,"nivel_medio_max":1.421,"pct_alto":20.7,"n_hexagonos":1,"area_ha":0.48}},{"type":"Feature","geometry":{"type":"Polygon","coordinates":[[[-74.82058,-43.607],[-74.82076,-43.60719],[-74.82112,-43.60741],[-74.82112,-43.60754],[-74.82098,-43.60766],[-74.82063,-43.60762],[-74.82044,-43.60755],[-74.81998,-43.6072],[-74.82003,-43.60696],[-74.82011,-43.60689],[-74.82025,-43.60687],[-74.82058,-43.607]]]},"properties":{"comuna":"Quellón","mancha_id":"10208-88ce13d451fffff","clase":"Bajo","nivel_medio":1.202,"nivel_medio_min":1.202,"nivel_medio_max":1.202,"pct_alto":29.3,"n_hexagonos":1,"area_ha":0.45}},{"type":"Feature","geometry":{"type":"Polygon","coordinates":[[[-74.81392,-43.61283],[-74.81386,-43.61292],[-74.813553,-43.6131],[-74.81247,-43.612221],[-74.812592,-43.611917],[-74.81261,-43.61197],[-74.81278,-43.61211],[-74.81383,-43.61271],[-74.81392,-43.61283]]]},"properties":{"comuna":"Quellón","mancha_id":"10208-88ce13d451fffff-2","clase":"Bajo","nivel_medio":1.202,"nivel_medio_min":1.202,"nivel_medio_max":1.202,"pct_alto":29.3,"n_hexagonos":1,"area_ha":0.51}},{"type":"Feature","geometry":{"type":"Polygon","coordinates":[[[-74.82028,-43.61441],[-74.82016,-43.61441],[-74.81989,-43.61424],[-74.81937,-43.61428],[-74.81913,-43.61419],[-74.81913,-43.61405],[-74.81929,-43.61389],[-74.8196,-43.61327],[-74.81971,-43.61314],[-74.81996,-43.61314],[-74.82015,-43.61345],[-74.81996,-43.6138],[-74.82,-43.61397],[-74.82008,-43.61404],[-74.82038,-43.61429],[-74.82037,-43.61435],[-74.82028,-43.61441]]]},"properties":{"comuna":"Quellón","mancha_id":"10208-88ce13d451fffff-3","clase":"Bajo","nivel_medio":1.202,"nivel_medio_min":1.202,"nivel_medio_max":1.202,"pct_alto":29.3,"n_hexagonos":1,"area_ha":0.74}},{"type":"Feature","geometry":{"type":"Polygon","coordinates":[[[-74.81679,-43.61517],[-74.81735,-43.61542],[-74.817353,-43.615422],[-74.816608,-43.615579],[-74.814271,-43.613682],[-74.8146,-43.61362],[-74.81474,-43.61361],[-74.81505,-43.61358],[-74.81532,-43.61381],[-74.81532,-43.61423],[-74.81546,-43.61452],[-74.81605,-43.6149],[-74.81679,-43.61517]]]},"properties":{"comuna":"Quellón","mancha_id":"10208-88ce13d451fffff-4","clase":"Bajo","nivel_medio":1.202,"nivel_medio_min":1.202,"nivel_medio_max":1.202,"pct_alto":29.3,"n_hexagonos":1,"area_ha":0.9}},{"type":"Feature","geometry":{"type":"Polygon","coordinates":[[[-74.806475,-43.613485],[-74.804618,-43.618107],[-74.798623,-43.619371],[-74.794486,-43.616012],[-74.796344,-43.61139],[-74.802338,-43.610127],[-74.806475,-43.613485]]]},"properties":{"comuna":"Quellón","mancha_id":"10208-88ce13d443fffff","clase":"Bajo","nivel_medio":1.467,"nivel_medio_min":1.467,"nivel_medio_max":1.467,"pct_alto":0.0,"n_hexagonos":1,"area_ha":68.23}},{"type":"Feature","geometry":{"type":"Polygon","coordinates":[[[-74.82723,-43.59057],[-74.82723,-43.59065],[-74.82659,-43.59088],[-74.826468,-43.591022],[-74.827417,-43.588657],[-74.82745,-43.58867],[-74.82818,-43.58904],[-74.82871,-43.5894],[-74.82882,-43.58951],[-74.82883,-43.58974],[-74.82877,-43.58979],[-74.82866,-43.58977],[-74.8286,-43.58969],[-74.82829,-43.58958],[-74.82817,-43.58964],[-74.82817,-43.5897],[-74.82836,-43.58986],[-74.82815,-43.59],[-74.8277,-43.58993],[-74.82747,-43.58994],[-74.82739,-43.59002],[-74.82734,-43.59024],[-74.82712,-43.59038],[-74.82712,-43.59048],[-74.82723,-43.59057]]]},"properties":{"comuna":"Quellón","mancha_id":"10208-88ce13d41bfffff","clase":"Bajo","nivel_medio":0.539,"nivel_medio_min":0.539,"nivel_medio_max":0.539,"pct_alto":2.2,"n_hexagonos":1,"area_ha":1.72}},{"type":"Feature","geometry":{"type":"Polygon","coordinates":[[[-74.83045,-43.5912],[-74.83053,-43.59136],[-74.83048,-43.59148],[-74.83026,-43.59154],[-74.82881,-43.5911],[-74.82869,-43.59104],[-74.82856,-43.59088],[-74.82839,-43.59059],[-74.8284,-43.59044],[-74.82856,-43.59037],[-74.82891,-43.59043],[-74.82913,-43.59062],[-74.82935,-43.59073],[-74.82986,-43.59084],[-74.83023,-43.59098],[-74.83045,-43.5912]]]},"properties":{"comuna":"Quellón","mancha_id":"10208-88ce13d41bfffff-2","clase":"Bajo","nivel_medio":0.539,"nivel_medio_min":0.539,"nivel_medio_max":0.539,"pct_alto":2.2,"n_hexagonos":1,"area_ha":1.02}},{"type":"Feature","geometry":{"type":"Polygon","coordinates":[[[-74.83018,-43.59241],[-74.82999,-43.59249],[-74.82976,-43.59252],[-74.82865,-43.59215],[-74.82845,-43.59207],[-74.82832,-43.59194],[-74.82821,-43.59171],[-74.82827,-43.5915],[-74.82848,-43.59145],[-74.82862,-43.59148],[-74.8291,-43.59171],[-74.82965,-43.59182],[-74.83024,-43.59208],[-74.83032,-43.59219],[-74.83026,-43.59237],[-74.83018,-43.59241]]]},"properties":{"comuna":"Quellón","mancha_id":"10208-88ce13d41bfffff-3","clase":"Bajo","nivel_medio":0.539,"nivel_medio_min":0.539,"nivel_medio_max":0.539,"pct_alto":2.2,"n_hexagonos":1,"area_ha":1.06}},{"type":"Feature","geometry":{"type":"Polygon","coordinates":[[[-74.82301,-43.59906],[-74.82305,-43.59918],[-74.823,-43.59928],[-74.82269,-43.59932],[-74.8221,-43.59911],[-74.82196,-43.59897],[-74.82201,-43.59879],[-74.8221,-43.59865],[-74.82234,-43.59853],[-74.82244,-43.59855],[-74.82301,-43.59906]]]},"properties":{"comuna":"Quellón","mancha_id":"10208-88ce13d419fffff","clase":"Bajo","nivel_medio":0.522,"nivel_medio_min":0.522,"nivel_medio_max":0.522,"pct_alto":14.0,"n_hexagonos":1,"area_ha":0.47}},{"type":"Feature","geometry":{"type":"Polygon","coordinates":[[[-74.82242,-43.59982],[-74.82237,-43.59992],[-74.82222,-43.59997],[-74.82208,-43.59999],[-74.82186,-43.59993],[-74.82162,-43.59972],[-74.82162,-43.59958],[-74.82176,-43.59944],[-74.82183,-43.59935],[-74.82202,-43.59935],[-74.82226,-43.59941],[-74.82235,-43.59948],[-74.82245,-43.59962],[-74.82242,-43.59982]]]},"properties":{"comuna":"Quellón","mancha_id":"10208-88ce13d419fffff-2","clase":"Bajo","nivel_medio":0.522,"nivel_medio_min":0.522,"nivel_medio_max":0.522,"pct_alto":14.0,"n_hexagonos":1,"area_ha":0.36}},{"type":"Feature","geometry":{"type":"Polygon","coordinates":[[[-74.820412,-43.600279],[-74.82067,-43.60043],[-74.82076,-43.60052],[-74.82076,-43.600561],[-74.82076,-43.60074],[-74.82051,-43.60107],[-74.82017,-43.60107],[-74.8199,-43.60118],[-74.81985,-43.60139],[-74.81993,-43.60154],[-74.82015,-43.60168],[-74.82031,-43.60186],[-74.82034,-43.60194],[-74.82026,-43.60206],[-74.82009,-43.60204],[-74.81985,-43.60187],[-74.81963,-43.60187],[-74.81945,-43.60199],[-74.81904,-43.60248],[-74.81855,-43.60294],[-74.81843,-43.6031],[-74.81835,-43.60342],[-74.81824,-43.60357],[-74.81757,-43.60408],[-74.81745,-43.60427],[-74.81744,-43.60449],[-74.8177,-43.60547],[-74.81766,-43.60592],[-74.8175,-43.60617],[-74.81744,-43.6064],[-74.81774,-43.60648],[-74.81815,-43.6064],[-74.81841,-43.60645],[-74.81866,-43.606684],[-74.81873,-43.60675],[-74.81914,-43.60739],[-74.81976,-43.60748],[-74.81999,-43.60764],[-74.82006,-43.60795],[-74.82001,-43.60814],[-74.81963,-43.60839],[-74.81953,-43.60853],[-74.81951,-43.60867],[-74.81921,-43.60868],[-74.81909,-43.60854],[-74.81901,-43.60854],[-74.8187,-43.60869],[-74.81835,-43.60906],[-74.8186,-43.60987],[-74.81887,-43.60995],[-74.81916,-43.60992],[-74.81946,-43.61002],[-74.81954,-43.61037],[-74.81932,-43.61036],[-74.81919,-43.61041],[-74.81921,-43.61049],[-74.81956,-43.61082],[-74.81917,-43.61128],[-74.81887,-43.6113],[-74.81838,-43.61125],[-74.81828,-43.6113],[-74.81828,-43.61139],[-74.81844,-43.61159],[-74.8189,-43.6119],[-74.81947,-43.61219],[-74.81979,-43.61243],[-74.81976,-43.61278],[-74.81969,-43.61282],[-74.81951,-43.6128],[-74.81937,-43.61266],[-74.81926,-43.61266],[-74.81891,-43.61377],[-74.81874,-43.61386],[-74.8185,-43.6138],[-74.81844,-43.61331],[-74.81813,-43.61295],[-74.81775,-43.61269],[-74.81709,-43.61236],[-74.81617,-43.61167],[-74.81547,-43.6114],[-74.81418,-43.61062],[-74.81388,-43.61083],[-74.81331,-43.61111],[-74.81286,-43.61141],[-74.812743,-43.611541],[-74.814327,-43.607598],[-74.810189,-43.60424],[-74.812046,-43.599618],[-74.818039,-43.598353],[-74.819895,-43.593731],[-74.821586,-43.593374],[-74.82151,-43.59345],[-74.82161,-43.59363],[-74.82158,-43.59387],[-74.82135,-43.59406],[-74.82126,-43.59423],[-74.8213,-43.59438],[-74.82167,-43.59455],[-74.82176,-43.59468],[-74.82173,-43.5949],[-74.82143,-43.59498],[-74.82104,-43.59498],[-74.82097,-43.59516],[-74.82105,-43.59525],[-74.82146,-43.59528],[-74.8216,-43.5954],[-74.82147,-43.59585],[-74.82151,-43.59599],[-74.82166,-43.59614],[-74.82166,-43.5962],[-74.82147,-43.59644],[-74.82127,-43.59657],[-74.8212,-43.5969],[-74.82122,-43.59734],[-74.82093,-43.59764],[-74.82063,-43.5977],[-74.82051,-43.59785],[-74.82052,-43.59803],[-74.82088,-43.59816],[-74.82134,-43.59824],[-74.82164,-43.59849],[-74.82159,-43.59876],[-74.8214,-43.5991],[-74.82132,-43.59945],[-74.82126,-43.59955],[-74.821,-43.59963],[-74.81989,-43.59959],[-74.819701,-43.599702],[-74.81962,-43.59975],[-74.81951,-43.59986],[-74.81956,-43.60004],[-74.82038,-43.60026],[-74.820412,-43.600279]]]},"properties":{"comuna":"Quellón","mancha_id":"10208-88ce13d419fffff-3","clase":"Bajo","nivel_medio":1.235,"nivel_medio_min":0.522,"nivel_medio_max":1.421,"pct_alto":21.8,"n_hexagonos":3,"area_ha":90.72}},{"type":"Feature","geometry":{"type":"Polygon","coordinates":[[[-74.598606,-43.585304],[-74.596736,-43.589917],[-74.59467,-43.590349],[-74.59423,-43.59008],[-74.59418,-43.59001],[-74.59412,-43.59001],[-74.59404,-43.58995],[-74.59369,-43.58918],[-74.59346,-43.5888],[-74.59314,-43.58853],[-74.59249,-43.58817],[-74.59234,-43.58805],[-74.59234,-43.58789],[-74.59285,-43.5877],[-74.59285,-43.5875],[-74.59252,-43.58735],[-74.59185,-43.58717],[-74.59039,-43.58691],[-74.59019,-43.58677],[-74.59032,-43.58629],[-74.59045,-43.58555],[-74.59077,-43.58483],[-74.59082,-43.58475],[-74.5909,-43.58471],[-74.5909,-43.58465],[-74.591,-43.58461],[-74.59111,-43.58449],[-74.59136,-43.58437],[-74.5916,-43.58437],[-74.59171,-43.58443],[-74.59179,-43.58463],[-74.5921,-43.58519],[-74.5924,-43.58593],[-74.59245,-43.58597],[-74.59245,-43.58604],[-74.59254,-43.5861],[-74.59267,-43.58608],[-74.59278,-43.586],[-74.59278,-43.58574],[-74.59264,-43.58519],[-74.59261,-43.58482],[-74.59246,-43.58427],[-74.59246,-43.58353],[-74.59254,-43.58335],[-74.59267,-43.58315],[-74.59289,-43.58301],[-74.59318,-43.58302],[-74.59354,-43.58315],[-74.59357,-43.58326],[-74.59365,-43.58332],[-74.59367,-43.58344],[-74.59376,-43.58352],[-74.5941,-43.58353],[-74.59425,-43.5834],[-74.59463,-43.58236],[-74.594749,-43.582151],[-74.598606,-43.585304]]]},"properties":{"comuna":"Quellón","mancha_id":"10208-88ce13d1b5fffff","clase":"Bajo","nivel_medio":1.268,"nivel_medio_min":1.268,"nivel_medio_max":1.268,"pct_alto":1.9,"n_hexagonos":1,"area_ha":34.16}},{"type":"Feature","geometry":{"type":"Polygon","coordinates":[[[-74.64691,-43.64372],[-74.64685,-43.64389],[-74.64661,-43.64395],[-74.64634,-43.64392],[-74.64618,-43.64381],[-74.64616,-43.64372],[-74.64618,-43.64349],[-74.64627,-43.64335],[-74.64641,-43.64331],[-74.64659,-43.64331],[-74.64672,-43.64337],[-74.6469,-43.64352],[-74.64691,-43.64372]]]},"properties":{"comuna":"Quellón","mancha_id":"10208-88ce13d0e9fffff","clase":"Bajo","nivel_medio":1.021,"nivel_medio_min":1.021,"nivel_medio_max":1.021,"pct_alto":0.0,"n_hexagonos":1,"area_ha":0.35}},{"type":"Feature","geometry":{"type":"Polygon","coordinates":[[[-74.61576,-43.64065],[-74.61564,-43.64075],[-74.61541,-43.64076],[-74.61528,-43.64068],[-74.61529,-43.64054],[-74.6154,-43.64026],[-74.61539,-43.64007],[-74.61527,-43.63961],[-74.61532,-43.63947],[-74.61545,-43.6394],[-74.61559,-43.63937],[-74.61591,-43.63937],[-74.61616,-43.63955],[-74.61619,-43.63966],[-74.61596,-43.63999],[-74.61582,-43.64055],[-74.61576,-43.64065]]]},"properties":{"comuna":"Quellón","mancha_id":"10208-88ce13d037fffff","clase":"Bajo","nivel_medio":1.044,"nivel_medio_min":1.044,"nivel_medio_max":1.044,"pct_alto":0.0,"n_hexagonos":1,"area_ha":0.76}},{"type":"Feature","geometry":{"type":"Polygon","coordinates":[[[-74.34786,-43.1494],[-74.34797,-43.14945],[-74.34794,-43.14982],[-74.34782,-43.14983],[-74.34759,-43.14974],[-74.34753,-43.14967],[-74.34757,-43.14955],[-74.34786,-43.1494]]]},"properties":{"comuna":"Quellón","mancha_id":"10208-88ce1359ddfffff","clase":"Bajo","nivel_medio":1.108,"nivel_medio_min":1.108,"nivel_medio_max":1.108,"pct_alto":0.0,"n_hexagonos":1,"area_ha":0.12}},{"type":"Feature","geometry":{"type":"Polygon","coordinates":[[[-74.34985,-43.15165],[-74.34985,-43.15184],[-74.3498,-43.15189],[-74.3497,-43.15194],[-74.3496,-43.1519],[-74.34935,-43.1518],[-74.34909,-43.15176],[-74.349,-43.15169],[-74.34899,-43.15156],[-74.34903,-43.15145],[-74.34909,-43.15137],[-74.34927,-43.15132],[-74.34932,-43.15135],[-74.34944,-43.1515],[-74.34968,-43.15155],[-74.34981,-43.15159],[-74.34985,-43.15165]]]},"properties":{"comuna":"Quellón","mancha_id":"10208-88ce1359ddfffff-2","clase":"Bajo","nivel_medio":1.108,"nivel_medio_min":1.108,"nivel_medio_max":1.108,"pct_alto":0.0,"n_hexagonos":1,"area_ha":0.28}},{"type":"Feature","geometry":{"type":"Polygon","coordinates":[[[-74.35046,-43.15253],[-74.35043,-43.15276],[-74.35032,-43.15291],[-74.35015,-43.15292],[-74.35008,-43.15289],[-74.35003,-43.15279],[-74.35011,-43.15252],[-74.35027,-43.15229],[-74.35035,-43.1523],[-74.35046,-43.15239],[-74.35046,-43.15253]]]},"properties":{"comuna":"Quellón","mancha_id":"10208-88ce1359ddfffff-3","clase":"Bajo","nivel_medio":1.108,"nivel_medio_min":1.108,"nivel_medio_max":1.108,"pct_alto":0.0,"n_hexagonos":1,"area_ha":0.17}},{"type":"Feature","geometry":{"type":"Polygon","coordinates":[[[-74.32736,-43.13752],[-74.32739,-43.13764],[-74.32735,-43.13775],[-74.32729,-43.13781],[-74.32715,-43.13781],[-74.32701,-43.13774],[-74.32695,-43.13764],[-74.32698,-43.13749],[-74.32703,-43.13739],[-74.32708,-43.13736],[-74.32715,-43.13736],[-74.32726,-43.137405],[-74.32736,-43.13752]]]},"properties":{"comuna":"Quellón","mancha_id":"10208-88ce13598dfffff","clase":"Bajo","nivel_medio":1.114,"nivel_medio_min":1.114,"nivel_medio_max":1.114,"pct_alto":0.0,"n_hexagonos":1,"area_ha":0.13}},{"type":"Feature","geometry":{"type":"Polygon","coordinates":[[[-74.32795,-43.13997],[-74.32783,-43.14013],[-74.32772,-43.14021],[-74.32762,-43.14022],[-74.3275,-43.14018],[-74.32744,-43.14004],[-74.32741,-43.13993],[-74.32725,-43.13987],[-74.32704,-43.13981],[-74.327,-43.13974],[-74.32704,-43.13962],[-74.32716,-43.1395],[-74.32735,-43.13946],[-74.32753,-43.13951],[-74.32772,-43.1396],[-74.32792,-43.13964],[-74.32805,-43.13968],[-74.32813,-43.13977],[-74.32795,-43.13997]]]},"properties":{"comuna":"Quellón","mancha_id":"10208-88ce13598dfffff-2","clase":"Bajo","nivel_medio":1.114,"nivel_medio_min":1.114,"nivel_medio_max":1.114,"pct_alto":0.0,"n_hexagonos":1,"area_ha":0.43}},{"type":"Feature","geometry":{"type":"Polygon","coordinates":[[[-74.32665,-43.14172],[-74.32641,-43.14189],[-74.32614,-43.1419],[-74.32567,-43.14193],[-74.32547,-43.14192],[-74.32542,-43.14188],[-74.32542,-43.14176],[-74.32547,-43.14163],[-74.32569,-43.14137],[-74.32596,-43.14113],[-74.326345,-43.140695],[-74.32644,-43.14058],[-74.32657,-43.14045],[-74.32668,-43.14039],[-74.32677,-43.14038],[-74.32686,-43.14044],[-74.32694,-43.1407],[-74.32693,-43.14091],[-74.32694,-43.1411],[-74.32684,-43.14138],[-74.32665,-43.14172]]]},"properties":{"comuna":"Quellón","mancha_id":"10208-88ce13598dfffff-3","clase":"Bajo","nivel_medio":1.114,"nivel_medio_min":1.114,"nivel_medio_max":1.114,"pct_alto":0.0,"n_hexagonos":1,"area_ha":1.22}},{"type":"Feature","geometry":{"type":"Polygon","coordinates":[[[-74.33869,-43.14025],[-74.339025,-43.1405],[-74.339,-43.14062],[-74.33889,-43.14067],[-74.33881,-43.14066],[-74.33858,-43.14052],[-74.33838,-43.14037],[-74.33838,-43.14022],[-74.33842,-43.14011],[-74.33851,-43.14009],[-74.33869,-43.14025]]]},"properties":{"comuna":"Quellón","mancha_id":"10208-88ce135989fffff","clase":"Bajo","nivel_medio":1.186,"nivel_medio_min":1.186,"nivel_medio_max":1.186,"pct_alto":1.6,"n_hexagonos":1,"area_ha":0.17}},{"type":"Feature","geometry":{"type":"Polygon","coordinates":[[[-74.34017,-43.14241],[-74.34017,-43.14266],[-74.33994,-43.14296],[-74.33977,-43.14306],[-74.33964,-43.14305],[-74.33951,-43.14288],[-74.33953,-43.14268],[-74.33961,-43.14241],[-74.33979,-43.14229],[-74.33999,-43.14225],[-74.34014,-43.14235],[-74.34017,-43.14241]]]},"properties":{"comuna":"Quellón","mancha_id":"10208-88ce135989fffff-2","clase":"Bajo","nivel_medio":1.186,"nivel_medio_min":1.186,"nivel_medio_max":1.186,"pct_alto":1.6,"n_hexagonos":1,"area_ha":0.35}},{"type":"Feature","geometry":{"type":"Polygon","coordinates":[[[-74.36565,-43.168555],[-74.3657,-43.16866],[-74.36566,-43.16877],[-74.36558,-43.16891],[-74.3655,-43.16896],[-74.36543,-43.16896],[-74.36535,-43.16891],[-74.36531,-43.16883],[-74.36531,-43.16876],[-74.36532,-43.16868],[-74.36542,-43.16859],[-74.36554,-43.16854],[-74.36565,-43.168555]]]},"properties":{"comuna":"Quellón","mancha_id":"10208-88ce13583bfffff","clase":"Bajo","nivel_medio":0.996,"nivel_medio_min":0.996,"nivel_medio_max":0.996,"pct_alto":0.0,"n_hexagonos":1,"area_ha":0.11}},{"type":"Feature","geometry":{"type":"Polygon","coordinates":[[[-74.36557,-43.16953],[-74.36553,-43.16961],[-74.36547,-43.16968],[-74.36537,-43.1697],[-74.36528,-43.16971],[-74.36516,-43.16963],[-74.36511,-43.16949],[-74.36511,-43.16938],[-74.36515,-43.16931],[-74.36523,-43.16928],[-74.36532,-43.16928],[-74.3654,-43.1693],[-74.365512,-43.169348],[-74.36558,-43.16946],[-74.36557,-43.16953]]]},"properties":{"comuna":"Quellón","mancha_id":"10208-88ce13583bfffff-2","clase":"Bajo","nivel_medio":0.996,"nivel_medio_min":0.996,"nivel_medio_max":0.996,"pct_alto":0.0,"n_hexagonos":1,"area_ha":0.14}},{"type":"Feature","geometry":{"type":"Polygon","coordinates":[[[-74.36011,-43.17174],[-74.35951,-43.17166],[-74.35926,-43.17157],[-74.35926,-43.1714],[-74.3594,-43.17128],[-74.35973,-43.17122],[-74.36003,-43.17115],[-74.36022,-43.17104],[-74.36044,-43.17102],[-74.36054,-43.17109],[-74.3607,-43.17127],[-74.3608,-43.17137],[-74.36086,-43.17139],[-74.36108,-43.17137],[-74.36131,-43.17126],[-74.36148,-43.17126],[-74.36156,-43.17129],[-74.36161,-43.17143],[-74.36151,-43.17165],[-74.36132,-43.17186],[-74.36123,-43.17198],[-74.36116,-43.17201],[-74.36109,-43.17203],[-74.36063,-43.17183],[-74.36011,-43.17174]]]},"properties":{"comuna":"Quellón","mancha_id":"10208-88ce13583bfffff-3","clase":"Bajo","nivel_medio":0.996,"nivel_medio_min":0.996,"nivel_medio_max":0.996,"pct_alto":0.0,"n_hexagonos":1,"area_ha":1.17}},{"type":"Feature","geometry":{"type":"Polygon","coordinates":[[[-74.36398,-43.17514],[-74.36393,-43.17526],[-74.36387,-43.17537],[-74.363867,-43.175373],[-74.363527,-43.175444],[-74.36318,-43.17536],[-74.36296,-43.17518],[-74.36289,-43.17499],[-74.3629,-43.17487],[-74.36296,-43.1747],[-74.36312,-43.17459],[-74.36337,-43.17454],[-74.36354,-43.17455],[-74.36364,-43.17458],[-74.3637,-43.17465],[-74.36376,-43.1748],[-74.36385,-43.17496],[-74.36395,-43.17505],[-74.36398,-43.17514]]]},"properties":{"comuna":"Quellón","mancha_id":"10208-88ce13583bfffff-4","clase":"Bajo","nivel_medio":0.996,"nivel_medio_min":0.996,"nivel_medio_max":0.996,"pct_alto":0.0,"n_hexagonos":1,"area_ha":0.65}},{"type":"Feature","geometry":{"type":"Polygon","coordinates":[[[-74.35406,-43.17138],[-74.35408,-43.17158],[-74.35398,-43.17165],[-74.35388,-43.17166],[-74.3538,-43.17165],[-74.3537,-43.17159],[-74.35356,-43.17146],[-74.35349,-43.17129],[-74.35351,-43.17117],[-74.3536,-43.17108],[-74.35372,-43.17106],[-74.35385,-43.17108],[-74.354,-43.1712],[-74.35406,-43.17138]]]},"properties":{"comuna":"Quellón","mancha_id":"10208-88ce135831fffff","clase":"Bajo","nivel_medio":1.232,"nivel_medio_min":1.232,"nivel_medio_max":1.232,"pct_alto":0.0,"n_hexagonos":1,"area_ha":0.23}},{"type":"Feature","geometry":{"type":"Polygon","coordinates":[[[-74.35499,-43.172],[-74.35509,-43.172315],[-74.35496,-43.17236],[-74.35487,-43.17236],[-74.35474,-43.17232],[-74.35465,-43.17222],[-74.35453,-43.17212],[-74.35447,-43.17202],[-74.35441,-43.17191],[-74.35441,-43.1718],[-74.35447,-43.17173],[-74.35457,-43.17171],[-74.35467,-43.17171],[-74.35479,-43.17175],[-74.35486,-43.17185],[-74.35499,-43.172]]]},"properties":{"comuna":"Quellón","mancha_id":"10208-88ce135831fffff-2","clase":"Bajo","nivel_medio":1.232,"nivel_medio_min":1.232,"nivel_medio_max":1.232,"pct_alto":0.0,"n_hexagonos":1,"area_ha":0.25}},{"type":"Feature","geometry":{"type":"Polygon","coordinates":[[[-74.401888,-43.264104],[-74.403761,-43.259503],[-74.406124,-43.259005],[-74.40615,-43.25906],[-74.4062,-43.25922],[-74.40621,-43.25938],[-74.40626,-43.25955],[-74.40627,-43.25971],[-74.40628,-43.25987],[-74.40627,-43.26003],[-74.40627,-43.26019],[-74.40626,-43.26036],[-74.40625,-43.26052],[-74.40621,-43.26068],[-74.40618,-43.26084],[-74.40616,-43.26101],[-74.40615,-43.26117],[-74.40611,-43.26133],[-74.40606,-43.26149],[-74.406,-43.26165],[-74.40595,-43.26182],[-74.40585,-43.26198],[-74.40579,-43.26214],[-74.40569,-43.2623],[-74.40564,-43.26246],[-74.40558,-43.26263],[-74.40556,-43.26279],[-74.40553,-43.26295],[-74.40551,-43.26311],[-74.40549,-43.26328],[-74.40546,-43.26344],[-74.40544,-43.2636],[-74.40542,-43.26376],[-74.40542,-43.26392],[-74.40537,-43.26409],[-74.40532,-43.26425],[-74.40524,-43.26441],[-74.40513,-43.26457],[-74.40497,-43.26473],[-74.40484,-43.2649],[-74.4047,-43.26506],[-74.40461,-43.26522],[-74.40449,-43.26538],[-74.40434,-43.26554],[-74.4042,-43.2657],[-74.40405,-43.26587],[-74.404043,-43.26588],[-74.401888,-43.264104]]]},"properties":{"comuna":"Quellón","mancha_id":"10208-88ce135167fffff","clase":"Bajo","nivel_medio":1.392,"nivel_medio_min":1.392,"nivel_medio_max":1.392,"pct_alto":9.4,"n_hexagonos":1,"area_ha":16.13}},{"type":"Feature","geometry":{"type":"Polygon","coordinates":[[[-74.399963,-43.250227],[-74.397501,-43.248198],[-74.399135,-43.244181],[-74.3995,-43.24476],[-74.39952,-43.2453],[-74.39924,-43.24586],[-74.39917,-43.24625],[-74.39911,-43.24734],[-74.39917,-43.2479],[-74.39946,-43.24841],[-74.39988,-43.24894],[-74.40005,-43.24953],[-74.399963,-43.250227]]]},"properties":{"comuna":"Quellón","mancha_id":"10208-88ce135125fffff","clase":"Bajo","nivel_medio":1.118,"nivel_medio_min":1.118,"nivel_medio_max":1.118,"pct_alto":0.0,"n_hexagonos":1,"area_ha":5.46}},{"type":"Feature","geometry":{"type":"Polygon","coordinates":[[[-74.32757,-43.09942],[-74.32716,-43.09939],[-74.326525,-43.099194],[-74.328245,-43.098831],[-74.330117,-43.094235],[-74.326071,-43.090888],[-74.326406,-43.090065],[-74.32752,-43.09078],[-74.32877,-43.09178],[-74.33071,-43.093],[-74.33143,-43.09333],[-74.33229,-43.09364],[-74.332414,-43.09375],[-74.33256,-43.09388],[-74.33293,-43.09433],[-74.3333,-43.09464],[-74.33356,-43.09473],[-74.33465,-43.0948],[-74.33494,-43.09489],[-74.33511,-43.09507],[-74.33522,-43.09531],[-74.33521,-43.09636],[-74.33532,-43.09698],[-74.33525,-43.09768],[-74.33509,-43.09826],[-74.33489,-43.09849],[-74.33452,-43.09874],[-74.33409,-43.09879],[-74.33321,-43.09872],[-74.33233,-43.09902],[-74.3308,-43.09875],[-74.32958,-43.09875],[-74.32894,-43.09888],[-74.328546,-43.09908],[-74.32819,-43.09926],[-74.32784,-43.09938],[-74.32757,-43.09942]]]},"properties":{"comuna":"Quellón","mancha_id":"10208-88ce134b4bfffff","clase":"Bajo","nivel_medio":1.253,"nivel_medio_min":0.771,"nivel_medio_max":1.283,"pct_alto":0.1,"n_hexagonos":3,"area_ha":31.28}},{"type":"Feature","geometry":{"type":"Polygon","coordinates":[[[-74.3219,-43.10171],[-74.32188,-43.10187],[-74.32165,-43.1022],[-74.321432,-43.102281],[-74.321836,-43.101288],[-74.3219,-43.10171]]]},"properties":{"comuna":"Quellón","mancha_id":"10208-88ce134b4bfffff-2","clase":"Bajo","nivel_medio":0.771,"nivel_medio_min":0.771,"nivel_medio_max":0.771,"pct_alto":0.0,"n_hexagonos":1,"area_ha":0.16}},{"type":"Feature","geometry":{"type":"Polygon","coordinates":[[[-74.324301,-43.107858],[-74.324945,-43.10793],[-74.324502,-43.108024],[-74.324301,-43.107858]]]},"properties":{"comuna":"Quellón","mancha_id":"10208-88ce134b4bfffff-3","clase":"Bajo","nivel_medio":0.771,"nivel_medio_min":0.771,"nivel_medio_max":0.771,"pct_alto":0.0,"n_hexagonos":1,"area_ha":0.04}},{"type":"Feature","geometry":{"type":"Polygon","coordinates":[[[-74.32056,-43.07304],[-74.32059,-43.07315],[-74.3205,-43.0733],[-74.32044,-43.07333],[-74.32031,-43.07334],[-74.32025,-43.07332],[-74.32011,-43.07322],[-74.32008,-43.07312],[-74.32009,-43.07306],[-74.32016,-43.07298],[-74.32029,-43.07294],[-74.32043,-43.07294],[-74.3205,-43.07297],[-74.32056,-43.07304]]]},"properties":{"comuna":"Quellón","mancha_id":"10208-88ce134b07fffff","clase":"Bajo","nivel_medio":1.257,"nivel_medio_min":1.257,"nivel_medio_max":1.257,"pct_alto":12.6,"n_hexagonos":1,"area_ha":0.14}},{"type":"Feature","geometry":{"type":"Polygon","coordinates":[[[-74.31708,-43.07431],[-74.31722,-43.07435],[-74.31729,-43.07443],[-74.31725,-43.074575],[-74.317075,-43.074585],[-74.31696,-43.07451],[-74.31695,-43.07441],[-74.31697,-43.07433],[-74.31708,-43.07431]]]},"properties":{"comuna":"Quellón","mancha_id":"10208-88ce134b07fffff-2","clase":"Bajo","nivel_medio":1.257,"nivel_medio_min":1.257,"nivel_medio_max":1.257,"pct_alto":12.6,"n_hexagonos":1,"area_ha":0.07}},{"type":"Feature","geometry":{"type":"Polygon","coordinates":[[[-74.31698,-43.07475],[-74.31704,-43.07485],[-74.317025,-43.075055],[-74.31697,-43.0751],[-74.31687,-43.07507],[-74.31678,-43.07502],[-74.31673,-43.07492],[-74.31668,-43.07482],[-74.31669,-43.07473],[-74.31677,-43.07468],[-74.31691,-43.07469],[-74.31698,-43.07475]]]},"properties":{"comuna":"Quellón","mancha_id":"10208-88ce134b07fffff-3","clase":"Bajo","nivel_medio":1.257,"nivel_medio_min":1.257,"nivel_medio_max":1.257,"pct_alto":12.6,"n_hexagonos":1,"area_ha":0.1}},{"type":"Feature","geometry":{"type":"Polygon","coordinates":[[[-74.31608,-43.07503],[-74.31611,-43.075125],[-74.31605,-43.07521],[-74.31598,-43.07525],[-74.31591,-43.07526],[-74.31581,-43.07519],[-74.31577,-43.07512],[-74.31578,-43.07503],[-74.31589,-43.07496],[-74.31598,-43.07497],[-74.31608,-43.07503]]]},"properties":{"comuna":"Quellón","mancha_id":"10208-88ce134b07fffff-4","clase":"Bajo","nivel_medio":1.257,"nivel_medio_min":1.257,"nivel_medio_max":1.257,"pct_alto":12.6,"n_hexagonos":1,"area_ha":0.07}},{"type":"Feature","geometry":{"type":"Polygon","coordinates":[[[-74.31669,-43.07519],[-74.31663,-43.07529],[-74.31655,-43.07535],[-74.31643,-43.07536],[-74.31632,-43.07531],[-74.31627,-43.07522],[-74.3163,-43.07512],[-74.31636,-43.07508],[-74.31647,-43.07507],[-74.31658,-43.07509],[-74.31666,-43.07513],[-74.31669,-43.07519]]]},"properties":{"comuna":"Quellón","mancha_id":"10208-88ce134b07fffff-5","clase":"Bajo","nivel_medio":1.257,"nivel_medio_min":1.257,"nivel_medio_max":1.257,"pct_alto":12.6,"n_hexagonos":1,"area_ha":0.08}},{"type":"Feature","geometry":{"type":"Polygon","coordinates":[[[-74.32434,-43.077168],[-74.321725,-43.075003],[-74.31581,-43.076252],[-74.315368,-43.075886],[-74.31552,-43.07584],[-74.31747,-43.07558],[-74.31811,-43.07543],[-74.31839,-43.07528],[-74.31863,-43.07506],[-74.31913,-43.07444],[-74.31984,-43.07411],[-74.32025,-43.07367],[-74.32044,-43.07359],[-74.32102,-43.07358],[-74.32162,-43.0737],[-74.32212,-43.07386],[-74.322177,-43.073891],[-74.3226,-43.07412],[-74.32278,-43.07432],[-74.32282,-43.07446],[-74.32274,-43.07469],[-74.32253,-43.07499],[-74.32255,-43.07524],[-74.32271,-43.07543],[-74.32323,-43.07569],[-74.32394,-43.0759],[-74.32464,-43.07611],[-74.32525,-43.07651],[-74.32538,-43.07675],[-74.32538,-43.07696],[-74.32521,-43.07711],[-74.32496,-43.07715],[-74.32434,-43.077168]]]},"properties":{"comuna":"Quellón","mancha_id":"10208-88ce134b03fffff","clase":"Bajo","nivel_medio":1.085,"nivel_medio_min":0.683,"nivel_medio_max":1.257,"pct_alto":8.8,"n_hexagonos":2,"area_ha":7.98}},{"type":"Feature","geometry":{"type":"Polygon","coordinates":[[[-73.86501,-43.42175],[-73.864742,-43.421702],[-73.865101,-43.421629],[-73.86501,-43.42175]]]},"properties":{"comuna":"Quellón","mancha_id":"10208-88ce1276c5fffff","clase":"Bajo","nivel_medio":1.447,"nivel_medio_min":1.447,"nivel_medio_max":1.447,"pct_alto":0.0,"n_hexagonos":1,"area_ha":0.02}},{"type":"Feature","geometry":{"type":"Polygon","coordinates":[[[-73.86528,-43.4225],[-73.865,-43.42252],[-73.86459,-43.42243],[-73.86434,-43.42246],[-73.864257,-43.422495],[-73.864463,-43.422001],[-73.86457,-43.42212],[-73.86474,-43.42216],[-73.86525,-43.4222],[-73.86542,-43.42234],[-73.8654,-43.42244],[-73.86528,-43.4225]]]},"properties":{"comuna":"Quellón","mancha_id":"10208-88ce1276c5fffff-2","clase":"Bajo","nivel_medio":1.447,"nivel_medio_min":1.447,"nivel_medio_max":1.447,"pct_alto":0.0,"n_hexagonos":1,"area_ha":0.3}},{"type":"Feature","geometry":{"type":"Polygon","coordinates":[[[-73.86578,-43.42163],[-73.865764,-43.421493],[-73.870508,-43.420523],[-73.874529,-43.42389],[-73.874305,-43.424428],[-73.87392,-43.42445],[-73.87349,-43.42463],[-73.87321,-43.42461],[-73.87312,-43.42456],[-73.873,-43.42453],[-73.87273,-43.42426],[-73.87242,-43.42409],[-73.87231,-43.42374],[-73.87167,-43.42315],[-73.87131,-43.423],[-73.87062,-43.42295],[-73.87036,-43.42259],[-73.87014,-43.42258],[-73.86997,-43.4227],[-73.86977,-43.42274],[-73.86938,-43.42269],[-73.86928,-43.42272],[-73.86911,-43.42287],[-73.86861,-43.42287],[-73.86848,-43.42274],[-73.8685,-43.42264],[-73.86877,-43.42251],[-73.86916,-43.42243],[-73.86939,-43.4223],[-73.8694,-43.42219],[-73.86937,-43.42212],[-73.86918,-43.42201],[-73.8689,-43.42195],[-73.8683,-43.42204],[-73.86793,-43.42203],[-73.86771,-43.42191],[-73.86757,-43.42162],[-73.86729,-43.42152],[-73.86696,-43.42153],[-73.86634,-43.42184],[-73.86599,-43.42182],[-73.86589,-43.42176],[-73.86578,-43.42163]]]},"properties":{"comuna":"Quellón","mancha_id":"10208-88ce1276c5fffff-3","clase":"Bajo","nivel_medio":1.447,"nivel_medio_min":1.447,"nivel_medio_max":1.447,"pct_alto":0.0,"n_hexagonos":1,"area_ha":10.56}},{"type":"Feature","geometry":{"type":"Polygon","coordinates":[[[-73.86421,-43.42334],[-73.86406,-43.42333],[-73.86397,-43.4234],[-73.863775,-43.423649],[-73.864202,-43.422625],[-73.86426,-43.42274],[-73.86459,-43.42282],[-73.86496,-43.42279],[-73.86509,-43.42282],[-73.86521,-43.42297],[-73.86512,-43.42318],[-73.8647,-43.42351],[-73.86421,-43.42334]]]},"properties":{"comuna":"Quellón","mancha_id":"10208-88ce1276c5fffff-4","clase":"Bajo","nivel_medio":1.447,"nivel_medio_min":1.447,"nivel_medio_max":1.447,"pct_alto":0.0,"n_hexagonos":1,"area_ha":0.62}},{"type":"Feature","geometry":{"type":"Polygon","coordinates":[[[-73.86649,-43.42464],[-73.86629,-43.42484],[-73.86617,-43.42492],[-73.86581,-43.42499],[-73.86565,-43.42499],[-73.86553,-43.42494],[-73.86538,-43.4248],[-73.86543,-43.42467],[-73.86605,-43.4243],[-73.86631,-43.42433],[-73.86646,-43.42445],[-73.86651,-43.42458],[-73.86649,-43.42464]]]},"properties":{"comuna":"Quellón","mancha_id":"10208-88ce1276c5fffff-5","clase":"Bajo","nivel_medio":1.447,"nivel_medio_min":1.447,"nivel_medio_max":1.447,"pct_alto":0.0,"n_hexagonos":1,"area_ha":0.46}},{"type":"Feature","geometry":{"type":"Polygon","coordinates":[[[-73.902909,-43.394889],[-73.9038,-43.392753],[-73.909733,-43.391536],[-73.913756,-43.394901],[-73.913612,-43.395249],[-73.91351,-43.39526],[-73.91321,-43.39533],[-73.91298,-43.39532],[-73.91279,-43.39525],[-73.91273,-43.39513],[-73.91264,-43.39505],[-73.91242,-43.39504],[-73.91234,-43.39512],[-73.9121,-43.39552],[-73.91189,-43.39554],[-73.91184,-43.39548],[-73.91186,-43.39535],[-73.91179,-43.39531],[-73.91168,-43.3953],[-73.91158,-43.39543],[-73.91128,-43.39562],[-73.91096,-43.39572],[-73.91094,-43.39581],[-73.91098,-43.3959],[-73.91094,-43.39598],[-73.91078,-43.39601],[-73.91057,-43.39599],[-73.9104,-43.39607],[-73.90987,-43.39608],[-73.9097,-43.39625],[-73.90964,-43.39649],[-73.90936,-43.39669],[-73.90926,-43.39671],[-73.90884,-43.39667],[-73.90871,-43.39644],[-73.90853,-43.3963],[-73.9084,-43.39625],[-73.90833,-43.39614],[-73.90831,-43.39598],[-73.90816,-43.39575],[-73.90801,-43.3957],[-73.90741,-43.39492],[-73.90676,-43.39485],[-73.90616,-43.39473],[-73.90581,-43.3947],[-73.90479,-43.39468],[-73.90402,-43.39488],[-73.902909,-43.394889]]]},"properties":{"comuna":"Quellón","mancha_id":"10208-88ce127691fffff","clase":"Bajo","nivel_medio":1.339,"nivel_medio_min":1.339,"nivel_medio_max":1.339,"pct_alto":0.9,"n_hexagonos":1,"area_ha":26.18}},{"type":"Feature","geometry":{"type":"Polygon","coordinates":[[[-73.90532,-43.39625],[-73.90542,-43.3964],[-73.90542,-43.39653],[-73.90523,-43.39655],[-73.90511,-43.3965],[-73.90506,-43.39641],[-73.90505,-43.3963],[-73.90512,-43.39622],[-73.90532,-43.39625]]]},"properties":{"comuna":"Quellón","mancha_id":"10208-88ce127691fffff-2","clase":"Bajo","nivel_medio":1.339,"nivel_medio_min":1.339,"nivel_medio_max":1.339,"pct_alto":0.9,"n_hexagonos":1,"area_ha":0.08}},{"type":"Feature","geometry":{"type":"Polygon","coordinates":[[[-73.90851,-43.39727],[-73.90851,-43.39733],[-73.90846,-43.39737],[-73.90826,-43.39739],[-73.90794,-43.39723],[-73.90775,-43.39704],[-73.90774,-43.39698],[-73.90777,-43.39691],[-73.90803,-43.39684],[-73.9082,-43.39689],[-73.90831,-43.39715],[-73.90851,-43.39727]]]},"properties":{"comuna":"Quellón","mancha_id":"10208-88ce127691fffff-3","clase":"Bajo","nivel_medio":1.339,"nivel_medio_min":1.339,"nivel_medio_max":1.339,"pct_alto":0.9,"n_hexagonos":1,"area_ha":0.21}},{"type":"Feature","geometry":{"type":"Polygon","coordinates":[[[-73.90977,-43.39937],[-73.90997,-43.39955],[-73.91016,-43.39961],[-73.91035,-43.399791],[-73.908874,-43.400094],[-73.90875,-43.39966],[-73.90885,-43.39961],[-73.90914,-43.3993],[-73.90928,-43.39926],[-73.90942,-43.39926],[-73.90977,-43.39937]]]},"properties":{"comuna":"Quellón","mancha_id":"10208-88ce127691fffff-4","clase":"Bajo","nivel_medio":1.339,"nivel_medio_min":1.339,"nivel_medio_max":1.339,"pct_alto":0.9,"n_hexagonos":1,"area_ha":0.7}},{"type":"Feature","geometry":{"type":"Polygon","coordinates":[[[-73.88862,-43.40649],[-73.8883,-43.40643],[-73.8877,-43.40655],[-73.887194,-43.40655],[-73.888112,-43.404349],[-73.890216,-43.403918],[-73.89022,-43.404],[-73.88981,-43.40434],[-73.88972,-43.40457],[-73.8897,-43.40503],[-73.8898,-43.4052],[-73.88995,-43.40525],[-73.89071,-43.40533],[-73.89086,-43.40542],[-73.89104,-43.40563],[-73.89125,-43.4057],[-73.89145,-43.40582],[-73.89149,-43.40595],[-73.89146,-43.40611],[-73.8916,-43.40619],[-73.89176,-43.40641],[-73.8922,-43.40641],[-73.89225,-43.40646],[-73.89225,-43.40661],[-73.89208,-43.40688],[-73.89209,-43.40726],[-73.892,-43.40741],[-73.89166,-43.40768],[-73.89145,-43.4079],[-73.89116,-43.40802],[-73.89092,-43.40808],[-73.89063,-43.40809],[-73.89037,-43.40803],[-73.89024,-43.40789],[-73.89023,-43.40769],[-73.89041,-43.40743],[-73.89037,-43.40723],[-73.89024,-43.40718],[-73.88981,-43.40726],[-73.88943,-43.40725],[-73.88891,-43.40703],[-73.88882,-43.40691],[-73.88875,-43.40664],[-73.88862,-43.40649]]]},"properties":{"comuna":"Quellón","mancha_id":"10208-88ce12768bfffff","clase":"Bajo","nivel_medio":1.032,"nivel_medio_min":1.032,"nivel_medio_max":1.032,"pct_alto":0.0,"n_hexagonos":1,"area_ha":9.33}},{"type":"Feature","geometry":{"type":"Polygon","coordinates":[[[-73.89631,-43.40605],[-73.89651,-43.40603],[-73.89665,-43.40608],[-73.89669,-43.40616],[-73.89651,-43.40625],[-73.89636,-43.40625],[-73.89624,-43.40619],[-73.89623,-43.4061],[-73.89631,-43.40605]]]},"properties":{"comuna":"Quellón","mancha_id":"10208-88ce12768bfffff-2","clase":"Bajo","nivel_medio":1.032,"nivel_medio_min":1.032,"nivel_medio_max":1.032,"pct_alto":0.0,"n_hexagonos":1,"area_ha":0.07}},{"type":"Feature","geometry":{"type":"Polygon","coordinates":[[[-73.88746,-43.40886],[-73.88701,-43.40846],[-73.88689,-43.40818],[-73.88658,-43.40811],[-73.886553,-43.408088],[-73.886663,-43.407822],[-73.88678,-43.40774],[-73.88677,-43.40767],[-73.886739,-43.407641],[-73.886841,-43.407397],[-73.88708,-43.40738],[-73.88775,-43.407],[-73.88789,-43.40698],[-73.88807,-43.40699],[-73.88816,-43.40707],[-73.88834,-43.40757],[-73.8886,-43.40787],[-73.88846,-43.40815],[-73.88847,-43.40852],[-73.88773,-43.40887],[-73.88746,-43.40886]]]},"properties":{"comuna":"Quellón","mancha_id":"10208-88ce12768bfffff-3","clase":"Bajo","nivel_medio":1.032,"nivel_medio_min":1.032,"nivel_medio_max":1.032,"pct_alto":0.0,"n_hexagonos":1,"area_ha":2.24}},{"type":"Feature","geometry":{"type":"Polygon","coordinates":[[[-73.89558,-43.408],[-73.8957,-43.40818],[-73.89565,-43.40827],[-73.89552,-43.40839],[-73.89502,-43.40841],[-73.89493,-43.4083],[-73.89498,-43.4082],[-73.89535,-43.40798],[-73.89558,-43.408]]]},"properties":{"comuna":"Quellón","mancha_id":"10208-88ce12768bfffff-4","clase":"Bajo","nivel_medio":1.032,"nivel_medio_min":1.032,"nivel_medio_max":1.032,"pct_alto":0.0,"n_hexagonos":1,"area_ha":0.21}},{"type":"Feature","geometry":{"type":"Polygon","coordinates":[[[-73.88897,-43.4088],[-73.88916,-43.40903],[-73.88916,-43.40909],[-73.88905,-43.40917],[-73.88889,-43.4092],[-73.88878,-43.40919],[-73.88871,-43.40916],[-73.88864,-43.40903],[-73.88868,-43.40882],[-73.8888,-43.40875],[-73.88897,-43.4088]]]},"properties":{"comuna":"Quellón","mancha_id":"10208-88ce12768bfffff-5","clase":"Bajo","nivel_medio":1.032,"nivel_medio_min":1.032,"nivel_medio_max":1.032,"pct_alto":0.0,"n_hexagonos":1,"area_ha":0.15}},{"type":"Feature","geometry":{"type":"Polygon","coordinates":[[[-73.89371,-43.40948],[-73.89388,-43.4096],[-73.89394,-43.40973],[-73.89383,-43.40983],[-73.89361,-43.40984],[-73.89349,-43.40975],[-73.89345,-43.40966],[-73.89346,-43.40954],[-73.89351,-43.40948],[-73.89371,-43.40948]]]},"properties":{"comuna":"Quellón","mancha_id":"10208-88ce12768bfffff-6","clase":"Bajo","nivel_medio":1.032,"nivel_medio_min":1.032,"nivel_medio_max":1.032,"pct_alto":0.0,"n_hexagonos":1,"area_ha":0.12}},{"type":"Feature","geometry":{"type":"Polygon","coordinates":[[[-73.89636,-43.41034],[-73.89638,-43.41013],[-73.89649,-43.40992],[-73.896641,-43.409923],[-73.896406,-43.410487],[-73.89641,-43.41047],[-73.89636,-43.41034]]]},"properties":{"comuna":"Quellón","mancha_id":"10208-88ce12768bfffff-7","clase":"Bajo","nivel_medio":1.032,"nivel_medio_min":1.032,"nivel_medio_max":1.032,"pct_alto":0.0,"n_hexagonos":1,"area_ha":0.06}},{"type":"Feature","geometry":{"type":"Polygon","coordinates":[[[-73.82441,-43.41996],[-73.82503,-43.41988],[-73.82525,-43.41979],[-73.825291,-43.419741],[-73.825964,-43.420305],[-73.8258,-43.4204],[-73.8255,-43.42076],[-73.82515,-43.42101],[-73.82481,-43.42117],[-73.82412,-43.42135],[-73.82366,-43.42154],[-73.82305,-43.42195],[-73.82275,-43.42208],[-73.82235,-43.4222],[-73.82205,-43.4222],[-73.82192,-43.42214],[-73.82178,-43.42196],[-73.82178,-43.42183],[-73.82203,-43.42163],[-73.82222,-43.42156],[-73.82231,-43.4215],[-73.8227,-43.42132],[-73.82298,-43.42108],[-73.82332,-43.42089],[-73.8235,-43.42073],[-73.82366,-43.42047],[-73.82406,-43.4201],[-73.82441,-43.41996]]]},"properties":{"comuna":"Quellón","mancha_id":"10208-88ce127635fffff","clase":"Bajo","nivel_medio":0.632,"nivel_medio_min":0.632,"nivel_medio_max":0.632,"pct_alto":0.0,"n_hexagonos":1,"area_ha":3.44}},{"type":"Feature","geometry":{"type":"Polygon","coordinates":[[[-73.82242,-43.42585],[-73.82255,-43.42596],[-73.82245,-43.42606],[-73.82218,-43.42614],[-73.82187,-43.42596],[-73.82188,-43.4259],[-73.82203,-43.42583],[-73.82242,-43.42585]]]},"properties":{"comuna":"Quellón","mancha_id":"10208-88ce127635fffff-2","clase":"Bajo","nivel_medio":0.632,"nivel_medio_min":0.632,"nivel_medio_max":0.632,"pct_alto":0.0,"n_hexagonos":1,"area_ha":0.13}},{"type":"Feature","geometry":{"type":"Polygon","coordinates":[[[-73.82069,-43.42631],[-73.8208,-43.42637],[-73.820835,-43.426484],[-73.820453,-43.426562],[-73.82041,-43.42654],[-73.82027,-43.42638],[-73.82035,-43.42631],[-73.8205,-43.42626],[-73.82069,-43.42631]]]},"properties":{"comuna":"Quellón","mancha_id":"10208-88ce127635fffff-3","clase":"Bajo","nivel_medio":0.632,"nivel_medio_min":0.632,"nivel_medio_max":0.632,"pct_alto":0.0,"n_hexagonos":1,"area_ha":0.1}},{"type":"Feature","geometry":{"type":"Polygon","coordinates":[[[-73.78778,-43.35813],[-73.78789,-43.35823],[-73.78784,-43.3583],[-73.78773,-43.35834],[-73.78754,-43.35833],[-73.78746,-43.35827],[-73.78747,-43.35818],[-73.78756,-43.35812],[-73.78766,-43.3581],[-73.78778,-43.35813]]]},"properties":{"comuna":"Quellón","mancha_id":"10208-88ce1275cdfffff","clase":"Bajo","nivel_medio":1.468,"nivel_medio_min":1.468,"nivel_medio_max":1.468,"pct_alto":2.2,"n_hexagonos":1,"area_ha":0.07}},{"type":"Feature","geometry":{"type":"Polygon","coordinates":[[[-73.78759,-43.35869],[-73.7875,-43.35879],[-73.78711,-43.35899],[-73.787,-43.35937],[-73.78667,-43.35937],[-73.78644,-43.35934],[-73.78634,-43.35928],[-73.78619,-43.35894],[-73.78608,-43.35842],[-73.7862,-43.35836],[-73.78663,-43.35833],[-73.787,-43.35825],[-73.78713,-43.35825],[-73.78756,-43.35852],[-73.78759,-43.35869]]]},"properties":{"comuna":"Quellón","mancha_id":"10208-88ce1275cdfffff-2","clase":"Bajo","nivel_medio":1.468,"nivel_medio_min":1.468,"nivel_medio_max":1.468,"pct_alto":2.2,"n_hexagonos":1,"area_ha":1.05}},{"type":"Feature","geometry":{"type":"Polygon","coordinates":[[[-73.779067,-43.356193],[-73.778374,-43.355611],[-73.77245,-43.356821],[-73.768445,-43.353454],[-73.770362,-43.348878],[-73.776284,-43.347668],[-73.78029,-43.351034],[-73.786213,-43.349823],[-73.788129,-43.345246],[-73.792434,-43.344366],[-73.79241,-43.34457],[-73.79243,-43.34528],[-73.79253,-43.34562],[-73.7931,-43.34602],[-73.79313,-43.34624],[-73.79308,-43.34645],[-73.79289,-43.34675],[-73.79269,-43.34698],[-73.79177,-43.34777],[-73.79163,-43.34793],[-73.79156,-43.34812],[-73.79151,-43.34844],[-73.7914,-43.34865],[-73.79116,-43.34897],[-73.79063,-43.34949],[-73.78974,-43.35017],[-73.78819,-43.35108],[-73.787932,-43.351267],[-73.78662,-43.35222],[-73.78585,-43.35268],[-73.78519,-43.35291],[-73.78444,-43.35299],[-73.78361,-43.35302],[-73.78321,-43.3531],[-73.78255,-43.35329],[-73.78195,-43.35362],[-73.78128,-43.35414],[-73.77948,-43.35578],[-73.779067,-43.356193]]]},"properties":{"comuna":"Quellón","mancha_id":"10208-88ce1275c5fffff","clase":"Bajo","nivel_medio":1.467,"nivel_medio_min":1.41,"nivel_medio_max":1.49,"pct_alto":0.0,"n_hexagonos":3,"area_ha":113.09}},{"type":"Feature","geometry":{"type":"Polygon","coordinates":[[[-73.80146,-43.31112],[-73.80164,-43.31123],[-73.80171,-43.31138],[-73.80149,-43.31164],[-73.80132,-43.31168],[-73.80109,-43.31167],[-73.80094,-43.31153],[-73.80087,-43.31137],[-73.801,-43.31123],[-73.80136,-43.3111],[-73.80146,-43.31112]]]},"properties":{"comuna":"Quellón","mancha_id":"10208-88ce1275b1fffff","clase":"Bajo","nivel_medio":1.032,"nivel_medio_min":1.032,"nivel_medio_max":1.032,"pct_alto":0.0,"n_hexagonos":1,"area_ha":0.31}},{"type":"Feature","geometry":{"type":"Polygon","coordinates":[[[-73.80061,-43.31138],[-73.80061,-43.31148],[-73.80055,-43.31153],[-73.8004,-43.31155],[-73.80029,-43.31151],[-73.80026,-43.31139],[-73.80032,-43.31132],[-73.80054,-43.31134],[-73.80061,-43.31138]]]},"properties":{"comuna":"Quellón","mancha_id":"10208-88ce1275b1fffff-2","clase":"Bajo","nivel_medio":1.032,"nivel_medio_min":1.032,"nivel_medio_max":1.032,"pct_alto":0.0,"n_hexagonos":1,"area_ha":0.06}},{"type":"Feature","geometry":{"type":"Polygon","coordinates":[[[-73.80424,-43.31314],[-73.80393,-43.31335],[-73.80342,-43.3136],[-73.80308,-43.31361],[-73.80296,-43.31347],[-73.80301,-43.3133],[-73.80334,-43.31302],[-73.80399,-43.31272],[-73.80443,-43.31258],[-73.80471,-43.31241],[-73.80495,-43.3124],[-73.80513,-43.31251],[-73.80515,-43.3126],[-73.80512,-43.31268],[-73.80474,-43.31292],[-73.80424,-43.31314]]]},"properties":{"comuna":"Quellón","mancha_id":"10208-88ce1275b1fffff-3","clase":"Bajo","nivel_medio":1.032,"nivel_medio_min":1.032,"nivel_medio_max":1.032,"pct_alto":0.0,"n_hexagonos":1,"area_ha":0.97}},{"type":"Feature","geometry":{"type":"Polygon","coordinates":[[[-73.805897,-43.341611],[-73.803983,-43.346189],[-73.800715,-43.346857],[-73.8007,-43.3467],[-73.80083,-43.34628],[-73.80094,-43.34553],[-73.80114,-43.34465],[-73.80118,-43.34393],[-73.80124,-43.34372],[-73.80166,-43.34316],[-73.80214,-43.34283],[-73.8023,-43.3426],[-73.80239,-43.34213],[-73.80257,-43.34188],[-73.80349,-43.34114],[-73.80415,-43.34074],[-73.80432,-43.34057],[-73.804427,-43.340376],[-73.805897,-43.341611]]]},"properties":{"comuna":"Quellón","mancha_id":"10208-88ce127589fffff","clase":"Bajo","nivel_medio":1.273,"nivel_medio_min":1.273,"nivel_medio_max":1.273,"pct_alto":0.0,"n_hexagonos":1,"area_ha":16.62}},{"type":"Feature","geometry":{"type":"Polygon","coordinates":[[[-73.793876,-43.331515],[-73.79196,-43.336092],[-73.786039,-43.337304],[-73.782033,-43.333938],[-73.783949,-43.329362],[-73.78987,-43.32815],[-73.793876,-43.331515]]]},"properties":{"comuna":"Quellón","mancha_id":"10208-88ce127585fffff","clase":"Bajo","nivel_medio":1.433,"nivel_medio_min":1.433,"nivel_medio_max":1.433,"pct_alto":0.0,"n_hexagonos":1,"area_ha":66.98}},{"type":"Feature","geometry":{"type":"Polygon","coordinates":[[[-73.81129,-43.32782],[-73.811321,-43.32761],[-73.81164,-43.327878],[-73.811486,-43.328247],[-73.81133,-43.32798],[-73.81129,-43.32782]]]},"properties":{"comuna":"Quellón","mancha_id":"10208-88ce127583fffff","clase":"Bajo","nivel_medio":1.276,"nivel_medio_min":1.276,"nivel_medio_max":1.276,"pct_alto":0.0,"n_hexagonos":1,"area_ha":0.1}},{"type":"Feature","geometry":{"type":"Polygon","coordinates":[[[-73.799797,-43.330303],[-73.801711,-43.325726],[-73.797705,-43.322361],[-73.791785,-43.323573],[-73.78778,-43.320209],[-73.788068,-43.31952],[-73.78815,-43.31972],[-73.78821,-43.32025],[-73.78949,-43.31992],[-73.79088,-43.31983],[-73.79118,-43.31988],[-73.79161,-43.31983],[-73.79233,-43.31952],[-73.79306,-43.3192],[-73.79355,-43.31903],[-73.79399,-43.319],[-73.79494,-43.31909],[-73.79564,-43.31909],[-73.7959,-43.31904],[-73.79613,-43.31895],[-73.79651,-43.31884],[-73.79693,-43.31887],[-73.79753,-43.31886],[-73.79795,-43.31864],[-73.7981,-43.31859],[-73.79884,-43.31858],[-73.79909,-43.31854],[-73.799348,-43.318434],[-73.79984,-43.31823],[-73.80062,-43.31783],[-73.80171,-43.31738],[-73.801866,-43.317324],[-73.80235,-43.31715],[-73.802703,-43.317153],[-73.80374,-43.31716],[-73.80425,-43.31704],[-73.80469,-43.31707],[-73.80516,-43.31739],[-73.80529,-43.31743],[-73.80546,-43.31741],[-73.80561,-43.31732],[-73.80587,-43.31705],[-73.806007,-43.316964],[-73.806462,-43.317347],[-73.80635,-43.31748],[-73.80632,-43.31771],[-73.80621,-43.31787],[-73.80579,-43.31812],[-73.80579,-43.31832],[-73.80591,-43.31841],[-73.80645,-43.31844],[-73.80685,-43.31866],[-73.80689,-43.3188],[-73.80684,-43.31909],[-73.80687,-43.3193],[-73.80661,-43.31964],[-73.80666,-43.32018],[-73.80678,-43.32029],[-73.80733,-43.32041],[-73.80798,-43.32038],[-73.80813,-43.32051],[-73.80807,-43.32076],[-73.80789,-43.32112],[-73.80789,-43.32127],[-73.80794,-43.32141],[-73.80776,-43.32173],[-73.80776,-43.32196],[-73.8079,-43.32219],[-73.80809,-43.32227],[-73.80819,-43.32261],[-73.80834,-43.32272],[-73.808375,-43.322735],[-73.807632,-43.324513],[-73.807694,-43.324566],[-73.80759,-43.32467],[-73.80759,-43.32478],[-73.80765,-43.32491],[-73.80762,-43.32519],[-73.8063,-43.32585],[-73.80585,-43.32619],[-73.8054,-43.32669],[-73.80493,-43.32705],[-73.8044,-43.32761],[-73.80383,-43.32868],[-73.80384,-43.32878],[-73.80392,-43.32895],[-73.80417,-43.32923],[-73.80406,-43.32959],[-73.80428,-43.32996],[-73.80428,-43.33007],[-73.80418,-43.33025],[-73.80399,-43.33042],[-73.80391,-43.33061],[-73.80385,-43.33093],[-73.80333,-43.33156],[-73.8028,-43.33188],[-73.802308,-43.332412],[-73.799797,-43.330303]]]},"properties":{"comuna":"Quellón","mancha_id":"10208-88ce127583fffff-2","clase":"Bajo","nivel_medio":1.25,"nivel_medio_min":1.032,"nivel_medio_max":1.346,"pct_alto":0.1,"n_hexagonos":4,"area_ha":112.67}},{"type":"Feature","geometry":{"type":"Polygon","coordinates":[[[-73.70979,-43.39427],[-73.70939,-43.39429],[-73.70915,-43.39436],[-73.70903,-43.39438],[-73.70884,-43.39408],[-73.70904,-43.39392],[-73.70914,-43.39391],[-73.7096,-43.39387],[-73.70986,-43.39393],[-73.71006,-43.39411],[-73.71002,-43.39424],[-73.70979,-43.39427]]]},"properties":{"comuna":"Quellón","mancha_id":"10208-88ce12756dfffff","clase":"Bajo","nivel_medio":1.453,"nivel_medio_min":1.453,"nivel_medio_max":1.453,"pct_alto":0.0,"n_hexagonos":1,"area_ha":0.38}},{"type":"Feature","geometry":{"type":"Polygon","coordinates":[[[-73.75813,-43.38957],[-73.75804,-43.38961],[-73.75789,-43.38963],[-73.75769,-43.38984],[-73.7575,-43.38986],[-73.75741,-43.3898],[-73.75741,-43.38963],[-73.75759,-43.38949],[-73.7578,-43.38938],[-73.75803,-43.38939],[-73.75814,-43.3895],[-73.75813,-43.38957]]]},"properties":{"comuna":"Quellón","mancha_id":"10208-88ce12755dfffff","clase":"Bajo","nivel_medio":0.679,"nivel_medio_min":0.679,"nivel_medio_max":0.679,"pct_alto":0.0,"n_hexagonos":1,"area_ha":0.18}},{"type":"Feature","geometry":{"type":"Polygon","coordinates":[[[-73.75816,-43.39007],[-73.75818,-43.39017],[-73.75799,-43.39027],[-73.75784,-43.39028],[-73.75772,-43.39026],[-73.75754,-43.39011],[-73.75757,-43.39004],[-73.75768,-43.38998],[-73.75793,-43.38999],[-73.75808,-43.39003],[-73.75816,-43.39007]]]},"properties":{"comuna":"Quellón","mancha_id":"10208-88ce12755dfffff-2","clase":"Bajo","nivel_medio":0.679,"nivel_medio_min":0.679,"nivel_medio_max":0.679,"pct_alto":0.0,"n_hexagonos":1,"area_ha":0.13}},{"type":"Feature","geometry":{"type":"Polygon","coordinates":[[[-73.75878,-43.39162],[-73.75896,-43.39175],[-73.75896,-43.39184],[-73.7588,-43.39195],[-73.75862,-43.39191],[-73.75852,-43.39184],[-73.75855,-43.39166],[-73.75863,-43.39162],[-73.75878,-43.39162]]]},"properties":{"comuna":"Quellón","mancha_id":"10208-88ce12755dfffff-3","clase":"Bajo","nivel_medio":0.679,"nivel_medio_min":0.679,"nivel_medio_max":0.679,"pct_alto":0.0,"n_hexagonos":1,"area_ha":0.1}},{"type":"Feature","geometry":{"type":"Polygon","coordinates":[[[-73.75743,-43.39232],[-73.75704,-43.39236],[-73.75683,-43.39266],[-73.7566,-43.39271],[-73.75649,-43.3927],[-73.75615,-43.39245],[-73.75567,-43.3923],[-73.75558,-43.39217],[-73.75558,-43.39206],[-73.75564,-43.392],[-73.7559,-43.39188],[-73.75674,-43.39186],[-73.75707,-43.39171],[-73.75729,-43.39172],[-73.75754,-43.3918],[-73.75765,-43.39196],[-73.75765,-43.39217],[-73.75756,-43.39227],[-73.75743,-43.39232]]]},"properties":{"comuna":"Quellón","mancha_id":"10208-88ce12755dfffff-4","clase":"Bajo","nivel_medio":0.679,"nivel_medio_min":0.679,"nivel_medio_max":0.679,"pct_alto":0.0,"n_hexagonos":1,"area_ha":1.13}},{"type":"Feature","geometry":{"type":"Polygon","coordinates":[[[-73.75777,-43.38746],[-73.75786,-43.38755],[-73.757905,-43.38772],[-73.75778,-43.38781],[-73.75766,-43.3878],[-73.75753,-43.38768],[-73.75752,-43.38751],[-73.75755,-43.38745],[-73.75769,-43.38742],[-73.75777,-43.38746]]]},"properties":{"comuna":"Quellón","mancha_id":"10208-88ce127555fffff","clase":"Bajo","nivel_medio":0.989,"nivel_medio_min":0.989,"nivel_medio_max":0.989,"pct_alto":0.0,"n_hexagonos":1,"area_ha":0.1}},{"type":"Feature","geometry":{"type":"Polygon","coordinates":[[[-73.75765,-43.38891],[-73.75763,-43.38906],[-73.757543,-43.389157],[-73.75719,-43.38955],[-73.75636,-43.39007],[-73.7559,-43.39022],[-73.75565,-43.39024],[-73.75541,-43.39023],[-73.7552,-43.39018],[-73.75505,-43.39009],[-73.75497,-43.38999],[-73.75492,-43.38982],[-73.754939,-43.389687],[-73.75496,-43.38954],[-73.75511,-43.38937],[-73.75534,-43.3892],[-73.75566,-43.38903],[-73.7563,-43.38882],[-73.7565,-43.38882],[-73.75672,-43.38886],[-73.75694,-43.38886],[-73.75726,-43.38881],[-73.7576,-43.38884],[-73.75765,-43.38891]]]},"properties":{"comuna":"Quellón","mancha_id":"10208-88ce127555fffff-2","clase":"Bajo","nivel_medio":0.838,"nivel_medio_min":0.679,"nivel_medio_max":0.989,"pct_alto":0.0,"n_hexagonos":2,"area_ha":2.3}},{"type":"Feature","geometry":{"type":"Polygon","coordinates":[[[-73.74169,-43.39766],[-73.74169,-43.39783],[-73.74148,-43.39784],[-73.7412,-43.39786],[-73.74111,-43.39771],[-73.74121,-43.39755],[-73.74135,-43.39755],[-73.74165,-43.39757],[-73.74169,-43.39766]]]},"properties":{"comuna":"Quellón","mancha_id":"10208-88ce127541fffff","clase":"Bajo","nivel_medio":1.103,"nivel_medio_min":1.103,"nivel_medio_max":1.103,"pct_alto":0.0,"n_hexagonos":1,"area_ha":0.14}},{"type":"Feature","geometry":{"type":"Polygon","coordinates":[[[-73.74221,-43.39784],[-73.74241,-43.39793],[-73.7424,-43.39804],[-73.7422,-43.39826],[-73.7418,-43.3982],[-73.74178,-43.39807],[-73.74197,-43.39786],[-73.74221,-43.39784]]]},"properties":{"comuna":"Quellón","mancha_id":"10208-88ce127541fffff-2","clase":"Bajo","nivel_medio":1.103,"nivel_medio_min":1.103,"nivel_medio_max":1.103,"pct_alto":0.0,"n_hexagonos":1,"area_ha":0.17}},{"type":"Feature","geometry":{"type":"Polygon","coordinates":[[[-73.74315,-43.39994],[-73.74296,-43.40006],[-73.74278,-43.40014],[-73.7425,-43.4003],[-73.74218,-43.4003],[-73.74204,-43.40018],[-73.74237,-43.39986],[-73.74291,-43.39967],[-73.74311,-43.39972],[-73.74315,-43.39982],[-73.74315,-43.39994]]]},"properties":{"comuna":"Quellón","mancha_id":"10208-88ce127541fffff-3","clase":"Bajo","nivel_medio":1.103,"nivel_medio_min":1.103,"nivel_medio_max":1.103,"pct_alto":0.0,"n_hexagonos":1,"area_ha":0.36}},{"type":"Feature","geometry":{"type":"Polygon","coordinates":[[[-73.729071,-43.369856],[-73.72715,-43.374431],[-73.721227,-43.375637],[-73.717225,-43.372269],[-73.719147,-43.367695],[-73.725069,-43.366488],[-73.72699,-43.361914],[-73.732911,-43.360706],[-73.734831,-43.356131],[-73.740753,-43.354924],[-73.744755,-43.35829],[-73.742836,-43.362866],[-73.736914,-43.364074],[-73.734993,-43.368649],[-73.729071,-43.369856]]]},"properties":{"comuna":"Quellón","mancha_id":"10208-88ce127529fffff","clase":"Bajo","nivel_medio":1.28,"nivel_medio_min":1.203,"nivel_medio_max":1.402,"pct_alto":0.0,"n_hexagonos":3,"area_ha":200.8}},{"type":"Feature","geometry":{"type":"Polygon","coordinates":[[[-73.724909,-43.353972],[-73.722989,-43.358546],[-73.717067,-43.359753],[-73.713068,-43.356386],[-73.714989,-43.351812],[-73.720909,-43.350605],[-73.724909,-43.353972]]]},"properties":{"comuna":"Quellón","mancha_id":"10208-88ce127527fffff","clase":"Bajo","nivel_medio":1.336,"nivel_medio_min":1.336,"nivel_medio_max":1.336,"pct_alto":0.0,"n_hexagonos":1,"area_ha":66.91}},{"type":"Feature","geometry":{"type":"Polygon","coordinates":[[[-73.77988,-43.36461],[-73.77992,-43.36471],[-73.77979,-43.36488],[-73.77953,-43.36491],[-73.77938,-43.36477],[-73.77937,-43.36462],[-73.77942,-43.36457],[-73.77963,-43.36454],[-73.77988,-43.36461]]]},"properties":{"comuna":"Quellón","mancha_id":"10208-88ce12751bfffff","clase":"Bajo","nivel_medio":1.189,"nivel_medio_min":1.189,"nivel_medio_max":1.189,"pct_alto":0.0,"n_hexagonos":1,"area_ha":0.14}},{"type":"Feature","geometry":{"type":"Polygon","coordinates":[[[-73.77943,-43.36712],[-73.77933,-43.36726],[-73.77908,-43.36746],[-73.77895,-43.36752],[-73.77881,-43.36749],[-73.77873,-43.36745],[-73.77868,-43.36731],[-73.77879,-43.36705],[-73.779,-43.36693],[-73.77926,-43.36689],[-73.77943,-43.367],[-73.77943,-43.36712]]]},"properties":{"comuna":"Quellón","mancha_id":"10208-88ce12751bfffff-2","clase":"Bajo","nivel_medio":1.189,"nivel_medio_min":1.189,"nivel_medio_max":1.189,"pct_alto":0.0,"n_hexagonos":1,"area_ha":0.28}},{"type":"Feature","geometry":{"type":"Polygon","coordinates":[[[-73.77921,-43.36791],[-73.77921,-43.368],[-73.77912,-43.3681],[-73.77903,-43.36813],[-73.77886,-43.3681],[-73.77881,-43.36802],[-73.77882,-43.36795],[-73.77886,-43.36788],[-73.77897,-43.36782],[-73.77913,-43.36784],[-73.77921,-43.36791]]]},"properties":{"comuna":"Quellón","mancha_id":"10208-88ce12751bfffff-3","clase":"Bajo","nivel_medio":1.189,"nivel_medio_min":1.189,"nivel_medio_max":1.189,"pct_alto":0.0,"n_hexagonos":1,"area_ha":0.09}},{"type":"Feature","geometry":{"type":"Polygon","coordinates":[[[-73.903192,-43.355165],[-73.901283,-43.359747],[-73.895354,-43.360964],[-73.891335,-43.357599],[-73.893245,-43.353018],[-73.899172,-43.351801],[-73.903192,-43.355165]]]},"properties":{"comuna":"Quellón","mancha_id":"10208-88ce1274d3fffff","clase":"Bajo","nivel_medio":1.436,"nivel_medio_min":1.436,"nivel_medio_max":1.436,"pct_alto":0.0,"n_hexagonos":1,"area_ha":67.11}},{"type":"Feature","geometry":{"type":"Polygon","coordinates":[[[-73.796675,-43.389543],[-73.796767,-43.389621],[-73.79666,-43.389546],[-73.796675,-43.389543]]]},"properties":{"comuna":"Quellón","mancha_id":"10208-88ce127463fffff","clase":"Bajo","nivel_medio":0.645,"nivel_medio_min":0.645,"nivel_medio_max":0.645,"pct_alto":0.0,"n_hexagonos":1,"area_ha":0.0}},{"type":"Feature","geometry":{"type":"Polygon","coordinates":[[[-73.83082,-43.41133],[-73.830974,-43.411249],[-73.8307,-43.411905],[-73.82967,-43.412115],[-73.82967,-43.41207],[-73.82986,-43.41181],[-73.8303,-43.4115],[-73.83082,-43.41133]]]},"properties":{"comuna":"Quellón","mancha_id":"10208-88ce12745dfffff","clase":"Bajo","nivel_medio":1.118,"nivel_medio_min":1.118,"nivel_medio_max":1.118,"pct_alto":0.0,"n_hexagonos":1,"area_ha":0.42}},{"type":"Feature","geometry":{"type":"Polygon","coordinates":[[[-73.80434,-43.371232],[-73.80033,-43.367865],[-73.800254,-43.367881],[-73.800401,-43.367697],[-73.80043,-43.36766],[-73.80097,-43.36727],[-73.80119,-43.36727],[-73.80127,-43.36763],[-73.80156,-43.36771],[-73.80185,-43.36772],[-73.80229,-43.36742],[-73.80239,-43.36731],[-73.80257,-43.36694],[-73.80269,-43.36655],[-73.80276,-43.36604],[-73.80272,-43.36566],[-73.80264,-43.3655],[-73.8023,-43.3651],[-73.80216,-43.36471],[-73.80204,-43.36448],[-73.80185,-43.36424],[-73.801848,-43.364239],[-73.80161,-43.36409],[-73.80087,-43.36349],[-73.80056,-43.36339],[-73.80025,-43.36336],[-73.80011,-43.36339],[-73.79951,-43.36365],[-73.79912,-43.36373],[-73.79885,-43.36376],[-73.79844,-43.36372],[-73.79785,-43.36357],[-73.79759,-43.36348],[-73.79734,-43.36332],[-73.79701,-43.36273],[-73.79685,-43.36253],[-73.79658,-43.3623],[-73.79617,-43.3621],[-73.79605,-43.36201],[-73.79597,-43.36165],[-73.79611,-43.36128],[-73.79615,-43.36103],[-73.795723,-43.360435],[-73.798237,-43.359921],[-73.800152,-43.355344],[-73.806076,-43.354132],[-73.810086,-43.357498],[-73.816011,-43.356286],[-73.820022,-43.359651],[-73.818107,-43.36423],[-73.812181,-43.365442],[-73.810266,-43.37002],[-73.80434,-43.371232]]]},"properties":{"comuna":"Quellón","mancha_id":"10208-88ce127435fffff","clase":"Bajo","nivel_medio":1.38,"nivel_medio_min":1.043,"nivel_medio_max":1.478,"pct_alto":0.1,"n_hexagonos":4,"area_ha":210.17}},{"type":"Feature","geometry":{"type":"Polygon","coordinates":[[[-73.68641,-43.39111],[-73.6866,-43.39149],[-73.68659,-43.39176],[-73.68651,-43.3919],[-73.68627,-43.3919],[-73.68583,-43.39184],[-73.68563,-43.39169],[-73.68564,-43.39148],[-73.68577,-43.3911],[-73.68601,-43.39102],[-73.68641,-43.39111]]]},"properties":{"comuna":"Quellón","mancha_id":"10208-88ce1270b5fffff","clase":"Bajo","nivel_medio":1.205,"nivel_medio_min":1.205,"nivel_medio_max":1.205,"pct_alto":0.0,"n_hexagonos":1,"area_ha":0.62}},{"type":"Feature","geometry":{"type":"Polygon","coordinates":[[[-73.68637,-43.3929],[-73.68636,-43.39322],[-73.68623,-43.39357],[-73.68579,-43.3938],[-73.68515,-43.39379],[-73.68482,-43.39379],[-73.68463,-43.39332],[-73.68464,-43.39294],[-73.68493,-43.39265],[-73.68562,-43.39245],[-73.68594,-43.39242],[-73.68625,-43.39269],[-73.68637,-43.3929]]]},"properties":{"comuna":"Quellón","mancha_id":"10208-88ce1270b5fffff-2","clase":"Bajo","nivel_medio":1.205,"nivel_medio_min":1.205,"nivel_medio_max":1.205,"pct_alto":0.0,"n_hexagonos":1,"area_ha":1.75}},{"type":"Feature","geometry":{"type":"Polygon","coordinates":[[[-73.68315,-43.39419],[-73.68311,-43.39431],[-73.6829,-43.39444],[-73.68272,-43.39447],[-73.68258,-43.39438],[-73.68251,-43.3942],[-73.68251,-43.39402],[-73.68251,-43.39383],[-73.68252,-43.39375],[-73.6827,-43.39373],[-73.68298,-43.39365],[-73.68318,-43.39367],[-73.68338,-43.39379],[-73.68338,-43.39395],[-73.68315,-43.39419]]]},"properties":{"comuna":"Quellón","mancha_id":"10208-88ce1270b5fffff-3","clase":"Bajo","nivel_medio":1.205,"nivel_medio_min":1.205,"nivel_medio_max":1.205,"pct_alto":0.0,"n_hexagonos":1,"area_ha":0.47}},{"type":"Feature","geometry":{"type":"Polygon","coordinates":[[[-73.6998,-43.38941],[-73.69926,-43.38941],[-73.69894,-43.38945],[-73.69876,-43.38949],[-73.69854,-43.38943],[-73.69846,-43.38919],[-73.69865,-43.38883],[-73.69891,-43.38867],[-73.69928,-43.3885],[-73.69949,-43.38814],[-73.70014,-43.38778],[-73.70042,-43.38753],[-73.70043,-43.38724],[-73.70051,-43.38718],[-73.70077,-43.38718],[-73.70095,-43.38727],[-73.70123,-43.38755],[-73.70104,-43.38785],[-73.70095,-43.3883],[-73.70078,-43.38863],[-73.70049,-43.38902],[-73.70021,-43.38931],[-73.6998,-43.38941]]]},"properties":{"comuna":"Quellón","mancha_id":"10208-88ce1270b3fffff","clase":"Bajo","nivel_medio":1.094,"nivel_medio_min":1.094,"nivel_medio_max":1.094,"pct_alto":0.0,"n_hexagonos":1,"area_ha":2.79}},{"type":"Feature","geometry":{"type":"Polygon","coordinates":[[[-73.70388,-43.38829],[-73.7042,-43.38826],[-73.70462,-43.38827],[-73.70492,-43.38833],[-73.705006,-43.388458],[-73.70502,-43.38848],[-73.70502,-43.3887],[-73.704879,-43.388758],[-73.70461,-43.38887],[-73.70417,-43.38899],[-73.70391,-43.38896],[-73.70375,-43.38867],[-73.70373,-43.38852],[-73.70374,-43.38836],[-73.70388,-43.38829]]]},"properties":{"comuna":"Quellón","mancha_id":"10208-88ce1270b3fffff-2","clase":"Bajo","nivel_medio":1.11,"nivel_medio_min":1.094,"nivel_medio_max":1.453,"pct_alto":0.0,"n_hexagonos":2,"area_ha":0.67}},{"type":"Feature","geometry":{"type":"Polygon","coordinates":[[[-73.70297,-43.38867],[-73.70299,-43.3888],[-73.70298,-43.3891],[-73.70292,-43.38929],[-73.70265,-43.38944],[-73.70241,-43.38944],[-73.70209,-43.38939],[-73.70203,-43.3892],[-73.70208,-43.38904],[-73.70232,-43.38893],[-73.70248,-43.38878],[-73.70265,-43.38854],[-73.70273,-43.38842],[-73.70289,-43.38839],[-73.70297,-43.38867]]]},"properties":{"comuna":"Quellón","mancha_id":"10208-88ce1270b3fffff-3","clase":"Bajo","nivel_medio":1.094,"nivel_medio_min":1.094,"nivel_medio_max":1.094,"pct_alto":0.0,"n_hexagonos":1,"area_ha":0.56}},{"type":"Feature","geometry":{"type":"Polygon","coordinates":[[[-73.70329,-43.39153],[-73.70331,-43.39137],[-73.70359,-43.39133],[-73.703758,-43.391426],[-73.70387,-43.39149],[-73.70405,-43.39161],[-73.70421,-43.39173],[-73.70433,-43.39182],[-73.70441,-43.39191],[-73.70442,-43.39216],[-73.704143,-43.392218],[-73.703613,-43.391771],[-73.703298,-43.391835],[-73.70329,-43.39153]]]},"properties":{"comuna":"Quellón","mancha_id":"10208-88ce1270b3fffff-4","clase":"Bajo","nivel_medio":1.373,"nivel_medio_min":1.094,"nivel_medio_max":1.453,"pct_alto":0.0,"n_hexagonos":2,"area_ha":0.46}},{"type":"Feature","geometry":{"type":"Polygon","coordinates":[[[-73.70145,-43.39202],[-73.70161,-43.39192],[-73.70177,-43.39195],[-73.70193,-43.3921],[-73.701933,-43.392113],[-73.701365,-43.392229],[-73.70133,-43.39214],[-73.70145,-43.39202]]]},"properties":{"comuna":"Quellón","mancha_id":"10208-88ce1270b3fffff-5","clase":"Bajo","nivel_medio":1.094,"nivel_medio_min":1.094,"nivel_medio_max":1.094,"pct_alto":0.0,"n_hexagonos":1,"area_ha":0.09}},{"type":"Feature","geometry":{"type":"Polygon","coordinates":[[[-73.69944,-43.39248],[-73.69968,-43.39222],[-73.6999,-43.39222],[-73.70032,-43.39229],[-73.700646,-43.392375],[-73.699304,-43.392648],[-73.69944,-43.39248]]]},"properties":{"comuna":"Quellón","mancha_id":"10208-88ce1270b3fffff-6","clase":"Bajo","nivel_medio":1.094,"nivel_medio_min":1.094,"nivel_medio_max":1.094,"pct_alto":0.0,"n_hexagonos":1,"area_ha":0.24}},{"type":"Feature","geometry":{"type":"Polygon","coordinates":[[[-73.69139,-43.39546],[-73.69112,-43.39584],[-73.69098,-43.39601],[-73.6908,-43.39601],[-73.69044,-43.396],[-73.69012,-43.39593],[-73.68978,-43.39576],[-73.68954,-43.39551],[-73.68951,-43.3952],[-73.6896,-43.3949],[-73.68984,-43.39461],[-73.69035,-43.3943],[-73.69112,-43.39425],[-73.69126,-43.39427],[-73.69192,-43.39431],[-73.69213,-43.39453],[-73.69154,-43.39505],[-73.69139,-43.39546]]]},"properties":{"comuna":"Quellón","mancha_id":"10208-88ce1270b1fffff","clase":"Bajo","nivel_medio":0.688,"nivel_medio_min":0.688,"nivel_medio_max":0.688,"pct_alto":0.0,"n_hexagonos":1,"area_ha":2.8}},{"type":"Feature","geometry":{"type":"Polygon","coordinates":[[[-73.72001,-43.39714],[-73.719935,-43.396817],[-73.71991,-43.39671],[-73.71992,-43.39634],[-73.72003,-43.39591],[-73.72001,-43.39563],[-73.71981,-43.39556],[-73.71941,-43.39555],[-73.7191,-43.39555],[-73.71891,-43.39542],[-73.71886,-43.39531],[-73.71888,-43.39522],[-73.71915,-43.3951],[-73.71941,-43.3949],[-73.71935,-43.3947],[-73.71899,-43.39448],[-73.71841,-43.39393],[-73.71838,-43.3937],[-73.71829,-43.39333],[-73.718,-43.39264],[-73.71767,-43.39234],[-73.71739,-43.39211],[-73.71666,-43.39183],[-73.71514,-43.39176],[-73.714489,-43.391675],[-73.71407,-43.39162],[-73.71345,-43.39157],[-73.71284,-43.39152],[-73.71225,-43.39126],[-73.71164,-43.39086],[-73.71085,-43.39053],[-73.70955,-43.39035],[-73.70877,-43.39032],[-73.7079,-43.39046],[-73.70741,-43.39043],[-73.70709,-43.39027],[-73.70684,-43.38992],[-73.70662,-43.38937],[-73.70649,-43.38908],[-73.70643,-43.38877],[-73.70656,-43.38849],[-73.70661,-43.38791],[-73.70652,-43.38757],[-73.7065,-43.3875],[-73.70641,-43.38718],[-73.7064,-43.387022],[-73.711459,-43.385992],[-73.715461,-43.389361],[-73.721386,-43.388155],[-73.725389,-43.391523],[-73.731314,-43.390317],[-73.733235,-43.385742],[-73.73916,-43.384535],[-73.74108,-43.379959],[-73.747005,-43.378752],[-73.75101,-43.382119],[-73.756935,-43.380911],[-73.758854,-43.376335],[-73.764779,-43.375126],[-73.766697,-43.37055],[-73.772622,-43.36934],[-73.774539,-43.364764],[-73.780463,-43.363554],[-73.78238,-43.358977],[-73.780192,-43.357138],[-73.78083,-43.35676],[-73.78148,-43.35652],[-73.78167,-43.35652],[-73.78179,-43.35657],[-73.782,-43.35658],[-73.78232,-43.35643],[-73.7825,-43.35631],[-73.78273,-43.35627],[-73.78294,-43.35628],[-73.78325,-43.35644],[-73.78353,-43.35669],[-73.78356,-43.35696],[-73.78364,-43.35703],[-73.78366,-43.35764],[-73.78362,-43.3578],[-73.78337,-43.35812],[-73.78318,-43.35828],[-73.78316,-43.35864],[-73.78321,-43.358807],[-73.78327,-43.35901],[-73.78361,-43.35919],[-73.7842,-43.35922],[-73.78462,-43.35915],[-73.78513,-43.35911],[-73.78535,-43.35898],[-73.78544,-43.35885],[-73.78559,-43.35882],[-73.78574,-43.35885],[-73.78582,-43.35895],[-73.78577,-43.35937],[-73.78614,-43.35966],[-73.78633,-43.36012],[-73.78632,-43.36026],[-73.7861,-43.36062],[-73.78611,-43.3611],[-73.78608,-43.36133],[-73.78588,-43.36151],[-73.78523,-43.36186],[-73.78495,-43.36228],[-73.78464,-43.36261],[-73.78438,-43.363],[-73.78443,-43.36329],[-73.78465,-43.36369],[-73.78476,-43.36402],[-73.78482,-43.36438],[-73.78458,-43.36481],[-73.78444,-43.36497],[-73.78424,-43.36512],[-73.7837,-43.36542],[-73.78309,-43.36561],[-73.782974,-43.365663],[-73.78228,-43.36598],[-73.7819,-43.36601],[-73.78162,-43.36591],[-73.78103,-43.36528],[-73.78074,-43.3651],[-73.78073,-43.36488],[-73.78096,-43.36444],[-73.78099,-43.36426],[-73.78087,-43.36411],[-73.78067,-43.36405],[-73.78047,-43.36405],[-73.78013,-43.3641],[-73.77922,-43.36442],[-73.77867,-43.36455],[-73.7784,-43.36473],[-73.77856,-43.36505],[-73.77852,-43.3652],[-73.77829,-43.36532],[-73.77811,-43.36534],[-73.77782,-43.3653],[-73.77773,-43.36532],[-73.77765,-43.3654],[-73.77766,-43.36558],[-73.77797,-43.36596],[-73.77796,-43.36605],[-73.77767,-43.3663],[-73.77753,-43.36635],[-73.77735,-43.36666],[-73.77716,-43.36677],[-73.77701,-43.3668],[-73.77649,-43.36678],[-73.77632,-43.36682],[-73.77618,-43.36691],[-73.77613,-43.36717],[-73.77627,-43.36799],[-73.77638,-43.36813],[-73.77642,-43.36828],[-73.77682,-43.36861],[-73.77695,-43.36898],[-73.77702,-43.36905],[-73.77718,-43.36911],[-73.77726,-43.36925],[-73.77725,-43.36951],[-73.77696,-43.36975],[-73.77671,-43.36987],[-73.77661,-43.37003],[-73.77687,-43.37008],[-73.77712,-43.37009],[-73.77717,-43.37018],[-73.77714,-43.37027],[-73.77684,-43.3705],[-73.77624,-43.37084],[-73.77602,-43.37114],[-73.77557,-43.37131],[-73.77557,-43.37137],[-73.77563,-43.37145],[-73.77608,-43.37152],[-73.77633,-43.37175],[-73.77648,-43.37181],[-73.77651,-43.3719],[-73.77646,-43.37203],[-73.77626,-43.37223],[-73.776138,-43.372295],[-73.77585,-43.37245],[-73.77575,-43.37267],[-73.77518,-43.3731],[-73.77508,-43.37347],[-73.77487,-43.37364],[-73.77458,-43.37376],[-73.77433,-43.3738],[-73.77396,-43.37391],[-73.77349,-43.37413],[-73.77299,-43.37424],[-73.77253,-43.37447],[-73.77243,-43.37459],[-73.77226,-43.37496],[-73.77221,-43.37529],[-73.77238,-43.3756],[-73.77248,-43.3757],[-73.77248,-43.37587],[-73.77241,-43.37608],[-73.77227,-43.37628],[-73.77222,-43.37656],[-73.77232,-43.37666],[-73.77247,-43.37671],[-73.77265,-43.37669],[-73.77285,-43.37657],[-73.77311,-43.37657],[-73.77322,-43.37667],[-73.77324,-43.37675],[-73.77301,-43.37709],[-73.77295,-43.37711],[-73.77211,-43.37713],[-73.77185,-43.37725],[-73.77157,-43.37748],[-73.77105,-43.3775],[-73.77062,-43.37763],[-73.77049,-43.37788],[-73.77054,-43.37797],[-73.770681,-43.378107],[-73.768785,-43.378494],[-73.768227,-43.379826],[-73.76742,-43.37944],[-73.76695,-43.37933],[-73.76575,-43.37916],[-73.76538,-43.37916],[-73.76504,-43.37924],[-73.76469,-43.37954],[-73.76461,-43.37967],[-73.7642,-43.37991],[-73.76367,-43.38002],[-73.76285,-43.3803],[-73.76256,-43.38046],[-73.76188,-43.38101],[-73.76088,-43.38192],[-73.76055,-43.38227],[-73.75998,-43.38307],[-73.75977,-43.38326],[-73.759748,-43.383276],[-73.75907,-43.38377],[-73.75825,-43.38423],[-73.75787,-43.38451],[-73.75778,-43.38465],[-73.75777,-43.38507],[-73.75771,-43.38528],[-73.75711,-43.38593],[-73.75674,-43.38612],[-73.75483,-43.38672],[-73.75403,-43.3873],[-73.7537,-43.38782],[-73.75332,-43.38819],[-73.75278,-43.3883],[-73.7518,-43.38858],[-73.75157,-43.388781],[-73.7514,-43.38893],[-73.75119,-43.38932],[-73.75103,-43.38948],[-73.75062,-43.38967],[-73.75013,-43.38973],[-73.74933,-43.38983],[-73.74896,-43.38988],[-73.74882,-43.38999],[-73.74883,-43.39014],[-73.74895,-43.39028],[-73.74898,-43.39048],[-73.74925,-43.39052],[-73.74954,-43.39052],[-73.74988,-43.3905],[-73.75,-43.39051],[-73.74992,-43.391],[-73.7497,-43.3911],[-73.74948,-43.39128],[-73.74909,-43.39139],[-73.74886,-43.39127],[-73.74844,-43.39117],[-73.74817,-43.39132],[-73.74785,-43.39161],[-73.7474,-43.39207],[-73.74691,-43.39225],[-73.74625,-43.39227],[-73.74558,-43.39228],[-73.74498,-43.39262],[-73.7443,-43.39291],[-73.74348,-43.39299],[-73.74289,-43.39311],[-73.74258,-43.39309],[-73.74214,-43.39285],[-73.74163,-43.39261],[-73.741365,-43.392581],[-73.740962,-43.392536],[-73.74082,-43.39252],[-73.73979,-43.39274],[-73.739296,-43.392875],[-73.73862,-43.39306],[-73.73778,-43.39325],[-73.73731,-43.3934],[-73.73718,-43.39351],[-73.73716,-43.39361],[-73.73738,-43.39367],[-73.73801,-43.39402],[-73.73805,-43.39414],[-73.73802,-43.39427],[-73.73792,-43.39439],[-73.73777,-43.39455],[-73.73728,-43.39479],[-73.73621,-43.39511],[-73.73542,-43.39532],[-73.73488,-43.39539],[-73.734608,-43.395377],[-73.73402,-43.39535],[-73.7329,-43.39524],[-73.73251,-43.39517],[-73.73223,-43.39516],[-73.73194,-43.39527],[-73.73172,-43.39541],[-73.73179,-43.39555],[-73.73209,-43.39573],[-73.73276,-43.39587],[-73.7331,-43.39616],[-73.73318,-43.39635],[-73.73311,-43.39658],[-73.73291,-43.39683],[-73.73246,-43.39708],[-73.73202,-43.39732],[-73.73158,-43.39754],[-73.73132,-43.39758],[-73.73098,-43.39757],[-73.73075,-43.39742],[-73.73052,-43.39733],[-73.73008,-43.3974],[-73.7298,-43.39757],[-73.7294,-43.39753],[-73.72914,-43.39737],[-73.72899,-43.39717],[-73.72875,-43.39706],[-73.72834,-43.39687],[-73.72803,-43.39686],[-73.72766,-43.39697],[-73.72726,-43.39719],[-73.7269,-43.39736],[-73.7266,-43.39742],[-73.72603,-43.39743],[-73.725605,-43.39744],[-73.72557,-43.39753],[-73.72569,-43.39765],[-73.72589,-43.39773],[-73.72608,-43.39785],[-73.72613,-43.39807],[-73.72616,-43.39832],[-73.726158,-43.398362],[-73.72615,-43.39851],[-73.7261,-43.3987],[-73.72585,-43.39889],[-73.72549,-43.39895],[-73.72489,-43.39894],[-73.72441,-43.39884],[-73.72374,-43.39874],[-73.72315,-43.3986],[-73.72292,-43.39839],[-73.72296,-43.39812],[-73.72326,-43.39793],[-73.72339,-43.39776],[-73.72308,-43.39749],[-73.72277,-43.39735],[-73.72208,-43.39732],[-73.72147,-43.39728],[-73.72075,-43.39726],[-73.72001,-43.39714]]]},"properties":{"comuna":"Quellón","mancha_id":"10208-88ce127093fffff","clase":"Bajo","nivel_medio":1.202,"nivel_medio_min":0.987,"nivel_medio_max":1.468,"pct_alto":0.2,"n_hexagonos":14,"area_ha":505.47}},{"type":"Feature","geometry":{"type":"Polygon","coordinates":[[[-73.635581,-43.193624],[-73.636097,-43.192395],[-73.636616,-43.192289],[-73.63666,-43.19237],[-73.63668,-43.1926],[-73.63649,-43.19286],[-73.63616,-43.19342],[-73.635581,-43.193624]]]},"properties":{"comuna":"Quellón","mancha_id":"10208-88ce126f0bfffff","clase":"Bajo","nivel_medio":0.74,"nivel_medio_min":0.74,"nivel_medio_max":0.74,"pct_alto":0.0,"n_hexagonos":1,"area_ha":0.61}},{"type":"Feature","geometry":{"type":"Polygon","coordinates":[[[-73.72752,-43.14502],[-73.72762,-43.14464],[-73.727701,-43.144368],[-73.731525,-43.143581],[-73.73153,-43.14391],[-73.73155,-43.14427],[-73.73152,-43.14461],[-73.73137,-43.14481],[-73.73089,-43.14498],[-73.73055,-43.14507],[-73.73024,-43.14512],[-73.72976,-43.14521],[-73.72933,-43.14537],[-73.72879,-43.14552],[-73.72856,-43.14561],[-73.72795,-43.14543],[-73.72752,-43.14502]]]},"properties":{"comuna":"Quellón","mancha_id":"10208-88ce126ea7fffff","clase":"Bajo","nivel_medio":1.199,"nivel_medio_min":1.199,"nivel_medio_max":1.199,"pct_alto":5.2,"n_hexagonos":1,"area_ha":4.45}},{"type":"Feature","geometry":{"type":"Polygon","coordinates":[[[-73.72735,-43.15153],[-73.727257,-43.151764],[-73.724276,-43.149251],[-73.725274,-43.146866],[-73.72568,-43.14667],[-73.72695,-43.14594],[-73.72735,-43.14596],[-73.7277,-43.14605],[-73.72778,-43.1462],[-73.72806,-43.14671],[-73.72803,-43.14703],[-73.72801,-43.14761],[-73.72805,-43.14805],[-73.72827,-43.14833],[-73.72841,-43.14843],[-73.72869,-43.14847],[-73.72903,-43.14843],[-73.72934,-43.14838],[-73.72962,-43.14836],[-73.72976,-43.14838],[-73.72993,-43.14848],[-73.73004,-43.14867],[-73.73006,-43.14893],[-73.72988,-43.14921],[-73.72951,-43.14958],[-73.72902,-43.1501],[-73.72887,-43.15042],[-73.72853,-43.15079],[-73.7281,-43.15111],[-73.72764,-43.15129],[-73.72735,-43.15153]]]},"properties":{"comuna":"Quellón","mancha_id":"10208-88ce126ea7fffff-2","clase":"Bajo","nivel_medio":1.199,"nivel_medio_min":1.199,"nivel_medio_max":1.199,"pct_alto":5.2,"n_hexagonos":1,"area_ha":16.47}},{"type":"Feature","geometry":{"type":"Polygon","coordinates":[[[-73.705441,-43.219977],[-73.70943,-43.223339],[-73.7086,-43.225319],[-73.7079,-43.22576],[-73.70761,-43.22615],[-73.70756,-43.22644],[-73.70755,-43.22675],[-73.70732,-43.22705],[-73.70717,-43.22728],[-73.70714,-43.22764],[-73.70713,-43.22791],[-73.707106,-43.227995],[-73.706255,-43.228169],[-73.70607,-43.22806],[-73.70592,-43.22793],[-73.70564,-43.22782],[-73.70489,-43.22786],[-73.70453,-43.22795],[-73.70397,-43.22799],[-73.70325,-43.22785],[-73.70257,-43.22747],[-73.70149,-43.22713],[-73.70091,-43.22707],[-73.7006,-43.22709],[-73.70023,-43.22717],[-73.69967,-43.22729],[-73.699425,-43.227281],[-73.697619,-43.225758],[-73.699536,-43.221187],[-73.705441,-43.219977]]]},"properties":{"comuna":"Quellón","mancha_id":"10208-88ce126e43fffff","clase":"Bajo","nivel_medio":1.389,"nivel_medio_min":1.389,"nivel_medio_max":1.389,"pct_alto":2.8,"n_hexagonos":1,"area_ha":59.89}},{"type":"Feature","geometry":{"type":"Polygon","coordinates":[[[-73.697466,-43.213253],[-73.695549,-43.217824],[-73.689645,-43.219033],[-73.687727,-43.223604],[-73.681822,-43.224813],[-73.677837,-43.22145],[-73.671933,-43.222658],[-73.667948,-43.219295],[-73.669867,-43.214725],[-73.67577,-43.213517],[-73.679755,-43.216879],[-73.685659,-43.215671],[-73.687576,-43.2111],[-73.69348,-43.209891],[-73.697466,-43.213253]]]},"properties":{"comuna":"Quellón","mancha_id":"10208-88ce126e0dfffff","clase":"Bajo","nivel_medio":1.252,"nivel_medio_min":1.031,"nivel_medio_max":1.449,"pct_alto":4.1,"n_hexagonos":3,"area_ha":200.4}},{"type":"Feature","geometry":{"type":"Polygon","coordinates":[[[-73.709118,-43.198328],[-73.713106,-43.201689],[-73.719009,-43.200479],[-73.722997,-43.20384],[-73.721082,-43.208412],[-73.725072,-43.211774],[-73.730977,-43.210563],[-73.734967,-43.213924],[-73.734768,-43.2144],[-73.73461,-43.21445],[-73.73373,-43.2153],[-73.7322,-43.21644],[-73.7317,-43.21686],[-73.73073,-43.21709],[-73.73007,-43.21716],[-73.7297,-43.21719],[-73.7293,-43.21718],[-73.72874,-43.21727],[-73.72838,-43.2173],[-73.72807,-43.21729],[-73.72779,-43.21725],[-73.72755,-43.21726],[-73.72693,-43.21744],[-73.72573,-43.21785],[-73.725226,-43.21809],[-73.723156,-43.216346],[-73.717251,-43.217557],[-73.713262,-43.214195],[-73.707358,-43.215405],[-73.70337,-43.212043],[-73.705286,-43.207472],[-73.701299,-43.20411],[-73.703216,-43.199538],[-73.709118,-43.198328]]]},"properties":{"comuna":"Quellón","mancha_id":"10208-88ce126e03fffff","clase":"Bajo","nivel_medio":1.18,"nivel_medio_min":1.088,"nivel_medio_max":1.294,"pct_alto":2.2,"n_hexagonos":5,"area_ha":318.67}},{"type":"Feature","geometry":{"type":"Polygon","coordinates":[[[-73.644715,-43.082083],[-73.642799,-43.08665],[-73.636912,-43.08786],[-73.632941,-43.084502],[-73.634858,-43.079934],[-73.640744,-43.078725],[-73.64266,-43.074158],[-73.63869,-43.0708],[-73.640605,-43.066233],[-73.64649,-43.065023],[-73.650461,-43.06838],[-73.648546,-43.072948],[-73.652517,-43.076305],[-73.650602,-43.080873],[-73.644715,-43.082083]]]},"properties":{"comuna":"Quellón","mancha_id":"10208-88ce126da5fffff","clase":"Bajo","nivel_medio":1.239,"nivel_medio_min":1.054,"nivel_medio_max":1.377,"pct_alto":2.8,"n_hexagonos":3,"area_ha":200.04}},{"type":"Feature","geometry":{"type":"Polygon","coordinates":[[[-73.59788,-43.116731],[-73.603769,-43.115525],[-73.605689,-43.110958],[-73.611577,-43.109751],[-73.615547,-43.113111],[-73.621437,-43.111903],[-73.625408,-43.115263],[-73.631298,-43.114055],[-73.63527,-43.117414],[-73.634425,-43.119427],[-73.6344,-43.11945],[-73.634392,-43.119506],[-73.634133,-43.120123],[-73.6337,-43.12014],[-73.63346,-43.12013],[-73.63327,-43.12008],[-73.6329,-43.11997],[-73.6328,-43.11992],[-73.63266,-43.11976],[-73.63255,-43.1193],[-73.63261,-43.119],[-73.63247,-43.11882],[-73.63235,-43.11875],[-73.63228,-43.11867],[-73.63228,-43.11857],[-73.63244,-43.11843],[-73.63264,-43.11831],[-73.63271,-43.11819],[-73.63266,-43.11799],[-73.63256,-43.11788],[-73.63216,-43.11805],[-73.63133,-43.11847],[-73.63091,-43.11876],[-73.63076,-43.11877],[-73.6298,-43.11844],[-73.62952,-43.11833],[-73.62905,-43.11809],[-73.62875,-43.11806],[-73.62848,-43.11806],[-73.62785,-43.11817],[-73.62687,-43.11867],[-73.62578,-43.11973],[-73.62519,-43.12047],[-73.62487,-43.12056],[-73.62451,-43.12062],[-73.624336,-43.120545],[-73.62349,-43.11983],[-73.618713,-43.120809],[-73.61852,-43.1208],[-73.6183,-43.12078],[-73.61808,-43.12079],[-73.61789,-43.12077],[-73.617277,-43.120764],[-73.613629,-43.117678],[-73.607739,-43.118884],[-73.606937,-43.120791],[-73.60663,-43.12075],[-73.60634,-43.12072],[-73.60606,-43.12072],[-73.60577,-43.12073],[-73.60555,-43.12076],[-73.60488,-43.12079],[-73.60466,-43.12077],[-73.60409,-43.12077],[-73.60381,-43.12079],[-73.60358,-43.12078],[-73.60336,-43.12076],[-73.60308,-43.12073],[-73.60279,-43.12068],[-73.60251,-43.12061],[-73.60223,-43.12056],[-73.60194,-43.12053],[-73.60166,-43.12048],[-73.60137,-43.12044],[-73.60109,-43.12042],[-73.60023,-43.12037],[-73.59995,-43.12039],[-73.59972,-43.1204],[-73.59928,-43.12039],[-73.59862,-43.12036],[-73.59812,-43.12033],[-73.59782,-43.12035],[-73.59754,-43.12036],[-73.59731,-43.12036],[-73.59687,-43.12038],[-73.59665,-43.12037],[-73.59642,-43.12039],[-73.596342,-43.120389],[-73.59788,-43.116731]]]},"properties":{"comuna":"Quellón","mancha_id":"10208-88ce126d23fffff","clase":"Bajo","nivel_medio":1.007,"nivel_medio_min":0.507,"nivel_medio_max":1.42,"pct_alto":24.7,"n_hexagonos":4,"area_ha":209.04}},{"type":"Feature","geometry":{"type":"Polygon","coordinates":[[[-73.721571,-43.091319],[-73.71966,-43.09589],[-73.713768,-43.097104],[-73.709789,-43.093746],[-73.7117,-43.089176],[-73.717591,-43.087962],[-73.721571,-43.091319]]]},"properties":{"comuna":"Quellón","mancha_id":"10208-88ce126ca7fffff","clase":"Bajo","nivel_medio":1.226,"nivel_medio_min":1.226,"nivel_medio_max":1.226,"pct_alto":3.8,"n_hexagonos":1,"area_ha":66.77}},{"type":"Feature","geometry":{"type":"Polygon","coordinates":[[[-73.694484,-43.130309],[-73.69257,-43.134879],[-73.686675,-43.13609],[-73.682696,-43.132731],[-73.684611,-43.128161],[-73.690504,-43.12695],[-73.694484,-43.130309]]]},"properties":{"comuna":"Quellón","mancha_id":"10208-88ce126c31fffff","clase":"Bajo","nivel_medio":1.439,"nivel_medio_min":1.439,"nivel_medio_max":1.439,"pct_alto":0.0,"n_hexagonos":1,"area_ha":66.76}},{"type":"Feature","geometry":{"type":"Polygon","coordinates":[[[-73.58022,-43.26156],[-73.58016,-43.26155],[-73.58006,-43.26162],[-73.5797,-43.26161],[-73.57963,-43.26154],[-73.57959,-43.26145],[-73.57965,-43.26136],[-73.57985,-43.26124],[-73.57999,-43.26119],[-73.58007,-43.26118],[-73.580145,-43.261205],[-73.58028,-43.26128],[-73.58027,-43.26147],[-73.58022,-43.26156]]]},"properties":{"comuna":"Quellón","mancha_id":"10208-88ce126acbfffff","clase":"Bajo","nivel_medio":1.312,"nivel_medio_min":1.312,"nivel_medio_max":1.312,"pct_alto":0.0,"n_hexagonos":1,"area_ha":0.2}},{"type":"Feature","geometry":{"type":"Polygon","coordinates":[[[-73.58047,-43.26211],[-73.58037,-43.26213],[-73.58018,-43.26216],[-73.57998,-43.262155],[-73.57988,-43.26211],[-73.57981,-43.26204],[-73.57983,-43.26194],[-73.57993,-43.26186],[-73.57999,-43.26183],[-73.58007,-43.2618],[-73.58019,-43.2618],[-73.58046,-43.26185],[-73.580525,-43.262035],[-73.58047,-43.26211]]]},"properties":{"comuna":"Quellón","mancha_id":"10208-88ce126acbfffff-2","clase":"Bajo","nivel_medio":1.312,"nivel_medio_min":1.312,"nivel_medio_max":1.312,"pct_alto":0.0,"n_hexagonos":1,"area_ha":0.18}},{"type":"Feature","geometry":{"type":"Polygon","coordinates":[[[-73.608921,-43.231352],[-73.606998,-43.23592],[-73.601095,-43.237123],[-73.597118,-43.233758],[-73.599042,-43.229191],[-73.604943,-43.227987],[-73.606867,-43.22342],[-73.612768,-43.222216],[-73.616747,-43.225579],[-73.614824,-43.230148],[-73.608921,-43.231352]]]},"properties":{"comuna":"Quellón","mancha_id":"10208-88ce126a99fffff","clase":"Bajo","nivel_medio":1.271,"nivel_medio_min":1.267,"nivel_medio_max":1.276,"pct_alto":0.8,"n_hexagonos":2,"area_ha":133.45}},{"type":"Feature","geometry":{"type":"Polygon","coordinates":[[[-73.58943,-43.20041],[-73.589331,-43.201036],[-73.58933,-43.20104],[-73.58921,-43.20153],[-73.58903,-43.20197],[-73.588966,-43.202081],[-73.58877,-43.20242],[-73.58861,-43.20258],[-73.5885,-43.20274],[-73.58839,-43.20281],[-73.58795,-43.20281],[-73.58751,-43.20295],[-73.587,-43.20315],[-73.58675,-43.20323],[-73.58649,-43.20332],[-73.58623,-43.20338],[-73.58598,-43.20342],[-73.58572,-43.20351],[-73.58521,-43.20362],[-73.58496,-43.20366],[-73.58445,-43.20373],[-73.58394,-43.20381],[-73.58317,-43.20387],[-73.58292,-43.20392],[-73.582714,-43.203944],[-73.583012,-43.203238],[-73.580705,-43.201284],[-73.58152,-43.20106],[-73.58293,-43.2007],[-73.5846,-43.20042],[-73.58609,-43.20022],[-73.58725,-43.19991],[-73.5879,-43.19977],[-73.58846,-43.19976],[-73.5888,-43.19976],[-73.58911,-43.19984],[-73.58928,-43.19999],[-73.58938,-43.2002],[-73.58943,-43.20041]]]},"properties":{"comuna":"Quellón","mancha_id":"10208-88ce1268d9fffff","clase":"Bajo","nivel_medio":1.362,"nivel_medio_min":0.534,"nivel_medio_max":1.434,"pct_alto":0.0,"n_hexagonos":3,"area_ha":20.36}},{"type":"Feature","geometry":{"type":"Polygon","coordinates":[[[-73.559182,-43.183058],[-73.557257,-43.187623],[-73.551362,-43.188825],[-73.549436,-43.19339],[-73.553406,-43.196753],[-73.559302,-43.195552],[-73.561227,-43.190986],[-73.56512,-43.190192],[-73.56514,-43.19022],[-73.56534,-43.19045],[-73.56552,-43.19069],[-73.56572,-43.19092],[-73.56588,-43.19116],[-73.56606,-43.19139],[-73.56626,-43.19163],[-73.56642,-43.19186],[-73.56655,-43.1921],[-73.56664,-43.19233],[-73.56672,-43.19256],[-73.56684,-43.1928],[-73.56698,-43.19303],[-73.56713,-43.19326],[-73.56731,-43.1935],[-73.56755,-43.19371],[-73.56781,-43.19396],[-73.56809,-43.19418],[-73.56835,-43.19445],[-73.56869,-43.19496],[-73.56878,-43.19519],[-73.5689,-43.19542],[-73.56912,-43.19589],[-73.56917,-43.19613],[-73.5692,-43.19636],[-73.56921,-43.19659],[-73.56925,-43.19682],[-73.56926,-43.19706],[-73.56931,-43.19729],[-73.569316,-43.197364],[-73.569169,-43.197713],[-73.569503,-43.197996],[-73.56962,-43.19822],[-73.57003,-43.19892],[-73.57018,-43.19916],[-73.57046,-43.19963],[-73.57066,-43.19985],[-73.57091,-43.20011],[-73.57147,-43.20058],[-73.5718,-43.20078],[-73.57205,-43.20095],[-73.57231,-43.20111],[-73.57259,-43.20128],[-73.57288,-43.20139],[-73.572996,-43.201423],[-73.572636,-43.202276],[-73.57248,-43.20221],[-73.57218,-43.2021],[-73.57188,-43.20198],[-73.57156,-43.20191],[-73.57125,-43.20181],[-73.57093,-43.20172],[-73.57062,-43.20164],[-73.5703,-43.20159],[-73.56998,-43.20155],[-73.56967,-43.2015],[-73.56935,-43.2014],[-73.56904,-43.20129],[-73.56872,-43.20121],[-73.56841,-43.20115],[-73.56809,-43.20106],[-73.56746,-43.20094],[-73.56714,-43.20089],[-73.56651,-43.20081],[-73.56619,-43.20075],[-73.56556,-43.20058],[-73.56524,-43.20048],[-73.56493,-43.20041],[-73.56461,-43.20032],[-73.5643,-43.20025],[-73.56378,-43.20011],[-73.56319,-43.19996],[-73.56291,-43.19985],[-73.562883,-43.19984],[-73.56234,-43.19965],[-73.56206,-43.19957],[-73.56179,-43.19947],[-73.56152,-43.1994],[-73.56126,-43.1993],[-73.56099,-43.19922],[-73.56072,-43.19912],[-73.56045,-43.19905],[-73.56022,-43.19893],[-73.55998,-43.19882],[-73.55948,-43.19861],[-73.55923,-43.19849],[-73.55897,-43.19843],[-73.55812,-43.19817],[-73.55784,-43.19807],[-73.55755,-43.19802],[-73.55727,-43.19795],[-73.55699,-43.19789],[-73.5567,-43.19782],[-73.55642,-43.19774],[-73.55585,-43.19762],[-73.55556,-43.19755],[-73.555,-43.19738],[-73.55471,-43.19728],[-73.55443,-43.19721],[-73.55414,-43.19714],[-73.55388,-43.19706],[-73.55361,-43.19699],[-73.553338,-43.196915],[-73.55332,-43.19691],[-73.55304,-43.19687],[-73.55133,-43.19671],[-73.55076,-43.19664],[-73.55047,-43.19661],[-73.5499,-43.19653],[-73.54933,-43.19653],[-73.54905,-43.19649],[-73.54819,-43.19644],[-73.54791,-43.19639],[-73.54734,-43.19634],[-73.54677,-43.19624],[-73.54648,-43.19623],[-73.54534,-43.19603],[-73.54477,-43.19598],[-73.54449,-43.19598],[-73.5442,-43.19595],[-73.54363,-43.19592],[-73.542983,-43.195912],[-73.543541,-43.194591],[-73.539573,-43.191227],[-73.541499,-43.186663],[-73.547393,-43.185461],[-73.549319,-43.180897],[-73.555213,-43.179695],[-73.559182,-43.183058]]]},"properties":{"comuna":"Quellón","mancha_id":"10208-88ce12688dfffff","clase":"Bajo","nivel_medio":1.241,"nivel_medio_min":0.703,"nivel_medio_max":1.483,"pct_alto":0.8,"n_hexagonos":6,"area_ha":237.48}},{"type":"Feature","geometry":{"type":"Polygon","coordinates":[[[-73.78256,-43.31286],[-73.78289,-43.31284],[-73.782892,-43.31284],[-73.78246,-43.312929],[-73.78256,-43.31286]]]},"properties":{"comuna":"Quellón","mancha_id":"10208-88ce126749fffff","clase":"Bajo","nivel_medio":1.259,"nivel_medio_min":1.259,"nivel_medio_max":1.259,"pct_alto":0.0,"n_hexagonos":1,"area_ha":0.01}},{"type":"Feature","geometry":{"type":"Polygon","coordinates":[[[-73.85771,-43.28358],[-73.85752,-43.28389],[-73.8574,-43.28395],[-73.85704,-43.28354],[-73.85706,-43.28338],[-73.85724,-43.28331],[-73.85747,-43.28329],[-73.85768,-43.28344],[-73.85771,-43.28358]]]},"properties":{"comuna":"Quellón","mancha_id":"10208-88ce126639fffff","clase":"Bajo","nivel_medio":1.177,"nivel_medio_min":1.177,"nivel_medio_max":1.177,"pct_alto":0.0,"n_hexagonos":1,"area_ha":0.26}},{"type":"Feature","geometry":{"type":"Polygon","coordinates":[[[-73.85237,-43.28576],[-73.85231,-43.2858],[-73.85212,-43.28582],[-73.85186,-43.2859],[-73.85176,-43.28589],[-73.85168,-43.28582],[-73.85163,-43.2857],[-73.85163,-43.28547],[-73.8517,-43.28537],[-73.85177,-43.28534],[-73.85207,-43.28533],[-73.85207,-43.28524],[-73.85213,-43.28516],[-73.85221,-43.28513],[-73.85235,-43.28514],[-73.85244,-43.28521],[-73.85244,-43.28528],[-73.85238,-43.28536],[-73.852245,-43.285395],[-73.85225,-43.28549],[-73.85241,-43.28566],[-73.85237,-43.28576]]]},"properties":{"comuna":"Quellón","mancha_id":"10208-88ce126607fffff","clase":"Bajo","nivel_medio":1.294,"nivel_medio_min":1.294,"nivel_medio_max":1.294,"pct_alto":0.5,"n_hexagonos":1,"area_ha":0.37}},{"type":"Feature","geometry":{"type":"Polygon","coordinates":[[[-73.84992,-43.28953],[-73.85006,-43.2896],[-73.84981,-43.28986],[-73.84954,-43.28991],[-73.84938,-43.28987],[-73.8493,-43.28982],[-73.8493,-43.28971],[-73.84939,-43.28963],[-73.84953,-43.28956],[-73.8498,-43.28952],[-73.84992,-43.28953]]]},"properties":{"comuna":"Quellón","mancha_id":"10208-88ce126607fffff-2","clase":"Bajo","nivel_medio":1.294,"nivel_medio_min":1.294,"nivel_medio_max":1.294,"pct_alto":0.5,"n_hexagonos":1,"area_ha":0.18}},{"type":"Feature","geometry":{"type":"Polygon","coordinates":[[[-73.86021,-43.28532],[-73.8603,-43.28537],[-73.86035,-43.28544],[-73.86033,-43.28554],[-73.86017,-43.28565],[-73.86002,-43.28565],[-73.85992,-43.28557],[-73.85995,-43.28543],[-73.86011,-43.28532],[-73.86021,-43.28532]]]},"properties":{"comuna":"Quellón","mancha_id":"10208-88ce126603fffff","clase":"Bajo","nivel_medio":1.183,"nivel_medio_min":1.183,"nivel_medio_max":1.183,"pct_alto":0.0,"n_hexagonos":1,"area_ha":0.09}},{"type":"Feature","geometry":{"type":"Polygon","coordinates":[[[-73.85882,-43.28597],[-73.85905,-43.28599],[-73.85916,-43.28605],[-73.85914,-43.28617],[-73.85879,-43.28632],[-73.8586,-43.28631],[-73.85856,-43.28624],[-73.85856,-43.28615],[-73.85868,-43.28603],[-73.85882,-43.28597]]]},"properties":{"comuna":"Quellón","mancha_id":"10208-88ce126603fffff-2","clase":"Bajo","nivel_medio":1.183,"nivel_medio_min":1.183,"nivel_medio_max":1.183,"pct_alto":0.0,"n_hexagonos":1,"area_ha":0.14}},{"type":"Feature","geometry":{"type":"Polygon","coordinates":[[[-73.85885,-43.28715],[-73.85967,-43.28701],[-73.85992,-43.28711],[-73.86017,-43.28711],[-73.86035,-43.28701],[-73.86047,-43.28679],[-73.86066,-43.2866],[-73.86091,-43.28654],[-73.861,-43.28656],[-73.86149,-43.2868],[-73.86176,-43.28685],[-73.86202,-43.28684],[-73.86277,-43.28674],[-73.86307,-43.28661],[-73.86328,-43.28662],[-73.86332,-43.28669],[-73.86321,-43.28706],[-73.8633,-43.28749],[-73.86317,-43.28792],[-73.86307,-43.28805],[-73.86223,-43.28822],[-73.86193,-43.28831],[-73.86147,-43.28833],[-73.86112,-43.28819],[-73.86071,-43.28786],[-73.86019,-43.28779],[-73.8599,-43.28769],[-73.85975,-43.28768],[-73.85961,-43.28773],[-73.85938,-43.2879],[-73.85921,-43.28797],[-73.85875,-43.28789],[-73.85828,-43.28785],[-73.85792,-43.28791],[-73.85759,-43.28787],[-73.85743,-43.28775],[-73.85701,-43.28758],[-73.85698,-43.28725],[-73.85733,-43.28704],[-73.85824,-43.28668],[-73.8584,-43.28671],[-73.85861,-43.28697],[-73.85885,-43.28715]]]},"properties":{"comuna":"Quellón","mancha_id":"10208-88ce126603fffff-3","clase":"Bajo","nivel_medio":1.183,"nivel_medio_min":1.183,"nivel_medio_max":1.183,"pct_alto":0.0,"n_hexagonos":1,"area_ha":6.18}},{"type":"Feature","geometry":{"type":"Polygon","coordinates":[[[-73.86083,-43.28836],[-73.86094,-43.28866],[-73.86091,-43.28874],[-73.8604,-43.28907],[-73.85994,-43.28913],[-73.85979,-43.28909],[-73.85966,-43.28899],[-73.85963,-43.28877],[-73.85951,-43.28864],[-73.85922,-43.288465],[-73.85925,-43.28836],[-73.85945,-43.2882],[-73.85946,-43.28802],[-73.85949,-43.28794],[-73.85974,-43.28788],[-73.8601,-43.28795],[-73.86061,-43.28813],[-73.86069,-43.28826],[-73.86083,-43.28836]]]},"properties":{"comuna":"Quellón","mancha_id":"10208-88ce126603fffff-4","clase":"Bajo","nivel_medio":1.183,"nivel_medio_min":1.183,"nivel_medio_max":1.183,"pct_alto":0.0,"n_hexagonos":1,"area_ha":1.27}},{"type":"Feature","geometry":{"type":"Polygon","coordinates":[[[-73.85856,-43.28858],[-73.85887,-43.28866],[-73.85912,-43.28885],[-73.85925,-43.28902],[-73.85904,-43.28904],[-73.8584,-43.28894],[-73.85826,-43.28882],[-73.8582,-43.28869],[-73.85833,-43.28861],[-73.85856,-43.28858]]]},"properties":{"comuna":"Quellón","mancha_id":"10208-88ce126603fffff-5","clase":"Bajo","nivel_medio":1.183,"nivel_medio_min":1.183,"nivel_medio_max":1.183,"pct_alto":0.0,"n_hexagonos":1,"area_ha":0.27}},{"type":"Feature","geometry":{"type":"Polygon","coordinates":[[[-73.827746,-43.211581],[-73.825837,-43.216158],[-73.819928,-43.217375],[-73.815928,-43.214014],[-73.810019,-43.21523],[-73.80602,-43.21187],[-73.80793,-43.207294],[-73.813838,-43.206078],[-73.817837,-43.209438],[-73.823745,-43.208221],[-73.827746,-43.211581]]]},"properties":{"comuna":"Quellón","mancha_id":"10208-88ce1265c9fffff","clase":"Bajo","nivel_medio":1.151,"nivel_medio_min":1.089,"nivel_medio_max":1.213,"pct_alto":0.1,"n_hexagonos":2,"area_ha":133.89}},{"type":"Feature","geometry":{"type":"Polygon","coordinates":[[[-73.828917,-43.156957],[-73.832915,-43.160315],[-73.838818,-43.159096],[-73.840724,-43.154519],[-73.846627,-43.1533],[-73.848532,-43.148723],[-73.854435,-43.147503],[-73.858434,-43.15086],[-73.85653,-43.155437],[-73.850626,-43.156657],[-73.848721,-43.161234],[-73.842817,-43.162453],[-73.840911,-43.16703],[-73.835006,-43.168249],[-73.8331,-43.172826],[-73.827195,-43.174044],[-73.823197,-43.170685],[-73.825104,-43.166109],[-73.821107,-43.162751],[-73.815204,-43.163969],[-73.811209,-43.160611],[-73.813116,-43.156035],[-73.809122,-43.152677],[-73.811029,-43.148102],[-73.807035,-43.144744],[-73.808942,-43.140169],[-73.814843,-43.138951],[-73.816749,-43.134376],[-73.822649,-43.133157],[-73.826644,-43.136514],[-73.832545,-43.135295],[-73.83445,-43.130719],[-73.84035,-43.129499],[-73.844347,-43.132856],[-73.850248,-43.131635],[-73.852152,-43.127059],[-73.848155,-43.123702],[-73.842255,-43.124923],[-73.838259,-43.121567],[-73.840164,-43.11699],[-73.846063,-43.11577],[-73.847967,-43.111194],[-73.853865,-43.109973],[-73.857862,-43.113328],[-73.855959,-43.117905],[-73.859956,-43.121261],[-73.858052,-43.125838],[-73.86205,-43.129194],[-73.867952,-43.127972],[-73.869854,-43.123395],[-73.875755,-43.122173],[-73.879755,-43.125529],[-73.885657,-43.124306],[-73.889657,-43.127662],[-73.887756,-43.13224],[-73.881853,-43.133462],[-73.877853,-43.130107],[-73.871951,-43.131328],[-73.870048,-43.135906],[-73.864146,-43.137127],[-73.862242,-43.141705],[-73.856339,-43.142925],[-73.852341,-43.139569],[-73.846439,-43.140789],[-73.842442,-43.137432],[-73.836541,-43.138652],[-73.834635,-43.143228],[-73.828733,-43.144447],[-73.826827,-43.149023],[-73.820925,-43.150242],[-73.819019,-43.154817],[-73.823014,-43.158175],[-73.828917,-43.156957]]]},"properties":{"comuna":"Quellón","mancha_id":"10208-88ce1265b1fffff","clase":"Bajo","nivel_medio":1.057,"nivel_medio_min":0.5,"nivel_medio_max":1.475,"pct_alto":0.0,"n_hexagonos":21,"area_ha":1405.67}},{"type":"Feature","geometry":{"type":"Polygon","coordinates":[[[-73.898664,-43.19695],[-73.904575,-43.195728],[-73.906477,-43.191148],[-73.90247,-43.18779],[-73.89656,-43.189012],[-73.892554,-43.185654],[-73.894457,-43.181075],[-73.900366,-43.179853],[-73.902268,-43.175274],[-73.908177,-43.174051],[-73.912183,-43.177408],[-73.918092,-43.176185],[-73.919993,-43.171605],[-73.925902,-43.170382],[-73.929911,-43.173738],[-73.93582,-43.172514],[-73.93983,-43.175871],[-73.93793,-43.180452],[-73.94194,-43.183809],[-73.94004,-43.18839],[-73.934129,-43.189614],[-73.932228,-43.194195],[-73.926317,-43.195418],[-73.922307,-43.192061],[-73.916396,-43.193284],[-73.914494,-43.197864],[-73.918503,-43.201222],[-73.916601,-43.205802],[-73.920611,-43.209161],[-73.918709,-43.213741],[-73.912796,-43.214963],[-73.910893,-43.219544],[-73.914903,-43.222903],[-73.913,-43.227483],[-73.907086,-43.228705],[-73.903075,-43.225346],[-73.897162,-43.226566],[-73.895257,-43.231146],[-73.889343,-43.232367],[-73.885334,-43.229007],[-73.887239,-43.224427],[-73.893153,-43.223207],[-73.895057,-43.218627],[-73.90097,-43.217406],[-73.902874,-43.212826],[-73.898865,-43.209468],[-73.900768,-43.204888],[-73.896761,-43.201529],[-73.898664,-43.19695]]]},"properties":{"comuna":"Quellón","mancha_id":"10208-88ce12648bfffff","clase":"Bajo","nivel_medio":1.096,"nivel_medio_min":0.561,"nivel_medio_max":1.441,"pct_alto":0.0,"n_hexagonos":19,"area_ha":1273.85}},{"type":"Feature","geometry":{"type":"Polygon","coordinates":[[[-73.888747,-43.194813],[-73.886843,-43.199392],[-73.880933,-43.200613],[-73.876928,-43.197254],[-73.878832,-43.192675],[-73.884741,-43.191455],[-73.888747,-43.194813]]]},"properties":{"comuna":"Quellón","mancha_id":"10208-88ce126485fffff","clase":"Bajo","nivel_medio":0.952,"nivel_medio_min":0.952,"nivel_medio_max":0.952,"pct_alto":0.0,"n_hexagonos":1,"area_ha":67.01}},{"type":"Feature","geometry":{"type":"Polygon","coordinates":[[[-73.867401,-43.220148],[-73.865494,-43.224726],[-73.859582,-43.225945],[-73.855577,-43.222585],[-73.857484,-43.218007],[-73.85348,-43.214647],[-73.84757,-43.215866],[-73.845662,-43.220443],[-73.839751,-43.221661],[-73.835749,-43.218301],[-73.837657,-43.213724],[-73.833655,-43.210364],[-73.835563,-43.205787],[-73.841472,-43.204569],[-73.845474,-43.207928],[-73.851383,-43.20671],[-73.855387,-43.210069],[-73.861297,-43.20885],[-73.865301,-43.21221],[-73.863395,-43.216788],[-73.867401,-43.220148]]]},"properties":{"comuna":"Quellón","mancha_id":"10208-88ce126417fffff","clase":"Bajo","nivel_medio":0.893,"nivel_medio_min":0.509,"nivel_medio_max":1.355,"pct_alto":0.0,"n_hexagonos":5,"area_ha":334.92}},{"type":"Feature","geometry":{"type":"Polygon","coordinates":[[[-73.75664,-43.31546],[-73.75658,-43.31558],[-73.7565,-43.31563],[-73.75637,-43.31567],[-73.75615,-43.31567],[-73.75602,-43.31561],[-73.75602,-43.31549],[-73.75607,-43.31541],[-73.75636,-43.31532],[-73.75655,-43.31533],[-73.75663,-43.31539],[-73.75664,-43.31546]]]},"properties":{"comuna":"Quellón","mancha_id":"10208-88ce126299fffff","clase":"Bajo","nivel_medio":1.248,"nivel_medio_min":1.248,"nivel_medio_max":1.248,"pct_alto":0.7,"n_hexagonos":1,"area_ha":0.15}},{"type":"Feature","geometry":{"type":"Polygon","coordinates":[[[-73.761363,-43.316563],[-73.762016,-43.317112],[-73.7601,-43.321688],[-73.754181,-43.322897],[-73.752264,-43.327473],[-73.746345,-43.328682],[-73.743416,-43.326218],[-73.74389,-43.32605],[-73.74438,-43.32601],[-73.74507,-43.32602],[-73.74526,-43.32601],[-73.74546,-43.32599],[-73.74561,-43.32589],[-73.74585,-43.32577],[-73.74622,-43.32577],[-73.74785,-43.32575],[-73.74844,-43.32546],[-73.74925,-43.32511],[-73.74986,-43.32495],[-73.75019,-43.32458],[-73.75036,-43.32383],[-73.75035,-43.32351],[-73.75044,-43.3233],[-73.75085,-43.32313],[-73.75097,-43.32283],[-73.75099,-43.32259],[-73.75119,-43.32234],[-73.75148,-43.3223],[-73.75175,-43.32251],[-73.75195,-43.32268],[-73.75223,-43.32281],[-73.75246,-43.32284],[-73.75256,-43.32288],[-73.75278,-43.32312],[-73.75352,-43.322342],[-73.75356,-43.3223],[-73.75379,-43.3221],[-73.75486,-43.3214],[-73.75547,-43.32093],[-73.75591,-43.32053],[-73.75658,-43.32],[-73.75695,-43.31963],[-73.75712,-43.31902],[-73.75727,-43.31879],[-73.75758,-43.31844],[-73.75804,-43.31812],[-73.75892,-43.3177],[-73.75981,-43.31713],[-73.76006,-43.31704],[-73.76033,-43.3169],[-73.76069,-43.3168],[-73.76086,-43.31669],[-73.76116,-43.31659],[-73.761363,-43.316563]]]},"properties":{"comuna":"Quellón","mancha_id":"10208-88ce126299fffff-2","clase":"Bajo","nivel_medio":1.296,"nivel_medio_min":1.248,"nivel_medio_max":1.333,"pct_alto":1.8,"n_hexagonos":2,"area_ha":47.93}},{"type":"Feature","geometry":{"type":"Polygon","coordinates":[[[-73.73771,-43.324235],[-73.73811,-43.32406],[-73.73838,-43.32397],[-73.73845,-43.3239],[-73.73866,-43.32368],[-73.73872,-43.32361],[-73.73887,-43.32353],[-73.73896,-43.32351],[-73.73922,-43.32353],[-73.73928,-43.3236],[-73.73935,-43.323625],[-73.73957,-43.32381],[-73.73971,-43.32382],[-73.73989,-43.32375],[-73.74015,-43.323805],[-73.74015,-43.32399],[-73.74005,-43.32422],[-73.73995,-43.32433],[-73.73995,-43.32439],[-73.74006,-43.32462],[-73.74005,-43.32474],[-73.73995,-43.32488],[-73.73957,-43.32494],[-73.73932,-43.32495],[-73.73906,-43.32495],[-73.73881,-43.32494],[-73.73855,-43.32497],[-73.73829,-43.32499],[-73.73815,-43.325],[-73.73804,-43.32505],[-73.73799,-43.32509],[-73.73778,-43.32509],[-73.73747,-43.32488],[-73.73739,-43.32479],[-73.73739,-43.32468],[-73.73754,-43.32448],[-73.73771,-43.324235]]]},"properties":{"comuna":"Quellón","mancha_id":"10208-88ce12628bfffff","clase":"Bajo","nivel_medio":1.077,"nivel_medio_min":1.077,"nivel_medio_max":1.077,"pct_alto":1.0,"n_hexagonos":1,"area_ha":2.59}},{"type":"Feature","geometry":{"type":"Polygon","coordinates":[[[-73.736,-43.32433],[-73.73604,-43.32453],[-73.73599,-43.32466],[-73.73586,-43.3247],[-73.73566,-43.32465],[-73.73562,-43.32452],[-73.73565,-43.32441],[-73.73579,-43.32433],[-73.736,-43.32433]]]},"properties":{"comuna":"Quellón","mancha_id":"10208-88ce12628bfffff-2","clase":"Bajo","nivel_medio":1.077,"nivel_medio_min":1.077,"nivel_medio_max":1.077,"pct_alto":1.0,"n_hexagonos":1,"area_ha":0.11}},{"type":"Feature","geometry":{"type":"Polygon","coordinates":[[[-73.73679,-43.32534],[-73.73667,-43.32543],[-73.73659,-43.32548],[-73.73653,-43.32551],[-73.73618,-43.32541],[-73.73612,-43.3253],[-73.73608,-43.32522],[-73.73602,-43.32518],[-73.73602,-43.32509],[-73.73609,-43.32486],[-73.73613,-43.3248],[-73.73633,-43.32481],[-73.736465,-43.32492],[-73.73657,-43.325],[-73.736655,-43.325085],[-73.73674,-43.32516],[-73.73679,-43.32534]]]},"properties":{"comuna":"Quellón","mancha_id":"10208-88ce12628bfffff-3","clase":"Bajo","nivel_medio":1.077,"nivel_medio_min":1.077,"nivel_medio_max":1.077,"pct_alto":1.0,"n_hexagonos":1,"area_ha":0.32}},{"type":"Feature","geometry":{"type":"Polygon","coordinates":[[[-73.72672,-43.32429],[-73.726707,-43.324327],[-73.726509,-43.324368],[-73.726219,-43.324124],[-73.72624,-43.32412],[-73.72652,-43.32414],[-73.72672,-43.32429]]]},"properties":{"comuna":"Quellón","mancha_id":"10208-88ce126281fffff","clase":"Bajo","nivel_medio":1.303,"nivel_medio_min":1.303,"nivel_medio_max":1.303,"pct_alto":0.0,"n_hexagonos":1,"area_ha":0.06}},{"type":"Feature","geometry":{"type":"Polygon","coordinates":[[[-73.685193,-43.345438],[-73.683316,-43.3499],[-73.677398,-43.351105],[-73.675115,-43.34918],[-73.67622,-43.34824],[-73.67739,-43.34715],[-73.6779,-43.34657],[-73.67816,-43.34639],[-73.67848,-43.34636],[-73.67868,-43.34645],[-73.67886,-43.34672],[-73.67911,-43.34701],[-73.6793,-43.34708],[-73.67996,-43.34707],[-73.68089,-43.34668],[-73.68116,-43.34655],[-73.68142,-43.34664],[-73.68158,-43.34676],[-73.68212,-43.34657],[-73.68238,-43.34635],[-73.68269,-43.34631],[-73.68294,-43.34631],[-73.68312,-43.34635],[-73.68333,-43.34655],[-73.68427,-43.3463],[-73.685193,-43.345438]]]},"properties":{"comuna":"Quellón","mancha_id":"10208-88ce126239fffff","clase":"Bajo","nivel_medio":1.33,"nivel_medio_min":1.33,"nivel_medio_max":1.33,"pct_alto":0.9,"n_hexagonos":1,"area_ha":26.96}},{"type":"Feature","geometry":{"type":"Polygon","coordinates":[[[-73.712911,-43.343871],[-73.71099,-43.348445],[-73.70507,-43.349651],[-73.701073,-43.346284],[-73.702994,-43.34171],[-73.708913,-43.340504],[-73.712911,-43.343871]]]},"properties":{"comuna":"Quellón","mancha_id":"10208-88ce126213fffff","clase":"Bajo","nivel_medio":1.47,"nivel_medio_min":1.47,"nivel_medio_max":1.47,"pct_alto":0.0,"n_hexagonos":1,"area_ha":66.89}},{"type":"Feature","geometry":{"type":"Polygon","coordinates":[[[-73.669556,-43.356881],[-73.667631,-43.361454],[-73.671626,-43.364822],[-73.677546,-43.363618],[-73.681543,-43.366986],[-73.687463,-43.365782],[-73.689386,-43.361209],[-73.695306,-43.360003],[-73.699305,-43.363371],[-73.697382,-43.367945],[-73.701381,-43.371313],[-73.707303,-43.370107],[-73.711303,-43.373475],[-73.709381,-43.378049],[-73.703458,-43.379255],[-73.701535,-43.383829],[-73.704227,-43.386096],[-73.70416,-43.38613],[-73.70353,-43.38635],[-73.70286,-43.38643],[-73.70248,-43.3863],[-73.70198,-43.38532],[-73.70092,-43.38405],[-73.70085,-43.383968],[-73.7008,-43.38391],[-73.70029,-43.38364],[-73.69978,-43.38337],[-73.69833,-43.38346],[-73.69775,-43.3835],[-73.69754,-43.38353],[-73.69734,-43.38356],[-73.69686,-43.38366],[-73.69648,-43.38377],[-73.69613,-43.38396],[-73.69569,-43.38433],[-73.695433,-43.384883],[-73.69542,-43.38491],[-73.6953,-43.38534],[-73.695214,-43.385981],[-73.69518,-43.38623],[-73.69514,-43.38692],[-73.69462,-43.38771],[-73.6945,-43.38831],[-73.694111,-43.388601],[-73.69402,-43.38867],[-73.69326,-43.38939],[-73.69277,-43.38974],[-73.692735,-43.389801],[-73.69255,-43.39012],[-73.69239,-43.3904],[-73.69176,-43.39079],[-73.69123,-43.39097],[-73.6911,-43.39121],[-73.69095,-43.39155],[-73.69067,-43.39167],[-73.69039,-43.39166],[-73.68987,-43.39155],[-73.68955,-43.3914],[-73.68907,-43.39129],[-73.68882,-43.39117],[-73.68847,-43.39094],[-73.68818,-43.39093],[-73.68796,-43.39105],[-73.6876,-43.39135],[-73.687509,-43.391419],[-73.68735,-43.39154],[-73.68711,-43.39151],[-73.68689,-43.39133],[-73.68675,-43.3909],[-73.68656,-43.39075],[-73.68616,-43.39068],[-73.68565,-43.39067],[-73.68516,-43.3909],[-73.68468,-43.39123],[-73.68398,-43.39163],[-73.68297,-43.39172],[-73.68241,-43.39155],[-73.68187,-43.39115],[-73.68144,-43.39064],[-73.681,-43.38942],[-73.68077,-43.38881],[-73.68035,-43.38851],[-73.6801,-43.38828],[-73.679786,-43.388251],[-73.683766,-43.387442],[-73.68569,-43.382869],[-73.681692,-43.3795],[-73.683616,-43.374928],[-73.679619,-43.371559],[-73.675101,-43.372478],[-73.67453,-43.37215],[-73.67424,-43.37177],[-73.67402,-43.37145],[-73.6731,-43.37138],[-73.671935,-43.371277],[-73.67186,-43.37127],[-73.67056,-43.37108],[-73.66984,-43.37079],[-73.66899,-43.37053],[-73.66876,-43.37034],[-73.66857,-43.37031],[-73.6684,-43.37031],[-73.66827,-43.37034],[-73.66818,-43.3705],[-73.66824,-43.37073],[-73.66825,-43.37098],[-73.66817,-43.37117],[-73.66789,-43.3712],[-73.66763,-43.37117],[-73.66732,-43.37097],[-73.6671,-43.37065],[-73.66693,-43.37008],[-73.666916,-43.369961],[-73.66689,-43.36974],[-73.66666,-43.36946],[-73.66638,-43.36928],[-73.66612,-43.36899],[-73.66601,-43.36821],[-73.66629,-43.36806],[-73.66659,-43.36801],[-73.66676,-43.36784],[-73.66666,-43.36757],[-73.66644,-43.3675],[-73.66612,-43.36748],[-73.66594,-43.36733],[-73.66582,-43.36699],[-73.66577,-43.3666],[-73.66573,-43.36644],[-73.66572,-43.36602],[-73.66589,-43.366],[-73.6661,-43.36604],[-73.66634,-43.36623],[-73.66654,-43.36641],[-73.66689,-43.36652],[-73.66711,-43.36646],[-73.66725,-43.36625],[-73.66726,-43.36595],[-73.66726,-43.36562],[-73.66715,-43.36537],[-73.66686,-43.36511],[-73.66684,-43.36485],[-73.66685,-43.36455],[-73.66676,-43.36419],[-73.66653,-43.36382],[-73.66625,-43.36366],[-73.66595,-43.36355],[-73.66571,-43.36343],[-73.6656,-43.36325],[-73.66552,-43.36288],[-73.66537,-43.36265],[-73.66518,-43.36242],[-73.66486,-43.36204],[-73.664849,-43.362019],[-73.66465,-43.36166],[-73.66463,-43.36122],[-73.66451,-43.36089],[-73.66433,-43.36061],[-73.66394,-43.36032],[-73.66377,-43.35983],[-73.66362,-43.35937],[-73.66371,-43.35824],[-73.66373,-43.35743],[-73.66345,-43.35677],[-73.66311,-43.35665],[-73.66299,-43.35641],[-73.66287,-43.3561],[-73.66271,-43.35558],[-73.66244,-43.35513],[-73.66239,-43.35475],[-73.662356,-43.354165],[-73.66235,-43.35406],[-73.66235,-43.3533],[-73.66256,-43.35287],[-73.66295,-43.35255],[-73.66395,-43.35187],[-73.66439,-43.35151],[-73.66504,-43.3514],[-73.66559,-43.35134],[-73.6659,-43.35118],[-73.66611,-43.35095],[-73.66621,-43.35005],[-73.66653,-43.3496],[-73.66669,-43.34958],[-73.66689,-43.34952],[-73.66703,-43.34935],[-73.667282,-43.34877],[-73.6673,-43.34873],[-73.66753,-43.34832],[-73.66823,-43.34768],[-73.66858,-43.34738],[-73.66892,-43.34712],[-73.6696,-43.34709],[-73.67066,-43.3471],[-73.67108,-43.34681],[-73.67145,-43.34651],[-73.67151,-43.34605],[-73.67181,-43.34581],[-73.67224,-43.3458],[-73.67267,-43.34599],[-73.67301,-43.34606],[-73.67339,-43.34599],[-73.67368,-43.34596],[-73.674096,-43.346091],[-73.67425,-43.34614],[-73.67475,-43.34636],[-73.675,-43.34675],[-73.67507,-43.34719],[-73.67502,-43.34781],[-73.67457,-43.34872],[-73.67457,-43.348721],[-73.673403,-43.347737],[-73.667485,-43.348941],[-73.665561,-43.353513],[-73.669556,-43.356881]]]},"properties":{"comuna":"Quellón","mancha_id":"10208-88ce126205fffff","clase":"Bajo","nivel_medio":1.355,"nivel_medio_min":0.688,"nivel_medio_max":1.49,"pct_alto":0.0,"n_hexagonos":17,"area_ha":637.87}},{"type":"Feature","geometry":{"type":"Polygon","coordinates":[[[-73.61038,-43.25202],[-73.61021,-43.25202],[-73.610104,-43.25199],[-73.610564,-43.251896],[-73.61051,-43.25195],[-73.61038,-43.25202]]]},"properties":{"comuna":"Quellón","mancha_id":"10208-88ce1261e5fffff","clase":"Bajo","nivel_medio":0.915,"nivel_medio_min":0.915,"nivel_medio_max":0.915,"pct_alto":0.0,"n_hexagonos":1,"area_ha":0.02}},{"type":"Feature","geometry":{"type":"Polygon","coordinates":[[[-73.67333,-43.25926],[-73.672213,-43.260038],[-73.669529,-43.257773],[-73.66963,-43.25765],[-73.6698,-43.25728],[-73.66967,-43.25669],[-73.66923,-43.25595],[-73.6692,-43.25552],[-73.66969,-43.25491],[-73.6697,-43.2545],[-73.66949,-43.25421],[-73.66948,-43.254203],[-73.669769,-43.253517],[-73.66992,-43.25346],[-73.67036,-43.25331],[-73.67078,-43.2532],[-73.67119,-43.25311],[-73.67169,-43.25302],[-73.67225,-43.2529],[-73.67241,-43.25289],[-73.67259,-43.25281],[-73.6727,-43.2527],[-73.67285,-43.25261],[-73.67298,-43.25252],[-73.67309,-43.25245],[-73.67315,-43.2524],[-73.6733,-43.25238],[-73.673354,-43.252398],[-73.67341,-43.25244],[-73.67348,-43.25257],[-73.67358,-43.25272],[-73.67371,-43.25286],[-73.67381,-43.25289],[-73.67424,-43.25305],[-73.6744,-43.25305],[-73.67461,-43.25303],[-73.67518,-43.25289],[-73.67562,-43.25271],[-73.67583,-43.25264],[-73.67605,-43.2526],[-73.67624,-43.2526],[-73.67635,-43.25263],[-73.67642,-43.25266],[-73.67646,-43.25272],[-73.67646,-43.25281],[-73.6764,-43.2529],[-73.67627,-43.25298],[-73.67616,-43.25306],[-73.67606,-43.25313],[-73.67596,-43.25325],[-73.67598,-43.25331],[-73.67605,-43.25339],[-73.67634,-43.25351],[-73.67651,-43.25357],[-73.67671,-43.2536],[-73.67685,-43.2536],[-73.67707,-43.25358],[-73.67729,-43.2535],[-73.67741,-43.25351],[-73.67728,-43.2537],[-73.67717,-43.2539],[-73.67711,-43.25406],[-73.67662,-43.25454],[-73.67624,-43.25522],[-73.67601,-43.2557],[-73.67563,-43.25699],[-73.67514,-43.25769],[-73.67413,-43.25842],[-73.67333,-43.25926]]]},"properties":{"comuna":"Quellón","mancha_id":"10208-88ce1261d3fffff","clase":"Bajo","nivel_medio":1.19,"nivel_medio_min":1.19,"nivel_medio_max":1.19,"pct_alto":0.1,"n_hexagonos":1,"area_ha":34.41}},{"type":"Feature","geometry":{"type":"Polygon","coordinates":[[[-73.620207,-43.242997],[-73.62086,-43.241444],[-73.625616,-43.240474],[-73.62562,-43.2405],[-73.62559,-43.24058],[-73.62552,-43.24063],[-73.62534,-43.24067],[-73.62517,-43.24068],[-73.62501,-43.24077],[-73.62491,-43.24097],[-73.62485,-43.24112],[-73.6248,-43.24122],[-73.62469,-43.2413],[-73.62451,-43.24138],[-73.62439,-43.2414],[-73.62421,-43.24137],[-73.62404,-43.24132],[-73.62386,-43.2413],[-73.62372,-43.24134],[-73.62356,-43.24146],[-73.62343,-43.2416],[-73.62339,-43.24171],[-73.62338,-43.24184],[-73.62341,-43.24195],[-73.62348,-43.24205],[-73.6236,-43.24212],[-73.62378,-43.2422],[-73.62389,-43.24227],[-73.62399,-43.24232],[-73.62402,-43.24239],[-73.624,-43.24245],[-73.62387,-43.24258],[-73.62377,-43.2426],[-73.6233,-43.2427],[-73.62308,-43.24273],[-73.62289,-43.24283],[-73.62276,-43.24294],[-73.62263,-43.24302],[-73.62253,-43.24303],[-73.62237,-43.24302],[-73.62223,-43.24296],[-73.62216,-43.24291],[-73.62207,-43.24286],[-73.62188,-43.24289],[-73.62178,-43.24293],[-73.62166,-43.243],[-73.62149,-43.24311],[-73.62139,-43.24316],[-73.62132,-43.24319],[-73.62115,-43.24323],[-73.62102,-43.24324],[-73.62091,-43.24323],[-73.6208,-43.24306],[-73.62073,-43.24301],[-73.62057,-43.24298],[-73.62036,-43.24298],[-73.620207,-43.242997]]]},"properties":{"comuna":"Quellón","mancha_id":"10208-88ce1261a9fffff","clase":"Bajo","nivel_medio":1.269,"nivel_medio_min":1.269,"nivel_medio_max":1.269,"pct_alto":0.0,"n_hexagonos":1,"area_ha":5.68}},{"type":"Feature","geometry":{"type":"Polygon","coordinates":[[[-73.581713,-43.270297],[-73.577735,-43.266931],[-73.576812,-43.267119],[-73.57694,-43.2666],[-73.5771,-43.26611],[-73.57742,-43.26573],[-73.578576,-43.264939],[-73.57929,-43.26445],[-73.58067,-43.26323],[-73.58088,-43.2629],[-73.58146,-43.26229],[-73.58166,-43.26199],[-73.581642,-43.261961],[-73.58147,-43.26168],[-73.58114,-43.26157],[-73.58074,-43.26142],[-73.58063,-43.26137],[-73.58057,-43.26129],[-73.58058,-43.26116],[-73.58078,-43.26098],[-73.58111,-43.26082],[-73.58139,-43.26054],[-73.5814,-43.26021],[-73.58126,-43.25999],[-73.58091,-43.25957],[-73.58066,-43.25872],[-73.58036,-43.25806],[-73.57886,-43.25682],[-73.57812,-43.25593],[-73.57776,-43.25572],[-73.577075,-43.255701],[-73.57668,-43.25569],[-73.57629,-43.25561],[-73.57597,-43.25533],[-73.57558,-43.25487],[-73.57532,-43.25468],[-73.57503,-43.25439],[-73.57493,-43.25406],[-73.57491,-43.25382],[-73.57492,-43.25365],[-73.57484,-43.25348],[-73.57468,-43.25333],[-73.57453,-43.25321],[-73.57437,-43.25308],[-73.5742,-43.25295],[-73.57406,-43.25283],[-73.57392,-43.25268],[-73.57377,-43.25254],[-73.57363,-43.25237],[-73.57349,-43.25222],[-73.57335,-43.25205],[-73.57319,-43.25189],[-73.57304,-43.25174],[-73.572643,-43.251268],[-73.573634,-43.251066],[-73.575561,-43.246499],[-73.581463,-43.245298],[-73.583389,-43.240731],[-73.589291,-43.239528],[-73.593268,-43.242893],[-73.599171,-43.241691],[-73.60315,-43.245055],[-73.601225,-43.249623],[-73.605205,-43.252988],[-73.608844,-43.252247],[-73.60861,-43.2524],[-73.608405,-43.2525],[-73.60833,-43.25256],[-73.60827,-43.25261],[-73.60811,-43.2527],[-73.60791,-43.25277],[-73.60772,-43.25282],[-73.60753,-43.25289],[-73.60734,-43.253],[-73.60716,-43.25309],[-73.60682,-43.2533],[-73.60664,-43.25343],[-73.60658,-43.25346],[-73.60652,-43.25349],[-73.60646,-43.25353],[-73.60635,-43.25358],[-73.606265,-43.253585],[-73.60597,-43.25361],[-73.60581,-43.25361],[-73.60532,-43.25361],[-73.6051,-43.25364],[-73.60494,-43.25366],[-73.60492,-43.253665],[-73.60482,-43.25369],[-73.60424,-43.25392],[-73.60372,-43.25399],[-73.60366,-43.25401],[-73.60345,-43.25406],[-73.60358,-43.2543],[-73.60363,-43.25448],[-73.60309,-43.25499],[-73.60238,-43.25517],[-73.60107,-43.25549],[-73.60065,-43.25561],[-73.60016,-43.25579],[-73.60007,-43.25591],[-73.60007,-43.25614],[-73.6001,-43.25642],[-73.59996,-43.25674],[-73.59918,-43.25752],[-73.59841,-43.25797],[-73.5978,-43.25816],[-73.59714,-43.25824],[-73.596752,-43.258232],[-73.59668,-43.25823],[-73.59619,-43.25818],[-73.59577,-43.25795],[-73.59555,-43.2577],[-73.59524,-43.25752],[-73.59485,-43.25744],[-73.5942,-43.25737],[-73.59345,-43.25763],[-73.59309,-43.25797],[-73.59261,-43.2585],[-73.59176,-43.25908],[-73.59134,-43.25961],[-73.59109,-43.25996],[-73.59115,-43.26053],[-73.59159,-43.26085],[-73.59205,-43.26091],[-73.59229,-43.26108],[-73.59238,-43.26166],[-73.59253,-43.26205],[-73.59316,-43.26227],[-73.59382,-43.26226],[-73.59433,-43.26235],[-73.59462,-43.26252],[-73.59458,-43.26287],[-73.59443,-43.26347],[-73.594365,-43.263547],[-73.589545,-43.264529],[-73.587619,-43.269096],[-73.58923,-43.270459],[-73.58922,-43.27047],[-73.58843,-43.27094],[-73.58812,-43.27116],[-73.58807,-43.27138],[-73.58807,-43.27173],[-73.58807,-43.272],[-73.58761,-43.27225],[-73.5875,-43.27216],[-73.58712,-43.27215],[-73.58702,-43.27215],[-73.58698,-43.27227],[-73.586808,-43.272303],[-73.586755,-43.27218],[-73.58675,-43.27209],[-73.58673,-43.27194],[-73.58671,-43.27181],[-73.58663,-43.27173],[-73.58649,-43.27171],[-73.58623,-43.2718],[-73.58611,-43.27202],[-73.5861,-43.27227],[-73.5859,-43.27255],[-73.58551,-43.27278],[-73.58521,-43.27278],[-73.58499,-43.27271],[-73.58467,-43.27239],[-73.58439,-43.27225],[-73.58414,-43.27224],[-73.58365,-43.27215],[-73.58354,-43.27194],[-73.58331,-43.27186],[-73.58312,-43.27191],[-73.58287,-43.27193],[-73.58269,-43.27186],[-73.5824,-43.27186],[-73.58228,-43.27179],[-73.5822,-43.27172],[-73.5821,-43.27162],[-73.58195,-43.27162],[-73.58177,-43.27169],[-73.58164,-43.27185],[-73.58164,-43.27198],[-73.58155,-43.27206],[-73.58139,-43.27211],[-73.58116,-43.2721],[-73.580946,-43.272117],[-73.581713,-43.270297]]]},"properties":{"comuna":"Quellón","mancha_id":"10208-88ce126135fffff","clase":"Bajo","nivel_medio":1.276,"nivel_medio_min":0.827,"nivel_medio_max":1.486,"pct_alto":0.3,"n_hexagonos":12,"area_ha":505.14}},{"type":"Feature","geometry":{"type":"Polygon","coordinates":[[[-73.66566,-43.32392],[-73.66553,-43.32406],[-73.66519,-43.32426],[-73.66498,-43.32432],[-73.66474,-43.32432],[-73.66471,-43.32417],[-73.66473,-43.32406],[-73.66492,-43.32395],[-73.6651,-43.32383],[-73.66529,-43.32373],[-73.66537,-43.32372],[-73.66551,-43.32369],[-73.66565,-43.32377],[-73.66566,-43.32392]]]},"properties":{"comuna":"Quellón","mancha_id":"10208-88ce126043fffff","clase":"Bajo","nivel_medio":1.238,"nivel_medio_min":1.238,"nivel_medio_max":1.238,"pct_alto":0.0,"n_hexagonos":1,"area_ha":0.32}},{"type":"Feature","geometry":{"type":"Polygon","coordinates":[[[-73.66657,-43.32399],[-73.66672,-43.32401],[-73.666723,-43.324015],[-73.666134,-43.324136],[-73.66621,-43.32407],[-73.66637,-43.32401],[-73.66649,-43.32399],[-73.66657,-43.32399]]]},"properties":{"comuna":"Quellón","mancha_id":"10208-88ce126043fffff-2","clase":"Bajo","nivel_medio":1.238,"nivel_medio_min":1.238,"nivel_medio_max":1.238,"pct_alto":0.0,"n_hexagonos":1,"area_ha":0.03}},{"type":"Feature","geometry":{"type":"Polygon","coordinates":[[[-74.20517,-43.46617],[-74.204962,-43.466186],[-74.20478,-43.4662],[-74.20458,-43.46618],[-74.20429,-43.46597],[-74.20418,-43.46574],[-74.20427,-43.46538],[-74.20421,-43.4646],[-74.20426,-43.46435],[-74.20444,-43.46422],[-74.20461,-43.464181],[-74.205488,-43.464909],[-74.207304,-43.464533],[-74.20821,-43.46503],[-74.20873,-43.46517],[-74.20941,-43.46525],[-74.20972,-43.46539],[-74.21023,-43.46573],[-74.21074,-43.46607],[-74.21142,-43.46616],[-74.21233,-43.46606],[-74.21277,-43.46616],[-74.21332,-43.46658],[-74.21361,-43.46701],[-74.21387,-43.46787],[-74.2145,-43.46834],[-74.2146,-43.46849],[-74.214741,-43.468893],[-74.213941,-43.470836],[-74.21353,-43.47056],[-74.21325,-43.47054],[-74.21307,-43.47066],[-74.21305,-43.4708],[-74.21329,-43.47116],[-74.21329,-43.47123],[-74.21309,-43.47151],[-74.213006,-43.471761],[-74.211596,-43.472053],[-74.21125,-43.47175],[-74.2106,-43.47172],[-74.21021,-43.47164],[-74.20832,-43.47054],[-74.20803,-43.47024],[-74.20765,-43.46958],[-74.20733,-43.46921],[-74.20626,-43.46843],[-74.2059,-43.46743],[-74.20547,-43.46674],[-74.20534,-43.46626],[-74.20517,-43.46617]]]},"properties":{"comuna":"Quellón","mancha_id":"10208-88ce123521fffff","clase":"Bajo","nivel_medio":1.418,"nivel_medio_min":1.167,"nivel_medio_max":1.426,"pct_alto":0.2,"n_hexagonos":2,"area_ha":41.02}},{"type":"Feature","geometry":{"type":"Polygon","coordinates":[[[-74.22614,-43.229501],[-74.224257,-43.234095],[-74.218329,-43.235334],[-74.214284,-43.23198],[-74.216168,-43.227386],[-74.222095,-43.226147],[-74.22614,-43.229501]]]},"properties":{"comuna":"Quellón","mancha_id":"10208-88ce122cc7fffff","clase":"Bajo","nivel_medio":1.381,"nivel_medio_min":1.381,"nivel_medio_max":1.381,"pct_alto":0.0,"n_hexagonos":1,"area_ha":67.4}},{"type":"Feature","geometry":{"type":"Polygon","coordinates":[[[-74.15365,-43.274019],[-74.151761,-43.27861],[-74.145831,-43.279844],[-74.141791,-43.276487],[-74.143681,-43.271896],[-74.14961,-43.270662],[-74.15365,-43.274019]]]},"properties":{"comuna":"Quellón","mancha_id":"10208-88ce122c69fffff","clase":"Bajo","nivel_medio":1.463,"nivel_medio_min":1.463,"nivel_medio_max":1.463,"pct_alto":0.0,"n_hexagonos":1,"area_ha":67.35}},{"type":"Feature","geometry":{"type":"Polygon","coordinates":[[[-74.167133,-43.254418],[-74.173061,-43.253182],[-74.174948,-43.248591],[-74.180876,-43.247354],[-74.182762,-43.242762],[-74.188689,-43.241525],[-74.192732,-43.24488],[-74.19866,-43.243642],[-74.202703,-43.246997],[-74.208632,-43.245759],[-74.212677,-43.249114],[-74.210792,-43.253708],[-74.214838,-43.257063],[-74.212953,-43.261656],[-74.217,-43.265012],[-74.215115,-43.269606],[-74.219162,-43.272961],[-74.217277,-43.277555],[-74.221326,-43.280911],[-74.219441,-43.285506],[-74.213507,-43.286743],[-74.209459,-43.283387],[-74.211345,-43.278793],[-74.207298,-43.275437],[-74.209183,-43.270844],[-74.205137,-43.267488],[-74.207023,-43.262894],[-74.202977,-43.259539],[-74.197047,-43.260776],[-74.195161,-43.265369],[-74.189231,-43.266606],[-74.187344,-43.271199],[-74.181413,-43.272435],[-74.17737,-43.269079],[-74.179257,-43.264486],[-74.175215,-43.26113],[-74.169286,-43.262366],[-74.167398,-43.266958],[-74.17144,-43.270314],[-74.169552,-43.274906],[-74.163622,-43.276141],[-74.15958,-43.272785],[-74.161469,-43.268193],[-74.157428,-43.264836],[-74.159316,-43.260245],[-74.165245,-43.25901],[-74.167133,-43.254418]]]},"properties":{"comuna":"Quellón","mancha_id":"10208-88ce122c01fffff","clase":"Bajo","nivel_medio":1.313,"nivel_medio_min":1.122,"nivel_medio_max":1.456,"pct_alto":0.0,"n_hexagonos":16,"area_ha":1078.18}},{"type":"Feature","geometry":{"type":"Polygon","coordinates":[[[-73.92478,-43.37965],[-73.92474,-43.37972],[-73.92466,-43.37975],[-73.92457,-43.37975],[-73.92443,-43.37964],[-73.9244,-43.3795],[-73.92449,-43.37942],[-73.9246,-43.37942],[-73.92475,-43.37954],[-73.92478,-43.37965]]]},"properties":{"comuna":"Quellón","mancha_id":"10208-88ce122b6bfffff","clase":"Bajo","nivel_medio":0.911,"nivel_medio_min":0.911,"nivel_medio_max":0.911,"pct_alto":0.0,"n_hexagonos":1,"area_ha":0.08}},{"type":"Feature","geometry":{"type":"Polygon","coordinates":[[[-73.913346,-43.36984],[-73.917369,-43.373205],[-73.918403,-43.372993],[-73.91843,-43.37317],[-73.91856,-43.37335],[-73.91858,-43.37349],[-73.91851,-43.37393],[-73.91856,-43.37402],[-73.91857,-43.37423],[-73.91847,-43.37433],[-73.91796,-43.37451],[-73.91774,-43.37472],[-73.91755,-43.37476],[-73.91712,-43.37478],[-73.91682,-43.37496],[-73.916608,-43.375031],[-73.91646,-43.37508],[-73.91624,-43.37522],[-73.91618,-43.37545],[-73.91606,-43.37565],[-73.9155,-43.37588],[-73.9153,-43.37606],[-73.91499,-43.37611],[-73.91465,-43.37621],[-73.91432,-43.37617],[-73.91415,-43.37618],[-73.91407,-43.37624],[-73.91405,-43.37631],[-73.91413,-43.37654],[-73.91399,-43.3772],[-73.9138,-43.37747],[-73.91362,-43.378],[-73.913495,-43.378191],[-73.909529,-43.379005],[-73.905507,-43.37564],[-73.899576,-43.376857],[-73.895555,-43.373492],[-73.897465,-43.36891],[-73.903395,-43.367693],[-73.905303,-43.363111],[-73.911233,-43.361894],[-73.915255,-43.365258],[-73.913346,-43.36984]]]},"properties":{"comuna":"Quellón","mancha_id":"10208-88ce122b61fffff","clase":"Bajo","nivel_medio":1.244,"nivel_medio_min":0.911,"nivel_medio_max":1.285,"pct_alto":2.2,"n_hexagonos":4,"area_ha":199.99}},{"type":"Feature","geometry":{"type":"Polygon","coordinates":[[[-73.99439,-43.38853],[-73.994682,-43.388376],[-73.99706,-43.39036],[-73.99679,-43.391009],[-73.99607,-43.39056],[-73.99533,-43.38994],[-73.99435,-43.38956],[-73.99403,-43.38937],[-73.994,-43.38902],[-73.99418,-43.3887],[-73.99439,-43.38853]]]},"properties":{"comuna":"Quellón","mancha_id":"10208-88ce122a6bfffff","clase":"Bajo","nivel_medio":0.949,"nivel_medio_min":0.949,"nivel_medio_max":0.949,"pct_alto":0.0,"n_hexagonos":1,"area_ha":2.65}},{"type":"Feature","geometry":{"type":"Polygon","coordinates":[[[-73.99028,-43.39293],[-73.98995,-43.39316],[-73.98972,-43.39319],[-73.98948,-43.3931],[-73.98907,-43.39281],[-73.98899,-43.39272],[-73.98912,-43.39257],[-73.98928,-43.39253],[-73.99003,-43.39261],[-73.99016,-43.39265],[-73.99022,-43.39271],[-73.99028,-43.39293]]]},"properties":{"comuna":"Quellón","mancha_id":"10208-88ce122a6bfffff-2","clase":"Bajo","nivel_medio":0.949,"nivel_medio_min":0.949,"nivel_medio_max":0.949,"pct_alto":0.0,"n_hexagonos":1,"area_ha":0.51}},{"type":"Feature","geometry":{"type":"Polygon","coordinates":[[[-74.0261,-43.36636],[-74.02619,-43.36649],[-74.02615,-43.36659],[-74.02604,-43.36665],[-74.02587,-43.36663],[-74.02581,-43.36658],[-74.02581,-43.36642],[-74.02591,-43.36633],[-74.02603,-43.36633],[-74.0261,-43.36636]]]},"properties":{"comuna":"Quellón","mancha_id":"10208-88ce122a15fffff","clase":"Bajo","nivel_medio":1.477,"nivel_medio_min":1.477,"nivel_medio_max":1.477,"pct_alto":3.8,"n_hexagonos":1,"area_ha":0.09}},{"type":"Feature","geometry":{"type":"Polygon","coordinates":[[[-74.02601,-43.36722],[-74.02605,-43.36745],[-74.02588,-43.36764],[-74.02571,-43.36767],[-74.0256,-43.36753],[-74.02564,-43.36732],[-74.02567,-43.36727],[-74.02576,-43.36718],[-74.02601,-43.36722]]]},"properties":{"comuna":"Quellón","mancha_id":"10208-88ce122a15fffff-2","clase":"Bajo","nivel_medio":1.477,"nivel_medio_min":1.477,"nivel_medio_max":1.477,"pct_alto":3.8,"n_hexagonos":1,"area_ha":0.14}},{"type":"Feature","geometry":{"type":"Polygon","coordinates":[[[-74.01523,-43.37011],[-74.0151,-43.36991],[-74.01504,-43.369877],[-74.016542,-43.369568],[-74.018444,-43.364981],[-74.023134,-43.364013],[-74.02314,-43.36424],[-74.02338,-43.36451],[-74.02345,-43.36457],[-74.02398,-43.36472],[-74.02434,-43.36494],[-74.02459,-43.36517],[-74.0247,-43.36584],[-74.02501,-43.36637],[-74.02496,-43.36672],[-74.0247,-43.36681],[-74.0245,-43.36714],[-74.02384,-43.36738],[-74.02366,-43.36787],[-74.02341,-43.36804],[-74.02298,-43.36865],[-74.02253,-43.36887],[-74.02234,-43.36962],[-74.02218,-43.36984],[-74.02205,-43.36992],[-74.02179,-43.36993],[-74.0211,-43.36983],[-74.02063,-43.36993],[-74.02043,-43.37019],[-74.02034,-43.37082],[-74.02037,-43.37124],[-74.02023,-43.3716],[-74.01974,-43.37172],[-74.01943,-43.37164],[-74.01932,-43.37156],[-74.01893,-43.37154],[-74.018907,-43.371539],[-74.01854,-43.37153],[-74.01843,-43.37149],[-74.01814,-43.37122],[-74.01791,-43.37111],[-74.01764,-43.37109],[-74.01726,-43.37132],[-74.01705,-43.37136],[-74.01689,-43.37135],[-74.01669,-43.37125],[-74.0167,-43.37103],[-74.01688,-43.37078],[-74.01677,-43.37073],[-74.01651,-43.37073],[-74.01602,-43.37081],[-74.01573,-43.37063],[-74.01554,-43.37034],[-74.01523,-43.37011]]]},"properties":{"comuna":"Quellón","mancha_id":"10208-88ce122a03fffff","clase":"Bajo","nivel_medio":1.473,"nivel_medio_min":1.423,"nivel_medio_max":1.477,"pct_alto":4.7,"n_hexagonos":2,"area_ha":36.87}},{"type":"Feature","geometry":{"type":"Polygon","coordinates":[[[-74.01713,-43.37213],[-74.01711,-43.37221],[-74.0169,-43.37236],[-74.01673,-43.37238],[-74.01657,-43.37233],[-74.01651,-43.37217],[-74.01659,-43.37209],[-74.01679,-43.37201],[-74.01694,-43.372],[-74.0171,-43.37207],[-74.01713,-43.37213]]]},"properties":{"comuna":"Quellón","mancha_id":"10208-88ce122a03fffff-2","clase":"Bajo","nivel_medio":1.423,"nivel_medio_min":1.423,"nivel_medio_max":1.423,"pct_alto":17.8,"n_hexagonos":1,"area_ha":0.15}},{"type":"Feature","geometry":{"type":"Polygon","coordinates":[[[-74.01392,-43.37255],[-74.0138,-43.37266],[-74.01381,-43.37291],[-74.01369,-43.37296],[-74.01344,-43.37293],[-74.01347,-43.37248],[-74.01376,-43.37236],[-74.01387,-43.37238],[-74.01392,-43.37255]]]},"properties":{"comuna":"Quellón","mancha_id":"10208-88ce122a03fffff-3","clase":"Bajo","nivel_medio":1.423,"nivel_medio_min":1.423,"nivel_medio_max":1.423,"pct_alto":17.8,"n_hexagonos":1,"area_ha":0.19}},{"type":"Feature","geometry":{"type":"Polygon","coordinates":[[[-74.00952,-43.37459],[-74.00926,-43.3746],[-74.00898,-43.374716],[-74.0088,-43.37479],[-74.0085,-43.375],[-74.00845,-43.37517],[-74.00821,-43.37525],[-74.00759,-43.37515],[-74.00744,-43.37516],[-74.00736,-43.37525],[-74.00692,-43.37532],[-74.00679,-43.37545],[-74.006681,-43.375795],[-74.00277,-43.376601],[-74.000867,-43.381187],[-73.994931,-43.38241],[-73.994852,-43.382344],[-73.99491,-43.38222],[-73.99498,-43.38184],[-73.99511,-43.38114],[-73.99523,-43.38073],[-73.99541,-43.38049],[-73.99581,-43.38011],[-73.99592,-43.37989],[-73.99593,-43.37967],[-73.99584,-43.37937],[-73.99562,-43.37918],[-73.99534,-43.379],[-73.99505,-43.37891],[-73.99441,-43.37885],[-73.99327,-43.37889],[-73.9931,-43.37886],[-73.9926,-43.37857],[-73.99232,-43.37825],[-73.9916,-43.37792],[-73.991425,-43.37778],[-73.99125,-43.37764],[-73.99094,-43.37698],[-73.99074,-43.37676],[-73.99052,-43.37657],[-73.99019,-43.37642],[-73.98984,-43.37633],[-73.98936,-43.37633],[-73.98859,-43.37662],[-73.98806,-43.37704],[-73.9878,-43.37763],[-73.98759,-43.37794],[-73.98747,-43.37797],[-73.98727,-43.37809],[-73.98633,-43.37825],[-73.98621,-43.37823],[-73.98605,-43.37815],[-73.98597,-43.37804],[-73.98597,-43.37793],[-73.98609,-43.37765],[-73.98626,-43.37755],[-73.98659,-43.37724],[-73.98659,-43.37701],[-73.98643,-43.37688],[-73.98621,-43.37682],[-73.98598,-43.37682],[-73.98562,-43.37697],[-73.98538,-43.37718],[-73.98509,-43.37732],[-73.98484,-43.37736],[-73.98449,-43.37736],[-73.98392,-43.37714],[-73.98351,-43.37684],[-73.98343,-43.37672],[-73.98336,-43.37667],[-73.98325,-43.37643],[-73.98319,-43.37578],[-73.98336,-43.37431],[-73.98332,-43.37408],[-73.98321,-43.37384],[-73.98305,-43.37361],[-73.982497,-43.373143],[-73.982839,-43.372319],[-73.988773,-43.371097],[-73.992804,-43.37446],[-73.998738,-43.373238],[-74.000641,-43.368652],[-74.006575,-43.367428],[-74.010607,-43.370791],[-74.014232,-43.370044],[-74.01384,-43.37041],[-74.01282,-43.37054],[-74.01249,-43.37086],[-74.01185,-43.37118],[-74.01178,-43.37129],[-74.01171,-43.37152],[-74.01168,-43.37254],[-74.01178,-43.37266],[-74.01202,-43.3728],[-74.01218,-43.37302],[-74.01204,-43.37318],[-74.01163,-43.37336],[-74.01157,-43.37356],[-74.01163,-43.37368],[-74.01184,-43.37382],[-74.01215,-43.37389],[-74.01224,-43.37399],[-74.01227,-43.3742],[-74.01199,-43.37441],[-74.01192,-43.37464],[-74.01226,-43.3749],[-74.01234,-43.37518],[-74.01221,-43.37526],[-74.01206,-43.37528],[-74.01161,-43.37513],[-74.01133,-43.37514],[-74.01123,-43.3752],[-74.01095,-43.37522],[-74.01067,-43.37494],[-74.01055,-43.3749],[-74.01003,-43.37495],[-74.0099,-43.37486],[-74.00981,-43.37466],[-74.00952,-43.37459]]]},"properties":{"comuna":"Quellón","mancha_id":"10208-88ce122a03fffff-4","clase":"Bajo","nivel_medio":1.379,"nivel_medio_min":1.201,"nivel_medio_max":1.498,"pct_alto":0.9,"n_hexagonos":4,"area_ha":175.65}},{"type":"Feature","geometry":{"type":"Polygon","coordinates":[[[-73.985091,-43.275429],[-73.98319,-43.280013],[-73.987213,-43.283373],[-73.985313,-43.287958],[-73.979388,-43.289182],[-73.977487,-43.293766],[-73.971562,-43.294989],[-73.96754,-43.291629],[-73.969442,-43.287045],[-73.975366,-43.285821],[-73.977267,-43.281237],[-73.973245,-43.277877],[-73.975146,-43.273294],[-73.981069,-43.272069],[-73.985091,-43.275429]]]},"properties":{"comuna":"Quellón","mancha_id":"10208-88ce122989fffff","clase":"Bajo","nivel_medio":1.219,"nivel_medio_min":0.978,"nivel_medio_max":1.42,"pct_alto":0.0,"n_hexagonos":3,"area_ha":201.49}},{"type":"Feature","geometry":{"type":"Polygon","coordinates":[[[-73.904695,-43.325529],[-73.902787,-43.330111],[-73.896861,-43.331329],[-73.894953,-43.33591],[-73.898971,-43.339274],[-73.904898,-43.338056],[-73.908917,-43.341419],[-73.907009,-43.346001],[-73.901081,-43.347219],[-73.897062,-43.343855],[-73.891136,-43.345072],[-73.889226,-43.349654],[-73.883299,-43.35087],[-73.879282,-43.347506],[-73.873356,-43.348722],[-73.871445,-43.353303],[-73.875462,-43.356668],[-73.881389,-43.355451],[-73.885407,-43.358816],[-73.883497,-43.363397],[-73.877568,-43.364613],[-73.875658,-43.369194],[-73.879676,-43.372559],[-73.877765,-43.377141],[-73.871835,-43.378356],[-73.869923,-43.382937],[-73.863993,-43.384152],[-73.859976,-43.380786],[-73.861888,-43.376205],[-73.867817,-43.37499],[-73.869729,-43.37041],[-73.865712,-43.367044],[-73.859784,-43.368259],[-73.857871,-43.372839],[-73.851943,-43.374054],[-73.85003,-43.378634],[-73.854046,-43.382],[-73.852133,-43.38658],[-73.846203,-43.387794],[-73.842188,-43.384427],[-73.836258,-43.38564],[-73.834344,-43.39022],[-73.828415,-43.391432],[-73.8265,-43.396011],[-73.830515,-43.399378],[-73.828599,-43.403958],[-73.832615,-43.407325],[-73.831131,-43.410874],[-73.83088,-43.41059],[-73.83014,-43.41025],[-73.82954,-43.40987],[-73.82916,-43.40958],[-73.82895,-43.40933],[-73.82889,-43.40913],[-73.82892,-43.40882],[-73.82925,-43.40822],[-73.82924,-43.40786],[-73.82931,-43.40748],[-73.82923,-43.40694],[-73.82926,-43.40654],[-73.82923,-43.40613],[-73.82905,-43.40597],[-73.82882,-43.406],[-73.82849,-43.4062],[-73.82817,-43.40616],[-73.82799,-43.40604],[-73.82789,-43.40553],[-73.82779,-43.4053],[-73.82782,-43.40483],[-73.82723,-43.40429],[-73.82722,-43.40424],[-73.82717,-43.404],[-73.82708,-43.40383],[-73.8266,-43.40345],[-73.82657,-43.40329],[-73.82635,-43.40303],[-73.82627,-43.40283],[-73.82625,-43.40192],[-73.82614,-43.40178],[-73.82581,-43.40165],[-73.82529,-43.4016],[-73.82465,-43.40148],[-73.82352,-43.40136],[-73.82295,-43.40126],[-73.82042,-43.40105],[-73.8195,-43.40093],[-73.81915,-43.40085],[-73.819071,-43.400806],[-73.81866,-43.40058],[-73.81836,-43.40032],[-73.81567,-43.4011],[-73.81583,-43.40147],[-73.81588,-43.40174],[-73.81578,-43.40184],[-73.81536,-43.402],[-73.8153,-43.40208],[-73.81526,-43.40245],[-73.81498,-43.40255],[-73.814976,-43.402553],[-73.81486,-43.40266],[-73.81474,-43.40271],[-73.81451,-43.40301],[-73.81444,-43.40324],[-73.81429,-43.40333],[-73.81423,-43.40342],[-73.81373,-43.4037],[-73.81342,-43.40445],[-73.81355,-43.40464],[-73.81363,-43.40492],[-73.81327,-43.40535],[-73.81318,-43.40577],[-73.81317,-43.40618],[-73.81321,-43.40638],[-73.81337,-43.4067],[-73.81357,-43.40681],[-73.81377,-43.40686],[-73.81426,-43.40687],[-73.81446,-43.4069],[-73.81475,-43.40705],[-73.81505,-43.40735],[-73.81537,-43.408],[-73.81565,-43.4083],[-73.81588,-43.40841],[-73.81637,-43.40853],[-73.8169,-43.40879],[-73.81737,-43.40923],[-73.81738,-43.40944],[-73.81728,-43.40969],[-73.8172,-43.41007],[-73.81694,-43.41036],[-73.81648,-43.41056],[-73.8162,-43.4106],[-73.81583,-43.41058],[-73.8153,-43.41023],[-73.81515,-43.40998],[-73.815,-43.40985],[-73.81483,-43.4098],[-73.8147,-43.40981],[-73.81446,-43.40999],[-73.814146,-43.410393],[-73.81414,-43.4104],[-73.81392,-43.41062],[-73.81316,-43.41114],[-73.81274,-43.41136],[-73.81248,-43.41153],[-73.81207,-43.41198],[-73.81166,-43.4126],[-73.81126,-43.413],[-73.8109,-43.41323],[-73.81022,-43.41328],[-73.80994,-43.41333],[-73.80846,-43.4139],[-73.80758,-43.41412],[-73.80732,-43.41423],[-73.80698,-43.41441],[-73.80588,-43.41475],[-73.80549,-43.41497],[-73.804862,-43.414977],[-73.80458,-43.41498],[-73.80372,-43.4153],[-73.80343,-43.41538],[-73.80315,-43.4154],[-73.803,-43.41538],[-73.80264,-43.41504],[-73.80227,-43.41479],[-73.80207,-43.41479],[-73.80159,-43.41525],[-73.80097,-43.41569],[-73.80066,-43.41584],[-73.80012,-43.41591],[-73.79998,-43.41587],[-73.79966,-43.41553],[-73.7996,-43.41535],[-73.79977,-43.41488],[-73.79982,-43.41459],[-73.79943,-43.41425],[-73.799254,-43.414137],[-73.79876,-43.41382],[-73.79856,-43.41363],[-73.79854,-43.41355],[-73.79864,-43.41319],[-73.79862,-43.41309],[-73.79849,-43.41302],[-73.79821,-43.41297],[-73.7979,-43.41298],[-73.79757,-43.41305],[-73.79728,-43.41304],[-73.7965,-43.41278],[-73.79614,-43.41275],[-73.79595,-43.41277],[-73.79561,-43.41302],[-73.79539,-43.41301],[-73.79495,-43.41262],[-73.79491,-43.41252],[-73.79492,-43.41239],[-73.79514,-43.41223],[-73.79518,-43.41212],[-73.79508,-43.41197],[-73.79496,-43.4119],[-73.79477,-43.41167],[-73.79468,-43.41138],[-73.79471,-43.41096],[-73.79445,-43.41061],[-73.79434,-43.41051],[-73.79387,-43.41049],[-73.79367,-43.41058],[-73.79349,-43.4106],[-73.793289,-43.410572],[-73.79306,-43.41054],[-73.79262,-43.41018],[-73.79245,-43.40996],[-73.79233,-43.40935],[-73.7921,-43.40907],[-73.79191,-43.40865],[-73.79194,-43.40837],[-73.79205,-43.40822],[-73.79238,-43.40802],[-73.7926,-43.40778],[-73.79259,-43.40751],[-73.79268,-43.40734],[-73.79272,-43.40714],[-73.79271,-43.40652],[-73.79282,-43.40625],[-73.79282,-43.40608],[-73.79272,-43.40581],[-73.79281,-43.40542],[-73.79276,-43.40518],[-73.79278,-43.40491],[-73.792799,-43.404852],[-73.79288,-43.4046],[-73.79314,-43.40436],[-73.79337,-43.40378],[-73.7931,-43.40338],[-73.79274,-43.40235],[-73.79272,-43.40208],[-73.79285,-43.40188],[-73.79286,-43.4016],[-73.79308,-43.40133],[-73.79359,-43.40083],[-73.79385,-43.40072],[-73.79407,-43.40055],[-73.79433,-43.40028],[-73.79469,-43.40004],[-73.79535,-43.39941],[-73.79538,-43.39929],[-73.79522,-43.39913],[-73.79526,-43.39884],[-73.79551,-43.39867],[-73.79568,-43.39868],[-73.79596,-43.39889],[-73.79615,-43.39895],[-73.79649,-43.39887],[-73.79653,-43.3988],[-73.79709,-43.39833],[-73.79726,-43.39809],[-73.79732,-43.39788],[-73.797331,-43.397782],[-73.79735,-43.39762],[-73.79759,-43.39743],[-73.79776,-43.3974],[-73.7981,-43.39728],[-73.79817,-43.39719],[-73.79828,-43.39687],[-73.7989,-43.39625],[-73.79894,-43.39606],[-73.79888,-43.39589],[-73.79893,-43.3957],[-73.79925,-43.3951],[-73.7994,-43.39488],[-73.79971,-43.3946],[-73.800031,-43.394474],[-73.80022,-43.3944],[-73.80032,-43.39426],[-73.800235,-43.393988],[-73.80017,-43.39378],[-73.79987,-43.3931],[-73.79975,-43.393],[-73.79957,-43.39271],[-73.79866,-43.39163],[-73.79836,-43.39139],[-73.79832,-43.39125],[-73.79805,-43.39075],[-73.798037,-43.390687],[-73.800686,-43.392911],[-73.806614,-43.3917],[-73.808531,-43.387122],[-73.814459,-43.38591],[-73.816374,-43.381332],[-73.812362,-43.377965],[-73.814278,-43.373387],[-73.820204,-43.372174],[-73.824217,-43.375541],[-73.830144,-43.374328],[-73.832058,-43.369749],[-73.837986,-43.368536],[-73.842,-43.371902],[-73.847928,-43.370688],[-73.84984,-43.366108],[-73.845826,-43.362743],[-73.847738,-43.358163],[-73.843725,-43.354798],[-73.845637,-43.350218],[-73.841624,-43.346853],[-73.835699,-43.348067],[-73.831688,-43.344702],[-73.825763,-43.345916],[-73.821753,-43.342551],[-73.823666,-43.337972],[-73.82959,-43.336759],[-73.831502,-43.33218],[-73.827492,-43.328816],[-73.829405,-43.324237],[-73.825396,-43.320873],[-73.819474,-43.322087],[-73.815466,-43.318723],[-73.817379,-43.314145],[-73.814141,-43.311426],[-73.8144,-43.31122],[-73.81476,-43.31079],[-73.81505,-43.31067],[-73.81563,-43.31053],[-73.81599,-43.31051],[-73.81628,-43.31055],[-73.81639,-43.31065],[-73.81649,-43.31079],[-73.81663,-43.31081],[-73.81678,-43.3107],[-73.81694,-43.31045],[-73.81715,-43.31032],[-73.8175,-43.31023],[-73.81772,-43.31021],[-73.81791,-43.31013],[-73.81808,-43.31014],[-73.81818,-43.31018],[-73.8182,-43.31028],[-73.81827,-43.31037],[-73.81843,-43.31042],[-73.81864,-43.31028],[-73.81883,-43.31024],[-73.819,-43.31027],[-73.81948,-43.3105],[-73.81986,-43.31054],[-73.82034,-43.30989],[-73.82082,-43.30948],[-73.8214,-43.30887],[-73.82171,-43.30864],[-73.82216,-43.30815],[-73.82242,-43.30778],[-73.82258,-43.30747],[-73.82309,-43.30686],[-73.823206,-43.306669],[-73.82334,-43.30645],[-73.82366,-43.30611],[-73.82406,-43.30576],[-73.8244,-43.30541],[-73.82482,-43.30511],[-73.82513,-43.30477],[-73.82611,-43.30414],[-73.82716,-43.30357],[-73.82779,-43.30344],[-73.82798,-43.30336],[-73.82804,-43.30315],[-73.82789,-43.30295],[-73.82785,-43.30266],[-73.82791,-43.30255],[-73.82808,-43.3024],[-73.82879,-43.30208],[-73.8289,-43.30192],[-73.82918,-43.30169],[-73.82947,-43.30168],[-73.83,-43.30182],[-73.83053,-43.30185],[-73.83071,-43.30192],[-73.8309,-43.30229],[-73.83081,-43.30244],[-73.82989,-43.30299],[-73.82984,-43.30317],[-73.82994,-43.30324],[-73.83007,-43.30326],[-73.83082,-43.30301],[-73.83118,-43.30293],[-73.83178,-43.30287],[-73.83196,-43.30281],[-73.832795,-43.302352],[-73.83298,-43.30225],[-73.83379,-43.3019],[-73.83397,-43.30179],[-73.83443,-43.30137],[-73.83476,-43.30129],[-73.83491,-43.30128],[-73.83562,-43.30139],[-73.83589,-43.30159],[-73.83605,-43.30165],[-73.83627,-43.30164],[-73.83645,-43.30154],[-73.83698,-43.30146],[-73.83735,-43.30146],[-73.837883,-43.301567],[-73.8384,-43.30167],[-73.83874,-43.30171],[-73.83911,-43.3017],[-73.839313,-43.301639],[-73.83944,-43.3016],[-73.83971,-43.30145],[-73.8401,-43.3014],[-73.84034,-43.30134],[-73.84048,-43.3012],[-73.84054,-43.30101],[-73.84071,-43.30076],[-73.84124,-43.30058],[-73.84157,-43.30038],[-73.84199,-43.3003],[-73.84263,-43.30029],[-73.84276,-43.30015],[-73.843,-43.30003],[-73.84311,-43.29999],[-73.84363,-43.29994],[-73.84412,-43.2997],[-73.84422,-43.29954],[-73.84431,-43.29887],[-73.84423,-43.29867],[-73.84408,-43.29857],[-73.84387,-43.29851],[-73.84332,-43.29852],[-73.84287,-43.29856],[-73.84266,-43.29867],[-73.84251,-43.29882],[-73.84224,-43.29935],[-73.84216,-43.29941],[-73.84186,-43.29951],[-73.84168,-43.29949],[-73.84149,-43.29942],[-73.8412,-43.29912],[-73.84108,-43.29892],[-73.84108,-43.29875],[-73.84112,-43.29865],[-73.84141,-43.2984],[-73.84172,-43.29819],[-73.84186,-43.29801],[-73.84188,-43.29791],[-73.84179,-43.29772],[-73.84206,-43.29739],[-73.84213,-43.29719],[-73.8422,-43.29711],[-73.84226,-43.29709],[-73.84242,-43.29713],[-73.84265,-43.29729],[-73.8428,-43.2973],[-73.84316,-43.29709],[-73.84331,-43.29692],[-73.84357,-43.29679],[-73.84409,-43.29671],[-73.84474,-43.29669],[-73.845,-43.29662],[-73.84524,-43.29652],[-73.84529,-43.29641],[-73.84535,-43.29637],[-73.8453,-43.29603],[-73.845254,-43.295867],[-73.84513,-43.29543],[-73.8451,-43.29506],[-73.84494,-43.29467],[-73.84494,-43.29455],[-73.84506,-43.29443],[-73.84537,-43.29445],[-73.84548,-43.29456],[-73.84576,-43.29448],[-73.84603,-43.29401],[-73.84607,-43.2937],[-73.84649,-43.29317],[-73.84685,-43.29289],[-73.84688,-43.29272],[-73.84704,-43.29255],[-73.84797,-43.29212],[-73.848252,-43.292054],[-73.84848,-43.292],[-73.84879,-43.29188],[-73.84902,-43.29165],[-73.84915,-43.29145],[-73.84931,-43.29126],[-73.84965,-43.29107],[-73.84997,-43.29078],[-73.850122,-43.290681],[-73.85055,-43.2904],[-73.85119,-43.28986],[-73.8514,-43.28978],[-73.85199,-43.28947],[-73.85249,-43.28915],[-73.8526,-43.28916],[-73.85267,-43.28937],[-73.85243,-43.28963],[-73.85231,-43.2902],[-73.852338,-43.290225],[-73.85259,-43.29045],[-73.85287,-43.29061],[-73.853,-43.29059],[-73.85313,-43.29053],[-73.85329,-43.29036],[-73.85362,-43.29018],[-73.85389,-43.29014],[-73.85437,-43.29013],[-73.8547,-43.29002],[-73.854811,-43.289914],[-73.8549,-43.28983],[-73.85544,-43.28959],[-73.85568,-43.28943],[-73.85573,-43.28929],[-73.85573,-43.28906],[-73.85577,-43.28899],[-73.85595,-43.2889],[-73.85639,-43.28875],[-73.85673,-43.28857],[-73.85698,-43.28849],[-73.85727,-43.28847],[-73.85746,-43.28856],[-73.85762,-43.28888],[-73.85775,-43.28901],[-73.85844,-43.28926],[-73.85934,-43.28921],[-73.85953,-43.28923],[-73.85999,-43.28937],[-73.86042,-43.28939],[-73.86084,-43.28917],[-73.86157,-43.28869],[-73.86187,-43.28858],[-73.86232,-43.28849],[-73.86306,-43.28828],[-73.8633,-43.28828],[-73.86355,-43.28833],[-73.86377,-43.28832],[-73.86389,-43.28822],[-73.86402,-43.28801],[-73.8642,-43.28783],[-73.8643,-43.28777],[-73.86442,-43.28777],[-73.86466,-43.2879],[-73.86513,-43.28832],[-73.86519,-43.28853],[-73.86516,-43.28893],[-73.8652,-43.28911],[-73.86527,-43.28923],[-73.86557,-43.28935],[-73.865617,-43.289346],[-73.864552,-43.291901],[-73.858632,-43.293118],[-73.856723,-43.297697],[-73.850803,-43.298914],[-73.848893,-43.303493],[-73.852903,-43.306856],[-73.850993,-43.311435],[-73.855004,-43.314798],[-73.853093,-43.319378],[-73.857105,-43.322742],[-73.855195,-43.327321],[-73.849271,-43.328536],[-73.84736,-43.333116],[-73.851372,-43.33648],[-73.849461,-43.341059],[-73.853474,-43.344424],[-73.859399,-43.343209],[-73.863414,-43.346573],[-73.86934,-43.345358],[-73.87125,-43.340777],[-73.877176,-43.339561],[-73.879085,-43.33498],[-73.87507,-43.331617],[-73.87698,-43.327036],[-73.882904,-43.325819],[-73.884813,-43.321239],[-73.890737,-43.320021],[-73.894753,-43.323384],[-73.900677,-43.322166],[-73.904695,-43.325529]],[[-73.833229,-43.315081],[-73.835141,-43.310502],[-73.831132,-43.307138],[-73.825212,-43.308353],[-73.8233,-43.312931],[-73.827308,-43.316295],[-73.833229,-43.315081]]]},"properties":{"comuna":"Quellón","mancha_id":"10208-88ce122969fffff","clase":"Bajo","nivel_medio":1.122,"nivel_medio_min":0.541,"nivel_medio_max":1.489,"pct_alto":0.1,"n_hexagonos":66,"area_ha":3766.87}},{"type":"Feature","geometry":{"type":"Polygon","coordinates":[[[-73.926283,-43.312707],[-73.930302,-43.316069],[-73.936227,-43.314849],[-73.938132,-43.310266],[-73.944057,-43.309045],[-73.948078,-43.312407],[-73.946174,-43.31699],[-73.940248,-43.318211],[-73.938343,-43.322794],[-73.932417,-43.324015],[-73.930511,-43.328597],[-73.924584,-43.329817],[-73.920564,-43.326454],[-73.922471,-43.321872],[-73.918452,-43.318509],[-73.920358,-43.313927],[-73.926283,-43.312707]]]},"properties":{"comuna":"Quellón","mancha_id":"10208-88ce122909fffff","clase":"Bajo","nivel_medio":1.3,"nivel_medio_min":1.146,"nivel_medio_max":1.415,"pct_alto":0.0,"n_hexagonos":4,"area_ha":268.52}},{"type":"Feature","geometry":{"type":"Polygon","coordinates":[[[-74.054756,-43.290361],[-74.052859,-43.294949],[-74.046931,-43.296176],[-74.042901,-43.292817],[-74.044798,-43.28823],[-74.050725,-43.287002],[-74.054756,-43.290361]]]},"properties":{"comuna":"Quellón","mancha_id":"10208-88ce122889fffff","clase":"Bajo","nivel_medio":1.399,"nivel_medio_min":1.399,"nivel_medio_max":1.399,"pct_alto":0.0,"n_hexagonos":1,"area_ha":67.25}},{"type":"Feature","geometry":{"type":"Polygon","coordinates":[[[-74.042665,-43.280284],[-74.040768,-43.284871],[-74.034842,-43.286098],[-74.030814,-43.282739],[-74.032711,-43.278152],[-74.038636,-43.276925],[-74.042665,-43.280284]]]},"properties":{"comuna":"Quellón","mancha_id":"10208-88ce122885fffff","clase":"Bajo","nivel_medio":1.497,"nivel_medio_min":1.497,"nivel_medio_max":1.497,"pct_alto":0.0,"n_hexagonos":1,"area_ha":67.23}},{"type":"Feature","geometry":{"type":"Polygon","coordinates":[[[-73.987881,-43.320964],[-73.993809,-43.319741],[-73.995711,-43.315155],[-74.001638,-43.313931],[-74.005666,-43.317292],[-74.003765,-43.321878],[-74.007794,-43.325239],[-74.013723,-43.324014],[-74.017753,-43.327376],[-74.015853,-43.331962],[-74.009922,-43.333187],[-74.005893,-43.329825],[-73.999963,-43.331049],[-73.995935,-43.327687],[-73.990006,-43.328911],[-73.988104,-43.333496],[-73.982174,-43.334719],[-73.978148,-43.331357],[-73.972219,-43.332579],[-73.970316,-43.337164],[-73.974342,-43.340526],[-73.980272,-43.339304],[-73.984299,-43.342666],[-73.982396,-43.347251],[-73.986424,-43.350614],[-73.984521,-43.355199],[-73.98855,-43.358562],[-73.986647,-43.363148],[-73.980714,-43.36437],[-73.97944,-43.367437],[-73.97947,-43.36735],[-73.9794,-43.3666],[-73.97962,-43.36632],[-73.97913,-43.36565],[-73.97873,-43.36566],[-73.97845,-43.36561],[-73.97811,-43.36548],[-73.97779,-43.36516],[-73.97747,-43.36494],[-73.97691,-43.36479],[-73.97664,-43.36476],[-73.97633,-43.36476],[-73.97573,-43.36506],[-73.97516,-43.36514],[-73.97477,-43.36552],[-73.97435,-43.3657],[-73.97307,-43.36589],[-73.97282,-43.366],[-73.97174,-43.36631],[-73.96974,-43.3666],[-73.968909,-43.366667],[-73.96837,-43.36671],[-73.966,-43.36674],[-73.96428,-43.36662],[-73.9629,-43.36643],[-73.96138,-43.36628],[-73.96084,-43.36628],[-73.960819,-43.366282],[-73.958889,-43.36467],[-73.960794,-43.360086],[-73.956768,-43.356722],[-73.958673,-43.352138],[-73.954648,-43.348775],[-73.948718,-43.349996],[-73.946812,-43.354579],[-73.940882,-43.355799],[-73.938976,-43.360383],[-73.943,-43.363747],[-73.948931,-43.362527],[-73.952957,-43.365891],[-73.952788,-43.366298],[-73.95086,-43.36624],[-73.95006,-43.36617],[-73.94924,-43.36616],[-73.9478,-43.36627],[-73.94671,-43.36629],[-73.94562,-43.36636],[-73.94501,-43.36646],[-73.94463,-43.36675],[-73.94446,-43.36695],[-73.94439,-43.3671],[-73.94441,-43.36722],[-73.94465,-43.36759],[-73.94463,-43.36775],[-73.94443,-43.36787],[-73.9441,-43.36794],[-73.94392,-43.36806],[-73.94382,-43.36818],[-73.94373,-43.3684],[-73.94349,-43.36864],[-73.94323,-43.36874],[-73.94315,-43.36897],[-73.94306,-43.36909],[-73.94292,-43.36915],[-73.94278,-43.36915],[-73.94266,-43.36904],[-73.9426,-43.36887],[-73.94248,-43.36883],[-73.94208,-43.36911],[-73.94204,-43.369121],[-73.941094,-43.36833],[-73.935162,-43.36955],[-73.931138,-43.366185],[-73.933045,-43.361602],[-73.929022,-43.358238],[-73.930929,-43.353655],[-73.926907,-43.350291],[-73.928813,-43.345709],[-73.934742,-43.344489],[-73.938765,-43.347852],[-73.944694,-43.346632],[-73.946599,-43.342049],[-73.952528,-43.340828],[-73.954433,-43.336244],[-73.950409,-43.332882],[-73.952314,-43.328298],[-73.948291,-43.324936],[-73.950196,-43.320352],[-73.956122,-43.319131],[-73.960145,-43.322493],[-73.966073,-43.321271],[-73.967976,-43.316687],[-73.973903,-43.315464],[-73.977927,-43.318826],[-73.983855,-43.317603],[-73.987881,-43.320964]]]},"properties":{"comuna":"Quellón","mancha_id":"10208-88ce122801fffff","clase":"Bajo","nivel_medio":1.275,"nivel_medio_min":0.825,"nivel_medio_max":1.491,"pct_alto":0.0,"n_hexagonos":29,"area_ha":1875.84}},{"type":"Feature","geometry":{"type":"Polygon","coordinates":[[[-74.251685,-43.39226],[-74.249798,-43.396857],[-74.245618,-43.397726],[-74.24581,-43.39757],[-74.24641,-43.39681],[-74.24698,-43.39624],[-74.24725,-43.39587],[-74.24775,-43.39492],[-74.24788,-43.39454],[-74.24924,-43.39228],[-74.24953,-43.39171],[-74.249789,-43.390691],[-74.251685,-43.39226]]]},"properties":{"comuna":"Quellón","mancha_id":"10208-88ce122761fffff","clase":"Bajo","nivel_medio":1.351,"nivel_medio_min":1.351,"nivel_medio_max":1.351,"pct_alto":0.5,"n_hexagonos":1,"area_ha":14.67}},{"type":"Feature","geometry":{"type":"Polygon","coordinates":[[[-74.27244,-43.36833],[-74.27235,-43.36847],[-74.272286,-43.368554],[-74.273005,-43.366798],[-74.276134,-43.366146],[-74.27613,-43.36622],[-74.27615,-43.36641],[-74.2762,-43.36659],[-74.27623,-43.36678],[-74.27624,-43.36696],[-74.276145,-43.36713],[-74.27597,-43.36721],[-74.27586,-43.36719],[-74.27581,-43.36716],[-74.27561,-43.36709],[-74.27535,-43.367],[-74.27508,-43.36691],[-74.27481,-43.36685],[-74.27467,-43.36685],[-74.27453,-43.36689],[-74.2743,-43.36694],[-74.273455,-43.367435],[-74.27336,-43.36749],[-74.2733,-43.36752],[-74.27315,-43.36764],[-74.27301,-43.36774],[-74.27281,-43.36789],[-74.27269,-43.36802],[-74.27254,-43.36819],[-74.27244,-43.36833]]]},"properties":{"comuna":"Quellón","mancha_id":"10208-88ce122739fffff","clase":"Bajo","nivel_medio":1.371,"nivel_medio_min":1.371,"nivel_medio_max":1.371,"pct_alto":3.7,"n_hexagonos":1,"area_ha":2.18}},{"type":"Feature","geometry":{"type":"Polygon","coordinates":[[[-74.272137,-43.368915],[-74.272141,-43.368906],[-74.27214,-43.36891],[-74.272137,-43.368915]]]},"properties":{"comuna":"Quellón","mancha_id":"10208-88ce122739fffff-2","clase":"Bajo","nivel_medio":1.371,"nivel_medio_min":1.371,"nivel_medio_max":1.371,"pct_alto":3.7,"n_hexagonos":1,"area_ha":0.0}},{"type":"Feature","geometry":{"type":"Polygon","coordinates":[[[-74.27615,-43.37394],[-74.27621,-43.37404],[-74.27622,-43.37412],[-74.27601,-43.3742],[-74.27591,-43.3742],[-74.27581,-43.37419],[-74.27574,-43.37414],[-74.27567,-43.37404],[-74.27567,-43.37397],[-74.27567,-43.37386],[-74.27567,-43.37378],[-74.275765,-43.373785],[-74.275865,-43.37379],[-74.27601,-43.373855],[-74.27615,-43.37394]]]},"properties":{"comuna":"Quellón","mancha_id":"10208-88ce122739fffff-3","clase":"Bajo","nivel_medio":1.371,"nivel_medio_min":1.371,"nivel_medio_max":1.371,"pct_alto":3.7,"n_hexagonos":1,"area_ha":0.16}},{"type":"Feature","geometry":{"type":"Polygon","coordinates":[[[-74.28576,-43.36909],[-74.28575,-43.3686],[-74.285708,-43.368355],[-74.288958,-43.367678],[-74.29036,-43.368837],[-74.29018,-43.36894],[-74.28993,-43.3691],[-74.28971,-43.36919],[-74.28955,-43.36921],[-74.28948,-43.36926],[-74.28944,-43.36937],[-74.2893,-43.36946],[-74.28916,-43.36952],[-74.28901,-43.36954],[-74.28885,-43.36959],[-74.28875,-43.36965],[-74.28877,-43.36976],[-74.28887,-43.3699],[-74.28882,-43.37005],[-74.28866,-43.37014],[-74.28841,-43.37021],[-74.28825,-43.3703],[-74.28805,-43.37037],[-74.28786,-43.37035],[-74.28762,-43.37035],[-74.2874,-43.37035],[-74.28715,-43.37044],[-74.28693,-43.3705],[-74.2866,-43.37055],[-74.28627,-43.37055],[-74.28609,-43.37051],[-74.28593,-43.37028],[-74.28592,-43.36991],[-74.28582,-43.36951],[-74.28576,-43.36909]]]},"properties":{"comuna":"Quellón","mancha_id":"10208-88ce122715fffff","clase":"Bajo","nivel_medio":1.488,"nivel_medio_min":1.488,"nivel_medio_max":1.488,"pct_alto":0.0,"n_hexagonos":1,"area_ha":7.84}},{"type":"Feature","geometry":{"type":"Polygon","coordinates":[[[-74.290898,-43.375684],[-74.29104,-43.37565],[-74.29114,-43.375628],[-74.291137,-43.375634],[-74.290898,-43.375684]]]},"properties":{"comuna":"Quellón","mancha_id":"10208-88ce122715fffff-2","clase":"Bajo","nivel_medio":1.488,"nivel_medio_min":1.488,"nivel_medio_max":1.488,"pct_alto":0.0,"n_hexagonos":1,"area_ha":0.0}},{"type":"Feature","geometry":{"type":"Polygon","coordinates":[[[-74.28948,-43.37583],[-74.28981,-43.37585],[-74.289981,-43.375875],[-74.289179,-43.376043],[-74.28924,-43.37592],[-74.28948,-43.37583]]]},"properties":{"comuna":"Quellón","mancha_id":"10208-88ce122715fffff-3","clase":"Bajo","nivel_medio":1.488,"nivel_medio_min":1.488,"nivel_medio_max":1.488,"pct_alto":0.0,"n_hexagonos":1,"area_ha":0.07}},{"type":"Feature","geometry":{"type":"Polygon","coordinates":[[[-74.2793,-43.39038],[-74.279336,-43.390502],[-74.275474,-43.387309],[-74.276165,-43.385624],[-74.27616,-43.3857],[-74.27618,-43.38586],[-74.27619,-43.38603],[-74.27625,-43.38619],[-74.27633,-43.38635],[-74.27641,-43.38651],[-74.27645,-43.38668],[-74.27655,-43.38684],[-74.27661,-43.387],[-74.27669,-43.38717],[-74.27676,-43.38733],[-74.27689,-43.38749],[-74.27701,-43.38764],[-74.27722,-43.3878],[-74.2773,-43.38784],[-74.27752,-43.38783],[-74.27757,-43.3878],[-74.27768,-43.38779],[-74.27777,-43.38774],[-74.27786,-43.38773],[-74.27797,-43.3877],[-74.27819,-43.38763],[-74.27841,-43.38759],[-74.27853,-43.38766],[-74.27859,-43.38769],[-74.27865,-43.38785],[-74.27868,-43.388025],[-74.278765,-43.38814],[-74.27892,-43.38825],[-74.27904,-43.38838],[-74.2791,-43.38842],[-74.27915,-43.3886],[-74.27915,-43.38876],[-74.27913,-43.38892],[-74.27906,-43.38908],[-74.27903,-43.38924],[-74.279,-43.38941],[-74.27898,-43.38957],[-74.27898,-43.38973],[-74.27902,-43.38989],[-74.2791,-43.39006],[-74.27921,-43.39022],[-74.2793,-43.39038]]]},"properties":{"comuna":"Quellón","mancha_id":"10208-88ce12270bfffff","clase":"Bajo","nivel_medio":1.39,"nivel_medio_min":1.39,"nivel_medio_max":1.39,"pct_alto":1.2,"n_hexagonos":1,"area_ha":4.73}},{"type":"Feature","geometry":{"type":"Polygon","coordinates":[[[-74.27496,-43.37628],[-74.27475,-43.37646],[-74.2746,-43.37661],[-74.274354,-43.376774],[-74.275182,-43.374754],[-74.271121,-43.371396],[-74.272063,-43.369096],[-74.27205,-43.36919],[-74.27203,-43.36933],[-74.272,-43.36946],[-74.27198,-43.3696],[-74.27198,-43.36974],[-74.27201,-43.36988],[-74.27204,-43.37],[-74.27211,-43.37009],[-74.27215,-43.37021],[-74.27218,-43.37035],[-74.27221,-43.37046],[-74.27221,-43.37058],[-74.27221,-43.37069],[-74.27219,-43.37083],[-74.27217,-43.37097],[-74.27212,-43.37111],[-74.27206,-43.37125],[-74.27199,-43.37139],[-74.27201,-43.37153],[-74.27202,-43.37162],[-74.27205,-43.371675],[-74.272075,-43.37176],[-74.27215,-43.37189],[-74.27223,-43.37199],[-74.2723,-43.37209],[-74.2724,-43.37218],[-74.27249,-43.37227],[-74.27262,-43.37236],[-74.2727,-43.37241],[-74.27282,-43.37251],[-74.27293,-43.3726],[-74.273,-43.37262],[-74.27306,-43.37267],[-74.27312,-43.37271],[-74.2732,-43.37275],[-74.27328,-43.37279],[-74.27341,-43.37284],[-74.27353,-43.37285],[-74.27366,-43.3729],[-74.27377,-43.37295],[-74.27393,-43.37298],[-74.274087,-43.372938],[-74.27423,-43.3729],[-74.274415,-43.37291],[-74.27452,-43.37295],[-74.27459,-43.373035],[-74.27461,-43.37309],[-74.27461,-43.37319],[-74.27461,-43.37326],[-74.27458,-43.37331],[-74.27447,-43.37342],[-74.27438,-43.37358],[-74.27438,-43.37364],[-74.27443,-43.37367],[-74.27445,-43.373725],[-74.27451,-43.37375],[-74.27457,-43.37379],[-74.27467,-43.37385],[-74.27476,-43.3739],[-74.27489,-43.37395],[-74.27502,-43.37399],[-74.27509,-43.37403],[-74.27517,-43.37405],[-74.2753,-43.37409],[-74.27543,-43.37412],[-74.27565,-43.37421],[-74.27571,-43.37463],[-74.275736,-43.374639],[-74.27577,-43.37465],[-74.27583,-43.37468],[-74.27588,-43.37471],[-74.275975,-43.374745],[-74.27621,-43.37484],[-74.27631,-43.37487],[-74.27632,-43.37493],[-74.27631,-43.37499],[-74.27618,-43.37515],[-74.27611,-43.37531],[-74.276215,-43.37543],[-74.27625,-43.37549],[-74.276235,-43.37562],[-74.27619,-43.37574],[-74.27624,-43.375825],[-74.27631,-43.37589],[-74.27608,-43.37606],[-74.27596,-43.37623],[-74.27637,-43.37623],[-74.27631,-43.3764],[-74.27607,-43.3764],[-74.275375,-43.37613],[-74.275125,-43.376125],[-74.27496,-43.37628]]]},"properties":{"comuna":"Quellón","mancha_id":"10208-88ce122703fffff","clase":"Bajo","nivel_medio":1.341,"nivel_medio_min":1.29,"nivel_medio_max":1.371,"pct_alto":2.8,"n_hexagonos":2,"area_ha":5.1}},{"type":"Feature","geometry":{"type":"Polygon","coordinates":[[[-74.28062,-43.38019],[-74.28053,-43.38019],[-74.28037,-43.38022],[-74.28027,-43.38022],[-74.2802,-43.38021],[-74.280105,-43.38017],[-74.28009,-43.38007],[-74.28009,-43.379975],[-74.28016,-43.379905],[-74.28022,-43.37988],[-74.28029,-43.37988],[-74.28038,-43.37989],[-74.28058,-43.37994],[-74.28067,-43.38001],[-74.2807,-43.380105],[-74.28062,-43.38019]]]},"properties":{"comuna":"Quellón","mancha_id":"10208-88ce122703fffff-2","clase":"Bajo","nivel_medio":1.29,"nivel_medio_min":1.29,"nivel_medio_max":1.29,"pct_alto":1.2,"n_hexagonos":1,"area_ha":0.15}},{"type":"Feature","geometry":{"type":"Polygon","coordinates":[[[-74.283779,-43.380317],[-74.28372,-43.38022],[-74.28385,-43.38007],[-74.283894,-43.380037],[-74.283779,-43.380317]]]},"properties":{"comuna":"Quellón","mancha_id":"10208-88ce122703fffff-3","clase":"Bajo","nivel_medio":1.29,"nivel_medio_min":1.29,"nivel_medio_max":1.29,"pct_alto":1.2,"n_hexagonos":1,"area_ha":0.01}},{"type":"Feature","geometry":{"type":"Polygon","coordinates":[[[-74.27765,-43.38259],[-74.277632,-43.382654],[-74.27763,-43.38266],[-74.27755,-43.38274],[-74.27748,-43.3829],[-74.27743,-43.38307],[-74.27742,-43.38323],[-74.27743,-43.38339],[-74.27741,-43.38355],[-74.27732,-43.38371],[-74.2772,-43.38388],[-74.27706,-43.38403],[-74.27682,-43.38424],[-74.276688,-43.384347],[-74.277359,-43.382711],[-74.273297,-43.379352],[-74.273543,-43.378752],[-74.27362,-43.37889],[-74.27368,-43.37905],[-74.27374,-43.37922],[-74.27382,-43.37938],[-74.27392,-43.37954],[-74.27399,-43.3797],[-74.27412,-43.37987],[-74.27424,-43.38002],[-74.274465,-43.380175],[-74.27451,-43.38021],[-74.27458,-43.38023],[-74.2747,-43.38029],[-74.274895,-43.38035],[-74.2751,-43.38035],[-74.27532,-43.3803],[-74.27554,-43.38028],[-74.27577,-43.38023],[-74.27599,-43.38017],[-74.27621,-43.38016],[-74.27644,-43.38014],[-74.27666,-43.38014],[-74.27677,-43.38015],[-74.276905,-43.3802],[-74.2771,-43.38021],[-74.27733,-43.38021],[-74.27755,-43.38021],[-74.27777,-43.38024],[-74.27799,-43.38029],[-74.27812,-43.38029],[-74.27822,-43.38026],[-74.27844,-43.38024],[-74.27866,-43.38026],[-74.27888,-43.3803],[-74.27911,-43.38032],[-74.279265,-43.380345],[-74.27935,-43.380385],[-74.27947,-43.38048],[-74.27964,-43.38062],[-74.27975,-43.38081],[-74.27973,-43.38097],[-74.27969,-43.38102],[-74.2796,-43.38112],[-74.279515,-43.38119],[-74.27944,-43.38121],[-74.279355,-43.381255],[-74.27925,-43.38128],[-74.27898,-43.38141],[-74.27888,-43.38145],[-74.27882,-43.38153],[-74.27879,-43.38159],[-74.278665,-43.381755],[-74.27864,-43.38191],[-74.278575,-43.382085],[-74.278505,-43.382175],[-74.27845,-43.38223],[-74.27837,-43.38227],[-74.27832,-43.38233],[-74.27821,-43.38237],[-74.27813,-43.3824],[-74.27784,-43.38248],[-74.27765,-43.38259]]]},"properties":{"comuna":"Quellón","mancha_id":"10208-88ce122703fffff-4","clase":"Bajo","nivel_medio":1.295,"nivel_medio_min":1.29,"nivel_medio_max":1.39,"pct_alto":1.2,"n_hexagonos":2,"area_ha":7.54}},{"type":"Feature","geometry":{"type":"Polygon","coordinates":[[[-74.28326,-43.38116],[-74.28336,-43.38116],[-74.28342,-43.381194],[-74.283306,-43.381472],[-74.283441,-43.381583],[-74.28337,-43.38167],[-74.28327,-43.38167],[-74.28307,-43.38164],[-74.28299,-43.38161],[-74.282926,-43.381551],[-74.28292,-43.381545],[-74.28287,-43.38148],[-74.28281,-43.38139],[-74.2828,-43.38131],[-74.28288,-43.38121],[-74.28298,-43.38119],[-74.2831,-43.38117],[-74.2832,-43.38117],[-74.28326,-43.38116]]]},"properties":{"comuna":"Quellón","mancha_id":"10208-88ce122703fffff-5","clase":"Bajo","nivel_medio":1.317,"nivel_medio_min":1.29,"nivel_medio_max":1.39,"pct_alto":1.2,"n_hexagonos":2,"area_ha":0.22}},{"type":"Feature","geometry":{"type":"Polygon","coordinates":[[[-74.239976,-43.314835],[-74.238091,-43.31943],[-74.232152,-43.320668],[-74.230266,-43.325263],[-74.224328,-43.326501],[-74.224103,-43.327049],[-74.2218,-43.32703],[-74.22014,-43.32752],[-74.21853,-43.32879],[-74.2171,-43.32977],[-74.21592,-43.33073],[-74.215313,-43.331347],[-74.212451,-43.328974],[-74.214338,-43.32438],[-74.220276,-43.323143],[-74.222162,-43.318548],[-74.218111,-43.315191],[-74.219997,-43.310596],[-74.225934,-43.309359],[-74.227819,-43.304764],[-74.233756,-43.303526],[-74.235641,-43.298931],[-74.241577,-43.297692],[-74.245629,-43.301049],[-74.243745,-43.305644],[-74.237808,-43.306883],[-74.235923,-43.311478],[-74.239976,-43.314835]]]},"properties":{"comuna":"Quellón","mancha_id":"10208-88ce122521fffff","clase":"Bajo","nivel_medio":1.39,"nivel_medio_min":1.328,"nivel_medio_max":1.467,"pct_alto":0.0,"n_hexagonos":6,"area_ha":381.99}},{"type":"Feature","geometry":{"type":"Polygon","coordinates":[[[-74.370321,-43.274945],[-74.37626,-43.273698],[-74.378163,-43.275268],[-74.378,-43.27535],[-74.37779,-43.27544],[-74.37755,-43.27553],[-74.37733,-43.27565],[-74.3772,-43.27571],[-74.377105,-43.275745],[-74.3769,-43.2758],[-74.37684,-43.275845],[-74.37674,-43.27591],[-74.376635,-43.27597],[-74.37639,-43.27614],[-74.37615,-43.27629],[-74.37592,-43.27645],[-74.37576,-43.27658],[-74.37551,-43.27678],[-74.37536,-43.27693],[-74.37517,-43.27714],[-74.37499,-43.27729],[-74.37488,-43.27751],[-74.37481,-43.27768],[-74.3748,-43.27784],[-74.37475,-43.278],[-74.37475,-43.27816],[-74.37473,-43.27833],[-74.37473,-43.27849],[-74.37472,-43.27865],[-74.37472,-43.27881],[-74.37472,-43.27897],[-74.3747,-43.27914],[-74.37467,-43.2793],[-74.37464,-43.27946],[-74.37459,-43.27962],[-74.37454,-43.27979],[-74.37447,-43.27995],[-74.37439,-43.28011],[-74.37431,-43.28027],[-74.37423,-43.28034],[-74.37418,-43.28037],[-74.37414,-43.28042],[-74.37383,-43.28063],[-74.37361,-43.2808],[-74.37335,-43.28098],[-74.37318,-43.28111],[-74.37292,-43.28124],[-74.37268,-43.28138],[-74.37244,-43.28151],[-74.3722,-43.28165],[-74.37198,-43.28179],[-74.37177,-43.28194],[-74.371553,-43.282109],[-74.368446,-43.279546],[-74.370321,-43.274945]]]},"properties":{"comuna":"Quellón","mancha_id":"10208-88ce1224b5fffff","clase":"Bajo","nivel_medio":1.473,"nivel_medio_min":1.473,"nivel_medio_max":1.473,"pct_alto":13.0,"n_hexagonos":1,"area_ha":38.09}},{"type":"Feature","geometry":{"type":"Polygon","coordinates":[[[-74.37082,-43.29208],[-74.37093,-43.29234],[-74.37093,-43.2925],[-74.37084,-43.29258],[-74.37063,-43.29258],[-74.37057,-43.2925],[-74.37044,-43.29226],[-74.37038,-43.29201],[-74.37036,-43.29179],[-74.37051,-43.29172],[-74.37071,-43.29181],[-74.37078,-43.292],[-74.37082,-43.29208]]]},"properties":{"comuna":"Quellón","mancha_id":"10208-88ce1224abfffff","clase":"Bajo","nivel_medio":0.962,"nivel_medio_min":0.962,"nivel_medio_max":0.962,"pct_alto":0.2,"n_hexagonos":1,"area_ha":0.29}},{"type":"Feature","geometry":{"type":"Polygon","coordinates":[[[-74.36957,-43.29416],[-74.36952,-43.29421],[-74.36937,-43.29423],[-74.36923,-43.29416],[-74.36915,-43.29407],[-74.36917,-43.29382],[-74.36928,-43.29371],[-74.36943,-43.2936],[-74.369655,-43.29387],[-74.36968,-43.29398],[-74.36957,-43.29416]]]},"properties":{"comuna":"Quellón","mancha_id":"10208-88ce1224abfffff-2","clase":"Bajo","nivel_medio":0.962,"nivel_medio_min":0.962,"nivel_medio_max":0.962,"pct_alto":0.2,"n_hexagonos":1,"area_ha":0.2}},{"type":"Feature","geometry":{"type":"Polygon","coordinates":[[[-74.360631,-43.285392],[-74.364695,-43.288746],[-74.367834,-43.288087],[-74.36783,-43.28812],[-74.36783,-43.28828],[-74.36786,-43.28845],[-74.36789,-43.28861],[-74.36795,-43.28877],[-74.36797,-43.28893],[-74.368,-43.2891],[-74.368,-43.28926],[-74.36801,-43.28942],[-74.36801,-43.28958],[-74.36799,-43.28974],[-74.36794,-43.28991],[-74.36791,-43.29007],[-74.36786,-43.29023],[-74.36778,-43.29039],[-74.36768,-43.29055],[-74.36757,-43.29072],[-74.36742,-43.29088],[-74.36726,-43.291],[-74.36699,-43.2912],[-74.36683,-43.29132],[-74.36658,-43.29145],[-74.36632,-43.2916],[-74.36605,-43.29173],[-74.36578,-43.29184],[-74.36549,-43.29196],[-74.36527,-43.29204],[-74.36505,-43.29209],[-74.36482,-43.29212],[-74.3646,-43.29215],[-74.36438,-43.29219],[-74.36416,-43.29225],[-74.36393,-43.29231],[-74.36371,-43.29237],[-74.36349,-43.29242],[-74.36326,-43.29247],[-74.363164,-43.2925],[-74.36304,-43.29254],[-74.36282,-43.2926],[-74.3626,-43.29265],[-74.36237,-43.29271],[-74.36215,-43.29275],[-74.36193,-43.29276],[-74.36171,-43.29276],[-74.36148,-43.29274],[-74.36123,-43.29269],[-74.36098,-43.29265],[-74.36072,-43.29259],[-74.36047,-43.29252],[-74.36022,-43.29245],[-74.35996,-43.29237],[-74.35973,-43.29226],[-74.35949,-43.29214],[-74.35927,-43.29203],[-74.35906,-43.2919],[-74.35889,-43.29175],[-74.35869,-43.29156],[-74.35845,-43.29141],[-74.35824,-43.29129],[-74.35804,-43.29116],[-74.3578,-43.29104],[-74.35772,-43.29101],[-74.35753,-43.29097],[-74.35728,-43.29089],[-74.35703,-43.29081],[-74.35679,-43.29071],[-74.35654,-43.2906],[-74.35627,-43.29048],[-74.35605,-43.29039],[-74.35581,-43.29027],[-74.35556,-43.29015],[-74.35529,-43.29006],[-74.35507,-43.28995],[-74.35481,-43.28987],[-74.35456,-43.28977],[-74.35431,-43.28968],[-74.3541,-43.28957],[-74.35391,-43.28945],[-74.35374,-43.28932],[-74.353633,-43.289232],[-74.35357,-43.28918],[-74.3534,-43.28899],[-74.35321,-43.28883],[-74.35308,-43.28866],[-74.35289,-43.28851],[-74.35269,-43.28833],[-74.3525,-43.28813],[-74.35233,-43.28799],[-74.35211,-43.28781],[-74.35189,-43.28764],[-74.35165,-43.28748],[-74.35148,-43.28736],[-74.35127,-43.28724],[-74.35107,-43.28712],[-74.35088,-43.28699],[-74.35067,-43.28688],[-74.35047,-43.28676],[-74.35023,-43.28664],[-74.34996,-43.28654],[-74.34971,-43.28643],[-74.34945,-43.28636],[-74.3492,-43.28629],[-74.34895,-43.28623],[-74.34869,-43.28619],[-74.34844,-43.28616],[-74.34819,-43.28612],[-74.34793,-43.28611],[-74.34768,-43.28608],[-74.34743,-43.28606],[-74.34717,-43.28603],[-74.34692,-43.28601],[-74.34666,-43.28603],[-74.34644,-43.28605],[-74.34622,-43.28605],[-74.346,-43.28606],[-74.34578,-43.28607],[-74.34555,-43.28609],[-74.34533,-43.28613],[-74.34511,-43.28616],[-74.34489,-43.28619],[-74.34466,-43.2862],[-74.34444,-43.28624],[-74.34422,-43.28628],[-74.34399,-43.28634],[-74.343946,-43.286352],[-74.34377,-43.2864],[-74.34355,-43.28644],[-74.34333,-43.28649],[-74.3431,-43.28653],[-74.34288,-43.28657],[-74.34266,-43.2866],[-74.34244,-43.28663],[-74.34221,-43.28663],[-74.34199,-43.28665],[-74.34177,-43.28666],[-74.34155,-43.28667],[-74.34132,-43.28671],[-74.3411,-43.28673],[-74.34088,-43.28677],[-74.34066,-43.28682],[-74.34043,-43.28686],[-74.34021,-43.28691],[-74.33999,-43.28695],[-74.33977,-43.287],[-74.33954,-43.28704],[-74.33932,-43.28709],[-74.3391,-43.28715],[-74.33887,-43.2872],[-74.33865,-43.28727],[-74.33488,-43.28831],[-74.33454,-43.28843],[-74.334526,-43.288435],[-74.33432,-43.28851],[-74.3341,-43.28862],[-74.33387,-43.2887],[-74.33365,-43.28875],[-74.33343,-43.28882],[-74.3332,-43.28889],[-74.33298,-43.28895],[-74.33276,-43.28903],[-74.33254,-43.28911],[-74.33231,-43.28919],[-74.33209,-43.2893],[-74.33187,-43.28941],[-74.33166,-43.28954],[-74.33143,-43.28969],[-74.33121,-43.28984],[-74.33095,-43.29],[-74.33078,-43.2901],[-74.33054,-43.29024],[-74.33027,-43.29037],[-74.33004,-43.29048],[-74.32982,-43.29059],[-74.3296,-43.29069],[-74.32937,-43.29078],[-74.32915,-43.29088],[-74.32894,-43.291],[-74.32874,-43.29113],[-74.32854,-43.29128],[-74.32837,-43.29144],[-74.32821,-43.29158],[-74.32798,-43.29179],[-74.32782,-43.29192],[-74.32755,-43.2921],[-74.32725,-43.29227],[-74.32701,-43.29241],[-74.3268,-43.29256],[-74.32658,-43.2927],[-74.32635,-43.29284],[-74.32613,-43.29298],[-74.3259,-43.29313],[-74.32568,-43.29327],[-74.325572,-43.293339],[-74.32546,-43.29341],[-74.32526,-43.29356],[-74.32506,-43.29371],[-74.32483,-43.2939],[-74.32467,-43.29402],[-74.32443,-43.2942],[-74.32426,-43.29433],[-74.32401,-43.29453],[-74.32384,-43.29464],[-74.32358,-43.29483],[-74.32341,-43.29494],[-74.32315,-43.29509],[-74.32291,-43.29525],[-74.32261,-43.29545],[-74.32243,-43.29556],[-74.32222,-43.29571],[-74.32202,-43.29586],[-74.32181,-43.29601],[-74.32163,-43.29621],[-74.32147,-43.29637],[-74.32134,-43.29653],[-74.32121,-43.29669],[-74.3211,-43.29685],[-74.32097,-43.29701],[-74.32084,-43.29717],[-74.32076,-43.29734],[-74.32065,-43.2975],[-74.32057,-43.29766],[-74.32047,-43.29782],[-74.32039,-43.29798],[-74.32031,-43.29815],[-74.32019,-43.29831],[-74.3201,-43.29847],[-74.31995,-43.29862],[-74.31974,-43.29884],[-74.31958,-43.29898],[-74.31933,-43.29918],[-74.31917,-43.29931],[-74.31889,-43.29951],[-74.31873,-43.29963],[-74.318524,-43.299817],[-74.31851,-43.29983],[-74.31838,-43.29999],[-74.31822,-43.30015],[-74.31808,-43.30031],[-74.31793,-43.30045],[-74.31769,-43.30066],[-74.31752,-43.30078],[-74.31724,-43.30098],[-74.31708,-43.30111],[-74.31686,-43.3013],[-74.3167,-43.30144],[-74.31641,-43.30165],[-74.31623,-43.30177],[-74.31595,-43.30197],[-74.31579,-43.30208],[-74.31559,-43.30225],[-74.31537,-43.30245],[-74.31521,-43.30257],[-74.315,-43.30275],[-74.31484,-43.30288],[-74.3146,-43.30307],[-74.31446,-43.3032],[-74.3142,-43.3034],[-74.31404,-43.30352],[-74.31383,-43.30372],[-74.31367,-43.30387],[-74.31345,-43.30409],[-74.31328,-43.30423],[-74.31304,-43.30443],[-74.3129,-43.30456],[-74.31266,-43.30476],[-74.31252,-43.30492],[-74.31235,-43.30508],[-74.31224,-43.30524],[-74.3121,-43.3054],[-74.31194,-43.30555],[-74.3117,-43.30577],[-74.3116,-43.30593],[-74.31149,-43.30609],[-74.311388,-43.306223],[-74.31136,-43.30626],[-74.31121,-43.30641],[-74.31099,-43.30662],[-74.31083,-43.30676],[-74.31063,-43.30697],[-74.31049,-43.30712],[-74.31031,-43.30734],[-74.3102,-43.3075],[-74.31007,-43.30766],[-74.31001,-43.30782],[-74.30991,-43.30799],[-74.30984,-43.30815],[-74.30984,-43.30831],[-74.30985,-43.30847],[-74.30987,-43.30864],[-74.30987,-43.3088],[-74.30982,-43.30896],[-74.30979,-43.30903],[-74.30972,-43.30912],[-74.30958,-43.30928],[-74.30942,-43.30943],[-74.30919,-43.30965],[-74.30901,-43.3098],[-74.30874,-43.31002],[-74.30855,-43.31016],[-74.30833,-43.31033],[-74.3081,-43.31053],[-74.30792,-43.31069],[-74.30778,-43.31085],[-74.30765,-43.31101],[-74.30749,-43.31117],[-74.30738,-43.31133],[-74.30723,-43.31149],[-74.30709,-43.31166],[-74.30694,-43.31179],[-74.30675,-43.312],[-74.30659,-43.31216],[-74.30646,-43.31233],[-74.30632,-43.31249],[-74.3062,-43.31265],[-74.30609,-43.31281],[-74.30595,-43.31296],[-74.30577,-43.31318],[-74.30562,-43.31334],[-74.30549,-43.3135],[-74.305423,-43.313597],[-74.30538,-43.31366],[-74.30527,-43.31383],[-74.30512,-43.31399],[-74.30501,-43.31415],[-74.30495,-43.31431],[-74.3049,-43.31447],[-74.30486,-43.31463],[-74.30484,-43.3148],[-74.30484,-43.31496],[-74.30484,-43.31512],[-74.30484,-43.31528],[-74.30485,-43.31545],[-74.304841,-43.315593],[-74.303718,-43.31834],[-74.297777,-43.319582],[-74.293717,-43.316226],[-74.287777,-43.317467],[-74.28592,-43.322004],[-74.28582,-43.32195],[-74.28575,-43.32192],[-74.28566,-43.32181],[-74.2855,-43.32161],[-74.28536,-43.32145],[-74.2852,-43.32129],[-74.28506,-43.32112],[-74.28489,-43.32098],[-74.28463,-43.320805],[-74.284535,-43.32076],[-74.28432,-43.32071],[-74.28407,-43.32071],[-74.28389,-43.32071],[-74.28381,-43.32073],[-74.28359,-43.32075],[-74.28337,-43.32075],[-74.28315,-43.32075],[-74.28289,-43.32075],[-74.28264,-43.32077],[-74.28241,-43.32082],[-74.28219,-43.32084],[-74.28197,-43.32088],[-74.28175,-43.3209],[-74.28152,-43.32095],[-74.2813,-43.32099],[-74.28108,-43.32105],[-74.28085,-43.32113],[-74.28063,-43.32119],[-74.28041,-43.32128],[-74.28018,-43.32134],[-74.27996,-43.32142],[-74.27974,-43.32151],[-74.27951,-43.32162],[-74.27929,-43.32174],[-74.27907,-43.32184],[-74.27884,-43.32193],[-74.27865,-43.32203],[-74.278507,-43.322107],[-74.275897,-43.319948],[-74.269957,-43.321188],[-74.265901,-43.317832],[-74.267784,-43.313235],[-74.273723,-43.311995],[-74.275605,-43.307398],[-74.271549,-43.304042],[-74.273431,-43.299445],[-74.269376,-43.29609],[-74.271258,-43.291493],[-74.267204,-43.288138],[-74.269086,-43.283541],[-74.265032,-43.280186],[-74.266914,-43.27559],[-74.272849,-43.274349],[-74.27473,-43.269753],[-74.270677,-43.266398],[-74.264743,-43.267639],[-74.262862,-43.272235],[-74.256928,-43.273476],[-74.255045,-43.278071],[-74.249111,-43.279311],[-74.24506,-43.275956],[-74.239126,-43.277195],[-74.237242,-43.28179],[-74.241293,-43.285146],[-74.239409,-43.289741],[-74.233474,-43.29098],[-74.229424,-43.287624],[-74.231308,-43.283029],[-74.227259,-43.279673],[-74.229143,-43.275079],[-74.225095,-43.271723],[-74.226979,-43.267129],[-74.222931,-43.263773],[-74.224815,-43.259179],[-74.220768,-43.255824],[-74.222652,-43.25123],[-74.218606,-43.247876],[-74.22049,-43.243282],[-74.226419,-43.242043],[-74.228302,-43.237449],[-74.234231,-43.236209],[-74.236113,-43.231615],[-74.242042,-43.230374],[-74.243923,-43.22578],[-74.249852,-43.224539],[-74.251732,-43.219944],[-74.247686,-43.216591],[-74.241759,-43.217832],[-74.239877,-43.222426],[-74.23395,-43.223667],[-74.229905,-43.220313],[-74.223978,-43.221553],[-74.219934,-43.2182],[-74.214008,-43.219439],[-74.209965,-43.216086],[-74.211848,-43.211493],[-74.207806,-43.208139],[-74.201882,-43.209378],[-74.197841,-43.206025],[-74.199725,-43.201432],[-74.195685,-43.198079],[-74.189762,-43.199318],[-74.187878,-43.20391],[-74.181955,-43.205148],[-74.177917,-43.201794],[-74.179802,-43.197203],[-74.185724,-43.195964],[-74.187608,-43.191373],[-74.18357,-43.18802],[-74.177649,-43.189258],[-74.175764,-43.193849],[-74.169843,-43.195087],[-74.167957,-43.199678],[-74.171994,-43.203031],[-74.170109,-43.207623],[-74.164186,-43.208859],[-74.162299,-43.21345],[-74.166337,-43.216805],[-74.172261,-43.215568],[-74.176299,-43.218922],[-74.174413,-43.223514],[-74.178453,-43.226868],[-74.184378,-43.225631],[-74.188419,-43.228986],[-74.194345,-43.227748],[-74.198387,-43.231102],[-74.196502,-43.235695],[-74.190575,-43.236933],[-74.186533,-43.233578],[-74.180607,-43.234815],[-74.176567,-43.23146],[-74.170641,-43.232697],[-74.168754,-43.237288],[-74.162828,-43.238524],[-74.158789,-43.235169],[-74.152864,-43.236404],[-74.150976,-43.240995],[-74.14505,-43.24223],[-74.143161,-43.246821],[-74.137235,-43.248055],[-74.133198,-43.244699],[-74.127273,-43.245932],[-74.125383,-43.250522],[-74.119457,-43.251755],[-74.115422,-43.248399],[-74.117312,-43.243809],[-74.113278,-43.240453],[-74.107354,-43.241686],[-74.105463,-43.246275],[-74.099538,-43.247507],[-74.097646,-43.252096],[-74.10168,-43.255453],[-74.099788,-43.260041],[-74.103822,-43.263399],[-74.101929,-43.267988],[-74.105964,-43.271345],[-74.104072,-43.275935],[-74.098144,-43.277166],[-74.096251,-43.281755],[-74.100286,-43.285113],[-74.098393,-43.289702],[-74.092464,-43.290933],[-74.088429,-43.287574],[-74.0825,-43.288804],[-74.078467,-43.285446],[-74.080361,-43.280857],[-74.086289,-43.279627],[-74.088182,-43.275039],[-74.084149,-43.271681],[-74.078222,-43.272911],[-74.07419,-43.269553],[-74.076084,-43.264965],[-74.072053,-43.261607],[-74.066128,-43.262837],[-74.062098,-43.259479],[-74.063993,-43.254891],[-74.059964,-43.251534],[-74.05404,-43.252763],[-74.052145,-43.25735],[-74.056174,-43.260708],[-74.054279,-43.265295],[-74.048354,-43.266524],[-74.046458,-43.27111],[-74.040533,-43.272338],[-74.036505,-43.26898],[-74.038402,-43.264393],[-74.034375,-43.261035],[-74.036271,-43.256449],[-74.032245,-43.253091],[-74.034141,-43.248505],[-74.040063,-43.247276],[-74.041958,-43.24269],[-74.037933,-43.239333],[-74.039828,-43.234747],[-74.045749,-43.233518],[-74.049775,-43.236875],[-74.055696,-43.235645],[-74.059724,-43.239002],[-74.065646,-43.237772],[-74.069675,-43.241129],[-74.075597,-43.239899],[-74.07749,-43.235311],[-74.083413,-43.23408],[-74.085305,-43.229492],[-74.081275,-43.226136],[-74.075354,-43.227367],[-74.071326,-43.224011],[-74.065405,-43.225242],[-74.061378,-43.221885],[-74.063271,-43.217298],[-74.059245,-43.213942],[-74.061138,-43.209355],[-74.057113,-43.206],[-74.059006,-43.201413],[-74.064923,-43.200182],[-74.066816,-43.195596],[-74.072733,-43.194364],[-74.076759,-43.197719],[-74.074867,-43.202306],[-74.078895,-43.205662],[-74.077003,-43.210249],[-74.081031,-43.213605],[-74.086951,-43.212373],[-74.09098,-43.215729],[-74.089088,-43.220317],[-74.093118,-43.223672],[-74.09904,-43.22244],[-74.100931,-43.217852],[-74.106852,-43.216619],[-74.108742,-43.21203],[-74.114663,-43.210797],[-74.116553,-43.206208],[-74.112521,-43.202853],[-74.114411,-43.198264],[-74.11038,-43.19491],[-74.104461,-43.196143],[-74.100432,-43.192789],[-74.094514,-43.194022],[-74.090486,-43.190667],[-74.084568,-43.1919],[-74.080542,-43.188545],[-74.082432,-43.183958],[-74.088349,-43.182725],[-74.090239,-43.178138],[-74.086213,-43.174783],[-74.088103,-43.170196],[-74.094018,-43.168963],[-74.095908,-43.164375],[-74.101823,-43.163141],[-74.103711,-43.158554],[-74.099685,-43.1552],[-74.101573,-43.150613],[-74.107487,-43.149378],[-74.109375,-43.14479],[-74.105349,-43.141438],[-74.099436,-43.142673],[-74.095412,-43.13932],[-74.0895,-43.140554],[-74.085476,-43.137202],[-74.087365,-43.132615],[-74.093276,-43.13138],[-74.095164,-43.126794],[-74.091141,-43.123441],[-74.085231,-43.124676],[-74.083343,-43.129262],[-74.077432,-43.130496],[-74.073411,-43.127144],[-74.0753,-43.122558],[-74.07128,-43.119205],[-74.073169,-43.11462],[-74.069149,-43.111268],[-74.071038,-43.106682],[-74.076946,-43.105448],[-74.080965,-43.108799],[-74.079077,-43.113385],[-74.083098,-43.116737],[-74.089007,-43.115503],[-74.090895,-43.110916],[-74.086874,-43.107565],[-74.088761,-43.102978],[-74.084741,-43.099627],[-74.086628,-43.095041],[-74.082609,-43.09169],[-74.084496,-43.087104],[-74.090402,-43.085869],[-74.092289,-43.081282],[-74.08827,-43.077932],[-74.082364,-43.079167],[-74.078347,-43.075817],[-74.072442,-43.077052],[-74.068426,-43.073701],[-74.070313,-43.069116],[-74.066297,-43.065766],[-74.060395,-43.067001],[-74.058507,-43.071585],[-74.062522,-43.074936],[-74.060634,-43.079521],[-74.05473,-43.080755],[-74.050715,-43.077404],[-74.044811,-43.078637],[-74.040798,-43.075286],[-74.042687,-43.070702],[-74.038674,-43.067351],[-74.032772,-43.068584],[-74.028761,-43.065233],[-74.03065,-43.06065],[-74.02664,-43.057299],[-74.020739,-43.058532],[-74.01673,-43.055181],[-74.01083,-43.056413],[-74.006822,-43.053062],[-74.008713,-43.04848],[-74.014611,-43.047248],[-74.016501,-43.042665],[-74.012493,-43.039315],[-74.006596,-43.040547],[-74.002589,-43.037197],[-74.00448,-43.032615],[-74.010376,-43.031383],[-74.014383,-43.034733],[-74.020281,-43.0335],[-74.02217,-43.028918],[-74.018162,-43.025568],[-74.020051,-43.020986],[-74.025947,-43.019752],[-74.027836,-43.01517],[-74.023829,-43.011821],[-74.017934,-43.013054],[-74.016045,-43.017637],[-74.010149,-43.018869],[-74.006144,-43.01552],[-74.000249,-43.016753],[-73.996245,-43.013403],[-73.990351,-43.014635],[-73.98846,-43.019216],[-73.982566,-43.020447],[-73.980674,-43.025028],[-73.97478,-43.026259],[-73.970777,-43.022909],[-73.972669,-43.018328],[-73.968668,-43.014978],[-73.962775,-43.016209],[-73.958775,-43.012859],[-73.952882,-43.014088],[-73.948884,-43.010738],[-73.942992,-43.011967],[-73.938994,-43.008617],[-73.940888,-43.004039],[-73.946778,-43.002809],[-73.950777,-43.006159],[-73.956668,-43.004929],[-73.95856,-43.00035],[-73.964452,-42.999119],[-73.966343,-42.99454],[-73.962344,-42.991191],[-73.964236,-42.986611],[-73.960238,-42.983262],[-73.962129,-42.978683],[-73.958132,-42.975334],[-73.960023,-42.970755],[-73.965911,-42.969524],[-73.967801,-42.964944],[-73.973689,-42.963713],[-73.975579,-42.959133],[-73.971582,-42.955786],[-73.965695,-42.957017],[-73.963805,-42.961597],[-73.957918,-42.962828],[-73.953922,-42.95948],[-73.948036,-42.960711],[-73.944041,-42.957363],[-73.945933,-42.952784],[-73.951818,-42.951554],[-73.953709,-42.946975],[-73.949715,-42.943628],[-73.951606,-42.939049],[-73.947613,-42.935702],[-73.949503,-42.931124],[-73.945511,-42.927777],[-73.939628,-42.929008],[-73.937737,-42.933586],[-73.941729,-42.936933],[-73.939838,-42.941511],[-73.943831,-42.944859],[-73.941939,-42.949437],[-73.936055,-42.950667],[-73.934163,-42.955245],[-73.938156,-42.958593],[-73.936264,-42.963171],[-73.940258,-42.96652],[-73.946144,-42.965289],[-73.950139,-42.968638],[-73.948248,-42.973216],[-73.94236,-42.974447],[-73.938365,-42.971098],[-73.932478,-42.972327],[-73.930585,-42.976906],[-73.924698,-42.978134],[-73.922804,-42.982712],[-73.926798,-42.986062],[-73.924904,-42.99064],[-73.919016,-42.991868],[-73.917121,-42.996446],[-73.921115,-42.999796],[-73.919221,-43.004374],[-73.923216,-43.007724],[-73.929106,-43.006496],[-73.933103,-43.009846],[-73.931209,-43.014425],[-73.935206,-43.017775],[-73.933311,-43.022354],[-73.927419,-43.023582],[-73.925524,-43.02816],[-73.929521,-43.031511],[-73.927626,-43.03609],[-73.921732,-43.037317],[-73.919836,-43.041896],[-73.913942,-43.043123],[-73.909945,-43.039771],[-73.911842,-43.035193],[-73.907846,-43.031841],[-73.901953,-43.033067],[-73.897958,-43.029716],[-73.892067,-43.030942],[-73.890169,-43.035519],[-73.884277,-43.036744],[-73.882378,-43.041321],[-73.876486,-43.042545],[-73.874587,-43.047122],[-73.868694,-43.048346],[-73.866794,-43.052922],[-73.870787,-43.056275],[-73.868887,-43.060852],[-73.872881,-43.064205],[-73.878776,-43.062981],[-73.882771,-43.066335],[-73.888667,-43.06511],[-73.890566,-43.060533],[-73.88657,-43.05718],[-73.888469,-43.052603],[-73.894363,-43.051378],[-73.898359,-43.05473],[-73.896461,-43.059308],[-73.900457,-43.062661],[-73.906353,-43.061436],[-73.910351,-43.064788],[-73.908453,-43.069367],[-73.902557,-43.070592],[-73.898559,-43.067239],[-73.892663,-43.068464],[-73.890764,-43.073041],[-73.884868,-43.074265],[-73.880872,-43.070912],[-73.874976,-43.072136],[-73.873075,-43.076713],[-73.877071,-43.080066],[-73.882968,-43.078843],[-73.886965,-43.082197],[-73.885065,-43.086774],[-73.879167,-43.087998],[-73.875171,-43.084644],[-73.869274,-43.085867],[-73.865278,-43.082512],[-73.859382,-43.083735],[-73.85748,-43.088311],[-73.851584,-43.089533],[-73.84759,-43.086178],[-73.849492,-43.081602],[-73.845499,-43.078248],[-73.839604,-43.079469],[-73.837701,-43.084045],[-73.831806,-43.085266],[-73.827815,-43.081911],[-73.82192,-43.083131],[-73.820016,-43.087706],[-73.824007,-43.091061],[-73.822102,-43.095636],[-73.816207,-43.096856],[-73.812216,-43.093501],[-73.814121,-43.088926],[-73.810131,-43.085571],[-73.804237,-43.08679],[-73.802332,-43.091364],[-73.806321,-43.09472],[-73.804415,-43.099294],[-73.798519,-43.100512],[-73.796613,-43.105087],[-73.800603,-43.108443],[-73.806499,-43.107224],[-73.808405,-43.10265],[-73.814301,-43.101431],[-73.818293,-43.104787],[-73.82419,-43.103567],[-73.828182,-43.106923],[-73.826277,-43.111498],[-73.820379,-43.112718],[-73.818474,-43.117293],[-73.812576,-43.118512],[-73.81067,-43.123087],[-73.804771,-43.124305],[-73.802864,-43.12888],[-73.806856,-43.132237],[-73.804949,-43.136812],[-73.79905,-43.138029],[-73.797142,-43.142604],[-73.801134,-43.145962],[-73.799226,-43.150537],[-73.793325,-43.151753],[-73.791417,-43.156328],[-73.79541,-43.159686],[-73.793501,-43.164261],[-73.787598,-43.165477],[-73.785689,-43.170052],[-73.789682,-43.173411],[-73.787773,-43.177986],[-73.781869,-43.179201],[-73.777876,-43.175842],[-73.771973,-43.177057],[-73.767981,-43.173697],[-73.762079,-43.174912],[-73.760167,-43.179485],[-73.764159,-43.182845],[-73.762247,-43.187419],[-73.766239,-43.190779],[-73.772144,-43.189565],[-73.776137,-43.192925],[-73.774226,-43.197499],[-73.77822,-43.200859],[-73.784126,-43.199645],[-73.786037,-43.19507],[-73.791942,-43.193855],[-73.795938,-43.197214],[-73.794028,-43.20179],[-73.788121,-43.203005],[-73.78621,-43.20758],[-73.780304,-43.208794],[-73.778392,-43.213369],[-73.772485,-43.214583],[-73.770572,-43.219158],[-73.764665,-43.220371],[-73.762752,-43.224945],[-73.766747,-43.228307],[-73.772656,-43.227094],[-73.774568,-43.222519],[-73.780476,-43.221305],[-73.782388,-43.21673],[-73.788296,-43.215516],[-73.792293,-43.218876],[-73.798201,-43.217661],[-73.8022,-43.221022],[-73.800289,-43.225598],[-73.79438,-43.226813],[-73.790382,-43.223452],[-73.784473,-43.224666],[-73.782561,-43.229241],[-73.776652,-43.230455],[-73.774739,-43.23503],[-73.778736,-43.238392],[-73.784647,-43.237178],[-73.788645,-43.24054],[-73.794556,-43.239326],[-73.798555,-43.242687],[-73.796644,-43.247263],[-73.790732,-43.248477],[-73.786733,-43.245115],[-73.780822,-43.246329],[-73.778909,-43.250904],[-73.772997,-43.252117],[-73.769,-43.248755],[-73.763089,-43.249967],[-73.761175,-43.254542],[-73.765172,-43.257905],[-73.763258,-43.26248],[-73.767256,-43.265843],[-73.765341,-43.270418],[-73.76934,-43.273781],[-73.775254,-43.272569],[-73.779254,-43.275932],[-73.785168,-43.274719],[-73.789169,-43.278082],[-73.795084,-43.276869],[-73.799087,-43.280232],[-73.797174,-43.284809],[-73.801177,-43.288172],[-73.799264,-43.292749],[-73.803268,-43.296112],[-73.809186,-43.294899],[-73.811099,-43.290321],[-73.817016,-43.289107],[-73.818928,-43.28453],[-73.824845,-43.283315],[-73.826756,-43.278737],[-73.82275,-43.275375],[-73.824661,-43.270797],[-73.820657,-43.267435],[-73.814742,-43.26865],[-73.810738,-43.265288],[-73.81265,-43.260711],[-73.808647,-43.257349],[-73.810558,-43.252772],[-73.816471,-43.251557],[-73.820474,-43.254919],[-73.826388,-43.253703],[-73.828298,-43.249126],[-73.824295,-43.245764],[-73.818382,-43.24698],[-73.81438,-43.243619],[-73.81629,-43.239042],[-73.822202,-43.237826],[-73.824112,-43.233249],[-73.830023,-43.232033],[-73.834026,-43.235393],[-73.832117,-43.239971],[-73.836121,-43.243332],[-73.834212,-43.247909],[-73.838216,-43.251271],[-73.84413,-43.250054],[-73.846039,-43.245476],[-73.851953,-43.244259],[-73.855959,-43.247619],[-73.861873,-43.246401],[-73.865881,-43.249762],[-73.863973,-43.254341],[-73.858058,-43.255559],[-73.854051,-43.252198],[-73.848136,-43.253415],[-73.846227,-43.257993],[-73.850234,-43.261355],[-73.848325,-43.265933],[-73.842409,-43.26715],[-73.840499,-43.271728],[-73.844506,-43.27509],[-73.850423,-43.273874],[-73.854432,-43.277236],[-73.860349,-43.276019],[-73.862258,-43.271439],[-73.868175,-43.270222],[-73.870083,-43.265643],[-73.876,-43.264424],[-73.88001,-43.267785],[-73.885928,-43.266567],[-73.887835,-43.261987],[-73.893752,-43.260767],[-73.895658,-43.256187],[-73.901575,-43.254967],[-73.90348,-43.250386],[-73.899468,-43.247026],[-73.901373,-43.242446],[-73.897362,-43.239086],[-73.899267,-43.234506],[-73.905182,-43.233285],[-73.909193,-43.236645],[-73.915108,-43.235423],[-73.917012,-43.230843],[-73.922927,-43.229621],[-73.92694,-43.23298],[-73.932855,-43.231757],[-73.936869,-43.235116],[-73.934967,-43.239698],[-73.938982,-43.243057],[-73.93708,-43.247639],[-73.931162,-43.248861],[-73.929259,-43.253443],[-73.923341,-43.254665],[-73.921437,-43.259246],[-73.915518,-43.260467],[-73.913614,-43.265048],[-73.907695,-43.266269],[-73.90579,-43.27085],[-73.899871,-43.27207],[-73.897965,-43.27665],[-73.892045,-43.277869],[-73.890139,-43.28245],[-73.884219,-43.283668],[-73.882312,-43.288249],[-73.876392,-43.289467],[-73.873123,-43.286727],[-73.87392,-43.28653],[-73.87422,-43.28639],[-73.87424,-43.2863],[-73.87417,-43.28624],[-73.87409,-43.28605],[-73.8738,-43.28576],[-73.87293,-43.28628],[-73.872693,-43.286367],[-73.87238,-43.286104],[-73.868614,-43.286879],[-73.86827,-43.28657],[-73.86806,-43.28654],[-73.86778,-43.28654],[-73.86743,-43.28646],[-73.86711,-43.28629],[-73.86672,-43.28617],[-73.86638,-43.28602],[-73.86606,-43.28559],[-73.86575,-43.28534],[-73.86394,-43.28479],[-73.86348,-43.28459],[-73.86287,-43.28421],[-73.862516,-43.284015],[-73.862425,-43.283965],[-73.86238,-43.28394],[-73.86193,-43.28377],[-73.86082,-43.28342],[-73.85976,-43.28283],[-73.85929,-43.28274],[-73.8586,-43.28276],[-73.858,-43.28261],[-73.85748,-43.28262],[-73.85681,-43.28285],[-73.8563,-43.28315],[-73.856,-43.28326],[-73.85483,-43.28343],[-73.85475,-43.28341],[-73.85433,-43.28318],[-73.85427,-43.28298],[-73.85402,-43.28281],[-73.85387,-43.28281],[-73.853764,-43.282855],[-73.85286,-43.28324],[-73.8525,-43.28348],[-73.85153,-43.28389],[-73.85136,-43.28421],[-73.8513,-43.28448],[-73.8511,-43.28464],[-73.85087,-43.28467],[-73.8504,-43.28469],[-73.84888,-43.28495],[-73.84797,-43.28506],[-73.84711,-43.28511],[-73.84638,-43.28524],[-73.84613,-43.28525],[-73.84595,-43.2852],[-73.845696,-43.285209],[-73.84567,-43.28521],[-73.84558,-43.28524],[-73.84523,-43.28552],[-73.84504,-43.28561],[-73.84469,-43.28571],[-73.84441,-43.28567],[-73.84415,-43.28554],[-73.84395,-43.2855],[-73.84387,-43.28544],[-73.84358,-43.28533],[-73.84321,-43.28529],[-73.84312,-43.2852],[-73.84296,-43.28515],[-73.84264,-43.28512],[-73.84265,-43.28534],[-73.84279,-43.28585],[-73.84272,-43.28614],[-73.84243,-43.28642],[-73.84219,-43.2866],[-73.8416,-43.28684],[-73.84108,-43.28699],[-73.84037,-43.28752],[-73.83994,-43.28749],[-73.83968,-43.28752],[-73.83875,-43.28794],[-73.838289,-43.288417],[-73.83816,-43.28855],[-73.83774,-43.28886],[-73.83638,-43.28953],[-73.83618,-43.28965],[-73.83602,-43.28982],[-73.83575,-43.29032],[-73.83553,-43.29051],[-73.83532,-43.29061],[-73.83492,-43.29072],[-73.83458,-43.29076],[-73.83423,-43.29076],[-73.83304,-43.29093],[-73.83258,-43.29105],[-73.83211,-43.29125],[-73.8309,-43.29193],[-73.83075,-43.29198],[-73.83052,-43.29201],[-73.83017,-43.29199],[-73.82973,-43.29204],[-73.82943,-43.29205],[-73.82925,-43.29197],[-73.82926,-43.29188],[-73.82898,-43.29176],[-73.82868,-43.29194],[-73.82811,-43.29218],[-73.82807,-43.292204],[-73.82796,-43.29227],[-73.82725,-43.29289],[-73.82716,-43.29304],[-73.82716,-43.29321],[-73.82736,-43.29393],[-73.82731,-43.2941],[-73.8272,-43.29419],[-73.82701,-43.29421],[-73.82684,-43.29414],[-73.82641,-43.29412],[-73.82625,-43.29424],[-73.8262,-43.29441],[-73.82608,-43.29447],[-73.8259,-43.29449],[-73.8245,-43.29426],[-73.82404,-43.29407],[-73.82379,-43.29404],[-73.82347,-43.29407],[-73.82339,-43.29417],[-73.82339,-43.29431],[-73.82373,-43.29466],[-73.82431,-43.29509],[-73.8244,-43.29529],[-73.82441,-43.29575],[-73.82434,-43.29597],[-73.82414,-43.29622],[-73.82377,-43.29644],[-73.82203,-43.29687],[-73.82108,-43.29721],[-73.82069,-43.29752],[-73.819983,-43.297781],[-73.81977,-43.29786],[-73.81961,-43.29808],[-73.8194,-43.2982],[-73.81911,-43.29824],[-73.81856,-43.29828],[-73.8182,-43.29837],[-73.81779,-43.29868],[-73.81764,-43.29873],[-73.81713,-43.29879],[-73.81702,-43.29887],[-73.81683,-43.29891],[-73.81666,-43.2991],[-73.81661,-43.29921],[-73.81649,-43.29928],[-73.81614,-43.29935],[-73.81546,-43.29939],[-73.81503,-43.29949],[-73.81467,-43.29947],[-73.81418,-43.2995],[-73.81374,-43.29973],[-73.81349,-43.29978],[-73.8132,-43.29976],[-73.81288,-43.29978],[-73.8127,-43.29987],[-73.812501,-43.299914],[-73.81243,-43.29993],[-73.8123,-43.30003],[-73.81213,-43.30026],[-73.81192,-43.30043],[-73.81172,-43.30053],[-73.81102,-43.30118],[-73.8108,-43.30128],[-73.81001,-43.30148],[-73.80936,-43.30172],[-73.80886,-43.3017],[-73.80851,-43.30176],[-73.80834,-43.30186],[-73.80824,-43.30199],[-73.80816,-43.3021],[-73.80816,-43.3027],[-73.80835,-43.3034],[-73.808373,-43.303435],[-73.80536,-43.304053],[-73.803447,-43.30863],[-73.805764,-43.310576],[-73.80567,-43.31061],[-73.80511,-43.31071],[-73.80401,-43.31074],[-73.80335,-43.31068],[-73.80246,-43.31068],[-73.80158,-43.31081],[-73.80102,-43.31096],[-73.80044,-43.31119],[-73.79952,-43.31148],[-73.79678,-43.31209],[-73.796553,-43.312173],[-73.79648,-43.3122],[-73.79584,-43.31263],[-73.7954,-43.3133],[-73.7953,-43.31338],[-73.79505,-43.31337],[-73.79472,-43.31322],[-73.7944,-43.31316],[-73.79401,-43.3133],[-73.79339,-43.31334],[-73.79274,-43.31343],[-73.79209,-43.31356],[-73.79162,-43.31358],[-73.79142,-43.31354],[-73.79134,-43.3135],[-73.79081,-43.31343],[-73.7903,-43.31359],[-73.78996,-43.3136],[-73.78906,-43.3135],[-73.78848,-43.31347],[-73.78748,-43.3133],[-73.78696,-43.31315],[-73.786718,-43.313131],[-73.78569,-43.312267],[-73.783563,-43.312703],[-73.7836,-43.31249],[-73.78368,-43.31238],[-73.78402,-43.31216],[-73.78399,-43.31205],[-73.78372,-43.31187],[-73.78349,-43.31213],[-73.78297,-43.31245],[-73.78225,-43.31276],[-73.78209,-43.31286],[-73.781998,-43.313023],[-73.780497,-43.313331],[-73.7804,-43.3133],[-73.78009,-43.31311],[-73.77992,-43.31304],[-73.77951,-43.31296],[-73.77899,-43.31268],[-73.778739,-43.312611],[-73.775769,-43.310115],[-73.777684,-43.305539],[-73.783602,-43.304327],[-73.785516,-43.299751],[-73.781514,-43.296387],[-73.775597,-43.297598],[-73.771596,-43.294234],[-73.76568,-43.295446],[-73.763764,-43.300021],[-73.767765,-43.303385],[-73.765849,-43.307961],[-73.759932,-43.309172],[-73.758015,-43.313747],[-73.758016,-43.313748],[-73.75801,-43.31375],[-73.75715,-43.31415],[-73.75626,-43.3144],[-73.75557,-43.31447],[-73.7549,-43.31449],[-73.7545,-43.31453],[-73.754204,-43.314526],[-73.75372,-43.31452],[-73.75357,-43.31461],[-73.753528,-43.314665],[-73.7535,-43.3147],[-73.75356,-43.31497],[-73.75345,-43.31523],[-73.75278,-43.31573],[-73.75238,-43.31602],[-73.75179,-43.31699],[-73.751061,-43.317431],[-73.752097,-43.314957],[-73.748097,-43.311592],[-73.750014,-43.307017],[-73.746015,-43.303652],[-73.747932,-43.299078],[-73.753848,-43.297867],[-73.755764,-43.293292],[-73.751765,-43.289928],[-73.745851,-43.291139],[-73.741853,-43.287774],[-73.735939,-43.288984],[-73.731943,-43.28562],[-73.726029,-43.286829],[-73.722034,-43.283465],[-73.716121,-43.284673],[-73.714203,-43.289246],[-73.70829,-43.290455],[-73.704296,-43.28709],[-73.698384,-43.288297],[-73.694392,-43.284932],[-73.68848,-43.28614],[-73.68656,-43.290712],[-73.690551,-43.294077],[-73.688631,-43.298649],[-73.692624,-43.302015],[-73.690703,-43.306587],[-73.694696,-43.309953],[-73.700611,-43.308746],[-73.702531,-43.304173],[-73.708445,-43.302966],[-73.712441,-43.306331],[-73.710521,-43.310904],[-73.714517,-43.31427],[-73.720433,-43.313062],[-73.722352,-43.308488],[-73.728268,-43.30728],[-73.730186,-43.302706],[-73.736101,-43.301497],[-73.740099,-43.304862],[-73.738182,-43.309436],[-73.732265,-43.310645],[-73.730347,-43.315219],[-73.734345,-43.318585],[-73.740262,-43.317376],[-73.742347,-43.31913],[-73.74037,-43.31932],[-73.738,-43.31957],[-73.73666,-43.3194],[-73.734297,-43.3187],[-73.73423,-43.31868],[-73.73327,-43.31814],[-73.73288,-43.31767],[-73.73176,-43.3172],[-73.72929,-43.31649],[-73.72717,-43.31595],[-73.726792,-43.315946],[-73.72547,-43.31593],[-73.72491,-43.3161],[-73.724658,-43.316381],[-73.7243,-43.31678],[-73.72428,-43.316786],[-73.72383,-43.31691],[-73.72294,-43.31693],[-73.72107,-43.31644],[-73.72006,-43.31626],[-73.71842,-43.31609],[-73.71728,-43.31609],[-73.71608,-43.3165],[-73.7151,-43.31681],[-73.71381,-43.31691],[-73.713408,-43.316913],[-73.71228,-43.31692],[-73.71119,-43.31707],[-73.7101,-43.31723],[-73.70885,-43.31787],[-73.707,-43.31869],[-73.705687,-43.319214],[-73.70487,-43.31954],[-73.70354,-43.32015],[-73.70196,-43.32064],[-73.7006,-43.32092],[-73.69912,-43.32148],[-73.6977,-43.3221],[-73.6973,-43.32236],[-73.6967,-43.32287],[-73.69607,-43.32348],[-73.696061,-43.323486],[-73.69446,-43.32444],[-73.69364,-43.32479],[-73.6928,-43.32507],[-73.69215,-43.32522],[-73.69168,-43.32511],[-73.69157,-43.3247],[-73.69157,-43.32443],[-73.69187,-43.32427],[-73.69193,-43.32402],[-73.69169,-43.32365],[-73.69143,-43.32333],[-73.691136,-43.323221],[-73.69054,-43.323],[-73.68901,-43.32263],[-73.68795,-43.32224],[-73.687236,-43.32224],[-73.684939,-43.320304],[-73.679024,-43.32151],[-73.678797,-43.322048],[-73.67855,-43.32212],[-73.6774,-43.3227],[-73.67672,-43.32293],[-73.67479,-43.32269],[-73.67327,-43.3225],[-73.67195,-43.32236],[-73.66987,-43.32185],[-73.66838,-43.3217],[-73.668164,-43.321613],[-73.66756,-43.32137],[-73.66454,-43.31993],[-73.66396,-43.31968],[-73.66378,-43.31932],[-73.66379,-43.31913],[-73.66381,-43.31893],[-73.66391,-43.31847],[-73.66381,-43.31826],[-73.66363,-43.31816],[-73.66276,-43.31817],[-73.66238,-43.31805],[-73.66201,-43.31794],[-73.66184,-43.31766],[-73.66183,-43.31726],[-73.661927,-43.316633],[-73.665125,-43.315981],[-73.667048,-43.31141],[-73.663685,-43.308573],[-73.66383,-43.30815],[-73.66443,-43.3068],[-73.6658,-43.30528],[-73.66651,-43.30481],[-73.66696,-43.30436],[-73.66724,-43.304],[-73.66738,-43.30371],[-73.66756,-43.30325],[-73.667456,-43.302968],[-73.66729,-43.30252],[-73.66714,-43.30162],[-73.66714,-43.3008],[-73.66723,-43.30061],[-73.66733,-43.30043],[-73.66729,-43.29997],[-73.66733,-43.2995],[-73.66723,-43.29921],[-73.66721,-43.29909],[-73.66717,-43.29899],[-73.66707,-43.29888],[-73.66693,-43.29868],[-73.66692,-43.29832],[-73.66678,-43.29821],[-73.66663,-43.2981],[-73.66652,-43.29755],[-73.6661,-43.2972],[-73.66556,-43.29689],[-73.66529,-43.2963],[-73.66522,-43.29583],[-73.66492,-43.29549],[-73.66466,-43.295179],[-73.66451,-43.295],[-73.66458,-43.29443],[-73.66481,-43.29375],[-73.66484,-43.29333],[-73.66487,-43.29306],[-73.66523,-43.29237],[-73.66588,-43.29119],[-73.66632,-43.29066],[-73.6671,-43.29022],[-73.66771,-43.28952],[-73.66877,-43.28913],[-73.669428,-43.288647],[-73.670746,-43.289759],[-73.668824,-43.29433],[-73.672814,-43.297696],[-73.678726,-43.29649],[-73.680648,-43.291918],[-73.676657,-43.288553],[-73.678578,-43.283981],[-73.684489,-43.282774],[-73.686409,-43.278203],[-73.682419,-43.274838],[-73.67675,-43.275995],[-73.67702,-43.27561],[-73.6773,-43.27521],[-73.67753,-43.27493],[-73.67759,-43.27463],[-73.67757,-43.2744],[-73.67749,-43.27406],[-73.67727,-43.27368],[-73.67713,-43.27347],[-73.67685,-43.27336],[-73.6766,-43.27324],[-73.67636,-43.27323],[-73.67611,-43.27323],[-73.67582,-43.27328],[-73.6756,-43.27329],[-73.67548,-43.27319],[-73.6758,-43.27283],[-73.67606,-43.27258],[-73.67635,-43.27212],[-73.6762,-43.27177],[-73.676,-43.27163],[-73.6756,-43.27149],[-73.67526,-43.2714],[-73.67526,-43.27117],[-73.67567,-43.2704],[-73.67579,-43.27002],[-73.6758,-43.26981],[-73.67573,-43.26975],[-73.67547,-43.26981],[-73.67528,-43.26991],[-73.67517,-43.26981],[-73.67519,-43.26949],[-73.67558,-43.26923],[-73.67601,-43.26864],[-73.67592,-43.26845],[-73.67567,-43.26843],[-73.67546,-43.26828],[-73.67546,-43.26803],[-73.675464,-43.2679],[-73.67547,-43.26771],[-73.67527,-43.26731],[-73.67505,-43.26709],[-73.67477,-43.26693],[-73.67464,-43.26664],[-73.675,-43.26615],[-73.67588,-43.26577],[-73.67647,-43.26551],[-73.67663,-43.26533],[-73.67677,-43.26491],[-73.67698,-43.26418],[-73.67736,-43.26376],[-73.67766,-43.26335],[-73.67836,-43.26279],[-73.67937,-43.26251],[-73.68004,-43.26244],[-73.68053,-43.26235],[-73.68088,-43.26212],[-73.681337,-43.261544],[-73.68227,-43.26233],[-73.688178,-43.261123],[-73.690098,-43.256551],[-73.696006,-43.255343],[-73.697925,-43.250771],[-73.703833,-43.249563],[-73.707823,-43.252926],[-73.713732,-43.251717],[-73.717724,-43.25508],[-73.723633,-43.253871],[-73.72555,-43.249298],[-73.731459,-43.248087],[-73.733375,-43.243514],[-73.729382,-43.240151],[-73.731298,-43.235578],[-73.737206,-43.234367],[-73.739121,-43.229794],[-73.735129,-43.226432],[-73.737044,-43.221859],[-73.737827,-43.221698],[-73.73805,-43.22168],[-73.7386,-43.22154],[-73.73877,-43.22154],[-73.73897,-43.22159],[-73.73909,-43.22169],[-73.7391,-43.22179],[-73.73919,-43.22185],[-73.73936,-43.22187],[-73.73958,-43.22187],[-73.73977,-43.22183],[-73.73988,-43.22176],[-73.73999,-43.22151],[-73.73998,-43.22141],[-73.74041,-43.22131],[-73.74089,-43.2211],[-73.740982,-43.221051],[-73.741309,-43.220984],[-73.74147,-43.22113],[-73.74151,-43.22118],[-73.74158,-43.22124],[-73.74161,-43.22125],[-73.74165,-43.22122],[-73.7417,-43.22117],[-73.7417,-43.2211],[-73.74169,-43.22099],[-73.741649,-43.220914],[-73.742773,-43.220684],[-73.74285,-43.22078],[-73.74293,-43.22085],[-73.74296,-43.22086],[-73.74305,-43.22077],[-73.743053,-43.220733],[-73.746943,-43.224009],[-73.75285,-43.222797],[-73.754764,-43.218223],[-73.750771,-43.214861],[-73.752684,-43.210288],[-73.74904,-43.20722],[-73.74908,-43.20719],[-73.75012,-43.20637],[-73.75139,-43.2057],[-73.75182,-43.20538],[-73.75183,-43.20527],[-73.75171,-43.20516],[-73.75156,-43.20514],[-73.75146,-43.20515],[-73.75139,-43.205],[-73.75137,-43.20469],[-73.75146,-43.20429],[-73.75146,-43.20404],[-73.75144,-43.20399],[-73.7514,-43.20398],[-73.75132,-43.20418],[-73.7511,-43.20465],[-73.75104,-43.20495],[-73.75091,-43.20511],[-73.75074,-43.20543],[-73.75056,-43.20557],[-73.75036,-43.20562],[-73.75019,-43.20562],[-73.75,-43.20557],[-73.74976,-43.2054],[-73.74972,-43.20526],[-73.749531,-43.204922],[-73.750605,-43.202353],[-73.747158,-43.19945],[-73.74718,-43.19943],[-73.74732,-43.19936],[-73.74743,-43.19932],[-73.74772,-43.19932],[-73.74805,-43.19944],[-73.74822,-43.19948],[-73.74839,-43.19948],[-73.74845,-43.19941],[-73.74851,-43.19931],[-73.74849,-43.19898],[-73.74841,-43.19875],[-73.74813,-43.19817],[-73.74795,-43.19779],[-73.747422,-43.197061],[-73.748527,-43.194419],[-73.754431,-43.193206],[-73.756343,-43.188632],[-73.752352,-43.185272],[-73.754265,-43.180699],[-73.750275,-43.177339],[-73.752187,-43.172766],[-73.748197,-43.169406],[-73.750109,-43.164833],[-73.75601,-43.163619],[-73.757921,-43.159046],[-73.753932,-43.155687],[-73.75086,-43.15632],[-73.75086,-43.15605],[-73.7509,-43.15519],[-73.75088,-43.15483],[-73.7509,-43.15454],[-73.75114,-43.15415],[-73.75155,-43.15374],[-73.75184,-43.15316],[-73.75197,-43.15284],[-73.75214,-43.15263],[-73.75244,-43.15251],[-73.75277,-43.15248],[-73.75411,-43.15127],[-73.755083,-43.150474],[-73.755843,-43.151114],[-73.761743,-43.1499],[-73.763653,-43.145326],[-73.759665,-43.141968],[-73.761575,-43.137395],[-73.767473,-43.13618],[-73.769383,-43.131606],[-73.765395,-43.128249],[-73.767304,-43.123675],[-73.763317,-43.120318],[-73.75742,-43.121533],[-73.753434,-43.118176],[-73.747539,-43.119391],[-73.743554,-43.116034],[-73.738509,-43.117073],[-73.73805,-43.11702],[-73.73761,-43.11682],[-73.73752,-43.11664],[-73.73725,-43.1163],[-73.73678,-43.11586],[-73.73658,-43.11532],[-73.73676,-43.11517],[-73.73718,-43.1152],[-73.73726,-43.11522],[-73.73746,-43.11527],[-73.73758,-43.11529],[-73.73764,-43.11532],[-73.7377,-43.11533],[-73.73783,-43.11535],[-73.73802,-43.11534],[-73.73807,-43.11531],[-73.73823,-43.11525],[-73.73823,-43.11519],[-73.738295,-43.1151],[-73.73828,-43.11496],[-73.7382,-43.1149],[-73.73815,-43.11483],[-73.73796,-43.11464],[-73.73778,-43.11449],[-73.73771,-43.11443],[-73.737605,-43.1144],[-73.73753,-43.11437],[-73.73731,-43.11428],[-73.73709,-43.11421],[-73.73687,-43.11414],[-73.73665,-43.11406],[-73.73643,-43.11396],[-73.73621,-43.11389],[-73.73599,-43.11384],[-73.73591,-43.11385],[-73.73582,-43.113925],[-73.73576,-43.11426],[-73.73582,-43.11442],[-73.73593,-43.11461],[-73.736,-43.1148],[-73.73602,-43.11492],[-73.73595,-43.11498],[-73.73557,-43.11514],[-73.735312,-43.115269],[-73.733676,-43.11389],[-73.735587,-43.109319],[-73.731604,-43.105961],[-73.733515,-43.10139],[-73.739408,-43.100175],[-73.741318,-43.095604],[-73.737335,-43.092247],[-73.731443,-43.093462],[-73.727462,-43.090105],[-73.729373,-43.085534],[-73.725392,-43.082177],[-73.727303,-43.077606],[-73.723323,-43.07425],[-73.717434,-43.075465],[-73.713456,-43.072108],[-73.715366,-43.067538],[-73.711389,-43.064182],[-73.705501,-43.065396],[-73.70359,-43.069966],[-73.707567,-43.073322],[-73.705656,-43.077892],[-73.709633,-43.081249],[-73.707722,-43.085819],[-73.701832,-43.087032],[-73.697854,-43.083675],[-73.691965,-43.084888],[-73.687989,-43.081531],[-73.689902,-43.076962],[-73.685926,-43.073605],[-73.687839,-43.069036],[-73.683864,-43.065679],[-73.677978,-43.066892],[-73.676064,-43.07146],[-73.680039,-43.074817],[-73.678125,-43.079386],[-73.6821,-43.082743],[-73.680187,-43.087312],[-73.684163,-43.09067],[-73.682249,-43.095239],[-73.676359,-43.09645],[-73.674445,-43.101019],[-73.668554,-43.10223],[-73.666639,-43.106799],[-73.660749,-43.108009],[-73.656774,-43.104651],[-73.650884,-43.10586],[-73.646911,-43.102502],[-73.641022,-43.103711],[-73.63705,-43.100352],[-73.638966,-43.095785],[-73.644855,-43.094576],[-73.648827,-43.097934],[-73.654716,-43.096724],[-73.656632,-43.092156],[-73.652659,-43.088798],[-73.654574,-43.08423],[-73.660462,-43.08302],[-73.662376,-43.078452],[-73.658404,-43.075094],[-73.660318,-43.070526],[-73.656346,-43.067169],[-73.658261,-43.062602],[-73.65429,-43.059245],[-73.656204,-43.054677],[-73.652234,-43.051321],[-73.654148,-43.046753],[-73.650178,-43.043397],[-73.652092,-43.03883],[-73.648124,-43.035474],[-73.650037,-43.030907],[-73.655919,-43.029696],[-73.659888,-43.033051],[-73.66577,-43.031839],[-73.667682,-43.027271],[-73.663713,-43.023916],[-73.657832,-43.025128],[-73.653864,-43.021773],[-73.655777,-43.017206],[-73.661657,-43.015994],[-73.663569,-43.011426],[-73.669449,-43.010213],[-73.67136,-43.005646],[-73.67724,-43.004432],[-73.681209,-43.007786],[-73.687089,-43.006572],[-73.688999,-43.002004],[-73.68503,-42.99865],[-73.68694,-42.994082],[-73.692819,-42.992868],[-73.696789,-42.996221],[-73.702668,-42.995006],[-73.704577,-42.990437],[-73.710456,-42.989221],[-73.712364,-42.984652],[-73.718243,-42.983436],[-73.72015,-42.978866],[-73.726029,-42.977649],[-73.730002,-42.981001],[-73.735881,-42.979784],[-73.737787,-42.975214],[-73.743666,-42.973996],[-73.745571,-42.969425],[-73.75145,-42.968207],[-73.753354,-42.963636],[-73.749381,-42.960285],[-73.743503,-42.961504],[-73.741598,-42.966074],[-73.73572,-42.967292],[-73.731748,-42.963941],[-73.72587,-42.965158],[-73.723964,-42.969728],[-73.718086,-42.970945],[-73.716179,-42.975514],[-73.710301,-42.97673],[-73.706331,-42.973378],[-73.700454,-42.974594],[-73.696485,-42.971242],[-73.690608,-42.972457],[-73.688699,-42.977025],[-73.682822,-42.97824],[-73.678855,-42.974887],[-73.680764,-42.97032],[-73.676798,-42.966967],[-73.678707,-42.9624],[-73.674742,-42.959047],[-73.676651,-42.95448],[-73.682525,-42.953265],[-73.684434,-42.948698],[-73.680468,-42.945346],[-73.682377,-42.940779],[-73.68825,-42.939563],[-73.692215,-42.942914],[-73.698089,-42.941698],[-73.702055,-42.945049],[-73.70793,-42.943832],[-73.711898,-42.947183],[-73.717772,-42.945966],[-73.719678,-42.941397],[-73.725553,-42.940179],[-73.729522,-42.94353],[-73.735398,-42.942311],[-73.737302,-42.937742],[-73.733332,-42.934392],[-73.727458,-42.93561],[-73.723489,-42.93226],[-73.725394,-42.927691],[-73.721426,-42.924341],[-73.723331,-42.919772],[-73.729203,-42.918553],[-73.731107,-42.913984],[-73.72714,-42.910635],[-73.729044,-42.906066],[-73.734915,-42.904847],[-73.738883,-42.908196],[-73.736979,-42.912765],[-73.740948,-42.916114],[-73.739045,-42.920684],[-73.743014,-42.924034],[-73.748888,-42.922814],[-73.752859,-42.926163],[-73.758733,-42.924943],[-73.760635,-42.920373],[-73.756664,-42.917024],[-73.758566,-42.912454],[-73.764439,-42.911233],[-73.766341,-42.906662],[-73.76237,-42.903314],[-73.756498,-42.904535],[-73.752529,-42.901186],[-73.746657,-42.902407],[-73.742689,-42.899058],[-73.736818,-42.900278],[-73.732851,-42.896929],[-73.726981,-42.898148],[-73.725077,-42.902717],[-73.719207,-42.903936],[-73.715241,-42.900586],[-73.709372,-42.901805],[-73.705407,-42.898455],[-73.707312,-42.893888],[-73.713181,-42.892669],[-73.715085,-42.888101],[-73.720954,-42.886882],[-73.722857,-42.882314],[-73.718893,-42.878966],[-73.720796,-42.874398],[-73.726663,-42.873178],[-73.728566,-42.86861],[-73.734433,-42.86739],[-73.738398,-42.870737],[-73.744265,-42.869516],[-73.748232,-42.872864],[-73.7541,-42.871643],[-73.756001,-42.867073],[-73.760368,-42.866164],[-73.760897,-42.867168],[-73.761122,-42.867693],[-73.761193,-42.868039],[-73.76125,-42.86873],[-73.761378,-42.868961],[-73.761675,-42.869176],[-73.762122,-42.869372],[-73.76397,-42.86994],[-73.76523,-42.87064],[-73.765236,-42.870643],[-73.76606,-42.8711],[-73.76759,-42.87167],[-73.76934,-42.87221],[-73.77142,-42.87296],[-73.772065,-42.873314],[-73.772828,-42.873716],[-73.773311,-42.873886],[-73.77404,-42.873921],[-73.774571,-42.873927],[-73.774591,-42.873928],[-73.774136,-42.875024],[-73.77328,-42.87564],[-73.77271,-42.8761],[-73.772659,-42.876126],[-73.772431,-42.876238],[-73.772262,-42.876208],[-73.772127,-42.876184],[-73.771877,-42.876002],[-73.77161,-42.87599],[-73.77118,-42.876191],[-73.770865,-42.876499],[-73.770862,-42.876502],[-73.770822,-42.876732],[-73.77094,-42.87711],[-73.77134,-42.87775],[-73.771471,-42.878152],[-73.77147,-42.87845],[-73.771336,-42.878876],[-73.771241,-42.879268],[-73.77128,-42.87948],[-73.771396,-42.879634],[-73.771609,-42.879739],[-73.77208,-42.88011],[-73.77222,-42.8803],[-73.77231,-42.88093],[-73.77237,-42.881094],[-73.77252,-42.88119],[-73.772763,-42.881216],[-73.77307,-42.88114],[-73.77349,-42.88115],[-73.773836,-42.881354],[-73.774296,-42.881405],[-73.774724,-42.881324],[-73.775206,-42.881097],[-73.775806,-42.880736],[-73.77619,-42.88045],[-73.776428,-42.880405],[-73.776577,-42.88052],[-73.77662,-42.880655],[-73.776586,-42.880894],[-73.776663,-42.881014],[-73.776807,-42.881056],[-73.777001,-42.881028],[-73.77706,-42.88102],[-73.777666,-42.880783],[-73.778227,-42.880452],[-73.778599,-42.88029],[-73.778992,-42.880235],[-73.779316,-42.880276],[-73.779876,-42.880452],[-73.780202,-42.88056],[-73.780317,-42.880709],[-73.780295,-42.880925],[-73.780278,-42.881102],[-73.780306,-42.881235],[-73.780374,-42.881337],[-73.780536,-42.881405],[-73.780783,-42.881414],[-73.7812,-42.88134],[-73.781542,-42.881273],[-73.781753,-42.881305],[-73.781987,-42.881437],[-73.7827,-42.8819],[-73.783367,-42.882136],[-73.78395,-42.88224],[-73.784239,-42.882333],[-73.784563,-42.882537],[-73.784844,-42.882727],[-73.785247,-42.882885],[-73.786095,-42.883031],[-73.786674,-42.883176],[-73.786809,-42.883235],[-73.785686,-42.885936],[-73.789658,-42.889283],[-73.787759,-42.893854],[-73.781887,-42.895077],[-73.779987,-42.899648],[-73.783959,-42.902996],[-73.789832,-42.901773],[-73.793806,-42.905122],[-73.799679,-42.903898],[-73.803654,-42.907247],[-73.809529,-42.906023],[-73.813505,-42.909371],[-73.81938,-42.908147],[-73.821277,-42.903574],[-73.827152,-42.902349],[-73.83113,-42.905697],[-73.837005,-42.904471],[-73.838902,-42.899898],[-73.844777,-42.898672],[-73.846672,-42.894099],[-73.852547,-42.892872],[-73.856527,-42.896219],[-73.854631,-42.900793],[-73.858612,-42.90414],[-73.864488,-42.902913],[-73.866383,-42.898339],[-73.872259,-42.897111],[-73.876241,-42.900458],[-73.882118,-42.89923],[-73.886101,-42.902576],[-73.884207,-42.907152],[-73.87833,-42.90838],[-73.874347,-42.905033],[-73.86847,-42.90626],[-73.866575,-42.910835],[-73.860698,-42.912062],[-73.858802,-42.916636],[-73.862784,-42.919984],[-73.868663,-42.918757],[-73.872646,-42.922104],[-73.878525,-42.920877],[-73.880419,-42.916302],[-73.886298,-42.915074],[-73.890283,-42.918421],[-73.896162,-42.917193],[-73.900148,-42.92054],[-73.906028,-42.919311],[-73.910015,-42.922658],[-73.915896,-42.921428],[-73.919885,-42.924775],[-73.925766,-42.923545],[-73.927657,-42.918968],[-73.923668,-42.915621],[-73.925559,-42.911044],[-73.921571,-42.907698],[-73.923462,-42.903121],[-73.919475,-42.899775],[-73.913597,-42.901005],[-73.911705,-42.905582],[-73.905826,-42.906812],[-73.901841,-42.903465],[-73.895963,-42.904694],[-73.891978,-42.901348],[-73.893871,-42.896772],[-73.899748,-42.895543],[-73.90164,-42.890967],[-73.897656,-42.887621],[-73.89178,-42.888851],[-73.887797,-42.885505],[-73.88969,-42.88093],[-73.885708,-42.877584],[-73.879833,-42.878813],[-73.87794,-42.883387],[-73.872066,-42.884616],[-73.868085,-42.88127],[-73.869979,-42.876695],[-73.865999,-42.87335],[-73.860126,-42.874577],[-73.856148,-42.871231],[-73.850275,-42.872459],[-73.84838,-42.877032],[-73.842508,-42.878259],[-73.840612,-42.882832],[-73.834739,-42.884058],[-73.830763,-42.880711],[-73.82489,-42.881937],[-73.822993,-42.886509],[-73.817121,-42.887735],[-73.813146,-42.884387],[-73.807274,-42.885612],[-73.805376,-42.890184],[-73.80935,-42.893531],[-73.807452,-42.898103],[-73.801578,-42.899327],[-73.797604,-42.895979],[-73.799503,-42.891408],[-73.79553,-42.88806],[-73.797429,-42.883489],[-73.8033,-42.882265],[-73.80452,-42.879326],[-73.80453,-42.879322],[-73.805152,-42.878984],[-73.80548,-42.8787],[-73.805965,-42.878256],[-73.806218,-42.878122],[-73.806779,-42.87805],[-73.807233,-42.878034],[-73.80761,-42.87798],[-73.807864,-42.877916],[-73.80814,-42.877738],[-73.808284,-42.877557],[-73.808582,-42.877079],[-73.808697,-42.876963],[-73.811069,-42.876469],[-73.811302,-42.875908],[-73.81164,-42.87579],[-73.81284,-42.87531],[-73.81389,-42.87494],[-73.81493,-42.87439],[-73.816479,-42.873986],[-73.81791,-42.87365],[-73.81875,-42.87344],[-73.82013,-42.87296],[-73.82068,-42.8728],[-73.821249,-42.872703],[-73.82144,-42.87267],[-73.822249,-42.872647],[-73.82327,-42.87258],[-73.82456,-42.87226],[-73.82547,-42.87223],[-73.8273,-42.87163],[-73.82791,-42.87152],[-73.82907,-42.87143],[-73.829268,-42.871382],[-73.83022,-42.87115],[-73.83137,-42.87087],[-73.83193,-42.87068],[-73.83309,-42.86996],[-73.833703,-42.869789],[-73.83455,-42.86949],[-73.834888,-42.869318],[-73.8352,-42.86916],[-73.83622,-42.86879],[-73.83646,-42.8687],[-73.83698,-42.8684],[-73.83743,-42.86825],[-73.83784,-42.86822],[-73.837907,-42.86822],[-73.8384,-42.86822],[-73.83862,-42.86822],[-73.83887,-42.86809],[-73.83897,-42.86801],[-73.83929,-42.86778],[-73.83961,-42.86734],[-73.83985,-42.8671],[-73.84025,-42.86689],[-73.8406,-42.8668],[-73.84097,-42.86679],[-73.84133,-42.86678],[-73.84182,-42.86687],[-73.842354,-42.866977],[-73.84284,-42.86705],[-73.84311,-42.867059],[-73.84341,-42.86703],[-73.843742,-42.866922],[-73.84442,-42.8667],[-73.84545,-42.86667],[-73.84573,-42.86658],[-73.84584,-42.86637],[-73.84589,-42.86612],[-73.846,-42.86595],[-73.84614,-42.86589],[-73.84629,-42.86583],[-73.84669,-42.86583],[-73.84707,-42.86574],[-73.8472,-42.86555],[-73.84721,-42.86526],[-73.84704,-42.86484],[-73.84703,-42.8645],[-73.8472,-42.86429],[-73.84765,-42.86411],[-73.847669,-42.864099],[-73.84794,-42.86394],[-73.84817,-42.86342],[-73.84833,-42.86319],[-73.84849,-42.86307],[-73.84878,-42.86294],[-73.84925,-42.86289],[-73.85007,-42.86263],[-73.85031,-42.86266],[-73.85067,-42.86281],[-73.85087,-42.86281],[-73.85127,-42.8628],[-73.85198,-42.86226],[-73.85229,-42.86194],[-73.85281,-42.86139],[-73.853751,-42.860611],[-73.8541,-42.86043],[-73.85445,-42.86038],[-73.85489,-42.86044],[-73.855179,-42.86062],[-73.85566,-42.86092],[-73.85584,-42.86092],[-73.85597,-42.86084],[-73.85608,-42.86063],[-73.856144,-42.860348],[-73.85636,-42.85939],[-73.85639,-42.858649],[-73.85639,-42.85864],[-73.85712,-42.85772],[-73.85766,-42.85754],[-73.85803,-42.85745],[-73.85922,-42.85719],[-73.85979,-42.85702],[-73.86037,-42.85667],[-73.86143,-42.85658],[-73.86201,-42.85638],[-73.86225,-42.85627],[-73.862367,-42.856211],[-73.861829,-42.857511],[-73.865807,-42.860856],[-73.863914,-42.86543],[-73.867893,-42.868776],[-73.873765,-42.867547],[-73.875658,-42.862973],[-73.881531,-42.861744],[-73.883423,-42.857169],[-73.889295,-42.85594],[-73.891186,-42.851365],[-73.897058,-42.850135],[-73.901039,-42.853479],[-73.906912,-42.852248],[-73.908802,-42.847673],[-73.914674,-42.846441],[-73.916564,-42.841866],[-73.922435,-42.840634],[-73.924324,-42.836058],[-73.930196,-42.834825],[-73.932084,-42.830249],[-73.931666,-42.829898],[-73.932903,-42.829917],[-73.933375,-42.829889],[-73.933785,-42.829844],[-73.934333,-42.829741],[-73.93554,-42.82949],[-73.935881,-42.829451],[-73.936148,-42.829421],[-73.936611,-42.829422],[-73.93705,-42.829444],[-73.937303,-42.829554],[-73.937598,-42.829707],[-73.937986,-42.829832],[-73.93849,-42.829898],[-73.938992,-42.830046],[-73.939527,-42.830335],[-73.93961,-42.83038],[-73.940209,-42.830574],[-73.94077,-42.83061],[-73.94141,-42.830517],[-73.941786,-42.830574],[-73.942152,-42.830745],[-73.942436,-42.830934],[-73.942848,-42.831256],[-73.94322,-42.83146],[-73.943511,-42.831526],[-73.943788,-42.831462],[-73.943949,-42.831243],[-73.944026,-42.830947],[-73.944206,-42.830574],[-73.944599,-42.830284],[-73.945049,-42.830104],[-73.945565,-42.829996],[-73.946131,-42.829943],[-73.94716,-42.829975],[-73.947914,-42.83013],[-73.948187,-42.830212],[-73.948467,-42.830297],[-73.948982,-42.830426],[-73.949626,-42.830419],[-73.950302,-42.830464],[-73.950816,-42.830567],[-73.951267,-42.830728],[-73.951692,-42.831037],[-73.952021,-42.831412],[-73.952155,-42.831662],[-73.952381,-42.831842],[-73.952657,-42.832009],[-73.95306,-42.83212],[-73.953546,-42.832099],[-73.95414,-42.83213],[-73.95515,-42.83227],[-73.95558,-42.832466],[-73.955972,-42.832917],[-73.95617,-42.83311],[-73.956449,-42.833187],[-73.956764,-42.833123],[-73.957034,-42.832955],[-73.957562,-42.832724],[-73.95789,-42.832696],[-73.958013,-42.832685],[-73.958347,-42.832775],[-73.958893,-42.832806],[-73.959551,-42.832994],[-73.959956,-42.833052],[-73.960735,-42.833071],[-73.961233,-42.833221],[-73.961694,-42.833483],[-73.962396,-42.83367],[-73.963244,-42.833816],[-73.963861,-42.833987],[-73.964112,-42.834124],[-73.964431,-42.834226],[-73.965242,-42.834363],[-73.96571,-42.834535],[-73.965988,-42.834713],[-73.966395,-42.835094],[-73.967003,-42.835452],[-73.967034,-42.835471],[-73.968008,-42.835744],[-73.9681,-42.83577],[-73.969354,-42.836013],[-73.969721,-42.836154],[-73.969882,-42.836354],[-73.96985,-42.83656],[-73.969777,-42.836886],[-73.969682,-42.837107],[-73.969693,-42.837157],[-73.969727,-42.837313],[-73.969875,-42.837461],[-73.970255,-42.837686],[-73.970434,-42.837777],[-73.970558,-42.837841],[-73.970912,-42.837815],[-73.971095,-42.837679],[-73.97135,-42.83757],[-73.97149,-42.83753],[-73.97189,-42.83754],[-73.972474,-42.837764],[-73.972762,-42.837769],[-73.973143,-42.837588],[-73.97349,-42.83725],[-73.974019,-42.836713],[-73.974559,-42.836347],[-73.974925,-42.836131],[-73.9756,-42.83593],[-73.975939,-42.835755],[-73.97609,-42.83555],[-73.976181,-42.835318],[-73.976356,-42.835137],[-73.976629,-42.834906],[-73.976912,-42.834561],[-73.97727,-42.83441],[-73.977525,-42.83438],[-73.97786,-42.834391],[-73.978164,-42.834504],[-73.978571,-42.83458],[-73.977389,-42.837449],[-73.981378,-42.840792],[-73.987253,-42.839556],[-73.989137,-42.834977],[-73.989094,-42.834941],[-73.989519,-42.834852],[-73.99008,-42.834778],[-73.990397,-42.83465],[-73.99109,-42.83415],[-73.991539,-42.833895],[-73.991927,-42.83377],[-73.992635,-42.833622],[-73.993217,-42.833439],[-73.993879,-42.833336],[-73.994461,-42.833291],[-73.995123,-42.833017],[-73.995344,-42.832932],[-73.995011,-42.833741],[-73.999002,-42.837083],[-74.004876,-42.835846],[-74.008868,-42.839188],[-74.011302,-42.838676],[-74.011713,-42.846955],[-74.012071,-42.854182],[-74.012218,-42.857146],[-74.01239,-42.860605],[-74.012392,-42.860638],[-74.012421,-42.860631],[-74.0127,-42.86056],[-74.01329,-42.86037],[-74.014201,-42.860236],[-74.014626,-42.86019],[-74.014989,-42.860198],[-74.01521,-42.8603],[-74.015646,-42.860561],[-74.01601,-42.860638],[-74.016342,-42.860584],[-74.016728,-42.860414],[-74.017277,-42.860167],[-74.018066,-42.859858],[-74.01904,-42.859517],[-74.02018,-42.85934],[-74.02106,-42.85934],[-74.021568,-42.859394],[-74.021987,-42.859502],[-74.021076,-42.861718],[-74.015198,-42.862955],[-74.013314,-42.867536],[-74.017309,-42.870879],[-74.023188,-42.869642],[-74.027185,-42.872985],[-74.033065,-42.871747],[-74.034947,-42.867166],[-74.03095,-42.863823],[-74.032833,-42.859243],[-74.031488,-42.858118],[-74.03151,-42.857523],[-74.031633,-42.85733],[-74.031819,-42.857237],[-74.03202,-42.857245],[-74.032406,-42.857322],[-74.03274,-42.85731],[-74.033048,-42.857245],[-74.03351,-42.856957],[-74.033821,-42.856642],[-74.034215,-42.856255],[-74.03452,-42.85574],[-74.034695,-42.855304],[-74.034749,-42.854987],[-74.034921,-42.854729],[-74.035213,-42.85457],[-74.03563,-42.854431],[-74.036179,-42.854384],[-74.036852,-42.85433],[-74.037331,-42.854145],[-74.037555,-42.85392],[-74.037787,-42.853611],[-74.038174,-42.853085],[-74.038869,-42.852088],[-74.038895,-42.852003],[-74.039109,-42.851284],[-74.039325,-42.850519],[-74.039629,-42.850021],[-74.039946,-42.849552],[-74.040315,-42.849243],[-74.040591,-42.848995],[-74.040908,-42.848907],[-74.04129,-42.84893],[-74.041945,-42.849173],[-74.042566,-42.84954],[-74.04344,-42.85043],[-74.044064,-42.850905],[-74.044482,-42.85099],[-74.044915,-42.850875],[-74.045077,-42.85065],[-74.045124,-42.850395],[-74.04528,-42.85014],[-74.045526,-42.85004],[-74.045997,-42.850001],[-74.046368,-42.849761],[-74.0466,-42.84971],[-74.047447,-42.849809],[-74.047743,-42.849843],[-74.04837,-42.849815],[-74.049136,-42.849607],[-74.049638,-42.849328],[-74.050234,-42.84888],[-74.05075,-42.84865],[-74.051803,-42.848548],[-74.053086,-42.848594],[-74.054277,-42.84854],[-74.054671,-42.848401],[-74.054926,-42.84803],[-74.055058,-42.847689],[-74.055104,-42.847249],[-74.055171,-42.84715],[-74.05526,-42.84702],[-74.055699,-42.846793],[-74.05613,-42.84672],[-74.056928,-42.8467],[-74.0574,-42.846538],[-74.057732,-42.846321],[-74.058165,-42.846097],[-74.058676,-42.845996],[-74.059217,-42.846074],[-74.05975,-42.846221],[-74.060345,-42.846522],[-74.06113,-42.84692],[-74.062317,-42.847334],[-74.063469,-42.847883],[-74.064203,-42.848138],[-74.06424,-42.84814],[-74.064698,-42.848169],[-74.065239,-42.848107],[-74.065803,-42.848076],[-74.066349,-42.848211],[-74.066856,-42.848464],[-74.06751,-42.84889],[-74.06821,-42.849325],[-74.06895,-42.84963],[-74.070033,-42.849957],[-74.0714,-42.850198],[-74.071779,-42.850274],[-74.072108,-42.8504],[-74.072374,-42.850527],[-74.07258,-42.85056],[-74.073108,-42.850603],[-74.073475,-42.850603],[-74.074011,-42.850503],[-74.07402,-42.850502],[-74.074969,-42.850388],[-74.07668,-42.85027],[-74.07855,-42.85028],[-74.08153,-42.85035],[-74.08248,-42.85017],[-74.08299,-42.85003],[-74.08354,-42.85003],[-74.08437,-42.85028],[-74.084864,-42.85023],[-74.085437,-42.850173],[-74.08612,-42.850261],[-74.086614,-42.850489],[-74.0874,-42.85096],[-74.087728,-42.851033],[-74.087956,-42.851008],[-74.088247,-42.851046],[-74.088424,-42.851147],[-74.08874,-42.851261],[-74.08917,-42.85114],[-74.089513,-42.851185],[-74.089842,-42.851375],[-74.09056,-42.852],[-74.09103,-42.85244],[-74.091424,-42.852603],[-74.09181,-42.85271],[-74.092626,-42.852755],[-74.093057,-42.852869],[-74.0935,-42.852907],[-74.09385,-42.85285],[-74.09438,-42.85267],[-74.094752,-42.852315],[-74.09482,-42.85225],[-74.095449,-42.851489],[-74.095702,-42.8514],[-74.095943,-42.851464],[-74.09617,-42.85179],[-74.096512,-42.852097],[-74.096841,-42.852299],[-74.09729,-42.85238],[-74.09812,-42.85239],[-74.098588,-42.852514],[-74.099221,-42.852527],[-74.10015,-42.85224],[-74.100674,-42.852263],[-74.1011,-42.85241],[-74.102204,-42.85256],[-74.10274,-42.85277],[-74.102866,-42.852995],[-74.102825,-42.853374],[-74.102841,-42.853603],[-74.102962,-42.853838],[-74.103408,-42.854165],[-74.104017,-42.854314],[-74.104714,-42.854221],[-74.10495,-42.85419],[-74.105949,-42.853942],[-74.10693,-42.853541],[-74.10837,-42.85325],[-74.109724,-42.853214],[-74.11113,-42.8533],[-74.112651,-42.853362],[-74.114146,-42.85334],[-74.115394,-42.854381],[-74.121216,-42.85315],[-74.121258,-42.853172],[-74.121597,-42.853645],[-74.121984,-42.853957],[-74.122503,-42.854162],[-74.125281,-42.856479],[-74.131163,-42.855235],[-74.132718,-42.851434],[-74.132921,-42.851446],[-74.133263,-42.851341],[-74.133486,-42.851104],[-74.13362,-42.85076],[-74.13388,-42.85068],[-74.13423,-42.85076],[-74.134853,-42.851029],[-74.13567,-42.85094],[-74.136057,-42.851],[-74.136458,-42.851282],[-74.13675,-42.851919],[-74.137016,-42.852122],[-74.137472,-42.852084],[-74.137795,-42.851981],[-74.13822,-42.85171],[-74.13836,-42.851386],[-74.138282,-42.851097],[-74.138018,-42.850821],[-74.137485,-42.85059],[-74.137231,-42.850346],[-74.13726,-42.850093],[-74.137335,-42.849796],[-74.13746,-42.849715],[-74.138621,-42.849469],[-74.138732,-42.849454],[-74.138758,-42.84944],[-74.13892,-42.849406],[-74.142927,-42.852746],[-74.141052,-42.857332],[-74.14506,-42.860672],[-74.150943,-42.859428],[-74.154953,-42.862768],[-74.153078,-42.867354],[-74.157088,-42.870695],[-74.159479,-42.870189],[-74.15954,-42.87034],[-74.15973,-42.87089],[-74.15981,-42.87116],[-74.15987,-42.87151],[-74.15988,-42.87208],[-74.15981,-42.87253],[-74.15981,-42.87266],[-74.15981,-42.87283],[-74.15981,-42.87293],[-74.15989,-42.87336],[-74.16002,-42.87371],[-74.16028,-42.87422],[-74.16057,-42.87481],[-74.16076,-42.87528],[-74.16085,-42.87553],[-74.16109,-42.87638],[-74.16128,-42.87701],[-74.16136,-42.87731],[-74.16164,-42.87802],[-74.161669,-42.878105],[-74.16178,-42.87843],[-74.16189,-42.87878],[-74.16208,-42.87955],[-74.16216,-42.8799],[-74.16227,-42.88033],[-74.16243,-42.88074],[-74.16252,-42.88096],[-74.16258,-42.88126],[-74.16259,-42.88144],[-74.16261,-42.88189],[-74.16261,-42.88233],[-74.1627,-42.88269],[-74.16276,-42.88297],[-74.16278,-42.88365],[-74.16282,-42.88385],[-74.16285,-42.88397],[-74.16305,-42.88473],[-74.16322,-42.88517],[-74.16347,-42.8859],[-74.16354,-42.886089],[-74.16361,-42.88628],[-74.16403,-42.88693],[-74.16415,-42.88734],[-74.1642,-42.88755],[-74.16426,-42.88817],[-74.16435,-42.88891],[-74.16444,-42.88941],[-74.16457,-42.88993],[-74.16471,-42.89051],[-74.16473,-42.89058],[-74.16488,-42.89142],[-74.16503,-42.89215],[-74.16513,-42.89251],[-74.16523,-42.89281],[-74.16543,-42.89306],[-74.16582,-42.89349],[-74.16592,-42.89365],[-74.16596,-42.8939],[-74.16596,-42.893958],[-74.16596,-42.89448],[-74.16603,-42.89482],[-74.16623,-42.89526],[-74.16648,-42.8957],[-74.16652,-42.89577],[-74.16661,-42.89606],[-74.16674,-42.89658],[-74.16681,-42.89682],[-74.16717,-42.89743],[-74.1675,-42.89795],[-74.168,-42.89868],[-74.16845,-42.89924],[-74.16879,-42.89974],[-74.16895,-42.90007],[-74.16917,-42.9004],[-74.16929,-42.90048],[-74.16959,-42.9006],[-74.16973,-42.90081],[-74.17012,-42.90134],[-74.170194,-42.901444],[-74.17044,-42.90179],[-74.171,-42.90229],[-74.17142,-42.90263],[-74.17165,-42.9028],[-74.17187,-42.90292],[-74.17267,-42.90352],[-74.17288,-42.90363],[-74.17347,-42.90379],[-74.17383,-42.90386],[-74.17407,-42.9039],[-74.17464,-42.90419],[-74.17486,-42.90429],[-74.17515,-42.90434],[-74.175368,-42.904361],[-74.17554,-42.904504],[-74.175883,-42.904432],[-74.17609,-42.90447],[-74.1768,-42.90464],[-74.17716,-42.90475],[-74.17747,-42.90493],[-74.17785,-42.90516],[-74.17865,-42.90582],[-74.17883,-42.90596],[-74.17912,-42.9061],[-74.17971,-42.90632],[-74.17997,-42.90634],[-74.18035,-42.90636],[-74.18042,-42.90636],[-74.18095,-42.9063],[-74.18159,-42.90616],[-74.18289,-42.90589],[-74.18331,-42.90586],[-74.18425,-42.90587],[-74.18464,-42.90595],[-74.184673,-42.905958],[-74.185445,-42.906601],[-74.189038,-42.905841],[-74.18961,-42.90586],[-74.19001,-42.9059],[-74.19036,-42.906],[-74.19082,-42.90619],[-74.19147,-42.90624],[-74.19216,-42.90642],[-74.19252,-42.90648],[-74.192697,-42.906487],[-74.195352,-42.908697],[-74.201134,-42.907473],[-74.201403,-42.907583],[-74.202,-42.90808],[-74.20206,-42.90821],[-74.20228,-42.90864],[-74.2025,-42.90902],[-74.20255,-42.90916],[-74.20258,-42.90925],[-74.2027,-42.90948],[-74.20299,-42.90979],[-74.20326,-42.91019],[-74.20354,-42.91037],[-74.20384,-42.91041],[-74.20433,-42.91046],[-74.204862,-42.91046],[-74.205261,-42.910792],[-74.209703,-42.909852],[-74.20976,-42.90985],[-74.21014,-42.90978],[-74.21058,-42.90968],[-74.21113,-42.90961],[-74.211219,-42.9096],[-74.21175,-42.90954],[-74.21189,-42.90956],[-74.21233,-42.9097],[-74.21253,-42.90977],[-74.2127,-42.90978],[-74.21287,-42.90978],[-74.21325,-42.9097],[-74.21338,-42.90969],[-74.21374,-42.90986],[-74.21396,-42.90993],[-74.21418,-42.90995],[-74.21471,-42.9099],[-74.21498,-42.90987],[-74.21526,-42.90984],[-74.21553,-42.90991],[-74.21579,-42.91005],[-74.21607,-42.91031],[-74.2164,-42.91042],[-74.21662,-42.91052],[-74.21677,-42.91064],[-74.21693,-42.9109],[-74.21705,-42.91115],[-74.21725,-42.9113],[-74.21749,-42.91144],[-74.21797,-42.91162],[-74.21821,-42.91171],[-74.21831,-42.91175],[-74.21865,-42.91201],[-74.218799,-42.912119],[-74.21906,-42.91231],[-74.21975,-42.91271],[-74.22024,-42.91297],[-74.22096,-42.91326],[-74.22152,-42.91339],[-74.22172,-42.91345],[-74.22184,-42.91344],[-74.22203,-42.91342],[-74.22221,-42.91334],[-74.22229,-42.91328],[-74.2224,-42.91317],[-74.22255,-42.91306],[-74.22272,-42.91304],[-74.222755,-42.913044],[-74.223265,-42.913468],[-74.22327,-42.91361],[-74.22326,-42.91415],[-74.22329,-42.91435],[-74.22338,-42.91449],[-74.22356,-42.91461],[-74.22376,-42.91474],[-74.22401,-42.91481],[-74.22467,-42.91488],[-74.22489,-42.91489],[-74.225048,-42.91495],[-74.225085,-42.914981],[-74.225118,-42.914974],[-74.22525,-42.915],[-74.22541,-42.91498],[-74.22557,-42.91496],[-74.22574,-42.91497],[-74.22588,-42.915],[-74.22598,-42.91511],[-74.22603,-42.91532],[-74.22609,-42.91578],[-74.2262,-42.91592],[-74.22648,-42.91611],[-74.22676,-42.91618],[-74.22689,-42.91623],[-74.22707,-42.9165],[-74.22726,-42.91668],[-74.22737,-42.91671],[-74.22788,-42.91669],[-74.22799,-42.91671],[-74.22824,-42.91692],[-74.22852,-42.91777],[-74.22856,-42.91795],[-74.22856,-42.91821],[-74.22813,-42.91884],[-74.22801,-42.91915],[-74.22797,-42.9193],[-74.22798,-42.91951],[-74.22811,-42.91977],[-74.22832,-42.92015],[-74.22838,-42.92028],[-74.22837,-42.92054],[-74.22829,-42.92082],[-74.2281,-42.92113],[-74.22808,-42.92128],[-74.2281,-42.92152],[-74.22822,-42.92196],[-74.22829,-42.92227],[-74.22829,-42.92256],[-74.228244,-42.922698],[-74.22822,-42.92277],[-74.22812,-42.92301],[-74.22815,-42.92337],[-74.22828,-42.9236],[-74.22893,-42.92432],[-74.22952,-42.92491],[-74.22989,-42.92531],[-74.23009,-42.92564],[-74.23051,-42.92629],[-74.23065,-42.92658],[-74.23099,-42.9273],[-74.23097,-42.92763],[-74.23095,-42.92796],[-74.2309,-42.92807],[-74.23064,-42.92832],[-74.23037,-42.92842],[-74.23004,-42.92849],[-74.2296,-42.92853],[-74.22911,-42.92857],[-74.22879,-42.92863],[-74.22846,-42.92874],[-74.22809,-42.9289],[-74.22776,-42.92907],[-74.2276,-42.92909],[-74.22733,-42.9291],[-74.227293,-42.929105],[-74.22712,-42.92913],[-74.22697,-42.92918],[-74.22685,-42.92929],[-74.22669,-42.92942],[-74.22658,-42.92948],[-74.22643,-42.92948],[-74.22628,-42.92944],[-74.22605,-42.92935],[-74.22576,-42.92933],[-74.22562,-42.9294],[-74.2254,-42.92951],[-74.22522,-42.92952],[-74.22507,-42.92951],[-74.22489,-42.92945],[-74.2247,-42.92934],[-74.22403,-42.92871],[-74.22393,-42.92869],[-74.22377,-42.9287],[-74.22354,-42.92877],[-74.22319,-42.92913],[-74.22313,-42.92931],[-74.22312,-42.92956],[-74.22319,-42.92982],[-74.22319,-42.92996],[-74.22315,-42.93004],[-74.22304,-42.93007],[-74.22291,-42.93008],[-74.22241,-42.92993],[-74.22186,-42.92951],[-74.22177,-42.92947],[-74.22166,-42.92947],[-74.22148,-42.92951],[-74.22131,-42.92963],[-74.22123,-42.92978],[-74.22123,-42.93003],[-74.22126,-42.93045],[-74.22118,-42.93052],[-74.22099,-42.93061],[-74.22085,-42.93064],[-74.22065,-42.93067],[-74.22041,-42.93065],[-74.21989,-42.93046],[-74.21925,-42.93013],[-74.218991,-42.929918],[-74.21848,-42.9295],[-74.218,-42.92921],[-74.21754,-42.92889],[-74.21726,-42.92883],[-74.21691,-42.92881],[-74.21663,-42.92884],[-74.21648,-42.92884],[-74.216,-42.92865],[-74.21584,-42.92865],[-74.21555,-42.92872],[-74.21482,-42.92912],[-74.21455,-42.92923],[-74.21417,-42.92933],[-74.21332,-42.92957],[-74.21286,-42.9298],[-74.21231,-42.93019],[-74.21182,-42.9304],[-74.21156,-42.93053],[-74.21096,-42.93095],[-74.21045,-42.93138],[-74.21015,-42.93164],[-74.20983,-42.93209],[-74.20939,-42.93256],[-74.209338,-42.93262],[-74.20912,-42.93287],[-74.20855,-42.93338],[-74.20835,-42.93366],[-74.20824,-42.93377],[-74.20791,-42.9341],[-74.20775,-42.93442],[-74.2074,-42.93485],[-74.20706,-42.93534],[-74.20694,-42.93559],[-74.20693,-42.93601],[-74.20694,-42.93616],[-74.20695,-42.93639],[-74.20709,-42.93668],[-74.20731,-42.93698],[-74.20771,-42.93732],[-74.20803,-42.93761],[-74.20858,-42.93797],[-74.20908,-42.93821],[-74.210073,-42.938574],[-74.21009,-42.93858],[-74.21092,-42.93884],[-74.21159,-42.93901],[-74.21184,-42.93915],[-74.21206,-42.93941],[-74.21222,-42.93974],[-74.2123,-42.93993],[-74.21231,-42.94028],[-74.2121,-42.94073],[-74.21208,-42.94094],[-74.212176,-42.941126],[-74.21224,-42.94125],[-74.21251,-42.94163],[-74.21259,-42.94178],[-74.21261,-42.94202],[-74.21238,-42.94245],[-74.21211,-42.94267],[-74.21187,-42.94275],[-74.21174,-42.94273],[-74.21157,-42.94267],[-74.21127,-42.94247],[-74.21118,-42.94244],[-74.21109,-42.94243],[-74.21086,-42.94249],[-74.21059,-42.94274],[-74.21049,-42.94293],[-74.2104,-42.94306],[-74.21026,-42.94317],[-74.21009,-42.94318],[-74.20963,-42.94315],[-74.20946,-42.94323],[-74.20927,-42.94352],[-74.2092,-42.9438],[-74.20912,-42.94433],[-74.20901,-42.94458],[-74.20872,-42.94487],[-74.20816,-42.9454],[-74.20785,-42.94569],[-74.20768,-42.94576],[-74.20756,-42.94577],[-74.20744,-42.94577],[-74.20724,-42.94573],[-74.2069,-42.94559],[-74.20672,-42.94558],[-74.20655,-42.94562],[-74.20642,-42.94564],[-74.20628,-42.9456],[-74.20578,-42.94545],[-74.20564,-42.94546],[-74.20555,-42.94553],[-74.20543,-42.94574],[-74.20544,-42.94596],[-74.20539,-42.94619],[-74.20533,-42.94628],[-74.20516,-42.94646],[-74.20493,-42.94663],[-74.20483,-42.94689],[-74.204745,-42.947243],[-74.2047,-42.94743],[-74.20477,-42.94804],[-74.20486,-42.94838],[-74.20542,-42.94914],[-74.205647,-42.949414],[-74.204206,-42.952942],[-74.205903,-42.954353],[-74.20581,-42.95457],[-74.20565,-42.95502],[-74.20545,-42.95528],[-74.20523,-42.95548],[-74.20478,-42.95579],[-74.20441,-42.95597],[-74.20414,-42.9569],[-74.20407,-42.95725],[-74.20402,-42.95754],[-74.20418,-42.95791],[-74.20431,-42.95818],[-74.20433,-42.95886],[-74.20433,-42.95932],[-74.20434,-42.95999],[-74.20431,-42.96046],[-74.20427,-42.96126],[-74.204261,-42.961317],[-74.20421,-42.96163],[-74.20414,-42.962],[-74.20414,-42.96229],[-74.20428,-42.96292],[-74.20448,-42.96385],[-74.20464,-42.96421],[-74.20468,-42.9644],[-74.20468,-42.9646],[-74.20468,-42.96474],[-74.20662,-42.96817],[-74.20681,-42.9685],[-74.20699,-42.96904],[-74.207028,-42.969119],[-74.2071,-42.96927],[-74.2077,-42.96993],[-74.20838,-42.97081],[-74.20887,-42.97149],[-74.20959,-42.97215],[-74.21051,-42.97289],[-74.21063,-42.97298],[-74.21131,-42.97341],[-74.211886,-42.973719],[-74.21282,-42.97422],[-74.21363,-42.97466],[-74.21393,-42.97487],[-74.21519,-42.97581],[-74.21559,-42.97604],[-74.21613,-42.97632],[-74.21646,-42.97649],[-74.21678,-42.97654],[-74.21714,-42.97662],[-74.2181,-42.97687],[-74.21843,-42.97689],[-74.2188,-42.97688],[-74.21934,-42.97699],[-74.22029,-42.97722],[-74.22099,-42.97738],[-74.221165,-42.977394],[-74.22136,-42.97741],[-74.22198,-42.97746],[-74.22244,-42.97755],[-74.22365,-42.97787],[-74.22393,-42.97797],[-74.22413,-42.97804],[-74.22428,-42.97802],[-74.2245,-42.97798],[-74.22475,-42.9779],[-74.22495,-42.9779],[-74.22538,-42.97807],[-74.22556,-42.97815],[-74.22572,-42.97817],[-74.2261,-42.97808],[-74.22629,-42.97807],[-74.22655,-42.97808],[-74.2268,-42.97818],[-74.22709,-42.97833],[-74.22737,-42.97842],[-74.22758,-42.97844],[-74.22787,-42.97843],[-74.22832,-42.9783],[-74.22855,-42.97817],[-74.22873,-42.97812],[-74.22894,-42.97809],[-74.22926,-42.97813],[-74.22949,-42.97826],[-74.22955,-42.9783],[-74.23004,-42.97861],[-74.2303,-42.97873],[-74.23068,-42.97891],[-74.23093,-42.97895],[-74.231319,-42.978934],[-74.23165,-42.97892],[-74.23199,-42.97898],[-74.23272,-42.97922],[-74.23329,-42.97942],[-74.23389,-42.97969],[-74.23409,-42.97973],[-74.23463,-42.97972],[-74.23488,-42.97986],[-74.23515,-42.98012],[-74.23551,-42.98027],[-74.23654,-42.98056],[-74.23696,-42.98065],[-74.23786,-42.98068],[-74.23877,-42.98072],[-74.2395,-42.98068],[-74.23977,-42.98071],[-74.24026,-42.9808],[-74.24049,-42.9809],[-74.24064,-42.98105],[-74.24087,-42.98111],[-74.241174,-42.981208],[-74.24118,-42.98121],[-74.24141,-42.98134],[-74.24157,-42.98134],[-74.2418,-42.98134],[-74.24201,-42.98134],[-74.24214,-42.98147],[-74.24222,-42.98162],[-74.24234,-42.98169],[-74.24244,-42.98169],[-74.24261,-42.98165],[-74.24267,-42.98156],[-74.24276,-42.98147],[-74.24289,-42.98143],[-74.24306,-42.98153],[-74.24327,-42.98195],[-74.24347,-42.98207],[-74.24366,-42.98222],[-74.24381,-42.98242],[-74.24414,-42.98265],[-74.24432,-42.98283],[-74.24448,-42.98306],[-74.24452,-42.9832],[-74.24451,-42.98334],[-74.24445,-42.98346],[-74.24436,-42.98352],[-74.24425,-42.98352],[-74.2441,-42.98353],[-74.24403,-42.98354],[-74.24398,-42.98371],[-74.24398,-42.98379],[-74.24397,-42.98403],[-74.24388,-42.98419],[-74.24377,-42.98437],[-74.24368,-42.9845],[-74.24333,-42.98471],[-74.24328,-42.98484],[-74.24326,-42.98507],[-74.24314,-42.985287],[-74.24311,-42.98534],[-74.24304,-42.98559],[-74.24306,-42.98573],[-74.24329,-42.98604],[-74.2436,-42.98619],[-74.24378,-42.98636],[-74.24387,-42.98649],[-74.24389,-42.98663],[-74.24397,-42.98675],[-74.24418,-42.98686],[-74.244257,-42.986869],[-74.24436,-42.98688],[-74.24471,-42.98687],[-74.24493,-42.98678],[-74.24524,-42.98659],[-74.24544,-42.98655],[-74.2456,-42.9866],[-74.24587,-42.98688],[-74.24624,-42.98713],[-74.24645,-42.98725],[-74.24658,-42.98725],[-74.24686,-42.9872],[-74.24717,-42.98724],[-74.24738,-42.98723],[-74.24769,-42.98715],[-74.2479,-42.98696],[-74.24802,-42.98666],[-74.24804,-42.98624],[-74.24814,-42.98618],[-74.24829,-42.98616],[-74.24854,-42.98637],[-74.24904,-42.98655],[-74.24914,-42.98666],[-74.24919,-42.9869],[-74.24936,-42.98705],[-74.24956,-42.98711],[-74.2498,-42.98713],[-74.25042,-42.9871],[-74.25057,-42.98716],[-74.25105,-42.98743],[-74.25182,-42.98786],[-74.25202,-42.98789],[-74.25221,-42.98781],[-74.2524,-42.98774],[-74.25256,-42.98775],[-74.25276,-42.98789],[-74.2529,-42.98802],[-74.25305,-42.9881],[-74.2532,-42.98806],[-74.25335,-42.98794],[-74.2535,-42.98793],[-74.25364,-42.98798],[-74.25385,-42.98818],[-74.25396,-42.98856],[-74.25408,-42.98866],[-74.25424,-42.98864],[-74.25433,-42.98855],[-74.254252,-42.988364],[-74.254387,-42.988477],[-74.255876,-42.988162],[-74.25589,-42.98817],[-74.25621,-42.98858],[-74.2568,-42.98905],[-74.25697,-42.98907],[-74.25707,-42.98899],[-74.25704,-42.98887],[-74.25684,-42.98871],[-74.25677,-42.98859],[-74.25677,-42.98846],[-74.25689,-42.98828],[-74.25706,-42.98822],[-74.25725,-42.98831],[-74.25728,-42.98852],[-74.25731,-42.98865],[-74.25746,-42.98874],[-74.25764,-42.98876],[-74.25782,-42.98881],[-74.25795,-42.98884],[-74.25809,-42.98898],[-74.25812,-42.98918],[-74.25819,-42.98933],[-74.25829,-42.98936],[-74.25849,-42.98942],[-74.25859,-42.98953],[-74.2587,-42.98998],[-74.2589,-42.99012],[-74.25903,-42.9902],[-74.25932,-42.99022],[-74.26012,-42.99019],[-74.26034,-42.99025],[-74.26071,-42.99047],[-74.26086,-42.99073],[-74.26102,-42.99085],[-74.26125,-42.99098],[-74.26141,-42.99099],[-74.26154,-42.99097],[-74.26164,-42.99091],[-74.26176,-42.99079],[-74.26183,-42.99069],[-74.26197,-42.99064],[-74.26222,-42.99064],[-74.2624,-42.99068],[-74.26256,-42.99079],[-74.26281,-42.99115],[-74.26296,-42.99133],[-74.26312,-42.99152],[-74.26318,-42.99176],[-74.2631,-42.99193],[-74.26294,-42.99202],[-74.26282,-42.99201],[-74.26263,-42.99187],[-74.26235,-42.99165],[-74.2622,-42.99165],[-74.26208,-42.99176],[-74.26196,-42.99206],[-74.26188,-42.99223],[-74.26171,-42.99235],[-74.26155,-42.99234],[-74.26148,-42.9921],[-74.2614,-42.99194],[-74.26127,-42.99192],[-74.26105,-42.99205],[-74.26086,-42.9924],[-74.26073,-42.99255],[-74.26059,-42.99256],[-74.26038,-42.99247],[-74.26021,-42.99226],[-74.26011,-42.99218],[-74.25991,-42.99216],[-74.25956,-42.99227],[-74.25931,-42.99232],[-74.25913,-42.99231],[-74.2588,-42.99219],[-74.25865,-42.99218],[-74.25848,-42.9922],[-74.25801,-42.99244],[-74.25771,-42.99255],[-74.25716,-42.99264],[-74.25657,-42.9928],[-74.25645,-42.99297],[-74.25641,-42.99317],[-74.25652,-42.99333],[-74.25682,-42.99368],[-74.25688,-42.99385],[-74.2568,-42.99398],[-74.25662,-42.99407],[-74.25646,-42.9941],[-74.25634,-42.99406],[-74.25559,-42.99366],[-74.25542,-42.99363],[-74.25517,-42.99363],[-74.25455,-42.99343],[-74.25432,-42.9934],[-74.25409,-42.99344],[-74.25372,-42.99358],[-74.253436,-42.993832],[-74.2531,-42.99413],[-74.2527,-42.99453],[-74.25266,-42.99465],[-74.25271,-42.99477],[-74.25316,-42.99526],[-74.2532,-42.99543],[-74.25313,-42.99569],[-74.25265,-42.99617],[-74.25219,-42.99696],[-74.25197,-42.99726],[-74.25183,-42.99734],[-74.25167,-42.99742],[-74.25096,-42.99733],[-74.25071,-42.99736],[-74.25054,-42.99754],[-74.25046,-42.99798],[-74.2504,-42.99858],[-74.25023,-42.99916],[-74.25018,-42.99947],[-74.25023,-42.99966],[-74.25035,-42.99988],[-74.250512,-43.0],[-74.25058,-43.00005],[-74.25187,-43.00041],[-74.25208,-43.00045],[-74.25228,-43.00053],[-74.25244,-43.00065],[-74.25251,-43.00086],[-74.25251,-43.00105],[-74.25249,-43.00122],[-74.25231,-43.00145],[-74.252208,-43.001525],[-74.25178,-43.00184],[-74.25162,-43.00208],[-74.25156,-43.00247],[-74.25162,-43.00291],[-74.25185,-43.00335],[-74.25199,-43.00355],[-74.25201,-43.00372],[-74.25198,-43.00404],[-74.25192,-43.00428],[-74.25184,-43.00434],[-74.2517,-43.00436],[-74.25154,-43.00428],[-74.25136,-43.00404],[-74.25122,-43.00385],[-74.25073,-43.00378],[-74.24985,-43.0037],[-74.24965,-43.00366],[-74.24941,-43.00362],[-74.24901,-43.00367],[-74.24825,-43.00378],[-74.248148,-43.003775],[-74.24759,-43.00375],[-74.24719,-43.00381],[-74.24704,-43.00392],[-74.24697,-43.00404],[-74.246925,-43.004074],[-74.24679,-43.004185],[-74.246705,-43.00427],[-74.24661,-43.004425],[-74.24658,-43.00451],[-74.24647,-43.00483],[-74.24645,-43.00489],[-74.24644,-43.004965],[-74.24646,-43.0052],[-74.246488,-43.005295],[-74.24657,-43.00542],[-74.24672,-43.00566],[-74.246765,-43.00572],[-74.24685,-43.00583],[-74.24717,-43.006171],[-74.24731,-43.00632],[-74.24739,-43.0064],[-74.248265,-43.00716],[-74.248325,-43.00723],[-74.24835,-43.00732],[-74.24839,-43.00761],[-74.2484,-43.00768],[-74.248383,-43.007737],[-74.248283,-43.007858],[-74.2482,-43.00791],[-74.248189,-43.007917],[-74.246896,-43.006843],[-74.246065,-43.007019],[-74.246,-43.00693],[-74.245948,-43.006863],[-74.2459,-43.00657],[-74.245885,-43.006495],[-74.24585,-43.00641],[-74.245795,-43.006305],[-74.245717,-43.006235],[-74.24563,-43.00614],[-74.24526,-43.00581],[-74.24519,-43.00574],[-74.24497,-43.00551],[-74.244907,-43.00546],[-74.244818,-43.005427],[-74.24474,-43.0054],[-74.24455,-43.00539],[-74.24448,-43.00539],[-74.24441,-43.00539],[-74.24424,-43.0054],[-74.24418,-43.0054],[-74.24411,-43.00539],[-74.24404,-43.00538],[-74.243966,-43.005351],[-74.24391,-43.00529],[-74.24378,-43.00511],[-74.243735,-43.00503],[-74.24372,-43.00496],[-74.243658,-43.004575],[-74.2436,-43.00451],[-74.243535,-43.004425],[-74.24348,-43.00438],[-74.24328,-43.00425],[-74.2432,-43.004225],[-74.24313,-43.00421],[-74.24297,-43.00421],[-74.2429,-43.004223],[-74.24284,-43.00425],[-74.24261,-43.00438],[-74.24255,-43.00442],[-74.2425,-43.00448],[-74.24239,-43.00458],[-74.24232,-43.00464],[-74.24209,-43.0048],[-74.242028,-43.00484],[-74.24194,-43.004865],[-74.241813,-43.004927],[-74.24173,-43.00495],[-74.2414,-43.00499],[-74.24131,-43.00499],[-74.24123,-43.004965],[-74.24105,-43.00484],[-74.241017,-43.004793],[-74.241,-43.00467],[-74.24098,-43.0046],[-74.24093,-43.004455],[-74.24088,-43.004395],[-74.24081,-43.00434],[-74.24064,-43.00421],[-74.24058,-43.00416],[-74.24052,-43.004108],[-74.24044,-43.00409],[-74.24015,-43.00406],[-74.240085,-43.00406],[-74.239995,-43.004065],[-74.23992,-43.00407],[-74.23982,-43.0041],[-74.23946,-43.00419],[-74.23938,-43.004218],[-74.23928,-43.00426],[-74.23861,-43.00462],[-74.238525,-43.004655],[-74.23845,-43.00468],[-74.23838,-43.00469],[-74.23797,-43.00475],[-74.23791,-43.00475],[-74.23784,-43.00476],[-74.23768,-43.00476],[-74.236973,-43.004753],[-74.236963,-43.004745],[-74.236925,-43.004753],[-74.23663,-43.00475],[-74.23653,-43.00475],[-74.2364,-43.00473],[-74.23613,-43.00469],[-74.23607,-43.00468],[-74.23601,-43.00468],[-74.23589,-43.00469],[-74.23544,-43.00471],[-74.23533,-43.00471],[-74.23525,-43.00472],[-74.23519,-43.00473],[-74.23512,-43.00475],[-74.2343,-43.00495],[-74.23421,-43.00496],[-74.23398,-43.005],[-74.23345,-43.00509],[-74.23259,-43.00534],[-74.23209,-43.00559],[-74.23159,-43.00585],[-74.231534,-43.005891],[-74.23106,-43.005991],[-74.230919,-43.006336],[-74.23007,-43.00695],[-74.22915,-43.0077],[-74.22889,-43.00816],[-74.2286,-43.00855],[-74.22824,-43.00901],[-74.22791,-43.00939],[-74.22764,-43.00973],[-74.2273,-43.01019],[-74.2271,-43.01045],[-74.226728,-43.0111],[-74.22503,-43.01407],[-74.22499,-43.01425],[-74.22496,-43.01449],[-74.22487,-43.01472],[-74.22485,-43.01696],[-74.22484,-43.01703],[-74.22479,-43.0174],[-74.22478,-43.01749],[-74.22477,-43.01828],[-74.22477,-43.01843],[-74.22481,-43.01914],[-74.22482,-43.019235],[-74.224819,-43.019252],[-74.22476,-43.02014],[-74.224745,-43.02029],[-74.22473,-43.02036],[-74.22464,-43.02072],[-74.22463,-43.02078],[-74.22462,-43.02085],[-74.2246,-43.02109],[-74.2246,-43.02116],[-74.22461,-43.02122],[-74.224678,-43.021617],[-74.22475,-43.02204],[-74.22491,-43.02268],[-74.22492,-43.02275],[-74.22492,-43.02284],[-74.22482,-43.02384],[-74.22482,-43.02391],[-74.22484,-43.02421],[-74.224853,-43.02427],[-74.22488,-43.02434],[-74.22508,-43.0247],[-74.225125,-43.02477],[-74.22517,-43.02482],[-74.22522,-43.02486],[-74.22541,-43.02501],[-74.22549,-43.025053],[-74.22558,-43.02509],[-74.22583,-43.02518],[-74.22648,-43.0254],[-74.22654,-43.02542],[-74.2266,-43.02544],[-74.22715,-43.0257],[-74.22723,-43.02574],[-74.22728,-43.02577],[-74.22734,-43.02581],[-74.227385,-43.02587],[-74.2274,-43.02594],[-74.22742,-43.02613],[-74.22742,-43.0262],[-74.22741,-43.02628],[-74.22729,-43.0271],[-74.22729,-43.0272],[-74.227287,-43.02745],[-74.227285,-43.02765],[-74.22729,-43.02774],[-74.22735,-43.02805],[-74.22736,-43.02812],[-74.227389,-43.02819],[-74.22741,-43.02824],[-74.22755,-43.02861],[-74.22759,-43.02871],[-74.227957,-43.029441],[-74.228031,-43.029593],[-74.2281,-43.02973],[-74.22814,-43.0298],[-74.22844,-43.03029],[-74.228485,-43.03037],[-74.2285,-43.030435],[-74.22858,-43.03051],[-74.22864,-43.03059],[-74.22874,-43.03079],[-74.22937,-43.03128],[-74.23022,-43.03175],[-74.23108,-43.03206],[-74.23245,-43.03257],[-74.23375,-43.03316],[-74.235713,-43.034237],[-74.23601,-43.0344],[-74.2365,-43.03458],[-74.23728,-43.0348],[-74.23827,-43.03468],[-74.23875,-43.03451],[-74.23923,-43.03435],[-74.24012,-43.03367],[-74.24054,-43.03345],[-74.24099,-43.0333],[-74.24184,-43.03322],[-74.24265,-43.03308],[-74.24334,-43.03284],[-74.2438,-43.03256],[-74.24422,-43.03209],[-74.24454,-43.03192],[-74.24489,-43.03189],[-74.245,-43.03194],[-74.24508,-43.03205],[-74.2451,-43.03218],[-74.24521,-43.03228],[-74.24544,-43.03235],[-74.24565,-43.03237],[-74.24586,-43.03249],[-74.24595,-43.0326],[-74.24599,-43.03276],[-74.24607,-43.03287],[-74.24623,-43.03292],[-74.24646,-43.03291],[-74.24672,-43.03285],[-74.24697,-43.03283],[-74.247084,-43.03283],[-74.2471,-43.03283],[-74.24734,-43.03294],[-74.24735,-43.033],[-74.24734,-43.03314],[-74.24724,-43.03331],[-74.24724,-43.03346],[-74.24738,-43.03368],[-74.24758,-43.03388],[-74.24767,-43.03399],[-74.24764,-43.03405],[-74.24736,-43.03428],[-74.24708,-43.03447],[-74.24699,-43.03461],[-74.24686,-43.03476],[-74.24684,-43.03506],[-74.24691,-43.03532],[-74.24707,-43.0357],[-74.2474,-43.03612],[-74.24758,-43.03641],[-74.24783,-43.03676],[-74.2482,-43.03758],[-74.2486,-43.03805],[-74.24887,-43.03832],[-74.24915,-43.03845],[-74.24964,-43.03853],[-74.25017,-43.03863],[-74.25109,-43.03859],[-74.25228,-43.03827],[-74.25281,-43.03828],[-74.25309,-43.03818],[-74.25364,-43.03787],[-74.2537,-43.03779],[-74.25368,-43.03768],[-74.25341,-43.03707],[-74.25353,-43.03688],[-74.25371,-43.03677],[-74.25393,-43.03677],[-74.25407,-43.03682],[-74.25432,-43.03721],[-74.25458,-43.0379],[-74.25468,-43.03802],[-74.25495,-43.03813],[-74.25515,-43.03813],[-74.2553,-43.03797],[-74.25534,-43.03777],[-74.25527,-43.03727],[-74.25568,-43.03697],[-74.25588,-43.03697],[-74.256135,-43.037106],[-74.25648,-43.03729],[-74.25653,-43.03752],[-74.25612,-43.03809],[-74.25616,-43.0382],[-74.25693,-43.03867],[-74.25702,-43.03897],[-74.25715,-43.03909],[-74.25734,-43.03908],[-74.25754,-43.03887],[-74.2577,-43.0389],[-74.25797,-43.03929],[-74.25839,-43.03959],[-74.2585,-43.03988],[-74.2585,-43.04049],[-74.258302,-43.040894],[-74.25827,-43.04096],[-74.25829,-43.04118],[-74.25843,-43.04136],[-74.2585,-43.04179],[-74.25795,-43.04213],[-74.25783,-43.04233],[-74.25783,-43.04246],[-74.25853,-43.04263],[-74.25873,-43.04288],[-74.25887,-43.04296],[-74.259148,-43.042954],[-74.257689,-43.046532],[-74.261723,-43.049878],[-74.266489,-43.048873],[-74.2665,-43.04888],[-74.2673,-43.04886],[-74.26737,-43.04898],[-74.26737,-43.04922],[-74.2672,-43.04974],[-74.26724,-43.05017],[-74.26717,-43.05056],[-74.2672,-43.05082],[-74.26748,-43.05119],[-74.26788,-43.05153],[-74.26787,-43.05175],[-74.26754,-43.05211],[-74.26745,-43.0523],[-74.26749,-43.05268],[-74.267625,-43.053005],[-74.26847,-43.05368],[-74.26923,-43.05441],[-74.26938,-43.05447],[-74.26977,-43.05445],[-74.27001,-43.05454],[-74.27024,-43.05473],[-74.27042,-43.05468],[-74.27061,-43.05447],[-74.27065,-43.054476],[-74.269795,-43.056571],[-74.270973,-43.057547],[-74.27107,-43.05793],[-74.27121,-43.05798],[-74.271495,-43.05798],[-74.271724,-43.05817],[-74.27119,-43.05832],[-74.27097,-43.05843],[-74.27092,-43.05874],[-74.27098,-43.0589],[-74.2712,-43.05901],[-74.27239,-43.05901],[-74.27274,-43.0592],[-74.27276,-43.0594],[-74.27245,-43.06002],[-74.27238,-43.06042],[-74.27251,-43.06069],[-74.27277,-43.06102],[-74.27315,-43.0613],[-74.273252,-43.06134],[-74.271958,-43.064511],[-74.275996,-43.067858],[-74.274122,-43.072451],[-74.26821,-43.073698],[-74.266336,-43.078291],[-74.270374,-43.081639],[-74.276287,-43.080392],[-74.280326,-43.083739],[-74.28624,-43.082493],[-74.29028,-43.08584],[-74.296195,-43.084592],[-74.297311,-43.081854],[-74.29789,-43.08245],[-74.29886,-43.08305],[-74.30035,-43.08375],[-74.30101,-43.08391],[-74.3023,-43.08397],[-74.30283,-43.08393],[-74.3035,-43.08371],[-74.30458,-43.0833],[-74.30498,-43.08325],[-74.30515,-43.08288],[-74.30544,-43.08226],[-74.30588,-43.08134],[-74.306461,-43.080803],[-74.308024,-43.082096],[-74.306152,-43.086692],[-74.310195,-43.090039],[-74.308322,-43.094634],[-74.302406,-43.095882],[-74.298364,-43.092534],[-74.292448,-43.093782],[-74.290575,-43.098376],[-74.294617,-43.101724],[-74.292743,-43.106319],[-74.296786,-43.109667],[-74.302704,-43.10842],[-74.304577,-43.103825],[-74.310494,-43.102577],[-74.314539,-43.105924],[-74.312666,-43.11052],[-74.316712,-43.113868],[-74.315477,-43.116897],[-74.31515,-43.11671],[-74.31481,-43.11662],[-74.31418,-43.11659],[-74.31368,-43.11666],[-74.31281,-43.11691],[-74.31236,-43.11717],[-74.31143,-43.11807],[-74.31069,-43.11868],[-74.309871,-43.119511],[-74.30892,-43.119712],[-74.308322,-43.121178],[-74.30812,-43.12143],[-74.30773,-43.12184],[-74.30704,-43.12291],[-74.306292,-43.124466],[-74.30606,-43.12495],[-74.30587,-43.12585],[-74.30533,-43.12755],[-74.30528,-43.12796],[-74.30545,-43.12972],[-74.30544,-43.13068],[-74.30563,-43.13186],[-74.30594,-43.1327],[-74.3061,-43.132909],[-74.303299,-43.133499],[-74.301424,-43.138094],[-74.305471,-43.141444],[-74.311392,-43.140197],[-74.31544,-43.143546],[-74.320393,-43.142502],[-74.32076,-43.14263],[-74.32196,-43.14294],[-74.322272,-43.143051],[-74.32238,-43.14309],[-74.32261,-43.1431],[-74.32285,-43.14311],[-74.32286,-43.14283],[-74.32325,-43.1419],[-74.32359,-43.1412],[-74.32349,-43.14033],[-74.32374,-43.13952],[-74.32415,-43.13919],[-74.3246,-43.13895],[-74.3251,-43.13878],[-74.32593,-43.13867],[-74.32668,-43.13869],[-74.3269,-43.13878],[-74.32697,-43.13912],[-74.32682,-43.1395],[-74.32619,-43.1402],[-74.32556,-43.14114],[-74.32478,-43.14206],[-74.32475,-43.14222],[-74.32493,-43.14243],[-74.32527,-43.14269],[-74.32608,-43.14303],[-74.32643,-43.14324],[-74.32698,-43.14381],[-74.32784,-43.14512],[-74.327844,-43.145135],[-74.32813,-43.14611],[-74.32825,-43.14618],[-74.32887,-43.1463],[-74.32943,-43.1465],[-74.33016,-43.14666],[-74.33077,-43.14667],[-74.33106,-43.14665],[-74.33195,-43.14647],[-74.33253,-43.14646],[-74.33299,-43.14634],[-74.33324,-43.14621],[-74.333351,-43.146068],[-74.33346,-43.14593],[-74.33358,-43.14559],[-74.33356,-43.14512],[-74.33343,-43.14458],[-74.33345,-43.14415],[-74.33381,-43.14366],[-74.33561,-43.14231],[-74.33579,-43.14213],[-74.33606,-43.14167],[-74.3363,-43.14143],[-74.33658,-43.14135],[-74.33749,-43.14123],[-74.33817,-43.14104],[-74.33839,-43.14106],[-74.3387,-43.14122],[-74.33929,-43.14182],[-74.33941,-43.14209],[-74.3393,-43.14316],[-74.33937,-43.14351],[-74.33956,-43.14385],[-74.33998,-43.14418],[-74.34108,-43.14476],[-74.34188,-43.14507],[-74.341887,-43.145075],[-74.341306,-43.1465],[-74.345358,-43.149849],[-74.346444,-43.14962],[-74.34695,-43.1499],[-74.34793,-43.15014],[-74.34812,-43.15026],[-74.34822,-43.15045],[-74.34834,-43.1505],[-74.34837,-43.15058],[-74.34825,-43.15071],[-74.3479,-43.15078],[-74.34782,-43.15084],[-74.3478,-43.15112],[-74.34793,-43.15148],[-74.34884,-43.15213],[-74.349,-43.15231],[-74.34925,-43.15287],[-74.34934,-43.15294],[-74.34969,-43.15305],[-74.34997,-43.15323],[-74.35061,-43.15399],[-74.35062,-43.15418],[-74.35023,-43.15473],[-74.35024,-43.15509],[-74.35078,-43.15586],[-74.351256,-43.157011],[-74.35145,-43.15748],[-74.35203,-43.15827],[-74.35235,-43.15882],[-74.35247,-43.15915],[-74.35264,-43.16009],[-74.35305,-43.16141],[-74.35305,-43.16225],[-74.35332,-43.16398],[-74.35328,-43.16494],[-74.353289,-43.16499],[-74.3534,-43.16562],[-74.35338,-43.16586],[-74.35313,-43.16658],[-74.35314,-43.16748],[-74.35325,-43.1677],[-74.35336,-43.16791],[-74.35367,-43.16832],[-74.35385,-43.16865],[-74.35399,-43.1693],[-74.35383,-43.16979],[-74.35323,-43.17044],[-74.35307,-43.1707],[-74.353,-43.17095],[-74.353,-43.17136],[-74.35321,-43.1716],[-74.35342,-43.17184],[-74.35422,-43.17245],[-74.35434,-43.17256],[-74.35445,-43.17268],[-74.35487,-43.17285],[-74.355392,-43.172954],[-74.35547,-43.17297],[-74.35619,-43.17298],[-74.35675,-43.17292],[-74.35786,-43.172468],[-74.35842,-43.17224],[-74.35888,-43.17212],[-74.35994,-43.17209],[-74.36041,-43.17221],[-74.36089,-43.17255],[-74.3612,-43.17292],[-74.36126,-43.17315],[-74.36125,-43.17349],[-74.36082,-43.17446],[-74.360614,-43.174744],[-74.35979,-43.17588],[-74.35961,-43.17628],[-74.35964,-43.17735],[-74.36018,-43.17862],[-74.36032,-43.17942],[-74.360295,-43.17969],[-74.36001,-43.180389],[-74.360203,-43.180549],[-74.35972,-43.18219],[-74.35983,-43.18308],[-74.36011,-43.18402],[-74.36086,-43.18514],[-74.36186,-43.18627],[-74.362737,-43.187005],[-74.362194,-43.188338],[-74.363936,-43.189776],[-74.36403,-43.18997],[-74.364548,-43.190282],[-74.366043,-43.191517],[-74.366225,-43.191751],[-74.364379,-43.196287],[-74.358449,-43.197536],[-74.356576,-43.202134],[-74.360633,-43.205485],[-74.366564,-43.204237],[-74.370623,-43.207587],[-74.36875,-43.212187],[-74.372809,-43.215538],[-74.377631,-43.214523],[-74.37768,-43.2155],[-74.37756,-43.21646],[-74.37733,-43.21699],[-74.37703,-43.2172],[-74.37657,-43.21734],[-74.37588,-43.21769],[-74.37554,-43.21803],[-74.3753,-43.21859],[-74.37471,-43.21962],[-74.37453,-43.22025],[-74.37456,-43.2205],[-74.37492,-43.22117],[-74.37578,-43.22202],[-74.37623,-43.22236],[-74.377341,-43.222995],[-74.37756,-43.22312],[-74.37812,-43.22349],[-74.37871,-43.22405],[-74.37931,-43.22462],[-74.38004,-43.22523],[-74.38053,-43.2255],[-74.38101,-43.22576],[-74.38364,-43.22703],[-74.384317,-43.227249],[-74.38312,-43.230191],[-74.387182,-43.233542],[-74.38531,-43.238143],[-74.389373,-43.241494],[-74.3875,-43.246095],[-74.381564,-43.247343],[-74.379691,-43.251944],[-74.383755,-43.255296],[-74.381881,-43.259897],[-74.385946,-43.263249],[-74.384072,-43.26785],[-74.378134,-43.269098],[-74.37407,-43.265745],[-74.368132,-43.266992],[-74.366257,-43.271592],[-74.360319,-43.272839],[-74.356256,-43.269485],[-74.350319,-43.270732],[-74.348443,-43.275331],[-74.352505,-43.278685],[-74.350629,-43.283284],[-74.354692,-43.286638],[-74.360631,-43.285392]],[[-74.304701,-43.276089],[-74.310638,-43.274846],[-74.312516,-43.270248],[-74.308459,-43.266894],[-74.310338,-43.262297],[-74.306281,-43.258943],[-74.300347,-43.260186],[-74.298468,-43.264784],[-74.292533,-43.266026],[-74.290654,-43.270623],[-74.294709,-43.273978],[-74.300645,-43.272735],[-74.304701,-43.276089]],[[-74.08201,-43.263734],[-74.086043,-43.267092],[-74.091969,-43.265861],[-74.093862,-43.261273],[-74.089829,-43.257915],[-74.091721,-43.253327],[-74.087689,-43.24997],[-74.081765,-43.251201],[-74.077734,-43.247844],[-74.071811,-43.249074],[-74.069917,-43.253662],[-74.073947,-43.257019],[-74.079872,-43.255789],[-74.083903,-43.259146],[-74.08201,-43.263734]],[[-74.23555,-43.206532],[-74.239594,-43.209885],[-74.245521,-43.208644],[-74.247401,-43.204049],[-74.253327,-43.202808],[-74.255207,-43.198213],[-74.251161,-43.194861],[-74.245237,-43.196103],[-74.241192,-43.192751],[-74.235268,-43.193992],[-74.233387,-43.198586],[-74.237431,-43.201938],[-74.23555,-43.206532]],[[-74.254186,-43.240436],[-74.248255,-43.241677],[-74.246374,-43.246271],[-74.250422,-43.249626],[-74.24854,-43.254221],[-74.242609,-43.255461],[-74.240726,-43.260056],[-74.244776,-43.263411],[-74.250708,-43.26217],[-74.254759,-43.265525],[-74.260692,-43.264285],[-74.262573,-43.259689],[-74.258522,-43.256335],[-74.260404,-43.251739],[-74.256353,-43.248385],[-74.258235,-43.24379],[-74.254186,-43.240436]],[[-74.152078,-43.198797],[-74.158,-43.197561],[-74.159886,-43.19297],[-74.155851,-43.189617],[-74.14993,-43.190853],[-74.145897,-43.187499],[-74.147783,-43.18291],[-74.143751,-43.179556],[-74.145637,-43.174966],[-74.141605,-43.171613],[-74.143491,-43.167024],[-74.13946,-43.163671],[-74.133543,-43.164907],[-74.131657,-43.169496],[-74.135687,-43.172849],[-74.1338,-43.177439],[-74.137832,-43.180792],[-74.135945,-43.185382],[-74.130026,-43.186617],[-74.125995,-43.183263],[-74.120076,-43.184498],[-74.118188,-43.189087],[-74.122219,-43.192441],[-74.128138,-43.191206],[-74.13217,-43.19456],[-74.13809,-43.193325],[-74.142123,-43.196679],[-74.140236,-43.201269],[-74.134315,-43.202504],[-74.132427,-43.207094],[-74.126506,-43.208328],[-74.124617,-43.212918],[-74.12865,-43.216273],[-74.134572,-43.215038],[-74.138607,-43.218393],[-74.14453,-43.217158],[-74.146417,-43.212568],[-74.15234,-43.211332],[-74.154227,-43.206742],[-74.150192,-43.203387],[-74.152078,-43.198797]],[[-74.276319,-43.25261],[-74.280372,-43.255964],[-74.286305,-43.254722],[-74.288184,-43.250125],[-74.294117,-43.248882],[-74.298171,-43.252236],[-74.304104,-43.250992],[-74.305983,-43.246395],[-74.301928,-43.243042],[-74.303806,-43.238444],[-74.299752,-43.235092],[-74.293821,-43.236335],[-74.291942,-43.240932],[-74.286011,-43.242175],[-74.284131,-43.246771],[-74.278199,-43.248014],[-74.274147,-43.24466],[-74.268216,-43.245902],[-74.266335,-43.250498],[-74.270387,-43.253852],[-74.276319,-43.25261]],[[-73.707979,-43.265435],[-73.709897,-43.260862],[-73.705905,-43.257499],[-73.699996,-43.258707],[-73.698078,-43.263279],[-73.702069,-43.266643],[-73.707979,-43.265435]],[[-73.747437,-43.261539],[-73.745522,-43.266114],[-73.749518,-43.269477],[-73.747602,-43.274051],[-73.751599,-43.277415],[-73.757513,-43.276204],[-73.759428,-43.271629],[-73.75543,-43.268266],[-73.757345,-43.263691],[-73.753349,-43.260328],[-73.747437,-43.261539]],[[-73.787256,-43.282658],[-73.78134,-43.283871],[-73.779426,-43.288447],[-73.783428,-43.29181],[-73.789344,-43.290598],[-73.791258,-43.286022],[-73.787256,-43.282658]],[[-73.758996,-43.091957],[-73.764889,-43.09074],[-73.766797,-43.086168],[-73.762812,-43.082812],[-73.75692,-43.084028],[-73.755012,-43.088601],[-73.758996,-43.091957]],[[-73.780833,-43.104165],[-73.778926,-43.108739],[-73.782914,-43.112096],[-73.78881,-43.110878],[-73.790717,-43.106304],[-73.786729,-43.102948],[-73.780833,-43.104165]],[[-73.747046,-43.081888],[-73.752937,-43.080672],[-73.754846,-43.0761],[-73.750863,-43.072745],[-73.744973,-43.073961],[-73.743064,-43.078532],[-73.747046,-43.081888]],[[-73.915081,-42.871434],[-73.911097,-42.868089],[-73.905223,-42.869319],[-73.903331,-42.873895],[-73.907315,-42.87724],[-73.91319,-42.87601],[-73.915081,-42.871434]],[[-74.094422,-43.089219],[-74.092535,-43.093806],[-74.096556,-43.097157],[-74.102464,-43.095921],[-74.10435,-43.091334],[-74.100329,-43.087983],[-74.094422,-43.089219]],[[-74.124823,-43.028355],[-74.12294,-43.032942],[-74.12696,-43.03629],[-74.125077,-43.040877],[-74.119174,-43.042116],[-74.117291,-43.046703],[-74.111388,-43.047941],[-74.109504,-43.052527],[-74.103601,-43.053765],[-74.101717,-43.058351],[-74.105736,-43.0617],[-74.103851,-43.066287],[-74.10787,-43.069637],[-74.113775,-43.068399],[-74.11566,-43.063812],[-74.121565,-43.062575],[-74.123448,-43.057987],[-74.129353,-43.056749],[-74.131235,-43.052161],[-74.137139,-43.050922],[-74.141162,-43.054271],[-74.139279,-43.058859],[-74.143302,-43.062208],[-74.149208,-43.060968],[-74.153232,-43.064317],[-74.159139,-43.063077],[-74.16102,-43.058488],[-74.166926,-43.057247],[-74.168806,-43.052658],[-74.164781,-43.04931],[-74.158876,-43.050551],[-74.154852,-43.047203],[-74.156733,-43.042615],[-74.15271,-43.039267],[-74.154591,-43.034679],[-74.160494,-43.033438],[-74.162374,-43.028849],[-74.158351,-43.025502],[-74.152449,-43.026743],[-74.148428,-43.023396],[-74.150308,-43.018808],[-74.146288,-43.015461],[-74.140387,-43.016702],[-74.136368,-43.013355],[-74.130468,-43.014595],[-74.128587,-43.019182],[-74.122686,-43.020421],[-74.120804,-43.025008],[-74.124823,-43.028355]],[[-74.156519,-42.937858],[-74.152504,-42.934515],[-74.146612,-42.935758],[-74.144734,-42.940344],[-74.148749,-42.943688],[-74.154642,-42.942445],[-74.156519,-42.937858]],[[-74.147971,-42.90614],[-74.153859,-42.904896],[-74.155735,-42.900309],[-74.151723,-42.896967],[-74.145835,-42.898211],[-74.143959,-42.902797],[-74.147971,-42.90614]],[[-74.223282,-43.011827],[-74.219254,-43.008482],[-74.213351,-43.009727],[-74.209325,-43.006381],[-74.203423,-43.007626],[-74.201546,-43.012215],[-74.195644,-43.013459],[-74.191619,-43.010113],[-74.193496,-43.005524],[-74.189472,-43.002178],[-74.183571,-43.003422],[-74.181693,-43.00801],[-74.175792,-43.009253],[-74.173914,-43.013842],[-74.177937,-43.017188],[-74.176058,-43.021777],[-74.180083,-43.025124],[-74.185986,-43.023881],[-74.190011,-43.027228],[-74.195915,-43.025985],[-74.197792,-43.021395],[-74.203696,-43.020151],[-74.205572,-43.015561],[-74.211475,-43.014317],[-74.215503,-43.017663],[-74.221406,-43.016418],[-74.223282,-43.011827]],[[-74.23565,-43.034393],[-74.229744,-43.035638],[-74.227868,-43.040229],[-74.221961,-43.041474],[-74.220085,-43.046065],[-74.214178,-43.047309],[-74.212301,-43.0519],[-74.216331,-43.055247],[-74.222239,-43.054003],[-74.224115,-43.049412],[-74.230023,-43.048167],[-74.234055,-43.051514],[-74.239963,-43.050269],[-74.243996,-43.053616],[-74.249905,-43.05237],[-74.25178,-43.047778],[-74.247747,-43.044432],[-74.241839,-43.045677],[-74.237806,-43.042331],[-74.239681,-43.037739],[-74.23565,-43.034393]],[[-74.219808,-43.033536],[-74.215779,-43.03019],[-74.209874,-43.031434],[-74.207997,-43.036025],[-74.212025,-43.039371],[-74.217931,-43.038127],[-74.219808,-43.033536]],[[-74.159706,-42.995869],[-74.161585,-42.991281],[-74.157565,-42.987936],[-74.151667,-42.989177],[-74.149788,-42.993765],[-74.14389,-42.995006],[-74.14201,-42.999593],[-74.146029,-43.00294],[-74.151928,-43.001698],[-74.155948,-43.005045],[-74.154068,-43.009633],[-74.158089,-43.012979],[-74.156209,-43.017567],[-74.160231,-43.020914],[-74.166133,-43.019673],[-74.168012,-43.015084],[-74.16399,-43.011738],[-74.165869,-43.007149],[-74.161848,-43.003803],[-74.163727,-42.999215],[-74.159706,-42.995869]],[[-73.882705,-42.936723],[-73.8846,-42.932148],[-73.880615,-42.9288],[-73.874735,-42.930027],[-73.87284,-42.934602],[-73.876825,-42.937951],[-73.874929,-42.942526],[-73.878915,-42.945874],[-73.877019,-42.95045],[-73.871137,-42.951676],[-73.867152,-42.948327],[-73.869048,-42.943752],[-73.865063,-42.940404],[-73.86696,-42.935829],[-73.862976,-42.932481],[-73.857096,-42.933707],[-73.8552,-42.938281],[-73.84932,-42.939507],[-73.847422,-42.944081],[-73.851405,-42.94743],[-73.857286,-42.946205],[-73.86127,-42.949554],[-73.859374,-42.954128],[-73.853492,-42.955354],[-73.849508,-42.952004],[-73.843627,-42.953229],[-73.841729,-42.957803],[-73.845712,-42.961153],[-73.851594,-42.959928],[-73.855579,-42.963278],[-73.861461,-42.962053],[-73.865447,-42.965402],[-73.871331,-42.964176],[-73.875318,-42.967526],[-73.873421,-42.972101],[-73.867537,-42.973327],[-73.865639,-42.977902],[-73.869627,-42.981252],[-73.867729,-42.985828],[-73.871718,-42.989178],[-73.86982,-42.993754],[-73.873809,-42.997105],[-73.879696,-42.995879],[-73.883687,-42.99923],[-73.889575,-42.998004],[-73.893566,-43.001354],[-73.899455,-43.000128],[-73.903448,-43.003478],[-73.901552,-43.008055],[-73.905545,-43.011406],[-73.903649,-43.015983],[-73.907643,-43.019334],[-73.913535,-43.018108],[-73.91543,-43.01353],[-73.911435,-43.010179],[-73.913331,-43.005601],[-73.909337,-43.002251],[-73.911232,-42.997673],[-73.907239,-42.994323],[-73.909134,-42.989746],[-73.915022,-42.988518],[-73.916917,-42.983941],[-73.912924,-42.980591],[-73.907037,-42.981819],[-73.903045,-42.97847],[-73.90494,-42.973893],[-73.910826,-42.972665],[-73.914818,-42.976014],[-73.920705,-42.974785],[-73.922598,-42.970208],[-73.918606,-42.966859],[-73.9205,-42.962282],[-73.916508,-42.958933],[-73.918401,-42.954356],[-73.924286,-42.953127],[-73.926178,-42.948549],[-73.922187,-42.945201],[-73.92408,-42.940624],[-73.920089,-42.937276],[-73.914207,-42.938506],[-73.910218,-42.935158],[-73.904336,-42.936387],[-73.902443,-42.940963],[-73.896561,-42.942192],[-73.894666,-42.946768],[-73.888784,-42.947996],[-73.884797,-42.944647],[-73.886692,-42.940071],[-73.882705,-42.936723]],[[-73.936901,-42.883582],[-73.942779,-42.88235],[-73.944668,-42.877773],[-73.94068,-42.874428],[-73.934804,-42.87566],[-73.932914,-42.880237],[-73.936901,-42.883582]],[[-73.97028,-42.880762],[-73.974271,-42.884107],[-73.98015,-42.882873],[-73.982036,-42.878294],[-73.987915,-42.877059],[-73.989801,-42.87248],[-73.995679,-42.871244],[-73.997564,-42.866665],[-73.993571,-42.863321],[-73.995456,-42.858742],[-73.991464,-42.855399],[-73.993349,-42.85082],[-73.989358,-42.847477],[-73.983483,-42.848713],[-73.981598,-42.853292],[-73.985588,-42.856635],[-73.983703,-42.861214],[-73.987694,-42.864557],[-73.985808,-42.869136],[-73.979931,-42.870371],[-73.97594,-42.867027],[-73.970063,-42.868261],[-73.966073,-42.864918],[-73.960197,-42.866151],[-73.958309,-42.870729],[-73.962299,-42.874074],[-73.968176,-42.87284],[-73.972167,-42.876184],[-73.97028,-42.880762]],[[-73.955173,-42.917389],[-73.953283,-42.921967],[-73.957276,-42.925314],[-73.955386,-42.929892],[-73.95938,-42.933239],[-73.95749,-42.937818],[-73.961484,-42.941165],[-73.967369,-42.939933],[-73.971364,-42.94328],[-73.97725,-42.942047],[-73.981246,-42.945394],[-73.987132,-42.944161],[-73.989021,-42.939581],[-73.994906,-42.938347],[-73.996794,-42.933767],[-73.992796,-42.930421],[-73.986911,-42.931654],[-73.982915,-42.928308],[-73.977031,-42.929541],[-73.973036,-42.926195],[-73.967153,-42.927428],[-73.963159,-42.924082],[-73.965048,-42.919503],[-73.961055,-42.916157],[-73.955173,-42.917389]],[[-73.813684,-42.921864],[-73.815583,-42.917292],[-73.811606,-42.913943],[-73.805731,-42.915167],[-73.803831,-42.919739],[-73.807808,-42.923088],[-73.813684,-42.921864]],[[-73.788106,-42.918836],[-73.784132,-42.915487],[-73.778257,-42.916709],[-73.776356,-42.92128],[-73.78033,-42.924629],[-73.786205,-42.923407],[-73.788106,-42.918836]],[[-73.821822,-42.941056],[-73.817842,-42.937707],[-73.811964,-42.938931],[-73.807986,-42.935581],[-73.802109,-42.936804],[-73.800208,-42.941376],[-73.794331,-42.942599],[-73.792429,-42.94717],[-73.786551,-42.948392],[-73.78465,-42.952964],[-73.788627,-42.956314],[-73.794506,-42.955093],[-73.796407,-42.950521],[-73.802286,-42.949298],[-73.804186,-42.944726],[-73.810065,-42.943503],[-73.814043,-42.946853],[-73.812144,-42.951425],[-73.816123,-42.954775],[-73.814223,-42.959348],[-73.808343,-42.960571],[-73.806442,-42.965144],[-73.800561,-42.966366],[-73.79866,-42.970938],[-73.80264,-42.974289],[-73.800738,-42.978862],[-73.794856,-42.980083],[-73.792954,-42.984656],[-73.787071,-42.985876],[-73.785168,-42.990449],[-73.789148,-42.9938],[-73.795031,-42.99258],[-73.796934,-42.988007],[-73.802817,-42.986786],[-73.804719,-42.982213],[-73.810601,-42.980991],[-73.812502,-42.976418],[-73.808521,-42.973067],[-73.810422,-42.968494],[-73.816304,-42.967272],[-73.820285,-42.970622],[-73.818385,-42.975195],[-73.822367,-42.978546],[-73.82825,-42.977323],[-73.832233,-42.980674],[-73.838117,-42.97945],[-73.842102,-42.982801],[-73.847986,-42.981577],[-73.851972,-42.984927],[-73.857857,-42.983703],[-73.859755,-42.979128],[-73.855769,-42.975777],[-73.849885,-42.977002],[-73.8459,-42.973652],[-73.847798,-42.969077],[-73.843814,-42.965727],[-73.837931,-42.966952],[-73.836032,-42.971526],[-73.83015,-42.972749],[-73.826167,-42.969399],[-73.828067,-42.964825],[-73.833948,-42.963602],[-73.835847,-42.959028],[-73.831865,-42.955678],[-73.825984,-42.956902],[-73.822003,-42.953552],[-73.823903,-42.948979],[-73.829783,-42.947755],[-73.833764,-42.951104],[-73.839644,-42.94988],[-73.841542,-42.945306],[-73.837561,-42.941957],[-73.831681,-42.943181],[-73.827701,-42.939832],[-73.821822,-42.941056]],[[-73.792255,-42.934677],[-73.788279,-42.931328],[-73.782403,-42.93255],[-73.780502,-42.937121],[-73.784477,-42.940471],[-73.790354,-42.939249],[-73.792255,-42.934677]],[[-73.893765,-43.013859],[-73.895662,-43.009282],[-73.89167,-43.005931],[-73.885781,-43.007157],[-73.88179,-43.003806],[-73.875901,-43.005032],[-73.871911,-43.001681],[-73.866024,-43.002906],[-73.862035,-42.999555],[-73.856148,-43.000779],[-73.854249,-43.005354],[-73.858238,-43.008706],[-73.864125,-43.007481],[-73.868115,-43.010833],[-73.866216,-43.015408],[-73.870207,-43.01876],[-73.876096,-43.017535],[-73.877994,-43.012959],[-73.883883,-43.011734],[-73.887875,-43.015085],[-73.893765,-43.013859]],[[-73.834318,-42.988599],[-73.830333,-42.985248],[-73.824449,-42.986471],[-73.822549,-42.991044],[-73.826533,-42.994396],[-73.824632,-42.99897],[-73.818747,-43.000192],[-73.814763,-42.99684],[-73.808879,-42.998062],[-73.806976,-43.002635],[-73.810959,-43.005987],[-73.816845,-43.004766],[-73.820829,-43.008117],[-73.826716,-43.006895],[-73.830701,-43.010247],[-73.836588,-43.009025],[-73.840575,-43.012376],[-73.846462,-43.011153],[-73.848362,-43.006578],[-73.844375,-43.003227],[-73.838488,-43.00445],[-73.834502,-43.001098],[-73.836403,-42.996524],[-73.842288,-42.995301],[-73.846275,-42.998652],[-73.852161,-42.997428],[-73.85406,-42.992853],[-73.850073,-42.989502],[-73.844188,-42.990726],[-73.840202,-42.987375],[-73.834318,-42.988599]],[[-74.001781,-42.882511],[-73.999896,-42.887091],[-74.003891,-42.890435],[-74.009772,-42.8892],[-74.011657,-42.884619],[-74.017537,-42.883383],[-74.019421,-42.878803],[-74.015425,-42.875459],[-74.009546,-42.876696],[-74.007661,-42.881276],[-74.001781,-42.882511]],[[-74.110759,-43.115148],[-74.108873,-43.119736],[-74.112897,-43.123087],[-74.118809,-43.121851],[-74.120694,-43.117263],[-74.11667,-43.113912],[-74.110759,-43.115148]],[[-74.179541,-43.092349],[-74.175511,-43.089],[-74.169601,-43.09024],[-74.16772,-43.09483],[-74.16181,-43.09607],[-74.157782,-43.09272],[-74.159664,-43.088131],[-74.155637,-43.084781],[-74.149729,-43.08602],[-74.145703,-43.082671],[-74.139795,-43.083909],[-74.135771,-43.08056],[-74.129864,-43.081798],[-74.12798,-43.086386],[-74.132004,-43.089736],[-74.130119,-43.094324],[-74.124211,-43.095561],[-74.122326,-43.100149],[-74.12635,-43.1035],[-74.13226,-43.102262],[-74.136286,-43.105613],[-74.142196,-43.104375],[-74.146223,-43.107725],[-74.152133,-43.106487],[-74.154017,-43.101898],[-74.159927,-43.100659],[-74.163956,-43.104009],[-74.169867,-43.102769],[-74.171749,-43.09818],[-74.17766,-43.096939],[-74.179541,-43.092349]],[[-74.265614,-43.133029],[-74.261572,-43.129679],[-74.255654,-43.130923],[-74.253777,-43.135517],[-74.257818,-43.138867],[-74.263737,-43.137623],[-74.265614,-43.133029]],[[-73.790193,-43.068796],[-73.788287,-43.073369],[-73.792274,-43.076724],[-73.790368,-43.081298],[-73.794355,-43.084653],[-73.800249,-43.083434],[-73.802154,-43.07886],[-73.808047,-43.077641],[-73.812036,-43.080996],[-73.81793,-43.079776],[-73.819834,-43.075202],[-73.815845,-43.071847],[-73.817749,-43.067272],[-73.813761,-43.063918],[-73.807869,-43.065138],[-73.803882,-43.061784],[-73.805786,-43.05721],[-73.811677,-43.05599],[-73.813581,-43.051416],[-73.809594,-43.048062],[-73.803704,-43.049282],[-73.799718,-43.045928],[-73.793829,-43.047148],[-73.791924,-43.051721],[-73.795909,-43.055075],[-73.794004,-43.059649],[-73.79799,-43.063003],[-73.796085,-43.067577],[-73.790193,-43.068796]],[[-73.758495,-43.054457],[-73.764384,-43.05324],[-73.76629,-43.048668],[-73.762309,-43.045313],[-73.764215,-43.040741],[-73.760235,-43.037387],[-73.754348,-43.038605],[-73.752441,-43.043176],[-73.756421,-43.046531],[-73.754514,-43.051102],[-73.748626,-43.052319],[-73.746718,-43.056891],[-73.750698,-43.060246],[-73.74879,-43.064817],[-73.752772,-43.068173],[-73.758662,-43.066956],[-73.760569,-43.062384],[-73.756587,-43.059029],[-73.758495,-43.054457]],[[-73.801622,-43.041355],[-73.807512,-43.040134],[-73.809415,-43.035561],[-73.80543,-43.032207],[-73.799542,-43.033428],[-73.797638,-43.038001],[-73.801622,-43.041355]],[[-73.862418,-43.02456],[-73.860519,-43.029136],[-73.864509,-43.032488],[-73.8704,-43.031264],[-73.872299,-43.026688],[-73.868308,-43.023336],[-73.862418,-43.02456]],[[-73.850639,-43.027007],[-73.852539,-43.022432],[-73.84855,-43.01908],[-73.842662,-43.020303],[-73.840761,-43.024878],[-73.834872,-43.026101],[-73.830885,-43.022748],[-73.824997,-43.02397],[-73.821011,-43.020618],[-73.822913,-43.016044],[-73.818928,-43.012691],[-73.813041,-43.013913],[-73.811139,-43.018487],[-73.805252,-43.019708],[-73.803349,-43.024281],[-73.807333,-43.027634],[-73.813221,-43.026413],[-73.817206,-43.029766],[-73.823095,-43.028544],[-73.827082,-43.031897],[-73.832971,-43.030675],[-73.836959,-43.034028],[-73.842849,-43.032806],[-73.846838,-43.036158],[-73.852728,-43.034935],[-73.854628,-43.03036],[-73.850639,-43.027007]],[[-73.760302,-42.895395],[-73.764272,-42.898744],[-73.770143,-42.897522],[-73.772044,-42.892952],[-73.768074,-42.889603],[-73.762203,-42.890825],[-73.760302,-42.895395]],[[-73.714584,-43.005066],[-73.708703,-43.006282],[-73.706794,-43.010851],[-73.710767,-43.014205],[-73.708858,-43.018774],[-73.702975,-43.019989],[-73.701065,-43.024558],[-73.705039,-43.027913],[-73.710922,-43.026698],[-73.714897,-43.030052],[-73.720781,-43.028837],[-73.72269,-43.024267],[-73.728574,-43.023051],[-73.73255,-43.026405],[-73.738434,-43.025188],[-73.740342,-43.020618],[-73.736365,-43.017264],[-73.738272,-43.012693],[-73.734297,-43.00934],[-73.728414,-43.010557],[-73.726506,-43.015127],[-73.720623,-43.016343],[-73.716649,-43.012989],[-73.718557,-43.008419],[-73.714584,-43.005066]],[[-73.741435,-42.953583],[-73.737464,-42.950232],[-73.731588,-42.95145],[-73.727617,-42.948099],[-73.721742,-42.949317],[-73.719836,-42.953886],[-73.723806,-42.957237],[-73.729682,-42.95602],[-73.733653,-42.959371],[-73.73953,-42.958153],[-73.741435,-42.953583]],[[-73.700148,-42.949617],[-73.694274,-42.950833],[-73.692366,-42.955401],[-73.696333,-42.958753],[-73.702209,-42.957537],[-73.704116,-42.952969],[-73.700148,-42.949617]],[[-73.765784,-43.011175],[-73.771669,-43.009956],[-73.773573,-43.005384],[-73.779457,-43.004165],[-73.781361,-42.999593],[-73.777382,-42.996241],[-73.771499,-42.99746],[-73.769594,-43.002032],[-73.763711,-43.003251],[-73.759733,-42.999898],[-73.753851,-43.001117],[-73.751945,-43.005688],[-73.755922,-43.009041],[-73.761806,-43.007822],[-73.765784,-43.011175]],[[-73.661944,-43.040974],[-73.660031,-43.045542],[-73.664002,-43.048898],[-73.662088,-43.053466],[-73.66606,-43.056822],[-73.671945,-43.05561],[-73.673857,-43.051042],[-73.679742,-43.04983],[-73.681654,-43.045261],[-73.677682,-43.041905],[-73.671798,-43.043118],[-73.667828,-43.039762],[-73.661944,-43.040974]]]},"properties":{"comuna":"Quellón","mancha_id":"10208-88ce1224a1fffff","clase":"Bajo","nivel_medio":1.149,"nivel_medio_min":0.502,"nivel_medio_max":1.5,"pct_alto":0.3,"n_hexagonos":2118,"area_ha":138028.78}},{"type":"Feature","geometry":{"type":"Polygon","coordinates":[[[-74.24729,-43.42682],[-74.24718,-43.42686],[-74.247087,-43.426852],[-74.247292,-43.42681],[-74.24729,-43.42682]]]},"properties":{"comuna":"Quellón","mancha_id":"10208-88ce1222d3fffff","clase":"Bajo","nivel_medio":1.415,"nivel_medio_min":1.415,"nivel_medio_max":1.415,"pct_alto":0.0,"n_hexagonos":1,"area_ha":0.0}},{"type":"Feature","geometry":{"type":"Polygon","coordinates":[[[-74.24783,-43.42771],[-74.24854,-43.42695],[-74.24874,-43.426776],[-74.250889,-43.428554],[-74.25055,-43.43021],[-74.25053,-43.43043],[-74.25081,-43.43149],[-74.25081,-43.43182],[-74.25074,-43.43197],[-74.25057,-43.43214],[-74.25026,-43.43226],[-74.25007,-43.43229],[-74.24976,-43.43222],[-74.24952,-43.43204],[-74.24939,-43.43174],[-74.24909,-43.4314],[-74.24871,-43.43129],[-74.24818,-43.43072],[-74.24801,-43.43068],[-74.24766,-43.43046],[-74.24738,-43.42957],[-74.24694,-43.429],[-74.24694,-43.42857],[-74.24707,-43.42829],[-74.24783,-43.42771]]]},"properties":{"comuna":"Quellón","mancha_id":"10208-88ce1222d3fffff-2","clase":"Bajo","nivel_medio":1.415,"nivel_medio_min":1.415,"nivel_medio_max":1.415,"pct_alto":0.0,"n_hexagonos":1,"area_ha":12.03}},{"type":"Feature","geometry":{"type":"Polygon","coordinates":[[[-74.20419,-43.44411],[-74.20425,-43.44412],[-74.20431,-43.4442],[-74.20428,-43.4443],[-74.20415,-43.44436],[-74.20405,-43.44435],[-74.2039,-43.44427],[-74.20387,-43.44417],[-74.20399,-43.44409],[-74.20419,-43.44411]]]},"properties":{"comuna":"Quellón","mancha_id":"10208-88ce1222c5fffff","clase":"Bajo","nivel_medio":1.409,"nivel_medio_min":1.409,"nivel_medio_max":1.409,"pct_alto":22.1,"n_hexagonos":1,"area_ha":0.08}},{"type":"Feature","geometry":{"type":"Polygon","coordinates":[[[-74.20123,-43.44839],[-74.20106,-43.44826],[-74.20101,-43.44813],[-74.20101,-43.44776],[-74.20141,-43.44712],[-74.20186,-43.44617],[-74.20224,-43.4458],[-74.20342,-43.44517],[-74.20374,-43.4448],[-74.20431,-43.44447],[-74.20611,-43.44382],[-74.20644,-43.44378],[-74.2066,-43.44379],[-74.20691,-43.44402],[-74.2071,-43.44443],[-74.2075,-43.4449],[-74.20754,-43.44525],[-74.20742,-43.44543],[-74.20737,-43.44549],[-74.20703,-43.44562],[-74.20638,-43.44573],[-74.20621,-43.4458],[-74.20549,-43.44631],[-74.20469,-43.44642],[-74.20441,-43.44657],[-74.20406,-43.44658],[-74.20344,-43.44648],[-74.2031,-43.44662],[-74.20291,-43.44674],[-74.20274,-43.44708],[-74.20261,-43.44764],[-74.20203,-43.44841],[-74.20152,-43.44846],[-74.20123,-43.44839]]]},"properties":{"comuna":"Quellón","mancha_id":"10208-88ce1222c5fffff-2","clase":"Bajo","nivel_medio":1.409,"nivel_medio_min":1.409,"nivel_medio_max":1.409,"pct_alto":22.1,"n_hexagonos":1,"area_ha":10.42}},{"type":"Feature","geometry":{"type":"Polygon","coordinates":[[[-74.20745,-43.44625],[-74.20744,-43.44635],[-74.20729,-43.44642],[-74.20714,-43.44643],[-74.20707,-43.44637],[-74.20706,-43.44627],[-74.20717,-43.44619],[-74.20745,-43.44625]]]},"properties":{"comuna":"Quellón","mancha_id":"10208-88ce1222c5fffff-3","clase":"Bajo","nivel_medio":1.409,"nivel_medio_min":1.409,"nivel_medio_max":1.409,"pct_alto":22.1,"n_hexagonos":1,"area_ha":0.06}},{"type":"Feature","geometry":{"type":"Polygon","coordinates":[[[-74.20315,-43.44677],[-74.20332,-43.44676],[-74.20337,-43.44683],[-74.20337,-43.44692],[-74.20324,-43.447],[-74.20312,-43.44699],[-74.20303,-43.44689],[-74.20315,-43.44677]]]},"properties":{"comuna":"Quellón","mancha_id":"10208-88ce1222c5fffff-4","clase":"Bajo","nivel_medio":1.409,"nivel_medio_min":1.409,"nivel_medio_max":1.409,"pct_alto":22.1,"n_hexagonos":1,"area_ha":0.05}},{"type":"Feature","geometry":{"type":"Polygon","coordinates":[[[-74.20461,-43.44676],[-74.20466,-43.44679],[-74.20467,-43.44688],[-74.20456,-43.44696],[-74.20438,-43.44701],[-74.20424,-43.44699],[-74.20417,-43.44693],[-74.20423,-43.44682],[-74.20442,-43.44675],[-74.20461,-43.44676]]]},"properties":{"comuna":"Quellón","mancha_id":"10208-88ce1222c5fffff-5","clase":"Bajo","nivel_medio":1.409,"nivel_medio_min":1.409,"nivel_medio_max":1.409,"pct_alto":22.1,"n_hexagonos":1,"area_ha":0.08}},{"type":"Feature","geometry":{"type":"Polygon","coordinates":[[[-74.20362,-43.44702],[-74.203845,-43.447075],[-74.20384,-43.44716],[-74.20372,-43.44723],[-74.20359,-43.44723],[-74.2035,-43.44717],[-74.2035,-43.44709],[-74.20362,-43.44702]]]},"properties":{"comuna":"Quellón","mancha_id":"10208-88ce1222c5fffff-6","clase":"Bajo","nivel_medio":1.409,"nivel_medio_min":1.409,"nivel_medio_max":1.409,"pct_alto":22.1,"n_hexagonos":1,"area_ha":0.05}},{"type":"Feature","geometry":{"type":"Polygon","coordinates":[[[-74.20954,-43.39791],[-74.209771,-43.396766],[-74.211211,-43.396467],[-74.21139,-43.39662],[-74.2118,-43.39671],[-74.2123,-43.39665],[-74.21246,-43.39689],[-74.21256,-43.39739],[-74.21305,-43.39791],[-74.21313,-43.39806],[-74.21313,-43.39824],[-74.21282,-43.39929],[-74.21249,-43.39956],[-74.21218,-43.3997],[-74.2116,-43.39979],[-74.2114,-43.39975],[-74.21082,-43.39957],[-74.21014,-43.39923],[-74.20983,-43.39902],[-74.20954,-43.39791]]]},"properties":{"comuna":"Quellón","mancha_id":"10208-88ce1222b5fffff","clase":"Bajo","nivel_medio":1.469,"nivel_medio_min":1.469,"nivel_medio_max":1.469,"pct_alto":0.0,"n_hexagonos":1,"area_ha":8.14}},{"type":"Feature","geometry":{"type":"Polygon","coordinates":[[[-74.1219,-43.3853],[-74.12191,-43.38552],[-74.121851,-43.385584],[-74.120753,-43.385811],[-74.12075,-43.38579],[-74.12057,-43.38571],[-74.12031,-43.38571],[-74.12023,-43.38583],[-74.12023,-43.385919],[-74.118318,-43.386315],[-74.11821,-43.38622],[-74.11818,-43.38569],[-74.11821,-43.38539],[-74.11827,-43.38524],[-74.11864,-43.3848],[-74.11888,-43.38477],[-74.11908,-43.38471],[-74.11957,-43.38426],[-74.11996,-43.38405],[-74.12031,-43.38406],[-74.12055,-43.38416],[-74.12077,-43.38433],[-74.12088,-43.38455],[-74.12109,-43.38473],[-74.12171,-43.38481],[-74.1219,-43.3853]]]},"properties":{"comuna":"Quellón","mancha_id":"10208-88ce1221cdfffff","clase":"Bajo","nivel_medio":1.466,"nivel_medio_min":1.466,"nivel_medio_max":1.466,"pct_alto":0.0,"n_hexagonos":1,"area_ha":4.59}},{"type":"Feature","geometry":{"type":"Polygon","coordinates":[[[-74.09707,-43.4006],[-74.09694,-43.40093],[-74.09688,-43.40099],[-74.09672,-43.40103],[-74.09659,-43.400965],[-74.0966,-43.40057],[-74.09668,-43.40046],[-74.0968,-43.40041],[-74.09688,-43.40042],[-74.09704,-43.40048],[-74.09707,-43.4006]]]},"properties":{"comuna":"Quellón","mancha_id":"10208-88ce122157fffff","clase":"Bajo","nivel_medio":1.125,"nivel_medio_min":1.125,"nivel_medio_max":1.125,"pct_alto":0.0,"n_hexagonos":1,"area_ha":0.2}},{"type":"Feature","geometry":{"type":"Polygon","coordinates":[[[-74.10024,-43.40177],[-74.10033,-43.40184],[-74.1003,-43.402],[-74.10016,-43.40204],[-74.09998,-43.40202],[-74.0999,-43.40193],[-74.09996,-43.40179],[-74.100055,-43.401764],[-74.10011,-43.40175],[-74.10024,-43.40177]]]},"properties":{"comuna":"Quellón","mancha_id":"10208-88ce122157fffff-2","clase":"Bajo","nivel_medio":1.125,"nivel_medio_min":1.125,"nivel_medio_max":1.125,"pct_alto":0.0,"n_hexagonos":1,"area_ha":0.09}},{"type":"Feature","geometry":{"type":"Polygon","coordinates":[[[-74.10185,-43.40482],[-74.101907,-43.40482],[-74.10206,-43.40489],[-74.1021,-43.40498],[-74.10206,-43.40506],[-74.10191,-43.40509],[-74.10175,-43.40498],[-74.10175,-43.40488],[-74.10185,-43.40482]]]},"properties":{"comuna":"Quellón","mancha_id":"10208-88ce122151fffff","clase":"Bajo","nivel_medio":1.162,"nivel_medio_min":1.162,"nivel_medio_max":1.162,"pct_alto":0.0,"n_hexagonos":1,"area_ha":0.06}},{"type":"Feature","geometry":{"type":"Polygon","coordinates":[[[-74.10176,-43.40534],[-74.10186,-43.40535],[-74.10199,-43.4054],[-74.10204,-43.4055],[-74.10203,-43.40568],[-74.10189,-43.40574],[-74.10169,-43.40563],[-74.1016,-43.40551],[-74.10165,-43.40539],[-74.10176,-43.40534]]]},"properties":{"comuna":"Quellón","mancha_id":"10208-88ce122151fffff-2","clase":"Bajo","nivel_medio":1.162,"nivel_medio_min":1.162,"nivel_medio_max":1.162,"pct_alto":0.0,"n_hexagonos":1,"area_ha":0.11}},{"type":"Feature","geometry":{"type":"Polygon","coordinates":[[[-74.10275,-43.40703],[-74.10286,-43.40689],[-74.10297,-43.40691],[-74.10315,-43.40707],[-74.10294,-43.40712],[-74.10275,-43.40703]]]},"properties":{"comuna":"Quellón","mancha_id":"10208-88ce122151fffff-3","clase":"Bajo","nivel_medio":1.162,"nivel_medio_min":1.162,"nivel_medio_max":1.162,"pct_alto":0.0,"n_hexagonos":1,"area_ha":0.05}},{"type":"Feature","geometry":{"type":"Polygon","coordinates":[[[-74.10304,-43.40861],[-74.10318,-43.40861],[-74.10325,-43.40867],[-74.10322,-43.40877],[-74.10314,-43.40882],[-74.10289,-43.40878],[-74.10285,-43.40869],[-74.10295,-43.40862],[-74.10304,-43.40861]]]},"properties":{"comuna":"Quellón","mancha_id":"10208-88ce122151fffff-4","clase":"Bajo","nivel_medio":1.162,"nivel_medio_min":1.162,"nivel_medio_max":1.162,"pct_alto":0.0,"n_hexagonos":1,"area_ha":0.06}},{"type":"Feature","geometry":{"type":"Polygon","coordinates":[[[-74.09551,-43.40901],[-74.09561,-43.409],[-74.09569,-43.40901],[-74.09582,-43.40902],[-74.09585,-43.40911],[-74.09574,-43.4092],[-74.09558,-43.4092],[-74.09546,-43.40909],[-74.09551,-43.40901]]]},"properties":{"comuna":"Quellón","mancha_id":"10208-88ce122151fffff-5","clase":"Bajo","nivel_medio":1.162,"nivel_medio_min":1.162,"nivel_medio_max":1.162,"pct_alto":0.0,"n_hexagonos":1,"area_ha":0.05}},{"type":"Feature","geometry":{"type":"Polygon","coordinates":[[[-74.09572,-43.40989],[-74.09554,-43.40975],[-74.09548,-43.40953],[-74.09556,-43.40943],[-74.09562,-43.40942],[-74.09568,-43.40942],[-74.09575,-43.4094],[-74.09589,-43.40946],[-74.09603,-43.4096],[-74.09605,-43.40976],[-74.0959,-43.40988],[-74.09572,-43.40989]]]},"properties":{"comuna":"Quellón","mancha_id":"10208-88ce122151fffff-6","clase":"Bajo","nivel_medio":1.162,"nivel_medio_min":1.162,"nivel_medio_max":1.162,"pct_alto":0.0,"n_hexagonos":1,"area_ha":0.18}},{"type":"Feature","geometry":{"type":"Polygon","coordinates":[[[-74.10238,-43.40981],[-74.102435,-43.409824],[-74.10254,-43.40988],[-74.10256,-43.40994],[-74.10248,-43.41],[-74.10235,-43.41],[-74.1023,-43.40997],[-74.10229,-43.40988],[-74.10238,-43.40981]]]},"properties":{"comuna":"Quellón","mancha_id":"10208-88ce122151fffff-7","clase":"Bajo","nivel_medio":1.162,"nivel_medio_min":1.162,"nivel_medio_max":1.162,"pct_alto":0.0,"n_hexagonos":1,"area_ha":0.03}},{"type":"Feature","geometry":{"type":"Polygon","coordinates":[[[-74.09561,-43.40996],[-74.09571,-43.41],[-74.0957,-43.41008],[-74.0956,-43.41017],[-74.09544,-43.41018],[-74.09538,-43.41013],[-74.095455,-43.40997],[-74.09561,-43.40996]]]},"properties":{"comuna":"Quellón","mancha_id":"10208-88ce122151fffff-8","clase":"Bajo","nivel_medio":1.162,"nivel_medio_min":1.162,"nivel_medio_max":1.162,"pct_alto":0.0,"n_hexagonos":1,"area_ha":0.05}},{"type":"Feature","geometry":{"type":"Polygon","coordinates":[[[-74.10087,-43.40997],[-74.10103,-43.40996],[-74.10115,-43.41003],[-74.10099,-43.41023],[-74.10081,-43.41025],[-74.10068,-43.41021],[-74.10066,-43.4101],[-74.10079,-43.40999],[-74.10087,-43.40997]]]},"properties":{"comuna":"Quellón","mancha_id":"10208-88ce122151fffff-9","clase":"Bajo","nivel_medio":1.162,"nivel_medio_min":1.162,"nivel_medio_max":1.162,"pct_alto":0.0,"n_hexagonos":1,"area_ha":0.09}},{"type":"Feature","geometry":{"type":"Polygon","coordinates":[[[-74.11031,-43.38657],[-74.11048,-43.3866],[-74.1106,-43.38667],[-74.11054,-43.38683],[-74.11015,-43.38684],[-74.11003,-43.38675],[-74.11003,-43.38666],[-74.11012,-43.38658],[-74.11031,-43.38657]]]},"properties":{"comuna":"Quellón","mancha_id":"10208-88ce12211bfffff","clase":"Bajo","nivel_medio":1.044,"nivel_medio_min":1.044,"nivel_medio_max":1.044,"pct_alto":0.0,"n_hexagonos":1,"area_ha":0.11}},{"type":"Feature","geometry":{"type":"Polygon","coordinates":[[[-74.11524,-43.38791],[-74.11513,-43.38798],[-74.11485,-43.38796],[-74.11475,-43.3879],[-74.11479,-43.38761],[-74.11492,-43.38748],[-74.11506,-43.38713],[-74.1153,-43.387],[-74.1156,-43.38701],[-74.11584,-43.3871],[-74.116,-43.38729],[-74.116,-43.38747],[-74.1159,-43.38756],[-74.11568,-43.38763],[-74.11539,-43.38763],[-74.11524,-43.38791]]]},"properties":{"comuna":"Quellón","mancha_id":"10208-88ce12211bfffff-2","clase":"Bajo","nivel_medio":1.044,"nivel_medio_min":1.044,"nivel_medio_max":1.044,"pct_alto":0.0,"n_hexagonos":1,"area_ha":0.67}},{"type":"Feature","geometry":{"type":"Polygon","coordinates":[[[-74.10949,-43.38838],[-74.10956,-43.38862],[-74.10945,-43.38877],[-74.10925,-43.38886],[-74.10894,-43.38882],[-74.10893,-43.38872],[-74.10925,-43.38834],[-74.10938,-43.38833],[-74.10949,-43.38838]]]},"properties":{"comuna":"Quellón","mancha_id":"10208-88ce12211bfffff-3","clase":"Bajo","nivel_medio":1.044,"nivel_medio_min":1.044,"nivel_medio_max":1.044,"pct_alto":0.0,"n_hexagonos":1,"area_ha":0.2}},{"type":"Feature","geometry":{"type":"Polygon","coordinates":[[[-74.11424,-43.38844],[-74.11417,-43.38872],[-74.11396,-43.38901],[-74.11374,-43.38908],[-74.11365,-43.38899],[-74.11362,-43.38881],[-74.11369,-43.38843],[-74.11385,-43.38827],[-74.11405,-43.38826],[-74.11419,-43.38832],[-74.11424,-43.38844]]]},"properties":{"comuna":"Quellón","mancha_id":"10208-88ce12211bfffff-4","clase":"Bajo","nivel_medio":1.044,"nivel_medio_min":1.044,"nivel_medio_max":1.044,"pct_alto":0.0,"n_hexagonos":1,"area_ha":0.32}},{"type":"Feature","geometry":{"type":"Polygon","coordinates":[[[-74.10152,-43.39262],[-74.10155,-43.39271],[-74.10141,-43.39283],[-74.10103,-43.39281],[-74.10096,-43.39271],[-74.10105,-43.39258],[-74.1013,-43.39255],[-74.10144,-43.39258],[-74.10152,-43.39262]]]},"properties":{"comuna":"Quellón","mancha_id":"10208-88ce122119fffff","clase":"Bajo","nivel_medio":1.109,"nivel_medio_min":1.109,"nivel_medio_max":1.109,"pct_alto":0.0,"n_hexagonos":1,"area_ha":0.11}},{"type":"Feature","geometry":{"type":"Polygon","coordinates":[[[-74.108227,-43.384204],[-74.104183,-43.380842],[-74.098244,-43.382071],[-74.096347,-43.386661],[-74.090407,-43.387889],[-74.086365,-43.384526],[-74.088262,-43.379936],[-74.084284,-43.376627],[-74.084254,-43.376494],[-74.08423,-43.37639],[-74.08404,-43.37602],[-74.08376,-43.37577],[-74.08326,-43.37487],[-74.08321,-43.37449],[-74.0833,-43.37423],[-74.08369,-43.37388],[-74.08406,-43.37369],[-74.08409,-43.3735],[-74.08403,-43.37327],[-74.0838,-43.37315],[-74.08323,-43.37264],[-74.0827,-43.37163],[-74.08254,-43.37144],[-74.08234,-43.37125],[-74.08182,-43.37094],[-74.0813,-43.3707],[-74.08014,-43.37043],[-74.07943,-43.37004],[-74.07784,-43.369499],[-74.07699,-43.36921],[-74.07599,-43.3687],[-74.07523,-43.36822],[-74.07436,-43.36788],[-74.07412,-43.36756],[-74.07378,-43.36742],[-74.073141,-43.367354],[-74.072101,-43.366488],[-74.070769,-43.366764],[-74.07028,-43.36667],[-74.06972,-43.36634],[-74.06919,-43.36592],[-74.06883,-43.36571],[-74.06856,-43.36561],[-74.06799,-43.36555],[-74.06747,-43.36532],[-74.06646,-43.36532],[-74.06591,-43.36515],[-74.06478,-43.36491],[-74.06397,-43.36465],[-74.06251,-43.3645],[-74.062241,-43.364449],[-74.062126,-43.364353],[-74.064024,-43.359765],[-74.059987,-43.356403],[-74.054052,-43.35763],[-74.052153,-43.362218],[-74.051021,-43.362452],[-74.05048,-43.36236],[-74.04886,-43.3623],[-74.04477,-43.36154],[-74.0439,-43.36141],[-74.043771,-43.361406],[-74.042182,-43.360082],[-74.038567,-43.360828],[-74.03812,-43.36084],[-74.03744,-43.36095],[-74.03698,-43.36097],[-74.03646,-43.36087],[-74.03541,-43.36045],[-74.035155,-43.360397],[-74.032213,-43.357945],[-74.034113,-43.353357],[-74.03008,-43.349995],[-74.024146,-43.35122],[-74.022246,-43.355807],[-74.016312,-43.357032],[-74.01228,-43.353669],[-74.014182,-43.349083],[-74.010151,-43.345721],[-74.004219,-43.346945],[-74.000189,-43.343582],[-74.002091,-43.338997],[-74.008022,-43.337773],[-74.012052,-43.341134],[-74.017983,-43.33991],[-74.019884,-43.335323],[-74.025815,-43.334098],[-74.029847,-43.33746],[-74.035778,-43.336234],[-74.037677,-43.331647],[-74.043609,-43.330421],[-74.045507,-43.325833],[-74.051438,-43.324606],[-74.055472,-43.327967],[-74.053575,-43.332555],[-74.057609,-43.335916],[-74.063542,-43.334688],[-74.065439,-43.3301],[-74.071372,-43.328872],[-74.073268,-43.324284],[-74.069233,-43.320923],[-74.063301,-43.322151],[-74.059267,-43.318791],[-74.061164,-43.314203],[-74.067094,-43.312975],[-74.06899,-43.308387],[-74.064957,-43.305027],[-74.059027,-43.306255],[-74.054994,-43.302896],[-74.056891,-43.298308],[-74.06282,-43.29708],[-74.064715,-43.292492],[-74.070644,-43.291263],[-74.074677,-43.294622],[-74.072782,-43.29921],[-74.076816,-43.30257],[-74.082746,-43.30134],[-74.084641,-43.296752],[-74.09057,-43.295522],[-74.094606,-43.298881],[-74.100536,-43.29765],[-74.104573,-43.301009],[-74.10268,-43.305598],[-74.096749,-43.306829],[-74.094854,-43.311418],[-74.098892,-43.314778],[-74.104824,-43.313547],[-74.108863,-43.316907],[-74.114796,-43.315676],[-74.118836,-43.319035],[-74.116942,-43.323625],[-74.111008,-43.324856],[-74.109115,-43.329446],[-74.10318,-43.330676],[-74.101286,-43.335266],[-74.095351,-43.336496],[-74.093456,-43.341085],[-74.087521,-43.342314],[-74.085625,-43.346904],[-74.089664,-43.350265],[-74.0956,-43.349036],[-74.097496,-43.344446],[-74.103431,-43.343217],[-74.107472,-43.346577],[-74.113408,-43.345347],[-74.115302,-43.340757],[-74.121238,-43.339526],[-74.123131,-43.334935],[-74.11909,-43.331575],[-74.120983,-43.326985],[-74.126918,-43.325754],[-74.12881,-43.321163],[-74.124769,-43.317804],[-74.126661,-43.313213],[-74.132595,-43.311981],[-74.134486,-43.30739],[-74.140419,-43.306158],[-74.144461,-43.309516],[-74.150395,-43.308283],[-74.152285,-43.303691],[-74.158218,-43.302458],[-74.162262,-43.305816],[-74.168196,-43.304581],[-74.170085,-43.299989],[-74.166041,-43.296631],[-74.160108,-43.297866],[-74.156065,-43.294508],[-74.157955,-43.289916],[-74.163886,-43.288682],[-74.16793,-43.292039],[-74.173862,-43.290804],[-74.17575,-43.286212],[-74.171707,-43.282855],[-74.173595,-43.278263],[-74.179526,-43.277027],[-74.18357,-43.280384],[-74.181682,-43.284977],[-74.185727,-43.288333],[-74.18384,-43.292926],[-74.187885,-43.296283],[-74.185998,-43.300876],[-74.190044,-43.304234],[-74.195979,-43.302998],[-74.200027,-43.306355],[-74.198139,-43.310949],[-74.192204,-43.312185],[-74.190315,-43.316778],[-74.184379,-43.318013],[-74.182491,-43.322606],[-74.176554,-43.323841],[-74.174665,-43.328434],[-74.178712,-43.331793],[-74.176822,-43.336386],[-74.180871,-43.339745],[-74.179158,-43.343907],[-74.17843,-43.34372],[-74.17784,-43.34362],[-74.17609,-43.34352],[-74.17447,-43.34353],[-74.17196,-43.34346],[-74.17122,-43.34352],[-74.170686,-43.343616],[-74.16939,-43.34385],[-74.16825,-43.34418],[-74.16779,-43.34438],[-74.16665,-43.34475],[-74.16596,-43.34488],[-74.165,-43.34517],[-74.16368,-43.34528],[-74.162284,-43.34532],[-74.163056,-43.343446],[-74.168994,-43.342212],[-74.170885,-43.337619],[-74.166838,-43.33426],[-74.160901,-43.335494],[-74.15901,-43.340086],[-74.153072,-43.341319],[-74.149027,-43.337959],[-74.14309,-43.339192],[-74.141198,-43.343783],[-74.145243,-43.347143],[-74.144208,-43.349654],[-74.14317,-43.35019],[-74.14111,-43.35104],[-74.13882,-43.35222],[-74.13767,-43.35291],[-74.137665,-43.352914],[-74.137412,-43.352967],[-74.137308,-43.353218],[-74.13468,-43.35546],[-74.13403,-43.3564],[-74.13385,-43.35697],[-74.13379,-43.35773],[-74.133707,-43.357934],[-74.13364,-43.3581],[-74.13407,-43.35863],[-74.13477,-43.35923],[-74.13539,-43.35964],[-74.13604,-43.35992],[-74.13642,-43.35964],[-74.137,-43.35947],[-74.13713,-43.35948],[-74.13732,-43.35954],[-74.13743,-43.3597],[-74.13754,-43.36018],[-74.13752,-43.36044],[-74.13737,-43.36087],[-74.13738,-43.3611],[-74.13778,-43.36145],[-74.13782,-43.36184],[-74.13797,-43.3619],[-74.1382,-43.3619],[-74.13865,-43.36173],[-74.13885,-43.36172],[-74.13901,-43.36178],[-74.13911,-43.36186],[-74.139122,-43.361991],[-74.138958,-43.362389],[-74.13894,-43.36241],[-74.13884,-43.36258],[-74.138848,-43.362655],[-74.137699,-43.365442],[-74.1375,-43.36538],[-74.13725,-43.36539],[-74.13705,-43.36562],[-74.136797,-43.365692],[-74.13652,-43.36577],[-74.13642,-43.36599],[-74.13602,-43.3663],[-74.13509,-43.36638],[-74.13463,-43.36663],[-74.13429,-43.36663],[-74.13378,-43.36646],[-74.13365,-43.36646],[-74.13356,-43.36653],[-74.13342,-43.36654],[-74.13327,-43.3665],[-74.133191,-43.366439],[-74.13309,-43.36636],[-74.13287,-43.36635],[-74.132639,-43.366553],[-74.13262,-43.36657],[-74.13257,-43.36695],[-74.13263,-43.36726],[-74.13248,-43.36754],[-74.1322,-43.3676],[-74.13194,-43.36754],[-74.13152,-43.36751],[-74.1313,-43.36784],[-74.13127,-43.36786],[-74.131732,-43.366741],[-74.127687,-43.36338],[-74.129581,-43.358789],[-74.125536,-43.355428],[-74.12743,-43.350837],[-74.123387,-43.347477],[-74.11745,-43.348708],[-74.115556,-43.353298],[-74.119599,-43.356659],[-74.117704,-43.36125],[-74.121748,-43.364611],[-74.119853,-43.369202],[-74.122516,-43.371415],[-74.12241,-43.37152],[-74.12194,-43.37211],[-74.12141,-43.3731],[-74.12133,-43.37367],[-74.12151,-43.37417],[-74.12208,-43.37489],[-74.12255,-43.3752],[-74.122793,-43.375239],[-74.12292,-43.37526],[-74.12328,-43.37523],[-74.12395,-43.37476],[-74.12407,-43.37476],[-74.12421,-43.37495],[-74.12421,-43.37519],[-74.12356,-43.37568],[-74.12354,-43.37608],[-74.12348,-43.37621],[-74.12306,-43.37665],[-74.12298,-43.3771],[-74.12305,-43.37736],[-74.12334,-43.37772],[-74.12352,-43.37785],[-74.12379,-43.37796],[-74.12418,-43.37797],[-74.12523,-43.37772],[-74.12536,-43.37771],[-74.12557,-43.37777],[-74.1255,-43.37821],[-74.1254,-43.37834],[-74.12513,-43.37862],[-74.12459,-43.37901],[-74.12459,-43.37924],[-74.124625,-43.379333],[-74.1247,-43.37953],[-74.12466,-43.37972],[-74.12431,-43.38019],[-74.1238,-43.38052],[-74.12375,-43.38088],[-74.12389,-43.3813],[-74.12376,-43.38162],[-74.12366,-43.38167],[-74.1234,-43.38169],[-74.12296,-43.38162],[-74.12257,-43.38161],[-74.12224,-43.38154],[-74.12187,-43.3813],[-74.12178,-43.38114],[-74.12173,-43.38084],[-74.12182,-43.3806],[-74.12181,-43.38028],[-74.12139,-43.37996],[-74.12042,-43.3796],[-74.11911,-43.37885],[-74.1185,-43.37856],[-74.11784,-43.3783],[-74.11725,-43.37823],[-74.116737,-43.378244],[-74.11654,-43.37825],[-74.11595,-43.37815],[-74.115621,-43.378017],[-74.11526,-43.37787],[-74.11437,-43.37738],[-74.11403,-43.3773],[-74.11377,-43.37738],[-74.11374,-43.37752],[-74.11392,-43.37796],[-74.11402,-43.37805],[-74.11427,-43.3785],[-74.1143,-43.37869],[-74.11434,-43.37964],[-74.11425,-43.38002],[-74.11419,-43.38007],[-74.11408,-43.3804],[-74.11398,-43.38059],[-74.11345,-43.38121],[-74.11249,-43.38157],[-74.11236,-43.38166],[-74.11226,-43.38195],[-74.11212,-43.38214],[-74.11196,-43.38225],[-74.112,-43.38301],[-74.11196,-43.38313],[-74.11181,-43.3833],[-74.111523,-43.383522],[-74.1115,-43.38354],[-74.11083,-43.38379],[-74.11039,-43.38407],[-74.11034,-43.3849],[-74.11,-43.38528],[-74.10984,-43.38556],[-74.10995,-43.38603],[-74.10993,-43.38629],[-74.10973,-43.38665],[-74.10901,-43.38717],[-74.10905,-43.38752],[-74.10916,-43.38765],[-74.10916,-43.38788],[-74.1088,-43.38837],[-74.10861,-43.38859],[-74.10843,-43.38867],[-74.10812,-43.38868],[-74.10783,-43.38861],[-74.1077,-43.38865],[-74.10757,-43.38875],[-74.10748,-43.38911],[-74.106971,-43.389327],[-74.10694,-43.38934],[-74.10689,-43.38964],[-74.10728,-43.39003],[-74.10743,-43.39035],[-74.10729,-43.39123],[-74.10693,-43.39166],[-74.10676,-43.39177],[-74.10642,-43.39185],[-74.10603,-43.39178],[-74.10593,-43.3918],[-74.10585,-43.39204],[-74.10549,-43.39211],[-74.10494,-43.39182],[-74.10452,-43.39173],[-74.10447,-43.39183],[-74.10456,-43.39217],[-74.10428,-43.39238],[-74.10323,-43.39226],[-74.10287,-43.39213],[-74.10265,-43.39188],[-74.10255,-43.3916],[-74.10253,-43.39119],[-74.10246,-43.391],[-74.10237,-43.39091],[-74.10222,-43.3908],[-74.10165,-43.39077],[-74.10124,-43.39114],[-74.10114,-43.39142],[-74.10099,-43.39156],[-74.10084,-43.39162],[-74.10055,-43.39191],[-74.10048,-43.39227],[-74.10001,-43.39283],[-74.09934,-43.39333],[-74.098961,-43.393482],[-74.10039,-43.390023],[-74.106331,-43.388795],[-74.108227,-43.384204]],[[-74.111766,-43.36248],[-74.107724,-43.359119],[-74.101786,-43.360348],[-74.09989,-43.364938],[-74.103932,-43.368299],[-74.109871,-43.36707],[-74.111766,-43.36248]],[[-74.067578,-43.338049],[-74.065681,-43.342638],[-74.059747,-43.343865],[-74.057849,-43.348453],[-74.061885,-43.351815],[-74.06782,-43.350588],[-74.069717,-43.345999],[-74.075652,-43.344771],[-74.077549,-43.340182],[-74.073511,-43.336821],[-74.067578,-43.338049]]]},"properties":{"comuna":"Quellón","mancha_id":"10208-88ce122113fffff","clase":"Bajo","nivel_medio":1.214,"nivel_medio_min":0.542,"nivel_medio_max":1.496,"pct_alto":1.5,"n_hexagonos":109,"area_ha":6882.37}},{"type":"Feature","geometry":{"type":"Polygon","coordinates":[[[-74.08518,-43.39376],[-74.08454,-43.39339],[-74.084474,-43.393312],[-74.088509,-43.392479],[-74.09108,-43.394617],[-74.09083,-43.39467],[-74.09039,-43.39464],[-74.09025,-43.39456],[-74.08973,-43.39443],[-74.08888,-43.39451],[-74.08856,-43.39451],[-74.08804,-43.39444],[-74.08622,-43.39401],[-74.08596,-43.39398],[-74.08518,-43.39376]]]},"properties":{"comuna":"Quellón","mancha_id":"10208-88ce12210bfffff","clase":"Bajo","nivel_medio":1.216,"nivel_medio_min":1.216,"nivel_medio_max":1.216,"pct_alto":0.0,"n_hexagonos":1,"area_ha":6.49}},{"type":"Feature","geometry":{"type":"Polygon","coordinates":[[[-74.08396,-43.39498],[-74.08411,-43.39508],[-74.08411,-43.39517],[-74.08402,-43.39525],[-74.08382,-43.39525],[-74.08364,-43.39511],[-74.08364,-43.39502],[-74.08376,-43.39495],[-74.08396,-43.39498]]]},"properties":{"comuna":"Quellón","mancha_id":"10208-88ce12210bfffff-2","clase":"Bajo","nivel_medio":1.216,"nivel_medio_min":1.216,"nivel_medio_max":1.216,"pct_alto":0.0,"n_hexagonos":1,"area_ha":0.1}},{"type":"Feature","geometry":{"type":"Polygon","coordinates":[[[-74.08431,-43.39706],[-74.08434,-43.39714],[-74.08429,-43.39721],[-74.08418,-43.39723],[-74.08395,-43.39711],[-74.08399,-43.39702],[-74.08407,-43.39702],[-74.08421,-43.39704],[-74.08431,-43.39706]]]},"properties":{"comuna":"Quellón","mancha_id":"10208-88ce12210bfffff-3","clase":"Bajo","nivel_medio":1.216,"nivel_medio_min":1.216,"nivel_medio_max":1.216,"pct_alto":0.0,"n_hexagonos":1,"area_ha":0.05}},{"type":"Feature","geometry":{"type":"Polygon","coordinates":[[[-74.09146,-43.39623],[-74.09175,-43.39637],[-74.092337,-43.396362],[-74.09246,-43.39636],[-74.09302,-43.3964],[-74.09323,-43.39647],[-74.09345,-43.3967],[-74.09366,-43.39671],[-74.09386,-43.39658],[-74.09404,-43.39658],[-74.09436,-43.39687],[-74.09486,-43.39681],[-74.09504,-43.39692],[-74.09517,-43.39723],[-74.09578,-43.39788],[-74.09595,-43.39828],[-74.09587,-43.39887],[-74.09551,-43.39958],[-74.09538,-43.4001],[-74.09538,-43.40032],[-74.09548,-43.40053],[-74.09567,-43.40073],[-74.09567,-43.40141],[-74.09595,-43.40166],[-74.09616,-43.40171],[-74.09651,-43.40188],[-74.09713,-43.40282],[-74.09741,-43.40303],[-74.09772,-43.40317],[-74.09783,-43.40322],[-74.09792,-43.40325],[-74.0982,-43.40316],[-74.098243,-43.403062],[-74.09844,-43.40262],[-74.09871,-43.40255],[-74.09891,-43.40243],[-74.0992,-43.40246],[-74.09948,-43.40241],[-74.09951,-43.40234],[-74.09966,-43.40227],[-74.09986,-43.40225],[-74.09999,-43.4023],[-74.09997,-43.40245],[-74.09966,-43.40276],[-74.099658,-43.40277],[-74.09957,-43.40314],[-74.09974,-43.40339],[-74.09997,-43.40341],[-74.10036,-43.40336],[-74.10064,-43.40344],[-74.10068,-43.40385],[-74.10077,-43.40406],[-74.1007,-43.40439],[-74.10078,-43.40456],[-74.10061,-43.40496],[-74.10066,-43.40509],[-74.10073,-43.40514],[-74.10099,-43.40515],[-74.1011,-43.40525],[-74.1011,-43.40532],[-74.10095,-43.40551],[-74.1008,-43.40558],[-74.10083,-43.40593],[-74.10073,-43.40629],[-74.10066,-43.40643],[-74.10044,-43.40664],[-74.10044,-43.40671],[-74.10052,-43.4069],[-74.10097,-43.40714],[-74.1011,-43.40743],[-74.10103,-43.40768],[-74.10078,-43.40785],[-74.10078,-43.40804],[-74.10083,-43.40819],[-74.10115,-43.40855],[-74.10116,-43.40869],[-74.10084,-43.40946],[-74.10048,-43.40983],[-74.0999,-43.41005],[-74.09873,-43.41016],[-74.09836,-43.41028],[-74.09834,-43.4105],[-74.09845,-43.4106],[-74.09923,-43.41063],[-74.0995,-43.41079],[-74.09945,-43.41106],[-74.099012,-43.411301],[-74.098009,-43.411508],[-74.09784,-43.41128],[-74.09799,-43.41103],[-74.09799,-43.41092],[-74.09781,-43.41078],[-74.09762,-43.41072],[-74.09711,-43.41065],[-74.09691,-43.41043],[-74.09694,-43.41015],[-74.09732,-43.40993],[-74.09739,-43.40986],[-74.09737,-43.4097],[-74.09728,-43.40958],[-74.09683,-43.40929],[-74.09678,-43.40891],[-74.09667,-43.40859],[-74.09648,-43.40841],[-74.09629,-43.40832],[-74.09586,-43.40827],[-74.09568,-43.40834],[-74.09549,-43.40852],[-74.09537,-43.40871],[-74.09537,-43.40883],[-74.09518,-43.40916],[-74.09512,-43.40916],[-74.09507,-43.40923],[-74.09442,-43.40941],[-74.094191,-43.409542],[-74.092801,-43.408385],[-74.086858,-43.409612],[-74.085484,-43.408469],[-74.08523,-43.40809],[-74.08523,-43.40776],[-74.08561,-43.407425],[-74.0857,-43.40738],[-74.0857,-43.40731],[-74.08581,-43.40719],[-74.08581,-43.4071],[-74.08559,-43.40667],[-74.08574,-43.4064],[-74.08587,-43.40633],[-74.08596,-43.4061],[-74.08591,-43.40596],[-74.08583,-43.4059],[-74.08562,-43.40575],[-74.08536,-43.40567],[-74.0852,-43.40554],[-74.08519,-43.40529],[-74.0854,-43.40508],[-74.08591,-43.40472],[-74.08605,-43.40435],[-74.08609,-43.40386],[-74.08664,-43.40302],[-74.08669,-43.40283],[-74.08714,-43.40208],[-74.08757,-43.40173],[-74.08803,-43.40152],[-74.08826,-43.40148],[-74.08849,-43.40139],[-74.08934,-43.40093],[-74.089616,-43.400646],[-74.08968,-43.40058],[-74.08969,-43.40044],[-74.08956,-43.40009],[-74.08922,-43.39979],[-74.08933,-43.3993],[-74.08929,-43.39864],[-74.08942,-43.3985],[-74.08962,-43.39841],[-74.08983,-43.39816],[-74.09002,-43.39778],[-74.09003,-43.39725],[-74.09057,-43.39672],[-74.09061,-43.39603],[-74.09075,-43.39595],[-74.09109,-43.39595],[-74.09131,-43.39606],[-74.09146,-43.39623]]]},"properties":{"comuna":"Quellón","mancha_id":"10208-88ce12210bfffff-4","clase":"Bajo","nivel_medio":1.293,"nivel_medio_min":1.125,"nivel_medio_max":1.469,"pct_alto":0.0,"n_hexagonos":4,"area_ha":126.35}},{"type":"Feature","geometry":{"type":"Polygon","coordinates":[[[-74.207279,-43.341561],[-74.208676,-43.338163],[-74.210272,-43.337831],[-74.2102,-43.33796],[-74.20974,-43.33852],[-74.20917,-43.33909],[-74.20875,-43.33965],[-74.20816,-43.34022],[-74.2073,-43.34154],[-74.207279,-43.341561]]]},"properties":{"comuna":"Quellón","mancha_id":"10208-88ce1220b3fffff","clase":"Bajo","nivel_medio":0.878,"nivel_medio_min":0.878,"nivel_medio_max":0.878,"pct_alto":0.0,"n_hexagonos":1,"area_ha":2.01}},{"type":"Feature","geometry":{"type":"Polygon","coordinates":[[[-74.199568,-43.347108],[-74.200848,-43.343993],[-74.20596,-43.34293],[-74.20557,-43.34343],[-74.20403,-43.34432],[-74.20314,-43.34504],[-74.20203,-43.34563],[-74.20008,-43.34689],[-74.199568,-43.347108]]]},"properties":{"comuna":"Quellón","mancha_id":"10208-88ce1220b1fffff","clase":"Bajo","nivel_medio":1.089,"nivel_medio_min":1.089,"nivel_medio_max":1.089,"pct_alto":0.9,"n_hexagonos":1,"area_ha":7.46}},{"type":"Feature","geometry":{"type":"Polygon","coordinates":[[[-74.21689,-43.35528],[-74.21733,-43.35534],[-74.21751,-43.35519],[-74.21769,-43.3548],[-74.21797,-43.35453],[-74.21808,-43.35445],[-74.21831,-43.35449],[-74.21858,-43.35499],[-74.21845,-43.35535],[-74.21818,-43.35578],[-74.21818,-43.35592],[-74.21826,-43.35617],[-74.21842,-43.35629],[-74.21856,-43.35656],[-74.21859,-43.35679],[-74.21782,-43.35742],[-74.21763,-43.35781],[-74.2175,-43.35797],[-74.21685,-43.35803],[-74.21667,-43.35821],[-74.21602,-43.35851],[-74.21582,-43.35871],[-74.21509,-43.35886],[-74.21484,-43.35881],[-74.21468,-43.35858],[-74.21451,-43.35811],[-74.21414,-43.35771],[-74.21404,-43.35769],[-74.21398,-43.3576],[-74.21388,-43.35757],[-74.21379,-43.35705],[-74.21393,-43.35677],[-74.2147,-43.35587],[-74.21529,-43.35566],[-74.21594,-43.35533],[-74.2165,-43.35534],[-74.21689,-43.35528]]]},"properties":{"comuna":"Quellón","mancha_id":"10208-88ce122095fffff","clase":"Bajo","nivel_medio":1.263,"nivel_medio_min":1.263,"nivel_medio_max":1.263,"pct_alto":0.0,"n_hexagonos":1,"area_ha":10.99}},{"type":"Feature","geometry":{"type":"Polygon","coordinates":[[[-74.196458,-43.367883],[-74.197344,-43.365729],[-74.198246,-43.365542],[-74.19801,-43.36587],[-74.1978,-43.36662],[-74.19752,-43.3672],[-74.19685,-43.36762],[-74.19662,-43.36787],[-74.1965,-43.36789],[-74.196458,-43.367883]]]},"properties":{"comuna":"Quellón","mancha_id":"10208-88ce122081fffff","clase":"Bajo","nivel_medio":1.483,"nivel_medio_min":1.483,"nivel_medio_max":1.483,"pct_alto":0.0,"n_hexagonos":1,"area_ha":1.35}},{"type":"Feature","geometry":{"type":"Polygon","coordinates":[[[-74.13059,-43.39064],[-74.13042,-43.39079],[-74.13026,-43.3908],[-74.13007,-43.39048],[-74.13027,-43.39023],[-74.13049,-43.39025],[-74.13059,-43.39064]]]},"properties":{"comuna":"Quellón","mancha_id":"10208-88ce122023fffff","clase":"Bajo","nivel_medio":0.942,"nivel_medio_min":0.942,"nivel_medio_max":0.942,"pct_alto":0.0,"n_hexagonos":1,"area_ha":0.18}},{"type":"Feature","geometry":{"type":"Polygon","coordinates":[[[-74.12756,-43.39189],[-74.12719,-43.39171],[-74.126964,-43.391464],[-74.127235,-43.390807],[-74.12735,-43.39077],[-74.128,-43.39083],[-74.12847,-43.391],[-74.12874,-43.39115],[-74.12935,-43.39164],[-74.12948,-43.39162],[-74.12978,-43.39145],[-74.13007,-43.3915],[-74.13021,-43.39165],[-74.13026,-43.39191],[-74.13006,-43.39226],[-74.12965,-43.39248],[-74.12924,-43.39253],[-74.12892,-43.3925],[-74.12832,-43.39234],[-74.12791,-43.39213],[-74.12756,-43.39189]]]},"properties":{"comuna":"Quellón","mancha_id":"10208-88ce122023fffff-2","clase":"Bajo","nivel_medio":0.942,"nivel_medio_min":0.942,"nivel_medio_max":0.942,"pct_alto":0.0,"n_hexagonos":1,"area_ha":3.08}},{"type":"Feature","geometry":{"type":"Polygon","coordinates":[[[-74.77335,-43.67908],[-74.77345,-43.67919],[-74.773544,-43.679644],[-74.772187,-43.679929],[-74.77219,-43.67991],[-74.77208,-43.67935],[-74.77219,-43.67899],[-74.77233,-43.67896],[-74.7731,-43.67898],[-74.77335,-43.67908]]]},"properties":{"comuna":"Quellón","mancha_id":"10208-88ce106dbbfffff","clase":"Bajo","nivel_medio":0.892,"nivel_medio_min":0.892,"nivel_medio_max":0.892,"pct_alto":2.1,"n_hexagonos":1,"area_ha":0.97}},{"type":"Feature","geometry":{"type":"Polygon","coordinates":[[[-74.75486,-43.67486],[-74.754458,-43.674531],[-74.75431,-43.67441],[-74.75358,-43.67407],[-74.75331,-43.67386],[-74.75316,-43.67383],[-74.75301,-43.67386],[-74.75262,-43.67424],[-74.75224,-43.67433],[-74.75208,-43.67432],[-74.75154,-43.67386],[-74.75135,-43.67379],[-74.75078,-43.67379],[-74.75038,-43.67373],[-74.74987,-43.67335],[-74.74967,-43.67284],[-74.74949,-43.67277],[-74.74927,-43.67295],[-74.74921,-43.67321],[-74.74933,-43.67344],[-74.74943,-43.67351],[-74.74938,-43.67388],[-74.74923,-43.67406],[-74.74911,-43.67436],[-74.74914,-43.67478],[-74.74905,-43.67524],[-74.74901,-43.67533],[-74.74883,-43.67541],[-74.74854,-43.67535],[-74.74837,-43.67512],[-74.7482,-43.67501],[-74.74743,-43.67473],[-74.7471,-43.67451],[-74.74721,-43.67425],[-74.74732,-43.67417],[-74.74766,-43.67408],[-74.74807,-43.67405],[-74.74822,-43.6739],[-74.74822,-43.67364],[-74.74761,-43.67313],[-74.74758,-43.67288],[-74.74743,-43.67261],[-74.74711,-43.67259],[-74.74682,-43.67306],[-74.74661,-43.67327],[-74.74637,-43.6733],[-74.74628,-43.67343],[-74.74601,-43.67352],[-74.74543,-43.67356],[-74.74486,-43.67334],[-74.74467,-43.67331],[-74.74429,-43.67331],[-74.744237,-43.673316],[-74.744032,-43.673149],[-74.742923,-43.673381],[-74.74262,-43.6733],[-74.74229,-43.67313],[-74.7421,-43.67271],[-74.74213,-43.67197],[-74.7424,-43.67141],[-74.74226,-43.67102],[-74.74198,-43.67087],[-74.74156,-43.67081],[-74.74132,-43.67073],[-74.74055,-43.67012],[-74.74023,-43.66962],[-74.74007,-43.66949],[-74.73957,-43.66927],[-74.73933,-43.66911],[-74.73879,-43.66861],[-74.73847,-43.6684],[-74.73834,-43.66835],[-74.73791,-43.66835],[-74.73731,-43.66896],[-74.73616,-43.66919],[-74.734849,-43.668689],[-74.73446,-43.66854],[-74.73405,-43.66823],[-74.73384,-43.66785],[-74.73353,-43.6676],[-74.733,-43.66714],[-74.73291,-43.6669],[-74.73274,-43.66674],[-74.73235,-43.66655],[-74.73183,-43.66656],[-74.73164,-43.66631],[-74.73164,-43.66594],[-74.73101,-43.66515],[-74.73088,-43.66484],[-74.73093,-43.66445],[-74.73152,-43.66424],[-74.73152,-43.66404],[-74.73114,-43.66366],[-74.73111,-43.66345],[-74.73176,-43.6634],[-74.73178,-43.66329],[-74.73169,-43.66314],[-74.731588,-43.663072],[-74.73148,-43.663],[-74.73129,-43.66266],[-74.7311,-43.66248],[-74.73085,-43.66233],[-74.73072,-43.66231],[-74.73048,-43.66233],[-74.73038,-43.66239],[-74.73046,-43.66265],[-74.73045,-43.66282],[-74.7299,-43.66313],[-74.72974,-43.66331],[-74.729692,-43.66347],[-74.72965,-43.66361],[-74.72941,-43.66374],[-74.72912,-43.66376],[-74.72879,-43.66368],[-74.728775,-43.663662],[-74.72854,-43.66338],[-74.72854,-43.66323],[-74.72886,-43.66249],[-74.729,-43.66227],[-74.72926,-43.66205],[-74.72943,-43.66175],[-74.72956,-43.66101],[-74.72952,-43.66085],[-74.72939,-43.66074],[-74.72917,-43.66065],[-74.72831,-43.66054],[-74.72821,-43.66047],[-74.7282,-43.6602],[-74.72806,-43.66006],[-74.72804,-43.65992],[-74.72815,-43.65966],[-74.7283,-43.65951],[-74.72825,-43.65934],[-74.72803,-43.65925],[-74.72765,-43.65923],[-74.72669,-43.65954],[-74.72647,-43.65953],[-74.72628,-43.6593],[-74.72625,-43.65917],[-74.72668,-43.65892],[-74.72666,-43.65874],[-74.72635,-43.65851],[-74.72577,-43.65823],[-74.72558,-43.65815],[-74.72523,-43.65809],[-74.72511,-43.658],[-74.7252,-43.65779],[-74.72579,-43.6576],[-74.72631,-43.65701],[-74.72626,-43.65681],[-74.72604,-43.65669],[-74.72569,-43.65657],[-74.72527,-43.65631],[-74.725025,-43.655992],[-74.7248,-43.6557],[-74.72436,-43.65531],[-74.72431,-43.655],[-74.72439,-43.65425],[-74.72433,-43.65392],[-74.7242,-43.65372],[-74.72375,-43.65355],[-74.72333,-43.65332],[-74.72301,-43.65329],[-74.72258,-43.65355],[-74.72239,-43.65359],[-74.72201,-43.6536],[-74.72184,-43.65356],[-74.72172,-43.6535],[-74.72155,-43.65327],[-74.72126,-43.65316],[-74.72106,-43.65315],[-74.72077,-43.65295],[-74.72065,-43.65275],[-74.72042,-43.65262],[-74.72015,-43.65257],[-74.72004,-43.65268],[-74.71999,-43.65293],[-74.71979,-43.65302],[-74.71963,-43.65302],[-74.71939,-43.65293],[-74.719253,-43.65293],[-74.71921,-43.65293],[-74.718942,-43.65304],[-74.718338,-43.653166],[-74.71743,-43.6531],[-74.71708,-43.65297],[-74.71673,-43.65283],[-74.71634,-43.65283],[-74.7161,-43.65291],[-74.71572,-43.65292],[-74.71476,-43.65271],[-74.71438,-43.65258],[-74.71352,-43.65222],[-74.71354,-43.6521],[-74.71402,-43.65186],[-74.71402,-43.65176],[-74.71372,-43.65167],[-74.71335,-43.65165],[-74.71296,-43.65132],[-74.71285,-43.6513],[-74.71217,-43.65123],[-74.712,-43.65113],[-74.71188,-43.65085],[-74.71124,-43.65044],[-74.71083,-43.65035],[-74.71061,-43.65022],[-74.71029,-43.64973],[-74.71007,-43.64953],[-74.70996,-43.64951],[-74.709649,-43.649533],[-74.70942,-43.64955],[-74.70929,-43.64963],[-74.70926,-43.64969],[-74.70934,-43.64997],[-74.709431,-43.650074],[-74.70948,-43.65013],[-74.70948,-43.65027],[-74.70937,-43.65039],[-74.709304,-43.650388],[-74.70879,-43.65037],[-74.7086,-43.65042],[-74.70822,-43.65062],[-74.70809,-43.65076],[-74.70809,-43.65084],[-74.70812,-43.65102],[-74.70793,-43.65112],[-74.70741,-43.65113],[-74.70728,-43.65105],[-74.70728,-43.65097],[-74.7075,-43.65077],[-74.70757,-43.6506],[-74.7075,-43.65055],[-74.70733,-43.65054],[-74.70698,-43.6507],[-74.70676,-43.65059],[-74.70666,-43.65023],[-74.70706,-43.64948],[-74.70713,-43.64929],[-74.7071,-43.64905],[-74.70694,-43.64894],[-74.70683,-43.64892],[-74.70672,-43.64897],[-74.70624,-43.64953],[-74.70606,-43.64965],[-74.70592,-43.64964],[-74.70573,-43.64924],[-74.70573,-43.64906],[-74.70548,-43.64832],[-74.70545,-43.64796],[-74.7054,-43.64783],[-74.70528,-43.64774],[-74.705,-43.64782],[-74.70497,-43.64788],[-74.70513,-43.6488],[-74.70505,-43.64898],[-74.70486,-43.64902],[-74.70443,-43.64884],[-74.7042,-43.64884],[-74.70374,-43.6492],[-74.7033,-43.64935],[-74.70291,-43.64938],[-74.70245,-43.64929],[-74.70226,-43.64914],[-74.70217,-43.64877],[-74.70176,-43.64819],[-74.7017,-43.64774],[-74.70135,-43.64749],[-74.70108,-43.64737],[-74.70106,-43.64706],[-74.70094,-43.64682],[-74.70064,-43.64678],[-74.69987,-43.6469],[-74.699755,-43.64686],[-74.6993,-43.6467],[-74.699,-43.64666],[-74.69886,-43.64658],[-74.69865,-43.64638],[-74.69865,-43.64625],[-74.69894,-43.64569],[-74.69888,-43.64533],[-74.69877,-43.64522],[-74.69832,-43.64515],[-74.69808,-43.64504],[-74.69791,-43.64488],[-74.69788,-43.64472],[-74.69841,-43.64432],[-74.69841,-43.64405],[-74.69814,-43.64374],[-74.69803,-43.64373],[-74.69793,-43.64376],[-74.69777,-43.64393],[-74.6976,-43.64399],[-74.69749,-43.64399],[-74.69728,-43.64389],[-74.6971,-43.64389],[-74.69694,-43.64407],[-74.69707,-43.64433],[-74.69704,-43.64445],[-74.69643,-43.6444],[-74.69627,-43.64447],[-74.69615,-43.64462],[-74.69572,-43.64471],[-74.69578,-43.64499],[-74.6963,-43.64522],[-74.69633,-43.64532],[-74.69621,-43.64547],[-74.69567,-43.64556],[-74.69549,-43.64565],[-74.6943,-43.64583],[-74.69396,-43.64601],[-74.69367,-43.64605],[-74.69356,-43.64598],[-74.69344,-43.64579],[-74.69338,-43.64542],[-74.69323,-43.64516],[-74.69273,-43.64501],[-74.6926,-43.64468],[-74.69247,-43.64456],[-74.69224,-43.64444],[-74.69178,-43.64387],[-74.69156,-43.64373],[-74.69111,-43.64373],[-74.69074,-43.64397],[-74.69058,-43.64396],[-74.69028,-43.64356],[-74.69022,-43.64352],[-74.690128,-43.643532],[-74.69006,-43.64354],[-74.68993,-43.64358],[-74.68979,-43.64362],[-74.6895,-43.6443],[-74.68912,-43.64486],[-74.68905,-43.64504],[-74.68886,-43.64523],[-74.68869,-43.64531],[-74.68849,-43.64532],[-74.68826,-43.64524],[-74.68832,-43.64458],[-74.68858,-43.64403],[-74.68862,-43.6431],[-74.68847,-43.64297],[-74.68828,-43.64289],[-74.6879,-43.64287],[-74.6877,-43.64279],[-74.68744,-43.6425],[-74.68735,-43.64219],[-74.68724,-43.64215],[-74.68692,-43.64213],[-74.68673,-43.6422],[-74.68597,-43.64226],[-74.68573,-43.64222],[-74.68562,-43.64182],[-74.6858,-43.6413],[-74.68572,-43.64102],[-74.68546,-43.64104],[-74.68527,-43.6412],[-74.68514,-43.64142],[-74.68492,-43.6416],[-74.68463,-43.64159],[-74.68419,-43.64139],[-74.68403,-43.64124],[-74.68384,-43.64092],[-74.68373,-43.64085],[-74.68362,-43.64085],[-74.68341,-43.64082],[-74.68321,-43.64087],[-74.68316,-43.64103],[-74.68319,-43.64113],[-74.68379,-43.64161],[-74.68388,-43.64189],[-74.6837,-43.6421],[-74.68374,-43.64235],[-74.68323,-43.64258],[-74.68282,-43.64257],[-74.68251,-43.64235],[-74.68239,-43.64198],[-74.68239,-43.64124],[-74.68225,-43.64089],[-74.68211,-43.64076],[-74.68168,-43.64073],[-74.68092,-43.641],[-74.68035,-43.64108],[-74.680146,-43.641085],[-74.67912,-43.64111],[-74.67886,-43.64119],[-74.67867,-43.64139],[-74.67827,-43.64146],[-74.67808,-43.64146],[-74.67751,-43.64122],[-74.67713,-43.64115],[-74.67694,-43.64114],[-74.67656,-43.64124],[-74.67602,-43.64121],[-74.67589,-43.64125],[-74.67563,-43.64163],[-74.67538,-43.64177],[-74.67516,-43.64176],[-74.67504,-43.64172],[-74.67485,-43.64149],[-74.67513,-43.64066],[-74.6751,-43.64058],[-74.67472,-43.64043],[-74.67454,-43.64043],[-74.67437,-43.64056],[-74.67425,-43.64068],[-74.67422,-43.64087],[-74.67405,-43.64099],[-74.67386,-43.641],[-74.67328,-43.64083],[-74.67271,-43.64077],[-74.67233,-43.64079],[-74.67195,-43.64088],[-74.67118,-43.64114],[-74.67061,-43.64118],[-74.67006,-43.64089],[-74.669287,-43.640812],[-74.66907,-43.64079],[-74.66877,-43.64052],[-74.66855,-43.64039],[-74.66834,-43.64039],[-74.66812,-43.64063],[-74.66791,-43.64062],[-74.66782,-43.64027],[-74.66763,-43.63996],[-74.66757,-43.63996],[-74.66686,-43.64015],[-74.6664,-43.64002],[-74.666345,-43.63993],[-74.66626,-43.63952],[-74.66594,-43.63926],[-74.66582,-43.63926],[-74.66566,-43.63938],[-74.66566,-43.63949],[-74.66561,-43.63952],[-74.66561,-43.63958],[-74.66554,-43.63961],[-74.66551,-43.63967],[-74.66534,-43.63972],[-74.6653,-43.63995],[-74.66519,-43.64008],[-74.66492,-43.64011],[-74.66426,-43.64011],[-74.664,-43.64004],[-74.66377,-43.63981],[-74.66377,-43.63969],[-74.66358,-43.63944],[-74.66324,-43.63944],[-74.66321,-43.63951],[-74.66315,-43.63953],[-74.663,-43.63978],[-74.66286,-43.63986],[-74.66264,-43.63985],[-74.6622,-43.63975],[-74.66181,-43.63976],[-74.66161,-43.6396],[-74.66158,-43.6395],[-74.66158,-43.63916],[-74.66152,-43.63899],[-74.66134,-43.63886],[-74.66107,-43.63883],[-74.66074,-43.63903],[-74.65997,-43.63934],[-74.65984,-43.63949],[-74.65977,-43.63966],[-74.65965,-43.64014],[-74.65949,-43.64032],[-74.65906,-43.64057],[-74.658925,-43.640684],[-74.658508,-43.640344],[-74.653511,-43.64139],[-74.65351,-43.64138],[-74.65344,-43.64128],[-74.65305,-43.64093],[-74.65273,-43.6408],[-74.65235,-43.64055],[-74.65231,-43.6405],[-74.65216,-43.64008],[-74.65204,-43.63996],[-74.65193,-43.63989],[-74.65169,-43.63987],[-74.65152,-43.63993],[-74.6514,-43.64003],[-74.65138,-43.64019],[-74.65135,-43.64038],[-74.65135,-43.640647],[-74.65135,-43.64092],[-74.65125,-43.64148],[-74.65122,-43.64217],[-74.65115,-43.64245],[-74.65102,-43.64272],[-74.65082,-43.64299],[-74.65056,-43.6432],[-74.65021,-43.6433],[-74.64958,-43.64334],[-74.64894,-43.6435],[-74.64889,-43.64353],[-74.64831,-43.64358],[-74.64792,-43.6437],[-74.64777,-43.64373],[-74.64742,-43.64369],[-74.64697,-43.64333],[-74.64647,-43.64279],[-74.64615,-43.64258],[-74.64584,-43.6425],[-74.64563,-43.6425],[-74.64514,-43.64276],[-74.64495,-43.64281],[-74.64469,-43.64272],[-74.64444,-43.64252],[-74.64435,-43.64196],[-74.64421,-43.64159],[-74.64408,-43.64141],[-74.64372,-43.64107],[-74.64353,-43.64095],[-74.64258,-43.64046],[-74.642169,-43.640065],[-74.64204,-43.63994],[-74.64103,-43.63934],[-74.64059,-43.63923],[-74.64014,-43.63922],[-74.63988,-43.63914],[-74.6397,-43.63891],[-74.63939,-43.63878],[-74.63927,-43.63876],[-74.6384,-43.63865],[-74.63777,-43.63865],[-74.63666,-43.63874],[-74.63621,-43.63865],[-74.63596,-43.63843],[-74.63574,-43.63831],[-74.63549,-43.63827],[-74.63501,-43.63826],[-74.63422,-43.63809],[-74.6339,-43.638],[-74.63352,-43.63773],[-74.63335,-43.63756],[-74.63308,-43.63749],[-74.63286,-43.6375],[-74.63271,-43.63766],[-74.63251,-43.63781],[-74.63228,-43.63783],[-74.63212,-43.63781],[-74.632117,-43.637809],[-74.63181,-43.63772],[-74.63165,-43.63764],[-74.63154,-43.63754],[-74.63111,-43.63702],[-74.6307,-43.63676],[-74.63039,-43.63664],[-74.63007,-43.63662],[-74.62986,-43.63667],[-74.62917,-43.637],[-74.62877,-43.6371],[-74.62826,-43.63716],[-74.62791,-43.63707],[-74.62756,-43.63685],[-74.62743,-43.63681],[-74.62731,-43.6368],[-74.62705,-43.6369],[-74.62683,-43.63703],[-74.62632,-43.63725],[-74.6253,-43.63748],[-74.62492,-43.63751],[-74.62458,-43.63741],[-74.624365,-43.63729],[-74.62413,-43.63702],[-74.62393,-43.63686],[-74.62369,-43.63683],[-74.62344,-43.63685],[-74.62301,-43.637],[-74.6229,-43.63707],[-74.62251,-43.63715],[-74.62204,-43.63698],[-74.62161,-43.63674],[-74.621588,-43.636733],[-74.62144,-43.63669],[-74.62108,-43.63671],[-74.6208,-43.63666],[-74.62046,-43.63643],[-74.62006,-43.63619],[-74.62001,-43.63614],[-74.618965,-43.635905],[-74.61837,-43.63588],[-74.61805,-43.63592],[-74.6176,-43.63609],[-74.6169,-43.63648],[-74.61627,-43.63677],[-74.61603,-43.63694],[-74.61603,-43.637],[-74.61595,-43.63702],[-74.61577,-43.63731],[-74.61577,-43.63758],[-74.61564,-43.63799],[-74.61508,-43.63824],[-74.61427,-43.63855],[-74.61413,-43.63878],[-74.61422,-43.63879],[-74.61435,-43.63876],[-74.61498,-43.63862],[-74.61533,-43.6385],[-74.61552,-43.63851],[-74.61574,-43.638565],[-74.61583,-43.63863],[-74.61582,-43.63879],[-74.615585,-43.639015],[-74.61554,-43.63906],[-74.615385,-43.639105],[-74.61511,-43.63917],[-74.61495,-43.63919],[-74.61431,-43.63919],[-74.61376,-43.63932],[-74.61362,-43.63944],[-74.61337,-43.63986],[-74.61326,-43.63993],[-74.6131,-43.63988],[-74.612735,-43.639655],[-74.612409,-43.639577],[-74.612246,-43.639443],[-74.61221,-43.63907],[-74.61205,-43.63874],[-74.61199,-43.6387],[-74.61199,-43.63847],[-74.61208,-43.63819],[-74.61212,-43.63792],[-74.61196,-43.63756],[-74.6119,-43.63751],[-74.6119,-43.63729],[-74.611945,-43.63709],[-74.61193,-43.63702],[-74.61171,-43.63674],[-74.61157,-43.63666],[-74.61147,-43.63662],[-74.61089,-43.6364],[-74.610796,-43.636309],[-74.61052,-43.636045],[-74.6104,-43.63595],[-74.61024,-43.63588],[-74.60961,-43.63581],[-74.60913,-43.63559],[-74.60902,-43.63552],[-74.60871,-43.63506],[-74.60828,-43.63483],[-74.60765,-43.63465],[-74.60733,-43.63463],[-74.60717,-43.63458],[-74.6067,-43.63438],[-74.60621,-43.63413],[-74.60544,-43.63382],[-74.60531,-43.63378],[-74.60502,-43.6338],[-74.60483,-43.63393],[-74.60459,-43.6342],[-74.60429,-43.63442],[-74.60381,-43.63456],[-74.60318,-43.63453],[-74.60238,-43.6344],[-74.60191,-43.63429],[-74.60121,-43.63425],[-74.600675,-43.634234],[-74.60022,-43.63422],[-74.59975,-43.63414],[-74.59918,-43.63394],[-74.59864,-43.63367],[-74.5979,-43.63334],[-74.59656,-43.63247],[-74.59629,-43.63237],[-74.59605,-43.63215],[-74.59577,-43.63165],[-74.59577,-43.63159],[-74.59549,-43.63138],[-74.5953,-43.63129],[-74.59492,-43.6312],[-74.59454,-43.63116],[-74.59397,-43.63104],[-74.59369,-43.63093],[-74.59347,-43.63067],[-74.59335,-43.63049],[-74.59321,-43.6304],[-74.59304,-43.63034],[-74.59284,-43.63034],[-74.59276,-43.63038],[-74.59261,-43.63052],[-74.59237,-43.63084],[-74.59182,-43.63123],[-74.59182,-43.63135],[-74.59201,-43.63165],[-74.59201,-43.631775],[-74.59191,-43.63189],[-74.59168,-43.63192],[-74.5912,-43.63183],[-74.590759,-43.631656],[-74.591863,-43.628937],[-74.587748,-43.625574],[-74.581761,-43.626824],[-74.579887,-43.631437],[-74.5739,-43.632687],[-74.573046,-43.631989],[-74.57291,-43.63179],[-74.57237,-43.63123],[-74.57212,-43.6309],[-74.57206,-43.6309],[-74.57182,-43.63078],[-74.571517,-43.630739],[-74.571182,-43.630465],[-74.57114,-43.63035],[-74.57094,-43.63022],[-74.570884,-43.630221],[-74.569787,-43.629324],[-74.57166,-43.624711],[-74.567548,-43.621348],[-74.5621,-43.622485],[-74.56176,-43.62249],[-74.56154,-43.62246],[-74.561238,-43.622332],[-74.559308,-43.620753],[-74.55944,-43.62058],[-74.55994,-43.62017],[-74.56039,-43.61962],[-74.56058,-43.61947],[-74.56125,-43.61917],[-74.56214,-43.61891],[-74.56258,-43.61869],[-74.56287,-43.61865],[-74.56331,-43.61866],[-74.56376,-43.61862],[-74.5642,-43.61854],[-74.56457,-43.61843],[-74.56471,-43.61844],[-74.56555,-43.61861],[-74.56617,-43.61881],[-74.5662,-43.61886],[-74.56643,-43.61894],[-74.56658,-43.61894],[-74.56702,-43.61882],[-74.56737,-43.61864],[-74.56747,-43.6186],[-74.56775,-43.61854],[-74.5682,-43.61854],[-74.5685,-43.61851],[-74.56875,-43.61831],[-74.56876,-43.61798],[-74.56876,-43.61764],[-74.56865,-43.61736],[-74.56843,-43.6171],[-74.56788,-43.61672],[-74.567865,-43.61642],[-74.56785,-43.61635],[-74.56741,-43.61573],[-74.56751,-43.61555],[-74.56771,-43.61542],[-74.56778,-43.615393],[-74.569422,-43.616735],[-74.572455,-43.616102],[-74.57288,-43.61616],[-74.5731,-43.61616],[-74.57354,-43.61607],[-74.57399,-43.61591],[-74.57447,-43.61589],[-74.57466,-43.61579],[-74.57473,-43.61573],[-74.574733,-43.615626],[-74.575407,-43.615485],[-74.57728,-43.610872],[-74.574679,-43.608745],[-74.57463,-43.60815],[-74.5746,-43.60759],[-74.57464,-43.60723],[-74.57477,-43.6068],[-74.574725,-43.606515],[-74.57466,-43.60642],[-74.57458,-43.60641],[-74.5745,-43.60635],[-74.57409,-43.60639],[-74.5738,-43.60649],[-74.573521,-43.60664],[-74.575041,-43.602897],[-74.581025,-43.601646],[-74.582897,-43.597034],[-74.57907,-43.593904],[-74.57917,-43.59389],[-74.57927,-43.59383],[-74.57947,-43.59383],[-74.57992,-43.59361],[-74.58014,-43.59353],[-74.58038,-43.59349],[-74.5806,-43.59352],[-74.580748,-43.59363],[-74.58101,-43.59395],[-74.58107,-43.59398],[-74.5811,-43.59406],[-74.58145,-43.59421],[-74.58184,-43.59421],[-74.58205,-43.59411],[-74.58215,-43.59384],[-74.58236,-43.59358],[-74.58274,-43.59358],[-74.58283,-43.59359],[-74.58315,-43.59368],[-74.58327,-43.593865],[-74.58334,-43.594],[-74.58342,-43.59405],[-74.58366,-43.59404],[-74.58375,-43.59397],[-74.583855,-43.593945],[-74.58418,-43.59395],[-74.58426,-43.594],[-74.58443,-43.59425],[-74.5844,-43.59449],[-74.58435,-43.59456],[-74.58437,-43.59492],[-74.58446,-43.59499],[-74.58475,-43.59496],[-74.58484,-43.59488],[-74.5851,-43.59415],[-74.58523,-43.59341],[-74.58531,-43.59322],[-74.58541,-43.59315],[-74.58563,-43.59308],[-74.58585,-43.59307],[-74.58622,-43.59291],[-74.58613,-43.5923],[-74.58624,-43.59219],[-74.58668,-43.59215],[-74.58698,-43.59187],[-74.58713,-43.59185],[-74.58722,-43.59211],[-74.58723,-43.59248],[-74.58728,-43.59258],[-74.58738,-43.59263],[-74.5876,-43.59263],[-74.58766,-43.59257],[-74.58769,-43.59246],[-74.58771,-43.59178],[-74.58795,-43.59156],[-74.58808,-43.5915],[-74.5884,-43.59143],[-74.58878,-43.59145],[-74.58921,-43.59152],[-74.58998,-43.59198],[-74.590366,-43.592122],[-74.588881,-43.595782],[-74.592994,-43.599144],[-74.598978,-43.597892],[-74.600849,-43.593279],[-74.606833,-43.592026],[-74.608703,-43.587412],[-74.60459,-43.584051],[-74.606459,-43.579437],[-74.612442,-43.578184],[-74.616556,-43.581545],[-74.62254,-43.580291],[-74.624408,-43.575677],[-74.630391,-43.574423],[-74.634507,-43.577783],[-74.640491,-43.576528],[-74.642358,-43.571913],[-74.648341,-43.570657],[-74.650208,-43.566042],[-74.646091,-43.562683],[-74.647958,-43.558067],[-74.65394,-43.556811],[-74.658056,-43.56017],[-74.664039,-43.558914],[-74.668157,-43.562273],[-74.67414,-43.561016],[-74.67826,-43.564375],[-74.676395,-43.568991],[-74.680515,-43.57235],[-74.678651,-43.576967],[-74.682772,-43.580326],[-74.688758,-43.579069],[-74.69288,-43.582428],[-74.698867,-43.58117],[-74.70299,-43.584529],[-74.708977,-43.58327],[-74.713102,-43.58663],[-74.71909,-43.58537],[-74.720952,-43.580752],[-74.72694,-43.579492],[-74.728801,-43.574873],[-74.724676,-43.571515],[-74.718689,-43.572775],[-74.716827,-43.577393],[-74.71084,-43.578652],[-74.706716,-43.575294],[-74.70073,-43.576552],[-74.696607,-43.573193],[-74.690622,-43.574452],[-74.6865,-43.571092],[-74.688364,-43.566476],[-74.684244,-43.563117],[-74.686107,-43.5585],[-74.681988,-43.555142],[-74.683851,-43.550525],[-74.679733,-43.547167],[-74.681494,-43.542804],[-74.68204,-43.54308],[-74.6827,-43.54313],[-74.68291,-43.54301],[-74.68301,-43.54276],[-74.68299,-43.54258],[-74.682881,-43.54228],[-74.687578,-43.541292],[-74.688037,-43.540152],[-74.68843,-43.54018],[-74.6897,-43.54033],[-74.69002,-43.54043],[-74.69043,-43.54067],[-74.69072,-43.54064],[-74.69119,-43.54046],[-74.69123,-43.5404],[-74.69099,-43.5401],[-74.69053,-43.53973],[-74.69015,-43.53975],[-74.68985,-43.53967],[-74.68976,-43.53927],[-74.68945,-43.53901],[-74.68907,-43.53896],[-74.68872,-43.53898],[-74.688566,-43.538843],[-74.688909,-43.537991],[-74.68903,-43.53789],[-74.68916,-43.53769],[-74.68916,-43.53737],[-74.68944,-43.536675],[-74.690017,-43.536554],[-74.6911,-43.53663],[-74.6918,-43.5362],[-74.691811,-43.536176],[-74.692958,-43.535935],[-74.69337,-43.53611],[-74.69452,-43.53598],[-74.69484,-43.5359],[-74.69563,-43.5361],[-74.696005,-43.53601],[-74.696016,-43.535901],[-74.699541,-43.538774],[-74.705523,-43.537514],[-74.709644,-43.540871],[-74.715627,-43.539611],[-74.717487,-43.534994],[-74.72347,-43.533733],[-74.72533,-43.529115],[-74.731311,-43.527853],[-74.732046,-43.526028],[-74.73231,-43.52604],[-74.7326,-43.52602],[-74.73274,-43.52595],[-74.73314,-43.52551],[-74.73353,-43.52545],[-74.73396,-43.52561],[-74.73453,-43.52603],[-74.73491,-43.52622],[-74.7352,-43.5263],[-74.73605,-43.52642],[-74.73659,-43.52661],[-74.7367,-43.5267],[-74.73761,-43.52677],[-74.73767,-43.52682],[-74.73783,-43.52742],[-74.73792,-43.52753],[-74.73818,-43.5276],[-74.73833,-43.52753],[-74.73838,-43.52737],[-74.7384,-43.52655],[-74.73848,-43.52627],[-74.73906,-43.52577],[-74.73925,-43.52532],[-74.73912,-43.52469],[-74.74005,-43.52343],[-74.740177,-43.522807],[-74.74023,-43.52255],[-74.74006,-43.52181],[-74.74009,-43.52144],[-74.74022,-43.52113],[-74.74066,-43.52096],[-74.74082,-43.52082],[-74.74082,-43.52052],[-74.7406,-43.52024],[-74.74057,-43.51997],[-74.7414,-43.51907],[-74.74143,-43.51892],[-74.7415,-43.51888],[-74.74147,-43.51863],[-74.74128,-43.51807],[-74.74128,-43.51789],[-74.74146,-43.51763],[-74.74204,-43.51762],[-74.74213,-43.51755],[-74.74229,-43.5172],[-74.74254,-43.51705],[-74.74281,-43.51704],[-74.74317,-43.51715],[-74.74352,-43.51715],[-74.74387,-43.51682],[-74.74397,-43.51682],[-74.74411,-43.51697],[-74.74414,-43.51716],[-74.74439,-43.51746],[-74.74437,-43.51794],[-74.74427,-43.51798],[-74.74415,-43.51789],[-74.74403,-43.51789],[-74.74393,-43.51796],[-74.7439,-43.51833],[-74.74356,-43.51876],[-74.74362,-43.51887],[-74.74377,-43.51893],[-74.74391,-43.51889],[-74.74437,-43.51892],[-74.74445,-43.51897],[-74.74447,-43.51905],[-74.74434,-43.51942],[-74.74423,-43.51956],[-74.74384,-43.51978],[-74.7438,-43.51993],[-74.74384,-43.52011],[-74.74394,-43.52023],[-74.74397,-43.5206],[-74.74384,-43.52078],[-74.74374,-43.52083],[-74.74365,-43.52112],[-74.74385,-43.52128],[-74.74425,-43.52141],[-74.74436,-43.52157],[-74.74434,-43.52191],[-74.74472,-43.52265],[-74.74491,-43.52321],[-74.74494,-43.52358],[-74.74478,-43.52395],[-74.74471,-43.5245],[-74.744738,-43.525021],[-74.74474,-43.52506],[-74.74518,-43.526],[-74.74511,-43.52693],[-74.74527,-43.5273],[-74.74549,-43.52767],[-74.74609,-43.52829],[-74.74609,-43.52933],[-74.74621,-43.52985],[-74.7462,-43.52993],[-74.74593,-43.53014],[-74.74586,-43.53025],[-74.74586,-43.53044],[-74.74596,-43.53062],[-74.74637,-43.53106],[-74.74643,-43.53151],[-74.74635,-43.53185],[-74.74644,-43.53222],[-74.74646,-43.53259],[-74.746388,-43.533126],[-74.745541,-43.533304],[-74.743682,-43.537923],[-74.747807,-43.54128],[-74.746836,-43.543693],[-74.74679,-43.54366],[-74.74637,-43.54363],[-74.74619,-43.5437],[-74.74612,-43.54373],[-74.74615,-43.54385],[-74.74652,-43.54416],[-74.746608,-43.54426],[-74.745948,-43.545899],[-74.749584,-43.548858],[-74.74959,-43.54934],[-74.74972,-43.54978],[-74.74965,-43.55006],[-74.74948,-43.5501],[-74.74872,-43.55004],[-74.74821,-43.54981],[-74.74789,-43.54978],[-74.74764,-43.54969],[-74.74667,-43.54922],[-74.74637,-43.54923],[-74.74616,-43.5493],[-74.74607,-43.54945],[-74.7461,-43.54977],[-74.74605,-43.54986],[-74.7458,-43.54991],[-74.74522,-43.54982],[-74.74503,-43.54984],[-74.74417,-43.55024],[-74.74342,-43.55033],[-74.74336,-43.55048],[-74.74345,-43.55056],[-74.74367,-43.5506],[-74.74436,-43.55058],[-74.74468,-43.55064],[-74.74487,-43.55076],[-74.74509,-43.5511],[-74.74538,-43.55125],[-74.74569,-43.55127],[-74.74627,-43.55104],[-74.74668,-43.55111],[-74.74696,-43.55132],[-74.74728,-43.55175],[-74.74783,-43.55221],[-74.7482,-43.55229],[-74.74852,-43.5523],[-74.74871,-43.55225],[-74.748864,-43.552263],[-74.748215,-43.553875],[-74.742229,-43.555137],[-74.740369,-43.559756],[-74.744496,-43.563114],[-74.745511,-43.5629],[-74.74542,-43.56302],[-74.74461,-43.56379],[-74.74451,-43.56407],[-74.74458,-43.56441],[-74.74506,-43.56508],[-74.74584,-43.56569],[-74.7463,-43.56593],[-74.74668,-43.56606],[-74.74801,-43.5662],[-74.74947,-43.56619],[-74.74975,-43.566],[-74.74969,-43.56502],[-74.74939,-43.56364],[-74.74947,-43.5634],[-74.74958,-43.56335],[-74.74985,-43.56335],[-74.75006,-43.56351],[-74.75058,-43.56376],[-74.75113,-43.56444],[-74.75156,-43.56468],[-74.75186,-43.56466],[-74.75209,-43.56458],[-74.75266,-43.56455],[-74.7532,-43.56472],[-74.75367,-43.56494],[-74.7545,-43.56513],[-74.75455,-43.565161],[-74.75461,-43.56521],[-74.754624,-43.565207],[-74.75505,-43.56547],[-74.75564,-43.56608],[-74.75603,-43.56641],[-74.75627,-43.56651],[-74.75641,-43.56653],[-74.75648,-43.56648],[-74.75697,-43.5661],[-74.75724,-43.56583],[-74.75736,-43.56518],[-74.75752,-43.56511],[-74.75793,-43.56513],[-74.75834,-43.56522],[-74.75877,-43.56521],[-74.75898,-43.56502],[-74.75903,-43.56486],[-74.758701,-43.564347],[-74.759268,-43.564228],[-74.75952,-43.56441],[-74.75999,-43.56488],[-74.76036,-43.56537],[-74.76051,-43.56634],[-74.76061,-43.5665],[-74.76097,-43.56672],[-74.76165,-43.56702],[-74.76191,-43.56727],[-74.76192,-43.56796],[-74.76203,-43.56825],[-74.76225,-43.56854],[-74.7626,-43.56886],[-74.76291,-43.5693],[-74.76322,-43.56956],[-74.76366,-43.56956],[-74.76382,-43.56951],[-74.763843,-43.569499],[-74.762867,-43.571925],[-74.766997,-43.575283],[-74.772985,-43.57402],[-74.777116,-43.577378],[-74.783106,-43.576114],[-74.787238,-43.579472],[-74.793228,-43.578208],[-74.795085,-43.573587],[-74.801075,-43.572322],[-74.805208,-43.575679],[-74.811199,-43.574414],[-74.815334,-43.577771],[-74.813478,-43.582394],[-74.807487,-43.583659],[-74.803352,-43.580301],[-74.797361,-43.581566],[-74.795504,-43.586187],[-74.799639,-43.589545],[-74.80563,-43.58828],[-74.809766,-43.591638],[-74.80791,-43.59626],[-74.801917,-43.597524],[-74.797782,-43.594166],[-74.79179,-43.59543],[-74.787656,-43.592072],[-74.781664,-43.593335],[-74.779806,-43.597956],[-74.773814,-43.599219],[-74.769682,-43.59586],[-74.763691,-43.597122],[-74.761831,-43.601742],[-74.755839,-43.603004],[-74.751709,-43.599645],[-74.745718,-43.600906],[-74.743857,-43.605525],[-74.737865,-43.606785],[-74.733736,-43.603426],[-74.735598,-43.598807],[-74.73147,-43.595448],[-74.725481,-43.596707],[-74.721354,-43.593348],[-74.715365,-43.594607],[-74.713502,-43.599225],[-74.717628,-43.602585],[-74.723618,-43.601326],[-74.727746,-43.604686],[-74.725883,-43.609305],[-74.719893,-43.610564],[-74.718029,-43.615182],[-74.712038,-43.616441],[-74.710174,-43.621059],[-74.704182,-43.622317],[-74.702318,-43.626935],[-74.696326,-43.628192],[-74.692199,-43.624831],[-74.686208,-43.626088],[-74.684342,-43.630705],[-74.67835,-43.631961],[-74.674226,-43.6286],[-74.668235,-43.629855],[-74.666367,-43.634472],[-74.670491,-43.637834],[-74.676483,-43.636579],[-74.680609,-43.63994],[-74.686602,-43.638684],[-74.690728,-43.642046],[-74.696722,-43.64079],[-74.700849,-43.644151],[-74.706843,-43.642894],[-74.708708,-43.638276],[-74.714702,-43.637018],[-74.718832,-43.640379],[-74.724826,-43.639121],[-74.728957,-43.642482],[-74.734952,-43.641223],[-74.736815,-43.636603],[-74.742809,-43.635344],[-74.744672,-43.630724],[-74.74054,-43.627364],[-74.742402,-43.622744],[-74.748395,-43.621484],[-74.750257,-43.616864],[-74.746126,-43.613504],[-74.747987,-43.608885],[-74.753979,-43.607624],[-74.75811,-43.610983],[-74.75625,-43.615603],[-74.760382,-43.618963],[-74.758521,-43.623583],[-74.752527,-43.624844],[-74.750666,-43.629464],[-74.754799,-43.632824],[-74.752937,-43.637445],[-74.757071,-43.640805],[-74.763066,-43.639545],[-74.767201,-43.642905],[-74.773198,-43.641644],[-74.777334,-43.645004],[-74.775474,-43.649626],[-74.779611,-43.652986],[-74.785609,-43.651725],[-74.786864,-43.652744],[-74.78678,-43.65277],[-74.7864,-43.65282],[-74.78582,-43.65281],[-74.78487,-43.65277],[-74.78461,-43.65284],[-74.78461,-43.65299],[-74.7848,-43.65309],[-74.78531,-43.65323],[-74.78569,-43.65326],[-74.78587,-43.65335],[-74.78582,-43.65349],[-74.78539,-43.65347],[-74.78495,-43.65355],[-74.78498,-43.65369],[-74.78528,-43.65386],[-74.78537,-43.65403],[-74.78512,-43.65434],[-74.78472,-43.65466],[-74.78465,-43.65503],[-74.78475,-43.65516],[-74.78502,-43.65516],[-74.78531,-43.65496],[-74.78556,-43.65463],[-74.78572,-43.65454],[-74.78585,-43.65453],[-74.78614,-43.65457],[-74.78648,-43.65474],[-74.78656,-43.65481],[-74.78653,-43.65508],[-74.78642,-43.65529],[-74.78561,-43.6558],[-74.7853,-43.65617],[-74.78492,-43.65652],[-74.78399,-43.65717],[-74.7835,-43.65741],[-74.78321,-43.65767],[-74.78324,-43.65774],[-74.78336,-43.65779],[-74.78364,-43.65785],[-74.78447,-43.65788],[-74.78464,-43.65804],[-74.78458,-43.65824],[-74.78381,-43.65861],[-74.78381,-43.65875],[-74.78426,-43.659],[-74.78488,-43.65903],[-74.78528,-43.65919],[-74.78548,-43.65984],[-74.785454,-43.660218],[-74.78543,-43.66058],[-74.78527,-43.66095],[-74.78455,-43.6618],[-74.78453,-43.66216],[-74.78491,-43.66261],[-74.78499,-43.66279],[-74.78577,-43.6633],[-74.78572,-43.66376],[-74.78473,-43.6644],[-74.78405,-43.66449],[-74.78398,-43.6647],[-74.78408,-43.66496],[-74.78395,-43.66515],[-74.78385,-43.66546],[-74.78373,-43.66553],[-74.78352,-43.66561],[-74.7833,-43.66556],[-74.78312,-43.66531],[-74.78295,-43.66517],[-74.78285,-43.66511],[-74.78274,-43.66513],[-74.7818,-43.66574],[-74.78135,-43.66587],[-74.78065,-43.66594],[-74.780537,-43.666004],[-74.78037,-43.6661],[-74.78022,-43.66624],[-74.78022,-43.66634],[-74.78021,-43.66663],[-74.78031,-43.66674],[-74.78046,-43.6669],[-74.7813,-43.66745],[-74.78127,-43.66838],[-74.78133,-43.66893],[-74.78128,-43.66915],[-74.78083,-43.66938],[-74.78061,-43.66939],[-74.78039,-43.66938],[-74.77988,-43.66923],[-74.7795,-43.66923],[-74.77887,-43.66963],[-74.77859,-43.66968],[-74.77829,-43.66985],[-74.77793,-43.67014],[-74.77763,-43.67077],[-74.77763,-43.67166],[-74.77777,-43.67187],[-74.77805,-43.67193],[-74.7785,-43.67215],[-74.77875,-43.67218],[-74.77885,-43.67223],[-74.77886,-43.67232],[-74.77848,-43.67276],[-74.7777,-43.67314],[-74.77735,-43.67324],[-74.77713,-43.67324],[-74.7769,-43.67318],[-74.77614,-43.6729],[-74.77598,-43.67289],[-74.77584,-43.67298],[-74.77587,-43.67324],[-74.77597,-43.67339],[-74.77676,-43.67382],[-74.77685,-43.67407],[-74.77687,-43.67423],[-74.77682,-43.67429],[-74.77669,-43.6744],[-74.77642,-43.67439],[-74.77598,-43.67423],[-74.775561,-43.67423],[-74.77509,-43.67423],[-74.77486,-43.67414],[-74.77464,-43.67414],[-74.77431,-43.67421],[-74.77402,-43.67442],[-74.77399,-43.67474],[-74.77426,-43.67511],[-74.7747,-43.67552],[-74.775,-43.67614],[-74.77492,-43.67663],[-74.77493,-43.677],[-74.77489,-43.67721],[-74.77474,-43.67732],[-74.77382,-43.67737],[-74.77374,-43.67744],[-74.77367,-43.67762],[-74.77366,-43.67797],[-74.77342,-43.67808],[-74.77297,-43.67811],[-74.7728,-43.67804],[-74.77177,-43.6773],[-74.77132,-43.67708],[-74.7705,-43.67683],[-74.7705,-43.67665],[-74.77093,-43.67623],[-74.77086,-43.67612],[-74.77066,-43.67609],[-74.77037,-43.67613],[-74.77005,-43.6766],[-74.76992,-43.67669],[-74.76975,-43.67674],[-74.76925,-43.67661],[-74.76862,-43.6763],[-74.76841,-43.6763],[-74.76824,-43.67641],[-74.76827,-43.6768],[-74.76962,-43.67765],[-74.77005,-43.67801],[-74.77033,-43.67838],[-74.77077,-43.67868],[-74.77111,-43.67905],[-74.77164,-43.67997],[-74.771698,-43.680032],[-74.768442,-43.680716],[-74.764304,-43.677354],[-74.763283,-43.677568],[-74.76336,-43.67751],[-74.76354,-43.67726],[-74.76354,-43.67716],[-74.76313,-43.67642],[-74.76231,-43.67531],[-74.76206,-43.67463],[-74.76182,-43.67441],[-74.7616,-43.67431],[-74.76121,-43.67427],[-74.76105,-43.6742],[-74.76091,-43.67395],[-74.76083,-43.67339],[-74.76066,-43.67317],[-74.76045,-43.67318],[-74.76037,-43.67335],[-74.76058,-43.6739],[-74.76078,-43.67427],[-74.76085,-43.67464],[-74.76081,-43.67482],[-74.76057,-43.67504],[-74.7603,-43.67499],[-74.76014,-43.67488],[-74.76008,-43.67464],[-74.76008,-43.67412],[-74.75991,-43.67385],[-74.75978,-43.67385],[-74.75943,-43.67397],[-74.75921,-43.67411],[-74.75891,-43.67408],[-74.75886,-43.67404],[-74.75888,-43.67385],[-74.75916,-43.67356],[-74.75916,-43.67344],[-74.75912,-43.67325],[-74.75861,-43.67233],[-74.75853,-43.67177],[-74.75827,-43.67166],[-74.75807,-43.67165],[-74.75785,-43.67154],[-74.75768,-43.67155],[-74.75754,-43.67173],[-74.7578,-43.67237],[-74.75775,-43.67255],[-74.75759,-43.67285],[-74.7575,-43.67292],[-74.7573,-43.673],[-74.75692,-43.67306],[-74.75635,-43.67311],[-74.75616,-43.67326],[-74.75598,-43.67354],[-74.75592,-43.67373],[-74.7562,-43.67409],[-74.7563,-43.67431],[-74.7563,-43.6746],[-74.75622,-43.67469],[-74.75612,-43.67477],[-74.7559,-43.67476],[-74.75566,-43.67454],[-74.75545,-43.6745],[-74.75517,-43.67482],[-74.75507,-43.67486],[-74.75486,-43.67486]],[[-74.658442,-43.572761],[-74.652458,-43.574017],[-74.650592,-43.578633],[-74.644607,-43.579888],[-74.64274,-43.584503],[-74.646858,-43.587864],[-74.652843,-43.586608],[-74.656962,-43.589969],[-74.662948,-43.588713],[-74.664814,-43.584097],[-74.6708,-43.58284],[-74.672665,-43.578224],[-74.668546,-43.574864],[-74.662561,-43.576121],[-74.658442,-43.572761]],[[-74.667069,-43.592073],[-74.665202,-43.596689],[-74.669323,-43.60005],[-74.675311,-43.598794],[-74.677177,-43.594177],[-74.683164,-43.59292],[-74.687287,-43.59628],[-74.693275,-43.595022],[-74.695139,-43.590405],[-74.691016,-43.587045],[-74.685029,-43.588303],[-74.680907,-43.584943],[-74.674921,-43.5862],[-74.673055,-43.590817],[-74.667069,-43.592073]],[[-74.714165,-43.556822],[-74.712303,-43.56144],[-74.716427,-43.564798],[-74.722412,-43.563538],[-74.724273,-43.55892],[-74.72015,-43.555562],[-74.714165,-43.556822]],[[-74.658121,-43.627749],[-74.653999,-43.624387],[-74.648009,-43.625641],[-74.643888,-43.62228],[-74.637899,-43.623533],[-74.63603,-43.628149],[-74.64015,-43.631511],[-74.646141,-43.630257],[-74.650262,-43.633619],[-74.656253,-43.632365],[-74.658121,-43.627749]],[[-74.731066,-43.582851],[-74.729205,-43.58747],[-74.733332,-43.590828],[-74.739321,-43.589568],[-74.741182,-43.584949],[-74.737054,-43.58159],[-74.731066,-43.582851]],[[-74.74735,-43.651306],[-74.741354,-43.652565],[-74.73949,-43.657185],[-74.743624,-43.660546],[-74.749622,-43.659287],[-74.751484,-43.654667],[-74.74735,-43.651306]]]},"properties":{"comuna":"Quellón","mancha_id":"10208-88ce106db1fffff","clase":"Bajo","nivel_medio":1.32,"nivel_medio_min":0.602,"nivel_medio_max":1.493,"pct_alto":0.2,"n_hexagonos":198,"area_ha":12535.42}},{"type":"Feature","geometry":{"type":"Polygon","coordinates":[[[-73.62095,-43.05368],[-73.62065,-43.05368],[-73.62055,-43.05367],[-73.620542,-43.053667],[-73.621489,-43.053472],[-73.62137,-43.05355],[-73.62095,-43.05368]]]},"properties":{"comuna":"Quellón","mancha_id":"10208-88ceacd76dfffff","clase":"Medio","nivel_medio":2.377,"nivel_medio_min":2.377,"nivel_medio_max":2.377,"pct_alto":26.7,"n_hexagonos":1,"area_ha":0.05}},{"type":"Feature","geometry":{"type":"Polygon","coordinates":[[[-73.61956,-43.05419],[-73.61917,-43.05433],[-73.618671,-43.054439],[-73.618849,-43.054014],[-73.620079,-43.053762],[-73.61993,-43.054],[-73.61956,-43.05419]]]},"properties":{"comuna":"Quellón","mancha_id":"10208-88ceacd76dfffff-2","clase":"Medio","nivel_medio":2.377,"nivel_medio_min":2.377,"nivel_medio_max":2.377,"pct_alto":26.7,"n_hexagonos":1,"area_ha":0.37}},{"type":"Feature","geometry":{"type":"Polygon","coordinates":[[[-73.667828,-43.039762],[-73.671798,-43.043118],[-73.677682,-43.041905],[-73.681654,-43.045261],[-73.679742,-43.04983],[-73.673857,-43.051042],[-73.671945,-43.05561],[-73.66606,-43.056822],[-73.662088,-43.053466],[-73.664002,-43.048898],[-73.660031,-43.045542],[-73.661944,-43.040974],[-73.667828,-43.039762]]]},"properties":{"comuna":"Quellón","mancha_id":"10208-88ceacd70bfffff","clase":"Medio","nivel_medio":1.6,"nivel_medio_min":1.555,"nivel_medio_max":1.658,"pct_alto":6.3,"n_hexagonos":3,"area_ha":200.08}},{"type":"Feature","geometry":{"type":"Polygon","coordinates":[[[-73.809415,-43.035561],[-73.807512,-43.040134],[-73.801622,-43.041355],[-73.797638,-43.038001],[-73.799542,-43.033428],[-73.80543,-43.032207],[-73.809415,-43.035561]]]},"properties":{"comuna":"Quellón","mancha_id":"10208-88ceacd6d9fffff","clase":"Medio","nivel_medio":1.868,"nivel_medio_min":1.868,"nivel_medio_max":1.868,"pct_alto":0.0,"n_hexagonos":1,"area_ha":66.84}},{"type":"Feature","geometry":{"type":"Polygon","coordinates":[[[-73.759733,-42.999898],[-73.763711,-43.003251],[-73.769594,-43.002032],[-73.771499,-42.99746],[-73.777382,-42.996241],[-73.781361,-42.999593],[-73.779457,-43.004165],[-73.773573,-43.005384],[-73.771669,-43.009956],[-73.765784,-43.011175],[-73.761806,-43.007822],[-73.755922,-43.009041],[-73.751945,-43.005688],[-73.753851,-43.001117],[-73.759733,-42.999898]]]},"properties":{"comuna":"Quellón","mancha_id":"10208-88ceacd6a1fffff","clase":"Medio","nivel_medio":1.728,"nivel_medio_min":1.568,"nivel_medio_max":1.872,"pct_alto":8.5,"n_hexagonos":3,"area_ha":200.34}},{"type":"Feature","geometry":{"type":"Polygon","coordinates":[[[-73.754846,-43.0761],[-73.752937,-43.080672],[-73.747046,-43.081888],[-73.743064,-43.078532],[-73.744973,-43.073961],[-73.750863,-43.072745],[-73.754846,-43.0761]]]},"properties":{"comuna":"Quellón","mancha_id":"10208-88ceacd659fffff","clase":"Medio","nivel_medio":1.668,"nivel_medio_min":1.668,"nivel_medio_max":1.668,"pct_alto":2.3,"n_hexagonos":1,"area_ha":66.8}},{"type":"Feature","geometry":{"type":"Polygon","coordinates":[[[-73.764215,-43.040741],[-73.762309,-43.045313],[-73.76629,-43.048668],[-73.764384,-43.05324],[-73.758495,-43.054457],[-73.756587,-43.059029],[-73.760569,-43.062384],[-73.758662,-43.066956],[-73.752772,-43.068173],[-73.74879,-43.064817],[-73.750698,-43.060246],[-73.746718,-43.056891],[-73.748626,-43.052319],[-73.754514,-43.051102],[-73.756421,-43.046531],[-73.752441,-43.043176],[-73.754348,-43.038605],[-73.760235,-43.037387],[-73.764215,-43.040741]]]},"properties":{"comuna":"Quellón","mancha_id":"10208-88ceacd613fffff","clase":"Medio","nivel_medio":1.7,"nivel_medio_min":1.52,"nivel_medio_max":1.845,"pct_alto":0.2,"n_hexagonos":4,"area_ha":267.18}},{"type":"Feature","geometry":{"type":"Polygon","coordinates":[[[-73.704116,-42.952969],[-73.702209,-42.957537],[-73.696333,-42.958753],[-73.692366,-42.955401],[-73.694274,-42.950833],[-73.700148,-42.949617],[-73.704116,-42.952969]]]},"properties":{"comuna":"Quellón","mancha_id":"10208-88ceacd589fffff","clase":"Medio","nivel_medio":1.583,"nivel_medio_min":1.583,"nivel_medio_max":1.583,"pct_alto":14.4,"n_hexagonos":1,"area_ha":66.68}},{"type":"Feature","geometry":{"type":"Polygon","coordinates":[[[-73.718557,-43.008419],[-73.716649,-43.012989],[-73.720623,-43.016343],[-73.726506,-43.015127],[-73.728414,-43.010557],[-73.734297,-43.00934],[-73.738272,-43.012693],[-73.736365,-43.017264],[-73.740342,-43.020618],[-73.738434,-43.025188],[-73.73255,-43.026405],[-73.728574,-43.023051],[-73.72269,-43.024267],[-73.720781,-43.028837],[-73.714897,-43.030052],[-73.710922,-43.026698],[-73.705039,-43.027913],[-73.701065,-43.024558],[-73.702975,-43.019989],[-73.708858,-43.018774],[-73.710767,-43.014205],[-73.706794,-43.010851],[-73.708703,-43.006282],[-73.714584,-43.005066],[-73.718557,-43.008419]]]},"properties":{"comuna":"Quellón","mancha_id":"10208-88ceacd409fffff","clase":"Medio","nivel_medio":1.632,"nivel_medio_min":1.502,"nivel_medio_max":1.965,"pct_alto":0.4,"n_hexagonos":7,"area_ha":467.15}},{"type":"Feature","geometry":{"type":"Polygon","coordinates":[[[-73.572279,-43.1178],[-73.576248,-43.116988],[-73.578914,-43.119247],[-73.5789,-43.11924],[-73.57869,-43.11916],[-73.57849,-43.11907],[-73.57811,-43.11888],[-73.57791,-43.11882],[-73.57769,-43.11875],[-73.57724,-43.11865],[-73.57658,-43.11857],[-73.57614,-43.11856],[-73.57569,-43.11851],[-73.57481,-43.11845],[-73.57459,-43.11843],[-73.57436,-43.11839],[-73.5737,-43.11824],[-73.57348,-43.11817],[-73.57326,-43.11811],[-73.57304,-43.11804],[-73.57282,-43.11798],[-73.572279,-43.1178]]]},"properties":{"comuna":"Quellón","mancha_id":"10208-88ceacd219fffff","clase":"Medio","nivel_medio":2.35,"nivel_medio_min":2.35,"nivel_medio_max":2.35,"pct_alto":42.4,"n_hexagonos":1,"area_ha":4.85}},{"type":"Feature","geometry":{"type":"Polygon","coordinates":[[[-73.470544,-43.042719],[-73.467573,-43.043326],[-73.465481,-43.041547],[-73.46564,-43.04158],[-73.46583,-43.04162],[-73.46602,-43.04166],[-73.46621,-43.04168],[-73.4664,-43.04173],[-73.46659,-43.04177],[-73.46678,-43.04181],[-73.46697,-43.04184],[-73.46716,-43.04189],[-73.46735,-43.04193],[-73.46754,-43.04198],[-73.46773,-43.04202],[-73.46792,-43.04207],[-73.46811,-43.04211],[-73.4683,-43.04215],[-73.46849,-43.04219],[-73.46868,-43.04223],[-73.46887,-43.04226],[-73.46906,-43.0423],[-73.46925,-43.04234],[-73.46944,-43.04239],[-73.46963,-43.04244],[-73.46982,-43.04249],[-73.47001,-43.04254],[-73.4702,-43.04259],[-73.47039,-43.04267],[-73.470544,-43.042719]]]},"properties":{"comuna":"Quellón","mancha_id":"10208-88ceacd139fffff","clase":"Medio","nivel_medio":2.077,"nivel_medio_min":2.077,"nivel_medio_max":2.077,"pct_alto":11.6,"n_hexagonos":1,"area_ha":3.17}},{"type":"Feature","geometry":{"type":"Polygon","coordinates":[[[-73.449949,-43.046926],[-73.448021,-43.051485],[-73.448762,-43.052115],[-73.44872,-43.05216],[-73.44857,-43.05234],[-73.44844,-43.05248],[-73.44834,-43.05267],[-73.44826,-43.05283],[-73.4482,-43.05299],[-73.44815,-43.05316],[-73.44808,-43.05332],[-73.44803,-43.05348],[-73.44797,-43.05364],[-73.4479,-43.05381],[-73.44783,-43.05397],[-73.44771,-43.05413],[-73.44758,-43.05429],[-73.44747,-43.05444],[-73.44729,-43.05464],[-73.44714,-43.05476],[-73.44693,-43.05494],[-73.44677,-43.05505],[-73.44661,-43.05521],[-73.44647,-43.05534],[-73.44628,-43.05551],[-73.44612,-43.05561],[-73.44592,-43.05576],[-73.44576,-43.05588],[-73.44557,-43.056],[-73.44537,-43.05612],[-73.44515,-43.05622],[-73.44495,-43.05634],[-73.44478,-43.05647],[-73.4446,-43.0566],[-73.44431,-43.05673],[-73.44413,-43.05686],[-73.44397,-43.05701],[-73.4438,-43.0572],[-73.44369,-43.05735],[-73.44357,-43.05755],[-73.44347,-43.05771],[-73.4434,-43.05788],[-73.44334,-43.05804],[-73.4433,-43.0582],[-73.44331,-43.05836],[-73.44334,-43.05853],[-73.44333,-43.05869],[-73.44335,-43.05885],[-73.44334,-43.05902],[-73.44329,-43.05918],[-73.44322,-43.05934],[-73.44314,-43.05951],[-73.443063,-43.059664],[-73.44306,-43.05967],[-73.44297,-43.05983],[-73.44287,-43.05999],[-73.44276,-43.06013],[-73.44264,-43.06032],[-73.44254,-43.06048],[-73.44252,-43.06064],[-73.44245,-43.0608],[-73.44239,-43.06097],[-73.44237,-43.06113],[-73.44235,-43.06129],[-73.44234,-43.06145],[-73.44232,-43.06162],[-73.4423,-43.06178],[-73.44228,-43.06194],[-73.44223,-43.06206],[-73.442143,-43.062128],[-73.4421,-43.0622],[-73.44203,-43.06227],[-73.44192,-43.06242],[-73.44179,-43.06261],[-73.44164,-43.06275],[-73.44143,-43.06294],[-73.44127,-43.06306],[-73.44104,-43.06323],[-73.44086,-43.06336],[-73.44057,-43.06351],[-73.44036,-43.06359],[-73.44017,-43.06365],[-73.43998,-43.0637],[-73.43979,-43.06372],[-73.43972,-43.06373],[-73.43959,-43.0637],[-73.43937,-43.0637],[-73.43915,-43.06371],[-73.43896,-43.06371],[-73.43874,-43.06372],[-73.43856,-43.06368],[-73.43836,-43.06364],[-73.43813,-43.06361],[-73.43791,-43.06356],[-73.43769,-43.06353],[-73.43747,-43.06352],[-73.43724,-43.06352],[-73.43702,-43.06352],[-73.4368,-43.0635],[-73.43658,-43.06348],[-73.43636,-43.06343],[-73.43613,-43.0634],[-73.43591,-43.06337],[-73.43569,-43.06337],[-73.43547,-43.06337],[-73.43522,-43.06333],[-73.43513,-43.06332],[-73.435065,-43.06327],[-73.43488,-43.06316],[-73.43479,-43.06304],[-73.43481,-43.06292],[-73.43484,-43.06285],[-73.43491,-43.06281],[-73.43496,-43.06274],[-73.435035,-43.0627],[-73.4351,-43.06264],[-73.43515,-43.06261],[-73.43528,-43.06248],[-73.43545,-43.06229],[-73.43554,-43.06213],[-73.43564,-43.06197],[-73.43573,-43.06181],[-73.43578,-43.06165],[-73.43583,-43.06148],[-73.43587,-43.06132],[-73.43592,-43.06116],[-73.436035,-43.060985],[-73.43609,-43.06091],[-73.43617,-43.06083],[-73.4363,-43.06067],[-73.43646,-43.06052],[-73.43663,-43.06035],[-73.43671,-43.06027],[-73.43672,-43.06016],[-73.43678,-43.06],[-73.43676,-43.05984],[-73.43672,-43.05967],[-73.43665,-43.05951],[-73.43662,-43.05935],[-73.43661,-43.05918],[-73.43659,-43.05902],[-73.43658,-43.05886],[-73.43662,-43.05869],[-73.43667,-43.05853],[-73.43671,-43.05837],[-73.43673,-43.0582],[-73.43675,-43.05804],[-73.43675,-43.05795],[-73.43675,-43.05788],[-73.43674,-43.05776],[-73.43669,-43.0577],[-73.43668,-43.05763],[-73.43665,-43.057545],[-73.43663,-43.05749],[-73.43666,-43.057405],[-73.4367,-43.05722],[-73.43684,-43.05706],[-73.43697,-43.0569],[-73.43716,-43.05677],[-73.43724,-43.05675],[-73.437305,-43.056725],[-73.43745,-43.05667],[-73.43758,-43.05658],[-73.4376,-43.05648],[-73.437525,-43.05643],[-73.437485,-43.056355],[-73.4374,-43.05628],[-73.43738,-43.05611],[-73.43742,-43.05595],[-73.437455,-43.055885],[-73.43752,-43.05579],[-73.43764,-43.05563],[-73.4378,-43.05548],[-73.43796,-43.05529],[-73.43813,-43.0551],[-73.43826,-43.05493],[-73.43837,-43.05477],[-73.43849,-43.05461],[-73.43862,-43.05445],[-73.43877,-43.05429],[-73.43891,-43.05413],[-73.4392,-43.05373],[-73.43983,-43.05283],[-73.44039,-43.05191],[-73.440841,-43.051572],[-73.44147,-43.0511],[-73.44215,-43.05043],[-73.44211,-43.05038],[-73.44218,-43.05032],[-73.44224,-43.0503],[-73.44229,-43.05023],[-73.44245,-43.05007],[-73.44265,-43.04991],[-73.44286,-43.04977],[-73.44309,-43.04956],[-73.44328,-43.0494],[-73.44348,-43.04924],[-73.44366,-43.04908],[-73.4438,-43.04892],[-73.44397,-43.04876],[-73.44413,-43.0486],[-73.44429,-43.04844],[-73.44446,-43.04827],[-73.44467,-43.04813],[-73.4449,-43.04793],[-73.44515,-43.04776],[-73.44535,-43.0476],[-73.44559,-43.04741],[-73.44584,-43.04724],[-73.44603,-43.04709],[-73.44627,-43.0469],[-73.44647,-43.04675],[-73.44673,-43.04658],[-73.44692,-43.04642],[-73.44717,-43.04622],[-73.44741,-43.04604],[-73.44765,-43.04586],[-73.4479,-43.04566],[-73.44816,-43.04548],[-73.448207,-43.045443],[-73.44835,-43.04533],[-73.44854,-43.04518],[-73.44876,-43.04497],[-73.44895,-43.04481],[-73.44911,-43.04465],[-73.44926,-43.04449],[-73.44941,-43.04433],[-73.44956,-43.04417],[-73.44972,-43.044],[-73.4499,-43.04384],[-73.45006,-43.04368],[-73.45023,-43.04352],[-73.45042,-43.04336],[-73.45058,-43.0432],[-73.45075,-43.04304],[-73.45104,-43.04276],[-73.45109,-43.0427],[-73.45115,-43.04265],[-73.45128,-43.04252],[-73.45143,-43.04241],[-73.45158,-43.04228],[-73.45174,-43.04216],[-73.4519,-43.04205],[-73.452,-43.04196],[-73.45214,-43.04184],[-73.45227,-43.04176],[-73.4524,-43.0417],[-73.45256,-43.04163],[-73.45269,-43.04154],[-73.45282,-43.04146],[-73.45295,-43.04136],[-73.45311,-43.04128],[-73.45324,-43.04122],[-73.45339,-43.04115],[-73.45353,-43.04107],[-73.45366,-43.04099],[-73.45377,-43.04091],[-73.4539,-43.04084],[-73.45402,-43.04076],[-73.45415,-43.04069],[-73.45428,-43.0406],[-73.4544,-43.04053],[-73.45452,-43.04045],[-73.45465,-43.04038],[-73.45476,-43.04032],[-73.45487,-43.04025],[-73.455,-43.04018],[-73.45515,-43.04011],[-73.45527,-43.04003],[-73.45531,-43.039928],[-73.455425,-43.03986],[-73.4556,-43.03977],[-73.45575,-43.0397],[-73.45589,-43.03964],[-73.455938,-43.039625],[-73.45605,-43.03959],[-73.45621,-43.03956],[-73.45637,-43.03956],[-73.45653,-43.03957],[-73.45667,-43.03963],[-73.45755,-43.03993],[-73.45821,-43.03989],[-73.45915,-43.04028],[-73.45929,-43.04029],[-73.45937,-43.04033],[-73.45956,-43.04036],[-73.45975,-43.04039],[-73.45994,-43.04043],[-73.46013,-43.04046],[-73.46032,-43.04051],[-73.46051,-43.04053],[-73.4607,-43.04056],[-73.46071,-43.040563],[-73.45775,-43.041167],[-73.455823,-43.045726],[-73.449949,-43.046926]]]},"properties":{"comuna":"Quellón","mancha_id":"10208-88ceacd129fffff","clase":"Medio","nivel_medio":1.876,"nivel_medio_min":1.781,"nivel_medio_max":1.969,"pct_alto":6.8,"n_hexagonos":6,"area_ha":141.13}},{"type":"Feature","geometry":{"type":"Polygon","coordinates":[[[-73.622932,-43.044285],[-73.622682,-43.044882],[-73.6168,-43.046092],[-73.615995,-43.04541],[-73.61637,-43.04537],[-73.61676,-43.04536],[-73.61732,-43.04541],[-73.6176,-43.04541],[-73.61806,-43.0453],[-73.61831,-43.04515],[-73.61865,-43.04514],[-73.61902,-43.04518],[-73.61916,-43.04518],[-73.61978,-43.04497],[-73.62004,-43.04472],[-73.62041,-43.04456],[-73.62092,-43.04455],[-73.62139,-43.04459],[-73.62182,-43.0446],[-73.6221,-43.04449],[-73.62238,-43.04441],[-73.62283,-43.04431],[-73.622932,-43.044285]]]},"properties":{"comuna":"Quellón","mancha_id":"10208-88ceacd0dbfffff","clase":"Medio","nivel_medio":2.085,"nivel_medio_min":2.085,"nivel_medio_max":2.085,"pct_alto":29.2,"n_hexagonos":1,"area_ha":3.41}},{"type":"Feature","geometry":{"type":"Polygon","coordinates":[[[-73.518751,-43.062031],[-73.52463,-43.060828],[-73.527937,-43.063635],[-73.52792,-43.06373],[-73.52779,-43.06401],[-73.52758,-43.06428],[-73.52665,-43.06435],[-73.52632,-43.06445],[-73.52599,-43.06466],[-73.52576,-43.06502],[-73.52567,-43.06537],[-73.52567,-43.06572],[-73.52525,-43.06611],[-73.5251,-43.06641],[-73.52508,-43.0668],[-73.52512,-43.0671],[-73.52509,-43.06722],[-73.52507,-43.06736],[-73.52502,-43.06748],[-73.52424,-43.06728],[-73.52314,-43.06714],[-73.52241,-43.06712],[-73.52188,-43.06708],[-73.52152,-43.06704],[-73.52134,-43.06687],[-73.52117,-43.06683],[-73.52102,-43.06687],[-73.52084,-43.06701],[-73.52057,-43.06724],[-73.52017,-43.06734],[-73.51986,-43.06737],[-73.51961,-43.0673],[-73.51945,-43.06716],[-73.51929,-43.06698],[-73.51929,-43.0668],[-73.51936,-43.06658],[-73.51945,-43.06644],[-73.51956,-43.06642],[-73.5197,-43.06639],[-73.51996,-43.06636],[-73.52021,-43.06637],[-73.52069,-43.0665],[-73.52101,-43.06657],[-73.52123,-43.0665],[-73.52109,-43.0663],[-73.52091,-43.06612],[-73.52081,-43.06606],[-73.52054,-43.06588],[-73.52014,-43.06571],[-73.51945,-43.06552],[-73.51905,-43.06545],[-73.51865,-43.06547],[-73.51827,-43.0655],[-73.51799,-43.06563],[-73.51788,-43.06582],[-73.51779,-43.0662],[-73.5177,-43.06651],[-73.51772,-43.06697],[-73.5177,-43.06719],[-73.517678,-43.067315],[-73.51766,-43.06742],[-73.51757,-43.0676],[-73.51736,-43.06782],[-73.51679,-43.068],[-73.5162,-43.06807],[-73.51585,-43.0682],[-73.51516,-43.06834],[-73.5148,-43.0685],[-73.51417,-43.06876],[-73.51371,-43.06887],[-73.51251,-43.06918],[-73.51225,-43.06955],[-73.51225,-43.07004],[-73.51223,-43.07037],[-73.5123,-43.07093],[-73.51238,-43.07118],[-73.51247,-43.0715],[-73.51277,-43.07175],[-73.51304,-43.07192],[-73.51334,-43.07208],[-73.51356,-43.07214],[-73.51375,-43.07218],[-73.51395,-43.07216],[-73.51414,-43.07218],[-73.51439,-43.07223],[-73.51445,-43.07239],[-73.51447,-43.07251],[-73.51436,-43.07271],[-73.51395,-43.07288],[-73.51345,-43.07291],[-73.51297,-43.07285],[-73.51238,-43.07264],[-73.51172,-43.07207],[-73.51152,-43.07171],[-73.51129,-43.0713],[-73.51109,-43.07101],[-73.51092,-43.07082],[-73.51075,-43.07056],[-73.51058,-43.07034],[-73.51042,-43.07023],[-73.51022,-43.07015],[-73.50997,-43.07014],[-73.509961,-43.070135],[-73.50987,-43.07008],[-73.50993,-43.06983],[-73.50999,-43.06972],[-73.51004,-43.06948],[-73.50997,-43.06917],[-73.50994,-43.06885],[-73.50979,-43.06838],[-73.50957,-43.06793],[-73.5093,-43.06746],[-73.50894,-43.067],[-73.50857,-43.06676],[-73.50828,-43.06658],[-73.50831,-43.06631],[-73.50837,-43.06604],[-73.50829,-43.06578],[-73.50806,-43.06555],[-73.50788,-43.06538],[-73.507843,-43.065159],[-73.50782,-43.06502],[-73.50784,-43.06466],[-73.50801,-43.0644],[-73.50809,-43.06428],[-73.50819,-43.06412],[-73.50835,-43.06396],[-73.50851,-43.06381],[-73.50882,-43.06359],[-73.50908,-43.06341],[-73.50922,-43.0633],[-73.50937,-43.06314],[-73.50948,-43.06297],[-73.50975,-43.06265],[-73.50981,-43.06249],[-73.50991,-43.06233],[-73.51016,-43.06184],[-73.51023,-43.06168],[-73.5104,-43.06136],[-73.51053,-43.06104],[-73.51063,-43.06087],[-73.51066,-43.06071],[-73.51072,-43.06055],[-73.51075,-43.06039],[-73.5108,-43.06023],[-73.510883,-43.059473],[-73.51089,-43.05941],[-73.51089,-43.05925],[-73.51081,-43.05876],[-73.51072,-43.05844],[-73.51066,-43.05827],[-73.51058,-43.05778],[-73.51059,-43.0573],[-73.51062,-43.05713],[-73.51067,-43.05704],[-73.51104,-43.05636],[-73.51121,-43.05605],[-73.5116,-43.05511],[-73.51189,-43.05486],[-73.51203,-43.05465],[-73.51251,-43.05417],[-73.51311,-43.0534],[-73.51315,-43.05328],[-73.51326,-43.05297],[-73.51339,-43.05235],[-73.51375,-43.0516],[-73.513756,-43.051595],[-73.516718,-43.054111],[-73.514795,-43.058672],[-73.518751,-43.062031]]]},"properties":{"comuna":"Quellón","mancha_id":"10208-88ceacd005fffff","clase":"Medio","nivel_medio":1.896,"nivel_medio_min":1.753,"nivel_medio_max":2.186,"pct_alto":3.8,"n_hexagonos":5,"area_ha":141.8}},{"type":"Feature","geometry":{"type":"Polygon","coordinates":[[[-73.542269,-43.057216],[-73.546227,-43.060574],[-73.545716,-43.06179],[-73.5457,-43.0618],[-73.54504,-43.06219],[-73.54422,-43.06228],[-73.54407,-43.06226],[-73.54379,-43.06218],[-73.54351,-43.06209],[-73.54322,-43.06201],[-73.54316,-43.06204],[-73.54294,-43.06207],[-73.54271,-43.06215],[-73.54249,-43.06227],[-73.54228,-43.0624],[-73.54202,-43.06258],[-73.5418,-43.06272],[-73.54148,-43.06286],[-73.54111,-43.06299],[-73.54089,-43.06304],[-73.54066,-43.06304],[-73.54044,-43.06302],[-73.540295,-43.06298],[-73.540185,-43.06295],[-73.54003,-43.0629],[-73.53999,-43.06284],[-73.53989,-43.06283],[-73.53983,-43.06278],[-73.53953,-43.06262],[-73.53931,-43.06251],[-73.53906,-43.06239],[-73.53881,-43.0623],[-73.53872,-43.06227],[-73.53853,-43.06227],[-73.53824,-43.06225],[-73.53796,-43.06226],[-73.53751,-43.06226],[-73.53723,-43.06224],[-73.53694,-43.06225],[-73.53622,-43.06224],[-73.53593,-43.06225],[-73.53571,-43.06223],[-73.53542,-43.06221],[-73.53514,-43.0622],[-73.53485,-43.06216],[-73.534814,-43.062158],[-73.536389,-43.05842],[-73.532432,-43.055062],[-73.526553,-43.056266],[-73.522596,-43.052907],[-73.524519,-43.048345],[-73.530397,-43.047141],[-73.532319,-43.042579],[-73.528424,-43.039274],[-73.52935,-43.03856],[-73.52958,-43.03837],[-73.52979,-43.03817],[-73.52996,-43.03803],[-73.53018,-43.03783],[-73.5304,-43.03765],[-73.53063,-43.03748],[-73.53082,-43.03729],[-73.53106,-43.03713],[-73.53129,-43.03695],[-73.53166,-43.03669],[-73.53184,-43.03654],[-73.53209,-43.03637],[-73.5323,-43.03622],[-73.5325,-43.03608],[-73.53274,-43.0359],[-73.53316,-43.03554],[-73.53361,-43.03517],[-73.53382,-43.03497],[-73.53397,-43.03482],[-73.5342,-43.03463],[-73.53455,-43.03428],[-73.53468,-43.03412],[-73.535083,-43.033676],[-73.536161,-43.033455],[-73.536921,-43.031649],[-73.53693,-43.03164],[-73.536946,-43.031591],[-73.538082,-43.028892],[-73.543959,-43.027687],[-73.547915,-43.031044],[-73.553792,-43.029839],[-73.55775,-43.033196],[-73.563628,-43.031989],[-73.567587,-43.035346],[-73.56688,-43.037028],[-73.56671,-43.03719],[-73.56596,-43.03763],[-73.56543,-43.03768],[-73.56492,-43.03796],[-73.56436,-43.03846],[-73.5638,-43.03929],[-73.5632,-43.03991],[-73.56296,-43.04041],[-73.562944,-43.040469],[-73.5628,-43.04099],[-73.5622,-43.04175],[-73.56133,-43.04334],[-73.56014,-43.04494],[-73.55881,-43.04637],[-73.558755,-43.046431],[-73.5578,-43.04748],[-73.55759,-43.04791],[-73.55753,-43.04823],[-73.55752,-43.04843],[-73.55746,-43.04864],[-73.55727,-43.04877],[-73.55677,-43.0491],[-73.55554,-43.04973],[-73.55466,-43.05018],[-73.55416,-43.05054],[-73.55394,-43.05067],[-73.55387,-43.05072],[-73.553605,-43.05075],[-73.55346,-43.05079],[-73.55335,-43.05087],[-73.55333,-43.0511],[-73.55334,-43.05156],[-73.55332,-43.05217],[-73.55316,-43.05258],[-73.5526,-43.05315],[-73.552355,-43.053387],[-73.55007,-43.051448],[-73.54419,-43.052653],[-73.542269,-43.057216]]]},"properties":{"comuna":"Quellón","mancha_id":"10208-88ceacd003fffff","clase":"Medio","nivel_medio":2.121,"nivel_medio_min":1.627,"nivel_medio_max":2.477,"pct_alto":17.6,"n_hexagonos":13,"area_ha":728.86}},{"type":"Feature","geometry":{"type":"Polygon","coordinates":[[[-73.77428,-42.87492],[-73.774136,-42.875024],[-73.774591,-42.873928],[-73.775273,-42.873941],[-73.775368,-42.874027],[-73.775382,-42.874193],[-73.77523,-42.87436],[-73.77516,-42.87442],[-73.77428,-42.87492]]]},"properties":{"comuna":"Quellón","mancha_id":"10208-88ceacc6e1fffff","clase":"Medio","nivel_medio":1.816,"nivel_medio_min":1.816,"nivel_medio_max":1.816,"pct_alto":1.4,"n_hexagonos":1,"area_ha":0.57}},{"type":"Feature","geometry":{"type":"Polygon","coordinates":[[[-73.811302,-42.875908],[-73.811069,-42.876469],[-73.808697,-42.876963],[-73.80887,-42.87679],[-73.80923,-42.876624],[-73.80988,-42.87636],[-73.81041,-42.87622],[-73.811302,-42.875908]]]},"properties":{"comuna":"Quellón","mancha_id":"10208-88ceacc689fffff","clase":"Medio","nivel_medio":1.86,"nivel_medio_min":1.86,"nivel_medio_max":1.86,"pct_alto":4.4,"n_hexagonos":1,"area_ha":0.73}},{"type":"Feature","geometry":{"type":"Polygon","coordinates":[[[-73.788106,-42.918836],[-73.786205,-42.923407],[-73.78033,-42.924629],[-73.776356,-42.92128],[-73.778257,-42.916709],[-73.784132,-42.915487],[-73.788106,-42.918836]]]},"properties":{"comuna":"Quellón","mancha_id":"10208-88ceacc65bfffff","clase":"Medio","nivel_medio":1.502,"nivel_medio_min":1.502,"nivel_medio_max":1.502,"pct_alto":13.4,"n_hexagonos":1,"area_ha":66.75}},{"type":"Feature","geometry":{"type":"Polygon","coordinates":[[[-73.73953,-42.85356],[-73.740294,-42.853308],[-73.74032,-42.8533],[-73.741382,-42.852905],[-73.74185,-42.85284],[-73.742001,-42.852886],[-73.742174,-42.85305],[-73.74215,-42.85333],[-73.74221,-42.85367],[-73.74273,-42.85428],[-73.743176,-42.85459],[-73.743513,-42.854717],[-73.74441,-42.85486],[-73.74545,-42.85516],[-73.7462,-42.85538],[-73.74661,-42.85558],[-73.746819,-42.855865],[-73.747115,-42.856404],[-73.744103,-42.857032],[-73.740138,-42.853684],[-73.737982,-42.854133],[-73.73798,-42.85404],[-73.73819,-42.85376],[-73.73821,-42.85375],[-73.73835,-42.85366],[-73.73867,-42.85362],[-73.73953,-42.85356]]]},"properties":{"comuna":"Quellón","mancha_id":"10208-88ceacc401fffff","clase":"Medio","nivel_medio":2.441,"nivel_medio_min":2.407,"nivel_medio_max":2.444,"pct_alto":41.8,"n_hexagonos":2,"area_ha":10.43}},{"type":"Feature","geometry":{"type":"Polygon","coordinates":[[[-73.790717,-43.106304],[-73.78881,-43.110878],[-73.782914,-43.112096],[-73.778926,-43.108739],[-73.780833,-43.104165],[-73.786729,-43.102948],[-73.790717,-43.106304]]]},"properties":{"comuna":"Quellón","mancha_id":"10208-88ceac9b27fffff","clase":"Medio","nivel_medio":1.552,"nivel_medio_min":1.552,"nivel_medio_max":1.552,"pct_alto":0.0,"n_hexagonos":1,"area_ha":66.86}},{"type":"Feature","geometry":{"type":"Polygon","coordinates":[[[-73.822913,-43.016044],[-73.821011,-43.020618],[-73.815123,-43.021839],[-73.811139,-43.018487],[-73.813041,-43.013913],[-73.818928,-43.012691],[-73.822913,-43.016044]]]},"properties":{"comuna":"Quellón","mancha_id":"10208-88ceac99a5fffff","clase":"Medio","nivel_medio":1.511,"nivel_medio_min":1.511,"nivel_medio_max":1.511,"pct_alto":0.0,"n_hexagonos":1,"area_ha":66.84}},{"type":"Feature","geometry":{"type":"Polygon","coordinates":[[[-73.766797,-43.086168],[-73.764889,-43.09074],[-73.758996,-43.091957],[-73.755012,-43.088601],[-73.75692,-43.084028],[-73.762812,-43.082812],[-73.766797,-43.086168]]]},"properties":{"comuna":"Quellón","mancha_id":"10208-88ceac996dfffff","clase":"Medio","nivel_medio":1.503,"nivel_medio_min":1.503,"nivel_medio_max":1.503,"pct_alto":0.0,"n_hexagonos":1,"area_ha":66.82}},{"type":"Feature","geometry":{"type":"Polygon","coordinates":[[[-73.790193,-43.068796],[-73.796085,-43.067577],[-73.79799,-43.063003],[-73.794004,-43.059649],[-73.795909,-43.055075],[-73.791924,-43.051721],[-73.793829,-43.047148],[-73.799718,-43.045928],[-73.803704,-43.049282],[-73.809594,-43.048062],[-73.813581,-43.051416],[-73.811677,-43.05599],[-73.805786,-43.05721],[-73.803882,-43.061784],[-73.807869,-43.065138],[-73.813761,-43.063918],[-73.817749,-43.067272],[-73.815845,-43.071847],[-73.819834,-43.075202],[-73.81793,-43.079776],[-73.812036,-43.080996],[-73.808047,-43.077641],[-73.802154,-43.07886],[-73.800249,-43.083434],[-73.794355,-43.084653],[-73.790368,-43.081298],[-73.792274,-43.076724],[-73.788287,-43.073369],[-73.790193,-43.068796]]]},"properties":{"comuna":"Quellón","mancha_id":"10208-88ceac9901fffff","clase":"Medio","nivel_medio":1.708,"nivel_medio_min":1.532,"nivel_medio_max":1.931,"pct_alto":0.0,"n_hexagonos":9,"area_ha":601.68}},{"type":"Feature","geometry":{"type":"Polygon","coordinates":[[[-74.219808,-43.033536],[-74.217931,-43.038127],[-74.212025,-43.039371],[-74.207997,-43.036025],[-74.209874,-43.031434],[-74.215779,-43.03019],[-74.219808,-43.033536]]]},"properties":{"comuna":"Quellón","mancha_id":"10208-88ceac9593fffff","clase":"Medio","nivel_medio":1.67,"nivel_medio_min":1.67,"nivel_medio_max":1.67,"pct_alto":0.0,"n_hexagonos":1,"area_ha":67.29}},{"type":"Feature","geometry":{"type":"Polygon","coordinates":[[[-74.10435,-43.091334],[-74.102464,-43.095921],[-74.096556,-43.097157],[-74.092535,-43.093806],[-74.094422,-43.089219],[-74.100329,-43.087983],[-74.10435,-43.091334]]]},"properties":{"comuna":"Quellón","mancha_id":"10208-88ceac9567fffff","clase":"Medio","nivel_medio":1.526,"nivel_medio_min":1.526,"nivel_medio_max":1.526,"pct_alto":0.0,"n_hexagonos":1,"area_ha":67.19}},{"type":"Feature","geometry":{"type":"Polygon","coordinates":[[[-74.120694,-43.117263],[-74.118809,-43.121851],[-74.112897,-43.123087],[-74.108873,-43.119736],[-74.110759,-43.115148],[-74.11667,-43.113912],[-74.120694,-43.117263]]]},"properties":{"comuna":"Quellón","mancha_id":"10208-88ceac954dfffff","clase":"Medio","nivel_medio":1.537,"nivel_medio_min":1.537,"nivel_medio_max":1.537,"pct_alto":0.0,"n_hexagonos":1,"area_ha":67.23}},{"type":"Feature","geometry":{"type":"Polygon","coordinates":[[[-74.26206,-43.0436],[-74.26203,-43.04368],[-74.26194,-43.04372],[-74.26184,-43.04372],[-74.26176,-43.043705],[-74.2617,-43.04366],[-74.261655,-43.043565],[-74.261675,-43.04347],[-74.26175,-43.0434],[-74.26181,-43.04338],[-74.26194,-43.04344],[-74.262,-43.04348],[-74.26205,-43.04354],[-74.26206,-43.0436]]]},"properties":{"comuna":"Quellón","mancha_id":"10208-88ceac94bbfffff","clase":"Medio","nivel_medio":1.641,"nivel_medio_min":1.641,"nivel_medio_max":1.641,"pct_alto":9.3,"n_hexagonos":1,"area_ha":0.09}},{"type":"Feature","geometry":{"type":"Polygon","coordinates":[[[-74.266489,-43.048873],[-74.261723,-43.049878],[-74.257689,-43.046532],[-74.259148,-43.042954],[-74.25936,-43.04295],[-74.25966,-43.04312],[-74.25991,-43.04354],[-74.26012,-43.04364],[-74.26038,-43.04363],[-74.26078,-43.04345],[-74.2611,-43.04347],[-74.26181,-43.04399],[-74.26269,-43.04449],[-74.2637,-43.04516],[-74.26488,-43.04582],[-74.26537,-43.0465],[-74.26586,-43.04656],[-74.26597,-43.04665],[-74.26583,-43.04731],[-74.26614,-43.04786],[-74.26631,-43.04876],[-74.266489,-43.048873]]]},"properties":{"comuna":"Quellón","mancha_id":"10208-88ceac94bbfffff-2","clase":"Medio","nivel_medio":1.641,"nivel_medio_min":1.641,"nivel_medio_max":1.641,"pct_alto":9.3,"n_hexagonos":1,"area_ha":31.89}},{"type":"Feature","geometry":{"type":"Polygon","coordinates":[[[-74.28184,-43.06411],[-74.2818,-43.0642],[-74.281705,-43.06427],[-74.28159,-43.06422],[-74.28149,-43.0641],[-74.28142,-43.064],[-74.28142,-43.06389],[-74.28147,-43.06382],[-74.2816,-43.06377],[-74.28172,-43.06379],[-74.28181,-43.06389],[-74.28184,-43.06399],[-74.28184,-43.06411]]]},"properties":{"comuna":"Quellón","mancha_id":"10208-88ceac9499fffff","clase":"Medio","nivel_medio":1.542,"nivel_medio_min":1.542,"nivel_medio_max":1.542,"pct_alto":5.7,"n_hexagonos":1,"area_ha":0.14}},{"type":"Feature","geometry":{"type":"Polygon","coordinates":[[[-74.179541,-43.092349],[-74.17766,-43.096939],[-74.171749,-43.09818],[-74.169867,-43.102769],[-74.163956,-43.104009],[-74.159927,-43.100659],[-74.154017,-43.101898],[-74.152133,-43.106487],[-74.146223,-43.107725],[-74.142196,-43.104375],[-74.136286,-43.105613],[-74.13226,-43.102262],[-74.12635,-43.1035],[-74.122326,-43.100149],[-74.124211,-43.095561],[-74.130119,-43.094324],[-74.132004,-43.089736],[-74.12798,-43.086386],[-74.129864,-43.081798],[-74.135771,-43.08056],[-74.139795,-43.083909],[-74.145703,-43.082671],[-74.149729,-43.08602],[-74.155637,-43.084781],[-74.159664,-43.088131],[-74.157782,-43.09272],[-74.16181,-43.09607],[-74.16772,-43.09483],[-74.169601,-43.09024],[-74.175511,-43.089],[-74.179541,-43.092349]]]},"properties":{"comuna":"Quellón","mancha_id":"10208-88ceac9421fffff","clase":"Medio","nivel_medio":1.739,"nivel_medio_min":1.526,"nivel_medio_max":1.929,"pct_alto":0.0,"n_hexagonos":11,"area_ha":739.75}},{"type":"Feature","geometry":{"type":"Polygon","coordinates":[[[-74.011657,-42.884619],[-74.009772,-42.8892],[-74.003891,-42.890435],[-73.999896,-42.887091],[-74.001781,-42.882511],[-74.007661,-42.881276],[-74.009546,-42.876696],[-74.015425,-42.875459],[-74.019421,-42.878803],[-74.017537,-42.883383],[-74.011657,-42.884619]]]},"properties":{"comuna":"Quellón","mancha_id":"10208-88ceac8f35fffff","clase":"Medio","nivel_medio":1.824,"nivel_medio_min":1.684,"nivel_medio_max":1.963,"pct_alto":0.0,"n_hexagonos":2,"area_ha":133.97}},{"type":"Feature","geometry":{"type":"Polygon","coordinates":[[[-74.155735,-42.900309],[-74.153859,-42.904896],[-74.147971,-42.90614],[-74.143959,-42.902797],[-74.145835,-42.898211],[-74.151723,-42.896967],[-74.155735,-42.900309]]]},"properties":{"comuna":"Quellón","mancha_id":"10208-88ceac8eddfffff","clase":"Medio","nivel_medio":1.615,"nivel_medio_min":1.615,"nivel_medio_max":1.615,"pct_alto":0.0,"n_hexagonos":1,"area_ha":67.15}},{"type":"Feature","geometry":{"type":"Polygon","coordinates":[[[-74.16133,-42.8661],[-74.16112,-42.86622],[-74.161,-42.86626],[-74.1609,-42.86627],[-74.16082,-42.86624],[-74.16077,-42.8662],[-74.16075,-42.86612],[-74.16077,-42.86606],[-74.16083,-42.86594],[-74.1609,-42.865905],[-74.16113,-42.86576],[-74.16123,-42.86572],[-74.16136,-42.86572],[-74.16145,-42.86575],[-74.16149,-42.8658],[-74.16151,-42.86586],[-74.16148,-42.86599],[-74.16133,-42.8661]]]},"properties":{"comuna":"Quellón","mancha_id":"10208-88ceac8e97fffff","clase":"Medio","nivel_medio":1.579,"nivel_medio_min":1.579,"nivel_medio_max":1.579,"pct_alto":18.4,"n_hexagonos":1,"area_ha":0.24}},{"type":"Feature","geometry":{"type":"Polygon","coordinates":[[[-74.16386,-42.86646],[-74.16384,-42.86652],[-74.16369,-42.86664],[-74.16345,-42.86669],[-74.16329,-42.86669],[-74.1632,-42.86667],[-74.16313,-42.86663],[-74.16312,-42.866475],[-74.16313,-42.86627],[-74.16317,-42.86612],[-74.16324,-42.86604],[-74.16332,-42.866],[-74.16351,-42.86599],[-74.16362,-42.86605],[-74.16375,-42.86616],[-74.16381,-42.86628],[-74.16386,-42.86646]]]},"properties":{"comuna":"Quellón","mancha_id":"10208-88ceac8e97fffff-2","clase":"Medio","nivel_medio":1.579,"nivel_medio_min":1.579,"nivel_medio_max":1.579,"pct_alto":18.4,"n_hexagonos":1,"area_ha":0.38}},{"type":"Feature","geometry":{"type":"Polygon","coordinates":[[[-74.159479,-42.870189],[-74.157088,-42.870695],[-74.153078,-42.867354],[-74.154953,-42.862768],[-74.156877,-42.862361],[-74.15688,-42.86239],[-74.15679,-42.86254],[-74.15662,-42.8627],[-74.15665,-42.86284],[-74.15668,-42.86304],[-74.15672,-42.86312],[-74.15687,-42.8632],[-74.15768,-42.86355],[-74.15823,-42.86393],[-74.15841,-42.86412],[-74.15852,-42.86431],[-74.15865,-42.86458],[-74.15882,-42.86503],[-74.15893,-42.86528],[-74.15906,-42.8654],[-74.15929,-42.8656],[-74.15947,-42.86565],[-74.16019,-42.86563],[-74.16038,-42.86571],[-74.16048,-42.86579],[-74.16055,-42.86593],[-74.16054,-42.8662],[-74.16056,-42.86634],[-74.1606,-42.8665],[-74.16055,-42.86658],[-74.1604,-42.86674],[-74.16039,-42.86704],[-74.16031,-42.86731],[-74.16023,-42.86744],[-74.16008,-42.8676],[-74.15941,-42.86811],[-74.15923,-42.86834],[-74.15918,-42.86841],[-74.15909,-42.86852],[-74.15907,-42.86904],[-74.15923,-42.86957],[-74.159479,-42.870189]]]},"properties":{"comuna":"Quellón","mancha_id":"10208-88ceac8e97fffff-3","clase":"Medio","nivel_medio":1.579,"nivel_medio_min":1.579,"nivel_medio_max":1.579,"pct_alto":18.4,"n_hexagonos":1,"area_ha":33.68}},{"type":"Feature","geometry":{"type":"Polygon","coordinates":[[[-74.16275,-42.86659],[-74.16276,-42.86668],[-74.16274,-42.86674],[-74.16267,-42.86679],[-74.16256,-42.86679],[-74.1625,-42.86677],[-74.16236,-42.86668],[-74.1623,-42.8666],[-74.162315,-42.86646],[-74.16238,-42.86641],[-74.1625,-42.86642],[-74.1626,-42.86645],[-74.16269,-42.86649],[-74.16275,-42.86659]]]},"properties":{"comuna":"Quellón","mancha_id":"10208-88ceac8e97fffff-4","clase":"Medio","nivel_medio":1.579,"nivel_medio_min":1.579,"nivel_medio_max":1.579,"pct_alto":18.4,"n_hexagonos":1,"area_ha":0.12}},{"type":"Feature","geometry":{"type":"Polygon","coordinates":[[[-74.015198,-42.862955],[-74.021076,-42.861718],[-74.021987,-42.859502],[-74.022078,-42.859525],[-74.022797,-42.859811],[-74.023124,-42.859894],[-74.023539,-42.859858],[-74.02439,-42.859873],[-74.025187,-42.859912],[-74.02606,-42.860033],[-74.026748,-42.860213],[-74.027465,-42.860425],[-74.027977,-42.860631],[-74.028706,-42.860729],[-74.029136,-42.860767],[-74.029476,-42.860731],[-74.02984,-42.860615],[-74.030134,-42.860399],[-74.030273,-42.860151],[-74.030396,-42.859811],[-74.030559,-42.859603],[-74.030853,-42.859394],[-74.03116,-42.8593],[-74.031371,-42.859085],[-74.03146,-42.85888],[-74.031488,-42.858118],[-74.032833,-42.859243],[-74.03095,-42.863823],[-74.034947,-42.867166],[-74.033065,-42.871747],[-74.027185,-42.872985],[-74.023188,-42.869642],[-74.017309,-42.870879],[-74.013314,-42.867536],[-74.015198,-42.862955]]]},"properties":{"comuna":"Quellón","mancha_id":"10208-88ceac8d51fffff","clase":"Medio","nivel_medio":1.667,"nivel_medio_min":1.631,"nivel_medio_max":1.776,"pct_alto":0.0,"n_hexagonos":3,"area_ha":173.01}},{"type":"Feature","geometry":{"type":"Polygon","coordinates":[[[-73.999002,-42.837083],[-73.995011,-42.833741],[-73.995344,-42.832932],[-73.99574,-42.83278],[-73.996561,-42.832537],[-73.997314,-42.832081],[-73.997784,-42.831821],[-73.998438,-42.831481],[-73.99872,-42.831208],[-73.998786,-42.830951],[-73.998712,-42.830736],[-73.9986,-42.83046],[-73.99868,-42.83028],[-73.998968,-42.830131],[-73.99937,-42.82999],[-74.0,-42.829721],[-74.000028,-42.829709],[-74.000824,-42.829328],[-74.001619,-42.828814],[-74.002017,-42.828485],[-74.002085,-42.828257],[-74.002078,-42.828071],[-74.002769,-42.827925],[-74.003053,-42.827235],[-74.003118,-42.827224],[-74.003433,-42.827257],[-74.003673,-42.827331],[-74.00385,-42.82746],[-74.004021,-42.82777],[-74.004178,-42.828093],[-74.00448,-42.8283],[-74.004692,-42.828342],[-74.00495,-42.82829],[-74.0054,-42.82801],[-74.00588,-42.82788],[-74.00652,-42.82783],[-74.006754,-42.827729],[-74.006804,-42.827547],[-74.006655,-42.827389],[-74.006274,-42.827191],[-74.006224,-42.826984],[-74.006282,-42.826752],[-74.00637,-42.82656],[-74.006572,-42.826354],[-74.00695,-42.82614],[-74.007392,-42.82584],[-74.0077,-42.82545],[-74.007938,-42.825145],[-74.008353,-42.824871],[-74.009371,-42.824325],[-74.009852,-42.823886],[-74.010191,-42.823364],[-74.010299,-42.82295],[-74.010324,-42.82261],[-74.01034,-42.822238],[-74.010315,-42.822153],[-74.010481,-42.822118],[-74.010892,-42.830397],[-74.011302,-42.838676],[-74.008868,-42.839188],[-74.004876,-42.835846],[-73.999002,-42.837083]]]},"properties":{"comuna":"Quellón","mancha_id":"10208-88ceac8d31fffff","clase":"Medio","nivel_medio":1.796,"nivel_medio_min":1.675,"nivel_medio_max":1.88,"pct_alto":0.0,"n_hexagonos":3,"area_ha":122.07}},{"type":"Feature","geometry":{"type":"Polygon","coordinates":[[[-73.981378,-42.840792],[-73.977389,-42.837449],[-73.978571,-42.83458],[-73.978576,-42.834581],[-73.97894,-42.83458],[-73.97986,-42.83455],[-73.980501,-42.834571],[-73.980852,-42.834684],[-73.981248,-42.834947],[-73.98208,-42.83551],[-73.982413,-42.835701],[-73.982747,-42.835874],[-73.983117,-42.835905],[-73.983406,-42.835853],[-73.98396,-42.835744],[-73.984778,-42.835651],[-73.985631,-42.835585],[-73.986018,-42.835565],[-73.98631,-42.835482],[-73.986628,-42.835318],[-73.986974,-42.835112],[-73.987456,-42.835025],[-73.98787,-42.83502],[-73.988613,-42.834992],[-73.989029,-42.834955],[-73.989094,-42.834941],[-73.989137,-42.834977],[-73.987253,-42.839556],[-73.981378,-42.840792]]]},"properties":{"comuna":"Quellón","mancha_id":"10208-88ceac8d23fffff","clase":"Medio","nivel_medio":1.5,"nivel_medio_min":1.5,"nivel_medio_max":1.5,"pct_alto":0.0,"n_hexagonos":1,"area_ha":43.19}},{"type":"Feature","geometry":{"type":"Polygon","coordinates":[[[-73.993349,-42.85082],[-73.991464,-42.855399],[-73.985588,-42.856635],[-73.981598,-42.853292],[-73.983483,-42.848713],[-73.989358,-42.847477],[-73.993349,-42.85082]]]},"properties":{"comuna":"Quellón","mancha_id":"10208-88ceac8d05fffff","clase":"Medio","nivel_medio":1.639,"nivel_medio_min":1.639,"nivel_medio_max":1.639,"pct_alto":0.0,"n_hexagonos":1,"area_ha":66.94}},{"type":"Feature","geometry":{"type":"Polygon","coordinates":[[[-74.13746,-42.849715],[-74.137632,-42.849603],[-74.138621,-42.849469],[-74.13746,-42.849715]]]},"properties":{"comuna":"Quellón","mancha_id":"10208-88ceac8cddfffff","clase":"Medio","nivel_medio":1.566,"nivel_medio_min":1.566,"nivel_medio_max":1.566,"pct_alto":0.0,"n_hexagonos":1,"area_ha":0.04}},{"type":"Feature","geometry":{"type":"Polygon","coordinates":[[[-74.150497,-42.847003],[-74.150476,-42.846743],[-74.150684,-42.846916],[-74.150522,-42.847311],[-74.150497,-42.847003]]]},"properties":{"comuna":"Quellón","mancha_id":"10208-88ceac8cd9fffff","clase":"Medio","nivel_medio":2.088,"nivel_medio_min":2.088,"nivel_medio_max":2.088,"pct_alto":37.3,"n_hexagonos":1,"area_ha":0.05}},{"type":"Feature","geometry":{"type":"Polygon","coordinates":[[[-74.150175,-42.848161],[-74.148809,-42.851501],[-74.152818,-42.854842],[-74.150943,-42.859428],[-74.14506,-42.860672],[-74.141052,-42.857332],[-74.142927,-42.852746],[-74.13892,-42.849406],[-74.138758,-42.84944],[-74.138925,-42.84935],[-74.13893,-42.8492],[-74.138776,-42.849038],[-74.138301,-42.84883],[-74.13743,-42.84859],[-74.137127,-42.848459],[-74.136948,-42.848206],[-74.136978,-42.847924],[-74.137168,-42.84778],[-74.13745,-42.84777],[-74.137864,-42.847818],[-74.138409,-42.847983],[-74.138953,-42.848211],[-74.139428,-42.848163],[-74.139445,-42.848161],[-74.13978,-42.848],[-74.140039,-42.847775],[-74.140366,-42.847686],[-74.14083,-42.84779],[-74.141763,-42.84816],[-74.142358,-42.848578],[-74.142598,-42.848856],[-74.142763,-42.849211],[-74.143054,-42.849565],[-74.14349,-42.84977],[-74.143963,-42.849841],[-74.144379,-42.849766],[-74.144753,-42.849577],[-74.145155,-42.849223],[-74.145383,-42.848844],[-74.145573,-42.848438],[-74.145761,-42.847938],[-74.146058,-42.847686],[-74.146459,-42.847671],[-74.14675,-42.84788],[-74.147425,-42.848444],[-74.14799,-42.848756],[-74.14873,-42.84875],[-74.14992,-42.84838],[-74.150175,-42.848161]]]},"properties":{"comuna":"Quellón","mancha_id":"10208-88ceac8cd9fffff-2","clase":"Medio","nivel_medio":1.686,"nivel_medio_min":1.508,"nivel_medio_max":2.088,"pct_alto":29.9,"n_hexagonos":3,"area_ha":98.43}},{"type":"Feature","geometry":{"type":"Polygon","coordinates":[[[-74.131163,-42.855235],[-74.125281,-42.856479],[-74.122503,-42.854162],[-74.122548,-42.85418],[-74.123574,-42.854165],[-74.124272,-42.85418],[-74.124777,-42.854091],[-74.125134,-42.853883],[-74.125164,-42.853496],[-74.12517,-42.85304],[-74.125268,-42.852664],[-74.12557,-42.85246],[-74.1264,-42.85209],[-74.12684,-42.85181],[-74.127423,-42.851208],[-74.127854,-42.850985],[-74.128448,-42.851015],[-74.128775,-42.851312],[-74.12915,-42.8517],[-74.129414,-42.851832],[-74.129726,-42.851936],[-74.130023,-42.851876],[-74.13021,-42.85163],[-74.130335,-42.851356],[-74.13051,-42.85107],[-74.130707,-42.850985],[-74.13093,-42.85102],[-74.1323,-42.85141],[-74.132718,-42.851434],[-74.131163,-42.855235]]]},"properties":{"comuna":"Quellón","mancha_id":"10208-88ceac8ccbfffff","clase":"Medio","nivel_medio":1.536,"nivel_medio_min":1.536,"nivel_medio_max":1.536,"pct_alto":0.0,"n_hexagonos":1,"area_ha":28.75}},{"type":"Feature","geometry":{"type":"Polygon","coordinates":[[[-74.121216,-42.85315],[-74.115394,-42.854381],[-74.114146,-42.85334],[-74.114372,-42.853337],[-74.115271,-42.853236],[-74.11581,-42.85307],[-74.11598,-42.852857],[-74.11601,-42.8526],[-74.11608,-42.85227],[-74.116262,-42.852129],[-74.11659,-42.85221],[-74.11704,-42.85254],[-74.117407,-42.852649],[-74.11765,-42.85262],[-74.118105,-42.852129],[-74.118384,-42.852021],[-74.118676,-42.852134],[-74.118954,-42.852362],[-74.11927,-42.852628],[-74.119933,-42.852902],[-74.120304,-42.852991],[-74.120903,-42.852983],[-74.121216,-42.85315]]]},"properties":{"comuna":"Quellón","mancha_id":"10208-88ceac8cc1fffff","clase":"Medio","nivel_medio":1.639,"nivel_medio_min":1.639,"nivel_medio_max":1.639,"pct_alto":0.0,"n_hexagonos":1,"area_ha":6.76}},{"type":"Feature","geometry":{"type":"Polygon","coordinates":[[[-73.836403,-42.996524],[-73.834502,-43.001098],[-73.838488,-43.00445],[-73.844375,-43.003227],[-73.848362,-43.006578],[-73.846462,-43.011153],[-73.840575,-43.012376],[-73.836588,-43.009025],[-73.830701,-43.010247],[-73.826716,-43.006895],[-73.820829,-43.008117],[-73.816845,-43.004766],[-73.810959,-43.005987],[-73.806976,-43.002635],[-73.808879,-42.998062],[-73.814763,-42.99684],[-73.818747,-43.000192],[-73.824632,-42.99897],[-73.826533,-42.994396],[-73.822549,-42.991044],[-73.824449,-42.986471],[-73.830333,-42.985248],[-73.834318,-42.988599],[-73.840202,-42.987375],[-73.844188,-42.990726],[-73.850073,-42.989502],[-73.85406,-42.992853],[-73.852161,-42.997428],[-73.846275,-42.998652],[-73.842288,-42.995301],[-73.836403,-42.996524]]]},"properties":{"comuna":"Quellón","mancha_id":"10208-88ceac8b41fffff","clase":"Medio","nivel_medio":1.768,"nivel_medio_min":1.589,"nivel_medio_max":1.945,"pct_alto":0.0,"n_hexagonos":8,"area_ha":534.79}},{"type":"Feature","geometry":{"type":"Polygon","coordinates":[[[-73.989021,-42.939581],[-73.987132,-42.944161],[-73.981246,-42.945394],[-73.97725,-42.942047],[-73.971364,-42.94328],[-73.967369,-42.939933],[-73.961484,-42.941165],[-73.95749,-42.937818],[-73.95938,-42.933239],[-73.955386,-42.929892],[-73.957276,-42.925314],[-73.953283,-42.921967],[-73.955173,-42.917389],[-73.961055,-42.916157],[-73.965048,-42.919503],[-73.963159,-42.924082],[-73.967153,-42.927428],[-73.973036,-42.926195],[-73.977031,-42.929541],[-73.982915,-42.928308],[-73.986911,-42.931654],[-73.992796,-42.930421],[-73.996794,-42.933767],[-73.994906,-42.938347],[-73.989021,-42.939581]]]},"properties":{"comuna":"Quellón","mancha_id":"10208-88ceac8a91fffff","clase":"Medio","nivel_medio":1.724,"nivel_medio_min":1.501,"nivel_medio_max":1.886,"pct_alto":0.0,"n_hexagonos":8,"area_ha":535.76}},{"type":"Feature","geometry":{"type":"Polygon","coordinates":[[[-73.895662,-43.009282],[-73.893765,-43.013859],[-73.887875,-43.015085],[-73.883883,-43.011734],[-73.877994,-43.012959],[-73.876096,-43.017535],[-73.870207,-43.01876],[-73.866216,-43.015408],[-73.868115,-43.010833],[-73.864125,-43.007481],[-73.858238,-43.008706],[-73.854249,-43.005354],[-73.856148,-43.000779],[-73.862035,-42.999555],[-73.866024,-43.002906],[-73.871911,-43.001681],[-73.875901,-43.005032],[-73.88179,-43.003806],[-73.885781,-43.007157],[-73.89167,-43.005931],[-73.895662,-43.009282]]]},"properties":{"comuna":"Quellón","mancha_id":"10208-88ceac8a45fffff","clase":"Medio","nivel_medio":1.67,"nivel_medio_min":1.519,"nivel_medio_max":1.923,"pct_alto":0.0,"n_hexagonos":5,"area_ha":334.51}},{"type":"Feature","geometry":{"type":"Polygon","coordinates":[[[-73.915081,-42.871434],[-73.91319,-42.87601],[-73.907315,-42.87724],[-73.903331,-42.873895],[-73.905223,-42.869319],[-73.911097,-42.868089],[-73.915081,-42.871434]]]},"properties":{"comuna":"Quellón","mancha_id":"10208-88ceac899bfffff","clase":"Medio","nivel_medio":1.627,"nivel_medio_min":1.627,"nivel_medio_max":1.627,"pct_alto":1.2,"n_hexagonos":1,"area_ha":66.87}},{"type":"Feature","geometry":{"type":"Polygon","coordinates":[[[-73.792255,-42.934677],[-73.790354,-42.939249],[-73.784477,-42.940471],[-73.780502,-42.937121],[-73.782403,-42.93255],[-73.788279,-42.931328],[-73.792255,-42.934677]]]},"properties":{"comuna":"Quellón","mancha_id":"10208-88ceac896dfffff","clase":"Medio","nivel_medio":1.501,"nivel_medio_min":1.501,"nivel_medio_max":1.501,"pct_alto":0.0,"n_hexagonos":1,"area_ha":66.76}},{"type":"Feature","geometry":{"type":"Polygon","coordinates":[[[-73.817842,-42.937707],[-73.821822,-42.941056],[-73.827701,-42.939832],[-73.831681,-42.943181],[-73.837561,-42.941957],[-73.841542,-42.945306],[-73.839644,-42.94988],[-73.833764,-42.951104],[-73.829783,-42.947755],[-73.823903,-42.948979],[-73.822003,-42.953552],[-73.825984,-42.956902],[-73.831865,-42.955678],[-73.835847,-42.959028],[-73.833948,-42.963602],[-73.828067,-42.964825],[-73.826167,-42.969399],[-73.820285,-42.970622],[-73.816304,-42.967272],[-73.810422,-42.968494],[-73.808521,-42.973067],[-73.812502,-42.976418],[-73.810601,-42.980991],[-73.804719,-42.982213],[-73.802817,-42.986786],[-73.796934,-42.988007],[-73.795031,-42.99258],[-73.789148,-42.9938],[-73.785168,-42.990449],[-73.787071,-42.985876],[-73.792954,-42.984656],[-73.794856,-42.980083],[-73.800738,-42.978862],[-73.80264,-42.974289],[-73.79866,-42.970938],[-73.800561,-42.966366],[-73.806442,-42.965144],[-73.808343,-42.960571],[-73.814223,-42.959348],[-73.816123,-42.954775],[-73.812144,-42.951425],[-73.814043,-42.946853],[-73.810065,-42.943503],[-73.804186,-42.944726],[-73.802286,-42.949298],[-73.796407,-42.950521],[-73.794506,-42.955093],[-73.788627,-42.956314],[-73.78465,-42.952964],[-73.786551,-42.948392],[-73.792429,-42.94717],[-73.794331,-42.942599],[-73.800208,-42.941376],[-73.802109,-42.936804],[-73.807986,-42.935581],[-73.811964,-42.938931],[-73.817842,-42.937707]]]},"properties":{"comuna":"Quellón","mancha_id":"10208-88ceac8941fffff","clase":"Medio","nivel_medio":1.709,"nivel_medio_min":1.545,"nivel_medio_max":1.898,"pct_alto":0.2,"n_hexagonos":15,"area_ha":1002.07}},{"type":"Feature","geometry":{"type":"Polygon","coordinates":[[[-73.815583,-42.917292],[-73.813684,-42.921864],[-73.807808,-42.923088],[-73.803831,-42.919739],[-73.805731,-42.915167],[-73.811606,-42.913943],[-73.815583,-42.917292]]]},"properties":{"comuna":"Quellón","mancha_id":"10208-88ceac8905fffff","clase":"Medio","nivel_medio":1.69,"nivel_medio_min":1.69,"nivel_medio_max":1.69,"pct_alto":0.0,"n_hexagonos":1,"area_ha":66.78}},{"type":"Feature","geometry":{"type":"Polygon","coordinates":[[[-73.944668,-42.877773],[-73.942779,-42.88235],[-73.936901,-42.883582],[-73.932914,-42.880237],[-73.934804,-42.87566],[-73.94068,-42.874428],[-73.944668,-42.877773]]]},"properties":{"comuna":"Quellón","mancha_id":"10208-88ceac88bdfffff","clase":"Medio","nivel_medio":1.542,"nivel_medio_min":1.542,"nivel_medio_max":1.542,"pct_alto":1.9,"n_hexagonos":1,"area_ha":66.9}},{"type":"Feature","geometry":{"type":"Polygon","coordinates":[[[-73.982036,-42.878294],[-73.98015,-42.882873],[-73.974271,-42.884107],[-73.97028,-42.880762],[-73.972167,-42.876184],[-73.968176,-42.87284],[-73.962299,-42.874074],[-73.958309,-42.870729],[-73.960197,-42.866151],[-73.966073,-42.864918],[-73.970063,-42.868261],[-73.97594,-42.867027],[-73.979931,-42.870371],[-73.985808,-42.869136],[-73.987694,-42.864557],[-73.993571,-42.863321],[-73.997564,-42.866665],[-73.995679,-42.871244],[-73.989801,-42.87248],[-73.987915,-42.877059],[-73.982036,-42.878294]]]},"properties":{"comuna":"Quellón","mancha_id":"10208-88ceac8893fffff","clase":"Medio","nivel_medio":1.601,"nivel_medio_min":1.54,"nivel_medio_max":1.696,"pct_alto":0.0,"n_hexagonos":5,"area_ha":334.71}},{"type":"Feature","geometry":{"type":"Polygon","coordinates":[[[-73.927657,-42.918968],[-73.925766,-42.923545],[-73.919885,-42.924775],[-73.915896,-42.921428],[-73.910015,-42.922658],[-73.906028,-42.919311],[-73.900148,-42.92054],[-73.896162,-42.917193],[-73.890283,-42.918421],[-73.886298,-42.915074],[-73.880419,-42.916302],[-73.878525,-42.920877],[-73.872646,-42.922104],[-73.868663,-42.918757],[-73.862784,-42.919984],[-73.858802,-42.916636],[-73.860698,-42.912062],[-73.866575,-42.910835],[-73.86847,-42.90626],[-73.874347,-42.905033],[-73.87833,-42.90838],[-73.884207,-42.907152],[-73.886101,-42.902576],[-73.882118,-42.89923],[-73.876241,-42.900458],[-73.872259,-42.897111],[-73.866383,-42.898339],[-73.864488,-42.902913],[-73.858612,-42.90414],[-73.854631,-42.900793],[-73.856527,-42.896219],[-73.852547,-42.892872],[-73.854442,-42.888299],[-73.850463,-42.884952],[-73.84459,-42.886179],[-73.842694,-42.890752],[-73.846672,-42.894099],[-73.844777,-42.898672],[-73.838902,-42.899898],[-73.837005,-42.904471],[-73.83113,-42.905697],[-73.827152,-42.902349],[-73.821277,-42.903574],[-73.81938,-42.908147],[-73.813505,-42.909371],[-73.809529,-42.906023],[-73.803654,-42.907247],[-73.799679,-42.903898],[-73.793806,-42.905122],[-73.789832,-42.901773],[-73.783959,-42.902996],[-73.779987,-42.899648],[-73.781887,-42.895077],[-73.787759,-42.893854],[-73.789658,-42.889283],[-73.785686,-42.885936],[-73.786809,-42.883235],[-73.787297,-42.883448],[-73.78756,-42.883559],[-73.78784,-42.883635],[-73.788176,-42.883631],[-73.788668,-42.883639],[-73.789049,-42.883658],[-73.78962,-42.88389],[-73.789874,-42.883942],[-73.790184,-42.883852],[-73.790428,-42.883685],[-73.790726,-42.88361],[-73.79122,-42.88363],[-73.791508,-42.883764],[-73.791937,-42.883962],[-73.79223,-42.88399],[-73.79245,-42.88384],[-73.79265,-42.883491],[-73.792744,-42.883338],[-73.79291,-42.88328],[-73.793663,-42.883201],[-73.794277,-42.882988],[-73.794452,-42.882961],[-73.794696,-42.883042],[-73.794885,-42.883144],[-73.795129,-42.883144],[-73.79525,-42.88303],[-73.795272,-42.882906],[-73.795257,-42.882657],[-73.79534,-42.88253],[-73.795467,-42.88244],[-73.795839,-42.882481],[-73.796015,-42.882393],[-73.796036,-42.882315],[-73.796064,-42.882211],[-73.796191,-42.882028],[-73.796434,-42.881886],[-73.796955,-42.881913],[-73.79751,-42.88194],[-73.797824,-42.882126],[-73.79809,-42.88236],[-73.798287,-42.882413],[-73.79874,-42.882366],[-73.79931,-42.88226],[-73.799775,-42.88198],[-73.80022,-42.88157],[-73.80051,-42.88152],[-73.800709,-42.881575],[-73.800898,-42.881771],[-73.80112,-42.88195],[-73.80132,-42.88203],[-73.801551,-42.881938],[-73.80186,-42.88156],[-73.80194,-42.88142],[-73.802244,-42.881257],[-73.80254,-42.88121],[-73.802704,-42.881149],[-73.80279,-42.88101],[-73.802817,-42.88075],[-73.80284,-42.88052],[-73.802893,-42.880391],[-73.803008,-42.880274],[-73.803218,-42.879945],[-73.80341,-42.87978],[-73.80384,-42.87955],[-73.80452,-42.879326],[-73.8033,-42.882265],[-73.797429,-42.883489],[-73.79553,-42.88806],[-73.799503,-42.891408],[-73.797604,-42.895979],[-73.801578,-42.899327],[-73.807452,-42.898103],[-73.80935,-42.893531],[-73.805376,-42.890184],[-73.807274,-42.885612],[-73.813146,-42.884387],[-73.817121,-42.887735],[-73.822993,-42.886509],[-73.82489,-42.881937],[-73.830763,-42.880711],[-73.834739,-42.884058],[-73.840612,-42.882832],[-73.842508,-42.878259],[-73.84838,-42.877032],[-73.850275,-42.872459],[-73.856148,-42.871231],[-73.860126,-42.874577],[-73.865999,-42.87335],[-73.869979,-42.876695],[-73.868085,-42.88127],[-73.872066,-42.884616],[-73.87794,-42.883387],[-73.879833,-42.878813],[-73.885708,-42.877584],[-73.88969,-42.88093],[-73.887797,-42.885505],[-73.89178,-42.888851],[-73.897656,-42.887621],[-73.90164,-42.890967],[-73.899748,-42.895543],[-73.893871,-42.896772],[-73.891978,-42.901348],[-73.895963,-42.904694],[-73.901841,-42.903465],[-73.905826,-42.906812],[-73.911705,-42.905582],[-73.913597,-42.901005],[-73.919475,-42.899775],[-73.923462,-42.903121],[-73.921571,-42.907698],[-73.925559,-42.911044],[-73.923668,-42.915621],[-73.927657,-42.918968]]]},"properties":{"comuna":"Quellón","mancha_id":"10208-88ceac8813fffff","clase":"Medio","nivel_medio":1.792,"nivel_medio_min":1.502,"nivel_medio_max":2.283,"pct_alto":7.7,"n_hexagonos":43,"area_ha":2794.95}},{"type":"Feature","geometry":{"type":"Polygon","coordinates":[[[-73.8846,-42.932148],[-73.882705,-42.936723],[-73.886692,-42.940071],[-73.884797,-42.944647],[-73.888784,-42.947996],[-73.894666,-42.946768],[-73.896561,-42.942192],[-73.902443,-42.940963],[-73.904336,-42.936387],[-73.910218,-42.935158],[-73.914207,-42.938506],[-73.920089,-42.937276],[-73.92408,-42.940624],[-73.922187,-42.945201],[-73.926178,-42.948549],[-73.924286,-42.953127],[-73.918401,-42.954356],[-73.916508,-42.958933],[-73.9205,-42.962282],[-73.918606,-42.966859],[-73.922598,-42.970208],[-73.920705,-42.974785],[-73.914818,-42.976014],[-73.910826,-42.972665],[-73.90494,-42.973893],[-73.903045,-42.97847],[-73.907037,-42.981819],[-73.912924,-42.980591],[-73.916917,-42.983941],[-73.915022,-42.988518],[-73.909134,-42.989746],[-73.907239,-42.994323],[-73.911232,-42.997673],[-73.909337,-43.002251],[-73.913331,-43.005601],[-73.911435,-43.010179],[-73.91543,-43.01353],[-73.913535,-43.018108],[-73.907643,-43.019334],[-73.903649,-43.015983],[-73.905545,-43.011406],[-73.901552,-43.008055],[-73.903448,-43.003478],[-73.899455,-43.000128],[-73.893566,-43.001354],[-73.889575,-42.998004],[-73.883687,-42.99923],[-73.879696,-42.995879],[-73.873809,-42.997105],[-73.86982,-42.993754],[-73.871718,-42.989178],[-73.867729,-42.985828],[-73.869627,-42.981252],[-73.865639,-42.977902],[-73.867537,-42.973327],[-73.873421,-42.972101],[-73.875318,-42.967526],[-73.871331,-42.964176],[-73.865447,-42.965402],[-73.861461,-42.962053],[-73.855579,-42.963278],[-73.851594,-42.959928],[-73.845712,-42.961153],[-73.841729,-42.957803],[-73.843627,-42.953229],[-73.849508,-42.952004],[-73.853492,-42.955354],[-73.859374,-42.954128],[-73.86127,-42.949554],[-73.857286,-42.946205],[-73.851405,-42.94743],[-73.847422,-42.944081],[-73.84932,-42.939507],[-73.8552,-42.938281],[-73.857096,-42.933707],[-73.862976,-42.932481],[-73.86696,-42.935829],[-73.865063,-42.940404],[-73.869048,-42.943752],[-73.867152,-42.948327],[-73.871137,-42.951676],[-73.877019,-42.95045],[-73.878915,-42.945874],[-73.874929,-42.942526],[-73.876825,-42.937951],[-73.87284,-42.934602],[-73.874735,-42.930027],[-73.880615,-42.9288],[-73.8846,-42.932148]],[[-73.900749,-42.958041],[-73.898854,-42.962618],[-73.902844,-42.965967],[-73.908729,-42.964739],[-73.910623,-42.960162],[-73.906633,-42.956813],[-73.900749,-42.958041]]]},"properties":{"comuna":"Quellón","mancha_id":"10208-88ceac8805fffff","clase":"Medio","nivel_medio":1.762,"nivel_medio_min":1.509,"nivel_medio_max":1.983,"pct_alto":0.4,"n_hexagonos":45,"area_ha":3010.3}},{"type":"Feature","geometry":{"type":"Polygon","coordinates":[[[-74.161585,-42.991281],[-74.159706,-42.995869],[-74.163727,-42.999215],[-74.161848,-43.003803],[-74.165869,-43.007149],[-74.16399,-43.011738],[-74.168012,-43.015084],[-74.166133,-43.019673],[-74.160231,-43.020914],[-74.156209,-43.017567],[-74.158089,-43.012979],[-74.154068,-43.009633],[-74.155948,-43.005045],[-74.151928,-43.001698],[-74.146029,-43.00294],[-74.14201,-42.999593],[-74.14389,-42.995006],[-74.149788,-42.993765],[-74.151667,-42.989177],[-74.157565,-42.987936],[-74.161585,-42.991281]]]},"properties":{"comuna":"Quellón","mancha_id":"10208-88ceac8705fffff","clase":"Medio","nivel_medio":1.551,"nivel_medio_min":1.522,"nivel_medio_max":1.629,"pct_alto":0.0,"n_hexagonos":5,"area_ha":336.06}},{"type":"Feature","geometry":{"type":"Polygon","coordinates":[[[-74.223282,-43.011827],[-74.221406,-43.016418],[-74.215503,-43.017663],[-74.211475,-43.014317],[-74.205572,-43.015561],[-74.203696,-43.020151],[-74.197792,-43.021395],[-74.195915,-43.025985],[-74.190011,-43.027228],[-74.185986,-43.023881],[-74.180083,-43.025124],[-74.176058,-43.021777],[-74.177937,-43.017188],[-74.173914,-43.013842],[-74.175792,-43.009253],[-74.181693,-43.00801],[-74.183571,-43.003422],[-74.189472,-43.002178],[-74.193496,-43.005524],[-74.191619,-43.010113],[-74.195644,-43.013459],[-74.201546,-43.012215],[-74.203423,-43.007626],[-74.209325,-43.006381],[-74.213351,-43.009727],[-74.219254,-43.008482],[-74.223282,-43.011827]]]},"properties":{"comuna":"Quellón","mancha_id":"10208-88ceac8663fffff","clase":"Medio","nivel_medio":1.676,"nivel_medio_min":1.509,"nivel_medio_max":1.929,"pct_alto":0.0,"n_hexagonos":8,"area_ha":538.07}},{"type":"Feature","geometry":{"type":"Polygon","coordinates":[[[-74.239681,-43.037739],[-74.237806,-43.042331],[-74.241839,-43.045677],[-74.247747,-43.044432],[-74.25178,-43.047778],[-74.249905,-43.05237],[-74.243996,-43.053616],[-74.239963,-43.050269],[-74.234055,-43.051514],[-74.230023,-43.048167],[-74.224115,-43.049412],[-74.222239,-43.054003],[-74.216331,-43.055247],[-74.212301,-43.0519],[-74.214178,-43.047309],[-74.220085,-43.046065],[-74.221961,-43.041474],[-74.227868,-43.040229],[-74.229744,-43.035638],[-74.23565,-43.034393],[-74.239681,-43.037739]]]},"properties":{"comuna":"Quellón","mancha_id":"10208-88ceac8649fffff","clase":"Medio","nivel_medio":1.688,"nivel_medio_min":1.54,"nivel_medio_max":1.841,"pct_alto":7.3,"n_hexagonos":5,"area_ha":336.59}},{"type":"Feature","geometry":{"type":"Polygon","coordinates":[[[-74.201134,-42.907473],[-74.195352,-42.908697],[-74.192697,-42.906487],[-74.19347,-42.90652],[-74.19372,-42.90656],[-74.19414,-42.90664],[-74.19453,-42.90676],[-74.19525,-42.90682],[-74.19631,-42.90685],[-74.19713,-42.9069],[-74.19809,-42.90693],[-74.19866,-42.90699],[-74.19981,-42.90709],[-74.20039,-42.90717],[-74.20093,-42.90739],[-74.201134,-42.907473]]]},"properties":{"comuna":"Quellón","mancha_id":"10208-88ceac858dfffff","clase":"Medio","nivel_medio":1.625,"nivel_medio_min":1.625,"nivel_medio_max":1.625,"pct_alto":6.7,"n_hexagonos":1,"area_ha":7.98}},{"type":"Feature","geometry":{"type":"Polygon","coordinates":[[[-74.156519,-42.937858],[-74.154642,-42.942445],[-74.148749,-42.943688],[-74.144734,-42.940344],[-74.146612,-42.935758],[-74.152504,-42.934515],[-74.156519,-42.937858]]]},"properties":{"comuna":"Quellón","mancha_id":"10208-88ceac8501fffff","clase":"Medio","nivel_medio":1.679,"nivel_medio_min":1.679,"nivel_medio_max":1.679,"pct_alto":0.0,"n_hexagonos":1,"area_ha":67.17}},{"type":"Feature","geometry":{"type":"Polygon","coordinates":[[[-74.150308,-43.018808],[-74.148428,-43.023396],[-74.152449,-43.026743],[-74.158351,-43.025502],[-74.162374,-43.028849],[-74.160494,-43.033438],[-74.154591,-43.034679],[-74.15271,-43.039267],[-74.156733,-43.042615],[-74.154852,-43.047203],[-74.158876,-43.050551],[-74.164781,-43.04931],[-74.168806,-43.052658],[-74.166926,-43.057247],[-74.16102,-43.058488],[-74.159139,-43.063077],[-74.153232,-43.064317],[-74.149208,-43.060968],[-74.143302,-43.062208],[-74.139279,-43.058859],[-74.141162,-43.054271],[-74.137139,-43.050922],[-74.131235,-43.052161],[-74.129353,-43.056749],[-74.123448,-43.057987],[-74.121565,-43.062575],[-74.11566,-43.063812],[-74.113775,-43.068399],[-74.10787,-43.069637],[-74.103851,-43.066287],[-74.105736,-43.0617],[-74.101717,-43.058351],[-74.103601,-43.053765],[-74.109504,-43.052527],[-74.111388,-43.047941],[-74.117291,-43.046703],[-74.119174,-43.042116],[-74.125077,-43.040877],[-74.12696,-43.03629],[-74.12294,-43.032942],[-74.124823,-43.028355],[-74.120804,-43.025008],[-74.122686,-43.020421],[-74.128587,-43.019182],[-74.130468,-43.014595],[-74.136368,-43.013355],[-74.140387,-43.016702],[-74.146288,-43.015461],[-74.150308,-43.018808]],[[-74.142785,-43.037159],[-74.136882,-43.038399],[-74.135,-43.042987],[-74.139022,-43.046335],[-74.144925,-43.045095],[-74.146807,-43.040507],[-74.142785,-43.037159]]]},"properties":{"comuna":"Quellón","mancha_id":"10208-88ceac8291fffff","clase":"Medio","nivel_medio":1.76,"nivel_medio_min":1.506,"nivel_medio_max":2.0,"pct_alto":0.0,"n_hexagonos":23,"area_ha":1545.83}},{"type":"Feature","geometry":{"type":"Polygon","coordinates":[[[-73.924324,-42.836058],[-73.922435,-42.840634],[-73.916564,-42.841866],[-73.914674,-42.846441],[-73.908802,-42.847673],[-73.906912,-42.852248],[-73.901039,-42.853479],[-73.897058,-42.850135],[-73.891186,-42.851365],[-73.889295,-42.85594],[-73.883423,-42.857169],[-73.881531,-42.861744],[-73.875658,-42.862973],[-73.873765,-42.867547],[-73.867893,-42.868776],[-73.863914,-42.86543],[-73.865807,-42.860856],[-73.861829,-42.857511],[-73.862367,-42.856211],[-73.86249,-42.85615],[-73.862765,-42.85593],[-73.86306,-42.85563],[-73.86332,-42.85548],[-73.863644,-42.855473],[-73.86427,-42.85546],[-73.86468,-42.85537],[-73.865052,-42.855201],[-73.86543,-42.85503],[-73.865894,-42.854738],[-73.86624,-42.85452],[-73.86755,-42.85427],[-73.872267,-42.853957],[-73.873572,-42.855054],[-73.879443,-42.853824],[-73.881335,-42.84925],[-73.887206,-42.84802],[-73.889098,-42.843446],[-73.885118,-42.840102],[-73.885943,-42.838108],[-73.88643,-42.83776],[-73.88739,-42.83702],[-73.8875,-42.83693],[-73.88786,-42.836489],[-73.88825,-42.83621],[-73.888574,-42.836084],[-73.889167,-42.835903],[-73.88972,-42.835845],[-73.890344,-42.835833],[-73.891522,-42.835807],[-73.891992,-42.835627],[-73.892243,-42.835524],[-73.892546,-42.835427],[-73.892835,-42.835414],[-73.893066,-42.835462],[-73.893273,-42.835543],[-73.893743,-42.835665],[-73.894239,-42.835717],[-73.894599,-42.835807],[-73.894696,-42.835823],[-73.89491,-42.835859],[-73.895218,-42.835767],[-73.895455,-42.835601],[-73.895706,-42.835363],[-73.89595,-42.83523],[-73.896137,-42.835195],[-73.89674,-42.83519],[-73.897199,-42.835079],[-73.897579,-42.835116],[-73.898075,-42.835041],[-73.898558,-42.834828],[-73.898931,-42.834777],[-73.89919,-42.8348],[-73.90032,-42.83506],[-73.900701,-42.835034],[-73.901049,-42.834944],[-73.90148,-42.834751],[-73.902027,-42.834558],[-73.902626,-42.834462],[-73.903314,-42.834436],[-73.903569,-42.834377],[-73.90273,-42.83641],[-73.90671,-42.839754],[-73.912582,-42.838522],[-73.914471,-42.833947],[-73.920342,-42.832714],[-73.920576,-42.832148],[-73.920822,-42.832183],[-73.921152,-42.832217],[-73.921369,-42.832164],[-73.921498,-42.831932],[-73.921575,-42.831617],[-73.921626,-42.831308],[-73.921633,-42.830992],[-73.921549,-42.830657],[-73.92157,-42.83037],[-73.921717,-42.8302],[-73.92196,-42.83008],[-73.922264,-42.83011],[-73.922643,-42.830252],[-73.92304,-42.83029],[-73.923602,-42.830258],[-73.924021,-42.830278],[-73.924516,-42.830497],[-73.92489,-42.830767],[-73.92536,-42.830992],[-73.92572,-42.831089],[-73.92608,-42.83108],[-73.926705,-42.830928],[-73.92719,-42.83071],[-73.927633,-42.830528],[-73.928158,-42.830448],[-73.928786,-42.83038],[-73.929537,-42.8302],[-73.929869,-42.8301],[-73.93051,-42.829969],[-73.93108,-42.829889],[-73.931666,-42.829898],[-73.932084,-42.830249],[-73.930196,-42.834825],[-73.924324,-42.836058]]]},"properties":{"comuna":"Quellón","mancha_id":"10208-88ceac1205fffff","clase":"Medio","nivel_medio":1.631,"nivel_medio_min":1.516,"nivel_medio_max":1.819,"pct_alto":1.9,"n_hexagonos":12,"area_ha":701.55}},{"type":"Feature","geometry":{"type":"Polygon","coordinates":[[[-74.751484,-43.654667],[-74.749622,-43.659287],[-74.743624,-43.660546],[-74.73949,-43.657185],[-74.741354,-43.652565],[-74.74735,-43.651306],[-74.751484,-43.654667]]]},"properties":{"comuna":"Quellón","mancha_id":"10208-88ce13d743fffff","clase":"Medio","nivel_medio":1.637,"nivel_medio_min":1.637,"nivel_medio_max":1.637,"pct_alto":0.0,"n_hexagonos":1,"area_ha":68.19}},{"type":"Feature","geometry":{"type":"Polygon","coordinates":[[[-74.724273,-43.55892],[-74.722412,-43.563538],[-74.716427,-43.564798],[-74.712303,-43.56144],[-74.714165,-43.556822],[-74.72015,-43.555562],[-74.724273,-43.55892]]]},"properties":{"comuna":"Quellón","mancha_id":"10208-88ce13d535fffff","clase":"Medio","nivel_medio":1.547,"nivel_medio_min":1.547,"nivel_medio_max":1.547,"pct_alto":0.0,"n_hexagonos":1,"area_ha":68.12}},{"type":"Feature","geometry":{"type":"Polygon","coordinates":[[[-74.741182,-43.584949],[-74.739321,-43.589568],[-74.733332,-43.590828],[-74.729205,-43.58747],[-74.731066,-43.582851],[-74.737054,-43.58159],[-74.741182,-43.584949]]]},"properties":{"comuna":"Quellón","mancha_id":"10208-88ce13d50bfffff","clase":"Medio","nivel_medio":1.533,"nivel_medio_min":1.533,"nivel_medio_max":1.533,"pct_alto":0.0,"n_hexagonos":1,"area_ha":68.15}},{"type":"Feature","geometry":{"type":"Polygon","coordinates":[[[-74.82986,-43.57531],[-74.82986,-43.57566],[-74.82966,-43.57584],[-74.82943,-43.57586],[-74.82917,-43.57568],[-74.82879,-43.57542],[-74.82845,-43.57539],[-74.82822,-43.57532],[-74.82818,-43.57517],[-74.82824,-43.57509],[-74.82876,-43.57484],[-74.82911,-43.57485],[-74.82934,-43.57491],[-74.82986,-43.57531]]]},"properties":{"comuna":"Quellón","mancha_id":"10208-88ce13d4e9fffff","clase":"Medio","nivel_medio":1.673,"nivel_medio_min":1.673,"nivel_medio_max":1.673,"pct_alto":27.0,"n_hexagonos":1,"area_ha":0.91}},{"type":"Feature","geometry":{"type":"Polygon","coordinates":[[[-74.83186,-43.57571],[-74.83225,-43.57638],[-74.83225,-43.57648],[-74.83195,-43.57649],[-74.8316,-43.57625],[-74.83132,-43.57594],[-74.83132,-43.57584],[-74.83159,-43.57572],[-74.83186,-43.57571]]]},"properties":{"comuna":"Quellón","mancha_id":"10208-88ce13d4e9fffff-2","clase":"Medio","nivel_medio":1.673,"nivel_medio_min":1.673,"nivel_medio_max":1.673,"pct_alto":27.0,"n_hexagonos":1,"area_ha":0.38}},{"type":"Feature","geometry":{"type":"Polygon","coordinates":[[[-74.82842,-43.58007],[-74.82821,-43.5799],[-74.828,-43.57937],[-74.828016,-43.579323],[-74.82804,-43.57925],[-74.82815,-43.57919],[-74.82835,-43.57919],[-74.82844,-43.579233],[-74.82858,-43.5793],[-74.82875,-43.57947],[-74.82915,-43.57962],[-74.82915,-43.57981],[-74.82908,-43.57985],[-74.82869,-43.58009],[-74.82842,-43.58007]]]},"properties":{"comuna":"Quellón","mancha_id":"10208-88ce13d413fffff","clase":"Medio","nivel_medio":1.984,"nivel_medio_min":1.673,"nivel_medio_max":1.999,"pct_alto":41.7,"n_hexagonos":2,"area_ha":0.59}},{"type":"Feature","geometry":{"type":"Polygon","coordinates":[[[-74.587748,-43.625574],[-74.591863,-43.628937],[-74.590759,-43.631656],[-74.59059,-43.63159],[-74.59006,-43.6315],[-74.5893,-43.63149],[-74.58905,-43.63144],[-74.58829,-43.63122],[-74.58778,-43.63133],[-74.58695,-43.63164],[-74.58663,-43.63165],[-74.58613,-43.63156],[-74.58587,-43.63156],[-74.58551,-43.6316],[-74.58496,-43.63203],[-74.58463,-43.63223],[-74.58447,-43.632305],[-74.58438,-43.63235],[-74.58425,-43.63237],[-74.58399,-43.63236],[-74.58335,-43.63224],[-74.58306,-43.63233],[-74.58268,-43.6327],[-74.5827,-43.63316],[-74.58291,-43.63336],[-74.58345,-43.63374],[-74.58371,-43.63402],[-74.58376,-43.63411],[-74.58377,-43.63429],[-74.58401,-43.63458],[-74.58397,-43.634774],[-74.579887,-43.631437],[-74.581761,-43.626824],[-74.587748,-43.625574]]]},"properties":{"comuna":"Quellón","mancha_id":"10208-88ce13d1c5fffff","clase":"Medio","nivel_medio":1.593,"nivel_medio_min":1.593,"nivel_medio_max":1.593,"pct_alto":0.2,"n_hexagonos":1,"area_ha":51.98}},{"type":"Feature","geometry":{"type":"Polygon","coordinates":[[[-74.55922,-43.62081],[-74.55928,-43.62079],[-74.559308,-43.620753],[-74.561238,-43.622332],[-74.56095,-43.62221],[-74.56037,-43.62178],[-74.56015,-43.62166],[-74.55971,-43.62149],[-74.55944,-43.62131],[-74.55927,-43.62113],[-74.55922,-43.62081]]]},"properties":{"comuna":"Quellón","mancha_id":"10208-88ce13d133fffff","clase":"Medio","nivel_medio":1.917,"nivel_medio_min":1.917,"nivel_medio_max":1.917,"pct_alto":2.2,"n_hexagonos":1,"area_ha":0.42}},{"type":"Feature","geometry":{"type":"Polygon","coordinates":[[[-74.55978,-43.62498],[-74.560633,-43.624884],[-74.56067,-43.62488],[-74.56206,-43.62482],[-74.56304,-43.62482],[-74.56328,-43.62473],[-74.563325,-43.624655],[-74.5636,-43.62428],[-74.563955,-43.623945],[-74.56442,-43.62379],[-74.56486,-43.62369],[-74.56592,-43.6236],[-74.56641,-43.62368],[-74.56672,-43.62368],[-74.56684,-43.62359],[-74.56676,-43.62343],[-74.56617,-43.62315],[-74.56572,-43.62299],[-74.56487,-43.62255],[-74.56443,-43.6224],[-74.5642,-43.62235],[-74.56354,-43.62236],[-74.56287,-43.62246],[-74.56243,-43.62248],[-74.5621,-43.622485],[-74.567548,-43.621348],[-74.57166,-43.624711],[-74.569787,-43.629324],[-74.565787,-43.630158],[-74.56555,-43.63004],[-74.56483,-43.62983],[-74.5646,-43.62966],[-74.56416,-43.62914],[-74.56397,-43.62901],[-74.56356,-43.62877],[-74.56289,-43.62852],[-74.56223,-43.62822],[-74.56187,-43.628085],[-74.56112,-43.62801],[-74.56082,-43.62808],[-74.560779,-43.628102],[-74.559688,-43.62721],[-74.556373,-43.627901],[-74.55615,-43.62784],[-74.55601,-43.62773],[-74.55595,-43.62769],[-74.55578,-43.6275],[-74.55567,-43.62724],[-74.5556,-43.62718],[-74.55559,-43.62693],[-74.55573,-43.62674],[-74.55642,-43.62617],[-74.55688,-43.62585],[-74.55722,-43.62567],[-74.55733,-43.62561],[-74.55777,-43.62544],[-74.55844,-43.62527],[-74.55978,-43.62498]]]},"properties":{"comuna":"Quellón","mancha_id":"10208-88ce13d133fffff-2","clase":"Medio","nivel_medio":1.891,"nivel_medio_min":1.888,"nivel_medio_max":1.917,"pct_alto":6.1,"n_hexagonos":2,"area_ha":64.01}},{"type":"Feature","geometry":{"type":"Polygon","coordinates":[[[-74.658121,-43.627749],[-74.656253,-43.632365],[-74.650262,-43.633619],[-74.646141,-43.630257],[-74.64015,-43.631511],[-74.63603,-43.628149],[-74.637899,-43.623533],[-74.643888,-43.62228],[-74.648009,-43.625641],[-74.653999,-43.624387],[-74.658121,-43.627749]]]},"properties":{"comuna":"Quellón","mancha_id":"10208-88ce13d0e3fffff","clase":"Medio","nivel_medio":1.724,"nivel_medio_min":1.688,"nivel_medio_max":1.76,"pct_alto":0.2,"n_hexagonos":2,"area_ha":136.15}},{"type":"Feature","geometry":{"type":"Polygon","coordinates":[[[-74.674226,-43.6286],[-74.67835,-43.631961],[-74.684342,-43.630705],[-74.686208,-43.626088],[-74.692199,-43.624831],[-74.696326,-43.628192],[-74.702318,-43.626935],[-74.704182,-43.622317],[-74.710174,-43.621059],[-74.712038,-43.616441],[-74.718029,-43.615182],[-74.719893,-43.610564],[-74.725883,-43.609305],[-74.727746,-43.604686],[-74.723618,-43.601326],[-74.717628,-43.602585],[-74.713502,-43.599225],[-74.715365,-43.594607],[-74.721354,-43.593348],[-74.725481,-43.596707],[-74.73147,-43.595448],[-74.735598,-43.598807],[-74.733736,-43.603426],[-74.737865,-43.606785],[-74.743857,-43.605525],[-74.745718,-43.600906],[-74.751709,-43.599645],[-74.755839,-43.603004],[-74.761831,-43.601742],[-74.763691,-43.597122],[-74.769682,-43.59586],[-74.773814,-43.599219],[-74.779806,-43.597956],[-74.781664,-43.593335],[-74.787656,-43.592072],[-74.79179,-43.59543],[-74.797782,-43.594166],[-74.801917,-43.597524],[-74.80791,-43.59626],[-74.809766,-43.591638],[-74.80563,-43.58828],[-74.799639,-43.589545],[-74.795504,-43.586187],[-74.797361,-43.581566],[-74.803352,-43.580301],[-74.807487,-43.583659],[-74.813478,-43.582394],[-74.815334,-43.577771],[-74.811199,-43.574414],[-74.805208,-43.575679],[-74.801075,-43.572322],[-74.795085,-43.573587],[-74.793228,-43.578208],[-74.787238,-43.579472],[-74.783106,-43.576114],[-74.783974,-43.573955],[-74.7841,-43.57401],[-74.7845,-43.57443],[-74.7854,-43.57521],[-74.78554,-43.57537],[-74.78586,-43.57609],[-74.78594,-43.57618],[-74.78608,-43.57623],[-74.78621,-43.57622],[-74.7864,-43.57602],[-74.78662,-43.57561],[-74.78721,-43.57521],[-74.78747,-43.57492],[-74.78791,-43.57436],[-74.78815,-43.57397],[-74.78854,-43.57379],[-74.78915,-43.57366],[-74.78966,-43.57342],[-74.79041,-43.57283],[-74.79108,-43.57245],[-74.79159,-43.57209],[-74.79202,-43.57165],[-74.79235,-43.571365],[-74.79235,-43.571365],[-74.79272,-43.57122],[-74.79323,-43.57113],[-74.7935,-43.57098],[-74.79364,-43.57086],[-74.79391,-43.57045],[-74.79439,-43.56991],[-74.79454,-43.56981],[-74.79517,-43.56962],[-74.79565,-43.5694],[-74.79613,-43.56932],[-74.79663,-43.56917],[-74.79679,-43.56907],[-74.79714,-43.56867],[-74.79772,-43.56843],[-74.79792,-43.56828],[-74.79843,-43.56787],[-74.79874,-43.56741],[-74.79902,-43.56707],[-74.79985,-43.56642],[-74.8,-43.56621],[-74.79996,-43.56582],[-74.80006,-43.56559],[-74.80021,-43.565491],[-74.802931,-43.567701],[-74.806083,-43.567035],[-74.80646,-43.56704],[-74.80671,-43.56712],[-74.80693,-43.56732],[-74.80725,-43.56747],[-74.80753,-43.56749],[-74.80779,-43.56742],[-74.8082,-43.56748],[-74.8092,-43.568],[-74.8096,-43.56804],[-74.81038,-43.56819],[-74.81079,-43.56849],[-74.81096,-43.56863],[-74.812201,-43.5691],[-74.81236,-43.56916],[-74.81256,-43.56913],[-74.81311,-43.5687],[-74.81417,-43.56822],[-74.81475,-43.56718],[-74.81518,-43.56667],[-74.81554,-43.56634],[-74.81682,-43.56565],[-74.81772,-43.56535],[-74.81802,-43.56515],[-74.81828,-43.56507],[-74.81917,-43.56495],[-74.81966,-43.56472],[-74.82006,-43.56444],[-74.820775,-43.564214],[-74.82082,-43.5642],[-74.82139,-43.56392],[-74.82163,-43.56389],[-74.82236,-43.56437],[-74.82258,-43.56477],[-74.82288,-43.56487],[-74.82346,-43.56491],[-74.82403,-43.56484],[-74.8246,-43.56469],[-74.82511,-43.5647],[-74.82551,-43.56484],[-74.82609,-43.56529],[-74.82631,-43.56541],[-74.82679,-43.56551],[-74.82728,-43.56547],[-74.82758,-43.56525],[-74.82787,-43.56491],[-74.82814,-43.56476],[-74.82847,-43.56471],[-74.82917,-43.56467],[-74.829353,-43.564638],[-74.831025,-43.565995],[-74.83449,-43.565262],[-74.83449,-43.56532],[-74.83471,-43.5658],[-74.835,-43.5662],[-74.83497,-43.5663],[-74.83482,-43.56643],[-74.83466,-43.56643],[-74.83454,-43.56639],[-74.83435,-43.56619],[-74.83349,-43.56625],[-74.83279,-43.56589],[-74.8326,-43.56595],[-74.83257,-43.56611],[-74.83306,-43.56653],[-74.83306,-43.5666],[-74.83295,-43.56671],[-74.83269,-43.56679],[-74.83273,-43.56688],[-74.83311,-43.56704],[-74.83342,-43.56726],[-74.83334,-43.56749],[-74.83314,-43.56748],[-74.83274,-43.56736],[-74.83261,-43.56747],[-74.83264,-43.56758],[-74.83274,-43.56768],[-74.83355,-43.56791],[-74.83369,-43.56811],[-74.8336,-43.56832],[-74.83342,-43.56843],[-74.8332,-43.56848],[-74.83298,-43.56841],[-74.83237,-43.56805],[-74.83207,-43.56799],[-74.83165,-43.56816],[-74.83158,-43.5683],[-74.83146,-43.56837],[-74.83133,-43.56834],[-74.83121,-43.56798],[-74.83102,-43.56792],[-74.8309,-43.56795],[-74.83083,-43.56799],[-74.83083,-43.56824],[-74.83129,-43.56853],[-74.83135,-43.56863],[-74.83121,-43.56873],[-74.83107,-43.56873],[-74.83055,-43.56854],[-74.83021,-43.56849],[-74.83012,-43.56851],[-74.83018,-43.56873],[-74.83042,-43.56896],[-74.83038,-43.56917],[-74.83016,-43.56925],[-74.83011,-43.56934],[-74.8303,-43.56956],[-74.8303,-43.5697],[-74.83005,-43.56979],[-74.829535,-43.569709],[-74.82929,-43.56967],[-74.82891,-43.56967],[-74.82868,-43.56963],[-74.82829,-43.56966],[-74.82813,-43.56987],[-74.82829,-43.57003],[-74.82852,-43.57011],[-74.829312,-43.570265],[-74.82954,-43.57031],[-74.83106,-43.57077],[-74.83173,-43.57108],[-74.83224,-43.57121],[-74.83262,-43.57143],[-74.83328,-43.57231],[-74.83328,-43.57254],[-74.83322,-43.57262],[-74.83314,-43.57268],[-74.83284,-43.57273],[-74.83246,-43.57273],[-74.831621,-43.572606],[-74.83131,-43.57256],[-74.83114,-43.57258],[-74.83104,-43.57264],[-74.83106,-43.57284],[-74.83131,-43.57292],[-74.83182,-43.57305],[-74.832258,-43.573122],[-74.83303,-43.57325],[-74.83333,-43.57346],[-74.83333,-43.57366],[-74.83318,-43.57378],[-74.83308,-43.573789],[-74.83232,-43.57386],[-74.83179,-43.57365],[-74.83125,-43.57328],[-74.83061,-43.57331],[-74.83004,-43.57323],[-74.82985,-43.57324],[-74.82967,-43.57332],[-74.82972,-43.57345],[-74.8309,-43.57368],[-74.83124,-43.57383],[-74.83132,-43.57397],[-74.83124,-43.57411],[-74.83074,-43.57427],[-74.83045,-43.57449],[-74.83019,-43.5745],[-74.82927,-43.57413],[-74.82851,-43.57399],[-74.82737,-43.57344],[-74.8271,-43.57349],[-74.82699,-43.57357],[-74.82689,-43.57364],[-74.82694,-43.57387],[-74.82726,-43.57436],[-74.82726,-43.57446],[-74.82694,-43.57471],[-74.82692,-43.57478],[-74.82714,-43.57503],[-74.8274,-43.57521],[-74.82754,-43.57558],[-74.82727,-43.57571],[-74.82708,-43.57568],[-74.82689,-43.57547],[-74.8267,-43.57535],[-74.82657,-43.57533],[-74.82625,-43.57535],[-74.82601,-43.57554],[-74.82601,-43.57584],[-74.82625,-43.57617],[-74.82617,-43.57648],[-74.82584,-43.57652],[-74.82565,-43.57648],[-74.82431,-43.57609],[-74.82382,-43.57613],[-74.8236,-43.5763],[-74.82361,-43.57641],[-74.82372,-43.57647],[-74.82444,-43.57657],[-74.82545,-43.57678],[-74.82591,-43.57699],[-74.8262,-43.57725],[-74.82617,-43.57737],[-74.82599,-43.57746],[-74.82555,-43.5775],[-74.8246,-43.5774],[-74.82383,-43.57717],[-74.82348,-43.57714],[-74.82337,-43.57724],[-74.82337,-43.57739],[-74.82366,-43.57777],[-74.82383,-43.57787],[-74.82458,-43.57802],[-74.82516,-43.57835],[-74.82561,-43.57854],[-74.82632,-43.57871],[-74.82681,-43.57897],[-74.82718,-43.57928],[-74.82722,-43.579491],[-74.82724,-43.5796],[-74.82721,-43.57976],[-74.8271,-43.57991],[-74.82694,-43.58001],[-74.82675,-43.58002],[-74.82637,-43.57994],[-74.82629,-43.57997],[-74.82627,-43.58009],[-74.82661,-43.58033],[-74.82659,-43.58048],[-74.826,-43.58064],[-74.82559,-43.58091],[-74.82528,-43.58096],[-74.825021,-43.58096],[-74.8249,-43.58096],[-74.82455,-43.58079],[-74.82424,-43.58067],[-74.82385,-43.58066],[-74.82347,-43.58059],[-74.82328,-43.5806],[-74.82315,-43.58068],[-74.82311,-43.58073],[-74.82316,-43.58089],[-74.82387,-43.58151],[-74.82399,-43.58169],[-74.82393,-43.582],[-74.82358,-43.58237],[-74.82309,-43.58241],[-74.82226,-43.58232],[-74.8219,-43.58267],[-74.82199,-43.58291],[-74.82232,-43.58322],[-74.82256,-43.58355],[-74.82304,-43.58385],[-74.82348,-43.5838],[-74.82369,-43.58364],[-74.82405,-43.58322],[-74.824133,-43.583172],[-74.82436,-43.58304],[-74.82472,-43.58294],[-74.8249,-43.58283],[-74.82514,-43.58255],[-74.82525,-43.58235],[-74.82547,-43.58218],[-74.82563,-43.58211],[-74.82588,-43.5821],[-74.82665,-43.58226],[-74.82715,-43.5823],[-74.82842,-43.58254],[-74.8305,-43.58304],[-74.83069,-43.58314],[-74.83098,-43.58351],[-74.83122,-43.58367],[-74.83126,-43.58385],[-74.83122,-43.58395],[-74.83058,-43.58412],[-74.82982,-43.5842],[-74.82961,-43.58426],[-74.82961,-43.58442],[-74.82975,-43.58448],[-74.83017,-43.58453],[-74.83068,-43.5845],[-74.83104,-43.58461],[-74.83123,-43.58489],[-74.83121,-43.58506],[-74.83117,-43.58524],[-74.83091,-43.58562],[-74.83045,-43.58584],[-74.8301,-43.58595],[-74.82867,-43.58578],[-74.82845,-43.58579],[-74.82756,-43.586],[-74.82711,-43.58598],[-74.82622,-43.58564],[-74.82578,-43.58558],[-74.82529,-43.58563],[-74.82519,-43.58575],[-74.825187,-43.585768],[-74.82514,-43.58604],[-74.82522,-43.58641],[-74.82538,-43.58678],[-74.82541,-43.58751],[-74.82582,-43.58773],[-74.82603,-43.58778],[-74.82641,-43.58774],[-74.82693,-43.5875],[-74.82717,-43.58751],[-74.82739,-43.58766],[-74.82746,-43.58777],[-74.82738,-43.58806],[-74.8272,-43.58815],[-74.82644,-43.58838],[-74.82636,-43.58842],[-74.82636,-43.58855],[-74.8266,-43.5886],[-74.82717,-43.58856],[-74.827417,-43.588657],[-74.826468,-43.591022],[-74.82627,-43.59125],[-74.82614,-43.59133],[-74.82583,-43.59143],[-74.82548,-43.59138],[-74.82525,-43.59137],[-74.82455,-43.5917],[-74.82433,-43.59172],[-74.82389,-43.59155],[-74.82366,-43.59158],[-74.8233,-43.59173],[-74.82327,-43.59187],[-74.82342,-43.59205],[-74.82339,-43.59221],[-74.82266,-43.59241],[-74.82268,-43.59252],[-74.8229,-43.59271],[-74.82277,-43.59277],[-74.82239,-43.59278],[-74.82212,-43.59299],[-74.82205,-43.59314],[-74.82169,-43.59327],[-74.821586,-43.593374],[-74.819895,-43.593731],[-74.818039,-43.598353],[-74.812046,-43.599618],[-74.810189,-43.60424],[-74.814327,-43.607598],[-74.812743,-43.611541],[-74.81269,-43.6116],[-74.81258,-43.61188],[-74.812592,-43.611917],[-74.81247,-43.612221],[-74.813553,-43.6131],[-74.81306,-43.61339],[-74.81297,-43.61358],[-74.81298,-43.61369],[-74.8132,-43.61379],[-74.81365,-43.6138],[-74.814271,-43.613682],[-74.816608,-43.615579],[-74.815187,-43.619118],[-74.81494,-43.61915],[-74.8144,-43.61915],[-74.81406,-43.61935],[-74.81393,-43.61952],[-74.81387,-43.61984],[-74.81393,-43.62032],[-74.813951,-43.620371],[-74.812985,-43.620574],[-74.81293,-43.62054],[-74.81268,-43.62044],[-74.81206,-43.62049],[-74.81163,-43.62069],[-74.81156,-43.62079],[-74.811575,-43.620872],[-74.808755,-43.621466],[-74.806898,-43.626089],[-74.800902,-43.627352],[-74.799043,-43.631974],[-74.793047,-43.633237],[-74.791188,-43.637859],[-74.795326,-43.641218],[-74.794721,-43.642721],[-74.79467,-43.64276],[-74.79363,-43.64334],[-74.79341,-43.64357],[-74.79352,-43.64396],[-74.79365,-43.64412],[-74.7939,-43.64419],[-74.79406,-43.64418],[-74.794149,-43.644144],[-74.793467,-43.645841],[-74.787469,-43.647103],[-74.786713,-43.648981],[-74.78649,-43.64935],[-74.786458,-43.649615],[-74.785609,-43.651725],[-74.779611,-43.652986],[-74.775474,-43.649626],[-74.777334,-43.645004],[-74.773198,-43.641644],[-74.767201,-43.642905],[-74.763066,-43.639545],[-74.757071,-43.640805],[-74.752937,-43.637445],[-74.754799,-43.632824],[-74.750666,-43.629464],[-74.752527,-43.624844],[-74.758521,-43.623583],[-74.760382,-43.618963],[-74.75625,-43.615603],[-74.75811,-43.610983],[-74.753979,-43.607624],[-74.747987,-43.608885],[-74.746126,-43.613504],[-74.750257,-43.616864],[-74.748395,-43.621484],[-74.742402,-43.622744],[-74.74054,-43.627364],[-74.744672,-43.630724],[-74.742809,-43.635344],[-74.736815,-43.636603],[-74.734952,-43.641223],[-74.728957,-43.642482],[-74.724826,-43.639121],[-74.718832,-43.640379],[-74.714702,-43.637018],[-74.708708,-43.638276],[-74.706843,-43.642894],[-74.700849,-43.644151],[-74.696722,-43.64079],[-74.690728,-43.642046],[-74.686602,-43.638684],[-74.680609,-43.63994],[-74.676483,-43.636579],[-74.670491,-43.637834],[-74.666367,-43.634472],[-74.668235,-43.629855],[-74.674226,-43.6286]],[[-74.802338,-43.610127],[-74.796344,-43.61139],[-74.794486,-43.616012],[-74.798623,-43.619371],[-74.804618,-43.618107],[-74.806475,-43.613485],[-74.802338,-43.610127]],[[-74.776503,-43.619799],[-74.778363,-43.615178],[-74.774229,-43.611819],[-74.768236,-43.613081],[-74.766375,-43.617702],[-74.770509,-43.621061],[-74.776503,-43.619799]],[[-74.772783,-43.629042],[-74.768649,-43.625682],[-74.762654,-43.626943],[-74.760793,-43.631564],[-74.764928,-43.634924],[-74.770923,-43.633663],[-74.772783,-43.629042]]]},"properties":{"comuna":"Quellón","mancha_id":"10208-88ce13d089fffff","clase":"Medio","nivel_medio":1.627,"nivel_medio_min":1.505,"nivel_medio_max":2.04,"pct_alto":2.9,"n_hexagonos":67,"area_ha":4303.94}},{"type":"Feature","geometry":{"type":"Polygon","coordinates":[[[-74.709644,-43.540871],[-74.705523,-43.537514],[-74.707349,-43.532985],[-74.70825,-43.53296],[-74.70865,-43.53278],[-74.708979,-43.532561],[-74.710457,-43.532249],[-74.71082,-43.53218],[-74.710867,-43.532163],[-74.713366,-43.531636],[-74.717487,-43.534994],[-74.715627,-43.539611],[-74.709644,-43.540871]]]},"properties":{"comuna":"Quellón","mancha_id":"10208-88ce13c289fffff","clase":"Medio","nivel_medio":1.526,"nivel_medio_min":1.526,"nivel_medio_max":1.526,"pct_alto":0.5,"n_hexagonos":1,"area_ha":67.87}},{"type":"Feature","geometry":{"type":"Polygon","coordinates":[[[-74.680907,-43.584943],[-74.685029,-43.588303],[-74.691016,-43.587045],[-74.695139,-43.590405],[-74.693275,-43.595022],[-74.687287,-43.59628],[-74.683164,-43.59292],[-74.677177,-43.594177],[-74.675311,-43.598794],[-74.669323,-43.60005],[-74.665202,-43.596689],[-74.667069,-43.592073],[-74.673055,-43.590817],[-74.674921,-43.5862],[-74.680907,-43.584943]]]},"properties":{"comuna":"Quellón","mancha_id":"10208-88ce13c259fffff","clase":"Medio","nivel_medio":1.543,"nivel_medio_min":1.529,"nivel_medio_max":1.564,"pct_alto":0.0,"n_hexagonos":3,"area_ha":204.27}},{"type":"Feature","geometry":{"type":"Polygon","coordinates":[[[-74.65567,-43.55356],[-74.65529,-43.55372],[-74.655176,-43.553751],[-74.655664,-43.552544],[-74.6557,-43.55258],[-74.65598,-43.55297],[-74.65591,-43.55323],[-74.65582,-43.55341],[-74.65567,-43.55356]]]},"properties":{"comuna":"Quellón","mancha_id":"10208-88ce13c239fffff","clase":"Medio","nivel_medio":1.726,"nivel_medio_min":1.726,"nivel_medio_max":1.726,"pct_alto":16.5,"n_hexagonos":1,"area_ha":0.4}},{"type":"Feature","geometry":{"type":"Polygon","coordinates":[[[-74.686107,-43.5585],[-74.684244,-43.563117],[-74.688364,-43.566476],[-74.6865,-43.571092],[-74.690622,-43.574452],[-74.696607,-43.573193],[-74.70073,-43.576552],[-74.706716,-43.575294],[-74.71084,-43.578652],[-74.716827,-43.577393],[-74.718689,-43.572775],[-74.724676,-43.571515],[-74.728801,-43.574873],[-74.72694,-43.579492],[-74.720952,-43.580752],[-74.71909,-43.58537],[-74.713102,-43.58663],[-74.708977,-43.58327],[-74.70299,-43.584529],[-74.698867,-43.58117],[-74.69288,-43.582428],[-74.688758,-43.579069],[-74.682772,-43.580326],[-74.678651,-43.576967],[-74.680515,-43.57235],[-74.676395,-43.568991],[-74.67826,-43.564375],[-74.67414,-43.561016],[-74.668157,-43.562273],[-74.664039,-43.558914],[-74.658056,-43.56017],[-74.65394,-43.556811],[-74.654971,-43.55426],[-74.6551,-43.55426],[-74.65548,-43.55422],[-74.65586,-43.55407],[-74.65643,-43.55375],[-74.65691,-43.5536],[-74.65707,-43.55358],[-74.65732,-43.55357],[-74.65824,-43.55378],[-74.65862,-43.55372],[-74.659,-43.55359],[-74.6597,-43.5532],[-74.65991,-43.55312],[-74.66002,-43.55311],[-74.66103,-43.55322],[-74.66128,-43.55329],[-74.6616,-43.55346],[-74.66185,-43.55343],[-74.662,-43.55338],[-74.66203,-43.55329],[-74.66206,-43.55282],[-74.66214,-43.55281],[-74.66238,-43.55291],[-74.66247,-43.55299],[-74.66259,-43.55301],[-74.66281,-43.55295],[-74.66298,-43.55274],[-74.66298,-43.55249],[-74.66306,-43.5524],[-74.6633,-43.55245],[-74.66376,-43.55276],[-74.663996,-43.552741],[-74.665904,-43.554298],[-74.671886,-43.553041],[-74.672391,-43.551792],[-74.67249,-43.55181],[-74.67278,-43.55183],[-74.67307,-43.55175],[-74.67364,-43.55149],[-74.67413,-43.55143],[-74.67453,-43.55128],[-74.67516,-43.55136],[-74.67543,-43.55138],[-74.67586,-43.55188],[-74.67586,-43.552],[-74.67604,-43.55227],[-74.67624,-43.55231],[-74.6764,-43.55229],[-74.67694,-43.55194],[-74.67739,-43.55177],[-74.67832,-43.55186],[-74.67904,-43.55189],[-74.67947,-43.55186],[-74.67979,-43.55179],[-74.67996,-43.55161],[-74.68002,-43.55132],[-74.67988,-43.55105],[-74.67955,-43.55081],[-74.6792,-43.5507],[-74.67889,-43.55046],[-74.67869,-43.55039],[-74.67776,-43.55024],[-74.67722,-43.54996],[-74.67708,-43.54983],[-74.67692,-43.54951],[-74.67635,-43.54904],[-74.67605,-43.54856],[-74.67582,-43.547989],[-74.679733,-43.547167],[-74.683851,-43.550525],[-74.681988,-43.555142],[-74.686107,-43.5585]]]},"properties":{"comuna":"Quellón","mancha_id":"10208-88ce13c211fffff","clase":"Medio","nivel_medio":1.568,"nivel_medio_min":1.512,"nivel_medio_max":1.726,"pct_alto":3.3,"n_hexagonos":10,"area_ha":652.75}},{"type":"Feature","geometry":{"type":"Polygon","coordinates":[[[-74.658442,-43.572761],[-74.662561,-43.576121],[-74.668546,-43.574864],[-74.672665,-43.578224],[-74.6708,-43.58284],[-74.664814,-43.584097],[-74.662948,-43.588713],[-74.656962,-43.589969],[-74.652843,-43.586608],[-74.646858,-43.587864],[-74.64274,-43.584503],[-74.644607,-43.579888],[-74.650592,-43.578633],[-74.652458,-43.574017],[-74.658442,-43.572761]]]},"properties":{"comuna":"Quellón","mancha_id":"10208-88ce13c209fffff","clase":"Medio","nivel_medio":1.78,"nivel_medio_min":1.569,"nivel_medio_max":1.943,"pct_alto":25.9,"n_hexagonos":4,"area_ha":272.25}},{"type":"Feature","geometry":{"type":"Polygon","coordinates":[[[-74.650208,-43.566042],[-74.648341,-43.570657],[-74.642358,-43.571913],[-74.640491,-43.576528],[-74.634507,-43.577783],[-74.630391,-43.574423],[-74.624408,-43.575677],[-74.62254,-43.580291],[-74.616556,-43.581545],[-74.612442,-43.578184],[-74.606459,-43.579437],[-74.60459,-43.584051],[-74.608703,-43.587412],[-74.606833,-43.592026],[-74.600849,-43.593279],[-74.598978,-43.597892],[-74.592994,-43.599144],[-74.588881,-43.595782],[-74.590366,-43.592122],[-74.59112,-43.5924],[-74.59125,-43.5924],[-74.59156,-43.59232],[-74.59172,-43.59231],[-74.59194,-43.59233],[-74.59216,-43.5924],[-74.5924,-43.59268],[-74.59252,-43.59308],[-74.59268,-43.59321],[-74.59279,-43.59323],[-74.59314,-43.59317],[-74.59336,-43.59317],[-74.59365,-43.59324],[-74.59368,-43.5933],[-74.59376,-43.5933],[-74.59392,-43.59339],[-74.59419,-43.59339],[-74.59431,-43.59334],[-74.59438,-43.59328],[-74.59442,-43.59318],[-74.59444,-43.59295],[-74.59451,-43.59285],[-74.59484,-43.59285],[-74.59498,-43.5929],[-74.59516,-43.59316],[-74.59538,-43.59321],[-74.59549,-43.59317],[-74.5957,-43.5928],[-74.59591,-43.59255],[-74.59606,-43.59247],[-74.59643,-43.59249],[-74.59668,-43.59274],[-74.59704,-43.59319],[-74.59723,-43.59319],[-74.59741,-43.5931],[-74.59744,-43.59304],[-74.59742,-43.59265],[-74.59738,-43.5925],[-74.59723,-43.59238],[-74.59675,-43.59199],[-74.59662,-43.59173],[-74.5966,-43.59119],[-74.59652,-43.59113],[-74.5965,-43.59105],[-74.59601,-43.59081],[-74.5949,-43.59049],[-74.59467,-43.590349],[-74.596736,-43.589917],[-74.598606,-43.585304],[-74.594749,-43.582151],[-74.59491,-43.58187],[-74.59498,-43.58182],[-74.59525,-43.58171],[-74.5955,-43.58172],[-74.59598,-43.58186],[-74.59658,-43.58217],[-74.59702,-43.58229],[-74.5972,-43.58219],[-74.5969,-43.5817],[-74.59699,-43.5814],[-74.59726,-43.58142],[-74.59781,-43.5818],[-74.59808,-43.58183],[-74.59818,-43.58172],[-74.59818,-43.58157],[-74.59781,-43.58095],[-74.59787,-43.58059],[-74.59808,-43.58047],[-74.59851,-43.58038],[-74.59868,-43.58037],[-74.59908,-43.58041],[-74.59942,-43.58061],[-74.59998,-43.58106],[-74.60006,-43.58106],[-74.60023,-43.58113],[-74.60047,-43.58113],[-74.60069,-43.58097],[-74.60072,-43.58086],[-74.600795,-43.58084],[-74.60123,-43.58061],[-74.60133,-43.5805],[-74.60125,-43.58027],[-74.60109,-43.58013],[-74.60087,-43.58001],[-74.60086,-43.57983],[-74.60089,-43.57976],[-74.60116,-43.57967],[-74.60138,-43.57967],[-74.60179,-43.57971],[-74.60256,-43.57985],[-74.60276,-43.57989],[-74.60319,-43.57984],[-74.60357,-43.57958],[-74.604,-43.57915],[-74.60414,-43.57908],[-74.60468,-43.57898],[-74.60486,-43.5789],[-74.60511,-43.57846],[-74.605082,-43.578312],[-74.60508,-43.5783],[-74.60502,-43.57826],[-74.60502,-43.57819],[-74.60494,-43.57815],[-74.604825,-43.57779],[-74.60487,-43.57757],[-74.604955,-43.577485],[-74.60556,-43.57748],[-74.60571,-43.57734],[-74.60566,-43.57724],[-74.60536,-43.57717],[-74.60492,-43.57717],[-74.60469,-43.57712],[-74.60462,-43.57707],[-74.6046,-43.57698],[-74.60479,-43.57685],[-74.60628,-43.57671],[-74.60646,-43.57655],[-74.60649,-43.57648],[-74.60646,-43.57603],[-74.60649,-43.57593],[-74.60679,-43.57583],[-74.60699,-43.57582],[-74.60722,-43.57586],[-74.6074,-43.575835],[-74.60754,-43.57578],[-74.60781,-43.57555],[-74.60797,-43.57553],[-74.6087,-43.57554],[-74.60925,-43.57545],[-74.60933,-43.575385],[-74.60941,-43.57532],[-74.60941,-43.57519],[-74.60935,-43.57516],[-74.60919,-43.57495],[-74.6091,-43.57476],[-74.60899,-43.57439],[-74.60912,-43.57414],[-74.60934,-43.57414],[-74.60959,-43.57419],[-74.61032,-43.57456],[-74.61065,-43.57477],[-74.61108,-43.57476],[-74.61116,-43.5747],[-74.61148,-43.5747],[-74.61171,-43.57477],[-74.61193,-43.57537],[-74.61213,-43.57548],[-74.61228,-43.57548],[-74.61243,-43.57543],[-74.61266,-43.57524],[-74.6132,-43.57524],[-74.61366,-43.575179],[-74.61373,-43.57517],[-74.613715,-43.575042],[-74.61371,-43.575],[-74.61363,-43.57495],[-74.61363,-43.57486],[-74.613805,-43.57482],[-74.61398,-43.57478],[-74.61411,-43.57462],[-74.61409,-43.57435],[-74.614019,-43.574293],[-74.61394,-43.57423],[-74.61392,-43.57417],[-74.61392,-43.57391],[-74.61396,-43.57385],[-74.614244,-43.573736],[-74.61426,-43.57373],[-74.61445,-43.5737],[-74.61495,-43.57369],[-74.61541,-43.57374],[-74.6157,-43.57399],[-74.6156,-43.57437],[-74.61561,-43.5747],[-74.6158,-43.57482],[-74.61626,-43.57484],[-74.61639,-43.57497],[-74.61639,-43.57505],[-74.61634,-43.5751],[-74.61594,-43.57537],[-74.61594,-43.57545],[-74.61602,-43.57562],[-74.61615,-43.57578],[-74.61648,-43.57616],[-74.61656,-43.57619],[-74.61688,-43.57616],[-74.61714,-43.57607],[-74.61722,-43.57609],[-74.61727,-43.57635],[-74.61741,-43.57643],[-74.61758,-43.57643],[-74.61802,-43.57596],[-74.61821,-43.57585],[-74.6186,-43.57572],[-74.61897,-43.57513],[-74.61916,-43.57512],[-74.6193,-43.57517],[-74.6194,-43.57547],[-74.61948,-43.57555],[-74.61965,-43.57557],[-74.6197,-43.57552],[-74.62011,-43.57534],[-74.6203,-43.57531],[-74.62035,-43.57524],[-74.62042,-43.57481],[-74.62048,-43.5748],[-74.62057,-43.57487],[-74.62081,-43.57495],[-74.62094,-43.57491],[-74.62094,-43.57418],[-74.6211,-43.574025],[-74.62118,-43.57397],[-74.62118,-43.57386],[-74.62096,-43.57355],[-74.621,-43.57314],[-74.62108,-43.57304],[-74.621135,-43.573003],[-74.62117,-43.57298],[-74.62136,-43.57296],[-74.62146,-43.57298],[-74.62187,-43.57324],[-74.62199,-43.57329],[-74.62215,-43.57327],[-74.62217,-43.57314],[-74.62212,-43.57288],[-74.62227,-43.57278],[-74.622255,-43.572625],[-74.622,-43.57244],[-74.62178,-43.57236],[-74.62175,-43.5723],[-74.62164,-43.57227],[-74.62159,-43.57214],[-74.62165,-43.57203],[-74.62189,-43.5718],[-74.62299,-43.57168],[-74.62332,-43.57169],[-74.62337,-43.57175],[-74.62371,-43.57184],[-74.62384,-43.5718],[-74.62392,-43.57126],[-74.62416,-43.57116],[-74.62442,-43.5711],[-74.62492,-43.57117],[-74.62511,-43.57118],[-74.6253,-43.57113],[-74.62537,-43.57104],[-74.62534,-43.57096],[-74.6252,-43.57084],[-74.62505,-43.57055],[-74.62512,-43.57044],[-74.62518,-43.57041],[-74.62542,-43.57038],[-74.62551,-43.5704],[-74.62612,-43.57078],[-74.62633,-43.57081],[-74.62644,-43.57077],[-74.62653,-43.57067],[-74.6266,-43.56994],[-74.62674,-43.56961],[-74.62684,-43.56949],[-74.626965,-43.56942],[-74.62722,-43.5694],[-74.62763,-43.56967],[-74.62839,-43.5697],[-74.62926,-43.5699],[-74.62964,-43.56983],[-74.62977,-43.56977],[-74.6298,-43.56958],[-74.62972,-43.56932],[-74.62964,-43.56923],[-74.62964,-43.56914],[-74.62969,-43.56899],[-74.62979,-43.56891],[-74.62995,-43.56891],[-74.63096,-43.56925],[-74.63137,-43.56924],[-74.631468,-43.569162],[-74.63147,-43.56916],[-74.63155,-43.569],[-74.63151,-43.5689],[-74.63112,-43.56861],[-74.63103,-43.56837],[-74.631005,-43.567605],[-74.63105,-43.56739],[-74.6308,-43.56705],[-74.63072,-43.56668],[-74.63077,-43.56635],[-74.6309,-43.56603],[-74.63093,-43.56582],[-74.630985,-43.56576],[-74.63106,-43.56565],[-74.63126,-43.56565],[-74.6315,-43.56576],[-74.63172,-43.56593],[-74.632315,-43.565995],[-74.632485,-43.566055],[-74.63262,-43.56608],[-74.6328,-43.56631],[-74.63311,-43.56656],[-74.63329,-43.56659],[-74.63349,-43.56652],[-74.63362,-43.56642],[-74.63366,-43.56604],[-74.63387,-43.5654],[-74.63395,-43.5648],[-74.63382,-43.56437],[-74.63375,-43.56428],[-74.63359,-43.5642],[-74.63346,-43.56401],[-74.63346,-43.56375],[-74.63365,-43.56355],[-74.63375,-43.56355],[-74.63402,-43.56365],[-74.63418,-43.56363],[-74.63434,-43.563525],[-74.6344,-43.56347],[-74.63443,-43.56336],[-74.6345,-43.56335],[-74.63456,-43.56324],[-74.63478,-43.56312],[-74.63497,-43.56296],[-74.6349,-43.56277],[-74.63491,-43.56254],[-74.6351,-43.56259],[-74.63529,-43.56273],[-74.63545,-43.56268],[-74.63551,-43.56257],[-74.63548,-43.56227],[-74.63559,-43.56197],[-74.63572,-43.56189],[-74.63584,-43.56188],[-74.63609,-43.56202],[-74.63629,-43.56222],[-74.63636,-43.56224],[-74.63648,-43.56235],[-74.63664,-43.56235],[-74.63683,-43.56231],[-74.63702,-43.56219],[-74.63721,-43.56213],[-74.63758,-43.56211],[-74.63774,-43.56218],[-74.63785,-43.56218],[-74.637935,-43.562163],[-74.6381,-43.56213],[-74.63815,-43.562075],[-74.63829,-43.56198],[-74.63905,-43.56202],[-74.63969,-43.56203],[-74.639875,-43.561985],[-74.63984,-43.56187],[-74.63961,-43.5617],[-74.63948,-43.56132],[-74.63953,-43.56123],[-74.64009,-43.56112],[-74.64033,-43.56097],[-74.64042,-43.56084],[-74.64058,-43.5608],[-74.64071,-43.56089],[-74.64082,-43.56105],[-74.64096,-43.56111],[-74.64121,-43.56108],[-74.64131,-43.56099],[-74.64136,-43.56081],[-74.64133,-43.56044],[-74.64138,-43.56026],[-74.64191,-43.55903],[-74.64191,-43.55878],[-74.64162,-43.55841],[-74.64148,-43.55816],[-74.6415,-43.55805],[-74.6416,-43.55786],[-74.64195,-43.55745],[-74.64192,-43.55726],[-74.64185,-43.55715],[-74.64189,-43.55699],[-74.64198,-43.55691],[-74.64225,-43.55694],[-74.64233,-43.55699],[-74.64242,-43.55722],[-74.64258,-43.55745],[-74.64296,-43.55742],[-74.6431,-43.55736],[-74.64323,-43.55721],[-74.64344,-43.55706],[-74.64366,-43.55655],[-74.64376,-43.55649],[-74.644,-43.55641],[-74.64417,-43.55626],[-74.64425,-43.5561],[-74.64427,-43.55593],[-74.64438,-43.55577],[-74.644789,-43.555481],[-74.647958,-43.558067],[-74.646091,-43.562683],[-74.650208,-43.566042]]]},"properties":{"comuna":"Quellón","mancha_id":"10208-88ce13c205fffff","clase":"Medio","nivel_medio":1.684,"nivel_medio_min":1.506,"nivel_medio_max":1.816,"pct_alto":10.9,"n_hexagonos":10,"area_ha":491.35}},{"type":"Feature","geometry":{"type":"Polygon","coordinates":[[[-74.303806,-43.238444],[-74.301928,-43.243042],[-74.305983,-43.246395],[-74.304104,-43.250992],[-74.298171,-43.252236],[-74.294117,-43.248882],[-74.288184,-43.250125],[-74.286305,-43.254722],[-74.280372,-43.255964],[-74.276319,-43.25261],[-74.270387,-43.253852],[-74.266335,-43.250498],[-74.268216,-43.245902],[-74.274147,-43.24466],[-74.278199,-43.248014],[-74.284131,-43.246771],[-74.286011,-43.242175],[-74.291942,-43.240932],[-74.293821,-43.236335],[-74.299752,-43.235092],[-74.303806,-43.238444]]]},"properties":{"comuna":"Quellón","mancha_id":"10208-88ce135b09fffff","clase":"Medio","nivel_medio":1.66,"nivel_medio_min":1.511,"nivel_medio_max":1.855,"pct_alto":0.0,"n_hexagonos":5,"area_ha":337.43}},{"type":"Feature","geometry":{"type":"Polygon","coordinates":[[[-74.301424,-43.138094],[-74.303299,-43.133499],[-74.3061,-43.132909],[-74.30647,-43.13339],[-74.30758,-43.13452],[-74.3085,-43.13628],[-74.30899,-43.13696],[-74.31018,-43.13836],[-74.31108,-43.13922],[-74.311622,-43.139632],[-74.311392,-43.140197],[-74.305471,-43.141444],[-74.301424,-43.138094]]]},"properties":{"comuna":"Quellón","mancha_id":"10208-88ce1359e7fffff","clase":"Medio","nivel_medio":1.591,"nivel_medio_min":1.591,"nivel_medio_max":1.591,"pct_alto":4.3,"n_hexagonos":1,"area_ha":45.32}},{"type":"Feature","geometry":{"type":"Polygon","coordinates":[[[-74.33449,-43.116285],[-74.33443,-43.11627],[-74.33438,-43.11621],[-74.334383,-43.116197],[-74.33449,-43.116285]]]},"properties":{"comuna":"Quellón","mancha_id":"10208-88ce1359bdfffff","clase":"Medio","nivel_medio":1.965,"nivel_medio_min":1.965,"nivel_medio_max":1.965,"pct_alto":9.5,"n_hexagonos":1,"area_ha":0.0}},{"type":"Feature","geometry":{"type":"Polygon","coordinates":[[[-74.33454,-43.11656],[-74.33457,-43.11662],[-74.334565,-43.11671],[-74.33449,-43.11673],[-74.33435,-43.1167],[-74.33413,-43.11663],[-74.334035,-43.116545],[-74.33407,-43.11646],[-74.33413,-43.11642],[-74.33426,-43.11642],[-74.33437,-43.11644],[-74.33445,-43.11648],[-74.33454,-43.11656]]]},"properties":{"comuna":"Quellón","mancha_id":"10208-88ce1359bdfffff-2","clase":"Medio","nivel_medio":1.965,"nivel_medio_min":1.965,"nivel_medio_max":1.965,"pct_alto":9.5,"n_hexagonos":1,"area_ha":0.1}},{"type":"Feature","geometry":{"type":"Polygon","coordinates":[[[-74.335045,-43.116744],[-74.33496,-43.11671],[-74.33491,-43.11664],[-74.334909,-43.116631],[-74.335045,-43.116744]]]},"properties":{"comuna":"Quellón","mancha_id":"10208-88ce1359bdfffff-3","clase":"Medio","nivel_medio":1.965,"nivel_medio_min":1.965,"nivel_medio_max":1.965,"pct_alto":9.5,"n_hexagonos":1,"area_ha":0.0}},{"type":"Feature","geometry":{"type":"Polygon","coordinates":[[[-74.3299,-43.10979],[-74.32999,-43.10984],[-74.32997,-43.10995],[-74.32984,-43.11002],[-74.32962,-43.11001],[-74.32943,-43.11],[-74.32932,-43.10993],[-74.3293,-43.10982],[-74.32937,-43.10975],[-74.32959,-43.10974],[-74.32983,-43.10979],[-74.3299,-43.10979]]]},"properties":{"comuna":"Quellón","mancha_id":"10208-88ce1359b5fffff","clase":"Medio","nivel_medio":1.961,"nivel_medio_min":1.961,"nivel_medio_max":1.961,"pct_alto":6.7,"n_hexagonos":1,"area_ha":0.14}},{"type":"Feature","geometry":{"type":"Polygon","coordinates":[[[-74.329865,-43.11025],[-74.32989,-43.11036],[-74.32979,-43.11046],[-74.32967,-43.11053],[-74.32944,-43.11051],[-74.32923,-43.11046],[-74.3292,-43.11035],[-74.32923,-43.11026],[-74.32951,-43.1102],[-74.329865,-43.11025]]]},"properties":{"comuna":"Quellón","mancha_id":"10208-88ce1359b5fffff-2","clase":"Medio","nivel_medio":1.961,"nivel_medio_min":1.961,"nivel_medio_max":1.961,"pct_alto":6.7,"n_hexagonos":1,"area_ha":0.16}},{"type":"Feature","geometry":{"type":"Polygon","coordinates":[[[-74.3748,-43.20333],[-74.37447,-43.20366],[-74.3743,-43.20372],[-74.37418,-43.20372],[-74.37409,-43.2036],[-74.37406,-43.20328],[-74.37403,-43.2029],[-74.37379,-43.20267],[-74.37364,-43.20244],[-74.37362,-43.20217],[-74.37382,-43.20194],[-74.37412,-43.20179],[-74.37432,-43.20164],[-74.37463,-43.20146],[-74.37495,-43.20142],[-74.37533,-43.20146],[-74.37571,-43.20161],[-74.37602,-43.20178],[-74.37642,-43.20189],[-74.37656,-43.202],[-74.37662,-43.20225],[-74.3766,-43.20234],[-74.37615,-43.20276],[-74.37506,-43.20316],[-74.3748,-43.20333]]]},"properties":{"comuna":"Quellón","mancha_id":"10208-88ce135851fffff","clase":"Medio","nivel_medio":1.904,"nivel_medio_min":1.904,"nivel_medio_max":1.904,"pct_alto":30.8,"n_hexagonos":1,"area_ha":3.67}},{"type":"Feature","geometry":{"type":"Polygon","coordinates":[[[-74.370623,-43.207587],[-74.366564,-43.204237],[-74.360633,-43.205485],[-74.356576,-43.202134],[-74.358449,-43.197536],[-74.364379,-43.196287],[-74.368436,-43.199637],[-74.36875,-43.199571],[-74.36895,-43.19979],[-74.37005,-43.20065],[-74.37135,-43.20142],[-74.3724,-43.20188],[-74.37274,-43.20208],[-74.373,-43.20231],[-74.37334,-43.20278],[-74.37348,-43.20312],[-74.37353,-43.20359],[-74.37352,-43.20454],[-74.37344,-43.20521],[-74.37354,-43.20584],[-74.374092,-43.206857],[-74.37424,-43.20713],[-74.37507,-43.20909],[-74.37582,-43.21017],[-74.37626,-43.21057],[-74.37671,-43.21138],[-74.37698,-43.21208],[-74.37763,-43.2145],[-74.377631,-43.214523],[-74.372809,-43.215538],[-74.36875,-43.212187],[-74.370623,-43.207587]]]},"properties":{"comuna":"Quellón","mancha_id":"10208-88ce135851fffff-2","clase":"Medio","nivel_medio":1.701,"nivel_medio_min":1.578,"nivel_medio_max":1.904,"pct_alto":16.0,"n_hexagonos":3,"area_ha":144.13}},{"type":"Feature","geometry":{"type":"Polygon","coordinates":[[[-74.29197,-43.07031],[-74.29204,-43.07039],[-74.29204,-43.07052],[-74.29193,-43.07064],[-74.29187,-43.07064],[-74.29177,-43.07061],[-74.2917,-43.07045],[-74.29172,-43.07038],[-74.2918,-43.07032],[-74.29191,-43.07029],[-74.29197,-43.07031]]]},"properties":{"comuna":"Quellón","mancha_id":"10208-88ce134b2dfffff","clase":"Medio","nivel_medio":1.811,"nivel_medio_min":1.811,"nivel_medio_max":1.811,"pct_alto":17.7,"n_hexagonos":1,"area_ha":0.08}},{"type":"Feature","geometry":{"type":"Polygon","coordinates":[[[-74.29343,-43.07212],[-74.29351,-43.07221],[-74.2935,-43.07237],[-74.29341,-43.07255],[-74.29316,-43.07255],[-74.29296,-43.07246],[-74.29273,-43.07223],[-74.29271,-43.07211],[-74.2928,-43.07202],[-74.29307,-43.072],[-74.29343,-43.07212]]]},"properties":{"comuna":"Quellón","mancha_id":"10208-88ce134b2dfffff-2","clase":"Medio","nivel_medio":1.811,"nivel_medio_min":1.811,"nivel_medio_max":1.811,"pct_alto":17.7,"n_hexagonos":1,"area_ha":0.29}},{"type":"Feature","geometry":{"type":"Polygon","coordinates":[[[-74.29229,-43.07267],[-74.29233,-43.07277],[-74.2923,-43.07287],[-74.29213,-43.07288],[-74.29201,-43.07283],[-74.29192,-43.07281],[-74.29185,-43.07274],[-74.29184,-43.07263],[-74.29192,-43.07251],[-74.2921,-43.07249],[-74.29221,-43.07255],[-74.29229,-43.07267]]]},"properties":{"comuna":"Quellón","mancha_id":"10208-88ce134b2dfffff-3","clase":"Medio","nivel_medio":1.811,"nivel_medio_min":1.811,"nivel_medio_max":1.811,"pct_alto":17.7,"n_hexagonos":1,"area_ha":0.13}},{"type":"Feature","geometry":{"type":"Polygon","coordinates":[[[-74.29044,-43.07737],[-74.29044,-43.077407],[-74.29044,-43.0777],[-74.29003,-43.07877],[-74.29003,-43.07898],[-74.2902,-43.07936],[-74.29075,-43.08004],[-74.291,-43.0802],[-74.29266,-43.08089],[-74.29342,-43.08107],[-74.29372,-43.08105],[-74.29423,-43.08085],[-74.29492,-43.08036],[-74.2954,-43.0801],[-74.29569,-43.07998],[-74.29599,-43.07986],[-74.29652,-43.07974],[-74.29676,-43.0796],[-74.29686,-43.07933],[-74.29717,-43.07935],[-74.29738,-43.07956],[-74.29746,-43.0798],[-74.29789,-43.08025],[-74.2979,-43.08032],[-74.29784,-43.08038],[-74.29734,-43.08056],[-74.29715,-43.08074],[-74.29695,-43.08114],[-74.29702,-43.08146],[-74.2972,-43.08174],[-74.297311,-43.081854],[-74.296195,-43.084592],[-74.29028,-43.08584],[-74.28624,-43.082493],[-74.280326,-43.083739],[-74.276287,-43.080392],[-74.270374,-43.081639],[-74.266336,-43.078291],[-74.26821,-43.073698],[-74.274122,-43.072451],[-74.275996,-43.067858],[-74.271958,-43.064511],[-74.273252,-43.06134],[-74.27343,-43.06141],[-74.27482,-43.06172],[-74.27598,-43.06222],[-74.27749,-43.06252],[-74.27917,-43.06274],[-74.27987,-43.0629],[-74.28008,-43.06301],[-74.28037,-43.0633],[-74.28117,-43.06438],[-74.28124,-43.06621],[-74.28109,-43.06669],[-74.281129,-43.066775],[-74.28141,-43.06738],[-74.28137,-43.06748],[-74.28101,-43.0675],[-74.28082,-43.06744],[-74.28049,-43.06748],[-74.28012,-43.06791],[-74.28006,-43.06815],[-74.28026,-43.06866],[-74.28067,-43.06932],[-74.28115,-43.06976],[-74.28232,-43.07023],[-74.28412,-43.07026],[-74.28481,-43.07047],[-74.28514,-43.07051],[-74.28541,-43.07049],[-74.28569,-43.07039],[-74.285893,-43.07009],[-74.285988,-43.069948],[-74.287793,-43.069568],[-74.28844,-43.06968],[-74.2899,-43.06963],[-74.29022,-43.06972],[-74.29092,-43.07046],[-74.29123,-43.07063],[-74.29153,-43.07098],[-74.29154,-43.07119],[-74.29115,-43.07129],[-74.29049,-43.07138],[-74.29018,-43.07161],[-74.29006,-43.07206],[-74.29019,-43.07229],[-74.29051,-43.07263],[-74.29126,-43.07282],[-74.29165,-43.07323],[-74.29228,-43.07374],[-74.29255,-43.07432],[-74.29292,-43.07482],[-74.29313,-43.07501],[-74.29316,-43.07523],[-74.29306,-43.0753],[-74.29272,-43.07533],[-74.29146,-43.07518],[-74.29118,-43.07524],[-74.29067,-43.07553],[-74.29042,-43.07556],[-74.28959,-43.07552],[-74.28937,-43.07563],[-74.28924,-43.07581],[-74.28911,-43.07588],[-74.28785,-43.07585],[-74.28767,-43.07589],[-74.28756,-43.07604],[-74.28763,-43.07621],[-74.2878,-43.07635],[-74.28849,-43.07641],[-74.2888,-43.07699],[-74.28899,-43.07712],[-74.2893,-43.07715],[-74.28983,-43.07693],[-74.29019,-43.07699],[-74.29034,-43.07715],[-74.29044,-43.07737]]]},"properties":{"comuna":"Quellón","mancha_id":"10208-88ce134b2dfffff-4","clase":"Medio","nivel_medio":1.658,"nivel_medio_min":1.531,"nivel_medio_max":1.811,"pct_alto":5.1,"n_hexagonos":6,"area_ha":314.06}},{"type":"Feature","geometry":{"type":"Polygon","coordinates":[[[-74.31414,-43.07548],[-74.31409,-43.07555],[-74.31404,-43.0756],[-74.31395,-43.07562],[-74.313845,-43.07561],[-74.31375,-43.07554],[-74.31373,-43.07541],[-74.31375,-43.07532],[-74.31382,-43.07528],[-74.31392,-43.07528],[-74.31401,-43.0753],[-74.31408,-43.07534],[-74.31413,-43.07542],[-74.31414,-43.07548]]]},"properties":{"comuna":"Quellón","mancha_id":"10208-88ce134b05fffff","clase":"Medio","nivel_medio":2.357,"nivel_medio_min":2.357,"nivel_medio_max":2.357,"pct_alto":48.2,"n_hexagonos":1,"area_ha":0.1}},{"type":"Feature","geometry":{"type":"Polygon","coordinates":[[[-74.31271,-43.07569],[-74.312685,-43.075805],[-74.31263,-43.07583],[-74.31253,-43.07586],[-74.31247,-43.07586],[-74.31233,-43.07582],[-74.31226,-43.07576],[-74.31221,-43.0757],[-74.31221,-43.07564],[-74.3123,-43.07556],[-74.31242,-43.07554],[-74.31257,-43.07556],[-74.31268,-43.07562],[-74.31271,-43.07569]]]},"properties":{"comuna":"Quellón","mancha_id":"10208-88ce134b05fffff-2","clase":"Medio","nivel_medio":2.357,"nivel_medio_min":2.357,"nivel_medio_max":2.357,"pct_alto":48.2,"n_hexagonos":1,"area_ha":0.11}},{"type":"Feature","geometry":{"type":"Polygon","coordinates":[[[-74.31581,-43.076252],[-74.321725,-43.075003],[-74.32434,-43.077168],[-74.32391,-43.07718],[-74.3237,-43.07726],[-74.32344,-43.07747],[-74.32314,-43.07813],[-74.32311,-43.0787],[-74.32335,-43.08073],[-74.32373,-43.08203],[-74.32381,-43.08275],[-74.323878,-43.08295],[-74.32395,-43.08316],[-74.32399,-43.08366],[-74.32391,-43.0846],[-74.32407,-43.08538],[-74.32447,-43.08589],[-74.32459,-43.08612],[-74.32464,-43.08702],[-74.3248,-43.08814],[-74.32508,-43.08886],[-74.32539,-43.08926],[-74.32593,-43.08976],[-74.326406,-43.090065],[-74.326071,-43.090888],[-74.330117,-43.094235],[-74.328245,-43.098831],[-74.326525,-43.099194],[-74.32651,-43.09919],[-74.32586,-43.09913],[-74.32559,-43.09904],[-74.32525,-43.0988],[-74.32499,-43.0985],[-74.32495,-43.09833],[-74.32499,-43.09782],[-74.3249,-43.09753],[-74.3245,-43.09725],[-74.32416,-43.09711],[-74.32354,-43.09702],[-74.32269,-43.09714],[-74.32176,-43.0974],[-74.32163,-43.09748],[-74.32135,-43.09779],[-74.321063,-43.099033],[-74.32101,-43.09926],[-74.32104,-43.09952],[-74.32158,-43.10035],[-74.32177,-43.10085],[-74.321836,-43.101288],[-74.321432,-43.102281],[-74.32114,-43.10239],[-74.32081,-43.10243],[-74.31929,-43.10238],[-74.31846,-43.10256],[-74.31814,-43.10276],[-74.31778,-43.10319],[-74.31785,-43.10387],[-74.31786,-43.10517],[-74.317879,-43.10522],[-74.31816,-43.10596],[-74.31889,-43.10743],[-74.31948,-43.10758],[-74.32008,-43.10764],[-74.32066,-43.10775],[-74.32105,-43.10775],[-74.32223,-43.10761],[-74.32308,-43.10764],[-74.32397,-43.10782],[-74.324301,-43.107858],[-74.324502,-43.108024],[-74.324945,-43.10793],[-74.32503,-43.10794],[-74.3253,-43.10802],[-74.32602,-43.10861],[-74.32664,-43.10934],[-74.32715,-43.10959],[-74.32836,-43.11055],[-74.3286,-43.11087],[-74.32865,-43.1113],[-74.32861,-43.11153],[-74.32834,-43.1119],[-74.32823,-43.11259],[-74.32801,-43.11295],[-74.32799,-43.11312],[-74.32866,-43.11374],[-74.330505,-43.11516],[-74.33092,-43.11548],[-74.3313,-43.1157],[-74.33215,-43.11585],[-74.33268,-43.11603],[-74.33328,-43.1166],[-74.33347,-43.11668],[-74.33396,-43.11675],[-74.33421,-43.11688],[-74.33436,-43.11733],[-74.33447,-43.11814],[-74.33444,-43.11887],[-74.33419,-43.11975],[-74.33405,-43.11983],[-74.33333,-43.11994],[-74.33269,-43.1202],[-74.33243,-43.12026],[-74.33197,-43.12025],[-74.3309,-43.12005],[-74.33026,-43.12004],[-74.32962,-43.12016],[-74.32866,-43.12045],[-74.32817,-43.12048],[-74.32795,-43.12029],[-74.32723,-43.11944],[-74.32687,-43.11926],[-74.32642,-43.11915],[-74.325384,-43.119142],[-74.32517,-43.11914],[-74.32468,-43.11894],[-74.3243,-43.11864],[-74.32407,-43.11853],[-74.32339,-43.1185],[-74.3227,-43.11859],[-74.32233,-43.11855],[-74.32194,-43.11803],[-74.32131,-43.11741],[-74.32096,-43.11724],[-74.32051,-43.1172],[-74.3196,-43.11753],[-74.31914,-43.11736],[-74.31855,-43.11729],[-74.3181,-43.11711],[-74.31769,-43.11711],[-74.31682,-43.1172],[-74.31632,-43.11717],[-74.31571,-43.11703],[-74.315477,-43.116897],[-74.316712,-43.113868],[-74.312666,-43.11052],[-74.314539,-43.105924],[-74.310494,-43.102577],[-74.304577,-43.103825],[-74.302704,-43.10842],[-74.296786,-43.109667],[-74.292743,-43.106319],[-74.294617,-43.101724],[-74.290575,-43.098376],[-74.292448,-43.093782],[-74.298364,-43.092534],[-74.302406,-43.095882],[-74.308322,-43.094634],[-74.310195,-43.090039],[-74.306152,-43.086692],[-74.308024,-43.082096],[-74.306461,-43.080803],[-74.30654,-43.08073],[-74.30717,-43.08031],[-74.3074,-43.08008],[-74.30752,-43.07977],[-74.30747,-43.0796],[-74.30748,-43.07917],[-74.30762,-43.07906],[-74.30969,-43.0787],[-74.31032,-43.07828],[-74.31062,-43.07793],[-74.31075,-43.07767],[-74.31075,-43.07755],[-74.31062,-43.07736],[-74.30996,-43.07731],[-74.30983,-43.07723],[-74.30977,-43.07713],[-74.30999,-43.07687],[-74.31035,-43.07674],[-74.31089,-43.07622],[-74.31111,-43.07578],[-74.31125,-43.07569],[-74.31163,-43.07578],[-74.31277,-43.0762],[-74.31318,-43.07629],[-74.31351,-43.07631],[-74.31413,-43.07626],[-74.315368,-43.075886],[-74.31581,-43.076252]]]},"properties":{"comuna":"Quellón","mancha_id":"10208-88ce134b01fffff","clase":"Medio","nivel_medio":1.772,"nivel_medio_min":1.586,"nivel_medio_max":2.357,"pct_alto":4.4,"n_hexagonos":14,"area_ha":756.33}},{"type":"Feature","geometry":{"type":"Polygon","coordinates":[[[-73.86137,-43.42502],[-73.86108,-43.42522],[-73.86092,-43.4252],[-73.8608,-43.42515],[-73.86073,-43.42492],[-73.86074,-43.42474],[-73.86079,-43.42457],[-73.86096,-43.42445],[-73.86126,-43.42434],[-73.86139,-43.42433],[-73.86178,-43.42409],[-73.86235,-43.42404],[-73.86249,-43.42406],[-73.86254,-43.42416],[-73.86248,-43.42429],[-73.86229,-43.42441],[-73.86218,-43.42458],[-73.86242,-43.42474],[-73.86244,-43.42481],[-73.86229,-43.42499],[-73.86219,-43.42505],[-73.86137,-43.42502]]]},"properties":{"comuna":"Quellón","mancha_id":"10208-88ce1276e9fffff","clase":"Medio","nivel_medio":1.617,"nivel_medio_min":1.617,"nivel_medio_max":1.617,"pct_alto":0.0,"n_hexagonos":1,"area_ha":1.22}},{"type":"Feature","geometry":{"type":"Polygon","coordinates":[[[-73.92025,-43.39688],[-73.92026,-43.39697],[-73.92016,-43.39702],[-73.91983,-43.39697],[-73.91973,-43.39686],[-73.91977,-43.39676],[-73.91983,-43.39672],[-73.91995,-43.39672],[-73.9202,-43.39682],[-73.92025,-43.39688]]]},"properties":{"comuna":"Quellón","mancha_id":"10208-88ce12769bfffff","clase":"Medio","nivel_medio":1.543,"nivel_medio_min":1.543,"nivel_medio_max":1.543,"pct_alto":29.4,"n_hexagonos":1,"area_ha":0.1}},{"type":"Feature","geometry":{"type":"Polygon","coordinates":[[[-73.91935,-43.39068],[-73.91929,-43.39086],[-73.91921,-43.39088],[-73.91905,-43.39084],[-73.91894,-43.39077],[-73.91893,-43.39069],[-73.91913,-43.39048],[-73.91928,-43.39048],[-73.91935,-43.39068]]]},"properties":{"comuna":"Quellón","mancha_id":"10208-88ce127693fffff","clase":"Medio","nivel_medio":2.104,"nivel_medio_min":2.104,"nivel_medio_max":2.104,"pct_alto":38.9,"n_hexagonos":1,"area_ha":0.11}},{"type":"Feature","geometry":{"type":"Polygon","coordinates":[[[-73.88461,-43.41348],[-73.88469,-43.41356],[-73.88474,-43.41377],[-73.88464,-43.41392],[-73.88434,-43.41398],[-73.88418,-43.41392],[-73.88416,-43.41372],[-73.88428,-43.41348],[-73.88446,-43.41344],[-73.88461,-43.41348]]]},"properties":{"comuna":"Quellón","mancha_id":"10208-88ce127689fffff","clase":"Medio","nivel_medio":1.82,"nivel_medio_min":1.82,"nivel_medio_max":1.82,"pct_alto":0.7,"n_hexagonos":1,"area_ha":0.22}},{"type":"Feature","geometry":{"type":"Polygon","coordinates":[[[-73.883,-43.41445],[-73.88317,-43.41435],[-73.88329,-43.41435],[-73.88365,-43.41442],[-73.8839,-43.41434],[-73.88409,-43.41421],[-73.88469,-43.41421],[-73.88484,-43.41435],[-73.88484,-43.41453],[-73.88476,-43.41461],[-73.8842,-43.41478],[-73.8839,-43.41498],[-73.88369,-43.41507],[-73.88352,-43.4153],[-73.88332,-43.4154],[-73.88314,-43.41574],[-73.88296,-43.41578],[-73.88283,-43.41575],[-73.88269,-43.41525],[-73.88238,-43.41496],[-73.8824,-43.41477],[-73.88257,-43.41462],[-73.8828,-43.41447],[-73.883,-43.41445]]]},"properties":{"comuna":"Quellón","mancha_id":"10208-88ce127689fffff-2","clase":"Medio","nivel_medio":1.82,"nivel_medio_min":1.82,"nivel_medio_max":1.82,"pct_alto":0.7,"n_hexagonos":1,"area_ha":1.66}},{"type":"Feature","geometry":{"type":"Polygon","coordinates":[[[-73.88515,-43.41509],[-73.88515,-43.41523],[-73.88504,-43.41531],[-73.88492,-43.41533],[-73.88469,-43.4153],[-73.88458,-43.41517],[-73.88461,-43.41503],[-73.88468,-43.41497],[-73.88481,-43.41492],[-73.885,-43.41491],[-73.88509,-43.41497],[-73.88515,-43.41509]]]},"properties":{"comuna":"Quellón","mancha_id":"10208-88ce127689fffff-3","clase":"Medio","nivel_medio":1.82,"nivel_medio_min":1.82,"nivel_medio_max":1.82,"pct_alto":0.7,"n_hexagonos":1,"area_ha":0.17}},{"type":"Feature","geometry":{"type":"Polygon","coordinates":[[[-73.88359,-43.41782],[-73.88366,-43.41777],[-73.88384,-43.41778],[-73.883857,-43.417791],[-73.88357,-43.41785],[-73.88359,-43.41782]]]},"properties":{"comuna":"Quellón","mancha_id":"10208-88ce127689fffff-4","clase":"Medio","nivel_medio":1.82,"nivel_medio_min":1.82,"nivel_medio_max":1.82,"pct_alto":0.7,"n_hexagonos":1,"area_ha":0.01}},{"type":"Feature","geometry":{"type":"Polygon","coordinates":[[[-73.88664,-43.40755],[-73.88665,-43.40744],[-73.8868,-43.4074],[-73.886841,-43.407397],[-73.886739,-43.407641],[-73.88664,-43.40755]]]},"properties":{"comuna":"Quellón","mancha_id":"10208-88ce127681fffff","clase":"Medio","nivel_medio":1.797,"nivel_medio_min":1.797,"nivel_medio_max":1.797,"pct_alto":0.8,"n_hexagonos":1,"area_ha":0.02}},{"type":"Feature","geometry":{"type":"Polygon","coordinates":[[[-73.88648,-43.40803],[-73.88651,-43.40793],[-73.886663,-43.407822],[-73.886553,-43.408088],[-73.88648,-43.40803]]]},"properties":{"comuna":"Quellón","mancha_id":"10208-88ce127681fffff-2","clase":"Medio","nivel_medio":1.797,"nivel_medio_min":1.797,"nivel_medio_max":1.797,"pct_alto":0.8,"n_hexagonos":1,"area_ha":0.02}},{"type":"Feature","geometry":{"type":"Polygon","coordinates":[[[-73.84021,-43.42771],[-73.84035,-43.42777],[-73.840435,-43.4279],[-73.84024,-43.42799],[-73.83985,-43.42797],[-73.83961,-43.42788],[-73.8395,-43.42781],[-73.83948,-43.42775],[-73.83957,-43.42769],[-73.83974,-43.42768],[-73.84021,-43.42771]]]},"properties":{"comuna":"Quellón","mancha_id":"10208-88ce12763bfffff","clase":"Medio","nivel_medio":1.732,"nivel_medio_min":1.732,"nivel_medio_max":1.732,"pct_alto":0.0,"n_hexagonos":1,"area_ha":0.19}},{"type":"Feature","geometry":{"type":"Polygon","coordinates":[[[-73.84272,-43.42871],[-73.84293,-43.42881],[-73.84292,-43.42895],[-73.84264,-43.42909],[-73.84234,-43.42908],[-73.84213,-43.42901],[-73.84197,-43.42888],[-73.84195,-43.42866],[-73.84202,-43.42862],[-73.84246,-43.42863],[-73.84272,-43.42871]]]},"properties":{"comuna":"Quellón","mancha_id":"10208-88ce12763bfffff-2","clase":"Medio","nivel_medio":1.732,"nivel_medio_min":1.732,"nivel_medio_max":1.732,"pct_alto":0.0,"n_hexagonos":1,"area_ha":0.32}},{"type":"Feature","geometry":{"type":"Polygon","coordinates":[[[-73.84198,-43.43027],[-73.84208,-43.43035],[-73.84209,-43.43045],[-73.841964,-43.430547],[-73.841951,-43.43055],[-73.84178,-43.43054],[-73.84169,-43.43048],[-73.84167,-43.43032],[-73.84178,-43.43025],[-73.84198,-43.43027]]]},"properties":{"comuna":"Quellón","mancha_id":"10208-88ce12763bfffff-3","clase":"Medio","nivel_medio":1.732,"nivel_medio_min":1.732,"nivel_medio_max":1.732,"pct_alto":0.0,"n_hexagonos":1,"area_ha":0.09}},{"type":"Feature","geometry":{"type":"Polygon","coordinates":[[[-73.82561,-43.41493],[-73.82557,-43.41511],[-73.82543,-43.4152],[-73.82519,-43.41519],[-73.82498,-43.41503],[-73.825,-43.41488],[-73.82533,-43.41453],[-73.82551,-43.41445],[-73.82562,-43.41447],[-73.82586,-43.41459],[-73.82581,-43.41473],[-73.82561,-43.41493]]]},"properties":{"comuna":"Quellón","mancha_id":"10208-88ce127637fffff","clase":"Medio","nivel_medio":1.523,"nivel_medio_min":1.523,"nivel_medio_max":1.523,"pct_alto":0.0,"n_hexagonos":1,"area_ha":0.36}},{"type":"Feature","geometry":{"type":"Polygon","coordinates":[[[-73.82871,-43.42311],[-73.82891,-43.42322],[-73.82893,-43.42329],[-73.82884,-43.42339],[-73.82859,-43.4234],[-73.82853,-43.42337],[-73.82845,-43.42322],[-73.82854,-43.42313],[-73.82871,-43.42311]]]},"properties":{"comuna":"Quellón","mancha_id":"10208-88ce127631fffff","clase":"Medio","nivel_medio":1.586,"nivel_medio_min":1.586,"nivel_medio_max":1.586,"pct_alto":0.0,"n_hexagonos":1,"area_ha":0.09}},{"type":"Feature","geometry":{"type":"Polygon","coordinates":[[[-73.83015,-43.42369],[-73.83018,-43.42395],[-73.83006,-43.42403],[-73.82984,-43.42404],[-73.8296,-43.42393],[-73.82954,-43.423715],[-73.82966,-43.42362],[-73.83002,-43.42359],[-73.83015,-43.42369]]]},"properties":{"comuna":"Quellón","mancha_id":"10208-88ce127631fffff-2","clase":"Medio","nivel_medio":1.586,"nivel_medio_min":1.586,"nivel_medio_max":1.586,"pct_alto":0.0,"n_hexagonos":1,"area_ha":0.2}},{"type":"Feature","geometry":{"type":"Polygon","coordinates":[[[-73.83032,-43.42687],[-73.83026,-43.42693],[-73.83004,-43.42703],[-73.8298,-43.42705],[-73.82958,-43.42695],[-73.82957,-43.42686],[-73.82961,-43.42678],[-73.82975,-43.42666],[-73.83003,-43.42663],[-73.83027,-43.42672],[-73.83032,-43.42687]]]},"properties":{"comuna":"Quellón","mancha_id":"10208-88ce127631fffff-3","clase":"Medio","nivel_medio":1.586,"nivel_medio_min":1.586,"nivel_medio_max":1.586,"pct_alto":0.0,"n_hexagonos":1,"area_ha":0.21}},{"type":"Feature","geometry":{"type":"Polygon","coordinates":[[[-73.83233,-43.4271],[-73.83232,-43.42725],[-73.83221,-43.42728],[-73.83213,-43.42735],[-73.83197,-43.4271],[-73.83194,-43.42682],[-73.83201,-43.42674],[-73.8322,-43.42679],[-73.83233,-43.4271]]]},"properties":{"comuna":"Quellón","mancha_id":"10208-88ce127631fffff-4","clase":"Medio","nivel_medio":1.586,"nivel_medio_min":1.586,"nivel_medio_max":1.586,"pct_alto":0.0,"n_hexagonos":1,"area_ha":0.14}},{"type":"Feature","geometry":{"type":"Polygon","coordinates":[[[-73.8066,-43.31705],[-73.80656,-43.31723],[-73.806462,-43.317347],[-73.806007,-43.316964],[-73.80603,-43.31695],[-73.80626,-43.3169],[-73.80648,-43.31691],[-73.80654,-43.31694],[-73.8066,-43.31705]]]},"properties":{"comuna":"Quellón","mancha_id":"10208-88ce1275bbfffff","clase":"Medio","nivel_medio":1.934,"nivel_medio_min":1.934,"nivel_medio_max":1.934,"pct_alto":0.6,"n_hexagonos":1,"area_ha":0.13}},{"type":"Feature","geometry":{"type":"Polygon","coordinates":[[[-73.803447,-43.30863],[-73.80536,-43.304053],[-73.808373,-43.303435],[-73.80859,-43.30376],[-73.80888,-43.30391],[-73.80915,-43.30397],[-73.80964,-43.3039],[-73.80998,-43.30396],[-73.81005,-43.30411],[-73.81005,-43.30423],[-73.80988,-43.30454],[-73.80987,-43.30465],[-73.81027,-43.3052],[-73.81066,-43.30536],[-73.81069,-43.30549],[-73.81058,-43.30559],[-73.81038,-43.30567],[-73.81023,-43.30581],[-73.80995,-43.30594],[-73.80936,-43.30593],[-73.80926,-43.30602],[-73.80925,-43.30622],[-73.80913,-43.30641],[-73.80886,-43.30651],[-73.80857,-43.30668],[-73.80824,-43.3071],[-73.808,-43.30732],[-73.80786,-43.30757],[-73.80774,-43.30795],[-73.80775,-43.30831],[-73.80795,-43.30856],[-73.808,-43.30874],[-73.80798,-43.30886],[-73.80783,-43.30903],[-73.80723,-43.3093],[-73.80668,-43.30972],[-73.80645,-43.30997],[-73.80617,-43.31043],[-73.805764,-43.310576],[-73.803447,-43.30863]]]},"properties":{"comuna":"Quellón","mancha_id":"10208-88ce1275b3fffff","clase":"Medio","nivel_medio":1.559,"nivel_medio_min":1.559,"nivel_medio_max":1.559,"pct_alto":0.0,"n_hexagonos":1,"area_ha":24.48}},{"type":"Feature","geometry":{"type":"Polygon","coordinates":[[[-73.77512,-43.31238],[-73.77526,-43.31241],[-73.77513,-43.31259],[-73.77496,-43.3126],[-73.77489,-43.31258],[-73.77486,-43.31251],[-73.77492,-43.31242],[-73.77512,-43.31238]]]},"properties":{"comuna":"Quellón","mancha_id":"10208-88ce1275a7fffff","clase":"Medio","nivel_medio":1.756,"nivel_medio_min":1.756,"nivel_medio_max":1.756,"pct_alto":5.2,"n_hexagonos":1,"area_ha":0.05}},{"type":"Feature","geometry":{"type":"Polygon","coordinates":[[[-73.77214,-43.31414],[-73.77218,-43.31422],[-73.77217,-43.31436],[-73.77209,-43.31442],[-73.77201,-43.31442],[-73.77179,-43.31431],[-73.77174,-43.31416],[-73.77181,-43.31409],[-73.772,-43.31407],[-73.77214,-43.31414]]]},"properties":{"comuna":"Quellón","mancha_id":"10208-88ce1275a7fffff-2","clase":"Medio","nivel_medio":1.756,"nivel_medio_min":1.756,"nivel_medio_max":1.756,"pct_alto":5.2,"n_hexagonos":1,"area_ha":0.1}},{"type":"Feature","geometry":{"type":"Polygon","coordinates":[[[-73.78227,-43.31326],[-73.78231,-43.31312],[-73.7824,-43.31297],[-73.78246,-43.312929],[-73.782892,-43.31284],[-73.78318,-43.31287],[-73.78343,-43.31283],[-73.78356,-43.31272],[-73.783563,-43.312703],[-73.78569,-43.312267],[-73.786718,-43.313131],[-73.78595,-43.31307],[-73.7854,-43.31308],[-73.78477,-43.31298],[-73.78443,-43.31296],[-73.78409,-43.31305],[-73.78315,-43.31354],[-73.78263,-43.31394],[-73.78248,-43.31396],[-73.7823,-43.31392],[-73.78227,-43.31326]]]},"properties":{"comuna":"Quellón","mancha_id":"10208-88ce1275a3fffff","clase":"Medio","nivel_medio":1.738,"nivel_medio_min":1.738,"nivel_medio_max":1.738,"pct_alto":2.7,"n_hexagonos":1,"area_ha":2.41}},{"type":"Feature","geometry":{"type":"Polygon","coordinates":[[[-73.78151,-43.31341],[-73.78091,-43.31344],[-73.78075,-43.31341],[-73.780497,-43.313331],[-73.781998,-43.313023],[-73.78187,-43.31325],[-73.78171,-43.31335],[-73.78151,-43.31341]]]},"properties":{"comuna":"Quellón","mancha_id":"10208-88ce1275a3fffff-2","clase":"Medio","nivel_medio":1.738,"nivel_medio_min":1.738,"nivel_medio_max":1.738,"pct_alto":2.7,"n_hexagonos":1,"area_ha":0.26}},{"type":"Feature","geometry":{"type":"Polygon","coordinates":[[[-73.7864,-43.31582],[-73.78644,-43.31596],[-73.78616,-43.31617],[-73.78601,-43.31624],[-73.78594,-43.31623],[-73.78584,-43.31616],[-73.78587,-43.31602],[-73.78604,-43.31583],[-73.78617,-43.31579],[-73.78632,-43.31579],[-73.7864,-43.31582]]]},"properties":{"comuna":"Quellón","mancha_id":"10208-88ce1275a3fffff-3","clase":"Medio","nivel_medio":1.738,"nivel_medio_min":1.738,"nivel_medio_max":1.738,"pct_alto":2.7,"n_hexagonos":1,"area_ha":0.15}},{"type":"Feature","geometry":{"type":"Polygon","coordinates":[[[-73.80797,-43.32429],[-73.807694,-43.324566],[-73.807632,-43.324513],[-73.808375,-43.322735],[-73.8085,-43.32279],[-73.80856,-43.32293],[-73.80832,-43.32324],[-73.80846,-43.32349],[-73.80841,-43.32371],[-73.80815,-43.32395],[-73.80797,-43.32429]]]},"properties":{"comuna":"Quellón","mancha_id":"10208-88ce127595fffff","clase":"Medio","nivel_medio":1.657,"nivel_medio_min":1.657,"nivel_medio_max":1.657,"pct_alto":0.0,"n_hexagonos":1,"area_ha":0.43}},{"type":"Feature","geometry":{"type":"Polygon","coordinates":[[[-73.776,-43.3795],[-73.77608,-43.37956],[-73.7761,-43.37971],[-73.77596,-43.37983],[-73.77588,-43.37985],[-73.77578,-43.37982],[-73.77571,-43.37979],[-73.77567,-43.3797],[-73.7757,-43.37954],[-73.77578,-43.3795],[-73.776,-43.3795]]]},"properties":{"comuna":"Quellón","mancha_id":"10208-88ce127553fffff","clase":"Medio","nivel_medio":1.711,"nivel_medio_min":1.711,"nivel_medio_max":1.711,"pct_alto":0.5,"n_hexagonos":1,"area_ha":0.11}},{"type":"Feature","geometry":{"type":"Polygon","coordinates":[[[-73.77659,-43.38044],[-73.77665,-43.3805],[-73.77667,-43.3806],[-73.77658,-43.38067],[-73.77649,-43.38069],[-73.77635,-43.38065],[-73.77631,-43.38057],[-73.77636,-43.38044],[-73.77645,-43.3804],[-73.77659,-43.38044]]]},"properties":{"comuna":"Quellón","mancha_id":"10208-88ce127553fffff-2","clase":"Medio","nivel_medio":1.711,"nivel_medio_min":1.711,"nivel_medio_max":1.711,"pct_alto":0.5,"n_hexagonos":1,"area_ha":0.07}},{"type":"Feature","geometry":{"type":"Polygon","coordinates":[[[-73.77549,-43.3809],[-73.7756,-43.38106],[-73.77558,-43.38114],[-73.77539,-43.38126],[-73.77526,-43.38125],[-73.77519,-43.38121],[-73.77517,-43.3811],[-73.77526,-43.38092],[-73.77533,-43.38089],[-73.77549,-43.3809]]]},"properties":{"comuna":"Quellón","mancha_id":"10208-88ce127553fffff-3","clase":"Medio","nivel_medio":1.711,"nivel_medio_min":1.711,"nivel_medio_max":1.711,"pct_alto":0.5,"n_hexagonos":1,"area_ha":0.11}},{"type":"Feature","geometry":{"type":"Polygon","coordinates":[[[-73.76898,-43.3804],[-73.76874,-43.38014],[-73.76834,-43.37988],[-73.768227,-43.379826],[-73.768785,-43.378494],[-73.770681,-43.378107],[-73.77088,-43.3783],[-73.77099,-43.37866],[-73.77117,-43.37874],[-73.77133,-43.3787],[-73.77148,-43.37862],[-73.77162,-43.3784],[-73.77193,-43.37819],[-73.77243,-43.37821],[-73.7727,-43.37838],[-73.77352,-43.37838],[-73.77376,-43.37843],[-73.77383,-43.37849],[-73.77372,-43.37868],[-73.77348,-43.37893],[-73.77331,-43.37924],[-73.77323,-43.37971],[-73.77322,-43.38005],[-73.77295,-43.38073],[-73.77295,-43.38085],[-73.77303,-43.38099],[-73.7732,-43.38108],[-73.77351,-43.38134],[-73.77348,-43.38159],[-73.77341,-43.38179],[-73.77304,-43.38214],[-73.77296,-43.3826],[-73.7728,-43.38281],[-73.77266,-43.38287],[-73.7725,-43.38311],[-73.77244,-43.38347],[-73.772,-43.3837],[-73.77184,-43.38386],[-73.77174,-43.38403],[-73.77151,-43.38409],[-73.7714,-43.38408],[-73.77115,-43.38395],[-73.77064,-43.38404],[-73.77044,-43.38405],[-73.76972,-43.38377],[-73.7695,-43.38374],[-73.76886,-43.38373],[-73.76852,-43.38366],[-73.76828,-43.38338],[-73.76843,-43.38322],[-73.76876,-43.38315],[-73.76946,-43.38296],[-73.76963,-43.38286],[-73.76977,-43.38273],[-73.76989,-43.38251],[-73.76988,-43.38225],[-73.76979,-43.38183],[-73.76965,-43.38163],[-73.76953,-43.38151],[-73.76939,-43.38145],[-73.769,-43.38142],[-73.76883,-43.38133],[-73.76884,-43.38124],[-73.76904,-43.38111],[-73.7691,-43.38091],[-73.76906,-43.38061],[-73.76898,-43.3804]]]},"properties":{"comuna":"Quellón","mancha_id":"10208-88ce127553fffff-4","clase":"Medio","nivel_medio":1.711,"nivel_medio_min":1.711,"nivel_medio_max":1.711,"pct_alto":0.5,"n_hexagonos":1,"area_ha":20.44}},{"type":"Feature","geometry":{"type":"Polygon","coordinates":[[[-73.77381,-43.38212],[-73.77392,-43.38217],[-73.77397,-43.38227],[-73.77388,-43.38238],[-73.77363,-43.38239],[-73.77346,-43.38234],[-73.77337,-43.38226],[-73.77336,-43.38219],[-73.77344,-43.38212],[-73.77355,-43.38208],[-73.77381,-43.38212]]]},"properties":{"comuna":"Quellón","mancha_id":"10208-88ce127553fffff-5","clase":"Medio","nivel_medio":1.711,"nivel_medio_min":1.711,"nivel_medio_max":1.711,"pct_alto":0.5,"n_hexagonos":1,"area_ha":0.13}},{"type":"Feature","geometry":{"type":"Polygon","coordinates":[[[-73.77425,-43.38291],[-73.77401,-43.38307],[-73.77385,-43.38332],[-73.7736,-43.38341],[-73.7733,-43.38327],[-73.7733,-43.38318],[-73.77337,-43.38308],[-73.77331,-43.3829],[-73.77333,-43.38272],[-73.77397,-43.38261],[-73.77413,-43.38264],[-73.7742,-43.38273],[-73.77425,-43.38291]]]},"properties":{"comuna":"Quellón","mancha_id":"10208-88ce127553fffff-6","clase":"Medio","nivel_medio":1.711,"nivel_medio_min":1.711,"nivel_medio_max":1.711,"pct_alto":0.5,"n_hexagonos":1,"area_ha":0.47}},{"type":"Feature","geometry":{"type":"Polygon","coordinates":[[[-73.78985,-43.38567],[-73.79001,-43.38577],[-73.79004,-43.38587],[-73.79,-43.38592],[-73.78979,-43.38595],[-73.78971,-43.38591],[-73.78967,-43.38583],[-73.78973,-43.38573],[-73.78985,-43.38567]]]},"properties":{"comuna":"Quellón","mancha_id":"10208-88ce127429fffff","clase":"Medio","nivel_medio":1.622,"nivel_medio_min":1.622,"nivel_medio_max":1.622,"pct_alto":0.2,"n_hexagonos":1,"area_ha":0.06}},{"type":"Feature","geometry":{"type":"Polygon","coordinates":[[[-73.79024,-43.38601],[-73.79032,-43.38608],[-73.79032,-43.38619],[-73.79027,-43.38628],[-73.79017,-43.38631],[-73.79007,-43.3863],[-73.79,-43.38621],[-73.79,-43.38612],[-73.79005,-43.38605],[-73.79015,-43.38601],[-73.79024,-43.38601]]]},"properties":{"comuna":"Quellón","mancha_id":"10208-88ce127429fffff-2","clase":"Medio","nivel_medio":1.622,"nivel_medio_min":1.622,"nivel_medio_max":1.622,"pct_alto":0.2,"n_hexagonos":1,"area_ha":0.07}},{"type":"Feature","geometry":{"type":"Polygon","coordinates":[[[-73.79099,-43.38777],[-73.79115,-43.38779],[-73.7912,-43.38786],[-73.79115,-43.38797],[-73.79102,-43.38805],[-73.79089,-43.38797],[-73.79089,-43.3879],[-73.79099,-43.38777]]]},"properties":{"comuna":"Quellón","mancha_id":"10208-88ce127429fffff-3","clase":"Medio","nivel_medio":1.622,"nivel_medio_min":1.622,"nivel_medio_max":1.622,"pct_alto":0.2,"n_hexagonos":1,"area_ha":0.05}},{"type":"Feature","geometry":{"type":"Polygon","coordinates":[[[-73.79127,-43.3885],[-73.79139,-43.38856],[-73.7914,-43.38865],[-73.79135,-43.38878],[-73.7912,-43.38886],[-73.79099,-43.38884],[-73.79096,-43.38878],[-73.79097,-43.38859],[-73.79111,-43.38851],[-73.79127,-43.3885]]]},"properties":{"comuna":"Quellón","mancha_id":"10208-88ce127429fffff-4","clase":"Medio","nivel_medio":1.622,"nivel_medio_min":1.622,"nivel_medio_max":1.622,"pct_alto":0.2,"n_hexagonos":1,"area_ha":0.11}},{"type":"Feature","geometry":{"type":"Polygon","coordinates":[[[-73.79366,-43.38864],[-73.79378,-43.38864],[-73.79386,-43.38869],[-73.79386,-43.38878],[-73.79378,-43.38886],[-73.79365,-43.38885],[-73.79359,-43.38879],[-73.79359,-43.3887],[-73.79366,-43.38864]]]},"properties":{"comuna":"Quellón","mancha_id":"10208-88ce127429fffff-5","clase":"Medio","nivel_medio":1.622,"nivel_medio_min":1.622,"nivel_medio_max":1.622,"pct_alto":0.2,"n_hexagonos":1,"area_ha":0.04}},{"type":"Feature","geometry":{"type":"Polygon","coordinates":[[[-73.79348,-43.3891],[-73.79358,-43.38908],[-73.7937,-43.38914],[-73.793665,-43.389305],[-73.79348,-43.38928],[-73.79344,-43.38919],[-73.79348,-43.3891]]]},"properties":{"comuna":"Quellón","mancha_id":"10208-88ce127429fffff-6","clase":"Medio","nivel_medio":1.622,"nivel_medio_min":1.622,"nivel_medio_max":1.622,"pct_alto":0.2,"n_hexagonos":1,"area_ha":0.04}},{"type":"Feature","geometry":{"type":"Polygon","coordinates":[[[-73.806614,-43.3917],[-73.800686,-43.392911],[-73.798037,-43.390687],[-73.798,-43.3905],[-73.79787,-43.39032],[-73.79732,-43.38993],[-73.79698,-43.38977],[-73.796767,-43.389621],[-73.796675,-43.389543],[-73.79666,-43.389546],[-73.79628,-43.38928],[-73.79591,-43.38912],[-73.79544,-43.38911],[-73.79485,-43.38921],[-73.79409,-43.38955],[-73.79391,-43.38953],[-73.7938,-43.38943],[-73.79384,-43.38909],[-73.79401,-43.38859],[-73.79462,-43.38813],[-73.79493,-43.38801],[-73.79517,-43.38786],[-73.79526,-43.38754],[-73.79518,-43.38744],[-73.79509,-43.38739],[-73.79486,-43.38739],[-73.79435,-43.3876],[-73.79395,-43.38766],[-73.79307,-43.38788],[-73.79281,-43.38803],[-73.79248,-43.38816],[-73.79242,-43.38814],[-73.79237,-43.38803],[-73.79239,-43.38792],[-73.79236,-43.38777],[-73.79227,-43.38771],[-73.79214,-43.3877],[-73.79202,-43.38775],[-73.79182,-43.38809],[-73.79163,-43.38818],[-73.79151,-43.38813],[-73.79146,-43.38782],[-73.79141,-43.38774],[-73.7913,-43.38768],[-73.791,-43.38764],[-73.79094,-43.3876],[-73.79093,-43.38746],[-73.79099,-43.38731],[-73.79065,-43.38687],[-73.79049,-43.38595],[-73.79051,-43.38579],[-73.79062,-43.38558],[-73.79123,-43.3851],[-73.79216,-43.38473],[-73.79236,-43.38459],[-73.79238,-43.3845],[-73.79239,-43.38445],[-73.79233,-43.38435],[-73.79208,-43.38419],[-73.79168,-43.38399],[-73.79161,-43.38388],[-73.79169,-43.38373],[-73.79217,-43.38362],[-73.79237,-43.38344],[-73.79246,-43.38331],[-73.79268,-43.38323],[-73.79275,-43.38313],[-73.79341,-43.38267],[-73.79346,-43.38255],[-73.7934,-43.38241],[-73.79312,-43.3822],[-73.79305,-43.38208],[-73.79309,-43.381903],[-73.7931,-43.38186],[-73.79334,-43.3815],[-73.79336,-43.38127],[-73.79332,-43.38103],[-73.79337,-43.38067],[-73.79332,-43.38053],[-73.79313,-43.38042],[-73.79308,-43.38034],[-73.79307,-43.38012],[-73.79314,-43.37999],[-73.79318,-43.37977],[-73.793,-43.37957],[-73.79297,-43.37944],[-73.79315,-43.37909],[-73.79312,-43.37897],[-73.79315,-43.37883],[-73.79328,-43.37867],[-73.79341,-43.37841],[-73.79335,-43.37834],[-73.79306,-43.37829],[-73.79285,-43.37809],[-73.79271,-43.37808],[-73.79245,-43.3782],[-73.79221,-43.37816],[-73.79209,-43.37802],[-73.79208,-43.37783],[-73.79188,-43.37733],[-73.7919,-43.37708],[-73.7922,-43.3765],[-73.79239,-43.37627],[-73.79284,-43.37609],[-73.79327,-43.37606],[-73.79378,-43.37593],[-73.79419,-43.37574],[-73.794617,-43.375441],[-73.79469,-43.37539],[-73.79496,-43.37541],[-73.79518,-43.37549],[-73.79539,-43.37554],[-73.7959,-43.37536],[-73.79612,-43.37538],[-73.79643,-43.37552],[-73.79702,-43.3756],[-73.79696,-43.37591],[-73.79711,-43.37598],[-73.79738,-43.37599],[-73.79773,-43.37583],[-73.79777,-43.37563],[-73.79787,-43.37544],[-73.79873,-43.37488],[-73.79895,-43.37455],[-73.79903,-43.37407],[-73.79913,-43.37398],[-73.79932,-43.37365],[-73.79964,-43.37344],[-73.7998,-43.37329],[-73.80002,-43.37273],[-73.8004,-43.37234],[-73.80047,-43.37217],[-73.80035,-43.372],[-73.79977,-43.37179],[-73.79966,-43.37166],[-73.79946,-43.37067],[-73.79954,-43.36971],[-73.7994,-43.36915],[-73.79939,-43.36884],[-73.79984,-43.3684],[-73.800254,-43.367881],[-73.80033,-43.367865],[-73.80434,-43.371232],[-73.810266,-43.37002],[-73.812181,-43.365442],[-73.818107,-43.36423],[-73.820022,-43.359651],[-73.816011,-43.356286],[-73.810086,-43.357498],[-73.806076,-43.354132],[-73.800152,-43.355344],[-73.798237,-43.359921],[-73.795723,-43.360435],[-73.79559,-43.36025],[-73.79555,-43.35996],[-73.7956,-43.35939],[-73.79558,-43.35909],[-73.79518,-43.35793],[-73.79508,-43.35719],[-73.79512,-43.35681],[-73.79495,-43.3562],[-73.7947,-43.35569],[-73.79464,-43.35529],[-73.79472,-43.35468],[-73.79437,-43.35399],[-73.79439,-43.35342],[-73.7945,-43.35315],[-73.79482,-43.35279],[-73.79551,-43.35249],[-73.79583,-43.35239],[-73.79629,-43.35234],[-73.796515,-43.35229],[-73.79665,-43.35226],[-73.79736,-43.352],[-73.79787,-43.35196],[-73.79875,-43.35179],[-73.79905,-43.35165],[-73.79985,-43.35113],[-73.80009,-43.35093],[-73.80024,-43.35061],[-73.80085,-43.34986],[-73.80088,-43.34959],[-73.80078,-43.34924],[-73.80094,-43.34873],[-73.80096,-43.34853],[-73.80073,-43.34764],[-73.80075,-43.34723],[-73.800715,-43.346857],[-73.803983,-43.346189],[-73.805897,-43.341611],[-73.804427,-43.340376],[-73.80453,-43.34019],[-73.80533,-43.33909],[-73.80571,-43.33871],[-73.80614,-43.33814],[-73.80676,-43.33703],[-73.80721,-43.33643],[-73.80856,-43.33531],[-73.8091,-43.33492],[-73.80923,-43.33489],[-73.80934,-43.33482],[-73.81003,-43.33464],[-73.81033,-43.33439],[-73.81098,-43.33414],[-73.81127,-43.33388],[-73.811315,-43.33379],[-73.81137,-43.33368],[-73.81133,-43.33348],[-73.81096,-43.33327],[-73.81085,-43.33316],[-73.81085,-43.33306],[-73.81107,-43.33285],[-73.81152,-43.33253],[-73.81197,-43.33189],[-73.8121,-43.33152],[-73.81211,-43.33133],[-73.81206,-43.3312],[-73.81211,-43.33088],[-73.81192,-43.32995],[-73.81185,-43.32925],[-73.81154,-43.32834],[-73.811486,-43.328247],[-73.81164,-43.327878],[-73.811321,-43.32761],[-73.81134,-43.32748],[-73.81154,-43.32699],[-73.81155,-43.32667],[-73.81134,-43.32619],[-73.81112,-43.32586],[-73.81103,-43.32552],[-73.81103,-43.32525],[-73.81119,-43.32488],[-73.81147,-43.32456],[-73.81151,-43.32423],[-73.81149,-43.32415],[-73.81131,-43.32392],[-73.81097,-43.32312],[-73.81078,-43.32229],[-73.81066,-43.32199],[-73.81062,-43.32176],[-73.81048,-43.32145],[-73.8104,-43.32094],[-73.81014,-43.32061],[-73.8099,-43.32015],[-73.809851,-43.319873],[-73.80985,-43.31987],[-73.80992,-43.31978],[-73.80993,-43.31961],[-73.81021,-43.31901],[-73.81053,-43.31849],[-73.81057,-43.31785],[-73.81066,-43.31752],[-73.81086,-43.31706],[-73.81088,-43.31663],[-73.81079,-43.31635],[-73.8108,-43.31601],[-73.8109,-43.31576],[-73.81114,-43.3154],[-73.81119,-43.3152],[-73.81073,-43.31475],[-73.81076,-43.31437],[-73.81082,-43.3143],[-73.81093,-43.31406],[-73.81094,-43.31393],[-73.81078,-43.31379],[-73.80974,-43.3139],[-73.80931,-43.31389],[-73.80923,-43.31387],[-73.80914,-43.31376],[-73.8092,-43.31354],[-73.80939,-43.31342],[-73.80949,-43.31329],[-73.80953,-43.31314],[-73.80978,-43.31296],[-73.81039,-43.31239],[-73.81107,-43.31195],[-73.81136,-43.31185],[-73.81193,-43.31185],[-73.81231,-43.31174],[-73.81259,-43.31174],[-73.81274,-43.31192],[-73.81263,-43.31235],[-73.81267,-43.31254],[-73.81284,-43.31271],[-73.81303,-43.31268],[-73.81316,-43.31254],[-73.81317,-43.31215],[-73.81327,-43.31197],[-73.81362,-43.31179],[-73.81396,-43.31157],[-73.814141,-43.311426],[-73.817379,-43.314145],[-73.815466,-43.318723],[-73.819474,-43.322087],[-73.825396,-43.320873],[-73.829405,-43.324237],[-73.827492,-43.328816],[-73.831502,-43.33218],[-73.82959,-43.336759],[-73.823666,-43.337972],[-73.821753,-43.342551],[-73.825763,-43.345916],[-73.831688,-43.344702],[-73.835699,-43.348067],[-73.841624,-43.346853],[-73.845637,-43.350218],[-73.843725,-43.354798],[-73.847738,-43.358163],[-73.845826,-43.362743],[-73.84984,-43.366108],[-73.847928,-43.370688],[-73.842,-43.371902],[-73.837986,-43.368536],[-73.832058,-43.369749],[-73.830144,-43.374328],[-73.824217,-43.375541],[-73.820204,-43.372174],[-73.814278,-43.373387],[-73.812362,-43.377965],[-73.816374,-43.381332],[-73.814459,-43.38591],[-73.808531,-43.387122],[-73.806614,-43.3917]]]},"properties":{"comuna":"Quellón","mancha_id":"10208-88ce127405fffff","clase":"Medio","nivel_medio":1.826,"nivel_medio_min":1.548,"nivel_medio_max":2.0,"pct_alto":0.1,"n_hexagonos":29,"area_ha":1688.09}},{"type":"Feature","geometry":{"type":"Polygon","coordinates":[[[-73.6625,-43.2085],[-73.6624,-43.20854],[-73.662315,-43.20855],[-73.66223,-43.20854],[-73.662145,-43.208485],[-73.66211,-43.20842],[-73.66211,-43.20836],[-73.66214,-43.20826],[-73.66223,-43.20816],[-73.662315,-43.20811],[-73.66239,-43.20809],[-73.662473,-43.208095],[-73.66264,-43.208155],[-73.66266,-43.20824],[-73.66265,-43.20831],[-73.66258,-43.20845],[-73.6625,-43.2085]]]},"properties":{"comuna":"Quellón","mancha_id":"10208-88ce126f5bfffff","clase":"Medio","nivel_medio":1.693,"nivel_medio_min":1.693,"nivel_medio_max":1.693,"pct_alto":12.9,"n_hexagonos":1,"area_ha":0.17}},{"type":"Feature","geometry":{"type":"Polygon","coordinates":[[[-73.750109,-43.164833],[-73.748197,-43.169406],[-73.752187,-43.172766],[-73.750275,-43.177339],[-73.754265,-43.180699],[-73.752352,-43.185272],[-73.756343,-43.188632],[-73.754431,-43.193206],[-73.748527,-43.194419],[-73.744536,-43.191059],[-73.743549,-43.191261],[-73.7436,-43.19119],[-73.74362,-43.19053],[-73.74348,-43.19038],[-73.74348,-43.19029],[-73.743695,-43.19017],[-73.74377,-43.19003],[-73.74377,-43.18988],[-73.74358,-43.18956],[-73.74307,-43.18842],[-73.74274,-43.18729],[-73.74263,-43.18703],[-73.74243,-43.1869],[-73.74229,-43.18687],[-73.74221,-43.18689],[-73.74198,-43.18704],[-73.74187,-43.18708],[-73.74167,-43.18709],[-73.74141,-43.18705],[-73.74122,-43.18681],[-73.74086,-43.18637],[-73.74054,-43.18584],[-73.74051,-43.18556],[-73.7406,-43.18522],[-73.74087,-43.18462],[-73.74077,-43.18415],[-73.740462,-43.183536],[-73.73964,-43.1819],[-73.73954,-43.1816],[-73.73954,-43.18127],[-73.73967,-43.1808],[-73.73961,-43.18051],[-73.73937,-43.18021],[-73.73923,-43.17991],[-73.73918,-43.17963],[-73.73929,-43.17839],[-73.73926,-43.17734],[-73.7392,-43.17709],[-73.73944,-43.17633],[-73.73957,-43.17596],[-73.73947,-43.17563],[-73.73924,-43.17545],[-73.739237,-43.175428],[-73.73921,-43.1752],[-73.73921,-43.17494],[-73.73939,-43.17461],[-73.73942,-43.17436],[-73.73935,-43.17411],[-73.7391,-43.17385],[-73.7389,-43.17333],[-73.73873,-43.17246],[-73.73869,-43.17155],[-73.73877,-43.17089],[-73.73879,-43.17071],[-73.73899,-43.17051],[-73.73927,-43.17021],[-73.7397,-43.16971],[-73.7401,-43.16901],[-73.740222,-43.168872],[-73.74095,-43.16805],[-73.74145,-43.1674],[-73.74202,-43.16693],[-73.74244,-43.16659],[-73.7426,-43.16637],[-73.7427,-43.16599],[-73.74269,-43.16577],[-73.74271,-43.16518],[-73.74274,-43.165],[-73.74283,-43.16489],[-73.74294,-43.16482],[-73.743137,-43.1648],[-73.74365,-43.16414],[-73.74365,-43.16395],[-73.74377,-43.16377],[-73.74417,-43.16351],[-73.74465,-43.16314],[-73.74562,-43.16266],[-73.74631,-43.16237],[-73.74676,-43.16203],[-73.746766,-43.162018],[-73.74701,-43.16152],[-73.74734,-43.16069],[-73.74764,-43.16015],[-73.74832,-43.15967],[-73.74925,-43.15916],[-73.74971,-43.15862],[-73.75038,-43.15743],[-73.75086,-43.15653],[-73.75086,-43.15632],[-73.753932,-43.155687],[-73.757921,-43.159046],[-73.75601,-43.163619],[-73.750109,-43.164833]]]},"properties":{"comuna":"Quellón","mancha_id":"10208-88ce126e85fffff","clase":"Medio","nivel_medio":1.785,"nivel_medio_min":1.521,"nivel_medio_max":2.218,"pct_alto":4.7,"n_hexagonos":8,"area_ha":363.1}},{"type":"Feature","geometry":{"type":"Polygon","coordinates":[[[-73.63451,-43.12012],[-73.63422,-43.12012],[-73.634133,-43.120123],[-73.634392,-43.119506],[-73.63438,-43.11959],[-73.63463,-43.11979],[-73.63476,-43.11989],[-73.634805,-43.119975],[-73.6347,-43.12007],[-73.63462,-43.12011],[-73.63451,-43.12012]]]},"properties":{"comuna":"Quellón","mancha_id":"10208-88ce126d17fffff","clase":"Medio","nivel_medio":2.123,"nivel_medio_min":2.123,"nivel_medio_max":2.123,"pct_alto":51.2,"n_hexagonos":1,"area_ha":0.19}},{"type":"Feature","geometry":{"type":"Polygon","coordinates":[[[-73.641161,-43.116205],[-73.645135,-43.119565],[-73.643217,-43.124133],[-73.639581,-43.124878],[-73.63961,-43.12482],[-73.63974,-43.12445],[-73.63982,-43.12426],[-73.64002,-43.12389],[-73.64011,-43.12371],[-73.64021,-43.12334],[-73.64032,-43.12278],[-73.64034,-43.1226],[-73.64039,-43.12241],[-73.64041,-43.12223],[-73.64046,-43.12204],[-73.64046,-43.12186],[-73.64042,-43.12169],[-73.64034,-43.12161],[-73.6401,-43.12132],[-73.64,-43.12125],[-73.63994,-43.12123],[-73.6398,-43.12117],[-73.63951,-43.12107],[-73.63923,-43.12099],[-73.63866,-43.12087],[-73.63809,-43.12072],[-73.63793,-43.12066],[-73.63726,-43.12039],[-73.63709,-43.12029],[-73.63704,-43.12025],[-73.63681,-43.12007],[-73.63642,-43.1197],[-73.63596,-43.11944],[-73.63541,-43.11926],[-73.63485,-43.11927],[-73.63453,-43.11933],[-73.634425,-43.119427],[-73.63527,-43.117414],[-73.641161,-43.116205]]]},"properties":{"comuna":"Quellón","mancha_id":"10208-88ce126d17fffff-2","clase":"Medio","nivel_medio":2.123,"nivel_medio_min":2.123,"nivel_medio_max":2.123,"pct_alto":51.2,"n_hexagonos":1,"area_ha":42.48}},{"type":"Feature","geometry":{"type":"Polygon","coordinates":[[[-73.73152,-43.14329],[-73.731525,-43.143581],[-73.727701,-43.144368],[-73.72773,-43.14427],[-73.7282,-43.14335],[-73.72841,-43.14296],[-73.72841,-43.14251],[-73.72864,-43.14197],[-73.72898,-43.14157],[-73.72978,-43.1413],[-73.73023,-43.14121],[-73.73046,-43.14122],[-73.73074,-43.14124],[-73.73099,-43.14135],[-73.73107,-43.14143],[-73.73118,-43.14166],[-73.73123,-43.14207],[-73.73134,-43.14248],[-73.7314,-43.14264],[-73.73152,-43.14329]]]},"properties":{"comuna":"Quellón","mancha_id":"10208-88ce126ccdfffff","clase":"Medio","nivel_medio":1.781,"nivel_medio_min":1.781,"nivel_medio_max":1.781,"pct_alto":12.1,"n_hexagonos":1,"area_ha":6.95}},{"type":"Feature","geometry":{"type":"Polygon","coordinates":[[[-73.7238,-43.10543],[-73.723711,-43.105489],[-73.721729,-43.103818],[-73.722975,-43.100837],[-73.72298,-43.10084],[-73.72343,-43.10108],[-73.72404,-43.10139],[-73.72431,-43.10182],[-73.72444,-43.10216],[-73.7246,-43.10257],[-73.72476,-43.10305],[-73.72461,-43.10354],[-73.72434,-43.1041],[-73.72421,-43.10485],[-73.7238,-43.10543]]]},"properties":{"comuna":"Quellón","mancha_id":"10208-88ce126cabfffff","clase":"Medio","nivel_medio":2.1,"nivel_medio_min":2.1,"nivel_medio_max":2.1,"pct_alto":25.4,"n_hexagonos":1,"area_ha":7.52}},{"type":"Feature","geometry":{"type":"Polygon","coordinates":[[[-73.72905,-43.1185],[-73.72884,-43.1185],[-73.72874,-43.1185],[-73.728615,-43.11846],[-73.72868,-43.1183],[-73.72878,-43.11823],[-73.72886,-43.11816],[-73.72899,-43.11804],[-73.72912,-43.11796],[-73.72929,-43.11796],[-73.72949,-43.11803],[-73.72957,-43.11807],[-73.72974,-43.11818],[-73.72976,-43.11825],[-73.72968,-43.11833],[-73.72955,-43.11841],[-73.72942,-43.11844],[-73.72928,-43.11844],[-73.72905,-43.1185]]]},"properties":{"comuna":"Quellón","mancha_id":"10208-88ce126c8dfffff","clase":"Medio","nivel_medio":2.211,"nivel_medio_min":2.211,"nivel_medio_max":2.211,"pct_alto":24.6,"n_hexagonos":1,"area_ha":0.37}},{"type":"Feature","geometry":{"type":"Polygon","coordinates":[[[-73.72901,-43.12224],[-73.728913,-43.122241],[-73.72836,-43.12225],[-73.72783,-43.12218],[-73.72749,-43.12204],[-73.72718,-43.12193],[-73.72703,-43.12194],[-73.72693,-43.12201],[-73.72693,-43.12208],[-73.72695,-43.12218],[-73.72698,-43.12228],[-73.72698,-43.12238],[-73.72686,-43.12245],[-73.72664,-43.12251],[-73.72637,-43.1225],[-73.72607,-43.12244],[-73.72579,-43.12235],[-73.72579,-43.12221],[-73.72593,-43.12208],[-73.72619,-43.12197],[-73.72619,-43.12184],[-73.72605,-43.12176],[-73.72565,-43.1216],[-73.7248,-43.12101],[-73.7245,-43.12049],[-73.72428,-43.12029],[-73.72376,-43.12012],[-73.723745,-43.120113],[-73.72587,-43.119676],[-73.726465,-43.118253],[-73.72661,-43.11823],[-73.72694,-43.11823],[-73.72722,-43.1183],[-73.72769,-43.11847],[-73.72798,-43.11865],[-73.72806,-43.1187],[-73.72821,-43.11885],[-73.72849,-43.11901],[-73.72881,-43.11911],[-73.72916,-43.11912],[-73.72937,-43.11911],[-73.72977,-43.11903],[-73.73021,-43.11885],[-73.73085,-43.11876],[-73.73123,-43.1188],[-73.73152,-43.11899],[-73.73214,-43.11947],[-73.73245,-43.1201],[-73.73242,-43.12064],[-73.7321,-43.1212],[-73.73162,-43.12167],[-73.73083,-43.12209],[-73.72999,-43.12219],[-73.72901,-43.12224]]]},"properties":{"comuna":"Quellón","mancha_id":"10208-88ce126c8dfffff-2","clase":"Medio","nivel_medio":2.136,"nivel_medio_min":1.891,"nivel_medio_max":2.211,"pct_alto":18.9,"n_hexagonos":2,"area_ha":20.79}},{"type":"Feature","geometry":{"type":"Polygon","coordinates":[[[-73.74051,-43.11967],[-73.74029,-43.11976],[-73.74005,-43.11978],[-73.73989,-43.11978],[-73.73971,-43.11973],[-73.73954,-43.11964],[-73.73944,-43.11954],[-73.73939,-43.11944],[-73.73936,-43.11933],[-73.73937,-43.11923],[-73.7395,-43.11912],[-73.73971,-43.11907],[-73.73995,-43.11892],[-73.74006,-43.11884],[-73.74022,-43.11883],[-73.74029,-43.11883],[-73.74043,-43.11886],[-73.7405,-43.1189],[-73.74061,-43.11896],[-73.74071,-43.11906],[-73.740765,-43.11914],[-73.74077,-43.1194],[-73.74071,-43.11956],[-73.74051,-43.11967]]]},"properties":{"comuna":"Quellón","mancha_id":"10208-88ce126c89fffff","clase":"Medio","nivel_medio":1.818,"nivel_medio_min":1.818,"nivel_medio_max":1.818,"pct_alto":10.4,"n_hexagonos":1,"area_ha":0.91}},{"type":"Feature","geometry":{"type":"Polygon","coordinates":[[[-73.743554,-43.116034],[-73.747539,-43.119391],[-73.753434,-43.118176],[-73.75742,-43.121533],[-73.763317,-43.120318],[-73.767304,-43.123675],[-73.765395,-43.128249],[-73.769383,-43.131606],[-73.767473,-43.13618],[-73.761575,-43.137395],[-73.759665,-43.141968],[-73.763653,-43.145326],[-73.761743,-43.1499],[-73.755843,-43.151114],[-73.755083,-43.150474],[-73.75538,-43.15023],[-73.75592,-43.14902],[-73.7563,-43.14876],[-73.75668,-43.14865],[-73.756925,-43.14861],[-73.75697,-43.14848],[-73.75686,-43.14792],[-73.7567,-43.14767],[-73.75629,-43.14744],[-73.75619,-43.14728],[-73.75622,-43.14716],[-73.75641,-43.14689],[-73.75677,-43.14631],[-73.75677,-43.14598],[-73.75663,-43.14557],[-73.75661,-43.14543],[-73.75674,-43.14528],[-73.757463,-43.144913],[-73.75696,-43.14396],[-73.75654,-43.14354],[-73.75542,-43.1429],[-73.755385,-43.142849],[-73.75514,-43.14249],[-73.75501,-43.14141],[-73.75519,-43.1404],[-73.75483,-43.13865],[-73.75468,-43.13805],[-73.75462,-43.13779],[-73.75411,-43.1369],[-73.75346,-43.13637],[-73.75316,-43.13598],[-73.75277,-43.13572],[-73.7518,-43.1356],[-73.75161,-43.135443],[-73.7514,-43.13527],[-73.751103,-43.134757],[-73.751,-43.13458],[-73.75017,-43.13389],[-73.75017,-43.13361],[-73.75064,-43.13353],[-73.75138,-43.13321],[-73.75183,-43.13266],[-73.75214,-43.132],[-73.75277,-43.13175],[-73.75334,-43.13169],[-73.75358,-43.13162],[-73.75386,-43.13135],[-73.75416,-43.13096],[-73.754329,-43.130732],[-73.754303,-43.130577],[-73.7537,-43.1307],[-73.75344,-43.13069],[-73.75327,-43.13058],[-73.75318,-43.1303],[-73.75319,-43.12987],[-73.75316,-43.12937],[-73.75277,-43.12915],[-73.751995,-43.12887],[-73.75189,-43.12883],[-73.75181,-43.1288],[-73.75161,-43.12872],[-73.75139,-43.12864],[-73.75117,-43.12857],[-73.75103,-43.12853],[-73.75081,-43.12854],[-73.75057,-43.12855],[-73.75033,-43.12863],[-73.75015,-43.12876],[-73.74995,-43.12896],[-73.74982,-43.12922],[-73.74975,-43.12947],[-73.74958,-43.1296],[-73.74951,-43.1296],[-73.74934,-43.12959],[-73.74926,-43.12949],[-73.74912,-43.12932],[-73.74905,-43.1291],[-73.74894,-43.129],[-73.748915,-43.128994],[-73.74872,-43.12895],[-73.74852,-43.12897],[-73.74834,-43.12905],[-73.74817,-43.12915],[-73.74794,-43.12921],[-73.74775,-43.1292],[-73.74751,-43.12914],[-73.74733,-43.12902],[-73.74726,-43.1289],[-73.7471,-43.12869],[-73.74696,-43.12857],[-73.74682,-43.12849],[-73.74672,-43.12843],[-73.74653,-43.12842],[-73.74636,-43.12844],[-73.74609,-43.12851],[-73.74592,-43.12849],[-73.74543,-43.12829],[-73.74498,-43.12807],[-73.74475,-43.12778],[-73.74437,-43.12761],[-73.74393,-43.12752],[-73.74328,-43.1275],[-73.74285,-43.12737],[-73.74197,-43.12702],[-73.74154,-43.12664],[-73.74111,-43.12639],[-73.74083,-43.12594],[-73.74064,-43.12566],[-73.74051,-43.12553],[-73.74008,-43.12531],[-73.739918,-43.125139],[-73.7399,-43.12512],[-73.73983,-43.12492],[-73.73985,-43.12466],[-73.7399,-43.12443],[-73.73994,-43.12425],[-73.74007,-43.12409],[-73.74023,-43.12397],[-73.74046,-43.12379],[-73.74057,-43.12367],[-73.74065,-43.1234],[-73.7407,-43.1228],[-73.74099,-43.12218],[-73.74135,-43.12152],[-73.74184,-43.12045],[-73.74189,-43.12018],[-73.74172,-43.11988],[-73.74161,-43.11978],[-73.74144,-43.11967],[-73.74128,-43.11952],[-73.74111,-43.11929],[-73.74106,-43.11911],[-73.74116,-43.11891],[-73.74129,-43.11885],[-73.74156,-43.11872],[-73.74188,-43.11864],[-73.74243,-43.11854],[-73.74286,-43.11847],[-73.74352,-43.11847],[-73.74429,-43.11845],[-73.7446,-43.11842],[-73.74491,-43.11832],[-73.74508,-43.11821],[-73.74515,-43.11814],[-73.74515,-43.11805],[-73.74511,-43.11799],[-73.74503,-43.11794],[-73.74488,-43.11786],[-73.74429,-43.11771],[-73.74419,-43.11761],[-73.74414,-43.11747],[-73.7441,-43.11716],[-73.74387,-43.11701],[-73.74366,-43.11699],[-73.74344,-43.11701],[-73.74325,-43.11701],[-73.74272,-43.11681],[-73.74249,-43.11677],[-73.74236,-43.11678],[-73.74226,-43.11684],[-73.74217,-43.11694],[-73.74169,-43.11746],[-73.74145,-43.1176],[-73.74129,-43.11763],[-73.74074,-43.11764],[-73.74034,-43.11746],[-73.74002,-43.11722],[-73.73991,-43.11691],[-73.73974,-43.11689],[-73.73938,-43.11691],[-73.73883,-43.11711],[-73.738509,-43.117073],[-73.743554,-43.116034]]]},"properties":{"comuna":"Quellón","mancha_id":"10208-88ce126c89fffff-2","clase":"Medio","nivel_medio":1.84,"nivel_medio_min":1.603,"nivel_medio_max":2.018,"pct_alto":2.6,"n_hexagonos":9,"area_ha":394.62}},{"type":"Feature","geometry":{"type":"Polygon","coordinates":[[[-73.735587,-43.109319],[-73.733676,-43.11389],[-73.735312,-43.115269],[-73.73529,-43.11528],[-73.73507,-43.11611],[-73.73502,-43.11629],[-73.734945,-43.11636],[-73.73491,-43.11642],[-73.73483,-43.11647],[-73.73457,-43.1165],[-73.73452,-43.11647],[-73.73435,-43.11647],[-73.73422,-43.11646],[-73.73413,-43.11642],[-73.73403,-43.11641],[-73.73396,-43.1164],[-73.73384,-43.11639],[-73.73356,-43.11638],[-73.73327,-43.11639],[-73.73305,-43.11648],[-73.73283,-43.11656],[-73.7326,-43.11663],[-73.73238,-43.11665],[-73.73216,-43.11663],[-73.7312,-43.11655],[-73.73019,-43.11612],[-73.72985,-43.116],[-73.72956,-43.11602],[-73.72955,-43.11622],[-73.72979,-43.11649],[-73.7304,-43.11674],[-73.73086,-43.11693],[-73.73111,-43.11701],[-73.73128,-43.11709],[-73.73131,-43.11716],[-73.73132,-43.11727],[-73.73121,-43.11739],[-73.73111,-43.11745],[-73.73096,-43.11746],[-73.73077,-43.11746],[-73.73047,-43.11736],[-73.73026,-43.11723],[-73.72992,-43.11701],[-73.72983,-43.11698],[-73.72966,-43.11698],[-73.72955,-43.11701],[-73.72935,-43.11715],[-73.72916,-43.11725],[-73.72893,-43.11744],[-73.72871,-43.11758],[-73.72819,-43.11788],[-73.72794,-43.11791],[-73.72775,-43.11792],[-73.72757,-43.1179],[-73.72745,-43.11784],[-73.72735,-43.11777],[-73.72722,-43.11768],[-73.72715,-43.11757],[-73.72714,-43.11744],[-73.72723,-43.1172],[-73.72749,-43.11697],[-73.72778,-43.11672],[-73.72829,-43.11638],[-73.7287,-43.11585],[-73.7288,-43.11567],[-73.728755,-43.115565],[-73.72855,-43.11549],[-73.72828,-43.11551],[-73.72779,-43.11549],[-73.727623,-43.115485],[-73.727781,-43.115104],[-73.725887,-43.113507],[-73.72602,-43.11236],[-73.72615,-43.11167],[-73.72633,-43.11124],[-73.72655,-43.11075],[-73.72663,-43.11031],[-73.72708,-43.10925],[-73.72708,-43.10876],[-73.72682,-43.10837],[-73.72636,-43.10802],[-73.72597,-43.10762],[-73.72594,-43.10736],[-73.72601,-43.10717],[-73.726019,-43.107112],[-73.72604,-43.10697],[-73.72605,-43.10677],[-73.72619,-43.10604],[-73.72646,-43.10543],[-73.72676,-43.1047],[-73.72685,-43.10438],[-73.7268,-43.10408],[-73.72672,-43.10371],[-73.72668,-43.10304],[-73.72666,-43.10262],[-73.72658,-43.10221],[-73.72651,-43.10188],[-73.72637,-43.10161],[-73.72598,-43.10136],[-73.72562,-43.10117],[-73.72493,-43.10094],[-73.72423,-43.10073],[-73.72384,-43.10048],[-73.72328,-43.10024],[-73.72323,-43.100228],[-73.72364,-43.099247],[-73.729533,-43.098033],[-73.731108,-43.094265],[-73.73126,-43.09427],[-73.7316,-43.09414],[-73.73148,-43.0937],[-73.731344,-43.0937],[-73.731443,-43.093462],[-73.737335,-43.092247],[-73.741318,-43.095604],[-73.739408,-43.100175],[-73.733515,-43.10139],[-73.731604,-43.105961],[-73.735587,-43.109319]]]},"properties":{"comuna":"Quellón","mancha_id":"10208-88ce126c85fffff","clase":"Medio","nivel_medio":1.908,"nivel_medio_min":1.725,"nivel_medio_max":2.211,"pct_alto":21.5,"n_hexagonos":4,"area_ha":186.57}},{"type":"Feature","geometry":{"type":"Polygon","coordinates":[[[-73.725274,-43.146866],[-73.724276,-43.149251],[-73.727257,-43.151764],[-73.727,-43.15241],[-73.72662,-43.15297],[-73.72581,-43.15336],[-73.72425,-43.15356],[-73.72331,-43.15387],[-73.72286,-43.15387],[-73.72233,-43.15377],[-73.72185,-43.15361],[-73.72109,-43.1534],[-73.71966,-43.15329],[-73.71873,-43.15296],[-73.71784,-43.15263],[-73.717562,-43.152413],[-73.718378,-43.150463],[-73.717679,-43.149873],[-73.71782,-43.14925],[-73.71792,-43.14878],[-73.71823,-43.14852],[-73.71868,-43.1485],[-73.72055,-43.14849],[-73.72227,-43.14821],[-73.72375,-43.1476],[-73.725274,-43.146866]]]},"properties":{"comuna":"Quellón","mancha_id":"10208-88ce126c1bfffff","clase":"Medio","nivel_medio":1.592,"nivel_medio_min":1.518,"nivel_medio_max":1.836,"pct_alto":0.0,"n_hexagonos":2,"area_ha":37.78}},{"type":"Feature","geometry":{"type":"Polygon","coordinates":[[[-73.689426,-43.150785],[-73.686825,-43.14859],[-73.684299,-43.149108],[-73.68425,-43.14899],[-73.68408,-43.14889],[-73.68385,-43.14881],[-73.68359,-43.14855],[-73.68347,-43.14846],[-73.68344,-43.14828],[-73.68353,-43.14816],[-73.68383,-43.14784],[-73.68415,-43.14762],[-73.68431,-43.14735],[-73.68431,-43.14711],[-73.68427,-43.14685],[-73.68407,-43.14657],[-73.68387,-43.14609],[-73.68337,-43.14574],[-73.68255,-43.14525],[-73.68201,-43.14496],[-73.68139,-43.14472],[-73.68028,-43.14426],[-73.67939,-43.14381],[-73.67899,-43.14365],[-73.67885,-43.14356],[-73.67876,-43.14347],[-73.678276,-43.143276],[-73.678865,-43.14187],[-73.674886,-43.138511],[-73.668991,-43.139721],[-73.66887,-43.140011],[-73.66851,-43.13988],[-73.6674,-43.13959],[-73.66679,-43.13934],[-73.66564,-43.13901],[-73.66453,-43.13864],[-73.66194,-43.13811],[-73.66152,-43.13808],[-73.66061,-43.13802],[-73.65995,-43.13797],[-73.65954,-43.13802],[-73.658954,-43.137965],[-73.65912,-43.137571],[-73.655143,-43.134211],[-73.65706,-43.129642],[-73.653084,-43.126283],[-73.655001,-43.121715],[-73.651026,-43.118356],[-73.652942,-43.113787],[-73.648968,-43.110428],[-73.643078,-43.111638],[-73.639105,-43.108279],[-73.641022,-43.103711],[-73.646911,-43.102502],[-73.650884,-43.10586],[-73.656774,-43.104651],[-73.660749,-43.108009],[-73.666639,-43.106799],[-73.668554,-43.10223],[-73.674445,-43.101019],[-73.676359,-43.09645],[-73.682249,-43.095239],[-73.684163,-43.09067],[-73.680187,-43.087312],[-73.6821,-43.082743],[-73.678125,-43.079386],[-73.680039,-43.074817],[-73.676064,-43.07146],[-73.677978,-43.066892],[-73.683864,-43.065679],[-73.687839,-43.069036],[-73.685926,-43.073605],[-73.689902,-43.076962],[-73.687989,-43.081531],[-73.691965,-43.084888],[-73.697854,-43.083675],[-73.701832,-43.087032],[-73.707722,-43.085819],[-73.709633,-43.081249],[-73.705656,-43.077892],[-73.707567,-43.073322],[-73.70359,-43.069966],[-73.705501,-43.065396],[-73.711389,-43.064182],[-73.715366,-43.067538],[-73.713456,-43.072108],[-73.717434,-43.075465],[-73.723323,-43.07425],[-73.727303,-43.077606],[-73.725392,-43.082177],[-73.729373,-43.085534],[-73.727462,-43.090105],[-73.721571,-43.091319],[-73.717591,-43.087962],[-73.7117,-43.089176],[-73.709789,-43.093746],[-73.713768,-43.097104],[-73.711856,-43.101674],[-73.715837,-43.105032],[-73.713924,-43.109602],[-73.712638,-43.109867],[-73.71262,-43.10984],[-73.71252,-43.10963],[-73.71192,-43.10894],[-73.71165,-43.10883],[-73.71147,-43.10881],[-73.71133,-43.10881],[-73.71094,-43.10884],[-73.71074,-43.10892],[-73.71051,-43.10902],[-73.71034,-43.10917],[-73.71013,-43.10975],[-73.710401,-43.110328],[-73.708032,-43.110815],[-73.706119,-43.115386],[-73.708206,-43.117147],[-73.70822,-43.11725],[-73.70828,-43.11738],[-73.70849,-43.11743],[-73.708556,-43.117441],[-73.708929,-43.117756],[-73.70857,-43.11887],[-73.70833,-43.11998],[-73.70762,-43.1231],[-73.707648,-43.123425],[-73.70766,-43.12357],[-73.70778,-43.1239],[-73.70791,-43.12408],[-73.7081,-43.12427],[-73.7083,-43.12443],[-73.70847,-43.12459],[-73.70888,-43.12502],[-73.70905,-43.12525],[-73.70908,-43.12581],[-73.7092,-43.12618],[-73.70928,-43.12637],[-73.70937,-43.12656],[-73.70952,-43.12673],[-73.70971,-43.12693],[-73.70991,-43.12713],[-73.71011,-43.12735],[-73.71028,-43.12759],[-73.71041,-43.12778],[-73.71046,-43.12796],[-73.71054,-43.12815],[-73.71068,-43.12833],[-73.71083,-43.12855],[-73.71097,-43.12878],[-73.71113,-43.12897],[-73.711181,-43.129031],[-73.71128,-43.12915],[-73.7115,-43.12933],[-73.71168,-43.12953],[-73.71186,-43.1297],[-73.71207,-43.12989],[-73.71231,-43.13006],[-73.71254,-43.13023],[-73.71267,-43.13037],[-73.71281,-43.13057],[-73.71293,-43.13076],[-73.7132,-43.13105],[-73.71363,-43.1314],[-73.71403,-43.13185],[-73.71451,-43.13255],[-73.71489,-43.13325],[-73.71519,-43.13383],[-73.715389,-43.134366],[-73.71545,-43.13453],[-73.71544,-43.13543],[-73.71542,-43.13854],[-73.71524,-43.13985],[-73.7152,-43.14038],[-73.71504,-43.14062],[-73.71502,-43.14095],[-73.71503,-43.14128],[-73.715149,-43.141556],[-73.71528,-43.14186],[-73.7154,-43.14258],[-73.71543,-43.14313],[-73.71501,-43.14435],[-73.71495,-43.14532],[-73.7144,-43.14648],[-73.71403,-43.14697],[-73.713958,-43.147194],[-73.708497,-43.148316],[-73.707851,-43.149858],[-73.70689,-43.15031],[-73.70586,-43.15078],[-73.70478,-43.15109],[-73.70356,-43.15127],[-73.70261,-43.15148],[-73.70147,-43.15165],[-73.7004,-43.15172],[-73.69948,-43.15185],[-73.69897,-43.15193],[-73.69875,-43.15188],[-73.69858,-43.15177],[-73.69849,-43.15173],[-73.6984,-43.15169],[-73.69815,-43.1516],[-73.69787,-43.15151],[-73.697625,-43.151516],[-73.696703,-43.150739],[-73.693437,-43.151409],[-73.69293,-43.15126],[-73.69243,-43.15115],[-73.69134,-43.15101],[-73.689426,-43.150785]],[[-73.694484,-43.130309],[-73.690504,-43.12695],[-73.684611,-43.128161],[-73.682696,-43.132731],[-73.686675,-43.13609],[-73.69257,-43.134879],[-73.694484,-43.130309]]]},"properties":{"comuna":"Quellón","mancha_id":"10208-88ce126c03fffff","clase":"Medio","nivel_medio":1.896,"nivel_medio_min":1.5,"nivel_medio_max":2.494,"pct_alto":12.6,"n_hexagonos":51,"area_ha":3177.3}},{"type":"Feature","geometry":{"type":"Polygon","coordinates":[[[-73.57279,-43.20234],[-73.572636,-43.202276],[-73.572996,-43.201423],[-73.57316,-43.20147],[-73.57345,-43.20157],[-73.57373,-43.20164],[-73.57401,-43.20173],[-73.5743,-43.20179],[-73.57487,-43.20187],[-73.57572,-43.20188],[-73.57601,-43.20186],[-73.57658,-43.20179],[-73.57687,-43.20175],[-73.57731,-43.20167],[-73.57898,-43.20168],[-73.57985,-43.20152],[-73.580705,-43.201284],[-73.583012,-43.203238],[-73.582714,-43.203944],[-73.58241,-43.20398],[-73.5819,-43.20402],[-73.58165,-43.20402],[-73.58139,-43.20404],[-73.58025,-43.20402],[-73.57993,-43.20404],[-73.57968,-43.20404],[-73.57942,-43.20401],[-73.57911,-43.20399],[-73.57752,-43.20373],[-73.57721,-43.20367],[-73.57689,-43.20359],[-73.57658,-43.20348],[-73.57626,-43.2034],[-73.57595,-43.2033],[-73.57563,-43.20318],[-73.57531,-43.20311],[-73.575,-43.20302],[-73.57468,-43.20294],[-73.57437,-43.20282],[-73.57374,-43.20263],[-73.57342,-43.20252],[-73.57311,-43.20244],[-73.57279,-43.20234]]]},"properties":{"comuna":"Quellón","mancha_id":"10208-88ce126ab7fffff","clase":"Medio","nivel_medio":1.6,"nivel_medio_min":1.6,"nivel_medio_max":1.6,"pct_alto":0.0,"n_hexagonos":1,"area_ha":15.92}},{"type":"Feature","geometry":{"type":"Polygon","coordinates":[[[-73.59725,-43.22985],[-73.59721,-43.22994],[-73.59703,-43.23006],[-73.5969,-43.23008],[-73.59673,-43.23007],[-73.59667,-43.22999],[-73.59662,-43.2299],[-73.59663,-43.22981],[-73.59668,-43.22975],[-73.59695,-43.2297],[-73.5971,-43.2297],[-73.59721,-43.22977],[-73.59725,-43.22985]]]},"properties":{"comuna":"Quellón","mancha_id":"10208-88ce126a9dfffff","clase":"Medio","nivel_medio":2.397,"nivel_medio_min":2.397,"nivel_medio_max":2.397,"pct_alto":29.6,"n_hexagonos":1,"area_ha":0.17}},{"type":"Feature","geometry":{"type":"Polygon","coordinates":[[[-73.59107,-43.23428],[-73.59099,-43.23437],[-73.59086,-43.23438],[-73.59073,-43.23432],[-73.59068,-43.23422],[-73.59069,-43.23406],[-73.59093,-43.23402],[-73.59105,-43.23411],[-73.59107,-43.23428]]]},"properties":{"comuna":"Quellón","mancha_id":"10208-88ce126a9dfffff-2","clase":"Medio","nivel_medio":2.397,"nivel_medio_min":2.397,"nivel_medio_max":2.397,"pct_alto":29.6,"n_hexagonos":1,"area_ha":0.1}},{"type":"Feature","geometry":{"type":"Polygon","coordinates":[[[-73.58826,-43.23549],[-73.58826,-43.23559],[-73.58821,-43.23562],[-73.58813,-43.23563],[-73.58806,-43.23562],[-73.58798,-43.23558],[-73.58793,-43.2355],[-73.58791,-43.23541],[-73.58792,-43.23535],[-73.58796,-43.2353],[-73.58806,-43.23531],[-73.58814,-43.23535],[-73.58822,-43.23541],[-73.58826,-43.23549]]]},"properties":{"comuna":"Quellón","mancha_id":"10208-88ce126a8bfffff","clase":"Medio","nivel_medio":2.024,"nivel_medio_min":2.024,"nivel_medio_max":2.024,"pct_alto":4.0,"n_hexagonos":1,"area_ha":0.08}},{"type":"Feature","geometry":{"type":"Polygon","coordinates":[[[-73.58964,-43.23553],[-73.58958,-43.23565],[-73.58949,-43.23571],[-73.58937,-43.23574],[-73.58927,-43.23573],[-73.58921,-43.23565],[-73.58926,-43.2355],[-73.58957,-43.23546],[-73.58964,-43.23553]]]},"properties":{"comuna":"Quellón","mancha_id":"10208-88ce126a8bfffff-2","clase":"Medio","nivel_medio":2.024,"nivel_medio_min":2.024,"nivel_medio_max":2.024,"pct_alto":4.0,"n_hexagonos":1,"area_ha":0.08}},{"type":"Feature","geometry":{"type":"Polygon","coordinates":[[[-73.58421,-43.23664],[-73.5842,-43.23673],[-73.58414,-43.23679],[-73.58408,-43.2368],[-73.58399,-43.23679],[-73.58391,-43.23674],[-73.58391,-43.23666],[-73.58386,-43.23658],[-73.58396,-43.23656],[-73.58406,-43.23657],[-73.58417,-43.23659],[-73.58421,-43.23664]]]},"properties":{"comuna":"Quellón","mancha_id":"10208-88ce126a8bfffff-3","clase":"Medio","nivel_medio":2.024,"nivel_medio_min":2.024,"nivel_medio_max":2.024,"pct_alto":4.0,"n_hexagonos":1,"area_ha":0.06}},{"type":"Feature","geometry":{"type":"Polygon","coordinates":[[[-73.479909,-43.140824],[-73.480128,-43.14078],[-73.482056,-43.136218],[-73.478192,-43.132935],[-73.47813,-43.13279],[-73.478128,-43.132787],[-73.47801,-43.13259],[-73.47793,-43.13244],[-73.47783,-43.13227],[-73.47778,-43.13211],[-73.47772,-43.13195],[-73.4777,-43.13178],[-73.47768,-43.13162],[-73.47769,-43.13145],[-73.47772,-43.13129],[-73.47779,-43.13113],[-73.47784,-43.13097],[-73.4779,-43.1308],[-73.47792,-43.13064],[-73.47794,-43.13048],[-73.47796,-43.13031],[-73.47799,-43.13015],[-73.478,-43.12999],[-73.478,-43.12983],[-73.47802,-43.12966],[-73.47806,-43.1295],[-73.47806,-43.12934],[-73.47808,-43.12917],[-73.47808,-43.12901],[-73.4781,-43.12885],[-73.47812,-43.12868],[-73.47814,-43.12852],[-73.47818,-43.12836],[-73.47823,-43.12819],[-73.47824,-43.12803],[-73.47822,-43.12787],[-73.47823,-43.1277],[-73.47822,-43.12754],[-73.47822,-43.12738],[-73.47824,-43.12721],[-73.47829,-43.12705],[-73.47831,-43.12689],[-73.478316,-43.126841],[-73.47833,-43.12673],[-73.47834,-43.12656],[-73.47837,-43.1264],[-73.47839,-43.12624],[-73.47841,-43.12607],[-73.47842,-43.12591],[-73.47845,-43.12575],[-73.47844,-43.12558],[-73.47843,-43.12542],[-73.4784,-43.12526],[-73.47831,-43.12509],[-73.47825,-43.12493],[-73.47819,-43.12476],[-73.47815,-43.1246],[-73.47809,-43.12444],[-73.47801,-43.12427],[-73.47798,-43.12411],[-73.47794,-43.12394],[-73.47793,-43.12378],[-73.47793,-43.12362],[-73.47792,-43.12345],[-73.47792,-43.12329],[-73.47793,-43.12313],[-73.47795,-43.12296],[-73.47794,-43.1228],[-73.47795,-43.12264],[-73.47797,-43.12247],[-73.47798,-43.12231],[-73.47798,-43.12215],[-73.47799,-43.12198],[-73.47801,-43.12182],[-73.47804,-43.12166],[-73.47806,-43.12149],[-73.4781,-43.12133],[-73.47815,-43.12117],[-73.47817,-43.12101],[-73.47817,-43.12084],[-73.47818,-43.12068],[-73.47818,-43.12052],[-73.4782,-43.12035],[-73.478202,-43.12033],[-73.47822,-43.12019],[-73.47824,-43.12003],[-73.47826,-43.11986],[-73.47827,-43.1197],[-73.47829,-43.11954],[-73.47829,-43.11937],[-73.47833,-43.11921],[-73.4783,-43.11905],[-73.47829,-43.11888],[-73.47829,-43.11872],[-73.4783,-43.11856],[-73.4783,-43.11839],[-73.47829,-43.11823],[-73.47824,-43.11807],[-73.47825,-43.1179],[-73.47825,-43.11774],[-73.47827,-43.11758],[-73.47829,-43.11741],[-73.47836,-43.11725],[-73.47838,-43.11709],[-73.4784,-43.11692],[-73.47842,-43.11676],[-73.47846,-43.1166],[-73.47846,-43.11644],[-73.47848,-43.11627],[-73.47852,-43.11611],[-73.47853,-43.11595],[-73.47855,-43.11578],[-73.47859,-43.11562],[-73.47861,-43.11546],[-73.47863,-43.11529],[-73.47863,-43.11513],[-73.47864,-43.11497],[-73.47867,-43.1148],[-73.47868,-43.11464],[-73.47868,-43.11448],[-73.47869,-43.11431],[-73.47868,-43.11415],[-73.47868,-43.11399],[-73.47867,-43.11382],[-73.47867,-43.11366],[-73.47869,-43.1135],[-73.47868,-43.11333],[-73.47868,-43.11317],[-73.47867,-43.11301],[-73.47869,-43.11284],[-73.4787,-43.11268],[-73.47872,-43.11252],[-73.47877,-43.11236],[-73.47877,-43.11219],[-73.47876,-43.11203],[-73.478751,-43.111882],[-73.47875,-43.11187],[-73.47874,-43.1117],[-73.47874,-43.11154],[-73.47873,-43.11137],[-73.47873,-43.11121],[-73.47875,-43.11105],[-73.47877,-43.11089],[-73.47878,-43.11072],[-73.47878,-43.11056],[-73.47877,-43.1104],[-73.47877,-43.11023],[-73.47879,-43.11007],[-73.47881,-43.10991],[-73.47883,-43.10974],[-73.47884,-43.10958],[-73.47886,-43.10942],[-73.47889,-43.10925],[-73.47891,-43.10909],[-73.47893,-43.10893],[-73.47895,-43.10876],[-73.47899,-43.1086],[-73.47906,-43.10844],[-73.47908,-43.10828],[-73.47913,-43.10811],[-73.47916,-43.10795],[-73.47918,-43.10779],[-73.47923,-43.10762],[-73.47924,-43.10746],[-73.47926,-43.1073],[-73.47929,-43.10713],[-73.4793,-43.10697],[-73.47932,-43.10681],[-73.47934,-43.10665],[-73.47936,-43.10648],[-73.47938,-43.10632],[-73.47938,-43.10616],[-73.4794,-43.10599],[-73.47944,-43.10583],[-73.47946,-43.10567],[-73.47949,-43.1055],[-73.47953,-43.10534],[-73.47958,-43.10518],[-73.47963,-43.10502],[-73.4797,-43.10485],[-73.47977,-43.10469],[-73.47982,-43.10453],[-73.47987,-43.10437],[-73.47994,-43.1042],[-73.47999,-43.10404],[-73.48004,-43.10388],[-73.48006,-43.10371],[-73.48008,-43.10355],[-73.480082,-43.103545],[-73.48014,-43.10339],[-73.48019,-43.10323],[-73.48024,-43.10306],[-73.48031,-43.1029],[-73.48034,-43.10274],[-73.48038,-43.10257],[-73.4804,-43.10241],[-73.4804,-43.10225],[-73.48041,-43.10209],[-73.480403,-43.101963],[-73.481753,-43.098767],[-73.481463,-43.09852],[-73.48147,-43.09851],[-73.48163,-43.09834],[-73.48178,-43.09818],[-73.48189,-43.09802],[-73.48201,-43.09786],[-73.48212,-43.0977],[-73.48226,-43.09754],[-73.48234,-43.09737],[-73.48244,-43.09721],[-73.48252,-43.09705],[-73.48262,-43.09689],[-73.48271,-43.09672],[-73.48277,-43.09656],[-73.48284,-43.0964],[-73.48294,-43.09624],[-73.48304,-43.09608],[-73.48312,-43.09591],[-73.48318,-43.09575],[-73.48323,-43.09559],[-73.48326,-43.09542],[-73.48331,-43.09526],[-73.48338,-43.0951],[-73.48348,-43.09494],[-73.48358,-43.09478],[-73.48371,-43.09461],[-73.48383,-43.09445],[-73.48399,-43.09429],[-73.48411,-43.09413],[-73.48424,-43.09397],[-73.48437,-43.09381],[-73.48452,-43.09364],[-73.48473,-43.09344],[-73.48488,-43.0933],[-73.48507,-43.09312],[-73.48525,-43.093],[-73.48549,-43.09279],[-73.48566,-43.09266],[-73.48588,-43.09247],[-73.48603,-43.09236],[-73.48627,-43.09216],[-73.48644,-43.09204],[-73.48666,-43.09188],[-73.48692,-43.09174],[-73.48716,-43.09159],[-73.48739,-43.09143],[-73.487573,-43.091316],[-73.48763,-43.09128],[-73.48787,-43.09113],[-73.48812,-43.09098],[-73.4883,-43.09087],[-73.48852,-43.09072],[-73.4888,-43.09054],[-73.48896,-43.09041],[-73.48923,-43.09022],[-73.48941,-43.09009],[-73.4897,-43.08989],[-73.4899,-43.0897],[-73.49018,-43.08951],[-73.49037,-43.08936],[-73.49058,-43.08921],[-73.49081,-43.08907],[-73.49098,-43.08897],[-73.49126,-43.08883],[-73.4915,-43.08868],[-73.49178,-43.08855],[-73.49207,-43.08841],[-73.49237,-43.08829],[-73.49263,-43.08815],[-73.49295,-43.08798],[-73.493105,-43.087855],[-73.49318,-43.08767],[-73.49322,-43.0875],[-73.49324,-43.08734],[-73.49324,-43.08718],[-73.4932,-43.08701],[-73.49319,-43.08685],[-73.49317,-43.08669],[-73.49316,-43.08652],[-73.49313,-43.08636],[-73.49312,-43.0862],[-73.49313,-43.08603],[-73.49318,-43.08592],[-73.493255,-43.0859],[-73.49345,-43.08578],[-73.493555,-43.08573],[-73.49364,-43.08569],[-73.49384,-43.08565],[-73.49403,-43.08563],[-73.49422,-43.0856],[-73.49441,-43.08558],[-73.4946,-43.08554],[-73.4948,-43.08548],[-73.49499,-43.08544],[-73.495161,-43.085368],[-73.497368,-43.087243],[-73.50325,-43.086042],[-73.507206,-43.089402],[-73.513088,-43.0882],[-73.517046,-43.091561],[-73.522929,-43.090358],[-73.526888,-43.093718],[-73.532771,-43.092515],[-73.534694,-43.087952],[-73.530735,-43.084593],[-73.532658,-43.08003],[-73.528699,-43.076671],[-73.522818,-43.077874],[-73.51886,-43.074514],[-73.515697,-43.075161],[-73.51593,-43.075],[-73.51608,-43.07482],[-73.51613,-43.07463],[-73.51633,-43.07426],[-73.51649,-43.07408],[-73.51659,-43.07389],[-73.5167,-43.07371],[-73.51685,-43.07353],[-73.51697,-43.07334],[-73.51713,-43.07316],[-73.51728,-43.07297],[-73.51752,-43.0728],[-73.51761,-43.072765],[-73.51787,-43.07268],[-73.518085,-43.072595],[-73.51838,-43.07259],[-73.51904,-43.07264],[-73.51927,-43.07264],[-73.51949,-43.07263],[-73.519661,-43.072614],[-73.51971,-43.07261],[-73.51993,-43.07258],[-73.52015,-43.07256],[-73.52038,-43.07253],[-73.52149,-43.07242],[-73.52171,-43.07242],[-73.52193,-43.07242],[-73.52215,-43.07243],[-73.52238,-43.07246],[-73.52282,-43.07249],[-73.52304,-43.07251],[-73.52326,-43.07253],[-73.52348,-43.07255],[-73.5237,-43.07257],[-73.52393,-43.07257],[-73.52415,-43.07259],[-73.52503,-43.07269],[-73.52525,-43.07274],[-73.52547,-43.07281],[-73.52569,-43.0729],[-73.52613,-43.07309],[-73.52635,-43.07317],[-73.52701,-43.07335],[-73.52746,-43.07343],[-73.52768,-43.07344],[-73.52812,-43.07345],[-73.52857,-43.07339],[-73.52901,-43.07328],[-73.52924,-43.07319],[-73.52946,-43.07311],[-73.52967,-43.07302],[-73.52991,-43.07287],[-73.53012,-43.07271],[-73.53039,-43.07249],[-73.5305,-43.072399],[-73.53069,-43.07224],[-73.530793,-43.072073],[-73.536503,-43.070904],[-73.538243,-43.066775],[-73.53826,-43.06678],[-73.53845,-43.06684],[-73.53883,-43.06694],[-73.53902,-43.067],[-73.53921,-43.06705],[-73.5394,-43.06709],[-73.53958,-43.06714],[-73.53977,-43.0672],[-73.53996,-43.06724],[-73.54072,-43.06743],[-73.54091,-43.06747],[-73.5411,-43.06747],[-73.54148,-43.0675],[-73.54186,-43.0675],[-73.54205,-43.06748],[-73.54224,-43.06749],[-73.54243,-43.0675],[-73.54281,-43.06755],[-73.543,-43.06755],[-73.54338,-43.06753],[-73.54357,-43.06756],[-73.54395,-43.06754],[-73.54433,-43.0675],[-73.5449,-43.06737],[-73.54509,-43.06731],[-73.54529,-43.06725],[-73.54548,-43.06719],[-73.54567,-43.06715],[-73.54586,-43.06708],[-73.54605,-43.06706],[-73.54624,-43.06707],[-73.54643,-43.06707],[-73.54662,-43.06711],[-73.546634,-43.067112],[-73.548265,-43.068496],[-73.554147,-43.067291],[-73.558107,-43.07065],[-73.56399,-43.069445],[-73.56591,-43.064881],[-73.571792,-43.063675],[-73.573711,-43.059111],[-73.569954,-43.055926],[-73.57024,-43.05557],[-73.57062,-43.05486],[-73.57111,-43.05425],[-73.57177,-43.05381],[-73.57245,-43.05336],[-73.57353,-43.05293],[-73.57422,-43.05265],[-73.57518,-43.05231],[-73.5762,-43.05191],[-73.57714,-43.05175],[-73.57782,-43.05152],[-73.57886,-43.05136],[-73.579202,-43.051382],[-73.581512,-43.05334],[-73.587393,-43.052133],[-73.591356,-43.05549],[-73.597238,-43.054283],[-73.601202,-43.05764],[-73.599284,-43.062205],[-73.603249,-43.065563],[-73.609133,-43.064355],[-73.61105,-43.059789],[-73.616933,-43.05858],[-73.618005,-43.056027],[-73.61821,-43.05593],[-73.61935,-43.05577],[-73.61985,-43.0556],[-73.62013,-43.05546],[-73.62039,-43.05535],[-73.6207,-43.05525],[-73.62106,-43.05513],[-73.62141,-43.0549],[-73.62156,-43.05474],[-73.6218,-43.05457],[-73.6222,-43.0544],[-73.62237,-43.05425],[-73.62231,-43.05413],[-73.6223,-43.05404],[-73.62242,-43.05395],[-73.62253,-43.05384],[-73.62279,-43.05382],[-73.62296,-43.05379],[-73.62289,-43.05353],[-73.622682,-43.053227],[-73.624732,-43.052805],[-73.628699,-43.056162],[-73.634583,-43.054952],[-73.636498,-43.050386],[-73.642381,-43.049175],[-73.644296,-43.044608],[-73.640328,-43.041252],[-73.634446,-43.042463],[-73.630479,-43.039106],[-73.624597,-43.040316],[-73.623267,-43.043486],[-73.62313,-43.04354],[-73.62313,-43.04365],[-73.62299,-43.04376],[-73.62276,-43.04382],[-73.62234,-43.04385],[-73.62186,-43.04401],[-73.6214,-43.04407],[-73.62115,-43.04406],[-73.6207,-43.04402],[-73.62011,-43.04394],[-73.61963,-43.04393],[-73.61924,-43.04387],[-73.61925,-43.0437],[-73.61936,-43.04361],[-73.61956,-43.04354],[-73.61967,-43.04352],[-73.619645,-43.04343],[-73.61951,-43.04325],[-73.61957,-43.04307],[-73.61963,-43.04303],[-73.61982,-43.04301],[-73.62008,-43.04305],[-73.62019,-43.04306],[-73.62039,-43.043],[-73.62045,-43.04287],[-73.62056,-43.0428],[-73.62084,-43.04284],[-73.62104,-43.04278],[-73.62107,-43.04271],[-73.62093,-43.04244],[-73.62088,-43.04226],[-73.62088,-43.04216],[-73.62038,-43.04199],[-73.62007,-43.0421],[-73.61958,-43.04248],[-73.61907,-43.04269],[-73.61848,-43.04266],[-73.61826,-43.04266],[-73.61792,-43.04263],[-73.61767,-43.04259],[-73.61728,-43.04246],[-73.61705,-43.04227],[-73.61695,-43.04212],[-73.61684,-43.04198],[-73.61664,-43.04185],[-73.61645,-43.04177],[-73.61625,-43.04177],[-73.61585,-43.04182],[-73.61554,-43.04185],[-73.61509,-43.04185],[-73.6149,-43.0419],[-73.61481,-43.04205],[-73.61464,-43.04216],[-73.61422,-43.04212],[-73.61407,-43.04204],[-73.61393,-43.04197],[-73.61376,-43.04196],[-73.61355,-43.04195],[-73.61338,-43.04185],[-73.61334,-43.04172],[-73.613289,-43.041652],[-73.61325,-43.0416],[-73.61314,-43.04154],[-73.61298,-43.0416],[-73.61291,-43.04175],[-73.61258,-43.04197],[-73.61211,-43.04201],[-73.61178,-43.04194],[-73.61171,-43.04178],[-73.6118,-43.0416],[-73.61203,-43.04145],[-73.61221,-43.04134],[-73.61217,-43.04125],[-73.61206,-43.04122],[-73.61178,-43.04125],[-73.61154,-43.0413],[-73.61086,-43.04151],[-73.6103,-43.04129],[-73.61007,-43.04095],[-73.61003,-43.0408],[-73.60989,-43.04066],[-73.60978,-43.04064],[-73.60956,-43.04062],[-73.60953,-43.04053],[-73.60955,-43.04044],[-73.60963,-43.04039],[-73.60977,-43.0403],[-73.60979,-43.04024],[-73.60995,-43.04013],[-73.61037,-43.04014],[-73.61052,-43.0401],[-73.61068,-43.04002],[-73.61113,-43.03995],[-73.6114,-43.03995],[-73.61158,-43.03995],[-73.61175,-43.03992],[-73.61185,-43.03988],[-73.611835,-43.03981],[-73.61171,-43.03977],[-73.61125,-43.03975],[-73.61047,-43.03961],[-73.6096,-43.0395],[-73.60931,-43.03939],[-73.6092,-43.03938],[-73.60904,-43.03943],[-73.60884,-43.03954],[-73.60853,-43.03962],[-73.60804,-43.0396],[-73.60766,-43.03954],[-73.60746,-43.03946],[-73.60728,-43.03934],[-73.60717,-43.03933],[-73.607,-43.03934],[-73.60687,-43.03939],[-73.60679,-43.03945],[-73.60666,-43.03952],[-73.60651,-43.03955],[-73.60637,-43.03952],[-73.60628,-43.03945],[-73.60621,-43.03942],[-73.60614,-43.03942],[-73.606,-43.03957],[-73.60599,-43.03975],[-73.60598,-43.03993],[-73.60597,-43.04008],[-73.60579,-43.04023],[-73.60515,-43.0404],[-73.60455,-43.0406],[-73.60408,-43.04083],[-73.60343,-43.04094],[-73.603409,-43.040942],[-73.60299,-43.040587],[-73.602478,-43.040692],[-73.60246,-43.04068],[-73.60232,-43.04055],[-73.60217,-43.04044],[-73.60198,-43.04041],[-73.60159,-43.04046],[-73.6013,-43.04054],[-73.60093,-43.04078],[-73.60073,-43.04094],[-73.600652,-43.041067],[-73.597109,-43.041795],[-73.596914,-43.04226],[-73.59685,-43.04226],[-73.59668,-43.04229],[-73.59655,-43.04233],[-73.59644,-43.04239],[-73.59628,-43.04244],[-73.59617,-43.04243],[-73.59601,-43.04241],[-73.59575,-43.04228],[-73.59548,-43.04216],[-73.59525,-43.04205],[-73.595127,-43.041832],[-73.594834,-43.041657],[-73.59449,-43.04158],[-73.59408,-43.04134],[-73.59389,-43.04118],[-73.59374,-43.04099],[-73.59375,-43.04076],[-73.59379,-43.04066],[-73.59397,-43.04052],[-73.59402,-43.04046],[-73.59398,-43.04039],[-73.59384,-43.04033],[-73.59379,-43.04027],[-73.59362,-43.04018],[-73.59358,-43.0401],[-73.59359,-43.04],[-73.59373,-43.03981],[-73.59384,-43.03976],[-73.59395,-43.03972],[-73.59414,-43.03961],[-73.59421,-43.03951],[-73.59414,-43.0394],[-73.59407,-43.03937],[-73.59386,-43.0393],[-73.59368,-43.03921],[-73.59349,-43.03909],[-73.59324,-43.03893],[-73.59303,-43.03886],[-73.59278,-43.03881],[-73.59264,-43.03879],[-73.59257,-43.03873],[-73.5926,-43.03866],[-73.5927,-43.03858],[-73.5928,-43.03852],[-73.592811,-43.038507],[-73.59296,-43.03834],[-73.59295,-43.03817],[-73.59291,-43.03804],[-73.59273,-43.03791],[-73.59257,-43.03782],[-73.59181,-43.03786],[-73.59091,-43.03757],[-73.58996,-43.03719],[-73.58913,-43.03685],[-73.58863,-43.0366],[-73.58819,-43.03644],[-73.58658,-43.03585],[-73.58596,-43.03548],[-73.58595,-43.03535],[-73.58616,-43.03528],[-73.58633,-43.03518],[-73.58628,-43.03509],[-73.58586,-43.03503],[-73.58548,-43.03501],[-73.58514,-43.03499],[-73.58465,-43.03482],[-73.58408,-43.03455],[-73.584038,-43.034545],[-73.58345,-43.03447],[-73.58273,-43.03438],[-73.58241,-43.03439],[-73.5823,-43.03446],[-73.58223,-43.03467],[-73.58206,-43.03476],[-73.58077,-43.03467],[-73.57995,-43.03471],[-73.57978,-43.03484],[-73.57965,-43.03497],[-73.57933,-43.03509],[-73.57897,-43.03504],[-73.57851,-43.03493],[-73.57809,-43.0346],[-73.57782,-43.0344],[-73.57755,-43.03434],[-73.57714,-43.0344],[-73.5763,-43.03451],[-73.57553,-43.0344],[-73.5751,-43.03355],[-73.57489,-43.03345],[-73.57476,-43.0336],[-73.57468,-43.03373],[-73.5745,-43.03425],[-73.57363,-43.03417],[-73.573485,-43.034093],[-73.575384,-43.029576],[-73.571425,-43.026219],[-73.573343,-43.021656],[-73.569384,-43.018299],[-73.563508,-43.019506],[-73.561589,-43.024069],[-73.555712,-43.025276],[-73.551755,-43.021919],[-73.545879,-43.023125],[-73.541923,-43.019768],[-73.538942,-43.020379],[-73.53895,-43.01996],[-73.53891,-43.01961],[-73.53891,-43.01917],[-73.53907,-43.01692],[-73.53906,-43.01658],[-73.5389,-43.01568],[-73.53885,-43.01492],[-73.53884,-43.01462],[-73.53882,-43.01423],[-73.53875,-43.01392],[-73.53865,-43.01344],[-73.53858,-43.01273],[-73.538494,-43.012135],[-73.53844,-43.01176],[-73.53839,-43.01084],[-73.53837,-43.01003],[-73.53828,-43.00945],[-73.53815,-43.00896],[-73.53812,-43.00859],[-73.53804,-43.00836],[-73.53803,-43.00811],[-73.53767,-43.00752],[-73.5375,-43.00692],[-73.53724,-43.00663],[-73.53734,-43.00653],[-73.53749,-43.00647],[-73.53769,-43.00649],[-73.53804,-43.00652],[-73.53864,-43.00635],[-73.53884,-43.00622],[-73.53962,-43.00594],[-73.540024,-43.005773],[-73.54003,-43.00577],[-73.54053,-43.00552],[-73.54111,-43.00533],[-73.54141,-43.00512],[-73.54171,-43.00492],[-73.54198,-43.00482],[-73.54227,-43.00451],[-73.54241,-43.00435],[-73.54286,-43.00405],[-73.543113,-43.003786],[-73.54332,-43.00357],[-73.543561,-43.003218],[-73.543703,-43.00301],[-73.54397,-43.00262],[-73.54402,-43.0024],[-73.54404,-43.00204],[-73.544072,-43.001087],[-73.5441,-43.00035],[-73.54404,-43.0],[-73.544,-42.99977],[-73.54398,-42.999],[-73.544081,-42.998484],[-73.54415,-42.99813],[-73.54411,-42.99773],[-73.54384,-42.99741],[-73.54368,-42.99713],[-73.54367,-42.9966],[-73.54387,-42.99625],[-73.54406,-42.99604],[-73.54462,-42.9956],[-73.54608,-42.99482],[-73.54717,-42.99405],[-73.547546,-42.993647],[-73.547595,-42.993594],[-73.54827,-42.99287],[-73.54899,-42.99175],[-73.54917,-42.99147],[-73.54954,-42.99079],[-73.54986,-42.99005],[-73.55008,-42.98899],[-73.55009,-42.9877],[-73.54995,-42.98673],[-73.54972,-42.98591],[-73.54945,-42.985365],[-73.54919,-42.98498],[-73.549159,-42.984937],[-73.5489,-42.98457],[-73.54575,-42.9803],[-73.54537,-42.97983],[-73.54519,-42.97956],[-73.54506,-42.97924],[-73.54503,-42.97896],[-73.54506,-42.97745],[-73.545058,-42.977444],[-73.54495,-42.97706],[-73.54474,-42.97679],[-73.54463,-42.97603],[-73.54472,-42.97553],[-73.54504,-42.97463],[-73.54588,-42.97392],[-73.5463,-42.97335],[-73.54675,-42.97288],[-73.54722,-42.97257],[-73.5477,-42.97241],[-73.54803,-42.97235],[-73.55003,-42.97245],[-73.55098,-42.97239],[-73.55112,-42.97239],[-73.55204,-42.97239],[-73.55331,-42.97227],[-73.55384,-42.97226],[-73.55496,-42.97217],[-73.5557,-42.97217],[-73.55681,-42.97207],[-73.55852,-42.97206],[-73.558646,-42.972053],[-73.56047,-42.97195],[-73.56274,-42.97195],[-73.56533,-42.97198],[-73.567269,-42.972249],[-73.57044,-42.97269],[-73.57128,-42.97283],[-73.57214,-42.97276],[-73.57318,-42.97209],[-73.57339,-42.97206],[-73.57376,-42.9721],[-73.573975,-42.97228],[-73.57406,-42.97243],[-73.57413,-42.97257],[-73.57426,-42.97294],[-73.57437,-42.97304],[-73.5745,-42.97308],[-73.57505,-42.97303],[-73.5753,-42.97294],[-73.57596,-42.97282],[-73.57646,-42.97278],[-73.57673,-42.97271],[-73.5776,-42.97268],[-73.577828,-42.972654],[-73.576808,-42.975082],[-73.580764,-42.978436],[-73.586637,-42.977227],[-73.588553,-42.972663],[-73.594425,-42.971454],[-73.59522,-42.96956],[-73.59532,-42.96952],[-73.59572,-42.96926],[-73.59674,-42.96878],[-73.59711,-42.96873],[-73.59843,-42.96872],[-73.59923,-42.96888],[-73.60038,-42.96927],[-73.60091,-42.96929],[-73.6017,-42.96942],[-73.60255,-42.9694],[-73.60301,-42.96944],[-73.60345,-42.96961],[-73.60441,-42.97057],[-73.60479,-42.97065],[-73.60538,-42.97051],[-73.605558,-42.970493],[-73.60601,-42.97045],[-73.60643,-42.97059],[-73.6065,-42.9703],[-73.60621,-42.96986],[-73.605917,-42.969637],[-73.60554,-42.96935],[-73.60509,-42.96892],[-73.60483,-42.96846],[-73.60463,-42.9681],[-73.604387,-42.967523],[-73.60426,-42.96722],[-73.6038,-42.96687],[-73.603519,-42.966787],[-73.60346,-42.96677],[-73.60305,-42.96672],[-73.60198,-42.96672],[-73.60138,-42.96667],[-73.60018,-42.96621],[-73.600156,-42.966103],[-73.601951,-42.965734],[-73.60227,-42.96585],[-73.602441,-42.965874],[-73.60284,-42.96593],[-73.60334,-42.96584],[-73.6038,-42.96549],[-73.60418,-42.96534],[-73.60474,-42.9653],[-73.60523,-42.9654],[-73.60548,-42.96538],[-73.605565,-42.965295],[-73.60541,-42.9652],[-73.60465,-42.96504],[-73.60381,-42.96505],[-73.6034,-42.965],[-73.60313,-42.96496],[-73.60292,-42.96489],[-73.6027,-42.96472],[-73.60265,-42.964634],[-73.604126,-42.961116],[-73.609998,-42.959905],[-73.613957,-42.963258],[-73.612043,-42.967823],[-73.616002,-42.971176],[-73.614089,-42.975741],[-73.618049,-42.979095],[-73.623923,-42.977884],[-73.625837,-42.973319],[-73.631711,-42.972107],[-73.635673,-42.975461],[-73.641547,-42.974248],[-73.643459,-42.969682],[-73.649334,-42.96847],[-73.653297,-42.971823],[-73.659172,-42.970609],[-73.661083,-42.966043],[-73.657119,-42.96269],[-73.659029,-42.958123],[-73.655066,-42.954771],[-73.649193,-42.955985],[-73.645231,-42.952632],[-73.639359,-42.953845],[-73.637447,-42.958411],[-73.631574,-42.959623],[-73.627614,-42.95627],[-73.621742,-42.957482],[-73.617783,-42.954129],[-73.611911,-42.95534],[-73.607953,-42.951987],[-73.602083,-42.953198],[-73.600169,-42.957762],[-73.594298,-42.958972],[-73.591884,-42.956927],[-73.59187,-42.95691],[-73.591826,-42.956877],[-73.591174,-42.956325],[-73.59106,-42.95602],[-73.59106,-42.95569],[-73.59168,-42.95477],[-73.59198,-42.95413],[-73.59235,-42.95363],[-73.59273,-42.95295],[-73.59292,-42.9527],[-73.5931,-42.95257],[-73.59385,-42.95233],[-73.59391,-42.95231],[-73.59437,-42.95206],[-73.59664,-42.95126],[-73.59715,-42.9512],[-73.59786,-42.95128],[-73.59833,-42.95124],[-73.59893,-42.95104],[-73.59913,-42.95101],[-73.59927,-42.951],[-73.599511,-42.951019],[-73.59953,-42.95102],[-73.60007,-42.95119],[-73.60037,-42.95123],[-73.60105,-42.95116],[-73.60216,-42.95097],[-73.60329,-42.95113],[-73.60356,-42.95113],[-73.60397,-42.95112],[-73.6049,-42.95101],[-73.60607,-42.95051],[-73.60627,-42.95035],[-73.60628,-42.95002],[-73.60619,-42.94983],[-73.60603,-42.94919],[-73.60606,-42.94872],[-73.60612,-42.94853],[-73.60644,-42.94807],[-73.60713,-42.94757],[-73.60735,-42.94731],[-73.60731,-42.94717],[-73.60715,-42.94695],[-73.6065,-42.94644],[-73.6065,-42.94628],[-73.60664,-42.94616],[-73.60687,-42.94604],[-73.60716,-42.94601],[-73.60767,-42.94604],[-73.60791,-42.94599],[-73.608052,-42.945885],[-73.609867,-42.947423],[-73.615737,-42.946212],[-73.61686,-42.943531],[-73.61694,-42.94354],[-73.6177,-42.94345],[-73.61802,-42.9435],[-73.61873,-42.944],[-73.61932,-42.94429],[-73.62045,-42.94471],[-73.62133,-42.94491],[-73.62179,-42.94507],[-73.62215,-42.94538],[-73.62244,-42.94616],[-73.62263,-42.94631],[-73.62291,-42.94638],[-73.62311,-42.94641],[-73.62322,-42.94637],[-73.62331,-42.94584],[-73.62339,-42.94573],[-73.62353,-42.94564],[-73.62375,-42.9456],[-73.62411,-42.94566],[-73.62455,-42.94584],[-73.62493,-42.94594],[-73.6254,-42.94588],[-73.62586,-42.94569],[-73.62697,-42.94477],[-73.627085,-42.944726],[-73.62807,-42.94435],[-73.62863,-42.94398],[-73.62901,-42.94379],[-73.63038,-42.94352],[-73.63195,-42.94335],[-73.63242,-42.94319],[-73.63332,-42.94274],[-73.633501,-42.942703],[-73.63391,-42.94262],[-73.63459,-42.9426],[-73.63543,-42.94287],[-73.63568,-42.94289],[-73.63615,-42.94287],[-73.63653,-42.94293],[-73.63731,-42.94321],[-73.63833,-42.94367],[-73.63908,-42.94386],[-73.63932,-42.94374],[-73.63952,-42.94339],[-73.63969,-42.94329],[-73.64007,-42.94336],[-73.64056,-42.9436],[-73.64105,-42.94364],[-73.64127,-42.94362],[-73.64176,-42.94339],[-73.64206,-42.94311],[-73.64231,-42.94295],[-73.64284,-42.9426],[-73.64312,-42.94248],[-73.64394,-42.94236],[-73.644163,-42.942367],[-73.64495,-42.94239],[-73.64592,-42.94264],[-73.64647,-42.94306],[-73.64681,-42.9432],[-73.64688,-42.94305],[-73.64655,-42.94251],[-73.64616,-42.94205],[-73.64572,-42.94178],[-73.64511,-42.94175],[-73.644438,-42.941709],[-73.64429,-42.9417],[-73.64332,-42.94155],[-73.64294,-42.94155],[-73.64219,-42.94165],[-73.64199,-42.94164],[-73.64153,-42.94137],[-73.64128,-42.94113],[-73.64098,-42.94049],[-73.64065,-42.94028],[-73.64048,-42.94024],[-73.6398,-42.94057],[-73.63954,-42.94063],[-73.6389,-42.94062],[-73.63778,-42.94031],[-73.63735,-42.94026],[-73.63702,-42.94026],[-73.63598,-42.94046],[-73.63528,-42.94055],[-73.63441,-42.94088],[-73.634014,-42.940988],[-73.63371,-42.94107],[-73.63339,-42.9412],[-73.63287,-42.94137],[-73.6325,-42.94137],[-73.63198,-42.94118],[-73.63061,-42.94055],[-73.63006,-42.94043],[-73.62888,-42.94031],[-73.6274,-42.9403],[-73.6263,-42.94042],[-73.62468,-42.9408],[-73.624166,-42.940982],[-73.62392,-42.94107],[-73.62306,-42.94129],[-73.62118,-42.94206],[-73.62063,-42.94221],[-73.6194,-42.94237],[-73.61815,-42.94223],[-73.61782,-42.94213],[-73.617524,-42.941948],[-73.61765,-42.941647],[-73.616353,-42.940548],[-73.61635,-42.94054],[-73.61637,-42.93998],[-73.61659,-42.93905],[-73.61637,-42.93809],[-73.61636,-42.93722],[-73.61627,-42.93683],[-73.6161,-42.93655],[-73.61579,-42.93626],[-73.61562,-42.93605],[-73.61545,-42.9355],[-73.61534,-42.9354],[-73.615085,-42.934972],[-73.615605,-42.93373],[-73.615004,-42.933221],[-73.61509,-42.93313],[-73.61542,-42.93261],[-73.61616,-42.9319],[-73.61653,-42.9312],[-73.61668,-42.9305],[-73.61668,-42.92913],[-73.6169,-42.92773],[-73.61686,-42.92698],[-73.6169,-42.92638],[-73.61723,-42.9257],[-73.61751,-42.92541],[-73.61759,-42.92536],[-73.618595,-42.924774],[-73.61867,-42.92473],[-73.619675,-42.924014],[-73.62041,-42.92349],[-73.62198,-42.92271],[-73.62199,-42.92247],[-73.62099,-42.9226],[-73.62083,-42.92268],[-73.620182,-42.922804],[-73.61936,-42.92296],[-73.61766,-42.92338],[-73.61686,-42.92337],[-73.61622,-42.92332],[-73.61582,-42.92322],[-73.61561,-42.9231],[-73.61553,-42.92285],[-73.61533,-42.92227],[-73.61517,-42.92161],[-73.61524,-42.92072],[-73.61566,-42.92],[-73.61611,-42.91948],[-73.616655,-42.91908],[-73.6169,-42.91856],[-73.61694,-42.91817],[-73.61691,-42.91751],[-73.6169,-42.91739],[-73.61708,-42.91684],[-73.617217,-42.91672],[-73.617384,-42.916686],[-73.61742,-42.9166],[-73.61785,-42.91636],[-73.61952,-42.91565],[-73.62046,-42.91519],[-73.62255,-42.91402],[-73.62315,-42.91372],[-73.62473,-42.91304],[-73.62558,-42.91271],[-73.626627,-42.912149],[-73.629119,-42.91426],[-73.634986,-42.913046],[-73.63575,-42.911221],[-73.63587,-42.91129],[-73.63637,-42.9117],[-73.63656,-42.9118],[-73.63671,-42.91183],[-73.63795,-42.91169],[-73.63828,-42.9116],[-73.63825,-42.91152],[-73.63822,-42.91145],[-73.63784,-42.91126],[-73.63766,-42.91109],[-73.63758,-42.91091],[-73.63759,-42.91071],[-73.63808,-42.90987],[-73.63861,-42.90939],[-73.63905,-42.90891],[-73.63915,-42.90872],[-73.63915,-42.90834],[-73.639109,-42.908024],[-73.63909,-42.90788],[-73.63898,-42.90766],[-73.63895,-42.90759],[-73.6377,-42.906145],[-73.63759,-42.90602],[-73.63739,-42.90559],[-73.63742,-42.90436],[-73.6376,-42.90392],[-73.63792,-42.90352],[-73.63822,-42.90329],[-73.6385,-42.90316],[-73.64025,-42.90265],[-73.64164,-42.90184],[-73.64249,-42.90159],[-73.64289,-42.90141],[-73.643077,-42.901351],[-73.644673,-42.902702],[-73.65054,-42.901488],[-73.652295,-42.89729],[-73.65233,-42.89729],[-73.65245,-42.89723],[-73.65256,-42.89718],[-73.65259,-42.89701],[-73.652539,-42.896904],[-73.65247,-42.89676],[-73.65198,-42.89638],[-73.65158,-42.89617],[-73.651552,-42.896163],[-73.650576,-42.895337],[-73.65059,-42.89529],[-73.65091,-42.89486],[-73.65123,-42.8947],[-73.65165,-42.89464],[-73.65305,-42.89464],[-73.65331,-42.89454],[-73.6534,-42.89441],[-73.65315,-42.89368],[-73.65314,-42.89346],[-73.65317,-42.89334],[-73.65322,-42.89313],[-73.65383,-42.89185],[-73.65408,-42.89144],[-73.65444,-42.89106],[-73.65501,-42.89066],[-73.65493,-42.8906],[-73.65485,-42.89054],[-73.65437,-42.89043],[-73.65424,-42.89035],[-73.65417,-42.89008],[-73.65424,-42.88964],[-73.6545,-42.88913],[-73.65505,-42.88852],[-73.65553,-42.88815],[-73.656116,-42.887823],[-73.656265,-42.887792],[-73.656294,-42.887724],[-73.65639,-42.88767],[-73.65685,-42.88727],[-73.65726,-42.88666],[-73.65735,-42.88641],[-73.65731,-42.88606],[-73.657114,-42.885761],[-73.657582,-42.88464],[-73.65766,-42.88457],[-73.65817,-42.88425],[-73.65844,-42.88408],[-73.66033,-42.88327],[-73.66056,-42.88311],[-73.66078,-42.88272],[-73.660872,-42.882667],[-73.6613,-42.88242],[-73.66227,-42.88197],[-73.66259,-42.88186],[-73.6631,-42.88176],[-73.6636,-42.88172],[-73.66408,-42.88175],[-73.66412,-42.8817],[-73.66416,-42.88165],[-73.66414,-42.88159],[-73.66392,-42.88144],[-73.66352,-42.88124],[-73.66345,-42.88117],[-73.66337,-42.88095],[-73.66342,-42.88068],[-73.66348,-42.88057],[-73.6636,-42.88037],[-73.66442,-42.87982],[-73.66501,-42.8795],[-73.665104,-42.87946],[-73.666,-42.87908],[-73.66764,-42.87868],[-73.66867,-42.87824],[-73.67079,-42.878],[-73.67176,-42.87776],[-73.673072,-42.877295],[-73.67577,-42.879577],[-73.681636,-42.87836],[-73.683541,-42.873794],[-73.689407,-42.872576],[-73.693368,-42.875925],[-73.699234,-42.874707],[-73.700978,-42.870523],[-73.70106,-42.87048],[-73.70176,-42.87028],[-73.70241,-42.87025],[-73.70363,-42.86983],[-73.70417,-42.86956],[-73.70451,-42.86946],[-73.70512,-42.86948],[-73.70629,-42.86975],[-73.70662,-42.86977],[-73.70684,-42.8697],[-73.707379,-42.869238],[-73.710966,-42.872269],[-73.716833,-42.87105],[-73.718095,-42.86802],[-73.71937,-42.86754],[-73.72005,-42.86737],[-73.72052,-42.86721],[-73.72127,-42.86683],[-73.72152,-42.86665],[-73.72168,-42.86648],[-73.72216,-42.86579],[-73.722181,-42.865766],[-73.72229,-42.86564],[-73.72274,-42.86524],[-73.72298,-42.86508],[-73.72314,-42.86503],[-73.72366,-42.86502],[-73.724,-42.86498],[-73.724861,-42.86464],[-73.72519,-42.86451],[-73.72608,-42.86438],[-73.72689,-42.8642],[-73.72875,-42.86348],[-73.72942,-42.8631],[-73.73009,-42.86251],[-73.73095,-42.86193],[-73.73127,-42.86163],[-73.73215,-42.86103],[-73.73277,-42.8607],[-73.733507,-42.860434],[-73.736335,-42.862821],[-73.742201,-42.8616],[-73.746167,-42.864948],[-73.752034,-42.863726],[-73.753935,-42.859157],[-73.752281,-42.857761],[-73.752345,-42.857789],[-73.752644,-42.858006],[-73.752944,-42.858119],[-73.75389,-42.85848],[-73.754306,-42.858697],[-73.754534,-42.85898],[-73.7546,-42.859018],[-73.754925,-42.859208],[-73.75549,-42.859426],[-73.755818,-42.85969],[-73.756152,-42.860109],[-73.75648,-42.86067],[-73.756692,-42.861261],[-73.756888,-42.861858],[-73.757241,-42.862416],[-73.75754,-42.862737],[-73.758899,-42.864073],[-73.75945,-42.86475],[-73.760205,-42.865856],[-73.760368,-42.866164],[-73.756001,-42.867073],[-73.7541,-42.871643],[-73.748232,-42.872864],[-73.744265,-42.869516],[-73.738398,-42.870737],[-73.734433,-42.86739],[-73.728566,-42.86861],[-73.726663,-42.873178],[-73.720796,-42.874398],[-73.718893,-42.878966],[-73.722857,-42.882314],[-73.720954,-42.886882],[-73.715085,-42.888101],[-73.713181,-42.892669],[-73.707312,-42.893888],[-73.705407,-42.898455],[-73.709372,-42.901805],[-73.715241,-42.900586],[-73.719207,-42.903936],[-73.725077,-42.902717],[-73.726981,-42.898148],[-73.732851,-42.896929],[-73.736818,-42.900278],[-73.742689,-42.899058],[-73.746657,-42.902407],[-73.752529,-42.901186],[-73.756498,-42.904535],[-73.76237,-42.903314],[-73.766341,-42.906662],[-73.764439,-42.911233],[-73.758566,-42.912454],[-73.756664,-42.917024],[-73.760635,-42.920373],[-73.758733,-42.924943],[-73.752859,-42.926163],[-73.748888,-42.922814],[-73.743014,-42.924034],[-73.739045,-42.920684],[-73.740948,-42.916114],[-73.736979,-42.912765],[-73.738883,-42.908196],[-73.734915,-42.904847],[-73.729044,-42.906066],[-73.72714,-42.910635],[-73.731107,-42.913984],[-73.729203,-42.918553],[-73.723331,-42.919772],[-73.721426,-42.924341],[-73.725394,-42.927691],[-73.723489,-42.93226],[-73.727458,-42.93561],[-73.733332,-42.934392],[-73.737302,-42.937742],[-73.735398,-42.942311],[-73.729522,-42.94353],[-73.725553,-42.940179],[-73.719678,-42.941397],[-73.717772,-42.945966],[-73.711898,-42.947183],[-73.70793,-42.943832],[-73.702055,-42.945049],[-73.698089,-42.941698],[-73.692215,-42.942914],[-73.68825,-42.939563],[-73.682377,-42.940779],[-73.680468,-42.945346],[-73.684434,-42.948698],[-73.682525,-42.953265],[-73.676651,-42.95448],[-73.674742,-42.959047],[-73.678707,-42.9624],[-73.676798,-42.966967],[-73.680764,-42.97032],[-73.678855,-42.974887],[-73.682822,-42.97824],[-73.688699,-42.977025],[-73.690608,-42.972457],[-73.696485,-42.971242],[-73.700454,-42.974594],[-73.706331,-42.973378],[-73.710301,-42.97673],[-73.716179,-42.975514],[-73.718086,-42.970945],[-73.723964,-42.969728],[-73.72587,-42.965158],[-73.731748,-42.963941],[-73.73572,-42.967292],[-73.741598,-42.966074],[-73.745571,-42.969425],[-73.743666,-42.973996],[-73.737787,-42.975214],[-73.735881,-42.979784],[-73.730002,-42.981001],[-73.726029,-42.977649],[-73.72015,-42.978866],[-73.718243,-42.983436],[-73.712364,-42.984652],[-73.710456,-42.989221],[-73.704577,-42.990437],[-73.702668,-42.995006],[-73.696789,-42.996221],[-73.692819,-42.992868],[-73.68694,-42.994082],[-73.68503,-42.99865],[-73.688999,-43.002004],[-73.687089,-43.006572],[-73.681209,-43.007786],[-73.67724,-43.004432],[-73.67136,-43.005646],[-73.669449,-43.010213],[-73.663569,-43.011426],[-73.661657,-43.015994],[-73.655777,-43.017206],[-73.653864,-43.021773],[-73.657832,-43.025128],[-73.663713,-43.023916],[-73.667682,-43.027271],[-73.66577,-43.031839],[-73.659888,-43.033051],[-73.655919,-43.029696],[-73.650037,-43.030907],[-73.648124,-43.035474],[-73.652092,-43.03883],[-73.650178,-43.043397],[-73.654148,-43.046753],[-73.652234,-43.051321],[-73.656204,-43.054677],[-73.65429,-43.059245],[-73.658261,-43.062602],[-73.656346,-43.067169],[-73.660318,-43.070526],[-73.658404,-43.075094],[-73.662376,-43.078452],[-73.660462,-43.08302],[-73.654574,-43.08423],[-73.652659,-43.088798],[-73.656632,-43.092156],[-73.654716,-43.096724],[-73.648827,-43.097934],[-73.644855,-43.094576],[-73.638966,-43.095785],[-73.63705,-43.100352],[-73.631161,-43.101561],[-73.62719,-43.098203],[-73.621302,-43.099411],[-73.619384,-43.103977],[-73.623355,-43.107336],[-73.629244,-43.106128],[-73.633215,-43.109487],[-73.631298,-43.114055],[-73.625408,-43.115263],[-73.621437,-43.111903],[-73.615547,-43.113111],[-73.611577,-43.109751],[-73.613496,-43.105185],[-73.609527,-43.101826],[-73.603639,-43.103033],[-73.60172,-43.107599],[-73.605689,-43.110958],[-73.603769,-43.115525],[-73.59788,-43.116731],[-73.596342,-43.120389],[-73.59512,-43.12038],[-73.59456,-43.1203],[-73.59427,-43.12027],[-73.5937,-43.12027],[-73.59341,-43.12028],[-73.59319,-43.12028],[-73.59297,-43.12032],[-73.59252,-43.12036],[-73.59208,-43.12042],[-73.59186,-43.12047],[-73.59163,-43.12052],[-73.59141,-43.12055],[-73.59119,-43.12057],[-73.59097,-43.12058],[-73.59074,-43.12058],[-73.59052,-43.12055],[-73.59024,-43.12052],[-73.58995,-43.12044],[-73.58945,-43.12025],[-73.58923,-43.12013],[-73.58901,-43.12004],[-73.58878,-43.11993],[-73.58856,-43.11977],[-73.58832,-43.11963],[-73.58792,-43.11933],[-73.58768,-43.11912],[-73.58743,-43.11887],[-73.58693,-43.11872],[-73.58669,-43.11874],[-73.5865,-43.11874],[-73.586292,-43.118694],[-73.588024,-43.114577],[-73.593912,-43.113371],[-73.595832,-43.108805],[-73.591864,-43.105446],[-73.593784,-43.10088],[-73.599671,-43.099674],[-73.60159,-43.095108],[-73.597623,-43.091749],[-73.591737,-43.092956],[-73.587771,-43.089597],[-73.581886,-43.090803],[-73.579966,-43.095368],[-73.583931,-43.098727],[-73.582011,-43.103292],[-73.585977,-43.106652],[-73.584057,-43.111217],[-73.578169,-43.112423],[-73.574203,-43.109063],[-73.576124,-43.104498],[-73.572159,-43.101138],[-73.566273,-43.102343],[-73.564351,-43.106907],[-73.558465,-43.108112],[-73.554502,-43.104752],[-73.548616,-43.105955],[-73.546693,-43.110519],[-73.550656,-43.11388],[-73.556543,-43.112676],[-73.559993,-43.115601],[-73.5599,-43.11563],[-73.55923,-43.11587],[-73.55901,-43.11596],[-73.55878,-43.11606],[-73.55859,-43.11618],[-73.55835,-43.11635],[-73.55806,-43.11658],[-73.5578,-43.11682],[-73.5576,-43.11697],[-73.55736,-43.11719],[-73.55717,-43.11735],[-73.557032,-43.117428],[-73.556905,-43.117495],[-73.55683,-43.11754],[-73.55674,-43.11759],[-73.55649,-43.11772],[-73.5562,-43.11786],[-73.55598,-43.11796],[-73.55553,-43.11814],[-73.55508,-43.1183],[-73.55486,-43.11835],[-73.55464,-43.11839],[-73.55441,-43.1184],[-73.55419,-43.11845],[-73.55397,-43.11848],[-73.55375,-43.11849],[-73.55353,-43.11845],[-73.55324,-43.11842],[-73.55267,-43.11836],[-73.55239,-43.11837],[-73.55194,-43.11839],[-73.5515,-43.11845],[-73.55049,-43.11849],[-73.54986,-43.11853],[-73.54962,-43.11857],[-73.54924,-43.11866],[-73.549057,-43.118718],[-73.54905,-43.11872],[-73.54866,-43.1189],[-73.54847,-43.11901],[-73.54831,-43.11912],[-73.54792,-43.11942],[-73.54763,-43.11962],[-73.54744,-43.11974],[-73.54699,-43.12006],[-73.54678,-43.12023],[-73.54648,-43.12044],[-73.54631,-43.12058],[-73.54571,-43.12109],[-73.5454,-43.12137],[-73.545325,-43.12145],[-73.54522,-43.12159],[-73.54503,-43.1218],[-73.54491,-43.122],[-73.544695,-43.122215],[-73.54466,-43.12229],[-73.54438,-43.12242],[-73.54411,-43.1224],[-73.54384,-43.12226],[-73.54359,-43.12205],[-73.54329,-43.12189],[-73.54314,-43.12184],[-73.54298,-43.12178],[-73.5427,-43.12165],[-73.54245,-43.12145],[-73.5424,-43.1214],[-73.54233,-43.1213],[-73.54225,-43.1212],[-73.542212,-43.121151],[-73.54209,-43.12099],[-73.54173,-43.12036],[-73.54159,-43.12015],[-73.54144,-43.11994],[-73.5413,-43.11973],[-73.54118,-43.11952],[-73.5409,-43.1191],[-73.5406,-43.11867],[-73.54046,-43.11846],[-73.5403,-43.11825],[-73.54013,-43.11804],[-73.54,-43.11783],[-73.53984,-43.11762],[-73.53971,-43.11741],[-73.53962,-43.1172],[-73.53965,-43.11699],[-73.539672,-43.116954],[-73.53978,-43.11678],[-73.539855,-43.11674],[-73.5399,-43.11669],[-73.54008,-43.116635],[-73.54044,-43.11665],[-73.54072,-43.11668],[-73.54101,-43.11673],[-73.541315,-43.1167],[-73.54153,-43.11657],[-73.54175,-43.11632],[-73.5418,-43.11611],[-73.5418,-43.1159],[-73.54176,-43.11569],[-73.54173,-43.11548],[-73.54175,-43.11527],[-73.54179,-43.11512],[-73.54185,-43.11509],[-73.5419,-43.11495],[-73.54199,-43.11481],[-73.54219,-43.1144],[-73.54222,-43.11419],[-73.54223,-43.11377],[-73.54221,-43.11356],[-73.54165,-43.11167],[-73.541576,-43.111565],[-73.54134,-43.11123],[-73.54117,-43.11062],[-73.54122,-43.11045],[-73.54132,-43.11026],[-73.54149,-43.11011],[-73.54181,-43.10971],[-73.54204,-43.10926],[-73.5421,-43.10879],[-73.54207,-43.10827],[-73.54161,-43.10751],[-73.5413,-43.10688],[-73.54129,-43.10651],[-73.54141,-43.10631],[-73.54164,-43.1061],[-73.542,-43.10602],[-73.54234,-43.10588],[-73.54277,-43.10571],[-73.54227,-43.10573],[-73.54187,-43.10577],[-73.54153,-43.10565],[-73.54141,-43.10547],[-73.54162,-43.10497],[-73.54183,-43.10472],[-73.54213,-43.10461],[-73.54193,-43.1044],[-73.54195,-43.10404],[-73.54231,-43.10383],[-73.54254,-43.1036],[-73.54257,-43.10348],[-73.54235,-43.10332],[-73.54216,-43.1032],[-73.542048,-43.103128],[-73.54185,-43.103],[-73.54197,-43.10285],[-73.54224,-43.10273],[-73.5424,-43.10254],[-73.54241,-43.10203],[-73.54279,-43.1013],[-73.54303,-43.10115],[-73.54332,-43.10098],[-73.54382,-43.10072],[-73.54369,-43.1002],[-73.54349,-43.10003],[-73.54332,-43.09987],[-73.54314,-43.09973],[-73.54306,-43.09972],[-73.543,-43.09974],[-73.54294,-43.09991],[-73.54291,-43.10009],[-73.54285,-43.10024],[-73.54261,-43.10037],[-73.54215,-43.10036],[-73.54187,-43.1003],[-73.54182,-43.10007],[-73.54175,-43.09996],[-73.54159,-43.09996],[-73.54147,-43.10008],[-73.54126,-43.10024],[-73.54091,-43.10036],[-73.54041,-43.10063],[-73.54021,-43.10112],[-73.54019,-43.10144],[-73.54032,-43.10171],[-73.54033,-43.10184],[-73.54003,-43.10198],[-73.54006,-43.10209],[-73.54025,-43.10229],[-73.54039,-43.10248],[-73.54033,-43.10267],[-73.54017,-43.10269],[-73.53997,-43.10268],[-73.53985,-43.10287],[-73.53986,-43.10316],[-73.53985,-43.10344],[-73.539773,-43.103593],[-73.53972,-43.1037],[-73.53957,-43.1039],[-73.53937,-43.10417],[-73.53911,-43.1049],[-73.53895,-43.10574],[-73.53894,-43.10633],[-73.53888,-43.10691],[-73.53874,-43.10763],[-73.53852,-43.10808],[-73.53822,-43.10831],[-73.538,-43.10854],[-73.53786,-43.10876],[-73.53785,-43.10904],[-73.53785,-43.109214],[-73.536845,-43.108362],[-73.538769,-43.103799],[-73.534808,-43.100438],[-73.528924,-43.101641],[-73.527,-43.106204],[-73.53096,-43.109565],[-73.529036,-43.114128],[-73.532997,-43.117488],[-73.536955,-43.11668],[-73.53691,-43.11681],[-73.53685,-43.11698],[-73.53676,-43.11714],[-73.53666,-43.1173],[-73.5365,-43.11762],[-73.5364,-43.11778],[-73.53632,-43.11794],[-73.53625,-43.11811],[-73.53608,-43.11843],[-73.53601,-43.11859],[-73.53599,-43.11875],[-73.53596,-43.11892],[-73.53596,-43.11908],[-73.53597,-43.11924],[-73.53595,-43.1194],[-73.53591,-43.11957],[-73.53589,-43.11973],[-73.535835,-43.119815],[-73.53578,-43.11989],[-73.53568,-43.12005],[-73.53559,-43.12021],[-73.53553,-43.12037],[-73.53549,-43.12054],[-73.53547,-43.1207],[-73.53544,-43.12086],[-73.53542,-43.12151],[-73.53535,-43.12184],[-73.53535,-43.122],[-73.53536,-43.12216],[-73.53535,-43.12232],[-73.53533,-43.12249],[-73.53533,-43.12265],[-73.53528,-43.12281],[-73.53524,-43.12297],[-73.53519,-43.12313],[-73.53516,-43.1233],[-73.53509,-43.12346],[-73.53505,-43.12362],[-73.53499,-43.12378],[-73.5349,-43.12394],[-73.53485,-43.12411],[-73.53477,-43.12427],[-73.53467,-43.12443],[-73.53454,-43.12459],[-73.53442,-43.12475],[-73.534338,-43.124822],[-73.53426,-43.12489],[-73.53402,-43.12507],[-73.53384,-43.12517],[-73.53362,-43.1253],[-73.533195,-43.12554],[-73.53299,-43.12558],[-73.5328,-43.1256],[-73.53261,-43.1256],[-73.53242,-43.12562],[-73.53204,-43.12569],[-73.53185,-43.12571],[-73.53166,-43.12571],[-73.53102,-43.12571],[-73.53058,-43.12565],[-73.53036,-43.12564],[-73.53014,-43.1256],[-73.52992,-43.12558],[-73.52969,-43.12554],[-73.52947,-43.12549],[-73.52925,-43.12541],[-73.52907,-43.12532],[-73.52888,-43.12525],[-73.52869,-43.12515],[-73.5285,-43.12507],[-73.52828,-43.125],[-73.52784,-43.12483],[-73.52762,-43.12477],[-73.5274,-43.12473],[-73.52718,-43.12468],[-73.52696,-43.12468],[-73.52673,-43.12466],[-73.52651,-43.12468],[-73.52613,-43.1247],[-73.52594,-43.12471],[-73.52575,-43.12473],[-73.52518,-43.12483],[-73.52498,-43.12487],[-73.52479,-43.12495],[-73.5246,-43.12501],[-73.524417,-43.125077],[-73.52441,-43.12508],[-73.52422,-43.12515],[-73.52402,-43.12525],[-73.52385,-43.12534],[-73.52364,-43.12545],[-73.52345,-43.12557],[-73.52282,-43.12591],[-73.52264,-43.12604],[-73.52246,-43.12618],[-73.52199,-43.12648],[-73.52146,-43.12683],[-73.5214,-43.12685],[-73.52127,-43.12693],[-73.52101,-43.12706],[-73.52074,-43.12715],[-73.520562,-43.127206],[-73.52047,-43.12784],[-73.52069,-43.12786],[-73.52076,-43.12791],[-73.52087,-43.12796],[-73.52094,-43.12804],[-73.521,-43.1282],[-73.52102,-43.128274],[-73.517375,-43.129018],[-73.516801,-43.130376],[-73.51667,-43.13039],[-73.51648,-43.13046],[-73.51609,-43.13054],[-73.51571,-43.13061],[-73.51552,-43.13063],[-73.51495,-43.13076],[-73.51475,-43.13078],[-73.51418,-43.13088],[-73.51399,-43.1309],[-73.51361,-43.13097],[-73.51323,-43.13105],[-73.51227,-43.13121],[-73.51208,-43.13126],[-73.5117,-43.13137],[-73.5115,-43.13145],[-73.51131,-43.13152],[-73.51093,-43.13163],[-73.51073,-43.13173],[-73.51054,-43.13184],[-73.51035,-43.13195],[-73.50996,-43.13213],[-73.50958,-43.13228],[-73.50939,-43.13237],[-73.50919,-43.13244],[-73.509,-43.13252],[-73.50881,-43.13261],[-73.50862,-43.13271],[-73.50842,-43.1328],[-73.50804,-43.13301],[-73.507676,-43.13318],[-73.50727,-43.13337],[-73.50708,-43.13344],[-73.50688,-43.13353],[-73.50669,-43.13361],[-73.5065,-43.13367],[-73.50612,-43.13383],[-73.50592,-43.13389],[-73.50573,-43.13396],[-73.50554,-43.13402],[-73.50535,-43.1341],[-73.50496,-43.13421],[-73.50439,-43.13441],[-73.5042,-43.13447],[-73.50381,-43.13462],[-73.50323,-43.1349],[-73.50274,-43.13537],[-73.50235,-43.13562],[-73.50214,-43.13575],[-73.50197,-43.13586],[-73.50175,-43.13601],[-73.50154,-43.13616],[-73.50129,-43.13628],[-73.50107,-43.13642],[-73.50084,-43.13654],[-73.50063,-43.13668],[-73.50036,-43.13685],[-73.50015,-43.137],[-73.49998,-43.13716],[-73.49982,-43.13733],[-73.49967,-43.13749],[-73.49954,-43.13765],[-73.49941,-43.13781],[-73.49929,-43.13797],[-73.49915,-43.13813],[-73.499054,-43.138257],[-73.49903,-43.13829],[-73.49887,-43.13846],[-73.49874,-43.13862],[-73.49857,-43.13878],[-73.49841,-43.13894],[-73.49829,-43.1391],[-73.49813,-43.13926],[-73.49798,-43.13942],[-73.49782,-43.13959],[-73.49766,-43.13975],[-73.49749,-43.13991],[-73.49735,-43.14007],[-73.49717,-43.14023],[-73.49702,-43.14039],[-73.49686,-43.14055],[-73.49669,-43.14071],[-73.49651,-43.14088],[-73.49633,-43.14104],[-73.49615,-43.1412],[-73.49598,-43.14136],[-73.49578,-43.14152],[-73.49558,-43.14168],[-73.49542,-43.14184],[-73.49521,-43.14205],[-73.49497,-43.14224],[-73.49474,-43.14245],[-73.49454,-43.1426],[-73.49435,-43.14274],[-73.49409,-43.14291],[-73.49388,-43.14306],[-73.4937,-43.14317],[-73.49344,-43.1433],[-73.49322,-43.14343],[-73.49297,-43.14356],[-73.49275,-43.1437],[-73.49249,-43.14381],[-73.49222,-43.14392],[-73.49194,-43.14405],[-73.49173,-43.14414],[-73.49151,-43.14419],[-73.491457,-43.144204],[-73.489973,-43.142943],[-73.484086,-43.144142],[-73.483905,-43.14457],[-73.48369,-43.14459],[-73.48346,-43.14464],[-73.48324,-43.14468],[-73.48302,-43.1447],[-73.48279,-43.1447],[-73.48257,-43.14471],[-73.48235,-43.1447],[-73.48212,-43.14472],[-73.4819,-43.14473],[-73.48168,-43.14475],[-73.48145,-43.14477],[-73.48123,-43.1448],[-73.48101,-43.14481],[-73.48078,-43.1448],[-73.48056,-43.14477],[-73.48034,-43.14475],[-73.48012,-43.14466],[-73.47999,-43.14464],[-73.47977,-43.14449],[-73.4796,-43.14436],[-73.47944,-43.14416],[-73.47934,-43.14401],[-73.47928,-43.1439],[-73.47931,-43.14385],[-73.47933,-43.14368],[-73.4794,-43.14352],[-73.47948,-43.14336],[-73.47953,-43.1432],[-73.47957,-43.14303],[-73.47957,-43.14293],[-73.47966,-43.14285],[-73.47982,-43.1425],[-73.47984,-43.14234],[-73.47986,-43.14217],[-73.47986,-43.14201],[-73.47985,-43.14192],[-73.47984,-43.14185],[-73.47984,-43.14168],[-73.47988,-43.14152],[-73.47991,-43.14136],[-73.47995,-43.14119],[-73.47995,-43.14103],[-73.47992,-43.14087],[-73.479909,-43.140824]],[[-73.644715,-43.082083],[-73.650602,-43.080873],[-73.652517,-43.076305],[-73.648546,-43.072948],[-73.650461,-43.06838],[-73.64649,-43.065023],[-73.640605,-43.066233],[-73.63869,-43.0708],[-73.64266,-43.074158],[-73.640744,-43.078725],[-73.634858,-43.079934],[-73.632941,-43.084502],[-73.636912,-43.08786],[-73.642799,-43.08665],[-73.644715,-43.082083]],[[-73.604256,-42.973598],[-73.598383,-42.974808],[-73.596468,-42.979372],[-73.600427,-42.982726],[-73.598511,-42.987291],[-73.592637,-42.9885],[-73.590721,-42.993064],[-73.584847,-42.994273],[-73.580889,-42.990918],[-73.575015,-42.992126],[-73.571058,-42.988771],[-73.565185,-42.989979],[-73.563267,-42.994542],[-73.567223,-42.997897],[-73.565306,-43.00246],[-73.559431,-43.003668],[-73.557512,-43.00823],[-73.561469,-43.011587],[-73.567345,-43.01038],[-73.571302,-43.013736],[-73.577179,-43.012528],[-73.581138,-43.015884],[-73.587015,-43.014676],[-73.590975,-43.018032],[-73.589058,-43.022596],[-73.593019,-43.025953],[-73.591102,-43.030517],[-73.595064,-43.033874],[-73.600943,-43.032665],[-73.604906,-43.036022],[-73.610786,-43.034813],[-73.612703,-43.030247],[-73.618582,-43.029038],[-73.622547,-43.032394],[-73.628428,-43.031184],[-73.630342,-43.026618],[-73.626377,-43.023262],[-73.620498,-43.024472],[-73.616534,-43.021117],[-73.618449,-43.016551],[-73.624328,-43.015341],[-73.628292,-43.018696],[-73.634171,-43.017486],[-73.636085,-43.012919],[-73.641964,-43.011708],[-73.643877,-43.007142],[-73.649756,-43.00593],[-73.651668,-43.001363],[-73.647703,-42.998009],[-73.649615,-42.993442],[-73.655492,-42.99223],[-73.657404,-42.987663],[-73.653439,-42.984309],[-73.647562,-42.985522],[-73.643598,-42.982168],[-73.637723,-42.98338],[-73.63376,-42.980026],[-73.627885,-42.981238],[-73.625972,-42.985803],[-73.620096,-42.987014],[-73.616135,-42.98366],[-73.610261,-42.984871],[-73.606301,-42.981516],[-73.608215,-42.976952],[-73.604256,-42.973598]],[[-73.658601,-42.920671],[-73.656692,-42.925237],[-73.660653,-42.928588],[-73.666523,-42.927373],[-73.668432,-42.922807],[-73.66447,-42.919456],[-73.666379,-42.91489],[-73.662418,-42.911539],[-73.664326,-42.906973],[-73.670195,-42.905758],[-73.672102,-42.901191],[-73.668142,-42.897841],[-73.662275,-42.899057],[-73.660367,-42.903623],[-73.654499,-42.904838],[-73.65259,-42.909404],[-73.646722,-42.910618],[-73.644813,-42.915184],[-73.648772,-42.918535],[-73.654641,-42.91732],[-73.658601,-42.920671]],[[-73.709526,-42.91429],[-73.711432,-42.909722],[-73.707466,-42.906373],[-73.701596,-42.907591],[-73.699691,-42.912158],[-73.69382,-42.913375],[-73.691914,-42.917943],[-73.695878,-42.921293],[-73.701749,-42.920076],[-73.705715,-42.923426],[-73.711587,-42.922209],[-73.713492,-42.91764],[-73.709526,-42.91429]],[[-73.687651,-42.889625],[-73.685745,-42.894192],[-73.689707,-42.897541],[-73.695575,-42.896324],[-73.697481,-42.891757],[-73.693518,-42.888408],[-73.687651,-42.889625]],[[-73.687801,-42.902108],[-73.681932,-42.903325],[-73.680025,-42.907892],[-73.683987,-42.911242],[-73.689857,-42.910025],[-73.691763,-42.905458],[-73.687801,-42.902108]],[[-73.597495,-43.079259],[-73.595576,-43.083825],[-73.599542,-43.087183],[-73.605428,-43.085976],[-73.607346,-43.08141],[-73.613231,-43.080202],[-73.615149,-43.075636],[-73.611182,-43.072278],[-73.605297,-43.073486],[-73.601331,-43.070128],[-73.595448,-43.071336],[-73.593529,-43.075901],[-73.597495,-43.079259]],[[-73.493621,-43.10885],[-73.491694,-43.113411],[-73.495652,-43.116773],[-73.501536,-43.115572],[-73.503462,-43.11101],[-73.499504,-43.107649],[-73.493621,-43.10885]],[[-73.509239,-43.097324],[-73.505281,-43.093964],[-73.499399,-43.095165],[-73.497473,-43.099727],[-73.50143,-43.103088],[-73.507313,-43.101886],[-73.509239,-43.097324]],[[-73.682971,-42.990729],[-73.684881,-42.986161],[-73.680913,-42.982808],[-73.675035,-42.984022],[-73.671068,-42.980669],[-73.665192,-42.981883],[-73.663281,-42.98645],[-73.667247,-42.989803],[-73.665336,-42.99437],[-73.669303,-42.997724],[-73.675182,-42.996511],[-73.677093,-42.991943],[-73.682971,-42.990729]],[[-73.705869,-42.935913],[-73.709836,-42.939264],[-73.71571,-42.938046],[-73.717616,-42.933478],[-73.713648,-42.930127],[-73.707775,-42.931345],[-73.705869,-42.935913]]]},"properties":{"comuna":"Quellón","mancha_id":"10208-88ce1269a3fffff","clase":"Medio","nivel_medio":1.906,"nivel_medio_min":1.505,"nivel_medio_max":2.495,"pct_alto":13.8,"n_hexagonos":307,"area_ha":18625.9}},{"type":"Feature","geometry":{"type":"Polygon","coordinates":[[[-73.559182,-43.183058],[-73.555213,-43.179695],[-73.549319,-43.180897],[-73.545351,-43.177534],[-73.539458,-43.178735],[-73.537532,-43.183299],[-73.541499,-43.186663],[-73.539573,-43.191227],[-73.543541,-43.194591],[-73.542983,-43.195912],[-73.54277,-43.19591],[-73.5422,-43.19588],[-73.54163,-43.19587],[-73.54106,-43.19582],[-73.54078,-43.19577],[-73.54049,-43.19574],[-73.5402,-43.19576],[-73.53998,-43.19574],[-73.5397,-43.19575],[-73.53897,-43.19574],[-73.53868,-43.19573],[-73.5384,-43.19569],[-73.53811,-43.19567],[-73.53783,-43.19564],[-73.53721,-43.1955],[-73.53647,-43.19534],[-73.536265,-43.195325],[-73.53615,-43.1953],[-73.53602,-43.19526],[-73.5358,-43.19521],[-73.53558,-43.19515],[-73.53536,-43.1951],[-73.53514,-43.19503],[-73.53492,-43.19494],[-73.5347,-43.19489],[-73.53426,-43.19474],[-73.53382,-43.19455],[-73.5336,-43.19448],[-73.53338,-43.19442],[-73.53328,-43.19442],[-73.533175,-43.194405],[-73.53304,-43.1944],[-73.53297,-43.19437],[-73.532866,-43.194353],[-73.53285,-43.19435],[-73.53274,-43.19434],[-73.53266,-43.19433],[-73.53259,-43.1943],[-73.53252,-43.19427],[-73.53243,-43.19424],[-73.5323,-43.19421],[-73.53208,-43.19416],[-73.53186,-43.19408],[-73.53142,-43.19396],[-73.53101,-43.19377],[-73.53081,-43.19366],[-73.53062,-43.19356],[-73.53043,-43.19346],[-73.53023,-43.19338],[-73.53002,-43.19327],[-73.52987,-43.19316],[-73.52955,-43.19297],[-73.52927,-43.19274],[-73.52905,-43.1926],[-73.52893,-43.19248],[-73.52874,-43.19234],[-73.52857,-43.19222],[-73.52845,-43.19211],[-73.52824,-43.19196],[-73.52806,-43.19184],[-73.52778,-43.19163],[-73.52759,-43.19147],[-73.52739,-43.19132],[-73.52704,-43.19109],[-73.52639,-43.1906],[-73.52615,-43.19046],[-73.52596,-43.19036],[-73.5255,-43.19004],[-73.525331,-43.189956],[-73.52532,-43.18995],[-73.52512,-43.18984],[-73.52471,-43.18967],[-73.52452,-43.18958],[-73.52411,-43.18938],[-73.52393,-43.18929],[-73.52352,-43.1891],[-73.52314,-43.18891],[-73.52262,-43.18862],[-73.52247,-43.18853],[-73.52228,-43.18844],[-73.52209,-43.18832],[-73.5219,-43.18823],[-73.52172,-43.18812],[-73.52156,-43.18803],[-73.52142,-43.18792],[-73.52125,-43.18783],[-73.52106,-43.18772],[-73.5209,-43.18762],[-73.52075,-43.18752],[-73.52057,-43.18741],[-73.52039,-43.18731],[-73.520228,-43.18722],[-73.519851,-43.1869],[-73.519647,-43.186942],[-73.51888,-43.18655],[-73.51868,-43.18647],[-73.51847,-43.18637],[-73.51827,-43.18626],[-73.51783,-43.18614],[-73.51761,-43.18607],[-73.517365,-43.18601],[-73.51716,-43.18598],[-73.51672,-43.18588],[-73.51628,-43.18576],[-73.51584,-43.18566],[-73.51562,-43.1856],[-73.5154,-43.18555],[-73.51518,-43.18549],[-73.51495,-43.18542],[-73.51407,-43.18513],[-73.51385,-43.18507],[-73.51365,-43.18497],[-73.51344,-43.18489],[-73.51322,-43.18481],[-73.51282,-43.18461],[-73.51259,-43.18454],[-73.51237,-43.18445],[-73.51215,-43.18436],[-73.51195,-43.18428],[-73.51176,-43.18418],[-73.51159,-43.18408],[-73.5114,-43.18399],[-73.5112,-43.1839],[-73.51089,-43.18368],[-73.51071,-43.18358],[-73.51054,-43.18348],[-73.510527,-43.183473],[-73.51038,-43.18339],[-73.51023,-43.18328],[-73.51004,-43.1832],[-73.50976,-43.18298],[-73.50954,-43.18284],[-73.50935,-43.18272],[-73.50921,-43.18262],[-73.50899,-43.18248],[-73.50886,-43.182375],[-73.50882,-43.18233],[-73.50873,-43.18223],[-73.50861,-43.18204],[-73.50848,-43.18187],[-73.50838,-43.18171],[-73.50825,-43.18155],[-73.50804,-43.18122],[-73.50795,-43.18105],[-73.50783,-43.18089],[-73.50769,-43.18073],[-73.50753,-43.1806],[-73.50736,-43.18043],[-73.50702,-43.18008],[-73.50685,-43.17991],[-73.50665,-43.17977],[-73.50651,-43.17959],[-73.5062,-43.17925],[-73.50564,-43.17869],[-73.50544,-43.17851],[-73.50525,-43.17834],[-73.50505,-43.17818],[-73.50483,-43.17803],[-73.50436,-43.17767],[-73.50423,-43.177568],[-73.50422,-43.17756],[-73.50404,-43.17739],[-73.50363,-43.17711],[-73.50341,-43.17696],[-73.50326,-43.17686],[-73.50307,-43.17677],[-73.50285,-43.17671],[-73.50274,-43.17669],[-73.50195,-43.17592],[-73.5017,-43.17579],[-73.50111,-43.17538],[-73.50056,-43.17501],[-73.49997,-43.17475],[-73.49924,-43.17445],[-73.498313,-43.174148],[-73.500031,-43.170082],[-73.499115,-43.169304],[-73.50068,-43.16711],[-73.50105,-43.16637],[-73.50121,-43.16565],[-73.50137,-43.16501],[-73.50166,-43.16442],[-73.50196,-43.16386],[-73.50274,-43.16282],[-73.50321,-43.16196],[-73.50324,-43.16157],[-73.5033,-43.16134],[-73.50328,-43.16113],[-73.503281,-43.16108],[-73.503888,-43.160957],[-73.505815,-43.156394],[-73.505449,-43.156083],[-73.50558,-43.15593],[-73.50574,-43.15572],[-73.50589,-43.15552],[-73.506,-43.15531],[-73.50609,-43.1551],[-73.50629,-43.15468],[-73.50642,-43.15448],[-73.50654,-43.15427],[-73.50664,-43.15406],[-73.50675,-43.15385],[-73.50689,-43.15365],[-73.507,-43.15344],[-73.5071,-43.15323],[-73.50717,-43.15312],[-73.50723,-43.15302],[-73.50738,-43.15282],[-73.5075,-43.15261],[-73.50763,-43.1524],[-73.50786,-43.15199],[-73.50801,-43.15178],[-73.5081,-43.15157],[-73.5082,-43.15136],[-73.50833,-43.15116],[-73.50843,-43.15095],[-73.50856,-43.15074],[-73.50879,-43.15033],[-73.50892,-43.15012],[-73.50909,-43.14991],[-73.50928,-43.14971],[-73.50946,-43.1495],[-73.50961,-43.14929],[-73.50979,-43.14908],[-73.50994,-43.14888],[-73.5101,-43.14867],[-73.5104,-43.14826],[-73.51053,-43.14805],[-73.510554,-43.14802],[-73.51086,-43.14763],[-73.51125,-43.14722],[-73.51147,-43.14702],[-73.51235,-43.14636],[-73.5127,-43.14616],[-73.51299,-43.14599],[-73.51328,-43.14581],[-73.5136,-43.14565],[-73.51381,-43.14554],[-73.5141,-43.14539],[-73.51436,-43.14522],[-73.51491,-43.14483],[-73.51513,-43.14464],[-73.51575,-43.14418],[-73.51609,-43.14396],[-73.51641,-43.1438],[-73.51666,-43.1437],[-73.5169,-43.14361],[-73.51724,-43.1435],[-73.51746,-43.14341],[-73.51778,-43.1433],[-73.51801,-43.1432],[-73.51833,-43.14304],[-73.51854,-43.14293],[-73.51883,-43.14266],[-73.518832,-43.142649],[-73.51885,-43.14255],[-73.51892,-43.14246],[-73.51893,-43.14226],[-73.51897,-43.14205],[-73.519085,-43.141835],[-73.51914,-43.14171],[-73.51925,-43.14163],[-73.51949,-43.14143],[-73.51977,-43.14126],[-73.52006,-43.14116],[-73.52031,-43.14111],[-73.52057,-43.14109],[-73.52082,-43.1411],[-73.52107,-43.14112],[-73.52158,-43.14127],[-73.52183,-43.14132],[-73.52208,-43.14134],[-73.5231,-43.14136],[-73.52411,-43.14146],[-73.52461,-43.14161],[-73.52487,-43.14169],[-73.52512,-43.14179],[-73.525375,-43.14196],[-73.52555,-43.14212],[-73.52605,-43.14259],[-73.52633,-43.14279],[-73.5265,-43.14295],[-73.52673,-43.14315],[-73.52692,-43.14335],[-73.52714,-43.14361],[-73.527206,-43.143693],[-73.52752,-43.14409],[-73.52769,-43.14429],[-73.52791,-43.14456],[-73.52809,-43.14474],[-73.52828,-43.145],[-73.52845,-43.14521],[-73.52866,-43.14563],[-73.52873,-43.14584],[-73.52882,-43.14605],[-73.5289,-43.14627],[-73.52896,-43.14647],[-73.52898,-43.14668],[-73.5291,-43.1471],[-73.52913,-43.14731],[-73.52924,-43.14773],[-73.52928,-43.14794],[-73.52931,-43.14815],[-73.52931,-43.14836],[-73.52935,-43.14857],[-73.52936,-43.14878],[-73.52939,-43.14899],[-73.52938,-43.14941],[-73.5294,-43.14962],[-73.52943,-43.15004],[-73.52945,-43.15025],[-73.52966,-43.15067],[-73.529723,-43.150764],[-73.529373,-43.151592],[-73.531059,-43.153022],[-73.53114,-43.1534],[-73.53121,-43.15361],[-73.5313,-43.15382],[-73.531503,-43.15404],[-73.53161,-43.15413],[-73.53175,-43.15424],[-73.53191,-43.1544],[-73.53208,-43.15462],[-73.53232,-43.15505],[-73.53241,-43.15526],[-73.53248,-43.15547],[-73.53253,-43.15568],[-73.5326,-43.15589],[-73.53268,-43.15651],[-73.53268,-43.156512],[-73.532293,-43.157429],[-73.53225,-43.15746],[-73.53217,-43.15753],[-73.53186,-43.15772],[-73.53143,-43.15793],[-73.53115,-43.15812],[-73.53094,-43.15833],[-73.5307,-43.1585],[-73.53062,-43.15854],[-73.53051,-43.15855],[-73.53036,-43.15862],[-73.5302,-43.15867],[-73.52995,-43.15873],[-73.52969,-43.15876],[-73.52937,-43.15888],[-73.52919,-43.159],[-73.52891,-43.15913],[-73.52875,-43.15918],[-73.52844,-43.15925],[-73.52819,-43.15927],[-73.52793,-43.15926],[-73.52762,-43.1592],[-73.52735,-43.15909],[-73.52708,-43.15895],[-73.52704,-43.15889],[-73.52694,-43.15884],[-73.5269,-43.15876],[-73.52671,-43.15855],[-73.52654,-43.15834],[-73.52641,-43.15813],[-73.52625,-43.15792],[-73.52602,-43.15772],[-73.52577,-43.15747],[-73.52513,-43.15704],[-73.52488,-43.15687],[-73.52477,-43.15677],[-73.52451,-43.15665],[-73.52429,-43.15654],[-73.52407,-43.15647],[-73.52381,-43.15647],[-73.52356,-43.15645],[-73.5233,-43.15646],[-73.52311,-43.15644],[-73.52286,-43.15639],[-73.52261,-43.15635],[-73.52236,-43.15629],[-73.5221,-43.1562],[-73.522055,-43.156178],[-73.52189,-43.1561],[-73.52166,-43.15602],[-73.52145,-43.15592],[-73.52126,-43.1558],[-73.5211,-43.15567],[-73.52078,-43.15534],[-73.52062,-43.15517],[-73.52048,-43.15501],[-73.52016,-43.15452],[-73.52004,-43.15435],[-73.51996,-43.15433],[-73.51987,-43.1542],[-73.5197,-43.154],[-73.51951,-43.15381],[-73.51933,-43.15363],[-73.51912,-43.15347],[-73.51872,-43.15312],[-73.51847,-43.15296],[-73.51827,-43.15284],[-73.51803,-43.15273],[-73.51756,-43.15254],[-73.51731,-43.15246],[-73.51706,-43.15241],[-73.51658,-43.15222],[-73.5164,-43.15209],[-73.51621,-43.15198],[-73.51615,-43.15196],[-73.51596,-43.15189],[-73.51571,-43.15182],[-73.51545,-43.1518],[-73.5152,-43.15172],[-73.51511,-43.15169],[-73.51498,-43.15161],[-73.51476,-43.15152],[-73.51454,-43.15141],[-73.51434,-43.15129],[-73.5141,-43.15121],[-73.51404,-43.15121],[-73.51385,-43.15119],[-73.513725,-43.15121],[-73.51359,-43.15124],[-73.5134,-43.15128],[-73.51335,-43.151299],[-73.51321,-43.15135],[-73.51302,-43.15144],[-73.51282,-43.15152],[-73.51263,-43.15162],[-73.51247,-43.15173],[-73.51224,-43.15188],[-73.512,-43.15202],[-73.51175,-43.15214],[-73.51149,-43.15228],[-73.51123,-43.15243],[-73.51117,-43.15251],[-73.5111,-43.15258],[-73.510825,-43.152865],[-73.51076,-43.153],[-73.51072,-43.15316],[-73.51067,-43.15332],[-73.51063,-43.15349],[-73.51058,-43.15365],[-73.51058,-43.15381],[-73.51053,-43.15397],[-73.51049,-43.15414],[-73.51044,-43.1543],[-73.51037,-43.15446],[-73.51032,-43.15462],[-73.51029,-43.15478],[-73.51018,-43.15511],[-73.51018,-43.15527],[-73.51011,-43.15543],[-73.51008,-43.155525],[-73.51006,-43.15559],[-73.50999,-43.15576],[-73.50989,-43.15592],[-73.50981,-43.15608],[-73.50947,-43.15656],[-73.50933,-43.15672],[-73.50887,-43.15737],[-73.50879,-43.15753],[-73.50869,-43.15769],[-73.50858,-43.15785],[-73.50845,-43.15801],[-73.50828,-43.15816],[-73.50813,-43.158365],[-73.50786,-43.1587],[-73.50772,-43.15903],[-73.50767,-43.15919],[-73.50764,-43.15935],[-73.50762,-43.15951],[-73.50758,-43.15967],[-73.50757,-43.16],[-73.50755,-43.16016],[-73.50758,-43.16049],[-73.50766,-43.16098],[-73.50767,-43.16114],[-73.50779,-43.16147],[-73.50791,-43.16163],[-73.50803,-43.16196],[-73.50818,-43.16228],[-73.50824,-43.16245],[-73.50837,-43.1626],[-73.50854,-43.16276],[-73.50869,-43.16294],[-73.50882,-43.16307],[-73.50899,-43.16324],[-73.50909,-43.16331],[-73.50916,-43.16331],[-73.509245,-43.163355],[-73.50935,-43.16339],[-73.50943,-43.16343],[-73.50961,-43.16352],[-73.509835,-43.163628],[-73.509925,-43.16368],[-73.510171,-43.163847],[-73.51022,-43.16388],[-73.51037,-43.16394],[-73.51055,-43.16405],[-73.51069,-43.16416],[-73.51083,-43.16429],[-73.51099,-43.16439],[-73.51115,-43.16445],[-73.51133,-43.16453],[-73.51171,-43.16465],[-73.5119,-43.16467],[-73.51209,-43.1647],[-73.51228,-43.16478],[-73.51259,-43.16494],[-73.51275,-43.16504],[-73.51291,-43.16511],[-73.5131,-43.16517],[-73.51329,-43.16522],[-73.51346,-43.1653],[-73.51374,-43.16552],[-73.51386,-43.16563],[-73.51403,-43.16581],[-73.51422,-43.16598],[-73.51477,-43.16639],[-73.51505,-43.16663],[-73.51523,-43.16678],[-73.51539,-43.16694],[-73.51557,-43.16711],[-73.51574,-43.1673],[-73.5159,-43.16748],[-73.51621,-43.16781],[-73.51639,-43.16797],[-73.516525,-43.16814],[-73.51656,-43.16821],[-73.5166,-43.168275],[-73.51665,-43.16846],[-73.51668,-43.16862],[-73.51668,-43.16878],[-73.51662,-43.16895],[-73.51654,-43.16901],[-73.51648,-43.16911],[-73.51641,-43.169165],[-73.5163,-43.16921],[-73.516165,-43.169255],[-73.51595,-43.16932],[-73.51585,-43.16934],[-73.51566,-43.1694],[-73.51547,-43.16949],[-73.5151,-43.169715],[-73.51503,-43.169775],[-73.51495,-43.16985],[-73.51479,-43.17],[-73.51451,-43.17021],[-73.514413,-43.17025],[-73.514325,-43.170295],[-73.514245,-43.170315],[-73.51415,-43.17034],[-73.51349,-43.17049],[-73.51319,-43.17056],[-73.513,-43.17058],[-73.51281,-43.17063],[-73.51261,-43.17066],[-73.51242,-43.1707],[-73.51223,-43.17076],[-73.51204,-43.17083],[-73.51185,-43.17091],[-73.51167,-43.17102],[-73.51144,-43.17117],[-73.51126,-43.17133],[-73.51117,-43.1715],[-73.51111,-43.17167],[-73.51106,-43.17182],[-73.51106,-43.17199],[-73.511063,-43.172006],[-73.51109,-43.17215],[-73.51108,-43.17231],[-73.51106,-43.17247],[-73.51103,-43.17264],[-73.51094,-43.1728],[-73.51084,-43.17296],[-73.51076,-43.17304],[-73.51068,-43.17311],[-73.51039,-43.17333],[-73.51023,-43.17349],[-73.51011,-43.17365],[-73.50982,-43.17397],[-73.50946,-43.17434],[-73.5093,-43.17446],[-73.50907,-43.17466],[-73.50894,-43.17482],[-73.5088,-43.17497],[-73.508682,-43.175094],[-73.5086,-43.17518],[-73.50847,-43.17535],[-73.50835,-43.17551],[-73.50827,-43.17567],[-73.50827,-43.17575],[-73.5083,-43.1758],[-73.508364,-43.175847],[-73.50852,-43.17596],[-73.50874,-43.1761],[-73.50886,-43.17621],[-73.50911,-43.17649],[-73.5092,-43.17666],[-73.50927,-43.17682],[-73.5093,-43.17698],[-73.50929,-43.17731],[-73.50926,-43.17747],[-73.50925,-43.17763],[-73.50933,-43.17778],[-73.50939,-43.17787],[-73.509505,-43.177895],[-73.50956,-43.17793],[-73.50967,-43.178],[-73.50981,-43.17809],[-73.50988,-43.17814],[-73.50987,-43.17841],[-73.509865,-43.178427],[-73.50982,-43.17857],[-73.50974,-43.17873],[-73.50966,-43.17906],[-73.50961,-43.17922],[-73.50961,-43.17928],[-73.50966,-43.17938],[-73.50965,-43.17944],[-73.50973,-43.17952],[-73.5099,-43.179565],[-73.51002,-43.17947],[-73.510125,-43.17929],[-73.51014,-43.17913],[-73.51017,-43.17897],[-73.510201,-43.178713],[-73.51021,-43.17864],[-73.51022,-43.17832],[-73.51019,-43.17816],[-73.51015,-43.17799],[-73.51015,-43.17783],[-73.51013,-43.1775],[-73.51001,-43.17718],[-73.50997,-43.17701],[-73.50997,-43.17685],[-73.51003,-43.1767],[-73.510095,-43.17656],[-73.51017,-43.17652],[-73.51022,-43.17649],[-73.51041,-43.17646],[-73.5106,-43.17653],[-73.5113,-43.17701],[-73.51144,-43.17705],[-73.51151,-43.17702],[-73.51154,-43.1769],[-73.511505,-43.176825],[-73.51147,-43.17678],[-73.5113,-43.17659],[-73.51114,-43.17643],[-73.51095,-43.17627],[-73.51074,-43.17611],[-73.51061,-43.175915],[-73.51057,-43.17577],[-73.51061,-43.17544],[-73.51068,-43.17528],[-73.51078,-43.17496],[-73.51085,-43.1748],[-73.51092,-43.17447],[-73.51102,-43.17415],[-73.51103,-43.17398],[-73.51109,-43.17382],[-73.5111,-43.17366],[-73.51113,-43.1735],[-73.51124,-43.17317],[-73.5113,-43.17301],[-73.51139,-43.17285],[-73.51152,-43.17253],[-73.5116,-43.17237],[-73.51166,-43.1722],[-73.51172,-43.17215],[-73.5118,-43.17204],[-73.51198,-43.17189],[-73.51216,-43.17183],[-73.51246,-43.17174],[-73.51265,-43.17171],[-73.51303,-43.17166],[-73.51322,-43.17167],[-73.51342,-43.17165],[-73.51361,-43.17165],[-73.51399,-43.17163],[-73.51418,-43.17166],[-73.51456,-43.17166],[-73.51475,-43.17164],[-73.51494,-43.17164],[-73.51628,-43.1715],[-73.516306,-43.171495],[-73.51666,-43.17143],[-73.51685,-43.17141],[-73.51704,-43.17141],[-73.51712,-43.17143],[-73.51723,-43.17144],[-73.51761,-43.17149],[-73.51818,-43.17164],[-73.51837,-43.17171],[-73.51874,-43.17183],[-73.51893,-43.17193],[-73.5191,-43.17201],[-73.51962,-43.1723],[-73.51978,-43.17239],[-73.51989,-43.1725],[-73.51998,-43.1726],[-73.52009,-43.17278],[-73.52016,-43.17294],[-73.52022,-43.1731],[-73.52025,-43.17327],[-73.52026,-43.17343],[-73.52024,-43.17359],[-73.52021,-43.17376],[-73.52015,-43.17392],[-73.52009,-43.17408],[-73.52005,-43.17424],[-73.519974,-43.174362],[-73.51995,-43.1744],[-73.51987,-43.17456],[-73.51975,-43.17473],[-73.51962,-43.17489],[-73.51952,-43.17505],[-73.5194,-43.175218],[-73.51929,-43.17537],[-73.51913,-43.17553],[-73.51902,-43.17569],[-73.51872,-43.17601],[-73.51856,-43.17616],[-73.5183,-43.17638],[-73.51815,-43.17653],[-73.51796,-43.17675],[-73.51788,-43.17691],[-73.51787,-43.17707],[-73.517915,-43.17725],[-73.51798,-43.17728],[-73.51799,-43.17735],[-73.51816,-43.17745],[-73.51835,-43.17752],[-73.518418,-43.177541],[-73.51892,-43.1777],[-73.51908,-43.17779],[-73.51923,-43.1779],[-73.51961,-43.17807],[-73.51999,-43.17817],[-73.52018,-43.17817],[-73.52037,-43.17819],[-73.52056,-43.17824],[-73.52075,-43.1783],[-73.52093,-43.1784],[-73.52111,-43.17849],[-73.52126,-43.1786],[-73.52144,-43.178705],[-73.52155,-43.17874],[-73.52163,-43.178755],[-73.521725,-43.178775],[-73.52181,-43.17879],[-73.52238,-43.17887],[-73.52249,-43.17887],[-73.52257,-43.17885],[-73.52296,-43.17886],[-73.52334,-43.17884],[-73.52353,-43.17884],[-73.52391,-43.17882],[-73.52448,-43.17876],[-73.52467,-43.17872],[-73.52486,-43.17869],[-73.52506,-43.17866],[-73.52544,-43.17855],[-73.52563,-43.17848],[-73.52582,-43.1784],[-73.52593,-43.17835],[-73.52621,-43.17822],[-73.52637,-43.17812],[-73.52658,-43.178],[-73.52682,-43.17789],[-73.52701,-43.17785],[-73.5272,-43.17778],[-73.5274,-43.1777],[-73.52764,-43.177555],[-73.5277,-43.17751],[-73.52777,-43.17729],[-73.52777,-43.17713],[-73.52779,-43.17697],[-73.52778,-43.1768],[-73.527745,-43.176635],[-73.5277,-43.17648],[-73.52762,-43.17631],[-73.52753,-43.17615],[-73.52728,-43.17582],[-73.52718,-43.17566],[-73.52704,-43.17549],[-73.52693,-43.17533],[-73.52679,-43.17516],[-73.52667,-43.175],[-73.52662,-43.17484],[-73.52661,-43.17467],[-73.52662,-43.17451],[-73.52665,-43.17435],[-73.5267,-43.174265],[-73.52675,-43.17419],[-73.526768,-43.174172],[-73.529598,-43.176573],[-73.535491,-43.175372],[-73.536942,-43.171933],[-73.53699,-43.17193],[-73.53719,-43.17193],[-73.53757,-43.17189],[-73.53776,-43.17185],[-73.53795,-43.17179],[-73.53833,-43.17163],[-73.5385,-43.17155],[-73.53869,-43.17144],[-73.53888,-43.1713],[-73.53914,-43.1712],[-73.53952,-43.17106],[-73.53971,-43.17102],[-73.53991,-43.17095],[-73.54048,-43.17082],[-73.54125,-43.17069],[-73.54144,-43.17064],[-73.54163,-43.17059],[-73.54182,-43.17054],[-73.54259,-43.17036],[-73.54278,-43.17033],[-73.54316,-43.17029],[-73.54335,-43.17025],[-73.543919,-43.170123],[-73.54393,-43.17012],[-73.54412,-43.17005],[-73.5445,-43.16997],[-73.54469,-43.16991],[-73.54508,-43.16985],[-73.54527,-43.1698],[-73.54546,-43.16973],[-73.54565,-43.16968],[-73.54584,-43.16963],[-73.54603,-43.16957],[-73.54642,-43.16946],[-73.5468,-43.16937],[-73.54699,-43.16934],[-73.54718,-43.16929],[-73.54738,-43.16924],[-73.54776,-43.16915],[-73.54795,-43.16909],[-73.54814,-43.169],[-73.54833,-43.16893],[-73.54851,-43.16884],[-73.54871,-43.16871],[-73.54888,-43.16857],[-73.54906,-43.16841],[-73.54916,-43.16825],[-73.54928,-43.16809],[-73.54933,-43.16792],[-73.54935,-43.16783],[-73.54947,-43.16727],[-73.54941,-43.16707],[-73.54941,-43.16688],[-73.54939,-43.16669],[-73.54949,-43.16632],[-73.54961,-43.16614],[-73.54981,-43.16577],[-73.54992,-43.16559],[-73.54997,-43.1654],[-73.55017,-43.16503],[-73.55026,-43.16485],[-73.55032,-43.16466],[-73.55038,-43.16448],[-73.55046,-43.16421],[-73.550539,-43.16396],[-73.55071,-43.16342],[-73.5508,-43.16333],[-73.55083,-43.1632],[-73.55087,-43.16302],[-73.55088,-43.16283],[-73.5509,-43.16265],[-73.55093,-43.16246],[-73.55102,-43.16228],[-73.55115,-43.16191],[-73.55119,-43.16172],[-73.5512,-43.16135],[-73.55117,-43.16116],[-73.55109,-43.16098],[-73.55103,-43.16079],[-73.55093,-43.1606],[-73.55062,-43.16001],[-73.55044,-43.15968],[-73.55035,-43.15943],[-73.55042,-43.15923],[-73.55051,-43.15902],[-73.55062,-43.15891],[-73.55072,-43.15881],[-73.55093,-43.1586],[-73.55117,-43.1584],[-73.551565,-43.158015],[-73.55159,-43.15799],[-73.55174,-43.15778],[-73.55179,-43.15773],[-73.5518,-43.15736],[-73.55174,-43.15715],[-73.55165,-43.15694],[-73.55158,-43.15673],[-73.55153,-43.15652],[-73.55164,-43.15606],[-73.55167,-43.15596],[-73.55181,-43.15543],[-73.55175,-43.15522],[-73.55171,-43.15504],[-73.55165,-43.15485],[-73.55158,-43.15466],[-73.55153,-43.15448],[-73.55146,-43.15429],[-73.5514,-43.1541],[-73.55137,-43.15392],[-73.55138,-43.15373],[-73.55145,-43.15336],[-73.55149,-43.15299],[-73.55153,-43.1528],[-73.55157,-43.15243],[-73.5516,-43.15225],[-73.55162,-43.15206],[-73.55158,-43.15188],[-73.55149,-43.15169],[-73.55141,-43.1515],[-73.55131,-43.15131],[-73.551296,-43.15129],[-73.55118,-43.15113],[-73.55108,-43.15094],[-73.55091,-43.15075],[-73.55071,-43.15056],[-73.55054,-43.15037],[-73.5504,-43.15019],[-73.55031,-43.15],[-73.55025,-43.14981],[-73.55022,-43.14963],[-73.55022,-43.14952],[-73.55027,-43.14944],[-73.55031,-43.14926],[-73.55044,-43.14889],[-73.55053,-43.1487],[-73.55076,-43.14833],[-73.55089,-43.14815],[-73.55104,-43.14796],[-73.5512,-43.14778],[-73.55149,-43.14741],[-73.55161,-43.14723],[-73.55171,-43.14704],[-73.55186,-43.14686],[-73.55197,-43.14668],[-73.55236,-43.14631],[-73.55249,-43.14612],[-73.55269,-43.14576],[-73.55274,-43.14557],[-73.55281,-43.14539],[-73.55285,-43.1452],[-73.55287,-43.14501],[-73.55286,-43.14483],[-73.55287,-43.14408],[-73.55289,-43.1439],[-73.55295,-43.14371],[-73.55303,-43.14353],[-73.55333,-43.14298],[-73.55346,-43.14261],[-73.553496,-43.142498],[-73.55352,-43.14242],[-73.5536,-43.14224],[-73.55383,-43.14187],[-73.55396,-43.14168],[-73.55406,-43.1415],[-73.55414,-43.14131],[-73.55421,-43.14113],[-73.5543,-43.14094],[-73.55443,-43.14057],[-73.55448,-43.14039],[-73.55452,-43.1402],[-73.55453,-43.13964],[-73.55452,-43.13946],[-73.55448,-43.13927],[-73.55442,-43.1389],[-73.55438,-43.13871],[-73.55429,-43.13853],[-73.55406,-43.13797],[-73.55396,-43.13778],[-73.553855,-43.137575],[-73.55386,-43.13741],[-73.55386,-43.13732],[-73.553915,-43.137285],[-73.55397,-43.13722],[-73.55418,-43.13705],[-73.55426,-43.13703],[-73.55433,-43.13696],[-73.55444,-43.13694],[-73.55452,-43.13688],[-73.55473,-43.13678],[-73.55503,-43.13665],[-73.55526,-43.13658],[-73.555425,-43.136506],[-73.556781,-43.137655],[-73.56267,-43.136452],[-73.562999,-43.135671],[-73.56318,-43.13571],[-73.5634,-43.13574],[-73.56362,-43.13575],[-73.56384,-43.13575],[-73.56406,-43.13573],[-73.56428,-43.13575],[-73.56451,-43.13577],[-73.56473,-43.13581],[-73.56495,-43.13587],[-73.56517,-43.13592],[-73.56539,-43.13599],[-73.56561,-43.13606],[-73.56605,-43.13615],[-73.56693,-43.13649],[-73.56715,-43.13659],[-73.56737,-43.13667],[-73.56781,-43.13691],[-73.56842,-43.13726],[-73.56863,-43.13736],[-73.56884,-43.13747],[-73.56907,-43.13753],[-73.56951,-43.1376],[-73.56973,-43.13763],[-73.56995,-43.13763],[-73.57017,-43.13765],[-73.5704,-43.13764],[-73.57084,-43.13764],[-73.57128,-43.13767],[-73.57239,-43.13769],[-73.57262,-43.13766],[-73.572918,-43.13768],[-73.57306,-43.13769],[-73.57417,-43.13771],[-73.57439,-43.13772],[-73.57461,-43.13772],[-73.57484,-43.13772],[-73.57506,-43.13772],[-73.5755,-43.13775],[-73.57572,-43.13775],[-73.57594,-43.13778],[-73.57639,-43.13778],[-73.57661,-43.1378],[-73.57683,-43.1378],[-73.57705,-43.13778],[-73.57772,-43.13775],[-73.57817,-43.13776],[-73.57861,-43.13779],[-73.57883,-43.13779],[-73.57905,-43.13781],[-73.57927,-43.13783],[-73.57972,-43.1379],[-73.57994,-43.13795],[-73.58016,-43.13801],[-73.58038,-43.13806],[-73.58082,-43.13818],[-73.58114,-43.13828],[-73.58287,-43.13882],[-73.58293,-43.13888],[-73.58312,-43.13897],[-73.583138,-43.138979],[-73.58331,-43.13906],[-73.58353,-43.13916],[-73.58375,-43.13928],[-73.58397,-43.13936],[-73.58417,-43.13948],[-73.58455,-43.13972],[-73.58472,-43.13985],[-73.58487,-43.13998],[-73.58506,-43.14017],[-73.58518,-43.14035],[-73.58522,-43.14054],[-73.58528,-43.14073],[-73.58529,-43.14091],[-73.58534,-43.1411],[-73.58541,-43.14129],[-73.58552,-43.14147],[-73.58566,-43.14166],[-73.58578,-43.14185],[-73.58594,-43.14202],[-73.58615,-43.1422],[-73.58636,-43.14238],[-73.58653,-43.14258],[-73.58668,-43.14279],[-73.58675,-43.14297],[-73.58678,-43.14316],[-73.58677,-43.14372],[-73.58678,-43.1439],[-73.586808,-43.144034],[-73.58682,-43.14409],[-73.58688,-43.14428],[-73.58693,-43.14446],[-73.58695,-43.14465],[-73.587,-43.14484],[-73.58699,-43.14521],[-73.58688,-43.14576],[-73.58686,-43.14595],[-73.58687,-43.14614],[-73.58685,-43.14632],[-73.58685,-43.14651],[-73.58683,-43.14669],[-73.58682,-43.14688],[-73.58675,-43.14725],[-73.5867,-43.14744],[-73.58666,-43.14762],[-73.58651,-43.14818],[-73.58644,-43.14836],[-73.58636,-43.1491],[-73.58629,-43.14929],[-73.58624,-43.14947],[-73.58616,-43.14966],[-73.5861,-43.14984],[-73.58607,-43.15003],[-73.586059,-43.150069],[-73.58602,-43.15021],[-73.58603,-43.1504],[-73.58606,-43.15059],[-73.5861,-43.15077],[-73.58613,-43.15096],[-73.58619,-43.15115],[-73.58621,-43.15133],[-73.5863,-43.15171],[-73.5863,-43.15189],[-73.58628,-43.15197],[-73.58624,-43.15208],[-73.58619,-43.15226],[-73.58608,-43.15245],[-73.58598,-43.15263],[-73.58581,-43.15281],[-73.58552,-43.15318],[-73.58539,-43.15337],[-73.58529,-43.15355],[-73.58517,-43.15374],[-73.58492,-43.15429],[-73.58482,-43.15448],[-73.58476,-43.15466],[-73.58462,-43.15484],[-73.58414,-43.1554],[-73.5836,-43.15595],[-73.58345,-43.15613],[-73.58306,-43.1565],[-73.58287,-43.15667],[-73.58264,-43.15691],[-73.58248,-43.15709],[-73.58231,-43.15728],[-73.5822,-43.157495],[-73.58212,-43.15765],[-73.58203,-43.15783],[-73.58196,-43.15802],[-73.58188,-43.1582],[-73.58181,-43.15839],[-73.5817,-43.15857],[-73.58163,-43.15876],[-73.5814,-43.15913],[-73.58132,-43.15931],[-73.58109,-43.15968],[-73.58091,-43.16003],[-73.58026,-43.1613],[-73.58032,-43.16132],[-73.58025,-43.16147],[-73.5802,-43.16155],[-73.58012,-43.16176],[-73.58,-43.16197],[-73.57975,-43.16259],[-73.57965,-43.1628],[-73.57956,-43.16301],[-73.579512,-43.163106],[-73.57946,-43.16321],[-73.57938,-43.16342],[-73.57931,-43.16363],[-73.57918,-43.16384],[-73.57898,-43.16425],[-73.57886,-43.16446],[-73.57878,-43.16467],[-73.57871,-43.16488],[-73.57861,-43.16509],[-73.57854,-43.16529],[-73.57849,-43.1655],[-73.57845,-43.16571],[-73.57845,-43.16592],[-73.57843,-43.1664],[-73.57842,-43.1666],[-73.5783,-43.16721],[-73.578265,-43.167325],[-73.57824,-43.16743],[-73.5782,-43.16761],[-73.57819,-43.16798],[-73.57816,-43.16817],[-73.57815,-43.16836],[-73.57813,-43.16854],[-73.57813,-43.16891],[-73.57814,-43.1691],[-73.57835,-43.16961],[-73.57847,-43.16989],[-73.57848,-43.1701],[-73.57853,-43.17048],[-73.578548,-43.17076],[-73.57859,-43.17141],[-73.57851,-43.17178],[-73.5783,-43.173],[-73.57822,-43.17321],[-73.57816,-43.17342],[-73.57795,-43.17384],[-73.57768,-43.17425],[-73.57754,-43.17446],[-73.57736,-43.17467],[-73.57693,-43.17508],[-73.57674,-43.17529],[-73.5765,-43.17548],[-73.57619,-43.17577],[-73.57603,-43.17597],[-73.57593,-43.17618],[-73.57567,-43.17681],[-73.5756,-43.17701],[-73.57552,-43.17722],[-73.57547,-43.17743],[-73.5752,-43.17785],[-73.575095,-43.17795],[-73.57499,-43.17805],[-73.57475,-43.17823],[-73.57444,-43.17851],[-73.57418,-43.17869],[-73.57384,-43.17897],[-73.57366,-43.17917],[-73.57342,-43.17938],[-73.57318,-43.17957],[-73.57286,-43.17986],[-73.57269,-43.18007],[-73.5725,-43.18027],[-73.57227,-43.18048],[-73.57203,-43.18068],[-73.57164,-43.18096],[-73.5714,-43.18117],[-73.57112,-43.18134],[-73.57074,-43.1816],[-73.57046,-43.18176],[-73.57008,-43.18195],[-73.56924,-43.18231],[-73.56881,-43.18247],[-73.56855,-43.18254],[-73.5683,-43.18263],[-73.56753,-43.18279],[-73.56728,-43.18286],[-73.56702,-43.18294],[-73.566513,-43.183072],[-73.56625,-43.18314],[-73.56523,-43.18336],[-73.56498,-43.18339],[-73.56472,-43.18344],[-73.56396,-43.18354],[-73.56345,-43.18365],[-73.56319,-43.18369],[-73.56268,-43.18385],[-73.56217,-43.18407],[-73.56194,-43.18424],[-73.56186,-43.18435],[-73.56181,-43.18444],[-73.56168,-43.18467],[-73.56151,-43.18488],[-73.56132,-43.18508],[-73.56114,-43.18529],[-73.56099,-43.1855],[-73.56092,-43.18571],[-73.56087,-43.18591],[-73.56083,-43.18612],[-73.56086,-43.18633],[-73.56093,-43.18669],[-73.56097,-43.18687],[-73.56109,-43.18694],[-73.56124,-43.18707],[-73.56146,-43.18722],[-73.56174,-43.18738],[-73.56202,-43.18749],[-73.56231,-43.18764],[-73.56259,-43.18781],[-73.56286,-43.18796],[-73.56311,-43.18813],[-73.56332,-43.1883],[-73.56353,-43.18849],[-73.56377,-43.18874],[-73.56401,-43.18895],[-73.56424,-43.18922],[-73.56449,-43.18947],[-73.56472,-43.18973],[-73.56494,-43.18994],[-73.56512,-43.190192],[-73.561227,-43.190986],[-73.559302,-43.195552],[-73.553406,-43.196753],[-73.549436,-43.19339],[-73.551362,-43.188825],[-73.557257,-43.187623],[-73.559182,-43.183058]]]},"properties":{"comuna":"Quellón","mancha_id":"10208-88ce126881fffff","clase":"Medio","nivel_medio":1.94,"nivel_medio_min":1.503,"nivel_medio_max":2.44,"pct_alto":9.7,"n_hexagonos":50,"area_ha":2213.28}},{"type":"Feature","geometry":{"type":"Polygon","coordinates":[[[-73.757345,-43.263691],[-73.75543,-43.268266],[-73.759428,-43.271629],[-73.757513,-43.276204],[-73.751599,-43.277415],[-73.747602,-43.274051],[-73.749518,-43.269477],[-73.745522,-43.266114],[-73.747437,-43.261539],[-73.753349,-43.260328],[-73.757345,-43.263691]]]},"properties":{"comuna":"Quellón","mancha_id":"10208-88ce126725fffff","clase":"Medio","nivel_medio":1.534,"nivel_medio_min":1.531,"nivel_medio_max":1.536,"pct_alto":0.0,"n_hexagonos":2,"area_ha":133.81}},{"type":"Feature","geometry":{"type":"Polygon","coordinates":[[[-73.791258,-43.286022],[-73.789344,-43.290598],[-73.783428,-43.29181],[-73.779426,-43.288447],[-73.78134,-43.283871],[-73.787256,-43.282658],[-73.791258,-43.286022]]]},"properties":{"comuna":"Quellón","mancha_id":"10208-88ce126709fffff","clase":"Medio","nivel_medio":1.668,"nivel_medio_min":1.668,"nivel_medio_max":1.668,"pct_alto":0.0,"n_hexagonos":1,"area_ha":66.95}},{"type":"Feature","geometry":{"type":"Polygon","coordinates":[[[-73.835141,-43.310502],[-73.833229,-43.315081],[-73.827308,-43.316295],[-73.8233,-43.312931],[-73.825212,-43.308353],[-73.831132,-43.307138],[-73.835141,-43.310502]]]},"properties":{"comuna":"Quellón","mancha_id":"10208-88ce126669fffff","clase":"Medio","nivel_medio":1.916,"nivel_medio_min":1.916,"nivel_medio_max":1.916,"pct_alto":0.0,"n_hexagonos":1,"area_ha":67.01}},{"type":"Feature","geometry":{"type":"Polygon","coordinates":[[[-73.86881,-43.287],[-73.86866,-43.28692],[-73.868614,-43.286879],[-73.87238,-43.286104],[-73.872693,-43.286367],[-73.87203,-43.28661],[-73.87093,-43.28671],[-73.87008,-43.28694],[-73.86976,-43.28707],[-73.86954,-43.28711],[-73.86936,-43.28711],[-73.86919,-43.28711],[-73.86896,-43.28702],[-73.86881,-43.287]]]},"properties":{"comuna":"Quellón","mancha_id":"10208-88ce12661dfffff","clase":"Medio","nivel_medio":1.544,"nivel_medio_min":1.544,"nivel_medio_max":1.544,"pct_alto":0.0,"n_hexagonos":1,"area_ha":1.22}},{"type":"Feature","geometry":{"type":"Polygon","coordinates":[[[-73.87055,-43.28807],[-73.87037,-43.28827],[-73.87012,-43.28834],[-73.86992,-43.28836],[-73.8697,-43.28834],[-73.86942,-43.2882],[-73.86937,-43.28805],[-73.86941,-43.288],[-73.86998,-43.28784],[-73.87024,-43.28781],[-73.8704,-43.28785],[-73.87052,-43.28793],[-73.87055,-43.28807]]]},"properties":{"comuna":"Quellón","mancha_id":"10208-88ce12661dfffff-2","clase":"Medio","nivel_medio":1.544,"nivel_medio_min":1.544,"nivel_medio_max":1.544,"pct_alto":0.0,"n_hexagonos":1,"area_ha":0.42}},{"type":"Feature","geometry":{"type":"Polygon","coordinates":[[[-73.74259,-43.22049],[-73.74271,-43.22058],[-73.74277,-43.22068],[-73.742773,-43.220684],[-73.741649,-43.220914],[-73.74163,-43.22088],[-73.74162,-43.22077],[-73.74164,-43.22068],[-73.74179,-43.22058],[-73.74202,-43.22049],[-73.74225,-43.22046],[-73.74243,-43.22046],[-73.74259,-43.22049]]]},"properties":{"comuna":"Quellón","mancha_id":"10208-88ce12652dfffff","clase":"Medio","nivel_medio":1.503,"nivel_medio_min":1.503,"nivel_medio_max":1.503,"pct_alto":1.4,"n_hexagonos":1,"area_ha":0.29}},{"type":"Feature","geometry":{"type":"Polygon","coordinates":[[[-73.740982,-43.221051],[-73.74119,-43.22094],[-73.74126,-43.22094],[-73.741309,-43.220984],[-73.740982,-43.221051]]]},"properties":{"comuna":"Quellón","mancha_id":"10208-88ce12652dfffff-2","clase":"Medio","nivel_medio":1.503,"nivel_medio_min":1.503,"nivel_medio_max":1.503,"pct_alto":1.4,"n_hexagonos":1,"area_ha":0.01}},{"type":"Feature","geometry":{"type":"Polygon","coordinates":[[[-73.752684,-43.210288],[-73.750771,-43.214861],[-73.754764,-43.218223],[-73.75285,-43.222797],[-73.746943,-43.224009],[-73.743053,-43.220733],[-73.74306,-43.22063],[-73.74307,-43.22045],[-73.74317,-43.22041],[-73.74349,-43.22025],[-73.74384,-43.22019],[-73.74401,-43.22004],[-73.74401,-43.21999],[-73.74393,-43.21994],[-73.74361,-43.21994],[-73.74328,-43.21987],[-73.743277,-43.219868],[-73.74298,-43.21968],[-73.74272,-43.21946],[-73.74251,-43.21926],[-73.7425,-43.21902],[-73.74242,-43.21882],[-73.742,-43.2183],[-73.74143,-43.21746],[-73.74115,-43.21631],[-73.74077,-43.21557],[-73.74048,-43.21515],[-73.74033,-43.21482],[-73.74034,-43.21459],[-73.74038,-43.21433],[-73.74096,-43.21378],[-73.74151,-43.21342],[-73.741632,-43.213352],[-73.74203,-43.21313],[-73.74215,-43.21292],[-73.74223,-43.21269],[-73.74243,-43.21246],[-73.74245,-43.21219],[-73.74265,-43.21194],[-73.7428,-43.2118],[-73.74281,-43.21171],[-73.74271,-43.21167],[-73.74256,-43.21169],[-73.7424,-43.2117],[-73.74225,-43.21163],[-73.74181,-43.21151],[-73.74166,-43.21138],[-73.74159,-43.21126],[-73.74168,-43.21096],[-73.74185,-43.21059],[-73.74256,-43.21012],[-73.74302,-43.20984],[-73.74323,-43.2098],[-73.74367,-43.20991],[-73.74415,-43.20998],[-73.74442,-43.20993],[-73.74467,-43.2098],[-73.74503,-43.20948],[-73.74622,-43.20889],[-73.74799,-43.20799],[-73.74904,-43.20722],[-73.752684,-43.210288]]]},"properties":{"comuna":"Quellón","mancha_id":"10208-88ce126521fffff","clase":"Medio","nivel_medio":1.648,"nivel_medio_min":1.503,"nivel_medio_max":1.842,"pct_alto":2.7,"n_hexagonos":3,"area_ha":136.16}},{"type":"Feature","geometry":{"type":"Polygon","coordinates":[[[-73.70067,-43.33321],[-73.70056,-43.33332],[-73.700388,-43.333324],[-73.70008,-43.33333],[-73.69986,-43.33337],[-73.69986,-43.33352],[-73.70003,-43.33368],[-73.70011,-43.3338],[-73.70013,-43.33396],[-73.69999,-43.33408],[-73.69966,-43.33413],[-73.69942,-43.33434],[-73.69915,-43.33457],[-73.69893,-43.33473],[-73.69864,-43.33493],[-73.69838,-43.33501],[-73.6982,-43.33507],[-73.69817,-43.3353],[-73.69841,-43.3353],[-73.69875,-43.33535],[-73.699,-43.33537],[-73.69915,-43.33545],[-73.69921,-43.33552],[-73.69923,-43.33568],[-73.69922,-43.33588],[-73.69906,-43.33613],[-73.69875,-43.33647],[-73.6983,-43.33683],[-73.69751,-43.33729],[-73.69668,-43.33767],[-73.69606,-43.33774],[-73.69556,-43.33775],[-73.69525,-43.33783],[-73.69507,-43.33783],[-73.69493,-43.33781],[-73.69483,-43.33766],[-73.69472,-43.33739],[-73.69459,-43.33715],[-73.69455,-43.33686],[-73.69494,-43.33663],[-73.69542,-43.33646],[-73.69553,-43.33622],[-73.69532,-43.33583],[-73.69528,-43.33568],[-73.69528,-43.33543],[-73.69533,-43.33512],[-73.69561,-43.33505],[-73.69588,-43.33484],[-73.69606,-43.33463],[-73.69635,-43.33426],[-73.69668,-43.33398],[-73.697,-43.33378],[-73.69725,-43.33367],[-73.69765,-43.3335],[-73.69821,-43.33347],[-73.69857,-43.33345],[-73.69894,-43.33345],[-73.69922,-43.33345],[-73.69936,-43.33344],[-73.69948,-43.33336],[-73.69958,-43.33327],[-73.69958,-43.33317],[-73.69965,-43.33305],[-73.69977,-43.33293],[-73.699858,-43.332876],[-73.69995,-43.33282],[-73.70017,-43.3327],[-73.70047,-43.33277],[-73.70053,-43.33283],[-73.70063,-43.33308],[-73.70067,-43.33321]]]},"properties":{"comuna":"Quellón","mancha_id":"10208-88ce1262e1fffff","clase":"Medio","nivel_medio":1.743,"nivel_medio_min":1.698,"nivel_medio_max":1.744,"pct_alto":2.4,"n_hexagonos":2,"area_ha":12.8}},{"type":"Feature","geometry":{"type":"Polygon","coordinates":[[[-73.758016,-43.313748],[-73.758015,-43.313747],[-73.759932,-43.309172],[-73.765849,-43.307961],[-73.767765,-43.303385],[-73.763764,-43.300021],[-73.76568,-43.295446],[-73.771596,-43.294234],[-73.775597,-43.297598],[-73.781514,-43.296387],[-73.785516,-43.299751],[-73.783602,-43.304327],[-73.777684,-43.305539],[-73.775769,-43.310115],[-73.778739,-43.312611],[-73.77808,-43.31243],[-73.77773,-43.31227],[-73.77733,-43.31219],[-73.77702,-43.31207],[-73.77659,-43.31204],[-73.77559,-43.31211],[-73.77439,-43.31212],[-73.77412,-43.31205],[-73.7737,-43.31187],[-73.77335,-43.3118],[-73.77298,-43.31179],[-73.77278,-43.31174],[-73.77252,-43.3114],[-73.77186,-43.31109],[-73.77172,-43.31105],[-73.77156,-43.31107],[-73.77147,-43.31144],[-73.77122,-43.31148],[-73.77071,-43.31118],[-73.770648,-43.311162],[-73.76976,-43.31091],[-73.7694,-43.31088],[-73.769276,-43.310843],[-73.7692,-43.31082],[-73.76904,-43.31071],[-73.76899,-43.31062],[-73.76899,-43.310602],[-73.76899,-43.31051],[-73.76911,-43.31038],[-73.76911,-43.31029],[-73.76891,-43.31014],[-73.76867,-43.31008],[-73.768311,-43.310031],[-73.76823,-43.31002],[-73.7673,-43.31011],[-73.76694,-43.31024],[-73.76651,-43.31028],[-73.76639,-43.31034],[-73.76639,-43.31043],[-73.76651,-43.31062],[-73.76656,-43.31081],[-73.76636,-43.31095],[-73.76612,-43.31101],[-73.76594,-43.311],[-73.76548,-43.3107],[-73.76529,-43.31065],[-73.76513,-43.31067],[-73.76482,-43.31091],[-73.76476,-43.31118],[-73.76382,-43.3118],[-73.76374,-43.31192],[-73.763,-43.31232],[-73.76255,-43.31253],[-73.7621,-43.31262],[-73.76163,-43.31277],[-73.76096,-43.3129],[-73.76032,-43.31298],[-73.7596,-43.31321],[-73.75912,-43.31331],[-73.75872,-43.31344],[-73.75844,-43.31359],[-73.758016,-43.313748]]]},"properties":{"comuna":"Quellón","mancha_id":"10208-88ce12629bfffff","clase":"Medio","nivel_medio":1.712,"nivel_medio_min":1.561,"nivel_medio_max":1.892,"pct_alto":0.2,"n_hexagonos":5,"area_ha":232.9}},{"type":"Feature","geometry":{"type":"Polygon","coordinates":[[[-73.683616,-43.374928],[-73.681692,-43.3795],[-73.68569,-43.382869],[-73.683766,-43.387442],[-73.679786,-43.388251],[-73.67955,-43.38823],[-73.67909,-43.38822],[-73.67863,-43.38818],[-73.67788,-43.38789],[-73.67661,-43.38744],[-73.67635,-43.3873],[-73.676226,-43.387283],[-73.675117,-43.386348],[-73.67529,-43.38605],[-73.6756,-43.3858],[-73.67544,-43.38537],[-73.6752,-43.38507],[-73.67525,-43.38461],[-73.67512,-43.38369],[-73.67511,-43.38294],[-73.674975,-43.382593],[-73.675312,-43.381794],[-73.67562,-43.38154],[-73.67605,-43.38138],[-73.67671,-43.38115],[-73.67711,-43.38081],[-73.6775,-43.38047],[-73.67782,-43.38029],[-73.677826,-43.380286],[-73.67833,-43.37998],[-73.67845,-43.37967],[-73.67807,-43.37939],[-73.67772,-43.37928],[-73.67753,-43.37924],[-73.67743,-43.37906],[-73.67737,-43.37882],[-73.67714,-43.37868],[-73.67689,-43.37848],[-73.67674,-43.37832],[-73.67663,-43.37793],[-73.67632,-43.37716],[-73.67628,-43.37611],[-73.67646,-43.37557],[-73.67636,-43.37526],[-73.67622,-43.37504],[-73.67607,-43.3746],[-73.67609,-43.37388],[-73.67608,-43.37341],[-73.67603,-43.37327],[-73.67594,-43.37305],[-73.67528,-43.37258],[-73.675101,-43.372478],[-73.679619,-43.371559],[-73.683616,-43.374928]]]},"properties":{"comuna":"Quellón","mancha_id":"10208-88ce126243fffff","clase":"Medio","nivel_medio":1.655,"nivel_medio_min":1.55,"nivel_medio_max":1.802,"pct_alto":0.0,"n_hexagonos":2,"area_ha":103.85}},{"type":"Feature","geometry":{"type":"Polygon","coordinates":[[[-73.667631,-43.361454],[-73.669556,-43.356881],[-73.665561,-43.353513],[-73.667485,-43.348941],[-73.673403,-43.347737],[-73.67457,-43.348721],[-73.67446,-43.34902],[-73.67426,-43.34933],[-73.67425,-43.3495],[-73.67434,-43.34961],[-73.6745,-43.34959],[-73.67488,-43.34938],[-73.675115,-43.34918],[-73.677398,-43.351105],[-73.683316,-43.3499],[-73.685193,-43.345438],[-73.685331,-43.345309],[-73.68563,-43.34503],[-73.68641,-43.34436],[-73.687,-43.34425],[-73.68765,-43.3441],[-73.6883,-43.34383],[-73.68864,-43.34371],[-73.68912,-43.34368],[-73.68967,-43.34368],[-73.69002,-43.3439],[-73.69051,-43.344],[-73.69096,-43.34407],[-73.691208,-43.344002],[-73.69198,-43.34379],[-73.69324,-43.34296],[-73.69466,-43.34232],[-73.695825,-43.34157],[-73.69662,-43.34057],[-73.69754,-43.33962],[-73.69881,-43.33842],[-73.698855,-43.338372],[-73.69909,-43.338124],[-73.69915,-43.33806],[-73.69925,-43.33791],[-73.69935,-43.33777],[-73.69946,-43.33751],[-73.69979,-43.33721],[-73.70012,-43.33691],[-73.7004,-43.33659],[-73.70067,-43.3363],[-73.70188,-43.33493],[-73.70251,-43.33442],[-73.70345,-43.33385],[-73.70388,-43.33353],[-73.70405,-43.33331],[-73.704194,-43.333103],[-73.70432,-43.33292],[-73.7048,-43.33265],[-73.70518,-43.33249],[-73.70563,-43.33235],[-73.70617,-43.33217],[-73.70656,-43.33204],[-73.70682,-43.33187],[-73.707,-43.33154],[-73.70686,-43.3313],[-73.70676,-43.33107],[-73.70688,-43.33077],[-73.70715,-43.33037],[-73.70764,-43.32975],[-73.70831,-43.329056],[-73.70845,-43.32891],[-73.70939,-43.32801],[-73.70962,-43.32791],[-73.70986,-43.32795],[-73.71008,-43.32801],[-73.7103,-43.32798],[-73.71041,-43.32781],[-73.710445,-43.327646],[-73.712076,-43.327313],[-73.71176,-43.32743],[-73.71152,-43.32748],[-73.71144,-43.32757],[-73.71134,-43.32776],[-73.71085,-43.32812],[-73.71047,-43.32851],[-73.71046,-43.32877],[-73.71027,-43.32935],[-73.70982,-43.32968],[-73.70931,-43.33005],[-73.70899,-43.33011],[-73.70871,-43.33031],[-73.70864,-43.33084],[-73.70836,-43.33128],[-73.70792,-43.33166],[-73.7081,-43.33185],[-73.7085,-43.33194],[-73.70871,-43.332],[-73.70924,-43.33202],[-73.70952,-43.33203],[-73.71045,-43.33161],[-73.71107,-43.33135],[-73.71272,-43.33064],[-73.71451,-43.33],[-73.71522,-43.32962],[-73.71592,-43.32924],[-73.716752,-43.328533],[-73.71732,-43.32805],[-73.71995,-43.32663],[-73.72073,-43.32629],[-73.72244,-43.32525],[-73.72321,-43.32496],[-73.7233,-43.32476],[-73.72331,-43.32455],[-73.72347,-43.32441],[-73.72372,-43.32428],[-73.72423,-43.3243],[-73.72465,-43.3244],[-73.72509,-43.32435],[-73.7258,-43.3242],[-73.726219,-43.324124],[-73.726509,-43.324368],[-73.726707,-43.324327],[-73.72665,-43.32449],[-73.72643,-43.32467],[-73.726356,-43.324731],[-73.72613,-43.32492],[-73.72591,-43.32503],[-73.72583,-43.32516],[-73.72575,-43.32528],[-73.72588,-43.32547],[-73.726035,-43.325498],[-73.72616,-43.32552],[-73.72646,-43.32556],[-73.72711,-43.3259],[-73.72741,-43.32609],[-73.72802,-43.32672],[-73.72839,-43.32701],[-73.72871,-43.32714],[-73.72924,-43.3273],[-73.72982,-43.32756],[-73.73029,-43.32765],[-73.7313,-43.32756],[-73.73305,-43.32721],[-73.73467,-43.327],[-73.736242,-43.326963],[-73.73639,-43.32696],[-73.73778,-43.32678],[-73.73838,-43.32663],[-73.73897,-43.32647],[-73.73976,-43.32645],[-73.74045,-43.32652],[-73.74086,-43.3265],[-73.74126,-43.32648],[-73.74236,-43.3264],[-73.74327,-43.32627],[-73.743416,-43.326218],[-73.746345,-43.328682],[-73.752264,-43.327473],[-73.754181,-43.322897],[-73.7601,-43.321688],[-73.762016,-43.317112],[-73.761363,-43.316563],[-73.76146,-43.31655],[-73.76172,-43.31645],[-73.76191,-43.31633],[-73.76225,-43.31633],[-73.76255,-43.31625],[-73.7626,-43.31609],[-73.76274,-43.31587],[-73.7634,-43.31585],[-73.7636,-43.31573],[-73.76385,-43.31548],[-73.76428,-43.31518],[-73.76543,-43.31449],[-73.76566,-43.31446],[-73.76604,-43.31449],[-73.76617,-43.31458],[-73.7663,-43.31477],[-73.76646,-43.31528],[-73.76647,-43.31545],[-73.76703,-43.31581],[-73.76698,-43.31599],[-73.766919,-43.316109],[-73.76681,-43.31632],[-73.76724,-43.31658],[-73.76746,-43.31682],[-73.76787,-43.31689],[-73.76827,-43.31713],[-73.76882,-43.31709],[-73.76909,-43.31711],[-73.769339,-43.317082],[-73.76971,-43.31704],[-73.77021,-43.31702],[-73.77061,-43.31691],[-73.77112,-43.31666],[-73.77169,-43.31646],[-73.77256,-43.31645],[-73.77278,-43.3165],[-73.77309,-43.31653],[-73.77345,-43.31666],[-73.77391,-43.31669],[-73.77444,-43.31689],[-73.77548,-43.31687],[-73.7759,-43.31692],[-73.77606,-43.31699],[-73.77607,-43.31706],[-73.77602,-43.31722],[-73.77606,-43.3173],[-73.77618,-43.31731],[-73.77626,-43.31732],[-73.77678,-43.31716],[-73.77774,-43.317],[-73.77791,-43.31699],[-73.77826,-43.31684],[-73.778365,-43.31684],[-73.7785,-43.31684],[-73.77888,-43.31693],[-73.77922,-43.3172],[-73.77973,-43.31745],[-73.77997,-43.31745],[-73.78016,-43.3174],[-73.78032,-43.31741],[-73.78041,-43.31742],[-73.78057,-43.31749],[-73.78074,-43.31749],[-73.78099,-43.31736],[-73.78114,-43.31721],[-73.78132,-43.31711],[-73.78186,-43.31694],[-73.78231,-43.31687],[-73.78266,-43.31653],[-73.78314,-43.31649],[-73.78336,-43.31642],[-73.78373,-43.31624],[-73.78379,-43.31617],[-73.78412,-43.31603],[-73.78435,-43.31599],[-73.78454,-43.31601],[-73.78473,-43.31615],[-73.78482,-43.31632],[-73.7851,-43.3164],[-73.78537,-43.31643],[-73.78596,-43.31687],[-73.78615,-43.31714],[-73.78614,-43.31758],[-73.78634,-43.31785],[-73.78683,-43.31836],[-73.78801,-43.31938],[-73.788068,-43.31952],[-73.78778,-43.320209],[-73.791785,-43.323573],[-73.797705,-43.322361],[-73.801711,-43.325726],[-73.799797,-43.330303],[-73.802308,-43.332412],[-73.80219,-43.33254],[-73.80176,-43.33289],[-73.80116,-43.33327],[-73.80084,-43.33363],[-73.80046,-43.33393],[-73.80013,-43.33426],[-73.79911,-43.33571],[-73.79884,-43.33603],[-73.79861,-43.33636],[-73.79815,-43.33687],[-73.79716,-43.33774],[-73.79693,-43.3379],[-73.79645,-43.33815],[-73.79604,-43.33856],[-73.79582,-43.33904],[-73.795649,-43.33919],[-73.79509,-43.33968],[-73.79482,-43.34005],[-73.79435,-43.3405],[-73.79426,-43.34069],[-73.79378,-43.34119],[-73.79354,-43.34136],[-73.79326,-43.34165],[-73.7931,-43.34198],[-73.79321,-43.34222],[-73.79338,-43.34237],[-73.79374,-43.34261],[-73.79416,-43.34277],[-73.79418,-43.34287],[-73.79412,-43.34294],[-73.79385,-43.34311],[-73.79324,-43.3432],[-73.79297,-43.34332],[-73.79261,-43.34355],[-73.79247,-43.34406],[-73.792434,-43.344366],[-73.788129,-43.345246],[-73.786213,-43.349823],[-73.78029,-43.351034],[-73.776284,-43.347668],[-73.770362,-43.348878],[-73.768445,-43.353454],[-73.77245,-43.356821],[-73.778374,-43.355611],[-73.779067,-43.356193],[-73.77844,-43.35682],[-73.77781,-43.35758],[-73.77772,-43.35777],[-73.77753,-43.35858],[-73.77755,-43.35913],[-73.7775,-43.35978],[-73.7776,-43.35987],[-73.77773,-43.35987],[-73.77809,-43.35969],[-73.77857,-43.35931],[-73.77868,-43.35918],[-73.77876,-43.35899],[-73.77896,-43.35815],[-73.77917,-43.35783],[-73.77943,-43.35759],[-73.780192,-43.357138],[-73.78238,-43.358977],[-73.780463,-43.363554],[-73.774539,-43.364764],[-73.772622,-43.36934],[-73.766697,-43.37055],[-73.764779,-43.375126],[-73.758854,-43.376335],[-73.756935,-43.380911],[-73.75101,-43.382119],[-73.747005,-43.378752],[-73.74108,-43.379959],[-73.73916,-43.384535],[-73.733235,-43.385742],[-73.731314,-43.390317],[-73.725389,-43.391523],[-73.721386,-43.388155],[-73.715461,-43.389361],[-73.711459,-43.385992],[-73.7064,-43.387022],[-73.70638,-43.38669],[-73.70634,-43.38644],[-73.70601,-43.38623],[-73.70558,-43.38606],[-73.70499,-43.38592],[-73.70451,-43.38595],[-73.704227,-43.386096],[-73.701535,-43.383829],[-73.703458,-43.379255],[-73.709381,-43.378049],[-73.711303,-43.373475],[-73.707303,-43.370107],[-73.701381,-43.371313],[-73.697382,-43.367945],[-73.699305,-43.363371],[-73.695306,-43.360003],[-73.689386,-43.361209],[-73.687463,-43.365782],[-73.681543,-43.366986],[-73.677546,-43.363618],[-73.671626,-43.364822],[-73.667631,-43.361454]],[[-73.701073,-43.346284],[-73.70507,-43.349651],[-73.71099,-43.348445],[-73.712911,-43.343871],[-73.708913,-43.340504],[-73.702994,-43.34171],[-73.701073,-43.346284]],[[-73.714989,-43.351812],[-73.713068,-43.356386],[-73.717067,-43.359753],[-73.722989,-43.358546],[-73.724909,-43.353972],[-73.720909,-43.350605],[-73.714989,-43.351812]],[[-73.729071,-43.369856],[-73.734993,-43.368649],[-73.736914,-43.364074],[-73.742836,-43.362866],[-73.744755,-43.35829],[-73.740753,-43.354924],[-73.734831,-43.356131],[-73.732911,-43.360706],[-73.72699,-43.361914],[-73.725069,-43.366488],[-73.719147,-43.367695],[-73.717225,-43.372269],[-73.721227,-43.375637],[-73.72715,-43.374431],[-73.729071,-43.369856]],[[-73.79196,-43.336092],[-73.793876,-43.331515],[-73.78987,-43.32815],[-73.783949,-43.329362],[-73.782033,-43.333938],[-73.786039,-43.337304],[-73.79196,-43.336092]]]},"properties":{"comuna":"Quellón","mancha_id":"10208-88ce126201fffff","clase":"Medio","nivel_medio":1.779,"nivel_medio_min":1.515,"nivel_medio_max":2.03,"pct_alto":0.3,"n_hexagonos":74,"area_ha":4461.76}},{"type":"Feature","geometry":{"type":"Polygon","coordinates":[[[-73.6694,-43.25793],[-73.669529,-43.257773],[-73.672213,-43.260038],[-73.67211,-43.26011],[-73.67029,-43.26076],[-73.66853,-43.26133],[-73.66776,-43.26167],[-73.66746,-43.26201],[-73.66724,-43.26213],[-73.66671,-43.2621],[-73.66605,-43.26198],[-73.66597,-43.26171],[-73.6659,-43.26143],[-73.66608,-43.26089],[-73.66609,-43.26036],[-73.66614,-43.26003],[-73.66633,-43.25984],[-73.66706,-43.259],[-73.66787,-43.25849],[-73.66901,-43.25819],[-73.6694,-43.25793]]]},"properties":{"comuna":"Quellón","mancha_id":"10208-88ce1261d1fffff","clase":"Medio","nivel_medio":1.669,"nivel_medio_min":1.669,"nivel_medio_max":1.669,"pct_alto":0.0,"n_hexagonos":1,"area_ha":13.19}},{"type":"Feature","geometry":{"type":"Polygon","coordinates":[[[-73.625616,-43.240474],[-73.62086,-43.241444],[-73.620207,-43.242997],[-73.62009,-43.24301],[-73.61961,-43.24307],[-73.61913,-43.24315],[-73.61882,-43.24328],[-73.61859,-43.24343],[-73.61843,-43.24366],[-73.61825,-43.24413],[-73.61811,-43.24456],[-73.61797,-43.24476],[-73.61772,-43.24489],[-73.61742,-43.24493],[-73.61725,-43.245],[-73.61721,-43.24509],[-73.6172,-43.24521],[-73.61708,-43.24533],[-73.61695,-43.24533],[-73.61681,-43.24531],[-73.61666,-43.24525],[-73.61645,-43.2451],[-73.61626,-43.2451],[-73.61604,-43.24514],[-73.61581,-43.24526],[-73.61536,-43.24545],[-73.61509,-43.24561],[-73.61459,-43.24575],[-73.61426,-43.24585],[-73.61347,-43.24627],[-73.61275,-43.24679],[-73.612644,-43.246888],[-73.61224,-43.24726],[-73.61207,-43.24747],[-73.61202,-43.24762],[-73.61205,-43.24776],[-73.61226,-43.24788],[-73.61252,-43.248],[-73.612634,-43.248164],[-73.612035,-43.249586],[-73.61191,-43.24962],[-73.61155,-43.24968],[-73.6114,-43.24976],[-73.61135,-43.2499],[-73.61138,-43.25008],[-73.61142,-43.25034],[-73.61141,-43.25071],[-73.61138,-43.25091],[-73.61126,-43.25103],[-73.61108,-43.25111],[-73.61092,-43.25119],[-73.61082,-43.25127],[-73.61078,-43.25138],[-73.61077,-43.25154],[-73.61064,-43.25182],[-73.610564,-43.251896],[-73.610104,-43.25199],[-73.61007,-43.25198],[-73.60989,-43.25186],[-73.60969,-43.25176],[-73.60946,-43.25174],[-73.60938,-43.25174],[-73.60933,-43.2518],[-73.60929,-43.25196],[-73.60911,-43.25211],[-73.6089,-43.25221],[-73.608844,-43.252247],[-73.605205,-43.252988],[-73.601225,-43.249623],[-73.60315,-43.245055],[-73.599171,-43.241691],[-73.593268,-43.242893],[-73.589291,-43.239528],[-73.583389,-43.240731],[-73.581463,-43.245298],[-73.575561,-43.246499],[-73.573634,-43.251066],[-73.572643,-43.251268],[-73.57262,-43.25124],[-73.57248,-43.25107],[-73.57225,-43.25074],[-73.57219,-43.25058],[-73.57201,-43.25009],[-73.57192,-43.24992],[-73.57189,-43.24976],[-73.57175,-43.24956],[-73.57161,-43.24941],[-73.57144,-43.24924],[-73.57126,-43.2491],[-73.5711,-43.24893],[-73.57096,-43.24877],[-73.57087,-43.24861],[-73.570815,-43.24851],[-73.57079,-43.24844],[-73.57078,-43.24828],[-73.57082,-43.24812],[-73.57088,-43.24796],[-73.57123,-43.24747],[-73.57131,-43.24731],[-73.57143,-43.24715],[-73.57156,-43.24699],[-73.571645,-43.246885],[-73.57169,-43.24683],[-73.57188,-43.24666],[-73.57203,-43.24653],[-73.57224,-43.24634],[-73.57239,-43.24619],[-73.57252,-43.24603],[-73.57262,-43.24587],[-73.57285,-43.24554],[-73.57298,-43.24538],[-73.57308,-43.24522],[-73.57319,-43.24506],[-73.57332,-43.2449],[-73.573481,-43.244739],[-73.57352,-43.2447],[-73.57367,-43.24455],[-73.57385,-43.24436],[-73.57398,-43.24421],[-73.57415,-43.24403],[-73.5743,-43.24389],[-73.57446,-43.24372],[-73.57461,-43.24359],[-73.5748,-43.24342],[-73.57493,-43.24329],[-73.57515,-43.24312],[-73.57529,-43.24299],[-73.57552,-43.24281],[-73.57568,-43.24267],[-73.57592,-43.24248],[-73.5761,-43.24234],[-73.57625,-43.24224],[-73.57649,-43.24208],[-73.57665,-43.24197],[-73.5768,-43.24183],[-73.57699,-43.2417],[-73.57718,-43.24157],[-73.57735,-43.24146],[-73.57754,-43.24138],[-73.57773,-43.24132],[-73.57811,-43.24121],[-73.57831,-43.24116],[-73.5785,-43.24115],[-73.57869,-43.24113],[-73.578855,-43.2411],[-73.57899,-43.24105],[-73.57907,-43.24106],[-73.57912,-43.24103],[-73.57929,-43.24103],[-73.57951,-43.24106],[-73.57967,-43.24118],[-73.57978,-43.24131],[-73.57984,-43.24132],[-73.57992,-43.24136],[-73.580115,-43.24133],[-73.58037,-43.24114],[-73.58055,-43.24099],[-73.58073,-43.24085],[-73.58094,-43.24074],[-73.58111,-43.24065],[-73.5812,-43.2406],[-73.581315,-43.24056],[-73.58153,-43.240555],[-73.5817,-43.24066],[-73.58184,-43.24078],[-73.58191,-43.24082],[-73.582,-43.24084],[-73.58223,-43.240825],[-73.5824,-43.240715],[-73.58244,-43.24053],[-73.58253,-43.24037],[-73.58265,-43.24021],[-73.582685,-43.240135],[-73.58273,-43.24004],[-73.58286,-43.23987],[-73.58297,-43.23977],[-73.58317,-43.23968],[-73.583345,-43.239635],[-73.58354,-43.23957],[-73.58378,-43.23939],[-73.58396,-43.23925],[-73.58415,-43.23912],[-73.5843,-43.23903],[-73.58451,-43.23893],[-73.58457,-43.2389],[-73.584685,-43.238855],[-73.58481,-43.2388],[-73.58555,-43.23848],[-73.58581,-43.23836],[-73.58615,-43.23824],[-73.58639,-43.23808],[-73.58646,-43.23797],[-73.58634,-43.23787],[-73.58607,-43.23789],[-73.58566,-43.2379],[-73.5854,-43.23785],[-73.58529,-43.23766],[-73.58538,-43.23741],[-73.58553,-43.23726],[-73.58586,-43.23712],[-73.58639,-43.23704],[-73.58669,-43.23695],[-73.58689,-43.23684],[-73.58706,-43.23667],[-73.58721,-43.23654],[-73.58754,-43.23645],[-73.58756,-43.23633],[-73.58731,-43.23624],[-73.58696,-43.23613],[-73.58674,-43.23598],[-73.58684,-43.23582],[-73.5871,-43.23571],[-73.58744,-43.23564],[-73.58776,-43.23571],[-73.58784,-43.23576],[-73.58795,-43.23603],[-73.58801,-43.23623],[-73.58824,-43.23639],[-73.58862,-43.23657],[-73.58912,-43.23658],[-73.58953,-43.23658],[-73.58994,-43.23634],[-73.59063,-43.23586],[-73.59084,-43.23568],[-73.590955,-43.235581],[-73.59099,-43.23555],[-73.59125,-43.2353],[-73.591466,-43.23491],[-73.59151,-43.23483],[-73.59185,-43.23432],[-73.59224,-43.23368],[-73.59251,-43.233],[-73.59224,-43.23273],[-73.59216,-43.23248],[-73.5922,-43.23225],[-73.59268,-43.23201],[-73.59322,-43.23182],[-73.59384,-43.23179],[-73.59404,-43.23197],[-73.59418,-43.23207],[-73.59435,-43.23208],[-73.59453,-43.23187],[-73.59464,-43.23174],[-73.59494,-43.23151],[-73.59559,-43.23154],[-73.59595,-43.23159],[-73.59616,-43.23162],[-73.59646,-43.23155],[-73.59667,-43.23143],[-73.5968,-43.2313],[-73.59757,-43.23065],[-73.5977,-43.23047],[-73.5978,-43.23028],[-73.59797,-43.22992],[-73.598,-43.22973],[-73.59807,-43.22954],[-73.59817,-43.22917],[-73.59829,-43.22899],[-73.59844,-43.22881],[-73.59849,-43.228724],[-73.59855,-43.22862],[-73.59865,-43.22844],[-73.59872,-43.22825],[-73.59874,-43.22807],[-73.59883,-43.22782],[-73.59887,-43.2277],[-73.59891,-43.22751],[-73.59901,-43.22733],[-73.59908,-43.22714],[-73.59918,-43.22696],[-73.59928,-43.2264],[-73.59934,-43.22621],[-73.59937,-43.22603],[-73.59939,-43.22584],[-73.5994,-43.22566],[-73.59944,-43.22529],[-73.59945,-43.22491],[-73.59939,-43.22473],[-73.59939,-43.22454],[-73.5993,-43.22417],[-73.59925,-43.2238],[-73.59925,-43.22361],[-73.59919,-43.22342],[-73.59922,-43.22231],[-73.59926,-43.22212],[-73.599295,-43.221945],[-73.59941,-43.22175],[-73.59957,-43.22157],[-73.59978,-43.22134],[-73.59998,-43.22118],[-73.60017,-43.221],[-73.60027,-43.220895],[-73.60037,-43.22083],[-73.60057,-43.2207],[-73.60109,-43.22052],[-73.60126,-43.22043],[-73.601273,-43.220386],[-73.60128,-43.22036],[-73.60135,-43.22018],[-73.6014,-43.21999],[-73.60144,-43.2198],[-73.60151,-43.21962],[-73.60157,-43.21943],[-73.60168,-43.21906],[-73.60169,-43.21869],[-73.60166,-43.21851],[-73.60161,-43.21832],[-73.6016,-43.21813],[-73.60154,-43.21795],[-73.60152,-43.21776],[-73.60146,-43.21757],[-73.60143,-43.21739],[-73.60137,-43.2172],[-73.60134,-43.21702],[-73.60128,-43.21683],[-73.60124,-43.21664],[-73.60112,-43.21645],[-73.60098,-43.21627],[-73.60087,-43.21608],[-73.60059,-43.21571],[-73.60041,-43.21549],[-73.60021,-43.21531],[-73.59999,-43.21512],[-73.59983,-43.21498],[-73.59966,-43.21485],[-73.59947,-43.21472],[-73.59927,-43.2146],[-73.59908,-43.21448],[-73.59888,-43.21436],[-73.5987,-43.21426],[-73.59853,-43.21413],[-73.59835,-43.21402],[-73.59809,-43.21385],[-73.59781,-43.21361],[-73.59758,-43.21344],[-73.59742,-43.21331],[-73.59719,-43.21313],[-73.59699,-43.21297],[-73.596951,-43.212917],[-73.59685,-43.21278],[-73.5966,-43.2124],[-73.59646,-43.21222],[-73.59637,-43.21203],[-73.596335,-43.211955],[-73.596305,-43.211845],[-73.59629,-43.21166],[-73.59629,-43.21147],[-73.59639,-43.21129],[-73.59649,-43.211165],[-73.59654,-43.2111],[-73.59663,-43.21104],[-73.59664,-43.21096],[-73.59675,-43.21088],[-73.59677,-43.2108],[-73.59685,-43.21075],[-73.59688,-43.21055],[-73.59686,-43.21036],[-73.5968,-43.21018],[-73.59662,-43.2098],[-73.59659,-43.20962],[-73.59662,-43.20943],[-73.59663,-43.20924],[-73.59674,-43.20906],[-73.59687,-43.20888],[-73.59704,-43.20869],[-73.59723,-43.20851],[-73.5974,-43.20832],[-73.59753,-43.20814],[-73.59785,-43.20777],[-73.59812,-43.2074],[-73.59841,-43.20704],[-73.59885,-43.20662],[-73.59904,-43.20646],[-73.59922,-43.20628],[-73.5995,-43.20605],[-73.60014,-43.20562],[-73.600309,-43.205485],[-73.60034,-43.20546],[-73.60063,-43.20523],[-73.60082,-43.20507],[-73.601,-43.20488],[-73.60118,-43.2047],[-73.60162,-43.20415],[-73.60178,-43.20396],[-73.60213,-43.20341],[-73.60239,-43.20304],[-73.60254,-43.20286],[-73.60287,-43.20249],[-73.60306,-43.20231],[-73.60329,-43.20211],[-73.60354,-43.20193],[-73.60382,-43.20176],[-73.60403,-43.20162],[-73.60425,-43.20151],[-73.60448,-43.20143],[-73.60493,-43.20125],[-73.60538,-43.20104],[-73.60605,-43.20081],[-73.60627,-43.20074],[-73.6065,-43.20063],[-73.60672,-43.20055],[-73.60695,-43.20045],[-73.60717,-43.20037],[-73.60738,-43.20028],[-73.607455,-43.200245],[-73.6076,-43.2002],[-73.60767,-43.20014],[-73.60776,-43.20013],[-73.60784,-43.20005],[-73.60805,-43.1999],[-73.608165,-43.199795],[-73.608191,-43.199765],[-73.60823,-43.19972],[-73.60828,-43.19969],[-73.60831,-43.19958],[-73.60841,-43.19942],[-73.60848,-43.19935],[-73.60856,-43.19917],[-73.60861,-43.19898],[-73.60862,-43.1988],[-73.60854,-43.19824],[-73.60852,-43.19805],[-73.60848,-43.19786],[-73.60849,-43.19731],[-73.60857,-43.19694],[-73.60865,-43.19675],[-73.60872,-43.19657],[-73.6088,-43.19638],[-73.60883,-43.19616],[-73.60899,-43.19599],[-73.60947,-43.19548],[-73.60971,-43.1953],[-73.60991,-43.19509],[-73.61014,-43.19489],[-73.6103,-43.19468],[-73.61043,-43.19447],[-73.61053,-43.19427],[-73.6106,-43.19415],[-73.6106,-43.19403],[-73.61057,-43.1938],[-73.61058,-43.19364],[-73.61053,-43.19357],[-73.610474,-43.193457],[-73.61041,-43.19333],[-73.61027,-43.1931],[-73.61017,-43.19287],[-73.61012,-43.19266],[-73.61013,-43.19245],[-73.61016,-43.19224],[-73.6103,-43.19182],[-73.6104,-43.19161],[-73.61048,-43.19141],[-73.61058,-43.1912],[-73.61064,-43.19099],[-73.61072,-43.19078],[-73.61079,-43.19057],[-73.61092,-43.19037],[-73.61121,-43.19009],[-73.61184,-43.18962],[-73.61228,-43.18938],[-73.61252,-43.1892],[-73.612565,-43.189165],[-73.61262,-43.18912],[-73.61267,-43.18907],[-73.61275,-43.18901],[-73.61285,-43.18879],[-73.61291,-43.18858],[-73.61299,-43.18816],[-73.61299,-43.18793],[-73.61294,-43.18746],[-73.61282,-43.18723],[-73.61273,-43.187],[-73.61256,-43.18674],[-73.61237,-43.18654],[-73.61214,-43.18636],[-73.61187,-43.18621],[-73.61159,-43.18605],[-73.61132,-43.18595],[-73.61096,-43.18572],[-73.61071,-43.18551],[-73.61048,-43.18527],[-73.610334,-43.185136],[-73.61023,-43.18504],[-73.60999,-43.18474],[-73.60972,-43.18446],[-73.6095,-43.18424],[-73.6093,-43.184],[-73.60915,-43.18377],[-73.60903,-43.18354],[-73.60881,-43.18324],[-73.60853,-43.18298],[-73.60794,-43.18251],[-73.60771,-43.18231],[-73.607635,-43.182245],[-73.60751,-43.18208],[-73.60744,-43.18203],[-73.60744,-43.18196],[-73.60738,-43.18194],[-73.60728,-43.18161],[-73.60724,-43.1814],[-73.60724,-43.18119],[-73.60734,-43.18098],[-73.60746,-43.18078],[-73.60767,-43.18057],[-73.60793,-43.18035],[-73.60817,-43.18019],[-73.60843,-43.18003],[-73.60868,-43.1799],[-73.60894,-43.17977],[-73.6092,-43.17963],[-73.60945,-43.17952],[-73.60971,-43.17942],[-73.60996,-43.17934],[-73.61048,-43.17912],[-73.61088,-43.17897],[-73.61115,-43.17882],[-73.61131,-43.17872],[-73.61146,-43.1786],[-73.61154,-43.17854],[-73.61164,-43.1784],[-73.61165,-43.17832],[-73.61163,-43.17811],[-73.61163,-43.177901],[-73.61163,-43.1779],[-73.61189,-43.17767],[-73.61226,-43.17749],[-73.61247,-43.17737],[-73.6127,-43.17725],[-73.61294,-43.17705],[-73.61315,-43.17685],[-73.61339,-43.17664],[-73.61357,-43.17643],[-73.61372,-43.17623],[-73.61377,-43.17602],[-73.61387,-43.17581],[-73.61388,-43.17518],[-73.61395,-43.17498],[-73.61405,-43.17477],[-73.61416,-43.17435],[-73.61418,-43.17412],[-73.61417,-43.17389],[-73.61411,-43.17342],[-73.61401,-43.17319],[-73.61387,-43.17295],[-73.61369,-43.17272],[-73.61362,-43.17266],[-73.61363,-43.1726],[-73.61352,-43.172505],[-73.61347,-43.17225],[-73.61345,-43.17202],[-73.613436,-43.171978],[-73.61337,-43.17179],[-73.61327,-43.1716],[-73.61319,-43.17156],[-73.61291,-43.17142],[-73.61262,-43.17132],[-73.61234,-43.17125],[-73.61205,-43.17117],[-73.61177,-43.17109],[-73.6115,-43.17096],[-73.61122,-43.17078],[-73.61097,-43.17056],[-73.61076,-43.17038],[-73.610525,-43.17021],[-73.61032,-43.16996],[-73.61017,-43.16973],[-73.61009,-43.16963],[-73.61009,-43.16952],[-73.61016,-43.16931],[-73.61031,-43.1691],[-73.61047,-43.16889],[-73.61076,-43.16863],[-73.6111,-43.1684],[-73.61147,-43.1682],[-73.61189,-43.16802],[-73.61203,-43.16797],[-73.61206,-43.16792],[-73.61219,-43.16787],[-73.61244,-43.16766],[-73.61265,-43.16746],[-73.61281,-43.16725],[-73.61293,-43.16704],[-73.6132,-43.16675],[-73.61385,-43.1663],[-73.61419,-43.16608],[-73.61454,-43.16589],[-73.6148,-43.16572],[-73.61514,-43.16549],[-73.61536,-43.1653],[-73.61562,-43.16514],[-73.61588,-43.16497],[-73.6161,-43.16481],[-73.61673,-43.16432],[-73.617149,-43.163993],[-73.620054,-43.16645],[-73.620233,-43.166413],[-73.62032,-43.16652],[-73.62118,-43.16723],[-73.62216,-43.16767],[-73.62259,-43.16787],[-73.62281,-43.16787],[-73.62314,-43.16791],[-73.62343,-43.16801],[-73.62372,-43.16816],[-73.62402,-43.16834],[-73.62436,-43.16857],[-73.62477,-43.16882],[-73.62515,-43.16894],[-73.62558,-43.16915],[-73.62595,-43.16943],[-73.62642,-43.16974],[-73.62671,-43.16995],[-73.62681,-43.17012],[-73.62706,-43.17077],[-73.62726,-43.17095],[-73.62745,-43.17123],[-73.62752,-43.17138],[-73.62748,-43.17159],[-73.62745,-43.17183],[-73.62763,-43.17211],[-73.62766,-43.17267],[-73.62783,-43.17291],[-73.62782,-43.17312],[-73.627764,-43.173222],[-73.62776,-43.17323],[-73.62742,-43.17344],[-73.62718,-43.17357],[-73.62711,-43.17377],[-73.62707,-43.17402],[-73.62709,-43.17441],[-73.62711,-43.17462],[-73.62744,-43.17502],[-73.62778,-43.17556],[-73.62779,-43.17603],[-73.62826,-43.17704],[-73.62853,-43.17783],[-73.62859,-43.178],[-73.62901,-43.17869],[-73.62912,-43.17886],[-73.62961,-43.17938],[-73.6301,-43.1799],[-73.630423,-43.180243],[-73.630062,-43.181103],[-73.634039,-43.184465],[-73.638082,-43.183638],[-73.63823,-43.18373],[-73.63842,-43.18377],[-73.63859,-43.18374],[-73.63871,-43.18366],[-73.6388,-43.18355],[-73.638867,-43.183477],[-73.639692,-43.183308],[-73.63972,-43.18332],[-73.639765,-43.183385],[-73.63972,-43.18348],[-73.63956,-43.18355],[-73.63939,-43.1836],[-73.63918,-43.18367],[-73.63911,-43.18371],[-73.63909,-43.18377],[-73.63912,-43.18384],[-73.63926,-43.18391],[-73.6394,-43.18396],[-73.63953,-43.184],[-73.63972,-43.18401],[-73.63994,-43.18404],[-73.64001,-43.18404],[-73.64011,-43.18411],[-73.64015,-43.18417],[-73.64018,-43.18428],[-73.64013,-43.18443],[-73.64009,-43.18475],[-73.64022,-43.18492],[-73.64055,-43.18531],[-73.64086,-43.18556],[-73.64106,-43.18596],[-73.64136,-43.18621],[-73.64158,-43.18631],[-73.64185,-43.18634],[-73.64208,-43.18635],[-73.64229,-43.18636],[-73.64259,-43.1864],[-73.64261,-43.18646],[-73.64259,-43.18658],[-73.64246,-43.18677],[-73.64189,-43.18722],[-73.6412,-43.18767],[-73.64005,-43.18832],[-73.63917,-43.18878],[-73.63825,-43.18913],[-73.63759,-43.1895],[-73.63687,-43.18997],[-73.63669,-43.19019],[-73.63665,-43.19035],[-73.63675,-43.1906],[-73.63678,-43.19086],[-73.63663,-43.19127],[-73.63641,-43.19153],[-73.63634,-43.19172],[-73.63636,-43.19189],[-73.63655,-43.19217],[-73.636616,-43.192289],[-73.636097,-43.192395],[-73.635581,-43.193624],[-73.63531,-43.19372],[-73.6346,-43.19419],[-73.63396,-43.19465],[-73.63366,-43.19488],[-73.6334,-43.19498],[-73.63308,-43.19511],[-73.63285,-43.19522],[-73.63268,-43.19533],[-73.63254,-43.19546],[-73.63238,-43.19564],[-73.63233,-43.19589],[-73.63221,-43.19681],[-73.631992,-43.19741],[-73.6318,-43.19794],[-73.63144,-43.19848],[-73.63139,-43.19861],[-73.63123,-43.19898],[-73.63113,-43.19916],[-73.63106,-43.19935],[-73.63104,-43.19953],[-73.63099,-43.19972],[-73.63092,-43.1999],[-73.63091,-43.20046],[-73.63092,-43.20064],[-73.63111,-43.20126],[-73.63121,-43.20166],[-73.63128,-43.20216],[-73.63116,-43.20258],[-73.63115,-43.20325],[-73.63132,-43.20361],[-73.63151,-43.20379],[-73.63154,-43.20399],[-73.63095,-43.20437],[-73.63059,-43.20497],[-73.629876,-43.205713],[-73.62985,-43.20574],[-73.62904,-43.2065],[-73.62883,-43.20717],[-73.62857,-43.20747],[-73.62834,-43.20765],[-73.62791,-43.20804],[-73.62776,-43.20834],[-73.62724,-43.20878],[-73.62652,-43.20963],[-73.62562,-43.21088],[-73.625372,-43.211291],[-73.6253,-43.21141],[-73.62515,-43.21176],[-73.6251,-43.21205],[-73.62537,-43.21254],[-73.62538,-43.21277],[-73.62527,-43.21298],[-73.62496,-43.21359],[-73.6247,-43.21411],[-73.62445,-43.2154],[-73.62414,-43.21629],[-73.62368,-43.21711],[-73.62344,-43.21767],[-73.62308,-43.21804],[-73.622816,-43.218324],[-73.62268,-43.21847],[-73.62222,-43.21882],[-73.62169,-43.21937],[-73.62125,-43.21987],[-73.62103,-43.22009],[-73.62087,-43.2203],[-73.62081,-43.22049],[-73.62081,-43.22066],[-73.62084,-43.22086],[-73.62084,-43.22102],[-73.62074,-43.22115],[-73.62052,-43.22133],[-73.62034,-43.22151],[-73.62022,-43.22173],[-73.62024,-43.22227],[-73.62055,-43.22313],[-73.62068,-43.22349],[-73.62066,-43.22365],[-73.62059,-43.22374],[-73.62043,-43.22388],[-73.62025,-43.22404],[-73.62009,-43.2242],[-73.62005,-43.22438],[-73.62004,-43.22459],[-73.62005,-43.22478],[-73.620148,-43.224885],[-73.62031,-43.22506],[-73.62068,-43.22544],[-73.62097,-43.22557],[-73.62119,-43.22564],[-73.62131,-43.22571],[-73.62134,-43.22587],[-73.62133,-43.2261],[-73.62128,-43.22632],[-73.62126,-43.22673],[-73.62128,-43.22704],[-73.6214,-43.2273],[-73.62155,-43.22776],[-73.62171,-43.22808],[-73.622,-43.22835],[-73.62249,-43.22848],[-73.62289,-43.22844],[-73.62314,-43.22842],[-73.62331,-43.22844],[-73.62345,-43.22852],[-73.62349,-43.22857],[-73.6235,-43.2287],[-73.6232,-43.2289],[-73.62304,-43.22899],[-73.6228,-43.22913],[-73.62277,-43.22927],[-73.62277,-43.22936],[-73.62289,-43.22944],[-73.62303,-43.22943],[-73.62319,-43.22941],[-73.62327,-43.22941],[-73.6234,-43.22945],[-73.62348,-43.22956],[-73.62362,-43.22969],[-73.62373,-43.22976],[-73.62381,-43.22987],[-73.62382,-43.23003],[-73.62358,-43.23039],[-73.62308,-43.23106],[-73.62282,-43.23174],[-73.62271,-43.23212],[-73.62269,-43.23233],[-73.62271,-43.23249],[-73.62279,-43.23261],[-73.62295,-43.23266],[-73.622973,-43.232661],[-73.62324,-43.23267],[-73.62343,-43.23275],[-73.6235,-43.23283],[-73.62358,-43.23295],[-73.62365,-43.23317],[-73.62367,-43.23341],[-73.62378,-43.23354],[-73.623915,-43.23362],[-73.62391,-43.23373],[-73.62379,-43.23382],[-73.62371,-43.23391],[-73.62369,-43.23406],[-73.62371,-43.2342],[-73.62382,-43.23433],[-73.62398,-43.23441],[-73.62412,-43.23445],[-73.62427,-43.23448],[-73.62437,-43.23454],[-73.62445,-43.23461],[-73.62453,-43.23472],[-73.62457,-43.23487],[-73.62456,-43.23534],[-73.62463,-43.2355],[-73.62475,-43.23567],[-73.62493,-43.23601],[-73.62491,-43.23609],[-73.62456,-43.2367],[-73.62462,-43.23701],[-73.62476,-43.23713],[-73.62489,-43.23721],[-73.62507,-43.23732],[-73.6253,-43.2374],[-73.62548,-43.2374],[-73.62566,-43.23737],[-73.62588,-43.23728],[-73.62609,-43.23716],[-73.62625,-43.23713],[-73.6264,-43.23715],[-73.6265,-43.23724],[-73.62648,-43.23748],[-73.62634,-43.2377],[-73.62636,-43.23791],[-73.62643,-43.23804],[-73.62648,-43.23817],[-73.62644,-43.23827],[-73.62632,-43.23837],[-73.62622,-43.23842],[-73.62607,-43.23852],[-73.62597,-43.23859],[-73.62587,-43.23869],[-73.62591,-43.23882],[-73.62604,-43.23892],[-73.62614,-43.23899],[-73.62617,-43.23907],[-73.62609,-43.239175],[-73.62595,-43.23925],[-73.6258,-43.23931],[-73.62555,-43.23943],[-73.62545,-43.23957],[-73.62545,-43.23975],[-73.62555,-43.24009],[-73.625616,-43.240474]],[[-73.608921,-43.231352],[-73.614824,-43.230148],[-73.616747,-43.225579],[-73.612768,-43.222216],[-73.606867,-43.22342],[-73.604943,-43.227987],[-73.599042,-43.229191],[-73.597118,-43.233758],[-73.601095,-43.237123],[-73.606998,-43.23592],[-73.608921,-43.231352]]]},"properties":{"comuna":"Quellón","mancha_id":"10208-88ce1261a1fffff","clase":"Medio","nivel_medio":1.871,"nivel_medio_min":1.507,"nivel_medio_max":2.405,"pct_alto":7.6,"n_hexagonos":36,"area_ha":1722.54}},{"type":"Feature","geometry":{"type":"Polygon","coordinates":[[[-73.665434,-43.238132],[-73.666174,-43.236369],[-73.663452,-43.234071],[-73.66358,-43.23353],[-73.66379,-43.23239],[-73.66391,-43.23197],[-73.66407,-43.23168],[-73.66405,-43.2314],[-73.66398,-43.23098],[-73.664,-43.23075],[-73.66433,-43.23033],[-73.66465,-43.22992],[-73.66706,-43.22862],[-73.66845,-43.22778],[-73.668654,-43.227506],[-73.6688,-43.22731],[-73.66892,-43.22701],[-73.66891,-43.22687],[-73.66878,-43.2267],[-73.6686,-43.22658],[-73.6683,-43.2264],[-73.66801,-43.22609],[-73.66805,-43.22572],[-73.6681,-43.22542],[-73.66831,-43.22521],[-73.66866,-43.22501],[-73.66897,-43.22491],[-73.66916,-43.22482],[-73.66933,-43.22469],[-73.66943,-43.22456],[-73.66973,-43.2245],[-73.67,-43.22451],[-73.67015,-43.22451],[-73.67028,-43.22451],[-73.67046,-43.22443],[-73.67051,-43.22429],[-73.67048,-43.22416],[-73.67042,-43.22389],[-73.67021,-43.2236],[-73.67004,-43.22321],[-73.66963,-43.22306],[-73.6694,-43.22305],[-73.66904,-43.22318],[-73.66881,-43.22343],[-73.66844,-43.22372],[-73.6679,-43.22393],[-73.6677,-43.224],[-73.66732,-43.22397],[-73.66716,-43.22387],[-73.66679,-43.22373],[-73.66635,-43.22366],[-73.66582,-43.22345],[-73.66551,-43.22321],[-73.66532,-43.22292],[-73.66523,-43.22275],[-73.66516,-43.22266],[-73.66489,-43.22257],[-73.66457,-43.22255],[-73.66433,-43.22252],[-73.6642,-43.22239],[-73.66412,-43.22213],[-73.66404,-43.22194],[-73.66396,-43.22178],[-73.66374,-43.22168],[-73.66362,-43.22156],[-73.66362,-43.22147],[-73.66377,-43.22131],[-73.66385,-43.2212],[-73.66398,-43.22106],[-73.664,-43.22084],[-73.66401,-43.22063],[-73.66411,-43.2204],[-73.66449,-43.22006],[-73.664637,-43.219972],[-73.66496,-43.21978],[-73.66526,-43.2195],[-73.66545,-43.21911],[-73.66561,-43.21889],[-73.6658,-43.2187],[-73.66588,-43.21848],[-73.66578,-43.21833],[-73.66563,-43.21819],[-73.66556,-43.21805],[-73.66527,-43.21784],[-73.66493,-43.2177],[-73.66451,-43.21749],[-73.66414,-43.21747],[-73.66372,-43.21724],[-73.66344,-43.21705],[-73.66327,-43.2169],[-73.66302,-43.21676],[-73.66288,-43.21662],[-73.6628,-43.21646],[-73.6625,-43.21624],[-73.66229,-43.21604],[-73.66222,-43.21596],[-73.66236,-43.21546],[-73.66238,-43.2152],[-73.66233,-43.21508],[-73.66216,-43.21488],[-73.66207,-43.21466],[-73.66209,-43.21418],[-73.66219,-43.21374],[-73.66232,-43.21299],[-73.66231,-43.21237],[-73.662298,-43.212096],[-73.66229,-43.21193],[-73.66231,-43.21164],[-73.66237,-43.21136],[-73.66258,-43.21112],[-73.66284,-43.21061],[-73.66314,-43.20983],[-73.66322,-43.20911],[-73.66324,-43.20859],[-73.66305,-43.20814],[-73.66246,-43.20742],[-73.66209,-43.20705],[-73.66192,-43.20661],[-73.66194,-43.20635],[-73.66196,-43.20621],[-73.66203,-43.20612],[-73.66224,-43.20599],[-73.66232,-43.20584],[-73.66233,-43.2057],[-73.66227,-43.20554],[-73.66212,-43.20534],[-73.66194,-43.20514],[-73.66176,-43.20461],[-73.66164,-43.20398],[-73.661597,-43.203885],[-73.66143,-43.20352],[-73.66134,-43.20309],[-73.66134,-43.20276],[-73.66134,-43.20247],[-73.66132,-43.20222],[-73.66131,-43.20195],[-73.66132,-43.20176],[-73.66126,-43.20151],[-73.66128,-43.20125],[-73.66134,-43.20108],[-73.66163,-43.20084],[-73.66198,-43.20073],[-73.66227,-43.20041],[-73.66248,-43.19984],[-73.66251,-43.19942],[-73.66274,-43.199],[-73.66322,-43.19848],[-73.66333,-43.19811],[-73.66335,-43.19777],[-73.66312,-43.19732],[-73.66297,-43.19683],[-73.662841,-43.196414],[-73.66284,-43.19641],[-73.66238,-43.19532],[-73.662097,-43.194688],[-73.662526,-43.193665],[-73.66266,-43.19358],[-73.66304,-43.19337],[-73.66379,-43.19315],[-73.66488,-43.19284],[-73.66609,-43.19231],[-73.66719,-43.19194],[-73.6687,-43.19145],[-73.66946,-43.19129],[-73.67014,-43.19129],[-73.67068,-43.19137],[-73.67089,-43.19145],[-73.67121,-43.19154],[-73.67142,-43.19154],[-73.671664,-43.191483],[-73.673557,-43.193082],[-73.679458,-43.191873],[-73.680021,-43.190531],[-73.6801,-43.19054],[-73.68058,-43.19066],[-73.68121,-43.19069],[-73.68207,-43.19053],[-73.6825,-43.1904],[-73.683,-43.19009],[-73.68331,-43.18989],[-73.6837,-43.18978],[-73.68448,-43.18965],[-73.68577,-43.18949],[-73.6868,-43.18908],[-73.68807,-43.18884],[-73.68963,-43.18859],[-73.69018,-43.188544],[-73.69126,-43.189455],[-73.697161,-43.188245],[-73.69833,-43.185456],[-73.69902,-43.18507],[-73.69938,-43.18494],[-73.69951,-43.1848],[-73.69952,-43.18467],[-73.69958,-43.18454],[-73.69967,-43.18447],[-73.69985,-43.18442],[-73.70012,-43.18438],[-73.70063,-43.18425],[-73.70113,-43.184],[-73.70168,-43.18345],[-73.70221,-43.18308],[-73.702538,-43.182963],[-73.704977,-43.182463],[-73.70522,-43.181885],[-73.70528,-43.18186],[-73.70631,-43.18136],[-73.70699,-43.18128],[-73.70767,-43.18112],[-73.70859,-43.18084],[-73.70947,-43.18063],[-73.70994,-43.1804],[-73.71047,-43.18021],[-73.71115,-43.18006],[-73.71146,-43.17984],[-73.71152,-43.17961],[-73.7116,-43.1794],[-73.7116,-43.17928],[-73.71153,-43.17917],[-73.71131,-43.179],[-73.7111,-43.17882],[-73.71095,-43.1787],[-73.71082,-43.17859],[-73.71074,-43.17838],[-73.71072,-43.17819],[-73.71072,-43.17808],[-73.71077,-43.17786],[-73.71099,-43.17762],[-73.71128,-43.17722],[-73.7116,-43.17694],[-73.71164,-43.176917],[-73.712793,-43.176681],[-73.712995,-43.176199],[-73.71405,-43.17578],[-73.71523,-43.17544],[-73.71642,-43.17533],[-73.71671,-43.17532],[-73.71702,-43.17523],[-73.71709,-43.17513],[-73.7172,-43.17497],[-73.71736,-43.17486],[-73.71751,-43.17485],[-73.71778,-43.17497],[-73.71804,-43.17498],[-73.71885,-43.17482],[-73.7196,-43.17482],[-73.72021,-43.17493],[-73.72042,-43.17493],[-73.72056,-43.17491],[-73.72068,-43.17482],[-73.72082,-43.17482],[-73.72092,-43.17487],[-73.721,-43.17495],[-73.72105,-43.17515],[-73.72118,-43.17533],[-73.72123,-43.17551],[-73.72141,-43.17568],[-73.7217,-43.17588],[-73.72204,-43.17609],[-73.72257,-43.17629],[-73.72286,-43.17639],[-73.72305,-43.17645],[-73.72319,-43.17644],[-73.72327,-43.17634],[-73.72327,-43.1762],[-73.72329,-43.17605],[-73.72334,-43.17593],[-73.72356,-43.1759],[-73.72372,-43.17598],[-73.723838,-43.176064],[-73.72268,-43.178829],[-73.726667,-43.18219],[-73.727031,-43.182115],[-73.72708,-43.18225],[-73.72743,-43.18281],[-73.72748,-43.18345],[-73.72752,-43.184],[-73.72752,-43.18475],[-73.72753,-43.18484],[-73.72735,-43.18541],[-73.72709,-43.18558],[-73.72706,-43.18573],[-73.72712,-43.18584],[-73.7274,-43.18602],[-73.72728,-43.1863],[-73.72707,-43.18652],[-73.72704,-43.18662],[-73.72704,-43.18677],[-73.72718,-43.1869],[-73.72734,-43.18728],[-73.72733,-43.18775],[-73.72698,-43.18816],[-73.726865,-43.188542],[-73.72686,-43.18856],[-73.72684,-43.18959],[-73.72697,-43.18988],[-73.72748,-43.1902],[-73.7277,-43.19047],[-73.72776,-43.19074],[-73.7281,-43.19115],[-73.728246,-43.191305],[-73.72844,-43.19151],[-73.72985,-43.19258],[-73.73075,-43.1933],[-73.73196,-43.19399],[-73.73291,-43.19447],[-73.73332,-43.1947],[-73.73393,-43.19488],[-73.73427,-43.1951],[-73.73462,-43.1954],[-73.73559,-43.19612],[-73.73644,-43.1965],[-73.736839,-43.196559],[-73.736719,-43.196844],[-73.74071,-43.200205],[-73.738796,-43.204778],[-73.741106,-43.206723],[-73.74094,-43.20682],[-73.73929,-43.20765],[-73.73849,-43.20837],[-73.73802,-43.2087],[-73.73758,-43.20927],[-73.73706,-43.2099],[-73.73677,-43.21021],[-73.73654,-43.2104],[-73.73628,-43.2105],[-73.73576,-43.211],[-73.7353,-43.2118],[-73.73521,-43.21243],[-73.73521,-43.21277],[-73.73525,-43.21309],[-73.73556,-43.21355],[-73.73561,-43.213792],[-73.73565,-43.21399],[-73.7355,-43.21415],[-73.73515,-43.21428],[-73.734768,-43.2144],[-73.734967,-43.213924],[-73.730977,-43.210563],[-73.725072,-43.211774],[-73.721082,-43.208412],[-73.722997,-43.20384],[-73.719009,-43.200479],[-73.713106,-43.201689],[-73.709118,-43.198328],[-73.703216,-43.199538],[-73.701299,-43.20411],[-73.705286,-43.207472],[-73.70337,-43.212043],[-73.707358,-43.215405],[-73.713262,-43.214195],[-73.717251,-43.217557],[-73.723156,-43.216346],[-73.725226,-43.21809],[-73.72422,-43.21857],[-73.72168,-43.21977],[-73.7211,-43.22005],[-73.72096,-43.22003],[-73.72083,-43.21997],[-73.72066,-43.21994],[-73.72046,-43.21995],[-73.72018,-43.22001],[-73.71984,-43.22022],[-73.71919,-43.22051],[-73.71803,-43.22085],[-73.71716,-43.22126],[-73.7156,-43.22169],[-73.715504,-43.221725],[-73.713271,-43.222552],[-73.70943,-43.223339],[-73.705441,-43.219977],[-73.699536,-43.221187],[-73.697619,-43.225758],[-73.699425,-43.227281],[-73.6994,-43.22728],[-73.69909,-43.22721],[-73.69851,-43.22707],[-73.69805,-43.22698],[-73.69693,-43.22707],[-73.69617,-43.22739],[-73.69568,-43.22784],[-73.69547,-43.2283],[-73.69495,-43.22885],[-73.6946,-43.22929],[-73.69431,-43.22966],[-73.69403,-43.23002],[-73.69367,-43.23052],[-73.69339,-43.23112],[-73.69287,-43.23182],[-73.69217,-43.2322],[-73.69134,-43.23257],[-73.691202,-43.232724],[-73.69092,-43.23304],[-73.69076,-43.23354],[-73.69037,-43.23383],[-73.68982,-43.23395],[-73.68945,-43.2342],[-73.68922,-43.23443],[-73.68907,-43.23468],[-73.68895,-43.23501],[-73.68875,-43.23558],[-73.6882,-43.23599],[-73.68724,-43.23678],[-73.68596,-43.23767],[-73.68564,-43.23796],[-73.68534,-43.2382],[-73.68497,-43.23844],[-73.6844,-43.23917],[-73.684312,-43.239292],[-73.68386,-43.23992],[-73.68325,-43.24044],[-73.68252,-43.24091],[-73.68177,-43.24188],[-73.68101,-43.24262],[-73.68015,-43.24326],[-73.67955,-43.2444],[-73.67939,-43.24533],[-73.67879,-43.2458],[-73.67822,-43.24593],[-73.677673,-43.246072],[-73.67749,-43.24612],[-73.67698,-43.24622],[-73.67622,-43.24668],[-73.67586,-43.24706],[-73.67495,-43.24779],[-73.67381,-43.24823],[-73.6735,-43.24824],[-73.67322,-43.24811],[-73.673,-43.2478],[-73.67257,-43.24738],[-73.67239,-43.24725],[-73.67218,-43.24714],[-73.6719,-43.24714],[-73.67126,-43.24729],[-73.67068,-43.24745],[-73.67023,-43.24739],[-73.66987,-43.24724],[-73.66949,-43.24705],[-73.6691,-43.24701],[-73.6688,-43.24701],[-73.66846,-43.24705],[-73.66815,-43.24704],[-73.66784,-43.24697],[-73.66763,-43.24678],[-73.66758,-43.24656],[-73.66756,-43.24618],[-73.66761,-43.24588],[-73.6679,-43.24558],[-73.66806,-43.24541],[-73.66796,-43.24512],[-73.667905,-43.245102],[-73.66824,-43.244303],[-73.667765,-43.243903],[-73.66791,-43.24386],[-73.6681,-43.24372],[-73.6683,-43.2435],[-73.66842,-43.24323],[-73.66844,-43.24303],[-73.66842,-43.24279],[-73.66831,-43.24262],[-73.66819,-43.24245],[-73.66802,-43.24232],[-73.66785,-43.24219],[-73.66755,-43.24202],[-73.66747,-43.24173],[-73.6676,-43.24126],[-73.66784,-43.24107],[-73.66791,-43.24097],[-73.66792,-43.24091],[-73.66783,-43.24085],[-73.66759,-43.24083],[-73.66733,-43.24069],[-73.66715,-43.24053],[-73.66698,-43.24039],[-73.66673,-43.24027],[-73.66643,-43.2402],[-73.66621,-43.24019],[-73.66601,-43.24015],[-73.66589,-43.24006],[-73.66586,-43.23992],[-73.66592,-43.23962],[-73.66627,-43.23909],[-73.66637,-43.23887],[-73.66637,-43.23867],[-73.66632,-43.23855],[-73.66614,-43.23839],[-73.66595,-43.23827],[-73.66557,-43.23815],[-73.665434,-43.238132]],[[-73.697466,-43.213253],[-73.69348,-43.209891],[-73.687576,-43.2111],[-73.685659,-43.215671],[-73.679755,-43.216879],[-73.67577,-43.213517],[-73.669867,-43.214725],[-73.667948,-43.219295],[-73.671933,-43.222658],[-73.677837,-43.22145],[-73.681822,-43.224813],[-73.687727,-43.223604],[-73.689645,-43.219033],[-73.695549,-43.217824],[-73.697466,-43.213253]]]},"properties":{"comuna":"Quellón","mancha_id":"10208-88ce126191fffff","clase":"Medio","nivel_medio":1.878,"nivel_medio_min":1.501,"nivel_medio_max":2.487,"pct_alto":8.6,"n_hexagonos":44,"area_ha":2301.49}},{"type":"Feature","geometry":{"type":"Polygon","coordinates":[[[-73.587619,-43.269096],[-73.589545,-43.264529],[-73.594365,-43.263547],[-73.59412,-43.26384],[-73.5938,-43.26427],[-73.59355,-43.26443],[-73.59336,-43.26433],[-73.59325,-43.26416],[-73.59317,-43.26394],[-73.59305,-43.26389],[-73.59292,-43.26396],[-73.59288,-43.26427],[-73.59288,-43.26467],[-73.59271,-43.26491],[-73.59251,-43.26496],[-73.59223,-43.26498],[-73.59182,-43.26497],[-73.59158,-43.26497],[-73.59148,-43.26514],[-73.59129,-43.26588],[-73.59123,-43.26619],[-73.59167,-43.2662],[-73.59185,-43.26626],[-73.59191,-43.2664],[-73.59179,-43.26671],[-73.5918,-43.26699],[-73.59198,-43.2672],[-73.59217,-43.2675],[-73.59233,-43.26772],[-73.59291,-43.26782],[-73.59305,-43.26798],[-73.59302,-43.26824],[-73.59271,-43.26856],[-73.59214,-43.26871],[-73.59151,-43.26874],[-73.5913,-43.26887],[-73.59117,-43.26909],[-73.59104,-43.26942],[-73.59086,-43.26976],[-73.59066,-43.26989],[-73.59035,-43.26992],[-73.59014,-43.26981],[-73.59007,-43.26968],[-73.58993,-43.26955],[-73.58976,-43.2696],[-73.58971,-43.26976],[-73.58961,-43.27006],[-73.58923,-43.270459],[-73.587619,-43.269096]]]},"properties":{"comuna":"Quellón","mancha_id":"10208-88ce126131fffff","clase":"Medio","nivel_medio":1.677,"nivel_medio_min":1.677,"nivel_medio_max":1.677,"pct_alto":0.7,"n_hexagonos":1,"area_ha":17.95}},{"type":"Feature","geometry":{"type":"Polygon","coordinates":[[[-73.577735,-43.266931],[-73.581713,-43.270297],[-73.580946,-43.272117],[-73.58078,-43.27213],[-73.58044,-43.27215],[-73.58017,-43.27207],[-73.57969,-43.27185],[-73.57947,-43.27177],[-73.57914,-43.27177],[-73.57873,-43.27188],[-73.57824,-43.27195],[-73.57793,-43.27189],[-73.57779,-43.27227],[-73.57754,-43.27247],[-73.57665,-43.27256],[-73.57592,-43.27249],[-73.57563,-43.27229],[-73.57556,-43.27202],[-73.57563,-43.27176],[-73.5758,-43.27157],[-73.57609,-43.27133],[-73.57641,-43.27114],[-73.57639,-43.27102],[-73.57616,-43.27092],[-73.57603,-43.27061],[-73.57645,-43.27003],[-73.57707,-43.26952],[-73.57746,-43.26921],[-73.5775,-43.26903],[-73.57739,-43.26888],[-73.5771,-43.26879],[-73.57681,-43.26874],[-73.57657,-43.26865],[-73.57646,-43.26855],[-73.57642,-43.2683],[-73.57656,-43.26819],[-73.57677,-43.26808],[-73.57741,-43.26782],[-73.57746,-43.26759],[-73.57725,-43.26753],[-73.5769,-43.26748],[-73.57678,-43.26736],[-73.57679,-43.26721],[-73.576812,-43.267119],[-73.577735,-43.266931]]]},"properties":{"comuna":"Quellón","mancha_id":"10208-88ce126123fffff","clase":"Medio","nivel_medio":1.525,"nivel_medio_min":1.525,"nivel_medio_max":1.525,"pct_alto":0.0,"n_hexagonos":1,"area_ha":17.47}},{"type":"Feature","geometry":{"type":"Polygon","coordinates":[[[-73.72307,-43.23344],[-73.72304,-43.23356],[-73.72299,-43.23363],[-73.722885,-43.23368],[-73.72275,-43.23367],[-73.72269,-43.23364],[-73.72263,-43.23357],[-73.72258,-43.23353],[-73.72257,-43.23347],[-73.72259,-43.23338],[-73.72263,-43.23333],[-73.722723,-43.233249],[-73.7228,-43.23322],[-73.72288,-43.23322],[-73.72296,-43.23326],[-73.72303,-43.23333],[-73.72307,-43.23344]]]},"properties":{"comuna":"Quellón","mancha_id":"10208-88ce1260b3fffff","clase":"Medio","nivel_medio":2.033,"nivel_medio_min":2.033,"nivel_medio_max":2.033,"pct_alto":5.5,"n_hexagonos":1,"area_ha":0.16}},{"type":"Feature","geometry":{"type":"Polygon","coordinates":[[[-73.72062,-43.23653],[-73.7206,-43.23639],[-73.72048,-43.2362],[-73.72038,-43.23607],[-73.72038,-43.235935],[-73.72045,-43.23584],[-73.72056,-43.23578],[-73.72073,-43.23573],[-73.72093,-43.23571],[-73.72109,-43.23573],[-73.72118,-43.23576],[-73.72127,-43.23583],[-73.72135,-43.23588],[-73.72145,-43.2359],[-73.721685,-43.23591],[-73.7217,-43.23598],[-73.72159,-43.23602],[-73.72149,-43.23602],[-73.72135,-43.236],[-73.72124,-43.236],[-73.72114,-43.23601],[-73.721065,-43.236075],[-73.72108,-43.23617],[-73.72111,-43.23624],[-73.72112,-43.23631],[-73.7211,-43.23641],[-73.7211,-43.2365],[-73.72106,-43.23659],[-73.72098,-43.23665],[-73.72086,-43.23668],[-73.72073,-43.23674],[-73.72068,-43.23681],[-73.72065,-43.23688],[-73.7206,-43.236915],[-73.72053,-43.23691],[-73.720455,-43.23685],[-73.72046,-43.23676],[-73.72055,-43.23663],[-73.72062,-43.23653]]]},"properties":{"comuna":"Quellón","mancha_id":"10208-88ce1260b3fffff-2","clase":"Medio","nivel_medio":2.033,"nivel_medio_min":2.033,"nivel_medio_max":2.033,"pct_alto":5.5,"n_hexagonos":1,"area_ha":0.63}},{"type":"Feature","geometry":{"type":"Polygon","coordinates":[[[-73.696006,-43.255343],[-73.690098,-43.256551],[-73.688178,-43.261123],[-73.68227,-43.26233],[-73.681337,-43.261544],[-73.68142,-43.26144],[-73.68213,-43.26035],[-73.68329,-43.25912],[-73.68464,-43.25788],[-73.68553,-43.25716],[-73.68663,-43.2567],[-73.68873,-43.25599],[-73.689228,-43.255818],[-73.68983,-43.25561],[-73.69017,-43.25543],[-73.69109,-43.25496],[-73.69172,-43.25468],[-73.69204,-43.25426],[-73.6921,-43.25406],[-73.69294,-43.25307],[-73.69325,-43.2522],[-73.69323,-43.25131],[-73.69333,-43.25042],[-73.69387,-43.24999],[-73.69421,-43.24958],[-73.6944,-43.24889],[-73.69451,-43.24846],[-73.69474,-43.24822],[-73.694826,-43.248159],[-73.69543,-43.24773],[-73.69618,-43.2477],[-73.69696,-43.2478],[-73.6976,-43.24777],[-73.69856,-43.24735],[-73.69919,-43.24676],[-73.69976,-43.24652],[-73.70163,-43.24642],[-73.70332,-43.2461],[-73.70427,-43.24587],[-73.70503,-43.24541],[-73.70551,-43.24499],[-73.705669,-43.244922],[-73.705751,-43.244991],[-73.711658,-43.243781],[-73.712164,-43.242576],[-73.71293,-43.24229],[-73.71381,-43.24206],[-73.71483,-43.24164],[-73.71541,-43.2415],[-73.71562,-43.24136],[-73.71566,-43.24125],[-73.71561,-43.24115],[-73.71533,-43.24098],[-73.71513,-43.2408],[-73.71508,-43.24069],[-73.71524,-43.24048],[-73.71532,-43.24042],[-73.71591,-43.24034],[-73.71677,-43.24067],[-73.71717,-43.24082],[-73.7182,-43.24081],[-73.71923,-43.241],[-73.71968,-43.24103],[-73.72001,-43.24117],[-73.72026,-43.24141],[-73.72045,-43.2416],[-73.7207,-43.24175],[-73.72094,-43.24177],[-73.72126,-43.24177],[-73.72151,-43.24173],[-73.72155,-43.2416],[-73.72155,-43.24145],[-73.7216,-43.24131],[-73.72167,-43.24122],[-73.72183,-43.2411],[-73.72207,-43.24105],[-73.72225,-43.24112],[-73.72239,-43.2412],[-73.72246,-43.24119],[-73.72249,-43.24106],[-73.7225,-43.24093],[-73.722548,-43.240582],[-73.72255,-43.24057],[-73.72258,-43.24046],[-73.72253,-43.24026],[-73.72234,-43.24011],[-73.72202,-43.24],[-73.721752,-43.239911],[-73.72166,-43.23988],[-73.72149,-43.23976],[-73.721484,-43.239685],[-73.72148,-43.23963],[-73.7215,-43.23953],[-73.72174,-43.23942],[-73.72182,-43.23945],[-73.72192,-43.23954],[-73.72207,-43.2396],[-73.72215,-43.23951],[-73.72216,-43.23934],[-73.72214,-43.23916],[-73.72224,-43.23895],[-73.7225,-43.2388],[-73.72306,-43.23855],[-73.72328,-43.23836],[-73.72332,-43.23822],[-73.72327,-43.23806],[-73.72307,-43.23797],[-73.72292,-43.23787],[-73.72274,-43.23763],[-73.72265,-43.23734],[-73.72254,-43.23715],[-73.72242,-43.23706],[-73.72219,-43.23695],[-73.722,-43.23682],[-73.72186,-43.23669],[-73.72187,-43.23658],[-73.72207,-43.2365],[-73.72258,-43.23619],[-73.72281,-43.23596],[-73.72282,-43.23574],[-73.72271,-43.23562],[-73.72234,-43.23554],[-73.72207,-43.23547],[-73.72194,-43.23531],[-73.72191,-43.23512],[-73.7219,-43.23483],[-73.72209,-43.23458],[-73.72258,-43.23426],[-73.723,-43.23388],[-73.72332,-43.23373],[-73.72348,-43.23361],[-73.72354,-43.2334],[-73.72373,-43.23313],[-73.723884,-43.232917],[-73.72394,-43.23284],[-73.72405,-43.23273],[-73.72399,-43.23269],[-73.7238,-43.23277],[-73.72368,-43.23288],[-73.72349,-43.23299],[-73.723347,-43.233027],[-73.72326,-43.23305],[-73.723229,-43.233051],[-73.72304,-43.23306],[-73.72282,-43.23303],[-73.72269,-43.23294],[-73.72257,-43.23289],[-73.72239,-43.2329],[-73.72223,-43.23297],[-73.72193,-43.2331],[-73.72186,-43.23311],[-73.72175,-43.23308],[-73.72164,-43.233],[-73.72157,-43.23293],[-73.72166,-43.23283],[-73.72174,-43.23281],[-73.72191,-43.2328],[-73.72195,-43.2328],[-73.72205,-43.23276],[-73.72217,-43.23267],[-73.72218,-43.23263],[-73.72218,-43.23258],[-73.72212,-43.23249],[-73.72196,-43.23239],[-73.72181,-43.23232],[-73.72167,-43.23222],[-73.72159,-43.23217],[-73.72154,-43.23208],[-73.72159,-43.232],[-73.7217,-43.232],[-73.7218,-43.23206],[-73.72201,-43.23209],[-73.72213,-43.23201],[-73.72224,-43.23189],[-73.72235,-43.23187],[-73.72247,-43.23192],[-73.72255,-43.2321],[-73.72257,-43.23228],[-73.72265,-43.23242],[-73.72285,-43.23253],[-73.72299,-43.23254],[-73.72313,-43.23253],[-73.72326,-43.23247],[-73.72343,-43.23232],[-73.72354,-43.23216],[-73.72357,-43.23199],[-73.72356,-43.23188],[-73.72346,-43.23181],[-73.72334,-43.23182],[-73.72324,-43.23191],[-73.72314,-43.23203],[-73.72304,-43.23207],[-73.72296,-43.23206],[-73.72292,-43.23204],[-73.72286,-43.23195],[-73.72282,-43.23183],[-73.7229,-43.23064],[-73.72286,-43.23012],[-73.72294,-43.22995],[-73.72307,-43.22986],[-73.72339,-43.22977],[-73.72406,-43.2297],[-73.72423,-43.22961],[-73.72435,-43.22946],[-73.72444,-43.22918],[-73.72461,-43.22899],[-73.72535,-43.22868],[-73.72614,-43.2282],[-73.72658,-43.22816],[-73.72681,-43.22816],[-73.72697,-43.22808],[-73.7271,-43.228],[-73.72714,-43.22789],[-73.72713,-43.22778],[-73.72705,-43.22772],[-73.72688,-43.22768],[-73.72667,-43.22768],[-73.72634,-43.22768],[-73.72611,-43.22773],[-73.72602,-43.22769],[-73.72602,-43.2276],[-73.72609,-43.22733],[-73.72621,-43.22715],[-73.72638,-43.22702],[-73.72671,-43.22697],[-73.72701,-43.22696],[-73.72742,-43.22685],[-73.72771,-43.22653],[-73.727826,-43.226467],[-73.72828,-43.22622],[-73.72885,-43.22571],[-73.72947,-43.22535],[-73.73006,-43.22514],[-73.73054,-43.22502],[-73.73097,-43.22497],[-73.73121,-43.22489],[-73.73166,-43.22475],[-73.73205,-43.22465],[-73.73216,-43.22452],[-73.73213,-43.22446],[-73.73199,-43.22441],[-73.73174,-43.22438],[-73.73161,-43.22435],[-73.7315,-43.22427],[-73.73145,-43.22419],[-73.73146,-43.22412],[-73.73155,-43.22405],[-73.73172,-43.22397],[-73.73188,-43.22395],[-73.73219,-43.22405],[-73.73225,-43.22412],[-73.73242,-43.22419],[-73.73278,-43.2242],[-73.73337,-43.22405],[-73.734,-43.22374],[-73.73437,-43.2235],[-73.73441,-43.22336],[-73.73434,-43.22334],[-73.73416,-43.22335],[-73.73406,-43.22335],[-73.73396,-43.2233],[-73.73396,-43.22319],[-73.73399,-43.22305],[-73.73421,-43.22265],[-73.73473,-43.22222],[-73.73557,-43.22196],[-73.73639,-43.22173],[-73.73662,-43.22165],[-73.736828,-43.221677],[-73.73731,-43.22174],[-73.737827,-43.221698],[-73.737044,-43.221859],[-73.735129,-43.226432],[-73.739121,-43.229794],[-73.737206,-43.234367],[-73.731298,-43.235578],[-73.729382,-43.240151],[-73.733375,-43.243514],[-73.731459,-43.248087],[-73.72555,-43.249298],[-73.723633,-43.253871],[-73.717724,-43.25508],[-73.713732,-43.251717],[-73.707823,-43.252926],[-73.703833,-43.249563],[-73.697925,-43.250771],[-73.696006,-43.255343]]]},"properties":{"comuna":"Quellón","mancha_id":"10208-88ce1260a1fffff","clase":"Medio","nivel_medio":1.883,"nivel_medio_min":1.503,"nivel_medio_max":2.275,"pct_alto":11.3,"n_hexagonos":12,"area_ha":491.57}},{"type":"Feature","geometry":{"type":"Polygon","coordinates":[[[-73.709897,-43.260862],[-73.707979,-43.265435],[-73.702069,-43.266643],[-73.698078,-43.263279],[-73.699996,-43.258707],[-73.705905,-43.257499],[-73.709897,-43.260862]]]},"properties":{"comuna":"Quellón","mancha_id":"10208-88ce126085fffff","clase":"Medio","nivel_medio":1.559,"nivel_medio_min":1.559,"nivel_medio_max":1.559,"pct_alto":0.0,"n_hexagonos":1,"area_ha":66.85}},{"type":"Feature","geometry":{"type":"Polygon","coordinates":[[[-73.678797,-43.322048],[-73.679024,-43.32151],[-73.684939,-43.320304],[-73.687236,-43.32224],[-73.68677,-43.32224],[-73.68544,-43.32234],[-73.68492,-43.32237],[-73.6847,-43.32225],[-73.68462,-43.32203],[-73.68436,-43.32174],[-73.68372,-43.32155],[-73.68259,-43.32147],[-73.68013,-43.32166],[-73.678797,-43.322048]]]},"properties":{"comuna":"Quellón","mancha_id":"10208-88ce126059fffff","clase":"Medio","nivel_medio":1.941,"nivel_medio_min":1.941,"nivel_medio_max":1.941,"pct_alto":27.8,"n_hexagonos":1,"area_ha":6.2}},{"type":"Feature","geometry":{"type":"Polygon","coordinates":[[[-73.68148,-43.32277],[-73.68127,-43.32291],[-73.68082,-43.32294],[-73.68064,-43.32286],[-73.68063,-43.32275],[-73.68089,-43.32252],[-73.68122,-43.32242],[-73.68138,-43.32243],[-73.68147,-43.32251],[-73.68148,-43.32277]]]},"properties":{"comuna":"Quellón","mancha_id":"10208-88ce126059fffff-2","clase":"Medio","nivel_medio":1.941,"nivel_medio_min":1.941,"nivel_medio_max":1.941,"pct_alto":27.8,"n_hexagonos":1,"area_ha":0.29}},{"type":"Feature","geometry":{"type":"Polygon","coordinates":[[[-73.680648,-43.291918],[-73.678726,-43.29649],[-73.672814,-43.297696],[-73.668824,-43.29433],[-73.670746,-43.289759],[-73.669428,-43.288647],[-73.6702,-43.28808],[-73.67109,-43.28681],[-73.67164,-43.28574],[-73.67215,-43.2852],[-73.67309,-43.28473],[-73.67395,-43.2843],[-73.67423,-43.28396],[-73.67424,-43.2835],[-73.67436,-43.2831],[-73.67494,-43.28239],[-73.6757,-43.28181],[-73.675757,-43.281602],[-73.67581,-43.28141],[-73.67583,-43.28092],[-73.67585,-43.27996],[-73.67595,-43.27952],[-73.67627,-43.27921],[-73.6766,-43.2789],[-73.67666,-43.27848],[-73.67672,-43.27801],[-73.67685,-43.27766],[-73.67694,-43.2772],[-73.67695,-43.27679],[-73.67673,-43.27645],[-73.67673,-43.27622],[-73.67674,-43.27601],[-73.67675,-43.275995],[-73.682419,-43.274838],[-73.686409,-43.278203],[-73.684489,-43.282774],[-73.678578,-43.283981],[-73.676657,-43.288553],[-73.680648,-43.291918]]]},"properties":{"comuna":"Quellón","mancha_id":"10208-88ce126015fffff","clase":"Medio","nivel_medio":1.712,"nivel_medio_min":1.504,"nivel_medio_max":1.878,"pct_alto":4.6,"n_hexagonos":3,"area_ha":163.14}},{"type":"Feature","geometry":{"type":"Polygon","coordinates":[[[-73.694392,-43.284932],[-73.698384,-43.288297],[-73.704296,-43.28709],[-73.70829,-43.290455],[-73.714203,-43.289246],[-73.716121,-43.284673],[-73.722034,-43.283465],[-73.726029,-43.286829],[-73.731943,-43.28562],[-73.735939,-43.288984],[-73.741853,-43.287774],[-73.745851,-43.291139],[-73.751765,-43.289928],[-73.755764,-43.293292],[-73.753848,-43.297867],[-73.747932,-43.299078],[-73.746015,-43.303652],[-73.750014,-43.307017],[-73.748097,-43.311592],[-73.752097,-43.314957],[-73.751061,-43.317431],[-73.75088,-43.31754],[-73.74907,-43.31793],[-73.74551,-43.31873],[-73.74318,-43.31905],[-73.742347,-43.31913],[-73.740262,-43.317376],[-73.734345,-43.318585],[-73.730347,-43.315219],[-73.732265,-43.310645],[-73.738182,-43.309436],[-73.740099,-43.304862],[-73.736101,-43.301497],[-73.730186,-43.302706],[-73.728268,-43.30728],[-73.722352,-43.308488],[-73.720433,-43.313062],[-73.714517,-43.31427],[-73.710521,-43.310904],[-73.712441,-43.306331],[-73.708445,-43.302966],[-73.702531,-43.304173],[-73.700611,-43.308746],[-73.694696,-43.309953],[-73.690703,-43.306587],[-73.692624,-43.302015],[-73.688631,-43.298649],[-73.690551,-43.294077],[-73.68656,-43.290712],[-73.68848,-43.28614],[-73.694392,-43.284932]]]},"properties":{"comuna":"Quellón","mancha_id":"10208-88ce126013fffff","clase":"Medio","nivel_medio":1.736,"nivel_medio_min":1.529,"nivel_medio_max":1.973,"pct_alto":0.0,"n_hexagonos":19,"area_ha":1258.98}},{"type":"Feature","geometry":{"type":"Polygon","coordinates":[[[-73.667048,-43.31141],[-73.665125,-43.315981],[-73.661927,-43.316633],[-73.66196,-43.31642],[-73.66269,-43.3142],[-73.66328,-43.31295],[-73.66393,-43.31205],[-73.66413,-43.31167],[-73.66403,-43.31145],[-73.66382,-43.3113],[-73.66375,-43.31109],[-73.66393,-43.31092],[-73.66424,-43.31078],[-73.66447,-43.31047],[-73.6645,-43.31018],[-73.6645,-43.31015],[-73.66445,-43.30993],[-73.66415,-43.3097],[-73.66374,-43.30941],[-73.66358,-43.30888],[-73.663685,-43.308573],[-73.667048,-43.31141]]]},"properties":{"comuna":"Quellón","mancha_id":"10208-88ce126009fffff","clase":"Medio","nivel_medio":1.568,"nivel_medio_min":1.568,"nivel_medio_max":1.568,"pct_alto":0.1,"n_hexagonos":1,"area_ha":16.94}},{"type":"Feature","geometry":{"type":"Polygon","coordinates":[[[-74.25966,-43.43931],[-74.25964,-43.439425],[-74.2594,-43.43948],[-74.25915,-43.43927],[-74.25926,-43.43919],[-74.25943,-43.43921],[-74.25953,-43.43922],[-74.25966,-43.43931]]]},"properties":{"comuna":"Quellón","mancha_id":"10208-88ce1235e7fffff","clase":"Medio","nivel_medio":1.576,"nivel_medio_min":1.576,"nivel_medio_max":1.576,"pct_alto":0.1,"n_hexagonos":1,"area_ha":0.08}},{"type":"Feature","geometry":{"type":"Polygon","coordinates":[[[-74.25524,-43.44951],[-74.2552,-43.44971],[-74.255228,-43.449905],[-74.255128,-43.450148],[-74.25496,-43.45022],[-74.25482,-43.45021],[-74.25472,-43.45027],[-74.25466,-43.45027],[-74.25464,-43.45034],[-74.254475,-43.45035],[-74.254345,-43.450235],[-74.25421,-43.45016],[-74.25405,-43.45038],[-74.254,-43.45045],[-74.25374,-43.45053],[-74.25338,-43.45069],[-74.25323,-43.4507],[-74.2532,-43.45065],[-74.25313,-43.450625],[-74.25297,-43.4504],[-74.25313,-43.45027],[-74.25332,-43.45014],[-74.25367,-43.44992],[-74.25393,-43.44978],[-74.25415,-43.44967],[-74.25448,-43.449505],[-74.25459,-43.44944],[-74.25475,-43.4492],[-74.25484,-43.44909],[-74.25497,-43.44899],[-74.25504,-43.44895],[-74.25524,-43.44896],[-74.25534,-43.44896],[-74.25537,-43.44902],[-74.25543,-43.4491],[-74.25546,-43.44925],[-74.25538,-43.4493],[-74.25525,-43.44943],[-74.25524,-43.44951]]]},"properties":{"comuna":"Quellón","mancha_id":"10208-88ce1235e5fffff","clase":"Medio","nivel_medio":1.552,"nivel_medio_min":1.552,"nivel_medio_max":1.552,"pct_alto":0.0,"n_hexagonos":1,"area_ha":1.56}},{"type":"Feature","geometry":{"type":"Polygon","coordinates":[[[-74.25101,-43.42822],[-74.2509,-43.4285],[-74.250889,-43.428554],[-74.24874,-43.426776],[-74.24885,-43.42668],[-74.2498,-43.42599],[-74.25043,-43.42532],[-74.25064,-43.42519],[-74.25084,-43.42518],[-74.25129,-43.42528],[-74.25155,-43.4256],[-74.25161,-43.42621],[-74.25159,-43.42637],[-74.2512,-43.42737],[-74.25101,-43.42822]]]},"properties":{"comuna":"Quellón","mancha_id":"10208-88ce1235a5fffff","clase":"Medio","nivel_medio":1.798,"nivel_medio_min":1.798,"nivel_medio_max":1.798,"pct_alto":0.9,"n_hexagonos":1,"area_ha":4.67}},{"type":"Feature","geometry":{"type":"Polygon","coordinates":[[[-74.26598,-43.431],[-74.26596,-43.43121],[-74.265927,-43.431349],[-74.26591,-43.43142],[-74.26593,-43.43163],[-74.26594,-43.43183],[-74.26594,-43.43195],[-74.26581,-43.43204],[-74.26556,-43.43197],[-74.26538,-43.43176],[-74.26526,-43.43155],[-74.265238,-43.431492],[-74.26518,-43.43134],[-74.26507,-43.43113],[-74.26492,-43.43092],[-74.26476,-43.43071],[-74.26471,-43.43057],[-74.2647,-43.4305],[-74.26462,-43.43039],[-74.26462,-43.43029],[-74.26462,-43.43009],[-74.26466,-43.42988],[-74.26473,-43.42967],[-74.26481,-43.42948],[-74.26494,-43.42942],[-74.26525,-43.42936],[-74.26541,-43.42937],[-74.26549,-43.42944],[-74.2656,-43.42947],[-74.26569,-43.42975],[-74.26572,-43.42995],[-74.26585,-43.43016],[-74.26591,-43.43037],[-74.26597,-43.43058],[-74.26595,-43.43079],[-74.26598,-43.431]]]},"properties":{"comuna":"Quellón","mancha_id":"10208-88ce1235a1fffff","clase":"Medio","nivel_medio":1.764,"nivel_medio_min":1.738,"nivel_medio_max":1.921,"pct_alto":4.4,"n_hexagonos":2,"area_ha":2.19}},{"type":"Feature","geometry":{"type":"Polygon","coordinates":[[[-74.27596,-43.43381],[-74.27576,-43.43381],[-74.27565,-43.43375],[-74.27556,-43.43365],[-74.27551,-43.433564],[-74.27549,-43.43353],[-74.27549,-43.43347],[-74.27561,-43.43336],[-74.27568,-43.43334],[-74.27583,-43.43334],[-74.2759,-43.43335],[-74.27601,-43.43345],[-74.276018,-43.433458],[-74.27608,-43.43352],[-74.27615,-43.43357],[-74.27617,-43.43363],[-74.27617,-43.4337],[-74.27614,-43.43375],[-74.27608,-43.43378],[-74.27596,-43.43381]]]},"properties":{"comuna":"Quellón","mancha_id":"10208-88ce123585fffff","clase":"Medio","nivel_medio":2.069,"nivel_medio_min":1.862,"nivel_medio_max":2.178,"pct_alto":13.7,"n_hexagonos":2,"area_ha":0.21}},{"type":"Feature","geometry":{"type":"Polygon","coordinates":[[[-74.27533,-43.43376],[-74.27524,-43.43379],[-74.27513,-43.43379],[-74.27502,-43.43374],[-74.274952,-43.43368],[-74.27493,-43.43366],[-74.27493,-43.43358],[-74.27491,-43.43346],[-74.27495,-43.4334],[-74.27502,-43.43338],[-74.275145,-43.43341],[-74.27531,-43.43347],[-74.27536,-43.43353],[-74.27536,-43.433595],[-74.27536,-43.43365],[-74.27536,-43.43371],[-74.27533,-43.43376]]]},"properties":{"comuna":"Quellón","mancha_id":"10208-88ce123585fffff-2","clase":"Medio","nivel_medio":1.962,"nivel_medio_min":1.862,"nivel_medio_max":2.178,"pct_alto":9.3,"n_hexagonos":2,"area_ha":0.13}},{"type":"Feature","geometry":{"type":"Polygon","coordinates":[[[-74.27368,-43.4406],[-74.2735,-43.44074],[-74.273445,-43.4408],[-74.27338,-43.440895],[-74.273352,-43.440971],[-74.271302,-43.439276],[-74.27133,-43.4392],[-74.27133,-43.43903],[-74.2713,-43.43887],[-74.27124,-43.43871],[-74.27119,-43.4386],[-74.27116,-43.438505],[-74.27103,-43.43834],[-74.270912,-43.438234],[-74.27084,-43.43817],[-74.27072,-43.43806],[-74.27056,-43.43795],[-74.27039,-43.43785],[-74.27017,-43.43771],[-74.26998,-43.43755],[-74.2698,-43.43741],[-74.26963,-43.43727],[-74.26946,-43.43712],[-74.2693,-43.43695],[-74.26917,-43.43679],[-74.26908,-43.43664],[-74.26905,-43.43657],[-74.268995,-43.43649],[-74.26894,-43.4364],[-74.268905,-43.436355],[-74.26883,-43.43619],[-74.26879,-43.43603],[-74.26872,-43.43586],[-74.26861,-43.4357],[-74.26852,-43.43554],[-74.26843,-43.43537],[-74.26833,-43.43521],[-74.26826,-43.43505],[-74.26813,-43.43489],[-74.26805,-43.43472],[-74.26801,-43.43456],[-74.26796,-43.4344],[-74.2679,-43.43424],[-74.26781,-43.43407],[-74.26771,-43.43391],[-74.26765,-43.43375],[-74.26754,-43.43358],[-74.26748,-43.43342],[-74.26742,-43.43326],[-74.26737,-43.4331],[-74.26728,-43.43293],[-74.26725,-43.43277],[-74.26722,-43.43261],[-74.267235,-43.432465],[-74.26735,-43.43228],[-74.26743,-43.43212],[-74.267485,-43.431975],[-74.26755,-43.4319],[-74.26755,-43.4318],[-74.26747,-43.43164],[-74.26739,-43.43147],[-74.26733,-43.43131],[-74.267355,-43.431225],[-74.26741,-43.43116],[-74.26749,-43.43111],[-74.26759,-43.43106],[-74.26781,-43.43103],[-74.26803,-43.43102],[-74.26815,-43.43099],[-74.26829,-43.43096],[-74.26854,-43.43098],[-74.268784,-43.431036],[-74.2688,-43.43104],[-74.26907,-43.43114],[-74.2693,-43.43123],[-74.26956,-43.43134],[-74.2698,-43.43145],[-74.27003,-43.43156],[-74.27016,-43.43159],[-74.270267,-43.431625],[-74.27053,-43.431695],[-74.270605,-43.431775],[-74.27068,-43.43185],[-74.27076,-43.431895],[-74.27089,-43.43192],[-74.27097,-43.43191],[-74.27103,-43.43188],[-74.27118,-43.43173],[-74.27132,-43.43157],[-74.27142,-43.43151],[-74.27153,-43.43146],[-74.27178,-43.43147],[-74.27191,-43.43149],[-74.272035,-43.431545],[-74.27226,-43.43174],[-74.2723,-43.43183],[-74.272345,-43.431885],[-74.27238,-43.43206],[-74.27238,-43.43222],[-74.27239,-43.43239],[-74.27236,-43.43255],[-74.27236,-43.43262],[-74.27229,-43.43271],[-74.272285,-43.43285],[-74.27231,-43.43303],[-74.2724,-43.4332],[-74.27244,-43.43339],[-74.27249,-43.43344],[-74.27251,-43.43352],[-74.27242,-43.43376],[-74.27236,-43.433845],[-74.27255,-43.43406],[-74.2726,-43.43409],[-74.27266,-43.43411],[-74.272667,-43.434154],[-74.27267,-43.43417],[-74.272625,-43.43436],[-74.27254,-43.43438],[-74.272476,-43.434421],[-74.272455,-43.434435],[-74.27237,-43.43445],[-74.27227,-43.43454],[-74.27229,-43.4347],[-74.272312,-43.434822],[-74.27232,-43.43487],[-74.27235,-43.43503],[-74.27236,-43.43519],[-74.27237,-43.43535],[-74.27239,-43.43552],[-74.27239,-43.43568],[-74.27242,-43.43584],[-74.2724,-43.436],[-74.27241,-43.43617],[-74.27249,-43.43636],[-74.272575,-43.436445],[-74.27261,-43.43649],[-74.27259,-43.436605],[-74.272545,-43.43666],[-74.27249,-43.43668],[-74.27244,-43.43677],[-74.27243,-43.43693],[-74.27248,-43.43709],[-74.272655,-43.437215],[-74.27275,-43.43726],[-74.27281,-43.43727],[-74.272895,-43.43738],[-74.27294,-43.43747],[-74.27289,-43.43763],[-74.272845,-43.437725],[-74.27291,-43.437795],[-74.27301,-43.4379],[-74.27309,-43.437965],[-74.27326,-43.43807],[-74.27341,-43.43824],[-74.27347,-43.43835],[-74.27351,-43.4384],[-74.27356,-43.43856],[-74.27356,-43.43872],[-74.27356,-43.43889],[-74.27362,-43.43905],[-74.27364,-43.4392],[-74.27379,-43.43937],[-74.27398,-43.43954],[-74.27409,-43.43964],[-74.2741,-43.4397],[-74.27415,-43.43986],[-74.274215,-43.44005],[-74.27423,-43.44019],[-74.27414,-43.44037],[-74.27409,-43.44046],[-74.274015,-43.440485],[-74.27389,-43.44052],[-74.273805,-43.440555],[-74.27373,-43.44057],[-74.27368,-43.4406]]]},"properties":{"comuna":"Quellón","mancha_id":"10208-88ce123585fffff-3","clase":"Medio","nivel_medio":1.962,"nivel_medio_min":1.862,"nivel_medio_max":2.178,"pct_alto":7.3,"n_hexagonos":3,"area_ha":30.04}},{"type":"Feature","geometry":{"type":"Polygon","coordinates":[[[-74.27693,-43.43991],[-74.27685,-43.43998],[-74.27679,-43.43998],[-74.27662,-43.44001],[-74.27649,-43.44001],[-74.27647,-43.439935],[-74.27649,-43.43985],[-74.276555,-43.439793],[-74.27675,-43.43975],[-74.27687,-43.43979],[-74.27693,-43.43991]]]},"properties":{"comuna":"Quellón","mancha_id":"10208-88ce123585fffff-4","clase":"Medio","nivel_medio":2.178,"nivel_medio_min":2.178,"nivel_medio_max":2.178,"pct_alto":18.2,"n_hexagonos":1,"area_ha":0.08}},{"type":"Feature","geometry":{"type":"Polygon","coordinates":[[[-74.27693,-43.44064],[-74.27682,-43.44068],[-74.27676,-43.4407],[-74.27665,-43.44073],[-74.27652,-43.44071],[-74.2764,-43.44065],[-74.27632,-43.44057],[-74.2762,-43.440405],[-74.27626,-43.4403],[-74.27634,-43.44028],[-74.27645,-43.44028],[-74.27663,-43.44031],[-74.27668,-43.44034],[-74.27682,-43.44039],[-74.27691,-43.44047],[-74.27695,-43.44058],[-74.27693,-43.44064]]]},"properties":{"comuna":"Quellón","mancha_id":"10208-88ce123585fffff-5","clase":"Medio","nivel_medio":2.178,"nivel_medio_min":2.178,"nivel_medio_max":2.178,"pct_alto":18.2,"n_hexagonos":1,"area_ha":0.21}},{"type":"Feature","geometry":{"type":"Polygon","coordinates":[[[-74.204912,-43.45662],[-74.205374,-43.456524],[-74.20536,-43.45653],[-74.20513,-43.45662],[-74.204912,-43.45662]]]},"properties":{"comuna":"Quellón","mancha_id":"10208-88ce123527fffff","clase":"Medio","nivel_medio":1.57,"nivel_medio_min":1.57,"nivel_medio_max":1.57,"pct_alto":3.1,"n_hexagonos":1,"area_ha":0.01}},{"type":"Feature","geometry":{"type":"Polygon","coordinates":[[[-74.20775,-43.45709],[-74.20793,-43.45711],[-74.2081,-43.45721],[-74.2081,-43.4573],[-74.20803,-43.45736],[-74.20783,-43.45734],[-74.20769,-43.45726],[-74.20765,-43.45716],[-74.20769,-43.4571],[-74.20775,-43.45709]]]},"properties":{"comuna":"Quellón","mancha_id":"10208-88ce123527fffff-2","clase":"Medio","nivel_medio":1.57,"nivel_medio_min":1.57,"nivel_medio_max":1.57,"pct_alto":3.1,"n_hexagonos":1,"area_ha":0.08}},{"type":"Feature","geometry":{"type":"Polygon","coordinates":[[[-74.20354,-43.45718],[-74.2035,-43.45759],[-74.20303,-43.45776],[-74.202986,-43.457762],[-74.203308,-43.456979],[-74.2034,-43.45699],[-74.20354,-43.45718]]]},"properties":{"comuna":"Quellón","mancha_id":"10208-88ce123527fffff-3","clase":"Medio","nivel_medio":1.57,"nivel_medio_min":1.57,"nivel_medio_max":1.57,"pct_alto":3.1,"n_hexagonos":1,"area_ha":0.21}},{"type":"Feature","geometry":{"type":"Polygon","coordinates":[[[-74.20803,-43.45897],[-74.20822,-43.45898],[-74.20838,-43.4591],[-74.20837,-43.45922],[-74.20825,-43.45928],[-74.20809,-43.45928],[-74.20788,-43.45917],[-74.20788,-43.45907],[-74.20794,-43.459],[-74.20803,-43.45897]]]},"properties":{"comuna":"Quellón","mancha_id":"10208-88ce123527fffff-4","clase":"Medio","nivel_medio":1.57,"nivel_medio_min":1.57,"nivel_medio_max":1.57,"pct_alto":3.1,"n_hexagonos":1,"area_ha":0.11}},{"type":"Feature","geometry":{"type":"Polygon","coordinates":[[[-74.20195,-43.46055],[-74.202,-43.46028],[-74.20207,-43.46025],[-74.20215,-43.45999],[-74.20214,-43.459815],[-74.202483,-43.458984],[-74.20295,-43.45893],[-74.20324,-43.45885],[-74.20382,-43.4583],[-74.2041,-43.45814],[-74.20449,-43.45811],[-74.20504,-43.45817],[-74.20573,-43.45799],[-74.20654,-43.4581],[-74.20685,-43.45841],[-74.20676,-43.45902],[-74.2072,-43.45981],[-74.20724,-43.46054],[-74.20724,-43.46097],[-74.20715,-43.46123],[-74.20672,-43.4616],[-74.20669,-43.46184],[-74.20674,-43.46204],[-74.20694,-43.46222],[-74.20714,-43.46228],[-74.20733,-43.4625],[-74.2073,-43.46271],[-74.20718,-43.4628],[-74.20694,-43.4629],[-74.20654,-43.46294],[-74.20576,-43.46291],[-74.20545,-43.46295],[-74.20491,-43.46323],[-74.20465,-43.46326],[-74.20439,-43.46323],[-74.20374,-43.46302],[-74.20292,-43.46222],[-74.20288,-43.46198],[-74.20314,-43.46175],[-74.20334,-43.46166],[-74.20347,-43.46151],[-74.20347,-43.46139],[-74.20339,-43.46131],[-74.20307,-43.46124],[-74.20282,-43.46146],[-74.20256,-43.46154],[-74.20243,-43.46152],[-74.2022,-43.46133],[-74.20211,-43.4611],[-74.20209,-43.46086],[-74.20195,-43.46055]]]},"properties":{"comuna":"Quellón","mancha_id":"10208-88ce123527fffff-5","clase":"Medio","nivel_medio":1.57,"nivel_medio_min":1.57,"nivel_medio_max":1.57,"pct_alto":3.1,"n_hexagonos":1,"area_ha":18.88}},{"type":"Feature","geometry":{"type":"Polygon","coordinates":[[[-74.2064,-43.46417],[-74.20688,-43.4643],[-74.207304,-43.464533],[-74.205488,-43.464909],[-74.20461,-43.464181],[-74.2047,-43.46416],[-74.20614,-43.46414],[-74.2064,-43.46417]]]},"properties":{"comuna":"Quellón","mancha_id":"10208-88ce123527fffff-6","clase":"Medio","nivel_medio":1.57,"nivel_medio_min":1.57,"nivel_medio_max":1.57,"pct_alto":3.1,"n_hexagonos":1,"area_ha":1.1}},{"type":"Feature","geometry":{"type":"Polygon","coordinates":[[[-74.262573,-43.259689],[-74.260692,-43.264285],[-74.254759,-43.265525],[-74.250708,-43.26217],[-74.244776,-43.263411],[-74.240726,-43.260056],[-74.242609,-43.255461],[-74.24854,-43.254221],[-74.250422,-43.249626],[-74.246374,-43.246271],[-74.248255,-43.241677],[-74.254186,-43.240436],[-74.258235,-43.24379],[-74.256353,-43.248385],[-74.260404,-43.251739],[-74.258522,-43.256335],[-74.262573,-43.259689]]]},"properties":{"comuna":"Quellón","mancha_id":"10208-88ce122e95fffff","clase":"Medio","nivel_medio":1.599,"nivel_medio_min":1.506,"nivel_medio_max":1.772,"pct_alto":0.2,"n_hexagonos":4,"area_ha":269.8}},{"type":"Feature","geometry":{"type":"Polygon","coordinates":[[[-74.152078,-43.198797],[-74.150192,-43.203387],[-74.154227,-43.206742],[-74.15234,-43.211332],[-74.146417,-43.212568],[-74.14453,-43.217158],[-74.138607,-43.218393],[-74.134572,-43.215038],[-74.12865,-43.216273],[-74.124617,-43.212918],[-74.126506,-43.208328],[-74.132427,-43.207094],[-74.134315,-43.202504],[-74.140236,-43.201269],[-74.142123,-43.196679],[-74.13809,-43.193325],[-74.13217,-43.19456],[-74.128138,-43.191206],[-74.122219,-43.192441],[-74.118188,-43.189087],[-74.120076,-43.184498],[-74.125995,-43.183263],[-74.130026,-43.186617],[-74.135945,-43.185382],[-74.137832,-43.180792],[-74.1338,-43.177439],[-74.135687,-43.172849],[-74.131657,-43.169496],[-74.133543,-43.164907],[-74.13946,-43.163671],[-74.143491,-43.167024],[-74.141605,-43.171613],[-74.145637,-43.174966],[-74.143751,-43.179556],[-74.147783,-43.18291],[-74.145897,-43.187499],[-74.14993,-43.190853],[-74.155851,-43.189617],[-74.159886,-43.19297],[-74.158,-43.197561],[-74.152078,-43.198797]]]},"properties":{"comuna":"Quellón","mancha_id":"10208-88ce122d85fffff","clase":"Medio","nivel_medio":1.623,"nivel_medio_min":1.533,"nivel_medio_max":1.74,"pct_alto":0.0,"n_hexagonos":12,"area_ha":807.54}},{"type":"Feature","geometry":{"type":"Polygon","coordinates":[[[-74.093862,-43.261273],[-74.091969,-43.265861],[-74.086043,-43.267092],[-74.08201,-43.263734],[-74.083903,-43.259146],[-74.079872,-43.255789],[-74.073947,-43.257019],[-74.069917,-43.253662],[-74.071811,-43.249074],[-74.077734,-43.247844],[-74.081765,-43.251201],[-74.087689,-43.24997],[-74.091721,-43.253327],[-74.089829,-43.257915],[-74.093862,-43.261273]]]},"properties":{"comuna":"Quellón","mancha_id":"10208-88ce122d45fffff","clase":"Medio","nivel_medio":1.579,"nivel_medio_min":1.539,"nivel_medio_max":1.635,"pct_alto":1.4,"n_hexagonos":3,"area_ha":201.79}},{"type":"Feature","geometry":{"type":"Polygon","coordinates":[[[-74.247401,-43.204049],[-74.245521,-43.208644],[-74.239594,-43.209885],[-74.23555,-43.206532],[-74.237431,-43.201938],[-74.233387,-43.198586],[-74.235268,-43.193992],[-74.241192,-43.192751],[-74.245237,-43.196103],[-74.251161,-43.194861],[-74.255207,-43.198213],[-74.253327,-43.202808],[-74.247401,-43.204049]]]},"properties":{"comuna":"Quellón","mancha_id":"10208-88ce122c95fffff","clase":"Medio","nivel_medio":1.715,"nivel_medio_min":1.638,"nivel_medio_max":1.803,"pct_alto":0.0,"n_hexagonos":3,"area_ha":202.24}},{"type":"Feature","geometry":{"type":"Polygon","coordinates":[[[-73.91375,-43.38619],[-73.9136,-43.38624],[-73.91329,-43.38625],[-73.9132,-43.38622],[-73.91313,-43.38618],[-73.91312,-43.38605],[-73.91335,-43.38592],[-73.9138,-43.3859],[-73.91389,-43.38594],[-73.91388,-43.38609],[-73.91375,-43.38619]]]},"properties":{"comuna":"Quellón","mancha_id":"10208-88ce122b69fffff","clase":"Medio","nivel_medio":2.365,"nivel_medio_min":2.365,"nivel_medio_max":2.365,"pct_alto":65.3,"n_hexagonos":1,"area_ha":0.19}},{"type":"Feature","geometry":{"type":"Polygon","coordinates":[[[-73.92712,-43.37142],[-73.92722,-43.37144],[-73.92738,-43.37155],[-73.9273,-43.37163],[-73.92719,-43.37165],[-73.92707,-43.37163],[-73.927,-43.37156],[-73.92702,-43.37144],[-73.92712,-43.37142]]]},"properties":{"comuna":"Quellón","mancha_id":"10208-88ce122b0dfffff","clase":"Medio","nivel_medio":1.667,"nivel_medio_min":1.667,"nivel_medio_max":1.667,"pct_alto":0.5,"n_hexagonos":1,"area_ha":0.05}},{"type":"Feature","geometry":{"type":"Polygon","coordinates":[[[-73.93274,-43.37173],[-73.932818,-43.371748],[-73.932855,-43.37185],[-73.93275,-43.37191],[-73.93263,-43.37191],[-73.93257,-43.371835],[-73.932655,-43.371745],[-73.93274,-43.37173]]]},"properties":{"comuna":"Quellón","mancha_id":"10208-88ce122b0dfffff-2","clase":"Medio","nivel_medio":1.667,"nivel_medio_min":1.667,"nivel_medio_max":1.667,"pct_alto":0.5,"n_hexagonos":1,"area_ha":0.03}},{"type":"Feature","geometry":{"type":"Polygon","coordinates":[[[-73.92794,-43.37183],[-73.92808,-43.3719],[-73.92799,-43.37203],[-73.92789,-43.37208],[-73.92778,-43.37208],[-73.92772,-43.37204],[-73.9277,-43.37196],[-73.92775,-43.37187],[-73.92794,-43.37183]]]},"properties":{"comuna":"Quellón","mancha_id":"10208-88ce122b0dfffff-3","clase":"Medio","nivel_medio":1.667,"nivel_medio_min":1.667,"nivel_medio_max":1.667,"pct_alto":0.5,"n_hexagonos":1,"area_ha":0.06}},{"type":"Feature","geometry":{"type":"Polygon","coordinates":[[[-73.93441,-43.3718],[-73.9344,-43.37189],[-73.93431,-43.37196],[-73.934148,-43.371987],[-73.93407,-43.372],[-73.9339,-43.37196],[-73.933765,-43.371805],[-73.93382,-43.37174],[-73.934,-43.37172],[-73.93421,-43.37174],[-73.934247,-43.371748],[-73.9343,-43.37176],[-73.93441,-43.3718]]]},"properties":{"comuna":"Quellón","mancha_id":"10208-88ce122b09fffff","clase":"Medio","nivel_medio":1.68,"nivel_medio_min":1.667,"nivel_medio_max":1.714,"pct_alto":0.4,"n_hexagonos":2,"area_ha":0.12}},{"type":"Feature","geometry":{"type":"Polygon","coordinates":[[[-73.9347,-43.37442],[-73.93457,-43.37462],[-73.93453,-43.37479],[-73.93433,-43.37485],[-73.93398,-43.37471],[-73.93383,-43.37447],[-73.93391,-43.37433],[-73.93421,-43.37425],[-73.93456,-43.37424],[-73.93469,-43.37431],[-73.9347,-43.37442]]]},"properties":{"comuna":"Quellón","mancha_id":"10208-88ce122b09fffff-2","clase":"Medio","nivel_medio":1.714,"nivel_medio_min":1.714,"nivel_medio_max":1.714,"pct_alto":0.0,"n_hexagonos":1,"area_ha":0.34}},{"type":"Feature","geometry":{"type":"Polygon","coordinates":[[[-73.93526,-43.37447],[-73.9355,-43.3745],[-73.93558,-43.37457],[-73.93538,-43.37473],[-73.93517,-43.37471],[-73.9351,-43.37463],[-73.9351,-43.37457],[-73.93518,-43.37448],[-73.93526,-43.37447]]]},"properties":{"comuna":"Quellón","mancha_id":"10208-88ce122b09fffff-3","clase":"Medio","nivel_medio":1.714,"nivel_medio_min":1.714,"nivel_medio_max":1.714,"pct_alto":0.0,"n_hexagonos":1,"area_ha":0.08}},{"type":"Feature","geometry":{"type":"Polygon","coordinates":[[[-73.940882,-43.355799],[-73.946812,-43.354579],[-73.948718,-43.349996],[-73.954648,-43.348775],[-73.958673,-43.352138],[-73.956768,-43.356722],[-73.960794,-43.360086],[-73.958889,-43.36467],[-73.952957,-43.365891],[-73.948931,-43.362527],[-73.943,-43.363747],[-73.938976,-43.360383],[-73.940882,-43.355799]]]},"properties":{"comuna":"Quellón","mancha_id":"10208-88ce122b03fffff","clase":"Medio","nivel_medio":1.741,"nivel_medio_min":1.641,"nivel_medio_max":1.791,"pct_alto":0.0,"n_hexagonos":3,"area_ha":201.52}},{"type":"Feature","geometry":{"type":"Polygon","coordinates":[[[-74.064024,-43.359765],[-74.062126,-43.364353],[-74.06194,-43.364392],[-74.06193,-43.36439],[-74.06079,-43.36401],[-74.06021,-43.36391],[-74.05963,-43.36387],[-74.05904,-43.36372],[-74.05798,-43.36332],[-74.05713,-43.36314],[-74.05541,-43.36319],[-74.05369,-43.3628],[-74.052759,-43.362722],[-74.052153,-43.362218],[-74.054052,-43.35763],[-74.059987,-43.356403],[-74.064024,-43.359765]]]},"properties":{"comuna":"Quellón","mancha_id":"10208-88ce122ac1fffff","clase":"Medio","nivel_medio":2.166,"nivel_medio_min":2.166,"nivel_medio_max":2.166,"pct_alto":61.6,"n_hexagonos":1,"area_ha":56.8}},{"type":"Feature","geometry":{"type":"Polygon","coordinates":[[[-74.00764,-43.37683],[-74.0078,-43.37688],[-74.00781,-43.37705],[-74.00774,-43.37712],[-74.00758,-43.37715],[-74.0074,-43.37712],[-74.00734,-43.37703],[-74.00738,-43.3769],[-74.00752,-43.37683],[-74.00764,-43.37683]]]},"properties":{"comuna":"Quellón","mancha_id":"10208-88ce122a01fffff","clase":"Medio","nivel_medio":1.75,"nivel_medio_min":1.75,"nivel_medio_max":1.75,"pct_alto":32.7,"n_hexagonos":1,"area_ha":0.11}},{"type":"Feature","geometry":{"type":"Polygon","coordinates":[[[-74.00762,-43.37734],[-74.00771,-43.37731],[-74.00797,-43.37738],[-74.00797,-43.37747],[-74.0078,-43.37759],[-74.00765,-43.37759],[-74.00755,-43.37755],[-74.00753,-43.37741],[-74.00762,-43.37734]]]},"properties":{"comuna":"Quellón","mancha_id":"10208-88ce122a01fffff-2","clase":"Medio","nivel_medio":1.75,"nivel_medio_min":1.75,"nivel_medio_max":1.75,"pct_alto":32.7,"n_hexagonos":1,"area_ha":0.08}},{"type":"Feature","geometry":{"type":"Polygon","coordinates":[[[-74.00977,-43.38331],[-74.009663,-43.38357],[-74.00965,-43.3836],[-74.00928,-43.38388],[-74.00885,-43.38447],[-74.00869,-43.38456],[-74.00857,-43.38473],[-74.00857,-43.38503],[-74.00848,-43.38532],[-74.00852,-43.38563],[-74.00844,-43.38591],[-74.00824,-43.38605],[-74.00767,-43.38612],[-74.00718,-43.38661],[-74.00681,-43.38681],[-74.00689,-43.38713],[-74.00726,-43.38735],[-74.00734,-43.38751],[-74.00733,-43.3878],[-74.00715,-43.38806],[-74.00678,-43.38813],[-74.00658,-43.38821],[-74.00641,-43.38838],[-74.00624,-43.38881],[-74.00595,-43.38898],[-74.00541,-43.38909],[-74.00475,-43.38967],[-74.00429,-43.3898],[-74.003986,-43.389963],[-74.00375,-43.39009],[-74.00351,-43.39016],[-74.00293,-43.39019],[-74.0028,-43.39018],[-74.00179,-43.39074],[-74.00133,-43.39116],[-74.00092,-43.39139],[-74.00073,-43.39141],[-74.00047,-43.39126],[-74.0003,-43.39101],[-74.00018,-43.391],[-73.999995,-43.39107],[-73.99964,-43.39138],[-73.99947,-43.39144],[-73.99882,-43.39153],[-73.99802,-43.39175],[-73.99765,-43.39188],[-73.99741,-43.39192],[-73.99714,-43.39193],[-73.99693,-43.39183],[-73.99685,-43.39176],[-73.99686,-43.39164],[-73.99708,-43.3913],[-73.99708,-43.39123],[-73.997,-43.39114],[-73.99679,-43.391009],[-73.99706,-43.39036],[-73.994682,-43.388376],[-73.99473,-43.38835],[-73.99491,-43.38814],[-73.99491,-43.38785],[-73.99457,-43.38722],[-73.99399,-43.38626],[-73.99383,-43.38563],[-73.99386,-43.38516],[-73.994,-43.3847],[-73.99426,-43.38407],[-73.994263,-43.384019],[-73.994931,-43.38241],[-74.000867,-43.381187],[-74.00277,-43.376601],[-74.006681,-43.375795],[-74.00662,-43.37599],[-74.00653,-43.376045],[-74.00604,-43.37627],[-74.0057,-43.37649],[-74.00565,-43.37658],[-74.00566,-43.377],[-74.00658,-43.37752],[-74.00682,-43.37778],[-74.00681,-43.37812],[-74.00674,-43.37833],[-74.0062,-43.37859],[-74.00589,-43.37884],[-74.00584,-43.37899],[-74.00583,-43.37908],[-74.00609,-43.37946],[-74.00603,-43.37984],[-74.00635,-43.38008],[-74.00655,-43.38032],[-74.0066,-43.38082],[-74.00673,-43.38115],[-74.00697,-43.38147],[-74.00755,-43.38181],[-74.0078,-43.38219],[-74.00824,-43.38243],[-74.0088,-43.38239],[-74.0092,-43.38225],[-74.00933,-43.38225],[-74.00952,-43.38245],[-74.00955,-43.3826],[-74.00979,-43.38298],[-74.00977,-43.38331]]]},"properties":{"comuna":"Quellón","mancha_id":"10208-88ce122a01fffff-3","clase":"Medio","nivel_medio":1.824,"nivel_medio_min":1.745,"nivel_medio_max":2.144,"pct_alto":17.9,"n_hexagonos":4,"area_ha":126.3}},{"type":"Feature","geometry":{"type":"Polygon","coordinates":[[[-74.00985,-43.38031],[-74.00988,-43.38036],[-74.00983,-43.3805],[-74.00974,-43.38054],[-74.00943,-43.38056],[-74.00928,-43.38048],[-74.00929,-43.38038],[-74.00941,-43.38028],[-74.00985,-43.38031]]]},"properties":{"comuna":"Quellón","mancha_id":"10208-88ce122a01fffff-4","clase":"Medio","nivel_medio":1.75,"nivel_medio_min":1.75,"nivel_medio_max":1.75,"pct_alto":32.7,"n_hexagonos":1,"area_ha":0.12}},{"type":"Feature","geometry":{"type":"Polygon","coordinates":[[[-74.01003,-43.38079],[-74.01014,-43.38087],[-74.01013,-43.38099],[-74.01,-43.38109],[-74.00923,-43.38114],[-74.00915,-43.38107],[-74.00912,-43.38093],[-74.00923,-43.38082],[-74.00959,-43.38075],[-74.0099,-43.38074],[-74.01003,-43.38079]]]},"properties":{"comuna":"Quellón","mancha_id":"10208-88ce122a01fffff-5","clase":"Medio","nivel_medio":1.75,"nivel_medio_min":1.75,"nivel_medio_max":1.75,"pct_alto":32.7,"n_hexagonos":1,"area_ha":0.29}},{"type":"Feature","geometry":{"type":"Polygon","coordinates":[[[-74.01092,-43.3817],[-74.01102,-43.38182],[-74.01087,-43.38209],[-74.01062,-43.38213],[-74.01045,-43.38206],[-74.01026,-43.38191],[-74.01025,-43.38183],[-74.01035,-43.38167],[-74.01049,-43.38165],[-74.01067,-43.38166],[-74.01092,-43.3817]]]},"properties":{"comuna":"Quellón","mancha_id":"10208-88ce122a01fffff-6","clase":"Medio","nivel_medio":1.75,"nivel_medio_min":1.75,"nivel_medio_max":1.75,"pct_alto":32.7,"n_hexagonos":1,"area_ha":0.24}},{"type":"Feature","geometry":{"type":"Polygon","coordinates":[[[-74.2879,-43.3917],[-74.28794,-43.39162],[-74.28806,-43.39157],[-74.288071,-43.391566],[-74.288455,-43.391884],[-74.28846,-43.39191],[-74.28841,-43.39205],[-74.28832,-43.39214],[-74.28825,-43.39218],[-74.28807,-43.39214],[-74.28796,-43.39204],[-74.28789,-43.39196],[-74.28789,-43.39189],[-74.2879,-43.3917]]]},"properties":{"comuna":"Quellón","mancha_id":"10208-88ce122755fffff","clase":"Medio","nivel_medio":1.667,"nivel_medio_min":1.667,"nivel_medio_max":1.667,"pct_alto":0.0,"n_hexagonos":1,"area_ha":0.21}},{"type":"Feature","geometry":{"type":"Polygon","coordinates":[[[-74.28882,-43.39403],[-74.28895,-43.39396],[-74.28904,-43.39379],[-74.289212,-43.39361],[-74.28883,-43.394542],[-74.28887,-43.39439],[-74.28878,-43.39424],[-74.28868,-43.39418],[-74.28882,-43.39403]]]},"properties":{"comuna":"Quellón","mancha_id":"10208-88ce122755fffff-2","clase":"Medio","nivel_medio":1.667,"nivel_medio_min":1.667,"nivel_medio_max":1.667,"pct_alto":0.0,"n_hexagonos":1,"area_ha":0.1}},{"type":"Feature","geometry":{"type":"Polygon","coordinates":[[[-74.28346,-43.40717],[-74.28362,-43.40714],[-74.283669,-43.407133],[-74.283457,-43.40765],[-74.2833,-43.40765],[-74.28323,-43.40763],[-74.2831,-43.40755],[-74.2831,-43.40748],[-74.2831,-43.40739],[-74.28312,-43.40727],[-74.28323,-43.40722],[-74.28339,-43.40719],[-74.28346,-43.40717]]]},"properties":{"comuna":"Quellón","mancha_id":"10208-88ce12274bfffff","clase":"Medio","nivel_medio":1.869,"nivel_medio_min":1.869,"nivel_medio_max":1.869,"pct_alto":0.0,"n_hexagonos":1,"area_ha":0.18}},{"type":"Feature","geometry":{"type":"Polygon","coordinates":[[[-74.289298,-43.366847],[-74.288958,-43.367678],[-74.285708,-43.368355],[-74.28569,-43.36825],[-74.28545,-43.36793],[-74.28543,-43.36767],[-74.28572,-43.36748],[-74.28613,-43.36733],[-74.2864,-43.36717],[-74.28677,-43.36678],[-74.28723,-43.3667],[-74.28744,-43.36649],[-74.28779,-43.36635],[-74.28801,-43.36635],[-74.2884,-43.36647],[-74.28876,-43.36657],[-74.289,-43.36674],[-74.28909,-43.3668],[-74.289298,-43.366847]]]},"properties":{"comuna":"Quellón","mancha_id":"10208-88ce12273bfffff","clase":"Medio","nivel_medio":1.692,"nivel_medio_min":1.692,"nivel_medio_max":1.692,"pct_alto":0.0,"n_hexagonos":1,"area_ha":3.96}},{"type":"Feature","geometry":{"type":"Polygon","coordinates":[[[-74.26887,-43.357535],[-74.2689,-43.35742],[-74.26897,-43.35735],[-74.269006,-43.357334],[-74.269278,-43.357559],[-74.26927,-43.35757],[-74.26907,-43.35759],[-74.26898,-43.35759],[-74.26887,-43.357535]]]},"properties":{"comuna":"Quellón","mancha_id":"10208-88ce122735fffff","clase":"Medio","nivel_medio":1.855,"nivel_medio_min":1.855,"nivel_medio_max":1.855,"pct_alto":3.0,"n_hexagonos":1,"area_ha":0.05}},{"type":"Feature","geometry":{"type":"Polygon","coordinates":[[[-74.26858,-43.35815],[-74.26856,-43.35824],[-74.26844,-43.35828],[-74.26831,-43.35829],[-74.26817,-43.35827],[-74.26812,-43.35822],[-74.26808,-43.35817],[-74.26806,-43.35811],[-74.26806,-43.35797],[-74.26806,-43.35791],[-74.268125,-43.357854],[-74.26818,-43.35784],[-74.26827,-43.35784],[-74.26837,-43.35786],[-74.26855,-43.35793],[-74.26858,-43.35815]]]},"properties":{"comuna":"Quellón","mancha_id":"10208-88ce122735fffff-2","clase":"Medio","nivel_medio":1.855,"nivel_medio_min":1.855,"nivel_medio_max":1.855,"pct_alto":3.0,"n_hexagonos":1,"area_ha":0.18}},{"type":"Feature","geometry":{"type":"Polygon","coordinates":[[[-74.27724,-43.36196],[-74.27716,-43.36202],[-74.27708,-43.36206],[-74.27687,-43.36206],[-74.27672,-43.36198],[-74.27672,-43.36191],[-74.27672,-43.36183],[-74.27676,-43.36174],[-74.27686,-43.361645],[-74.27699,-43.36162],[-74.277047,-43.36162],[-74.27719,-43.36165],[-74.27726,-43.36169],[-74.2773,-43.36179],[-74.2773,-43.36185],[-74.27724,-43.36196]]]},"properties":{"comuna":"Quellón","mancha_id":"10208-88ce122731fffff","clase":"Medio","nivel_medio":2.003,"nivel_medio_min":2.003,"nivel_medio_max":2.003,"pct_alto":8.1,"n_hexagonos":1,"area_ha":0.19}},{"type":"Feature","geometry":{"type":"Polygon","coordinates":[[[-74.30641,-43.31842],[-74.306305,-43.318475],[-74.3062,-43.3185],[-74.30601,-43.3185],[-74.305942,-43.3184],[-74.30587,-43.31835],[-74.30587,-43.31824],[-74.30586,-43.31805],[-74.30583,-43.31786],[-74.30581,-43.31775],[-74.30572,-43.31764],[-74.30556,-43.31749],[-74.305475,-43.317405],[-74.3054,-43.317335],[-74.30536,-43.31712],[-74.30534,-43.31693],[-74.30543,-43.31675],[-74.30554,-43.31656],[-74.3057,-43.31637],[-74.30588,-43.31622],[-74.30607,-43.3162],[-74.30618,-43.31627],[-74.30635,-43.31639],[-74.30637,-43.31648],[-74.30651,-43.31676],[-74.30661,-43.31694],[-74.30671,-43.31713],[-74.30682,-43.31731],[-74.30688,-43.3175],[-74.30689,-43.31769],[-74.30684,-43.31787],[-74.306775,-43.318045],[-74.3067,-43.3181],[-74.30665,-43.31818],[-74.306615,-43.31823],[-74.30641,-43.31842]]]},"properties":{"comuna":"Quellón","mancha_id":"10208-88ce1225c9fffff","clase":"Medio","nivel_medio":1.633,"nivel_medio_min":1.633,"nivel_medio_max":1.633,"pct_alto":3.7,"n_hexagonos":1,"area_ha":2.04}},{"type":"Feature","geometry":{"type":"Polygon","coordinates":[[[-74.292533,-43.266026],[-74.298468,-43.264784],[-74.300347,-43.260186],[-74.306281,-43.258943],[-74.310338,-43.262297],[-74.308459,-43.266894],[-74.312516,-43.270248],[-74.310638,-43.274846],[-74.304701,-43.276089],[-74.300645,-43.272735],[-74.294709,-43.273978],[-74.290654,-43.270623],[-74.292533,-43.266026]]]},"properties":{"comuna":"Quellón","mancha_id":"10208-88ce1225a3fffff","clase":"Medio","nivel_medio":1.677,"nivel_medio_min":1.562,"nivel_medio_max":1.821,"pct_alto":0.0,"n_hexagonos":3,"area_ha":202.54}},{"type":"Feature","geometry":{"type":"Polygon","coordinates":[[[-74.26249,-43.35349],[-74.26243,-43.35353],[-74.26234,-43.35354],[-74.26222,-43.35353],[-74.26212,-43.35349],[-74.2621,-43.35343],[-74.26207,-43.35336],[-74.2621,-43.35325],[-74.26222,-43.3532],[-74.26236,-43.35325],[-74.26251,-43.3533],[-74.26255,-43.353375],[-74.26249,-43.35349]]]},"properties":{"comuna":"Quellón","mancha_id":"10208-88ce12254bfffff","clase":"Medio","nivel_medio":2.257,"nivel_medio_min":2.257,"nivel_medio_max":2.257,"pct_alto":32.6,"n_hexagonos":1,"area_ha":0.11}},{"type":"Feature","geometry":{"type":"Polygon","coordinates":[[[-74.364695,-43.288746],[-74.360631,-43.285392],[-74.354692,-43.286638],[-74.350629,-43.283284],[-74.352505,-43.278685],[-74.348443,-43.275331],[-74.350319,-43.270732],[-74.356256,-43.269485],[-74.360319,-43.272839],[-74.366257,-43.271592],[-74.368132,-43.266992],[-74.37407,-43.265745],[-74.378134,-43.269098],[-74.384072,-43.26785],[-74.385946,-43.263249],[-74.381881,-43.259897],[-74.383755,-43.255296],[-74.379691,-43.251944],[-74.381564,-43.247343],[-74.3875,-43.246095],[-74.389373,-43.241494],[-74.38531,-43.238143],[-74.387182,-43.233542],[-74.38312,-43.230191],[-74.384317,-43.227249],[-74.38438,-43.22727],[-74.38525,-43.22745],[-74.38583,-43.22761],[-74.38729,-43.22819],[-74.38839,-43.22855],[-74.39119,-43.22927],[-74.39321,-43.22965],[-74.394082,-43.22992],[-74.3945,-43.23005],[-74.39561,-43.23058],[-74.39821,-43.23158],[-74.39924,-43.23192],[-74.40018,-43.23211],[-74.4016,-43.23231],[-74.40268,-43.23251],[-74.403769,-43.232789],[-74.403116,-43.234394],[-74.403394,-43.234624],[-74.40297,-43.23488],[-74.40253,-43.23525],[-74.40216,-43.23566],[-74.40193,-43.23619],[-74.4016,-43.23674],[-74.4015,-43.2371],[-74.40155,-43.23822],[-74.40167,-43.23898],[-74.40166,-43.2397],[-74.40156,-43.24007],[-74.40132,-43.24049],[-74.40051,-43.24126],[-74.39989,-43.242],[-74.39917,-43.24308],[-74.399082,-43.243357],[-74.39904,-43.24349],[-74.39904,-43.24403],[-74.399135,-43.244181],[-74.397501,-43.248198],[-74.399963,-43.250227],[-74.39994,-43.25041],[-74.40005,-43.25076],[-74.40053,-43.25135],[-74.401338,-43.25211],[-74.40153,-43.25229],[-74.40204,-43.25288],[-74.40308,-43.25371],[-74.40409,-43.25404],[-74.40426,-43.25425],[-74.40432,-43.25432],[-74.40441,-43.25442],[-74.4045,-43.25454],[-74.40459,-43.25467],[-74.40475,-43.25483],[-74.40489,-43.25499],[-74.40503,-43.25516],[-74.40514,-43.25532],[-74.40525,-43.25548],[-74.40534,-43.25564],[-74.40542,-43.25581],[-74.4055,-43.25597],[-74.40556,-43.25613],[-74.40561,-43.25629],[-74.40565,-43.25646],[-74.40567,-43.25662],[-74.4057,-43.25678],[-74.40574,-43.25694],[-74.40576,-43.25711],[-74.4058,-43.25727],[-74.40586,-43.25743],[-74.40591,-43.2576],[-74.40594,-43.25776],[-74.40595,-43.25792],[-74.40595,-43.25808],[-74.40598,-43.25824],[-74.40598,-43.25841],[-74.40598,-43.25857],[-74.40601,-43.25873],[-74.40607,-43.25889],[-74.406124,-43.259005],[-74.403761,-43.259503],[-74.401888,-43.264104],[-74.404043,-43.26588],[-74.40394,-43.26603],[-74.40381,-43.26619],[-74.40368,-43.26635],[-74.40357,-43.26651],[-74.40346,-43.26667],[-74.40331,-43.26684],[-74.40318,-43.267],[-74.40304,-43.26716],[-74.40288,-43.26732],[-74.402655,-43.267545],[-74.40256,-43.26763],[-74.4025,-43.26768],[-74.4023,-43.26778],[-74.40208,-43.26786],[-74.40186,-43.26793],[-74.40164,-43.26797],[-74.40141,-43.26804],[-74.40119,-43.26808],[-74.40097,-43.2681],[-74.40075,-43.26812],[-74.40052,-43.26814],[-74.4003,-43.26816],[-74.40008,-43.26821],[-74.39986,-43.26827],[-74.39963,-43.2683],[-74.39941,-43.26833],[-74.39919,-43.26836],[-74.39897,-43.26839],[-74.39874,-43.26842],[-74.398483,-43.268488],[-74.39835,-43.2685],[-74.3983,-43.26853],[-74.39808,-43.26852],[-74.39785,-43.26853],[-74.39763,-43.26853],[-74.39741,-43.26856],[-74.39731,-43.26858],[-74.39725,-43.26859],[-74.39719,-43.2686],[-74.39712,-43.26864],[-74.39696,-43.26863],[-74.39671,-43.2687],[-74.39649,-43.26881],[-74.39629,-43.2689],[-74.39604,-43.26899],[-74.39585,-43.26909],[-74.39563,-43.26918],[-74.39542,-43.2693],[-74.395193,-43.269447],[-74.39512,-43.26947],[-74.39508,-43.26952],[-74.395,-43.26955],[-74.3948,-43.26963],[-74.39457,-43.26969],[-74.39435,-43.26972],[-74.394165,-43.269737],[-74.39413,-43.26974],[-74.39391,-43.26978],[-74.39368,-43.2698],[-74.39346,-43.26981],[-74.39324,-43.26981],[-74.39302,-43.26981],[-74.39279,-43.26982],[-74.39257,-43.26982],[-74.39235,-43.26984],[-74.39213,-43.26986],[-74.39191,-43.26992],[-74.39168,-43.26997],[-74.39141,-43.27008],[-74.39116,-43.27018],[-74.39095,-43.27027],[-74.39073,-43.27035],[-74.3905,-43.27042],[-74.39028,-43.2705],[-74.39006,-43.27062],[-74.38985,-43.27076],[-74.38964,-43.27087],[-74.389531,-43.27091],[-74.388138,-43.271203],[-74.38803,-43.271467],[-74.38781,-43.27154],[-74.3876,-43.27163],[-74.38738,-43.27171],[-74.38716,-43.27181],[-74.38692,-43.27189],[-74.38671,-43.272],[-74.38649,-43.27212],[-74.3863,-43.27222],[-74.38606,-43.27234],[-74.38583,-43.27247],[-74.38563,-43.27256],[-74.3854,-43.27264],[-74.38518,-43.27272],[-74.38496,-43.27279],[-74.3847,-43.27287],[-74.38448,-43.27299],[-74.38427,-43.2731],[-74.38405,-43.2732],[-74.38384,-43.2733],[-74.38362,-43.27338],[-74.3834,-43.27346],[-74.38317,-43.27355],[-74.3829,-43.27365],[-74.38266,-43.27376],[-74.38242,-43.27388],[-74.38222,-43.27398],[-74.38199,-43.27407],[-74.38177,-43.27414],[-74.38155,-43.2742],[-74.38132,-43.27426],[-74.3811,-43.27431],[-74.38088,-43.27436],[-74.38066,-43.27439],[-74.38043,-43.27444],[-74.38021,-43.27449],[-74.37999,-43.27456],[-74.37977,-43.27463],[-74.37954,-43.27465],[-74.37927,-43.27473],[-74.37906,-43.27481],[-74.37886,-43.2749],[-74.37867,-43.27503],[-74.37846,-43.27513],[-74.37822,-43.27524],[-74.378163,-43.275268],[-74.37626,-43.273698],[-74.370321,-43.274945],[-74.368446,-43.279546],[-74.371553,-43.282109],[-74.3715,-43.28215],[-74.37147,-43.2822],[-74.37147,-43.2823],[-74.37142,-43.28237],[-74.37142,-43.28253],[-74.37141,-43.28269],[-74.37138,-43.28285],[-74.37136,-43.28301],[-74.37133,-43.28318],[-74.3713,-43.28334],[-74.37121,-43.2835],[-74.37109,-43.28366],[-74.37094,-43.28382],[-74.37084,-43.28399],[-74.37078,-43.28415],[-74.3707,-43.28431],[-74.37065,-43.28447],[-74.37062,-43.28463],[-74.37055,-43.2848],[-74.37049,-43.28496],[-74.37036,-43.28512],[-74.37029,-43.28528],[-74.37024,-43.28544],[-74.37019,-43.28561],[-74.37016,-43.28577],[-74.37016,-43.28593],[-74.37016,-43.286],[-74.3702,-43.28609],[-74.37027,-43.28626],[-74.37026,-43.28642],[-74.37026,-43.28648],[-74.37015,-43.28656],[-74.36988,-43.28675],[-74.369625,-43.286835],[-74.36942,-43.28685],[-74.36926,-43.28685],[-74.3692,-43.28682],[-74.36907,-43.286795],[-74.36894,-43.28678],[-74.36869,-43.28677],[-74.36853,-43.286795],[-74.36845,-43.28684],[-74.36826,-43.28697],[-74.36818,-43.28702],[-74.36818,-43.28708],[-74.36808,-43.28716],[-74.36807,-43.28722],[-74.36802,-43.28731],[-74.36795,-43.28747],[-74.36792,-43.28763],[-74.36788,-43.2878],[-74.36785,-43.28796],[-74.367834,-43.288087],[-74.364695,-43.288746]]]},"properties":{"comuna":"Quellón","mancha_id":"10208-88ce1224a3fffff","clase":"Medio","nivel_medio":1.736,"nivel_medio_min":1.506,"nivel_medio_max":2.441,"pct_alto":5.7,"n_hexagonos":18,"area_ha":997.92}},{"type":"Feature","geometry":{"type":"Polygon","coordinates":[[[-74.3027,-43.32119],[-74.30268,-43.32128],[-74.30264,-43.32135],[-74.3026,-43.32142],[-74.30254,-43.32145],[-74.30247,-43.32145],[-74.30233,-43.32139],[-74.30226,-43.32132],[-74.30214,-43.32125],[-74.30208,-43.321175],[-74.302095,-43.32107],[-74.3022,-43.32102],[-74.30231,-43.321],[-74.302367,-43.321],[-74.302565,-43.32103],[-74.302685,-43.3211],[-74.3027,-43.32119]]]},"properties":{"comuna":"Quellón","mancha_id":"10208-88ce122427fffff","clase":"Medio","nivel_medio":1.751,"nivel_medio_min":1.751,"nivel_medio_max":1.751,"pct_alto":7.6,"n_hexagonos":1,"area_ha":0.18}},{"type":"Feature","geometry":{"type":"Polygon","coordinates":[[[-74.307247,-43.32191],[-74.30737,-43.32214],[-74.3073,-43.32216],[-74.30722,-43.3222],[-74.30714,-43.32222],[-74.30698,-43.3222],[-74.3069,-43.32214],[-74.30689,-43.32206],[-74.30699,-43.32199],[-74.30702,-43.32192],[-74.30719,-43.32191],[-74.307247,-43.32191]]]},"properties":{"comuna":"Quellón","mancha_id":"10208-88ce122427fffff-2","clase":"Medio","nivel_medio":1.751,"nivel_medio_min":1.751,"nivel_medio_max":1.751,"pct_alto":7.6,"n_hexagonos":1,"area_ha":0.09}},{"type":"Feature","geometry":{"type":"Polygon","coordinates":[[[-74.29917,-43.32643],[-74.298945,-43.32654],[-74.29887,-43.32657],[-74.298771,-43.326556],[-74.298462,-43.326301],[-74.29842,-43.32617],[-74.29844,-43.32601],[-74.29851,-43.32584],[-74.29859,-43.32568],[-74.29865,-43.32552],[-74.2987,-43.32536],[-74.29875,-43.3252],[-74.29876,-43.325005],[-74.298695,-43.32486],[-74.29868,-43.32474],[-74.29857,-43.32471],[-74.29835,-43.32465],[-74.2982,-43.32465],[-74.29809,-43.32468],[-74.2979,-43.3248],[-74.29787,-43.32485],[-74.2978,-43.32487],[-74.29771,-43.32496],[-74.29755,-43.32507],[-74.29747,-43.3251],[-74.2974,-43.32512],[-74.29734,-43.32514],[-74.29725,-43.32516],[-74.29713,-43.32519],[-74.297119,-43.325191],[-74.295895,-43.32418],[-74.293667,-43.324645],[-74.293605,-43.324625],[-74.29355,-43.32456],[-74.29344,-43.324495],[-74.29339,-43.32446],[-74.29338,-43.3243],[-74.29338,-43.32414],[-74.29338,-43.32398],[-74.29337,-43.32382],[-74.29334,-43.32366],[-74.29321,-43.32349],[-74.29315,-43.32343],[-74.29306,-43.32341],[-74.292975,-43.323395],[-74.29273,-43.3234],[-74.29263,-43.32347],[-74.29248,-43.32351],[-74.29226,-43.32356],[-74.29217,-43.32356],[-74.29204,-43.32351],[-74.29185,-43.323355],[-74.291853,-43.323198],[-74.29203,-43.32303],[-74.29218,-43.32297],[-74.29225,-43.32295],[-74.29233,-43.32291],[-74.29252,-43.32282],[-74.2926,-43.32269],[-74.29265,-43.32265],[-74.2927,-43.32262],[-74.29272,-43.32249],[-74.292705,-43.32241],[-74.29266,-43.32233],[-74.29253,-43.32215],[-74.29244,-43.32208],[-74.292365,-43.32204],[-74.29215,-43.3219],[-74.29193,-43.32178],[-74.29168,-43.32169],[-74.29143,-43.32161],[-74.29117,-43.32154],[-74.29092,-43.3215],[-74.29073,-43.32148],[-74.29066,-43.32149],[-74.29044,-43.3215],[-74.29022,-43.32154],[-74.29,-43.32156],[-74.28977,-43.32158],[-74.28955,-43.32158],[-74.28933,-43.32158],[-74.2892,-43.32158],[-74.289085,-43.32154],[-74.28882,-43.32148],[-74.28857,-43.32141],[-74.28832,-43.32139],[-74.28822,-43.32139],[-74.28814,-43.32144],[-74.28806,-43.32148],[-74.287865,-43.32159],[-74.28782,-43.32171],[-74.28774,-43.32177],[-74.28758,-43.3219],[-74.28751,-43.32194],[-74.28739,-43.321995],[-74.2872,-43.32203],[-74.28697,-43.322],[-74.28672,-43.32199],[-74.28654,-43.32204],[-74.28646,-43.32206],[-74.28624,-43.32209],[-74.286058,-43.322078],[-74.28592,-43.322004],[-74.287777,-43.317467],[-74.293717,-43.316226],[-74.297777,-43.319582],[-74.303718,-43.31834],[-74.304841,-43.315593],[-74.30484,-43.31561],[-74.30487,-43.31577],[-74.30491,-43.31583],[-74.30495,-43.315945],[-74.30499,-43.316],[-74.30505,-43.3161],[-74.30514,-43.316265],[-74.30514,-43.31642],[-74.30511,-43.31658],[-74.30508,-43.31675],[-74.30507,-43.31691],[-74.30507,-43.31707],[-74.30509,-43.31723],[-74.30513,-43.3174],[-74.30518,-43.31756],[-74.30519,-43.31772],[-74.30522,-43.31788],[-74.30522,-43.31805],[-74.30522,-43.31821],[-74.30523,-43.31837],[-74.30526,-43.31848],[-74.30531,-43.31853],[-74.30534,-43.3187],[-74.30537,-43.31886],[-74.3054,-43.31902],[-74.30538,-43.31918],[-74.30537,-43.31924],[-74.30534,-43.319325],[-74.30524,-43.31951],[-74.305193,-43.31956],[-74.30509,-43.31967],[-74.30493,-43.31981],[-74.30487,-43.31984],[-74.30456,-43.31985],[-74.30434,-43.31985],[-74.30412,-43.31981],[-74.30387,-43.31978],[-74.30361,-43.31975],[-74.30336,-43.3197],[-74.30311,-43.31965],[-74.30285,-43.31957],[-74.3026,-43.31955],[-74.30234,-43.31954],[-74.30209,-43.31955],[-74.30187,-43.31959],[-74.30164,-43.31964],[-74.30142,-43.3197],[-74.30123,-43.31981],[-74.30118,-43.319855],[-74.30105,-43.31997],[-74.30088,-43.3201],[-74.30057,-43.32028],[-74.30037,-43.32043],[-74.30017,-43.32059],[-74.30003,-43.32073],[-74.29988,-43.32094],[-74.29983,-43.3211],[-74.29982,-43.32126],[-74.29978,-43.32142],[-74.29975,-43.32158],[-74.29967,-43.32175],[-74.29959,-43.32191],[-74.29949,-43.32207],[-74.29938,-43.32223],[-74.29926,-43.32239],[-74.29913,-43.32255],[-74.299,-43.32272],[-74.29892,-43.32288],[-74.29883,-43.32304],[-74.29876,-43.3232],[-74.29871,-43.32336],[-74.29871,-43.32353],[-74.29877,-43.32364],[-74.2988,-43.32369],[-74.29897,-43.32383],[-74.29921,-43.32389],[-74.29944,-43.32394],[-74.29959,-43.32397],[-74.29964,-43.32403],[-74.29973,-43.32418],[-74.29973,-43.32429],[-74.29967,-43.32433],[-74.29949,-43.32446],[-74.2994,-43.32464],[-74.29939,-43.32471],[-74.29946,-43.32481],[-74.29955,-43.32497],[-74.29964,-43.32513],[-74.29972,-43.32529],[-74.2998,-43.32546],[-74.29983,-43.32562],[-74.2998,-43.32578],[-74.299765,-43.32585],[-74.2997,-43.32594],[-74.29965,-43.326],[-74.29954,-43.32608],[-74.29949,-43.32613],[-74.29936,-43.32624],[-74.29917,-43.32643]]]},"properties":{"comuna":"Quellón","mancha_id":"10208-88ce122427fffff-3","clase":"Medio","nivel_medio":1.628,"nivel_medio_min":1.592,"nivel_medio_max":1.751,"pct_alto":2.2,"n_hexagonos":3,"area_ha":74.21}},{"type":"Feature","geometry":{"type":"Polygon","coordinates":[[[-74.30061,-43.3247],[-74.30058,-43.32476],[-74.30049,-43.32481],[-74.30029,-43.32482],[-74.30017,-43.324795],[-74.30013,-43.32474],[-74.30011,-43.32465],[-74.30008,-43.32458],[-74.30011,-43.324485],[-74.30025,-43.32441],[-74.300368,-43.324443],[-74.30047,-43.32449],[-74.30053,-43.32454],[-74.30058,-43.3246],[-74.30061,-43.3247]]]},"properties":{"comuna":"Quellón","mancha_id":"10208-88ce122427fffff-4","clase":"Medio","nivel_medio":1.751,"nivel_medio_min":1.751,"nivel_medio_max":1.751,"pct_alto":7.6,"n_hexagonos":1,"area_ha":0.14}},{"type":"Feature","geometry":{"type":"Polygon","coordinates":[[[-74.3015,-43.3252],[-74.30138,-43.32526],[-74.301305,-43.32527],[-74.30122,-43.325285],[-74.301105,-43.32525],[-74.301093,-43.325153],[-74.3009,-43.32512],[-74.30074,-43.32506],[-74.30075,-43.324965],[-74.30078,-43.32491],[-74.30084,-43.32489],[-74.301,-43.32484],[-74.30119,-43.32485],[-74.30131,-43.32487],[-74.30145,-43.32488],[-74.30156,-43.32492],[-74.30162,-43.32494],[-74.30165,-43.325025],[-74.30156,-43.32516],[-74.3015,-43.3252]]]},"properties":{"comuna":"Quellón","mancha_id":"10208-88ce122427fffff-5","clase":"Medio","nivel_medio":1.751,"nivel_medio_min":1.751,"nivel_medio_max":1.751,"pct_alto":7.6,"n_hexagonos":1,"area_ha":0.25}},{"type":"Feature","geometry":{"type":"Polygon","coordinates":[[[-74.25217,-43.43596],[-74.252277,-43.435861],[-74.25243,-43.43572],[-74.25255,-43.43475],[-74.25283,-43.43452],[-74.2531,-43.43426],[-74.25318,-43.43421],[-74.25323,-43.434145],[-74.25336,-43.43398],[-74.25339,-43.43382],[-74.25346,-43.43365],[-74.25356,-43.43344],[-74.25369,-43.43329],[-74.25378,-43.43312],[-74.25383,-43.43307],[-74.253865,-43.433015],[-74.2539,-43.43296],[-74.25397,-43.432895],[-74.25406,-43.43279],[-74.25418,-43.432685],[-74.254295,-43.432645],[-74.25435,-43.43263],[-74.25442,-43.4326],[-74.25457,-43.43257],[-74.25465,-43.43256],[-74.25484,-43.43254],[-74.25503,-43.43255],[-74.25515,-43.432565],[-74.25522,-43.4326],[-74.25536,-43.43268],[-74.25545,-43.432755],[-74.25547,-43.43293],[-74.25547,-43.43301],[-74.255525,-43.433045],[-74.25556,-43.4332],[-74.255605,-43.43333],[-74.25563,-43.43348],[-74.25567,-43.43362],[-74.25573,-43.43376],[-74.25576,-43.4339],[-74.25583,-43.43404],[-74.25586,-43.43418],[-74.25589,-43.43432],[-74.2559,-43.43446],[-74.2559,-43.4346],[-74.25591,-43.43474],[-74.25593,-43.43488],[-74.25597,-43.43502],[-74.25599,-43.43516],[-74.25602,-43.43529],[-74.25608,-43.43543],[-74.25614,-43.43557],[-74.25619,-43.43571],[-74.2562,-43.43585],[-74.25625,-43.43599],[-74.25625,-43.43613],[-74.25624,-43.43627],[-74.25624,-43.43643],[-74.25627,-43.4366],[-74.25632,-43.43673],[-74.25633,-43.43687],[-74.25636,-43.43701],[-74.25639,-43.43715],[-74.25644,-43.43729],[-74.25652,-43.43743],[-74.256536,-43.437506],[-74.25655,-43.43757],[-74.25658,-43.43771],[-74.25662,-43.43785],[-74.25665,-43.43799],[-74.25668,-43.43813],[-74.25668,-43.43827],[-74.25671,-43.43841],[-74.25674,-43.43855],[-74.25677,-43.43869],[-74.25682,-43.43883],[-74.25685,-43.43896],[-74.25689,-43.4391],[-74.25696,-43.43916],[-74.257015,-43.439245],[-74.2571,-43.43934],[-74.257235,-43.43937],[-74.2574,-43.43943],[-74.25748,-43.43944],[-74.25759,-43.43946],[-74.25778,-43.43946],[-74.25797,-43.43944],[-74.25816,-43.43944],[-74.25835,-43.43945],[-74.25854,-43.43947],[-74.25873,-43.43952],[-74.2588,-43.43953],[-74.25889,-43.43962],[-74.25908,-43.43974],[-74.25918,-43.43984],[-74.25925,-43.43998],[-74.25935,-43.44008],[-74.25947,-43.44026],[-74.2596,-43.44043],[-74.25972,-43.44061],[-74.25983,-43.44082],[-74.25989,-43.44096],[-74.25991,-43.441115],[-74.259835,-43.441208],[-74.25981,-43.44137],[-74.25987,-43.44145],[-74.25987,-43.44151],[-74.259895,-43.441585],[-74.25992,-43.44165],[-74.25996,-43.44179],[-74.26003,-43.44193],[-74.26009,-43.44207],[-74.26017,-43.44221],[-74.26021,-43.44235],[-74.26026,-43.44249],[-74.26032,-43.44263],[-74.26037,-43.44277],[-74.26038,-43.44291],[-74.26039,-43.44305],[-74.26039,-43.44319],[-74.26039,-43.44335],[-74.26037,-43.44351],[-74.26032,-43.44367],[-74.26024,-43.44374],[-74.26019,-43.44381],[-74.2601,-43.44388],[-74.26005,-43.44391],[-74.259935,-43.443965],[-74.25967,-43.44402],[-74.25951,-43.44405],[-74.25935,-43.44408],[-74.25919,-43.44409],[-74.25912,-43.44409],[-74.25903,-43.44405],[-74.25885,-43.44395],[-74.25873,-43.44385],[-74.2586,-43.44371],[-74.25845,-43.44356],[-74.25822,-43.44341],[-74.25803,-43.44332],[-74.25785,-43.44323],[-74.25761,-43.44316],[-74.2574,-43.44307],[-74.25721,-43.44298],[-74.25704,-43.44287],[-74.25686,-43.44277],[-74.25667,-43.44267],[-74.25647,-43.44259],[-74.25626,-43.44251],[-74.25606,-43.44251],[-74.2558,-43.44253],[-74.25564,-43.44253],[-74.25555,-43.44253],[-74.25548,-43.44249],[-74.25527,-43.442405],[-74.25523,-43.44232],[-74.25516,-43.442285],[-74.25506,-43.44212],[-74.25501,-43.44192],[-74.25503,-43.44176],[-74.25505,-43.44169],[-74.255137,-43.441618],[-74.25516,-43.44144],[-74.25521,-43.44127],[-74.25517,-43.44115],[-74.25513,-43.44109],[-74.2551,-43.44104],[-74.25506,-43.44097],[-74.25491,-43.44081],[-74.25476,-43.44068],[-74.2546,-43.44052],[-74.25443,-43.44035],[-74.25425,-43.44018],[-74.25411,-43.44003],[-74.254,-43.43983],[-74.253951,-43.439755],[-74.25389,-43.43966],[-74.25377,-43.4395],[-74.25366,-43.43934],[-74.25358,-43.43918],[-74.25347,-43.43901],[-74.2534,-43.43885],[-74.2533,-43.43869],[-74.25316,-43.43852],[-74.25302,-43.43837],[-74.25284,-43.43816],[-74.25217,-43.43762],[-74.25167,-43.43704],[-74.25168,-43.43669],[-74.25198,-43.43638],[-74.25217,-43.43596]]]},"properties":{"comuna":"Quellón","mancha_id":"10208-88ce1222dbfffff","clase":"Medio","nivel_medio":1.582,"nivel_medio_min":1.576,"nivel_medio_max":1.59,"pct_alto":0.0,"n_hexagonos":3,"area_ha":38.12}},{"type":"Feature","geometry":{"type":"Polygon","coordinates":[[[-74.25062,-43.44177],[-74.25075,-43.44285],[-74.250768,-43.442909],[-74.25099,-43.44361],[-74.25101,-43.44418],[-74.25107,-43.44437],[-74.25117,-43.4445],[-74.25138,-43.44462],[-74.25198,-43.44458],[-74.25229,-43.4447],[-74.25248,-43.44483],[-74.25255,-43.44521],[-74.25254,-43.44547],[-74.25208,-43.44598],[-74.25209,-43.44627],[-74.25235,-43.44644],[-74.25248,-43.44661],[-74.25254,-43.44685],[-74.25251,-43.44703],[-74.25224,-43.44729],[-74.25229,-43.44784],[-74.25219,-43.448],[-74.25178,-43.44813],[-74.25172,-43.44848],[-74.25151,-43.44881],[-74.25134,-43.44891],[-74.250745,-43.44889],[-74.25063,-43.44885],[-74.25026,-43.44864],[-74.25005,-43.44845],[-74.24989,-43.44821],[-74.24979,-43.44791],[-74.24951,-43.44695],[-74.24911,-43.44638],[-74.24845,-43.44447],[-74.24789,-43.44371],[-74.247847,-43.443515],[-74.24768,-43.44276],[-74.24744,-43.44219],[-74.24709,-43.44162],[-74.2467,-43.44048],[-74.24654,-43.43972],[-74.24655,-43.43946],[-74.24665,-43.43926],[-74.24702,-43.4389],[-74.24712,-43.43889],[-74.24722,-43.4388],[-74.24804,-43.43845],[-74.24872,-43.43831],[-74.24895,-43.4383],[-74.24931,-43.43836],[-74.24976,-43.43886],[-74.24993,-43.43962],[-74.24996,-43.44076],[-74.25004,-43.44108],[-74.25062,-43.44177]]]},"properties":{"comuna":"Quellón","mancha_id":"10208-88ce1222dbfffff-2","clase":"Medio","nivel_medio":1.571,"nivel_medio_min":1.552,"nivel_medio_max":1.587,"pct_alto":0.0,"n_hexagonos":2,"area_ha":28.16}},{"type":"Feature","geometry":{"type":"Polygon","coordinates":[[[-74.23035,-43.40895],[-74.22989,-43.40903],[-74.22979,-43.40916],[-74.22947,-43.40916],[-74.2289,-43.40875],[-74.22879,-43.40862],[-74.22868,-43.40834],[-74.22877,-43.40803],[-74.22914,-43.40772],[-74.22985,-43.40758],[-74.23086,-43.40708],[-74.23112,-43.40712],[-74.23138,-43.40732],[-74.2315,-43.4078],[-74.23138,-43.408],[-74.23099,-43.40837],[-74.23084,-43.40858],[-74.23077,-43.4088],[-74.23067,-43.40887],[-74.23035,-43.40895]]]},"properties":{"comuna":"Quellón","mancha_id":"10208-88ce1222bbfffff","clase":"Medio","nivel_medio":1.567,"nivel_medio_min":1.567,"nivel_medio_max":1.567,"pct_alto":0.0,"n_hexagonos":1,"area_ha":3.25}},{"type":"Feature","geometry":{"type":"Polygon","coordinates":[[[-74.24723,-43.42659],[-74.24731,-43.4267],[-74.247292,-43.42681],[-74.247087,-43.426852],[-74.24706,-43.42685],[-74.24698,-43.42679],[-74.24698,-43.42668],[-74.24706,-43.42657],[-74.24715,-43.42656],[-74.24723,-43.42659]]]},"properties":{"comuna":"Quellón","mancha_id":"10208-88ce122299fffff","clase":"Medio","nivel_medio":1.614,"nivel_medio_min":1.614,"nivel_medio_max":1.614,"pct_alto":0.0,"n_hexagonos":1,"area_ha":0.07}},{"type":"Feature","geometry":{"type":"Polygon","coordinates":[[[-74.23836,-43.41146],[-74.23831,-43.41154],[-74.23816,-43.41157],[-74.23809,-43.41157],[-74.23793,-43.41154],[-74.23786,-43.41146],[-74.23785,-43.41138],[-74.23803,-43.41131],[-74.23826,-43.41133],[-74.23833,-43.41138],[-74.23836,-43.41146]]]},"properties":{"comuna":"Quellón","mancha_id":"10208-88ce122297fffff","clase":"Medio","nivel_medio":1.623,"nivel_medio_min":1.623,"nivel_medio_max":1.623,"pct_alto":0.1,"n_hexagonos":1,"area_ha":0.09}},{"type":"Feature","geometry":{"type":"Polygon","coordinates":[[[-74.24317,-43.41166],[-74.24294,-43.41158],[-74.24135,-43.41125],[-74.241313,-43.411233],[-74.24086,-43.41103],[-74.24075,-43.41094],[-74.24061,-43.41065],[-74.24061,-43.41053],[-74.24079,-43.41026],[-74.24078,-43.40997],[-74.2407,-43.40988],[-74.24049,-43.40978],[-74.24013,-43.40981],[-74.23985,-43.41005],[-74.2399,-43.41024],[-74.24019,-43.41044],[-74.24019,-43.41059],[-74.24002,-43.4107],[-74.23898,-43.41091],[-74.23815,-43.41079],[-74.23792,-43.41068],[-74.23761,-43.41063],[-74.23716,-43.41064],[-74.23688,-43.41054],[-74.23655,-43.410205],[-74.235697,-43.409823],[-74.234126,-43.408522],[-74.233546,-43.408642],[-74.23346,-43.40847],[-74.23321,-43.4077],[-74.23318,-43.40732],[-74.23335,-43.40676],[-74.23372,-43.40633],[-74.23506,-43.40518],[-74.235787,-43.404479],[-74.2359,-43.40437],[-74.23599,-43.40424],[-74.236005,-43.403948],[-74.236007,-43.403919],[-74.236014,-43.403926],[-74.237072,-43.403706],[-74.23755,-43.40393],[-74.23768,-43.4042],[-74.23774,-43.40458],[-74.23787,-43.40477],[-74.23817,-43.40507],[-74.23856,-43.40517],[-74.23902,-43.40516],[-74.23997,-43.40476],[-74.24026,-43.4046],[-74.24056,-43.40443],[-74.24128,-43.40384],[-74.242193,-43.402881],[-74.24307,-43.40196],[-74.24356,-43.4012],[-74.24389,-43.40026],[-74.24418,-43.39969],[-74.24491,-43.39856],[-74.2456,-43.39774],[-74.245618,-43.397726],[-74.249798,-43.396857],[-74.251685,-43.39226],[-74.249789,-43.390691],[-74.24982,-43.39057],[-74.24966,-43.38905],[-74.24945,-43.38878],[-74.2493,-43.38872],[-74.24908,-43.38868],[-74.24839,-43.38872],[-74.24817,-43.3887],[-74.24794,-43.38866],[-74.247758,-43.388574],[-74.24741,-43.38841],[-74.24748,-43.38798],[-74.24787,-43.38764],[-74.24809,-43.38736],[-74.24809,-43.38707],[-74.24801,-43.38688],[-74.24731,-43.386],[-74.2473,-43.38479],[-74.24767,-43.38422],[-74.24774,-43.38403],[-74.24774,-43.38385],[-74.24757,-43.38327],[-74.247639,-43.382753],[-74.24767,-43.38252],[-74.24755,-43.38176],[-74.2473,-43.38129],[-74.24712,-43.38113],[-74.24622,-43.38074],[-74.24581,-43.38046],[-74.245717,-43.380299],[-74.24559,-43.38008],[-74.2451,-43.37875],[-74.24509,-43.3784],[-74.24542,-43.37796],[-74.24577,-43.37774],[-74.24556,-43.37705],[-74.24555,-43.37686],[-74.24562,-43.37667],[-74.24575,-43.37648],[-74.24601,-43.37627],[-74.24639,-43.37607],[-74.24663,-43.37584],[-74.246663,-43.375788],[-74.24672,-43.3757],[-74.24667,-43.37532],[-74.24648,-43.37494],[-74.24636,-43.37449],[-74.24663,-43.37361],[-74.24674,-43.37229],[-74.2466,-43.37191],[-74.24628,-43.37153],[-74.24575,-43.37102],[-74.24564,-43.37082],[-74.24579,-43.36906],[-74.24575,-43.3683],[-74.245741,-43.368272],[-74.24563,-43.36792],[-74.24554,-43.36735],[-74.24543,-43.36716],[-74.24527,-43.3664],[-74.24475,-43.36544],[-74.24461,-43.36502],[-74.24488,-43.36407],[-74.24493,-43.3635],[-74.2447,-43.36274],[-74.24469,-43.36255],[-74.24482,-43.36232],[-74.2449,-43.36229],[-74.24492,-43.36217],[-74.2449,-43.36198],[-74.24471,-43.36173],[-74.24471,-43.3616],[-74.24486,-43.36141],[-74.24504,-43.36128],[-74.24518,-43.36087],[-74.24565,-43.36058],[-74.24575,-43.36056],[-74.24601,-43.36033],[-74.24602,-43.36016],[-74.24591,-43.35991],[-74.245844,-43.359844],[-74.24578,-43.35978],[-74.24568,-43.3595],[-74.24633,-43.35865],[-74.24656,-43.35843],[-74.2468,-43.35829],[-74.24697,-43.35811],[-74.24719,-43.35757],[-74.24724,-43.35735],[-74.24721,-43.35697],[-74.24736,-43.35659],[-74.24736,-43.3564],[-74.24708,-43.35583],[-74.24711,-43.35567],[-74.24734,-43.3554],[-74.24732,-43.35488],[-74.24737,-43.35469],[-74.24762,-43.35431],[-74.24762,-43.35412],[-74.24739,-43.35385],[-74.24722,-43.35375],[-74.24714,-43.35358],[-74.24726,-43.35323],[-74.24749,-43.35307],[-74.24743,-43.35264],[-74.24756,-43.35262],[-74.24764,-43.35252],[-74.248122,-43.352365],[-74.24857,-43.35222],[-74.24864,-43.35208],[-74.24866,-43.35169],[-74.24892,-43.35149],[-74.24902,-43.35144],[-74.2498,-43.35155],[-74.25004,-43.35137],[-74.25003,-43.35122],[-74.24974,-43.35089],[-74.24969,-43.35075],[-74.2497,-43.35032],[-74.24983,-43.34975],[-74.25002,-43.34947],[-74.25028,-43.34924],[-74.25054,-43.3492],[-74.25109,-43.34921],[-74.25155,-43.34916],[-74.25176,-43.3493],[-74.25179,-43.34937],[-74.25203,-43.34942],[-74.25226,-43.34934],[-74.25273,-43.34912],[-74.25283,-43.34911],[-74.25302,-43.349],[-74.25326,-43.34887],[-74.25356,-43.34862],[-74.25362,-43.348565],[-74.253675,-43.34852],[-74.25375,-43.34845],[-74.25384,-43.34839],[-74.25392,-43.3483],[-74.254,-43.34829],[-74.25417,-43.3483],[-74.25428,-43.34837],[-74.25438,-43.34846],[-74.25442,-43.34861],[-74.254525,-43.34868],[-74.25472,-43.34886],[-74.25493,-43.34896],[-74.255155,-43.349105],[-74.25532,-43.3493],[-74.25541,-43.34948],[-74.25549,-43.34967],[-74.25555,-43.34985],[-74.25557,-43.35004],[-74.25559,-43.35023],[-74.25564,-43.35038],[-74.25567,-43.35045],[-74.25581,-43.35062],[-74.25597,-43.35072],[-74.25619,-43.35068],[-74.25634,-43.35062],[-74.25642,-43.3506],[-74.25664,-43.35053],[-74.25697,-43.35045],[-74.25715,-43.35032],[-74.25723,-43.35025],[-74.25737,-43.35026],[-74.25747,-43.35034],[-74.25751,-43.35052],[-74.25751,-43.3507],[-74.25749,-43.35089],[-74.25748,-43.35107],[-74.25747,-43.35119],[-74.25754,-43.35122],[-74.25758,-43.35127],[-74.25762,-43.351289],[-74.257715,-43.351335],[-74.25781,-43.35131],[-74.25792,-43.35125],[-74.25809,-43.35129],[-74.25817,-43.35138],[-74.2582,-43.35156],[-74.25818,-43.35175],[-74.2582,-43.35194],[-74.25823,-43.35212],[-74.25822,-43.35225],[-74.25827,-43.35231],[-74.25833,-43.35237],[-74.25838,-43.35249],[-74.2586,-43.35262],[-74.25887,-43.35273],[-74.25909,-43.35286],[-74.259335,-43.353],[-74.25943,-43.35305],[-74.25953,-43.35308],[-74.2596,-43.35314],[-74.2598,-43.35331],[-74.25991,-43.3535],[-74.26003,-43.35369],[-74.26014,-43.353825],[-74.26021,-43.35387],[-74.26033,-43.35392],[-74.26048,-43.35396],[-74.26079,-43.353965],[-74.26086,-43.35394],[-74.26092,-43.35385],[-74.261,-43.35374],[-74.261065,-43.353725],[-74.261225,-43.353665],[-74.26137,-43.35364],[-74.26166,-43.35364],[-74.26194,-43.3537],[-74.26223,-43.3537],[-74.26245,-43.3537],[-74.26266,-43.3537],[-74.26274,-43.35365],[-74.26285,-43.35358],[-74.26302,-43.3534],[-74.26319,-43.35322],[-74.26336,-43.35304],[-74.26354,-43.35285],[-74.26372,-43.35267],[-74.263805,-43.352495],[-74.26383,-43.3524],[-74.263935,-43.35226],[-74.26401,-43.3522],[-74.26412,-43.35222],[-74.26434,-43.35227],[-74.26456,-43.35222],[-74.26464,-43.35219],[-74.26479,-43.35214],[-74.26488,-43.35214],[-74.26495,-43.35219],[-74.26501,-43.35223],[-74.26515,-43.352365],[-74.265235,-43.35248],[-74.26534,-43.35268],[-74.26535,-43.35274],[-74.26538,-43.35286],[-74.26551,-43.35305],[-74.26557,-43.35307],[-74.265685,-43.35316],[-74.265805,-43.35331],[-74.26587,-43.35349],[-74.26585,-43.353665],[-74.265815,-43.35374],[-74.26582,-43.35386],[-74.26592,-43.35405],[-74.26607,-43.35422],[-74.26617,-43.35447],[-74.26619,-43.35454],[-74.26616,-43.35465],[-74.26616,-43.35471],[-74.2662,-43.35478],[-74.26625,-43.35482],[-74.2663,-43.35485],[-74.26629,-43.35499],[-74.26623,-43.35506],[-74.26615,-43.35513],[-74.26613,-43.35523],[-74.26613,-43.35534],[-74.26621,-43.35541],[-74.266405,-43.35556],[-74.26643,-43.35558],[-74.26659,-43.35577],[-74.2666,-43.35586],[-74.26665,-43.35596],[-74.26674,-43.35614],[-74.26687,-43.35633],[-74.26691,-43.35651],[-74.26701,-43.3567],[-74.26703,-43.35689],[-74.26706,-43.35707],[-74.26706,-43.35714],[-74.267,-43.35726],[-74.26687,-43.35744],[-74.26679,-43.35763],[-74.26679,-43.3577],[-74.26683,-43.35781],[-74.26689,-43.358],[-74.267,-43.35818],[-74.2671,-43.35837],[-74.26726,-43.358545],[-74.26749,-43.3587],[-74.267705,-43.35879],[-74.26792,-43.35882],[-74.26814,-43.35883],[-74.26834,-43.35876],[-74.26843,-43.35867],[-74.26849,-43.35866],[-74.268515,-43.35859],[-74.26859,-43.3585],[-74.26864,-43.35843],[-74.26873,-43.35836],[-74.268825,-43.358305],[-74.268995,-43.35837],[-74.26902,-43.35846],[-74.26905,-43.35857],[-74.26905,-43.35866],[-74.26901,-43.358735],[-74.26896,-43.35894],[-74.26896,-43.35901],[-74.26901,-43.35904],[-74.26904,-43.35913],[-74.269105,-43.359175],[-74.26926,-43.35925],[-74.26947,-43.35928],[-74.26969,-43.35933],[-74.26991,-43.35936],[-74.27001,-43.35936],[-74.27014,-43.35933],[-74.27033,-43.35923],[-74.27062,-43.35911],[-74.270746,-43.359047],[-74.27082,-43.35901],[-74.27113,-43.35888],[-74.27132,-43.35878],[-74.271553,-43.358692],[-74.272607,-43.358472],[-74.27266,-43.35853],[-74.2727,-43.35859],[-74.27278,-43.35864],[-74.27294,-43.35873],[-74.27295,-43.35889],[-74.27292,-43.35908],[-74.27294,-43.35917],[-74.27309,-43.35919],[-74.27332,-43.35916],[-74.27354,-43.3591],[-74.27376,-43.35909],[-74.27386,-43.35914],[-74.27399,-43.359195],[-74.27406,-43.35924],[-74.27408,-43.35934],[-74.27412,-43.35953],[-74.27418,-43.35971],[-74.27425,-43.35983],[-74.274285,-43.35989],[-74.27434,-43.36009],[-74.27446,-43.36027],[-74.274515,-43.36034],[-74.27462,-43.36042],[-74.27467,-43.36046],[-74.27489,-43.36047],[-74.27505,-43.36055],[-74.275095,-43.360585],[-74.27519,-43.36064],[-74.27519,-43.36071],[-74.27524,-43.36075],[-74.27528,-43.36094],[-74.275375,-43.361015],[-74.27541,-43.36118],[-74.27537,-43.36137],[-74.27537,-43.36155],[-74.27537,-43.36161],[-74.27541,-43.361665],[-74.27547,-43.36173],[-74.27559,-43.36186],[-74.27564,-43.36192],[-74.27575,-43.36197],[-74.27581,-43.362],[-74.27592,-43.36203],[-74.27614,-43.36212],[-74.27636,-43.3622],[-74.27655,-43.36232],[-74.27673,-43.36244],[-74.27693,-43.362555],[-74.27699,-43.3626],[-74.27715,-43.36262],[-74.2774,-43.36257],[-74.27749,-43.36238],[-74.277575,-43.36217],[-74.27767,-43.36215],[-74.27772,-43.3621],[-74.27786,-43.36209],[-74.27808,-43.36213],[-74.278165,-43.362155],[-74.2783,-43.36219],[-74.278505,-43.362253],[-74.27869,-43.362395],[-74.27876,-43.36242],[-74.27877,-43.36257],[-74.27868,-43.3627],[-74.27866,-43.36276],[-74.27861,-43.36283],[-74.27858,-43.36288],[-74.278525,-43.362945],[-74.27851,-43.36313],[-74.27859,-43.36331],[-74.27868,-43.3635],[-74.27878,-43.36369],[-74.27881,-43.36387],[-74.27869,-43.36403],[-74.27863,-43.36407],[-74.27847,-43.36407],[-74.27833,-43.36397],[-74.278207,-43.363853],[-74.27804,-43.36394],[-74.27796,-43.36408],[-74.27786,-43.36426],[-74.2778,-43.36434],[-74.27761,-43.36434],[-74.27758,-43.36429],[-74.27742,-43.36423],[-74.27729,-43.36428],[-74.27724,-43.36435],[-74.27718,-43.36438],[-74.27718,-43.36444],[-74.27713,-43.36452],[-74.27711,-43.36463],[-74.27711,-43.36481],[-74.27711,-43.365],[-74.277,-43.36518],[-74.27688,-43.36523],[-74.27676,-43.36531],[-74.27644,-43.36546],[-74.27636,-43.365535],[-74.27631,-43.3656],[-74.27624,-43.36566],[-74.27622,-43.365715],[-74.276185,-43.36579],[-74.27616,-43.36585],[-74.27614,-43.36604],[-74.276134,-43.366146],[-74.273005,-43.366798],[-74.272286,-43.368554],[-74.27225,-43.3686],[-74.27218,-43.36877],[-74.272141,-43.368906],[-74.272137,-43.368915],[-74.27207,-43.36905],[-74.272063,-43.369096],[-74.271121,-43.371396],[-74.275182,-43.374754],[-74.274354,-43.376774],[-74.2743,-43.37681],[-74.27407,-43.37697],[-74.2738,-43.37709],[-74.27363,-43.377275],[-74.27354,-43.37743],[-74.27345,-43.37759],[-74.27338,-43.37775],[-74.27333,-43.37791],[-74.27331,-43.37808],[-74.27333,-43.37824],[-74.27337,-43.3784],[-74.27342,-43.37856],[-74.27348,-43.37863],[-74.27353,-43.37873],[-74.273543,-43.378752],[-74.273297,-43.379352],[-74.277359,-43.382711],[-74.276688,-43.384347],[-74.27666,-43.38437],[-74.276415,-43.384575],[-74.27635,-43.38473],[-74.2763,-43.38489],[-74.27627,-43.38505],[-74.27622,-43.38521],[-74.27618,-43.38538],[-74.27617,-43.38554],[-74.276165,-43.385624],[-74.275474,-43.387309],[-74.279336,-43.390502],[-74.27935,-43.39055],[-74.27941,-43.39071],[-74.27947,-43.39083],[-74.27949,-43.39087],[-74.27957,-43.39103],[-74.27963,-43.3912],[-74.27969,-43.39136],[-74.27975,-43.39152],[-74.27981,-43.39168],[-74.27994,-43.39185],[-74.28,-43.391915],[-74.28008,-43.39198],[-74.28024,-43.39208],[-74.28043,-43.39219],[-74.28062,-43.39225],[-74.28082,-43.39234],[-74.28103,-43.39241],[-74.28125,-43.39248],[-74.28147,-43.39257],[-74.28169,-43.39265],[-74.28177,-43.39267],[-74.28179,-43.39273],[-74.28185,-43.39276],[-74.28198,-43.39287],[-74.2821,-43.39302],[-74.28224,-43.39316],[-74.28248,-43.39324],[-74.2827,-43.39329],[-74.28293,-43.39335],[-74.28315,-43.39339],[-74.283395,-43.39345],[-74.28351,-43.39358],[-74.283645,-43.39377],[-74.28363,-43.39394],[-74.28361,-43.394005],[-74.28354,-43.39403],[-74.283475,-43.394095],[-74.283368,-43.394145],[-74.28325,-43.3942],[-74.28319,-43.39425],[-74.28295,-43.39437],[-74.28287,-43.39441],[-74.28282,-43.39456],[-74.28272,-43.39472],[-74.2827,-43.39488],[-74.28273,-43.39504],[-74.28278,-43.39511],[-74.28281,-43.39521],[-74.28284,-43.39528],[-74.2829,-43.3953],[-74.282955,-43.395355],[-74.28306,-43.39545],[-74.28312,-43.39549],[-74.28319,-43.39565],[-74.28318,-43.39575],[-74.28314,-43.39581],[-74.2831,-43.39586],[-74.28298,-43.395965],[-74.28264,-43.39597],[-74.28248,-43.39597],[-74.28243,-43.396],[-74.28239,-43.39605],[-74.28226,-43.39619],[-74.28214,-43.39641],[-74.28209,-43.39657],[-74.28208,-43.39663],[-74.28201,-43.39665],[-74.281945,-43.396735],[-74.28188,-43.39681],[-74.28179,-43.39687],[-74.28152,-43.39698],[-74.28129,-43.39705],[-74.28108,-43.39715],[-74.28104,-43.3972],[-74.280995,-43.39724],[-74.28092,-43.3973],[-74.28075,-43.39741],[-74.28068,-43.39775],[-74.280669,-43.39776],[-74.2806,-43.39782],[-74.28044,-43.39781],[-74.28033,-43.39776],[-74.28001,-43.39767],[-74.27992,-43.39763],[-74.27969,-43.39766],[-74.27941,-43.39775],[-74.27912,-43.39792],[-74.27907,-43.397955],[-74.27897,-43.39805],[-74.27895,-43.39813],[-74.27889,-43.39821],[-74.27891,-43.39843],[-74.278855,-43.398645],[-74.27876,-43.39884],[-74.27874,-43.39897],[-74.27881,-43.399025],[-74.27883,-43.39926],[-74.27882,-43.39936],[-74.2787,-43.39947],[-74.27856,-43.39968],[-74.27844,-43.39989],[-74.278285,-43.4001],[-74.27823,-43.4002],[-74.27817,-43.4002],[-74.27815,-43.40026],[-74.27804,-43.4003],[-74.27772,-43.40043],[-74.27743,-43.40053],[-74.27731,-43.40057],[-74.27721,-43.4007],[-74.27739,-43.40111],[-74.27757,-43.4012],[-74.27771,-43.4013],[-74.27784,-43.40139],[-74.27793,-43.40151],[-74.27815,-43.40162],[-74.27828,-43.40172],[-74.27839,-43.40182],[-74.27855,-43.40197],[-74.27862,-43.40209],[-74.27878,-43.40223],[-74.27895,-43.40237],[-74.2791,-43.40252],[-74.27911,-43.4027],[-74.27916,-43.40284],[-74.279155,-43.402995],[-74.27911,-43.40311],[-74.2791,-43.403305],[-74.27914,-43.403367],[-74.279155,-43.40339],[-74.27921,-43.40347],[-74.27937,-43.40348],[-74.27953,-43.40339],[-74.27961,-43.40335],[-74.279747,-43.403278],[-74.279831,-43.403224],[-74.281129,-43.404297],[-74.28113,-43.4043],[-74.28114,-43.40437],[-74.28122,-43.4044],[-74.2813,-43.40445],[-74.28143,-43.40455],[-74.281451,-43.404563],[-74.282986,-43.405832],[-74.28281,-43.40593],[-74.28256,-43.40611],[-74.28254,-43.4062],[-74.28252,-43.40627],[-74.28241,-43.40644],[-74.2821,-43.4064],[-74.28185,-43.40638],[-74.28175,-43.4064],[-74.28166,-43.40648],[-74.28142,-43.40668],[-74.28141,-43.40684],[-74.28143,-43.407025],[-74.28138,-43.40708],[-74.28132,-43.40714],[-74.28119,-43.40727],[-74.28103,-43.40746],[-74.28094,-43.40762],[-74.28093,-43.40779],[-74.28096,-43.40795],[-74.28099,-43.408],[-74.28105,-43.40809],[-74.28111,-43.40823],[-74.28119,-43.40837],[-74.28124,-43.40851],[-74.28128,-43.40865],[-74.28134,-43.40879],[-74.28136,-43.40893],[-74.28137,-43.40907],[-74.28139,-43.4092],[-74.28145,-43.40934],[-74.28145,-43.40948],[-74.28148,-43.40962],[-74.28148,-43.40976],[-74.28143,-43.4099],[-74.28138,-43.41006],[-74.28133,-43.41022],[-74.28128,-43.41039],[-74.28126,-43.41055],[-74.28123,-43.41071],[-74.28119,-43.41087],[-74.281205,-43.41102],[-74.28124,-43.41111],[-74.28125,-43.41117],[-74.28131,-43.41131],[-74.281319,-43.411325],[-74.281345,-43.41137],[-74.28141,-43.41144],[-74.28155,-43.41161],[-74.28171,-43.41176],[-74.28186,-43.41192],[-74.28204,-43.41206],[-74.28219,-43.41221],[-74.28237,-43.41235],[-74.28254,-43.41248],[-74.28267,-43.41256],[-74.28281,-43.41263],[-74.28295,-43.41272],[-74.28311,-43.4128],[-74.28327,-43.41288],[-74.28343,-43.41296],[-74.28357,-43.41307],[-74.28373,-43.41316],[-74.28387,-43.41327],[-74.28403,-43.41336],[-74.28415,-43.41344],[-74.28428,-43.41351],[-74.28444,-43.4136],[-74.2846,-43.41365],[-74.28479,-43.41372],[-74.28498,-43.41378],[-74.28517,-43.41383],[-74.285234,-43.413847],[-74.286075,-43.414542],[-74.285287,-43.416463],[-74.28526,-43.41646],[-74.28517,-43.41646],[-74.28507,-43.41649],[-74.28501,-43.41652],[-74.28485,-43.41659],[-74.28471,-43.41667],[-74.28461,-43.41676],[-74.284555,-43.41684],[-74.2845,-43.4169],[-74.28444,-43.41697],[-74.28427,-43.41718],[-74.28414,-43.41733],[-74.28401,-43.41755],[-74.28396,-43.41771],[-74.28396,-43.41787],[-74.28396,-43.41803],[-74.28387,-43.41813],[-74.28381,-43.41818],[-74.28378,-43.41824],[-74.28365,-43.41824],[-74.28359,-43.4182],[-74.28354,-43.41816],[-74.28343,-43.4181],[-74.28332,-43.41806],[-74.28314,-43.41806],[-74.283065,-43.418085],[-74.282885,-43.41814],[-74.28281,-43.41818],[-74.2827,-43.41828],[-74.28247,-43.41848],[-74.28223,-43.41866],[-74.28213,-43.41872],[-74.28199,-43.41876],[-74.28191,-43.4188],[-74.2818,-43.41885],[-74.28174,-43.418983],[-74.281735,-43.419115],[-74.28181,-43.41927],[-74.28184,-43.41941],[-74.28184,-43.41947],[-74.281775,-43.41952],[-74.28153,-43.4196],[-74.28147,-43.41963],[-74.28131,-43.41964],[-74.28115,-43.41967],[-74.28099,-43.41973],[-74.28083,-43.41979],[-74.28067,-43.41984],[-74.280592,-43.419888],[-74.278238,-43.420378],[-74.276989,-43.423423],[-74.27683,-43.42337],[-74.27656,-43.42325],[-74.27631,-43.42313],[-74.27605,-43.42306],[-74.27574,-43.42301],[-74.27542,-43.42301],[-74.2751,-43.42301],[-74.27478,-43.42301],[-74.27446,-43.42296],[-74.27415,-43.42291],[-74.27383,-43.42286],[-74.2737,-43.42286],[-74.273585,-43.42296],[-74.27352,-43.42302],[-74.27335,-43.42323],[-74.27325,-43.42344],[-74.2731,-43.42365],[-74.27291,-43.42385],[-74.27276,-43.42406],[-74.27257,-43.42426],[-74.27241,-43.42429],[-74.2723,-43.42428],[-74.27216,-43.42423],[-74.2719,-43.42411],[-74.27165,-43.42399],[-74.27133,-43.42395],[-74.27116,-43.42399],[-74.27103,-43.42411],[-74.27072,-43.42468],[-74.27064,-43.42471],[-74.27046,-43.42474],[-74.27031,-43.42477],[-74.27008,-43.42475],[-74.26991,-43.42467],[-74.26967,-43.42461],[-74.26959,-43.42468],[-74.26951,-43.42469],[-74.26945,-43.42475],[-74.26935,-43.42479],[-74.26927,-43.42482],[-74.26906,-43.42492],[-74.268913,-43.424984],[-74.26874,-43.42506],[-74.26861,-43.42504],[-74.26852,-43.42501],[-74.26844,-43.42497],[-74.26827,-43.4249],[-74.26801,-43.42487],[-74.26785,-43.42487],[-74.26773,-43.4249],[-74.2675,-43.42496],[-74.26728,-43.42501],[-74.26706,-43.4251],[-74.26683,-43.42522],[-74.26661,-43.42533],[-74.26638,-43.42546],[-74.26616,-43.42556],[-74.26598,-43.4257],[-74.26576,-43.42588],[-74.26552,-43.42613],[-74.26539,-43.42631],[-74.26537,-43.4265],[-74.26537,-43.42668],[-74.26531,-43.42689],[-74.2652,-43.42697],[-74.26506,-43.42699],[-74.26482,-43.427],[-74.26471,-43.42697],[-74.26457,-43.42694],[-74.26452,-43.427],[-74.26445,-43.42706],[-74.26458,-43.4274],[-74.26462,-43.42763],[-74.26457,-43.42784],[-74.26455,-43.42795],[-74.26451,-43.42804],[-74.264265,-43.428255],[-74.26407,-43.42827],[-74.26388,-43.42817],[-74.26365,-43.428],[-74.26343,-43.42784],[-74.26317,-43.42771],[-74.26306,-43.42768],[-74.26286,-43.4277],[-74.26257,-43.42775],[-74.26228,-43.42778],[-74.262,-43.42772],[-74.26189,-43.42769],[-74.26176,-43.42759],[-74.26176,-43.42738],[-74.26181,-43.42733],[-74.26184,-43.42712],[-74.26183,-43.42691],[-74.26161,-43.4267],[-74.2615,-43.426655],[-74.26133,-43.42654],[-74.26128,-43.42648],[-74.26115,-43.42639],[-74.26122,-43.42612],[-74.26129,-43.42591],[-74.26134,-43.4257],[-74.26134,-43.4255],[-74.26129,-43.4253],[-74.26128,-43.42523],[-74.26122,-43.42519],[-74.26115,-43.42503],[-74.26108,-43.424945],[-74.26098,-43.42487],[-74.26093,-43.42482],[-74.26068,-43.42462],[-74.26032,-43.42442],[-74.260257,-43.424399],[-74.26002,-43.42432],[-74.259765,-43.42414],[-74.25969,-43.42395],[-74.25959,-43.42375],[-74.259405,-43.42353],[-74.25931,-43.42347],[-74.25926,-43.42341],[-74.25912,-43.42335],[-74.25887,-43.42324],[-74.25855,-43.42317],[-74.25827,-43.42308],[-74.258,-43.42292],[-74.25775,-43.42277],[-74.25756,-43.42257],[-74.25734,-43.42232],[-74.2572,-43.42211],[-74.25709,-43.4219],[-74.25695,-43.42169],[-74.25671,-43.42148],[-74.25663,-43.42144],[-74.2566,-43.42138],[-74.25646,-43.42134],[-74.25641,-43.42131],[-74.25616,-43.42125],[-74.25584,-43.42122],[-74.25552,-43.42116],[-74.25527,-43.42104],[-74.255127,-43.420977],[-74.25502,-43.42093],[-74.25492,-43.42093],[-74.25479,-43.42098],[-74.2547,-43.42102],[-74.25441,-43.42106],[-74.2543,-43.42104],[-74.25417,-43.42096],[-74.25392,-43.4208],[-74.25386,-43.42069],[-74.25376,-43.42066],[-74.25373,-43.4206],[-74.25367,-43.42053],[-74.25357,-43.42042],[-74.25351,-43.42034],[-74.2534,-43.42013],[-74.25342,-43.41993],[-74.2535,-43.41978],[-74.2536,-43.41956],[-74.25359,-43.41935],[-74.25348,-43.41914],[-74.253385,-43.41904],[-74.25327,-43.41893],[-74.25302,-43.41873],[-74.25283,-43.41858],[-74.25238,-43.41856],[-74.25182,-43.41879],[-74.25167,-43.41876],[-74.2514,-43.41843],[-74.25125,-43.41792],[-74.25092,-43.41753],[-74.25068,-43.41738],[-74.25066,-43.41706],[-74.25072,-43.41682],[-74.25116,-43.41636],[-74.25114,-43.41582],[-74.25104,-43.41548],[-74.25107,-43.41523],[-74.25118,-43.41505],[-74.25146,-43.41489],[-74.2517,-43.41484],[-74.25224,-43.41487],[-74.25283,-43.41503],[-74.25303,-43.41493],[-74.2531,-43.41489],[-74.25327,-43.41482],[-74.2535,-43.41469],[-74.25364,-43.4146],[-74.2537,-43.41447],[-74.25371,-43.41436],[-74.25367,-43.4142],[-74.25354,-43.41405],[-74.25337,-43.41391],[-74.25327,-43.41377],[-74.25319,-43.41361],[-74.25321,-43.41345],[-74.25331,-43.41321],[-74.25331,-43.41295],[-74.25331,-43.412945],[-74.2533,-43.41277],[-74.25325,-43.41263],[-74.25321,-43.41244],[-74.25314,-43.41212],[-74.25305,-43.41202],[-74.25283,-43.41178],[-74.25253,-43.41143],[-74.25232,-43.41137],[-74.25186,-43.41139],[-74.2514,-43.41163],[-74.25094,-43.41178],[-74.25059,-43.4121],[-74.25048,-43.4123],[-74.25023,-43.41248],[-74.25002,-43.41256],[-74.24911,-43.41261],[-74.24751,-43.41254],[-74.246613,-43.412698],[-74.24592,-43.41282],[-74.24546,-43.41277],[-74.24478,-43.41257],[-74.24423,-43.41233],[-74.24362,-43.4119],[-74.24317,-43.41166]]]},"properties":{"comuna":"Quellón","mancha_id":"10208-88ce122291fffff","clase":"Medio","nivel_medio":1.849,"nivel_medio_min":1.567,"nivel_medio_max":2.257,"pct_alto":2.0,"n_hexagonos":40,"area_ha":1997.12}},{"type":"Feature","geometry":{"type":"Polygon","coordinates":[[[-74.23914,-43.41186],[-74.23927,-43.41191],[-74.23931,-43.412],[-74.23926,-43.41207],[-74.23914,-43.41214],[-74.23884,-43.41212],[-74.23875,-43.41197],[-74.23893,-43.41187],[-74.23914,-43.41186]]]},"properties":{"comuna":"Quellón","mancha_id":"10208-88ce122291fffff-2","clase":"Medio","nivel_medio":1.653,"nivel_medio_min":1.653,"nivel_medio_max":1.653,"pct_alto":0.4,"n_hexagonos":1,"area_ha":0.11}},{"type":"Feature","geometry":{"type":"Polygon","coordinates":[[[-74.23952,-43.41512],[-74.23966,-43.41516],[-74.23972,-43.41522],[-74.23973,-43.41539],[-74.23967,-43.41543],[-74.239455,-43.4154],[-74.23932,-43.41527],[-74.23934,-43.41518],[-74.23952,-43.41512]]]},"properties":{"comuna":"Quellón","mancha_id":"10208-88ce122291fffff-3","clase":"Medio","nivel_medio":1.653,"nivel_medio_min":1.653,"nivel_medio_max":1.653,"pct_alto":0.4,"n_hexagonos":1,"area_ha":0.08}},{"type":"Feature","geometry":{"type":"Polygon","coordinates":[[[-74.23768,-43.41535],[-74.23784,-43.41537],[-74.23785,-43.41549],[-74.23771,-43.41557],[-74.23757,-43.41558],[-74.23743,-43.41554],[-74.23739,-43.41546],[-74.23746,-43.41537],[-74.23761,-43.41534],[-74.23768,-43.41535]]]},"properties":{"comuna":"Quellón","mancha_id":"10208-88ce122291fffff-4","clase":"Medio","nivel_medio":1.653,"nivel_medio_min":1.653,"nivel_medio_max":1.653,"pct_alto":0.4,"n_hexagonos":1,"area_ha":0.08}},{"type":"Feature","geometry":{"type":"Polygon","coordinates":[[[-74.23906,-43.41539],[-74.23916,-43.41546],[-74.23914,-43.41553],[-74.23906,-43.41559],[-74.2389,-43.4156],[-74.2388,-43.41548],[-74.23894,-43.41539],[-74.23906,-43.41539]]]},"properties":{"comuna":"Quellón","mancha_id":"10208-88ce122291fffff-5","clase":"Medio","nivel_medio":1.653,"nivel_medio_min":1.653,"nivel_medio_max":1.653,"pct_alto":0.4,"n_hexagonos":1,"area_ha":0.05}},{"type":"Feature","geometry":{"type":"Polygon","coordinates":[[[-74.23761,-43.41569],[-74.23779,-43.41573],[-74.23789,-43.41583],[-74.2379,-43.41592],[-74.23783,-43.41599],[-74.23752,-43.41599],[-74.23732,-43.41581],[-74.23739,-43.41574],[-74.23754,-43.41569],[-74.23761,-43.41569]]]},"properties":{"comuna":"Quellón","mancha_id":"10208-88ce122291fffff-6","clase":"Medio","nivel_medio":1.653,"nivel_medio_min":1.653,"nivel_medio_max":1.653,"pct_alto":0.4,"n_hexagonos":1,"area_ha":0.12}},{"type":"Feature","geometry":{"type":"Polygon","coordinates":[[[-74.23864,-43.41567],[-74.23869,-43.41571],[-74.23879,-43.41589],[-74.23869,-43.41607],[-74.23815,-43.41649],[-74.23796,-43.41648],[-74.23786,-43.41639],[-74.23783,-43.41625],[-74.23795,-43.41599],[-74.23812,-43.41582],[-74.23842,-43.41568],[-74.23864,-43.41567]]]},"properties":{"comuna":"Quellón","mancha_id":"10208-88ce122291fffff-7","clase":"Medio","nivel_medio":1.653,"nivel_medio_min":1.653,"nivel_medio_max":1.653,"pct_alto":0.4,"n_hexagonos":1,"area_ha":0.43}},{"type":"Feature","geometry":{"type":"Polygon","coordinates":[[[-74.24605,-43.41789],[-74.24619,-43.41816],[-74.246428,-43.418313],[-74.247,-43.41868],[-74.24725,-43.41911],[-74.24731,-43.419434],[-74.24733,-43.41954],[-74.2479,-43.42111],[-74.24813,-43.42196],[-74.24816,-43.42213],[-74.24838,-43.42256],[-74.24886,-43.42313],[-74.249115,-43.4235],[-74.24916,-43.42384],[-74.24911,-43.42413],[-74.24906,-43.42427],[-74.24888,-43.42447],[-74.24794,-43.42516],[-74.24776,-43.42533],[-74.24776,-43.4254],[-74.24752,-43.42559],[-74.24712,-43.42574],[-74.24673,-43.42577],[-74.24615,-43.42569],[-74.2456,-43.42548],[-74.24519,-43.42521],[-74.24476,-43.42474],[-74.24422,-43.42374],[-74.2438,-43.42322],[-74.2434,-43.42282],[-74.24216,-43.42209],[-74.24179,-43.42179],[-74.24109,-43.4206],[-74.24076,-43.42025],[-74.240332,-43.419905],[-74.240358,-43.41984],[-74.23983,-43.419403],[-74.23967,-43.4192],[-74.23956,-43.4187],[-74.23958,-43.41828],[-74.240115,-43.41722],[-74.2403,-43.41669],[-74.24068,-43.4163],[-74.24116,-43.41608],[-74.24148,-43.41601],[-74.24207,-43.41601],[-74.24356,-43.41617],[-74.24405,-43.41608],[-74.2452,-43.41571],[-74.24569,-43.41559],[-74.24608,-43.41558],[-74.24655,-43.41563],[-74.24684,-43.41592],[-74.24687,-43.41619],[-74.24668,-43.41676],[-74.24623,-43.41733],[-74.24605,-43.41789]]]},"properties":{"comuna":"Quellón","mancha_id":"10208-88ce122291fffff-8","clase":"Medio","nivel_medio":1.629,"nivel_medio_min":1.614,"nivel_medio_max":1.777,"pct_alto":0.2,"n_hexagonos":3,"area_ha":51.09}},{"type":"Feature","geometry":{"type":"Polygon","coordinates":[[[-74.111766,-43.36248],[-74.109871,-43.36707],[-74.103932,-43.368299],[-74.09989,-43.364938],[-74.101786,-43.360348],[-74.107724,-43.359119],[-74.111766,-43.36248]]]},"properties":{"comuna":"Quellón","mancha_id":"10208-88ce1221e1fffff","clase":"Medio","nivel_medio":1.689,"nivel_medio_min":1.689,"nivel_medio_max":1.689,"pct_alto":18.3,"n_hexagonos":1,"area_ha":67.35}},{"type":"Feature","geometry":{"type":"Polygon","coordinates":[[[-74.139122,-43.361991],[-74.13914,-43.36218],[-74.138958,-43.362389],[-74.139122,-43.361991]]]},"properties":{"comuna":"Quellón","mancha_id":"10208-88ce1221d5fffff","clase":"Medio","nivel_medio":1.649,"nivel_medio_min":1.649,"nivel_medio_max":1.649,"pct_alto":2.8,"n_hexagonos":1,"area_ha":0.02}},{"type":"Feature","geometry":{"type":"Polygon","coordinates":[[[-74.13818,-43.36538],[-74.13782,-43.36548],[-74.137699,-43.365442],[-74.138848,-43.362655],[-74.13885,-43.36267],[-74.13913,-43.36278],[-74.13939,-43.36275],[-74.13978,-43.36263],[-74.13997,-43.36263],[-74.14022,-43.36278],[-74.14029,-43.36297],[-74.14027,-43.36324],[-74.14019,-43.36335],[-74.13998,-43.36347],[-74.13955,-43.3636],[-74.13952,-43.36377],[-74.13962,-43.36383],[-74.13965,-43.36399],[-74.13958,-43.36407],[-74.13917,-43.36428],[-74.13915,-43.36439],[-74.13935,-43.3646],[-74.13934,-43.36475],[-74.13919,-43.36489],[-74.13848,-43.36514],[-74.13818,-43.36538]]]},"properties":{"comuna":"Quellón","mancha_id":"10208-88ce1221d5fffff-2","clase":"Medio","nivel_medio":1.649,"nivel_medio_min":1.649,"nivel_medio_max":1.649,"pct_alto":2.8,"n_hexagonos":1,"area_ha":2.98}},{"type":"Feature","geometry":{"type":"Polygon","coordinates":[[[-74.127687,-43.36338],[-74.131732,-43.366741],[-74.13127,-43.36786],[-74.13099,-43.36805],[-74.13066,-43.36808],[-74.13011,-43.36785],[-74.12875,-43.36767],[-74.12692,-43.36817],[-74.12589,-43.36865],[-74.1252,-43.36919],[-74.12492,-43.36936],[-74.12341,-43.37053],[-74.122516,-43.371415],[-74.119853,-43.369202],[-74.121748,-43.364611],[-74.127687,-43.36338]]]},"properties":{"comuna":"Quellón","mancha_id":"10208-88ce1221c7fffff","clase":"Medio","nivel_medio":1.612,"nivel_medio_min":1.612,"nivel_medio_max":1.612,"pct_alto":21.6,"n_hexagonos":1,"area_ha":45.11}},{"type":"Feature","geometry":{"type":"Polygon","coordinates":[[[-74.153072,-43.341319],[-74.15901,-43.340086],[-74.160901,-43.335494],[-74.166838,-43.33426],[-74.170885,-43.337619],[-74.168994,-43.342212],[-74.163056,-43.343446],[-74.162284,-43.34532],[-74.15985,-43.34539],[-74.15871,-43.34548],[-74.15689,-43.34571],[-74.15529,-43.34609],[-74.15415,-43.34628],[-74.15255,-43.34672],[-74.15224,-43.346791],[-74.15141,-43.34698],[-74.14798,-43.34795],[-74.14684,-43.34838],[-74.14592,-43.34877],[-74.144208,-43.349654],[-74.145243,-43.347143],[-74.141198,-43.343783],[-74.14309,-43.339192],[-74.149027,-43.337959],[-74.153072,-43.341319]]]},"properties":{"comuna":"Quellón","mancha_id":"10208-88ce122191fffff","clase":"Medio","nivel_medio":1.641,"nivel_medio_min":1.506,"nivel_medio_max":1.751,"pct_alto":1.8,"n_hexagonos":4,"area_ha":189.25}},{"type":"Feature","geometry":{"type":"Polygon","coordinates":[[[-74.08985,-43.41675],[-74.08934,-43.41685],[-74.0884,-43.4167],[-74.088157,-43.416861],[-74.086685,-43.415637],[-74.08668,-43.41557],[-74.08717,-43.41516],[-74.08746,-43.4142],[-74.08768,-43.414],[-74.08853,-43.41369],[-74.08868,-43.41355],[-74.0887,-43.41336],[-74.08865,-43.41317],[-74.0883,-43.41259],[-74.08821,-43.4123],[-74.0883,-43.41184],[-74.08824,-43.41127],[-74.08833,-43.41089],[-74.08822,-43.41051],[-74.08803,-43.41036],[-74.0878,-43.41029],[-74.08757,-43.41026],[-74.08712,-43.4103],[-74.08669,-43.41022],[-74.086627,-43.410171],[-74.086858,-43.409612],[-74.092801,-43.408385],[-74.094191,-43.409542],[-74.09409,-43.4096],[-74.09426,-43.41034],[-74.09415,-43.41072],[-74.09415,-43.41109],[-74.0945,-43.41139],[-74.09448,-43.41153],[-74.09427,-43.41169],[-74.09427,-43.41179],[-74.09446,-43.41198],[-74.09454,-43.41224],[-74.0945,-43.41237],[-74.09416,-43.41255],[-74.09418,-43.41293],[-74.09394,-43.41321],[-74.09395,-43.41347],[-74.09409,-43.41359],[-74.09396,-43.41405],[-74.0935,-43.41433],[-74.09324,-43.41439],[-74.09255,-43.41447],[-74.09187,-43.4144],[-74.09119,-43.41444],[-74.09105,-43.41451],[-74.09096,-43.41451],[-74.09066,-43.41475],[-74.09066,-43.41494],[-74.09088,-43.41508],[-74.09117,-43.41517],[-74.09161,-43.41517],[-74.092,-43.41547],[-74.092,-43.41573],[-74.09191,-43.41592],[-74.0917,-43.41612],[-74.0912,-43.41647],[-74.09076,-43.41665],[-74.08985,-43.41675]]]},"properties":{"comuna":"Quellón","mancha_id":"10208-88ce12215dfffff","clase":"Medio","nivel_medio":1.749,"nivel_medio_min":1.749,"nivel_medio_max":1.749,"pct_alto":1.7,"n_hexagonos":1,"area_ha":39.28}},{"type":"Feature","geometry":{"type":"Polygon","coordinates":[[[-74.08652,-43.41386],[-74.08621,-43.41424],[-74.08588,-43.4148],[-74.08576,-43.414868],[-74.085403,-43.414571],[-74.08549,-43.41437],[-74.08588,-43.41413],[-74.08598,-43.41349],[-74.08613,-43.4134],[-74.08632,-43.41335],[-74.08658,-43.41338],[-74.08668,-43.41349],[-74.08668,-43.4136],[-74.08652,-43.41386]]]},"properties":{"comuna":"Quellón","mancha_id":"10208-88ce12215dfffff-2","clase":"Medio","nivel_medio":1.749,"nivel_medio_min":1.749,"nivel_medio_max":1.749,"pct_alto":1.7,"n_hexagonos":1,"area_ha":0.72}},{"type":"Feature","geometry":{"type":"Polygon","coordinates":[[[-74.0916,-43.41695],[-74.09173,-43.417],[-74.091731,-43.417003],[-74.091342,-43.417083],[-74.09133,-43.41704],[-74.09139,-43.41697],[-74.09152,-43.41694],[-74.0916,-43.41695]]]},"properties":{"comuna":"Quellón","mancha_id":"10208-88ce12215dfffff-3","clase":"Medio","nivel_medio":1.749,"nivel_medio_min":1.749,"nivel_medio_max":1.749,"pct_alto":1.7,"n_hexagonos":1,"area_ha":0.03}},{"type":"Feature","geometry":{"type":"Polygon","coordinates":[[[-74.086365,-43.384526],[-74.090407,-43.387889],[-74.096347,-43.386661],[-74.098244,-43.382071],[-74.104183,-43.380842],[-74.108227,-43.384204],[-74.106331,-43.388795],[-74.10039,-43.390023],[-74.098961,-43.393482],[-74.09859,-43.39363],[-74.09793,-43.39372],[-74.09761,-43.39371],[-74.09727,-43.39363],[-74.09678,-43.39341],[-74.09664,-43.39341],[-74.09638,-43.39346],[-74.09572,-43.39383],[-74.09523,-43.39405],[-74.09474,-43.39418],[-74.09425,-43.39422],[-74.09282,-43.39419],[-74.09214,-43.39422],[-74.09116,-43.3946],[-74.09108,-43.394617],[-74.088509,-43.392479],[-74.084474,-43.393312],[-74.0842,-43.39299],[-74.08343,-43.39266],[-74.08337,-43.39232],[-74.08327,-43.39222],[-74.08306,-43.39214],[-74.08267,-43.39209],[-74.08256,-43.39194],[-74.08263,-43.3918],[-74.08312,-43.39165],[-74.08315,-43.39156],[-74.08312,-43.39149],[-74.08283,-43.39135],[-74.08258,-43.39096],[-74.08225,-43.39083],[-74.08234,-43.39061],[-74.08268,-43.39029],[-74.08268,-43.39021],[-74.08244,-43.39007],[-74.08186,-43.39016],[-74.08173,-43.39016],[-74.08166,-43.39012],[-74.08166,-43.38996],[-74.08175,-43.38982],[-74.08228,-43.38934],[-74.08246,-43.38926],[-74.08285,-43.38918],[-74.08372,-43.38922],[-74.08392,-43.38901],[-74.08386,-43.38892],[-74.08386,-43.38877],[-74.08417,-43.38858],[-74.08411,-43.38815],[-74.08464,-43.38771],[-74.08458,-43.3874],[-74.08423,-43.38714],[-74.08402,-43.38712],[-74.08387,-43.38716],[-74.08374,-43.38727],[-74.08352,-43.3876],[-74.08341,-43.38765],[-74.08319,-43.38765],[-74.08302,-43.38754],[-74.08294,-43.38736],[-74.08303,-43.38654],[-74.08344,-43.38625],[-74.08392,-43.38607],[-74.08443,-43.38573],[-74.08543,-43.38521],[-74.0859,-43.38488],[-74.08605,-43.38468],[-74.08612,-43.38459],[-74.086121,-43.384577],[-74.08614,-43.3843],[-74.08599,-43.38373],[-74.08596,-43.38297],[-74.08668,-43.38184],[-74.08682,-43.38127],[-74.08671,-43.38098],[-74.08641,-43.38065],[-74.08546,-43.37991],[-74.0852,-43.37838],[-74.08482,-43.3781],[-74.08448,-43.37772],[-74.08442,-43.3776],[-74.08436,-43.37696],[-74.084284,-43.376627],[-74.088262,-43.379936],[-74.086365,-43.384526]]]},"properties":{"comuna":"Quellón","mancha_id":"10208-88ce122103fffff","clase":"Medio","nivel_medio":1.755,"nivel_medio_min":1.673,"nivel_medio_max":2.169,"pct_alto":3.2,"n_hexagonos":4,"area_ha":175.76}},{"type":"Feature","geometry":{"type":"Polygon","coordinates":[[[-74.20705,-43.35178],[-74.20705,-43.35186],[-74.20692,-43.35201],[-74.2068,-43.35209],[-74.20662,-43.35209],[-74.20648,-43.35209],[-74.20625,-43.35198],[-74.20622,-43.35179],[-74.20631,-43.35166],[-74.20642,-43.3516],[-74.20691,-43.35166],[-74.20705,-43.35178]]]},"properties":{"comuna":"Quellón","mancha_id":"10208-88ce1220b9fffff","clase":"Medio","nivel_medio":1.877,"nivel_medio_min":1.877,"nivel_medio_max":1.877,"pct_alto":0.8,"n_hexagonos":1,"area_ha":0.29}},{"type":"Feature","geometry":{"type":"Polygon","coordinates":[[[-74.20486,-43.35347],[-74.20466,-43.35354],[-74.20393,-43.35396],[-74.20356,-43.35397],[-74.20343,-43.35387],[-74.20339,-43.35368],[-74.20352,-43.35335],[-74.20385,-43.35306],[-74.20406,-43.35306],[-74.20477,-43.35328],[-74.20488,-43.35331],[-74.2049,-43.35338],[-74.20486,-43.35347]]]},"properties":{"comuna":"Quellón","mancha_id":"10208-88ce1220b9fffff-2","clase":"Medio","nivel_medio":1.877,"nivel_medio_min":1.877,"nivel_medio_max":1.877,"pct_alto":0.8,"n_hexagonos":1,"area_ha":0.78}},{"type":"Feature","geometry":{"type":"Polygon","coordinates":[[[-74.18971,-43.3448],[-74.189654,-43.344798],[-74.18891,-43.34477],[-74.18725,-43.34496],[-74.18611,-43.34501],[-74.18501,-43.34485],[-74.18359,-43.34439],[-74.18271,-43.3442],[-74.18183,-43.34414],[-74.18014,-43.3441],[-74.17956,-43.34401],[-74.179158,-43.343907],[-74.180871,-43.339745],[-74.176822,-43.336386],[-74.178712,-43.331793],[-74.174665,-43.328434],[-74.176554,-43.323841],[-74.182491,-43.322606],[-74.184379,-43.318013],[-74.190315,-43.316778],[-74.192204,-43.312185],[-74.198139,-43.310949],[-74.200027,-43.306355],[-74.195979,-43.302998],[-74.190044,-43.304234],[-74.185998,-43.300876],[-74.187885,-43.296283],[-74.18384,-43.292926],[-74.185727,-43.288333],[-74.181682,-43.284977],[-74.18357,-43.280384],[-74.179526,-43.277027],[-74.173595,-43.278263],[-74.171707,-43.282855],[-74.17575,-43.286212],[-74.173862,-43.290804],[-74.16793,-43.292039],[-74.163886,-43.288682],[-74.157955,-43.289916],[-74.156065,-43.294508],[-74.160108,-43.297866],[-74.166041,-43.296631],[-74.170085,-43.299989],[-74.168196,-43.304581],[-74.162262,-43.305816],[-74.158218,-43.302458],[-74.152285,-43.303691],[-74.150395,-43.308283],[-74.144461,-43.309516],[-74.140419,-43.306158],[-74.134486,-43.30739],[-74.132595,-43.311981],[-74.126661,-43.313213],[-74.124769,-43.317804],[-74.12881,-43.321163],[-74.126918,-43.325754],[-74.120983,-43.326985],[-74.11909,-43.331575],[-74.123131,-43.334935],[-74.121238,-43.339526],[-74.115302,-43.340757],[-74.113408,-43.345347],[-74.107472,-43.346577],[-74.103431,-43.343217],[-74.097496,-43.344446],[-74.0956,-43.349036],[-74.089664,-43.350265],[-74.085625,-43.346904],[-74.087521,-43.342314],[-74.093456,-43.341085],[-74.095351,-43.336496],[-74.101286,-43.335266],[-74.10318,-43.330676],[-74.109115,-43.329446],[-74.111008,-43.324856],[-74.116942,-43.323625],[-74.118836,-43.319035],[-74.114796,-43.315676],[-74.108863,-43.316907],[-74.104824,-43.313547],[-74.098892,-43.314778],[-74.094854,-43.311418],[-74.096749,-43.306829],[-74.10268,-43.305598],[-74.104573,-43.301009],[-74.100536,-43.29765],[-74.094606,-43.298881],[-74.09057,-43.295522],[-74.084641,-43.296752],[-74.082746,-43.30134],[-74.076816,-43.30257],[-74.072782,-43.29921],[-74.074677,-43.294622],[-74.070644,-43.291263],[-74.064715,-43.292492],[-74.06282,-43.29708],[-74.056891,-43.298308],[-74.054994,-43.302896],[-74.059027,-43.306255],[-74.064957,-43.305027],[-74.06899,-43.308387],[-74.067094,-43.312975],[-74.061164,-43.314203],[-74.059267,-43.318791],[-74.063301,-43.322151],[-74.069233,-43.320923],[-74.073268,-43.324284],[-74.071372,-43.328872],[-74.065439,-43.3301],[-74.063542,-43.334688],[-74.057609,-43.335916],[-74.053575,-43.332555],[-74.055472,-43.327967],[-74.051438,-43.324606],[-74.045507,-43.325833],[-74.043609,-43.330421],[-74.037677,-43.331647],[-74.035778,-43.336234],[-74.029847,-43.33746],[-74.025815,-43.334098],[-74.019884,-43.335323],[-74.017983,-43.33991],[-74.012052,-43.341134],[-74.008022,-43.337773],[-74.002091,-43.338997],[-74.000189,-43.343582],[-74.004219,-43.346945],[-74.010151,-43.345721],[-74.014182,-43.349083],[-74.01228,-43.353669],[-74.016312,-43.357032],[-74.014411,-43.361618],[-74.018444,-43.364981],[-74.016542,-43.369568],[-74.01504,-43.369877],[-74.01486,-43.36978],[-74.01444,-43.36985],[-74.014232,-43.370044],[-74.010607,-43.370791],[-74.006575,-43.367428],[-74.000641,-43.368652],[-73.998738,-43.373238],[-73.992804,-43.37446],[-73.988773,-43.371097],[-73.982839,-43.372319],[-73.982571,-43.372095],[-73.98263,-43.37199],[-73.98266,-43.37182],[-73.98267,-43.37141],[-73.98276,-43.37125],[-73.98279,-43.37087],[-73.98241,-43.37048],[-73.98157,-43.36989],[-73.98098,-43.36922],[-73.98037,-43.36873],[-73.97968,-43.36837],[-73.97939,-43.3681],[-73.97934,-43.36788],[-73.97936,-43.36767],[-73.97944,-43.367437],[-73.980714,-43.36437],[-73.986647,-43.363148],[-73.98855,-43.358562],[-73.984521,-43.355199],[-73.986424,-43.350614],[-73.982396,-43.347251],[-73.984299,-43.342666],[-73.980272,-43.339304],[-73.974342,-43.340526],[-73.970316,-43.337164],[-73.972219,-43.332579],[-73.978148,-43.331357],[-73.982174,-43.334719],[-73.988104,-43.333496],[-73.990006,-43.328911],[-73.995935,-43.327687],[-73.999963,-43.331049],[-74.005893,-43.329825],[-74.009922,-43.333187],[-74.015853,-43.331962],[-74.017753,-43.327376],[-74.013723,-43.324014],[-74.007794,-43.325239],[-74.003765,-43.321878],[-74.005666,-43.317292],[-74.001638,-43.313931],[-73.995711,-43.315155],[-73.993809,-43.319741],[-73.987881,-43.320964],[-73.983855,-43.317603],[-73.977927,-43.318826],[-73.973903,-43.315464],[-73.967976,-43.316687],[-73.966073,-43.321271],[-73.960145,-43.322493],[-73.956122,-43.319131],[-73.950196,-43.320352],[-73.948291,-43.324936],[-73.952314,-43.328298],[-73.950409,-43.332882],[-73.954433,-43.336244],[-73.952528,-43.340828],[-73.946599,-43.342049],[-73.944694,-43.346632],[-73.938765,-43.347852],[-73.934742,-43.344489],[-73.928813,-43.345709],[-73.926907,-43.350291],[-73.930929,-43.353655],[-73.929022,-43.358238],[-73.933045,-43.361602],[-73.931138,-43.366185],[-73.935162,-43.36955],[-73.941094,-43.36833],[-73.94204,-43.369121],[-73.94152,-43.36927],[-73.94137,-43.36937],[-73.94117,-43.36964],[-73.94116,-43.36974],[-73.94122,-43.36982],[-73.9415,-43.37003],[-73.94151,-43.37013],[-73.9414,-43.37022],[-73.94104,-43.37032],[-73.94113,-43.37061],[-73.94101,-43.37068],[-73.94075,-43.37074],[-73.94076,-43.37099],[-73.94073,-43.37105],[-73.94037,-43.37111],[-73.93942,-43.37109],[-73.93902,-43.37117],[-73.93879,-43.37113],[-73.93865,-43.37116],[-73.93844,-43.37129],[-73.93828,-43.37132],[-73.93764,-43.3713],[-73.93751,-43.37139],[-73.9374,-43.37159],[-73.93733,-43.37193],[-73.9371,-43.37205],[-73.93697,-43.37203],[-73.93655,-43.37167],[-73.93633,-43.37143],[-73.93626,-43.3714],[-73.93584,-43.37144],[-73.93556,-43.3717],[-73.93512,-43.37174],[-73.93481,-43.3718],[-73.93445,-43.37173],[-73.934271,-43.371691],[-73.93422,-43.37168],[-73.93314,-43.37166],[-73.93279,-43.37168],[-73.93264,-43.37167],[-73.93237,-43.37154],[-73.93188,-43.37146],[-73.93159,-43.37138],[-73.93136,-43.37111],[-73.93127,-43.37072],[-73.93114,-43.37063],[-73.93061,-43.37079],[-73.93042,-43.37097],[-73.92998,-43.37104],[-73.92971,-43.37119],[-73.92952,-43.37125],[-73.92902,-43.37121],[-73.92874,-43.37126],[-73.9286,-43.37121],[-73.92846,-43.37106],[-73.92831,-43.37104],[-73.92821,-43.37106],[-73.92789,-43.37128],[-73.92766,-43.37128],[-73.92755,-43.37122],[-73.92731,-43.37101],[-73.92719,-43.37072],[-73.92718,-43.37041],[-73.92732,-43.37006],[-73.92734,-43.36982],[-73.92724,-43.36971],[-73.92679,-43.36956],[-73.92589,-43.36955],[-73.92545,-43.36958],[-73.92451,-43.36964],[-73.924255,-43.369693],[-73.92307,-43.36994],[-73.92263,-43.37011],[-73.92192,-43.3703],[-73.92087,-43.37081],[-73.92035,-43.37114],[-73.91987,-43.37137],[-73.91934,-43.37175],[-73.91845,-43.37255],[-73.91836,-43.37271],[-73.918403,-43.372993],[-73.917369,-43.373205],[-73.913346,-43.36984],[-73.915255,-43.365258],[-73.911233,-43.361894],[-73.905303,-43.363111],[-73.903395,-43.367693],[-73.897465,-43.36891],[-73.895555,-43.373492],[-73.899576,-43.376857],[-73.905507,-43.37564],[-73.909529,-43.379005],[-73.913495,-43.378191],[-73.91332,-43.37846],[-73.91315,-43.37888],[-73.9128,-43.37946],[-73.91225,-43.38116],[-73.91223,-43.38139],[-73.91229,-43.38155],[-73.91227,-43.38179],[-73.91182,-43.38263],[-73.9118,-43.38307],[-73.91165,-43.38353],[-73.91178,-43.38463],[-73.91189,-43.3849],[-73.9119,-43.3852],[-73.91227,-43.38577],[-73.91234,-43.38606],[-73.91249,-43.38633],[-73.91255,-43.38655],[-73.91249,-43.38677],[-73.912491,-43.386779],[-73.91252,-43.38704],[-73.91297,-43.38746],[-73.91306,-43.38749],[-73.91322,-43.38763],[-73.91352,-43.38773],[-73.91403,-43.38774],[-73.91501,-43.38758],[-73.91582,-43.38758],[-73.91653,-43.38747],[-73.91695,-43.38756],[-73.91705,-43.3877],[-73.91697,-43.38781],[-73.91667,-43.3879],[-73.91633,-43.38796],[-73.91603,-43.38806],[-73.91584,-43.38822],[-73.91581,-43.38861],[-73.91588,-43.38871],[-73.9162,-43.38883],[-73.91644,-43.38883],[-73.91797,-43.3885],[-73.91811,-43.38852],[-73.91826,-43.38861],[-73.91848,-43.38886],[-73.91846,-43.38902],[-73.91836,-43.3891],[-73.91793,-43.38921],[-73.91762,-43.38946],[-73.91742,-43.38948],[-73.91711,-43.38946],[-73.91697,-43.38954],[-73.91688,-43.38969],[-73.9165,-43.38972],[-73.91635,-43.38977],[-73.91611,-43.38995],[-73.91611,-43.39047],[-73.91628,-43.39066],[-73.91641,-43.39076],[-73.91683,-43.39085],[-73.91709,-43.39105],[-73.91711,-43.39153],[-73.91671,-43.39195],[-73.91651,-43.39203],[-73.91634,-43.39203],[-73.9159,-43.39171],[-73.91571,-43.39174],[-73.91556,-43.39181],[-73.91553,-43.39197],[-73.91578,-43.39232],[-73.91579,-43.39257],[-73.91587,-43.39281],[-73.91587,-43.39295],[-73.91578,-43.39309],[-73.91576,-43.39341],[-73.91562,-43.39345],[-73.91521,-43.39347],[-73.91509,-43.39353],[-73.91505,-43.39364],[-73.91514,-43.39376],[-73.91513,-43.39391],[-73.91503,-43.39397],[-73.91472,-43.39406],[-73.91473,-43.39428],[-73.91469,-43.39437],[-73.91462,-43.39442],[-73.91432,-43.3945],[-73.91399,-43.394815],[-73.914001,-43.394851],[-73.91408,-43.3951],[-73.91397,-43.39521],[-73.913612,-43.395249],[-73.913756,-43.394901],[-73.909733,-43.391536],[-73.9038,-43.392753],[-73.902909,-43.394889],[-73.90279,-43.39489],[-73.90168,-43.39507],[-73.90136,-43.39518],[-73.90077,-43.39529],[-73.90021,-43.39551],[-73.8998,-43.39571],[-73.89959,-43.39631],[-73.89951,-43.39676],[-73.89943,-43.39682],[-73.89884,-43.39703],[-73.89869,-43.39701],[-73.89848,-43.39677],[-73.89845,-43.39661],[-73.8983,-43.39647],[-73.89807,-43.39642],[-73.89765,-43.39608],[-73.89739,-43.39604],[-73.89676,-43.39602],[-73.89649,-43.39606],[-73.89623,-43.39618],[-73.89531,-43.39671],[-73.89505,-43.3968],[-73.89423,-43.39699],[-73.894142,-43.397032],[-73.89346,-43.39736],[-73.89304,-43.39767],[-73.89272,-43.39808],[-73.89247,-43.39832],[-73.89194,-43.39854],[-73.89184,-43.39872],[-73.89153,-43.3989],[-73.89108,-43.39898],[-73.89044,-43.39954],[-73.89023,-43.39986],[-73.8898,-43.40023],[-73.88944,-43.4007],[-73.88923,-43.40121],[-73.88887,-43.40166],[-73.8887,-43.40203],[-73.88842,-43.40249],[-73.88906,-43.40311],[-73.88923,-43.40349],[-73.88951,-43.40379],[-73.88983,-43.40376],[-73.89003,-43.4037],[-73.89015,-43.40373],[-73.89021,-43.4038],[-73.890216,-43.403918],[-73.888112,-43.404349],[-73.887194,-43.40655],[-73.88719,-43.40655],[-73.8869,-43.40658],[-73.88639,-43.40674],[-73.88612,-43.40689],[-73.8859,-43.40706],[-73.88556,-43.4075],[-73.88522,-43.40764],[-73.88496,-43.40766],[-73.88481,-43.40777],[-73.88472,-43.4078],[-73.88462,-43.40792],[-73.88442,-43.40795],[-73.88413,-43.40809],[-73.88389,-43.40831],[-73.88387,-43.4085],[-73.88391,-43.40868],[-73.88407,-43.40887],[-73.88419,-43.40909],[-73.884237,-43.409333],[-73.88424,-43.40935],[-73.88433,-43.40956],[-73.88468,-43.40988],[-73.88489,-43.41026],[-73.88488,-43.41044],[-73.88478,-43.41054],[-73.88457,-43.41062],[-73.8846,-43.41088],[-73.88516,-43.4109],[-73.88523,-43.41112],[-73.88515,-43.41122],[-73.88515,-43.41134],[-73.88519,-43.41142],[-73.88541,-43.41155],[-73.88545,-43.41168],[-73.88529,-43.41184],[-73.88527,-43.41202],[-73.88522,-43.4121],[-73.88501,-43.41223],[-73.88478,-43.41223],[-73.88466,-43.41219],[-73.88442,-43.41221],[-73.88419,-43.41245],[-73.88388,-43.4126],[-73.88386,-43.41283],[-73.8838,-43.41291],[-73.88325,-43.41316],[-73.88295,-43.41338],[-73.88286,-43.41352],[-73.88253,-43.41366],[-73.88209,-43.41392],[-73.88146,-43.41416],[-73.88094,-43.41431],[-73.88072,-43.41448],[-73.88064,-43.41462],[-73.88065,-43.41472],[-73.8808,-43.41495],[-73.88096,-43.4151],[-73.88099,-43.41531],[-73.88077,-43.4156],[-73.88103,-43.41574],[-73.88141,-43.41586],[-73.88171,-43.41585],[-73.88182,-43.41589],[-73.88186,-43.41598],[-73.88158,-43.41633],[-73.88157,-43.4165],[-73.88164,-43.41658],[-73.88183,-43.41656],[-73.88245,-43.41633],[-73.88274,-43.41636],[-73.88289,-43.41659],[-73.88309,-43.41681],[-73.88349,-43.41685],[-73.88359,-43.41692],[-73.88359,-43.41704],[-73.88354,-43.41709],[-73.88332,-43.41713],[-73.88326,-43.41726],[-73.88305,-43.41752],[-73.88308,-43.41771],[-73.88293,-43.41784],[-73.882865,-43.417994],[-73.882377,-43.418094],[-73.882228,-43.418451],[-73.88158,-43.41871],[-73.88152,-43.41879],[-73.8815,-43.41891],[-73.881894,-43.419251],[-73.881198,-43.420919],[-73.88092,-43.42091],[-73.88075,-43.42094],[-73.88037,-43.42113],[-73.8798,-43.42118],[-73.87964,-43.42133],[-73.87933,-43.42182],[-73.87919,-43.42191],[-73.87915,-43.42198],[-73.8793,-43.42216],[-73.87958,-43.42235],[-73.87967,-43.42248],[-73.87966,-43.4226],[-73.87948,-43.42275],[-73.87904,-43.42286],[-73.878789,-43.423019],[-73.875416,-43.423709],[-73.87528,-43.4237],[-73.875195,-43.423754],[-73.874529,-43.42389],[-73.870508,-43.420523],[-73.865764,-43.421493],[-73.86575,-43.42138],[-73.86567,-43.42127],[-73.86575,-43.42098],[-73.86574,-43.42085],[-73.86569,-43.42078],[-73.86544,-43.42073],[-73.86524,-43.42078],[-73.865,-43.42078],[-73.86475,-43.42059],[-73.86445,-43.42057],[-73.86439,-43.42064],[-73.86434,-43.42093],[-73.86437,-43.42116],[-73.86453,-43.42126],[-73.86506,-43.42148],[-73.86513,-43.42159],[-73.865101,-43.421629],[-73.864742,-43.421702],[-73.86456,-43.42167],[-73.864502,-43.421677],[-73.86448,-43.42168],[-73.8644,-43.42177],[-73.86439,-43.42192],[-73.864463,-43.422001],[-73.864257,-43.422495],[-73.86422,-43.42251],[-73.8642,-43.42262],[-73.864202,-43.422625],[-73.863775,-43.423649],[-73.86375,-43.42368],[-73.86359,-43.4238],[-73.86337,-43.42389],[-73.86304,-43.42388],[-73.86243,-43.42362],[-73.86187,-43.42366],[-73.86155,-43.42357],[-73.8612,-43.42359],[-73.86105,-43.42365],[-73.86069,-43.42374],[-73.85973,-43.42367],[-73.85944,-43.42379],[-73.85913,-43.42385],[-73.85859,-43.42389],[-73.85792,-43.42402],[-73.85769,-43.42402],[-73.85756,-43.42398],[-73.8574,-43.42388],[-73.85741,-43.42379],[-73.85749,-43.42367],[-73.85728,-43.42351],[-73.85695,-43.42347],[-73.8566,-43.42315],[-73.85617,-43.4231],[-73.85587,-43.42319],[-73.85532,-43.42348],[-73.85458,-43.42377],[-73.85412,-43.42386],[-73.85334,-43.42392],[-73.85317,-43.42408],[-73.85311,-43.42423],[-73.85296,-43.4243],[-73.852922,-43.424346],[-73.85282,-43.42447],[-73.85299,-43.42456],[-73.853225,-43.424599],[-73.85329,-43.42461],[-73.853324,-43.424682],[-73.85333,-43.424695],[-73.85307,-43.42516],[-73.85287,-43.42532],[-73.85266,-43.42539],[-73.85244,-43.42541],[-73.8523,-43.4255],[-73.8523,-43.42562],[-73.85245,-43.42572],[-73.85254,-43.4261],[-73.85245,-43.4262],[-73.85244,-43.42628],[-73.85258,-43.42648],[-73.85248,-43.42679],[-73.85244,-43.42711],[-73.85251,-43.42747],[-73.85236,-43.42763],[-73.85203,-43.42772],[-73.85139,-43.42771],[-73.85133,-43.42776],[-73.85131,-43.4279],[-73.85113,-43.42797],[-73.85091,-43.428],[-73.85043,-43.42799],[-73.85025,-43.42802],[-73.85014,-43.42808],[-73.84994,-43.42828],[-73.84968,-43.42845],[-73.84949,-43.42848],[-73.84911,-43.42845],[-73.84872,-43.42866],[-73.84851,-43.42871],[-73.848,-43.42865],[-73.84772,-43.42867],[-73.84759,-43.42858],[-73.84749,-43.42829],[-73.84731,-43.42808],[-73.84714,-43.42795],[-73.84676,-43.42776],[-73.84625,-43.42772],[-73.84597,-43.42754],[-73.845869,-43.427533],[-73.84555,-43.42751],[-73.84528,-43.4277],[-73.84499,-43.42772],[-73.84477,-43.42751],[-73.84449,-43.42742],[-73.84401,-43.42717],[-73.84395,-43.42688],[-73.84405,-43.42666],[-73.84401,-43.42659],[-73.84333,-43.42639],[-73.84267,-43.42613],[-73.84213,-43.42615],[-73.84202,-43.4262],[-73.8415,-43.42631],[-73.84119,-43.42642],[-73.84115,-43.42647],[-73.84115,-43.42656],[-73.84125,-43.42661],[-73.84208,-43.4266],[-73.84241,-43.42664],[-73.8425,-43.42674],[-73.84252,-43.42688],[-73.84235,-43.42708],[-73.8417,-43.42739],[-73.84132,-43.42742],[-73.8411,-43.42736],[-73.84071,-43.42708],[-73.84049,-43.42705],[-73.84038,-43.4271],[-73.84035,-43.42741],[-73.8402,-43.42747],[-73.83963,-43.42745],[-73.83953,-43.42736],[-73.83954,-43.42726],[-73.83985,-43.42713],[-73.84,-43.42701],[-73.84001,-43.42687],[-73.83984,-43.42671],[-73.83962,-43.42669],[-73.83936,-43.42673],[-73.83867,-43.42694],[-73.8384,-43.42698],[-73.8383,-43.42694],[-73.83826,-43.42681],[-73.8384,-43.42669],[-73.838535,-43.42648],[-73.8384,-43.42642],[-73.83812,-43.4264],[-73.83787,-43.4265],[-73.8377,-43.42651],[-73.83739,-43.4263],[-73.83716,-43.42626],[-73.83689,-43.42631],[-73.83676,-43.4263],[-73.83638,-43.42608],[-73.83622,-43.42605],[-73.83583,-43.42608],[-73.835626,-43.426072],[-73.83511,-43.42605],[-73.83465,-43.42622],[-73.8344,-43.42624],[-73.83425,-43.42617],[-73.83411,-43.42606],[-73.83404,-43.42557],[-73.83398,-43.42551],[-73.83381,-43.42546],[-73.8333,-43.42551],[-73.83305,-43.42546],[-73.83266,-43.42516],[-73.83244,-43.42494],[-73.83214,-43.42482],[-73.83195,-43.42469],[-73.83182,-43.42448],[-73.83158,-43.42422],[-73.83157,-43.42416],[-73.83164,-43.42404],[-73.83185,-43.4239],[-73.83242,-43.42379],[-73.8327,-43.42369],[-73.83291,-43.42354],[-73.83294,-43.42338],[-73.83258,-43.42323],[-73.83156,-43.42308],[-73.83129,-43.42299],[-73.83084,-43.42255],[-73.83059,-43.42245],[-73.82997,-43.4224],[-73.8296,-43.4223],[-73.82952,-43.42214],[-73.82961,-43.42164],[-73.8296,-43.42129],[-73.82949,-43.42103],[-73.82931,-43.42082],[-73.829042,-43.42062],[-73.8286,-43.42029],[-73.8282,-43.42004],[-73.82793,-43.41996],[-73.82674,-43.42002],[-73.82651,-43.42007],[-73.82606,-43.42025],[-73.825964,-43.420305],[-73.825291,-43.419741],[-73.82542,-43.41959],[-73.82558,-43.41916],[-73.82592,-43.41887],[-73.82603,-43.41869],[-73.82604,-43.41857],[-73.82587,-43.41845],[-73.82563,-43.4184],[-73.82533,-43.41837],[-73.82485,-43.41844],[-73.82464,-43.41835],[-73.82459,-43.41824],[-73.82459,-43.41809],[-73.82466,-43.41802],[-73.82521,-43.41788],[-73.82529,-43.4178],[-73.82525,-43.41724],[-73.82542,-43.41683],[-73.82544,-43.41664],[-73.82536,-43.4165],[-73.82493,-43.41611],[-73.82471,-43.41571],[-73.82471,-43.41561],[-73.82481,-43.41555],[-73.82546,-43.41552],[-73.82594,-43.41545],[-73.82636,-43.41515],[-73.82659,-43.41492],[-73.82684,-43.41483],[-73.82726,-43.41478],[-73.82748,-43.41483],[-73.82776,-43.415],[-73.828,-43.4151],[-73.82816,-43.4151],[-73.82842,-43.41502],[-73.82889,-43.41453],[-73.82914,-43.41434],[-73.82938,-43.41411],[-73.8296,-43.41364],[-73.82967,-43.41306],[-73.82975,-43.41285],[-73.82977,-43.41267],[-73.82967,-43.4123],[-73.82967,-43.412115],[-73.8307,-43.411905],[-73.830974,-43.411249],[-73.83103,-43.41122],[-73.83117,-43.411],[-73.83118,-43.41093],[-73.831131,-43.410874],[-73.832615,-43.407325],[-73.828599,-43.403958],[-73.830515,-43.399378],[-73.8265,-43.396011],[-73.828415,-43.391432],[-73.834344,-43.39022],[-73.836258,-43.38564],[-73.842188,-43.384427],[-73.846203,-43.387794],[-73.852133,-43.38658],[-73.854046,-43.382],[-73.859976,-43.380786],[-73.863993,-43.384152],[-73.869923,-43.382937],[-73.871835,-43.378356],[-73.877765,-43.377141],[-73.879676,-43.372559],[-73.875658,-43.369194],[-73.877568,-43.364613],[-73.883497,-43.363397],[-73.885407,-43.358816],[-73.881389,-43.355451],[-73.875462,-43.356668],[-73.871445,-43.353303],[-73.873356,-43.348722],[-73.879282,-43.347506],[-73.883299,-43.35087],[-73.889226,-43.349654],[-73.891136,-43.345072],[-73.897062,-43.343855],[-73.901081,-43.347219],[-73.907009,-43.346001],[-73.908917,-43.341419],[-73.904898,-43.338056],[-73.898971,-43.339274],[-73.894953,-43.33591],[-73.896861,-43.331329],[-73.902787,-43.330111],[-73.904695,-43.325529],[-73.900677,-43.322166],[-73.894753,-43.323384],[-73.890737,-43.320021],[-73.884813,-43.321239],[-73.882904,-43.325819],[-73.87698,-43.327036],[-73.87507,-43.331617],[-73.879085,-43.33498],[-73.877176,-43.339561],[-73.87125,-43.340777],[-73.86934,-43.345358],[-73.863414,-43.346573],[-73.859399,-43.343209],[-73.853474,-43.344424],[-73.849461,-43.341059],[-73.851372,-43.33648],[-73.84736,-43.333116],[-73.849271,-43.328536],[-73.855195,-43.327321],[-73.857105,-43.322742],[-73.853093,-43.319378],[-73.855004,-43.314798],[-73.850993,-43.311435],[-73.852903,-43.306856],[-73.848893,-43.303493],[-73.850803,-43.298914],[-73.856723,-43.297697],[-73.858632,-43.293118],[-73.864552,-43.291901],[-73.865617,-43.289346],[-73.86568,-43.28934],[-73.86583,-43.28929],[-73.86619,-43.28933],[-73.86655,-43.28954],[-73.86664,-43.28957],[-73.86675,-43.28954],[-73.86693,-43.28945],[-73.86726,-43.28889],[-73.86753,-43.2887],[-73.86792,-43.28864],[-73.86838,-43.2887],[-73.86852,-43.28875],[-73.86927,-43.28873],[-73.86959,-43.28876],[-73.86998,-43.28873],[-73.87009,-43.28868],[-73.87024,-43.28862],[-73.87048,-43.28837],[-73.87081,-43.28825],[-73.87099,-43.28814],[-73.8711,-43.28769],[-73.87133,-43.28752],[-73.87153,-43.28745],[-73.87201,-43.28715],[-73.87234,-43.287],[-73.87257,-43.28693],[-73.87299,-43.28676],[-73.873123,-43.286727],[-73.876392,-43.289467],[-73.882312,-43.288249],[-73.884219,-43.283668],[-73.890139,-43.28245],[-73.892045,-43.277869],[-73.897965,-43.27665],[-73.899871,-43.27207],[-73.90579,-43.27085],[-73.907695,-43.266269],[-73.913614,-43.265048],[-73.915518,-43.260467],[-73.921437,-43.259246],[-73.923341,-43.254665],[-73.929259,-43.253443],[-73.931162,-43.248861],[-73.93708,-43.247639],[-73.938982,-43.243057],[-73.934967,-43.239698],[-73.936869,-43.235116],[-73.932855,-43.231757],[-73.92694,-43.23298],[-73.922927,-43.229621],[-73.917012,-43.230843],[-73.915108,-43.235423],[-73.909193,-43.236645],[-73.905182,-43.233285],[-73.899267,-43.234506],[-73.897362,-43.239086],[-73.901373,-43.242446],[-73.899468,-43.247026],[-73.90348,-43.250386],[-73.901575,-43.254967],[-73.895658,-43.256187],[-73.893752,-43.260767],[-73.887835,-43.261987],[-73.885928,-43.266567],[-73.88001,-43.267785],[-73.876,-43.264424],[-73.870083,-43.265643],[-73.868175,-43.270222],[-73.862258,-43.271439],[-73.860349,-43.276019],[-73.854432,-43.277236],[-73.850423,-43.273874],[-73.844506,-43.27509],[-73.840499,-43.271728],[-73.842409,-43.26715],[-73.848325,-43.265933],[-73.850234,-43.261355],[-73.846227,-43.257993],[-73.848136,-43.253415],[-73.854051,-43.252198],[-73.858058,-43.255559],[-73.863973,-43.254341],[-73.865881,-43.249762],[-73.861873,-43.246401],[-73.855959,-43.247619],[-73.851953,-43.244259],[-73.846039,-43.245476],[-73.84413,-43.250054],[-73.838216,-43.251271],[-73.834212,-43.247909],[-73.836121,-43.243332],[-73.832117,-43.239971],[-73.834026,-43.235393],[-73.830023,-43.232033],[-73.824112,-43.233249],[-73.822202,-43.237826],[-73.81629,-43.239042],[-73.81438,-43.243619],[-73.818382,-43.24698],[-73.824295,-43.245764],[-73.828298,-43.249126],[-73.826388,-43.253703],[-73.820474,-43.254919],[-73.816471,-43.251557],[-73.810558,-43.252772],[-73.808647,-43.257349],[-73.81265,-43.260711],[-73.810738,-43.265288],[-73.814742,-43.26865],[-73.820657,-43.267435],[-73.824661,-43.270797],[-73.82275,-43.275375],[-73.826756,-43.278737],[-73.824845,-43.283315],[-73.818928,-43.28453],[-73.817016,-43.289107],[-73.811099,-43.290321],[-73.809186,-43.294899],[-73.803268,-43.296112],[-73.799264,-43.292749],[-73.801177,-43.288172],[-73.797174,-43.284809],[-73.799087,-43.280232],[-73.795084,-43.276869],[-73.789169,-43.278082],[-73.785168,-43.274719],[-73.779254,-43.275932],[-73.775254,-43.272569],[-73.76934,-43.273781],[-73.765341,-43.270418],[-73.767256,-43.265843],[-73.763258,-43.26248],[-73.765172,-43.257905],[-73.761175,-43.254542],[-73.763089,-43.249967],[-73.769,-43.248755],[-73.772997,-43.252117],[-73.778909,-43.250904],[-73.780822,-43.246329],[-73.786733,-43.245115],[-73.790732,-43.248477],[-73.796644,-43.247263],[-73.798555,-43.242687],[-73.794556,-43.239326],[-73.788645,-43.24054],[-73.784647,-43.237178],[-73.778736,-43.238392],[-73.774739,-43.23503],[-73.776652,-43.230455],[-73.782561,-43.229241],[-73.784473,-43.224666],[-73.790382,-43.223452],[-73.79438,-43.226813],[-73.800289,-43.225598],[-73.8022,-43.221022],[-73.798201,-43.217661],[-73.792293,-43.218876],[-73.788296,-43.215516],[-73.782388,-43.21673],[-73.780476,-43.221305],[-73.774568,-43.222519],[-73.772656,-43.227094],[-73.766747,-43.228307],[-73.762752,-43.224945],[-73.764665,-43.220371],[-73.770572,-43.219158],[-73.772485,-43.214583],[-73.778392,-43.213369],[-73.780304,-43.208794],[-73.78621,-43.20758],[-73.788121,-43.203005],[-73.794028,-43.20179],[-73.795938,-43.197214],[-73.791942,-43.193855],[-73.786037,-43.19507],[-73.784126,-43.199645],[-73.77822,-43.200859],[-73.774226,-43.197499],[-73.776137,-43.192925],[-73.772144,-43.189565],[-73.766239,-43.190779],[-73.762247,-43.187419],[-73.764159,-43.182845],[-73.760167,-43.179485],[-73.762079,-43.174912],[-73.767981,-43.173697],[-73.771973,-43.177057],[-73.777876,-43.175842],[-73.781869,-43.179201],[-73.787773,-43.177986],[-73.789682,-43.173411],[-73.785689,-43.170052],[-73.787598,-43.165477],[-73.793501,-43.164261],[-73.79541,-43.159686],[-73.791417,-43.156328],[-73.793325,-43.151753],[-73.799226,-43.150537],[-73.801134,-43.145962],[-73.797142,-43.142604],[-73.79905,-43.138029],[-73.804949,-43.136812],[-73.806856,-43.132237],[-73.802864,-43.12888],[-73.804771,-43.124305],[-73.81067,-43.123087],[-73.812576,-43.118512],[-73.818474,-43.117293],[-73.820379,-43.112718],[-73.826277,-43.111498],[-73.828182,-43.106923],[-73.82419,-43.103567],[-73.818293,-43.104787],[-73.814301,-43.101431],[-73.808405,-43.10265],[-73.806499,-43.107224],[-73.800603,-43.108443],[-73.796613,-43.105087],[-73.798519,-43.100512],[-73.804415,-43.099294],[-73.806321,-43.09472],[-73.802332,-43.091364],[-73.804237,-43.08679],[-73.810131,-43.085571],[-73.814121,-43.088926],[-73.812216,-43.093501],[-73.816207,-43.096856],[-73.822102,-43.095636],[-73.824007,-43.091061],[-73.820016,-43.087706],[-73.82192,-43.083131],[-73.827815,-43.081911],[-73.831806,-43.085266],[-73.837701,-43.084045],[-73.839604,-43.079469],[-73.845499,-43.078248],[-73.849492,-43.081602],[-73.84759,-43.086178],[-73.851584,-43.089533],[-73.85748,-43.088311],[-73.859382,-43.083735],[-73.865278,-43.082512],[-73.869274,-43.085867],[-73.875171,-43.084644],[-73.879167,-43.087998],[-73.885065,-43.086774],[-73.886965,-43.082197],[-73.882968,-43.078843],[-73.877071,-43.080066],[-73.873075,-43.076713],[-73.874976,-43.072136],[-73.880872,-43.070912],[-73.884868,-43.074265],[-73.890764,-43.073041],[-73.892663,-43.068464],[-73.898559,-43.067239],[-73.902557,-43.070592],[-73.908453,-43.069367],[-73.910351,-43.064788],[-73.906353,-43.061436],[-73.900457,-43.062661],[-73.896461,-43.059308],[-73.898359,-43.05473],[-73.894363,-43.051378],[-73.888469,-43.052603],[-73.88657,-43.05718],[-73.890566,-43.060533],[-73.888667,-43.06511],[-73.882771,-43.066335],[-73.878776,-43.062981],[-73.872881,-43.064205],[-73.868887,-43.060852],[-73.870787,-43.056275],[-73.866794,-43.052922],[-73.868694,-43.048346],[-73.874587,-43.047122],[-73.876486,-43.042545],[-73.882378,-43.041321],[-73.884277,-43.036744],[-73.890169,-43.035519],[-73.892067,-43.030942],[-73.897958,-43.029716],[-73.901953,-43.033067],[-73.907846,-43.031841],[-73.911842,-43.035193],[-73.909945,-43.039771],[-73.913942,-43.043123],[-73.919836,-43.041896],[-73.921732,-43.037317],[-73.927626,-43.03609],[-73.929521,-43.031511],[-73.925524,-43.02816],[-73.927419,-43.023582],[-73.933311,-43.022354],[-73.935206,-43.017775],[-73.931209,-43.014425],[-73.933103,-43.009846],[-73.929106,-43.006496],[-73.923216,-43.007724],[-73.919221,-43.004374],[-73.921115,-42.999796],[-73.917121,-42.996446],[-73.919016,-42.991868],[-73.924904,-42.99064],[-73.926798,-42.986062],[-73.922804,-42.982712],[-73.924698,-42.978134],[-73.930585,-42.976906],[-73.932478,-42.972327],[-73.938365,-42.971098],[-73.94236,-42.974447],[-73.948248,-42.973216],[-73.950139,-42.968638],[-73.946144,-42.965289],[-73.940258,-42.96652],[-73.936264,-42.963171],[-73.938156,-42.958593],[-73.934163,-42.955245],[-73.936055,-42.950667],[-73.941939,-42.949437],[-73.943831,-42.944859],[-73.939838,-42.941511],[-73.941729,-42.936933],[-73.937737,-42.933586],[-73.939628,-42.929008],[-73.945511,-42.927777],[-73.949503,-42.931124],[-73.947613,-42.935702],[-73.951606,-42.939049],[-73.949715,-42.943628],[-73.953709,-42.946975],[-73.951818,-42.951554],[-73.945933,-42.952784],[-73.944041,-42.957363],[-73.948036,-42.960711],[-73.953922,-42.95948],[-73.957918,-42.962828],[-73.963805,-42.961597],[-73.965695,-42.957017],[-73.971582,-42.955786],[-73.975579,-42.959133],[-73.973689,-42.963713],[-73.967801,-42.964944],[-73.965911,-42.969524],[-73.960023,-42.970755],[-73.958132,-42.975334],[-73.962129,-42.978683],[-73.960238,-42.983262],[-73.964236,-42.986611],[-73.962344,-42.991191],[-73.966343,-42.99454],[-73.964452,-42.999119],[-73.95856,-43.00035],[-73.956668,-43.004929],[-73.950777,-43.006159],[-73.946778,-43.002809],[-73.940888,-43.004039],[-73.938994,-43.008617],[-73.942992,-43.011967],[-73.948884,-43.010738],[-73.952882,-43.014088],[-73.958775,-43.012859],[-73.962775,-43.016209],[-73.968668,-43.014978],[-73.972669,-43.018328],[-73.970777,-43.022909],[-73.97478,-43.026259],[-73.980674,-43.025028],[-73.982566,-43.020447],[-73.98846,-43.019216],[-73.990351,-43.014635],[-73.996245,-43.013403],[-74.000249,-43.016753],[-74.006144,-43.01552],[-74.010149,-43.018869],[-74.016045,-43.017637],[-74.017934,-43.013054],[-74.023829,-43.011821],[-74.027836,-43.01517],[-74.025947,-43.019752],[-74.020051,-43.020986],[-74.018162,-43.025568],[-74.02217,-43.028918],[-74.020281,-43.0335],[-74.014383,-43.034733],[-74.010376,-43.031383],[-74.00448,-43.032615],[-74.002589,-43.037197],[-74.006596,-43.040547],[-74.012493,-43.039315],[-74.016501,-43.042665],[-74.014611,-43.047248],[-74.008713,-43.04848],[-74.006822,-43.053062],[-74.01083,-43.056413],[-74.01673,-43.055181],[-74.020739,-43.058532],[-74.02664,-43.057299],[-74.03065,-43.06065],[-74.028761,-43.065233],[-74.032772,-43.068584],[-74.038674,-43.067351],[-74.042687,-43.070702],[-74.040798,-43.075286],[-74.044811,-43.078637],[-74.050715,-43.077404],[-74.05473,-43.080755],[-74.060634,-43.079521],[-74.062522,-43.074936],[-74.058507,-43.071585],[-74.060395,-43.067001],[-74.066297,-43.065766],[-74.070313,-43.069116],[-74.068426,-43.073701],[-74.072442,-43.077052],[-74.078347,-43.075817],[-74.082364,-43.079167],[-74.08827,-43.077932],[-74.092289,-43.081282],[-74.090402,-43.085869],[-74.084496,-43.087104],[-74.082609,-43.09169],[-74.086628,-43.095041],[-74.084741,-43.099627],[-74.088761,-43.102978],[-74.086874,-43.107565],[-74.090895,-43.110916],[-74.089007,-43.115503],[-74.083098,-43.116737],[-74.079077,-43.113385],[-74.080965,-43.108799],[-74.076946,-43.105448],[-74.071038,-43.106682],[-74.069149,-43.111268],[-74.073169,-43.11462],[-74.07128,-43.119205],[-74.0753,-43.122558],[-74.073411,-43.127144],[-74.077432,-43.130496],[-74.083343,-43.129262],[-74.085231,-43.124676],[-74.091141,-43.123441],[-74.095164,-43.126794],[-74.093276,-43.13138],[-74.087365,-43.132615],[-74.085476,-43.137202],[-74.0895,-43.140554],[-74.095412,-43.13932],[-74.099436,-43.142673],[-74.105349,-43.141438],[-74.109375,-43.14479],[-74.107487,-43.149378],[-74.101573,-43.150613],[-74.099685,-43.1552],[-74.103711,-43.158554],[-74.101823,-43.163141],[-74.095908,-43.164375],[-74.094018,-43.168963],[-74.088103,-43.170196],[-74.086213,-43.174783],[-74.090239,-43.178138],[-74.088349,-43.182725],[-74.082432,-43.183958],[-74.080542,-43.188545],[-74.084568,-43.1919],[-74.090486,-43.190667],[-74.094514,-43.194022],[-74.100432,-43.192789],[-74.104461,-43.196143],[-74.11038,-43.19491],[-74.114411,-43.198264],[-74.112521,-43.202853],[-74.116553,-43.206208],[-74.114663,-43.210797],[-74.108742,-43.21203],[-74.106852,-43.216619],[-74.100931,-43.217852],[-74.09904,-43.22244],[-74.093118,-43.223672],[-74.089088,-43.220317],[-74.09098,-43.215729],[-74.086951,-43.212373],[-74.081031,-43.213605],[-74.077003,-43.210249],[-74.078895,-43.205662],[-74.074867,-43.202306],[-74.076759,-43.197719],[-74.072733,-43.194364],[-74.066816,-43.195596],[-74.064923,-43.200182],[-74.059006,-43.201413],[-74.057113,-43.206],[-74.061138,-43.209355],[-74.059245,-43.213942],[-74.063271,-43.217298],[-74.061378,-43.221885],[-74.065405,-43.225242],[-74.071326,-43.224011],[-74.075354,-43.227367],[-74.081275,-43.226136],[-74.085305,-43.229492],[-74.083413,-43.23408],[-74.07749,-43.235311],[-74.075597,-43.239899],[-74.069675,-43.241129],[-74.065646,-43.237772],[-74.059724,-43.239002],[-74.055696,-43.235645],[-74.049775,-43.236875],[-74.045749,-43.233518],[-74.039828,-43.234747],[-74.037933,-43.239333],[-74.041958,-43.24269],[-74.040063,-43.247276],[-74.034141,-43.248505],[-74.032245,-43.253091],[-74.036271,-43.256449],[-74.034375,-43.261035],[-74.038402,-43.264393],[-74.036505,-43.26898],[-74.040533,-43.272338],[-74.046458,-43.27111],[-74.048354,-43.266524],[-74.054279,-43.265295],[-74.056174,-43.260708],[-74.052145,-43.25735],[-74.05404,-43.252763],[-74.059964,-43.251534],[-74.063993,-43.254891],[-74.062098,-43.259479],[-74.066128,-43.262837],[-74.072053,-43.261607],[-74.076084,-43.264965],[-74.07419,-43.269553],[-74.078222,-43.272911],[-74.084149,-43.271681],[-74.088182,-43.275039],[-74.086289,-43.279627],[-74.080361,-43.280857],[-74.078467,-43.285446],[-74.0825,-43.288804],[-74.088429,-43.287574],[-74.092464,-43.290933],[-74.098393,-43.289702],[-74.100286,-43.285113],[-74.096251,-43.281755],[-74.098144,-43.277166],[-74.104072,-43.275935],[-74.105964,-43.271345],[-74.101929,-43.267988],[-74.103822,-43.263399],[-74.099788,-43.260041],[-74.10168,-43.255453],[-74.097646,-43.252096],[-74.099538,-43.247507],[-74.105463,-43.246275],[-74.107354,-43.241686],[-74.113278,-43.240453],[-74.117312,-43.243809],[-74.115422,-43.248399],[-74.119457,-43.251755],[-74.125383,-43.250522],[-74.127273,-43.245932],[-74.133198,-43.244699],[-74.137235,-43.248055],[-74.143161,-43.246821],[-74.14505,-43.24223],[-74.150976,-43.240995],[-74.152864,-43.236404],[-74.158789,-43.235169],[-74.162828,-43.238524],[-74.168754,-43.237288],[-74.170641,-43.232697],[-74.176567,-43.23146],[-74.180607,-43.234815],[-74.186533,-43.233578],[-74.190575,-43.236933],[-74.196502,-43.235695],[-74.198387,-43.231102],[-74.194345,-43.227748],[-74.188419,-43.228986],[-74.184378,-43.225631],[-74.178453,-43.226868],[-74.174413,-43.223514],[-74.176299,-43.218922],[-74.172261,-43.215568],[-74.166337,-43.216805],[-74.162299,-43.21345],[-74.164186,-43.208859],[-74.170109,-43.207623],[-74.171994,-43.203031],[-74.167957,-43.199678],[-74.169843,-43.195087],[-74.175764,-43.193849],[-74.177649,-43.189258],[-74.18357,-43.18802],[-74.187608,-43.191373],[-74.185724,-43.195964],[-74.179802,-43.197203],[-74.177917,-43.201794],[-74.181955,-43.205148],[-74.187878,-43.20391],[-74.189762,-43.199318],[-74.195685,-43.198079],[-74.199725,-43.201432],[-74.197841,-43.206025],[-74.201882,-43.209378],[-74.207806,-43.208139],[-74.211848,-43.211493],[-74.209965,-43.216086],[-74.214008,-43.219439],[-74.219934,-43.2182],[-74.223978,-43.221553],[-74.229905,-43.220313],[-74.23395,-43.223667],[-74.239877,-43.222426],[-74.241759,-43.217832],[-74.247686,-43.216591],[-74.251732,-43.219944],[-74.249852,-43.224539],[-74.243923,-43.22578],[-74.242042,-43.230374],[-74.236113,-43.231615],[-74.234231,-43.236209],[-74.228302,-43.237449],[-74.226419,-43.242043],[-74.22049,-43.243282],[-74.218606,-43.247876],[-74.222652,-43.25123],[-74.220768,-43.255824],[-74.224815,-43.259179],[-74.222931,-43.263773],[-74.226979,-43.267129],[-74.225095,-43.271723],[-74.229143,-43.275079],[-74.227259,-43.279673],[-74.231308,-43.283029],[-74.229424,-43.287624],[-74.233474,-43.29098],[-74.239409,-43.289741],[-74.241293,-43.285146],[-74.237242,-43.28179],[-74.239126,-43.277195],[-74.24506,-43.275956],[-74.249111,-43.279311],[-74.255045,-43.278071],[-74.256928,-43.273476],[-74.262862,-43.272235],[-74.264743,-43.267639],[-74.270677,-43.266398],[-74.27473,-43.269753],[-74.272849,-43.274349],[-74.266914,-43.27559],[-74.265032,-43.280186],[-74.269086,-43.283541],[-74.267204,-43.288138],[-74.271258,-43.291493],[-74.269376,-43.29609],[-74.273431,-43.299445],[-74.271549,-43.304042],[-74.275605,-43.307398],[-74.273723,-43.311995],[-74.267784,-43.313235],[-74.265901,-43.317832],[-74.269957,-43.321188],[-74.275897,-43.319948],[-74.278507,-43.322107],[-74.27841,-43.32216],[-74.27816,-43.32228],[-74.27793,-43.32243],[-74.27774,-43.3226],[-74.27755,-43.32277],[-74.277425,-43.322935],[-74.2774,-43.32309],[-74.2774,-43.32325],[-74.27741,-43.32336],[-74.27748,-43.323425],[-74.277525,-43.32351],[-74.27757,-43.32358],[-74.27769,-43.32374],[-74.2778,-43.32391],[-74.27786,-43.32407],[-74.27788,-43.32423],[-74.27789,-43.32439],[-74.27785,-43.324575],[-74.27776,-43.324645],[-74.27771,-43.324715],[-74.27762,-43.32475],[-74.27758,-43.32483],[-74.277535,-43.3249],[-74.27753,-43.32509],[-74.27747,-43.32526],[-74.277405,-43.32533],[-74.27735,-43.325375],[-74.27728,-43.325415],[-74.27718,-43.32544],[-74.27714,-43.325485],[-74.27699,-43.32554],[-74.27689,-43.32559],[-74.27689,-43.32571],[-74.27689,-43.32581],[-74.27678,-43.32586],[-74.27657,-43.32593],[-74.27644,-43.32593],[-74.27638,-43.32587],[-74.27622,-43.325685],[-74.2762,-43.32554],[-74.27613,-43.32538],[-74.27604,-43.32522],[-74.27601,-43.32505],[-74.27601,-43.32489],[-74.276,-43.32473],[-74.27602,-43.32457],[-74.27603,-43.32441],[-74.27604,-43.32424],[-74.27607,-43.32408],[-74.27612,-43.32392],[-74.27614,-43.32376],[-74.27619,-43.32359],[-74.27622,-43.32343],[-74.27622,-43.32336],[-74.27617,-43.32327],[-74.27613,-43.32311],[-74.276,-43.32294],[-74.275855,-43.32283],[-74.27563,-43.3227],[-74.27539,-43.32259],[-74.27514,-43.3225],[-74.27487,-43.32245],[-74.27461,-43.32244],[-74.27361,-43.32252],[-74.27353,-43.32255],[-74.273465,-43.32263],[-74.27342,-43.3227],[-74.27334,-43.32293],[-74.27331,-43.32302],[-74.27329,-43.32311],[-74.27322,-43.3233],[-74.27319,-43.32338],[-74.27311,-43.32341],[-74.27309,-43.323475],[-74.27306,-43.32353],[-74.27295,-43.32361],[-74.27293,-43.323675],[-74.272855,-43.32383],[-74.27277,-43.32404],[-74.27276,-43.32418],[-74.27281,-43.32422],[-74.27286,-43.3243],[-74.27292,-43.32441],[-74.27301,-43.32459],[-74.27301,-43.32472],[-74.27298,-43.32478],[-74.27287,-43.32496],[-74.27274,-43.32515],[-74.272585,-43.32534],[-74.27256,-43.32552],[-74.27251,-43.3257],[-74.27244,-43.32589],[-74.27232,-43.3261],[-74.27204,-43.32601],[-74.27208,-43.32592],[-74.27201,-43.325865],[-74.272,-43.3257],[-74.27197,-43.32549],[-74.27194,-43.32533],[-74.27189,-43.32516],[-74.27177,-43.32524],[-74.27165,-43.32546],[-74.27165,-43.32558],[-74.27146,-43.32643],[-74.27137,-43.32644],[-74.27132,-43.32652],[-74.27127,-43.32659],[-74.271195,-43.32672],[-74.27113,-43.32679],[-74.27108,-43.32684],[-74.27095,-43.32687],[-74.27087,-43.32685],[-74.27078,-43.32683],[-74.27067,-43.32674],[-74.270485,-43.326535],[-74.27043,-43.32646],[-74.2704,-43.32639],[-74.27036,-43.32622],[-74.2703,-43.32606],[-74.27022,-43.3259],[-74.270175,-43.325825],[-74.27011,-43.32574],[-74.27006,-43.3257],[-74.26994,-43.3256],[-74.26965,-43.325445],[-74.2694,-43.32543],[-74.26914,-43.32542],[-74.26889,-43.32543],[-74.26883,-43.32545],[-74.26873,-43.32545],[-74.26867,-43.32548],[-74.26858,-43.325515],[-74.26844,-43.32556],[-74.26822,-43.32565],[-74.268098,-43.325725],[-74.26801,-43.32578],[-74.267934,-43.325814],[-74.263072,-43.326829],[-74.26306,-43.32678],[-74.26257,-43.32629],[-74.26234,-43.32618],[-74.2621,-43.32609],[-74.26183,-43.326],[-74.26104,-43.32587],[-74.26085,-43.32591],[-74.260798,-43.325919],[-74.26056,-43.32596],[-74.26034,-43.32599],[-74.25916,-43.32609],[-74.25878,-43.3262],[-74.258395,-43.326305],[-74.25832,-43.32633],[-74.25811,-43.32645],[-74.25788,-43.32657],[-74.25768,-43.3267],[-74.25736,-43.32684],[-74.25702,-43.32694],[-74.2568,-43.32702],[-74.25658,-43.32711],[-74.25635,-43.32719],[-74.25613,-43.32723],[-74.25591,-43.32729],[-74.25568,-43.32734],[-74.25546,-43.32739],[-74.25524,-43.32741],[-74.25502,-43.32741],[-74.25479,-43.32741],[-74.25451,-43.32741],[-74.25422,-43.32738],[-74.25394,-43.32738],[-74.25365,-43.32738],[-74.25336,-43.32743],[-74.25314,-43.32746],[-74.25292,-43.32748],[-74.25283,-43.3275],[-74.25265,-43.32747],[-74.2524,-43.32745],[-74.25173,-43.32738],[-74.251201,-43.327192],[-74.25114,-43.32717],[-74.25065,-43.32688],[-74.24962,-43.32609],[-74.24901,-43.32573],[-74.24881,-43.32563],[-74.24807,-43.32549],[-74.24729,-43.32541],[-74.24632,-43.32539],[-74.24514,-43.32557],[-74.2441,-43.3256],[-74.24274,-43.32549],[-74.24138,-43.32529],[-74.241119,-43.325286],[-74.24079,-43.32528],[-74.23946,-43.32547],[-74.2388,-43.32547],[-74.2379,-43.32575],[-74.23594,-43.32652],[-74.233424,-43.327879],[-74.23296,-43.32813],[-74.23219,-43.32875],[-74.23194,-43.32887],[-74.23031,-43.32953],[-74.22934,-43.32966],[-74.22859,-43.32952],[-74.22794,-43.32916],[-74.2273,-43.32849],[-74.22683,-43.32772],[-74.22636,-43.32728],[-74.22628,-43.32727],[-74.22589,-43.32707],[-74.22492,-43.32699],[-74.22424,-43.32705],[-74.224103,-43.327049],[-74.224328,-43.326501],[-74.230266,-43.325263],[-74.232152,-43.320668],[-74.238091,-43.31943],[-74.239976,-43.314835],[-74.235923,-43.311478],[-74.237808,-43.306883],[-74.243745,-43.305644],[-74.245629,-43.301049],[-74.241577,-43.297692],[-74.235641,-43.298931],[-74.233756,-43.303526],[-74.227819,-43.304764],[-74.225934,-43.309359],[-74.219997,-43.310596],[-74.218111,-43.315191],[-74.222162,-43.318548],[-74.220276,-43.323143],[-74.214338,-43.32438],[-74.212451,-43.328974],[-74.215313,-43.331347],[-74.21531,-43.33135],[-74.21435,-43.33263],[-74.21312,-43.33387],[-74.21259,-43.3343],[-74.21164,-43.3356],[-74.21127,-43.33605],[-74.210272,-43.337831],[-74.208676,-43.338163],[-74.207279,-43.341561],[-74.20675,-43.34211],[-74.20631,-43.34248],[-74.20596,-43.34293],[-74.200848,-43.343993],[-74.199568,-43.347108],[-74.19928,-43.34723],[-74.19814,-43.34756],[-74.19739,-43.3475],[-74.19684,-43.3473],[-74.19626,-43.34719],[-74.19567,-43.34714],[-74.19509,-43.34698],[-74.19316,-43.34623],[-74.19061,-43.34508],[-74.18971,-43.3448]],[[-74.040768,-43.284871],[-74.042665,-43.280284],[-74.038636,-43.276925],[-74.032711,-43.278152],[-74.030814,-43.282739],[-74.034842,-43.286098],[-74.040768,-43.284871]],[[-74.050725,-43.287002],[-74.044798,-43.28823],[-74.042901,-43.292817],[-74.046931,-43.296176],[-74.052859,-43.294949],[-74.054756,-43.290361],[-74.050725,-43.287002]],[[-73.926283,-43.312707],[-73.920358,-43.313927],[-73.918452,-43.318509],[-73.922471,-43.321872],[-73.920564,-43.326454],[-73.924584,-43.329817],[-73.930511,-43.328597],[-73.932417,-43.324015],[-73.938343,-43.322794],[-73.940248,-43.318211],[-73.946174,-43.31699],[-73.948078,-43.312407],[-73.944057,-43.309045],[-73.938132,-43.310266],[-73.936227,-43.314849],[-73.930302,-43.316069],[-73.926283,-43.312707]],[[-73.981069,-43.272069],[-73.975146,-43.273294],[-73.973245,-43.277877],[-73.977267,-43.281237],[-73.975366,-43.285821],[-73.969442,-43.287045],[-73.96754,-43.291629],[-73.971562,-43.294989],[-73.977487,-43.293766],[-73.979388,-43.289182],[-73.985313,-43.287958],[-73.987213,-43.283373],[-73.98319,-43.280013],[-73.985091,-43.275429],[-73.981069,-43.272069]],[[-73.903192,-43.355165],[-73.899172,-43.351801],[-73.893245,-43.353018],[-73.891335,-43.357599],[-73.895354,-43.360964],[-73.901283,-43.359747],[-73.903192,-43.355165]],[[-74.167133,-43.254418],[-74.165245,-43.25901],[-74.159316,-43.260245],[-74.157428,-43.264836],[-74.161469,-43.268193],[-74.15958,-43.272785],[-74.163622,-43.276141],[-74.169552,-43.274906],[-74.17144,-43.270314],[-74.167398,-43.266958],[-74.169286,-43.262366],[-74.175215,-43.26113],[-74.179257,-43.264486],[-74.17737,-43.269079],[-74.181413,-43.272435],[-74.187344,-43.271199],[-74.189231,-43.266606],[-74.195161,-43.265369],[-74.197047,-43.260776],[-74.202977,-43.259539],[-74.207023,-43.262894],[-74.205137,-43.267488],[-74.209183,-43.270844],[-74.207298,-43.275437],[-74.211345,-43.278793],[-74.209459,-43.283387],[-74.213507,-43.286743],[-74.219441,-43.285506],[-74.221326,-43.280911],[-74.217277,-43.277555],[-74.219162,-43.272961],[-74.215115,-43.269606],[-74.217,-43.265012],[-74.212953,-43.261656],[-74.214838,-43.257063],[-74.210792,-43.253708],[-74.212677,-43.249114],[-74.208632,-43.245759],[-74.202703,-43.246997],[-74.19866,-43.243642],[-74.192732,-43.24488],[-74.188689,-43.241525],[-74.182762,-43.242762],[-74.180876,-43.247354],[-74.174948,-43.248591],[-74.173061,-43.253182],[-74.167133,-43.254418]],[[-74.151761,-43.27861],[-74.15365,-43.274019],[-74.14961,-43.270662],[-74.143681,-43.271896],[-74.141791,-43.276487],[-74.145831,-43.279844],[-74.151761,-43.27861]],[[-74.22614,-43.229501],[-74.222095,-43.226147],[-74.216168,-43.227386],[-74.214284,-43.23198],[-74.218329,-43.235334],[-74.224257,-43.234095],[-74.22614,-43.229501]],[[-74.098791,-43.209908],[-74.104711,-43.208675],[-74.106601,-43.204087],[-74.102571,-43.200732],[-74.096652,-43.201965],[-74.094762,-43.206553],[-74.098791,-43.209908]],[[-73.859582,-43.225945],[-73.865494,-43.224726],[-73.867401,-43.220148],[-73.863395,-43.216788],[-73.865301,-43.21221],[-73.861297,-43.20885],[-73.855387,-43.210069],[-73.851383,-43.20671],[-73.845474,-43.207928],[-73.841472,-43.204569],[-73.835563,-43.205787],[-73.833655,-43.210364],[-73.837657,-43.213724],[-73.835749,-43.218301],[-73.839751,-43.221661],[-73.845662,-43.220443],[-73.849666,-43.223803],[-73.855577,-43.222585],[-73.859582,-43.225945]],[[-73.819928,-43.217375],[-73.825837,-43.216158],[-73.827746,-43.211581],[-73.823745,-43.208221],[-73.817837,-43.209438],[-73.813838,-43.206078],[-73.80793,-43.207294],[-73.80602,-43.21187],[-73.810019,-43.21523],[-73.815928,-43.214014],[-73.819928,-43.217375]],[[-73.898664,-43.19695],[-73.896761,-43.201529],[-73.900768,-43.204888],[-73.898865,-43.209468],[-73.902874,-43.212826],[-73.90097,-43.217406],[-73.895057,-43.218627],[-73.893153,-43.223207],[-73.887239,-43.224427],[-73.885334,-43.229007],[-73.889343,-43.232367],[-73.895257,-43.231146],[-73.897162,-43.226566],[-73.903075,-43.225346],[-73.907086,-43.228705],[-73.913,-43.227483],[-73.914903,-43.222903],[-73.910893,-43.219544],[-73.912796,-43.214963],[-73.918709,-43.213741],[-73.920611,-43.209161],[-73.916601,-43.205802],[-73.918503,-43.201222],[-73.914494,-43.197864],[-73.916396,-43.193284],[-73.922307,-43.192061],[-73.926317,-43.195418],[-73.932228,-43.194195],[-73.934129,-43.189614],[-73.94004,-43.18839],[-73.94194,-43.183809],[-73.93793,-43.180452],[-73.93983,-43.175871],[-73.93582,-43.172514],[-73.929911,-43.173738],[-73.925902,-43.170382],[-73.919993,-43.171605],[-73.918092,-43.176185],[-73.912183,-43.177408],[-73.908177,-43.174051],[-73.902268,-43.175274],[-73.900366,-43.179853],[-73.894457,-43.181075],[-73.892554,-43.185654],[-73.89656,-43.189012],[-73.90247,-43.18779],[-73.906477,-43.191148],[-73.904575,-43.195728],[-73.898664,-43.19695]],[[-73.886843,-43.199392],[-73.888747,-43.194813],[-73.884741,-43.191455],[-73.878832,-43.192675],[-73.876928,-43.197254],[-73.880933,-43.200613],[-73.886843,-43.199392]],[[-73.900165,-43.167337],[-73.906072,-43.166115],[-73.907974,-43.161535],[-73.903968,-43.158178],[-73.898062,-43.159401],[-73.89616,-43.16398],[-73.900165,-43.167337]],[[-73.930536,-43.211296],[-73.928634,-43.215877],[-73.932646,-43.219236],[-73.938561,-43.218013],[-73.940462,-43.213431],[-73.936449,-43.210073],[-73.930536,-43.211296]],[[-73.827195,-43.174044],[-73.8331,-43.172826],[-73.835006,-43.168249],[-73.840911,-43.16703],[-73.842817,-43.162453],[-73.848721,-43.161234],[-73.850626,-43.156657],[-73.85653,-43.155437],[-73.858434,-43.15086],[-73.864338,-43.149639],[-73.868338,-43.152996],[-73.874243,-43.151775],[-73.876146,-43.147197],[-73.88205,-43.145975],[-73.883952,-43.141397],[-73.889856,-43.140174],[-73.893858,-43.14353],[-73.891957,-43.148109],[-73.89596,-43.151466],[-73.901865,-43.150243],[-73.90587,-43.153599],[-73.911776,-43.152376],[-73.915781,-43.155732],[-73.921688,-43.154508],[-73.923588,-43.149928],[-73.929494,-43.148704],[-73.931394,-43.144123],[-73.9373,-43.142898],[-73.939198,-43.138318],[-73.945104,-43.137092],[-73.947002,-43.132511],[-73.952907,-43.131285],[-73.956916,-43.13464],[-73.955018,-43.139221],[-73.949112,-43.140447],[-73.947214,-43.145028],[-73.951223,-43.148384],[-73.95713,-43.147158],[-73.959028,-43.142576],[-73.964935,-43.141349],[-73.966832,-43.136768],[-73.972738,-43.13554],[-73.974634,-43.130959],[-73.970624,-43.127604],[-73.97252,-43.123022],[-73.968511,-43.119668],[-73.962606,-43.120896],[-73.958598,-43.117542],[-73.952694,-43.118769],[-73.948687,-43.115415],[-73.950584,-43.110834],[-73.946578,-43.10748],[-73.940675,-43.108707],[-73.93667,-43.105353],[-73.930769,-43.106579],[-73.926765,-43.103225],[-73.920864,-43.10445],[-73.918965,-43.109029],[-73.922969,-43.112384],[-73.92107,-43.116963],[-73.915167,-43.118188],[-73.913268,-43.122767],[-73.917272,-43.126122],[-73.923175,-43.124898],[-73.92718,-43.128253],[-73.933084,-43.127027],[-73.93709,-43.130382],[-73.935191,-43.134963],[-73.929286,-43.136188],[-73.927387,-43.140768],[-73.921482,-43.141992],[-73.919582,-43.146572],[-73.913676,-43.147796],[-73.909671,-43.14444],[-73.911572,-43.139861],[-73.907568,-43.136505],[-73.901664,-43.137729],[-73.897661,-43.134373],[-73.891758,-43.135596],[-73.887756,-43.13224],[-73.889657,-43.127662],[-73.885657,-43.124306],[-73.879755,-43.125529],[-73.875755,-43.122173],[-73.869854,-43.123395],[-73.867952,-43.127972],[-73.86205,-43.129194],[-73.858052,-43.125838],[-73.859956,-43.121261],[-73.855959,-43.117905],[-73.857862,-43.113328],[-73.853865,-43.109973],[-73.847967,-43.111194],[-73.846063,-43.11577],[-73.840164,-43.11699],[-73.838259,-43.121567],[-73.842255,-43.124923],[-73.848155,-43.123702],[-73.852152,-43.127059],[-73.850248,-43.131635],[-73.844347,-43.132856],[-73.84035,-43.129499],[-73.83445,-43.130719],[-73.832545,-43.135295],[-73.826644,-43.136514],[-73.822649,-43.133157],[-73.816749,-43.134376],[-73.814843,-43.138951],[-73.808942,-43.140169],[-73.807035,-43.144744],[-73.811029,-43.148102],[-73.809122,-43.152677],[-73.813116,-43.156035],[-73.811209,-43.160611],[-73.815204,-43.163969],[-73.821107,-43.162751],[-73.825104,-43.166109],[-73.823197,-43.170685],[-73.827195,-43.174044]],[[-73.936682,-42.988182],[-73.94257,-42.986953],[-73.944463,-42.982374],[-73.940468,-42.979025],[-73.93458,-42.980255],[-73.932686,-42.984833],[-73.936682,-42.988182]],[[-74.06465,-43.082872],[-74.062762,-43.087457],[-74.066779,-43.090808],[-74.072684,-43.089574],[-74.074572,-43.084988],[-74.070555,-43.081637],[-74.06465,-43.082872]],[[-74.041267,-43.100326],[-74.037252,-43.096974],[-74.031346,-43.098206],[-74.027333,-43.094854],[-74.029224,-43.09027],[-74.035128,-43.089038],[-74.037018,-43.084454],[-74.033005,-43.081103],[-74.027102,-43.082335],[-74.025211,-43.086918],[-74.019307,-43.08815],[-74.015296,-43.084798],[-74.009393,-43.086029],[-74.007501,-43.090612],[-74.011512,-43.093964],[-74.00962,-43.098547],[-74.013632,-43.1019],[-74.01174,-43.106483],[-74.015752,-43.109836],[-74.01386,-43.114419],[-74.007954,-43.115649],[-74.006061,-43.120232],[-74.010074,-43.123586],[-74.008181,-43.128169],[-74.002273,-43.129399],[-74.000379,-43.133982],[-73.994472,-43.135211],[-73.990459,-43.131856],[-73.984552,-43.133085],[-73.982656,-43.137667],[-73.986669,-43.141022],[-73.992577,-43.139793],[-73.99659,-43.143148],[-74.002499,-43.141919],[-74.004393,-43.137336],[-74.010301,-43.136106],[-74.014316,-43.13946],[-74.020225,-43.13823],[-74.022118,-43.133646],[-74.028027,-43.132416],[-74.029919,-43.127831],[-74.025903,-43.124478],[-74.027795,-43.119894],[-74.033703,-43.118663],[-74.037719,-43.122016],[-74.043627,-43.120784],[-74.045518,-43.116199],[-74.041501,-43.112847],[-74.035594,-43.114079],[-74.031579,-43.110726],[-74.03347,-43.106142],[-74.039376,-43.10491],[-74.041267,-43.100326]],[[-73.98534,-43.065918],[-73.981334,-43.062567],[-73.975435,-43.063797],[-73.973542,-43.068378],[-73.977548,-43.07173],[-73.983447,-43.0705],[-73.987455,-43.073852],[-73.993355,-43.072622],[-73.995248,-43.06804],[-73.99124,-43.064688],[-73.98534,-43.065918]],[[-73.97143,-43.060445],[-73.973323,-43.055864],[-73.969319,-43.052513],[-73.963422,-43.053742],[-73.961528,-43.058322],[-73.965532,-43.061674],[-73.97143,-43.060445]],[[-73.95563,-43.059551],[-73.951628,-43.056199],[-73.945731,-43.057427],[-73.941729,-43.054076],[-73.943624,-43.049496],[-73.939624,-43.046144],[-73.933728,-43.047372],[-73.931833,-43.051951],[-73.935833,-43.055303],[-73.933937,-43.059883],[-73.937938,-43.063235],[-73.943835,-43.062007],[-73.947838,-43.065359],[-73.953736,-43.064131],[-73.95563,-43.059551]],[[-74.010984,-43.173673],[-74.012879,-43.169089],[-74.008861,-43.165734],[-74.00295,-43.166962],[-73.998934,-43.163607],[-74.000829,-43.159024],[-73.996814,-43.155669],[-73.990904,-43.156897],[-73.989008,-43.16148],[-73.983098,-43.162707],[-73.979085,-43.159352],[-73.973175,-43.160579],[-73.971278,-43.165161],[-73.965368,-43.166388],[-73.96347,-43.17097],[-73.967483,-43.174326],[-73.973394,-43.1731],[-73.975291,-43.168517],[-73.981202,-43.16729],[-73.985216,-43.170646],[-73.991127,-43.169418],[-73.995143,-43.172774],[-74.001054,-43.171546],[-74.005071,-43.174901],[-74.010984,-43.173673]],[[-74.020915,-43.175799],[-74.015002,-43.177028],[-74.013107,-43.181613],[-74.017126,-43.184968],[-74.02304,-43.183739],[-74.024934,-43.179155],[-74.020915,-43.175799]],[[-74.044333,-43.158354],[-74.048354,-43.161709],[-74.054267,-43.160477],[-74.058288,-43.163831],[-74.064202,-43.1626],[-74.068225,-43.165954],[-74.074139,-43.164721],[-74.076029,-43.160135],[-74.072006,-43.156781],[-74.073896,-43.152195],[-74.069874,-43.148841],[-74.071764,-43.144255],[-74.067742,-43.140902],[-74.061831,-43.142134],[-74.05994,-43.14672],[-74.063961,-43.150074],[-74.062071,-43.15466],[-74.056158,-43.155892],[-74.052137,-43.152538],[-74.054029,-43.147952],[-74.050009,-43.144599],[-74.044098,-43.14583],[-74.042206,-43.150415],[-74.046225,-43.153769],[-74.044333,-43.158354]],[[-74.01925,-43.192909],[-74.017355,-43.197493],[-74.021375,-43.20085],[-74.027291,-43.199621],[-74.029186,-43.195036],[-74.025165,-43.19168],[-74.01925,-43.192909]],[[-74.00742,-43.195365],[-74.009316,-43.190781],[-74.005298,-43.187425],[-73.999384,-43.188653],[-73.995367,-43.185297],[-73.989453,-43.186524],[-73.985437,-43.183168],[-73.979525,-43.184394],[-73.97551,-43.181038],[-73.969598,-43.182264],[-73.9677,-43.186847],[-73.971714,-43.190203],[-73.977627,-43.188977],[-73.981643,-43.192334],[-73.979745,-43.196917],[-73.983761,-43.200274],[-73.989676,-43.199047],[-73.991573,-43.194464],[-73.997487,-43.193237],[-74.001505,-43.196593],[-74.00742,-43.195365]],[[-74.083833,-43.154315],[-74.081943,-43.158902],[-74.085967,-43.162255],[-74.091882,-43.161022],[-74.093771,-43.156435],[-74.089746,-43.153081],[-74.083833,-43.154315]],[[-73.953335,-43.15632],[-73.951436,-43.160902],[-73.955447,-43.164258],[-73.961356,-43.163032],[-73.963254,-43.15845],[-73.959243,-43.155094],[-73.953335,-43.15632]],[[-73.93561,-43.159996],[-73.931602,-43.15664],[-73.925695,-43.157864],[-73.923795,-43.162445],[-73.927802,-43.165801],[-73.933711,-43.164577],[-73.93561,-43.159996]],[[-74.025859,-43.22926],[-74.027755,-43.224675],[-74.023732,-43.221318],[-74.017814,-43.222546],[-74.015917,-43.227131],[-74.009998,-43.228358],[-74.008101,-43.232943],[-74.012123,-43.236301],[-74.010226,-43.240886],[-74.014249,-43.244244],[-74.02017,-43.243016],[-74.022067,-43.238431],[-74.018043,-43.235073],[-74.01994,-43.230488],[-74.025859,-43.22926]],[[-74.007874,-43.220416],[-74.003854,-43.217059],[-73.997936,-43.218286],[-73.996039,-43.22287],[-74.000059,-43.226228],[-74.005977,-43.225001],[-74.007874,-43.220416]],[[-74.041253,-43.205104],[-74.03723,-43.201748],[-74.031313,-43.202977],[-74.029418,-43.207562],[-74.033441,-43.210919],[-74.039359,-43.209689],[-74.041253,-43.205104]],[[-73.894761,-43.076395],[-73.892862,-43.080973],[-73.89686,-43.084326],[-73.902758,-43.083102],[-73.904657,-43.078523],[-73.900658,-43.07517],[-73.894761,-43.076395]],[[-73.865663,-43.107529],[-73.863761,-43.112107],[-73.867759,-43.115462],[-73.873659,-43.11424],[-73.87556,-43.109662],[-73.871563,-43.106307],[-73.865663,-43.107529]],[[-73.891161,-43.098061],[-73.887162,-43.094706],[-73.881264,-43.09593],[-73.879363,-43.100507],[-73.883361,-43.103862],[-73.889261,-43.102639],[-73.891161,-43.098061]],[[-73.899562,-43.129794],[-73.905465,-43.128571],[-73.907365,-43.123991],[-73.903363,-43.120636],[-73.897461,-43.12186],[-73.89556,-43.126439],[-73.899562,-43.129794]]]},"properties":{"comuna":"Quellón","mancha_id":"10208-88ce1220b5fffff","clase":"Medio","nivel_medio":1.789,"nivel_medio_min":1.501,"nivel_medio_max":2.365,"pct_alto":0.1,"n_hexagonos":1121,"area_ha":74496.24}},{"type":"Feature","geometry":{"type":"Polygon","coordinates":[[[-74.19081,-43.35801],[-74.19063,-43.35812],[-74.19039,-43.35815],[-74.19029,-43.35812],[-74.1902,-43.35803],[-74.19017,-43.35779],[-74.1904,-43.35755],[-74.19079,-43.35744],[-74.1909,-43.35747],[-74.19097,-43.35758],[-74.19081,-43.35801]]]},"properties":{"comuna":"Quellón","mancha_id":"10208-88ce1220abfffff","clase":"Medio","nivel_medio":1.67,"nivel_medio_min":1.67,"nivel_medio_max":1.67,"pct_alto":0.0,"n_hexagonos":1,"area_ha":0.36}},{"type":"Feature","geometry":{"type":"Polygon","coordinates":[[[-74.19325,-43.36281],[-74.193544,-43.362578],[-74.19363,-43.36251],[-74.19383,-43.36223],[-74.19387,-43.36194],[-74.19374,-43.36156],[-74.193653,-43.361492],[-74.19356,-43.36142],[-74.19295,-43.36141],[-74.19266,-43.36097],[-74.19268,-43.3606],[-74.19247,-43.36029],[-74.19248,-43.3602],[-74.19251,-43.36006],[-74.19273,-43.35977],[-74.19294,-43.35935],[-74.19296,-43.35923],[-74.1928,-43.35904],[-74.19277,-43.35892],[-74.19277,-43.35866],[-74.19326,-43.35838],[-74.1934,-43.35824],[-74.19391,-43.35722],[-74.19403,-43.3571],[-74.194221,-43.356979],[-74.19482,-43.3566],[-74.19499,-43.35603],[-74.19522,-43.35576],[-74.19535,-43.35533],[-74.19542,-43.35529],[-74.19544,-43.35507],[-74.19586,-43.35466],[-74.19619,-43.35452],[-74.19627,-43.35443],[-74.19646,-43.35378],[-74.19659,-43.35364],[-74.19708,-43.35334],[-74.19741,-43.35323],[-74.19777,-43.35317],[-74.19835,-43.35321],[-74.19877,-43.3534],[-74.19932,-43.35382],[-74.20055,-43.35455],[-74.20118,-43.35484],[-74.20148,-43.3549],[-74.201804,-43.354883],[-74.20204,-43.35487],[-74.20225,-43.35491],[-74.20294,-43.35519],[-74.20398,-43.35532],[-74.20482,-43.35569],[-74.20557,-43.35563],[-74.20586,-43.35573],[-74.20618,-43.3561],[-74.2067,-43.35637],[-74.207,-43.35664],[-74.20706,-43.35701],[-74.20696,-43.35729],[-74.2067,-43.35762],[-74.20668,-43.35771],[-74.20647,-43.35787],[-74.20616,-43.35797],[-74.20536,-43.35805],[-74.20511,-43.3582],[-74.20485,-43.35846],[-74.20469,-43.35853],[-74.20423,-43.35859],[-74.20399,-43.35874],[-74.203927,-43.358866],[-74.20385,-43.35902],[-74.20394,-43.35952],[-74.20388,-43.35965],[-74.20376,-43.35972],[-74.20344,-43.35974],[-74.20311,-43.35968],[-74.20259,-43.35988],[-74.20244,-43.35988],[-74.2023,-43.35981],[-74.20224,-43.35945],[-74.20219,-43.35934],[-74.20206,-43.35925],[-74.20192,-43.35918],[-74.20159,-43.35911],[-74.20143,-43.35911],[-74.2012,-43.35918],[-74.20112,-43.35926],[-74.201,-43.35982],[-74.20059,-43.35997],[-74.20031,-43.36021],[-74.19958,-43.36153],[-74.19925,-43.36196],[-74.19839,-43.36257],[-74.19839,-43.3629],[-74.19872,-43.36361],[-74.19876,-43.36413],[-74.198885,-43.364435],[-74.19892,-43.3647],[-74.19882,-43.36502],[-74.1987,-43.36517],[-74.19834,-43.36541],[-74.198246,-43.365542],[-74.197344,-43.365729],[-74.196458,-43.367883],[-74.19618,-43.36784],[-74.19582,-43.36764],[-74.19563,-43.36772],[-74.19546,-43.36789],[-74.19535,-43.36793],[-74.19496,-43.36791],[-74.19464,-43.36773],[-74.19436,-43.3675],[-74.19438,-43.36725],[-74.19469,-43.36702],[-74.1947,-43.36677],[-74.19444,-43.36652],[-74.1942,-43.36645],[-74.19394,-43.36625],[-74.19378,-43.36597],[-74.19377,-43.36569],[-74.19391,-43.36495],[-74.19375,-43.36476],[-74.19354,-43.36476],[-74.19339,-43.36484],[-74.19323,-43.36483],[-74.19302,-43.36472],[-74.19304,-43.36456],[-74.19312,-43.36447],[-74.19312,-43.36425],[-74.19272,-43.36409],[-74.19223,-43.36408],[-74.19205,-43.36402],[-74.19197,-43.36394],[-74.19197,-43.36375],[-74.19214,-43.36348],[-74.19281,-43.36304],[-74.19325,-43.36281]]]},"properties":{"comuna":"Quellón","mancha_id":"10208-88ce122085fffff","clase":"Medio","nivel_medio":1.735,"nivel_medio_min":1.546,"nivel_medio_max":1.877,"pct_alto":0.1,"n_hexagonos":5,"area_ha":91.31}},{"type":"Feature","geometry":{"type":"Polygon","coordinates":[[[-74.12094,-43.38642],[-74.12071,-43.38627],[-74.12067,-43.38614],[-74.12077,-43.38593],[-74.120753,-43.385811],[-74.121851,-43.385584],[-74.12155,-43.38591],[-74.12143,-43.38619],[-74.12128,-43.38634],[-74.12094,-43.38642]]]},"properties":{"comuna":"Quellón","mancha_id":"10208-88ce122027fffff","clase":"Medio","nivel_medio":1.503,"nivel_medio_min":1.503,"nivel_medio_max":1.503,"pct_alto":0.0,"n_hexagonos":1,"area_ha":0.46}},{"type":"Feature","geometry":{"type":"Polygon","coordinates":[[[-74.11937,-43.38672],[-74.11915,-43.38667],[-74.11894,-43.38655],[-74.11837,-43.38636],[-74.118318,-43.386315],[-74.12023,-43.385919],[-74.12023,-43.38623],[-74.12009,-43.38634],[-74.11972,-43.38644],[-74.11957,-43.38665],[-74.11937,-43.38672]]]},"properties":{"comuna":"Quellón","mancha_id":"10208-88ce122027fffff-2","clase":"Medio","nivel_medio":1.503,"nivel_medio_min":1.503,"nivel_medio_max":1.503,"pct_alto":0.0,"n_hexagonos":1,"area_ha":0.66}},{"type":"Feature","geometry":{"type":"Polygon","coordinates":[[[-74.11783,-43.39],[-74.11805,-43.39022],[-74.11805,-43.39043],[-74.11792,-43.39046],[-74.11774,-43.39045],[-74.11753,-43.39035],[-74.11755,-43.39013],[-74.11763,-43.39],[-74.11783,-43.39]]]},"properties":{"comuna":"Quellón","mancha_id":"10208-88ce122027fffff-3","clase":"Medio","nivel_medio":1.503,"nivel_medio_min":1.503,"nivel_medio_max":1.503,"pct_alto":0.0,"n_hexagonos":1,"area_ha":0.17}},{"type":"Feature","geometry":{"type":"Polygon","coordinates":[[[-74.11859,-43.39049],[-74.11878,-43.39062],[-74.11879,-43.39082],[-74.11868,-43.39092],[-74.11851,-43.39095],[-74.11826,-43.39083],[-74.11827,-43.3907],[-74.11839,-43.39053],[-74.11859,-43.39049]]]},"properties":{"comuna":"Quellón","mancha_id":"10208-88ce122027fffff-4","clase":"Medio","nivel_medio":1.503,"nivel_medio_min":1.503,"nivel_medio_max":1.503,"pct_alto":0.0,"n_hexagonos":1,"area_ha":0.16}},{"type":"Feature","geometry":{"type":"Polygon","coordinates":[[[-74.12684,-43.39133],[-74.12681,-43.3911],[-74.12686,-43.39101],[-74.12704,-43.39087],[-74.127235,-43.390807],[-74.126964,-43.391464],[-74.12684,-43.39133]]]},"properties":{"comuna":"Quellón","mancha_id":"10208-88ce122027fffff-5","clase":"Medio","nivel_medio":1.503,"nivel_medio_min":1.503,"nivel_medio_max":1.503,"pct_alto":0.0,"n_hexagonos":1,"area_ha":0.12}},{"type":"Feature","geometry":{"type":"Polygon","coordinates":[[[-74.12081,-43.39211],[-74.12073,-43.39172],[-74.12083,-43.39157],[-74.12129,-43.39128],[-74.12149,-43.39122],[-74.12178,-43.39111],[-74.12193,-43.39099],[-74.12217,-43.39024],[-74.12227,-43.39017],[-74.12258,-43.39016],[-74.12308,-43.39026],[-74.12343,-43.39057],[-74.12341,-43.39081],[-74.12333,-43.39094],[-74.12333,-43.39109],[-74.12341,-43.39127],[-74.12367,-43.39123],[-74.12396,-43.39111],[-74.12422,-43.39113],[-74.12453,-43.39127],[-74.12462,-43.39151],[-74.12459,-43.3917],[-74.12419,-43.39229],[-74.12404,-43.39328],[-74.1238,-43.39347],[-74.12353,-43.39355],[-74.12321,-43.39357],[-74.12293,-43.39351],[-74.12279,-43.39339],[-74.1227,-43.39296],[-74.12257,-43.39282],[-74.12234,-43.39283],[-74.12201,-43.39298],[-74.12167,-43.39294],[-74.1216,-43.39272],[-74.12161,-43.39258],[-74.12145,-43.39233],[-74.12081,-43.39211]]]},"properties":{"comuna":"Quellón","mancha_id":"10208-88ce122027fffff-6","clase":"Medio","nivel_medio":1.503,"nivel_medio_min":1.503,"nivel_medio_max":1.503,"pct_alto":0.0,"n_hexagonos":1,"area_ha":6.8}},{"type":"Feature","geometry":{"type":"Polygon","coordinates":[[[-73.636498,-43.050386],[-73.634583,-43.054952],[-73.628699,-43.056162],[-73.624732,-43.052805],[-73.626648,-43.048239],[-73.63253,-43.047029],[-73.634446,-43.042463],[-73.640328,-43.041252],[-73.644296,-43.044608],[-73.642381,-43.049175],[-73.636498,-43.050386]]]},"properties":{"comuna":"Quellón","mancha_id":"10208-88ceacd761fffff","clase":"Alto","nivel_medio":2.617,"nivel_medio_min":2.552,"nivel_medio_max":2.682,"pct_alto":43.7,"n_hexagonos":2,"area_ha":133.31}},{"type":"Feature","geometry":{"type":"Polygon","coordinates":[[[-73.613496,-43.105185],[-73.611577,-43.109751],[-73.605689,-43.110958],[-73.60172,-43.107599],[-73.603639,-43.103033],[-73.609527,-43.101826],[-73.613496,-43.105185]]]},"properties":{"comuna":"Quellón","mancha_id":"10208-88ceacd2cbfffff","clase":"Alto","nivel_medio":2.859,"nivel_medio_min":2.859,"nivel_medio_max":2.859,"pct_alto":81.6,"n_hexagonos":1,"area_ha":66.66}},{"type":"Feature","geometry":{"type":"Polygon","coordinates":[[[-73.61624,-43.05185],[-73.616271,-43.051832],[-73.618849,-43.054014],[-73.618671,-43.054439],[-73.61862,-43.05445],[-73.61824,-43.05458],[-73.61787,-43.05477],[-73.61761,-43.05493],[-73.61746,-43.05492],[-73.61716,-43.05477],[-73.61699,-43.05467],[-73.61658,-43.05462],[-73.61598,-43.05458],[-73.61546,-43.05431],[-73.61528,-43.05396],[-73.61527,-43.05371],[-73.61531,-43.05346],[-73.61554,-43.053],[-73.61572,-43.05276],[-73.61597,-43.05257],[-73.61615,-43.05246],[-73.61618,-43.05236],[-73.61615,-43.05221],[-73.61616,-43.05202],[-73.61624,-43.05185]]]},"properties":{"comuna":"Quellón","mancha_id":"10208-88ceacd2b3fffff","clase":"Alto","nivel_medio":2.739,"nivel_medio_min":2.739,"nivel_medio_max":2.739,"pct_alto":51.7,"n_hexagonos":1,"area_ha":5.56}},{"type":"Feature","geometry":{"type":"Polygon","coordinates":[[[-73.538769,-43.103799],[-73.536845,-43.108362],[-73.53785,-43.109214],[-73.53785,-43.10954],[-73.53786,-43.10975],[-73.53762,-43.10972],[-73.5373,-43.10961],[-73.53697,-43.10971],[-73.5369,-43.10987],[-73.53772,-43.11085],[-73.53784,-43.11168],[-73.53803,-43.11204],[-73.53803,-43.11225],[-73.53781,-43.11236],[-73.53759,-43.1124],[-73.53739,-43.1125],[-73.53747,-43.11271],[-73.53764,-43.11294],[-73.5384,-43.11338],[-73.53866,-43.11364],[-73.53873,-43.11391],[-73.53875,-43.1141],[-73.53867,-43.11425],[-73.53848,-43.11437],[-73.53833,-43.11454],[-73.53815,-43.11474],[-73.53802,-43.11486],[-73.53788,-43.11504],[-73.53768,-43.11536],[-73.53751,-43.11568],[-73.53721,-43.11617],[-73.5371,-43.11633],[-73.53702,-43.11649],[-73.536955,-43.11668],[-73.532997,-43.117488],[-73.529036,-43.114128],[-73.53096,-43.109565],[-73.527,-43.106204],[-73.528924,-43.101641],[-73.534808,-43.100438],[-73.538769,-43.103799]]]},"properties":{"comuna":"Quellón","mancha_id":"10208-88ceacd223fffff","clase":"Alto","nivel_medio":2.704,"nivel_medio_min":2.586,"nivel_medio_max":2.852,"pct_alto":45.8,"n_hexagonos":2,"area_ha":121.05}},{"type":"Feature","geometry":{"type":"Polygon","coordinates":[[[-73.574203,-43.109063],[-73.578169,-43.112423],[-73.584057,-43.111217],[-73.585977,-43.106652],[-73.591864,-43.105446],[-73.595832,-43.108805],[-73.593912,-43.113371],[-73.588024,-43.114577],[-73.586292,-43.118694],[-73.586275,-43.11869],[-73.58616,-43.11866],[-73.58606,-43.11862],[-73.58584,-43.11854],[-73.585615,-43.11848],[-73.5854,-43.11846],[-73.58518,-43.11845],[-73.58477,-43.11847],[-73.58457,-43.11851],[-73.58438,-43.11855],[-73.58419,-43.11861],[-73.58381,-43.11876],[-73.58363,-43.11884],[-73.58342,-43.11896],[-73.5832,-43.11906],[-73.58301,-43.11912],[-73.58262,-43.11921],[-73.58167,-43.11932],[-73.58148,-43.11935],[-73.58129,-43.11937],[-73.5811,-43.1194],[-73.58096,-43.11942],[-73.58018,-43.11951],[-73.57995,-43.11954],[-73.57981,-43.11954],[-73.57976,-43.11951],[-73.57964,-43.11949],[-73.57954,-43.11947],[-73.57932,-43.1194],[-73.5791,-43.11933],[-73.578914,-43.119247],[-73.576248,-43.116988],[-73.572279,-43.1178],[-73.57216,-43.11776],[-73.57194,-43.11767],[-73.57172,-43.11763],[-73.57128,-43.11748],[-73.57106,-43.1174],[-73.57084,-43.11732],[-73.57062,-43.11723],[-73.57018,-43.11708],[-73.56974,-43.11692],[-73.56953,-43.11682],[-73.56933,-43.11674],[-73.56912,-43.11663],[-73.56892,-43.11653],[-73.56872,-43.11645],[-73.56856,-43.11635],[-73.56839,-43.11626],[-73.5682,-43.11614],[-73.56786,-43.11593],[-73.56733,-43.11553],[-73.56716,-43.11537],[-73.56695,-43.1152],[-73.56674,-43.11503],[-73.56655,-43.11484],[-73.566438,-43.114728],[-73.56639,-43.11468],[-73.56626,-43.11451],[-73.56615,-43.11435],[-73.5661,-43.11424],[-73.56607,-43.11419],[-73.56598,-43.11402],[-73.56591,-43.11386],[-73.56582,-43.11369],[-73.56566,-43.11337],[-73.56554,-43.11312],[-73.56527,-43.11256],[-73.56486,-43.11219],[-73.56441,-43.11208],[-73.5643,-43.11209],[-73.56415,-43.1121],[-73.56399,-43.11224],[-73.563939,-43.112323],[-73.563749,-43.112672],[-73.5636,-43.11303],[-73.56299,-43.11379],[-73.56293,-43.11386],[-73.5628,-43.11397],[-73.56251,-43.11419],[-73.5623,-43.11431],[-73.56205,-43.11448],[-73.56177,-43.11464],[-73.56154,-43.11477],[-73.56135,-43.11489],[-73.56109,-43.11505],[-73.56083,-43.11522],[-73.56025,-43.11552],[-73.559993,-43.115601],[-73.556543,-43.112676],[-73.550656,-43.11388],[-73.546693,-43.110519],[-73.548616,-43.105955],[-73.554502,-43.104752],[-73.558465,-43.108112],[-73.564351,-43.106907],[-73.566273,-43.102343],[-73.572159,-43.101138],[-73.576124,-43.104498],[-73.574203,-43.109063]]]},"properties":{"comuna":"Quellón","mancha_id":"10208-88ceacd211fffff","clase":"Alto","nivel_medio":2.776,"nivel_medio_min":2.541,"nivel_medio_max":3.14,"pct_alto":66.3,"n_hexagonos":6,"area_ha":383.34}},{"type":"Feature","geometry":{"type":"Polygon","coordinates":[[[-73.455823,-43.045726],[-73.45775,-43.041167],[-73.46071,-43.040563],[-73.46089,-43.04061],[-73.46108,-43.04065],[-73.46127,-43.04068],[-73.46146,-43.04071],[-73.46165,-43.04073],[-73.46184,-43.04077],[-73.46203,-43.04081],[-73.46222,-43.04085],[-73.46241,-43.04089],[-73.4626,-43.04091],[-73.46279,-43.04096],[-73.46298,-43.04099],[-73.46317,-43.04105],[-73.46336,-43.04108],[-73.46355,-43.04113],[-73.46374,-43.04116],[-73.46393,-43.04121],[-73.46412,-43.04123],[-73.46431,-43.04128],[-73.4645,-43.04132],[-73.46469,-43.04136],[-73.46488,-43.04141],[-73.46507,-43.04145],[-73.46526,-43.04148],[-73.46545,-43.04154],[-73.465481,-43.041547],[-73.467573,-43.043326],[-73.466815,-43.045121],[-73.46667,-43.04519],[-73.46647,-43.04528],[-73.46628,-43.04536],[-73.46609,-43.04543],[-73.46589,-43.04551],[-73.4657,-43.0456],[-73.46551,-43.04568],[-73.46532,-43.04574],[-73.46512,-43.04581],[-73.46493,-43.04588],[-73.46474,-43.04597],[-73.46454,-43.04606],[-73.46435,-43.04614],[-73.46417,-43.04623],[-73.46393,-43.04632],[-73.46369,-43.04642],[-73.46339,-43.0465],[-73.4632,-43.04652],[-73.463,-43.04655],[-73.46281,-43.04656],[-73.46262,-43.04657],[-73.46243,-43.04658],[-73.46224,-43.0466],[-73.46205,-43.04662],[-73.46186,-43.04663],[-73.46167,-43.04664],[-73.46147,-43.04666],[-73.46128,-43.04666],[-73.46109,-43.04666],[-73.46087,-43.04666],[-73.46068,-43.04668],[-73.46049,-43.04671],[-73.46029,-43.04675],[-73.4601,-43.04677],[-73.45991,-43.04678],[-73.45972,-43.04679],[-73.45953,-43.04683],[-73.45934,-43.04688],[-73.45914,-43.04694],[-73.45895,-43.04699],[-73.45876,-43.04706],[-73.45857,-43.0471],[-73.45839,-43.04719],[-73.45813,-43.04729],[-73.45789,-43.04739],[-73.457826,-43.04743],[-73.455823,-43.045726]]]},"properties":{"comuna":"Quellón","mancha_id":"10208-88ceacd107fffff","clase":"Alto","nivel_medio":2.609,"nivel_medio_min":2.609,"nivel_medio_max":2.609,"pct_alto":39.5,"n_hexagonos":1,"area_ha":49.69}},{"type":"Feature","geometry":{"type":"Polygon","coordinates":[[[-73.587393,-43.052133],[-73.581512,-43.05334],[-73.579202,-43.051382],[-73.57962,-43.05141],[-73.58187,-43.05175],[-73.58412,-43.05173],[-73.58544,-43.05161],[-73.58661,-43.05149],[-73.58757,-43.05111],[-73.587853,-43.051036],[-73.58834,-43.05091],[-73.58896,-43.05073],[-73.5893,-43.05074],[-73.58983,-43.05087],[-73.59053,-43.05122],[-73.59116,-43.05162],[-73.5922,-43.05186],[-73.5932,-43.05191],[-73.59418,-43.05194],[-73.59502,-43.05212],[-73.59558,-43.05245],[-73.59638,-43.05304],[-73.59738,-43.05391],[-73.597391,-43.053918],[-73.59865,-43.05491],[-73.5992,-43.05533],[-73.59976,-43.05561],[-73.60034,-43.05581],[-73.60107,-43.05601],[-73.60163,-43.05614],[-73.60239,-43.05614],[-73.60304,-43.05614],[-73.604,-43.05599],[-73.6044,-43.05586],[-73.60482,-43.05573],[-73.60542,-43.05563],[-73.60592,-43.05545],[-73.60646,-43.05528],[-73.60705,-43.05512],[-73.60764,-43.05496],[-73.607703,-43.054958],[-73.60835,-43.05494],[-73.60887,-43.05496],[-73.60949,-43.05506],[-73.60986,-43.0552],[-73.6102,-43.0554],[-73.61104,-43.05577],[-73.61154,-43.05597],[-73.61227,-43.05615],[-73.61294,-43.0563],[-73.61352,-43.05644],[-73.61501,-43.05649],[-73.61608,-43.05648],[-73.61694,-43.05647],[-73.61735,-43.05635],[-73.61768,-43.05618],[-73.618005,-43.056027],[-73.616933,-43.05858],[-73.61105,-43.059789],[-73.609133,-43.064355],[-73.603249,-43.065563],[-73.599284,-43.062205],[-73.601202,-43.05764],[-73.597238,-43.054283],[-73.591356,-43.05549],[-73.587393,-43.052133]]]},"properties":{"comuna":"Quellón","mancha_id":"10208-88ceacd0c1fffff","clase":"Alto","nivel_medio":2.774,"nivel_medio_min":2.631,"nivel_medio_max":3.263,"pct_alto":47.1,"n_hexagonos":5,"area_ha":134.29}},{"type":"Feature","geometry":{"type":"Polygon","coordinates":[[[-73.573343,-43.021656],[-73.571425,-43.026219],[-73.575384,-43.029576],[-73.573485,-43.034093],[-73.57278,-43.03372],[-73.57267,-43.0335],[-73.57265,-43.0333],[-73.57271,-43.03316],[-73.57263,-43.0331],[-73.5725,-43.03308],[-73.57241,-43.03312],[-73.57234,-43.03317],[-73.57224,-43.03328],[-73.57205,-43.03343],[-73.57189,-43.03362],[-73.57163,-43.03372],[-73.57137,-43.03394],[-73.57074,-43.03429],[-73.57045,-43.03455],[-73.57022,-43.03466],[-73.57,-43.03478],[-73.569876,-43.034877],[-73.567587,-43.035346],[-73.563628,-43.031989],[-73.55775,-43.033196],[-73.553792,-43.029839],[-73.547915,-43.031044],[-73.543959,-43.027687],[-73.538082,-43.028892],[-73.537875,-43.028717],[-73.53817,-43.02812],[-73.53846,-43.0267],[-73.5384,-43.02595],[-73.53839,-43.02552],[-73.53837,-43.02533],[-73.53835,-43.02472],[-73.53831,-43.02429],[-73.53823,-43.02388],[-73.5382,-43.0235],[-73.53821,-43.02331],[-73.53826,-43.0231],[-73.53827,-43.02284],[-73.53865,-43.0222],[-73.53891,-43.02181],[-73.53899,-43.02141],[-73.53893,-43.02098],[-73.538942,-43.020379],[-73.541923,-43.019768],[-73.545879,-43.023125],[-73.551755,-43.021919],[-73.555712,-43.025276],[-73.561589,-43.024069],[-73.563508,-43.019506],[-73.569384,-43.018299],[-73.573343,-43.021656]]]},"properties":{"comuna":"Quellón","mancha_id":"10208-88ceacd0a9fffff","clase":"Alto","nivel_medio":2.605,"nivel_medio_min":2.507,"nivel_medio_max":2.669,"pct_alto":45.7,"n_hexagonos":5,"area_ha":309.54}},{"type":"Feature","geometry":{"type":"Polygon","coordinates":[[[-73.530397,-43.047141],[-73.524519,-43.048345],[-73.522193,-43.046371],[-73.5224,-43.04587],[-73.52331,-43.04494],[-73.5236,-43.04459],[-73.52383,-43.04432],[-73.52391,-43.04411],[-73.524,-43.04392],[-73.52407,-43.04355],[-73.52414,-43.04337],[-73.52417,-43.04318],[-73.52424,-43.043],[-73.52435,-43.04281],[-73.52449,-43.04263],[-73.52465,-43.04245],[-73.52478,-43.04226],[-73.52511,-43.04189],[-73.52524,-43.04171],[-73.52553,-43.04134],[-73.52574,-43.04116],[-73.52595,-43.04099],[-73.52624,-43.04078],[-73.52652,-43.04056],[-73.52674,-43.04042],[-73.52705,-43.04025],[-73.52749,-43.04001],[-73.52769,-43.03984],[-73.52804,-43.03957],[-73.528424,-43.039274],[-73.532319,-43.042579],[-73.530397,-43.047141]]]},"properties":{"comuna":"Quellón","mancha_id":"10208-88ceacd035fffff","clase":"Alto","nivel_medio":2.72,"nivel_medio_min":2.72,"nivel_medio_max":2.72,"pct_alto":53.8,"n_hexagonos":1,"area_ha":49.44}},{"type":"Feature","geometry":{"type":"Polygon","coordinates":[[[-73.5465,-43.06129],[-73.545716,-43.06179],[-73.546227,-43.060574],[-73.546843,-43.060448],[-73.54677,-43.06082],[-73.5465,-43.06129]]]},"properties":{"comuna":"Quellón","mancha_id":"10208-88ceacd01dfffff","clase":"Alto","nivel_medio":2.815,"nivel_medio_min":2.815,"nivel_medio_max":2.815,"pct_alto":69.5,"n_hexagonos":1,"area_ha":0.56}},{"type":"Feature","geometry":{"type":"Polygon","coordinates":[[[-73.558107,-43.07065],[-73.554147,-43.067291],[-73.548265,-43.068496],[-73.546634,-43.067112],[-73.54719,-43.06719],[-73.54738,-43.06724],[-73.54757,-43.06726],[-73.54814,-43.0673],[-73.54833,-43.06731],[-73.54852,-43.06733],[-73.54908,-43.06744],[-73.54927,-43.06751],[-73.54965,-43.06758],[-73.54996,-43.06758],[-73.55029,-43.06757],[-73.55057,-43.06759],[-73.55079,-43.06756],[-73.55102,-43.06752],[-73.55124,-43.06744],[-73.55145,-43.06734],[-73.55172,-43.0672],[-73.55223,-43.06693],[-73.55247,-43.06678],[-73.55269,-43.0666],[-73.55298,-43.06638],[-73.55352,-43.06594],[-73.55404,-43.06549],[-73.55435,-43.06529],[-73.5548,-43.06497],[-73.55514,-43.0648],[-73.55521,-43.064767],[-73.55539,-43.06468],[-73.55558,-43.06458],[-73.55613,-43.06433],[-73.55642,-43.0642],[-73.55687,-43.06402],[-73.55709,-43.06394],[-73.55731,-43.06388],[-73.55865,-43.06355],[-73.55887,-43.06348],[-73.5591,-43.0634],[-73.55932,-43.06333],[-73.55954,-43.06328],[-73.55975,-43.06319],[-73.56006,-43.06308],[-73.56025,-43.06299],[-73.56054,-43.06287],[-73.56074,-43.06279],[-73.56102,-43.06263],[-73.56124,-43.06246],[-73.56163,-43.06223],[-73.56182,-43.06212],[-73.56205,-43.06197],[-73.56219,-43.06179],[-73.56221,-43.061744],[-73.56226,-43.06163],[-73.56226,-43.06147],[-73.56225,-43.0613],[-73.56227,-43.06114],[-73.56234,-43.06098],[-73.56242,-43.06082],[-73.56249,-43.06075],[-73.56267,-43.0606],[-73.56273,-43.06059],[-73.56287,-43.06053],[-73.56306,-43.06048],[-73.56325,-43.06044],[-73.56345,-43.06043],[-73.56364,-43.06041],[-73.5642,-43.06033],[-73.56473,-43.06027],[-73.56527,-43.06007],[-73.566,-43.05952],[-73.56647,-43.05902],[-73.56649,-43.05853],[-73.56693,-43.05805],[-73.56836,-43.05746],[-73.56954,-43.05644],[-73.569954,-43.055926],[-73.573711,-43.059111],[-73.571792,-43.063675],[-73.56591,-43.064881],[-73.56399,-43.069445],[-73.558107,-43.07065]]]},"properties":{"comuna":"Quellón","mancha_id":"10208-88ceacd019fffff","clase":"Alto","nivel_medio":2.791,"nivel_medio_min":2.782,"nivel_medio_max":2.815,"pct_alto":44.9,"n_hexagonos":3,"area_ha":118.06}},{"type":"Feature","geometry":{"type":"Polygon","coordinates":[[[-73.538243,-43.066775],[-73.536503,-43.070904],[-73.530793,-43.072073],[-73.53093,-43.07185],[-73.53106,-43.07166],[-73.53113,-43.07148],[-73.53135,-43.07092],[-73.53142,-43.07074],[-73.53147,-43.07055],[-73.53154,-43.07037],[-73.53157,-43.07018],[-73.53164,-43.07],[-73.53165,-43.06981],[-73.5317,-43.06963],[-73.53174,-43.06926],[-73.53173,-43.06907],[-73.53174,-43.0687],[-73.53171,-43.06851],[-73.53165,-43.06833],[-73.53156,-43.06814],[-73.53144,-43.06795],[-73.53129,-43.06758],[-73.53128,-43.06739],[-73.5313,-43.06721],[-73.53133,-43.06702],[-73.5314,-43.06684],[-73.5315,-43.06665],[-73.53152,-43.06647],[-73.53157,-43.06628],[-73.53188,-43.065705],[-73.53201,-43.065595],[-73.53208,-43.06554],[-73.53218,-43.06545],[-73.53253,-43.06524],[-73.53274,-43.06512],[-73.53304,-43.06508],[-73.53326,-43.06509],[-73.53348,-43.06513],[-73.53355,-43.06517],[-73.5337,-43.06523],[-73.53392,-43.06533],[-73.53458,-43.06562],[-73.5348,-43.06569],[-73.53524,-43.06589],[-73.53546,-43.06597],[-73.53568,-43.06604],[-73.53629,-43.06622],[-73.53724,-43.0665],[-73.53751,-43.06658],[-73.5377,-43.06661],[-73.53788,-43.06667],[-73.53807,-43.06672],[-73.538243,-43.066775]]]},"properties":{"comuna":"Quellón","mancha_id":"10208-88ceacd001fffff","clase":"Alto","nivel_medio":2.65,"nivel_medio_min":2.65,"nivel_medio_max":2.65,"pct_alto":41.5,"n_hexagonos":1,"area_ha":30.09}},{"type":"Feature","geometry":{"type":"Polygon","coordinates":[[[-73.65068,-42.89561],[-73.65055,-42.89542],[-73.650576,-42.895337],[-73.651552,-42.896163],[-73.65138,-42.89612],[-73.65068,-42.89561]]]},"properties":{"comuna":"Quellón","mancha_id":"10208-88ceacc765fffff","clase":"Alto","nivel_medio":2.837,"nivel_medio_min":2.837,"nivel_medio_max":2.837,"pct_alto":54.0,"n_hexagonos":1,"area_ha":0.12}},{"type":"Feature","geometry":{"type":"Polygon","coordinates":[[[-73.652295,-42.89729],[-73.65054,-42.901488],[-73.644673,-42.902702],[-73.643077,-42.901351],[-73.64481,-42.90081],[-73.64561,-42.90049],[-73.64592,-42.90034],[-73.646245,-42.900185],[-73.6484,-42.89916],[-73.64864,-42.89902],[-73.64906,-42.8987],[-73.64948,-42.89822],[-73.65,-42.89783],[-73.65032,-42.89767],[-73.65067,-42.89742],[-73.65104,-42.89701],[-73.65116,-42.89698],[-73.65132,-42.89699],[-73.65197,-42.89729],[-73.652295,-42.89729]]]},"properties":{"comuna":"Quellón","mancha_id":"10208-88ceacc765fffff-2","clase":"Alto","nivel_medio":2.837,"nivel_medio_min":2.837,"nivel_medio_max":2.837,"pct_alto":54.0,"n_hexagonos":1,"area_ha":19.16}},{"type":"Feature","geometry":{"type":"Polygon","coordinates":[[[-73.689407,-42.872576],[-73.683541,-42.873794],[-73.681636,-42.87836],[-73.67577,-42.879577],[-73.673072,-42.877295],[-73.67317,-42.87726],[-73.67381,-42.87696],[-73.67485,-42.87639],[-73.6753,-42.87634],[-73.6758,-42.87658],[-73.67642,-42.87641],[-73.67668,-42.87628],[-73.67694,-42.87615],[-73.67715,-42.87598],[-73.67753,-42.87576],[-73.6783,-42.87557],[-73.67881,-42.87531],[-73.67904,-42.87511],[-73.67973,-42.87431],[-73.67994,-42.87423],[-73.68011,-42.8741],[-73.68027,-42.87406],[-73.68081,-42.87379],[-73.68124,-42.87357],[-73.68175,-42.87339],[-73.68235,-42.87324],[-73.682875,-42.873231],[-73.68404,-42.87321],[-73.68434,-42.8732],[-73.68448,-42.87315],[-73.68459,-42.87302],[-73.68471,-42.87272],[-73.685,-42.87256],[-73.6858,-42.87254],[-73.68656,-42.87261],[-73.68744,-42.87245],[-73.68855,-42.87215],[-73.68866,-42.87212],[-73.68919,-42.87207],[-73.689599,-42.872116],[-73.69035,-42.8722],[-73.69066,-42.87219],[-73.69125,-42.8721],[-73.69198,-42.87211],[-73.69222,-42.87217],[-73.69297,-42.87248],[-73.69367,-42.87259],[-73.69425,-42.87276],[-73.69515,-42.87308],[-73.69566,-42.87333],[-73.69593,-42.8733],[-73.69608,-42.87319],[-73.69628,-42.87289],[-73.6964,-42.8728],[-73.69677,-42.87266],[-73.69795,-42.8724],[-73.69871,-42.87212],[-73.69917,-42.87185],[-73.69945,-42.87156],[-73.69973,-42.87146],[-73.70027,-42.87144],[-73.70038,-42.8714],[-73.70049,-42.87135],[-73.70061,-42.87123],[-73.70063,-42.87097],[-73.70071,-42.87078],[-73.70087,-42.87058],[-73.700978,-42.870523],[-73.699234,-42.874707],[-73.693368,-42.875925],[-73.689407,-42.872576]]]},"properties":{"comuna":"Quellón","mancha_id":"10208-88ceacc731fffff","clase":"Alto","nivel_medio":2.782,"nivel_medio_min":2.619,"nivel_medio_max":3.219,"pct_alto":50.8,"n_hexagonos":3,"area_ha":56.47}},{"type":"Feature","geometry":{"type":"Polygon","coordinates":[[[-73.716833,-42.87105],[-73.710966,-42.872269],[-73.707379,-42.869238],[-73.70747,-42.86916],[-73.70784,-42.8691],[-73.70827,-42.86911],[-73.70854,-42.86922],[-73.70866,-42.86941],[-73.70866,-42.8695],[-73.70832,-42.86995],[-73.70837,-42.87002],[-73.70854,-42.87003],[-73.70956,-42.86965],[-73.71139,-42.86918],[-73.71207,-42.86884],[-73.71258,-42.86867],[-73.71347,-42.86854],[-73.71461,-42.86852],[-73.71516,-42.86855],[-73.71567,-42.86852],[-73.71724,-42.86828],[-73.71775,-42.86815],[-73.718095,-42.86802],[-73.716833,-42.87105]]]},"properties":{"comuna":"Quellón","mancha_id":"10208-88ceacc469fffff","clase":"Alto","nivel_medio":2.683,"nivel_medio_min":2.683,"nivel_medio_max":2.683,"pct_alto":52.6,"n_hexagonos":1,"area_ha":21.73}},{"type":"Feature","geometry":{"type":"Polygon","coordinates":[[[-73.742201,-42.8616],[-73.736335,-42.862821],[-73.733507,-42.860434],[-73.7336,-42.8604],[-73.73429,-42.86005],[-73.73479,-42.85949],[-73.7349,-42.85926],[-73.73534,-42.85888],[-73.73632,-42.8584],[-73.73738,-42.85824],[-73.73758,-42.85816],[-73.73782,-42.85799],[-73.73822,-42.85762],[-73.73907,-42.85704],[-73.73926,-42.85675],[-73.73921,-42.85668],[-73.73911,-42.85663],[-73.73841,-42.8566],[-73.7379,-42.8565],[-73.73778,-42.8564],[-73.73769,-42.85619],[-73.7377,-42.85607],[-73.73781,-42.85595],[-73.73833,-42.8556],[-73.73849,-42.85539],[-73.73842,-42.8553],[-73.73826,-42.85526],[-73.73793,-42.85533],[-73.73774,-42.85532],[-73.73762,-42.85518],[-73.73762,-42.855],[-73.73799,-42.85464],[-73.737982,-42.854133],[-73.740138,-42.853684],[-73.744103,-42.857032],[-73.747115,-42.856404],[-73.747174,-42.856511],[-73.747393,-42.856721],[-73.74769,-42.8568],[-73.74877,-42.85691],[-73.75,-42.857094],[-73.75004,-42.8571],[-73.750775,-42.857252],[-73.751673,-42.8575],[-73.752281,-42.857761],[-73.753935,-42.859157],[-73.752034,-42.863726],[-73.746167,-42.864948],[-73.742201,-42.8616]]]},"properties":{"comuna":"Quellón","mancha_id":"10208-88ceacc409fffff","clase":"Alto","nivel_medio":2.651,"nivel_medio_min":2.636,"nivel_medio_max":2.672,"pct_alto":45.2,"n_hexagonos":2,"area_ha":110.36}},{"type":"Feature","geometry":{"type":"Polygon","coordinates":[[[-73.634986,-42.913046],[-73.629119,-42.91426],[-73.626627,-42.912149],[-73.62698,-42.91196],[-73.62894,-42.91127],[-73.62908,-42.91121],[-73.63043,-42.91062],[-73.63154,-42.91025],[-73.63222,-42.91013],[-73.63268,-42.91013],[-73.63353,-42.91026],[-73.6342,-42.91044],[-73.6346,-42.91061],[-73.6349,-42.91075],[-73.63504,-42.91081],[-73.63575,-42.911221],[-73.634986,-42.913046]]]},"properties":{"comuna":"Quellón","mancha_id":"10208-88ceacc2b1fffff","clase":"Alto","nivel_medio":2.543,"nivel_medio_min":2.543,"nivel_medio_max":2.543,"pct_alto":43.1,"n_hexagonos":1,"area_ha":21.26}},{"type":"Feature","geometry":{"type":"Polygon","coordinates":[[[-73.580764,-42.978436],[-73.576808,-42.975082],[-73.577828,-42.972654],[-73.5783,-42.9726],[-73.5793,-42.97231],[-73.58026,-42.97191],[-73.58123,-42.97137],[-73.58165,-42.97124],[-73.58219,-42.97113],[-73.5828,-42.97111],[-73.58343,-42.97099],[-73.58451,-42.97058],[-73.58533,-42.97042],[-73.585717,-42.97026],[-73.58666,-42.96987],[-73.58702,-42.96978],[-73.58749,-42.96977],[-73.58816,-42.96986],[-73.58883,-42.97007],[-73.58916,-42.9701],[-73.58974,-42.97006],[-73.5903,-42.96987],[-73.59097,-42.96974],[-73.59239,-42.96976],[-73.59292,-42.96984],[-73.59366,-42.96985],[-73.59414,-42.96981],[-73.59502,-42.96964],[-73.59522,-42.96956],[-73.594425,-42.971454],[-73.588553,-42.972663],[-73.586637,-42.977227],[-73.580764,-42.978436]]]},"properties":{"comuna":"Quellón","mancha_id":"10208-88ceacc20bfffff","clase":"Alto","nivel_medio":2.656,"nivel_medio_min":2.617,"nivel_medio_max":2.816,"pct_alto":45.0,"n_hexagonos":2,"area_ha":73.25}},{"type":"Feature","geometry":{"type":"Polygon","coordinates":[[[-73.854442,-42.888299],[-73.852547,-42.892872],[-73.846672,-42.894099],[-73.842694,-42.890752],[-73.84459,-42.886179],[-73.850463,-42.884952],[-73.854442,-42.888299]]]},"properties":{"comuna":"Quellón","mancha_id":"10208-88ceac89e1fffff","clase":"Alto","nivel_medio":2.846,"nivel_medio_min":2.846,"nivel_medio_max":2.846,"pct_alto":82.7,"n_hexagonos":1,"area_ha":66.81}},{"type":"Feature","geometry":{"type":"Polygon","coordinates":[[[-73.743549,-43.191261],[-73.744536,-43.191059],[-73.748527,-43.194419],[-73.747422,-43.197061],[-73.74703,-43.19652],[-73.74712,-43.19618],[-73.74693,-43.19582],[-73.7466,-43.19548],[-73.74626,-43.19527],[-73.74587,-43.19511],[-73.7455,-43.19505],[-73.74517,-43.19501],[-73.74497,-43.19495],[-73.74475,-43.19484],[-73.74458,-43.19467],[-73.7445,-43.19455],[-73.74428,-43.19436],[-73.744,-43.19423],[-73.74383,-43.19415],[-73.74347,-43.19392],[-73.74316,-43.19364],[-73.74294,-43.19322],[-73.74287,-43.19283],[-73.74285,-43.19223],[-73.74325,-43.19168],[-73.743549,-43.191261]]]},"properties":{"comuna":"Quellón","mancha_id":"10208-88ce126ecdfffff","clase":"Alto","nivel_medio":2.587,"nivel_medio_min":2.587,"nivel_medio_max":2.587,"pct_alto":42.1,"n_hexagonos":1,"area_ha":13.83}},{"type":"Feature","geometry":{"type":"Polygon","coordinates":[[[-73.744756,-43.199374],[-73.74071,-43.200205],[-73.736719,-43.196844],[-73.736839,-43.196559],[-73.73718,-43.19661],[-73.73751,-43.1967],[-73.73794,-43.19671],[-73.73847,-43.19672],[-73.73871,-43.1968],[-73.73885,-43.19683],[-73.73901,-43.19696],[-73.73917,-43.19707],[-73.73942,-43.19718],[-73.74002,-43.19721],[-73.74079,-43.19714],[-73.74159,-43.1971],[-73.74259,-43.19723],[-73.74311,-43.19729],[-73.74361,-43.19749],[-73.74413,-43.19784],[-73.74459,-43.19819],[-73.74484,-43.19872],[-73.74484,-43.19917],[-73.744756,-43.199374]]]},"properties":{"comuna":"Quellón","mancha_id":"10208-88ce126ecdfffff-2","clase":"Alto","nivel_medio":2.587,"nivel_medio_min":2.587,"nivel_medio_max":2.587,"pct_alto":42.1,"n_hexagonos":1,"area_ha":14.61}},{"type":"Feature","geometry":{"type":"Polygon","coordinates":[[[-73.697161,-43.188245],[-73.69126,-43.189455],[-73.69018,-43.188544],[-73.69034,-43.18853],[-73.69074,-43.18837],[-73.69104,-43.18826],[-73.69141,-43.18816],[-73.6917,-43.18815],[-73.6921,-43.18815],[-73.6924,-43.1882],[-73.69269,-43.18821],[-73.69288,-43.18821],[-73.69305,-43.1882],[-73.69328,-43.18811],[-73.69351,-43.18801],[-73.69379,-43.18783],[-73.69445,-43.18762],[-73.6953,-43.1873],[-73.69616,-43.18676],[-73.69766,-43.18583],[-73.69833,-43.185456],[-73.697161,-43.188245]]]},"properties":{"comuna":"Quellón","mancha_id":"10208-88ce126e35fffff","clase":"Alto","nivel_medio":2.835,"nivel_medio_min":2.835,"nivel_medio_max":2.835,"pct_alto":58.3,"n_hexagonos":1,"area_ha":8.67}},{"type":"Feature","geometry":{"type":"Polygon","coordinates":[[[-73.679458,-43.191873],[-73.673557,-43.193082],[-73.671664,-43.191483],[-73.67185,-43.19144],[-73.67225,-43.19142],[-73.67265,-43.19149],[-73.67306,-43.1916],[-73.67374,-43.1916],[-73.67436,-43.19153],[-73.67526,-43.19137],[-73.67639,-43.19096],[-73.67712,-43.19064],[-73.67805,-43.19048],[-73.67925,-43.19049],[-73.67965,-43.19049],[-73.680021,-43.190531],[-73.679458,-43.191873]]]},"properties":{"comuna":"Quellón","mancha_id":"10208-88ce126e27fffff","clase":"Alto","nivel_medio":2.63,"nivel_medio_min":2.63,"nivel_medio_max":2.63,"pct_alto":33.5,"n_hexagonos":1,"area_ha":9.76}},{"type":"Feature","geometry":{"type":"Polygon","coordinates":[[[-73.71303,-43.11027],[-73.71283,-43.11015],[-73.712638,-43.109867],[-73.713924,-43.109602],[-73.714921,-43.110443],[-73.71462,-43.11058],[-73.71431,-43.11055],[-73.71412,-43.11042],[-73.71381,-43.1103],[-73.71361,-43.11028],[-73.71339,-43.11038],[-73.71303,-43.11027]]]},"properties":{"comuna":"Quellón","mancha_id":"10208-88ce126ce7fffff","clase":"Alto","nivel_medio":2.602,"nivel_medio_min":2.602,"nivel_medio_max":2.602,"pct_alto":60.7,"n_hexagonos":1,"area_ha":1.03}},{"type":"Feature","geometry":{"type":"Polygon","coordinates":[[[-73.7082,-43.1171],[-73.708206,-43.117147],[-73.706119,-43.115386],[-73.708032,-43.110815],[-73.710401,-43.110328],[-73.71058,-43.11071],[-73.71131,-43.11209],[-73.71146,-43.11292],[-73.71139,-43.11358],[-73.71102,-43.11408],[-73.71022,-43.11435],[-73.70965,-43.11476],[-73.70944,-43.11532],[-73.70924,-43.11573],[-73.70895,-43.11602],[-73.70869,-43.11621],[-73.70832,-43.11674],[-73.7082,-43.1171]]]},"properties":{"comuna":"Quellón","mancha_id":"10208-88ce126ce7fffff-2","clase":"Alto","nivel_medio":2.602,"nivel_medio_min":2.602,"nivel_medio_max":2.602,"pct_alto":60.7,"n_hexagonos":1,"area_ha":18.59}},{"type":"Feature","geometry":{"type":"Polygon","coordinates":[[[-73.70889,-43.1175],[-73.70895,-43.11769],[-73.708929,-43.117756],[-73.708556,-43.117441],[-73.70889,-43.1175]]]},"properties":{"comuna":"Quellón","mancha_id":"10208-88ce126ce7fffff-3","clase":"Alto","nivel_medio":2.602,"nivel_medio_min":2.602,"nivel_medio_max":2.602,"pct_alto":60.7,"n_hexagonos":1,"area_ha":0.04}},{"type":"Feature","geometry":{"type":"Polygon","coordinates":[[[-73.674886,-43.138511],[-73.678865,-43.14187],[-73.678276,-43.143276],[-73.67826,-43.14327],[-73.67745,-43.14298],[-73.67683,-43.1429],[-73.67618,-43.1431],[-73.67602,-43.14302],[-73.67596,-43.14284],[-73.67525,-43.14215],[-73.67519,-43.1421],[-73.67507,-43.14208],[-73.67497,-43.14203],[-73.67486,-43.142],[-73.67468,-43.14192],[-73.67449,-43.14184],[-73.67434,-43.14178],[-73.67416,-43.1417],[-73.67402,-43.14164],[-73.67385,-43.14155],[-73.67371,-43.14152],[-73.67354,-43.14143],[-73.67339,-43.14138],[-73.67321,-43.14129],[-73.67305,-43.14123],[-73.67284,-43.14116],[-73.67267,-43.14111],[-73.67247,-43.14104],[-73.67229,-43.14101],[-73.67207,-43.14094],[-73.67185,-43.14089],[-73.67168,-43.14081],[-73.67153,-43.14077],[-73.67133,-43.1407],[-73.67067,-43.14051],[-73.67021,-43.14038],[-73.66993,-43.14036],[-73.66964,-43.14029],[-73.66887,-43.140011],[-73.668991,-43.139721],[-73.674886,-43.138511]]]},"properties":{"comuna":"Quellón","mancha_id":"10208-88ce126c2bfffff","clase":"Alto","nivel_medio":2.961,"nivel_medio_min":2.961,"nivel_medio_max":2.961,"pct_alto":61.3,"n_hexagonos":1,"area_ha":19.06}},{"type":"Feature","geometry":{"type":"Polygon","coordinates":[[[-73.655143,-43.134211],[-73.65912,-43.137571],[-73.658954,-43.137965],[-73.65783,-43.13786],[-73.65754,-43.13786],[-73.65726,-43.13788],[-73.65681,-43.13787],[-73.65591,-43.13782],[-73.65535,-43.13799],[-73.65487,-43.13835],[-73.65422,-43.13862],[-73.65345,-43.13864],[-73.65285,-43.13869],[-73.65247,-43.13867],[-73.65194,-43.13861],[-73.65124,-43.13834],[-73.65053,-43.13823],[-73.64997,-43.13827],[-73.64907,-43.1384],[-73.648011,-43.138372],[-73.64795,-43.13837],[-73.64706,-43.13838],[-73.64494,-43.13863],[-73.64364,-43.13905],[-73.64181,-43.13989],[-73.64046,-43.140369],[-73.6393,-43.14078],[-73.63669,-43.14183],[-73.63538,-43.14242],[-73.63456,-43.14261],[-73.63295,-43.14336],[-73.63108,-43.14409],[-73.630424,-43.144264],[-73.62976,-43.14444],[-73.62877,-43.14486],[-73.62807,-43.14493],[-73.62696,-43.14499],[-73.62649,-43.14485],[-73.626,-43.14482],[-73.62555,-43.14473],[-73.62505,-43.14459],[-73.624994,-43.144566],[-73.62447,-43.14434],[-73.62405,-43.144],[-73.62296,-43.14261],[-73.62262,-43.14235],[-73.62183,-43.14192],[-73.6214,-43.14163],[-73.62096,-43.14148],[-73.62072,-43.14143],[-73.62053,-43.14131],[-73.62033,-43.14117],[-73.62018,-43.14097],[-73.620053,-43.140824],[-73.61998,-43.14074],[-73.61978,-43.14063],[-73.6196,-43.14054],[-73.6191,-43.14039],[-73.6186,-43.1402],[-73.61751,-43.13966],[-73.61686,-43.13933],[-73.61625,-43.13912],[-73.61586,-43.13904],[-73.61566,-43.13904],[-73.61552,-43.13896],[-73.6155,-43.13883],[-73.61553,-43.13864],[-73.61565,-43.13851],[-73.6161,-43.13824],[-73.61653,-43.13795],[-73.61674,-43.13782],[-73.617,-43.13769],[-73.61721,-43.13758],[-73.61751,-43.13747],[-73.61772,-43.13738],[-73.61803,-43.13725],[-73.61823,-43.13714],[-73.61854,-43.13702],[-73.61876,-43.13694],[-73.61897,-43.13685],[-73.61927,-43.13674],[-73.6195,-43.13666],[-73.61971,-43.13656],[-73.62,-43.13642],[-73.62027,-43.13629],[-73.62053,-43.13614],[-73.620694,-43.136035],[-73.62078,-43.13598],[-73.62102,-43.13582],[-73.6217,-43.13534],[-73.62191,-43.13518],[-73.62212,-43.13497],[-73.62233,-43.1348],[-73.62259,-43.13457],[-73.62287,-43.13434],[-73.62314,-43.1341],[-73.62334,-43.13392],[-73.6235,-43.13373],[-73.62371,-43.13355],[-73.62386,-43.13337],[-73.62439,-43.13282],[-73.62472,-43.13245],[-73.62489,-43.13226],[-73.62532,-43.1319],[-73.62549,-43.13171],[-73.62569,-43.13153],[-73.6259,-43.13135],[-73.62612,-43.1312],[-73.62659,-43.13097],[-73.62689,-43.13085],[-73.62714,-43.13077],[-73.6272,-43.13073],[-73.62734,-43.13072],[-73.62779,-43.13064],[-73.62801,-43.13058],[-73.62823,-43.13054],[-73.62868,-43.13043],[-73.628699,-43.130426],[-73.6289,-43.13038],[-73.62935,-43.13032],[-73.63002,-43.13019],[-73.63024,-43.13011],[-73.63113,-43.12993],[-73.63136,-43.12988],[-73.63156,-43.1298],[-73.63187,-43.1297],[-73.63232,-43.12952],[-73.63254,-43.12944],[-73.63326,-43.12912],[-73.63356,-43.12902],[-73.63379,-43.12893],[-73.63401,-43.12885],[-73.63422,-43.12876],[-73.63452,-43.12864],[-73.63475,-43.12856],[-73.63497,-43.12849],[-73.63519,-43.12845],[-73.635305,-43.12847],[-73.63541,-43.12854],[-73.63554,-43.128715],[-73.6356,-43.12888],[-73.63567,-43.12902],[-73.635778,-43.129028],[-73.6358,-43.12903],[-73.63587,-43.128975],[-73.63598,-43.12892],[-73.63615,-43.12883],[-73.63641,-43.1287],[-73.63664,-43.12852],[-73.63686,-43.12836],[-73.63706,-43.12818],[-73.63727,-43.12801],[-73.63749,-43.12777],[-73.63767,-43.12758],[-73.63788,-43.1274],[-73.63806,-43.12722],[-73.63855,-43.12667],[-73.6387,-43.12648],[-73.63886,-43.1263],[-73.63899,-43.12611],[-73.63939,-43.12537],[-73.63952,-43.125],[-73.639581,-43.124878],[-73.643217,-43.124133],[-73.645135,-43.119565],[-73.641161,-43.116205],[-73.63527,-43.117414],[-73.631298,-43.114055],[-73.633215,-43.109487],[-73.629244,-43.106128],[-73.623355,-43.107336],[-73.619384,-43.103977],[-73.621302,-43.099411],[-73.62719,-43.098203],[-73.631161,-43.101561],[-73.63705,-43.100352],[-73.641022,-43.103711],[-73.639105,-43.108279],[-73.643078,-43.111638],[-73.648968,-43.110428],[-73.652942,-43.113787],[-73.651026,-43.118356],[-73.655001,-43.121715],[-73.653084,-43.126283],[-73.65706,-43.129642],[-73.655143,-43.134211]]]},"properties":{"comuna":"Quellón","mancha_id":"10208-88ce126c25fffff","clase":"Alto","nivel_medio":2.77,"nivel_medio_min":2.503,"nivel_medio_max":3.193,"pct_alto":69.4,"n_hexagonos":16,"area_ha":756.28}},{"type":"Feature","geometry":{"type":"Polygon","coordinates":[[[-73.484086,-43.144142],[-73.489973,-43.142943],[-73.491457,-43.144204],[-73.49128,-43.14425],[-73.49106,-43.14429],[-73.49083,-43.14435],[-73.49061,-43.14438],[-73.49039,-43.14441],[-73.49016,-43.14442],[-73.48994,-43.14444],[-73.48972,-43.14445],[-73.48949,-43.14446],[-73.48927,-43.14447],[-73.48905,-43.14446],[-73.48882,-43.14446],[-73.4886,-43.14446],[-73.48838,-43.14446],[-73.48815,-43.14446],[-73.48793,-43.14447],[-73.48771,-43.14447],[-73.48748,-43.14447],[-73.48726,-43.14446],[-73.48704,-43.14445],[-73.48682,-43.14441],[-73.48659,-43.1444],[-73.48637,-43.14438],[-73.48615,-43.14437],[-73.48593,-43.14438],[-73.4857,-43.14437],[-73.48548,-43.14439],[-73.48526,-43.1444],[-73.48503,-43.14442],[-73.48481,-43.14446],[-73.48458,-43.14449],[-73.48436,-43.14451],[-73.48414,-43.14454],[-73.48391,-43.14457],[-73.483905,-43.14457],[-73.484086,-43.144142]]]},"properties":{"comuna":"Quellón","mancha_id":"10208-88ce1269bdfffff","clase":"Alto","nivel_medio":2.671,"nivel_medio_min":2.671,"nivel_medio_max":2.671,"pct_alto":57.1,"n_hexagonos":1,"area_ha":5.86}},{"type":"Feature","geometry":{"type":"Polygon","coordinates":[[[-73.549319,-43.180897],[-73.547393,-43.185461],[-73.541499,-43.186663],[-73.537532,-43.183299],[-73.539458,-43.178735],[-73.545351,-43.177534],[-73.549319,-43.180897]]]},"properties":{"comuna":"Quellón","mancha_id":"10208-88ce1268e3fffff","clase":"Alto","nivel_medio":2.722,"nivel_medio_min":2.722,"nivel_medio_max":2.722,"pct_alto":56.2,"n_hexagonos":1,"area_ha":66.63}},{"type":"Feature","geometry":{"type":"Polygon","coordinates":[[[-73.535491,-43.175372],[-73.529598,-43.176573],[-73.526768,-43.174172],[-73.52682,-43.17412],[-73.5269,-43.17402],[-73.527025,-43.17397],[-73.52714,-43.17393],[-73.52733,-43.17386],[-73.52752,-43.17378],[-73.52771,-43.17369],[-73.5281,-43.17353],[-73.52829,-43.17344],[-73.52887,-43.1732],[-73.52903,-43.17311],[-73.52927,-43.173],[-73.52954,-43.17291],[-73.52974,-43.17283],[-73.52993,-43.17278],[-73.53012,-43.17271],[-73.5305,-43.1726],[-73.53069,-43.17255],[-73.53089,-43.1725],[-73.531055,-43.17247],[-73.53127,-43.17241],[-73.53146,-43.17234],[-73.53165,-43.1723],[-73.53184,-43.17228],[-73.53204,-43.17223],[-73.53223,-43.17221],[-73.53242,-43.17218],[-73.53261,-43.17217],[-73.53318,-43.17211],[-73.53337,-43.17211],[-73.53356,-43.17209],[-73.53413,-43.17206],[-73.53433,-43.17204],[-73.53452,-43.17203],[-73.53471,-43.17201],[-73.5349,-43.17202],[-73.53509,-43.17199],[-73.53547,-43.172],[-73.53566,-43.17198],[-73.53604,-43.17198],[-73.53623,-43.17196],[-73.53661,-43.17197],[-73.5368,-43.17194],[-73.536942,-43.171933],[-73.535491,-43.175372]]]},"properties":{"comuna":"Quellón","mancha_id":"10208-88ce1268adfffff","clase":"Alto","nivel_medio":2.533,"nivel_medio_min":2.533,"nivel_medio_max":2.533,"pct_alto":33.6,"n_hexagonos":1,"area_ha":26.73}}],"bbox":[-74.83793,-43.68072,-73.43479,-42.81988]}