{"type":"FeatureCollection","features":[{"type":"Feature","geometry":{"type":"Polygon","coordinates":[[[-73.941315,-42.094124],[-73.939454,-42.09869],[-73.933662,-42.099942],[-73.929734,-42.096628],[-73.931596,-42.092063],[-73.937386,-42.090811],[-73.941315,-42.094124]]]},"properties":{"comuna":"Ancud","mancha_id":"10202-88ceac6eb9fffff","clase":"Muy Bajo","nivel_medio":0.219,"nivel_medio_min":0.219,"nivel_medio_max":0.219,"pct_alto":0.5,"n_hexagonos":1,"area_ha":66.45}},{"type":"Feature","geometry":{"type":"Polygon","coordinates":[[[-73.763284,-41.949673],[-73.765152,-41.945117],[-73.76627,-41.944876],[-73.76631,-41.9449],[-73.76639,-41.94494],[-73.76638,-41.94522],[-73.76628,-41.94595],[-73.76632,-41.9463],[-73.76644,-41.94663],[-73.76678,-41.94705],[-73.76719,-41.94727],[-73.76794,-41.94773],[-73.76886,-41.9483],[-73.76922,-41.94844],[-73.7698,-41.94852],[-73.76995,-41.94854],[-73.77039,-41.9485],[-73.77079,-41.9486],[-73.77151,-41.94867],[-73.77162,-41.94869],[-73.77193,-41.94902],[-73.77206,-41.94987],[-73.77232,-41.9502],[-73.77269,-41.95053],[-73.77294,-41.95067],[-73.77321,-41.95076],[-73.773345,-41.950779],[-73.772953,-41.951736],[-73.776855,-41.955046],[-73.774987,-41.959602],[-73.769218,-41.960848],[-73.765317,-41.957538],[-73.759548,-41.958784],[-73.755648,-41.955474],[-73.757516,-41.950919],[-73.763284,-41.949673]]]},"properties":{"comuna":"Ancud","mancha_id":"10202-88cea8d0b1fffff","clase":"Muy Bajo","nivel_medio":0.076,"nivel_medio_min":0.0,"nivel_medio_max":0.14,"pct_alto":0.0,"n_hexagonos":3,"area_ha":169.44}},{"type":"Feature","geometry":{"type":"Polygon","coordinates":[[[-73.765972,-41.879011],[-73.766193,-41.87847],[-73.768566,-41.877956],[-73.76856,-41.87821],[-73.7684,-41.87847],[-73.76807,-41.87863],[-73.76749,-41.87874],[-73.76633,-41.87892],[-73.765972,-41.879011]]]},"properties":{"comuna":"Ancud","mancha_id":"10202-88cea8c2e5fffff","clase":"Muy Bajo","nivel_medio":0.088,"nivel_medio_min":0.088,"nivel_medio_max":0.088,"pct_alto":0.0,"n_hexagonos":1,"area_ha":1.17}},{"type":"Feature","geometry":{"type":"Polygon","coordinates":[[[-73.770255,-41.894194],[-73.768389,-41.898749],[-73.767484,-41.898945],[-73.76749,-41.89893],[-73.76782,-41.89842],[-73.7688,-41.896395],[-73.76884,-41.89513],[-73.76909,-41.89446],[-73.76942,-41.89396],[-73.769705,-41.893728],[-73.770255,-41.894194]]]},"properties":{"comuna":"Ancud","mancha_id":"10202-88cea8c23bfffff","clase":"Muy Bajo","nivel_medio":0.383,"nivel_medio_min":0.383,"nivel_medio_max":0.383,"pct_alto":0.0,"n_hexagonos":1,"area_ha":3.52}},{"type":"Feature","geometry":{"type":"Polygon","coordinates":[[[-73.707838,-41.828879],[-73.703952,-41.825573],[-73.704236,-41.824883],[-73.70438,-41.82504],[-73.7059,-41.82644],[-73.7069,-41.82758],[-73.708115,-41.828819],[-73.707838,-41.828879]]]},"properties":{"comuna":"Ancud","mancha_id":"10202-88cea8c1c5fffff","clase":"Muy Bajo","nivel_medio":0.432,"nivel_medio_min":0.432,"nivel_medio_max":0.432,"pct_alto":3.0,"n_hexagonos":1,"area_ha":2.43}},{"type":"Feature","geometry":{"type":"Polygon","coordinates":[[[-74.043856,-41.847053],[-74.044128,-41.846994],[-74.04408,-41.84709],[-74.04386,-41.84715],[-74.04383,-41.847093],[-74.043856,-41.847053]]]},"properties":{"comuna":"Ancud","mancha_id":"10202-88cea889c9fffff","clase":"Muy Bajo","nivel_medio":0.425,"nivel_medio_min":0.425,"nivel_medio_max":0.425,"pct_alto":0.0,"n_hexagonos":1,"area_ha":0.02}},{"type":"Feature","geometry":{"type":"Polygon","coordinates":[[[-74.043107,-41.847521],[-74.04316,-41.8475],[-74.04332,-41.84752],[-74.04338,-41.84759],[-74.0434,-41.84765],[-74.04321,-41.84774],[-74.04315,-41.84773],[-74.0431,-41.84767],[-74.04309,-41.84758],[-74.043107,-41.847521]]]},"properties":{"comuna":"Ancud","mancha_id":"10202-88cea889c9fffff-2","clase":"Muy Bajo","nivel_medio":0.425,"nivel_medio_min":0.425,"nivel_medio_max":0.425,"pct_alto":0.0,"n_hexagonos":1,"area_ha":0.05}},{"type":"Feature","geometry":{"type":"Polygon","coordinates":[[[-74.04204,-41.8484],[-74.04193,-41.84842],[-74.0418,-41.84833],[-74.041334,-41.847815],[-74.041427,-41.847586],[-74.04257,-41.847335],[-74.042565,-41.84741],[-74.04242,-41.84784],[-74.0424,-41.84805],[-74.04224,-41.8483],[-74.04204,-41.8484]]]},"properties":{"comuna":"Ancud","mancha_id":"10202-88cea889c9fffff-3","clase":"Muy Bajo","nivel_medio":0.425,"nivel_medio_min":0.425,"nivel_medio_max":0.425,"pct_alto":0.0,"n_hexagonos":1,"area_ha":0.75}},{"type":"Feature","geometry":{"type":"Polygon","coordinates":[[[-74.04264,-41.84814],[-74.04274,-41.8481],[-74.04285,-41.84813],[-74.04288,-41.84818],[-74.04282,-41.848275],[-74.04271,-41.84827],[-74.04266,-41.84823],[-74.04264,-41.84814]]]},"properties":{"comuna":"Ancud","mancha_id":"10202-88cea889c9fffff-4","clase":"Muy Bajo","nivel_medio":0.425,"nivel_medio_min":0.425,"nivel_medio_max":0.425,"pct_alto":0.0,"n_hexagonos":1,"area_ha":0.03}},{"type":"Feature","geometry":{"type":"Polygon","coordinates":[[[-74.04345,-41.84843],[-74.04353,-41.84843],[-74.04361,-41.84849],[-74.04358,-41.84855],[-74.043485,-41.848595],[-74.04338,-41.84848],[-74.04345,-41.84843]]]},"properties":{"comuna":"Ancud","mancha_id":"10202-88cea889c9fffff-5","clase":"Muy Bajo","nivel_medio":0.425,"nivel_medio_min":0.425,"nivel_medio_max":0.425,"pct_alto":0.0,"n_hexagonos":1,"area_ha":0.02}},{"type":"Feature","geometry":{"type":"Polygon","coordinates":[[[-74.0431,-41.8484],[-74.0432,-41.84847],[-74.04319,-41.84859],[-74.04307,-41.84872],[-74.043,-41.84875],[-74.042785,-41.84874],[-74.04282,-41.84858],[-74.04297,-41.84845],[-74.0431,-41.8484]]]},"properties":{"comuna":"Ancud","mancha_id":"10202-88cea889c9fffff-6","clase":"Muy Bajo","nivel_medio":0.425,"nivel_medio_min":0.425,"nivel_medio_max":0.425,"pct_alto":0.0,"n_hexagonos":1,"area_ha":0.09}},{"type":"Feature","geometry":{"type":"Polygon","coordinates":[[[-74.04379,-41.84881],[-74.043885,-41.848865],[-74.04384,-41.84892],[-74.04383,-41.84898],[-74.04376,-41.84905],[-74.04365,-41.84905],[-74.04358,-41.84902],[-74.04359,-41.84889],[-74.04379,-41.84881]]]},"properties":{"comuna":"Ancud","mancha_id":"10202-88cea889c9fffff-7","clase":"Muy Bajo","nivel_medio":0.425,"nivel_medio_min":0.425,"nivel_medio_max":0.425,"pct_alto":0.0,"n_hexagonos":1,"area_ha":0.05}},{"type":"Feature","geometry":{"type":"Polygon","coordinates":[[[-74.04236,-41.8491],[-74.04265,-41.84898],[-74.042665,-41.849075],[-74.04261,-41.84917],[-74.04246,-41.8492],[-74.04236,-41.8491]]]},"properties":{"comuna":"Ancud","mancha_id":"10202-88cea889c9fffff-8","clase":"Muy Bajo","nivel_medio":0.425,"nivel_medio_min":0.425,"nivel_medio_max":0.425,"pct_alto":0.0,"n_hexagonos":1,"area_ha":0.03}},{"type":"Feature","geometry":{"type":"Polygon","coordinates":[[[-74.04241,-41.84948],[-74.04255,-41.84946],[-74.042635,-41.849505],[-74.04258,-41.84959],[-74.04249,-41.8496],[-74.04235,-41.84957],[-74.04235,-41.84951],[-74.04241,-41.84948]]]},"properties":{"comuna":"Ancud","mancha_id":"10202-88cea889c9fffff-9","clase":"Muy Bajo","nivel_medio":0.425,"nivel_medio_min":0.425,"nivel_medio_max":0.425,"pct_alto":0.0,"n_hexagonos":1,"area_ha":0.03}},{"type":"Feature","geometry":{"type":"Polygon","coordinates":[[[-73.576701,-42.172307],[-73.574813,-42.176858],[-73.569029,-42.178088],[-73.565133,-42.174765],[-73.567021,-42.170215],[-73.572805,-42.168985],[-73.576701,-42.172307]]]},"properties":{"comuna":"Ancud","mancha_id":"10202-88ceaeb4b9fffff","clase":"Bajo","nivel_medio":1.308,"nivel_medio_min":1.308,"nivel_medio_max":1.308,"pct_alto":1.5,"n_hexagonos":1,"area_ha":66.09}},{"type":"Feature","geometry":{"type":"Polygon","coordinates":[[[-73.561356,-42.183867],[-73.559467,-42.188418],[-73.553682,-42.189646],[-73.549787,-42.186323],[-73.551676,-42.181773],[-73.55746,-42.180545],[-73.561356,-42.183867]]]},"properties":{"comuna":"Ancud","mancha_id":"10202-88ceaeb485fffff","clase":"Bajo","nivel_medio":1.48,"nivel_medio_min":1.48,"nivel_medio_max":1.48,"pct_alto":5.0,"n_hexagonos":1,"area_ha":66.08}},{"type":"Feature","geometry":{"type":"Polygon","coordinates":[[[-73.545799,-42.208342],[-73.545661,-42.207946],[-73.54539,-42.20717],[-73.54494,-42.2064],[-73.54463,-42.20563],[-73.54439,-42.20385],[-73.54392,-42.20257],[-73.54333,-42.20053],[-73.543185,-42.200172],[-73.54271,-42.199],[-73.54179,-42.19795],[-73.54124,-42.19756],[-73.54064,-42.19723],[-73.54032,-42.19691],[-73.54016,-42.19665],[-73.53985,-42.19589],[-73.53972,-42.19538],[-73.53968,-42.1951],[-73.53972,-42.19459],[-73.53995,-42.19427],[-73.54025,-42.19398],[-73.5409,-42.19358],[-73.54282,-42.192705],[-73.546007,-42.195424],[-73.551792,-42.194197],[-73.555688,-42.19752],[-73.553798,-42.202071],[-73.557695,-42.205394],[-73.55907,-42.205102],[-73.559005,-42.205266],[-73.558694,-42.205741],[-73.558224,-42.206347],[-73.557527,-42.206847],[-73.55691,-42.207284],[-73.556896,-42.207294],[-73.556436,-42.207833],[-73.556248,-42.208468],[-73.556147,-42.208609],[-73.55599,-42.208692],[-73.555529,-42.208819],[-73.555174,-42.209082],[-73.554819,-42.209161],[-73.554477,-42.209319],[-73.553991,-42.209595],[-73.553399,-42.209779],[-73.552295,-42.209923],[-73.551401,-42.209989],[-73.550941,-42.209818],[-73.550559,-42.209871],[-73.549879,-42.21008],[-73.548994,-42.2103],[-73.548582,-42.210402],[-73.547812,-42.210383],[-73.547246,-42.210186],[-73.546707,-42.209687],[-73.54651,-42.209266],[-73.546418,-42.209095],[-73.546247,-42.208911],[-73.546221,-42.208727],[-73.546089,-42.208477],[-73.545799,-42.208342]]]},"properties":{"comuna":"Ancud","mancha_id":"10202-88ceaeb413fffff","clase":"Bajo","nivel_medio":1.4,"nivel_medio_min":1.115,"nivel_medio_max":1.458,"pct_alto":4.2,"n_hexagonos":6,"area_ha":172.31}},{"type":"Feature","geometry":{"type":"Polygon","coordinates":[[[-73.530661,-41.991359],[-73.528777,-41.995905],[-73.523945,-41.996937],[-73.52395,-41.99636],[-73.52434,-41.99538],[-73.5245,-41.99479],[-73.52457,-41.99452],[-73.52496,-41.9938],[-73.52496,-41.99293],[-73.525056,-41.992691],[-73.52534,-41.99198],[-73.52527,-41.99164],[-73.52479,-41.99077],[-73.52472,-41.99054],[-73.5247,-41.99009],[-73.5251,-41.98957],[-73.52521,-41.98932],[-73.52513,-41.989],[-73.52461,-41.98867],[-73.524359,-41.988562],[-73.526783,-41.988044],[-73.530661,-41.991359]]]},"properties":{"comuna":"Ancud","mancha_id":"10202-88ceaea5b7fffff","clase":"Bajo","nivel_medio":1.458,"nivel_medio_min":1.458,"nivel_medio_max":1.458,"pct_alto":0.4,"n_hexagonos":1,"area_ha":34.05}},{"type":"Feature","geometry":{"type":"Polygon","coordinates":[[[-73.507717,-42.008689],[-73.513481,-42.007459],[-73.515151,-42.003433],[-73.51579,-42.00337],[-73.51717,-42.00333],[-73.51766,-42.00326],[-73.51815,-42.00312],[-73.51919,-42.00267],[-73.52001,-42.00246],[-73.52031,-42.00248],[-73.52072,-42.00258],[-73.52204,-42.00304],[-73.52235,-42.0031],[-73.522753,-42.003071],[-73.525008,-42.004998],[-73.523123,-42.009545],[-73.517359,-42.010775],[-73.516784,-42.01216],[-73.506093,-42.012605],[-73.507717,-42.008689]]]},"properties":{"comuna":"Ancud","mancha_id":"10202-88ceaea5abfffff","clase":"Bajo","nivel_medio":1.474,"nivel_medio_min":1.461,"nivel_medio_max":1.495,"pct_alto":2.9,"n_hexagonos":2,"area_ha":97.95}},{"type":"Feature","geometry":{"type":"Polygon","coordinates":[[[-73.712094,-42.251492],[-73.713021,-42.251295],[-73.713827,-42.251979],[-73.712094,-42.251492]]]},"properties":{"comuna":"Ancud","mancha_id":"10202-88ceac78bdfffff","clase":"Bajo","nivel_medio":1.001,"nivel_medio_min":1.001,"nivel_medio_max":1.001,"pct_alto":0.0,"n_hexagonos":1,"area_ha":0.36}},{"type":"Feature","geometry":{"type":"Polygon","coordinates":[[[-73.72226,-42.25432],[-73.72055,-42.253848],[-73.72141,-42.253665],[-73.721623,-42.253765],[-73.721912,-42.253995],[-73.72226,-42.25432]]]},"properties":{"comuna":"Ancud","mancha_id":"10202-88ceac78b9fffff","clase":"Bajo","nivel_medio":1.293,"nivel_medio_min":1.293,"nivel_medio_max":1.293,"pct_alto":0.0,"n_hexagonos":1,"area_ha":0.36}},{"type":"Feature","geometry":{"type":"Polygon","coordinates":[[[-73.839147,-42.124487],[-73.837278,-42.129048],[-73.841199,-42.132364],[-73.83933,-42.136926],[-73.833539,-42.138171],[-73.829618,-42.134855],[-73.823827,-42.1361],[-73.819907,-42.132783],[-73.821778,-42.128222],[-73.827567,-42.126977],[-73.829437,-42.122416],[-73.835226,-42.121171],[-73.839147,-42.124487]]]},"properties":{"comuna":"Ancud","mancha_id":"10202-88ceac6f11fffff","clase":"Bajo","nivel_medio":1.37,"nivel_medio_min":1.162,"nivel_medio_max":1.49,"pct_alto":0.0,"n_hexagonos":3,"area_ha":199.06}},{"type":"Feature","geometry":{"type":"Polygon","coordinates":[[[-73.816166,-42.141905],[-73.814294,-42.146466],[-73.808503,-42.14771],[-73.804584,-42.144393],[-73.806456,-42.139832],[-73.812246,-42.138588],[-73.816166,-42.141905]]]},"properties":{"comuna":"Ancud","mancha_id":"10202-88ceac6f09fffff","clase":"Bajo","nivel_medio":1.371,"nivel_medio_min":1.371,"nivel_medio_max":1.371,"pct_alto":3.5,"n_hexagonos":1,"area_ha":66.34}},{"type":"Feature","geometry":{"type":"Polygon","coordinates":[[[-73.933662,-42.099942],[-73.9318,-42.104507],[-73.926008,-42.105758],[-73.92208,-42.102445],[-73.923943,-42.09788],[-73.929734,-42.096628],[-73.933662,-42.099942]]]},"properties":{"comuna":"Ancud","mancha_id":"10202-88ceac6e87fffff","clase":"Bajo","nivel_medio":1.128,"nivel_medio_min":1.128,"nivel_medio_max":1.128,"pct_alto":10.9,"n_hexagonos":1,"area_ha":66.45}},{"type":"Feature","geometry":{"type":"Polygon","coordinates":[[[-73.826308,-42.03993],[-73.824441,-42.04449],[-73.818661,-42.045737],[-73.814748,-42.042424],[-73.816615,-42.037865],[-73.822395,-42.036618],[-73.826308,-42.03993]]]},"properties":{"comuna":"Ancud","mancha_id":"10202-88ceac6de7fffff","clase":"Bajo","nivel_medio":1.426,"nivel_medio_min":1.426,"nivel_medio_max":1.426,"pct_alto":3.1,"n_hexagonos":1,"area_ha":66.29}},{"type":"Feature","geometry":{"type":"Polygon","coordinates":[[[-73.859502,-42.061872],[-73.857636,-42.066433],[-73.851852,-42.067681],[-73.847934,-42.064368],[-73.8498,-42.059807],[-73.855584,-42.058559],[-73.859502,-42.061872]]]},"properties":{"comuna":"Ancud","mancha_id":"10202-88ceac6dcbfffff","clase":"Bajo","nivel_medio":1.475,"nivel_medio_min":1.475,"nivel_medio_max":1.475,"pct_alto":14.8,"n_hexagonos":1,"area_ha":66.34}},{"type":"Feature","geometry":{"type":"Polygon","coordinates":[[[-73.856889,-42.016696],[-73.855025,-42.021257],[-73.849245,-42.022506],[-73.845331,-42.019194],[-73.847196,-42.014634],[-73.852974,-42.013385],[-73.856889,-42.016696]]]},"properties":{"comuna":"Ancud","mancha_id":"10202-88ceac6db1fffff","clase":"Bajo","nivel_medio":1.498,"nivel_medio_min":1.498,"nivel_medio_max":1.498,"pct_alto":4.7,"n_hexagonos":1,"area_ha":66.31}},{"type":"Feature","geometry":{"type":"Polygon","coordinates":[[[-73.799971,-42.091332],[-73.803885,-42.094647],[-73.809671,-42.093402],[-73.813587,-42.096717],[-73.811717,-42.101278],[-73.80593,-42.102522],[-73.802015,-42.099207],[-73.796229,-42.100451],[-73.792315,-42.097135],[-73.794186,-42.092576],[-73.799971,-42.091332]]]},"properties":{"comuna":"Ancud","mancha_id":"10202-88ceac6d43fffff","clase":"Bajo","nivel_medio":1.373,"nivel_medio_min":1.321,"nivel_medio_max":1.425,"pct_alto":0.9,"n_hexagonos":2,"area_ha":132.61}},{"type":"Feature","geometry":{"type":"Polygon","coordinates":[[[-73.815102,-42.067289],[-73.813233,-42.071849],[-73.80745,-42.073094],[-73.803537,-42.06978],[-73.805406,-42.065221],[-73.811188,-42.063975],[-73.815102,-42.067289]]]},"properties":{"comuna":"Ancud","mancha_id":"10202-88ceac6d15fffff","clase":"Bajo","nivel_medio":1.405,"nivel_medio_min":1.405,"nivel_medio_max":1.405,"pct_alto":1.1,"n_hexagonos":1,"area_ha":66.29}},{"type":"Feature","geometry":{"type":"Polygon","coordinates":[[[-73.89215,-42.046499],[-73.890287,-42.051062],[-73.884503,-42.052312],[-73.880583,-42.049],[-73.882446,-42.044438],[-73.888229,-42.043187],[-73.89215,-42.046499]]]},"properties":{"comuna":"Ancud","mancha_id":"10202-88ceac6cadfffff","clase":"Bajo","nivel_medio":1.378,"nivel_medio_min":1.378,"nivel_medio_max":1.378,"pct_alto":0.3,"n_hexagonos":1,"area_ha":66.37}},{"type":"Feature","geometry":{"type":"Polygon","coordinates":[[[-73.879487,-42.103316],[-73.877621,-42.107879],[-73.871832,-42.109127],[-73.867909,-42.105813],[-73.869775,-42.10125],[-73.875564,-42.100002],[-73.879487,-42.103316]]]},"properties":{"comuna":"Ancud","mancha_id":"10202-88ceac6c55fffff","clase":"Bajo","nivel_medio":1.382,"nivel_medio_min":1.382,"nivel_medio_max":1.382,"pct_alto":8.4,"n_hexagonos":1,"area_ha":66.39}},{"type":"Feature","geometry":{"type":"Polygon","coordinates":[[[-73.896856,-42.099569],[-73.894991,-42.104132],[-73.889201,-42.105382],[-73.885276,-42.102067],[-73.887142,-42.097504],[-73.892931,-42.096255],[-73.896856,-42.099569]]]},"properties":{"comuna":"Ancud","mancha_id":"10202-88ceac6c53fffff","clase":"Bajo","nivel_medio":1.222,"nivel_medio_min":1.222,"nivel_medio_max":1.222,"pct_alto":8.4,"n_hexagonos":1,"area_ha":66.4}},{"type":"Feature","geometry":{"type":"Polygon","coordinates":[[[-73.864175,-42.114938],[-73.862308,-42.1195],[-73.866231,-42.122816],[-73.864364,-42.127378],[-73.858572,-42.128625],[-73.854649,-42.12531],[-73.848859,-42.126556],[-73.844937,-42.123241],[-73.846806,-42.118679],[-73.842885,-42.115363],[-73.837095,-42.116609],[-73.833176,-42.113294],[-73.835045,-42.108733],[-73.840833,-42.107486],[-73.842701,-42.102925],[-73.848489,-42.101678],[-73.852409,-42.104993],[-73.858198,-42.103746],[-73.862119,-42.10706],[-73.860252,-42.111623],[-73.864175,-42.114938]]]},"properties":{"comuna":"Ancud","mancha_id":"10202-88ceac6c41fffff","clase":"Bajo","nivel_medio":1.387,"nivel_medio_min":1.243,"nivel_medio_max":1.486,"pct_alto":3.0,"n_hexagonos":7,"area_ha":464.57}},{"type":"Feature","geometry":{"type":"Polygon","coordinates":[[[-73.834681,-42.083859],[-73.836549,-42.079298],[-73.832632,-42.075984],[-73.826847,-42.077231],[-73.822932,-42.073917],[-73.8248,-42.069357],[-73.830583,-42.06811],[-73.834499,-42.071424],[-73.840283,-42.070177],[-73.844201,-42.07349],[-73.849986,-42.072243],[-73.853904,-42.075556],[-73.859689,-42.074308],[-73.863609,-42.077622],[-73.861743,-42.082183],[-73.855957,-42.083431],[-73.85409,-42.087993],[-73.848304,-42.089241],[-73.844385,-42.085926],[-73.838599,-42.087173],[-73.836731,-42.091734],[-73.830945,-42.092981],[-73.827027,-42.089666],[-73.828896,-42.085105],[-73.834681,-42.083859]]]},"properties":{"comuna":"Ancud","mancha_id":"10202-88ceac6c21fffff","clase":"Bajo","nivel_medio":1.296,"nivel_medio_min":1.134,"nivel_medio_max":1.415,"pct_alto":0.8,"n_hexagonos":7,"area_ha":464.36}},{"type":"Feature","geometry":{"type":"Polygon","coordinates":[[[-73.628157,-42.173811],[-73.628895,-42.173654],[-73.629162,-42.173881],[-73.629097,-42.173868],[-73.628536,-42.173837],[-73.628157,-42.173811]]]},"properties":{"comuna":"Ancud","mancha_id":"10202-88ceac6b35fffff","clase":"Bajo","nivel_medio":1.0,"nivel_medio_min":1.0,"nivel_medio_max":1.0,"pct_alto":0.0,"n_hexagonos":1,"area_ha":0.09}},{"type":"Feature","geometry":{"type":"Polygon","coordinates":[[[-73.635751,-42.176346],[-73.638585,-42.175742],[-73.63907,-42.176155],[-73.638934,-42.176157],[-73.638028,-42.176332],[-73.637382,-42.176368],[-73.636757,-42.176354],[-73.63576,-42.176347],[-73.635751,-42.176346]]]},"properties":{"comuna":"Ancud","mancha_id":"10202-88ceac6b31fffff","clase":"Bajo","nivel_medio":1.0,"nivel_medio_min":1.0,"nivel_medio_max":1.0,"pct_alto":0.0,"n_hexagonos":1,"area_ha":0.87}},{"type":"Feature","geometry":{"type":"Polygon","coordinates":[[[-73.71851,-42.225181],[-73.71663,-42.229739],[-73.712952,-42.230524],[-73.7131,-42.22981],[-73.7134,-42.22846],[-73.71345,-42.22823],[-73.71379,-42.22664],[-73.71413,-42.22505],[-73.71447,-42.22346],[-73.71476,-42.222],[-73.71851,-42.225181]]]},"properties":{"comuna":"Ancud","mancha_id":"10202-88ceac6a55fffff","clase":"Bajo","nivel_medio":1.411,"nivel_medio_min":1.411,"nivel_medio_max":1.411,"pct_alto":5.6,"n_hexagonos":1,"area_ha":24.22}},{"type":"Feature","geometry":{"type":"Polygon","coordinates":[[[-73.664645,-42.087135],[-73.662766,-42.091688],[-73.656987,-42.092925],[-73.653088,-42.089607],[-73.654968,-42.085054],[-73.660746,-42.083818],[-73.664645,-42.087135]]]},"properties":{"comuna":"Ancud","mancha_id":"10202-88ceac69a3fffff","clase":"Bajo","nivel_medio":1.495,"nivel_medio_min":1.495,"nivel_medio_max":1.495,"pct_alto":4.4,"n_hexagonos":1,"area_ha":66.14}},{"type":"Feature","geometry":{"type":"Polygon","coordinates":[[[-73.759973,-42.137334],[-73.758098,-42.141892],[-73.75231,-42.143133],[-73.748397,-42.139815],[-73.750272,-42.135257],[-73.75606,-42.134016],[-73.759973,-42.137334]]]},"properties":{"comuna":"Ancud","mancha_id":"10202-88ceac68ddfffff","clase":"Bajo","nivel_medio":1.495,"nivel_medio_min":1.495,"nivel_medio_max":1.495,"pct_alto":2.3,"n_hexagonos":1,"area_ha":66.27}},{"type":"Feature","geometry":{"type":"Polygon","coordinates":[[[-73.744646,-42.148931],[-73.74277,-42.153489],[-73.746683,-42.156808],[-73.744807,-42.161366],[-73.739017,-42.162605],[-73.735104,-42.159286],[-73.729315,-42.160525],[-73.725403,-42.157206],[-73.72728,-42.152649],[-73.733069,-42.15141],[-73.734945,-42.146852],[-73.740733,-42.145613],[-73.744646,-42.148931]]]},"properties":{"comuna":"Ancud","mancha_id":"10202-88ceac68c9fffff","clase":"Bajo","nivel_medio":1.268,"nivel_medio_min":1.161,"nivel_medio_max":1.443,"pct_alto":2.0,"n_hexagonos":3,"area_ha":198.79}},{"type":"Feature","geometry":{"type":"Polygon","coordinates":[[[-73.747751,-42.090086],[-73.745877,-42.094643],[-73.740095,-42.095885],[-73.736187,-42.092568],[-73.738061,-42.088012],[-73.743843,-42.08677],[-73.747751,-42.090086]]]},"properties":{"comuna":"Ancud","mancha_id":"10202-88ceac68b7fffff","clase":"Bajo","nivel_medio":1.293,"nivel_medio_min":1.293,"nivel_medio_max":1.293,"pct_alto":0.7,"n_hexagonos":1,"area_ha":66.23}},{"type":"Feature","geometry":{"type":"Polygon","coordinates":[[[-73.780914,-42.112056],[-73.779042,-42.116615],[-73.773255,-42.117858],[-73.769342,-42.114541],[-73.771215,-42.109982],[-73.777001,-42.10874],[-73.780914,-42.112056]]]},"properties":{"comuna":"Ancud","mancha_id":"10202-88ceac689bfffff","clase":"Bajo","nivel_medio":1.342,"nivel_medio_min":1.342,"nivel_medio_max":1.342,"pct_alto":0.0,"n_hexagonos":1,"area_ha":66.28}},{"type":"Feature","geometry":{"type":"Polygon","coordinates":[[[-73.653924,-42.164167],[-73.657829,-42.167487],[-73.656691,-42.170241],[-73.65538,-42.170286],[-73.655105,-42.170318],[-73.654839,-42.170364],[-73.654523,-42.170525],[-73.65427,-42.170736],[-73.65373,-42.171073],[-73.652706,-42.171596],[-73.652346,-42.171817],[-73.651883,-42.172133],[-73.651363,-42.172597],[-73.650935,-42.172927],[-73.650585,-42.173155],[-73.650541,-42.173194],[-73.650159,-42.173276],[-73.646255,-42.169955],[-73.648138,-42.165401],[-73.653924,-42.164167]]]},"properties":{"comuna":"Ancud","mancha_id":"10202-88ceac6865fffff","clase":"Bajo","nivel_medio":1.399,"nivel_medio_min":1.399,"nivel_medio_max":1.399,"pct_alto":0.0,"n_hexagonos":1,"area_ha":59.58}},{"type":"Feature","geometry":{"type":"Polygon","coordinates":[[[-73.71042,-42.1679],[-73.710551,-42.167602],[-73.710569,-42.167582],[-73.710419,-42.167947],[-73.71042,-42.1679]]]},"properties":{"comuna":"Ancud","mancha_id":"10202-88ceac6857fffff","clase":"Bajo","nivel_medio":1.0,"nivel_medio_min":1.0,"nivel_medio_max":1.0,"pct_alto":0.0,"n_hexagonos":1,"area_ha":0.0}},{"type":"Feature","geometry":{"type":"Polygon","coordinates":[[[-73.696311,-42.150962],[-73.700219,-42.154281],[-73.706007,-42.153044],[-73.709916,-42.156363],[-73.708037,-42.16092],[-73.708272,-42.161119],[-73.708173,-42.161178],[-73.707745,-42.161375],[-73.707422,-42.161487],[-73.70722,-42.16151],[-73.707021,-42.161459],[-73.70686,-42.161389],[-73.706769,-42.161249],[-73.706782,-42.161188],[-73.706825,-42.161003],[-73.70691,-42.16066],[-73.706839,-42.160504],[-73.706712,-42.160399],[-73.706537,-42.16035],[-73.70618,-42.1603],[-73.70556,-42.16034],[-73.704402,-42.160771],[-73.704163,-42.160813],[-73.70384,-42.16081],[-73.703595,-42.160813],[-73.703363,-42.160884],[-73.703138,-42.161024],[-73.70257,-42.16146],[-73.702387,-42.161628],[-73.702211,-42.161789],[-73.702015,-42.161881],[-73.701924,-42.161881],[-73.701776,-42.161881],[-73.701474,-42.161874],[-73.701144,-42.161846],[-73.70068,-42.16176],[-73.700343,-42.161663],[-73.70008,-42.16154],[-73.69981,-42.161375],[-73.699571,-42.161157],[-73.699276,-42.160996],[-73.699065,-42.160954],[-73.6988,-42.16098],[-73.698489,-42.161094],[-73.698208,-42.161242],[-73.69776,-42.16153],[-73.697141,-42.161867],[-73.696762,-42.162028],[-73.696081,-42.162204],[-73.695575,-42.162309],[-73.69485,-42.1625],[-73.69355,-42.16302],[-73.692893,-42.163257],[-73.692492,-42.163334],[-73.692226,-42.163299],[-73.691881,-42.163201],[-73.691601,-42.163089],[-73.691336,-42.163024],[-73.692553,-42.160074],[-73.688645,-42.156755],[-73.690525,-42.152199],[-73.696311,-42.150962]]]},"properties":{"comuna":"Ancud","mancha_id":"10202-88ceac6803fffff","clase":"Bajo","nivel_medio":1.253,"nivel_medio_min":1.0,"nivel_medio_max":1.347,"pct_alto":0.3,"n_hexagonos":4,"area_ha":149.83}},{"type":"Feature","geometry":{"type":"Polygon","coordinates":[[[-73.991908,-42.216489],[-73.997714,-42.215237],[-74.00119,-42.218159],[-74.00099,-42.21827],[-74.0,-42.218582],[-73.999569,-42.21874],[-73.999269,-42.218934],[-73.9989,-42.21926],[-73.99821,-42.219962],[-73.997987,-42.220136],[-73.997793,-42.220237],[-73.997538,-42.220313],[-73.997025,-42.220414],[-73.996729,-42.220513],[-73.996448,-42.220716],[-73.996216,-42.220968],[-73.99598,-42.22143],[-73.9957,-42.22186],[-73.995289,-42.222232],[-73.994996,-42.222423],[-73.99467,-42.22253],[-73.993776,-42.222715],[-73.993255,-42.222766],[-73.992897,-42.222884],[-73.992632,-42.223007],[-73.992498,-42.223121],[-73.992303,-42.223288],[-73.991964,-42.223675],[-73.991587,-42.224013],[-73.991209,-42.224291],[-73.990697,-42.224575],[-73.990358,-42.224729],[-73.990058,-42.224778],[-73.989681,-42.224778],[-73.98841,-42.22494],[-73.987942,-42.225067],[-73.98676,-42.22548],[-73.98476,-42.22634],[-73.98344,-42.22722],[-73.983192,-42.227346],[-73.98301,-42.227414],[-73.982882,-42.227462],[-73.982449,-42.227586],[-73.98211,-42.22764],[-73.981001,-42.227624],[-73.980744,-42.227606],[-73.980487,-42.227658],[-73.980237,-42.22783],[-73.980038,-42.228031],[-73.979951,-42.228203],[-73.979841,-42.228353],[-73.979728,-42.228474],[-73.979651,-42.228555],[-73.979556,-42.228621],[-73.979435,-42.228675],[-73.979267,-42.228701],[-73.978958,-42.228723],[-73.978736,-42.228719],[-73.978536,-42.228684],[-73.977948,-42.22852],[-73.97702,-42.22829],[-73.976638,-42.228116],[-73.982376,-42.22688],[-73.984239,-42.22231],[-73.990046,-42.221058],[-73.991908,-42.216489]]]},"properties":{"comuna":"Ancud","mancha_id":"10202-88ceac6625fffff","clase":"Bajo","nivel_medio":1.172,"nivel_medio_min":1.0,"nivel_medio_max":1.296,"pct_alto":1.2,"n_hexagonos":3,"area_ha":77.95}},{"type":"Feature","geometry":{"type":"Polygon","coordinates":[[[-73.974633,-42.116064],[-73.972773,-42.120631],[-73.966978,-42.121884],[-73.965117,-42.126451],[-73.959321,-42.127704],[-73.95746,-42.132271],[-73.951664,-42.133523],[-73.947731,-42.130208],[-73.949593,-42.125642],[-73.945661,-42.122328],[-73.939866,-42.12358],[-73.935935,-42.120266],[-73.937798,-42.1157],[-73.943591,-42.114448],[-73.945453,-42.109882],[-73.951246,-42.10863],[-73.955178,-42.111943],[-73.960971,-42.11069],[-73.964904,-42.114004],[-73.970698,-42.11275],[-73.974633,-42.116064]]]},"properties":{"comuna":"Ancud","mancha_id":"10202-88ceac65adfffff","clase":"Bajo","nivel_medio":1.2,"nivel_medio_min":1.0,"nivel_medio_max":1.346,"pct_alto":2.3,"n_hexagonos":7,"area_ha":465.41}},{"type":"Feature","geometry":{"type":"Polygon","coordinates":[[[-74.03999,-42.18943],[-74.038132,-42.194001],[-74.042079,-42.197317],[-74.040221,-42.201888],[-74.044169,-42.205204],[-74.04231,-42.209776],[-74.036503,-42.211031],[-74.034643,-42.215602],[-74.038592,-42.218918],[-74.036732,-42.22349],[-74.039258,-42.225611],[-74.038686,-42.225796],[-74.038416,-42.225874],[-74.038092,-42.225899],[-74.037768,-42.225857],[-74.03736,-42.22574],[-74.03612,-42.22508],[-74.034356,-42.224554],[-74.034137,-42.224444],[-74.034004,-42.224284],[-74.033952,-42.22409],[-74.033897,-42.223888],[-74.033888,-42.223143],[-74.033807,-42.222477],[-74.033635,-42.221873],[-74.03338,-42.22122],[-74.033015,-42.220427],[-74.0327,-42.21988],[-74.032253,-42.21935],[-74.031575,-42.218827],[-74.03074,-42.21837],[-74.029019,-42.217539],[-74.028635,-42.217348],[-74.02774,-42.2169],[-74.02656,-42.21654],[-74.02502,-42.21633],[-74.02414,-42.21614],[-74.023554,-42.216089],[-74.022761,-42.216109],[-74.02214,-42.21605],[-74.02159,-42.215877],[-74.02131,-42.21576],[-74.01996,-42.21492],[-74.019468,-42.21471],[-74.01914,-42.21457],[-74.018714,-42.214486],[-74.017914,-42.214328],[-74.016878,-42.214251],[-74.01551,-42.21424],[-74.013792,-42.214474],[-74.012959,-42.214529],[-74.012331,-42.214561],[-74.011528,-42.214464],[-74.010764,-42.214454],[-74.01037,-42.21448],[-74.009109,-42.214735],[-74.00849,-42.214787],[-74.009327,-42.212731],[-74.015134,-42.211477],[-74.016995,-42.206907],[-74.022801,-42.205653],[-74.024661,-42.201082],[-74.020715,-42.197766],[-74.022575,-42.193195],[-74.01863,-42.18988],[-74.020489,-42.18531],[-74.026293,-42.184055],[-74.028152,-42.179484],[-74.033956,-42.178229],[-74.037902,-42.181544],[-74.036044,-42.186115],[-74.03999,-42.18943]]]},"properties":{"comuna":"Ancud","mancha_id":"10202-88ceac6451fffff","clase":"Bajo","nivel_medio":1.114,"nivel_medio_min":1.0,"nivel_medio_max":1.479,"pct_alto":1.0,"n_hexagonos":13,"area_ha":674.21}},{"type":"Feature","geometry":{"type":"Polygon","coordinates":[[[-73.770844,-42.226481],[-73.772721,-42.22192],[-73.7688,-42.2186],[-73.763003,-42.219839],[-73.761125,-42.224399],[-73.755328,-42.225637],[-73.75345,-42.230197],[-73.75737,-42.233519],[-73.756062,-42.236693],[-73.756033,-42.236621],[-73.755948,-42.236583],[-73.755783,-42.236567],[-73.755431,-42.236625],[-73.75501,-42.23678],[-73.754772,-42.23699],[-73.754707,-42.237177],[-73.754729,-42.237356],[-73.754843,-42.237951],[-73.754793,-42.238138],[-73.754671,-42.238245],[-73.754534,-42.238283],[-73.75445,-42.238301],[-73.75428,-42.23828],[-73.75353,-42.23769],[-73.753273,-42.237585],[-73.75273,-42.23741],[-73.75224,-42.2372],[-73.751975,-42.237184],[-73.75161,-42.2373],[-73.75097,-42.237611],[-73.75055,-42.23787],[-73.75,-42.238196],[-73.74976,-42.238338],[-73.749525,-42.238438],[-73.749323,-42.238489],[-73.749101,-42.238542],[-73.748921,-42.238585],[-73.748856,-42.238607],[-73.745773,-42.235995],[-73.739975,-42.237232],[-73.738096,-42.241791],[-73.739301,-42.242813],[-73.7393,-42.24286],[-73.739292,-42.243033],[-73.739244,-42.243206],[-73.739162,-42.243362],[-73.739095,-42.24351],[-73.739035,-42.243659],[-73.738988,-42.243826],[-73.738993,-42.243999],[-73.739077,-42.244238],[-73.739214,-42.24462],[-73.739306,-42.244956],[-73.739363,-42.245199],[-73.739411,-42.245467],[-73.739363,-42.245638],[-73.73916,-42.24587],[-73.738897,-42.246046],[-73.738624,-42.246168],[-73.73828,-42.246226],[-73.737986,-42.246217],[-73.737782,-42.246189],[-73.737395,-42.246099],[-73.736941,-42.24595],[-73.736679,-42.245879],[-73.736488,-42.245802],[-73.736115,-42.245609],[-73.73585,-42.245465],[-73.735642,-42.245422],[-73.735462,-42.24548],[-73.735355,-42.245616],[-73.735161,-42.245867],[-73.73502,-42.24597],[-73.73478,-42.24598],[-73.734299,-42.245837],[-73.733982,-42.245765],[-73.73349,-42.24573],[-73.732759,-42.245718],[-73.73236,-42.245765],[-73.73205,-42.24584],[-73.731698,-42.246003],[-73.73149,-42.24613],[-73.731383,-42.246276],[-73.731322,-42.246398],[-73.73128,-42.24663],[-73.73121,-42.24702],[-73.731125,-42.247298],[-73.731077,-42.247394],[-73.730994,-42.2475],[-73.730917,-42.247589],[-73.730825,-42.247668],[-73.730761,-42.247712],[-73.730684,-42.247738],[-73.730605,-42.247747],[-73.730417,-42.247587],[-73.732297,-42.243028],[-73.728379,-42.239706],[-73.730259,-42.235147],[-73.736057,-42.23391],[-73.737936,-42.229351],[-73.743733,-42.228114],[-73.745612,-42.223554],[-73.741694,-42.220233],[-73.735898,-42.221471],[-73.731981,-42.218149],[-73.73386,-42.21359],[-73.739655,-42.212353],[-73.741534,-42.207794],[-73.747329,-42.206556],[-73.749206,-42.201997],[-73.74529,-42.198676],[-73.747167,-42.194117],[-73.743251,-42.190797],[-73.737458,-42.192036],[-73.733543,-42.188716],[-73.727751,-42.189953],[-73.723837,-42.186633],[-73.725716,-42.182075],[-73.721803,-42.178756],[-73.723681,-42.174198],[-73.729472,-42.17296],[-73.73135,-42.168402],[-73.73714,-42.167163],[-73.741053,-42.170483],[-73.746844,-42.169243],[-73.750759,-42.172562],[-73.75655,-42.171323],[-73.758426,-42.166764],[-73.754511,-42.163445],[-73.756387,-42.158886],[-73.752473,-42.155568],[-73.754348,-42.151009],[-73.760137,-42.149769],[-73.762012,-42.14521],[-73.767801,-42.143969],[-73.769675,-42.13941],[-73.775464,-42.138168],[-73.77938,-42.141486],[-73.777506,-42.146045],[-73.781422,-42.149363],[-73.779549,-42.153923],[-73.783466,-42.157241],[-73.781592,-42.1618],[-73.7758,-42.163042],[-73.773926,-42.167601],[-73.777843,-42.17092],[-73.775968,-42.17548],[-73.770176,-42.176721],[-73.7683,-42.18128],[-73.772218,-42.1846],[-73.770343,-42.189159],[-73.774261,-42.192479],[-73.780056,-42.191238],[-73.781931,-42.186678],[-73.787725,-42.185437],[-73.791645,-42.188756],[-73.789771,-42.193317],[-73.783976,-42.194558],[-73.782101,-42.199118],[-73.786021,-42.202438],[-73.784146,-42.206999],[-73.788067,-42.210319],[-73.786838,-42.213309],[-73.78671,-42.21331],[-73.7865,-42.213379],[-73.786299,-42.213508],[-73.78619,-42.21365],[-73.786113,-42.213922],[-73.786084,-42.214246],[-73.786134,-42.21454],[-73.786209,-42.214837],[-73.786192,-42.21488],[-73.780394,-42.21612],[-73.779596,-42.218061],[-73.77928,-42.21775],[-73.77905,-42.217659],[-73.778699,-42.217665],[-73.778376,-42.217789],[-73.778184,-42.21798],[-73.778041,-42.218247],[-73.777878,-42.218629],[-73.77781,-42.21895],[-73.77781,-42.219638],[-73.777939,-42.220441],[-73.778064,-42.220778],[-73.778088,-42.220843],[-73.778283,-42.221187],[-73.778813,-42.221811],[-73.779423,-42.222456],[-73.779667,-42.222844],[-73.779767,-42.223152],[-73.77971,-42.22341],[-73.77964,-42.22368],[-73.77938,-42.223962],[-73.77912,-42.22417],[-73.778735,-42.224256],[-73.77833,-42.22427],[-73.777916,-42.224202],[-73.777666,-42.224091],[-73.777257,-42.223976],[-73.776962,-42.223944],[-73.776634,-42.223991],[-73.776368,-42.224134],[-73.776096,-42.224435],[-73.775565,-42.225073],[-73.775178,-42.22554],[-73.77462,-42.22608],[-73.774176,-42.226406],[-73.77373,-42.226773],[-73.773164,-42.227331],[-73.772573,-42.227866],[-73.772522,-42.227902],[-73.770844,-42.226481]]]},"properties":{"comuna":"Ancud","mancha_id":"10202-88ceac6103fffff","clase":"Bajo","nivel_medio":1.194,"nivel_medio_min":0.714,"nivel_medio_max":1.492,"pct_alto":1.4,"n_hexagonos":47,"area_ha":3026.58}},{"type":"Feature","geometry":{"type":"Polygon","coordinates":[[[-73.911897,-42.192067],[-73.91003,-42.196633],[-73.913964,-42.19995],[-73.912097,-42.204516],[-73.916032,-42.207835],[-73.914165,-42.212401],[-73.918101,-42.215719],[-73.923904,-42.214471],[-73.927841,-42.217789],[-73.925974,-42.222356],[-73.929912,-42.225675],[-73.935717,-42.224426],[-73.939656,-42.227744],[-73.945461,-42.226495],[-73.949401,-42.229814],[-73.955207,-42.228564],[-73.959148,-42.231882],[-73.964955,-42.230632],[-73.966819,-42.226064],[-73.972626,-42.224813],[-73.976449,-42.22803],[-73.975785,-42.227791],[-73.975487,-42.227689],[-73.975103,-42.227634],[-73.974742,-42.227658],[-73.97431,-42.2277],[-73.97361,-42.22791],[-73.973176,-42.22798],[-73.972859,-42.228042],[-73.9726,-42.22811],[-73.972286,-42.228243],[-73.97188,-42.22851],[-73.971016,-42.229219],[-73.970854,-42.229381],[-73.970727,-42.229555],[-73.970614,-42.229668],[-73.970428,-42.229799],[-73.96919,-42.23037],[-73.96721,-42.23149],[-73.967025,-42.231589],[-73.9669,-42.23172],[-73.966839,-42.231905],[-73.966731,-42.232127],[-73.96672,-42.23215],[-73.966127,-42.233149],[-73.96502,-42.23492],[-73.963944,-42.236259],[-73.963862,-42.236415],[-73.963844,-42.236639],[-73.963804,-42.23693],[-73.96364,-42.2376],[-73.963602,-42.237781],[-73.963553,-42.237916],[-73.963503,-42.237975],[-73.963445,-42.238011],[-73.963353,-42.23803],[-73.963127,-42.238099],[-73.962885,-42.238193],[-73.962738,-42.238323],[-73.96266,-42.23843],[-73.96264,-42.238561],[-73.96264,-42.238743],[-73.962639,-42.239],[-73.962588,-42.23913],[-73.96253,-42.23923],[-73.962345,-42.239402],[-73.962126,-42.239575],[-73.961843,-42.2398],[-73.961637,-42.239956],[-73.961481,-42.240163],[-73.96122,-42.24058],[-73.961034,-42.241406],[-73.960593,-42.241318],[-73.950796,-42.239366],[-73.941,-42.237414],[-73.931206,-42.235463],[-73.921413,-42.233512],[-73.911622,-42.231561],[-73.901832,-42.22961],[-73.892043,-42.22766],[-73.882256,-42.22571],[-73.87247,-42.22376],[-73.870941,-42.223456],[-73.87112,-42.22301],[-73.87108,-42.22259],[-73.870933,-42.222379],[-73.87072,-42.2222],[-73.86747,-42.22073],[-73.866759,-42.220429],[-73.865981,-42.219993],[-73.865426,-42.219569],[-73.865189,-42.219341],[-73.86495,-42.219001],[-73.864853,-42.21883],[-73.869618,-42.217808],[-73.871488,-42.213243],[-73.867558,-42.209924],[-73.869428,-42.20536],[-73.865498,-42.202041],[-73.867368,-42.197477],[-73.863439,-42.194159],[-73.865309,-42.189595],[-73.871107,-42.188349],[-73.872976,-42.183785],[-73.878774,-42.182539],[-73.880642,-42.177975],[-73.88644,-42.176728],[-73.888307,-42.172163],[-73.894105,-42.170916],[-73.895972,-42.166351],[-73.892042,-42.163034],[-73.893909,-42.15847],[-73.899705,-42.157222],[-73.903635,-42.160538],[-73.901769,-42.165103],[-73.905699,-42.168419],[-73.903833,-42.172985],[-73.907765,-42.176301],[-73.905898,-42.180867],[-73.909831,-42.184184],[-73.907964,-42.18875],[-73.911897,-42.192067]]]},"properties":{"comuna":"Ancud","mancha_id":"10202-88ceac6081fffff","clase":"Bajo","nivel_medio":1.09,"nivel_medio_min":1.0,"nivel_medio_max":1.481,"pct_alto":0.7,"n_hexagonos":49,"area_ha":2777.71}},{"type":"Feature","geometry":{"type":"Polygon","coordinates":[[[-73.530324,-41.954133],[-73.526455,-41.950826],[-73.526539,-41.950623],[-73.52698,-41.95078],[-73.52781,-41.95093],[-73.52848,-41.951],[-73.52879,-41.9511],[-73.52913,-41.95129],[-73.5295,-41.95165],[-73.53009,-41.9525],[-73.53038,-41.95318],[-73.53046,-41.95364],[-73.530324,-41.954133]]]},"properties":{"comuna":"Ancud","mancha_id":"10202-88cea8db17fffff","clase":"Bajo","nivel_medio":1.374,"nivel_medio_min":1.374,"nivel_medio_max":1.374,"pct_alto":2.4,"n_hexagonos":1,"area_ha":4.42}},{"type":"Feature","geometry":{"type":"Polygon","coordinates":[[[-73.636012,-41.939757],[-73.634136,-41.944307],[-73.638023,-41.947618],[-73.636147,-41.952169],[-73.630384,-41.953407],[-73.628508,-41.957957],[-73.622745,-41.959195],[-73.618859,-41.955883],[-73.620736,-41.951333],[-73.626498,-41.950095],[-73.628375,-41.945545],[-73.624489,-41.942234],[-73.618728,-41.943472],[-73.616851,-41.948021],[-73.61109,-41.949259],[-73.607206,-41.945947],[-73.609084,-41.941398],[-73.614844,-41.94016],[-73.616721,-41.935611],[-73.612838,-41.9323],[-73.614714,-41.927751],[-73.620474,-41.926513],[-73.624357,-41.929823],[-73.622481,-41.934373],[-73.626366,-41.937684],[-73.632126,-41.936446],[-73.634002,-41.931896],[-73.639763,-41.930657],[-73.643649,-41.933967],[-73.641774,-41.938518],[-73.636012,-41.939757]]]},"properties":{"comuna":"Ancud","mancha_id":"10202-88cea8da81fffff","clase":"Bajo","nivel_medio":1.398,"nivel_medio_min":1.22,"nivel_medio_max":1.495,"pct_alto":1.5,"n_hexagonos":7,"area_ha":462.07}},{"type":"Feature","geometry":{"type":"Polygon","coordinates":[[[-73.580526,-41.972398],[-73.586289,-41.971163],[-73.588169,-41.966614],[-73.584286,-41.963301],[-73.586166,-41.958753],[-73.582284,-41.95544],[-73.584163,-41.950892],[-73.589924,-41.949656],[-73.593806,-41.952969],[-73.599567,-41.951732],[-73.60345,-41.955045],[-73.601572,-41.959594],[-73.605456,-41.962906],[-73.611219,-41.96167],[-73.615104,-41.964982],[-73.613226,-41.969532],[-73.607462,-41.970768],[-73.605584,-41.975318],[-73.59982,-41.976554],[-73.597941,-41.981103],[-73.592176,-41.982339],[-73.588292,-41.979025],[-73.582529,-41.98026],[-73.578646,-41.976946],[-73.572883,-41.978181],[-73.569001,-41.974867],[-73.570882,-41.970319],[-73.576644,-41.969085],[-73.580526,-41.972398]]]},"properties":{"comuna":"Ancud","mancha_id":"10202-88cea8da03fffff","clase":"Bajo","nivel_medio":1.199,"nivel_medio_min":1.076,"nivel_medio_max":1.353,"pct_alto":0.8,"n_hexagonos":10,"area_ha":659.89}},{"type":"Feature","geometry":{"type":"Polygon","coordinates":[[[-73.568168,-41.888024],[-73.56629,-41.89257],[-73.560536,-41.893806],[-73.556662,-41.890496],[-73.558541,-41.88595],[-73.564293,-41.884714],[-73.568168,-41.888024]]]},"properties":{"comuna":"Ancud","mancha_id":"10202-88cea8d9ddfffff","clase":"Bajo","nivel_medio":1.324,"nivel_medio_min":1.324,"nivel_medio_max":1.324,"pct_alto":0.0,"n_hexagonos":1,"area_ha":65.91}},{"type":"Feature","geometry":{"type":"Polygon","coordinates":[[[-73.589057,-41.862816],[-73.587181,-41.867363],[-73.581429,-41.868601],[-73.577554,-41.865292],[-73.579431,-41.860746],[-73.585182,-41.859508],[-73.589057,-41.862816]]]},"properties":{"comuna":"Ancud","mancha_id":"10202-88cea8d99bfffff","clase":"Bajo","nivel_medio":1.451,"nivel_medio_min":1.451,"nivel_medio_max":1.451,"pct_alto":0.9,"n_hexagonos":1,"area_ha":65.92}},{"type":"Feature","geometry":{"type":"Polygon","coordinates":[[[-73.554551,-41.870239],[-73.552673,-41.874785],[-73.556546,-41.878094],[-73.554667,-41.88264],[-73.548915,-41.883876],[-73.545043,-41.880565],[-73.546922,-41.87602],[-73.543051,-41.87271],[-73.54493,-41.868165],[-73.55068,-41.86693],[-73.552558,-41.862384],[-73.558307,-41.861148],[-73.56218,-41.864457],[-73.56793,-41.86322],[-73.571804,-41.866529],[-73.569926,-41.871076],[-73.573801,-41.874385],[-73.571923,-41.878931],[-73.566171,-41.880168],[-73.562297,-41.876858],[-73.564175,-41.872312],[-73.560302,-41.869003],[-73.554551,-41.870239]]]},"properties":{"comuna":"Ancud","mancha_id":"10202-88cea8d981fffff","clase":"Bajo","nivel_medio":1.277,"nivel_medio_min":1.104,"nivel_medio_max":1.475,"pct_alto":0.0,"n_hexagonos":5,"area_ha":329.46}},{"type":"Feature","geometry":{"type":"Polygon","coordinates":[[[-73.612321,-41.88267],[-73.610445,-41.887218],[-73.604691,-41.888457],[-73.600812,-41.885147],[-73.595058,-41.886385],[-73.591181,-41.883076],[-73.593057,-41.878529],[-73.59881,-41.87729],[-73.602688,-41.8806],[-73.608442,-41.879361],[-73.612321,-41.88267]]]},"properties":{"comuna":"Ancud","mancha_id":"10202-88cea8d885fffff","clase":"Bajo","nivel_medio":1.175,"nivel_medio_min":1.08,"nivel_medio_max":1.27,"pct_alto":0.5,"n_hexagonos":2,"area_ha":131.89}},{"type":"Feature","geometry":{"type":"Polygon","coordinates":[[[-73.585796,-41.921529],[-73.583918,-41.926077],[-73.587798,-41.929388],[-73.585919,-41.933936],[-73.5898,-41.937248],[-73.587921,-41.941796],[-73.582162,-41.943032],[-73.578282,-41.93972],[-73.580161,-41.935172],[-73.576281,-41.93186],[-73.57816,-41.927313],[-73.574282,-41.924001],[-73.576161,-41.919454],[-73.581917,-41.918218],[-73.585796,-41.921529]]]},"properties":{"comuna":"Ancud","mancha_id":"10202-88cea8d81dfffff","clase":"Bajo","nivel_medio":1.304,"nivel_medio_min":1.176,"nivel_medio_max":1.416,"pct_alto":0.1,"n_hexagonos":3,"area_ha":197.86}},{"type":"Feature","geometry":{"type":"Polygon","coordinates":[[[-73.591429,-41.907886],[-73.597185,-41.906649],[-73.599062,-41.902101],[-73.604818,-41.900863],[-73.608698,-41.904173],[-73.606822,-41.908721],[-73.610703,-41.912032],[-73.608827,-41.91658],[-73.612708,-41.919891],[-73.610832,-41.92444],[-73.605073,-41.925677],[-73.601192,-41.922366],[-73.595434,-41.923603],[-73.591554,-41.920292],[-73.593431,-41.915744],[-73.589552,-41.912434],[-73.583795,-41.91367],[-73.579917,-41.91036],[-73.574161,-41.911596],[-73.570284,-41.908285],[-73.572163,-41.903738],[-73.577918,-41.902502],[-73.581795,-41.905812],[-73.587551,-41.904575],[-73.591429,-41.907886]]]},"properties":{"comuna":"Ancud","mancha_id":"10202-88cea8d813fffff","clase":"Bajo","nivel_medio":1.299,"nivel_medio_min":1.112,"nivel_medio_max":1.43,"pct_alto":0.9,"n_hexagonos":7,"area_ha":461.71}},{"type":"Feature","geometry":{"type":"Polygon","coordinates":[[[-73.558891,-41.92316],[-73.557011,-41.927707],[-73.551254,-41.928941],[-73.547378,-41.925629],[-73.549259,-41.921083],[-73.545384,-41.917772],[-73.547264,-41.913226],[-73.553019,-41.911991],[-73.556894,-41.915302],[-73.555015,-41.919849],[-73.558891,-41.92316]]]},"properties":{"comuna":"Ancud","mancha_id":"10202-88cea8d805fffff","clase":"Bajo","nivel_medio":1.379,"nivel_medio_min":1.312,"nivel_medio_max":1.447,"pct_alto":0.1,"n_hexagonos":2,"area_ha":131.83}},{"type":"Feature","geometry":{"type":"Polygon","coordinates":[[[-73.866017,-41.981462],[-73.864155,-41.986022],[-73.858379,-41.987273],[-73.854466,-41.983963],[-73.856329,-41.979403],[-73.862104,-41.978152],[-73.866017,-41.981462]]]},"properties":{"comuna":"Ancud","mancha_id":"10202-88cea8d719fffff","clase":"Bajo","nivel_medio":1.439,"nivel_medio_min":1.439,"nivel_medio_max":1.439,"pct_alto":4.1,"n_hexagonos":1,"area_ha":66.3}},{"type":"Feature","geometry":{"type":"Polygon","coordinates":[[[-73.97556,-41.945192],[-73.973705,-41.949757],[-73.967929,-41.951015],[-73.964007,-41.947708],[-73.965862,-41.943144],[-73.971638,-41.941886],[-73.973492,-41.937322],[-73.979267,-41.936064],[-73.98319,-41.939369],[-73.981336,-41.943934],[-73.97556,-41.945192]]]},"properties":{"comuna":"Ancud","mancha_id":"10202-88cea8d695fffff","clase":"Bajo","nivel_medio":1.425,"nivel_medio_min":1.398,"nivel_medio_max":1.452,"pct_alto":3.7,"n_hexagonos":2,"area_ha":132.8}},{"type":"Feature","geometry":{"type":"Polygon","coordinates":[[[-73.872173,-42.005074],[-73.87031,-42.009635],[-73.864532,-42.010885],[-73.860617,-42.007575],[-73.854839,-42.008825],[-73.850925,-42.005514],[-73.852789,-42.000954],[-73.858566,-41.999704],[-73.86248,-42.003014],[-73.868258,-42.001764],[-73.872173,-42.005074]]]},"properties":{"comuna":"Ancud","mancha_id":"10202-88cea8d665fffff","clase":"Bajo","nivel_medio":1.37,"nivel_medio_min":1.325,"nivel_medio_max":1.415,"pct_alto":1.3,"n_hexagonos":2,"area_ha":132.63}},{"type":"Feature","geometry":{"type":"Polygon","coordinates":[[[-73.80082,-41.94712],[-73.80129,-41.94671],[-73.801303,-41.946706],[-73.800588,-41.948453],[-73.80058,-41.94844],[-73.8005,-41.94821],[-73.80075,-41.94752],[-73.80082,-41.94712]]]},"properties":{"comuna":"Ancud","mancha_id":"10202-88cea8d569fffff","clase":"Bajo","nivel_medio":1.288,"nivel_medio_min":1.288,"nivel_medio_max":1.288,"pct_alto":0.0,"n_hexagonos":1,"area_ha":0.31}},{"type":"Feature","geometry":{"type":"Polygon","coordinates":[[[-73.851676,-41.926385],[-73.849815,-41.930944],[-73.844045,-41.932195],[-73.840138,-41.928887],[-73.842,-41.924329],[-73.847769,-41.923077],[-73.851676,-41.926385]]]},"properties":{"comuna":"Ancud","mancha_id":"10202-88cea8d519fffff","clase":"Bajo","nivel_medio":1.36,"nivel_medio_min":1.36,"nivel_medio_max":1.36,"pct_alto":1.2,"n_hexagonos":1,"area_ha":66.25}},{"type":"Feature","geometry":{"type":"Polygon","coordinates":[[[-73.847585,-41.910653],[-73.845724,-41.915211],[-73.839956,-41.916463],[-73.836051,-41.913156],[-73.837912,-41.908598],[-73.834008,-41.905291],[-73.835869,-41.900733],[-73.841635,-41.899481],[-73.84554,-41.902788],[-73.851306,-41.901536],[-73.853167,-41.896977],[-73.858933,-41.895725],[-73.860792,-41.891166],[-73.866558,-41.889913],[-73.870465,-41.893219],[-73.868606,-41.897778],[-73.872514,-41.901084],[-73.870655,-41.905643],[-73.874563,-41.90895],[-73.880332,-41.907696],[-73.884241,-41.911002],[-73.882382,-41.915562],[-73.876613,-41.916816],[-73.872704,-41.913509],[-73.866935,-41.914762],[-73.863027,-41.911455],[-73.857259,-41.912708],[-73.853352,-41.909401],[-73.847585,-41.910653]]]},"properties":{"comuna":"Ancud","mancha_id":"10202-88cea8d517fffff","clase":"Bajo","nivel_medio":1.25,"nivel_medio_min":1.026,"nivel_medio_max":1.46,"pct_alto":2.3,"n_hexagonos":9,"area_ha":596.25}},{"type":"Feature","geometry":{"type":"Polygon","coordinates":[[[-73.930599,-41.91339],[-73.928743,-41.917952],[-73.922971,-41.919208],[-73.919057,-41.915902],[-73.920913,-41.91134],[-73.926684,-41.910084],[-73.930599,-41.91339]]]},"properties":{"comuna":"Ancud","mancha_id":"10202-88cea8d4ebfffff","clase":"Bajo","nivel_medio":1.336,"nivel_medio_min":1.336,"nivel_medio_max":1.336,"pct_alto":5.5,"n_hexagonos":1,"area_ha":66.33}},{"type":"Feature","geometry":{"type":"Polygon","coordinates":[[[-73.918856,-41.903473],[-73.917,-41.908035],[-73.91123,-41.90929],[-73.907317,-41.905984],[-73.901548,-41.907239],[-73.897637,-41.903934],[-73.899494,-41.899373],[-73.895584,-41.896068],[-73.889816,-41.897322],[-73.885907,-41.894017],[-73.887765,-41.889457],[-73.893531,-41.888202],[-73.897441,-41.891507],[-73.903208,-41.890252],[-73.907119,-41.893557],[-73.905263,-41.898118],[-73.909174,-41.901423],[-73.914943,-41.900168],[-73.918856,-41.903473]]]},"properties":{"comuna":"Ancud","mancha_id":"10202-88cea8d4e7fffff","clase":"Bajo","nivel_medio":1.357,"nivel_medio_min":1.25,"nivel_medio_max":1.493,"pct_alto":4.2,"n_hexagonos":4,"area_ha":265.18}},{"type":"Feature","geometry":{"type":"Polygon","coordinates":[[[-73.677501,-42.030414],[-73.675625,-42.034968],[-73.669851,-42.036206],[-73.665955,-42.032892],[-73.667832,-42.028339],[-73.673604,-42.0271],[-73.677501,-42.030414]]]},"properties":{"comuna":"Ancud","mancha_id":"10202-88cea8d33bfffff","clase":"Bajo","nivel_medio":1.497,"nivel_medio_min":1.497,"nivel_medio_max":1.497,"pct_alto":8.0,"n_hexagonos":1,"area_ha":66.12}},{"type":"Feature","geometry":{"type":"Polygon","coordinates":[[[-73.665813,-42.020472],[-73.663936,-42.025024],[-73.658165,-42.026262],[-73.65427,-42.022948],[-73.656148,-42.018396],[-73.661918,-42.017158],[-73.665813,-42.020472]]]},"properties":{"comuna":"Ancud","mancha_id":"10202-88cea8d337fffff","clase":"Bajo","nivel_medio":1.45,"nivel_medio_min":1.45,"nivel_medio_max":1.45,"pct_alto":1.6,"n_hexagonos":1,"area_ha":66.1}},{"type":"Feature","geometry":{"type":"Polygon","coordinates":[[[-73.810484,-42.014251],[-73.808617,-42.01881],[-73.80284,-42.020057],[-73.798931,-42.016745],[-73.800798,-42.012186],[-73.806575,-42.01094],[-73.808442,-42.006381],[-73.814218,-42.005134],[-73.818128,-42.008445],[-73.816261,-42.013004],[-73.810484,-42.014251]]]},"properties":{"comuna":"Ancud","mancha_id":"10202-88cea8d291fffff","clase":"Bajo","nivel_medio":1.266,"nivel_medio_min":1.192,"nivel_medio_max":1.341,"pct_alto":6.0,"n_hexagonos":2,"area_ha":132.52}},{"type":"Feature","geometry":{"type":"Polygon","coordinates":[[[-73.749463,-42.073099],[-73.753371,-42.076414],[-73.759152,-42.075172],[-73.761024,-42.070615],[-73.766805,-42.069372],[-73.770715,-42.072686],[-73.768843,-42.077244],[-73.763061,-42.078487],[-73.761189,-42.083045],[-73.755407,-42.084287],[-73.751498,-42.080972],[-73.745716,-42.082213],[-73.741809,-42.078898],[-73.743682,-42.074341],[-73.749463,-42.073099]]]},"properties":{"comuna":"Ancud","mancha_id":"10202-88cea8d251fffff","clase":"Bajo","nivel_medio":1.351,"nivel_medio_min":1.251,"nivel_medio_max":1.486,"pct_alto":1.6,"n_hexagonos":3,"area_ha":198.72}},{"type":"Feature","geometry":{"type":"Polygon","coordinates":[[[-73.70292,-42.058172],[-73.701044,-42.062727],[-73.704946,-42.066042],[-73.703071,-42.070597],[-73.706973,-42.073913],[-73.712752,-42.072673],[-73.716657,-42.075989],[-73.722436,-42.074749],[-73.726341,-42.078064],[-73.724467,-42.08262],[-73.728373,-42.085936],[-73.726498,-42.090493],[-73.720716,-42.091733],[-73.716811,-42.088417],[-73.71103,-42.089656],[-73.707125,-42.08634],[-73.709001,-42.081784],[-73.705098,-42.078468],[-73.699318,-42.079707],[-73.697442,-42.084262],[-73.691662,-42.085501],[-73.689785,-42.090056],[-73.684005,-42.091294],[-73.680103,-42.087977],[-73.681981,-42.083423],[-73.67808,-42.080106],[-73.672302,-42.081344],[-73.668402,-42.078027],[-73.67028,-42.073473],[-73.676058,-42.072236],[-73.677935,-42.067682],[-73.683712,-42.066444],[-73.685589,-42.061889],[-73.691366,-42.060651],[-73.693242,-42.056096],[-73.699019,-42.054857],[-73.70292,-42.058172]]]},"properties":{"comuna":"Ancud","mancha_id":"10202-88cea8d22dfffff","clase":"Bajo","nivel_medio":1.39,"nivel_medio_min":1.253,"nivel_medio_max":1.478,"pct_alto":7.1,"n_hexagonos":14,"area_ha":926.4}},{"type":"Feature","geometry":{"type":"Polygon","coordinates":[[[-73.726964,-41.974116],[-73.725093,-41.97867],[-73.719324,-41.979913],[-73.715427,-41.976602],[-73.717298,-41.972047],[-73.723067,-41.970805],[-73.726964,-41.974116]]]},"properties":{"comuna":"Ancud","mancha_id":"10202-88cea8d1d9fffff","clase":"Bajo","nivel_medio":1.282,"nivel_medio_min":1.282,"nivel_medio_max":1.282,"pct_alto":1.1,"n_hexagonos":1,"area_ha":66.14}},{"type":"Feature","geometry":{"type":"Polygon","coordinates":[[[-73.673029,-41.977425],[-73.671155,-41.981978],[-73.665387,-41.983217],[-73.661495,-41.979905],[-73.663371,-41.975353],[-73.669137,-41.974113],[-73.671012,-41.969561],[-73.676778,-41.968321],[-73.678652,-41.963768],[-73.684418,-41.962528],[-73.688311,-41.965839],[-73.686437,-41.970392],[-73.680671,-41.971633],[-73.678797,-41.976185],[-73.673029,-41.977425]]]},"properties":{"comuna":"Ancud","mancha_id":"10202-88cea8d117fffff","clase":"Bajo","nivel_medio":1.311,"nivel_medio_min":1.215,"nivel_medio_max":1.438,"pct_alto":1.3,"n_hexagonos":3,"area_ha":198.25}},{"type":"Feature","geometry":{"type":"Polygon","coordinates":[[[-73.769716,-41.998119],[-73.767847,-42.002676],[-73.762073,-42.003921],[-73.760203,-42.008477],[-73.764108,-42.011789],[-73.769883,-42.010545],[-73.773788,-42.013857],[-73.771919,-42.018414],[-73.775825,-42.021727],[-73.773955,-42.026284],[-73.768179,-42.027528],[-73.764273,-42.024216],[-73.758497,-42.025459],[-73.754592,-42.022147],[-73.756463,-42.01759],[-73.752559,-42.014277],[-73.746784,-42.015521],[-73.742882,-42.012208],[-73.744753,-42.007652],[-73.750526,-42.006409],[-73.752397,-42.001853],[-73.75817,-42.000609],[-73.760039,-41.996052],[-73.765812,-41.994808],[-73.769716,-41.998119]]]},"properties":{"comuna":"Ancud","mancha_id":"10202-88cea8d0c9fffff","clase":"Bajo","nivel_medio":1.355,"nivel_medio_min":1.242,"nivel_medio_max":1.49,"pct_alto":2.8,"n_hexagonos":7,"area_ha":463.43}},{"type":"Feature","geometry":{"type":"Polygon","coordinates":[[[-73.686731,-41.995228],[-73.684856,-41.999781],[-73.679086,-42.001021],[-73.675192,-41.997708],[-73.669423,-41.998948],[-73.667547,-42.0035],[-73.671441,-42.006814],[-73.677211,-42.005574],[-73.681107,-42.008888],[-73.679232,-42.013441],[-73.67346,-42.01468],[-73.669565,-42.011366],[-73.663795,-42.012605],[-73.659901,-42.009291],[-73.654131,-42.01053],[-73.652254,-42.015082],[-73.646484,-42.016319],[-73.644606,-42.020871],[-73.638836,-42.022108],[-73.634944,-42.018794],[-73.629174,-42.02003],[-73.627295,-42.024581],[-73.631186,-42.027896],[-73.636957,-42.02666],[-73.64085,-42.029975],[-73.638971,-42.034526],[-73.6332,-42.035763],[-73.63132,-42.040314],[-73.635213,-42.04363],[-73.640986,-42.042394],[-73.64488,-42.045709],[-73.643002,-42.050261],[-73.637228,-42.051498],[-73.633334,-42.048182],[-73.627561,-42.049418],[-73.625681,-42.053969],[-73.629575,-42.057285],[-73.635348,-42.05605],[-73.639243,-42.059366],[-73.645018,-42.05813],[-73.648913,-42.061446],[-73.647034,-42.065998],[-73.641259,-42.067234],[-73.639379,-42.071787],[-73.633603,-42.073022],[-73.629708,-42.069706],[-73.631589,-42.065154],[-73.627694,-42.061837],[-73.62192,-42.063072],[-73.620039,-42.067624],[-73.623933,-42.070941],[-73.622052,-42.075492],[-73.616277,-42.076727],[-73.612383,-42.07341],[-73.606608,-42.074644],[-73.604726,-42.079195],[-73.608619,-42.082512],[-73.614395,-42.081278],[-73.618289,-42.084596],[-73.616407,-42.089147],[-73.61063,-42.090381],[-73.608748,-42.094933],[-73.612642,-42.098251],[-73.61842,-42.097017],[-73.620302,-42.092465],[-73.626079,-42.091231],[-73.627961,-42.086679],[-73.624065,-42.083361],[-73.625947,-42.078809],[-73.631723,-42.077574],[-73.635618,-42.080892],[-73.633738,-42.085444],[-73.637634,-42.088761],[-73.635754,-42.093314],[-73.639651,-42.096632],[-73.63777,-42.101184],[-73.631991,-42.102419],[-73.628094,-42.099101],[-73.622316,-42.100335],[-73.620434,-42.104887],[-73.62433,-42.108206],[-73.630109,-42.106972],[-73.634007,-42.11029],[-73.632125,-42.114843],[-73.636024,-42.118161],[-73.641805,-42.116927],[-73.645704,-42.120245],[-73.643823,-42.124799],[-73.638041,-42.126033],[-73.636159,-42.130587],[-73.640059,-42.133906],[-73.645842,-42.132671],[-73.647724,-42.128118],[-73.653506,-42.126883],[-73.655387,-42.122329],[-73.651486,-42.11901],[-73.653367,-42.114457],[-73.649466,-42.111139],[-73.651347,-42.106585],[-73.657127,-42.105349],[-73.661028,-42.108667],[-73.659148,-42.113221],[-73.663049,-42.116539],[-73.668831,-42.115303],[-73.672733,-42.118621],[-73.678516,-42.117385],[-73.680395,-42.11283],[-73.686177,-42.111593],[-73.688055,-42.107038],[-73.693837,-42.1058],[-73.697741,-42.109117],[-73.695863,-42.113673],[-73.699769,-42.11699],[-73.705552,-42.115752],[-73.707429,-42.111196],[-73.713212,-42.109957],[-73.717119,-42.113275],[-73.722903,-42.112035],[-73.724778,-42.107479],[-73.730562,-42.106239],[-73.73447,-42.109556],[-73.732595,-42.114113],[-73.726811,-42.115352],[-73.724935,-42.119909],[-73.728843,-42.123227],[-73.726967,-42.127784],[-73.721182,-42.129023],[-73.717273,-42.125705],[-73.711488,-42.126944],[-73.709611,-42.1315],[-73.703826,-42.132738],[-73.701948,-42.137294],[-73.705855,-42.140613],[-73.703977,-42.145169],[-73.69819,-42.146406],[-73.694283,-42.143087],[-73.696162,-42.138531],[-73.692256,-42.135213],[-73.686471,-42.13645],[-73.682565,-42.133131],[-73.676781,-42.134368],[-73.674901,-42.138923],[-73.669117,-42.140159],[-73.665213,-42.136839],[-73.659429,-42.138075],[-73.655527,-42.134756],[-73.649743,-42.135991],[-73.647862,-42.140544],[-73.642078,-42.141779],[-73.640196,-42.146332],[-73.644097,-42.149652],[-73.642215,-42.154206],[-73.63643,-42.15544],[-73.632529,-42.152119],[-73.626745,-42.153353],[-73.624861,-42.157906],[-73.628762,-42.161226],[-73.626878,-42.16578],[-73.621092,-42.167012],[-73.619208,-42.171565],[-73.613422,-42.172797],[-73.611537,-42.17735],[-73.612917,-42.178525],[-73.612896,-42.178557],[-73.612631,-42.178884],[-73.612506,-42.178962],[-73.612195,-42.179149],[-73.612039,-42.179336],[-73.611899,-42.179554],[-73.611728,-42.179943],[-73.611572,-42.180317],[-73.611454,-42.180737],[-73.611418,-42.18131],[-73.607144,-42.181049],[-73.606408,-42.184278],[-73.60592,-42.184494],[-73.605619,-42.184628],[-73.603865,-42.183134],[-73.598078,-42.184365],[-73.594179,-42.181043],[-73.596066,-42.17649],[-73.601851,-42.17526],[-73.603737,-42.170707],[-73.599838,-42.167386],[-73.594053,-42.168617],[-73.590156,-42.165295],[-73.584372,-42.166526],[-73.580475,-42.163204],[-73.582362,-42.158653],[-73.578466,-42.155332],[-73.572684,-42.156562],[-73.568789,-42.153241],[-73.570677,-42.14869],[-73.566783,-42.145369],[-73.561403,-42.146513],[-73.561326,-42.14633],[-73.561087,-42.145916],[-73.560699,-42.145277],[-73.560292,-42.144776],[-73.560185,-42.144596],[-73.560131,-42.144396],[-73.560151,-42.144263],[-73.56024,-42.14405],[-73.560741,-42.143225],[-73.561254,-42.142443],[-73.56171,-42.141733],[-73.561865,-42.141388],[-73.561913,-42.141157],[-73.561946,-42.140821],[-73.56209,-42.140367],[-73.562185,-42.140082],[-73.562323,-42.139845],[-73.562651,-42.139452],[-73.562811,-42.139199],[-73.562967,-42.138963],[-73.563051,-42.13873],[-73.563129,-42.13849],[-73.563169,-42.138274],[-73.563196,-42.138051],[-73.563281,-42.137857],[-73.563314,-42.137809],[-73.564777,-42.137498],[-73.56867,-42.140818],[-73.57445,-42.139588],[-73.576337,-42.135038],[-73.572443,-42.131717],[-73.574329,-42.127167],[-73.570437,-42.123847],[-73.572323,-42.119297],[-73.578101,-42.118066],[-73.579986,-42.113515],[-73.576094,-42.110196],[-73.577979,-42.105645],[-73.574088,-42.102327],[-73.568311,-42.103558],[-73.567512,-42.102876],[-73.567506,-42.102856],[-73.56739,-42.102638],[-73.567213,-42.102505],[-73.567015,-42.10244],[-73.566995,-42.102434],[-73.565055,-42.100779],[-73.564993,-42.100503],[-73.564886,-42.100173],[-73.56483,-42.099854],[-73.56483,-42.099601],[-73.564873,-42.099366],[-73.565012,-42.099064],[-73.56524,-42.09887],[-73.566183,-42.098358],[-73.56673,-42.097994],[-73.567036,-42.097719],[-73.567217,-42.097538],[-73.56729,-42.09732],[-73.567406,-42.097004],[-73.567488,-42.09667],[-73.56763,-42.09634],[-73.567808,-42.096103],[-73.568237,-42.095713],[-73.568616,-42.095196],[-73.568663,-42.095133],[-73.568781,-42.094807],[-73.568772,-42.094608],[-73.568678,-42.094364],[-73.56818,-42.09384],[-73.56737,-42.09299],[-73.566284,-42.092223],[-73.565915,-42.091923],[-73.565645,-42.091764],[-73.565163,-42.091555],[-73.5645,-42.0914],[-73.563934,-42.091308],[-73.563383,-42.091218],[-73.562983,-42.091064],[-73.562965,-42.091049],[-73.564303,-42.087821],[-73.563698,-42.087305],[-73.563816,-42.087134],[-73.563925,-42.086926],[-73.564007,-42.086729],[-73.564044,-42.086532],[-73.564049,-42.086345],[-73.564115,-42.086157],[-73.56421,-42.085977],[-73.56437,-42.085744],[-73.56465,-42.08544],[-73.564947,-42.085087],[-73.565212,-42.084867],[-73.56567,-42.084558],[-73.566141,-42.084325],[-73.566402,-42.084155],[-73.566621,-42.083985],[-73.566823,-42.083758],[-73.566985,-42.083564],[-73.567115,-42.083361],[-73.567199,-42.083222],[-73.567366,-42.083029],[-73.567592,-42.082855],[-73.567947,-42.082545],[-73.568334,-42.082164],[-73.568547,-42.081881],[-73.568585,-42.081636],[-73.56856,-42.081274],[-73.568516,-42.080955],[-73.568452,-42.080656],[-73.568379,-42.080283],[-73.568306,-42.079943],[-73.568248,-42.079569],[-73.568217,-42.079287],[-73.568208,-42.079068],[-73.568208,-42.078837],[-73.571962,-42.08204],[-73.577736,-42.080808],[-73.57962,-42.076258],[-73.57573,-42.07294],[-73.577614,-42.06839],[-73.573726,-42.065073],[-73.567953,-42.066305],[-73.56633,-42.06492],[-73.566375,-42.064756],[-73.566417,-42.064457],[-73.566392,-42.064312],[-73.566339,-42.064167],[-73.566249,-42.064035],[-73.566111,-42.063919],[-73.565956,-42.063853],[-73.565763,-42.06382],[-73.565073,-42.063837],[-73.565061,-42.063837],[-73.564435,-42.063302],[-73.564472,-42.063149],[-73.564487,-42.062914],[-73.564448,-42.062754],[-73.564387,-42.062656],[-73.564248,-42.062548],[-73.564234,-42.062537],[-73.564039,-42.062478],[-73.563824,-42.062412],[-73.56366,-42.0623],[-73.563592,-42.062174],[-73.563576,-42.061998],[-73.5636,-42.06179],[-73.563637,-42.06154],[-73.563694,-42.061333],[-73.563715,-42.061242],[-73.563715,-42.061158],[-73.563706,-42.061016],[-73.56369,-42.060762],[-73.563705,-42.060635],[-73.563715,-42.06054],[-73.56374,-42.060448],[-73.563775,-42.060337],[-73.563884,-42.060136],[-73.56416,-42.05979],[-73.564327,-42.059598],[-73.56447,-42.05936],[-73.564551,-42.05921],[-73.564622,-42.059037],[-73.564688,-42.058824],[-73.564736,-42.05863],[-73.564752,-42.058401],[-73.564756,-42.05786],[-73.564761,-42.057545],[-73.564769,-42.05743],[-73.56479,-42.05711],[-73.564811,-42.056574],[-73.564905,-42.056158],[-73.565024,-42.055802],[-73.565178,-42.05547],[-73.565313,-42.055249],[-73.56556,-42.05496],[-73.566484,-42.054374],[-73.566613,-42.054275],[-73.566707,-42.054157],[-73.566764,-42.054035],[-73.566805,-42.053825],[-73.56679,-42.053537],[-73.56669,-42.05325],[-73.56618,-42.0521],[-73.566087,-42.051728],[-73.56607,-42.0513],[-73.56616,-42.050953],[-73.566262,-42.050718],[-73.566472,-42.050499],[-73.566914,-42.050137],[-73.567366,-42.049842],[-73.56737,-42.04984],[-73.567605,-42.049714],[-73.567857,-42.049638],[-73.568154,-42.049609],[-73.568501,-42.0496],[-73.569353,-42.049579],[-73.57,-42.049581],[-73.571068,-42.049585],[-73.571769,-42.04962],[-73.572288,-42.049589],[-73.572575,-42.049562],[-73.572832,-42.049504],[-73.573167,-42.049382],[-73.573549,-42.049186],[-73.573911,-42.048927],[-73.574283,-42.048555],[-73.57444,-42.04824],[-73.57451,-42.047889],[-73.574598,-42.047619],[-73.574759,-42.047356],[-73.57525,-42.0467],[-73.57622,-42.04568],[-73.57681,-42.04517],[-73.57695,-42.044928],[-73.57706,-42.04462],[-73.577115,-42.044204],[-73.577232,-42.043961],[-73.577405,-42.043801],[-73.577562,-42.043721],[-73.581259,-42.046875],[-73.58703,-42.045642],[-73.588912,-42.041092],[-73.585024,-42.037776],[-73.581892,-42.038445],[-73.581911,-42.037879],[-73.581828,-42.036494],[-73.58185,-42.03544],[-73.581735,-42.035212],[-73.58153,-42.03503],[-73.58086,-42.03487],[-73.580567,-42.034623],[-73.580495,-42.034416],[-73.580608,-42.034251],[-73.58122,-42.0339],[-73.581446,-42.033579],[-73.581549,-42.033259],[-73.581642,-42.032856],[-73.5816,-42.03251],[-73.581539,-42.032236],[-73.58126,-42.031781],[-73.580857,-42.031212],[-73.58059,-42.03091],[-73.580278,-42.030696],[-73.579948,-42.030567],[-73.579854,-42.03053],[-73.57941,-42.03022],[-73.579275,-42.029952],[-73.57923,-42.02965],[-73.57942,-42.029207],[-73.579664,-42.029004],[-73.579895,-42.028939],[-73.58039,-42.02884],[-73.580526,-42.028742],[-73.580603,-42.028646],[-73.580623,-42.028525],[-73.5807,-42.02827],[-73.580846,-42.028114],[-73.580952,-42.028022],[-73.58104,-42.02798],[-73.58126,-42.027967],[-73.581477,-42.028039],[-73.58198,-42.02868],[-73.582143,-42.028801],[-73.582304,-42.028897],[-73.582472,-42.028932],[-73.582626,-42.028913],[-73.582934,-42.028794],[-73.583358,-42.028351],[-73.583445,-42.028138],[-73.58347,-42.027959],[-73.583445,-42.027852],[-73.583337,-42.027719],[-73.58308,-42.02759],[-73.582811,-42.027441],[-73.582656,-42.02732],[-73.58255,-42.02718],[-73.582385,-42.026952],[-73.582264,-42.026845],[-73.582133,-42.026782],[-73.582014,-42.026768],[-73.581745,-42.026768],[-73.581273,-42.02672],[-73.580954,-42.026612],[-73.580789,-42.026491],[-73.580693,-42.026315],[-73.580659,-42.026153],[-73.580619,-42.0259],[-73.5806,-42.025633],[-73.580635,-42.025397],[-73.58069,-42.02519],[-73.58099,-42.02449],[-73.58148,-42.02378],[-73.58157,-42.023326],[-73.581673,-42.023099],[-73.581931,-42.022827],[-73.58206,-42.02269],[-73.582123,-42.022417],[-73.58209,-42.0222],[-73.581842,-42.021441],[-73.581875,-42.021218],[-73.582007,-42.021086],[-73.58226,-42.02105],[-73.582412,-42.021144],[-73.58252,-42.02129],[-73.58271,-42.021656],[-73.582941,-42.021855],[-73.58311,-42.02194],[-73.583338,-42.021937],[-73.583503,-42.021838],[-73.583611,-42.021714],[-73.58364,-42.02155],[-73.583553,-42.021317],[-73.58333,-42.021111],[-73.583057,-42.020854],[-73.582883,-42.020557],[-73.582735,-42.020234],[-73.58264,-42.01989],[-73.582693,-42.019209],[-73.58291,-42.018648],[-73.58309,-42.018283],[-73.583802,-42.017303],[-73.584057,-42.016952],[-73.584132,-42.016695],[-73.58416,-42.0165],[-73.58414,-42.016265],[-73.584048,-42.016102],[-73.583896,-42.01599],[-73.583613,-42.015865],[-73.58341,-42.01579],[-73.582679,-42.015521],[-73.582568,-42.015454],[-73.582511,-42.015356],[-73.582493,-42.015222],[-73.582522,-42.015151],[-73.582577,-42.015099],[-73.582673,-42.015051],[-73.582849,-42.015002],[-73.582991,-42.014975],[-73.583092,-42.014911],[-73.583173,-42.014802],[-73.583308,-42.014694],[-73.583449,-42.014616],[-73.583557,-42.01457],[-73.583671,-42.014562],[-73.583771,-42.014575],[-73.583873,-42.014621],[-73.583995,-42.014728],[-73.58432,-42.01488],[-73.584545,-42.014893],[-73.58471,-42.01485],[-73.584818,-42.014711],[-73.584868,-42.014537],[-73.58483,-42.01421],[-73.584595,-42.013843],[-73.584391,-42.013581],[-73.584259,-42.01335],[-73.584187,-42.013106],[-73.584223,-42.012933],[-73.584325,-42.012776],[-73.584536,-42.012651],[-73.584711,-42.012586],[-73.585025,-42.012525],[-73.585496,-42.012511],[-73.585751,-42.012466],[-73.585975,-42.012387],[-73.586149,-42.01228],[-73.58625,-42.01215],[-73.58645,-42.01136],[-73.586503,-42.010757],[-73.586635,-42.010381],[-73.58694,-42.00994],[-73.58758,-42.00934],[-73.587652,-42.009245],[-73.5877,-42.00918],[-73.587582,-42.009185],[-73.581768,-42.009445],[-73.580727,-42.009491],[-73.57762,-42.00963],[-73.570254,-42.009936],[-73.560109,-42.010358],[-73.557633,-42.010461],[-73.55971,-42.010017],[-73.561593,-42.005469],[-73.55771,-42.002154],[-73.559593,-41.997606],[-73.565357,-41.996373],[-73.567239,-41.991825],[-73.563357,-41.988511],[-73.565239,-41.983963],[-73.571002,-41.982729],[-73.574884,-41.986043],[-73.580648,-41.984808],[-73.584532,-41.988122],[-73.582651,-41.992671],[-73.586536,-41.995985],[-73.584655,-42.000534],[-73.58854,-42.003849],[-73.594306,-42.002614],[-73.598193,-42.005929],[-73.596312,-42.010478],[-73.6002,-42.013793],[-73.598319,-42.018343],[-73.592551,-42.019577],[-73.59067,-42.024127],[-73.584901,-42.025361],[-73.583019,-42.02991],[-73.586906,-42.033226],[-73.592676,-42.031992],[-73.594557,-42.027443],[-73.600326,-42.026208],[-73.604215,-42.029523],[-73.609985,-42.028288],[-73.611865,-42.023738],[-73.617635,-42.022502],[-73.619514,-42.017952],[-73.615625,-42.014637],[-73.617504,-42.010087],[-73.613615,-42.006772],[-73.615494,-42.002222],[-73.611606,-41.998908],[-73.613485,-41.994358],[-73.609598,-41.991044],[-73.611477,-41.986494],[-73.617243,-41.985258],[-73.619121,-41.980708],[-73.624886,-41.979471],[-73.628774,-41.982784],[-73.626896,-41.987334],[-73.62113,-41.988571],[-73.619252,-41.993121],[-73.62314,-41.996435],[-73.621262,-42.000986],[-73.625151,-42.0043],[-73.630919,-42.003063],[-73.634809,-42.006377],[-73.640578,-42.00514],[-73.642455,-42.000588],[-73.648223,-41.99935],[-73.652115,-42.002664],[-73.657884,-42.001425],[-73.65976,-41.996873],[-73.665529,-41.995634],[-73.667405,-41.991082],[-73.673173,-41.989843],[-73.677067,-41.993155],[-73.682836,-41.991915],[-73.686731,-41.995228]],[[-73.618027,-42.059756],[-73.619908,-42.055204],[-73.616016,-42.051888],[-73.610243,-42.053123],[-73.608362,-42.057674],[-73.612253,-42.06099],[-73.618027,-42.059756]],[[-73.694134,-42.130657],[-73.699919,-42.12942],[-73.701797,-42.124864],[-73.697891,-42.121546],[-73.692107,-42.122784],[-73.688202,-42.119466],[-73.682419,-42.120703],[-73.68054,-42.125258],[-73.684445,-42.128576],[-73.690229,-42.127339],[-73.694134,-42.130657]],[[-73.617061,-42.151265],[-73.622844,-42.150032],[-73.624728,-42.145479],[-73.630511,-42.144246],[-73.632394,-42.139693],[-73.628495,-42.136373],[-73.622712,-42.137607],[-73.618814,-42.134287],[-73.613032,-42.13552],[-73.611148,-42.140072],[-73.605366,-42.141304],[-73.603481,-42.145856],[-73.597699,-42.147088],[-73.595814,-42.15164],[-73.599711,-42.154961],[-73.605494,-42.153729],[-73.607379,-42.149177],[-73.613162,-42.147945],[-73.617061,-42.151265]],[[-73.599457,-42.130113],[-73.603354,-42.133432],[-73.609135,-42.1322],[-73.611018,-42.127648],[-73.616799,-42.126415],[-73.618682,-42.121863],[-73.614785,-42.118544],[-73.609006,-42.119777],[-73.607122,-42.124329],[-73.601342,-42.125561],[-73.599457,-42.130113]],[[-73.59669,-42.047724],[-73.590919,-42.048958],[-73.589036,-42.053508],[-73.592926,-42.056825],[-73.598698,-42.055591],[-73.60058,-42.051041],[-73.59669,-42.047724]],[[-73.606993,-42.111906],[-73.603098,-42.108587],[-73.59732,-42.10982],[-73.595436,-42.114371],[-73.599331,-42.11769],[-73.60511,-42.116458],[-73.606993,-42.111906]]]},"properties":{"comuna":"Ancud","mancha_id":"10202-88cea8d025fffff","clase":"Bajo","nivel_medio":1.223,"nivel_medio_min":1.0,"nivel_medio_max":1.497,"pct_alto":2.5,"n_hexagonos":171,"area_ha":10762.39}},{"type":"Feature","geometry":{"type":"Polygon","coordinates":[[[-73.740691,-41.991917],[-73.73882,-41.996472],[-73.733049,-41.997716],[-73.729148,-41.994403],[-73.723377,-41.995646],[-73.719478,-41.992334],[-73.72135,-41.987779],[-73.727121,-41.986537],[-73.73102,-41.989848],[-73.736791,-41.988605],[-73.740691,-41.991917]]]},"properties":{"comuna":"Ancud","mancha_id":"10202-88cea8d017fffff","clase":"Bajo","nivel_medio":1.482,"nivel_medio_min":1.481,"nivel_medio_max":1.484,"pct_alto":4.0,"n_hexagonos":2,"area_ha":132.32}},{"type":"Feature","geometry":{"type":"Polygon","coordinates":[[[-73.710115,-42.015106],[-73.715887,-42.013865],[-73.71776,-42.00931],[-73.723533,-42.008068],[-73.727433,-42.011381],[-73.725561,-42.015936],[-73.729462,-42.019249],[-73.735236,-42.018007],[-73.739139,-42.02132],[-73.744913,-42.020077],[-73.748817,-42.02339],[-73.746945,-42.027946],[-73.75085,-42.031259],[-73.756626,-42.030016],[-73.760532,-42.033329],[-73.766308,-42.032086],[-73.770215,-42.035399],[-73.775993,-42.034154],[-73.777863,-42.029597],[-73.78364,-42.028352],[-73.787548,-42.031665],[-73.785679,-42.036223],[-73.789588,-42.039536],[-73.787719,-42.044094],[-73.78194,-42.045339],[-73.778031,-42.042025],[-73.772252,-42.043269],[-73.770382,-42.047827],[-73.764603,-42.049071],[-73.760696,-42.045757],[-73.754918,-42.047],[-73.751012,-42.043686],[-73.745234,-42.044929],[-73.741329,-42.041615],[-73.735553,-42.042857],[-73.731649,-42.039543],[-73.733522,-42.034987],[-73.739298,-42.033745],[-73.74117,-42.029189],[-73.737267,-42.025876],[-73.731492,-42.027118],[-73.72759,-42.023805],[-73.721815,-42.025046],[-73.719942,-42.029601],[-73.714167,-42.030843],[-73.712293,-42.035398],[-73.706519,-42.036638],[-73.702618,-42.033324],[-73.696844,-42.034564],[-73.692945,-42.03125],[-73.69482,-42.026696],[-73.700594,-42.025456],[-73.702468,-42.020901],[-73.708241,-42.019661],[-73.710115,-42.015106]]]},"properties":{"comuna":"Ancud","mancha_id":"10202-88cea8d009fffff","clase":"Bajo","nivel_medio":1.297,"nivel_medio_min":1.001,"nivel_medio_max":1.45,"pct_alto":4.5,"n_hexagonos":19,"area_ha":1257.68}},{"type":"Feature","geometry":{"type":"Polygon","coordinates":[[[-73.535087,-41.841295],[-73.538956,-41.844604],[-73.544703,-41.843368],[-73.548572,-41.846676],[-73.546694,-41.851221],[-73.540946,-41.852457],[-73.539068,-41.857002],[-73.533319,-41.858237],[-73.53144,-41.862781],[-73.525691,-41.864016],[-73.521823,-41.860706],[-73.516075,-41.861941],[-73.512208,-41.858631],[-73.514088,-41.854087],[-73.519835,-41.852853],[-73.521715,-41.848309],[-73.517848,-41.845],[-73.519728,-41.840457],[-73.525473,-41.839222],[-73.529341,-41.84253],[-73.535087,-41.841295]]]},"properties":{"comuna":"Ancud","mancha_id":"10202-88cea8cb49fffff","clase":"Bajo","nivel_medio":1.205,"nivel_medio_min":1.0,"nivel_medio_max":1.386,"pct_alto":0.6,"n_hexagonos":7,"area_ha":460.92}},{"type":"Feature","geometry":{"type":"Polygon","coordinates":[[[-73.674906,-41.806987],[-73.671026,-41.803682],[-73.672186,-41.800858],[-73.67359,-41.8015],[-73.67425,-41.80189],[-73.67674,-41.80384],[-73.67794,-41.80472],[-73.67818,-41.80495],[-73.67889,-41.80546],[-73.67952,-41.80598],[-73.679527,-41.805986],[-73.674906,-41.806987]]]},"properties":{"comuna":"Ancud","mancha_id":"10202-88cea8cad1fffff","clase":"Bajo","nivel_medio":1.107,"nivel_medio_min":1.107,"nivel_medio_max":1.107,"pct_alto":3.2,"n_hexagonos":1,"area_ha":22.61}},{"type":"Feature","geometry":{"type":"Polygon","coordinates":[[[-73.584691,-41.809908],[-73.582817,-41.814454],[-73.577071,-41.815693],[-73.5732,-41.812386],[-73.575075,-41.80784],[-73.58082,-41.806601],[-73.584691,-41.809908]]]},"properties":{"comuna":"Ancud","mancha_id":"10202-88cea8ca27fffff","clase":"Bajo","nivel_medio":1.414,"nivel_medio_min":1.414,"nivel_medio_max":1.414,"pct_alto":0.9,"n_hexagonos":1,"area_ha":65.88}},{"type":"Feature","geometry":{"type":"Polygon","coordinates":[[[-73.600307,-41.835535],[-73.598432,-41.840082],[-73.602307,-41.84339],[-73.600433,-41.847937],[-73.594683,-41.849176],[-73.590808,-41.845868],[-73.585059,-41.847106],[-73.583183,-41.851653],[-73.577433,-41.852891],[-73.57356,-41.849582],[-73.575437,-41.845036],[-73.581185,-41.843798],[-73.583061,-41.839252],[-73.588809,-41.838014],[-73.590684,-41.833467],[-73.596432,-41.832228],[-73.600307,-41.835535]]]},"properties":{"comuna":"Ancud","mancha_id":"10202-88cea8ca0dfffff","clase":"Bajo","nivel_medio":1.373,"nivel_medio_min":1.297,"nivel_medio_max":1.483,"pct_alto":1.8,"n_hexagonos":4,"area_ha":263.64}},{"type":"Feature","geometry":{"type":"Polygon","coordinates":[[[-73.58855,-41.79468],[-73.588615,-41.794821],[-73.587186,-41.7936],[-73.58755,-41.79358],[-73.58854,-41.7932],[-73.58892,-41.79314],[-73.58945,-41.79312],[-73.58971,-41.7932],[-73.59019,-41.79346],[-73.59032,-41.79371],[-73.5903,-41.79396],[-73.5901,-41.79417],[-73.59001,-41.79422],[-73.58962,-41.79427],[-73.58905,-41.79423],[-73.58872,-41.79431],[-73.58855,-41.79468]]]},"properties":{"comuna":"Ancud","mancha_id":"10202-88cea8c843fffff","clase":"Bajo","nivel_medio":1.017,"nivel_medio_min":1.017,"nivel_medio_max":1.017,"pct_alto":0.0,"n_hexagonos":1,"area_ha":2.6}},{"type":"Feature","geometry":{"type":"Polygon","coordinates":[[[-73.961897,-41.823409],[-73.960047,-41.827971],[-73.955508,-41.828963],[-73.95528,-41.82883],[-73.95507,-41.82878],[-73.95486,-41.82859],[-73.95483,-41.8284],[-73.95495,-41.82808],[-73.95534,-41.82793],[-73.95631,-41.82782],[-73.95733,-41.82761],[-73.95746,-41.82746],[-73.95738,-41.82736],[-73.95529,-41.82732],[-73.95375,-41.82758],[-73.95306,-41.82751],[-73.95289,-41.82735],[-73.95276,-41.82711],[-73.95258,-41.82624],[-73.95246,-41.82597],[-73.95206,-41.82578],[-73.95182,-41.82575],[-73.95141,-41.82591],[-73.95089,-41.82626],[-73.95081,-41.826298],[-73.950372,-41.825929],[-73.952224,-41.821368],[-73.957986,-41.820108],[-73.961897,-41.823409]]]},"properties":{"comuna":"Ancud","mancha_id":"10202-88cea8c6e9fffff","clase":"Bajo","nivel_medio":1.497,"nivel_medio_min":1.497,"nivel_medio_max":1.497,"pct_alto":12.6,"n_hexagonos":1,"area_ha":60.58}},{"type":"Feature","geometry":{"type":"Polygon","coordinates":[[[-74.008223,-41.825742],[-74.006375,-41.830306],[-74.00061,-41.831569],[-73.996694,-41.828268],[-73.998542,-41.823704],[-74.004307,-41.822441],[-74.008223,-41.825742]]]},"properties":{"comuna":"Ancud","mancha_id":"10202-88cea8c6d9fffff","clase":"Bajo","nivel_medio":1.265,"nivel_medio_min":1.265,"nivel_medio_max":1.265,"pct_alto":0.4,"n_hexagonos":1,"area_ha":66.36}},{"type":"Feature","geometry":{"type":"Polygon","coordinates":[[[-73.930826,-41.809422],[-73.928974,-41.813982],[-73.923213,-41.815241],[-73.919306,-41.811939],[-73.921159,-41.807379],[-73.926919,-41.80612],[-73.930826,-41.809422]]]},"properties":{"comuna":"Ancud","mancha_id":"10202-88cea8c45dfffff","clase":"Bajo","nivel_medio":1.493,"nivel_medio_min":1.493,"nivel_medio_max":1.493,"pct_alto":1.4,"n_hexagonos":1,"area_ha":66.27}},{"type":"Feature","geometry":{"type":"Polygon","coordinates":[[[-73.913547,-41.813197],[-73.911693,-41.817757],[-73.905933,-41.819014],[-73.902028,-41.815712],[-73.903882,-41.811153],[-73.909641,-41.809895],[-73.913547,-41.813197]]]},"properties":{"comuna":"Ancud","mancha_id":"10202-88cea8c441fffff","clase":"Bajo","nivel_medio":1.5,"nivel_medio_min":1.5,"nivel_medio_max":1.5,"pct_alto":3.2,"n_hexagonos":1,"area_ha":66.25}},{"type":"Feature","geometry":{"type":"Polygon","coordinates":[[[-73.903292,-41.773896],[-73.89939,-41.770596],[-73.90104,-41.766538],[-73.90111,-41.76652],[-73.9017,-41.76664],[-73.90214,-41.76727],[-73.90232,-41.76742],[-73.90253,-41.76792],[-73.90293,-41.76821],[-73.90347,-41.76839],[-73.90367,-41.76853],[-73.90375,-41.76853],[-73.90394,-41.76873],[-73.90437,-41.76968],[-73.90472,-41.77001],[-73.9052,-41.77003],[-73.90548,-41.76983],[-73.90607,-41.76921],[-73.90623,-41.76918],[-73.90637,-41.7693],[-73.90634,-41.7696],[-73.90647,-41.77011],[-73.90645,-41.77034],[-73.90616,-41.77055],[-73.90605,-41.77133],[-73.90611,-41.77174],[-73.90619,-41.7718],[-73.90626,-41.77201],[-73.9066,-41.77224],[-73.90682,-41.77222],[-73.90695,-41.77211],[-73.90734,-41.77196],[-73.90774,-41.7721],[-73.90777,-41.77255],[-73.908026,-41.772861],[-73.903292,-41.773896]]]},"properties":{"comuna":"Ancud","mancha_id":"10202-88cea8c435fffff","clase":"Bajo","nivel_medio":1.439,"nivel_medio_min":1.439,"nivel_medio_max":1.439,"pct_alto":10.6,"n_hexagonos":1,"area_ha":28.63}},{"type":"Feature","geometry":{"type":"Polygon","coordinates":[[[-73.895684,-41.779713],[-73.89383,-41.784271],[-73.891098,-41.784868],[-73.89158,-41.78428],[-73.89175,-41.78395],[-73.89182,-41.78327],[-73.89213,-41.78226],[-73.8922,-41.78176],[-73.89218,-41.78168],[-73.89199,-41.7813],[-73.89186,-41.78103],[-73.89206,-41.78053],[-73.89208,-41.78023],[-73.89181,-41.78015],[-73.89154,-41.77997],[-73.89145,-41.77968],[-73.89149,-41.77934],[-73.89119,-41.77889],[-73.89141,-41.77834],[-73.89159,-41.77826],[-73.89173,-41.77828],[-73.89253,-41.77876],[-73.89322,-41.7788],[-73.89386,-41.77895],[-73.89453,-41.77903],[-73.894832,-41.778992],[-73.895684,-41.779713]]]},"properties":{"comuna":"Ancud","mancha_id":"10202-88cea8c421fffff","clase":"Bajo","nivel_medio":1.258,"nivel_medio_min":1.258,"nivel_medio_max":1.258,"pct_alto":0.4,"n_hexagonos":1,"area_ha":15.94}},{"type":"Feature","geometry":{"type":"Polygon","coordinates":[[[-73.656905,-41.914525],[-73.655032,-41.919076],[-73.649272,-41.920316],[-73.645386,-41.917006],[-73.64726,-41.912456],[-73.653019,-41.911216],[-73.656905,-41.914525]]]},"properties":{"comuna":"Ancud","mancha_id":"10202-88cea8c36dfffff","clase":"Bajo","nivel_medio":1.5,"nivel_medio_min":1.5,"nivel_medio_max":1.5,"pct_alto":0.0,"n_hexagonos":1,"area_ha":66.02}},{"type":"Feature","geometry":{"type":"Polygon","coordinates":[[[-73.691465,-41.907075],[-73.689594,-41.911627],[-73.683833,-41.912869],[-73.679945,-41.90956],[-73.674185,-41.910802],[-73.670297,-41.907492],[-73.664538,-41.908734],[-73.660651,-41.905424],[-73.662524,-41.900874],[-73.658638,-41.897565],[-73.652881,-41.898806],[-73.648996,-41.895496],[-73.643239,-41.896737],[-73.639356,-41.893428],[-73.633599,-41.894668],[-73.631725,-41.899217],[-73.625968,-41.900457],[-73.624093,-41.905006],[-73.618336,-41.906244],[-73.614455,-41.902934],[-73.61633,-41.898386],[-73.622086,-41.897147],[-73.623961,-41.892598],[-73.629717,-41.891358],[-73.631591,-41.886809],[-73.62771,-41.8835],[-73.629584,-41.878952],[-73.635339,-41.877711],[-73.63922,-41.88102],[-73.637347,-41.885569],[-73.641229,-41.888878],[-73.646986,-41.887638],[-73.650869,-41.890946],[-73.656626,-41.889705],[-73.660511,-41.893014],[-73.666269,-41.891773],[-73.670154,-41.895081],[-73.668283,-41.899632],[-73.672169,-41.902941],[-73.677928,-41.901699],[-73.681816,-41.905008],[-73.687576,-41.903766],[-73.691465,-41.907075]]]},"properties":{"comuna":"Ancud","mancha_id":"10202-88cea8c309fffff","clase":"Bajo","nivel_medio":1.324,"nivel_medio_min":1.177,"nivel_medio_max":1.497,"pct_alto":1.9,"n_hexagonos":10,"area_ha":660.11}},{"type":"Feature","geometry":{"type":"Polygon","coordinates":[[[-73.7838,-41.88613],[-73.784099,-41.886031],[-73.783644,-41.887142],[-73.781376,-41.887634],[-73.78266,-41.88668],[-73.7838,-41.88613]]]},"properties":{"comuna":"Ancud","mancha_id":"10202-88cea8c2e1fffff","clase":"Bajo","nivel_medio":0.776,"nivel_medio_min":0.776,"nivel_medio_max":0.776,"pct_alto":21.2,"n_hexagonos":1,"area_ha":1.33}},{"type":"Feature","geometry":{"type":"Polygon","coordinates":[[[-73.77837,-41.88827],[-73.778413,-41.888276],[-73.777882,-41.888391],[-73.777462,-41.888035],[-73.77837,-41.88827]]]},"properties":{"comuna":"Ancud","mancha_id":"10202-88cea8c2e1fffff-2","clase":"Bajo","nivel_medio":0.776,"nivel_medio_min":0.776,"nivel_medio_max":0.776,"pct_alto":21.2,"n_hexagonos":1,"area_ha":0.11}},{"type":"Feature","geometry":{"type":"Polygon","coordinates":[[[-73.773818,-41.872668],[-73.769923,-41.869361],[-73.771028,-41.866662],[-73.77191,-41.86704],[-73.77392,-41.8678],[-73.77415,-41.86793],[-73.77572,-41.86839],[-73.77594,-41.86841],[-73.77662,-41.86862],[-73.77774,-41.86886],[-73.77977,-41.86915],[-73.780495,-41.869179],[-73.779578,-41.871419],[-73.773818,-41.872668]]]},"properties":{"comuna":"Ancud","mancha_id":"10202-88cea8c2adfffff","clase":"Bajo","nivel_medio":1.237,"nivel_medio_min":1.237,"nivel_medio_max":1.237,"pct_alto":19.9,"n_hexagonos":1,"area_ha":32.21}},{"type":"Feature","geometry":{"type":"Polygon","coordinates":[[[-73.79117,-41.87265],[-73.79096,-41.87259],[-73.78969,-41.872364],[-73.790935,-41.869321],[-73.79234,-41.86909],[-73.79367,-41.86885],[-73.79457,-41.86854],[-73.79508,-41.86823],[-73.795194,-41.868032],[-73.796859,-41.867671],[-73.799736,-41.87011],[-73.79968,-41.87053],[-73.79925,-41.87159],[-73.79813,-41.87208],[-73.79728,-41.87176],[-73.79659,-41.87121],[-73.79616,-41.87074],[-73.7956,-41.87039],[-73.795,-41.8703],[-73.79456,-41.87031],[-73.7944,-41.8705],[-73.79431,-41.87078],[-73.79453,-41.87111],[-73.7947,-41.87136],[-73.79466,-41.8716],[-73.79448,-41.87171],[-73.79393,-41.87201],[-73.79339,-41.87212],[-73.79212,-41.87259],[-73.79147,-41.87269],[-73.79132,-41.87267],[-73.79117,-41.87265]]]},"properties":{"comuna":"Ancud","mancha_id":"10202-88cea8c285fffff","clase":"Bajo","nivel_medio":1.334,"nivel_medio_min":1.334,"nivel_medio_max":1.334,"pct_alto":27.2,"n_hexagonos":1,"area_ha":25.89}},{"type":"Feature","geometry":{"type":"Polygon","coordinates":[[[-73.808555,-41.877589],[-73.802793,-41.878839],[-73.80093,-41.883395],[-73.795168,-41.884644],[-73.79127,-41.881338],[-73.787228,-41.882214],[-73.78816,-41.88171],[-73.78824,-41.88171],[-73.78827,-41.88163],[-73.78837,-41.8816],[-73.7886,-41.88138],[-73.78884,-41.88108],[-73.78899,-41.88046],[-73.78918,-41.88024],[-73.78992,-41.87952],[-73.78947,-41.87947],[-73.78916,-41.87942],[-73.78876,-41.87931],[-73.78836,-41.87914],[-73.78812,-41.87895],[-73.78788,-41.87868],[-73.78753,-41.87819],[-73.78837,-41.87778],[-73.78862,-41.87805],[-73.78903,-41.87861],[-73.78926,-41.87882],[-73.7899,-41.87913],[-73.7903,-41.8792],[-73.79095,-41.87867],[-73.79161,-41.87797],[-73.79186,-41.87764],[-73.79211,-41.87697],[-73.792577,-41.876311],[-73.79279,-41.87601],[-73.79325,-41.87574],[-73.79364,-41.8756],[-73.795,-41.87539],[-73.79539,-41.87529],[-73.79791,-41.87497],[-73.7983,-41.87484],[-73.79849,-41.87484],[-73.79928,-41.874589],[-73.79956,-41.8745],[-73.8001,-41.8739],[-73.79994,-41.87378],[-73.80014,-41.87361],[-73.80036,-41.87374],[-73.80089,-41.87344],[-73.80144,-41.87304],[-73.80184,-41.87246],[-73.80188,-41.8715],[-73.80241,-41.87073],[-73.802458,-41.870608],[-73.806518,-41.869727],[-73.808381,-41.86517],[-73.814141,-41.86392],[-73.816003,-41.859363],[-73.819677,-41.858565],[-73.82005,-41.85883],[-73.82046,-41.85899],[-73.82074,-41.8591],[-73.82113,-41.85908],[-73.82129,-41.85904],[-73.82183,-41.85867],[-73.82199,-41.85866],[-73.82212,-41.85892],[-73.82231,-41.85908],[-73.82255,-41.85919],[-73.82306,-41.85929],[-73.823153,-41.85929],[-73.825663,-41.861417],[-73.830504,-41.860365],[-73.83042,-41.8608],[-73.83059,-41.8611],[-73.83078,-41.86128],[-73.83091,-41.86135],[-73.83128,-41.86143],[-73.8315,-41.86142],[-73.83173,-41.86135],[-73.83204,-41.86093],[-73.83212,-41.86088],[-73.83227,-41.86091],[-73.83236,-41.86111],[-73.83231,-41.86151],[-73.83222,-41.86164],[-73.83231,-41.86222],[-73.83227,-41.86241],[-73.83197,-41.86292],[-73.832,-41.86318],[-73.83211,-41.86338],[-73.83214,-41.86357],[-73.83194,-41.86415],[-73.83181,-41.86492],[-73.83174,-41.86511],[-73.83153,-41.86539],[-73.83152,-41.86549],[-73.83163,-41.86591],[-73.83175,-41.86618],[-73.83174,-41.86632],[-73.8323,-41.86637],[-73.83291,-41.86683],[-73.83284,-41.8669],[-73.83225,-41.86649],[-73.83191,-41.86646],[-73.83148,-41.86646],[-73.83141,-41.86671],[-73.83208,-41.8669],[-73.83203,-41.86697],[-73.83137,-41.86677],[-73.83134,-41.86685],[-73.83085,-41.86675],[-73.83098,-41.86639],[-73.83052,-41.86672],[-73.83057,-41.86729],[-73.83101,-41.86797],[-73.8311,-41.86848],[-73.831057,-41.86855],[-73.8309,-41.86881],[-73.83073,-41.86898],[-73.83057,-41.86931],[-73.83036,-41.86999],[-73.83009,-41.87049],[-73.83001,-41.87079],[-73.8298,-41.87101],[-73.8295,-41.87117],[-73.82934,-41.87133],[-73.82917,-41.87149],[-73.82911,-41.87166],[-73.82927,-41.87224],[-73.82961,-41.87252],[-73.83,-41.873],[-73.83005,-41.87319],[-73.83018,-41.87332],[-73.83088,-41.87402],[-73.83219,-41.87477],[-73.83315,-41.87514],[-73.8345,-41.87561],[-73.835508,-41.875888],[-73.835507,-41.87589],[-73.839409,-41.879196],[-73.837549,-41.883753],[-73.831785,-41.885005],[-73.827882,-41.881699],[-73.829744,-41.877142],[-73.825842,-41.873836],[-73.82008,-41.875087],[-73.818218,-41.879644],[-73.812455,-41.880895],[-73.808555,-41.877589]]]},"properties":{"comuna":"Ancud","mancha_id":"10202-88cea8c281fffff","clase":"Bajo","nivel_medio":1.09,"nivel_medio_min":0.506,"nivel_medio_max":1.45,"pct_alto":27.9,"n_hexagonos":11,"area_ha":550.37}},{"type":"Feature","geometry":{"type":"Polygon","coordinates":[[[-73.73751,-41.92954],[-73.738529,-41.930111],[-73.73413,-41.931061],[-73.732886,-41.930003],[-73.73409,-41.92975],[-73.73535,-41.92943],[-73.73622,-41.92927],[-73.73664,-41.92929],[-73.73751,-41.92954]]]},"properties":{"comuna":"Ancud","mancha_id":"10202-88cea8c26bfffff","clase":"Bajo","nivel_medio":1.258,"nivel_medio_min":1.258,"nivel_medio_max":1.258,"pct_alto":4.0,"n_hexagonos":1,"area_ha":5.03}},{"type":"Feature","geometry":{"type":"Polygon","coordinates":[[[-73.722446,-41.921133],[-73.72821,-41.919888],[-73.732104,-41.923197],[-73.736707,-41.922203],[-73.73672,-41.92259],[-73.73663,-41.92322],[-73.73649,-41.92379],[-73.73649,-41.92408],[-73.73633,-41.92428],[-73.73596,-41.9245],[-73.73441,-41.92509],[-73.73374,-41.92529],[-73.73342,-41.92531],[-73.73329,-41.92531],[-73.73253,-41.92525],[-73.73203,-41.92525],[-73.731291,-41.925179],[-73.72964,-41.92502],[-73.72872,-41.92497],[-73.72802,-41.92482],[-73.72698,-41.92451],[-73.72654,-41.92445],[-73.72593,-41.92443],[-73.72442,-41.92407],[-73.72384,-41.924],[-73.72274,-41.92355],[-73.72219,-41.92346],[-73.72173,-41.92347],[-73.721449,-41.923561],[-73.722446,-41.921133]]]},"properties":{"comuna":"Ancud","mancha_id":"10202-88cea8c261fffff","clase":"Bajo","nivel_medio":1.17,"nivel_medio_min":1.143,"nivel_medio_max":1.258,"pct_alto":2.6,"n_hexagonos":2,"area_ha":42.81}},{"type":"Feature","geometry":{"type":"Polygon","coordinates":[[[-73.72677,-41.92736],[-73.727474,-41.928347],[-73.724471,-41.928996],[-73.722601,-41.933549],[-73.716837,-41.934793],[-73.714967,-41.939347],[-73.709202,-41.94059],[-73.707331,-41.945143],[-73.701566,-41.946386],[-73.697673,-41.943075],[-73.699544,-41.938522],[-73.705308,-41.93728],[-73.707179,-41.932727],[-73.703287,-41.929417],[-73.705158,-41.924864],[-73.71092,-41.923621],[-73.714813,-41.92693],[-73.718318,-41.926174],[-73.71798,-41.92639],[-73.71678,-41.92693],[-73.71579,-41.927],[-73.71531,-41.92717],[-73.71507,-41.92731],[-73.71502,-41.92762],[-73.71512,-41.92779],[-73.71562,-41.92787],[-73.71687,-41.92784],[-73.71767,-41.92789],[-73.71797,-41.92798],[-73.71827,-41.92812],[-73.71869,-41.92848],[-73.71881,-41.92854],[-73.71927,-41.92846],[-73.71933,-41.92833],[-73.71961,-41.92798],[-73.72006,-41.9276],[-73.72071,-41.92718],[-73.721774,-41.926704],[-73.72194,-41.92663],[-73.72283,-41.92633],[-73.72354,-41.9262],[-73.72403,-41.92611],[-73.72482,-41.92614],[-73.72512,-41.92619],[-73.72574,-41.92647],[-73.72615,-41.92678],[-73.72677,-41.92736]]]},"properties":{"comuna":"Ancud","mancha_id":"10202-88cea8c261fffff-2","clase":"Bajo","nivel_medio":1.302,"nivel_medio_min":1.143,"nivel_medio_max":1.401,"pct_alto":6.5,"n_hexagonos":5,"area_ha":264.84}},{"type":"Feature","geometry":{"type":"Polygon","coordinates":[[[-73.776519,-41.930203],[-73.78042,-41.933512],[-73.786187,-41.932265],[-73.790088,-41.935573],[-73.795856,-41.934325],[-73.797721,-41.929769],[-73.803488,-41.92852],[-73.807391,-41.931828],[-73.813159,-41.930579],[-73.817064,-41.933887],[-73.8152,-41.938445],[-73.809431,-41.939694],[-73.807566,-41.944251],[-73.801797,-41.9455],[-73.801529,-41.946155],[-73.80153,-41.94611],[-73.80137,-41.94601],[-73.80128,-41.94585],[-73.8012,-41.94583],[-73.80112,-41.94558],[-73.801149,-41.944951],[-73.80117,-41.9445],[-73.80124,-41.94441],[-73.80142,-41.94418],[-73.80202,-41.94365],[-73.80221,-41.94349],[-73.8027,-41.94314],[-73.8041,-41.94232],[-73.80469,-41.94208],[-73.80527,-41.94183],[-73.80663,-41.94153],[-73.80742,-41.94124],[-73.80802,-41.94082],[-73.80817,-41.94065],[-73.80844,-41.94033],[-73.8081,-41.93988],[-73.8079,-41.9399],[-73.80763,-41.93992],[-73.80686,-41.93974],[-73.80654,-41.93957],[-73.80608,-41.93919],[-73.80565,-41.93892],[-73.80478,-41.93882],[-73.80423,-41.93895],[-73.80394,-41.93906],[-73.80348,-41.93932],[-73.80325,-41.93936],[-73.80258,-41.93938],[-73.8018,-41.93919],[-73.80168,-41.93911],[-73.80122,-41.9391],[-73.80009,-41.93926],[-73.79964,-41.93939],[-73.799015,-41.939452],[-73.79873,-41.93948],[-73.79738,-41.93933],[-73.79715,-41.93924],[-73.7967,-41.93917],[-73.79603,-41.939],[-73.79535,-41.93893],[-73.79472,-41.93894],[-73.79333,-41.93942],[-73.79323,-41.93942],[-73.79262,-41.93981],[-73.79213,-41.94013],[-73.79103,-41.94037],[-73.79058,-41.94051],[-73.79012,-41.94058],[-73.789284,-41.94103],[-73.78921,-41.94107],[-73.78901,-41.94125],[-73.78864,-41.94146],[-73.78833,-41.94154],[-73.78797,-41.94157],[-73.78748,-41.94128],[-73.78704,-41.94087],[-73.786335,-41.940538],[-73.78619,-41.94047],[-73.7853,-41.94025],[-73.7851,-41.94012],[-73.78465,-41.93999],[-73.78352,-41.93987],[-73.78323,-41.93976],[-73.78309,-41.93977],[-73.78256,-41.93945],[-73.78179,-41.93914],[-73.78155,-41.93889],[-73.78117,-41.93805],[-73.78096,-41.93772],[-73.78053,-41.93734],[-73.78045,-41.93733],[-73.7804,-41.93724],[-73.78002,-41.937],[-73.77982,-41.93686],[-73.77974,-41.93686],[-73.779182,-41.936533],[-73.77899,-41.93642],[-73.77836,-41.936],[-73.77751,-41.93527],[-73.77621,-41.9345],[-73.77569,-41.93398],[-73.77469,-41.93345],[-73.77449,-41.93334],[-73.77412,-41.93278],[-73.77393,-41.93258],[-73.77342,-41.93222],[-73.7734,-41.93213],[-73.77267,-41.93174],[-73.771222,-41.931349],[-73.776519,-41.930203]]]},"properties":{"comuna":"Ancud","mancha_id":"10202-88cea8c259fffff","clase":"Bajo","nivel_medio":1.225,"nivel_medio_min":0.853,"nivel_medio_max":1.469,"pct_alto":3.2,"n_hexagonos":8,"area_ha":289.8}},{"type":"Feature","geometry":{"type":"Polygon","coordinates":[[[-73.76872,-41.923586],[-73.766854,-41.928141],[-73.770276,-41.931046],[-73.76991,-41.93092],[-73.7697,-41.93077],[-73.76949,-41.9307],[-73.76833,-41.93058],[-73.76775,-41.93056],[-73.76746,-41.93046],[-73.7666,-41.93011],[-73.76516,-41.92938],[-73.76458,-41.92916],[-73.76401,-41.92895],[-73.763586,-41.928848],[-73.76343,-41.92881],[-73.76256,-41.92848],[-73.76149,-41.92817],[-73.7613,-41.92805],[-73.76094,-41.92795],[-73.76056,-41.92765],[-73.76039,-41.92744],[-73.76019,-41.92678],[-73.76018,-41.92657],[-73.76029,-41.9257],[-73.76045,-41.92527],[-73.76063,-41.92484],[-73.7609,-41.9244],[-73.76161,-41.92354],[-73.76228,-41.9229],[-73.76298,-41.92182],[-73.763047,-41.920661],[-73.764822,-41.920277],[-73.76872,-41.923586]]]},"properties":{"comuna":"Ancud","mancha_id":"10202-88cea8c255fffff","clase":"Bajo","nivel_medio":1.357,"nivel_medio_min":0.995,"nivel_medio_max":1.408,"pct_alto":6.5,"n_hexagonos":2,"area_ha":50.26}},{"type":"Feature","geometry":{"type":"Polygon","coordinates":[[[-73.753455,-41.935189],[-73.751587,-41.939744],[-73.755485,-41.943053],[-73.761252,-41.941808],[-73.762612,-41.938491],[-73.76311,-41.93835],[-73.76498,-41.93767],[-73.76575,-41.93745],[-73.76605,-41.93746],[-73.76618,-41.93756],[-73.76626,-41.93772],[-73.76621,-41.93791],[-73.76514,-41.93896],[-73.76496,-41.93947],[-73.76481,-41.9399],[-73.76423,-41.94066],[-73.76354,-41.94124],[-73.76291,-41.94162],[-73.7626,-41.94178],[-73.76227,-41.94188],[-73.76196,-41.94191],[-73.76191,-41.94197],[-73.76162,-41.94204],[-73.761568,-41.942076],[-73.76118,-41.94234],[-73.76034,-41.94317],[-73.76023,-41.94337],[-73.76022,-41.94364],[-73.760309,-41.94368],[-73.76044,-41.94374],[-73.76065,-41.94382],[-73.76138,-41.94392],[-73.76173,-41.94421],[-73.76192,-41.94467],[-73.7621,-41.94488],[-73.76235,-41.945],[-73.76339,-41.94497],[-73.764397,-41.944477],[-73.7648,-41.94428],[-73.76508,-41.94419],[-73.76523,-41.94419],[-73.76529,-41.94426],[-73.76528,-41.94427],[-73.76627,-41.944876],[-73.765152,-41.945117],[-73.763284,-41.949673],[-73.757516,-41.950919],[-73.755648,-41.955474],[-73.759548,-41.958784],[-73.765317,-41.957538],[-73.769218,-41.960848],[-73.774987,-41.959602],[-73.776855,-41.955046],[-73.772953,-41.951736],[-73.773345,-41.950779],[-73.77482,-41.95099],[-73.77515,-41.95126],[-73.77521,-41.95138],[-73.77559,-41.95174],[-73.77614,-41.952],[-73.77648,-41.95233],[-73.77692,-41.95269],[-73.77713,-41.95271],[-73.77738,-41.95295],[-73.77743,-41.95314],[-73.77764,-41.95307],[-73.77803,-41.95275],[-73.78005,-41.95181],[-73.78064,-41.9514],[-73.78101,-41.95122],[-73.78207,-41.95111],[-73.783549,-41.951541],[-73.78365,-41.95157],[-73.78516,-41.95183],[-73.7855,-41.95209],[-73.78571,-41.95246],[-73.78581,-41.95286],[-73.78582,-41.95323],[-73.78595,-41.95356],[-73.78623,-41.95399],[-73.78643,-41.95416],[-73.78723,-41.95448],[-73.78839,-41.95502],[-73.79059,-41.95622],[-73.790603,-41.956228],[-73.79099,-41.95646],[-73.79233,-41.9577],[-73.79261,-41.95788],[-73.79286,-41.95789],[-73.79326,-41.95757],[-73.79349,-41.95717],[-73.793476,-41.956862],[-73.79346,-41.95649],[-73.79366,-41.95623],[-73.79388,-41.95614],[-73.79444,-41.95618],[-73.79462,-41.95615],[-73.79483,-41.95603],[-73.79486,-41.95581],[-73.7946,-41.954],[-73.79468,-41.95369],[-73.79504,-41.95338],[-73.7954,-41.95331],[-73.79684,-41.95347],[-73.79777,-41.95362],[-73.79838,-41.95364],[-73.79997,-41.95331],[-73.80047,-41.95315],[-73.80078,-41.95297],[-73.80167,-41.95292],[-73.801754,-41.952893],[-73.801929,-41.952809],[-73.80209,-41.95274],[-73.80243,-41.95252],[-73.802671,-41.952379],[-73.803836,-41.953366],[-73.809606,-41.952118],[-73.813512,-41.955427],[-73.811647,-41.959985],[-73.805876,-41.961233],[-73.80401,-41.965791],[-73.807916,-41.969101],[-73.80605,-41.973658],[-73.800278,-41.974906],[-73.796373,-41.971596],[-73.790601,-41.972843],[-73.788734,-41.9774],[-73.782962,-41.978646],[-73.779058,-41.975336],[-73.773287,-41.976582],[-73.769384,-41.973271],[-73.763613,-41.974517],[-73.759712,-41.971206],[-73.76158,-41.96665],[-73.75768,-41.96334],[-73.75191,-41.964585],[-73.750041,-41.96914],[-73.744272,-41.970385],[-73.740373,-41.967074],[-73.742242,-41.962519],[-73.748011,-41.961274],[-73.74988,-41.956719],[-73.745981,-41.953409],[-73.740213,-41.954654],[-73.738344,-41.959208],[-73.732576,-41.960452],[-73.728679,-41.957142],[-73.730549,-41.952587],[-73.736316,-41.951343],[-73.738185,-41.946789],[-73.734288,-41.943479],[-73.736157,-41.938924],[-73.741672,-41.937734],[-73.74169,-41.93777],[-73.74173,-41.93797],[-73.7417,-41.93837],[-73.74177,-41.9388],[-73.74196,-41.93925],[-73.7421,-41.93939],[-73.74246,-41.93953],[-73.74285,-41.93962],[-73.74411,-41.93976],[-73.744359,-41.939748],[-73.74493,-41.93972],[-73.7454,-41.93949],[-73.7458,-41.93919],[-73.74654,-41.93852],[-73.74673,-41.93829],[-73.74673,-41.93795],[-73.74673,-41.93788],[-73.74672,-41.93782],[-73.74656,-41.93695],[-73.74666,-41.93656],[-73.74694,-41.93614],[-73.74709,-41.93601],[-73.74779,-41.93556],[-73.74801,-41.93532],[-73.7481,-41.93514],[-73.7481,-41.93459],[-73.748,-41.93421],[-73.74786,-41.93394],[-73.7473,-41.93322],[-73.74719,-41.93295],[-73.74731,-41.9325],[-73.747405,-41.932345],[-73.74767,-41.93191],[-73.7478,-41.93144],[-73.748,-41.93103],[-73.74818,-41.93078],[-73.74884,-41.92989],[-73.74924,-41.92968],[-73.749639,-41.929822],[-73.749951,-41.930001],[-73.75,-41.93003],[-73.75007,-41.930069],[-73.750266,-41.93015],[-73.749557,-41.93188],[-73.753455,-41.935189]]]},"properties":{"comuna":"Ancud","mancha_id":"10202-88cea8c241fffff","clase":"Bajo","nivel_medio":1.221,"nivel_medio_min":0.639,"nivel_medio_max":1.487,"pct_alto":4.7,"n_hexagonos":26,"area_ha":1446.28}},{"type":"Feature","geometry":{"type":"Polygon","coordinates":[[[-73.746472,-41.916978],[-73.7455,-41.916153],[-73.746975,-41.912556],[-73.74695,-41.91263],[-73.7468,-41.91309],[-73.74674,-41.91369],[-73.74675,-41.91426],[-73.74655,-41.9157],[-73.746472,-41.916978]]]},"properties":{"comuna":"Ancud","mancha_id":"10202-88cea8c201fffff","clase":"Bajo","nivel_medio":1.327,"nivel_medio_min":1.327,"nivel_medio_max":1.327,"pct_alto":19.8,"n_hexagonos":1,"area_ha":1.94}},{"type":"Feature","geometry":{"type":"Polygon","coordinates":[[[-73.665702,-41.84214],[-73.663832,-41.84669],[-73.667714,-41.849997],[-73.673467,-41.848754],[-73.677351,-41.852061],[-73.675481,-41.856611],[-73.679365,-41.859918],[-73.677495,-41.864469],[-73.67174,-41.865712],[-73.667856,-41.862404],[-73.669727,-41.857854],[-73.665844,-41.854547],[-73.66009,-41.855789],[-73.658219,-41.860339],[-73.662102,-41.863647],[-73.66023,-41.868197],[-73.654476,-41.869439],[-73.650593,-41.866131],[-73.644839,-41.867372],[-73.640958,-41.864064],[-73.635204,-41.865305],[-73.631324,-41.861997],[-73.633197,-41.857448],[-73.63895,-41.856207],[-73.64283,-41.859515],[-73.648583,-41.858274],[-73.650455,-41.853724],[-73.656208,-41.852482],[-73.658079,-41.847933],[-73.654198,-41.844626],[-73.648446,-41.845868],[-73.646574,-41.850417],[-73.640822,-41.851658],[-73.636942,-41.848351],[-73.638814,-41.843802],[-73.644566,-41.842561],[-73.646437,-41.838012],[-73.652188,-41.83677],[-73.656069,-41.840076],[-73.66182,-41.838834],[-73.665702,-41.84214]]]},"properties":{"comuna":"Ancud","mancha_id":"10202-88cea8c105fffff","clase":"Bajo","nivel_medio":1.27,"nivel_medio_min":1.068,"nivel_medio_max":1.488,"pct_alto":1.9,"n_hexagonos":10,"area_ha":659.9}},{"type":"Feature","geometry":{"type":"Polygon","coordinates":[[[-73.802116,-41.841455],[-73.802273,-41.841588],[-73.801997,-41.842263],[-73.80196,-41.84219],[-73.8019,-41.8419],[-73.80193,-41.84169],[-73.80207,-41.84149],[-73.802116,-41.841455]]]},"properties":{"comuna":"Ancud","mancha_id":"10202-88cea8c0cbfffff","clase":"Bajo","nivel_medio":1.008,"nivel_medio_min":1.008,"nivel_medio_max":1.008,"pct_alto":0.0,"n_hexagonos":1,"area_ha":0.14}},{"type":"Feature","geometry":{"type":"Polygon","coordinates":[[[-73.719959,-41.876029],[-73.718091,-41.880581],[-73.712333,-41.881826],[-73.708443,-41.878519],[-73.710312,-41.873967],[-73.71607,-41.872722],[-73.719959,-41.876029]]]},"properties":{"comuna":"Ancud","mancha_id":"10202-88cea8c069fffff","clase":"Bajo","nivel_medio":1.362,"nivel_medio_min":1.362,"nivel_medio_max":1.362,"pct_alto":7.3,"n_hexagonos":1,"area_ha":66.07}},{"type":"Feature","geometry":{"type":"Polygon","coordinates":[[[-73.708292,-41.866107],[-73.706423,-41.870659],[-73.700666,-41.871904],[-73.698797,-41.876455],[-73.69304,-41.877699],[-73.69117,-41.882251],[-73.685412,-41.883494],[-73.681526,-41.880186],[-73.683396,-41.875635],[-73.67951,-41.872327],[-73.68138,-41.867776],[-73.687136,-41.866533],[-73.691022,-41.86984],[-73.696779,-41.868596],[-73.698648,-41.864045],[-73.704404,-41.8628],[-73.706272,-41.858249],[-73.712028,-41.857003],[-73.715916,-41.86031],[-73.714048,-41.864862],[-73.708292,-41.866107]]]},"properties":{"comuna":"Ancud","mancha_id":"10202-88cea8c065fffff","clase":"Bajo","nivel_medio":1.376,"nivel_medio_min":1.272,"nivel_medio_max":1.423,"pct_alto":0.6,"n_hexagonos":5,"area_ha":330.23}},{"type":"Feature","geometry":{"type":"Polygon","coordinates":[[[-73.741286,-41.888013],[-73.739418,-41.892566],[-73.733658,-41.893812],[-73.729765,-41.890504],[-73.731633,-41.885951],[-73.737393,-41.884705],[-73.741286,-41.888013]]]},"properties":{"comuna":"Ancud","mancha_id":"10202-88cea8c049fffff","clase":"Bajo","nivel_medio":1.088,"nivel_medio_min":1.088,"nivel_medio_max":1.088,"pct_alto":0.6,"n_hexagonos":1,"area_ha":66.1}},{"type":"Feature","geometry":{"type":"Polygon","coordinates":[[[-73.711876,-41.844593],[-73.710008,-41.849145],[-73.704253,-41.85039],[-73.700367,-41.847084],[-73.702235,-41.842533],[-73.707989,-41.841287],[-73.711876,-41.844593]]]},"properties":{"comuna":"Ancud","mancha_id":"10202-88cea8c025fffff","clase":"Bajo","nivel_medio":1.47,"nivel_medio_min":1.47,"nivel_medio_max":1.47,"pct_alto":3.6,"n_hexagonos":1,"area_ha":66.04}},{"type":"Feature","geometry":{"type":"Polygon","coordinates":[[[-73.733186,-41.856572],[-73.731319,-41.861125],[-73.73521,-41.864432],[-73.733343,-41.868985],[-73.727585,-41.870231],[-73.723695,-41.866924],[-73.725562,-41.862371],[-73.721673,-41.859064],[-73.72354,-41.854512],[-73.729296,-41.853266],[-73.733186,-41.856572]]]},"properties":{"comuna":"Ancud","mancha_id":"10202-88cea8c005fffff","clase":"Bajo","nivel_medio":1.255,"nivel_medio_min":1.196,"nivel_medio_max":1.314,"pct_alto":3.8,"n_hexagonos":2,"area_ha":132.15}},{"type":"Feature","geometry":{"type":"Polygon","coordinates":[[[-74.016382,-42.065365],[-74.014526,-42.069933],[-74.008735,-42.07119],[-74.0048,-42.067879],[-74.006657,-42.063311],[-74.012447,-42.062054],[-74.016382,-42.065365]]]},"properties":{"comuna":"Ancud","mancha_id":"10202-88cea89b19fffff","clase":"Bajo","nivel_medio":1.475,"nivel_medio_min":1.475,"nivel_medio_max":1.475,"pct_alto":6.8,"n_hexagonos":1,"area_ha":66.52}},{"type":"Feature","geometry":{"type":"Polygon","coordinates":[[[-74.044177,-42.100992],[-74.042322,-42.105562],[-74.036525,-42.10682],[-74.03467,-42.111389],[-74.028873,-42.112646],[-74.024933,-42.109334],[-74.019137,-42.110591],[-74.01728,-42.11516],[-74.011484,-42.116416],[-74.007545,-42.113103],[-74.00175,-42.114358],[-73.997812,-42.111046],[-73.992017,-42.112301],[-73.990158,-42.116868],[-73.984363,-42.118123],[-73.980428,-42.11481],[-73.982287,-42.110242],[-73.988081,-42.108988],[-73.98994,-42.10442],[-73.986005,-42.101107],[-73.987864,-42.09654],[-73.983929,-42.093228],[-73.978137,-42.094482],[-73.974204,-42.09117],[-73.976063,-42.086603],[-73.981854,-42.085348],[-73.983713,-42.080781],[-73.989504,-42.079526],[-73.993438,-42.082838],[-73.99923,-42.081582],[-74.003165,-42.084893],[-74.008958,-42.083637],[-74.010814,-42.079069],[-74.016606,-42.077812],[-74.020543,-42.081123],[-74.026336,-42.079866],[-74.030274,-42.083177],[-74.028418,-42.087746],[-74.032357,-42.091057],[-74.030501,-42.095626],[-74.034441,-42.098938],[-74.040236,-42.09768],[-74.044177,-42.100992]]]},"properties":{"comuna":"Ancud","mancha_id":"10202-88cea89a45fffff","clase":"Bajo","nivel_medio":1.129,"nivel_medio_min":1.0,"nivel_medio_max":1.373,"pct_alto":0.6,"n_hexagonos":23,"area_ha":1530.27}},{"type":"Feature","geometry":{"type":"Polygon","coordinates":[[[-74.024254,-42.071986],[-74.026109,-42.067417],[-74.028433,-42.066913],[-74.02838,-42.06851],[-74.02841,-42.06944],[-74.02847,-42.07004],[-74.02859,-42.0705],[-74.02887,-42.07097],[-74.029,-42.07116],[-74.02962,-42.07183],[-74.02991,-42.07206],[-74.0303,-42.07226],[-74.03077,-42.07246],[-74.03172,-42.07269],[-74.033,-42.07304],[-74.03334,-42.07315],[-74.03367,-42.07332],[-74.034078,-42.073808],[-74.033984,-42.074039],[-74.028191,-42.075297],[-74.024254,-42.071986]]]},"properties":{"comuna":"Ancud","mancha_id":"10202-88cea89a21fffff","clase":"Bajo","nivel_medio":1.296,"nivel_medio_min":1.296,"nivel_medio_max":1.296,"pct_alto":17.2,"n_hexagonos":1,"area_ha":32.45}},{"type":"Feature","geometry":{"type":"Polygon","coordinates":[[[-73.968566,-41.988324],[-73.96671,-41.992889],[-73.960929,-41.994145],[-73.957005,-41.990837],[-73.958862,-41.986272],[-73.964642,-41.985016],[-73.968566,-41.988324]]]},"properties":{"comuna":"Ancud","mancha_id":"10202-88cea89935fffff","clase":"Bajo","nivel_medio":1.403,"nivel_medio_min":1.403,"nivel_medio_max":1.403,"pct_alto":2.6,"n_hexagonos":1,"area_ha":66.42}},{"type":"Feature","geometry":{"type":"Polygon","coordinates":[[[-73.943587,-41.997912],[-73.941729,-42.002476],[-73.935948,-42.003731],[-73.932026,-42.000421],[-73.926245,-42.001675],[-73.924386,-42.006239],[-73.918605,-42.007492],[-73.914685,-42.004182],[-73.908905,-42.005435],[-73.904986,-42.002126],[-73.906846,-41.997563],[-73.902927,-41.994254],[-73.897149,-41.995506],[-73.893232,-41.992197],[-73.895092,-41.987635],[-73.90087,-41.986382],[-73.90273,-41.98182],[-73.908507,-41.980567],[-73.910367,-41.976005],[-73.90645,-41.972696],[-73.900673,-41.97395],[-73.896757,-41.970641],[-73.890981,-41.971894],[-73.889121,-41.976455],[-73.893037,-41.979764],[-73.891176,-41.984326],[-73.885399,-41.985578],[-73.881484,-41.982268],[-73.883345,-41.977707],[-73.87943,-41.974398],[-73.881291,-41.969837],[-73.877378,-41.966529],[-73.879239,-41.961968],[-73.875326,-41.95866],[-73.869552,-41.959911],[-73.867691,-41.964472],[-73.871603,-41.96778],[-73.869742,-41.972341],[-73.863967,-41.973592],[-73.860055,-41.970283],[-73.85428,-41.971534],[-73.850369,-41.968225],[-73.852232,-41.963665],[-73.848322,-41.960356],[-73.842549,-41.961606],[-73.83864,-41.958297],[-73.840503,-41.953738],[-73.836595,-41.95043],[-73.838458,-41.945871],[-73.844229,-41.944621],[-73.848138,-41.947929],[-73.853909,-41.946678],[-73.857819,-41.949986],[-73.855957,-41.954546],[-73.859867,-41.957854],[-73.86564,-41.956603],[-73.867502,-41.952043],[-73.863591,-41.948735],[-73.865452,-41.944175],[-73.871224,-41.942923],[-73.875135,-41.946231],[-73.880907,-41.944978],[-73.882767,-41.940418],[-73.888539,-41.939164],[-73.892452,-41.942472],[-73.898225,-41.941218],[-73.902139,-41.944526],[-73.907912,-41.943271],[-73.911827,-41.946579],[-73.909969,-41.951141],[-73.913885,-41.954448],[-73.912027,-41.95901],[-73.915944,-41.962318],[-73.921719,-41.961064],[-73.925637,-41.964371],[-73.931414,-41.963116],[-73.933271,-41.958554],[-73.939047,-41.957298],[-73.940904,-41.952735],[-73.946679,-41.951479],[-73.950599,-41.954786],[-73.948743,-41.959349],[-73.942967,-41.960605],[-73.94111,-41.965169],[-73.94503,-41.968476],[-73.950808,-41.96722],[-73.952664,-41.962657],[-73.958441,-41.9614],[-73.962363,-41.964707],[-73.968141,-41.96345],[-73.969996,-41.958886],[-73.975774,-41.957628],[-73.979697,-41.960935],[-73.977843,-41.9655],[-73.981767,-41.968807],[-73.979913,-41.973372],[-73.974133,-41.97463],[-73.972278,-41.979194],[-73.966498,-41.980451],[-73.962575,-41.977144],[-73.956795,-41.9784],[-73.954939,-41.982964],[-73.949159,-41.98422],[-73.947302,-41.988784],[-73.941522,-41.990039],[-73.939664,-41.994603],[-73.943587,-41.997912]],[[-73.896561,-41.95821],[-73.894702,-41.962771],[-73.898617,-41.966079],[-73.904392,-41.964826],[-73.906252,-41.960264],[-73.902336,-41.956956],[-73.896561,-41.95821]],[[-73.910566,-41.988438],[-73.914485,-41.991747],[-73.920264,-41.990494],[-73.924184,-41.993803],[-73.929963,-41.992549],[-73.931822,-41.987985],[-73.927901,-41.984677],[-73.922123,-41.985931],[-73.918203,-41.982622],[-73.912426,-41.983876],[-73.910566,-41.988438]]]},"properties":{"comuna":"Ancud","mancha_id":"10202-88cea89925fffff","clase":"Bajo","nivel_medio":1.299,"nivel_medio_min":1.032,"nivel_medio_max":1.498,"pct_alto":1.0,"n_hexagonos":54,"area_ha":3582.76}},{"type":"Feature","geometry":{"type":"Polygon","coordinates":[[[-74.021272,-42.014326],[-74.019418,-42.018893],[-74.013632,-42.020152],[-74.011778,-42.024719],[-74.005991,-42.025977],[-74.004136,-42.030544],[-73.99835,-42.031802],[-73.996494,-42.036368],[-73.990707,-42.037625],[-73.986777,-42.034315],[-73.988633,-42.029749],[-73.984703,-42.026439],[-73.978918,-42.027696],[-73.97499,-42.024386],[-73.969205,-42.025642],[-73.965278,-42.022333],[-73.967135,-42.017767],[-73.972919,-42.016511],[-73.974775,-42.011946],[-73.970849,-42.008637],[-73.972705,-42.004071],[-73.978488,-42.002815],[-73.980343,-41.998249],[-73.976417,-41.994941],[-73.978273,-41.990375],[-73.974347,-41.987067],[-73.976203,-41.982502],[-73.981983,-41.981245],[-73.983838,-41.97668],[-73.989618,-41.975422],[-73.991472,-41.970856],[-73.997252,-41.969597],[-74.001178,-41.972904],[-74.006959,-41.971645],[-74.010887,-41.974952],[-74.016668,-41.973693],[-74.01852,-41.969126],[-74.024301,-41.967866],[-74.02823,-41.971172],[-74.026378,-41.975739],[-74.030309,-41.979046],[-74.028457,-41.983614],[-74.022674,-41.984874],[-74.018744,-41.981566],[-74.012962,-41.982826],[-74.011109,-41.987393],[-74.015039,-41.9907],[-74.020822,-41.989441],[-74.024752,-41.992748],[-74.030536,-41.991488],[-74.032388,-41.986921],[-74.038171,-41.98566],[-74.042103,-41.988967],[-74.040252,-41.993535],[-74.044185,-41.996843],[-74.042333,-42.001411],[-74.036548,-42.002671],[-74.034696,-42.007239],[-74.02891,-42.008499],[-74.027057,-42.013066],[-74.021272,-42.014326]],[[-74.019193,-42.00645],[-74.024978,-42.005191],[-74.026831,-42.000623],[-74.0229,-41.997315],[-74.017116,-41.998575],[-74.015262,-42.003142],[-74.019193,-42.00645]]]},"properties":{"comuna":"Ancud","mancha_id":"10202-88cea89821fffff","clase":"Bajo","nivel_medio":1.219,"nivel_medio_min":1.001,"nivel_medio_max":1.483,"pct_alto":2.0,"n_hexagonos":40,"area_ha":2658.75}},{"type":"Feature","geometry":{"type":"Polygon","coordinates":[[[-74.023576,-42.034647],[-74.02543,-42.030079],[-74.031054,-42.028855],[-74.03068,-42.03036],[-74.03026,-42.034],[-74.03004,-42.03504],[-74.02987,-42.03561],[-74.02965,-42.03675],[-74.02957,-42.03746],[-74.029568,-42.037508],[-74.02955,-42.03799],[-74.0296,-42.03834],[-74.02961,-42.03888],[-74.02987,-42.03954],[-74.03026,-42.04119],[-74.03029,-42.04151],[-74.03023,-42.04192],[-74.03012,-42.04235],[-74.03005,-42.0427],[-74.03015,-42.04318],[-74.03032,-42.04361],[-74.03199,-42.04387],[-74.03237,-42.04383],[-74.03274,-42.04379],[-74.03306,-42.04381],[-74.03344,-42.04394],[-74.03379,-42.04397],[-74.03426,-42.044],[-74.03493,-42.04406],[-74.03541,-42.04406],[-74.03559,-42.04406],[-74.035381,-42.044575],[-74.029592,-42.045834],[-74.027737,-42.050402],[-74.021948,-42.05166],[-74.018013,-42.04835],[-74.019868,-42.043782],[-74.025657,-42.042524],[-74.027511,-42.037956],[-74.023576,-42.034647]]]},"properties":{"comuna":"Ancud","mancha_id":"10202-88cea8980dfffff","clase":"Bajo","nivel_medio":1.043,"nivel_medio_min":0.755,"nivel_medio_max":1.25,"pct_alto":22.9,"n_hexagonos":3,"area_ha":135.42}},{"type":"Feature","geometry":{"type":"Polygon","coordinates":[[[-73.988314,-41.900808],[-73.990166,-41.896244],[-73.994142,-41.895375],[-73.99412,-41.89624],[-73.99415,-41.89818],[-73.99387,-41.90082],[-73.99384,-41.90159],[-73.99351,-41.90313],[-73.993625,-41.903809],[-73.99364,-41.9039],[-73.99383,-41.90448],[-73.99438,-41.90603],[-73.99501,-41.90739],[-73.99519,-41.90797],[-73.99527,-41.90893],[-73.99553,-41.91028],[-73.99598,-41.91106],[-73.99632,-41.911541],[-73.994305,-41.911981],[-73.990383,-41.908677],[-73.992235,-41.904112],[-73.988314,-41.900808]]]},"properties":{"comuna":"Ancud","mancha_id":"10202-88cea88b23fffff","clase":"Bajo","nivel_medio":1.24,"nivel_medio_min":1.08,"nivel_medio_max":1.472,"pct_alto":0.3,"n_hexagonos":2,"area_ha":55.76}},{"type":"Feature","geometry":{"type":"Polygon","coordinates":[[[-74.04314,-41.92821],[-74.04292,-41.92837],[-74.042897,-41.928398],[-74.041421,-41.927156],[-74.04196,-41.92699],[-74.04207,-41.92696],[-74.04212,-41.92703],[-74.0422,-41.927075],[-74.04211,-41.92744],[-74.04216,-41.9275],[-74.04242,-41.92752],[-74.04257,-41.92751],[-74.04288,-41.9276],[-74.04294,-41.92767],[-74.04301,-41.92767],[-74.04305,-41.92775],[-74.04316,-41.92778],[-74.04323,-41.928],[-74.04314,-41.92821]]]},"properties":{"comuna":"Ancud","mancha_id":"10202-88cea88a2dfffff","clase":"Bajo","nivel_medio":0.893,"nivel_medio_min":0.893,"nivel_medio_max":0.893,"pct_alto":22.4,"n_hexagonos":1,"area_ha":0.81}},{"type":"Feature","geometry":{"type":"Polygon","coordinates":[[[-74.04529,-41.92978],[-74.045329,-41.929971],[-74.044883,-41.930069],[-74.044379,-41.929645],[-74.04452,-41.92938],[-74.04457,-41.92922],[-74.04461,-41.92914],[-74.04488,-41.92898],[-74.04503,-41.92895],[-74.04514,-41.92895],[-74.0453,-41.92916],[-74.04529,-41.92978]]]},"properties":{"comuna":"Ancud","mancha_id":"10202-88cea88a2dfffff-2","clase":"Bajo","nivel_medio":0.893,"nivel_medio_min":0.893,"nivel_medio_max":0.893,"pct_alto":22.4,"n_hexagonos":1,"area_ha":0.69}},{"type":"Feature","geometry":{"type":"Polygon","coordinates":[[[-73.966656,-41.876421],[-73.964804,-41.880984],[-73.959035,-41.882243],[-73.955119,-41.878939],[-73.956972,-41.874376],[-73.96274,-41.873117],[-73.966656,-41.876421]]]},"properties":{"comuna":"Ancud","mancha_id":"10202-88cea8896dfffff","clase":"Bajo","nivel_medio":1.378,"nivel_medio_min":1.378,"nivel_medio_max":1.378,"pct_alto":38.1,"n_hexagonos":1,"area_ha":66.35}},{"type":"Feature","geometry":{"type":"Polygon","coordinates":[[[-74.02028,-41.85961],[-74.02037,-41.85959],[-74.02043,-41.8596],[-74.02047,-41.85968],[-74.02046,-41.85976],[-74.0204,-41.8598],[-74.02033,-41.85978],[-74.02027,-41.8597],[-74.02028,-41.85961]]]},"properties":{"comuna":"Ancud","mancha_id":"10202-88cea88919fffff","clase":"Bajo","nivel_medio":1.449,"nivel_medio_min":1.449,"nivel_medio_max":1.449,"pct_alto":8.7,"n_hexagonos":1,"area_ha":0.03}},{"type":"Feature","geometry":{"type":"Polygon","coordinates":[[[-74.01984,-41.86022],[-74.01987,-41.86011],[-74.01993,-41.86008],[-74.02,-41.86009],[-74.02001,-41.86024],[-74.01995,-41.86031],[-74.01986,-41.86031],[-74.01984,-41.86022]]]},"properties":{"comuna":"Ancud","mancha_id":"10202-88cea88919fffff-2","clase":"Bajo","nivel_medio":1.449,"nivel_medio_min":1.449,"nivel_medio_max":1.449,"pct_alto":8.7,"n_hexagonos":1,"area_ha":0.03}},{"type":"Feature","geometry":{"type":"Polygon","coordinates":[[[-74.022692,-41.864171],[-74.018577,-41.865072],[-74.014657,-41.86177],[-74.016505,-41.857205],[-74.022274,-41.855942],[-74.024142,-41.857515],[-74.0241,-41.85753],[-74.02385,-41.85768],[-74.0236,-41.85777],[-74.02324,-41.85778],[-74.02313,-41.85772],[-74.02301,-41.85747],[-74.022945,-41.85714],[-74.02286,-41.85704],[-74.02255,-41.85696],[-74.02221,-41.85695],[-74.02187,-41.85701],[-74.02162,-41.85708],[-74.02128,-41.85721],[-74.0209,-41.85735],[-74.02074,-41.857515],[-74.02053,-41.85772],[-74.02024,-41.8581],[-74.02018,-41.85826],[-74.01993,-41.85858],[-74.01974,-41.85891],[-74.0197,-41.85918],[-74.01973,-41.85923],[-74.01977,-41.85942],[-74.01974,-41.85962],[-74.01969,-41.85976],[-74.01958,-41.85992],[-74.01953,-41.86009],[-74.01953,-41.86025],[-74.019575,-41.860415],[-74.019625,-41.860525],[-74.01968,-41.8606],[-74.019755,-41.86069],[-74.01985,-41.86075],[-74.02009,-41.86097],[-74.0206,-41.8613],[-74.02095,-41.86167],[-74.02145,-41.86205],[-74.021555,-41.862185],[-74.02167,-41.86237],[-74.02178,-41.86293],[-74.02187,-41.86312],[-74.02199,-41.8633],[-74.0223,-41.86364],[-74.02239,-41.86382],[-74.02269,-41.86417],[-74.022692,-41.864171]]]},"properties":{"comuna":"Ancud","mancha_id":"10202-88cea88919fffff-3","clase":"Bajo","nivel_medio":1.449,"nivel_medio_min":1.449,"nivel_medio_max":1.449,"pct_alto":8.7,"n_hexagonos":1,"area_ha":38.48}},{"type":"Feature","geometry":{"type":"Polygon","coordinates":[[[-74.0219,-41.86147],[-74.02198,-41.86147],[-74.02202,-41.86153],[-74.02197,-41.86164],[-74.021885,-41.86168],[-74.02176,-41.86155],[-74.02181,-41.86151],[-74.0219,-41.86147]]]},"properties":{"comuna":"Ancud","mancha_id":"10202-88cea88919fffff-4","clase":"Bajo","nivel_medio":1.449,"nivel_medio_min":1.449,"nivel_medio_max":1.449,"pct_alto":8.7,"n_hexagonos":1,"area_ha":0.03}},{"type":"Feature","geometry":{"type":"Polygon","coordinates":[[[-74.02425,-41.86158],[-74.02443,-41.86167],[-74.02439,-41.86173],[-74.02422,-41.86184],[-74.02414,-41.86185],[-74.02403,-41.8618],[-74.0239,-41.86161],[-74.02395,-41.86157],[-74.02419,-41.86156],[-74.02425,-41.86158]]]},"properties":{"comuna":"Ancud","mancha_id":"10202-88cea88919fffff-5","clase":"Bajo","nivel_medio":1.449,"nivel_medio_min":1.449,"nivel_medio_max":1.449,"pct_alto":8.7,"n_hexagonos":1,"area_ha":0.09}},{"type":"Feature","geometry":{"type":"Polygon","coordinates":[[[-74.02365,-41.86173],[-74.0237,-41.86178],[-74.02365,-41.86186],[-74.02356,-41.86192],[-74.02348,-41.86193],[-74.0234,-41.86191],[-74.02332,-41.86184],[-74.02331,-41.86175],[-74.0234,-41.86169],[-74.02346,-41.86167],[-74.02356,-41.86167],[-74.02365,-41.86173]]]},"properties":{"comuna":"Ancud","mancha_id":"10202-88cea88919fffff-6","clase":"Bajo","nivel_medio":1.449,"nivel_medio_min":1.449,"nivel_medio_max":1.449,"pct_alto":8.7,"n_hexagonos":1,"area_ha":0.07}},{"type":"Feature","geometry":{"type":"Polygon","coordinates":[[[-74.02204,-41.86183],[-74.02214,-41.86187],[-74.02221,-41.86194],[-74.0222,-41.86207],[-74.02202,-41.86218],[-74.02184,-41.86208],[-74.02178,-41.86195],[-74.02186,-41.86185],[-74.02196,-41.86182],[-74.02204,-41.86183]]]},"properties":{"comuna":"Ancud","mancha_id":"10202-88cea88919fffff-7","clase":"Bajo","nivel_medio":1.449,"nivel_medio_min":1.449,"nivel_medio_max":1.449,"pct_alto":8.7,"n_hexagonos":1,"area_ha":0.1}},{"type":"Feature","geometry":{"type":"Polygon","coordinates":[[[-74.02213,-41.86241],[-74.022265,-41.86244],[-74.02233,-41.8625],[-74.02234,-41.86256],[-74.02225,-41.8626],[-74.02213,-41.86258],[-74.02209,-41.86252],[-74.02213,-41.86241]]]},"properties":{"comuna":"Ancud","mancha_id":"10202-88cea88919fffff-8","clase":"Bajo","nivel_medio":1.449,"nivel_medio_min":1.449,"nivel_medio_max":1.449,"pct_alto":8.7,"n_hexagonos":1,"area_ha":0.03}},{"type":"Feature","geometry":{"type":"Polygon","coordinates":[[[-74.0225,-41.86294],[-74.02262,-41.86287],[-74.02293,-41.86309],[-74.02292,-41.86326],[-74.02274,-41.86335],[-74.02262,-41.86335],[-74.02249,-41.86327],[-74.02245,-41.86311],[-74.0225,-41.86294]]]},"properties":{"comuna":"Ancud","mancha_id":"10202-88cea88919fffff-9","clase":"Bajo","nivel_medio":1.449,"nivel_medio_min":1.449,"nivel_medio_max":1.449,"pct_alto":8.7,"n_hexagonos":1,"area_ha":0.15}},{"type":"Feature","geometry":{"type":"Polygon","coordinates":[[[-74.015167,-41.782634],[-74.013321,-41.787197],[-74.00756,-41.788461],[-74.005713,-41.793024],[-73.999952,-41.794288],[-73.998104,-41.798851],[-74.002019,-41.802151],[-74.000171,-41.806714],[-74.004086,-41.810014],[-74.002239,-41.814577],[-73.996475,-41.81584],[-73.992561,-41.81254],[-73.994409,-41.807977],[-73.990495,-41.804676],[-73.992343,-41.800114],[-73.98843,-41.796814],[-73.990278,-41.792251],[-73.987438,-41.789856],[-73.98746,-41.78985],[-73.98862,-41.78943],[-73.98909,-41.78919],[-73.98953,-41.78885],[-73.98978,-41.78869],[-73.9901,-41.78855],[-73.99023,-41.78849],[-73.99044,-41.78833],[-73.99067,-41.78816],[-73.99072,-41.78794],[-73.99059,-41.78722],[-73.99068,-41.78664],[-73.99089,-41.78622],[-73.99111,-41.78578],[-73.99139,-41.78535],[-73.99166,-41.78508],[-73.99221,-41.78471],[-73.99255,-41.78421],[-73.99277,-41.78407],[-73.9931,-41.78396],[-73.99343,-41.78382],[-73.99364,-41.78351],[-73.993753,-41.783174],[-73.993973,-41.783126],[-73.997886,-41.786425],[-74.003646,-41.785162],[-74.005492,-41.780599],[-74.011252,-41.779335],[-74.015167,-41.782634]]]},"properties":{"comuna":"Ancud","mancha_id":"10202-88cea81369fffff","clase":"Bajo","nivel_medio":1.33,"nivel_medio_min":1.162,"nivel_medio_max":1.433,"pct_alto":2.0,"n_hexagonos":6,"area_ha":378.81}},{"type":"Feature","geometry":{"type":"Polygon","coordinates":[[[-73.606993,-42.111906],[-73.60511,-42.116458],[-73.599331,-42.11769],[-73.595436,-42.114371],[-73.59732,-42.10982],[-73.603098,-42.108587],[-73.606993,-42.111906]]]},"properties":{"comuna":"Ancud","mancha_id":"10202-88ceaea6c1fffff","clase":"Medio","nivel_medio":1.633,"nivel_medio_min":1.633,"nivel_medio_max":1.633,"pct_alto":25.0,"n_hexagonos":1,"area_ha":66.09}},{"type":"Feature","geometry":{"type":"Polygon","coordinates":[[[-73.565114,-42.101374],[-73.5651,-42.100979],[-73.565055,-42.100779],[-73.566995,-42.102434],[-73.566356,-42.10224],[-73.565842,-42.102074],[-73.565546,-42.101953],[-73.565347,-42.101823],[-73.5652,-42.101624],[-73.565114,-42.101374]]]},"properties":{"comuna":"Ancud","mancha_id":"10202-88ceaea633fffff","clase":"Medio","nivel_medio":1.598,"nivel_medio_min":1.598,"nivel_medio_max":1.598,"pct_alto":0.2,"n_hexagonos":1,"area_ha":0.82}},{"type":"Feature","geometry":{"type":"Polygon","coordinates":[[[-73.563318,-42.123936],[-73.56332,-42.123935],[-73.563714,-42.123572],[-73.563832,-42.123401],[-73.56387,-42.12324],[-73.563871,-42.123053],[-73.56382,-42.12289],[-73.563612,-42.12251],[-73.56355,-42.122373],[-73.563508,-42.122209],[-73.563491,-42.121957],[-73.563524,-42.121741],[-73.56363,-42.12155],[-73.563994,-42.120907],[-73.564046,-42.120688],[-73.564042,-42.120507],[-73.564017,-42.12034],[-73.563953,-42.12023],[-73.563866,-42.120144],[-73.563734,-42.120068],[-73.563517,-42.11991],[-73.563347,-42.119687],[-73.563255,-42.119484],[-73.563228,-42.119241],[-73.563293,-42.119067],[-73.563419,-42.118841],[-73.563458,-42.118624],[-73.56344,-42.11844],[-73.563347,-42.118257],[-73.563167,-42.118072],[-73.563085,-42.117962],[-73.563051,-42.11783],[-73.563045,-42.11754],[-73.563063,-42.117407],[-73.563108,-42.117291],[-73.563256,-42.117079],[-73.563281,-42.117043],[-73.563406,-42.116819],[-73.563496,-42.11662],[-73.563577,-42.116521],[-73.56367,-42.116452],[-73.563865,-42.116367],[-73.56418,-42.11619],[-73.564354,-42.11605],[-73.564454,-42.115861],[-73.564627,-42.115536],[-73.56479,-42.11534],[-73.564917,-42.115196],[-73.565084,-42.115088],[-73.565325,-42.114995],[-73.565519,-42.114859],[-73.565708,-42.11468],[-73.565892,-42.114428],[-73.566133,-42.114239],[-73.566396,-42.114113],[-73.56682,-42.11389],[-73.567094,-42.113609],[-73.56722,-42.11339],[-73.567267,-42.113174],[-73.567299,-42.112895],[-73.567336,-42.112502],[-73.567367,-42.111929],[-73.567385,-42.111406],[-73.567385,-42.110978],[-73.567462,-42.110604],[-73.567561,-42.11022],[-73.567583,-42.109868],[-73.567519,-42.109471],[-73.567405,-42.109156],[-73.567312,-42.108863],[-73.567191,-42.108488],[-73.567145,-42.10831],[-73.567138,-42.108115],[-73.567145,-42.107869],[-73.567152,-42.107645],[-73.567153,-42.107266],[-73.567108,-42.106859],[-73.567078,-42.106689],[-73.567078,-42.106534],[-73.567078,-42.106472],[-73.567104,-42.106247],[-73.567153,-42.106018],[-73.56727,-42.10555],[-73.567333,-42.105301],[-73.567442,-42.105033],[-73.567538,-42.104793],[-73.567587,-42.104516],[-73.56763,-42.104173],[-73.56762,-42.103473],[-73.567607,-42.103171],[-73.567512,-42.102876],[-73.568311,-42.103558],[-73.574088,-42.102327],[-73.577979,-42.105645],[-73.576094,-42.110196],[-73.579986,-42.113515],[-73.578101,-42.118066],[-73.572323,-42.119297],[-73.570437,-42.123847],[-73.574329,-42.127167],[-73.572443,-42.131717],[-73.576337,-42.135038],[-73.57445,-42.139588],[-73.56867,-42.140818],[-73.564777,-42.137498],[-73.563314,-42.137809],[-73.563438,-42.137627],[-73.56366,-42.13741],[-73.563946,-42.137146],[-73.56414,-42.136919],[-73.564252,-42.136728],[-73.564331,-42.136453],[-73.564331,-42.13622],[-73.564297,-42.135977],[-73.564237,-42.135767],[-73.564223,-42.135524],[-73.564277,-42.135207],[-73.564351,-42.134896],[-73.56447,-42.13445],[-73.564475,-42.133972],[-73.56435,-42.13349],[-73.56391,-42.13229],[-73.563635,-42.131715],[-73.56341,-42.13141],[-73.563036,-42.130911],[-73.562979,-42.13075],[-73.562979,-42.1306],[-73.563012,-42.130416],[-73.563117,-42.130219],[-73.563268,-42.13005],[-73.563514,-42.129775],[-73.563602,-42.12964],[-73.563629,-42.129471],[-73.563576,-42.129287],[-73.563493,-42.129174],[-73.563352,-42.1291],[-73.56308,-42.12903],[-73.563026,-42.129012],[-73.562644,-42.128887],[-73.562533,-42.128782],[-73.562526,-42.128631],[-73.562598,-42.128487],[-73.562964,-42.127871],[-73.563088,-42.127728],[-73.563135,-42.127566],[-73.563149,-42.127445],[-73.563129,-42.127296],[-73.5631,-42.1271],[-73.563163,-42.125376],[-73.563091,-42.125114],[-73.562992,-42.12491],[-73.562923,-42.124744],[-73.562894,-42.12457],[-73.56292,-42.124392],[-73.562987,-42.124252],[-73.563074,-42.124119],[-73.563318,-42.123936]]]},"properties":{"comuna":"Ancud","mancha_id":"10202-88ceaea603fffff","clase":"Medio","nivel_medio":1.798,"nivel_medio_min":1.598,"nivel_medio_max":2.255,"pct_alto":5.7,"n_hexagonos":9,"area_ha":351.19}},{"type":"Feature","geometry":{"type":"Polygon","coordinates":[[[-73.5045,-42.00712],[-73.505209,-42.006544],[-73.50562,-42.00621],[-73.50747,-42.00525],[-73.50819,-42.00492],[-73.50892,-42.00472],[-73.51032,-42.00442],[-73.51124,-42.0043],[-73.51285,-42.00403],[-73.51345,-42.00382],[-73.51488,-42.00346],[-73.515151,-42.003433],[-73.513481,-42.007459],[-73.507717,-42.008689],[-73.506093,-42.012605],[-73.50019,-42.01285],[-73.50032,-42.01266],[-73.50062,-42.01235],[-73.50106,-42.01195],[-73.50142,-42.01142],[-73.50196,-42.01075],[-73.50269,-42.01017],[-73.503,-42.00942],[-73.50407,-42.0076],[-73.5045,-42.00712]]]},"properties":{"comuna":"Ancud","mancha_id":"10202-88ceaea5a1fffff","clase":"Medio","nivel_medio":2.117,"nivel_medio_min":2.05,"nivel_medio_max":2.175,"pct_alto":20.2,"n_hexagonos":2,"area_ha":49.05}},{"type":"Feature","geometry":{"type":"Polygon","coordinates":[[[-73.619908,-42.055204],[-73.618027,-42.059756],[-73.612253,-42.06099],[-73.608362,-42.057674],[-73.610243,-42.053123],[-73.616016,-42.051888],[-73.619908,-42.055204]]]},"properties":{"comuna":"Ancud","mancha_id":"10202-88ceaea4d9fffff","clase":"Medio","nivel_medio":1.568,"nivel_medio_min":1.568,"nivel_medio_max":1.568,"pct_alto":12.2,"n_hexagonos":1,"area_ha":66.07}},{"type":"Feature","geometry":{"type":"Polygon","coordinates":[[[-73.60058,-42.051041],[-73.598698,-42.055591],[-73.592926,-42.056825],[-73.589036,-42.053508],[-73.590919,-42.048958],[-73.59669,-42.047724],[-73.60058,-42.051041]]]},"properties":{"comuna":"Ancud","mancha_id":"10202-88ceaea4c3fffff","clase":"Medio","nivel_medio":1.651,"nivel_medio_min":1.651,"nivel_medio_max":1.651,"pct_alto":16.2,"n_hexagonos":1,"area_ha":66.04}},{"type":"Feature","geometry":{"type":"Polygon","coordinates":[[[-73.58703,-42.045642],[-73.581259,-42.046875],[-73.577562,-42.043721],[-73.578,-42.0435],[-73.578355,-42.043315],[-73.578676,-42.043047],[-73.578996,-42.042602],[-73.57928,-42.04207],[-73.579534,-42.041579],[-73.579854,-42.041145],[-73.580257,-42.040783],[-73.58066,-42.04054],[-73.581311,-42.039987],[-73.581549,-42.039584],[-73.581787,-42.038912],[-73.58189,-42.038489],[-73.581892,-42.038445],[-73.585024,-42.037776],[-73.588912,-42.041092],[-73.58703,-42.045642]]]},"properties":{"comuna":"Ancud","mancha_id":"10202-88ceaea48dfffff","clase":"Medio","nivel_medio":1.748,"nivel_medio_min":1.748,"nivel_medio_max":1.748,"pct_alto":0.0,"n_hexagonos":1,"area_ha":58.32}},{"type":"Feature","geometry":{"type":"Polygon","coordinates":[[[-73.563698,-42.087305],[-73.564303,-42.087821],[-73.562965,-42.091049],[-73.562719,-42.090862],[-73.56256,-42.09063],[-73.56204,-42.08977],[-73.561988,-42.089426],[-73.562061,-42.089143],[-73.56226,-42.08888],[-73.56258,-42.08867],[-73.56307,-42.08821],[-73.56357,-42.08749],[-73.563698,-42.087305]]]},"properties":{"comuna":"Ancud","mancha_id":"10202-88ceaea451fffff","clase":"Medio","nivel_medio":1.938,"nivel_medio_min":1.938,"nivel_medio_max":1.938,"pct_alto":0.0,"n_hexagonos":1,"area_ha":3.65}},{"type":"Feature","geometry":{"type":"Polygon","coordinates":[[[-73.564421,-42.063573],[-73.564421,-42.063361],[-73.564435,-42.063302],[-73.565061,-42.063837],[-73.564786,-42.063836],[-73.564625,-42.063809],[-73.564509,-42.063759],[-73.56446,-42.063665],[-73.564421,-42.063573]]]},"properties":{"comuna":"Ancud","mancha_id":"10202-88ceaea411fffff","clase":"Medio","nivel_medio":1.863,"nivel_medio_min":1.863,"nivel_medio_max":1.863,"pct_alto":43.1,"n_hexagonos":1,"area_ha":0.14}},{"type":"Feature","geometry":{"type":"Polygon","coordinates":[[[-73.56633,-42.06492],[-73.567953,-42.066305],[-73.573726,-42.065073],[-73.577614,-42.06839],[-73.57573,-42.07294],[-73.57962,-42.076258],[-73.577736,-42.080808],[-73.571962,-42.08204],[-73.568208,-42.078837],[-73.568208,-42.078793],[-73.568168,-42.078541],[-73.568156,-42.07852],[-73.568063,-42.078347],[-73.567927,-42.078184],[-73.56768,-42.07804],[-73.56727,-42.077868],[-73.566902,-42.077681],[-73.566747,-42.077533],[-73.566612,-42.077307],[-73.566495,-42.077107],[-73.566341,-42.076888],[-73.566212,-42.076636],[-73.565994,-42.076174],[-73.56576,-42.075869],[-73.565483,-42.075572],[-73.56513,-42.07513],[-73.565018,-42.074882],[-73.56496,-42.074508],[-73.564928,-42.073851],[-73.564911,-42.073624],[-73.56483,-42.073446],[-73.564554,-42.073198],[-73.56448,-42.072991],[-73.564474,-42.072798],[-73.564526,-42.072625],[-73.564709,-42.072276],[-73.56473,-42.07203],[-73.56465,-42.07183],[-73.564479,-42.071634],[-73.564401,-42.071376],[-73.564407,-42.071209],[-73.564414,-42.071014],[-73.56453,-42.070743],[-73.565469,-42.069546],[-73.565648,-42.069244],[-73.565765,-42.06899],[-73.565835,-42.068753],[-73.565942,-42.06835],[-73.565983,-42.068063],[-73.565983,-42.067743],[-73.565956,-42.06746],[-73.565939,-42.067087],[-73.565926,-42.066898],[-73.565943,-42.066739],[-73.565983,-42.066576],[-73.566275,-42.065123],[-73.56633,-42.06492]]]},"properties":{"comuna":"Ancud","mancha_id":"10202-88ceaea411fffff-2","clase":"Medio","nivel_medio":1.625,"nivel_medio_min":1.505,"nivel_medio_max":1.991,"pct_alto":28.2,"n_hexagonos":4,"area_ha":161.08}},{"type":"Feature","geometry":{"type":"Polygon","coordinates":[[[-73.86538,-42.172575],[-73.865409,-42.172691],[-73.865409,-42.172791],[-73.865377,-42.172933],[-73.863805,-42.173271],[-73.864103,-42.172407],[-73.864198,-42.172292],[-73.86431,-42.17224],[-73.864488,-42.172211],[-73.86468,-42.17222],[-73.865055,-42.172358],[-73.865281,-42.172496],[-73.86538,-42.172575]]]},"properties":{"comuna":"Ancud","mancha_id":"10202-88ceac6e45fffff","clase":"Medio","nivel_medio":2.461,"nivel_medio_min":2.461,"nivel_medio_max":2.461,"pct_alto":46.1,"n_hexagonos":1,"area_ha":1.0}},{"type":"Feature","geometry":{"type":"Polygon","coordinates":[[[-73.598078,-42.184365],[-73.603865,-42.183134],[-73.605619,-42.184628],[-73.605297,-42.18477],[-73.604698,-42.185157],[-73.604249,-42.185925],[-73.604011,-42.186219],[-73.603796,-42.186439],[-73.60348,-42.186618],[-73.603148,-42.186722],[-73.602911,-42.186912],[-73.602769,-42.187177],[-73.602703,-42.187436],[-73.602869,-42.187911],[-73.602964,-42.1886],[-73.602846,-42.190998],[-73.602751,-42.191283],[-73.601443,-42.191137],[-73.600037,-42.191083],[-73.599089,-42.191104],[-73.598794,-42.191134],[-73.598235,-42.191189],[-73.597666,-42.191284],[-73.597268,-42.19136],[-73.596822,-42.191512],[-73.596262,-42.191683],[-73.595693,-42.191977],[-73.594982,-42.192356],[-73.594413,-42.192773],[-73.593312,-42.193542],[-73.59284,-42.193907],[-73.591988,-42.194031],[-73.591677,-42.193933],[-73.591286,-42.193808],[-73.591067,-42.193866],[-73.590569,-42.194048],[-73.589918,-42.19421],[-73.58923,-42.194382],[-73.588588,-42.194529],[-73.587556,-42.194765],[-73.586669,-42.194634],[-73.585652,-42.194629],[-73.584907,-42.194655],[-73.583989,-42.194639],[-73.583252,-42.194933],[-73.58222,-42.19513],[-73.581962,-42.195274],[-73.581336,-42.195621],[-73.581385,-42.196751],[-73.58168,-42.198029],[-73.581238,-42.199306],[-73.579984,-42.200019],[-73.578874,-42.200376],[-73.577852,-42.200733],[-73.576677,-42.200989],[-73.574418,-42.200646],[-73.573469,-42.200357],[-73.572764,-42.200142],[-73.571502,-42.199906],[-73.569688,-42.199538],[-73.56857,-42.199393],[-73.567492,-42.199367],[-73.566914,-42.199287],[-73.566532,-42.199235],[-73.565928,-42.199261],[-73.565191,-42.19934],[-73.565093,-42.199378],[-73.564442,-42.19963],[-73.563798,-42.19984],[-73.562987,-42.200107],[-73.562023,-42.200523],[-73.560985,-42.201431],[-73.559972,-42.202141],[-73.559499,-42.203034],[-73.559321,-42.203916],[-73.559234,-42.204692],[-73.55907,-42.205102],[-73.557695,-42.205394],[-73.553798,-42.202071],[-73.555688,-42.19752],[-73.551792,-42.194197],[-73.546007,-42.195424],[-73.54282,-42.192705],[-73.54305,-42.1926],[-73.54328,-42.19246],[-73.54363,-42.1921],[-73.54376,-42.19184],[-73.54376,-42.19154],[-73.54361,-42.19128],[-73.54295,-42.19082],[-73.542745,-42.190578],[-73.54251,-42.1903],[-73.54245,-42.19006],[-73.54239,-42.18959],[-73.542417,-42.189436],[-73.54244,-42.18931],[-73.54289,-42.18778],[-73.543212,-42.186876],[-73.54361,-42.18576],[-73.54387,-42.18473],[-73.5439,-42.184433],[-73.543914,-42.184188],[-73.543892,-42.184034],[-73.543854,-42.183875],[-73.543785,-42.18374],[-73.54369,-42.183607],[-73.54306,-42.18302],[-73.542909,-42.182854],[-73.542817,-42.182772],[-73.542762,-42.182692],[-73.542726,-42.182565],[-73.542708,-42.182431],[-73.542618,-42.18188],[-73.54251,-42.18151],[-73.542127,-42.180719],[-73.541918,-42.180436],[-73.541727,-42.180333],[-73.541649,-42.180291],[-73.541025,-42.180138],[-73.540528,-42.180072],[-73.540036,-42.179952],[-73.53951,-42.17978],[-73.539258,-42.179653],[-73.539041,-42.179479],[-73.538703,-42.179115],[-73.538385,-42.178763],[-73.538099,-42.178357],[-73.53777,-42.17786],[-73.537734,-42.17765],[-73.537697,-42.177401],[-73.537675,-42.177154],[-73.537648,-42.176818],[-73.537641,-42.176502],[-73.537644,-42.176453],[-73.537658,-42.176188],[-73.537785,-42.175672],[-73.53787,-42.175418],[-73.53789,-42.175223],[-73.537883,-42.175055],[-73.537846,-42.174912],[-73.53774,-42.174707],[-73.537624,-42.174512],[-73.537336,-42.174105],[-73.537178,-42.173907],[-73.537085,-42.173768],[-73.537015,-42.173636],[-73.536971,-42.173499],[-73.536963,-42.173357],[-73.537019,-42.17322],[-73.537116,-42.173098],[-73.537287,-42.172964],[-73.53793,-42.17246],[-73.538421,-42.172137],[-73.538749,-42.171875],[-73.539257,-42.171487],[-73.539432,-42.171325],[-73.539631,-42.171141],[-73.54047,-42.17037],[-73.540876,-42.169981],[-73.541358,-42.16936],[-73.541698,-42.168971],[-73.541966,-42.168643],[-73.5424,-42.16822],[-73.542773,-42.167924],[-73.54324,-42.16767],[-73.54411,-42.16721],[-73.54434,-42.167026],[-73.544475,-42.16678],[-73.544577,-42.166382],[-73.544566,-42.165969],[-73.544481,-42.16558],[-73.544335,-42.165362],[-73.544153,-42.165216],[-73.54373,-42.164867],[-73.543629,-42.164711],[-73.543545,-42.164523],[-73.54345,-42.164291],[-73.54345,-42.16402],[-73.54352,-42.16347],[-73.543484,-42.163139],[-73.543437,-42.162778],[-73.543436,-42.162773],[-73.54342,-42.162494],[-73.543434,-42.162225],[-73.543534,-42.161641],[-73.543614,-42.161164],[-73.543776,-42.160054],[-73.543875,-42.159406],[-73.54403,-42.1584],[-73.544189,-42.157767],[-73.544299,-42.157317],[-73.544405,-42.157081],[-73.544451,-42.156977],[-73.544631,-42.156567],[-73.54487,-42.1559],[-73.544907,-42.155734],[-73.544923,-42.15555],[-73.544907,-42.155372],[-73.544821,-42.155172],[-73.544707,-42.154988],[-73.544604,-42.154763],[-73.544494,-42.154471],[-73.544443,-42.154201],[-73.544458,-42.153924],[-73.54449,-42.15364],[-73.544633,-42.153252],[-73.544831,-42.153014],[-73.54516,-42.15283],[-73.545545,-42.152736],[-73.545887,-42.152709],[-73.54658,-42.152692],[-73.546788,-42.152691],[-73.546966,-42.152721],[-73.547265,-42.152801],[-73.547681,-42.152927],[-73.548388,-42.153097],[-73.548793,-42.153135],[-73.549155,-42.153129],[-73.549663,-42.153053],[-73.550025,-42.152983],[-73.550574,-42.152875],[-73.551149,-42.152751],[-73.551446,-42.152686],[-73.551673,-42.152616],[-73.552019,-42.152486],[-73.552431,-42.152308],[-73.552978,-42.152074],[-73.55334,-42.15192],[-73.553952,-42.151762],[-73.554214,-42.15171],[-73.554441,-42.151704],[-73.554732,-42.15173],[-73.554997,-42.15179],[-73.55532,-42.151927],[-73.555366,-42.151946],[-73.553333,-42.152378],[-73.551445,-42.156928],[-73.555338,-42.160249],[-73.56112,-42.15902],[-73.563008,-42.15447],[-73.559759,-42.151698],[-73.560131,-42.151502],[-73.560345,-42.151354],[-73.560537,-42.151173],[-73.560685,-42.150959],[-73.56092,-42.150594],[-73.56133,-42.14986],[-73.56151,-42.149428],[-73.56161,-42.14899],[-73.561677,-42.1483],[-73.56163,-42.14727],[-73.561574,-42.146942],[-73.56146,-42.14665],[-73.561403,-42.146513],[-73.566783,-42.145369],[-73.570677,-42.14869],[-73.568789,-42.153241],[-73.572684,-42.156562],[-73.578466,-42.155332],[-73.582362,-42.158653],[-73.580475,-42.163204],[-73.584372,-42.166526],[-73.590156,-42.165295],[-73.594053,-42.168617],[-73.599838,-42.167386],[-73.603737,-42.170707],[-73.601851,-42.17526],[-73.596066,-42.17649],[-73.594179,-42.181043],[-73.598078,-42.184365]],[[-73.559467,-42.188418],[-73.561356,-42.183867],[-73.55746,-42.180545],[-73.551676,-42.181773],[-73.549787,-42.186323],[-73.553682,-42.189646],[-73.559467,-42.188418]],[[-73.569029,-42.178088],[-73.574813,-42.176858],[-73.576701,-42.172307],[-73.572805,-42.168985],[-73.567021,-42.170215],[-73.565133,-42.174765],[-73.569029,-42.178088]]]},"properties":{"comuna":"Ancud","mancha_id":"10202-88ceac6b25fffff","clase":"Medio","nivel_medio":1.903,"nivel_medio_min":1.599,"nivel_medio_max":2.484,"pct_alto":14.4,"n_hexagonos":38,"area_ha":1957.71}},{"type":"Feature","geometry":{"type":"Polygon","coordinates":[[[-73.701797,-42.124864],[-73.699919,-42.12942],[-73.694134,-42.130657],[-73.690229,-42.127339],[-73.684445,-42.128576],[-73.68054,-42.125258],[-73.682419,-42.120703],[-73.688202,-42.119466],[-73.692107,-42.122784],[-73.697891,-42.121546],[-73.701797,-42.124864]]]},"properties":{"comuna":"Ancud","mancha_id":"10202-88ceac69d9fffff","clase":"Medio","nivel_medio":1.529,"nivel_medio_min":1.526,"nivel_medio_max":1.532,"pct_alto":2.5,"n_hexagonos":2,"area_ha":132.39}},{"type":"Feature","geometry":{"type":"Polygon","coordinates":[[[-73.611018,-42.127648],[-73.609135,-42.1322],[-73.603354,-42.133432],[-73.599457,-42.130113],[-73.601342,-42.125561],[-73.607122,-42.124329],[-73.609006,-42.119777],[-73.614785,-42.118544],[-73.618682,-42.121863],[-73.616799,-42.126415],[-73.611018,-42.127648]]]},"properties":{"comuna":"Ancud","mancha_id":"10202-88ceac6923fffff","clase":"Medio","nivel_medio":1.73,"nivel_medio_min":1.721,"nivel_medio_max":1.738,"pct_alto":7.7,"n_hexagonos":2,"area_ha":132.2}},{"type":"Feature","geometry":{"type":"Polygon","coordinates":[[[-73.624728,-42.145479],[-73.622844,-42.150032],[-73.617061,-42.151265],[-73.613162,-42.147945],[-73.607379,-42.149177],[-73.605494,-42.153729],[-73.599711,-42.154961],[-73.595814,-42.15164],[-73.597699,-42.147088],[-73.603481,-42.145856],[-73.605366,-42.141304],[-73.611148,-42.140072],[-73.613032,-42.13552],[-73.618814,-42.134287],[-73.622712,-42.137607],[-73.628495,-42.136373],[-73.632394,-42.139693],[-73.630511,-42.144246],[-73.624728,-42.145479]]]},"properties":{"comuna":"Ancud","mancha_id":"10202-88ceac6901fffff","clase":"Medio","nivel_medio":1.597,"nivel_medio_min":1.513,"nivel_medio_max":1.686,"pct_alto":5.1,"n_hexagonos":5,"area_ha":330.6}},{"type":"Feature","geometry":{"type":"Polygon","coordinates":[[[-74.08582,-42.16063],[-74.08588,-42.16061],[-74.08595,-42.1606],[-74.085981,-42.160605],[-74.086163,-42.160758],[-74.08617,-42.16078],[-74.08617,-42.1609],[-74.08614,-42.16095],[-74.08609,-42.16098],[-74.085845,-42.16104],[-74.08576,-42.16102],[-74.0857,-42.16099],[-74.08564,-42.16097],[-74.085605,-42.16091],[-74.085605,-42.160785],[-74.08569,-42.1607],[-74.08582,-42.16063]]]},"properties":{"comuna":"Ancud","mancha_id":"10202-88ceac66b7fffff","clase":"Medio","nivel_medio":2.088,"nivel_medio_min":2.088,"nivel_medio_max":2.088,"pct_alto":13.3,"n_hexagonos":1,"area_ha":0.17}},{"type":"Feature","geometry":{"type":"Polygon","coordinates":[[[-74.08661,-42.16197],[-74.08651,-42.16211],[-74.08636,-42.16218],[-74.08623,-42.16219],[-74.08602,-42.16216],[-74.08596,-42.16213],[-74.08583,-42.16195],[-74.0858,-42.16182],[-74.08582,-42.16169],[-74.08595,-42.16161],[-74.08609,-42.16158],[-74.08624,-42.16158],[-74.08633,-42.16162],[-74.0864,-42.16166],[-74.08657,-42.16187],[-74.08661,-42.16197]]]},"properties":{"comuna":"Ancud","mancha_id":"10202-88ceac66b7fffff-2","clase":"Medio","nivel_medio":2.088,"nivel_medio_min":2.088,"nivel_medio_max":2.088,"pct_alto":13.3,"n_hexagonos":1,"area_ha":0.34}},{"type":"Feature","geometry":{"type":"Polygon","coordinates":[[[-74.08921,-42.16663],[-74.08922,-42.16675],[-74.08919,-42.16683],[-74.08904,-42.16698],[-74.0889,-42.16701],[-74.08878,-42.16701],[-74.08873,-42.16693],[-74.08875,-42.16677],[-74.08881,-42.16668],[-74.08895,-42.16659],[-74.08919,-42.1666],[-74.08921,-42.16663]]]},"properties":{"comuna":"Ancud","mancha_id":"10202-88ceac66b3fffff","clase":"Medio","nivel_medio":2.076,"nivel_medio_min":2.076,"nivel_medio_max":2.076,"pct_alto":23.5,"n_hexagonos":1,"area_ha":0.14}},{"type":"Feature","geometry":{"type":"Polygon","coordinates":[[[-74.09485,-42.16688],[-74.09494,-42.16706],[-74.09496,-42.16714],[-74.09493,-42.1672],[-74.09476,-42.16721],[-74.09466,-42.16714],[-74.09458,-42.16704],[-74.09451,-42.16694],[-74.09449,-42.16687],[-74.09449,-42.16681],[-74.09462,-42.16672],[-74.09473,-42.16674],[-74.09485,-42.16688]]]},"properties":{"comuna":"Ancud","mancha_id":"10202-88ceac66b3fffff-2","clase":"Medio","nivel_medio":2.076,"nivel_medio_min":2.076,"nivel_medio_max":2.076,"pct_alto":23.5,"n_hexagonos":1,"area_ha":0.13}},{"type":"Feature","geometry":{"type":"Polygon","coordinates":[[[-74.09344,-42.166945],[-74.09353,-42.16705],[-74.093575,-42.16713],[-74.093567,-42.167263],[-74.09347,-42.16728],[-74.09333,-42.16724],[-74.09323,-42.16715],[-74.0932,-42.16706],[-74.09324,-42.16699],[-74.09338,-42.16693],[-74.09344,-42.166945]]]},"properties":{"comuna":"Ancud","mancha_id":"10202-88ceac66b3fffff-3","clase":"Medio","nivel_medio":2.076,"nivel_medio_min":2.076,"nivel_medio_max":2.076,"pct_alto":23.5,"n_hexagonos":1,"area_ha":0.08}},{"type":"Feature","geometry":{"type":"Polygon","coordinates":[[[-74.09429,-42.16734],[-74.094375,-42.167415],[-74.09438,-42.16752],[-74.094275,-42.16761],[-74.09407,-42.16762],[-74.09399,-42.16753],[-74.09398,-42.16747],[-74.094025,-42.167385],[-74.09409,-42.16734],[-74.09429,-42.16734]]]},"properties":{"comuna":"Ancud","mancha_id":"10202-88ceac66b3fffff-4","clase":"Medio","nivel_medio":2.076,"nivel_medio_min":2.076,"nivel_medio_max":2.076,"pct_alto":23.5,"n_hexagonos":1,"area_ha":0.08}},{"type":"Feature","geometry":{"type":"Polygon","coordinates":[[[-74.09278,-42.16745],[-74.09286,-42.16746],[-74.0929,-42.16752],[-74.09289,-42.16766],[-74.09277,-42.1677],[-74.092625,-42.16767],[-74.09264,-42.16754],[-74.09269,-42.16748],[-74.09278,-42.16745]]]},"properties":{"comuna":"Ancud","mancha_id":"10202-88ceac66b3fffff-5","clase":"Medio","nivel_medio":2.076,"nivel_medio_min":2.076,"nivel_medio_max":2.076,"pct_alto":23.5,"n_hexagonos":1,"area_ha":0.05}},{"type":"Feature","geometry":{"type":"Polygon","coordinates":[[[-74.0935,-42.16774],[-74.09354,-42.16778],[-74.09355,-42.167885],[-74.093495,-42.168025],[-74.09344,-42.16806],[-74.09327,-42.16806],[-74.09324,-42.16797],[-74.09324,-42.1679],[-74.09331,-42.16782],[-74.09341,-42.16776],[-74.0935,-42.16774]]]},"properties":{"comuna":"Ancud","mancha_id":"10202-88ceac66b3fffff-6","clase":"Medio","nivel_medio":2.076,"nivel_medio_min":2.076,"nivel_medio_max":2.076,"pct_alto":23.5,"n_hexagonos":1,"area_ha":0.07}},{"type":"Feature","geometry":{"type":"Polygon","coordinates":[[[-74.0941,-42.16881],[-74.09416,-42.168875],[-74.09417,-42.16901],[-74.09411,-42.16906],[-74.09396,-42.169095],[-74.0939,-42.169045],[-74.09386,-42.16892],[-74.09392,-42.16885],[-74.09403,-42.16881],[-74.0941,-42.16881]]]},"properties":{"comuna":"Ancud","mancha_id":"10202-88ceac66b3fffff-7","clase":"Medio","nivel_medio":2.076,"nivel_medio_min":2.076,"nivel_medio_max":2.076,"pct_alto":23.5,"n_hexagonos":1,"area_ha":0.06}},{"type":"Feature","geometry":{"type":"Polygon","coordinates":[[[-74.10137,-42.1733],[-74.10151,-42.17339],[-74.101595,-42.173495],[-74.10158,-42.173645],[-74.1015,-42.1737],[-74.101385,-42.1737],[-74.10132,-42.17364],[-74.10129,-42.17356],[-74.10127,-42.17347],[-74.10128,-42.1734],[-74.10137,-42.1733]]]},"properties":{"comuna":"Ancud","mancha_id":"10202-88ceac6697fffff","clase":"Medio","nivel_medio":2.164,"nivel_medio_min":2.164,"nivel_medio_max":2.164,"pct_alto":56.1,"n_hexagonos":1,"area_ha":0.09}},{"type":"Feature","geometry":{"type":"Polygon","coordinates":[[[-74.10094,-42.17555],[-74.10092,-42.17561],[-74.10087,-42.17564],[-74.10074,-42.17566],[-74.10067,-42.175615],[-74.10065,-42.17548],[-74.10072,-42.17543],[-74.10084,-42.17537],[-74.10093,-42.17544],[-74.10094,-42.17555]]]},"properties":{"comuna":"Ancud","mancha_id":"10202-88ceac6697fffff-2","clase":"Medio","nivel_medio":2.164,"nivel_medio_min":2.164,"nivel_medio_max":2.164,"pct_alto":56.1,"n_hexagonos":1,"area_ha":0.06}},{"type":"Feature","geometry":{"type":"Polygon","coordinates":[[[-74.10222,-42.17658],[-74.10231,-42.17661],[-74.1024,-42.17674],[-74.10241,-42.17687],[-74.10232,-42.17696],[-74.10215,-42.17691],[-74.10207,-42.17679],[-74.10206,-42.17666],[-74.10212,-42.1766],[-74.10222,-42.17658]]]},"properties":{"comuna":"Ancud","mancha_id":"10202-88ceac6697fffff-3","clase":"Medio","nivel_medio":2.164,"nivel_medio_min":2.164,"nivel_medio_max":2.164,"pct_alto":56.1,"n_hexagonos":1,"area_ha":0.09}},{"type":"Feature","geometry":{"type":"Polygon","coordinates":[[[-74.10452,-42.179405],[-74.10441,-42.1795],[-74.10435,-42.17953],[-74.1042,-42.17955],[-74.10416,-42.17947],[-74.10425,-42.17934],[-74.10435,-42.17927],[-74.10444,-42.17928],[-74.1045,-42.17932],[-74.10452,-42.179405]]]},"properties":{"comuna":"Ancud","mancha_id":"10202-88ceac6697fffff-4","clase":"Medio","nivel_medio":2.164,"nivel_medio_min":2.164,"nivel_medio_max":2.164,"pct_alto":56.1,"n_hexagonos":1,"area_ha":0.06}},{"type":"Feature","geometry":{"type":"Polygon","coordinates":[[[-74.10495,-42.17964],[-74.105,-42.17972],[-74.10489,-42.17979],[-74.10477,-42.17982],[-74.1047,-42.17983],[-74.10462,-42.17982],[-74.10458,-42.17971],[-74.1047,-42.17965],[-74.10486,-42.1796],[-74.10495,-42.17964]]]},"properties":{"comuna":"Ancud","mancha_id":"10202-88ceac6691fffff","clase":"Medio","nivel_medio":2.258,"nivel_medio_min":2.258,"nivel_medio_max":2.258,"pct_alto":34.8,"n_hexagonos":1,"area_ha":0.06}},{"type":"Feature","geometry":{"type":"Polygon","coordinates":[[[-74.10623,-42.18062],[-74.1063,-42.18071],[-74.10627,-42.1808],[-74.1062,-42.18082],[-74.1061,-42.18083],[-74.10598,-42.18079],[-74.10593,-42.18073],[-74.10597,-42.18064],[-74.1061,-42.18059],[-74.10623,-42.18062]]]},"properties":{"comuna":"Ancud","mancha_id":"10202-88ceac6691fffff-2","clase":"Medio","nivel_medio":2.258,"nivel_medio_min":2.258,"nivel_medio_max":2.258,"pct_alto":34.8,"n_hexagonos":1,"area_ha":0.06}},{"type":"Feature","geometry":{"type":"Polygon","coordinates":[[[-74.10631,-42.18115],[-74.1064,-42.18121],[-74.10643,-42.18132],[-74.1064,-42.18138],[-74.10624,-42.18144],[-74.10615,-42.18139],[-74.10611,-42.18132],[-74.10614,-42.18122],[-74.1062,-42.18114],[-74.10631,-42.18115]]]},"properties":{"comuna":"Ancud","mancha_id":"10202-88ceac6691fffff-3","clase":"Medio","nivel_medio":2.258,"nivel_medio_min":2.258,"nivel_medio_max":2.258,"pct_alto":34.8,"n_hexagonos":1,"area_ha":0.06}},{"type":"Feature","geometry":{"type":"Polygon","coordinates":[[[-74.10668,-42.18144],[-74.10678,-42.18143],[-74.10686,-42.181495],[-74.1068,-42.18162],[-74.10667,-42.18167],[-74.10655,-42.18166],[-74.10649,-42.18159],[-74.1065,-42.18152],[-74.10654,-42.18147],[-74.10668,-42.18144]]]},"properties":{"comuna":"Ancud","mancha_id":"10202-88ceac6691fffff-4","clase":"Medio","nivel_medio":2.258,"nivel_medio_min":2.258,"nivel_medio_max":2.258,"pct_alto":34.8,"n_hexagonos":1,"area_ha":0.06}},{"type":"Feature","geometry":{"type":"Polygon","coordinates":[[[-74.10673,-42.18228],[-74.10681,-42.18223],[-74.10704,-42.18232],[-74.10699,-42.18237],[-74.10692,-42.1824],[-74.10683,-42.18239],[-74.10674,-42.18235],[-74.10673,-42.18228]]]},"properties":{"comuna":"Ancud","mancha_id":"10202-88ceac6691fffff-5","clase":"Medio","nivel_medio":2.258,"nivel_medio_min":2.258,"nivel_medio_max":2.258,"pct_alto":34.8,"n_hexagonos":1,"area_ha":0.03}},{"type":"Feature","geometry":{"type":"Polygon","coordinates":[[[-74.10764,-42.182855],[-74.10769,-42.18297],[-74.10769,-42.18304],[-74.10762,-42.183175],[-74.10748,-42.18319],[-74.10737,-42.18313],[-74.10735,-42.18302],[-74.10735,-42.18294],[-74.10739,-42.18288],[-74.10748,-42.18284],[-74.10764,-42.182855]]]},"properties":{"comuna":"Ancud","mancha_id":"10202-88ceac6691fffff-6","clase":"Medio","nivel_medio":2.258,"nivel_medio_min":2.258,"nivel_medio_max":2.258,"pct_alto":34.8,"n_hexagonos":1,"area_ha":0.09}},{"type":"Feature","geometry":{"type":"Polygon","coordinates":[[[-74.0787,-42.15529],[-74.07869,-42.155405],[-74.07862,-42.15547],[-74.0785,-42.1555],[-74.0784,-42.15547],[-74.07829,-42.15542],[-74.07813,-42.1553],[-74.0781,-42.15525],[-74.07811,-42.15517],[-74.07814,-42.15511],[-74.07835,-42.15506],[-74.07849,-42.1551],[-74.07856,-42.15515],[-74.07867,-42.15521],[-74.0787,-42.15529]]]},"properties":{"comuna":"Ancud","mancha_id":"10202-88ceac64ddfffff","clase":"Medio","nivel_medio":2.206,"nivel_medio_min":2.206,"nivel_medio_max":2.206,"pct_alto":27.4,"n_hexagonos":1,"area_ha":0.17}},{"type":"Feature","geometry":{"type":"Polygon","coordinates":[[[-74.07779,-42.15536],[-74.07784,-42.1555],[-74.07776,-42.15572],[-74.07758,-42.15578],[-74.07743,-42.15572],[-74.07738,-42.155615],[-74.07745,-42.15547],[-74.07752,-42.15539],[-74.07757,-42.15536],[-74.07764,-42.15534],[-74.07779,-42.15536]]]},"properties":{"comuna":"Ancud","mancha_id":"10202-88ceac64ddfffff-2","clase":"Medio","nivel_medio":2.206,"nivel_medio_min":2.206,"nivel_medio_max":2.206,"pct_alto":27.4,"n_hexagonos":1,"area_ha":0.13}},{"type":"Feature","geometry":{"type":"Polygon","coordinates":[[[-74.06098,-42.14823],[-74.06049,-42.1479],[-74.060191,-42.147534],[-74.061891,-42.147166],[-74.06202,-42.14724],[-74.06213,-42.14731],[-74.06221,-42.1474],[-74.06234,-42.14745],[-74.06249,-42.14755],[-74.06253,-42.14763],[-74.06254,-42.14784],[-74.06222,-42.14815],[-74.06179,-42.14826],[-74.06137,-42.14831],[-74.06098,-42.14823]]]},"properties":{"comuna":"Ancud","mancha_id":"10202-88ceac64c7fffff","clase":"Medio","nivel_medio":2.221,"nivel_medio_min":2.221,"nivel_medio_max":2.221,"pct_alto":22.2,"n_hexagonos":1,"area_ha":1.62}},{"type":"Feature","geometry":{"type":"Polygon","coordinates":[[[-74.06495,-42.14846],[-74.0649,-42.14849],[-74.06482,-42.14852],[-74.06471,-42.14855],[-74.06462,-42.14853],[-74.06454,-42.14845],[-74.06455,-42.14833],[-74.0646,-42.14819],[-74.0648,-42.14812],[-74.06488,-42.14812],[-74.064985,-42.148185],[-74.06503,-42.148295],[-74.06501,-42.14841],[-74.06495,-42.14846]]]},"properties":{"comuna":"Ancud","mancha_id":"10202-88ceac6489fffff","clase":"Medio","nivel_medio":1.859,"nivel_medio_min":1.859,"nivel_medio_max":1.859,"pct_alto":19.7,"n_hexagonos":1,"area_ha":0.15}},{"type":"Feature","geometry":{"type":"Polygon","coordinates":[[[-74.06651,-42.14866],[-74.06646,-42.14886],[-74.06639,-42.14891],[-74.06628,-42.14892],[-74.06615,-42.14891],[-74.06612,-42.14884],[-74.06611,-42.14869],[-74.06619,-42.14857],[-74.06634,-42.14852],[-74.066455,-42.14858],[-74.06651,-42.14866]]]},"properties":{"comuna":"Ancud","mancha_id":"10202-88ceac6489fffff-2","clase":"Medio","nivel_medio":1.859,"nivel_medio_min":1.859,"nivel_medio_max":1.859,"pct_alto":19.7,"n_hexagonos":1,"area_ha":0.11}},{"type":"Feature","geometry":{"type":"Polygon","coordinates":[[[-73.801474,-42.197076],[-73.80341,-42.198714],[-73.805149,-42.198342],[-73.805,-42.19947],[-73.804648,-42.200617],[-73.80392,-42.202073],[-73.80278,-42.20414],[-73.802724,-42.204281],[-73.802352,-42.205224],[-73.80199,-42.20599],[-73.801707,-42.206485],[-73.801409,-42.206844],[-73.801079,-42.207197],[-73.800279,-42.207731],[-73.79892,-42.20847],[-73.79807,-42.208991],[-73.797822,-42.20922],[-73.797459,-42.209554],[-73.79709,-42.20977],[-73.796664,-42.209909],[-73.796134,-42.210028],[-73.795672,-42.21007],[-73.795055,-42.210014],[-73.794924,-42.209975],[-73.793865,-42.209078],[-73.793102,-42.209241],[-73.79269,-42.20909],[-73.792379,-42.209077],[-73.79199,-42.20916],[-73.791756,-42.209385],[-73.791714,-42.209538],[-73.788067,-42.210319],[-73.784146,-42.206999],[-73.786021,-42.202438],[-73.782101,-42.199118],[-73.783976,-42.194558],[-73.789771,-42.193317],[-73.793692,-42.196636],[-73.798762,-42.19555],[-73.79859,-42.195675],[-73.798422,-42.195959],[-73.798401,-42.196222],[-73.798569,-42.196453],[-73.798937,-42.196684],[-73.79962,-42.19681],[-73.800145,-42.196825],[-73.800607,-42.196852],[-73.801133,-42.196988],[-73.801474,-42.197076]]]},"properties":{"comuna":"Ancud","mancha_id":"10202-88ceac61e1fffff","clase":"Medio","nivel_medio":2.111,"nivel_medio_min":2.002,"nivel_medio_max":2.269,"pct_alto":15.3,"n_hexagonos":5,"area_ha":237.98}},{"type":"Feature","geometry":{"type":"Polygon","coordinates":[[[-73.860482,-42.173701],[-73.860746,-42.173455],[-73.861272,-42.172963],[-73.861457,-42.172861],[-73.86164,-42.17287],[-73.86179,-42.17301],[-73.862076,-42.173643],[-73.861192,-42.173833],[-73.86001,-42.176718],[-73.85931,-42.17638],[-73.85889,-42.17612],[-73.85831,-42.17565],[-73.858062,-42.175364],[-73.857949,-42.175168],[-73.857903,-42.174993],[-73.857905,-42.174838],[-73.857931,-42.17468],[-73.85805,-42.17456],[-73.858259,-42.17445],[-73.858463,-42.174358],[-73.859477,-42.174096],[-73.860021,-42.173931],[-73.86025,-42.173844],[-73.860482,-42.173701]]]},"properties":{"comuna":"Ancud","mancha_id":"10202-88ceac6193fffff","clase":"Medio","nivel_medio":2.441,"nivel_medio_min":2.438,"nivel_medio_max":2.461,"pct_alto":44.1,"n_hexagonos":2,"area_ha":5.97}},{"type":"Feature","geometry":{"type":"Polygon","coordinates":[[[-73.754463,-42.238302],[-73.75445,-42.238301],[-73.754534,-42.238283],[-73.754463,-42.238302]]]},"properties":{"comuna":"Ancud","mancha_id":"10202-88ceac616bfffff","clase":"Medio","nivel_medio":2.0,"nivel_medio_min":2.0,"nivel_medio_max":2.0,"pct_alto":0.0,"n_hexagonos":1,"area_ha":0.0}},{"type":"Feature","geometry":{"type":"Polygon","coordinates":[[[-73.739975,-42.237232],[-73.745773,-42.235995],[-73.748856,-42.238607],[-73.748647,-42.23868],[-73.748358,-42.23877],[-73.74794,-42.23901],[-73.747824,-42.239127],[-73.747781,-42.239278],[-73.747809,-42.239407],[-73.74797,-42.23956],[-73.748232,-42.239758],[-73.748304,-42.239894],[-73.74829,-42.240016],[-73.748182,-42.240095],[-73.74786,-42.24021],[-73.747315,-42.24031],[-73.746612,-42.240389],[-73.74634,-42.240389],[-73.746099,-42.240299],[-73.745846,-42.240158],[-73.74554,-42.24003],[-73.745309,-42.239971],[-73.74508,-42.239946],[-73.744726,-42.239973],[-73.744463,-42.240013],[-73.744227,-42.240064],[-73.743982,-42.240157],[-73.743686,-42.240267],[-73.743243,-42.240426],[-73.74292,-42.2406],[-73.742597,-42.240798],[-73.742317,-42.241049],[-73.742245,-42.241214],[-73.742266,-42.241418],[-73.742378,-42.241634],[-73.74251,-42.24192],[-73.742544,-42.242044],[-73.742517,-42.242212],[-73.742425,-42.242358],[-73.742301,-42.242477],[-73.742177,-42.242547],[-73.741976,-42.24259],[-73.741737,-42.242604],[-73.74121,-42.24252],[-73.74018,-42.24236],[-73.739671,-42.242346],[-73.739489,-42.242389],[-73.73939,-42.242469],[-73.739304,-42.242615],[-73.739301,-42.242813],[-73.738096,-42.241791],[-73.739975,-42.237232]]]},"properties":{"comuna":"Ancud","mancha_id":"10202-88ceac6161fffff","clase":"Medio","nivel_medio":1.565,"nivel_medio_min":1.565,"nivel_medio_max":1.565,"pct_alto":8.7,"n_hexagonos":1,"area_ha":36.44}},{"type":"Feature","geometry":{"type":"Polygon","coordinates":[[[-73.780394,-42.21612],[-73.786192,-42.21488],[-73.786228,-42.21491],[-73.786278,-42.215107],[-73.78631,-42.21557],[-73.786256,-42.215795],[-73.7861,-42.216],[-73.785869,-42.216082],[-73.785568,-42.216111],[-73.78503,-42.216053],[-73.783947,-42.215695],[-73.78361,-42.21568],[-73.783259,-42.215759],[-73.783058,-42.215903],[-73.783022,-42.21601],[-73.782994,-42.216147],[-73.78306,-42.216281],[-73.783208,-42.216399],[-73.784109,-42.21693],[-73.784386,-42.217102],[-73.784628,-42.217365],[-73.784822,-42.217702],[-73.78487,-42.21801],[-73.784707,-42.219251],[-73.784585,-42.21966],[-73.784521,-42.219875],[-73.784421,-42.220018],[-73.78422,-42.220148],[-73.783947,-42.220255],[-73.783574,-42.220298],[-73.783237,-42.220241],[-73.78304,-42.22013],[-73.7829,-42.219918],[-73.782822,-42.219488],[-73.782764,-42.219225],[-73.782642,-42.218828],[-73.782439,-42.218581],[-73.782183,-42.218477],[-73.781875,-42.218455],[-73.781459,-42.21852],[-73.780993,-42.218627],[-73.780584,-42.218699],[-73.780331,-42.218648],[-73.780135,-42.218556],[-73.779873,-42.218333],[-73.779596,-42.218061],[-73.780394,-42.21612]]]},"properties":{"comuna":"Ancud","mancha_id":"10202-88ceac6115fffff","clase":"Medio","nivel_medio":2.108,"nivel_medio_min":2.108,"nivel_medio_max":2.108,"pct_alto":47.0,"n_hexagonos":1,"area_ha":15.25}},{"type":"Feature","geometry":{"type":"Polygon","coordinates":[[[-73.763734,-42.232337],[-73.76323,-42.232332],[-73.762946,-42.23233],[-73.762934,-42.23233],[-73.76278,-42.232336],[-73.762607,-42.232386],[-73.762568,-42.232408],[-73.762489,-42.232455],[-73.762345,-42.232613],[-73.762005,-42.233097],[-73.761934,-42.233256],[-73.761935,-42.233459],[-73.761959,-42.233588],[-73.762063,-42.233741],[-73.762415,-42.234043],[-73.76249,-42.23417],[-73.762498,-42.234295],[-73.762459,-42.234404],[-73.762365,-42.234495],[-73.762246,-42.234572],[-73.761984,-42.234646],[-73.761816,-42.234691],[-73.761612,-42.234696],[-73.76127,-42.23467],[-73.76017,-42.23451],[-73.759977,-42.234538],[-73.75982,-42.23462],[-73.759748,-42.234689],[-73.759719,-42.234818],[-73.759775,-42.234905],[-73.759863,-42.235019],[-73.759956,-42.235183],[-73.75998,-42.23536],[-73.759913,-42.235485],[-73.759773,-42.235576],[-73.759588,-42.235626],[-73.759037,-42.235718],[-73.758723,-42.235822],[-73.758572,-42.235958],[-73.758486,-42.236137],[-73.75837,-42.236213],[-73.758252,-42.236244],[-73.758122,-42.236201],[-73.758036,-42.236108],[-73.757955,-42.235929],[-73.757918,-42.235731],[-73.757863,-42.235521],[-73.757764,-42.235385],[-73.757582,-42.235312],[-73.757231,-42.235327],[-73.756881,-42.235472],[-73.756765,-42.235556],[-73.756715,-42.2357],[-73.75676,-42.23585],[-73.756929,-42.236071],[-73.75731,-42.236496],[-73.757432,-42.236718],[-73.757475,-42.236933],[-73.7575,-42.23745],[-73.757439,-42.237657],[-73.7573,-42.23783],[-73.756873,-42.238037],[-73.756464,-42.238116],[-73.75619,-42.23813],[-73.755926,-42.238059],[-73.75579,-42.237937],[-73.755747,-42.23775],[-73.7558,-42.23752],[-73.756055,-42.23694],[-73.756087,-42.236753],[-73.756062,-42.236693],[-73.75737,-42.233519],[-73.75345,-42.230197],[-73.755328,-42.225637],[-73.761125,-42.224399],[-73.763003,-42.219839],[-73.7688,-42.2186],[-73.772721,-42.22192],[-73.770844,-42.226481],[-73.772522,-42.227902],[-73.772095,-42.228207],[-73.771772,-42.228408],[-73.771356,-42.228565],[-73.770959,-42.228646],[-73.770562,-42.22867],[-73.770025,-42.228652],[-73.769384,-42.22856],[-73.768782,-42.2284],[-73.768123,-42.228314],[-73.767759,-42.228302],[-73.76763,-42.228318],[-73.767525,-42.228388],[-73.767506,-42.228486],[-73.767517,-42.228591],[-73.767583,-42.22865],[-73.767664,-42.228687],[-73.76813,-42.228823],[-73.768273,-42.228931],[-73.768316,-42.229046],[-73.768323,-42.229203],[-73.768237,-42.229304],[-73.768127,-42.229338],[-73.768029,-42.229369],[-73.767802,-42.229396],[-73.767536,-42.2294],[-73.767294,-42.229373],[-73.76711,-42.229361],[-73.766868,-42.229357],[-73.76652,-42.229353],[-73.76628,-42.22939],[-73.766067,-42.229447],[-73.765706,-42.229576],[-73.765326,-42.229756],[-73.765032,-42.229956],[-73.76481,-42.23023],[-73.764724,-42.230465],[-73.764712,-42.230606],[-73.764768,-42.2308],[-73.764875,-42.230917],[-73.765043,-42.231025],[-73.765234,-42.231087],[-73.765578,-42.231194],[-73.766108,-42.231333],[-73.766347,-42.231428],[-73.766544,-42.231525],[-73.766675,-42.231622],[-73.766747,-42.231709],[-73.766775,-42.231838],[-73.766738,-42.231953],[-73.76662,-42.23207],[-73.766394,-42.2322],[-73.766103,-42.232325],[-73.765909,-42.232388],[-73.765663,-42.232444],[-73.76545,-42.232482],[-73.765315,-42.232488],[-73.765139,-42.232481],[-73.764645,-42.232436],[-73.763734,-42.232337]]]},"properties":{"comuna":"Ancud","mancha_id":"10202-88ceac6101fffff","clase":"Medio","nivel_medio":1.659,"nivel_medio_min":1.569,"nivel_medio_max":2.145,"pct_alto":2.6,"n_hexagonos":4,"area_ha":163.2}},{"type":"Feature","geometry":{"type":"Polygon","coordinates":[[[-73.867368,-42.197477],[-73.865498,-42.202041],[-73.869428,-42.20536],[-73.867558,-42.209924],[-73.871488,-42.213243],[-73.869618,-42.217808],[-73.864853,-42.21883],[-73.864721,-42.218598],[-73.86396,-42.21721],[-73.86297,-42.21503],[-73.86239,-42.2141],[-73.86213,-42.21343],[-73.86189,-42.21308],[-73.86161,-42.2128],[-73.861214,-42.212496],[-73.86112,-42.212424],[-73.861037,-42.212348],[-73.861008,-42.212224],[-73.861006,-42.212012],[-73.861055,-42.211546],[-73.861071,-42.211129],[-73.861028,-42.210906],[-73.860947,-42.210716],[-73.86081,-42.210579],[-73.86058,-42.21042],[-73.85845,-42.20924],[-73.85795,-42.20885],[-73.857163,-42.207993],[-73.85701,-42.207827],[-73.856969,-42.207748],[-73.857024,-42.207695],[-73.857156,-42.20761],[-73.85729,-42.20748],[-73.857377,-42.207248],[-73.85742,-42.20703],[-73.857448,-42.206574],[-73.857475,-42.206289],[-73.857537,-42.206015],[-73.85761,-42.20561],[-73.857609,-42.205421],[-73.85759,-42.20528],[-73.85753,-42.205191],[-73.857409,-42.205079],[-73.857254,-42.204995],[-73.85708,-42.20488],[-73.856934,-42.204735],[-73.856914,-42.204633],[-73.856947,-42.204524],[-73.857027,-42.204444],[-73.857769,-42.204037],[-73.85802,-42.20386],[-73.858213,-42.203622],[-73.85834,-42.20337],[-73.85842,-42.203008],[-73.85847,-42.20258],[-73.858471,-42.202249],[-73.858471,-42.201949],[-73.858408,-42.201176],[-73.858367,-42.200874],[-73.858199,-42.200411],[-73.858037,-42.200093],[-73.857878,-42.199926],[-73.8577,-42.19984],[-73.857556,-42.199818],[-73.85743,-42.19982],[-73.857285,-42.199872],[-73.85716,-42.199981],[-73.856951,-42.200031],[-73.8567,-42.19999],[-73.856473,-42.199922],[-73.856165,-42.199753],[-73.855971,-42.199479],[-73.855941,-42.199437],[-73.855553,-42.19886],[-73.855429,-42.198771],[-73.855309,-42.198703],[-73.855126,-42.198673],[-73.854861,-42.198611],[-73.854631,-42.198486],[-73.85431,-42.198204],[-73.854015,-42.197696],[-73.853972,-42.197522],[-73.853983,-42.19736],[-73.854066,-42.197154],[-73.854419,-42.196766],[-73.854487,-42.196583],[-73.85449,-42.19638],[-73.8544,-42.196247],[-73.85429,-42.19615],[-73.854131,-42.196103],[-73.853391,-42.195978],[-73.853252,-42.19595],[-73.853122,-42.195882],[-73.85295,-42.19572],[-73.852802,-42.195473],[-73.85268,-42.19529],[-73.852606,-42.195223],[-73.852441,-42.195141],[-73.85227,-42.195072],[-73.852142,-42.195007],[-73.851962,-42.194879],[-73.851753,-42.194689],[-73.851556,-42.194479],[-73.851287,-42.194076],[-73.850797,-42.192712],[-73.853713,-42.192086],[-73.857641,-42.195404],[-73.863439,-42.194159],[-73.867368,-42.197477]]]},"properties":{"comuna":"Ancud","mancha_id":"10202-88ceac60adfffff","clase":"Medio","nivel_medio":2.053,"nivel_medio_min":2.0,"nivel_medio_max":2.11,"pct_alto":5.0,"n_hexagonos":6,"area_ha":214.47}},{"type":"Feature","geometry":{"type":"Polygon","coordinates":[[[-74.137687,-42.21696],[-74.13777,-42.21703],[-74.13774,-42.2171],[-74.13754,-42.217075],[-74.13754,-42.216985],[-74.13763,-42.21696],[-74.137687,-42.21696]]]},"properties":{"comuna":"Ancud","mancha_id":"10202-88ceac29ebfffff","clase":"Medio","nivel_medio":1.775,"nivel_medio_min":1.775,"nivel_medio_max":1.775,"pct_alto":23.2,"n_hexagonos":1,"area_ha":0.02}},{"type":"Feature","geometry":{"type":"Polygon","coordinates":[[[-74.11576,-42.18984],[-74.1157,-42.18996],[-74.11564,-42.18998],[-74.11554,-42.18999],[-74.115347,-42.189845],[-74.115349,-42.189789],[-74.115645,-42.189725],[-74.11569,-42.18974],[-74.11574,-42.18978],[-74.11576,-42.18984]]]},"properties":{"comuna":"Ancud","mancha_id":"10202-88ceac29a5fffff","clase":"Medio","nivel_medio":2.253,"nivel_medio_min":2.253,"nivel_medio_max":2.253,"pct_alto":33.7,"n_hexagonos":1,"area_ha":0.07}},{"type":"Feature","geometry":{"type":"Polygon","coordinates":[[[-74.114715,-42.190082],[-74.11485,-42.19013],[-74.11494,-42.19019],[-74.11494,-42.19026],[-74.11488,-42.1903],[-74.11475,-42.19031],[-74.114625,-42.190305],[-74.11454,-42.190225],[-74.11454,-42.19013],[-74.11466,-42.19007],[-74.114715,-42.190082]]]},"properties":{"comuna":"Ancud","mancha_id":"10202-88ceac29a5fffff-2","clase":"Medio","nivel_medio":2.253,"nivel_medio_min":2.253,"nivel_medio_max":2.253,"pct_alto":33.7,"n_hexagonos":1,"area_ha":0.07}},{"type":"Feature","geometry":{"type":"Polygon","coordinates":[[[-74.11635,-42.19044],[-74.11639,-42.1905],[-74.11642,-42.1906],[-74.116395,-42.190675],[-74.11624,-42.19068],[-74.116125,-42.19064],[-74.11608,-42.19056],[-74.11608,-42.19047],[-74.11627,-42.19044],[-74.11635,-42.19044]]]},"properties":{"comuna":"Ancud","mancha_id":"10202-88ceac29a5fffff-3","clase":"Medio","nivel_medio":2.253,"nivel_medio_min":2.253,"nivel_medio_max":2.253,"pct_alto":33.7,"n_hexagonos":1,"area_ha":0.06}},{"type":"Feature","geometry":{"type":"Polygon","coordinates":[[[-74.11669,-42.19147],[-74.11681,-42.19141],[-74.11695,-42.19145],[-74.11698,-42.19152],[-74.11696,-42.191585],[-74.11672,-42.19161],[-74.11668,-42.19154],[-74.11669,-42.19147]]]},"properties":{"comuna":"Ancud","mancha_id":"10202-88ceac29a5fffff-4","clase":"Medio","nivel_medio":2.253,"nivel_medio_min":2.253,"nivel_medio_max":2.253,"pct_alto":33.7,"n_hexagonos":1,"area_ha":0.04}},{"type":"Feature","geometry":{"type":"Polygon","coordinates":[[[-74.11721,-42.19191],[-74.11732,-42.19188],[-74.1174,-42.19189],[-74.117435,-42.191988],[-74.117315,-42.192075],[-74.11717,-42.1921],[-74.11711,-42.192005],[-74.11715,-42.19195],[-74.11721,-42.19191]]]},"properties":{"comuna":"Ancud","mancha_id":"10202-88ceac29a5fffff-5","clase":"Medio","nivel_medio":2.253,"nivel_medio_min":2.253,"nivel_medio_max":2.253,"pct_alto":33.7,"n_hexagonos":1,"area_ha":0.04}},{"type":"Feature","geometry":{"type":"Polygon","coordinates":[[[-74.118853,-42.189029],[-74.11888,-42.18907],[-74.11887,-42.18916],[-74.11879,-42.18921],[-74.11857,-42.1892],[-74.11849,-42.189108],[-74.118853,-42.189029]]]},"properties":{"comuna":"Ancud","mancha_id":"10202-88ceac29a5fffff-6","clase":"Medio","nivel_medio":2.253,"nivel_medio_min":2.253,"nivel_medio_max":2.253,"pct_alto":33.7,"n_hexagonos":1,"area_ha":0.04}},{"type":"Feature","geometry":{"type":"Polygon","coordinates":[[[-74.11817,-42.18974],[-74.11829,-42.18973],[-74.1184,-42.1898],[-74.11844,-42.189875],[-74.11842,-42.18995],[-74.11832,-42.18997],[-74.1182,-42.18997],[-74.117983,-42.18987],[-74.11807,-42.18978],[-74.11817,-42.18974]]]},"properties":{"comuna":"Ancud","mancha_id":"10202-88ceac29a5fffff-7","clase":"Medio","nivel_medio":2.253,"nivel_medio_min":2.253,"nivel_medio_max":2.253,"pct_alto":33.7,"n_hexagonos":1,"area_ha":0.07}},{"type":"Feature","geometry":{"type":"Polygon","coordinates":[[[-74.118,-42.19063],[-74.118055,-42.190685],[-74.118065,-42.19078],[-74.117995,-42.190825],[-74.11782,-42.19083],[-74.11776,-42.19083],[-74.117655,-42.19076],[-74.117635,-42.19066],[-74.11777,-42.19061],[-74.11784,-42.19061],[-74.118,-42.19063]]]},"properties":{"comuna":"Ancud","mancha_id":"10202-88ceac29a5fffff-8","clase":"Medio","nivel_medio":2.253,"nivel_medio_min":2.253,"nivel_medio_max":2.253,"pct_alto":33.7,"n_hexagonos":1,"area_ha":0.07}},{"type":"Feature","geometry":{"type":"Polygon","coordinates":[[[-74.11859,-42.19194],[-74.11867,-42.19197],[-74.11872,-42.19201],[-74.11875,-42.19208],[-74.11876,-42.19214],[-74.11862,-42.19219],[-74.11852,-42.19219],[-74.11845,-42.19217],[-74.11839,-42.19212],[-74.118375,-42.19202],[-74.11843,-42.19196],[-74.11853,-42.19194],[-74.11859,-42.19194]]]},"properties":{"comuna":"Ancud","mancha_id":"10202-88ceac29a5fffff-9","clase":"Medio","nivel_medio":2.253,"nivel_medio_min":2.253,"nivel_medio_max":2.253,"pct_alto":33.7,"n_hexagonos":1,"area_ha":0.07}},{"type":"Feature","geometry":{"type":"Polygon","coordinates":[[[-74.11735,-42.19233],[-74.11746,-42.19233],[-74.11753,-42.19234],[-74.11757,-42.192415],[-74.11752,-42.192475],[-74.11722,-42.19252],[-74.117125,-42.192445],[-74.11718,-42.19238],[-74.11735,-42.19233]]]},"properties":{"comuna":"Ancud","mancha_id":"10202-88ceac29a5fffff-10","clase":"Medio","nivel_medio":2.253,"nivel_medio_min":2.253,"nivel_medio_max":2.253,"pct_alto":33.7,"n_hexagonos":1,"area_ha":0.05}},{"type":"Feature","geometry":{"type":"Polygon","coordinates":[[[-74.12009,-42.19353],[-74.12023,-42.19357],[-74.12027,-42.19363],[-74.12026,-42.1937],[-74.12018,-42.19374],[-74.12012,-42.19374],[-74.12005,-42.19373],[-74.11991,-42.19366],[-74.11992,-42.19359],[-74.11998,-42.19355],[-74.12009,-42.19353]]]},"properties":{"comuna":"Ancud","mancha_id":"10202-88ceac29a5fffff-11","clase":"Medio","nivel_medio":2.253,"nivel_medio_min":2.253,"nivel_medio_max":2.253,"pct_alto":33.7,"n_hexagonos":1,"area_ha":0.05}},{"type":"Feature","geometry":{"type":"Polygon","coordinates":[[[-74.128545,-42.198475],[-74.12842,-42.19856],[-74.12817,-42.1986],[-74.12806,-42.19857],[-74.12799,-42.19854],[-74.12792,-42.19846],[-74.12786,-42.1983],[-74.12787,-42.198215],[-74.127937,-42.198161],[-74.12799,-42.19814],[-74.12805,-42.19814],[-74.12812,-42.19815],[-74.12825,-42.19823],[-74.12844,-42.1983],[-74.128515,-42.198355],[-74.128545,-42.198475]]]},"properties":{"comuna":"Ancud","mancha_id":"10202-88ceac29a1fffff","clase":"Medio","nivel_medio":2.254,"nivel_medio_min":2.254,"nivel_medio_max":2.254,"pct_alto":59.6,"n_hexagonos":1,"area_ha":0.2}},{"type":"Feature","geometry":{"type":"Polygon","coordinates":[[[-73.51717,-41.88155],[-73.518619,-41.881107],[-73.518169,-41.882193],[-73.514151,-41.883055],[-73.51442,-41.8829],[-73.5147,-41.88268],[-73.51539,-41.8823],[-73.51717,-41.88155]]]},"properties":{"comuna":"Ancud","mancha_id":"10202-88cea8d9e5fffff","clase":"Medio","nivel_medio":2.358,"nivel_medio_min":2.358,"nivel_medio_max":2.358,"pct_alto":51.1,"n_hexagonos":1,"area_ha":2.43}},{"type":"Feature","geometry":{"type":"Polygon","coordinates":[[[-73.512411,-41.883419],[-73.512439,-41.883422],[-73.512419,-41.883426],[-73.512411,-41.883419]]]},"properties":{"comuna":"Ancud","mancha_id":"10202-88cea8d9e5fffff-2","clase":"Medio","nivel_medio":2.358,"nivel_medio_min":2.358,"nivel_medio_max":2.358,"pct_alto":51.1,"n_hexagonos":1,"area_ha":0.0}},{"type":"Feature","geometry":{"type":"Polygon","coordinates":[[[-73.497154,-41.894979],[-73.502905,-41.893747],[-73.504787,-41.889203],[-73.510538,-41.88797],[-73.514407,-41.891281],[-73.512877,-41.894975],[-73.51278,-41.89492],[-73.51141,-41.89445],[-73.51017,-41.89419],[-73.50688,-41.89401],[-73.50572,-41.89403],[-73.5043,-41.89417],[-73.503628,-41.894366],[-73.50269,-41.89464],[-73.50214,-41.89482],[-73.50157,-41.895],[-73.50146,-41.89504],[-73.50099,-41.89519],[-73.50045,-41.89533],[-73.50008,-41.89539],[-73.49939,-41.89535],[-73.49862,-41.89539],[-73.49837,-41.89545],[-73.49811,-41.89551],[-73.49759,-41.89557],[-73.49681,-41.895809],[-73.497154,-41.894979]]]},"properties":{"comuna":"Ancud","mancha_id":"10202-88cea8d939fffff","clase":"Medio","nivel_medio":2.17,"nivel_medio_min":1.776,"nivel_medio_max":2.193,"pct_alto":23.5,"n_hexagonos":2,"area_ha":54.46}},{"type":"Feature","geometry":{"type":"Polygon","coordinates":[[[-73.479902,-41.898674],[-73.485653,-41.897443],[-73.488679,-41.900034],[-73.48864,-41.90012],[-73.48858,-41.90045],[-73.48839,-41.90062],[-73.48811,-41.90065],[-73.48789,-41.90055],[-73.4876,-41.90044],[-73.48741,-41.90032],[-73.48715,-41.90019],[-73.48677,-41.90024],[-73.48656,-41.90024],[-73.48636,-41.90022],[-73.48616,-41.90012],[-73.48611,-41.90004],[-73.48618,-41.8999],[-73.48618,-41.89976],[-73.48602,-41.89966],[-73.48533,-41.89962],[-73.48482,-41.89964],[-73.48447,-41.8997],[-73.48436,-41.89972],[-73.48391,-41.89984],[-73.48372,-41.89999],[-73.48342,-41.90025],[-73.48318,-41.90038],[-73.48288,-41.90047],[-73.48263,-41.90057],[-73.48231,-41.90062],[-73.48194,-41.90087],[-73.48172,-41.90112],[-73.48165,-41.90143],[-73.48155,-41.90198],[-73.48148,-41.90233],[-73.4814,-41.90247],[-73.48114,-41.90255],[-73.4809,-41.90264],[-73.48055,-41.90275],[-73.47982,-41.90296],[-73.47943,-41.90304],[-73.4792,-41.90311],[-73.47891,-41.90322],[-73.47861,-41.90345],[-73.478493,-41.903623],[-73.478018,-41.903217],[-73.479902,-41.898674]]]},"properties":{"comuna":"Ancud","mancha_id":"10202-88cea8d92bfffff","clase":"Medio","nivel_medio":1.616,"nivel_medio_min":1.616,"nivel_medio_max":1.616,"pct_alto":16.8,"n_hexagonos":1,"area_ha":23.21}},{"type":"Feature","geometry":{"type":"Polygon","coordinates":[[[-73.47792,-41.890819],[-73.476036,-41.895362],[-73.474914,-41.895602],[-73.4749,-41.89552],[-73.47485,-41.89498],[-73.47463,-41.89408],[-73.47453,-41.89351],[-73.47458,-41.89305],[-73.4746,-41.89251],[-73.47478,-41.89207],[-73.47496,-41.89184],[-73.47527,-41.89153],[-73.47573,-41.89116],[-73.47626,-41.89085],[-73.47663,-41.89065],[-73.47693,-41.89048],[-73.477278,-41.890269],[-73.47744,-41.89017],[-73.47871,-41.88957],[-73.4795,-41.88925],[-73.48026,-41.88888],[-73.48065,-41.88867],[-73.48136,-41.8883],[-73.4817,-41.8881],[-73.48209,-41.88775],[-73.48284,-41.88723],[-73.48325,-41.88705],[-73.48363,-41.88693],[-73.48403,-41.8869],[-73.48437,-41.88687],[-73.48479,-41.88683],[-73.484816,-41.886823],[-73.48518,-41.88672],[-73.48562,-41.88654],[-73.48621,-41.88633],[-73.48661,-41.88625],[-73.48732,-41.88611],[-73.48817,-41.88599],[-73.48869,-41.88595],[-73.48902,-41.88595],[-73.48928,-41.88604],[-73.48951,-41.88616],[-73.48966,-41.88622],[-73.48986,-41.88638],[-73.49005,-41.88651],[-73.49032,-41.88662],[-73.49103,-41.88668],[-73.49132,-41.88669],[-73.49155,-41.8867],[-73.49186,-41.88671],[-73.49221,-41.88671],[-73.49251,-41.88672],[-73.49281,-41.88671],[-73.49331,-41.88671],[-73.49409,-41.88673],[-73.49427,-41.88674],[-73.49454,-41.88676],[-73.494762,-41.886776],[-73.495169,-41.887124],[-73.493287,-41.891668],[-73.487536,-41.8929],[-73.48367,-41.889588],[-73.47792,-41.890819]]]},"properties":{"comuna":"Ancud","mancha_id":"10202-88cea8d927fffff","clase":"Medio","nivel_medio":2.326,"nivel_medio_min":1.632,"nivel_medio_max":2.419,"pct_alto":31.6,"n_hexagonos":3,"area_ha":71.06}},{"type":"Feature","geometry":{"type":"Polygon","coordinates":[[[-73.931822,-41.987985],[-73.929963,-41.992549],[-73.924184,-41.993803],[-73.920264,-41.990494],[-73.914485,-41.991747],[-73.910566,-41.988438],[-73.912426,-41.983876],[-73.918203,-41.982622],[-73.922123,-41.985931],[-73.927901,-41.984677],[-73.931822,-41.987985]]]},"properties":{"comuna":"Ancud","mancha_id":"10202-88cea8d611fffff","clase":"Medio","nivel_medio":1.541,"nivel_medio_min":1.506,"nivel_medio_max":1.575,"pct_alto":0.0,"n_hexagonos":2,"area_ha":132.74}},{"type":"Feature","geometry":{"type":"Polygon","coordinates":[[[-73.899102,-41.874522],[-73.893337,-41.875777],[-73.891823,-41.874497],[-73.89217,-41.87428],[-73.89238,-41.87419],[-73.89316,-41.87367],[-73.89419,-41.87319],[-73.89606,-41.87218],[-73.89723,-41.87162],[-73.89859,-41.87106],[-73.89996,-41.87061],[-73.900781,-41.870398],[-73.899102,-41.874522]]]},"properties":{"comuna":"Ancud","mancha_id":"10202-88cea8d597fffff","clase":"Medio","nivel_medio":2.267,"nivel_medio_min":2.267,"nivel_medio_max":2.267,"pct_alto":34.2,"n_hexagonos":1,"area_ha":20.25}},{"type":"Feature","geometry":{"type":"Polygon","coordinates":[[[-73.906252,-41.960264],[-73.904392,-41.964826],[-73.898617,-41.966079],[-73.894702,-41.962771],[-73.896561,-41.95821],[-73.902336,-41.956956],[-73.906252,-41.960264]]]},"properties":{"comuna":"Ancud","mancha_id":"10202-88cea8d45dfffff","clase":"Medio","nivel_medio":1.59,"nivel_medio_min":1.59,"nivel_medio_max":1.59,"pct_alto":0.1,"n_hexagonos":1,"area_ha":66.33}},{"type":"Feature","geometry":{"type":"Polygon","coordinates":[[[-73.63855,-41.80245],[-73.63811,-41.80265],[-73.63779,-41.80292],[-73.63753,-41.803],[-73.63724,-41.80292],[-73.63714,-41.80271],[-73.63719,-41.80258],[-73.6377,-41.8022],[-73.63794,-41.80213],[-73.63848,-41.80212],[-73.63855,-41.80216],[-73.63859,-41.80225],[-73.63855,-41.80245]]]},"properties":{"comuna":"Ancud","mancha_id":"10202-88cea8caebfffff","clase":"Medio","nivel_medio":1.925,"nivel_medio_min":1.925,"nivel_medio_max":1.925,"pct_alto":10.2,"n_hexagonos":1,"area_ha":0.7}},{"type":"Feature","geometry":{"type":"Polygon","coordinates":[[[-73.63672,-41.80336],[-73.63656,-41.80337],[-73.636405,-41.803395],[-73.63636,-41.803315],[-73.63646,-41.80317],[-73.6366,-41.80312],[-73.63672,-41.80311],[-73.63682,-41.80311],[-73.63701,-41.80315],[-73.63706,-41.80318],[-73.6371,-41.80324],[-73.63707,-41.8033],[-73.63698,-41.80334],[-73.63688,-41.80337],[-73.63672,-41.80336]]]},"properties":{"comuna":"Ancud","mancha_id":"10202-88cea8caebfffff-2","clase":"Medio","nivel_medio":1.925,"nivel_medio_min":1.925,"nivel_medio_max":1.925,"pct_alto":10.2,"n_hexagonos":1,"area_ha":0.14}},{"type":"Feature","geometry":{"type":"Polygon","coordinates":[[[-73.61959,-41.81509],[-73.619607,-41.815132],[-73.619296,-41.814866],[-73.618944,-41.814942],[-73.61869,-41.81464],[-73.61853,-41.81427],[-73.61845,-41.81392],[-73.61844,-41.81333],[-73.61832,-41.81304],[-73.61828,-41.81275],[-73.61829,-41.81199],[-73.61841,-41.81175],[-73.61841,-41.8116],[-73.61832,-41.81153],[-73.61805,-41.81158],[-73.6179,-41.81154],[-73.61784,-41.81139],[-73.61788,-41.81099],[-73.617815,-41.81087],[-73.61772,-41.81085],[-73.61762,-41.81089],[-73.61725,-41.81135],[-73.61734,-41.81155],[-73.61774,-41.81198],[-73.61791,-41.81229],[-73.61813,-41.8132],[-73.61812,-41.81373],[-73.61806,-41.81388],[-73.61784,-41.81403],[-73.61758,-41.81401],[-73.61743,-41.81393],[-73.61676,-41.81322],[-73.61635,-41.81264],[-73.61586,-41.81148],[-73.61547,-41.80974],[-73.61513,-41.80863],[-73.61484,-41.80792],[-73.614641,-41.807586],[-73.61431,-41.80703],[-73.61403,-41.80646],[-73.61395,-41.80604],[-73.614,-41.80565],[-73.61399,-41.80557],[-73.61389,-41.80457],[-73.61377,-41.80412],[-73.61372,-41.80362],[-73.61374,-41.80322],[-73.61375,-41.80292],[-73.61413,-41.8024],[-73.6144,-41.80171],[-73.61445,-41.80124],[-73.61449,-41.80095],[-73.61455,-41.80085],[-73.61458,-41.80066],[-73.61453,-41.80027],[-73.61454,-41.79951],[-73.614658,-41.799297],[-73.615291,-41.79916],[-73.615608,-41.79839],[-73.61586,-41.79834],[-73.61673,-41.79845],[-73.61752,-41.79868],[-73.61807,-41.79902],[-73.61838,-41.7994],[-73.61853,-41.79999],[-73.61845,-41.80117],[-73.618302,-41.801729],[-73.61801,-41.80283],[-73.61804,-41.80325],[-73.61815,-41.8037],[-73.618435,-41.80424],[-73.61854,-41.80444],[-73.61882,-41.80478],[-73.62105,-41.80687],[-73.62144,-41.80724],[-73.62233,-41.80795],[-73.62277,-41.80855],[-73.62303,-41.80915],[-73.623082,-41.809906],[-73.62309,-41.81003],[-73.62339,-41.81106],[-73.62341,-41.81208],[-73.62327,-41.81277],[-73.62274,-41.81398],[-73.62224,-41.81443],[-73.62127,-41.81497],[-73.62095,-41.8151],[-73.62054,-41.81517],[-73.62041,-41.81507],[-73.62044,-41.81485],[-73.62123,-41.81421],[-73.62128,-41.81408],[-73.62112,-41.81391],[-73.62099,-41.81388],[-73.6207,-41.81392],[-73.62008,-41.81408],[-73.61959,-41.81434],[-73.619458,-41.814472],[-73.61936,-41.81457],[-73.61932,-41.81471],[-73.619325,-41.814795],[-73.61933,-41.81488],[-73.61959,-41.81509]]]},"properties":{"comuna":"Ancud","mancha_id":"10202-88cea8ca17fffff","clase":"Medio","nivel_medio":1.917,"nivel_medio_min":1.589,"nivel_medio_max":2.172,"pct_alto":17.7,"n_hexagonos":5,"area_ha":82.48}},{"type":"Feature","geometry":{"type":"Polygon","coordinates":[[[-73.87555,-41.81388],[-73.87602,-41.81385],[-73.876532,-41.81389],[-73.876144,-41.814843],[-73.87612,-41.81475],[-73.87601,-41.8146],[-73.87543,-41.8143],[-73.87529,-41.8141],[-73.87533,-41.81398],[-73.87555,-41.81388]]]},"properties":{"comuna":"Ancud","mancha_id":"10202-88cea8c73bfffff","clase":"Medio","nivel_medio":2.063,"nivel_medio_min":2.063,"nivel_medio_max":2.063,"pct_alto":26.4,"n_hexagonos":1,"area_ha":0.62}},{"type":"Feature","geometry":{"type":"Polygon","coordinates":[[[-73.960467,-41.852824],[-73.958615,-41.857386],[-73.953878,-41.85842],[-73.9538,-41.85838],[-73.95323,-41.85789],[-73.95316,-41.85688],[-73.9532,-41.85654],[-73.95338,-41.85621],[-73.95401,-41.85549],[-73.95461,-41.85498],[-73.95504,-41.85468],[-73.95664,-41.85411],[-73.9575,-41.8536],[-73.95984,-41.85252],[-73.960055,-41.852476],[-73.960467,-41.852824]]]},"properties":{"comuna":"Ancud","mancha_id":"10202-88cea8c653fffff","clase":"Medio","nivel_medio":2.273,"nivel_medio_min":2.273,"nivel_medio_max":2.273,"pct_alto":26.5,"n_hexagonos":1,"area_ha":21.44}},{"type":"Feature","geometry":{"type":"Polygon","coordinates":[[[-73.95149,-41.86171],[-73.95153,-41.86188],[-73.951517,-41.861926],[-73.951464,-41.862055],[-73.95142,-41.86207],[-73.951381,-41.862261],[-73.950996,-41.863207],[-73.94632,-41.864228],[-73.94626,-41.86407],[-73.9464,-41.86399],[-73.9465,-41.86383],[-73.94649,-41.86366],[-73.94658,-41.86333],[-73.94674,-41.86307],[-73.94708,-41.8629],[-73.94723,-41.86287],[-73.94787,-41.86292],[-73.94821,-41.86287],[-73.94833,-41.86278],[-73.9484,-41.86239],[-73.94869,-41.86218],[-73.94907,-41.86171],[-73.9493,-41.86151],[-73.9499,-41.86131],[-73.95022,-41.86131],[-73.95046,-41.86136],[-73.95075,-41.86152],[-73.95126,-41.86156],[-73.95138,-41.86162],[-73.95149,-41.86171]]]},"properties":{"comuna":"Ancud","mancha_id":"10202-88cea8c651fffff","clase":"Medio","nivel_medio":2.144,"nivel_medio_min":2.144,"nivel_medio_max":2.144,"pct_alto":29.3,"n_hexagonos":1,"area_ha":6.86}},{"type":"Feature","geometry":{"type":"Polygon","coordinates":[[[-73.94435,-41.86297],[-73.94457,-41.86313],[-73.9445,-41.86326],[-73.94421,-41.86323],[-73.94383,-41.86304],[-73.94382,-41.86287],[-73.94407,-41.86265],[-73.94422,-41.86267],[-73.94425,-41.86283],[-73.94435,-41.86297]]]},"properties":{"comuna":"Ancud","mancha_id":"10202-88cea8c651fffff-2","clase":"Medio","nivel_medio":2.144,"nivel_medio_min":2.144,"nivel_medio_max":2.144,"pct_alto":29.3,"n_hexagonos":1,"area_ha":0.23}},{"type":"Feature","geometry":{"type":"Polygon","coordinates":[[[-73.926077,-41.872801],[-73.92031,-41.874058],[-73.917974,-41.872084],[-73.91788,-41.8717],[-73.91771,-41.87147],[-73.91752,-41.87132],[-73.91665,-41.87094],[-73.916541,-41.870873],[-73.916399,-41.870753],[-73.91636,-41.870762],[-73.91603,-41.87056],[-73.91584,-41.8705],[-73.9151,-41.86969],[-73.91504,-41.86942],[-73.91511,-41.86906],[-73.91559,-41.86875],[-73.9162,-41.86845],[-73.91703,-41.86793],[-73.917659,-41.867656],[-73.91797,-41.86752],[-73.91909,-41.86675],[-73.9196,-41.86665],[-73.92011,-41.86662],[-73.92201,-41.86665],[-73.92237,-41.86648],[-73.92309,-41.86596],[-73.92355,-41.8657],[-73.92423,-41.86541],[-73.92452,-41.86536],[-73.924522,-41.86536],[-73.92568,-41.86549],[-73.92642,-41.8655],[-73.9271,-41.86533],[-73.92914,-41.86467],[-73.93073,-41.86401],[-73.93141,-41.86382],[-73.93193,-41.86381],[-73.93207,-41.86386],[-73.93223,-41.86395],[-73.93229,-41.86422],[-73.93037,-41.86556],[-73.9296,-41.86603],[-73.92937,-41.86632],[-73.92927,-41.86664],[-73.92924,-41.86694],[-73.92936,-41.867175],[-73.93,-41.8672],[-73.93065,-41.86728],[-73.93103,-41.86721],[-73.9322,-41.86682],[-73.93311,-41.86677],[-73.9336,-41.86686],[-73.933725,-41.866914],[-73.933697,-41.866982],[-73.927931,-41.868239],[-73.926077,-41.872801]]]},"properties":{"comuna":"Ancud","mancha_id":"10202-88cea8c641fffff","clase":"Medio","nivel_medio":2.295,"nivel_medio_min":1.704,"nivel_medio_max":2.416,"pct_alto":34.4,"n_hexagonos":3,"area_ha":77.59}},{"type":"Feature","geometry":{"type":"Polygon","coordinates":[[[-73.936208,-41.834947],[-73.9362,-41.83493],[-73.936259,-41.834822],[-73.936208,-41.834947]]]},"properties":{"comuna":"Ancud","mancha_id":"10202-88cea8c639fffff","clase":"Medio","nivel_medio":1.947,"nivel_medio_min":1.947,"nivel_medio_max":1.947,"pct_alto":18.4,"n_hexagonos":1,"area_ha":0.0}},{"type":"Feature","geometry":{"type":"Polygon","coordinates":[[[-73.92202,-41.84519],[-73.921654,-41.844913],[-73.921763,-41.844647],[-73.924738,-41.843997],[-73.92434,-41.84437],[-73.92388,-41.84495],[-73.92373,-41.84504],[-73.92286,-41.84522],[-73.92202,-41.84519]]]},"properties":{"comuna":"Ancud","mancha_id":"10202-88cea8c601fffff","clase":"Medio","nivel_medio":1.588,"nivel_medio_min":1.588,"nivel_medio_max":1.588,"pct_alto":2.1,"n_hexagonos":1,"area_ha":1.72}},{"type":"Feature","geometry":{"type":"Polygon","coordinates":[[[-73.92303,-41.85139],[-73.922976,-41.851799],[-73.92297,-41.85184],[-73.92291,-41.85194],[-73.9223,-41.85234],[-73.92173,-41.85262],[-73.92054,-41.85299],[-73.91899,-41.85309],[-73.91628,-41.85307],[-73.91493,-41.85294],[-73.91377,-41.85275],[-73.91327,-41.852616],[-73.91321,-41.8526],[-73.91284,-41.85243],[-73.91188,-41.85219],[-73.91104,-41.8521],[-73.91033,-41.85202],[-73.90956,-41.85179],[-73.90898,-41.85167],[-73.90783,-41.85155],[-73.90686,-41.85135],[-73.90632,-41.85119],[-73.90616,-41.85108],[-73.90598,-41.85103],[-73.9053,-41.85054],[-73.90488,-41.85009],[-73.90432,-41.84929],[-73.90417,-41.849164],[-73.90356,-41.84865],[-73.90299,-41.84806],[-73.90269,-41.84757],[-73.90272,-41.8473],[-73.90283,-41.847029],[-73.904473,-41.848418],[-73.910236,-41.847161],[-73.914145,-41.850464],[-73.919908,-41.849207],[-73.920174,-41.848553],[-73.9205,-41.84867],[-73.92073,-41.84929],[-73.92103,-41.84956],[-73.9217,-41.84992],[-73.92208,-41.8502],[-73.92246,-41.85054],[-73.92291,-41.85106],[-73.92303,-41.85139]]]},"properties":{"comuna":"Ancud","mancha_id":"10202-88cea8c601fffff-2","clase":"Medio","nivel_medio":1.796,"nivel_medio_min":1.588,"nivel_medio_max":1.854,"pct_alto":9.3,"n_hexagonos":4,"area_ha":57.75}},{"type":"Feature","geometry":{"type":"Polygon","coordinates":[[[-73.907392,-41.789615],[-73.903488,-41.786314],[-73.900371,-41.786995],[-73.9001,-41.78667],[-73.90004,-41.78651],[-73.90008,-41.78588],[-73.89998,-41.78528],[-73.90004,-41.78448],[-73.89986,-41.78416],[-73.89915,-41.7841],[-73.89855,-41.78419],[-73.89754,-41.785],[-73.89674,-41.78563],[-73.896071,-41.786167],[-73.89573,-41.78644],[-73.89514,-41.78671],[-73.89451,-41.7869],[-73.89381,-41.78728],[-73.89333,-41.78771],[-73.89312,-41.78812],[-73.893,-41.78887],[-73.89281,-41.78955],[-73.89282,-41.79005],[-73.89305,-41.79141],[-73.89347,-41.7921],[-73.893974,-41.792547],[-73.894,-41.79257],[-73.89697,-41.79485],[-73.89813,-41.79553],[-73.89917,-41.79604],[-73.899454,-41.796236],[-73.899124,-41.797049],[-73.89906,-41.79709],[-73.89789,-41.79739],[-73.89712,-41.79741],[-73.89596,-41.79727],[-73.895,-41.79703],[-73.89445,-41.79681],[-73.89369,-41.79639],[-73.89294,-41.79614],[-73.89228,-41.79577],[-73.89192,-41.7952],[-73.89173,-41.79404],[-73.891466,-41.793094],[-73.89132,-41.79257],[-73.89133,-41.79228],[-73.89108,-41.79152],[-73.8908,-41.79119],[-73.89021,-41.79069],[-73.88927,-41.79004],[-73.88881,-41.7898],[-73.88843,-41.78971],[-73.88765,-41.78974],[-73.88665,-41.78992],[-73.886276,-41.789949],[-73.88626,-41.78995],[-73.88472,-41.78975],[-73.88423,-41.78949],[-73.88396,-41.7892],[-73.88366,-41.78863],[-73.88326,-41.78832],[-73.88259,-41.78808],[-73.88242,-41.78805],[-73.88238,-41.788],[-73.88153,-41.78788],[-73.88057,-41.78783],[-73.88001,-41.78769],[-73.87919,-41.78734],[-73.87876,-41.78707],[-73.87832,-41.78671],[-73.87794,-41.7861],[-73.87781,-41.78528],[-73.877753,-41.78512],[-73.878418,-41.783484],[-73.88228,-41.782641],[-73.88318,-41.78385],[-73.88353,-41.78487],[-73.8839,-41.78529],[-73.88396,-41.7853],[-73.88396,-41.78536],[-73.88431,-41.78556],[-73.88546,-41.78605],[-73.88633,-41.78627],[-73.88652,-41.78629],[-73.887777,-41.78626],[-73.88778,-41.78626],[-73.88865,-41.78618],[-73.88923,-41.78607],[-73.88962,-41.78593],[-73.89045,-41.78546],[-73.89085,-41.78517],[-73.891098,-41.784868],[-73.89383,-41.784271],[-73.895684,-41.779713],[-73.894832,-41.778992],[-73.89589,-41.77886],[-73.89725,-41.77856],[-73.89747,-41.77847],[-73.89776,-41.77844],[-73.89796,-41.77834],[-73.89809,-41.77833],[-73.89858,-41.77789],[-73.89884,-41.77755],[-73.89887,-41.7775],[-73.89899,-41.77722],[-73.89923,-41.77638],[-73.89937,-41.7761],[-73.8995,-41.77599],[-73.89947,-41.77554],[-73.89954,-41.77537],[-73.89969,-41.77527],[-73.89984,-41.77503],[-73.89991,-41.7747],[-73.8997,-41.77436],[-73.89937,-41.77399],[-73.89926,-41.77398],[-73.89913,-41.77387],[-73.89846,-41.77374],[-73.89799,-41.77353],[-73.89787,-41.77339],[-73.89788,-41.77293],[-73.89824,-41.77258],[-73.89834,-41.77209],[-73.89875,-41.77178],[-73.899,-41.77141],[-73.89907,-41.77107],[-73.899062,-41.770668],[-73.89939,-41.770596],[-73.903292,-41.773896],[-73.908026,-41.772861],[-73.90833,-41.77323],[-73.90839,-41.77357],[-73.9086,-41.77397],[-73.90907,-41.77445],[-73.90909,-41.77452],[-73.909,-41.7748],[-73.90842,-41.77469],[-73.9081,-41.77451],[-73.9077,-41.77455],[-73.90757,-41.77467],[-73.90748,-41.77525],[-73.90736,-41.77547],[-73.90707,-41.77555],[-73.90646,-41.77555],[-73.90606,-41.77556],[-73.90583,-41.77563],[-73.90549,-41.7758],[-73.90506,-41.77617],[-73.90493,-41.77636],[-73.90459,-41.77732],[-73.9045,-41.77744],[-73.90442,-41.77791],[-73.90423,-41.7785],[-73.90428,-41.77871],[-73.90463,-41.77896],[-73.90479,-41.77919],[-73.90471,-41.779485],[-73.90471,-41.77992],[-73.90484,-41.78],[-73.90543,-41.7806],[-73.90588,-41.78107],[-73.906235,-41.78156],[-73.90662,-41.78209],[-73.90715,-41.78257],[-73.90948,-41.78426],[-73.90987,-41.7845],[-73.91173,-41.78549],[-73.91255,-41.78602],[-73.91352,-41.78677],[-73.913747,-41.786885],[-73.913149,-41.788357],[-73.907392,-41.789615]]]},"properties":{"comuna":"Ancud","mancha_id":"10202-88cea8c407fffff","clase":"Medio","nivel_medio":2.102,"nivel_medio_min":1.5,"nivel_medio_max":2.44,"pct_alto":35.5,"n_hexagonos":7,"area_ha":238.92}},{"type":"Feature","geometry":{"type":"Polygon","coordinates":[[[-73.829744,-41.877142],[-73.827882,-41.881699],[-73.822119,-41.88295],[-73.818218,-41.879644],[-73.82008,-41.875087],[-73.825842,-41.873836],[-73.829744,-41.877142]]]},"properties":{"comuna":"Ancud","mancha_id":"10202-88cea8c2d7fffff","clase":"Medio","nivel_medio":2.001,"nivel_medio_min":2.001,"nivel_medio_max":2.001,"pct_alto":55.1,"n_hexagonos":1,"area_ha":66.19}},{"type":"Feature","geometry":{"type":"Polygon","coordinates":[[[-73.801997,-41.842263],[-73.802273,-41.841588],[-73.80616,-41.840743],[-73.80627,-41.84085],[-73.80616,-41.84133],[-73.8067,-41.8418],[-73.80679,-41.842095],[-73.80637,-41.84249],[-73.80638,-41.84265],[-73.80735,-41.84349],[-73.80842,-41.844],[-73.80859,-41.84417],[-73.80862,-41.84436],[-73.80574,-41.84569],[-73.80542,-41.8458],[-73.80509,-41.84583],[-73.80326,-41.84504],[-73.80296,-41.84476],[-73.80264,-41.8442],[-73.80244,-41.84376],[-73.80233,-41.84292],[-73.801997,-41.842263]]]},"properties":{"comuna":"Ancud","mancha_id":"10202-88cea8c2b7fffff","clase":"Medio","nivel_medio":1.979,"nivel_medio_min":1.979,"nivel_medio_max":1.979,"pct_alto":41.0,"n_hexagonos":1,"area_ha":18.62}},{"type":"Feature","geometry":{"type":"Polygon","coordinates":[[[-73.830504,-41.860365],[-73.825663,-41.861417],[-73.823153,-41.85929],[-73.82329,-41.85929],[-73.82381,-41.85903],[-73.8241,-41.85905],[-73.82424,-41.85916],[-73.82448,-41.85918],[-73.82471,-41.85915],[-73.82562,-41.85885],[-73.82591,-41.85883],[-73.82644,-41.85899],[-73.82719,-41.85934],[-73.82741,-41.85938],[-73.82764,-41.85939],[-73.82809,-41.85933],[-73.82877,-41.85911],[-73.82921,-41.85906],[-73.82962,-41.85925],[-73.83015,-41.85966],[-73.83031,-41.85968],[-73.83058,-41.85997],[-73.830504,-41.860365]]]},"properties":{"comuna":"Ancud","mancha_id":"10202-88cea8c297fffff","clase":"Medio","nivel_medio":1.572,"nivel_medio_min":1.572,"nivel_medio_max":1.572,"pct_alto":30.1,"n_hexagonos":1,"area_ha":10.36}},{"type":"Feature","geometry":{"type":"Polygon","coordinates":[[[-73.812455,-41.880895],[-73.810593,-41.885451],[-73.80483,-41.886701],[-73.80093,-41.883395],[-73.802793,-41.878839],[-73.808555,-41.877589],[-73.812455,-41.880895]]]},"properties":{"comuna":"Ancud","mancha_id":"10202-88cea8c289fffff","clase":"Medio","nivel_medio":2.181,"nivel_medio_min":2.181,"nivel_medio_max":2.181,"pct_alto":57.7,"n_hexagonos":1,"area_ha":66.18}},{"type":"Feature","geometry":{"type":"Polygon","coordinates":[[[-73.74004,-41.93146],[-73.74006,-41.93169],[-73.74,-41.93175],[-73.73989,-41.93174],[-73.73981,-41.9317],[-73.7397,-41.93157],[-73.7396,-41.93111],[-73.73962,-41.93105],[-73.7397,-41.931],[-73.73978,-41.931],[-73.73984,-41.93101],[-73.73993,-41.93109],[-73.74004,-41.93146]]]},"properties":{"comuna":"Ancud","mancha_id":"10202-88cea8c245fffff","clase":"Medio","nivel_medio":1.702,"nivel_medio_min":1.702,"nivel_medio_max":1.702,"pct_alto":2.8,"n_hexagonos":1,"area_ha":0.22}},{"type":"Feature","geometry":{"type":"Polygon","coordinates":[[[-73.753455,-41.935189],[-73.749557,-41.93188],[-73.750266,-41.93015],[-73.75092,-41.93042],[-73.75203,-41.93073],[-73.75251,-41.93099],[-73.752695,-41.931055],[-73.75278,-41.93108],[-73.75325,-41.93126],[-73.75398,-41.93158],[-73.75475,-41.93205],[-73.75486,-41.93216],[-73.75541,-41.93271],[-73.75571,-41.93308],[-73.75576,-41.93315],[-73.75625,-41.93363],[-73.75716,-41.93426],[-73.757318,-41.934354],[-73.75864,-41.93514],[-73.75909,-41.93554],[-73.75943,-41.93605],[-73.75955,-41.93639],[-73.75956,-41.9367],[-73.75956,-41.9369],[-73.75907,-41.93776],[-73.75907,-41.93827],[-73.75912,-41.9386],[-73.75923,-41.93874],[-73.75929,-41.93875],[-73.75966,-41.9388],[-73.76107,-41.9388],[-73.76198,-41.93867],[-73.762612,-41.938491],[-73.761252,-41.941808],[-73.755485,-41.943053],[-73.751587,-41.939744],[-73.753455,-41.935189]]]},"properties":{"comuna":"Ancud","mancha_id":"10202-88cea8c243fffff","clase":"Medio","nivel_medio":1.792,"nivel_medio_min":1.724,"nivel_medio_max":1.813,"pct_alto":5.6,"n_hexagonos":2,"area_ha":71.12}},{"type":"Feature","geometry":{"type":"Polygon","coordinates":[[[-74.040912,-42.074239],[-74.040945,-42.074345],[-74.04089,-42.07441],[-74.04079,-42.07445],[-74.04067,-42.07446],[-74.04061,-42.074355],[-74.04061,-42.07427],[-74.040785,-42.074221],[-74.04084,-42.07421],[-74.040912,-42.074239]]]},"properties":{"comuna":"Ancud","mancha_id":"10202-88cea89a2bfffff","clase":"Medio","nivel_medio":2.362,"nivel_medio_min":2.362,"nivel_medio_max":2.362,"pct_alto":68.6,"n_hexagonos":1,"area_ha":0.06}},{"type":"Feature","geometry":{"type":"Polygon","coordinates":[[[-74.0404,-42.07474],[-74.04039,-42.07483],[-74.04033,-42.07486],[-74.04022,-42.07488],[-74.04013,-42.07488],[-74.04003,-42.074805],[-74.040015,-42.074685],[-74.04014,-42.07461],[-74.0402,-42.0746],[-74.040257,-42.0746],[-74.040305,-42.07464],[-74.04035,-42.07468],[-74.0404,-42.07474]]]},"properties":{"comuna":"Ancud","mancha_id":"10202-88cea89a2bfffff-2","clase":"Medio","nivel_medio":2.362,"nivel_medio_min":2.362,"nivel_medio_max":2.362,"pct_alto":68.6,"n_hexagonos":1,"area_ha":0.08}},{"type":"Feature","geometry":{"type":"Polygon","coordinates":[[[-74.04109,-42.07489],[-74.04113,-42.07497],[-74.0411,-42.07503],[-74.04104,-42.07508],[-74.04092,-42.0751],[-74.04079,-42.0751],[-74.04068,-42.07509],[-74.0406,-42.07497],[-74.04068,-42.07489],[-74.04074,-42.07485],[-74.04085,-42.07482],[-74.04094,-42.0748],[-74.041,-42.07483],[-74.04109,-42.07489]]]},"properties":{"comuna":"Ancud","mancha_id":"10202-88cea89a2bfffff-3","clase":"Medio","nivel_medio":2.362,"nivel_medio_min":2.362,"nivel_medio_max":2.362,"pct_alto":68.6,"n_hexagonos":1,"area_ha":0.11}},{"type":"Feature","geometry":{"type":"Polygon","coordinates":[[[-74.04209,-42.075485],[-74.04209,-42.07569],[-74.04203,-42.07585],[-74.04191,-42.07588],[-74.04182,-42.07589],[-74.04164,-42.07583],[-74.04156,-42.07575],[-74.041535,-42.075675],[-74.04156,-42.0756],[-74.04173,-42.0755],[-74.04185,-42.07543],[-74.04204,-42.07541],[-74.04209,-42.075485]]]},"properties":{"comuna":"Ancud","mancha_id":"10202-88cea89a2bfffff-4","clase":"Medio","nivel_medio":2.362,"nivel_medio_min":2.362,"nivel_medio_max":2.362,"pct_alto":68.6,"n_hexagonos":1,"area_ha":0.18}},{"type":"Feature","geometry":{"type":"Polygon","coordinates":[[[-74.05306,-41.98541],[-74.05316,-41.98534],[-74.05325,-41.98532],[-74.05332,-41.98537],[-74.05327,-41.98551],[-74.05316,-41.98554],[-74.05306,-41.98541]]]},"properties":{"comuna":"Ancud","mancha_id":"10202-88cea899dbfffff","clase":"Medio","nivel_medio":2.19,"nivel_medio_min":2.19,"nivel_medio_max":2.19,"pct_alto":50.3,"n_hexagonos":1,"area_ha":0.03}},{"type":"Feature","geometry":{"type":"Polygon","coordinates":[[[-74.04831,-41.98793],[-74.04843,-41.98781],[-74.04871,-41.98778],[-74.04862,-41.98798],[-74.04856,-41.98799],[-74.04846,-41.988075],[-74.04831,-41.98793]]]},"properties":{"comuna":"Ancud","mancha_id":"10202-88cea899dbfffff-2","clase":"Medio","nivel_medio":2.19,"nivel_medio_min":2.19,"nivel_medio_max":2.19,"pct_alto":50.3,"n_hexagonos":1,"area_ha":0.06}},{"type":"Feature","geometry":{"type":"Polygon","coordinates":[[[-74.05368,-41.98777],[-74.05397,-41.9878],[-74.05414,-41.98795],[-74.054165,-41.988045],[-74.05413,-41.98818],[-74.05407,-41.98821],[-74.05399,-41.9882],[-74.05385,-41.98812],[-74.0538,-41.98798],[-74.05368,-41.98777]]]},"properties":{"comuna":"Ancud","mancha_id":"10202-88cea899dbfffff-3","clase":"Medio","nivel_medio":2.19,"nivel_medio_min":2.19,"nivel_medio_max":2.19,"pct_alto":50.3,"n_hexagonos":1,"area_ha":0.12}},{"type":"Feature","geometry":{"type":"Polygon","coordinates":[[[-74.05545,-41.98834],[-74.05543,-41.98892],[-74.05539,-41.98906],[-74.05535,-41.98913],[-74.05519,-41.98924],[-74.05502,-41.98931],[-74.05482,-41.98919],[-74.05468,-41.98901],[-74.05462,-41.98882],[-74.05456,-41.98845],[-74.05455,-41.98826],[-74.054585,-41.98797],[-74.05462,-41.98789],[-74.05482,-41.98765],[-74.05543,-41.98759],[-74.055505,-41.98766],[-74.0556,-41.98773],[-74.0556,-41.98779],[-74.05557,-41.98797],[-74.05545,-41.98834]]]},"properties":{"comuna":"Ancud","mancha_id":"10202-88cea899dbfffff-4","clase":"Medio","nivel_medio":2.19,"nivel_medio_min":2.19,"nivel_medio_max":2.19,"pct_alto":50.3,"n_hexagonos":1,"area_ha":1.24}},{"type":"Feature","geometry":{"type":"Polygon","coordinates":[[[-74.05742,-41.98452],[-74.05751,-41.98465],[-74.05744,-41.98474],[-74.05721,-41.98482],[-74.05693,-41.98483],[-74.05676,-41.98462],[-74.05678,-41.98446],[-74.05694,-41.98436],[-74.05712,-41.98437],[-74.057295,-41.984445],[-74.05742,-41.98452]]]},"properties":{"comuna":"Ancud","mancha_id":"10202-88cea899dbfffff-5","clase":"Medio","nivel_medio":2.19,"nivel_medio_min":2.19,"nivel_medio_max":2.19,"pct_alto":50.3,"n_hexagonos":1,"area_ha":0.24}},{"type":"Feature","geometry":{"type":"Polygon","coordinates":[[[-74.05547,-41.98609],[-74.05549,-41.98602],[-74.05556,-41.98595],[-74.05562,-41.98595],[-74.0557,-41.98597],[-74.05566,-41.98625],[-74.05554,-41.98623],[-74.05547,-41.98609]]]},"properties":{"comuna":"Ancud","mancha_id":"10202-88cea899dbfffff-6","clase":"Medio","nivel_medio":2.19,"nivel_medio_min":2.19,"nivel_medio_max":2.19,"pct_alto":50.3,"n_hexagonos":1,"area_ha":0.05}},{"type":"Feature","geometry":{"type":"Polygon","coordinates":[[[-74.05787,-41.9873],[-74.05783,-41.98724],[-74.05788,-41.9872],[-74.05804,-41.9872],[-74.058045,-41.98728],[-74.05787,-41.9873]]]},"properties":{"comuna":"Ancud","mancha_id":"10202-88cea899dbfffff-7","clase":"Medio","nivel_medio":2.19,"nivel_medio_min":2.19,"nivel_medio_max":2.19,"pct_alto":50.3,"n_hexagonos":1,"area_ha":0.02}},{"type":"Feature","geometry":{"type":"Polygon","coordinates":[[[-74.05735,-41.98756],[-74.05741,-41.98753],[-74.05754,-41.98755],[-74.057625,-41.987735],[-74.05738,-41.98776],[-74.05731,-41.98771],[-74.0573,-41.98763],[-74.05735,-41.98756]]]},"properties":{"comuna":"Ancud","mancha_id":"10202-88cea899dbfffff-8","clase":"Medio","nivel_medio":2.19,"nivel_medio_min":2.19,"nivel_medio_max":2.19,"pct_alto":50.3,"n_hexagonos":1,"area_ha":0.05}},{"type":"Feature","geometry":{"type":"Polygon","coordinates":[[[-74.05659,-41.98776],[-74.05659,-41.98782],[-74.0565,-41.98784],[-74.056465,-41.98789],[-74.05617,-41.988],[-74.05608,-41.98802],[-74.05589,-41.98799],[-74.05585,-41.9879],[-74.05582,-41.98772],[-74.05616,-41.98756],[-74.0563,-41.98754],[-74.05655,-41.98753],[-74.05672,-41.98758],[-74.05675,-41.98768],[-74.05659,-41.98776]]]},"properties":{"comuna":"Ancud","mancha_id":"10202-88cea899dbfffff-9","clase":"Medio","nivel_medio":2.19,"nivel_medio_min":2.19,"nivel_medio_max":2.19,"pct_alto":50.3,"n_hexagonos":1,"area_ha":0.28}},{"type":"Feature","geometry":{"type":"Polygon","coordinates":[[[-74.058073,-41.988595],[-74.05793,-41.9886],[-74.05812,-41.98815],[-74.05814,-41.98806],[-74.05827,-41.98792],[-74.058389,-41.987815],[-74.058073,-41.988595]]]},"properties":{"comuna":"Ancud","mancha_id":"10202-88cea899dbfffff-10","clase":"Medio","nivel_medio":2.19,"nivel_medio_min":2.19,"nivel_medio_max":2.19,"pct_alto":50.3,"n_hexagonos":1,"area_ha":0.09}},{"type":"Feature","geometry":{"type":"Polygon","coordinates":[[[-74.05759,-41.9882],[-74.05769,-41.98822],[-74.05777,-41.98828],[-74.0578,-41.98837],[-74.05764,-41.98846],[-74.05754,-41.9884],[-74.05755,-41.98831],[-74.05759,-41.9882]]]},"properties":{"comuna":"Ancud","mancha_id":"10202-88cea899dbfffff-11","clase":"Medio","nivel_medio":2.19,"nivel_medio_min":2.19,"nivel_medio_max":2.19,"pct_alto":50.3,"n_hexagonos":1,"area_ha":0.04}},{"type":"Feature","geometry":{"type":"Polygon","coordinates":[[[-74.05007,-41.97505],[-74.05029,-41.97497],[-74.05037,-41.97497],[-74.0503,-41.97511],[-74.05024,-41.97516],[-74.05008,-41.97521],[-74.05007,-41.97505]]]},"properties":{"comuna":"Ancud","mancha_id":"10202-88cea899d3fffff","clase":"Medio","nivel_medio":2.054,"nivel_medio_min":2.054,"nivel_medio_max":2.054,"pct_alto":40.7,"n_hexagonos":1,"area_ha":0.04}},{"type":"Feature","geometry":{"type":"Polygon","coordinates":[[[-74.05132,-41.97605],[-74.05153,-41.97609],[-74.05159,-41.97614],[-74.05159,-41.97627],[-74.05154,-41.9763],[-74.0512,-41.97617],[-74.0512,-41.97608],[-74.05132,-41.97605]]]},"properties":{"comuna":"Ancud","mancha_id":"10202-88cea899d3fffff-2","clase":"Medio","nivel_medio":2.054,"nivel_medio_min":2.054,"nivel_medio_max":2.054,"pct_alto":40.7,"n_hexagonos":1,"area_ha":0.06}},{"type":"Feature","geometry":{"type":"Polygon","coordinates":[[[-74.05123,-41.97744],[-74.05125,-41.97729],[-74.05142,-41.9772],[-74.05156,-41.977265],[-74.05162,-41.9773],[-74.05154,-41.97756],[-74.05136,-41.97756],[-74.05125,-41.9775],[-74.05123,-41.97744]]]},"properties":{"comuna":"Ancud","mancha_id":"10202-88cea899d3fffff-3","clase":"Medio","nivel_medio":2.054,"nivel_medio_min":2.054,"nivel_medio_max":2.054,"pct_alto":40.7,"n_hexagonos":1,"area_ha":0.1}},{"type":"Feature","geometry":{"type":"Polygon","coordinates":[[[-74.05302,-41.97539],[-74.05311,-41.9754],[-74.05327,-41.97546],[-74.05317,-41.97566],[-74.05301,-41.97568],[-74.05292,-41.97566],[-74.05289,-41.97542],[-74.05302,-41.97539]]]},"properties":{"comuna":"Ancud","mancha_id":"10202-88cea899d3fffff-4","clase":"Medio","nivel_medio":2.054,"nivel_medio_min":2.054,"nivel_medio_max":2.054,"pct_alto":40.7,"n_hexagonos":1,"area_ha":0.08}},{"type":"Feature","geometry":{"type":"Polygon","coordinates":[[[-74.05169,-41.97663],[-74.051575,-41.97652],[-74.05173,-41.97649],[-74.05187,-41.97653],[-74.05189,-41.97662],[-74.05182,-41.97667],[-74.05169,-41.97663]]]},"properties":{"comuna":"Ancud","mancha_id":"10202-88cea899d3fffff-5","clase":"Medio","nivel_medio":2.054,"nivel_medio_min":2.054,"nivel_medio_max":2.054,"pct_alto":40.7,"n_hexagonos":1,"area_ha":0.03}},{"type":"Feature","geometry":{"type":"Polygon","coordinates":[[[-74.05476,-41.97834],[-74.05482,-41.97829],[-74.054877,-41.97829],[-74.0551,-41.97839],[-74.05504,-41.9785],[-74.05496,-41.97858],[-74.05488,-41.97857],[-74.05474,-41.97849],[-74.05476,-41.97834]]]},"properties":{"comuna":"Ancud","mancha_id":"10202-88cea899d3fffff-6","clase":"Medio","nivel_medio":2.054,"nivel_medio_min":2.054,"nivel_medio_max":2.054,"pct_alto":40.7,"n_hexagonos":1,"area_ha":0.06}},{"type":"Feature","geometry":{"type":"Polygon","coordinates":[[[-74.05431,-41.97876],[-74.05455,-41.97875],[-74.05462,-41.97881],[-74.05465,-41.97887],[-74.05442,-41.97898],[-74.05429,-41.97897],[-74.05423,-41.97893],[-74.05431,-41.97876]]]},"properties":{"comuna":"Ancud","mancha_id":"10202-88cea899d3fffff-7","clase":"Medio","nivel_medio":2.054,"nivel_medio_min":2.054,"nivel_medio_max":2.054,"pct_alto":40.7,"n_hexagonos":1,"area_ha":0.06}},{"type":"Feature","geometry":{"type":"Polygon","coordinates":[[[-74.05428,-41.9796],[-74.05429,-41.97967],[-74.05423,-41.97969],[-74.0542,-41.97979],[-74.05395,-41.97986],[-74.05387,-41.97981],[-74.0539,-41.97951],[-74.05394,-41.97944],[-74.05412,-41.97943],[-74.05428,-41.9796]]]},"properties":{"comuna":"Ancud","mancha_id":"10202-88cea899d3fffff-8","clase":"Medio","nivel_medio":2.054,"nivel_medio_min":2.054,"nivel_medio_max":2.054,"pct_alto":40.7,"n_hexagonos":1,"area_ha":0.12}},{"type":"Feature","geometry":{"type":"Polygon","coordinates":[[[-74.05409,-41.98065],[-74.05412,-41.98078],[-74.05404,-41.98094],[-74.0539,-41.98109],[-74.05381,-41.98111],[-74.05374,-41.98106],[-74.05366,-41.98103],[-74.05365,-41.98094],[-74.05368,-41.98075],[-74.05376,-41.98066],[-74.05383,-41.98062],[-74.05389,-41.98061],[-74.053935,-41.980644],[-74.05409,-41.98065]]]},"properties":{"comuna":"Ancud","mancha_id":"10202-88cea899d3fffff-9","clase":"Medio","nivel_medio":2.054,"nivel_medio_min":2.054,"nivel_medio_max":2.054,"pct_alto":40.7,"n_hexagonos":1,"area_ha":0.15}},{"type":"Feature","geometry":{"type":"Polygon","coordinates":[[[-74.026831,-42.000623],[-74.024978,-42.005191],[-74.019193,-42.00645],[-74.015262,-42.003142],[-74.017116,-41.998575],[-74.0229,-41.997315],[-74.026831,-42.000623]]]},"properties":{"comuna":"Ancud","mancha_id":"10202-88cea899c9fffff","clase":"Medio","nivel_medio":1.573,"nivel_medio_min":1.573,"nivel_medio_max":1.573,"pct_alto":3.0,"n_hexagonos":1,"area_ha":66.49}},{"type":"Feature","geometry":{"type":"Polygon","coordinates":[[[-74.03033,-41.9509],[-74.03015,-41.95103],[-74.03003,-41.95108],[-74.02997,-41.95103],[-74.02997,-41.95092],[-74.0301,-41.95081],[-74.03018,-41.9508],[-74.03026,-41.95081],[-74.03033,-41.9509]]]},"properties":{"comuna":"Ancud","mancha_id":"10202-88cea899b1fffff","clase":"Medio","nivel_medio":2.242,"nivel_medio_min":2.242,"nivel_medio_max":2.242,"pct_alto":31.5,"n_hexagonos":1,"area_ha":0.06}},{"type":"Feature","geometry":{"type":"Polygon","coordinates":[[[-74.05451,-41.96965],[-74.05454,-41.96951],[-74.0547,-41.96948],[-74.0548,-41.96949],[-74.0548,-41.96959],[-74.054635,-41.96976],[-74.05456,-41.96975],[-74.05451,-41.96965]]]},"properties":{"comuna":"Ancud","mancha_id":"10202-88cea89999fffff","clase":"Medio","nivel_medio":2.218,"nivel_medio_min":2.218,"nivel_medio_max":2.218,"pct_alto":44.0,"n_hexagonos":1,"area_ha":0.05}},{"type":"Feature","geometry":{"type":"Polygon","coordinates":[[[-74.0548,-41.9698],[-74.05496,-41.96975],[-74.055017,-41.96975],[-74.05509,-41.96979],[-74.05505,-41.96989],[-74.05491,-41.97006],[-74.05478,-41.97001],[-74.05476,-41.96989],[-74.0548,-41.9698]]]},"properties":{"comuna":"Ancud","mancha_id":"10202-88cea89999fffff-2","clase":"Medio","nivel_medio":2.218,"nivel_medio_min":2.218,"nivel_medio_max":2.218,"pct_alto":44.0,"n_hexagonos":1,"area_ha":0.06}},{"type":"Feature","geometry":{"type":"Polygon","coordinates":[[[-74.05204,-41.97128],[-74.0522,-41.9713],[-74.05222,-41.97141],[-74.05206,-41.97158],[-74.05171,-41.9717],[-74.05171,-41.9714],[-74.05195,-41.97129],[-74.05204,-41.97128]]]},"properties":{"comuna":"Ancud","mancha_id":"10202-88cea89999fffff-3","clase":"Medio","nivel_medio":2.218,"nivel_medio_min":2.218,"nivel_medio_max":2.218,"pct_alto":44.0,"n_hexagonos":1,"area_ha":0.13}},{"type":"Feature","geometry":{"type":"Polygon","coordinates":[[[-74.05341,-41.97215],[-74.05353,-41.97215],[-74.05365,-41.97222],[-74.05354,-41.97236],[-74.05347,-41.97238],[-74.05328,-41.97232],[-74.05327,-41.97221],[-74.05341,-41.97215]]]},"properties":{"comuna":"Ancud","mancha_id":"10202-88cea89999fffff-4","clase":"Medio","nivel_medio":2.218,"nivel_medio_min":2.218,"nivel_medio_max":2.218,"pct_alto":44.0,"n_hexagonos":1,"area_ha":0.06}},{"type":"Feature","geometry":{"type":"Polygon","coordinates":[[[-74.05059,-41.9729],[-74.05069,-41.97288],[-74.05086,-41.9729],[-74.05096,-41.97295],[-74.05096,-41.97304],[-74.05076,-41.97309],[-74.05064,-41.97305],[-74.05056,-41.97298],[-74.05059,-41.9729]]]},"properties":{"comuna":"Ancud","mancha_id":"10202-88cea89999fffff-5","clase":"Medio","nivel_medio":2.218,"nivel_medio_min":2.218,"nivel_medio_max":2.218,"pct_alto":44.0,"n_hexagonos":1,"area_ha":0.06}},{"type":"Feature","geometry":{"type":"Polygon","coordinates":[[[-74.05069,-41.97369],[-74.05082,-41.97364],[-74.05097,-41.97365],[-74.05109,-41.97371],[-74.05104,-41.97377],[-74.05087,-41.97387],[-74.05075,-41.97386],[-74.05066,-41.97377],[-74.05069,-41.97369]]]},"properties":{"comuna":"Ancud","mancha_id":"10202-88cea89999fffff-6","clase":"Medio","nivel_medio":2.218,"nivel_medio_min":2.218,"nivel_medio_max":2.218,"pct_alto":44.0,"n_hexagonos":1,"area_ha":0.06}},{"type":"Feature","geometry":{"type":"Polygon","coordinates":[[[-74.05,-41.97406],[-74.05023,-41.97401],[-74.05038,-41.97404],[-74.05033,-41.9742],[-74.0502,-41.97429],[-74.04998,-41.97423],[-74.05,-41.97406]]]},"properties":{"comuna":"Ancud","mancha_id":"10202-88cea89999fffff-7","clase":"Medio","nivel_medio":2.218,"nivel_medio_min":2.218,"nivel_medio_max":2.218,"pct_alto":44.0,"n_hexagonos":1,"area_ha":0.07}},{"type":"Feature","geometry":{"type":"Polygon","coordinates":[[[-74.05055,-41.9743],[-74.05064,-41.9743],[-74.05075,-41.97434],[-74.05059,-41.97446],[-74.05051,-41.97449],[-74.0504,-41.97442],[-74.05042,-41.97434],[-74.05055,-41.9743]]]},"properties":{"comuna":"Ancud","mancha_id":"10202-88cea89999fffff-8","clase":"Medio","nivel_medio":2.218,"nivel_medio_min":2.218,"nivel_medio_max":2.218,"pct_alto":44.0,"n_hexagonos":1,"area_ha":0.04}},{"type":"Feature","geometry":{"type":"Polygon","coordinates":[[[-74.04972,-41.97478],[-74.04977,-41.97461],[-74.04996,-41.97457],[-74.05009,-41.97463],[-74.050056,-41.97474],[-74.05004,-41.97479],[-74.04978,-41.9749],[-74.049735,-41.97481],[-74.04972,-41.97478]]]},"properties":{"comuna":"Ancud","mancha_id":"10202-88cea89999fffff-9","clase":"Medio","nivel_medio":2.175,"nivel_medio_min":2.054,"nivel_medio_max":2.218,"pct_alto":43.1,"n_hexagonos":2,"area_ha":0.07}},{"type":"Feature","geometry":{"type":"Polygon","coordinates":[[[-74.042421,-41.958613],[-74.042472,-41.958656],[-74.04241,-41.958645],[-74.042421,-41.958613]]]},"properties":{"comuna":"Ancud","mancha_id":"10202-88cea89995fffff","clase":"Medio","nivel_medio":1.877,"nivel_medio_min":1.877,"nivel_medio_max":1.877,"pct_alto":10.9,"n_hexagonos":1,"area_ha":0.0}},{"type":"Feature","geometry":{"type":"Polygon","coordinates":[[[-74.04043,-41.95871],[-74.04043,-41.95877],[-74.04031,-41.95891],[-74.04017,-41.95892],[-74.04017,-41.95877],[-74.04032,-41.95868],[-74.040377,-41.95868],[-74.04043,-41.95871]]]},"properties":{"comuna":"Ancud","mancha_id":"10202-88cea89995fffff-2","clase":"Medio","nivel_medio":1.877,"nivel_medio_min":1.877,"nivel_medio_max":1.877,"pct_alto":10.9,"n_hexagonos":1,"area_ha":0.04}},{"type":"Feature","geometry":{"type":"Polygon","coordinates":[[[-74.041626,-41.958728],[-74.04168,-41.95871],[-74.04182,-41.95878],[-74.04173,-41.95893],[-74.04165,-41.9588],[-74.041626,-41.958728]]]},"properties":{"comuna":"Ancud","mancha_id":"10202-88cea89995fffff-3","clase":"Medio","nivel_medio":1.877,"nivel_medio_min":1.877,"nivel_medio_max":1.877,"pct_alto":10.9,"n_hexagonos":1,"area_ha":0.02}},{"type":"Feature","geometry":{"type":"Polygon","coordinates":[[[-74.04573,-41.95903],[-74.04584,-41.95915],[-74.04571,-41.95925],[-74.04556,-41.95928],[-74.04546,-41.95918],[-74.045452,-41.959088],[-74.045722,-41.959029],[-74.04573,-41.95903]]]},"properties":{"comuna":"Ancud","mancha_id":"10202-88cea89991fffff","clase":"Medio","nivel_medio":1.887,"nivel_medio_min":1.887,"nivel_medio_max":1.887,"pct_alto":40.0,"n_hexagonos":1,"area_ha":0.06}},{"type":"Feature","geometry":{"type":"Polygon","coordinates":[[[-74.04604,-41.96022],[-74.04617,-41.96017],[-74.04638,-41.96017],[-74.04649,-41.96029],[-74.04641,-41.96043],[-74.04625,-41.96046],[-74.04611,-41.96045],[-74.04603,-41.96035],[-74.04604,-41.96022]]]},"properties":{"comuna":"Ancud","mancha_id":"10202-88cea89991fffff-2","clase":"Medio","nivel_medio":1.887,"nivel_medio_min":1.887,"nivel_medio_max":1.887,"pct_alto":40.0,"n_hexagonos":1,"area_ha":0.1}},{"type":"Feature","geometry":{"type":"Polygon","coordinates":[[[-74.04807,-41.96182],[-74.04825,-41.96194],[-74.04831,-41.96199],[-74.04833,-41.96213],[-74.04825,-41.96214],[-74.04808,-41.96219],[-74.04798,-41.96218],[-74.04788,-41.96211],[-74.04782,-41.96203],[-74.0478,-41.96195],[-74.04785,-41.96183],[-74.04807,-41.96182]]]},"properties":{"comuna":"Ancud","mancha_id":"10202-88cea89991fffff-3","clase":"Medio","nivel_medio":1.887,"nivel_medio_min":1.887,"nivel_medio_max":1.887,"pct_alto":40.0,"n_hexagonos":1,"area_ha":0.13}},{"type":"Feature","geometry":{"type":"Polygon","coordinates":[[[-74.0486,-41.96279],[-74.04891,-41.96287],[-74.04906,-41.96293],[-74.04928,-41.96304],[-74.04929,-41.96314],[-74.04918,-41.96325],[-74.04905,-41.96324],[-74.048845,-41.96321],[-74.0485,-41.96318],[-74.04836,-41.96311],[-74.04815,-41.962915],[-74.04819,-41.962855],[-74.04844,-41.96279],[-74.0486,-41.96279]]]},"properties":{"comuna":"Ancud","mancha_id":"10202-88cea89991fffff-4","clase":"Medio","nivel_medio":1.887,"nivel_medio_min":1.887,"nivel_medio_max":1.887,"pct_alto":40.0,"n_hexagonos":1,"area_ha":0.32}},{"type":"Feature","geometry":{"type":"Polygon","coordinates":[[[-74.04833,-41.96331],[-74.04847,-41.9633],[-74.048524,-41.963318],[-74.04855,-41.9634],[-74.04847,-41.96352],[-74.04839,-41.96354],[-74.04826,-41.96354],[-74.04817,-41.96341],[-74.04818,-41.96335],[-74.04833,-41.96331]]]},"properties":{"comuna":"Ancud","mancha_id":"10202-88cea89991fffff-5","clase":"Medio","nivel_medio":1.887,"nivel_medio_min":1.887,"nivel_medio_max":1.887,"pct_alto":40.0,"n_hexagonos":1,"area_ha":0.06}},{"type":"Feature","geometry":{"type":"Polygon","coordinates":[[[-74.04848,-41.96468],[-74.04858,-41.96457],[-74.04877,-41.9645],[-74.04874,-41.96469],[-74.0486,-41.96472],[-74.04848,-41.96468]]]},"properties":{"comuna":"Ancud","mancha_id":"10202-88cea89991fffff-6","clase":"Medio","nivel_medio":1.887,"nivel_medio_min":1.887,"nivel_medio_max":1.887,"pct_alto":40.0,"n_hexagonos":1,"area_ha":0.03}},{"type":"Feature","geometry":{"type":"Polygon","coordinates":[[[-74.05125,-41.9608],[-74.05126,-41.96063],[-74.05139,-41.96055],[-74.0515,-41.96055],[-74.0516,-41.96066],[-74.05145,-41.96088],[-74.05125,-41.9608]]]},"properties":{"comuna":"Ancud","mancha_id":"10202-88cea89991fffff-7","clase":"Medio","nivel_medio":1.887,"nivel_medio_min":1.887,"nivel_medio_max":1.887,"pct_alto":40.0,"n_hexagonos":1,"area_ha":0.07}},{"type":"Feature","geometry":{"type":"Polygon","coordinates":[[[-74.05139,-41.96143],[-74.05149,-41.96147],[-74.05164,-41.9616],[-74.05164,-41.96172],[-74.05153,-41.96185],[-74.05122,-41.96187],[-74.05114,-41.96185],[-74.05109,-41.96178],[-74.05097,-41.961525],[-74.05105,-41.96144],[-74.05129,-41.96142],[-74.05139,-41.96143]]]},"properties":{"comuna":"Ancud","mancha_id":"10202-88cea89991fffff-8","clase":"Medio","nivel_medio":1.887,"nivel_medio_min":1.887,"nivel_medio_max":1.887,"pct_alto":40.0,"n_hexagonos":1,"area_ha":0.21}},{"type":"Feature","geometry":{"type":"Polygon","coordinates":[[[-74.05169,-41.96241],[-74.05164,-41.96255],[-74.05158,-41.96258],[-74.05155,-41.96264],[-74.051453,-41.96269],[-74.05124,-41.96271],[-74.05096,-41.96254],[-74.05096,-41.9624],[-74.05104,-41.962315],[-74.051116,-41.962285],[-74.05115,-41.96224],[-74.05127,-41.96224],[-74.05158,-41.96228],[-74.0516,-41.96234],[-74.05169,-41.96241]]]},"properties":{"comuna":"Ancud","mancha_id":"10202-88cea89991fffff-9","clase":"Medio","nivel_medio":1.887,"nivel_medio_min":1.887,"nivel_medio_max":1.887,"pct_alto":40.0,"n_hexagonos":1,"area_ha":0.23}},{"type":"Feature","geometry":{"type":"Polygon","coordinates":[[[-74.04916,-41.96514],[-74.04879,-41.96512],[-74.04871,-41.96495],[-74.04906,-41.96494],[-74.04926,-41.9651],[-74.04916,-41.96514]]]},"properties":{"comuna":"Ancud","mancha_id":"10202-88cea89991fffff-10","clase":"Medio","nivel_medio":1.887,"nivel_medio_min":1.887,"nivel_medio_max":1.887,"pct_alto":40.0,"n_hexagonos":1,"area_ha":0.07}},{"type":"Feature","geometry":{"type":"Polygon","coordinates":[[[-74.05051,-41.96542],[-74.05059,-41.96534],[-74.05075,-41.96533],[-74.05085,-41.96542],[-74.0508,-41.96553],[-74.05069,-41.96562],[-74.05054,-41.9656],[-74.05051,-41.96552],[-74.05051,-41.96542]]]},"properties":{"comuna":"Ancud","mancha_id":"10202-88cea89991fffff-11","clase":"Medio","nivel_medio":1.887,"nivel_medio_min":1.887,"nivel_medio_max":1.887,"pct_alto":40.0,"n_hexagonos":1,"area_ha":0.07}},{"type":"Feature","geometry":{"type":"Polygon","coordinates":[[[-74.04906,-41.96568],[-74.04903,-41.96552],[-74.04921,-41.96546],[-74.04929,-41.96552],[-74.04929,-41.96561],[-74.049195,-41.96569],[-74.04906,-41.96568]]]},"properties":{"comuna":"Ancud","mancha_id":"10202-88cea89991fffff-12","clase":"Medio","nivel_medio":1.887,"nivel_medio_min":1.887,"nivel_medio_max":1.887,"pct_alto":40.0,"n_hexagonos":1,"area_ha":0.04}},{"type":"Feature","geometry":{"type":"Polygon","coordinates":[[[-74.05059,-41.96572],[-74.0507,-41.96575],[-74.05071,-41.96582],[-74.05068,-41.96593],[-74.0505,-41.96599],[-74.05042,-41.965885],[-74.05052,-41.96573],[-74.05059,-41.96572]]]},"properties":{"comuna":"Ancud","mancha_id":"10202-88cea89991fffff-13","clase":"Medio","nivel_medio":1.887,"nivel_medio_min":1.887,"nivel_medio_max":1.887,"pct_alto":40.0,"n_hexagonos":1,"area_ha":0.05}},{"type":"Feature","geometry":{"type":"Polygon","coordinates":[[[-73.971276,-42.033518],[-73.969418,-42.038083],[-73.963632,-42.039339],[-73.959704,-42.036028],[-73.961563,-42.031463],[-73.967348,-42.030208],[-73.969205,-42.025642],[-73.97499,-42.024386],[-73.978918,-42.027696],[-73.984703,-42.026439],[-73.988633,-42.029749],[-73.986777,-42.034315],[-73.98099,-42.035572],[-73.977061,-42.032262],[-73.971276,-42.033518]]]},"properties":{"comuna":"Ancud","mancha_id":"10202-88cea89941fffff","clase":"Medio","nivel_medio":1.97,"nivel_medio_min":1.505,"nivel_medio_max":2.381,"pct_alto":24.7,"n_hexagonos":3,"area_ha":199.37}},{"type":"Feature","geometry":{"type":"Polygon","coordinates":[[[-74.05169,-41.99724],[-74.05154,-41.99731],[-74.05144,-41.99729],[-74.05142,-41.99703],[-74.05152,-41.996945],[-74.051581,-41.996936],[-74.051766,-41.997092],[-74.05178,-41.99716],[-74.05169,-41.99724]]]},"properties":{"comuna":"Ancud","mancha_id":"10202-88cea89833fffff","clase":"Medio","nivel_medio":1.978,"nivel_medio_min":1.978,"nivel_medio_max":1.978,"pct_alto":25.3,"n_hexagonos":1,"area_ha":0.09}},{"type":"Feature","geometry":{"type":"Polygon","coordinates":[[[-74.052215,-41.99823],[-74.05238,-41.99825],[-74.05246,-41.99831],[-74.05246,-41.99837],[-74.05232,-41.9985],[-74.05224,-41.99854],[-74.05201,-41.99852],[-74.05184,-41.99846],[-74.05181,-41.9983],[-74.05197,-41.99818],[-74.052215,-41.99823]]]},"properties":{"comuna":"Ancud","mancha_id":"10202-88cea89833fffff-2","clase":"Medio","nivel_medio":1.978,"nivel_medio_min":1.978,"nivel_medio_max":1.978,"pct_alto":25.3,"n_hexagonos":1,"area_ha":0.16}},{"type":"Feature","geometry":{"type":"Polygon","coordinates":[[[-74.05249,-41.999725],[-74.05255,-41.99976],[-74.052562,-42.0],[-74.05257,-42.00016],[-74.0525,-42.00024],[-74.05232,-42.00023],[-74.05214,-42.00016],[-74.052113,-42.0],[-74.05208,-41.9998],[-74.05216,-41.99972],[-74.0523,-41.9997],[-74.05249,-41.999725]]]},"properties":{"comuna":"Ancud","mancha_id":"10202-88cea89833fffff-3","clase":"Medio","nivel_medio":1.978,"nivel_medio_min":1.978,"nivel_medio_max":1.978,"pct_alto":25.3,"n_hexagonos":1,"area_ha":0.2}},{"type":"Feature","geometry":{"type":"Polygon","coordinates":[[[-74.05229,-42.00135],[-74.05239,-42.00137],[-74.05243,-42.00142],[-74.05241,-42.00152],[-74.05236,-42.00155],[-74.05215,-42.00154],[-74.05214,-42.00145],[-74.05221,-42.00136],[-74.05229,-42.00135]]]},"properties":{"comuna":"Ancud","mancha_id":"10202-88cea89833fffff-4","clase":"Medio","nivel_medio":1.978,"nivel_medio_min":1.978,"nivel_medio_max":1.978,"pct_alto":25.3,"n_hexagonos":1,"area_ha":0.04}},{"type":"Feature","geometry":{"type":"Polygon","coordinates":[[[-74.04988,-42.00215],[-74.04994,-42.00205],[-74.05011,-42.00202],[-74.0502,-42.00208],[-74.05018,-42.00222],[-74.05007,-42.00226],[-74.04988,-42.00226],[-74.04988,-42.00215]]]},"properties":{"comuna":"Ancud","mancha_id":"10202-88cea89833fffff-5","clase":"Medio","nivel_medio":1.978,"nivel_medio_min":1.978,"nivel_medio_max":1.978,"pct_alto":25.3,"n_hexagonos":1,"area_ha":0.06}},{"type":"Feature","geometry":{"type":"Polygon","coordinates":[[[-74.052502,-42.002349],[-74.052465,-42.002255],[-74.052547,-42.002238],[-74.052502,-42.002349]]]},"properties":{"comuna":"Ancud","mancha_id":"10202-88cea89833fffff-6","clase":"Medio","nivel_medio":1.978,"nivel_medio_min":1.978,"nivel_medio_max":1.978,"pct_alto":25.3,"n_hexagonos":1,"area_ha":0.0}},{"type":"Feature","geometry":{"type":"Polygon","coordinates":[[[-74.05076,-42.00283],[-74.05092,-42.00282],[-74.0511,-42.00289],[-74.05096,-42.00312],[-74.05071,-42.00315],[-74.05059,-42.00309],[-74.050615,-42.002995],[-74.05061,-42.00292],[-74.05076,-42.00283]]]},"properties":{"comuna":"Ancud","mancha_id":"10202-88cea89833fffff-7","clase":"Medio","nivel_medio":1.978,"nivel_medio_min":1.978,"nivel_medio_max":1.978,"pct_alto":25.3,"n_hexagonos":1,"area_ha":0.11}},{"type":"Feature","geometry":{"type":"Polygon","coordinates":[[[-74.05014,-42.00321],[-74.0503,-42.00323],[-74.05042,-42.00333],[-74.05029,-42.00343],[-74.05017,-42.00345],[-74.04996,-42.00344],[-74.04996,-42.00328],[-74.05014,-42.00321]]]},"properties":{"comuna":"Ancud","mancha_id":"10202-88cea89833fffff-8","clase":"Medio","nivel_medio":1.978,"nivel_medio_min":1.978,"nivel_medio_max":1.978,"pct_alto":25.3,"n_hexagonos":1,"area_ha":0.08}},{"type":"Feature","geometry":{"type":"Polygon","coordinates":[[[-74.04844,-42.00361],[-74.0485,-42.0036],[-74.04882,-42.00364],[-74.04884,-42.00372],[-74.04865,-42.00383],[-74.04854,-42.00382],[-74.04844,-42.00377],[-74.04837,-42.00364],[-74.04844,-42.00361]]]},"properties":{"comuna":"Ancud","mancha_id":"10202-88cea89833fffff-9","clase":"Medio","nivel_medio":1.978,"nivel_medio_min":1.978,"nivel_medio_max":1.978,"pct_alto":25.3,"n_hexagonos":1,"area_ha":0.07}},{"type":"Feature","geometry":{"type":"Polygon","coordinates":[[[-74.09995,-42.16882],[-74.10017,-42.16904],[-74.10016,-42.169135],[-74.10006,-42.16925],[-74.09994,-42.16931],[-74.0998,-42.16922],[-74.09975,-42.16916],[-74.09973,-42.16895],[-74.09978,-42.16883],[-74.09984,-42.16881],[-74.09995,-42.16882]]]},"properties":{"comuna":"Ancud","mancha_id":"10202-88cea8936dfffff","clase":"Medio","nivel_medio":2.119,"nivel_medio_min":2.119,"nivel_medio_max":2.119,"pct_alto":42.7,"n_hexagonos":1,"area_ha":0.14}},{"type":"Feature","geometry":{"type":"Polygon","coordinates":[[[-74.09831,-42.16935],[-74.098417,-42.1694],[-74.09844,-42.16949],[-74.09835,-42.16954],[-74.09821,-42.16958],[-74.09812,-42.16955],[-74.09809,-42.16941],[-74.09815,-42.16936],[-74.09823,-42.16934],[-74.09831,-42.16935]]]},"properties":{"comuna":"Ancud","mancha_id":"10202-88cea8936dfffff-2","clase":"Medio","nivel_medio":2.119,"nivel_medio_min":2.119,"nivel_medio_max":2.119,"pct_alto":42.7,"n_hexagonos":1,"area_ha":0.06}},{"type":"Feature","geometry":{"type":"Polygon","coordinates":[[[-74.10066,-42.17054],[-74.10062,-42.1706],[-74.10054,-42.17066],[-74.10046,-42.17069],[-74.10039,-42.17071],[-74.10033,-42.1707],[-74.10026,-42.17062],[-74.10026,-42.17047],[-74.10042,-42.17037],[-74.10051,-42.17037],[-74.1006,-42.17038],[-74.10065,-42.17043],[-74.10066,-42.17054]]]},"properties":{"comuna":"Ancud","mancha_id":"10202-88cea8936dfffff-3","clase":"Medio","nivel_medio":2.119,"nivel_medio_min":2.119,"nivel_medio_max":2.119,"pct_alto":42.7,"n_hexagonos":1,"area_ha":0.1}},{"type":"Feature","geometry":{"type":"Polygon","coordinates":[[[-74.1003,-42.17105],[-74.1004,-42.17106],[-74.10043,-42.17113],[-74.10038,-42.17122],[-74.10026,-42.17127],[-74.10018,-42.17123],[-74.10016,-42.17112],[-74.10021,-42.17108],[-74.1003,-42.17105]]]},"properties":{"comuna":"Ancud","mancha_id":"10202-88cea8936dfffff-4","clase":"Medio","nivel_medio":2.119,"nivel_medio_min":2.119,"nivel_medio_max":2.119,"pct_alto":42.7,"n_hexagonos":1,"area_ha":0.04}},{"type":"Feature","geometry":{"type":"Polygon","coordinates":[[[-74.101455,-42.171311],[-74.10146,-42.17138],[-74.10146,-42.17145],[-74.10143,-42.17151],[-74.101345,-42.171545],[-74.10127,-42.17154],[-74.10126,-42.17132],[-74.10134,-42.17127],[-74.10143,-42.17126],[-74.101455,-42.171311]]]},"properties":{"comuna":"Ancud","mancha_id":"10202-88cea8936dfffff-5","clase":"Medio","nivel_medio":2.119,"nivel_medio_min":2.119,"nivel_medio_max":2.119,"pct_alto":42.7,"n_hexagonos":1,"area_ha":0.04}},{"type":"Feature","geometry":{"type":"Polygon","coordinates":[[[-74.10248,-42.17158],[-74.102537,-42.17158],[-74.10264,-42.17164],[-74.102668,-42.171682],[-74.1027,-42.17173],[-74.10269,-42.17195],[-74.10263,-42.172065],[-74.10252,-42.17212],[-74.10243,-42.17213],[-74.10236,-42.17211],[-74.10227,-42.17204],[-74.10223,-42.17183],[-74.10223,-42.171777],[-74.10223,-42.17175],[-74.102275,-42.171665],[-74.102425,-42.171591],[-74.10248,-42.17158]]]},"properties":{"comuna":"Ancud","mancha_id":"10202-88cea8936dfffff-6","clase":"Medio","nivel_medio":2.153,"nivel_medio_min":2.119,"nivel_medio_max":2.164,"pct_alto":52.8,"n_hexagonos":2,"area_ha":0.19}},{"type":"Feature","geometry":{"type":"Polygon","coordinates":[[[-74.00095,-41.91833],[-74.001463,-41.918741],[-74.00165,-41.91889],[-74.0021,-41.91948],[-74.00249,-41.91986],[-74.00263,-41.92053],[-74.00274,-41.92075],[-74.00288,-41.92076],[-74.00321,-41.92092],[-74.00328,-41.921],[-74.00343,-41.92109],[-74.00381,-41.92134],[-74.00461,-41.92199],[-74.00548,-41.92264],[-74.005692,-41.922836],[-74.0059,-41.92303],[-74.00603,-41.92318],[-74.00619,-41.92331],[-74.00645,-41.92358],[-74.0068,-41.92408],[-74.00738,-41.92447],[-74.00749,-41.92456],[-74.00776,-41.92485],[-74.00797,-41.9252],[-74.00809,-41.92537],[-74.00825,-41.92553],[-74.00835,-41.92554],[-74.00848,-41.92564],[-74.0086,-41.92565],[-74.008895,-41.92561],[-74.00916,-41.925485],[-74.00935,-41.92547],[-74.00953,-41.92548],[-74.00966,-41.92551],[-74.00989,-41.92561],[-74.01001,-41.92571],[-74.01026,-41.92614],[-74.01047,-41.92628],[-74.01061,-41.92631],[-74.01079,-41.92639],[-74.01096,-41.92647],[-74.0115,-41.92664],[-74.01169,-41.92666],[-74.01187,-41.92671],[-74.01206,-41.92673],[-74.01262,-41.92685],[-74.01299,-41.92691],[-74.01373,-41.92693],[-74.014,-41.9269],[-74.01415,-41.92687],[-74.01443,-41.92676],[-74.01465,-41.92659],[-74.01472,-41.92647],[-74.01475,-41.92618],[-74.01472,-41.92612],[-74.01469,-41.92579],[-74.014725,-41.925645],[-74.01474,-41.92557],[-74.01495,-41.92548],[-74.015165,-41.925425],[-74.015171,-41.925424],[-74.013922,-41.928505],[-74.008146,-41.929766],[-74.006294,-41.934332],[-74.010219,-41.937637],[-74.015996,-41.936377],[-74.019923,-41.939682],[-74.018071,-41.944248],[-74.021998,-41.947554],[-74.024848,-41.946932],[-74.02478,-41.94706],[-74.02462,-41.94729],[-74.02446,-41.94747],[-74.0243,-41.94784],[-74.02418,-41.94839],[-74.02424,-41.94876],[-74.0247,-41.94951],[-74.02486,-41.94969],[-74.02511,-41.94985],[-74.02554,-41.9501],[-74.02631,-41.95058],[-74.02646,-41.95072],[-74.02661,-41.95082],[-74.02748,-41.95121],[-74.02769,-41.95128],[-74.02834,-41.95139],[-74.02856,-41.95145],[-74.02878,-41.95154],[-74.02898,-41.95165],[-74.02918,-41.95175],[-74.02983,-41.95186],[-74.03048,-41.95185],[-74.0307,-41.95188],[-74.030772,-41.951901],[-74.029854,-41.954165],[-74.033783,-41.957471],[-74.037997,-41.956552],[-74.038,-41.95656],[-74.03806,-41.95657],[-74.03809,-41.95667],[-74.03815,-41.95669],[-74.03818,-41.95674],[-74.03824,-41.95676],[-74.03827,-41.95688],[-74.03824,-41.95706],[-74.03797,-41.9573],[-74.037995,-41.957445],[-74.03801,-41.95752],[-74.03811,-41.95801],[-74.03819,-41.95807],[-74.03819,-41.95814],[-74.03826,-41.958223],[-74.0383,-41.95832],[-74.03836,-41.95838],[-74.03863,-41.95874],[-74.03883,-41.95893],[-74.03906,-41.95911],[-74.03934,-41.95924],[-74.03955,-41.95927],[-74.03999,-41.95931],[-74.0402,-41.95942],[-74.04043,-41.95962],[-74.04064,-41.95976],[-74.04072,-41.95976],[-74.04125,-41.95977],[-74.04147,-41.95974],[-74.04178,-41.95974],[-74.04225,-41.95977],[-74.04256,-41.95981],[-74.04271,-41.95984],[-74.04287,-41.9599],[-74.043,-41.95999],[-74.04313,-41.96009],[-74.04317,-41.96018],[-74.043192,-41.960261],[-74.04326,-41.96051],[-74.04331,-41.9606],[-74.04351,-41.96082],[-74.04358,-41.96085],[-74.04358,-41.96104],[-74.04352,-41.96107],[-74.04348,-41.96114],[-74.0432,-41.96143],[-74.04321,-41.9616],[-74.04353,-41.96196],[-74.04386,-41.96202],[-74.04417,-41.96199],[-74.044335,-41.9619],[-74.04439,-41.96188],[-74.04447,-41.96182],[-74.0447,-41.96168],[-74.04483,-41.96165],[-74.0449,-41.96165],[-74.04517,-41.96178],[-74.04553,-41.96211],[-74.0457,-41.96223],[-74.0459,-41.96231],[-74.04606,-41.96232],[-74.046295,-41.962395],[-74.0464,-41.96242],[-74.04664,-41.96267],[-74.04715,-41.96309],[-74.04753,-41.96316],[-74.047695,-41.963235],[-74.04776,-41.96336],[-74.04776,-41.96343],[-74.047697,-41.963515],[-74.04761,-41.96358],[-74.04739,-41.96365],[-74.04734,-41.96373],[-74.04735,-41.96384],[-74.04746,-41.96389],[-74.047715,-41.964065],[-74.04778,-41.9642],[-74.04792,-41.96437],[-74.04821,-41.96465],[-74.04833,-41.96481],[-74.04833,-41.96488],[-74.04825,-41.96496],[-74.04825,-41.96502],[-74.048105,-41.965005],[-74.04799,-41.96497],[-74.04781,-41.96482],[-74.04764,-41.96463],[-74.04748,-41.96457],[-74.0474,-41.96461],[-74.04731,-41.96477],[-74.04734,-41.96487],[-74.04743,-41.96504],[-74.04782,-41.96557],[-74.04811,-41.96592],[-74.04818,-41.96592],[-74.04835,-41.96606],[-74.04868,-41.96624],[-74.04913,-41.96642],[-74.04929,-41.96647],[-74.0496,-41.96649],[-74.04965,-41.9665],[-74.04991,-41.96655],[-74.050075,-41.96662],[-74.05018,-41.96672],[-74.05041,-41.96689],[-74.050395,-41.967015],[-74.05036,-41.96711],[-74.05042,-41.96716],[-74.050595,-41.967215],[-74.05076,-41.96732],[-74.05084,-41.96741],[-74.05087,-41.96755],[-74.05084,-41.96771],[-74.05087,-41.96777],[-74.0511,-41.96787],[-74.05125,-41.96781],[-74.05144,-41.96765],[-74.05147,-41.9676],[-74.05152,-41.96757],[-74.05155,-41.96749],[-74.05196,-41.9672],[-74.05213,-41.96714],[-74.05229,-41.96706],[-74.052378,-41.966987],[-74.054607,-41.968861],[-74.05426,-41.96897],[-74.05423,-41.96904],[-74.05419,-41.96952],[-74.0541,-41.96972],[-74.05386,-41.96989],[-74.0538,-41.96991],[-74.05367,-41.97002],[-74.05358,-41.97006],[-74.05348,-41.97013],[-74.05331,-41.97014],[-74.05324,-41.97017],[-74.05302,-41.97016],[-74.05246,-41.97004],[-74.05228,-41.97004],[-74.0522,-41.97013],[-74.05221,-41.97046],[-74.052225,-41.970875],[-74.05214,-41.97095],[-74.05197,-41.97103],[-74.0519,-41.97104],[-74.05184,-41.97109],[-74.05139,-41.97131],[-74.05078,-41.9716],[-74.05054,-41.97169],[-74.05029,-41.97176],[-74.05011,-41.97179],[-74.04973,-41.97183],[-74.04955,-41.97183],[-74.04891,-41.97187],[-74.0488,-41.97191],[-74.04861,-41.97197],[-74.04842,-41.97209],[-74.04832,-41.97227],[-74.04841,-41.9725],[-74.04907,-41.97287],[-74.04931,-41.97306],[-74.04933,-41.97321],[-74.04939,-41.97335],[-74.04938,-41.97349],[-74.04941,-41.97363],[-74.04941,-41.9739],[-74.04938,-41.97404],[-74.04937,-41.97418],[-74.04927,-41.9746],[-74.04927,-41.97474],[-74.049226,-41.974921],[-74.04917,-41.97515],[-74.04917,-41.97529],[-74.0491,-41.97557],[-74.0491,-41.97585],[-74.04914,-41.97606],[-74.04936,-41.97622],[-74.04972,-41.97647],[-74.05065,-41.9771],[-74.05066,-41.97717],[-74.05076,-41.97722],[-74.05077,-41.97737],[-74.051,-41.97776],[-74.05115,-41.97791],[-74.05152,-41.97818],[-74.051625,-41.97828],[-74.0517,-41.97856],[-74.0517,-41.97872],[-74.05186,-41.97937],[-74.0519,-41.97969],[-74.05184,-41.98037],[-74.051845,-41.980515],[-74.05185,-41.98063],[-74.05199,-41.98077],[-74.05218,-41.9808],[-74.05233,-41.98073],[-74.05245,-41.98042],[-74.05248,-41.98025],[-74.05254,-41.98015],[-74.05269,-41.98018],[-74.05279,-41.98021],[-74.05302,-41.98036],[-74.05327,-41.98057],[-74.053365,-41.98072],[-74.05339,-41.98089],[-74.05337,-41.98121],[-74.05324,-41.98153],[-74.053165,-41.98195],[-74.05323,-41.98202],[-74.0533,-41.98206],[-74.0534,-41.9821],[-74.05359,-41.98213],[-74.05365,-41.98209],[-74.05396,-41.98205],[-74.05415,-41.98207],[-74.054291,-41.982145],[-74.05432,-41.98216],[-74.05438,-41.98231],[-74.05436,-41.98263],[-74.05431,-41.98279],[-74.05421,-41.98296],[-74.05413,-41.98305],[-74.05383,-41.98323],[-74.05357,-41.98332],[-74.05335,-41.98344],[-74.05327,-41.98348],[-74.05322,-41.98354],[-74.05308,-41.98371],[-74.05305,-41.98394],[-74.05308,-41.9841],[-74.05304,-41.98459],[-74.05297,-41.98475],[-74.05289,-41.98508],[-74.052856,-41.985126],[-74.05275,-41.98527],[-74.05261,-41.98538],[-74.05237,-41.98549],[-74.05218,-41.98563],[-74.05206,-41.98579],[-74.051665,-41.98611],[-74.05148,-41.98614],[-74.051155,-41.98602],[-74.05101,-41.98596],[-74.05088,-41.98587],[-74.05071,-41.98571],[-74.050635,-41.9856],[-74.05037,-41.98521],[-74.05031,-41.98521],[-74.05025,-41.98522],[-74.05007,-41.98537],[-74.04992,-41.98567],[-74.04987,-41.98579],[-74.04963,-41.98616],[-74.04946,-41.98635],[-74.04939,-41.986405],[-74.04932,-41.98644],[-74.04921,-41.98653],[-74.049,-41.98665],[-74.0487,-41.98679],[-74.04852,-41.98686],[-74.048198,-41.986937],[-74.04777,-41.98704],[-74.04758,-41.98709],[-74.04721,-41.98724],[-74.04664,-41.98752],[-74.04572,-41.98805],[-74.04566,-41.98809],[-74.04555,-41.98811],[-74.04545,-41.98817],[-74.04499,-41.98827],[-74.04472,-41.98828],[-74.044494,-41.988446],[-74.04438,-41.98853],[-74.04473,-41.98869],[-74.04498,-41.98878],[-74.04523,-41.98882],[-74.04572,-41.98883],[-74.04647,-41.98876],[-74.04722,-41.98859],[-74.04747,-41.98856],[-74.04796,-41.98865],[-74.0487,-41.98891],[-74.04895,-41.98897],[-74.04932,-41.989],[-74.049393,-41.988972],[-74.04945,-41.98895],[-74.04962,-41.98881],[-74.04977,-41.98855],[-74.04988,-41.98813],[-74.04991,-41.98792],[-74.05006,-41.98751],[-74.05025,-41.9873],[-74.05028,-41.98724],[-74.05034,-41.98723],[-74.05053,-41.98714],[-74.05084,-41.9871],[-74.05109,-41.98712],[-74.05134,-41.98721],[-74.0518,-41.98751],[-74.05202,-41.987585],[-74.05251,-41.98756],[-74.05285,-41.98759],[-74.05325,-41.98779],[-74.053411,-41.987917],[-74.05348,-41.987959],[-74.05353,-41.98801],[-74.05351,-41.98821],[-74.05343,-41.98842],[-74.05326,-41.98862],[-74.05313,-41.98869],[-74.05308,-41.98876],[-74.05301,-41.9888],[-74.05265,-41.98889],[-74.0524,-41.98891],[-74.05215,-41.98895],[-74.0519,-41.98903],[-74.05181,-41.98904],[-74.05176,-41.98914],[-74.051748,-41.989268],[-74.0519,-41.98934],[-74.05239,-41.98943],[-74.05264,-41.98945],[-74.05289,-41.9895],[-74.05314,-41.98951],[-74.05338,-41.98956],[-74.05391,-41.98972],[-74.05411,-41.98991],[-74.05414,-41.99014],[-74.05412,-41.99024],[-74.05399,-41.99036],[-74.05363,-41.99061],[-74.053594,-41.990626],[-74.05205,-41.990963],[-74.05172,-41.99087],[-74.051635,-41.990858],[-74.05104,-41.99077],[-74.0506,-41.99079],[-74.05044,-41.99087],[-74.05013,-41.99107],[-74.05011,-41.99116],[-74.04999,-41.99147],[-74.04998,-41.99159],[-74.05006,-41.99168],[-74.05037,-41.99172],[-74.05046,-41.99171],[-74.0505,-41.99166],[-74.05062,-41.99164],[-74.05087,-41.99156],[-74.05112,-41.99156],[-74.05126,-41.99158],[-74.05132,-41.9917],[-74.05135,-41.99181],[-74.0513,-41.9919],[-74.05106,-41.992115],[-74.05087,-41.99223],[-74.05066,-41.99232],[-74.05042,-41.99232],[-74.05019,-41.99225],[-74.04987,-41.99211],[-74.04974,-41.9921],[-74.04957,-41.99225],[-74.049575,-41.992425],[-74.04961,-41.9925],[-74.04971,-41.99251],[-74.04977,-41.99257],[-74.04995,-41.99257],[-74.05011,-41.99262],[-74.0502,-41.99262],[-74.05029,-41.99278],[-74.05029,-41.99298],[-74.05005,-41.99314],[-74.0499,-41.99321],[-74.04914,-41.99329],[-74.04864,-41.99342],[-74.04839,-41.99352],[-74.04818,-41.99368],[-74.0482,-41.99403],[-74.0482,-41.99413],[-74.04858,-41.994195],[-74.04909,-41.99405],[-74.04931,-41.99399],[-74.04953,-41.99394],[-74.04975,-41.99393],[-74.0499,-41.99394],[-74.05004,-41.99411],[-74.05002,-41.99418],[-74.04971,-41.99455],[-74.049675,-41.99472],[-74.04966,-41.99479],[-74.04953,-41.9951],[-74.04926,-41.99537],[-74.048363,-41.995932],[-74.04835,-41.99594],[-74.04832,-41.99609],[-74.04841,-41.99618],[-74.04844,-41.99624],[-74.04853,-41.99625],[-74.04861,-41.99632],[-74.04893,-41.99646],[-74.04923,-41.99666],[-74.0493,-41.99676],[-74.04942,-41.99698],[-74.04948,-41.99716],[-74.04951,-41.99735],[-74.04949,-41.99748],[-74.04961,-41.9977],[-74.0497,-41.99789],[-74.04983,-41.99805],[-74.0499,-41.99823],[-74.04988,-41.9984],[-74.0498,-41.99856],[-74.04966,-41.99872],[-74.04944,-41.99892],[-74.04944,-41.9992],[-74.05011,-41.99989],[-74.050176,-42.0],[-74.05023,-42.00009],[-74.05031,-42.00025],[-74.05032,-42.00041],[-74.05029,-42.00058],[-74.05016,-42.0009],[-74.04998,-42.00122],[-74.04973,-42.00155],[-74.04965,-42.00171],[-74.0496,-42.00175],[-74.0496,-42.00187],[-74.04964,-42.002],[-74.04964,-42.00217],[-74.04957,-42.00249],[-74.04951,-42.00266],[-74.04936,-42.002765],[-74.04909,-42.00279],[-74.04861,-42.0028],[-74.04853,-42.00286],[-74.04812,-42.00333],[-74.04736,-42.00402],[-74.04722,-42.00408],[-74.04709,-42.00415],[-74.04688,-42.0043],[-74.04656,-42.0045],[-74.04608,-42.004561],[-74.04601,-42.00457],[-74.04563,-42.00475],[-74.04487,-42.00536],[-74.04468,-42.00557],[-74.04454,-42.00673],[-74.04455,-42.00697],[-74.04466,-42.00714],[-74.04481,-42.00732],[-74.045141,-42.007495],[-74.044746,-42.00847],[-74.04463,-42.00847],[-74.04439,-42.0084],[-74.04406,-42.00819],[-74.04389,-42.00809],[-74.04368,-42.00811],[-74.04347,-42.00818],[-74.04339,-42.00833],[-74.0434,-42.00845],[-74.0433,-42.00863],[-74.04309,-42.00873],[-74.04279,-42.00874],[-74.04245,-42.00887],[-74.04238,-42.00905],[-74.04247,-42.00921],[-74.04253,-42.00941],[-74.04241,-42.00957],[-74.04238,-42.00973],[-74.038629,-42.010547],[-74.034696,-42.007239],[-74.036548,-42.002671],[-74.042333,-42.001411],[-74.044185,-41.996843],[-74.040252,-41.993535],[-74.042103,-41.988967],[-74.038171,-41.98566],[-74.032388,-41.986921],[-74.030536,-41.991488],[-74.024752,-41.992748],[-74.020822,-41.989441],[-74.015039,-41.9907],[-74.011109,-41.987393],[-74.012962,-41.982826],[-74.018744,-41.981566],[-74.022674,-41.984874],[-74.028457,-41.983614],[-74.030309,-41.979046],[-74.026378,-41.975739],[-74.02823,-41.971172],[-74.024301,-41.967866],[-74.01852,-41.969126],[-74.016668,-41.973693],[-74.010887,-41.974952],[-74.006959,-41.971645],[-74.001178,-41.972904],[-73.997252,-41.969597],[-73.991472,-41.970856],[-73.989618,-41.975422],[-73.983838,-41.97668],[-73.981983,-41.981245],[-73.976203,-41.982502],[-73.974347,-41.987067],[-73.978273,-41.990375],[-73.976417,-41.994941],[-73.980343,-41.998249],[-73.978488,-42.002815],[-73.972705,-42.004071],[-73.970849,-42.008637],[-73.974775,-42.011946],[-73.972919,-42.016511],[-73.967135,-42.017767],[-73.965278,-42.022333],[-73.959494,-42.023588],[-73.955568,-42.020278],[-73.949784,-42.021533],[-73.947926,-42.026098],[-73.942142,-42.027352],[-73.940283,-42.031917],[-73.934499,-42.03317],[-73.930575,-42.02986],[-73.924791,-42.031113],[-73.920868,-42.027802],[-73.915085,-42.029055],[-73.913224,-42.033618],[-73.907441,-42.034871],[-73.90558,-42.039434],[-73.899796,-42.040685],[-73.897934,-42.045248],[-73.901855,-42.04856],[-73.899993,-42.053123],[-73.894208,-42.054374],[-73.892345,-42.058937],[-73.88656,-42.060187],[-73.882639,-42.056875],[-73.876855,-42.058124],[-73.87499,-42.062687],[-73.878911,-42.065999],[-73.877046,-42.070562],[-73.87126,-42.071811],[-73.869395,-42.076373],[-73.873316,-42.079686],[-73.879103,-42.078437],[-73.883025,-42.081751],[-73.888812,-42.080501],[-73.892735,-42.083814],[-73.898523,-42.082564],[-73.900387,-42.078001],[-73.906174,-42.07675],[-73.910099,-42.080063],[-73.908236,-42.084627],[-73.912162,-42.08794],[-73.917951,-42.086689],[-73.921878,-42.090002],[-73.920015,-42.094567],[-73.914225,-42.095818],[-73.910299,-42.092504],[-73.904509,-42.093755],[-73.902645,-42.098319],[-73.906571,-42.101632],[-73.904707,-42.106197],[-73.898917,-42.107446],[-73.897052,-42.11201],[-73.891261,-42.113259],[-73.889396,-42.117823],[-73.893322,-42.121138],[-73.891456,-42.125702],[-73.895383,-42.129017],[-73.901176,-42.127768],[-73.903041,-42.123204],[-73.908833,-42.121954],[-73.910698,-42.117389],[-73.90677,-42.114075],[-73.908634,-42.109511],[-73.914426,-42.10826],[-73.916289,-42.103696],[-73.92208,-42.102445],[-73.926008,-42.105758],[-73.9318,-42.104507],[-73.933662,-42.099942],[-73.939454,-42.09869],[-73.941315,-42.094124],[-73.937386,-42.090811],[-73.939247,-42.086246],[-73.945037,-42.084993],[-73.946898,-42.080428],[-73.952688,-42.079175],[-73.954548,-42.074609],[-73.950619,-42.071297],[-73.94483,-42.07255],[-73.940902,-42.069238],[-73.935114,-42.070491],[-73.931187,-42.067179],[-73.925399,-42.068432],[-73.923538,-42.072996],[-73.91775,-42.074248],[-73.913825,-42.070935],[-73.908037,-42.072186],[-73.904113,-42.068874],[-73.898327,-42.070125],[-73.894404,-42.066812],[-73.896267,-42.062249],[-73.902053,-42.060998],[-73.905976,-42.06431],[-73.911762,-42.063059],[-73.913624,-42.058495],[-73.91941,-42.057243],[-73.923335,-42.060555],[-73.929122,-42.059303],[-73.930983,-42.054738],[-73.936769,-42.053485],[-73.938629,-42.048921],[-73.944415,-42.047667],[-73.948342,-42.050978],[-73.954129,-42.049724],[-73.955988,-42.045159],[-73.961774,-42.043904],[-73.965702,-42.047215],[-73.971489,-42.04596],[-73.975419,-42.04927],[-73.981206,-42.048015],[-73.983063,-42.043448],[-73.988851,-42.042192],[-73.992782,-42.045502],[-73.99857,-42.044245],[-74.000425,-42.039678],[-73.996494,-42.036368],[-73.99835,-42.031802],[-74.004136,-42.030544],[-74.005991,-42.025977],[-74.011778,-42.024719],[-74.013632,-42.020152],[-74.019418,-42.018893],[-74.023351,-42.022202],[-74.021497,-42.02677],[-74.01571,-42.028028],[-74.013855,-42.032596],[-74.017789,-42.035905],[-74.023576,-42.034647],[-74.027511,-42.037956],[-74.025657,-42.042524],[-74.019868,-42.043782],[-74.018013,-42.04835],[-74.021948,-42.05166],[-74.020093,-42.056228],[-74.024028,-42.059539],[-74.029819,-42.05828],[-74.030206,-42.058606],[-74.02983,-42.05899],[-74.0295,-42.05967],[-74.02917,-42.06043],[-74.02899,-42.06119],[-74.02895,-42.06197],[-74.02892,-42.06222],[-74.02868,-42.06332],[-74.02853,-42.0641],[-74.02848,-42.06479],[-74.02846,-42.06612],[-74.028433,-42.066913],[-74.026109,-42.067417],[-74.024254,-42.071986],[-74.028191,-42.075297],[-74.033984,-42.074039],[-74.034078,-42.073808],[-74.03423,-42.07399],[-74.034524,-42.074493],[-74.03454,-42.07452],[-74.03476,-42.07476],[-74.03502,-42.07508],[-74.0358,-42.0759],[-74.03631,-42.07631],[-74.0367,-42.07645],[-74.036943,-42.076527],[-74.03708,-42.07657],[-74.0375,-42.07655],[-74.03871,-42.0764],[-74.0391,-42.07639],[-74.03954,-42.07642],[-74.03996,-42.07666],[-74.04015,-42.07684],[-74.040168,-42.076862],[-74.037922,-42.07735],[-74.037831,-42.077575],[-74.0377,-42.07746],[-74.0375,-42.0774],[-74.03726,-42.07744],[-74.03704,-42.07757],[-74.03691,-42.07777],[-74.03691,-42.07803],[-74.03694,-42.07832],[-74.0369,-42.0786],[-74.03678,-42.07876],[-74.0365,-42.07899],[-74.03613,-42.0793],[-74.03603,-42.07946],[-74.03601,-42.07961],[-74.0361,-42.07981],[-74.03658,-42.08018],[-74.03672,-42.080312],[-74.036067,-42.081919],[-74.03808,-42.083611],[-74.03807,-42.08378],[-74.03795,-42.08444],[-74.03792,-42.08531],[-74.03804,-42.08605],[-74.03805,-42.08629],[-74.03814,-42.08665],[-74.03827,-42.08696],[-74.0386,-42.08724],[-74.03901,-42.08746],[-74.039093,-42.08748],[-74.038151,-42.089799],[-74.042091,-42.093111],[-74.042977,-42.092918],[-74.04324,-42.09308],[-74.0436,-42.09335],[-74.04378,-42.09367],[-74.04384,-42.09393],[-74.04378,-42.09426],[-74.04371,-42.09451],[-74.04372,-42.09475],[-74.04382,-42.09497],[-74.04419,-42.09514],[-74.04544,-42.09524],[-74.0458,-42.09536],[-74.04612,-42.09563],[-74.04638,-42.09589],[-74.04662,-42.0961],[-74.04715,-42.09638],[-74.04849,-42.09679],[-74.04914,-42.09695],[-74.04999,-42.09726],[-74.05067,-42.09743],[-74.050904,-42.097438],[-74.049973,-42.099734],[-74.05284,-42.102142],[-74.05286,-42.10226],[-74.05315,-42.10285],[-74.05346,-42.10328],[-74.053721,-42.103523],[-74.05206,-42.107615],[-74.052874,-42.108299],[-74.05284,-42.1084],[-74.05257,-42.10891],[-74.05241,-42.10933],[-74.05218,-42.10981],[-74.05219,-42.10994],[-74.0522,-42.11008],[-74.05218,-42.1102],[-74.05203,-42.11041],[-74.05183,-42.11059],[-74.05139,-42.11096],[-74.05118,-42.11128],[-74.05099,-42.11158],[-74.05085,-42.11168],[-74.05054,-42.11185],[-74.05011,-42.1119],[-74.04989,-42.11206],[-74.04965,-42.11215],[-74.04941,-42.11224],[-74.04908,-42.11229],[-74.04864,-42.11251],[-74.04777,-42.11314],[-74.04742,-42.11344],[-74.04719,-42.11351],[-74.04701,-42.11379],[-74.04699,-42.11394],[-74.0469,-42.11418],[-74.04673,-42.11448],[-74.04642,-42.11498],[-74.046368,-42.115091],[-74.044408,-42.113444],[-74.038611,-42.114701],[-74.036755,-42.119271],[-74.030957,-42.120528],[-74.0291,-42.125098],[-74.033042,-42.128411],[-74.03884,-42.127154],[-74.042783,-42.130467],[-74.040927,-42.135037],[-74.035127,-42.136294],[-74.03327,-42.140864],[-74.037213,-42.144178],[-74.043014,-42.142921],[-74.046958,-42.146234],[-74.052759,-42.144977],[-74.054055,-42.146066],[-74.05415,-42.1462],[-74.05473,-42.14687],[-74.05506,-42.14712],[-74.05532,-42.14729],[-74.05555,-42.14746],[-74.055825,-42.147552],[-74.056704,-42.14829],[-74.059534,-42.147677],[-74.05981,-42.14793],[-74.06087,-42.14844],[-74.06126,-42.14858],[-74.06155,-42.14868],[-74.06187,-42.14878],[-74.06216,-42.14892],[-74.06225,-42.14907],[-74.06241,-42.14931],[-74.06252,-42.14944],[-74.06259,-42.14941],[-74.06285,-42.14936],[-74.06372,-42.1489],[-74.06424,-42.14873],[-74.064528,-42.14873],[-74.06472,-42.14873],[-74.06516,-42.14879],[-74.06551,-42.14886],[-74.0665,-42.14949],[-74.06761,-42.15008],[-74.067632,-42.15009],[-74.06799,-42.15025],[-74.06849,-42.1503],[-74.06888,-42.15033],[-74.06908,-42.15042],[-74.06918,-42.15057],[-74.06928,-42.15084],[-74.06937,-42.15104],[-74.06949,-42.15121],[-74.0695,-42.15127],[-74.06944,-42.15142],[-74.06927,-42.15162],[-74.06918,-42.15171],[-74.06918,-42.1519],[-74.06925,-42.15204],[-74.06941,-42.15211],[-74.06969,-42.15208],[-74.06995,-42.15202],[-74.0701,-42.15202],[-74.07026,-42.15216],[-74.07092,-42.15329],[-74.0713,-42.15377],[-74.07182,-42.15428],[-74.07212,-42.15462],[-74.07245,-42.15497],[-74.07319,-42.15552],[-74.07414,-42.15611],[-74.0746,-42.15631],[-74.074615,-42.156314],[-74.0749,-42.15639],[-74.07529,-42.15643],[-74.07566,-42.15642],[-74.07588,-42.15636],[-74.0768,-42.15608],[-74.07722,-42.15607],[-74.07734,-42.15609],[-74.0774,-42.15613],[-74.07727,-42.15647],[-74.07716,-42.15661],[-74.07723,-42.15691],[-74.07738,-42.15704],[-74.0777,-42.15713],[-74.07933,-42.15697],[-74.08006,-42.15698],[-74.08035,-42.15701],[-74.08076,-42.15702],[-74.08104,-42.15707],[-74.08135,-42.15717],[-74.08166,-42.1572],[-74.08193,-42.15716],[-74.08228,-42.15699],[-74.0827,-42.15687],[-74.08293,-42.15687],[-74.08309,-42.15693],[-74.08372,-42.15737],[-74.08388,-42.15758],[-74.08394,-42.15784],[-74.08392,-42.15798],[-74.08384,-42.15809],[-74.08374,-42.15822],[-74.08354,-42.15837],[-74.08299,-42.15858],[-74.08283,-42.15873],[-74.08278,-42.15886],[-74.08272,-42.15905],[-74.08272,-42.15911],[-74.08275,-42.15925],[-74.082807,-42.159308],[-74.08335,-42.15986],[-74.08341,-42.15997],[-74.08405,-42.16041],[-74.08435,-42.16055],[-74.085,-42.16079],[-74.08514,-42.16086],[-74.08521,-42.16101],[-74.08518,-42.16136],[-74.08531,-42.16153],[-74.08534,-42.16178],[-74.08533,-42.16194],[-74.08517,-42.16203],[-74.08497,-42.16217],[-74.08469,-42.16233],[-74.08456,-42.16258],[-74.08458,-42.16283],[-74.08473,-42.16305],[-74.08494,-42.16328],[-74.08497,-42.1637],[-74.08513,-42.1639],[-74.08547,-42.16422],[-74.08565,-42.16456],[-74.08598,-42.16503],[-74.08632,-42.16532],[-74.08644,-42.1654],[-74.086785,-42.165459],[-74.08679,-42.16546],[-74.08705,-42.16545],[-74.08728,-42.16554],[-74.08736,-42.16567],[-74.08735,-42.16616],[-74.08741,-42.16633],[-74.08778,-42.16654],[-74.08785,-42.1666],[-74.08787,-42.16668],[-74.08786,-42.16677],[-74.08817,-42.16702],[-74.08827,-42.16705],[-74.08831,-42.16707],[-74.08842,-42.16712],[-74.0884,-42.16733],[-74.08832,-42.16756],[-74.08829,-42.16767],[-74.08835,-42.16791],[-74.08841,-42.16808],[-74.0885,-42.16824],[-74.08873,-42.16832],[-74.0897,-42.16846],[-74.09041,-42.16859],[-74.09065,-42.1686],[-74.09083,-42.16855],[-74.09099,-42.16844],[-74.09176,-42.16779],[-74.09201,-42.16774],[-74.09218,-42.16776],[-74.09236,-42.16784],[-74.0926,-42.16809],[-74.09276,-42.16838],[-74.09288,-42.16855],[-74.09318,-42.16881],[-74.09356,-42.1691],[-74.09395,-42.16924],[-74.094176,-42.169353],[-74.09465,-42.16959],[-74.09495,-42.16963],[-74.09542,-42.1698],[-74.09555,-42.16987],[-74.09585,-42.17005],[-74.09603,-42.17014],[-74.09616,-42.17017],[-74.09649,-42.17012],[-74.09688,-42.17008],[-74.097294,-42.170094],[-74.09749,-42.1701],[-74.09763,-42.17014],[-74.09797,-42.17032],[-74.09908,-42.17102],[-74.09962,-42.17128],[-74.10013,-42.1714],[-74.10034,-42.17144],[-74.10091,-42.17168],[-74.10121,-42.17189],[-74.101255,-42.171988],[-74.10127,-42.17202],[-74.10123,-42.17228],[-74.10113,-42.17246],[-74.10087,-42.17268],[-74.1007,-42.17281],[-74.10038,-42.17325],[-74.10005,-42.17385],[-74.09999,-42.17393],[-74.09995,-42.17422],[-74.09995,-42.17485],[-74.10002,-42.17512],[-74.10021,-42.17551],[-74.1006,-42.17615],[-74.10091,-42.1765],[-74.10111,-42.17713],[-74.10114,-42.17784],[-74.10126,-42.17814],[-74.10133,-42.17821],[-74.10141,-42.17828],[-74.1017,-42.17917],[-74.10187,-42.17947],[-74.10225,-42.17968],[-74.10257,-42.1798],[-74.103223,-42.179904],[-74.10326,-42.17991],[-74.10431,-42.18015],[-74.1048,-42.18042],[-74.10515,-42.18067],[-74.10548,-42.18107],[-74.10598,-42.18181],[-74.1062,-42.18207],[-74.10649,-42.18262],[-74.10662,-42.18281],[-74.1069,-42.18296],[-74.10709,-42.18313],[-74.10721,-42.18335],[-74.10729,-42.18355],[-74.10726,-42.18466],[-74.10733,-42.18494],[-74.10744,-42.18518],[-74.10772,-42.18553],[-74.10799,-42.18589],[-74.10816,-42.18626],[-74.10837,-42.18693],[-74.108465,-42.18711],[-74.10856,-42.18729],[-74.10871,-42.18751],[-74.10895,-42.18767],[-74.1095,-42.18798],[-74.10978,-42.18821],[-74.1102,-42.18883],[-74.11032,-42.18898],[-74.11067,-42.18909],[-74.11113,-42.1892],[-74.11151,-42.18925],[-74.11226,-42.1895],[-74.11275,-42.18972],[-74.11285,-42.18973],[-74.11298,-42.18982],[-74.1133,-42.19],[-74.11356,-42.19027],[-74.11366,-42.19039],[-74.113727,-42.190449],[-74.11383,-42.19054],[-74.11398,-42.19058],[-74.11414,-42.19058],[-74.11435,-42.19057],[-74.11453,-42.19059],[-74.11472,-42.19064],[-74.11477,-42.19078],[-74.11489,-42.19097],[-74.11505,-42.19105],[-74.11556,-42.19118],[-74.1158,-42.19132],[-74.11598,-42.19153],[-74.11606,-42.1916],[-74.11632,-42.19211],[-74.11661,-42.19276],[-74.11686,-42.19313],[-74.1171,-42.19326],[-74.1174,-42.19334],[-74.11774,-42.19337],[-74.11801,-42.19338],[-74.11835,-42.19344],[-74.11861,-42.19359],[-74.11885,-42.19391],[-74.11903,-42.19414],[-74.11916,-42.19432],[-74.11932,-42.19443],[-74.11964,-42.19454],[-74.11987,-42.1946],[-74.12013,-42.19468],[-74.12032,-42.19476],[-74.12038,-42.19484],[-74.12066,-42.19501],[-74.12102,-42.19518],[-74.12143,-42.19534],[-74.12171,-42.19547],[-74.12181,-42.19556],[-74.12198,-42.19582],[-74.12209,-42.19596],[-74.12209,-42.195961],[-74.12214,-42.196085],[-74.12235,-42.19638],[-74.12246,-42.1966],[-74.12286,-42.197],[-74.12306,-42.19724],[-74.12335,-42.19749],[-74.1239,-42.19787],[-74.12418,-42.19804],[-74.12444,-42.19819],[-74.12496,-42.19844],[-74.12542,-42.19862],[-74.12561,-42.19869],[-74.12587,-42.19881],[-74.12615,-42.1989],[-74.12659,-42.19902],[-74.12685,-42.19911],[-74.12752,-42.19929],[-74.12807,-42.19944],[-74.128362,-42.199484],[-74.12847,-42.1995],[-74.12868,-42.19954],[-74.1291,-42.19967],[-74.12962,-42.19985],[-74.12989,-42.19994],[-74.13024,-42.19998],[-74.13074,-42.19999],[-74.13106,-42.19995],[-74.13127,-42.19988],[-74.13151,-42.19975],[-74.13199,-42.19954],[-74.132218,-42.19936],[-74.135499,-42.202108],[-74.134456,-42.204683],[-74.13396,-42.205],[-74.13387,-42.20511],[-74.13384,-42.20535],[-74.13384,-42.20543],[-74.13387,-42.20557],[-74.13391,-42.20565],[-74.13398,-42.20578],[-74.134004,-42.205802],[-74.133646,-42.206684],[-74.135411,-42.208161],[-74.13541,-42.20824],[-74.13528,-42.2086],[-74.13498,-42.20902],[-74.13478,-42.20944],[-74.13473,-42.20959],[-74.13467,-42.21015],[-74.13472,-42.21091],[-74.13484,-42.21127],[-74.13513,-42.21206],[-74.13524,-42.21247],[-74.1353,-42.21291],[-74.1354,-42.21396],[-74.13539,-42.21425],[-74.135303,-42.214671],[-74.13525,-42.21493],[-74.13525,-42.21519],[-74.13534,-42.21539],[-74.13561,-42.21562],[-74.1375,-42.21734],[-74.138052,-42.217619],[-74.13756,-42.21809],[-74.136521,-42.21859],[-74.135707,-42.218807],[-74.13417,-42.21888],[-74.133193,-42.218843],[-74.13245,-42.21897],[-74.131873,-42.219079],[-74.13136,-42.21942],[-74.130389,-42.220435],[-74.12998,-42.2208],[-74.129557,-42.220887],[-74.12887,-42.220779],[-74.128401,-42.220673],[-74.128087,-42.220409],[-74.127654,-42.220503],[-74.12764,-42.2205],[-74.12631,-42.22041],[-74.12543,-42.22046],[-74.12441,-42.2206],[-74.12348,-42.22091],[-74.12247,-42.22149],[-74.122249,-42.221648],[-74.12088,-42.22263],[-74.119825,-42.223255],[-74.119374,-42.223463],[-74.118833,-42.223634],[-74.11816,-42.22376],[-74.117409,-42.223868],[-74.11648,-42.22396],[-74.11557,-42.224003],[-74.11398,-42.22413],[-74.113199,-42.224187],[-74.112817,-42.224148],[-74.112521,-42.224039],[-74.11198,-42.22363],[-74.111035,-42.223238],[-74.110167,-42.222878],[-74.109793,-42.222621],[-74.10957,-42.22239],[-74.1091,-42.221709],[-74.108921,-42.221514],[-74.108664,-42.221358],[-74.10836,-42.221265],[-74.10811,-42.22121],[-74.107822,-42.221054],[-74.107549,-42.220836],[-74.107339,-42.220571],[-74.10723,-42.220181],[-74.107191,-42.219924],[-74.107206,-42.219558],[-74.107652,-42.218626],[-74.107721,-42.21835],[-74.107728,-42.218109],[-74.107534,-42.217828],[-74.107245,-42.217696],[-74.106895,-42.217641],[-74.106591,-42.217703],[-74.1062,-42.21789],[-74.104812,-42.218952],[-74.10449,-42.219113],[-74.104152,-42.219231],[-74.103474,-42.219332],[-74.102414,-42.219418],[-74.10197,-42.219446],[-74.101212,-42.219495],[-74.10066,-42.219527],[-74.10006,-42.219597],[-74.099601,-42.219706],[-74.099032,-42.219901],[-74.09872,-42.220049],[-74.09851,-42.220197],[-74.09833,-42.2204],[-74.098214,-42.220633],[-74.098151,-42.22093],[-74.098107,-42.221194],[-74.098073,-42.221662],[-74.098034,-42.221841],[-74.097941,-42.221997],[-74.097226,-42.222922],[-74.09671,-42.22359],[-74.096242,-42.224148],[-74.095938,-42.224499],[-74.095689,-42.224771],[-74.09534,-42.22503],[-74.095042,-42.225254],[-74.094645,-42.225449],[-74.094141,-42.225679],[-74.094059,-42.225716],[-74.093436,-42.22595],[-74.092773,-42.226223],[-74.092413,-42.226369],[-74.09199,-42.22663],[-74.091322,-42.227021],[-74.090942,-42.227294],[-74.090533,-42.227489],[-74.08978,-42.22775],[-74.089021,-42.227906],[-74.08838,-42.22795],[-74.087447,-42.227924],[-74.08625,-42.22783],[-74.085584,-42.227689],[-74.085576,-42.227688],[-74.084734,-42.227635],[-74.08243,-42.22782],[-74.0809,-42.2281],[-74.079229,-42.228586],[-74.078766,-42.228658],[-74.078331,-42.228586],[-74.077833,-42.228435],[-74.07729,-42.22812],[-74.077258,-42.228093],[-74.076928,-42.227817],[-74.076609,-42.227635],[-74.076293,-42.227498],[-74.075833,-42.22742],[-74.074977,-42.227173],[-74.074696,-42.227046],[-74.074464,-42.226734],[-74.074348,-42.226247],[-74.07404,-42.22575],[-74.07372,-42.22542],[-74.07321,-42.22514],[-74.072644,-42.224967],[-74.072068,-42.224777],[-74.071732,-42.224546],[-74.071539,-42.224308],[-74.071477,-42.224233],[-74.070887,-42.223782],[-74.06983,-42.22324],[-74.068942,-42.222983],[-74.06814,-42.22283],[-74.067171,-42.222601],[-74.06597,-42.22238],[-74.065156,-42.22223],[-74.06452,-42.222161],[-74.064374,-42.222165],[-74.063781,-42.222182],[-74.063038,-42.222404],[-74.062308,-42.222795],[-74.061351,-42.223256],[-74.060721,-42.223589],[-74.05963,-42.22414],[-74.059069,-42.224345],[-74.058625,-42.224449],[-74.058311,-42.224518],[-74.058024,-42.224582],[-74.057673,-42.224612],[-74.05747,-42.224617],[-74.05737,-42.22462],[-74.05687,-42.224645],[-74.055883,-42.224649],[-74.055609,-42.224671],[-74.055268,-42.224767],[-74.054942,-42.224908],[-74.0546,-42.2252],[-74.054409,-42.225457],[-74.054249,-42.225601],[-74.054096,-42.225703],[-74.053851,-42.225753],[-74.053521,-42.22577],[-74.05308,-42.225718],[-74.051994,-42.225599],[-74.051354,-42.225613],[-74.050913,-42.225703],[-74.05051,-42.22585],[-74.04995,-42.226182],[-74.04948,-42.22641],[-74.04903,-42.226543],[-74.048727,-42.226709],[-74.048538,-42.226829],[-74.048324,-42.226988],[-74.048279,-42.227053],[-74.048125,-42.227278],[-74.04804,-42.22758],[-74.048101,-42.228212],[-74.04811,-42.228435],[-74.048058,-42.228577],[-74.04791,-42.22872],[-74.047608,-42.2288],[-74.047318,-42.228828],[-74.047029,-42.22879],[-74.046678,-42.22871],[-74.0462,-42.2285],[-74.042979,-42.226311],[-74.04208,-42.2257],[-74.041843,-42.225558],[-74.041551,-42.225419],[-74.041266,-42.225338],[-74.040995,-42.225302],[-74.040694,-42.225291],[-74.040432,-42.225302],[-74.040198,-42.225346],[-74.03965,-42.225485],[-74.039258,-42.225611],[-74.036732,-42.22349],[-74.038592,-42.218918],[-74.034643,-42.215602],[-74.036503,-42.211031],[-74.04231,-42.209776],[-74.044169,-42.205204],[-74.040221,-42.201888],[-74.042079,-42.197317],[-74.038132,-42.194001],[-74.03999,-42.18943],[-74.036044,-42.186115],[-74.037902,-42.181544],[-74.033956,-42.178229],[-74.028152,-42.179484],[-74.026293,-42.184055],[-74.020489,-42.18531],[-74.01863,-42.18988],[-74.022575,-42.193195],[-74.020715,-42.197766],[-74.024661,-42.201082],[-74.022801,-42.205653],[-74.016995,-42.206907],[-74.015134,-42.211477],[-74.009327,-42.212731],[-74.00849,-42.214787],[-74.008422,-42.214793],[-74.008011,-42.214789],[-74.007699,-42.214771],[-74.007375,-42.214789],[-74.00712,-42.214851],[-74.006839,-42.21493],[-74.006544,-42.215101],[-74.006209,-42.215325],[-74.005882,-42.215517],[-74.005425,-42.21579],[-74.005013,-42.216014],[-74.00403,-42.21648],[-74.003647,-42.216699],[-74.00329,-42.216882],[-74.002914,-42.217011],[-74.002607,-42.217163],[-74.00162,-42.217865],[-74.001311,-42.218092],[-74.00119,-42.218159],[-73.997714,-42.215237],[-73.991908,-42.216489],[-73.990046,-42.221058],[-73.984239,-42.22231],[-73.982376,-42.22688],[-73.976638,-42.228116],[-73.976459,-42.228034],[-73.976449,-42.22803],[-73.972626,-42.224813],[-73.966819,-42.226064],[-73.964955,-42.230632],[-73.959148,-42.231882],[-73.955207,-42.228564],[-73.949401,-42.229814],[-73.945461,-42.226495],[-73.939656,-42.227744],[-73.935717,-42.224426],[-73.929912,-42.225675],[-73.925974,-42.222356],[-73.927841,-42.217789],[-73.923904,-42.214471],[-73.918101,-42.215719],[-73.914165,-42.212401],[-73.916032,-42.207835],[-73.912097,-42.204516],[-73.913964,-42.19995],[-73.91003,-42.196633],[-73.911897,-42.192067],[-73.907964,-42.18875],[-73.909831,-42.184184],[-73.905898,-42.180867],[-73.907765,-42.176301],[-73.903833,-42.172985],[-73.905699,-42.168419],[-73.901769,-42.165103],[-73.903635,-42.160538],[-73.899705,-42.157222],[-73.893909,-42.15847],[-73.892042,-42.163034],[-73.895972,-42.166351],[-73.894105,-42.170916],[-73.888307,-42.172163],[-73.88644,-42.176728],[-73.880642,-42.177975],[-73.878774,-42.182539],[-73.872976,-42.183785],[-73.871107,-42.188349],[-73.865309,-42.189595],[-73.861381,-42.186277],[-73.86325,-42.181714],[-73.869047,-42.180468],[-73.870916,-42.175904],[-73.876713,-42.174657],[-73.878582,-42.170093],[-73.884378,-42.168846],[-73.886246,-42.164282],[-73.882317,-42.160965],[-73.876521,-42.162213],[-73.874653,-42.166776],[-73.868857,-42.168023],[-73.866989,-42.172587],[-73.866403,-42.172712],[-73.86642,-42.17265],[-73.86644,-42.172306],[-73.866424,-42.172023],[-73.866454,-42.171679],[-73.866602,-42.171353],[-73.86695,-42.1704],[-73.858186,-42.168269],[-73.85712,-42.16801],[-73.852014,-42.163322],[-73.846452,-42.158215],[-73.84736,-42.156001],[-73.843436,-42.152684],[-73.837643,-42.153929],[-73.83372,-42.150612],[-73.827928,-42.151856],[-73.824006,-42.148539],[-73.818215,-42.149783],[-73.814294,-42.146466],[-73.816166,-42.141905],[-73.812246,-42.138588],[-73.806456,-42.139832],[-73.804584,-42.144393],[-73.808503,-42.14771],[-73.806631,-42.152271],[-73.80084,-42.153514],[-73.798967,-42.158074],[-73.802886,-42.161392],[-73.808679,-42.160149],[-73.8126,-42.163467],[-73.810727,-42.168028],[-73.804934,-42.169271],[-73.803852,-42.171904],[-73.803664,-42.171923],[-73.803402,-42.17206],[-73.803232,-42.172213],[-73.803097,-42.17248],[-73.803075,-42.17272],[-73.803118,-42.173005],[-73.803267,-42.173281],[-73.803281,-42.173295],[-73.803061,-42.173832],[-73.797267,-42.175074],[-73.795394,-42.179635],[-73.799314,-42.182954],[-73.79744,-42.187515],[-73.791645,-42.188756],[-73.787725,-42.185437],[-73.781931,-42.186678],[-73.780056,-42.191238],[-73.774261,-42.192479],[-73.770343,-42.189159],[-73.772218,-42.1846],[-73.7683,-42.18128],[-73.770176,-42.176721],[-73.775968,-42.17548],[-73.777843,-42.17092],[-73.773926,-42.167601],[-73.7758,-42.163042],[-73.781592,-42.1618],[-73.783466,-42.157241],[-73.779549,-42.153923],[-73.781422,-42.149363],[-73.777506,-42.146045],[-73.77938,-42.141486],[-73.775464,-42.138168],[-73.769675,-42.13941],[-73.767801,-42.143969],[-73.762012,-42.14521],[-73.760137,-42.149769],[-73.754348,-42.151009],[-73.752473,-42.155568],[-73.756387,-42.158886],[-73.754511,-42.163445],[-73.758426,-42.166764],[-73.75655,-42.171323],[-73.750759,-42.172562],[-73.746844,-42.169243],[-73.741053,-42.170483],[-73.73714,-42.167163],[-73.73135,-42.168402],[-73.729472,-42.17296],[-73.723681,-42.174198],[-73.721803,-42.178756],[-73.725716,-42.182075],[-73.723837,-42.186633],[-73.727751,-42.189953],[-73.733543,-42.188716],[-73.737458,-42.192036],[-73.743251,-42.190797],[-73.747167,-42.194117],[-73.74529,-42.198676],[-73.749206,-42.201997],[-73.747329,-42.206556],[-73.741534,-42.207794],[-73.739655,-42.212353],[-73.73386,-42.21359],[-73.731981,-42.218149],[-73.726186,-42.219386],[-73.724306,-42.223945],[-73.728222,-42.227266],[-73.734019,-42.226029],[-73.735898,-42.221471],[-73.741694,-42.220233],[-73.745612,-42.223554],[-73.743733,-42.228114],[-73.737936,-42.229351],[-73.736057,-42.23391],[-73.730259,-42.235147],[-73.728379,-42.239706],[-73.732297,-42.243028],[-73.730417,-42.247587],[-73.730605,-42.247747],[-73.730592,-42.247748],[-73.730509,-42.247722],[-73.730423,-42.247662],[-73.730371,-42.247598],[-73.73037,-42.247597],[-73.730308,-42.247531],[-73.730206,-42.247364],[-73.730039,-42.247119],[-73.729902,-42.247024],[-73.729777,-42.246976],[-73.729632,-42.246949],[-73.72936,-42.24695],[-73.728351,-42.246994],[-73.728064,-42.247012],[-73.727891,-42.247078],[-73.727647,-42.247197],[-73.727384,-42.247376],[-73.727223,-42.247549],[-73.727098,-42.247692],[-73.727003,-42.247823],[-73.726877,-42.248008],[-73.726696,-42.248226],[-73.726503,-42.248422],[-73.726331,-42.248596],[-73.726029,-42.248851],[-73.725654,-42.249166],[-73.72549,-42.249301],[-73.725351,-42.249463],[-73.725203,-42.249644],[-73.72495,-42.249953],[-73.724895,-42.25],[-73.724616,-42.250237],[-73.724419,-42.250347],[-73.72424,-42.25039],[-73.724073,-42.250401],[-73.723974,-42.250386],[-73.723835,-42.250365],[-73.723646,-42.250322],[-73.723489,-42.250299],[-73.72328,-42.250317],[-73.723026,-42.250356],[-73.72256,-42.25047],[-73.722206,-42.250574],[-73.722015,-42.250621],[-73.721789,-42.250633],[-73.721604,-42.250621],[-73.721407,-42.25058],[-73.72118,-42.250514],[-73.72092,-42.25039],[-73.720493,-42.250141],[-73.720274,-42.25],[-73.720168,-42.249932],[-73.719868,-42.249737],[-73.719644,-42.249573],[-73.719532,-42.249454],[-73.719439,-42.249342],[-73.719376,-42.249248],[-73.719305,-42.249159],[-73.719181,-42.249088],[-73.718999,-42.249054],[-73.718775,-42.249077],[-73.718573,-42.249166],[-73.718438,-42.249304],[-73.718193,-42.249549],[-73.717967,-42.249829],[-73.717931,-42.249935],[-73.717923,-42.25],[-73.717916,-42.25005],[-73.71794,-42.250201],[-73.717996,-42.250377],[-73.718071,-42.250512],[-73.7183,-42.250772],[-73.719004,-42.251353],[-73.71988,-42.251994],[-73.720042,-42.252124],[-73.720193,-42.252307],[-73.720365,-42.252562],[-73.720533,-42.252822],[-73.72071,-42.25304],[-73.72112,-42.25348],[-73.721351,-42.253638],[-73.72141,-42.253665],[-73.72055,-42.253848],[-73.71704,-42.25288],[-73.713827,-42.251979],[-73.713021,-42.251295],[-73.712094,-42.251492],[-73.7087,-42.25054],[-73.708842,-42.25],[-73.70894,-42.24963],[-73.70911,-42.24886],[-73.70942,-42.24724],[-73.70974,-42.24561],[-73.7101,-42.244],[-73.710193,-42.243583],[-73.710987,-42.243414],[-73.712868,-42.238856],[-73.711479,-42.237677],[-73.71178,-42.23618],[-73.71211,-42.23459],[-73.71244,-42.233],[-73.71252,-42.2326],[-73.71277,-42.2314],[-73.712952,-42.230524],[-73.71663,-42.229739],[-73.71851,-42.225181],[-73.71476,-42.222],[-73.71479,-42.22185],[-73.714968,-42.220956],[-73.71507,-42.22044],[-73.71511,-42.22025],[-73.71545,-42.21865],[-73.715917,-42.216828],[-73.71605,-42.21631],[-73.71636,-42.21534],[-73.7171,-42.21202],[-73.71752,-42.21035],[-73.7179,-42.208684],[-73.71799,-42.20829],[-73.71828,-42.20702],[-73.71844,-42.2063],[-73.71901,-42.20367],[-73.719538,-42.201442],[-73.71983,-42.20021],[-73.72053,-42.1967],[-73.720761,-42.195603],[-73.72089,-42.19499],[-73.72091,-42.19445],[-73.72091,-42.19431],[-73.72079,-42.19401],[-73.7204,-42.19339],[-73.71991,-42.19267],[-73.71967,-42.1923],[-73.71965,-42.19228],[-73.71831,-42.19041],[-73.717518,-42.18915],[-73.7164,-42.18737],[-73.71584,-42.18636],[-73.71582,-42.18626],[-73.715755,-42.185927],[-73.71574,-42.18585],[-73.71573,-42.18469],[-73.71581,-42.18411],[-73.71602,-42.18333],[-73.71615,-42.18271],[-73.71624,-42.18205],[-73.71625,-42.18194],[-73.716378,-42.179915],[-73.7164,-42.17956],[-73.71644,-42.17878],[-73.71661,-42.17804],[-73.71686,-42.17748],[-73.71769,-42.17595],[-73.71911,-42.17335],[-73.7201,-42.17203],[-73.72031,-42.17176],[-73.72039,-42.17155],[-73.72038,-42.17147],[-73.72038,-42.171396],[-73.72038,-42.17122],[-73.72026,-42.17041],[-73.72028,-42.16989],[-73.72036,-42.1698],[-73.72064,-42.16959],[-73.72152,-42.16932],[-73.72289,-42.16892],[-73.72343,-42.16871],[-73.72368,-42.16861],[-73.724,-42.16835],[-73.7243,-42.16781],[-73.72448,-42.16704],[-73.724476,-42.166632],[-73.724472,-42.166252],[-73.724465,-42.165861],[-73.724086,-42.165847],[-73.72378,-42.16587],[-73.723463,-42.165934],[-73.723059,-42.166084],[-73.722778,-42.166198],[-73.72248,-42.166391],[-73.722199,-42.166619],[-73.722015,-42.166874],[-73.721936,-42.167102],[-73.721879,-42.167452],[-73.72182,-42.16773],[-73.721743,-42.16798],[-73.72159,-42.16817],[-73.72131,-42.16826],[-73.721014,-42.168278],[-73.720844,-42.16827],[-73.720619,-42.16826],[-73.72042,-42.16826],[-73.720224,-42.168331],[-73.72005,-42.16845],[-73.71877,-42.16933],[-73.71819,-42.16951],[-73.717889,-42.169542],[-73.717529,-42.169489],[-73.717169,-42.169375],[-73.71672,-42.16913],[-73.715686,-42.168436],[-73.714396,-42.167681],[-73.714115,-42.167523],[-73.71376,-42.16746],[-73.713509,-42.167479],[-73.71329,-42.16758],[-73.713079,-42.167699],[-73.71275,-42.16801],[-73.71219,-42.16872],[-73.711964,-42.168971],[-73.71161,-42.16927],[-73.711315,-42.169366],[-73.71101,-42.16939],[-73.71077,-42.169305],[-73.710621,-42.169147],[-73.710498,-42.168892],[-73.710446,-42.168568],[-73.71041,-42.168269],[-73.710419,-42.167947],[-73.710569,-42.167582],[-73.710753,-42.167383],[-73.71092,-42.16729],[-73.71276,-42.1669],[-73.71469,-42.16669],[-73.71646,-42.16644],[-73.716782,-42.166403],[-73.717133,-42.166319],[-73.717807,-42.166199],[-73.718109,-42.166143],[-73.71832,-42.16608],[-73.718587,-42.165961],[-73.71931,-42.165624],[-73.719682,-42.165497],[-73.720146,-42.165357],[-73.720378,-42.165244],[-73.720406,-42.16523],[-73.720616,-42.165104],[-73.720771,-42.164963],[-73.7209,-42.16474],[-73.720925,-42.164451],[-73.720876,-42.164233],[-73.720778,-42.164044],[-73.720581,-42.163868],[-73.72036,-42.16379],[-73.720055,-42.163728],[-73.7198,-42.16374],[-73.719626,-42.163805],[-73.719458,-42.16391],[-73.719268,-42.164072],[-73.719125,-42.16418],[-73.718945,-42.164317],[-73.71877,-42.164451],[-73.718503,-42.164584],[-73.718169,-42.164693],[-73.717737,-42.164795],[-73.717344,-42.164851],[-73.716993,-42.164865],[-73.71606,-42.16475],[-73.715687,-42.164669],[-73.71541,-42.16455],[-73.715181,-42.164423],[-73.715006,-42.164261],[-73.714725,-42.164121],[-73.714381,-42.164008],[-73.7141,-42.163896],[-73.713923,-42.163817],[-73.713756,-42.163742],[-73.713503,-42.163594],[-73.713341,-42.16344],[-73.713229,-42.163299],[-73.713164,-42.163125],[-73.713009,-42.162798],[-73.712927,-42.162604],[-73.712801,-42.162435],[-73.71266,-42.162302],[-73.712471,-42.162246],[-73.712337,-42.162162],[-73.712309,-42.162021],[-73.712358,-42.161923],[-73.71253,-42.16176],[-73.712604,-42.161586],[-73.712562,-42.16141],[-73.71245,-42.161298],[-73.712323,-42.161228],[-73.712183,-42.161221],[-73.712049,-42.161242],[-73.711375,-42.161516],[-73.711143,-42.161614],[-73.710961,-42.161642],[-73.710729,-42.161628],[-73.710561,-42.161572],[-73.710483,-42.161417],[-73.710469,-42.161242],[-73.710539,-42.160926],[-73.71066,-42.16052],[-73.711017,-42.159823],[-73.7111,-42.15966],[-73.711059,-42.1595],[-73.71094,-42.159423],[-73.710792,-42.159381],[-73.710568,-42.15943],[-73.710308,-42.159606],[-73.710048,-42.159851],[-73.70972,-42.16012],[-73.7091,-42.160589],[-73.7087,-42.16086],[-73.708272,-42.161119],[-73.708037,-42.16092],[-73.709916,-42.156363],[-73.706007,-42.153044],[-73.700219,-42.154281],[-73.696311,-42.150962],[-73.690525,-42.152199],[-73.688645,-42.156755],[-73.692553,-42.160074],[-73.691336,-42.163024],[-73.69132,-42.16302],[-73.690983,-42.162997],[-73.690505,-42.163025],[-73.69023,-42.163],[-73.690028,-42.162955],[-73.689817,-42.162857],[-73.689648,-42.162709],[-73.689445,-42.16252],[-73.68922,-42.16224],[-73.689002,-42.161937],[-73.68878,-42.16174],[-73.688525,-42.161628],[-73.68817,-42.16159],[-73.687809,-42.161628],[-73.6875,-42.16173],[-73.687324,-42.161853],[-73.68721,-42.16203],[-73.687198,-42.162218],[-73.68724,-42.1624],[-73.68731,-42.16266],[-73.687275,-42.162864],[-73.68716,-42.16307],[-73.687022,-42.163222],[-73.68684,-42.16329],[-73.686573,-42.163264],[-73.6857,-42.16313],[-73.68408,-42.16286],[-73.68349,-42.162759],[-73.68258,-42.16251],[-73.681285,-42.162084],[-73.681184,-42.162046],[-73.6806,-42.16182],[-73.680288,-42.16181],[-73.67995,-42.1619],[-73.679824,-42.162042],[-73.67973,-42.1622],[-73.67974,-42.162478],[-73.67983,-42.16269],[-73.679912,-42.162774],[-73.678631,-42.163048],[-73.678546,-42.163025],[-73.678139,-42.163004],[-73.677949,-42.163053],[-73.67781,-42.16317],[-73.677771,-42.163231],[-73.677181,-42.163357],[-73.677142,-42.163299],[-73.677142,-42.163117],[-73.677437,-42.16193],[-73.677465,-42.161712],[-73.677437,-42.161544],[-73.67731,-42.16141],[-73.677128,-42.161326],[-73.676952,-42.161312],[-73.67674,-42.16141],[-73.676629,-42.161551],[-73.676552,-42.161733],[-73.676496,-42.161986],[-73.676426,-42.162253],[-73.67627,-42.1626],[-73.676067,-42.162871],[-73.67579,-42.1631],[-73.675506,-42.163229],[-73.67523,-42.16324],[-73.674846,-42.163208],[-73.674558,-42.163096],[-73.674361,-42.162913],[-73.67401,-42.1627],[-73.673893,-42.16268],[-73.673778,-42.16266],[-73.67356,-42.162688],[-73.673371,-42.162787],[-73.67318,-42.16292],[-73.672725,-42.163334],[-73.672268,-42.163833],[-73.672177,-42.164065],[-73.672177,-42.164254],[-73.672212,-42.164458],[-73.67231,-42.16468],[-73.672346,-42.164886],[-73.672318,-42.165244],[-73.67225,-42.1656],[-73.672093,-42.165757],[-73.67189,-42.16584],[-73.671657,-42.165897],[-73.671398,-42.165883],[-73.671222,-42.165848],[-73.670927,-42.165785],[-73.67054,-42.16574],[-73.670309,-42.165729],[-73.670077,-42.165778],[-73.669923,-42.165841],[-73.669769,-42.165922],[-73.669626,-42.166025],[-73.66937,-42.16621],[-73.669094,-42.166424],[-73.66881,-42.16656],[-73.668406,-42.166719],[-73.66762,-42.1669],[-73.665443,-42.167421],[-73.665108,-42.167521],[-73.664902,-42.167583],[-73.664375,-42.167702],[-73.663097,-42.167969],[-73.662853,-42.168063],[-73.66248,-42.16825],[-73.66133,-42.16892],[-73.661096,-42.169043],[-73.66084,-42.1692],[-73.660668,-42.169373],[-73.66041,-42.16959],[-73.660246,-42.169696],[-73.66005,-42.169767],[-73.659748,-42.169802],[-73.65927,-42.169732],[-73.65868,-42.169507],[-73.658428,-42.169507],[-73.65825,-42.16956],[-73.658119,-42.169689],[-73.657985,-42.169942],[-73.657866,-42.170055],[-73.657669,-42.170118],[-73.657444,-42.170181],[-73.65702,-42.17023],[-73.656691,-42.170241],[-73.657829,-42.167487],[-73.653924,-42.164167],[-73.648138,-42.165401],[-73.646255,-42.169955],[-73.650159,-42.173276],[-73.650541,-42.173194],[-73.650366,-42.173348],[-73.650212,-42.173503],[-73.650043,-42.173762],[-73.649871,-42.173973],[-73.64971,-42.17417],[-73.649439,-42.174394],[-73.64859,-42.17494],[-73.647522,-42.17549],[-73.64696,-42.17569],[-73.646012,-42.175848],[-73.645156,-42.175981],[-73.644397,-42.17608],[-73.642621,-42.176213],[-73.642073,-42.176241],[-73.641167,-42.176248],[-73.64044,-42.1762],[-73.639868,-42.176157],[-73.639482,-42.17615],[-73.63907,-42.176155],[-73.638585,-42.175742],[-73.635751,-42.176346],[-73.634994,-42.176297],[-73.63458,-42.176241],[-73.633653,-42.176023],[-73.632786,-42.175746],[-73.6326,-42.175651],[-73.632466,-42.175574],[-73.632327,-42.175433],[-73.632171,-42.175274],[-73.631835,-42.175013],[-73.631481,-42.174845],[-73.630016,-42.174133],[-73.629549,-42.173961],[-73.629162,-42.173881],[-73.628895,-42.173654],[-73.628157,-42.173811],[-73.628069,-42.173805],[-73.627633,-42.173712],[-73.627321,-42.17365],[-73.626947,-42.173541],[-73.626605,-42.173447],[-73.626215,-42.173307],[-73.625764,-42.173151],[-73.625343,-42.17298],[-73.625187,-42.172855],[-73.625031,-42.172715],[-73.624891,-42.172544],[-73.624767,-42.172326],[-73.624657,-42.172014],[-73.624486,-42.171796],[-73.624252,-42.17164],[-73.623956,-42.171515],[-73.623645,-42.171453],[-73.623131,-42.171438],[-73.622773,-42.171469],[-73.62243,-42.171531],[-73.6219,-42.171671],[-73.62137,-42.171765],[-73.620669,-42.171858],[-73.620311,-42.17192],[-73.619828,-42.171936],[-73.619651,-42.171943],[-73.619408,-42.171952],[-73.61908,-42.171983],[-73.618785,-42.172061],[-73.618442,-42.172185],[-73.61799,-42.172419],[-73.617569,-42.172637],[-73.617242,-42.172917],[-73.617009,-42.173136],[-73.616853,-42.173354],[-73.616588,-42.173728],[-73.616401,-42.174024],[-73.616245,-42.17421],[-73.616074,-42.17432],[-73.615856,-42.174491],[-73.615653,-42.174662],[-73.615498,-42.174787],[-73.615311,-42.174974],[-73.615139,-42.175207],[-73.614734,-42.175659],[-73.614578,-42.175893],[-73.61436,-42.176111],[-73.61422,-42.176298],[-73.613955,-42.176469],[-73.613722,-42.176656],[-73.613519,-42.176828],[-73.61341,-42.176937],[-73.613426,-42.177155],[-73.613379,-42.177466],[-73.613301,-42.177809],[-73.613145,-42.178183],[-73.612917,-42.178525],[-73.611537,-42.17735],[-73.613422,-42.172797],[-73.619208,-42.171565],[-73.621092,-42.167012],[-73.626878,-42.16578],[-73.628762,-42.161226],[-73.624861,-42.157906],[-73.626745,-42.153353],[-73.632529,-42.152119],[-73.63643,-42.15544],[-73.642215,-42.154206],[-73.644097,-42.149652],[-73.640196,-42.146332],[-73.642078,-42.141779],[-73.647862,-42.140544],[-73.649743,-42.135991],[-73.655527,-42.134756],[-73.659429,-42.138075],[-73.665213,-42.136839],[-73.669117,-42.140159],[-73.674901,-42.138923],[-73.676781,-42.134368],[-73.682565,-42.133131],[-73.686471,-42.13645],[-73.692256,-42.135213],[-73.696162,-42.138531],[-73.694283,-42.143087],[-73.69819,-42.146406],[-73.703977,-42.145169],[-73.705855,-42.140613],[-73.701948,-42.137294],[-73.703826,-42.132738],[-73.709611,-42.1315],[-73.711488,-42.126944],[-73.717273,-42.125705],[-73.721182,-42.129023],[-73.726967,-42.127784],[-73.728843,-42.123227],[-73.724935,-42.119909],[-73.726811,-42.115352],[-73.732595,-42.114113],[-73.73447,-42.109556],[-73.730562,-42.106239],[-73.724778,-42.107479],[-73.722903,-42.112035],[-73.717119,-42.113275],[-73.713212,-42.109957],[-73.707429,-42.111196],[-73.705552,-42.115752],[-73.699769,-42.11699],[-73.695863,-42.113673],[-73.697741,-42.109117],[-73.693837,-42.1058],[-73.688055,-42.107038],[-73.686177,-42.111593],[-73.680395,-42.11283],[-73.678516,-42.117385],[-73.672733,-42.118621],[-73.668831,-42.115303],[-73.663049,-42.116539],[-73.659148,-42.113221],[-73.661028,-42.108667],[-73.657127,-42.105349],[-73.651347,-42.106585],[-73.649466,-42.111139],[-73.653367,-42.114457],[-73.651486,-42.11901],[-73.655387,-42.122329],[-73.653506,-42.126883],[-73.647724,-42.128118],[-73.645842,-42.132671],[-73.640059,-42.133906],[-73.636159,-42.130587],[-73.638041,-42.126033],[-73.643823,-42.124799],[-73.645704,-42.120245],[-73.641805,-42.116927],[-73.636024,-42.118161],[-73.632125,-42.114843],[-73.634007,-42.11029],[-73.630109,-42.106972],[-73.62433,-42.108206],[-73.620434,-42.104887],[-73.622316,-42.100335],[-73.628094,-42.099101],[-73.631991,-42.102419],[-73.63777,-42.101184],[-73.639651,-42.096632],[-73.635754,-42.093314],[-73.637634,-42.088761],[-73.633738,-42.085444],[-73.635618,-42.080892],[-73.631723,-42.077574],[-73.625947,-42.078809],[-73.624065,-42.083361],[-73.627961,-42.086679],[-73.626079,-42.091231],[-73.620302,-42.092465],[-73.61842,-42.097017],[-73.612642,-42.098251],[-73.608748,-42.094933],[-73.61063,-42.090381],[-73.616407,-42.089147],[-73.618289,-42.084596],[-73.614395,-42.081278],[-73.608619,-42.082512],[-73.604726,-42.079195],[-73.606608,-42.074644],[-73.612383,-42.07341],[-73.616277,-42.076727],[-73.622052,-42.075492],[-73.623933,-42.070941],[-73.620039,-42.067624],[-73.62192,-42.063072],[-73.627694,-42.061837],[-73.631589,-42.065154],[-73.629708,-42.069706],[-73.633603,-42.073022],[-73.639379,-42.071787],[-73.641259,-42.067234],[-73.647034,-42.065998],[-73.648913,-42.061446],[-73.645018,-42.05813],[-73.639243,-42.059366],[-73.635348,-42.05605],[-73.629575,-42.057285],[-73.625681,-42.053969],[-73.627561,-42.049418],[-73.633334,-42.048182],[-73.637228,-42.051498],[-73.643002,-42.050261],[-73.64488,-42.045709],[-73.640986,-42.042394],[-73.635213,-42.04363],[-73.63132,-42.040314],[-73.6332,-42.035763],[-73.638971,-42.034526],[-73.64085,-42.029975],[-73.636957,-42.02666],[-73.631186,-42.027896],[-73.627295,-42.024581],[-73.629174,-42.02003],[-73.634944,-42.018794],[-73.638836,-42.022108],[-73.644606,-42.020871],[-73.646484,-42.016319],[-73.652254,-42.015082],[-73.654131,-42.01053],[-73.659901,-42.009291],[-73.663795,-42.012605],[-73.669565,-42.011366],[-73.67346,-42.01468],[-73.679232,-42.013441],[-73.681107,-42.008888],[-73.677211,-42.005574],[-73.671441,-42.006814],[-73.667547,-42.0035],[-73.669423,-41.998948],[-73.675192,-41.997708],[-73.679086,-42.001021],[-73.684856,-41.999781],[-73.686731,-41.995228],[-73.682836,-41.991915],[-73.677067,-41.993155],[-73.673173,-41.989843],[-73.667405,-41.991082],[-73.665529,-41.995634],[-73.65976,-41.996873],[-73.657884,-42.001425],[-73.652115,-42.002664],[-73.648223,-41.99935],[-73.642455,-42.000588],[-73.640578,-42.00514],[-73.634809,-42.006377],[-73.630919,-42.003063],[-73.625151,-42.0043],[-73.621262,-42.000986],[-73.62314,-41.996435],[-73.619252,-41.993121],[-73.62113,-41.988571],[-73.626896,-41.987334],[-73.628774,-41.982784],[-73.624886,-41.979471],[-73.619121,-41.980708],[-73.617243,-41.985258],[-73.611477,-41.986494],[-73.609598,-41.991044],[-73.613485,-41.994358],[-73.611606,-41.998908],[-73.615494,-42.002222],[-73.613615,-42.006772],[-73.617504,-42.010087],[-73.615625,-42.014637],[-73.619514,-42.017952],[-73.617635,-42.022502],[-73.611865,-42.023738],[-73.609985,-42.028288],[-73.604215,-42.029523],[-73.600326,-42.026208],[-73.594557,-42.027443],[-73.592676,-42.031992],[-73.586906,-42.033226],[-73.583019,-42.02991],[-73.584901,-42.025361],[-73.59067,-42.024127],[-73.592551,-42.019577],[-73.598319,-42.018343],[-73.6002,-42.013793],[-73.596312,-42.010478],[-73.598193,-42.005929],[-73.594306,-42.002614],[-73.58854,-42.003849],[-73.584655,-42.000534],[-73.586536,-41.995985],[-73.582651,-41.992671],[-73.584532,-41.988122],[-73.580648,-41.984808],[-73.574884,-41.986043],[-73.571002,-41.982729],[-73.565239,-41.983963],[-73.563357,-41.988511],[-73.567239,-41.991825],[-73.565357,-41.996373],[-73.559593,-41.997606],[-73.55771,-42.002154],[-73.561593,-42.005469],[-73.55971,-42.010017],[-73.557633,-42.010461],[-73.553235,-42.010644],[-73.543517,-42.011048],[-73.532824,-42.011493],[-73.525747,-42.011787],[-73.516784,-42.01216],[-73.517359,-42.010775],[-73.523123,-42.009545],[-73.525008,-42.004998],[-73.522753,-42.003071],[-73.52276,-42.00307],[-73.52329,-42.00295],[-73.523932,-42.002708],[-73.524036,-42.002659],[-73.52445,-42.00243],[-73.52477,-42.00219],[-73.52491,-42.00202],[-73.52505,-42.00172],[-73.52511,-42.00142],[-73.52513,-42.00067],[-73.52497,-42.00004],[-73.524955,-42.0],[-73.52482,-41.99964],[-73.524468,-41.99899],[-73.52428,-41.99865],[-73.52424,-41.99857],[-73.524,-41.99787],[-73.52394,-41.99749],[-73.523945,-41.996937],[-73.528777,-41.995905],[-73.530661,-41.991359],[-73.526783,-41.988044],[-73.524359,-41.988562],[-73.52424,-41.98851],[-73.52371,-41.98842],[-73.5228,-41.98846],[-73.52239,-41.98833],[-73.52208,-41.98815],[-73.52168,-41.98777],[-73.52096,-41.98735],[-73.52062,-41.98683],[-73.52057,-41.98606],[-73.521,-41.98481],[-73.52133,-41.98406],[-73.52115,-41.98348],[-73.52102,-41.98321],[-73.52102,-41.98288],[-73.52107,-41.98276],[-73.52122,-41.98258],[-73.5214,-41.98252],[-73.5218,-41.9825],[-73.52289,-41.98258],[-73.52358,-41.98252],[-73.52404,-41.98239],[-73.52441,-41.98222],[-73.52459,-41.98201],[-73.52487,-41.98127],[-73.52516,-41.98092],[-73.525413,-41.980716],[-73.52578,-41.98042],[-73.52685,-41.97989],[-73.52742,-41.9795],[-73.52768,-41.97923],[-73.52815,-41.97865],[-73.52832,-41.97827],[-73.52829,-41.97811],[-73.526743,-41.977085],[-73.526488,-41.976901],[-73.526231,-41.976706],[-73.526189,-41.976674],[-73.52598,-41.976482],[-73.525669,-41.97624],[-73.525314,-41.97604],[-73.524814,-41.97579],[-73.52402,-41.97541],[-73.52334,-41.9752],[-73.52221,-41.97503],[-73.521843,-41.974978],[-73.52129,-41.97497],[-73.520834,-41.97504],[-73.520513,-41.975112],[-73.520236,-41.975121],[-73.519888,-41.975103],[-73.51949,-41.97511],[-73.519103,-41.975165],[-73.518853,-41.975219],[-73.51861,-41.9752],[-73.518407,-41.975156],[-73.518183,-41.975085],[-73.517969,-41.974969],[-73.517737,-41.974782],[-73.51759,-41.97449],[-73.517416,-41.973818],[-73.517327,-41.973675],[-73.517193,-41.973541],[-73.517158,-41.973528],[-73.517,-41.97347],[-73.516943,-41.973473],[-73.514513,-41.971395],[-73.51551,-41.96983],[-73.51598,-41.96928],[-73.5165,-41.96893],[-73.51718,-41.96872],[-73.51827,-41.96825],[-73.51887,-41.9679],[-73.51914,-41.9675],[-73.51936,-41.96684],[-73.51945,-41.96631],[-73.519035,-41.966245],[-73.51852,-41.96645],[-73.51825,-41.9665],[-73.51808,-41.96642],[-73.51807,-41.96624],[-73.51892,-41.964866],[-73.520805,-41.964463],[-73.522689,-41.959917],[-73.518814,-41.956603],[-73.518159,-41.956743],[-73.51807,-41.9567],[-73.51761,-41.95663],[-73.51732,-41.95673],[-73.51712,-41.95669],[-73.51704,-41.95659],[-73.51704,-41.95619],[-73.51784,-41.955625],[-73.51783,-41.95491],[-73.51759,-41.9539],[-73.51734,-41.95374],[-73.51719,-41.95368],[-73.51685,-41.95354],[-73.51668,-41.95334],[-73.5165,-41.95285],[-73.5165,-41.95225],[-73.51629,-41.9514],[-73.51633,-41.95127],[-73.51666,-41.95125],[-73.51707,-41.95148],[-73.51721,-41.95148],[-73.51733,-41.95138],[-73.51741,-41.95132],[-73.51733,-41.95103],[-73.51737,-41.95086],[-73.51748,-41.95075],[-73.51768,-41.95064],[-73.518,-41.95055],[-73.518779,-41.950417],[-73.51888,-41.9504],[-73.51986,-41.9503],[-73.52034,-41.95018],[-73.52172,-41.94961],[-73.52237,-41.94947],[-73.5229,-41.94947],[-73.52374,-41.94969],[-73.5244,-41.94977],[-73.52502,-41.94991],[-73.52568,-41.95019],[-73.52628,-41.95053],[-73.526539,-41.950623],[-73.526455,-41.950826],[-73.530324,-41.954133],[-73.530306,-41.954198],[-73.5303,-41.95422],[-73.530289,-41.954239],[-73.5299,-41.95492],[-73.52991,-41.955154],[-73.52992,-41.95539],[-73.52984,-41.95567],[-73.52969,-41.95597],[-73.529437,-41.956296],[-73.52931,-41.95646],[-73.52921,-41.95683],[-73.52908,-41.95712],[-73.52879,-41.95738],[-73.52836,-41.95777],[-73.52771,-41.95818],[-73.52721,-41.95836],[-73.52663,-41.95847],[-73.52566,-41.95854],[-73.52477,-41.9587],[-73.52455,-41.9587],[-73.52436,-41.95864],[-73.52441,-41.95838],[-73.52479,-41.95812],[-73.52509,-41.95765],[-73.52557,-41.95737],[-73.52569,-41.95717],[-73.52615,-41.9569],[-73.5262,-41.95687],[-73.52631,-41.95668],[-73.52635,-41.9564],[-73.52619,-41.95567],[-73.52598,-41.95536],[-73.52558,-41.95502],[-73.52554,-41.9549],[-73.52574,-41.95469],[-73.52619,-41.95452],[-73.52642,-41.95439],[-73.52662,-41.95419],[-73.52744,-41.95384],[-73.52758,-41.95371],[-73.52762,-41.95347],[-73.52749,-41.95324],[-73.52698,-41.95306],[-73.52636,-41.95295],[-73.52551,-41.95293],[-73.52459,-41.95297],[-73.52358,-41.95295],[-73.5231,-41.95303],[-73.5229,-41.95318],[-73.52289,-41.95328],[-73.523,-41.95358],[-73.52332,-41.95383],[-73.52352,-41.95407],[-73.52356,-41.95443],[-73.52351,-41.95468],[-73.5234,-41.95484],[-73.52316,-41.95498],[-73.52251,-41.95522],[-73.52239,-41.95584],[-73.52204,-41.95611],[-73.52173,-41.95624],[-73.52147,-41.9564],[-73.52141,-41.95651],[-73.5214,-41.9567],[-73.52204,-41.95797],[-73.52241,-41.95847],[-73.52269,-41.95904],[-73.52274,-41.95924],[-73.52275,-41.95984],[-73.522766,-41.9599],[-73.52293,-41.96054],[-73.52318,-41.96097],[-73.52358,-41.96143],[-73.52395,-41.96211],[-73.52455,-41.96266],[-73.52525,-41.96308],[-73.52548,-41.96313],[-73.52617,-41.9635],[-73.52654,-41.96391],[-73.52654,-41.96409],[-73.52648,-41.96432],[-73.52627,-41.9646],[-73.52582,-41.96502],[-73.52494,-41.96554],[-73.52429,-41.96609],[-73.52398,-41.9663],[-73.52377,-41.96655],[-73.52364,-41.96672],[-73.52363,-41.96682],[-73.52373,-41.96689],[-73.52392,-41.96694],[-73.52412,-41.96694],[-73.52483,-41.9668],[-73.52523,-41.9666],[-73.52565,-41.96617],[-73.52643,-41.96583],[-73.52669,-41.96563],[-73.52691,-41.9653],[-73.52704,-41.96487],[-73.52724,-41.96445],[-73.52772,-41.96378],[-73.52786,-41.9629],[-73.52812,-41.96247],[-73.52814,-41.96183],[-73.52821,-41.96158],[-73.52839,-41.96148],[-73.52896,-41.96133],[-73.52913,-41.96116],[-73.52929,-41.96082],[-73.52957,-41.96078],[-73.52985,-41.96079],[-73.53044,-41.96093],[-73.53075,-41.96097],[-73.531112,-41.960963],[-73.53223,-41.96094],[-73.5328,-41.96097],[-73.53386,-41.96111],[-73.53557,-41.9611],[-73.536233,-41.961162],[-73.53675,-41.96121],[-73.53751,-41.96132],[-73.53834,-41.96159],[-73.53901,-41.96187],[-73.540071,-41.962465],[-73.541961,-41.964079],[-73.542625,-41.963937],[-73.54317,-41.96427],[-73.54424,-41.96474],[-73.54503,-41.96498],[-73.54746,-41.96521],[-73.54852,-41.96538],[-73.54898,-41.96553],[-73.54911,-41.96547],[-73.54928,-41.96526],[-73.54947,-41.96522],[-73.54981,-41.96521],[-73.550586,-41.965294],[-73.55092,-41.96533],[-73.55144,-41.96545],[-73.55153,-41.9655],[-73.55162,-41.96578],[-73.55149,-41.966],[-73.5517,-41.96611],[-73.5523,-41.96594],[-73.552604,-41.965945],[-73.55295,-41.96595],[-73.55344,-41.9659],[-73.5537,-41.96582],[-73.55392,-41.9657],[-73.553949,-41.965657],[-73.55434,-41.96507],[-73.55448,-41.96494],[-73.55472,-41.96481],[-73.55549,-41.96416],[-73.5556,-41.96403],[-73.5558,-41.96381],[-73.55599,-41.96361],[-73.55609,-41.96342],[-73.55603,-41.96253],[-73.55618,-41.96234],[-73.55664,-41.96203],[-73.55684,-41.96184],[-73.55699,-41.96148],[-73.55707,-41.96113],[-73.55729,-41.96067],[-73.55764,-41.96036],[-73.55806,-41.96021],[-73.5583,-41.96028],[-73.55865,-41.96061],[-73.55882,-41.96062],[-73.55894,-41.9605],[-73.55905,-41.960216],[-73.55906,-41.96019],[-73.55933,-41.95989],[-73.55988,-41.95962],[-73.5605,-41.95958],[-73.56078,-41.95945],[-73.56097,-41.95932],[-73.56127,-41.95889],[-73.56132,-41.95868],[-73.56122,-41.95837],[-73.56132,-41.95803],[-73.56127,-41.95746],[-73.56134,-41.95707],[-73.56121,-41.95652],[-73.56121,-41.95629],[-73.56149,-41.956],[-73.56201,-41.9557],[-73.56226,-41.95536],[-73.56236,-41.95489],[-73.56254,-41.95465],[-73.56301,-41.95424],[-73.56306,-41.95414],[-73.563,-41.95387],[-73.56264,-41.9536],[-73.56248,-41.9534],[-73.56307,-41.95228],[-73.563099,-41.951366],[-73.5631,-41.95133],[-73.56339,-41.95094],[-73.56347,-41.95061],[-73.563516,-41.950044],[-73.56357,-41.94939],[-73.56339,-41.94793],[-73.5639,-41.9474],[-73.5641,-41.94712],[-73.5643,-41.94699],[-73.56455,-41.94683],[-73.5646,-41.94674],[-73.564515,-41.94664],[-73.56438,-41.94658],[-73.56378,-41.94669],[-73.56358,-41.94669],[-73.56267,-41.94647],[-73.56217,-41.94642],[-73.56156,-41.94641],[-73.56109,-41.9463],[-73.56071,-41.94611],[-73.56046,-41.94592],[-73.55988,-41.94512],[-73.55966,-41.94499],[-73.55932,-41.94496],[-73.55872,-41.94499],[-73.55768,-41.94496],[-73.55637,-41.94499],[-73.5561,-41.94488],[-73.55595,-41.94478],[-73.5558,-41.94459],[-73.555792,-41.944542],[-73.55577,-41.94442],[-73.55596,-41.94415],[-73.556,-41.94394],[-73.55595,-41.94378],[-73.55579,-41.94374],[-73.55545,-41.9438],[-73.55508,-41.94405],[-73.55474,-41.944227],[-73.55458,-41.94431],[-73.55418,-41.9447],[-73.55375,-41.94503],[-73.55371,-41.94513],[-73.55385,-41.94536],[-73.55408,-41.9455],[-73.55482,-41.94569],[-73.55486,-41.9457],[-73.55524,-41.94594],[-73.55572,-41.94639],[-73.55637,-41.94683],[-73.55644,-41.94699],[-73.55637,-41.94721],[-73.5562,-41.94728],[-73.5546,-41.94721],[-73.554219,-41.947143],[-73.5542,-41.94714],[-73.55347,-41.94686],[-73.55253,-41.94638],[-73.55223,-41.94618],[-73.55185,-41.94573],[-73.55171,-41.9455],[-73.55156,-41.94474],[-73.55159,-41.94419],[-73.55138,-41.94359],[-73.5508,-41.94231],[-73.550304,-41.941575],[-73.55022,-41.94145],[-73.54969,-41.94039],[-73.54947,-41.93979],[-73.54936,-41.93931],[-73.54893,-41.93814],[-73.54862,-41.93743],[-73.54859,-41.93697],[-73.54868,-41.93614],[-73.54866,-41.93559],[-73.54837,-41.93383],[-73.548304,-41.933717],[-73.5483,-41.93371],[-73.5482,-41.9331],[-73.54791,-41.93196],[-73.54751,-41.93094],[-73.54726,-41.93014],[-73.54709,-41.9298],[-73.54639,-41.92882],[-73.54586,-41.92833],[-73.54492,-41.92724],[-73.54409,-41.92697],[-73.54348,-41.92677],[-73.54323,-41.9266],[-73.542964,-41.926576],[-73.5429,-41.92657],[-73.54266,-41.92663],[-73.54264,-41.926645],[-73.54196,-41.92716],[-73.54178,-41.92721],[-73.541497,-41.927167],[-73.54145,-41.92716],[-73.54121,-41.92706],[-73.54114,-41.92692],[-73.541173,-41.926479],[-73.54118,-41.92638],[-73.5411,-41.92614],[-73.54035,-41.92556],[-73.54024,-41.92554],[-73.540093,-41.925556],[-73.53978,-41.92559],[-73.53936,-41.92572],[-73.53875,-41.92597],[-73.53808,-41.92631],[-73.53671,-41.92675],[-73.53611,-41.92689],[-73.53525,-41.92699],[-73.53431,-41.92699],[-73.53322,-41.92708],[-73.53153,-41.92745],[-73.53118,-41.92748],[-73.530851,-41.927541],[-73.52966,-41.92776],[-73.52915,-41.92789],[-73.52873,-41.928],[-73.52781,-41.92814],[-73.52649,-41.92815],[-73.52523,-41.92808],[-73.52302,-41.92773],[-73.52195,-41.92762],[-73.52166,-41.92758],[-73.52136,-41.92755],[-73.521,-41.92748],[-73.520673,-41.927415],[-73.520481,-41.927251],[-73.522364,-41.922706],[-73.518491,-41.919394],[-73.512737,-41.920626],[-73.509457,-41.91782],[-73.50943,-41.91774],[-73.50943,-41.91754],[-73.50959,-41.91709],[-73.50967,-41.91658],[-73.509503,-41.915776],[-73.510749,-41.91277],[-73.516502,-41.911537],[-73.518384,-41.906993],[-73.524137,-41.905759],[-73.526018,-41.901214],[-73.523004,-41.898636],[-73.52311,-41.89864],[-73.52387,-41.89856],[-73.52425,-41.89842],[-73.52527,-41.89787],[-73.52596,-41.89769],[-73.52695,-41.89754],[-73.52783,-41.89751],[-73.52897,-41.89731],[-73.52977,-41.89723],[-73.53061,-41.89726],[-73.53125,-41.89737],[-73.53178,-41.89751],[-73.53234,-41.89775],[-73.53259,-41.89793],[-73.532606,-41.897962],[-73.533,-41.89874],[-73.53341,-41.89917],[-73.53411,-41.8995],[-73.53454,-41.89994],[-73.53481,-41.90012],[-73.5356,-41.90037],[-73.536,-41.90055],[-73.53608,-41.90056],[-73.53617,-41.90051],[-73.53616,-41.90027],[-73.53602,-41.90008],[-73.53541,-41.8995],[-73.53545,-41.89934],[-73.5356,-41.89926],[-73.53594,-41.89931],[-73.53658,-41.89968],[-73.53715,-41.89991],[-73.53738,-41.89992],[-73.5379,-41.89973],[-73.53797,-41.89968],[-73.53776,-41.89951],[-73.53697,-41.89922],[-73.53668,-41.89892],[-73.53623,-41.89877],[-73.53511,-41.89861],[-73.5347,-41.89848],[-73.53448,-41.89836],[-73.5341,-41.89799],[-73.53385,-41.89754],[-73.53342,-41.89706],[-73.533159,-41.896627],[-73.53307,-41.89648],[-73.53255,-41.896],[-73.53219,-41.89583],[-73.53159,-41.8957],[-73.53099,-41.8957],[-73.53036,-41.89581],[-73.52883,-41.89618],[-73.52813,-41.89621],[-73.52769,-41.89614],[-73.52697,-41.89581],[-73.52664,-41.89572],[-73.52552,-41.89565],[-73.52525,-41.8956],[-73.52499,-41.8955],[-73.52458,-41.89522],[-73.52457,-41.89497],[-73.5248,-41.89467],[-73.52523,-41.8944],[-73.52691,-41.89397],[-73.52754,-41.89372],[-73.52759,-41.89366],[-73.52756,-41.89333],[-73.52737,-41.89304],[-73.52727,-41.89297],[-73.52695,-41.89287],[-73.526477,-41.892833],[-73.52592,-41.89279],[-73.52388,-41.89242],[-73.5235,-41.8924],[-73.52326,-41.89243],[-73.523045,-41.892518],[-73.520158,-41.890048],[-73.522039,-41.885503],[-73.52779,-41.884269],[-73.531661,-41.88758],[-73.537412,-41.886346],[-73.539292,-41.8818],[-73.535421,-41.87849],[-73.5373,-41.873945],[-73.53343,-41.870636],[-73.52768,-41.87187],[-73.523811,-41.86856],[-73.520762,-41.869215],[-73.52073,-41.8692],[-73.52065,-41.86918],[-73.5205,-41.86918],[-73.52036,-41.86924],[-73.52023,-41.869329],[-73.518521,-41.869696],[-73.51847,-41.86965],[-73.51787,-41.86937],[-73.51752,-41.86893],[-73.51735,-41.86885],[-73.516847,-41.868754],[-73.51672,-41.86873],[-73.51554,-41.8688],[-73.51511,-41.86868],[-73.51465,-41.86867],[-73.51383,-41.86837],[-73.51323,-41.86789],[-73.51284,-41.86767],[-73.51217,-41.86764],[-73.51169,-41.86736],[-73.51152,-41.86716],[-73.511478,-41.867067],[-73.51074,-41.86542],[-73.5106,-41.86499],[-73.5103,-41.86362],[-73.50997,-41.86271],[-73.50914,-41.86103],[-73.50879,-41.86046],[-73.50833,-41.85985],[-73.508049,-41.859524],[-73.50624,-41.85742],[-73.50567,-41.85659],[-73.5052,-41.85602],[-73.50369,-41.85462],[-73.503466,-41.85445],[-73.504475,-41.852012],[-73.50061,-41.848702],[-73.494864,-41.849936],[-73.494814,-41.850056],[-73.49418,-41.84997],[-73.49358,-41.84988],[-73.49299,-41.84975],[-73.49253,-41.84955],[-73.49204,-41.84934],[-73.49167,-41.84921],[-73.49126,-41.84916],[-73.49077,-41.84918],[-73.49038,-41.84919],[-73.4902,-41.84908],[-73.49004,-41.8489],[-73.48989,-41.84876],[-73.48964,-41.84875],[-73.4894,-41.84879],[-73.48925,-41.84874],[-73.48904,-41.8486],[-73.48892,-41.84845],[-73.48892,-41.84819],[-73.48869,-41.848],[-73.48836,-41.8479],[-73.48804,-41.84786],[-73.48768,-41.84789],[-73.48726,-41.84781],[-73.486965,-41.847585],[-73.486825,-41.847522],[-73.48613,-41.84721],[-73.48588,-41.84711],[-73.48548,-41.84703],[-73.48512,-41.8469],[-73.48466,-41.8469],[-73.48427,-41.84679],[-73.483574,-41.846419],[-73.481391,-41.844549],[-73.480107,-41.844825],[-73.48,-41.84462],[-73.47978,-41.84444],[-73.47952,-41.84423],[-73.47935,-41.84401],[-73.47918,-41.84374],[-73.47913,-41.84339],[-73.47908,-41.84313],[-73.47883,-41.84293],[-73.47839,-41.84232],[-73.47825,-41.84206],[-73.47822,-41.84199],[-73.47815,-41.84183],[-73.47808,-41.84166],[-73.47807,-41.84147],[-73.47816,-41.84089],[-73.4781,-41.8401],[-73.47805,-41.83964],[-73.47763,-41.8391],[-73.47744,-41.83878],[-73.4774,-41.83853],[-73.47751,-41.83837],[-73.47769,-41.83817],[-73.4778,-41.83785],[-73.4778,-41.83762],[-73.47759,-41.83709],[-73.47759,-41.837089],[-73.479411,-41.836698],[-73.481293,-41.832156],[-73.480108,-41.831141],[-73.48118,-41.83124],[-73.48176,-41.83133],[-73.48203,-41.83136],[-73.4824,-41.83141],[-73.48267,-41.83149],[-73.48333,-41.83155],[-73.483699,-41.83164],[-73.48374,-41.83165],[-73.48452,-41.83175],[-73.48482,-41.83177],[-73.4852,-41.83182],[-73.4855,-41.83187],[-73.48581,-41.83188],[-73.48741,-41.83192],[-73.48779,-41.83191],[-73.488169,-41.831894],[-73.490899,-41.834232],[-73.496643,-41.832999],[-73.500507,-41.836308],[-73.506251,-41.835074],[-73.510116,-41.838383],[-73.515861,-41.837148],[-73.517741,-41.832605],[-73.523486,-41.83137],[-73.527352,-41.834678],[-73.533098,-41.833442],[-73.534976,-41.828898],[-73.540721,-41.827662],[-73.542599,-41.823118],[-73.538732,-41.81981],[-73.532987,-41.821047],[-73.531109,-41.82559],[-73.525365,-41.826826],[-73.524131,-41.82577],[-73.52431,-41.82537],[-73.524595,-41.825055],[-73.52422,-41.82481],[-73.52357,-41.82463],[-73.52285,-41.82433],[-73.52243,-41.82405],[-73.52178,-41.8234],[-73.521602,-41.823268],[-73.52155,-41.82323],[-73.51982,-41.8225],[-73.51906,-41.82208],[-73.51846,-41.82161],[-73.51807,-41.8211],[-73.51785,-41.82063],[-73.51776,-41.82016],[-73.51781,-41.8199],[-73.51824,-41.81944],[-73.51908,-41.81881],[-73.51941,-41.81847],[-73.51986,-41.8178],[-73.5203,-41.81686],[-73.520523,-41.816532],[-73.52079,-41.81614],[-73.52144,-41.81452],[-73.52196,-41.81356],[-73.5226,-41.81209],[-73.52284,-41.81163],[-73.5231,-41.81097],[-73.523169,-41.810741],[-73.52335,-41.81014],[-73.52413,-41.808],[-73.52438,-41.80759],[-73.5247,-41.80725],[-73.52485,-41.80699],[-73.52492,-41.80671],[-73.52485,-41.80645],[-73.52456,-41.80614],[-73.52403,-41.80576],[-73.52391,-41.80554],[-73.52415,-41.80539],[-73.525,-41.80532],[-73.52542,-41.80522],[-73.52592,-41.80503],[-73.527393,-41.803959],[-73.52779,-41.80367],[-73.52828,-41.80335],[-73.52852,-41.80319],[-73.52876,-41.80304],[-73.53019,-41.80229],[-73.53099,-41.80192],[-73.53171,-41.80151],[-73.53186,-41.80142],[-73.532,-41.80133],[-73.53258,-41.80096],[-73.53303,-41.80057],[-73.53424,-41.79978],[-73.535892,-41.798933],[-73.53619,-41.79878],[-73.53766,-41.79766],[-73.53832,-41.79697],[-73.53864,-41.7967],[-73.5394,-41.7963],[-73.53988,-41.79618],[-73.54031,-41.79618],[-73.54113,-41.79642],[-73.54162,-41.7966],[-73.542965,-41.796895],[-73.54349,-41.79701],[-73.54478,-41.79722],[-73.54547,-41.79737],[-73.54721,-41.79761],[-73.54743,-41.79763],[-73.54889,-41.79777],[-73.54948,-41.79778],[-73.55001,-41.79769],[-73.55057,-41.79766],[-73.55239,-41.79776],[-73.553039,-41.797836],[-73.55562,-41.79814],[-73.55602,-41.79823],[-73.55629,-41.79824],[-73.55693,-41.79837],[-73.55899,-41.7986],[-73.55975,-41.79865],[-73.56111,-41.79883],[-73.56212,-41.79889],[-73.563112,-41.798786],[-73.561593,-41.802466],[-73.565462,-41.805772],[-73.571206,-41.804534],[-73.573081,-41.799989],[-73.569212,-41.796682],[-73.569223,-41.796654],[-73.57017,-41.79647],[-73.57346,-41.79619],[-73.57425,-41.79617],[-73.57669,-41.79602],[-73.58001,-41.795875],[-73.58036,-41.79586],[-73.58175,-41.79573],[-73.58226,-41.79557],[-73.58276,-41.79536],[-73.58393,-41.7947],[-73.58414,-41.79447],[-73.58436,-41.79411],[-73.58414,-41.79378],[-73.58417,-41.79352],[-73.584253,-41.793437],[-73.584961,-41.793284],[-73.58563,-41.79338],[-73.58642,-41.79357],[-73.58701,-41.79361],[-73.587186,-41.7936],[-73.588615,-41.794821],[-73.58873,-41.79507],[-73.58988,-41.79629],[-73.590135,-41.7967],[-73.59016,-41.79674],[-73.59024,-41.79681],[-73.59068,-41.79724],[-73.59203,-41.79824],[-73.59236,-41.79852],[-73.5945,-41.79967],[-73.59508,-41.80031],[-73.5951,-41.80042],[-73.5953,-41.80075],[-73.59536,-41.80078],[-73.59561,-41.80119],[-73.59627,-41.80193],[-73.59701,-41.8029],[-73.597125,-41.803083],[-73.59789,-41.8043],[-73.59813,-41.80493],[-73.59826,-41.80557],[-73.59828,-41.80566],[-73.59836,-41.80635],[-73.59855,-41.80708],[-73.59876,-41.80751],[-73.59903,-41.80795],[-73.60005,-41.80917],[-73.600527,-41.809587],[-73.600054,-41.810735],[-73.603927,-41.814041],[-73.602054,-41.818588],[-73.605928,-41.821895],[-73.611675,-41.820654],[-73.615551,-41.823961],[-73.616857,-41.823679],[-73.61714,-41.82383],[-73.61825,-41.82427],[-73.61873,-41.82452],[-73.61928,-41.82473],[-73.61988,-41.82487],[-73.62056,-41.82492],[-73.62118,-41.82484],[-73.62187,-41.82457],[-73.6225,-41.82421],[-73.62259,-41.82411],[-73.622809,-41.824008],[-73.625175,-41.826027],[-73.628474,-41.825314],[-73.62868,-41.82538],[-73.62926,-41.82549],[-73.63019,-41.82546],[-73.631541,-41.825312],[-73.634801,-41.828092],[-73.640551,-41.82685],[-73.642422,-41.822302],[-73.640383,-41.820563],[-73.64106,-41.81987],[-73.64126,-41.81949],[-73.64172,-41.81889],[-73.64196,-41.81848],[-73.6421,-41.81814],[-73.64216,-41.81731],[-73.64195,-41.81621],[-73.64175,-41.81549],[-73.64154,-41.81427],[-73.641539,-41.814204],[-73.64153,-41.81352],[-73.6419,-41.81144],[-73.64213,-41.81057],[-73.64283,-41.80869],[-73.6431,-41.80813],[-73.6438,-41.80704],[-73.64397,-41.80666],[-73.644,-41.80647],[-73.64396,-41.80606],[-73.6437,-41.80545],[-73.6437,-41.80545],[-73.6433,-41.80487],[-73.64264,-41.8044],[-73.64215,-41.80412],[-73.64162,-41.80372],[-73.64138,-41.80339],[-73.64129,-41.8031],[-73.6413,-41.80297],[-73.64176,-41.80211],[-73.64186,-41.80169],[-73.64207,-41.8014],[-73.64233,-41.80116],[-73.64291,-41.80096],[-73.64329,-41.80087],[-73.64413,-41.80097],[-73.64454,-41.80095],[-73.64485,-41.80084],[-73.64496,-41.80076],[-73.64499,-41.80069],[-73.64486,-41.80053],[-73.64464,-41.80047],[-73.64442,-41.80048],[-73.64383,-41.80064],[-73.64337,-41.80069],[-73.64198,-41.80046],[-73.64187,-41.80048],[-73.64151,-41.80071],[-73.64135,-41.80067],[-73.64127,-41.80061],[-73.64133,-41.80036],[-73.64157,-41.80025],[-73.64343,-41.79983],[-73.64419,-41.79979],[-73.644884,-41.799829],[-73.64545,-41.79986],[-73.64666,-41.80005],[-73.648,-41.80016],[-73.64865,-41.80016],[-73.648864,-41.800189],[-73.65051,-41.80041],[-73.65202,-41.80074],[-73.65323,-41.80093],[-73.653439,-41.800979],[-73.6555,-41.80146],[-73.65628,-41.80149],[-73.65703,-41.80142],[-73.65756,-41.80129],[-73.6581,-41.80092],[-73.65934,-41.79884],[-73.65989,-41.79834],[-73.6614,-41.79717],[-73.66198,-41.79683],[-73.66244,-41.79667],[-73.66255,-41.7966],[-73.662714,-41.7966],[-73.663268,-41.797072],[-73.66411,-41.79689],[-73.66626,-41.79768],[-73.66696,-41.79802],[-73.66765,-41.79845],[-73.66813,-41.79875],[-73.66833,-41.79887],[-73.66927,-41.79939],[-73.67206,-41.8008],[-73.672186,-41.800858],[-73.671026,-41.803682],[-73.674906,-41.806987],[-73.679527,-41.805986],[-73.6813,-41.80761],[-73.68226,-41.80865],[-73.68311,-41.80941],[-73.68356,-41.80981],[-73.684058,-41.810212],[-73.68475,-41.81077],[-73.68605,-41.81227],[-73.68664,-41.81307],[-73.6872,-41.81365],[-73.68822,-41.81455],[-73.68865,-41.81488],[-73.68941,-41.81536],[-73.690699,-41.816004],[-73.69127,-41.81629],[-73.69187,-41.81664],[-73.69224,-41.81692],[-73.69262,-41.81708],[-73.69322,-41.81721],[-73.69375,-41.81731],[-73.694325,-41.81738],[-73.696184,-41.818963],[-73.699036,-41.818345],[-73.69935,-41.81853],[-73.69981,-41.81868],[-73.70023,-41.81883],[-73.70058,-41.81906],[-73.70085,-41.81938],[-73.70108,-41.81996],[-73.70129,-41.82049],[-73.70131,-41.82054],[-73.7014,-41.82084],[-73.70215,-41.82249],[-73.70248,-41.82298],[-73.704236,-41.824883],[-73.703952,-41.825573],[-73.707838,-41.828879],[-73.708115,-41.828819],[-73.70899,-41.82971],[-73.71081,-41.83138],[-73.71399,-41.83403],[-73.71496,-41.83493],[-73.715455,-41.835523],[-73.71642,-41.83668],[-73.71704,-41.8371],[-73.71786,-41.83746],[-73.718052,-41.837566],[-73.718233,-41.83772],[-73.71919,-41.83875],[-73.719429,-41.838961],[-73.71763,-41.843348],[-73.721518,-41.846654],[-73.727273,-41.845407],[-73.731162,-41.848713],[-73.734626,-41.847963],[-73.73467,-41.84801],[-73.73478,-41.84813],[-73.73504,-41.8484],[-73.73558,-41.84839],[-73.73623,-41.84846],[-73.73702,-41.84875],[-73.73851,-41.8499],[-73.73956,-41.85057],[-73.740663,-41.851127],[-73.74166,-41.85163],[-73.74404,-41.85225],[-73.74495,-41.85239],[-73.7458,-41.85257],[-73.74611,-41.8527],[-73.74661,-41.85301],[-73.74784,-41.8542],[-73.74866,-41.85486],[-73.74906,-41.85507],[-73.749479,-41.855217],[-73.75003,-41.85541],[-73.75056,-41.85565],[-73.75161,-41.85627],[-73.75217,-41.85651],[-73.75271,-41.85684],[-73.75304,-41.85715],[-73.75342,-41.85732],[-73.75375,-41.85738],[-73.75443,-41.85762],[-73.75477,-41.85758],[-73.75492,-41.85749],[-73.75515,-41.85724],[-73.75525,-41.8572],[-73.75533,-41.85729],[-73.75529,-41.85775],[-73.75533,-41.85818],[-73.75555,-41.85843],[-73.75614,-41.8587],[-73.75694,-41.85919],[-73.757535,-41.859596],[-73.75908,-41.86065],[-73.76043,-41.86167],[-73.762132,-41.862755],[-73.76228,-41.86285],[-73.7634,-41.86337],[-73.76496,-41.86419],[-73.76676,-41.86483],[-73.771028,-41.866662],[-73.769923,-41.869361],[-73.773818,-41.872668],[-73.779578,-41.871419],[-73.780495,-41.869179],[-73.78225,-41.86925],[-73.78496,-41.8692],[-73.78608,-41.86931],[-73.78947,-41.8693],[-73.79037,-41.86937],[-73.79082,-41.86934],[-73.790935,-41.869321],[-73.78969,-41.872364],[-73.78922,-41.87228],[-73.78819,-41.87196],[-73.78756,-41.87153],[-73.78736,-41.87152],[-73.78728,-41.87154],[-73.78682,-41.87197],[-73.78633,-41.87223],[-73.78519,-41.87236],[-73.78474,-41.87242],[-73.78428,-41.87256],[-73.7836,-41.87295],[-73.78201,-41.87326],[-73.781823,-41.873324],[-73.7811,-41.87357],[-73.78076,-41.87378],[-73.77947,-41.87455],[-73.77872,-41.87486],[-73.77781,-41.87533],[-73.77736,-41.87548],[-73.77691,-41.87546],[-73.77634,-41.87527],[-73.77593,-41.87489],[-73.7756,-41.87448],[-73.77532,-41.87425],[-73.77429,-41.87387],[-73.77373,-41.87371],[-73.77346,-41.8737],[-73.773404,-41.87368],[-73.77291,-41.8735],[-73.77261,-41.87332],[-73.77253,-41.87332],[-73.77231,-41.87302],[-73.77154,-41.87251],[-73.77089,-41.87196],[-73.77059,-41.87177],[-73.76953,-41.87134],[-73.76909,-41.87102],[-73.76892,-41.87084],[-73.76876,-41.87079],[-73.76848,-41.87061],[-73.76749,-41.87027],[-73.76691,-41.87017],[-73.766365,-41.870132],[-73.76604,-41.87011],[-73.76417,-41.87037],[-73.763893,-41.87038],[-73.76201,-41.87045],[-73.76147,-41.87039],[-73.76094,-41.87033],[-73.76008,-41.8703],[-73.75944,-41.87027],[-73.75885,-41.87018],[-73.75858,-41.86994],[-73.75823,-41.86923],[-73.75794,-41.86878],[-73.75769,-41.86824],[-73.757476,-41.867908],[-73.75738,-41.86776],[-73.75712,-41.86751],[-73.75653,-41.86727],[-73.75597,-41.86725],[-73.75536,-41.86762],[-73.75479,-41.86806],[-73.75452,-41.86853],[-73.754505,-41.868546],[-73.75426,-41.86882],[-73.75399,-41.86929],[-73.7537,-41.86951],[-73.75271,-41.87016],[-73.75218,-41.87033],[-73.75184,-41.87056],[-73.75089,-41.87148],[-73.75053,-41.87171],[-73.75,-41.87197],[-73.74983,-41.87232],[-73.74986,-41.87251],[-73.75001,-41.87265],[-73.75031,-41.87277],[-73.75045,-41.87291],[-73.75048,-41.87302],[-73.750358,-41.8736],[-73.75031,-41.87383],[-73.75033,-41.87427],[-73.75022,-41.87449],[-73.74878,-41.87564],[-73.74814,-41.87595],[-73.7472,-41.87624],[-73.74654,-41.87658],[-73.74592,-41.87708],[-73.74576,-41.87731],[-73.74561,-41.87754],[-73.74555,-41.87775],[-73.74558,-41.87808],[-73.74599,-41.87891],[-73.74626,-41.87967],[-73.74633,-41.880019],[-73.74634,-41.88007],[-73.74636,-41.88119],[-73.74617,-41.88172],[-73.74569,-41.88232],[-73.7453,-41.88265],[-73.74428,-41.88332],[-73.74182,-41.88464],[-73.7398,-41.88566],[-73.73939,-41.88592],[-73.73935,-41.88595],[-73.73931,-41.88597],[-73.7394,-41.88608],[-73.73967,-41.88607],[-73.73978,-41.88609],[-73.74055,-41.88641],[-73.74093,-41.8865],[-73.74203,-41.88636],[-73.74249,-41.8864],[-73.74307,-41.88654],[-73.74362,-41.88649],[-73.74453,-41.88658],[-73.74514,-41.88653],[-73.74546,-41.88646],[-73.74581,-41.88616],[-73.74607,-41.88562],[-73.74681,-41.88489],[-73.74689,-41.88465],[-73.74697,-41.884],[-73.74712,-41.88369],[-73.74737,-41.88338],[-73.74784,-41.88295],[-73.748781,-41.882101],[-73.74886,-41.88203],[-73.74938,-41.88143],[-73.75003,-41.88082],[-73.75026,-41.88061],[-73.75072,-41.87989],[-73.75116,-41.87888],[-73.75156,-41.87828],[-73.75178,-41.87803],[-73.752,-41.87789],[-73.75232,-41.87779],[-73.75271,-41.87779],[-73.75309,-41.87767],[-73.75335,-41.87766],[-73.75457,-41.87744],[-73.75514,-41.87708],[-73.75568,-41.87643],[-73.756008,-41.87596],[-73.75658,-41.87514],[-73.75687,-41.87449],[-73.75703,-41.87427],[-73.75729,-41.87415],[-73.75776,-41.87403],[-73.75839,-41.87408],[-73.75897,-41.87402],[-73.75924,-41.87353],[-73.75937,-41.87266],[-73.75952,-41.87232],[-73.75991,-41.87204],[-73.76046,-41.87181],[-73.7609,-41.87156],[-73.76131,-41.87123],[-73.76175,-41.87111],[-73.76199,-41.8711],[-73.76357,-41.8715],[-73.763783,-41.871538],[-73.76447,-41.87166],[-73.76524,-41.87162],[-73.76647,-41.8712],[-73.76691,-41.87118],[-73.76843,-41.87167],[-73.76898,-41.87192],[-73.76985,-41.87256],[-73.77013,-41.87302],[-73.77021,-41.87336],[-73.77012,-41.87379],[-73.76966,-41.87422],[-73.76943,-41.87435],[-73.76926,-41.87465],[-73.76926,-41.87487],[-73.76957,-41.8753],[-73.76973,-41.87544],[-73.76979,-41.87574],[-73.76977,-41.87596],[-73.76968,-41.87616],[-73.76921,-41.87633],[-73.76915,-41.87689],[-73.76864,-41.87754],[-73.76857,-41.87775],[-73.768566,-41.877956],[-73.766193,-41.87847],[-73.765972,-41.879011],[-73.76574,-41.87907],[-73.76516,-41.87909],[-73.76458,-41.87897],[-73.76343,-41.87844],[-73.76286,-41.87825],[-73.7617,-41.87788],[-73.76083,-41.87768],[-73.75968,-41.87756],[-73.7591,-41.87755],[-73.75851,-41.87762],[-73.75803,-41.87774],[-73.75785,-41.87781],[-73.75706,-41.87836],[-73.75608,-41.87915],[-73.755014,-41.880133],[-73.75493,-41.88021],[-73.754343,-41.881037],[-73.75417,-41.88128],[-73.75341,-41.88287],[-73.75308,-41.8833],[-73.75271,-41.88399],[-73.75159,-41.88532],[-73.75052,-41.8863],[-73.75012,-41.88673],[-73.749638,-41.887476],[-73.74962,-41.88753],[-73.74936,-41.88841],[-73.749259,-41.888646],[-73.74881,-41.88969],[-73.74868,-41.89056],[-73.74858,-41.89094],[-73.74803,-41.89191],[-73.74791,-41.89225],[-73.74788,-41.89274],[-73.74809,-41.89354],[-73.7481,-41.89399],[-73.74803,-41.89441],[-73.747792,-41.894905],[-73.74767,-41.89516],[-73.74746,-41.89592],[-73.74739,-41.89652],[-73.74738,-41.89771],[-73.74733,-41.89819],[-73.74691,-41.89928],[-73.74605,-41.90071],[-73.7458,-41.9015],[-73.74578,-41.90173],[-73.7458,-41.90186],[-73.74586,-41.90222],[-73.746535,-41.903478],[-73.74674,-41.90386],[-73.74702,-41.90462],[-73.74704,-41.90503],[-73.74701,-41.90544],[-73.74696,-41.90613],[-73.74707,-41.90715],[-73.74717,-41.90757],[-73.74714,-41.90847],[-73.74716,-41.90871],[-73.74718,-41.90902],[-73.74746,-41.91064],[-73.74743,-41.91144],[-73.747365,-41.911596],[-73.74701,-41.91245],[-73.746975,-41.912556],[-73.7455,-41.916153],[-73.746472,-41.916978],[-73.74646,-41.91717],[-73.74636,-41.91759],[-73.74617,-41.918],[-73.746,-41.91821],[-73.74556,-41.91853],[-73.74511,-41.91874],[-73.74471,-41.91879],[-73.74351,-41.91877],[-73.74165,-41.91862],[-73.73952,-41.91882],[-73.739124,-41.91889],[-73.7389,-41.91893],[-73.73858,-41.91907],[-73.73849,-41.91916],[-73.73844,-41.91921],[-73.73845,-41.91941],[-73.73839,-41.91962],[-73.7382,-41.91984],[-73.73828,-41.92019],[-73.73825,-41.92038],[-73.73794,-41.9206],[-73.7373,-41.92089],[-73.73702,-41.92106],[-73.73684,-41.92135],[-73.7367,-41.92201],[-73.736707,-41.922203],[-73.732104,-41.923197],[-73.72821,-41.919888],[-73.722446,-41.921133],[-73.721449,-41.923561],[-73.72136,-41.92359],[-73.721,-41.92381],[-73.72021,-41.92444],[-73.71967,-41.92506],[-73.71834,-41.92616],[-73.718318,-41.926174],[-73.714813,-41.92693],[-73.71092,-41.923621],[-73.705158,-41.924864],[-73.703287,-41.929417],[-73.707179,-41.932727],[-73.705308,-41.93728],[-73.699544,-41.938522],[-73.697673,-41.943075],[-73.701566,-41.946386],[-73.707331,-41.945143],[-73.709202,-41.94059],[-73.714967,-41.939347],[-73.716837,-41.934793],[-73.722601,-41.933549],[-73.724471,-41.928996],[-73.727474,-41.928347],[-73.72759,-41.92851],[-73.72799,-41.92898],[-73.72818,-41.92906],[-73.72877,-41.92942],[-73.72952,-41.93011],[-73.72962,-41.93012],[-73.73009,-41.93017],[-73.73085,-41.92997],[-73.73112,-41.93003],[-73.73138,-41.93009],[-73.73169,-41.93012],[-73.73257,-41.93007],[-73.732886,-41.930003],[-73.73413,-41.931061],[-73.738529,-41.930111],[-73.73892,-41.93033],[-73.73918,-41.93052],[-73.73927,-41.93066],[-73.73941,-41.93147],[-73.73972,-41.93204],[-73.74013,-41.93368],[-73.74022,-41.93431],[-73.74044,-41.93488],[-73.7405,-41.93547],[-73.74067,-41.93597],[-73.74103,-41.93646],[-73.741672,-41.937734],[-73.736157,-41.938924],[-73.734288,-41.943479],[-73.738185,-41.946789],[-73.736316,-41.951343],[-73.730549,-41.952587],[-73.728679,-41.957142],[-73.732576,-41.960452],[-73.738344,-41.959208],[-73.740213,-41.954654],[-73.745981,-41.953409],[-73.74988,-41.956719],[-73.748011,-41.961274],[-73.742242,-41.962519],[-73.740373,-41.967074],[-73.744272,-41.970385],[-73.750041,-41.96914],[-73.75191,-41.964585],[-73.75768,-41.96334],[-73.76158,-41.96665],[-73.759712,-41.971206],[-73.763613,-41.974517],[-73.769384,-41.973271],[-73.773287,-41.976582],[-73.779058,-41.975336],[-73.782962,-41.978646],[-73.788734,-41.9774],[-73.790601,-41.972843],[-73.796373,-41.971596],[-73.800278,-41.974906],[-73.80605,-41.973658],[-73.807916,-41.969101],[-73.80401,-41.965791],[-73.805876,-41.961233],[-73.811647,-41.959985],[-73.813512,-41.955427],[-73.809606,-41.952118],[-73.803836,-41.953366],[-73.802671,-41.952379],[-73.80284,-41.95228],[-73.80319,-41.95214],[-73.80315,-41.95109],[-73.80289,-41.95096],[-73.801731,-41.950197],[-73.80166,-41.95015],[-73.80112,-41.9493],[-73.800588,-41.948453],[-73.801303,-41.946706],[-73.80139,-41.94668],[-73.80139,-41.94661],[-73.80152,-41.9465],[-73.801529,-41.946155],[-73.801797,-41.9455],[-73.807566,-41.944251],[-73.809431,-41.939694],[-73.8152,-41.938445],[-73.817064,-41.933887],[-73.813159,-41.930579],[-73.807391,-41.931828],[-73.803488,-41.92852],[-73.797721,-41.929769],[-73.795856,-41.934325],[-73.790088,-41.935573],[-73.786187,-41.932265],[-73.78042,-41.933512],[-73.776519,-41.930203],[-73.771222,-41.931349],[-73.77093,-41.93127],[-73.770276,-41.931046],[-73.766854,-41.928141],[-73.76872,-41.923586],[-73.764822,-41.920277],[-73.763047,-41.920661],[-73.76308,-41.92009],[-73.76324,-41.91944],[-73.76387,-41.91831],[-73.76369,-41.91782],[-73.76334,-41.91728],[-73.76303,-41.91703],[-73.76189,-41.91634],[-73.76157,-41.91619],[-73.76119,-41.91613],[-73.76067,-41.91622],[-73.76044,-41.91622],[-73.76,-41.91608],[-73.75996,-41.91601],[-73.75985,-41.91598],[-73.75976,-41.9159],[-73.75962,-41.91571],[-73.75943,-41.91535],[-73.75942,-41.91516],[-73.75969,-41.91458],[-73.7598,-41.91381],[-73.75981,-41.913059],[-73.75981,-41.91304],[-73.7599,-41.91285],[-73.76015,-41.91266],[-73.76077,-41.91241],[-73.7604,-41.91028],[-73.7604,-41.90917],[-73.76034,-41.90902],[-73.76006,-41.90858],[-73.75968,-41.90829],[-73.7584,-41.90788],[-73.75804,-41.90767],[-73.75746,-41.90706],[-73.75726,-41.90663],[-73.7572,-41.90631],[-73.75727,-41.90581],[-73.75749,-41.9053],[-73.757533,-41.905249],[-73.75819,-41.90447],[-73.75866,-41.90404],[-73.76074,-41.90267],[-73.76132,-41.9024],[-73.761678,-41.902312],[-73.7623,-41.90216],[-73.76288,-41.90207],[-73.76301,-41.90202],[-73.76308,-41.902],[-73.76376,-41.90175],[-73.76633,-41.90046],[-73.7669,-41.90009],[-73.76705,-41.89993],[-73.76717,-41.89978],[-73.767484,-41.898945],[-73.768389,-41.898749],[-73.770255,-41.894194],[-73.769705,-41.893728],[-73.77001,-41.89348],[-73.77083,-41.89227],[-73.77144,-41.89163],[-73.77157,-41.89156],[-73.7717,-41.89133],[-73.77182,-41.89083],[-73.77189,-41.88888],[-73.77203,-41.88854],[-73.77227,-41.88832],[-73.77257,-41.8882],[-73.77296,-41.88807],[-73.77338,-41.88801],[-73.77463,-41.88805],[-73.77545,-41.88798],[-73.77686,-41.88792],[-73.77725,-41.88798],[-73.777462,-41.888035],[-73.777882,-41.888391],[-73.778413,-41.888276],[-73.77924,-41.88839],[-73.77992,-41.88837],[-73.78049,-41.88818],[-73.78091,-41.88798],[-73.781376,-41.887634],[-73.783644,-41.887142],[-73.784099,-41.886031],[-73.78498,-41.88574],[-73.78544,-41.88546],[-73.78562,-41.88535],[-73.78592,-41.88501],[-73.7861,-41.88481],[-73.78633,-41.8843],[-73.78683,-41.88377],[-73.78689,-41.88376],[-73.78696,-41.88362],[-73.78701,-41.88332],[-73.78696,-41.8827],[-73.78718,-41.88224],[-73.787228,-41.882214],[-73.79127,-41.881338],[-73.795168,-41.884644],[-73.793305,-41.8892],[-73.787542,-41.890449],[-73.785678,-41.895005],[-73.789576,-41.898312],[-73.79534,-41.897063],[-73.79924,-41.90037],[-73.805004,-41.899121],[-73.806867,-41.894564],[-73.812631,-41.893314],[-73.814494,-41.888758],[-73.820257,-41.887507],[-73.824159,-41.890813],[-73.829924,-41.889562],[-73.833827,-41.892869],[-73.839591,-41.891617],[-73.843496,-41.894923],[-73.849261,-41.893671],[-73.851121,-41.889113],[-73.856887,-41.88786],[-73.858746,-41.883302],[-73.864511,-41.882049],[-73.868417,-41.885354],[-73.866558,-41.889913],[-73.860792,-41.891166],[-73.858933,-41.895725],[-73.853167,-41.896977],[-73.851306,-41.901536],[-73.84554,-41.902788],[-73.841635,-41.899481],[-73.835869,-41.900733],[-73.834008,-41.905291],[-73.837912,-41.908598],[-73.836051,-41.913156],[-73.839956,-41.916463],[-73.845724,-41.915211],[-73.847585,-41.910653],[-73.853352,-41.909401],[-73.857259,-41.912708],[-73.863027,-41.911455],[-73.866935,-41.914762],[-73.872704,-41.913509],[-73.876613,-41.916816],[-73.882382,-41.915562],[-73.884241,-41.911002],[-73.880332,-41.907696],[-73.874563,-41.90895],[-73.870655,-41.905643],[-73.872514,-41.901084],[-73.868606,-41.897778],[-73.870465,-41.893219],[-73.876232,-41.891965],[-73.88014,-41.895271],[-73.885907,-41.894017],[-73.889816,-41.897322],[-73.895584,-41.896068],[-73.899494,-41.899373],[-73.897637,-41.903934],[-73.901548,-41.907239],[-73.907317,-41.905984],[-73.91123,-41.90929],[-73.917,-41.908035],[-73.918856,-41.903473],[-73.914943,-41.900168],[-73.909174,-41.901423],[-73.905263,-41.898118],[-73.907119,-41.893557],[-73.903208,-41.890252],[-73.897441,-41.891507],[-73.893531,-41.888202],[-73.887765,-41.889457],[-73.883856,-41.886151],[-73.885714,-41.881592],[-73.89148,-41.880337],[-73.895389,-41.883642],[-73.901155,-41.882387],[-73.903012,-41.877826],[-73.908778,-41.87657],[-73.912688,-41.879875],[-73.918455,-41.878619],[-73.92118,-41.880921],[-73.92115,-41.88111],[-73.92083,-41.88189],[-73.92059,-41.88234],[-73.92048,-41.88281],[-73.92059,-41.88263],[-73.92075,-41.88236],[-73.92113,-41.88162],[-73.92138,-41.8811],[-73.921383,-41.881092],[-73.922367,-41.881923],[-73.920511,-41.886484],[-73.924424,-41.889789],[-73.930192,-41.888532],[-73.932047,-41.883971],[-73.937815,-41.882713],[-73.941729,-41.886017],[-73.939874,-41.89058],[-73.934106,-41.891837],[-73.932251,-41.896399],[-73.926481,-41.897655],[-73.924626,-41.902217],[-73.92854,-41.905522],[-73.93431,-41.904266],[-73.936165,-41.899704],[-73.941935,-41.898446],[-73.943789,-41.893884],[-73.949559,-41.892626],[-73.953475,-41.895931],[-73.951621,-41.900494],[-73.94585,-41.901751],[-73.943996,-41.906314],[-73.947912,-41.909619],[-73.946058,-41.914182],[-73.949975,-41.917487],[-73.94812,-41.92205],[-73.952038,-41.925356],[-73.957811,-41.924099],[-73.959665,-41.919535],[-73.955747,-41.91623],[-73.957601,-41.911667],[-73.953684,-41.908361],[-73.955538,-41.903798],[-73.961309,-41.90254],[-73.963162,-41.897977],[-73.968933,-41.896718],[-73.972851,-41.900023],[-73.978623,-41.898763],[-73.982542,-41.902068],[-73.988314,-41.900808],[-73.992235,-41.904112],[-73.990383,-41.908677],[-73.994305,-41.911981],[-73.99632,-41.911541],[-73.9968,-41.91222],[-73.99733,-41.91338],[-73.99809,-41.91474],[-73.99973,-41.91712],[-73.99979,-41.91729],[-74.00015,-41.9176],[-74.00036,-41.91775],[-74.00095,-41.91833]],[[-73.98319,-41.939369],[-73.979267,-41.936064],[-73.973492,-41.937322],[-73.971638,-41.941886],[-73.965862,-41.943144],[-73.964007,-41.947708],[-73.967929,-41.951015],[-73.973705,-41.949757],[-73.97556,-41.945192],[-73.981336,-41.943934],[-73.98319,-41.939369]],[[-73.941729,-42.002476],[-73.943587,-41.997912],[-73.939664,-41.994603],[-73.941522,-41.990039],[-73.947302,-41.988784],[-73.949159,-41.98422],[-73.954939,-41.982964],[-73.956795,-41.9784],[-73.962575,-41.977144],[-73.966498,-41.980451],[-73.972278,-41.979194],[-73.974133,-41.97463],[-73.979913,-41.973372],[-73.981767,-41.968807],[-73.977843,-41.9655],[-73.979697,-41.960935],[-73.975774,-41.957628],[-73.969996,-41.958886],[-73.968141,-41.96345],[-73.962363,-41.964707],[-73.958441,-41.9614],[-73.952664,-41.962657],[-73.950808,-41.96722],[-73.94503,-41.968476],[-73.94111,-41.965169],[-73.942967,-41.960605],[-73.948743,-41.959349],[-73.950599,-41.954786],[-73.946679,-41.951479],[-73.940904,-41.952735],[-73.939047,-41.957298],[-73.933271,-41.958554],[-73.931414,-41.963116],[-73.925637,-41.964371],[-73.921719,-41.961064],[-73.915944,-41.962318],[-73.912027,-41.95901],[-73.913885,-41.954448],[-73.909969,-41.951141],[-73.911827,-41.946579],[-73.907912,-41.943271],[-73.902139,-41.944526],[-73.898225,-41.941218],[-73.892452,-41.942472],[-73.888539,-41.939164],[-73.882767,-41.940418],[-73.880907,-41.944978],[-73.875135,-41.946231],[-73.871224,-41.942923],[-73.865452,-41.944175],[-73.863591,-41.948735],[-73.867502,-41.952043],[-73.86564,-41.956603],[-73.859867,-41.957854],[-73.855957,-41.954546],[-73.857819,-41.949986],[-73.853909,-41.946678],[-73.848138,-41.947929],[-73.844229,-41.944621],[-73.838458,-41.945871],[-73.836595,-41.95043],[-73.840503,-41.953738],[-73.83864,-41.958297],[-73.842549,-41.961606],[-73.848322,-41.960356],[-73.852232,-41.963665],[-73.850369,-41.968225],[-73.85428,-41.971534],[-73.860055,-41.970283],[-73.863967,-41.973592],[-73.869742,-41.972341],[-73.871603,-41.96778],[-73.867691,-41.964472],[-73.869552,-41.959911],[-73.875326,-41.95866],[-73.879239,-41.961968],[-73.877378,-41.966529],[-73.881291,-41.969837],[-73.87943,-41.974398],[-73.883345,-41.977707],[-73.881484,-41.982268],[-73.885399,-41.985578],[-73.891176,-41.984326],[-73.893037,-41.979764],[-73.889121,-41.976455],[-73.890981,-41.971894],[-73.896757,-41.970641],[-73.900673,-41.97395],[-73.90645,-41.972696],[-73.910367,-41.976005],[-73.908507,-41.980567],[-73.90273,-41.98182],[-73.90087,-41.986382],[-73.895092,-41.987635],[-73.893232,-41.992197],[-73.897149,-41.995506],[-73.902927,-41.994254],[-73.906846,-41.997563],[-73.904986,-42.002126],[-73.908905,-42.005435],[-73.914685,-42.004182],[-73.918605,-42.007492],[-73.924386,-42.006239],[-73.926245,-42.001675],[-73.932026,-42.000421],[-73.935948,-42.003731],[-73.941729,-42.002476]],[[-73.957005,-41.990837],[-73.960929,-41.994145],[-73.96671,-41.992889],[-73.968566,-41.988324],[-73.964642,-41.985016],[-73.958862,-41.986272],[-73.957005,-41.990837]],[[-74.014526,-42.069933],[-74.016382,-42.065365],[-74.012447,-42.062054],[-74.014303,-42.057486],[-74.010368,-42.054176],[-74.004579,-42.055433],[-74.002723,-42.06],[-73.996933,-42.061257],[-73.995076,-42.065824],[-73.989286,-42.06708],[-73.987429,-42.071647],[-73.981638,-42.072903],[-73.977706,-42.069591],[-73.979564,-42.065025],[-73.975633,-42.061714],[-73.969844,-42.062969],[-73.965915,-42.059657],[-73.960126,-42.060912],[-73.958267,-42.065478],[-73.962197,-42.068789],[-73.960337,-42.073355],[-73.964268,-42.076667],[-73.970058,-42.075413],[-73.973989,-42.078724],[-73.97978,-42.07747],[-73.983713,-42.080781],[-73.981854,-42.085348],[-73.976063,-42.086603],[-73.974204,-42.09117],[-73.978137,-42.094482],[-73.983929,-42.093228],[-73.987864,-42.09654],[-73.986005,-42.101107],[-73.98994,-42.10442],[-73.988081,-42.108988],[-73.982287,-42.110242],[-73.980428,-42.11481],[-73.984363,-42.118123],[-73.990158,-42.116868],[-73.992017,-42.112301],[-73.997812,-42.111046],[-74.00175,-42.114358],[-74.007545,-42.113103],[-74.011484,-42.116416],[-74.01728,-42.11516],[-74.019137,-42.110591],[-74.024933,-42.109334],[-74.028873,-42.112646],[-74.03467,-42.111389],[-74.036525,-42.10682],[-74.042322,-42.105562],[-74.044177,-42.100992],[-74.040236,-42.09768],[-74.034441,-42.098938],[-74.030501,-42.095626],[-74.032357,-42.091057],[-74.028418,-42.087746],[-74.030274,-42.083177],[-74.026336,-42.079866],[-74.020543,-42.081123],[-74.016606,-42.077812],[-74.010814,-42.079069],[-74.008958,-42.083637],[-74.003165,-42.084893],[-73.99923,-42.081582],[-73.993438,-42.082838],[-73.989504,-42.079526],[-73.991362,-42.074959],[-73.997153,-42.073703],[-73.99901,-42.069135],[-74.0048,-42.067879],[-74.008735,-42.07119],[-74.014526,-42.069933]],[[-73.987211,-42.059202],[-73.993,-42.057946],[-73.994857,-42.053379],[-73.990925,-42.050069],[-73.985137,-42.051325],[-73.98328,-42.055892],[-73.987211,-42.059202]],[[-73.731319,-41.861125],[-73.733186,-41.856572],[-73.729296,-41.853266],[-73.72354,-41.854512],[-73.721673,-41.859064],[-73.725562,-41.862371],[-73.723695,-41.866924],[-73.727585,-41.870231],[-73.733343,-41.868985],[-73.73521,-41.864432],[-73.731319,-41.861125]],[[-73.710008,-41.849145],[-73.711876,-41.844593],[-73.707989,-41.841287],[-73.702235,-41.842533],[-73.700367,-41.847084],[-73.704253,-41.85039],[-73.710008,-41.849145]],[[-73.715916,-41.86031],[-73.712028,-41.857003],[-73.706272,-41.858249],[-73.704404,-41.8628],[-73.698648,-41.864045],[-73.696779,-41.868596],[-73.691022,-41.86984],[-73.687136,-41.866533],[-73.68138,-41.867776],[-73.67951,-41.872327],[-73.683396,-41.875635],[-73.681526,-41.880186],[-73.685412,-41.883494],[-73.69117,-41.882251],[-73.69304,-41.877699],[-73.698797,-41.876455],[-73.700666,-41.871904],[-73.706423,-41.870659],[-73.708292,-41.866107],[-73.714048,-41.864862],[-73.715916,-41.86031]],[[-73.727741,-41.882644],[-73.729609,-41.878091],[-73.725718,-41.874783],[-73.719959,-41.876029],[-73.71607,-41.872722],[-73.710312,-41.873967],[-73.708443,-41.878519],[-73.712333,-41.881826],[-73.718091,-41.880581],[-73.721982,-41.883889],[-73.727741,-41.882644]],[[-73.737393,-41.884705],[-73.731633,-41.885951],[-73.729765,-41.890504],[-73.733658,-41.893812],[-73.739418,-41.892566],[-73.741286,-41.888013],[-73.737393,-41.884705]],[[-73.663832,-41.84669],[-73.665702,-41.84214],[-73.66182,-41.838834],[-73.656069,-41.840076],[-73.652188,-41.83677],[-73.646437,-41.838012],[-73.644566,-41.842561],[-73.638814,-41.843802],[-73.636942,-41.848351],[-73.640822,-41.851658],[-73.646574,-41.850417],[-73.648446,-41.845868],[-73.654198,-41.844626],[-73.658079,-41.847933],[-73.656208,-41.852482],[-73.650455,-41.853724],[-73.648583,-41.858274],[-73.64283,-41.859515],[-73.63895,-41.856207],[-73.633197,-41.857448],[-73.631324,-41.861997],[-73.635204,-41.865305],[-73.640958,-41.864064],[-73.644839,-41.867372],[-73.650593,-41.866131],[-73.654476,-41.869439],[-73.66023,-41.868197],[-73.662102,-41.863647],[-73.658219,-41.860339],[-73.66009,-41.855789],[-73.665844,-41.854547],[-73.669727,-41.857854],[-73.667856,-41.862404],[-73.67174,-41.865712],[-73.677495,-41.864469],[-73.679365,-41.859918],[-73.675481,-41.856611],[-73.677351,-41.852061],[-73.673467,-41.848754],[-73.667714,-41.849997],[-73.663832,-41.84669]],[[-73.69058,-41.832615],[-73.696333,-41.83137],[-73.6982,-41.826819],[-73.694316,-41.823513],[-73.688565,-41.824758],[-73.686697,-41.829309],[-73.69058,-41.832615]],[[-73.781948,-41.904116],[-73.780083,-41.908672],[-73.783982,-41.91198],[-73.789747,-41.910732],[-73.791612,-41.906175],[-73.787712,-41.902868],[-73.781948,-41.904116]],[[-73.681816,-41.905008],[-73.677928,-41.901699],[-73.672169,-41.902941],[-73.668283,-41.899632],[-73.670154,-41.895081],[-73.666269,-41.891773],[-73.660511,-41.893014],[-73.656626,-41.889705],[-73.650869,-41.890946],[-73.646986,-41.887638],[-73.641229,-41.888878],[-73.637347,-41.885569],[-73.63922,-41.88102],[-73.635339,-41.877711],[-73.629584,-41.878952],[-73.62771,-41.8835],[-73.631591,-41.886809],[-73.629717,-41.891358],[-73.623961,-41.892598],[-73.622086,-41.897147],[-73.61633,-41.898386],[-73.614455,-41.902934],[-73.618336,-41.906244],[-73.624093,-41.905006],[-73.625968,-41.900457],[-73.631725,-41.899217],[-73.633599,-41.894668],[-73.639356,-41.893428],[-73.643239,-41.896737],[-73.648996,-41.895496],[-73.652881,-41.898806],[-73.658638,-41.897565],[-73.662524,-41.900874],[-73.660651,-41.905424],[-73.664538,-41.908734],[-73.670297,-41.907492],[-73.674185,-41.910802],[-73.679945,-41.90956],[-73.683833,-41.912869],[-73.689594,-41.911627],[-73.691465,-41.907075],[-73.687576,-41.903766],[-73.681816,-41.905008]],[[-73.656905,-41.914525],[-73.653019,-41.911216],[-73.64726,-41.912456],[-73.645386,-41.917006],[-73.649272,-41.920316],[-73.655032,-41.919076],[-73.656905,-41.914525]],[[-73.584691,-41.809908],[-73.58082,-41.806601],[-73.575075,-41.80784],[-73.5732,-41.812386],[-73.577071,-41.815693],[-73.582817,-41.814454],[-73.584691,-41.809908]],[[-73.600307,-41.835535],[-73.596432,-41.832228],[-73.590684,-41.833467],[-73.588809,-41.838014],[-73.583061,-41.839252],[-73.581185,-41.843798],[-73.575437,-41.845036],[-73.57356,-41.849582],[-73.577433,-41.852891],[-73.583183,-41.851653],[-73.585059,-41.847106],[-73.590808,-41.845868],[-73.594683,-41.849176],[-73.600433,-41.847937],[-73.602307,-41.84339],[-73.598432,-41.840082],[-73.600307,-41.835535]],[[-73.571445,-41.829329],[-73.567574,-41.826022],[-73.561828,-41.827259],[-73.559951,-41.831804],[-73.563822,-41.835112],[-73.569569,-41.833875],[-73.571445,-41.829329]],[[-73.589057,-41.862816],[-73.585182,-41.859508],[-73.579431,-41.860746],[-73.577554,-41.865292],[-73.581429,-41.868601],[-73.587181,-41.867363],[-73.589057,-41.862816]],[[-73.529341,-41.84253],[-73.525473,-41.839222],[-73.519728,-41.840457],[-73.517848,-41.845],[-73.521715,-41.848309],[-73.519835,-41.852853],[-73.514088,-41.854087],[-73.512208,-41.858631],[-73.516075,-41.861941],[-73.521823,-41.860706],[-73.525691,-41.864016],[-73.53144,-41.862781],[-73.533319,-41.858237],[-73.539068,-41.857002],[-73.540946,-41.852457],[-73.546694,-41.851221],[-73.548572,-41.846676],[-73.544703,-41.843368],[-73.538956,-41.844604],[-73.535087,-41.841295],[-73.529341,-41.84253]],[[-73.71776,-42.00931],[-73.715887,-42.013865],[-73.710115,-42.015106],[-73.708241,-42.019661],[-73.702468,-42.020901],[-73.700594,-42.025456],[-73.69482,-42.026696],[-73.692945,-42.03125],[-73.696844,-42.034564],[-73.702618,-42.033324],[-73.706519,-42.036638],[-73.712293,-42.035398],[-73.714167,-42.030843],[-73.719942,-42.029601],[-73.721815,-42.025046],[-73.72759,-42.023805],[-73.731492,-42.027118],[-73.737267,-42.025876],[-73.74117,-42.029189],[-73.739298,-42.033745],[-73.733522,-42.034987],[-73.731649,-42.039543],[-73.735553,-42.042857],[-73.741329,-42.041615],[-73.745234,-42.044929],[-73.751012,-42.043686],[-73.754918,-42.047],[-73.760696,-42.045757],[-73.764603,-42.049071],[-73.770382,-42.047827],[-73.772252,-42.043269],[-73.778031,-42.042025],[-73.78194,-42.045339],[-73.787719,-42.044094],[-73.789588,-42.039536],[-73.785679,-42.036223],[-73.787548,-42.031665],[-73.78364,-42.028352],[-73.777863,-42.029597],[-73.775993,-42.034154],[-73.770215,-42.035399],[-73.766308,-42.032086],[-73.760532,-42.033329],[-73.756626,-42.030016],[-73.75085,-42.031259],[-73.746945,-42.027946],[-73.748817,-42.02339],[-73.744913,-42.020077],[-73.739139,-42.02132],[-73.735236,-42.018007],[-73.729462,-42.019249],[-73.725561,-42.015936],[-73.727433,-42.011381],[-73.723533,-42.008068],[-73.71776,-42.00931]],[[-73.733049,-41.997716],[-73.73882,-41.996472],[-73.740691,-41.991917],[-73.736791,-41.988605],[-73.73102,-41.989848],[-73.727121,-41.986537],[-73.72135,-41.987779],[-73.719478,-41.992334],[-73.723377,-41.995646],[-73.729148,-41.994403],[-73.733049,-41.997716]],[[-73.744753,-42.007652],[-73.742882,-42.012208],[-73.746784,-42.015521],[-73.752559,-42.014277],[-73.756463,-42.01759],[-73.754592,-42.022147],[-73.758497,-42.025459],[-73.764273,-42.024216],[-73.768179,-42.027528],[-73.773955,-42.026284],[-73.775825,-42.021727],[-73.771919,-42.018414],[-73.773788,-42.013857],[-73.769883,-42.010545],[-73.764108,-42.011789],[-73.760203,-42.008477],[-73.762073,-42.003921],[-73.767847,-42.002676],[-73.769716,-41.998119],[-73.765812,-41.994808],[-73.760039,-41.996052],[-73.75817,-42.000609],[-73.752397,-42.001853],[-73.750526,-42.006409],[-73.744753,-42.007652]],[[-73.719324,-41.979913],[-73.725093,-41.97867],[-73.726964,-41.974116],[-73.723067,-41.970805],[-73.717298,-41.972047],[-73.715427,-41.976602],[-73.719324,-41.979913]],[[-73.677501,-42.030414],[-73.673604,-42.0271],[-73.667832,-42.028339],[-73.665955,-42.032892],[-73.669851,-42.036206],[-73.675625,-42.034968],[-73.677501,-42.030414]],[[-73.665387,-41.983217],[-73.671155,-41.981978],[-73.673029,-41.977425],[-73.678797,-41.976185],[-73.680671,-41.971633],[-73.686437,-41.970392],[-73.688311,-41.965839],[-73.684418,-41.962528],[-73.678652,-41.963768],[-73.676778,-41.968321],[-73.671012,-41.969561],[-73.669137,-41.974113],[-73.663371,-41.975353],[-73.661495,-41.979905],[-73.665387,-41.983217]],[[-73.656148,-42.018396],[-73.65427,-42.022948],[-73.658165,-42.026262],[-73.663936,-42.025024],[-73.665813,-42.020472],[-73.661918,-42.017158],[-73.656148,-42.018396]],[[-73.726341,-42.078064],[-73.722436,-42.074749],[-73.716657,-42.075989],[-73.712752,-42.072673],[-73.706973,-42.073913],[-73.703071,-42.070597],[-73.704946,-42.066042],[-73.701044,-42.062727],[-73.70292,-42.058172],[-73.699019,-42.054857],[-73.693242,-42.056096],[-73.691366,-42.060651],[-73.685589,-42.061889],[-73.683712,-42.066444],[-73.677935,-42.067682],[-73.676058,-42.072236],[-73.67028,-42.073473],[-73.668402,-42.078027],[-73.672302,-42.081344],[-73.67808,-42.080106],[-73.681981,-42.083423],[-73.680103,-42.087977],[-73.684005,-42.091294],[-73.689785,-42.090056],[-73.691662,-42.085501],[-73.697442,-42.084262],[-73.699318,-42.079707],[-73.705098,-42.078468],[-73.709001,-42.081784],[-73.707125,-42.08634],[-73.71103,-42.089656],[-73.716811,-42.088417],[-73.720716,-42.091733],[-73.726498,-42.090493],[-73.728373,-42.085936],[-73.724467,-42.08262],[-73.726341,-42.078064]],[[-73.738061,-42.088012],[-73.736187,-42.092568],[-73.740095,-42.095885],[-73.745877,-42.094643],[-73.747751,-42.090086],[-73.743843,-42.08677],[-73.738061,-42.088012]],[[-73.761024,-42.070615],[-73.759152,-42.075172],[-73.753371,-42.076414],[-73.749463,-42.073099],[-73.743682,-42.074341],[-73.741809,-42.078898],[-73.745716,-42.082213],[-73.751498,-42.080972],[-73.755407,-42.084287],[-73.761189,-42.083045],[-73.763061,-42.078487],[-73.768843,-42.077244],[-73.770715,-42.072686],[-73.766805,-42.069372],[-73.761024,-42.070615]],[[-73.800798,-42.012186],[-73.798931,-42.016745],[-73.80284,-42.020057],[-73.808617,-42.01881],[-73.810484,-42.014251],[-73.816261,-42.013004],[-73.818128,-42.008445],[-73.814218,-42.005134],[-73.808442,-42.006381],[-73.806575,-42.01094],[-73.800798,-42.012186]],[[-73.816615,-42.037865],[-73.814748,-42.042424],[-73.818661,-42.045737],[-73.824441,-42.04449],[-73.828355,-42.047803],[-73.834136,-42.046556],[-73.836003,-42.041995],[-73.841784,-42.040748],[-73.84365,-42.036187],[-73.839735,-42.032875],[-73.841601,-42.028315],[-73.837687,-42.025003],[-73.831908,-42.026251],[-73.830041,-42.030811],[-73.833955,-42.034123],[-73.832089,-42.038683],[-73.826308,-42.03993],[-73.822395,-42.036618],[-73.816615,-42.037865]],[[-73.660746,-42.083818],[-73.654968,-42.085054],[-73.653088,-42.089607],[-73.656987,-42.092925],[-73.662766,-42.091688],[-73.664645,-42.087135],[-73.660746,-42.083818]],[[-73.849815,-41.930944],[-73.851676,-41.926385],[-73.847769,-41.923077],[-73.842,-41.924329],[-73.840138,-41.928887],[-73.844045,-41.932195],[-73.849815,-41.930944]],[[-73.930599,-41.91339],[-73.926684,-41.910084],[-73.920913,-41.91134],[-73.919057,-41.915902],[-73.922971,-41.919208],[-73.928743,-41.917952],[-73.930599,-41.91339]],[[-73.822654,-41.920215],[-73.828421,-41.918964],[-73.830284,-41.914406],[-73.826379,-41.911099],[-73.820613,-41.91235],[-73.81875,-41.916907],[-73.822654,-41.920215]],[[-73.826738,-41.935946],[-73.824874,-41.940504],[-73.828781,-41.943813],[-73.834551,-41.942563],[-73.836414,-41.938004],[-73.832507,-41.934696],[-73.826738,-41.935946]],[[-73.864155,-41.986022],[-73.866017,-41.981462],[-73.862104,-41.978152],[-73.856329,-41.979403],[-73.854466,-41.983963],[-73.858379,-41.987273],[-73.864155,-41.986022]],[[-73.895679,-42.024938],[-73.89176,-42.021627],[-73.885979,-42.022878],[-73.882061,-42.019567],[-73.876281,-42.020818],[-73.874417,-42.02538],[-73.878335,-42.028691],[-73.884116,-42.02744],[-73.888035,-42.030751],[-73.893817,-42.0295],[-73.895679,-42.024938]],[[-73.87031,-42.009635],[-73.872173,-42.005074],[-73.868258,-42.001764],[-73.86248,-42.003014],[-73.858566,-41.999704],[-73.852789,-42.000954],[-73.850925,-42.005514],[-73.854839,-42.008825],[-73.860617,-42.007575],[-73.864532,-42.010885],[-73.87031,-42.009635]],[[-73.557011,-41.927707],[-73.558891,-41.92316],[-73.555015,-41.919849],[-73.556894,-41.915302],[-73.553019,-41.911991],[-73.547264,-41.913226],[-73.545384,-41.917772],[-73.549259,-41.921083],[-73.547378,-41.925629],[-73.551254,-41.928941],[-73.557011,-41.927707]],[[-73.576161,-41.919454],[-73.574282,-41.924001],[-73.57816,-41.927313],[-73.576281,-41.93186],[-73.580161,-41.935172],[-73.578282,-41.93972],[-73.582162,-41.943032],[-73.587921,-41.941796],[-73.5898,-41.937248],[-73.585919,-41.933936],[-73.587798,-41.929388],[-73.583918,-41.926077],[-73.585796,-41.921529],[-73.581917,-41.918218],[-73.576161,-41.919454]],[[-73.593431,-41.915744],[-73.591554,-41.920292],[-73.595434,-41.923603],[-73.601192,-41.922366],[-73.605073,-41.925677],[-73.610832,-41.92444],[-73.612708,-41.919891],[-73.608827,-41.91658],[-73.610703,-41.912032],[-73.606822,-41.908721],[-73.608698,-41.904173],[-73.604818,-41.900863],[-73.599062,-41.902101],[-73.597185,-41.906649],[-73.591429,-41.907886],[-73.587551,-41.904575],[-73.581795,-41.905812],[-73.577918,-41.902502],[-73.572163,-41.903738],[-73.570284,-41.908285],[-73.574161,-41.911596],[-73.579917,-41.91036],[-73.583795,-41.91367],[-73.589552,-41.912434],[-73.593431,-41.915744]],[[-73.560536,-41.893806],[-73.56629,-41.89257],[-73.568168,-41.888024],[-73.564293,-41.884714],[-73.558541,-41.88595],[-73.556662,-41.890496],[-73.560536,-41.893806]],[[-73.589924,-41.949656],[-73.584163,-41.950892],[-73.582284,-41.95544],[-73.586166,-41.958753],[-73.584286,-41.963301],[-73.588169,-41.966614],[-73.586289,-41.971163],[-73.580526,-41.972398],[-73.576644,-41.969085],[-73.570882,-41.970319],[-73.569001,-41.974867],[-73.572883,-41.978181],[-73.578646,-41.976946],[-73.582529,-41.98026],[-73.588292,-41.979025],[-73.592176,-41.982339],[-73.597941,-41.981103],[-73.59982,-41.976554],[-73.605584,-41.975318],[-73.607462,-41.970768],[-73.613226,-41.969532],[-73.615104,-41.964982],[-73.611219,-41.96167],[-73.605456,-41.962906],[-73.601572,-41.959594],[-73.60345,-41.955045],[-73.599567,-41.951732],[-73.593806,-41.952969],[-73.589924,-41.949656]],[[-73.610445,-41.887218],[-73.612321,-41.88267],[-73.608442,-41.879361],[-73.602688,-41.8806],[-73.59881,-41.87729],[-73.593057,-41.878529],[-73.591181,-41.883076],[-73.595058,-41.886385],[-73.600812,-41.885147],[-73.604691,-41.888457],[-73.610445,-41.887218]],[[-73.54493,-41.868165],[-73.543051,-41.87271],[-73.546922,-41.87602],[-73.545043,-41.880565],[-73.548915,-41.883876],[-73.554667,-41.88264],[-73.556546,-41.878094],[-73.552673,-41.874785],[-73.554551,-41.870239],[-73.560302,-41.869003],[-73.564175,-41.872312],[-73.562297,-41.876858],[-73.566171,-41.880168],[-73.571923,-41.878931],[-73.573801,-41.874385],[-73.569926,-41.871076],[-73.571804,-41.866529],[-73.56793,-41.86322],[-73.56218,-41.864457],[-73.558307,-41.861148],[-73.552558,-41.862384],[-73.55068,-41.86693],[-73.54493,-41.868165]],[[-73.634002,-41.931896],[-73.632126,-41.936446],[-73.626366,-41.937684],[-73.622481,-41.934373],[-73.624357,-41.929823],[-73.620474,-41.926513],[-73.614714,-41.927751],[-73.612838,-41.9323],[-73.616721,-41.935611],[-73.614844,-41.94016],[-73.609084,-41.941398],[-73.607206,-41.945947],[-73.61109,-41.949259],[-73.616851,-41.948021],[-73.618728,-41.943472],[-73.624489,-41.942234],[-73.628375,-41.945545],[-73.626498,-41.950095],[-73.620736,-41.951333],[-73.618859,-41.955883],[-73.622745,-41.959195],[-73.628508,-41.957957],[-73.630384,-41.953407],[-73.636147,-41.952169],[-73.638023,-41.947618],[-73.634136,-41.944307],[-73.636012,-41.939757],[-73.641774,-41.938518],[-73.643649,-41.933967],[-73.639763,-41.930657],[-73.634002,-41.931896]],[[-73.524681,-41.967777],[-73.522797,-41.972322],[-73.526674,-41.975637],[-73.532435,-41.974405],[-73.534318,-41.969858],[-73.530441,-41.966545],[-73.524681,-41.967777]],[[-74.01491,-42.19902],[-74.010965,-42.195704],[-74.00516,-42.196958],[-74.003299,-42.201527],[-74.007243,-42.204844],[-74.013049,-42.20359],[-74.01491,-42.19902]],[[-73.909232,-42.146843],[-73.915027,-42.145594],[-73.916892,-42.141029],[-73.912962,-42.137713],[-73.907168,-42.138963],[-73.905302,-42.143527],[-73.909232,-42.146843]],[[-73.951664,-42.133523],[-73.95746,-42.132271],[-73.959321,-42.127704],[-73.965117,-42.126451],[-73.966978,-42.121884],[-73.972773,-42.120631],[-73.974633,-42.116064],[-73.970698,-42.11275],[-73.964904,-42.114004],[-73.960971,-42.11069],[-73.962832,-42.106124],[-73.958899,-42.102811],[-73.953107,-42.104064],[-73.951246,-42.10863],[-73.945453,-42.109882],[-73.943591,-42.114448],[-73.937798,-42.1157],[-73.933867,-42.112386],[-73.928075,-42.113637],[-73.926212,-42.118203],[-73.930142,-42.121517],[-73.935935,-42.120266],[-73.939866,-42.12358],[-73.945661,-42.122328],[-73.949593,-42.125642],[-73.947731,-42.130208],[-73.951664,-42.133523]],[[-73.946701,-42.184571],[-73.942765,-42.181254],[-73.936964,-42.182504],[-73.935099,-42.187071],[-73.939035,-42.190388],[-73.944837,-42.189138],[-73.946701,-42.184571]],[[-73.996174,-42.128063],[-73.992236,-42.12475],[-73.98644,-42.126004],[-73.98458,-42.130572],[-73.988517,-42.133886],[-73.986657,-42.138454],[-73.990595,-42.141768],[-73.996393,-42.140514],[-73.998253,-42.135945],[-74.004051,-42.13469],[-74.005909,-42.130122],[-74.001971,-42.126808],[-73.996174,-42.128063]],[[-74.082726,-42.188519],[-74.086678,-42.191833],[-74.092486,-42.190575],[-74.09434,-42.186002],[-74.090388,-42.182687],[-74.092243,-42.178114],[-74.088292,-42.1748],[-74.082486,-42.176059],[-74.080631,-42.180631],[-74.084582,-42.183946],[-74.082726,-42.188519]],[[-74.07135,-42.203494],[-74.067399,-42.200179],[-74.061591,-42.201436],[-74.057641,-42.19812],[-74.051834,-42.199377],[-74.049976,-42.203948],[-74.053926,-42.207264],[-74.059734,-42.206008],[-74.063684,-42.209324],[-74.069493,-42.208067],[-74.07135,-42.203494]],[[-73.72728,-42.152649],[-73.725403,-42.157206],[-73.729315,-42.160525],[-73.735104,-42.159286],[-73.739017,-42.162605],[-73.744807,-42.161366],[-73.746683,-42.156808],[-73.74277,-42.153489],[-73.744646,-42.148931],[-73.740733,-42.145613],[-73.734945,-42.146852],[-73.733069,-42.15141],[-73.72728,-42.152649]],[[-73.771215,-42.109982],[-73.769342,-42.114541],[-73.773255,-42.117858],[-73.779042,-42.116615],[-73.780914,-42.112056],[-73.777001,-42.10874],[-73.771215,-42.109982]],[[-73.751823,-42.105833],[-73.757607,-42.104592],[-73.75948,-42.100034],[-73.75557,-42.096718],[-73.749787,-42.09796],[-73.747913,-42.102517],[-73.751823,-42.105833]],[[-73.750272,-42.135257],[-73.748397,-42.139815],[-73.75231,-42.143133],[-73.758098,-42.141892],[-73.759973,-42.137334],[-73.75606,-42.134016],[-73.750272,-42.135257]],[[-73.848304,-42.089241],[-73.85409,-42.087993],[-73.855957,-42.083431],[-73.861743,-42.082183],[-73.863609,-42.077622],[-73.859689,-42.074308],[-73.853904,-42.075556],[-73.849986,-42.072243],[-73.844201,-42.07349],[-73.840283,-42.070177],[-73.834499,-42.071424],[-73.830583,-42.06811],[-73.8248,-42.069357],[-73.822932,-42.073917],[-73.826847,-42.077231],[-73.832632,-42.075984],[-73.836549,-42.079298],[-73.834681,-42.083859],[-73.828896,-42.085105],[-73.827027,-42.089666],[-73.830945,-42.092981],[-73.836731,-42.091734],[-73.838599,-42.087173],[-73.844385,-42.085926],[-73.848304,-42.089241]],[[-73.869775,-42.10125],[-73.867909,-42.105813],[-73.871832,-42.109127],[-73.877621,-42.107879],[-73.879487,-42.103316],[-73.875564,-42.100002],[-73.869775,-42.10125]],[[-73.862119,-42.10706],[-73.858198,-42.103746],[-73.852409,-42.104993],[-73.848489,-42.101678],[-73.842701,-42.102925],[-73.840833,-42.107486],[-73.835045,-42.108733],[-73.833176,-42.113294],[-73.837095,-42.116609],[-73.842885,-42.115363],[-73.846806,-42.118679],[-73.844937,-42.123241],[-73.848859,-42.126556],[-73.854649,-42.12531],[-73.858572,-42.128625],[-73.864364,-42.127378],[-73.866231,-42.122816],[-73.862308,-42.1195],[-73.864175,-42.114938],[-73.860252,-42.111623],[-73.862119,-42.10706]],[[-73.892931,-42.096255],[-73.887142,-42.097504],[-73.885276,-42.102067],[-73.889201,-42.105382],[-73.894991,-42.104132],[-73.896856,-42.099569],[-73.892931,-42.096255]],[[-73.851852,-42.067681],[-73.857636,-42.066433],[-73.859502,-42.061872],[-73.855584,-42.058559],[-73.8498,-42.059807],[-73.845883,-42.056494],[-73.847749,-42.051933],[-73.843833,-42.048621],[-73.838051,-42.049868],[-73.836185,-42.054429],[-73.830402,-42.055676],[-73.828535,-42.060236],[-73.832451,-42.06355],[-73.838234,-42.062302],[-73.84215,-42.065616],[-73.847934,-42.064368],[-73.851852,-42.067681]],[[-73.89215,-42.046499],[-73.888229,-42.043187],[-73.882446,-42.044438],[-73.880583,-42.049],[-73.884503,-42.052312],[-73.890287,-42.051062],[-73.89215,-42.046499]],[[-73.803537,-42.06978],[-73.80745,-42.073094],[-73.813233,-42.071849],[-73.815102,-42.067289],[-73.811188,-42.063975],[-73.805406,-42.065221],[-73.803537,-42.06978]],[[-73.799971,-42.091332],[-73.794186,-42.092576],[-73.792315,-42.097135],[-73.796229,-42.100451],[-73.802015,-42.099207],[-73.80593,-42.102522],[-73.811717,-42.101278],[-73.813587,-42.096717],[-73.809671,-42.093402],[-73.803885,-42.094647],[-73.799971,-42.091332]],[[-73.856889,-42.016696],[-73.852974,-42.013385],[-73.847196,-42.014634],[-73.845331,-42.019194],[-73.849245,-42.022506],[-73.855025,-42.021257],[-73.856889,-42.016696]],[[-73.872403,-42.146452],[-73.878197,-42.145205],[-73.880064,-42.140641],[-73.885858,-42.139393],[-73.887724,-42.13483],[-73.883798,-42.131514],[-73.885664,-42.12695],[-73.881738,-42.123635],[-73.875947,-42.124883],[-73.87408,-42.129447],[-73.868288,-42.130694],[-73.86642,-42.135257],[-73.860628,-42.136504],[-73.856704,-42.133188],[-73.850913,-42.134434],[-73.849044,-42.138997],[-73.852967,-42.142313],[-73.851098,-42.146876],[-73.855023,-42.150192],[-73.860816,-42.148946],[-73.862684,-42.144383],[-73.868478,-42.143136],[-73.872403,-42.146452]],[[-73.83933,-42.136926],[-73.841199,-42.132364],[-73.837278,-42.129048],[-73.839147,-42.124487],[-73.835226,-42.121171],[-73.829437,-42.122416],[-73.827567,-42.126977],[-73.821778,-42.128222],[-73.819907,-42.132783],[-73.823827,-42.1361],[-73.829618,-42.134855],[-73.833539,-42.138171],[-73.83933,-42.136926]]]},"properties":{"comuna":"Ancud","mancha_id":"10202-88cea88b05fffff","clase":"Medio","nivel_medio":1.957,"nivel_medio_min":1.5,"nivel_medio_max":2.5,"pct_alto":14.7,"n_hexagonos":1663,"area_ha":105390.96}},{"type":"Feature","geometry":{"type":"Polygon","coordinates":[[[-74.038129,-41.946746],[-74.039334,-41.94377],[-74.040867,-41.943435],[-74.040835,-41.94345],[-74.04071,-41.94356],[-74.04051,-41.94408],[-74.04046,-41.94445],[-74.04039,-41.94464],[-74.04024,-41.94476],[-74.04018,-41.944845],[-74.04011,-41.94501],[-74.04014,-41.94525],[-74.040195,-41.94539],[-74.04019,-41.94556],[-74.0401,-41.94578],[-74.03955,-41.946],[-74.03897,-41.94617],[-74.03876,-41.94625],[-74.03854,-41.94635],[-74.03829,-41.94652],[-74.03822,-41.94666],[-74.038129,-41.946746]]]},"properties":{"comuna":"Ancud","mancha_id":"10202-88cea88a6dfffff","clase":"Medio","nivel_medio":1.993,"nivel_medio_min":1.993,"nivel_medio_max":1.993,"pct_alto":46.1,"n_hexagonos":1,"area_ha":3.27}},{"type":"Feature","geometry":{"type":"Polygon","coordinates":[[[-74.045565,-41.941391],[-74.046963,-41.937941],[-74.052152,-41.936807],[-74.05231,-41.937],[-74.05241,-41.93716],[-74.05254,-41.9373],[-74.05265,-41.93749],[-74.05266,-41.93765],[-74.05264,-41.93776],[-74.05238,-41.93793],[-74.05208,-41.93817],[-74.05192,-41.93832],[-74.05181,-41.93845],[-74.05148,-41.93876],[-74.0507,-41.93929],[-74.05053,-41.93944],[-74.05029,-41.93976],[-74.05008,-41.93992],[-74.04994,-41.94],[-74.04971,-41.94009],[-74.04958,-41.94009],[-74.04952,-41.94012],[-74.049325,-41.9401],[-74.049175,-41.94008],[-74.04886,-41.93995],[-74.04863,-41.93992],[-74.048425,-41.93994],[-74.048215,-41.940065],[-74.04809,-41.9404],[-74.04793,-41.94089],[-74.047875,-41.94097],[-74.04779,-41.94105],[-74.04739,-41.94135],[-74.0472,-41.94138],[-74.04697,-41.941425],[-74.04656,-41.94143],[-74.04572,-41.94138],[-74.045565,-41.941391]]]},"properties":{"comuna":"Ancud","mancha_id":"10202-88cea88a61fffff","clase":"Medio","nivel_medio":2.498,"nivel_medio_min":2.498,"nivel_medio_max":2.498,"pct_alto":56.0,"n_hexagonos":1,"area_ha":14.54}},{"type":"Feature","geometry":{"type":"Polygon","coordinates":[[[-74.05927,-41.82814],[-74.059321,-41.828165],[-74.05944,-41.82828],[-74.05943,-41.82841],[-74.05935,-41.8285],[-74.05921,-41.82852],[-74.05912,-41.82849],[-74.05906,-41.82841],[-74.05906,-41.82833],[-74.05914,-41.82815],[-74.05927,-41.82814]]]},"properties":{"comuna":"Ancud","mancha_id":"10202-88cea889d5fffff","clase":"Medio","nivel_medio":1.967,"nivel_medio_min":1.967,"nivel_medio_max":1.967,"pct_alto":26.4,"n_hexagonos":1,"area_ha":0.1}},{"type":"Feature","geometry":{"type":"Polygon","coordinates":[[[-74.05879,-41.82882],[-74.05894,-41.82878],[-74.05904,-41.82881],[-74.05908,-41.82896],[-74.05906,-41.82903],[-74.059,-41.82904],[-74.05886,-41.82902],[-74.05879,-41.82897],[-74.05879,-41.82882]]]},"properties":{"comuna":"Ancud","mancha_id":"10202-88cea889d5fffff-2","clase":"Medio","nivel_medio":1.967,"nivel_medio_min":1.967,"nivel_medio_max":1.967,"pct_alto":26.4,"n_hexagonos":1,"area_ha":0.06}},{"type":"Feature","geometry":{"type":"Polygon","coordinates":[[[-74.05957,-41.82947],[-74.0597,-41.82945],[-74.05982,-41.829465],[-74.05987,-41.82954],[-74.05982,-41.82967],[-74.05971,-41.82974],[-74.05955,-41.82974],[-74.05948,-41.82965],[-74.0595,-41.82956],[-74.05957,-41.82947]]]},"properties":{"comuna":"Ancud","mancha_id":"10202-88cea889d5fffff-3","clase":"Medio","nivel_medio":1.967,"nivel_medio_min":1.967,"nivel_medio_max":1.967,"pct_alto":26.4,"n_hexagonos":1,"area_ha":0.08}},{"type":"Feature","geometry":{"type":"Polygon","coordinates":[[[-74.05952,-41.83017],[-74.0596,-41.83013],[-74.05974,-41.83014],[-74.05981,-41.8302],[-74.05981,-41.83031],[-74.05972,-41.83036],[-74.05956,-41.83029],[-74.05952,-41.83017]]]},"properties":{"comuna":"Ancud","mancha_id":"10202-88cea889d5fffff-4","clase":"Medio","nivel_medio":1.967,"nivel_medio_min":1.967,"nivel_medio_max":1.967,"pct_alto":26.4,"n_hexagonos":1,"area_ha":0.04}},{"type":"Feature","geometry":{"type":"Polygon","coordinates":[[[-74.06002,-41.83275],[-74.06006,-41.83258],[-74.06021,-41.83256],[-74.06041,-41.832605],[-74.06036,-41.83276],[-74.0602,-41.83281],[-74.06008,-41.83278],[-74.06002,-41.83275]]]},"properties":{"comuna":"Ancud","mancha_id":"10202-88cea889d5fffff-5","clase":"Medio","nivel_medio":1.967,"nivel_medio_min":1.967,"nivel_medio_max":1.967,"pct_alto":26.4,"n_hexagonos":1,"area_ha":0.07}},{"type":"Feature","geometry":{"type":"Polygon","coordinates":[[[-74.05997,-41.83433],[-74.06011,-41.83433],[-74.06018,-41.83435],[-74.06016,-41.83446],[-74.06009,-41.83452],[-74.05998,-41.83458],[-74.05979,-41.83458],[-74.05978,-41.83442],[-74.05997,-41.83433]]]},"properties":{"comuna":"Ancud","mancha_id":"10202-88cea889d5fffff-6","clase":"Medio","nivel_medio":1.967,"nivel_medio_min":1.967,"nivel_medio_max":1.967,"pct_alto":26.4,"n_hexagonos":1,"area_ha":0.07}},{"type":"Feature","geometry":{"type":"Polygon","coordinates":[[[-74.06004,-41.8348],[-74.06003,-41.8347],[-74.06016,-41.83469],[-74.06023,-41.83473],[-74.06031,-41.83484],[-74.06031,-41.83492],[-74.06016,-41.83492],[-74.06004,-41.8348]]]},"properties":{"comuna":"Ancud","mancha_id":"10202-88cea889d5fffff-7","clase":"Medio","nivel_medio":1.967,"nivel_medio_min":1.967,"nivel_medio_max":1.967,"pct_alto":26.4,"n_hexagonos":1,"area_ha":0.04}},{"type":"Feature","geometry":{"type":"Polygon","coordinates":[[[-74.06072,-41.83298],[-74.06078,-41.83294],[-74.06085,-41.83296],[-74.0609,-41.833],[-74.06087,-41.83306],[-74.06081,-41.83311],[-74.06072,-41.83306],[-74.06072,-41.83298]]]},"properties":{"comuna":"Ancud","mancha_id":"10202-88cea889d5fffff-8","clase":"Medio","nivel_medio":1.967,"nivel_medio_min":1.967,"nivel_medio_max":1.967,"pct_alto":26.4,"n_hexagonos":1,"area_ha":0.02}},{"type":"Feature","geometry":{"type":"Polygon","coordinates":[[[-74.0604,-41.8329],[-74.06046,-41.83293],[-74.06048,-41.83299],[-74.06042,-41.83311],[-74.06037,-41.83314],[-74.06027,-41.83316],[-74.06022,-41.8331],[-74.06022,-41.833],[-74.06026,-41.83292],[-74.06033,-41.8329],[-74.0604,-41.8329]]]},"properties":{"comuna":"Ancud","mancha_id":"10202-88cea889d5fffff-9","clase":"Medio","nivel_medio":1.967,"nivel_medio_min":1.967,"nivel_medio_max":1.967,"pct_alto":26.4,"n_hexagonos":1,"area_ha":0.05}},{"type":"Feature","geometry":{"type":"Polygon","coordinates":[[[-74.06019,-41.83334],[-74.06026,-41.83328],[-74.06055,-41.83329],[-74.06064,-41.83335],[-74.06049,-41.83346],[-74.06031,-41.83348],[-74.06021,-41.83343],[-74.06019,-41.83334]]]},"properties":{"comuna":"Ancud","mancha_id":"10202-88cea889d5fffff-10","clase":"Medio","nivel_medio":1.967,"nivel_medio_min":1.967,"nivel_medio_max":1.967,"pct_alto":26.4,"n_hexagonos":1,"area_ha":0.06}},{"type":"Feature","geometry":{"type":"Polygon","coordinates":[[[-74.062852,-41.833595],[-74.062738,-41.833878],[-74.06267,-41.83375],[-74.06269,-41.83362],[-74.06276,-41.8336],[-74.062852,-41.833595]]]},"properties":{"comuna":"Ancud","mancha_id":"10202-88cea889d5fffff-11","clase":"Medio","nivel_medio":1.967,"nivel_medio_min":1.967,"nivel_medio_max":1.967,"pct_alto":26.4,"n_hexagonos":1,"area_ha":0.03}},{"type":"Feature","geometry":{"type":"Polygon","coordinates":[[[-74.06133,-41.8343],[-74.06137,-41.83425],[-74.06144,-41.83425],[-74.061565,-41.83426],[-74.0615,-41.83434],[-74.0614,-41.83435],[-74.06133,-41.8343]]]},"properties":{"comuna":"Ancud","mancha_id":"10202-88cea889d5fffff-12","clase":"Medio","nivel_medio":1.967,"nivel_medio_min":1.967,"nivel_medio_max":1.967,"pct_alto":26.4,"n_hexagonos":1,"area_ha":0.02}},{"type":"Feature","geometry":{"type":"Polygon","coordinates":[[[-74.06083,-41.83457],[-74.06092,-41.83453],[-74.06109,-41.83456],[-74.061145,-41.83464],[-74.06111,-41.83473],[-74.061,-41.83475],[-74.06091,-41.83472],[-74.06083,-41.83457]]]},"properties":{"comuna":"Ancud","mancha_id":"10202-88cea889d5fffff-13","clase":"Medio","nivel_medio":1.967,"nivel_medio_min":1.967,"nivel_medio_max":1.967,"pct_alto":26.4,"n_hexagonos":1,"area_ha":0.04}},{"type":"Feature","geometry":{"type":"Polygon","coordinates":[[[-74.06142,-41.83455],[-74.06155,-41.83449],[-74.06173,-41.83451],[-74.06177,-41.83465],[-74.06175,-41.83476],[-74.061647,-41.834829],[-74.061572,-41.834845],[-74.06152,-41.83485],[-74.06141,-41.83478],[-74.06135,-41.83472],[-74.06142,-41.83455]]]},"properties":{"comuna":"Ancud","mancha_id":"10202-88cea889d5fffff-14","clase":"Medio","nivel_medio":1.967,"nivel_medio_min":1.967,"nivel_medio_max":1.967,"pct_alto":26.4,"n_hexagonos":1,"area_ha":0.1}},{"type":"Feature","geometry":{"type":"Polygon","coordinates":[[[-74.06119,-41.834929],[-74.060952,-41.834981],[-74.06101,-41.83491],[-74.0611,-41.8349],[-74.06119,-41.83492],[-74.06119,-41.834929]]]},"properties":{"comuna":"Ancud","mancha_id":"10202-88cea889d5fffff-15","clase":"Medio","nivel_medio":1.967,"nivel_medio_min":1.967,"nivel_medio_max":1.967,"pct_alto":26.4,"n_hexagonos":1,"area_ha":0.01}},{"type":"Feature","geometry":{"type":"Polygon","coordinates":[[[-74.03437,-41.84744],[-74.03428,-41.84736],[-74.03432,-41.84727],[-74.03452,-41.84724],[-74.034665,-41.847295],[-74.03453,-41.84744],[-74.03437,-41.84744]]]},"properties":{"comuna":"Ancud","mancha_id":"10202-88cea889cdfffff","clase":"Medio","nivel_medio":2.019,"nivel_medio_min":2.019,"nivel_medio_max":2.019,"pct_alto":34.9,"n_hexagonos":1,"area_ha":0.05}},{"type":"Feature","geometry":{"type":"Polygon","coordinates":[[[-74.03452,-41.84767],[-74.03462,-41.84766],[-74.03468,-41.84772],[-74.03466,-41.84784],[-74.03459,-41.84791],[-74.03448,-41.84793],[-74.03431,-41.84788],[-74.0343,-41.84779],[-74.03452,-41.84767]]]},"properties":{"comuna":"Ancud","mancha_id":"10202-88cea889cdfffff-2","clase":"Medio","nivel_medio":2.019,"nivel_medio_min":2.019,"nivel_medio_max":2.019,"pct_alto":34.9,"n_hexagonos":1,"area_ha":0.07}},{"type":"Feature","geometry":{"type":"Polygon","coordinates":[[[-74.03594,-41.8485],[-74.03574,-41.848475],[-74.03581,-41.84833],[-74.03595,-41.84832],[-74.03598,-41.848375],[-74.03594,-41.8485]]]},"properties":{"comuna":"Ancud","mancha_id":"10202-88cea889cdfffff-3","clase":"Medio","nivel_medio":2.019,"nivel_medio_min":2.019,"nivel_medio_max":2.019,"pct_alto":34.9,"n_hexagonos":1,"area_ha":0.03}},{"type":"Feature","geometry":{"type":"Polygon","coordinates":[[[-74.03611,-41.84835],[-74.03619,-41.84832],[-74.03631,-41.84833],[-74.03636,-41.84836],[-74.03634,-41.84852],[-74.03618,-41.84856],[-74.03607,-41.84851],[-74.03611,-41.84835]]]},"properties":{"comuna":"Ancud","mancha_id":"10202-88cea889cdfffff-4","clase":"Medio","nivel_medio":2.019,"nivel_medio_min":2.019,"nivel_medio_max":2.019,"pct_alto":34.9,"n_hexagonos":1,"area_ha":0.05}},{"type":"Feature","geometry":{"type":"Polygon","coordinates":[[[-74.03274,-41.84905],[-74.03275,-41.84895],[-74.03281,-41.84888],[-74.03294,-41.84887],[-74.03306,-41.84906],[-74.03289,-41.84913],[-74.03279,-41.8491],[-74.03274,-41.84905]]]},"properties":{"comuna":"Ancud","mancha_id":"10202-88cea889cdfffff-5","clase":"Medio","nivel_medio":2.019,"nivel_medio_min":2.019,"nivel_medio_max":2.019,"pct_alto":34.9,"n_hexagonos":1,"area_ha":0.05}},{"type":"Feature","geometry":{"type":"Polygon","coordinates":[[[-74.03335,-41.85206],[-74.03345,-41.85211],[-74.03349,-41.85218],[-74.03346,-41.85228],[-74.03339,-41.85232],[-74.03326,-41.85234],[-74.03307,-41.85226],[-74.033065,-41.852165],[-74.03312,-41.8521],[-74.03335,-41.85206]]]},"properties":{"comuna":"Ancud","mancha_id":"10202-88cea889cdfffff-6","clase":"Medio","nivel_medio":2.019,"nivel_medio_min":2.019,"nivel_medio_max":2.019,"pct_alto":34.9,"n_hexagonos":1,"area_ha":0.08}},{"type":"Feature","geometry":{"type":"Polygon","coordinates":[[[-74.03799,-41.84767],[-74.03812,-41.84764],[-74.038177,-41.84764],[-74.03822,-41.84772],[-74.03821,-41.84781],[-74.03813,-41.84785],[-74.03805,-41.84785],[-74.03797,-41.84782],[-74.03794,-41.84775],[-74.03799,-41.84767]]]},"properties":{"comuna":"Ancud","mancha_id":"10202-88cea889cdfffff-7","clase":"Medio","nivel_medio":2.019,"nivel_medio_min":2.019,"nivel_medio_max":2.019,"pct_alto":34.9,"n_hexagonos":1,"area_ha":0.04}},{"type":"Feature","geometry":{"type":"Polygon","coordinates":[[[-74.03999,-41.84762],[-74.0401,-41.84756],[-74.04023,-41.84756],[-74.04033,-41.8477],[-74.04021,-41.84791],[-74.04003,-41.84797],[-74.0399,-41.84792],[-74.03984,-41.84777],[-74.03992,-41.84763],[-74.03999,-41.84762]]]},"properties":{"comuna":"Ancud","mancha_id":"10202-88cea889cdfffff-8","clase":"Medio","nivel_medio":2.019,"nivel_medio_min":2.019,"nivel_medio_max":2.019,"pct_alto":34.9,"n_hexagonos":1,"area_ha":0.13}},{"type":"Feature","geometry":{"type":"Polygon","coordinates":[[[-74.03631,-41.84802],[-74.03619,-41.84794],[-74.03622,-41.84759],[-74.03639,-41.84759],[-74.03648,-41.84783],[-74.03631,-41.84802]]]},"properties":{"comuna":"Ancud","mancha_id":"10202-88cea889cdfffff-9","clase":"Medio","nivel_medio":2.019,"nivel_medio_min":2.019,"nivel_medio_max":2.019,"pct_alto":34.9,"n_hexagonos":1,"area_ha":0.08}},{"type":"Feature","geometry":{"type":"Polygon","coordinates":[[[-74.03707,-41.84762],[-74.03726,-41.84759],[-74.03742,-41.84766],[-74.03749,-41.84785],[-74.03744,-41.84798],[-74.03694,-41.84812],[-74.03687,-41.84809],[-74.036765,-41.848005],[-74.0369,-41.84772],[-74.03707,-41.84762]]]},"properties":{"comuna":"Ancud","mancha_id":"10202-88cea889cdfffff-10","clase":"Medio","nivel_medio":2.019,"nivel_medio_min":2.019,"nivel_medio_max":2.019,"pct_alto":34.9,"n_hexagonos":1,"area_ha":0.24}},{"type":"Feature","geometry":{"type":"Polygon","coordinates":[[[-74.03678,-41.8484],[-74.03688,-41.84837],[-74.03695,-41.84837],[-74.03708,-41.84841],[-74.03715,-41.8485],[-74.03706,-41.84861],[-74.03688,-41.84861],[-74.03676,-41.84854],[-74.0367,-41.848475],[-74.03678,-41.8484]]]},"properties":{"comuna":"Ancud","mancha_id":"10202-88cea889cdfffff-11","clase":"Medio","nivel_medio":2.019,"nivel_medio_min":2.019,"nivel_medio_max":2.019,"pct_alto":34.9,"n_hexagonos":1,"area_ha":0.07}},{"type":"Feature","geometry":{"type":"Polygon","coordinates":[[[-74.036305,-41.848735],[-74.03641,-41.84872],[-74.0366,-41.84874],[-74.036655,-41.848785],[-74.03658,-41.84884],[-74.03639,-41.84885],[-74.03628,-41.84883],[-74.036305,-41.848735]]]},"properties":{"comuna":"Ancud","mancha_id":"10202-88cea889cdfffff-12","clase":"Medio","nivel_medio":2.019,"nivel_medio_min":2.019,"nivel_medio_max":2.019,"pct_alto":34.9,"n_hexagonos":1,"area_ha":0.03}},{"type":"Feature","geometry":{"type":"Polygon","coordinates":[[[-74.03731,-41.84884],[-74.03744,-41.84883],[-74.03752,-41.84886],[-74.03766,-41.84901],[-74.03765,-41.84909],[-74.03752,-41.84912],[-74.03732,-41.84903],[-74.03728,-41.8489],[-74.03731,-41.84884]]]},"properties":{"comuna":"Ancud","mancha_id":"10202-88cea889cdfffff-13","clase":"Medio","nivel_medio":2.019,"nivel_medio_min":2.019,"nivel_medio_max":2.019,"pct_alto":34.9,"n_hexagonos":1,"area_ha":0.07}},{"type":"Feature","geometry":{"type":"Polygon","coordinates":[[[-74.03813,-41.84896],[-74.03827,-41.84896],[-74.0384,-41.84898],[-74.03847,-41.84903],[-74.03845,-41.84909],[-74.03839,-41.84914],[-74.03828,-41.84914],[-74.0381,-41.84903],[-74.03813,-41.84896]]]},"properties":{"comuna":"Ancud","mancha_id":"10202-88cea889cdfffff-14","clase":"Medio","nivel_medio":2.019,"nivel_medio_min":2.019,"nivel_medio_max":2.019,"pct_alto":34.9,"n_hexagonos":1,"area_ha":0.04}},{"type":"Feature","geometry":{"type":"Polygon","coordinates":[[[-74.05499,-41.83806],[-74.05508,-41.83797],[-74.05533,-41.83799],[-74.05533,-41.83809],[-74.05519,-41.83817],[-74.05501,-41.83817],[-74.05499,-41.83806]]]},"properties":{"comuna":"Ancud","mancha_id":"10202-88cea889c3fffff","clase":"Medio","nivel_medio":2.048,"nivel_medio_min":2.048,"nivel_medio_max":2.048,"pct_alto":16.7,"n_hexagonos":1,"area_ha":0.05}},{"type":"Feature","geometry":{"type":"Polygon","coordinates":[[[-74.0555,-41.83843],[-74.05546,-41.83838],[-74.0555,-41.83824],[-74.05566,-41.8382],[-74.055735,-41.8382],[-74.05566,-41.838385],[-74.05561,-41.83843],[-74.0555,-41.83843]]]},"properties":{"comuna":"Ancud","mancha_id":"10202-88cea889c3fffff-2","clase":"Medio","nivel_medio":2.048,"nivel_medio_min":2.048,"nivel_medio_max":2.048,"pct_alto":16.7,"n_hexagonos":1,"area_ha":0.04}},{"type":"Feature","geometry":{"type":"Polygon","coordinates":[[[-74.05455,-41.83851],[-74.05482,-41.83853],[-74.05489,-41.83859],[-74.05489,-41.83868],[-74.05484,-41.83874],[-74.05471,-41.83864],[-74.05462,-41.83862],[-74.05455,-41.83859],[-74.05455,-41.83851]]]},"properties":{"comuna":"Ancud","mancha_id":"10202-88cea889c3fffff-3","clase":"Medio","nivel_medio":2.048,"nivel_medio_min":2.048,"nivel_medio_max":2.048,"pct_alto":16.7,"n_hexagonos":1,"area_ha":0.04}},{"type":"Feature","geometry":{"type":"Polygon","coordinates":[[[-74.05455,-41.83884],[-74.05469,-41.83884],[-74.05486,-41.8389],[-74.05489,-41.839],[-74.0548,-41.83903],[-74.0547,-41.83903],[-74.05446,-41.83896],[-74.05455,-41.83884]]]},"properties":{"comuna":"Ancud","mancha_id":"10202-88cea889c3fffff-4","clase":"Medio","nivel_medio":2.048,"nivel_medio_min":2.048,"nivel_medio_max":2.048,"pct_alto":16.7,"n_hexagonos":1,"area_ha":0.05}},{"type":"Feature","geometry":{"type":"Polygon","coordinates":[[[-74.05425,-41.83928],[-74.05427,-41.83919],[-74.0545,-41.83921],[-74.05454,-41.83926],[-74.05453,-41.839355],[-74.05434,-41.83935],[-74.05425,-41.83928]]]},"properties":{"comuna":"Ancud","mancha_id":"10202-88cea889c3fffff-5","clase":"Medio","nivel_medio":2.048,"nivel_medio_min":2.048,"nivel_medio_max":2.048,"pct_alto":16.7,"n_hexagonos":1,"area_ha":0.04}},{"type":"Feature","geometry":{"type":"Polygon","coordinates":[[[-74.05382,-41.83954],[-74.05382,-41.83961],[-74.05366,-41.8398],[-74.05359,-41.83985],[-74.0535,-41.83984],[-74.0535,-41.83966],[-74.05359,-41.83951],[-74.05377,-41.83948],[-74.05382,-41.83954]]]},"properties":{"comuna":"Ancud","mancha_id":"10202-88cea889c3fffff-6","clase":"Medio","nivel_medio":2.048,"nivel_medio_min":2.048,"nivel_medio_max":2.048,"pct_alto":16.7,"n_hexagonos":1,"area_ha":0.07}},{"type":"Feature","geometry":{"type":"Polygon","coordinates":[[[-74.04361,-41.84554],[-74.04358,-41.845415],[-74.04378,-41.8454],[-74.04385,-41.84547],[-74.04387,-41.84553],[-74.04377,-41.8456],[-74.0437,-41.8456],[-74.04361,-41.84554]]]},"properties":{"comuna":"Ancud","mancha_id":"10202-88cea889c1fffff","clase":"Medio","nivel_medio":2.307,"nivel_medio_min":2.307,"nivel_medio_max":2.307,"pct_alto":32.7,"n_hexagonos":1,"area_ha":0.04}},{"type":"Feature","geometry":{"type":"Polygon","coordinates":[[[-74.043187,-41.84558],[-74.04328,-41.84567],[-74.04327,-41.84575],[-74.04313,-41.84583],[-74.04306,-41.84585],[-74.04301,-41.84582],[-74.04301,-41.84567],[-74.04307,-41.8456],[-74.04313,-41.84558],[-74.043187,-41.84558]]]},"properties":{"comuna":"Ancud","mancha_id":"10202-88cea889c1fffff-2","clase":"Medio","nivel_medio":2.307,"nivel_medio_min":2.307,"nivel_medio_max":2.307,"pct_alto":32.7,"n_hexagonos":1,"area_ha":0.05}},{"type":"Feature","geometry":{"type":"Polygon","coordinates":[[[-74.04368,-41.84598],[-74.04372,-41.84592],[-74.04393,-41.84592],[-74.043916,-41.845975],[-74.04386,-41.84607],[-74.04372,-41.84609],[-74.04368,-41.84598]]]},"properties":{"comuna":"Ancud","mancha_id":"10202-88cea889c1fffff-3","clase":"Medio","nivel_medio":2.307,"nivel_medio_min":2.307,"nivel_medio_max":2.307,"pct_alto":32.7,"n_hexagonos":1,"area_ha":0.03}},{"type":"Feature","geometry":{"type":"Polygon","coordinates":[[[-74.04289,-41.84631],[-74.04295,-41.84617],[-74.04318,-41.846185],[-74.04314,-41.8463],[-74.04303,-41.84638],[-74.04294,-41.84639],[-74.04289,-41.84631]]]},"properties":{"comuna":"Ancud","mancha_id":"10202-88cea889c1fffff-4","clase":"Medio","nivel_medio":2.307,"nivel_medio_min":2.307,"nivel_medio_max":2.307,"pct_alto":32.7,"n_hexagonos":1,"area_ha":0.04}},{"type":"Feature","geometry":{"type":"Polygon","coordinates":[[[-74.04595,-41.84451],[-74.046,-41.84439],[-74.04614,-41.84443],[-74.04614,-41.8445],[-74.04608,-41.84454],[-74.04595,-41.84451]]]},"properties":{"comuna":"Ancud","mancha_id":"10202-88cea889c1fffff-5","clase":"Medio","nivel_medio":2.307,"nivel_medio_min":2.307,"nivel_medio_max":2.307,"pct_alto":32.7,"n_hexagonos":1,"area_ha":0.02}},{"type":"Feature","geometry":{"type":"Polygon","coordinates":[[[-74.04617,-41.8448],[-74.04615,-41.84466],[-74.04623,-41.84465],[-74.04636,-41.84467],[-74.04636,-41.84479],[-74.04626,-41.84483],[-74.04617,-41.8448]]]},"properties":{"comuna":"Ancud","mancha_id":"10202-88cea889c1fffff-6","clase":"Medio","nivel_medio":2.307,"nivel_medio_min":2.307,"nivel_medio_max":2.307,"pct_alto":32.7,"n_hexagonos":1,"area_ha":0.03}},{"type":"Feature","geometry":{"type":"Polygon","coordinates":[[[-74.04557,-41.84493],[-74.04567,-41.84487],[-74.045727,-41.84487],[-74.04577,-41.84494],[-74.04572,-41.84499],[-74.04558,-41.845],[-74.04557,-41.84493]]]},"properties":{"comuna":"Ancud","mancha_id":"10202-88cea889c1fffff-7","clase":"Medio","nivel_medio":2.307,"nivel_medio_min":2.307,"nivel_medio_max":2.307,"pct_alto":32.7,"n_hexagonos":1,"area_ha":0.02}},{"type":"Feature","geometry":{"type":"Polygon","coordinates":[[[-74.0463,-41.84496],[-74.04637,-41.84496],[-74.04649,-41.84501],[-74.04644,-41.84508],[-74.04636,-41.84513],[-74.04625,-41.84512],[-74.04622,-41.84501],[-74.0463,-41.84496]]]},"properties":{"comuna":"Ancud","mancha_id":"10202-88cea889c1fffff-8","clase":"Medio","nivel_medio":2.307,"nivel_medio_min":2.307,"nivel_medio_max":2.307,"pct_alto":32.7,"n_hexagonos":1,"area_ha":0.03}},{"type":"Feature","geometry":{"type":"Polygon","coordinates":[[[-74.0453,-41.84525],[-74.04538,-41.84535],[-74.04537,-41.84541],[-74.04531,-41.84546],[-74.04524,-41.84547],[-74.04517,-41.84544],[-74.045,-41.84528],[-74.04503,-41.84522],[-74.04517,-41.84518],[-74.0453,-41.84525]]]},"properties":{"comuna":"Ancud","mancha_id":"10202-88cea889c1fffff-9","clase":"Medio","nivel_medio":2.307,"nivel_medio_min":2.307,"nivel_medio_max":2.307,"pct_alto":32.7,"n_hexagonos":1,"area_ha":0.06}},{"type":"Feature","geometry":{"type":"Polygon","coordinates":[[[-74.04391,-41.84697],[-74.044,-41.8469],[-74.04411,-41.8469],[-74.04414,-41.84697],[-74.044128,-41.846994],[-74.043856,-41.847053],[-74.04391,-41.84697]]]},"properties":{"comuna":"Ancud","mancha_id":"10202-88cea889c1fffff-10","clase":"Medio","nivel_medio":2.307,"nivel_medio_min":2.307,"nivel_medio_max":2.307,"pct_alto":32.7,"n_hexagonos":1,"area_ha":0.02}},{"type":"Feature","geometry":{"type":"Polygon","coordinates":[[[-74.05303,-41.80589],[-74.05303,-41.80583],[-74.05312,-41.80579],[-74.05323,-41.80582],[-74.05324,-41.805895],[-74.05307,-41.80595],[-74.05303,-41.80589]]]},"properties":{"comuna":"Ancud","mancha_id":"10202-88cea889b9fffff","clase":"Medio","nivel_medio":2.305,"nivel_medio_min":2.305,"nivel_medio_max":2.305,"pct_alto":62.0,"n_hexagonos":1,"area_ha":0.02}},{"type":"Feature","geometry":{"type":"Polygon","coordinates":[[[-74.05314,-41.80876],[-74.05326,-41.80876],[-74.05337,-41.80884],[-74.05345,-41.80892],[-74.05344,-41.809],[-74.05335,-41.80903],[-74.05323,-41.80899],[-74.05313,-41.80889],[-74.05308,-41.8088],[-74.05314,-41.80876]]]},"properties":{"comuna":"Ancud","mancha_id":"10202-88cea889b9fffff-2","clase":"Medio","nivel_medio":2.305,"nivel_medio_min":2.305,"nivel_medio_max":2.305,"pct_alto":62.0,"n_hexagonos":1,"area_ha":0.06}},{"type":"Feature","geometry":{"type":"Polygon","coordinates":[[[-74.05274,-41.810035],[-74.05282,-41.80998],[-74.05289,-41.80996],[-74.05298,-41.81007],[-74.05293,-41.81014],[-74.05281,-41.81018],[-74.05274,-41.810035]]]},"properties":{"comuna":"Ancud","mancha_id":"10202-88cea889b9fffff-3","clase":"Medio","nivel_medio":2.305,"nivel_medio_min":2.305,"nivel_medio_max":2.305,"pct_alto":62.0,"n_hexagonos":1,"area_ha":0.03}},{"type":"Feature","geometry":{"type":"Polygon","coordinates":[[[-74.04997,-41.81097],[-74.05006,-41.81094],[-74.050155,-41.81095],[-74.05025,-41.81103],[-74.05024,-41.81116],[-74.05009,-41.81125],[-74.04999,-41.81124],[-74.04996,-41.81108],[-74.04997,-41.81097]]]},"properties":{"comuna":"Ancud","mancha_id":"10202-88cea889b9fffff-4","clase":"Medio","nivel_medio":2.305,"nivel_medio_min":2.305,"nivel_medio_max":2.305,"pct_alto":62.0,"n_hexagonos":1,"area_ha":0.07}},{"type":"Feature","geometry":{"type":"Polygon","coordinates":[[[-74.04995,-41.81155],[-74.05005,-41.81158],[-74.05011,-41.81163],[-74.0502,-41.81165],[-74.05024,-41.81174],[-74.05012,-41.81183],[-74.04999,-41.81177],[-74.0499,-41.81167],[-74.04995,-41.81155]]]},"properties":{"comuna":"Ancud","mancha_id":"10202-88cea889b9fffff-5","clase":"Medio","nivel_medio":2.305,"nivel_medio_min":2.305,"nivel_medio_max":2.305,"pct_alto":62.0,"n_hexagonos":1,"area_ha":0.05}},{"type":"Feature","geometry":{"type":"Polygon","coordinates":[[[-74.05371,-41.80342],[-74.05381,-41.80346],[-74.05385,-41.80351],[-74.05381,-41.80362],[-74.0537,-41.80365],[-74.0536,-41.80357],[-74.05358,-41.80349],[-74.05361,-41.80343],[-74.05371,-41.80342]]]},"properties":{"comuna":"Ancud","mancha_id":"10202-88cea889b9fffff-6","clase":"Medio","nivel_medio":2.305,"nivel_medio_min":2.305,"nivel_medio_max":2.305,"pct_alto":62.0,"n_hexagonos":1,"area_ha":0.04}},{"type":"Feature","geometry":{"type":"Polygon","coordinates":[[[-74.053495,-41.804075],[-74.05347,-41.8039],[-74.05364,-41.80386],[-74.053693,-41.803881],[-74.05374,-41.80402],[-74.05363,-41.8041],[-74.053495,-41.804075]]]},"properties":{"comuna":"Ancud","mancha_id":"10202-88cea889b9fffff-7","clase":"Medio","nivel_medio":2.305,"nivel_medio_min":2.305,"nivel_medio_max":2.305,"pct_alto":62.0,"n_hexagonos":1,"area_ha":0.04}},{"type":"Feature","geometry":{"type":"Polygon","coordinates":[[[-74.05423,-41.80819],[-74.0543,-41.80821],[-74.05439,-41.80829],[-74.05441,-41.80835],[-74.05436,-41.8084],[-74.05414,-41.80842],[-74.05404,-41.80829],[-74.05413,-41.8082],[-74.05423,-41.80819]]]},"properties":{"comuna":"Ancud","mancha_id":"10202-88cea889b9fffff-8","clase":"Medio","nivel_medio":2.305,"nivel_medio_min":2.305,"nivel_medio_max":2.305,"pct_alto":62.0,"n_hexagonos":1,"area_ha":0.06}},{"type":"Feature","geometry":{"type":"Polygon","coordinates":[[[-74.054457,-41.80903],[-74.05451,-41.80905],[-74.0545,-41.80919],[-74.05444,-41.80924],[-74.05437,-41.80925],[-74.05433,-41.80915],[-74.054349,-41.809055],[-74.0544,-41.80903],[-74.054457,-41.80903]]]},"properties":{"comuna":"Ancud","mancha_id":"10202-88cea889b9fffff-9","clase":"Medio","nivel_medio":2.305,"nivel_medio_min":2.305,"nivel_medio_max":2.305,"pct_alto":62.0,"n_hexagonos":1,"area_ha":0.03}},{"type":"Feature","geometry":{"type":"Polygon","coordinates":[[[-74.05432,-41.80944],[-74.05438,-41.80939],[-74.05449,-41.80937],[-74.054555,-41.809395],[-74.05451,-41.80949],[-74.05445,-41.80954],[-74.05432,-41.80944]]]},"properties":{"comuna":"Ancud","mancha_id":"10202-88cea889b9fffff-10","clase":"Medio","nivel_medio":2.305,"nivel_medio_min":2.305,"nivel_medio_max":2.305,"pct_alto":62.0,"n_hexagonos":1,"area_ha":0.02}},{"type":"Feature","geometry":{"type":"Polygon","coordinates":[[[-74.05335,-41.80949],[-74.05341,-41.80945],[-74.05353,-41.80946],[-74.05361,-41.80956],[-74.05357,-41.80962],[-74.05348,-41.80966],[-74.0534,-41.80961],[-74.05335,-41.80949]]]},"properties":{"comuna":"Ancud","mancha_id":"10202-88cea889b9fffff-11","clase":"Medio","nivel_medio":2.305,"nivel_medio_min":2.305,"nivel_medio_max":2.305,"pct_alto":62.0,"n_hexagonos":1,"area_ha":0.03}},{"type":"Feature","geometry":{"type":"Polygon","coordinates":[[[-74.05487,-41.81005],[-74.05486,-41.80993],[-74.0551,-41.80985],[-74.05514,-41.81002],[-74.05505,-41.81005],[-74.05487,-41.81005]]]},"properties":{"comuna":"Ancud","mancha_id":"10202-88cea889b9fffff-12","clase":"Medio","nivel_medio":2.305,"nivel_medio_min":2.305,"nivel_medio_max":2.305,"pct_alto":62.0,"n_hexagonos":1,"area_ha":0.04}},{"type":"Feature","geometry":{"type":"Polygon","coordinates":[[[-74.05608,-41.81957],[-74.05591,-41.8197],[-74.05579,-41.81962],[-74.05578,-41.81955],[-74.05597,-41.81955],[-74.05608,-41.81957]]]},"properties":{"comuna":"Ancud","mancha_id":"10202-88cea8898bfffff","clase":"Medio","nivel_medio":2.079,"nivel_medio_min":2.079,"nivel_medio_max":2.079,"pct_alto":35.5,"n_hexagonos":1,"area_ha":0.02}},{"type":"Feature","geometry":{"type":"Polygon","coordinates":[[[-74.0543,-41.82078],[-74.05417,-41.82081],[-74.05406,-41.820767],[-74.05406,-41.82071],[-74.05433,-41.82071],[-74.0543,-41.82078]]]},"properties":{"comuna":"Ancud","mancha_id":"10202-88cea8898bfffff-2","clase":"Medio","nivel_medio":2.079,"nivel_medio_min":2.079,"nivel_medio_max":2.079,"pct_alto":35.5,"n_hexagonos":1,"area_ha":0.02}},{"type":"Feature","geometry":{"type":"Polygon","coordinates":[[[-74.05447,-41.82076],[-74.05451,-41.82072],[-74.0547,-41.82074],[-74.05479,-41.82081],[-74.05475,-41.82091],[-74.05463,-41.82094],[-74.05447,-41.82076]]]},"properties":{"comuna":"Ancud","mancha_id":"10202-88cea8898bfffff-3","clase":"Medio","nivel_medio":2.079,"nivel_medio_min":2.079,"nivel_medio_max":2.079,"pct_alto":35.5,"n_hexagonos":1,"area_ha":0.04}},{"type":"Feature","geometry":{"type":"Polygon","coordinates":[[[-74.05459,-41.82145],[-74.05449,-41.82148],[-74.05439,-41.82141],[-74.05436,-41.82131],[-74.054615,-41.821345],[-74.05459,-41.82145]]]},"properties":{"comuna":"Ancud","mancha_id":"10202-88cea8898bfffff-4","clase":"Medio","nivel_medio":2.079,"nivel_medio_min":2.079,"nivel_medio_max":2.079,"pct_alto":35.5,"n_hexagonos":1,"area_ha":0.03}},{"type":"Feature","geometry":{"type":"Polygon","coordinates":[[[-74.05487,-41.82172],[-74.05478,-41.82161],[-74.05478,-41.82152],[-74.05491,-41.82145],[-74.05508,-41.82155],[-74.05508,-41.82166],[-74.05499,-41.82172],[-74.05487,-41.82172]]]},"properties":{"comuna":"Ancud","mancha_id":"10202-88cea8898bfffff-5","clase":"Medio","nivel_medio":2.079,"nivel_medio_min":2.079,"nivel_medio_max":2.079,"pct_alto":35.5,"n_hexagonos":1,"area_ha":0.06}},{"type":"Feature","geometry":{"type":"Polygon","coordinates":[[[-74.05488,-41.82193],[-74.05497,-41.82191],[-74.055023,-41.821931],[-74.05513,-41.82199],[-74.05516,-41.82206],[-74.05497,-41.82207],[-74.0549,-41.822],[-74.05488,-41.82193]]]},"properties":{"comuna":"Ancud","mancha_id":"10202-88cea8898bfffff-6","clase":"Medio","nivel_medio":2.079,"nivel_medio_min":2.079,"nivel_medio_max":2.079,"pct_alto":35.5,"n_hexagonos":1,"area_ha":0.03}},{"type":"Feature","geometry":{"type":"Polygon","coordinates":[[[-74.0549,-41.82229],[-74.05473,-41.82227],[-74.05467,-41.82223],[-74.05467,-41.82213],[-74.05476,-41.82211],[-74.0549,-41.82221],[-74.0549,-41.82229]]]},"properties":{"comuna":"Ancud","mancha_id":"10202-88cea8898bfffff-7","clase":"Medio","nivel_medio":2.079,"nivel_medio_min":2.079,"nivel_medio_max":2.079,"pct_alto":35.5,"n_hexagonos":1,"area_ha":0.03}},{"type":"Feature","geometry":{"type":"Polygon","coordinates":[[[-74.05617,-41.82242],[-74.05603,-41.82248],[-74.055865,-41.822285],[-74.05592,-41.82211],[-74.05617,-41.82231],[-74.05617,-41.82242]]]},"properties":{"comuna":"Ancud","mancha_id":"10202-88cea8898bfffff-8","clase":"Medio","nivel_medio":2.079,"nivel_medio_min":2.079,"nivel_medio_max":2.079,"pct_alto":35.5,"n_hexagonos":1,"area_ha":0.06}},{"type":"Feature","geometry":{"type":"Polygon","coordinates":[[[-74.05495,-41.82288],[-74.05499,-41.8228],[-74.05515,-41.82277],[-74.05519,-41.82281],[-74.05521,-41.82289],[-74.05508,-41.82305],[-74.05498,-41.82302],[-74.05495,-41.82288]]]},"properties":{"comuna":"Ancud","mancha_id":"10202-88cea8898bfffff-9","clase":"Medio","nivel_medio":2.079,"nivel_medio_min":2.079,"nivel_medio_max":2.079,"pct_alto":35.5,"n_hexagonos":1,"area_ha":0.05}},{"type":"Feature","geometry":{"type":"Polygon","coordinates":[[[-74.05548,-41.82323],[-74.05537,-41.82321],[-74.05536,-41.82309],[-74.0554,-41.82296],[-74.05554,-41.82297],[-74.05558,-41.82306],[-74.05548,-41.82323]]]},"properties":{"comuna":"Ancud","mancha_id":"10202-88cea8898bfffff-10","clase":"Medio","nivel_medio":2.079,"nivel_medio_min":2.079,"nivel_medio_max":2.079,"pct_alto":35.5,"n_hexagonos":1,"area_ha":0.04}},{"type":"Feature","geometry":{"type":"Polygon","coordinates":[[[-74.05715,-41.82089],[-74.0571,-41.82076],[-74.0572,-41.8207],[-74.05735,-41.8207],[-74.057405,-41.8209],[-74.0573,-41.82095],[-74.05715,-41.82089]]]},"properties":{"comuna":"Ancud","mancha_id":"10202-88cea8898bfffff-11","clase":"Medio","nivel_medio":2.079,"nivel_medio_min":2.079,"nivel_medio_max":2.079,"pct_alto":35.5,"n_hexagonos":1,"area_ha":0.05}},{"type":"Feature","geometry":{"type":"Polygon","coordinates":[[[-74.05654,-41.82292],[-74.05649,-41.82285],[-74.05651,-41.82271],[-74.05665,-41.82265],[-74.05679,-41.82267],[-74.05712,-41.8229],[-74.05694,-41.8231],[-74.05676,-41.82307],[-74.05664,-41.82297],[-74.05654,-41.82292]]]},"properties":{"comuna":"Ancud","mancha_id":"10202-88cea8898bfffff-12","clase":"Medio","nivel_medio":2.079,"nivel_medio_min":2.079,"nivel_medio_max":2.079,"pct_alto":35.5,"n_hexagonos":1,"area_ha":0.16}},{"type":"Feature","geometry":{"type":"Polygon","coordinates":[[[-74.05679,-41.82333],[-74.05688,-41.82332],[-74.056935,-41.823331],[-74.05699,-41.8234],[-74.05698,-41.82351],[-74.05692,-41.82357],[-74.05676,-41.82358],[-74.05675,-41.82346],[-74.05679,-41.82333]]]},"properties":{"comuna":"Ancud","mancha_id":"10202-88cea8898bfffff-13","clase":"Medio","nivel_medio":2.079,"nivel_medio_min":2.079,"nivel_medio_max":2.079,"pct_alto":35.5,"n_hexagonos":1,"area_ha":0.05}},{"type":"Feature","geometry":{"type":"Polygon","coordinates":[[[-74.05626,-41.8236],[-74.05636,-41.82351],[-74.05643,-41.8235],[-74.05648,-41.82358],[-74.05644,-41.8237],[-74.05637,-41.82377],[-74.05628,-41.82371],[-74.05626,-41.8236]]]},"properties":{"comuna":"Ancud","mancha_id":"10202-88cea8898bfffff-14","clase":"Medio","nivel_medio":2.079,"nivel_medio_min":2.079,"nivel_medio_max":2.079,"pct_alto":35.5,"n_hexagonos":1,"area_ha":0.04}},{"type":"Feature","geometry":{"type":"Polygon","coordinates":[[[-74.05694,-41.82394],[-74.05704,-41.82387],[-74.05711,-41.82387],[-74.05725,-41.82394],[-74.0573,-41.82399],[-74.05727,-41.82406],[-74.05705,-41.82408],[-74.05694,-41.82394]]]},"properties":{"comuna":"Ancud","mancha_id":"10202-88cea8898bfffff-15","clase":"Medio","nivel_medio":2.079,"nivel_medio_min":2.079,"nivel_medio_max":2.079,"pct_alto":35.5,"n_hexagonos":1,"area_ha":0.05}},{"type":"Feature","geometry":{"type":"Polygon","coordinates":[[[-74.05898,-41.82493],[-74.05888,-41.8249],[-74.05883,-41.82485],[-74.05891,-41.82475],[-74.05906,-41.82478],[-74.059162,-41.824858],[-74.05898,-41.82493]]]},"properties":{"comuna":"Ancud","mancha_id":"10202-88cea8898bfffff-16","clase":"Medio","nivel_medio":2.079,"nivel_medio_min":2.079,"nivel_medio_max":2.079,"pct_alto":35.5,"n_hexagonos":1,"area_ha":0.03}},{"type":"Feature","geometry":{"type":"Polygon","coordinates":[[[-74.05897,-41.82516],[-74.05905,-41.82509],[-74.05917,-41.82506],[-74.05918,-41.82525],[-74.05911,-41.82532],[-74.05901,-41.82534],[-74.05896,-41.82526],[-74.05897,-41.82516]]]},"properties":{"comuna":"Ancud","mancha_id":"10202-88cea8898bfffff-17","clase":"Medio","nivel_medio":2.079,"nivel_medio_min":2.079,"nivel_medio_max":2.079,"pct_alto":35.5,"n_hexagonos":1,"area_ha":0.04}},{"type":"Feature","geometry":{"type":"Polygon","coordinates":[[[-74.05985,-41.82568],[-74.05993,-41.82561],[-74.06009,-41.82562],[-74.0602,-41.8257],[-74.06022,-41.82576],[-74.06016,-41.82586],[-74.06007,-41.8259],[-74.05992,-41.82587],[-74.05984,-41.82579],[-74.05985,-41.82568]]]},"properties":{"comuna":"Ancud","mancha_id":"10202-88cea8898bfffff-18","clase":"Medio","nivel_medio":2.079,"nivel_medio_min":2.079,"nivel_medio_max":2.079,"pct_alto":35.5,"n_hexagonos":1,"area_ha":0.08}},{"type":"Feature","geometry":{"type":"Polygon","coordinates":[[[-74.05899,-41.82585],[-74.05911,-41.82584],[-74.05915,-41.82588],[-74.05914,-41.82594],[-74.05909,-41.82601],[-74.05898,-41.82608],[-74.05883,-41.82611],[-74.05876,-41.82601],[-74.05885,-41.82591],[-74.05899,-41.82585]]]},"properties":{"comuna":"Ancud","mancha_id":"10202-88cea8898bfffff-19","clase":"Medio","nivel_medio":2.079,"nivel_medio_min":2.079,"nivel_medio_max":2.079,"pct_alto":35.5,"n_hexagonos":1,"area_ha":0.06}},{"type":"Feature","geometry":{"type":"Polygon","coordinates":[[[-74.05805,-41.82601],[-74.05816,-41.82597],[-74.05826,-41.826],[-74.05831,-41.82607],[-74.05828,-41.82617],[-74.05813,-41.82622],[-74.05805,-41.82614],[-74.05805,-41.82601]]]},"properties":{"comuna":"Ancud","mancha_id":"10202-88cea8898bfffff-20","clase":"Medio","nivel_medio":2.079,"nivel_medio_min":2.079,"nivel_medio_max":2.079,"pct_alto":35.5,"n_hexagonos":1,"area_ha":0.04}},{"type":"Feature","geometry":{"type":"Polygon","coordinates":[[[-74.05799,-41.82654],[-74.057885,-41.826455],[-74.058,-41.82637],[-74.05809,-41.82637],[-74.058205,-41.826468],[-74.05799,-41.82654]]]},"properties":{"comuna":"Ancud","mancha_id":"10202-88cea8898bfffff-21","clase":"Medio","nivel_medio":2.079,"nivel_medio_min":2.079,"nivel_medio_max":2.079,"pct_alto":35.5,"n_hexagonos":1,"area_ha":0.03}},{"type":"Feature","geometry":{"type":"Polygon","coordinates":[[[-74.05778,-41.82687],[-74.05787,-41.82677],[-74.058,-41.82677],[-74.0581,-41.82682],[-74.05813,-41.82691],[-74.05803,-41.82699],[-74.05785,-41.82699],[-74.05778,-41.82687]]]},"properties":{"comuna":"Ancud","mancha_id":"10202-88cea8898bfffff-22","clase":"Medio","nivel_medio":2.079,"nivel_medio_min":2.079,"nivel_medio_max":2.079,"pct_alto":35.5,"n_hexagonos":1,"area_ha":0.05}},{"type":"Feature","geometry":{"type":"Polygon","coordinates":[[[-73.97036,-41.867295],[-73.974276,-41.870598],[-73.980045,-41.869338],[-73.983962,-41.872641],[-73.982111,-41.877205],[-73.976342,-41.878465],[-73.97449,-41.883028],[-73.968721,-41.884288],[-73.964804,-41.880984],[-73.966656,-41.876421],[-73.96274,-41.873117],[-73.964592,-41.868555],[-73.97036,-41.867295]]]},"properties":{"comuna":"Ancud","mancha_id":"10202-88cea88961fffff","clase":"Medio","nivel_medio":2.256,"nivel_medio_min":2.03,"nivel_medio_max":2.452,"pct_alto":57.1,"n_hexagonos":3,"area_ha":199.08}},{"type":"Feature","geometry":{"type":"Polygon","coordinates":[[[-74.01687,-41.86711],[-74.01708,-41.86729],[-74.01711,-41.86746],[-74.01706,-41.86754],[-74.01665,-41.86745],[-74.016555,-41.86735],[-74.01652,-41.86729],[-74.01656,-41.86702],[-74.0167,-41.86704],[-74.01687,-41.86711]]]},"properties":{"comuna":"Ancud","mancha_id":"10202-88cea88957fffff","clase":"Medio","nivel_medio":1.94,"nivel_medio_min":1.94,"nivel_medio_max":1.94,"pct_alto":16.2,"n_hexagonos":1,"area_ha":0.19}},{"type":"Feature","geometry":{"type":"Polygon","coordinates":[[[-74.01432,-41.86727],[-74.0141,-41.8675],[-74.01392,-41.86759],[-74.01375,-41.86757],[-74.01372,-41.86745],[-74.01376,-41.8673],[-74.01391,-41.86721],[-74.01417,-41.86711],[-74.01436,-41.86714],[-74.01435,-41.86721],[-74.01432,-41.86727]]]},"properties":{"comuna":"Ancud","mancha_id":"10202-88cea88957fffff-2","clase":"Medio","nivel_medio":1.94,"nivel_medio_min":1.94,"nivel_medio_max":1.94,"pct_alto":16.2,"n_hexagonos":1,"area_ha":0.17}},{"type":"Feature","geometry":{"type":"Polygon","coordinates":[[[-74.02165,-41.86726],[-74.02172,-41.86723],[-74.02187,-41.867255],[-74.0219,-41.86732],[-74.02187,-41.86739],[-74.0218,-41.86743],[-74.02171,-41.86743],[-74.02164,-41.86737],[-74.02165,-41.86726]]]},"properties":{"comuna":"Ancud","mancha_id":"10202-88cea88953fffff","clase":"Medio","nivel_medio":1.545,"nivel_medio_min":1.545,"nivel_medio_max":1.545,"pct_alto":10.5,"n_hexagonos":1,"area_ha":0.04}},{"type":"Feature","geometry":{"type":"Polygon","coordinates":[[[-74.02156,-41.86776],[-74.02151,-41.86769],[-74.02152,-41.86759],[-74.0217,-41.8676],[-74.02169,-41.86776],[-74.02163,-41.86777],[-74.02156,-41.86776]]]},"properties":{"comuna":"Ancud","mancha_id":"10202-88cea88953fffff-2","clase":"Medio","nivel_medio":1.545,"nivel_medio_min":1.545,"nivel_medio_max":1.545,"pct_alto":10.5,"n_hexagonos":1,"area_ha":0.03}},{"type":"Feature","geometry":{"type":"Polygon","coordinates":[[[-74.02178,-41.86781],[-74.02184,-41.86778],[-74.02199,-41.86777],[-74.02201,-41.86789],[-74.02198,-41.86797],[-74.02193,-41.86802],[-74.02184,-41.86801],[-74.02171,-41.86794],[-74.02178,-41.86781]]]},"properties":{"comuna":"Ancud","mancha_id":"10202-88cea88953fffff-3","clase":"Medio","nivel_medio":1.545,"nivel_medio_min":1.545,"nivel_medio_max":1.545,"pct_alto":10.5,"n_hexagonos":1,"area_ha":0.05}},{"type":"Feature","geometry":{"type":"Polygon","coordinates":[[[-74.01953,-41.86779],[-74.01966,-41.86778],[-74.01978,-41.86779],[-74.0198,-41.86793],[-74.01973,-41.86803],[-74.01959,-41.86807],[-74.01949,-41.86804],[-74.01944,-41.86795],[-74.01945,-41.86787],[-74.01953,-41.86779]]]},"properties":{"comuna":"Ancud","mancha_id":"10202-88cea88953fffff-4","clase":"Medio","nivel_medio":1.545,"nivel_medio_min":1.545,"nivel_medio_max":1.545,"pct_alto":10.5,"n_hexagonos":1,"area_ha":0.08}},{"type":"Feature","geometry":{"type":"Polygon","coordinates":[[[-74.0201,-41.86838],[-74.02026,-41.86847],[-74.02031,-41.86854],[-74.02033,-41.86863],[-74.020255,-41.86871],[-74.02015,-41.86872],[-74.02001,-41.86866],[-74.01998,-41.86847],[-74.0201,-41.86838]]]},"properties":{"comuna":"Ancud","mancha_id":"10202-88cea88953fffff-5","clase":"Medio","nivel_medio":1.545,"nivel_medio_min":1.545,"nivel_medio_max":1.545,"pct_alto":10.5,"n_hexagonos":1,"area_ha":0.08}},{"type":"Feature","geometry":{"type":"Polygon","coordinates":[[[-74.02163,-41.86877],[-74.02183,-41.86872],[-74.02207,-41.86883],[-74.02203,-41.86901],[-74.02183,-41.86907],[-74.0217,-41.86904],[-74.02161,-41.86889],[-74.02163,-41.86877]]]},"properties":{"comuna":"Ancud","mancha_id":"10202-88cea88953fffff-6","clase":"Medio","nivel_medio":1.545,"nivel_medio_min":1.545,"nivel_medio_max":1.545,"pct_alto":10.5,"n_hexagonos":1,"area_ha":0.11}},{"type":"Feature","geometry":{"type":"Polygon","coordinates":[[[-74.024785,-41.86487],[-74.02486,-41.86481],[-74.02494,-41.8648],[-74.02502,-41.8648],[-74.0251,-41.864845],[-74.02496,-41.865],[-74.02487,-41.865],[-74.02482,-41.86497],[-74.024785,-41.86487]]]},"properties":{"comuna":"Ancud","mancha_id":"10202-88cea88953fffff-7","clase":"Medio","nivel_medio":1.545,"nivel_medio_min":1.545,"nivel_medio_max":1.545,"pct_alto":10.5,"n_hexagonos":1,"area_ha":0.04}},{"type":"Feature","geometry":{"type":"Polygon","coordinates":[[[-74.02367,-41.8653],[-74.02379,-41.86525],[-74.02389,-41.86527],[-74.024,-41.86534],[-74.02394,-41.86542],[-74.02385,-41.86547],[-74.02375,-41.86547],[-74.02368,-41.86542],[-74.02365,-41.86536],[-74.02367,-41.8653]]]},"properties":{"comuna":"Ancud","mancha_id":"10202-88cea88953fffff-8","clase":"Medio","nivel_medio":1.545,"nivel_medio_min":1.545,"nivel_medio_max":1.545,"pct_alto":10.5,"n_hexagonos":1,"area_ha":0.05}},{"type":"Feature","geometry":{"type":"Polygon","coordinates":[[[-74.02339,-41.86564],[-74.02346,-41.86565],[-74.02355,-41.86569],[-74.02355,-41.86577],[-74.02349,-41.86582],[-74.0234,-41.86585],[-74.02329,-41.86584],[-74.023265,-41.86568],[-74.02339,-41.86564]]]},"properties":{"comuna":"Ancud","mancha_id":"10202-88cea88953fffff-9","clase":"Medio","nivel_medio":1.545,"nivel_medio_min":1.545,"nivel_medio_max":1.545,"pct_alto":10.5,"n_hexagonos":1,"area_ha":0.04}},{"type":"Feature","geometry":{"type":"Polygon","coordinates":[[[-74.02257,-41.86626],[-74.02259,-41.86616],[-74.0228,-41.86613],[-74.022853,-41.866185],[-74.02283,-41.8663],[-74.02267,-41.86634],[-74.0226,-41.86631],[-74.02257,-41.86626]]]},"properties":{"comuna":"Ancud","mancha_id":"10202-88cea88953fffff-10","clase":"Medio","nivel_medio":1.545,"nivel_medio_min":1.545,"nivel_medio_max":1.545,"pct_alto":10.5,"n_hexagonos":1,"area_ha":0.04}},{"type":"Feature","geometry":{"type":"Polygon","coordinates":[[[-74.02307,-41.86651],[-74.02307,-41.86644],[-74.02319,-41.86637],[-74.02334,-41.866415],[-74.02332,-41.86649],[-74.02315,-41.86658],[-74.02307,-41.86651]]]},"properties":{"comuna":"Ancud","mancha_id":"10202-88cea88953fffff-11","clase":"Medio","nivel_medio":1.545,"nivel_medio_min":1.545,"nivel_medio_max":1.545,"pct_alto":10.5,"n_hexagonos":1,"area_ha":0.03}},{"type":"Feature","geometry":{"type":"Polygon","coordinates":[[[-74.02261,-41.86663],[-74.0228,-41.86661],[-74.02295,-41.86669],[-74.0229,-41.86677],[-74.02278,-41.86686],[-74.02267,-41.86687],[-74.022515,-41.86671],[-74.02261,-41.86663]]]},"properties":{"comuna":"Ancud","mancha_id":"10202-88cea88953fffff-12","clase":"Medio","nivel_medio":1.545,"nivel_medio_min":1.545,"nivel_medio_max":1.545,"pct_alto":10.5,"n_hexagonos":1,"area_ha":0.07}},{"type":"Feature","geometry":{"type":"Polygon","coordinates":[[[-74.02218,-41.86747],[-74.02218,-41.86755],[-74.02215,-41.8676],[-74.02209,-41.86764],[-74.02202,-41.86766],[-74.02195,-41.86762],[-74.02193,-41.86748],[-74.02207,-41.86741],[-74.02218,-41.86747]]]},"properties":{"comuna":"Ancud","mancha_id":"10202-88cea88953fffff-13","clase":"Medio","nivel_medio":1.545,"nivel_medio_min":1.545,"nivel_medio_max":1.545,"pct_alto":10.5,"n_hexagonos":1,"area_ha":0.04}},{"type":"Feature","geometry":{"type":"Polygon","coordinates":[[[-74.027,-41.85461],[-74.0269,-41.85464],[-74.02683,-41.85458],[-74.0269,-41.85448],[-74.02703,-41.854505],[-74.027,-41.85461]]]},"properties":{"comuna":"Ancud","mancha_id":"10202-88cea8891bfffff","clase":"Medio","nivel_medio":1.977,"nivel_medio_min":1.977,"nivel_medio_max":1.977,"pct_alto":33.8,"n_hexagonos":1,"area_ha":0.02}},{"type":"Feature","geometry":{"type":"Polygon","coordinates":[[[-74.02663,-41.85481],[-74.02671,-41.85479],[-74.02679,-41.85479],[-74.02691,-41.85486],[-74.02693,-41.85493],[-74.02689,-41.85502],[-74.02678,-41.855],[-74.0266,-41.85489],[-74.02663,-41.85481]]]},"properties":{"comuna":"Ancud","mancha_id":"10202-88cea8891bfffff-2","clase":"Medio","nivel_medio":1.977,"nivel_medio_min":1.977,"nivel_medio_max":1.977,"pct_alto":33.8,"n_hexagonos":1,"area_ha":0.05}},{"type":"Feature","geometry":{"type":"Polygon","coordinates":[[[-74.02688,-41.85569],[-74.02694,-41.85564],[-74.02703,-41.85564],[-74.02708,-41.85568],[-74.02699,-41.85577],[-74.0269,-41.8558],[-74.02688,-41.85569]]]},"properties":{"comuna":"Ancud","mancha_id":"10202-88cea8891bfffff-3","clase":"Medio","nivel_medio":1.977,"nivel_medio_min":1.977,"nivel_medio_max":1.977,"pct_alto":33.8,"n_hexagonos":1,"area_ha":0.02}},{"type":"Feature","geometry":{"type":"Polygon","coordinates":[[[-74.02661,-41.85721],[-74.026667,-41.85721],[-74.02673,-41.85731],[-74.02666,-41.85746],[-74.02657,-41.85753],[-74.02651,-41.85754],[-74.02646,-41.85746],[-74.02646,-41.85735],[-74.02652,-41.85727],[-74.02661,-41.85721]]]},"properties":{"comuna":"Ancud","mancha_id":"10202-88cea8891bfffff-4","clase":"Medio","nivel_medio":1.977,"nivel_medio_min":1.977,"nivel_medio_max":1.977,"pct_alto":33.8,"n_hexagonos":1,"area_ha":0.06}},{"type":"Feature","geometry":{"type":"Polygon","coordinates":[[[-74.02515,-41.85732],[-74.02522,-41.8573],[-74.02528,-41.85731],[-74.025345,-41.85737],[-74.02533,-41.85743],[-74.02518,-41.85756],[-74.02508,-41.85753],[-74.02507,-41.85746],[-74.02515,-41.85732]]]},"properties":{"comuna":"Ancud","mancha_id":"10202-88cea8891bfffff-5","clase":"Medio","nivel_medio":1.977,"nivel_medio_min":1.977,"nivel_medio_max":1.977,"pct_alto":33.8,"n_hexagonos":1,"area_ha":0.04}},{"type":"Feature","geometry":{"type":"Polygon","coordinates":[[[-74.027147,-41.85733],[-74.02722,-41.85731],[-74.0273,-41.85732],[-74.02744,-41.8575],[-74.02745,-41.85756],[-74.02736,-41.85764],[-74.02725,-41.85764],[-74.02713,-41.85756],[-74.02708,-41.85746],[-74.027147,-41.85733]]]},"properties":{"comuna":"Ancud","mancha_id":"10202-88cea8891bfffff-6","clase":"Medio","nivel_medio":1.977,"nivel_medio_min":1.977,"nivel_medio_max":1.977,"pct_alto":33.8,"n_hexagonos":1,"area_ha":0.08}},{"type":"Feature","geometry":{"type":"Polygon","coordinates":[[[-74.02547,-41.85768],[-74.02558,-41.85768],[-74.025843,-41.857835],[-74.0259,-41.8579],[-74.0259,-41.85802],[-74.02584,-41.85807],[-74.025445,-41.85798],[-74.02538,-41.85792],[-74.025435,-41.85773],[-74.02547,-41.85768]]]},"properties":{"comuna":"Ancud","mancha_id":"10202-88cea8891bfffff-7","clase":"Medio","nivel_medio":1.977,"nivel_medio_min":1.977,"nivel_medio_max":1.977,"pct_alto":33.8,"n_hexagonos":1,"area_ha":0.13}},{"type":"Feature","geometry":{"type":"Polygon","coordinates":[[[-74.03226,-41.85319],[-74.03227,-41.85294],[-74.032205,-41.85264],[-74.03218,-41.8523],[-74.03225,-41.85224],[-74.032367,-41.852199],[-74.03251,-41.85215],[-74.03262,-41.85215],[-74.03267,-41.85219],[-74.03276,-41.85221],[-74.03281,-41.85226],[-74.03314,-41.85252],[-74.033105,-41.852821],[-74.03309,-41.85295],[-74.03304,-41.85316],[-74.03291,-41.85331],[-74.03283,-41.85332],[-74.03262,-41.85333],[-74.03246,-41.85328],[-74.03226,-41.85319]]]},"properties":{"comuna":"Ancud","mancha_id":"10202-88cea8891bfffff-8","clase":"Medio","nivel_medio":1.985,"nivel_medio_min":1.977,"nivel_medio_max":2.019,"pct_alto":34.0,"n_hexagonos":2,"area_ha":0.82}},{"type":"Feature","geometry":{"type":"Polygon","coordinates":[[[-74.02978,-41.85366],[-74.02986,-41.85364],[-74.02998,-41.85374],[-74.03001,-41.85382],[-74.02998,-41.85388],[-74.02982,-41.85392],[-74.02968,-41.85388],[-74.02964,-41.85379],[-74.02978,-41.85366]]]},"properties":{"comuna":"Ancud","mancha_id":"10202-88cea8891bfffff-9","clase":"Medio","nivel_medio":1.977,"nivel_medio_min":1.977,"nivel_medio_max":1.977,"pct_alto":33.8,"n_hexagonos":1,"area_ha":0.06}},{"type":"Feature","geometry":{"type":"Polygon","coordinates":[[[-74.02776,-41.85377],[-74.02782,-41.85377],[-74.02792,-41.85378],[-74.02798,-41.8538],[-74.02797,-41.8539],[-74.02784,-41.85402],[-74.0277,-41.854],[-74.02766,-41.85391],[-74.02766,-41.85383],[-74.02776,-41.85377]]]},"properties":{"comuna":"Ancud","mancha_id":"10202-88cea8891bfffff-10","clase":"Medio","nivel_medio":1.977,"nivel_medio_min":1.977,"nivel_medio_max":1.977,"pct_alto":33.8,"n_hexagonos":1,"area_ha":0.06}},{"type":"Feature","geometry":{"type":"Polygon","coordinates":[[[-74.02899,-41.85373],[-74.02908,-41.85377],[-74.02915,-41.85383],[-74.02907,-41.85407],[-74.02902,-41.85412],[-74.02891,-41.85414],[-74.02882,-41.85405],[-74.02877,-41.85395],[-74.02881,-41.85374],[-74.02891,-41.85372],[-74.02899,-41.85373]]]},"properties":{"comuna":"Ancud","mancha_id":"10202-88cea8891bfffff-11","clase":"Medio","nivel_medio":1.977,"nivel_medio_min":1.977,"nivel_medio_max":1.977,"pct_alto":33.8,"n_hexagonos":1,"area_ha":0.11}},{"type":"Feature","geometry":{"type":"Polygon","coordinates":[[[-74.02949,-41.85394],[-74.02959,-41.85395],[-74.02966,-41.85399],[-74.02971,-41.8541],[-74.0297,-41.85418],[-74.02957,-41.8542],[-74.02943,-41.85414],[-74.029437,-41.853961],[-74.02949,-41.85394]]]},"properties":{"comuna":"Ancud","mancha_id":"10202-88cea8891bfffff-12","clase":"Medio","nivel_medio":1.977,"nivel_medio_min":1.977,"nivel_medio_max":1.977,"pct_alto":33.8,"n_hexagonos":1,"area_ha":0.05}},{"type":"Feature","geometry":{"type":"Polygon","coordinates":[[[-74.02986,-41.85407],[-74.02987,-41.85401],[-74.02997,-41.85398],[-74.03009,-41.854],[-74.0301,-41.85413],[-74.03,-41.85417],[-74.02989,-41.85415],[-74.02986,-41.85407]]]},"properties":{"comuna":"Ancud","mancha_id":"10202-88cea8891bfffff-13","clase":"Medio","nivel_medio":1.977,"nivel_medio_min":1.977,"nivel_medio_max":1.977,"pct_alto":33.8,"n_hexagonos":1,"area_ha":0.03}},{"type":"Feature","geometry":{"type":"Polygon","coordinates":[[[-74.02731,-41.85402],[-74.02737,-41.85405],[-74.02744,-41.85412],[-74.02745,-41.85421],[-74.0274,-41.85427],[-74.02729,-41.85432],[-74.02717,-41.85431],[-74.02715,-41.8542],[-74.02721,-41.85402],[-74.02731,-41.85402]]]},"properties":{"comuna":"Ancud","mancha_id":"10202-88cea8891bfffff-14","clase":"Medio","nivel_medio":1.977,"nivel_medio_min":1.977,"nivel_medio_max":1.977,"pct_alto":33.8,"n_hexagonos":1,"area_ha":0.06}},{"type":"Feature","geometry":{"type":"Polygon","coordinates":[[[-74.027465,-41.855955],[-74.02739,-41.85601],[-74.027335,-41.85595],[-74.02742,-41.85589],[-74.027465,-41.855955]]]},"properties":{"comuna":"Ancud","mancha_id":"10202-88cea8891bfffff-15","clase":"Medio","nivel_medio":1.977,"nivel_medio_min":1.977,"nivel_medio_max":1.977,"pct_alto":33.8,"n_hexagonos":1,"area_ha":0.01}},{"type":"Feature","geometry":{"type":"Polygon","coordinates":[[[-74.02848,-41.85608],[-74.02848,-41.85615],[-74.02835,-41.85626],[-74.02816,-41.85625],[-74.02808,-41.85615],[-74.0281,-41.85609],[-74.02823,-41.85599],[-74.028281,-41.856015],[-74.02835,-41.856],[-74.02848,-41.85608]]]},"properties":{"comuna":"Ancud","mancha_id":"10202-88cea8891bfffff-16","clase":"Medio","nivel_medio":1.977,"nivel_medio_min":1.977,"nivel_medio_max":1.977,"pct_alto":33.8,"n_hexagonos":1,"area_ha":0.07}},{"type":"Feature","geometry":{"type":"Polygon","coordinates":[[[-74.01272,-41.77548],[-74.0128,-41.77547],[-74.012814,-41.775473],[-74.012747,-41.775639],[-74.01271,-41.77563],[-74.01272,-41.77548]]]},"properties":{"comuna":"Ancud","mancha_id":"10202-88cea81361fffff","clase":"Medio","nivel_medio":2.329,"nivel_medio_min":2.329,"nivel_medio_max":2.329,"pct_alto":57.4,"n_hexagonos":1,"area_ha":0.01}},{"type":"Feature","geometry":{"type":"Polygon","coordinates":[[[-74.011252,-41.779335],[-74.005492,-41.780599],[-74.003646,-41.785162],[-73.997886,-41.786425],[-73.993973,-41.783126],[-73.99582,-41.778564],[-74.001579,-41.7773],[-74.003212,-41.773266],[-74.00334,-41.77331],[-74.00417,-41.77351],[-74.00473,-41.7736],[-74.00528,-41.77372],[-74.00584,-41.77382],[-74.00611,-41.77389],[-74.00667,-41.77399],[-74.00723,-41.77404],[-74.00772,-41.77411],[-74.00815,-41.77421],[-74.00858,-41.77434],[-74.0088,-41.77442],[-74.00901,-41.77453],[-74.00958,-41.77485],[-74.00989,-41.77507],[-74.01021,-41.7754],[-74.01042,-41.77557],[-74.0107,-41.77571],[-74.0111,-41.77583],[-74.01153,-41.77594],[-74.01193,-41.77615],[-74.01208,-41.77627],[-74.012379,-41.77655],[-74.011252,-41.779335]]]},"properties":{"comuna":"Ancud","mancha_id":"10202-88cea81361fffff-2","clase":"Medio","nivel_medio":1.929,"nivel_medio_min":1.645,"nivel_medio_max":2.329,"pct_alto":37.2,"n_hexagonos":2,"area_ha":114.02}},{"type":"Feature","geometry":{"type":"Polygon","coordinates":[[[-74.02508,-41.79187],[-74.02513,-41.79196],[-74.02513,-41.79203],[-74.02503,-41.7921],[-74.02486,-41.79212],[-74.02477,-41.79207],[-74.02473,-41.79197],[-74.02475,-41.7919],[-74.0249,-41.79185],[-74.02499,-41.79185],[-74.02508,-41.79187]]]},"properties":{"comuna":"Ancud","mancha_id":"10202-88cea8134dfffff","clase":"Medio","nivel_medio":2.295,"nivel_medio_min":2.295,"nivel_medio_max":2.295,"pct_alto":36.4,"n_hexagonos":1,"area_ha":0.08}},{"type":"Feature","geometry":{"type":"Polygon","coordinates":[[[-74.02504,-41.79523],[-74.02515,-41.795285],[-74.02512,-41.7954],[-74.02503,-41.79543],[-74.02491,-41.79541],[-74.02482,-41.7953],[-74.0249,-41.79521],[-74.02504,-41.79523]]]},"properties":{"comuna":"Ancud","mancha_id":"10202-88cea8134dfffff-2","clase":"Medio","nivel_medio":2.295,"nivel_medio_min":2.295,"nivel_medio_max":2.295,"pct_alto":36.4,"n_hexagonos":1,"area_ha":0.05}},{"type":"Feature","geometry":{"type":"Polygon","coordinates":[[[-74.0255,-41.79534],[-74.025635,-41.795365],[-74.02564,-41.7955],[-74.02561,-41.79555],[-74.0255,-41.79561],[-74.02539,-41.79556],[-74.02538,-41.79549],[-74.0255,-41.79534]]]},"properties":{"comuna":"Ancud","mancha_id":"10202-88cea8134dfffff-3","clase":"Medio","nivel_medio":2.295,"nivel_medio_min":2.295,"nivel_medio_max":2.295,"pct_alto":36.4,"n_hexagonos":1,"area_ha":0.05}},{"type":"Feature","geometry":{"type":"Polygon","coordinates":[[[-74.025097,-41.79555],[-74.02518,-41.79559],[-74.02517,-41.7957],[-74.02509,-41.79577],[-74.02495,-41.79578],[-74.0249,-41.79559],[-74.02504,-41.79555],[-74.025097,-41.79555]]]},"properties":{"comuna":"Ancud","mancha_id":"10202-88cea8134dfffff-4","clase":"Medio","nivel_medio":2.295,"nivel_medio_min":2.295,"nivel_medio_max":2.295,"pct_alto":36.4,"n_hexagonos":1,"area_ha":0.05}},{"type":"Feature","geometry":{"type":"Polygon","coordinates":[[[-74.02535,-41.79591],[-74.02543,-41.79591],[-74.0255,-41.79595],[-74.025517,-41.795984],[-74.025445,-41.796163],[-74.02542,-41.79617],[-74.02527,-41.7961],[-74.02527,-41.79602],[-74.02535,-41.79591]]]},"properties":{"comuna":"Ancud","mancha_id":"10202-88cea8134dfffff-5","clase":"Medio","nivel_medio":2.295,"nivel_medio_min":2.295,"nivel_medio_max":2.295,"pct_alto":36.4,"n_hexagonos":1,"area_ha":0.04}},{"type":"Feature","geometry":{"type":"Polygon","coordinates":[[[-74.01866,-41.781955],[-74.01864,-41.78206],[-74.01856,-41.78207],[-74.01853,-41.78201],[-74.018568,-41.781887],[-74.018599,-41.78188],[-74.01868,-41.78188],[-74.01866,-41.781955]]]},"properties":{"comuna":"Ancud","mancha_id":"10202-88cea81345fffff","clase":"Medio","nivel_medio":2.129,"nivel_medio_min":2.129,"nivel_medio_max":2.129,"pct_alto":37.7,"n_hexagonos":1,"area_ha":0.02}},{"type":"Feature","geometry":{"type":"Polygon","coordinates":[[[-74.01951,-41.78241],[-74.01963,-41.7824],[-74.01972,-41.78247],[-74.01969,-41.78256],[-74.01957,-41.78258],[-74.019425,-41.78253],[-74.01951,-41.78241]]]},"properties":{"comuna":"Ancud","mancha_id":"10202-88cea81345fffff-2","clase":"Medio","nivel_medio":2.129,"nivel_medio_min":2.129,"nivel_medio_max":2.129,"pct_alto":37.7,"n_hexagonos":1,"area_ha":0.03}},{"type":"Feature","geometry":{"type":"Polygon","coordinates":[[[-74.02278,-41.78329],[-74.022837,-41.78329],[-74.02287,-41.78336],[-74.02279,-41.783475],[-74.02266,-41.78343],[-74.02266,-41.78336],[-74.02272,-41.78329],[-74.02278,-41.78329]]]},"properties":{"comuna":"Ancud","mancha_id":"10202-88cea81345fffff-3","clase":"Medio","nivel_medio":2.129,"nivel_medio_min":2.129,"nivel_medio_max":2.129,"pct_alto":37.7,"n_hexagonos":1,"area_ha":0.03}},{"type":"Feature","geometry":{"type":"Polygon","coordinates":[[[-74.0229,-41.78917],[-74.022886,-41.789256],[-74.02287,-41.78936],[-74.02277,-41.78954],[-74.02264,-41.78991],[-74.02265,-41.790165],[-74.022705,-41.790265],[-74.02358,-41.79137],[-74.02438,-41.79213],[-74.02457,-41.79227],[-74.02474,-41.79235],[-74.024835,-41.792385],[-74.02496,-41.79241],[-74.02505,-41.79245],[-74.02512,-41.79268],[-74.02512,-41.79282],[-74.02531,-41.79283],[-74.02533,-41.79258],[-74.02538,-41.7925],[-74.02567,-41.79262],[-74.02558,-41.79302],[-74.02557,-41.79315],[-74.02552,-41.79323],[-74.02535,-41.79339],[-74.025,-41.79357],[-74.02469,-41.79376],[-74.02438,-41.79395],[-74.0243,-41.79408],[-74.02425,-41.79419],[-74.02416,-41.79475],[-74.02414,-41.79484],[-74.024305,-41.79512],[-74.02439,-41.79518],[-74.02441,-41.79525],[-74.02467,-41.79547],[-74.02468,-41.79615],[-74.02481,-41.79691],[-74.02481,-41.797151],[-74.02481,-41.79746],[-74.02486,-41.79783],[-74.02484,-41.79802],[-74.02488,-41.79876],[-74.0248,-41.79901],[-74.02472,-41.79905],[-74.02467,-41.79913],[-74.02451,-41.79931],[-74.02451,-41.79942],[-74.02473,-41.79969],[-74.02492,-41.79983],[-74.02528,-41.80015],[-74.02561,-41.80054],[-74.02576,-41.80076],[-74.02603,-41.8015],[-74.02607,-41.80169],[-74.02619,-41.80188],[-74.02639,-41.80225],[-74.02665,-41.80262],[-74.02724,-41.80337],[-74.0276,-41.80369],[-74.027638,-41.803724],[-74.027139,-41.804958],[-74.031057,-41.808258],[-74.034133,-41.807583],[-74.03454,-41.80778],[-74.03519,-41.80807],[-74.03562,-41.80829],[-74.03605,-41.80849],[-74.0367,-41.80872],[-74.03758,-41.80892],[-74.03871,-41.80917],[-74.03903,-41.80919],[-74.039344,-41.809118],[-74.04074,-41.810293],[-74.046504,-41.809027],[-74.047257,-41.807166],[-74.04728,-41.80716],[-74.04771,-41.80701],[-74.04818,-41.80677],[-74.048395,-41.806585],[-74.04845,-41.80656],[-74.04845,-41.8065],[-74.0485,-41.80646],[-74.04854,-41.8064],[-74.04871,-41.80598],[-74.04882,-41.80524],[-74.049046,-41.804309],[-74.053157,-41.803406],[-74.05298,-41.80361],[-74.05253,-41.80394],[-74.05229,-41.80409],[-74.05178,-41.80433],[-74.05155,-41.80447],[-74.05134,-41.80465],[-74.05129,-41.8047],[-74.05118,-41.805],[-74.05115,-41.80517],[-74.051165,-41.805315],[-74.05139,-41.80565],[-74.05151,-41.80598],[-74.05152,-41.80614],[-74.05148,-41.80663],[-74.05142,-41.80695],[-74.0514,-41.80728],[-74.05141,-41.8076],[-74.051475,-41.80784],[-74.051555,-41.807935],[-74.05162,-41.80805],[-74.05168,-41.80807],[-74.05189,-41.80828],[-74.0522,-41.80861],[-74.0524,-41.80877],[-74.05258,-41.80883],[-74.05284,-41.80894],[-74.05286,-41.80905],[-74.05276,-41.80953],[-74.05241,-41.81004],[-74.05201,-41.81018],[-74.05183,-41.81019],[-74.05172,-41.81021],[-74.05129,-41.81021],[-74.05079,-41.81023],[-74.05047,-41.8103],[-74.05016,-41.8105],[-74.04994,-41.81067],[-74.04976,-41.81085],[-74.04962,-41.81104],[-74.04945,-41.81141],[-74.049447,-41.811505],[-74.04944,-41.81178],[-74.04952,-41.81252],[-74.04956,-41.81308],[-74.04978,-41.81382],[-74.049801,-41.813869],[-74.04858,-41.816892],[-74.052501,-41.820192],[-74.052968,-41.82009],[-74.05294,-41.82019],[-74.05294,-41.82038],[-74.05298,-41.82056],[-74.05304,-41.82063],[-74.05306,-41.82073],[-74.05321,-41.82094],[-74.05338,-41.8211],[-74.05383,-41.82145],[-74.05397,-41.82155],[-74.0543,-41.82165],[-74.05439,-41.82172],[-74.0545,-41.82225],[-74.05456,-41.82276],[-74.05486,-41.82311],[-74.0553,-41.82348],[-74.05537,-41.8235],[-74.05607,-41.82402],[-74.05635,-41.82418],[-74.05663,-41.82438],[-74.05673,-41.8245],[-74.05693,-41.82481],[-74.05694,-41.82498],[-74.05703,-41.82514],[-74.0572,-41.82528],[-74.05742,-41.82542],[-74.05754,-41.82553],[-74.05763,-41.82564],[-74.05767,-41.82579],[-74.05767,-41.82592],[-74.05758,-41.826015],[-74.05753,-41.82605],[-74.05742,-41.82628],[-74.05741,-41.8266],[-74.05737,-41.82676],[-74.05719,-41.82709],[-74.05716,-41.82731],[-74.05721,-41.827385],[-74.057291,-41.827462],[-74.05732,-41.82749],[-74.05745,-41.82755],[-74.05766,-41.82762],[-74.05803,-41.82766],[-74.05822,-41.82771],[-74.0584,-41.82778],[-74.05851,-41.82784],[-74.05865,-41.82807],[-74.05868,-41.82818],[-74.05834,-41.82888],[-74.05835,-41.8292],[-74.05859,-41.82953],[-74.0589,-41.82981],[-74.05905,-41.82997],[-74.05925,-41.8303],[-74.0594,-41.83072],[-74.0596,-41.8308],[-74.059685,-41.830795],[-74.05996,-41.83065],[-74.06005,-41.83064],[-74.06017,-41.83067],[-74.06031,-41.83084],[-74.06031,-41.83092],[-74.06021,-41.83099],[-74.0599,-41.83108],[-74.05986,-41.83114],[-74.05975,-41.8312],[-74.0597,-41.83124],[-74.05975,-41.83132],[-74.06013,-41.83141],[-74.06025,-41.83152],[-74.06024,-41.83165],[-74.060145,-41.83185],[-74.06015,-41.83194],[-74.0602,-41.83198],[-74.06017,-41.83222],[-74.05996,-41.83229],[-74.05964,-41.83245],[-74.0596,-41.83255],[-74.05962,-41.83272],[-74.05975,-41.83306],[-74.05969,-41.8332],[-74.05967,-41.83336],[-74.05967,-41.83352],[-74.0597,-41.83369],[-74.05969,-41.83401],[-74.05959,-41.83433],[-74.05948,-41.83454],[-74.05918,-41.83482],[-74.05897,-41.83507],[-74.05869,-41.83545],[-74.058673,-41.835481],[-74.056655,-41.835924],[-74.056005,-41.837533],[-74.05585,-41.83753],[-74.05543,-41.83768],[-74.05535,-41.83768],[-74.05528,-41.83775],[-74.05479,-41.83791],[-74.05441,-41.83808],[-74.05427,-41.838205],[-74.05421,-41.83824],[-74.05421,-41.83837],[-74.05423,-41.83853],[-74.0542,-41.83871],[-74.054,-41.83893],[-74.05384,-41.83901],[-74.05357,-41.83918],[-74.05337,-41.83938],[-74.0533,-41.83954],[-74.05329,-41.8397],[-74.053195,-41.839865],[-74.05318,-41.83992],[-74.05305,-41.83996],[-74.05264,-41.83971],[-74.05244,-41.83965],[-74.05233,-41.839625],[-74.0516,-41.83956],[-74.05132,-41.83959],[-74.05113,-41.83969],[-74.05079,-41.83995],[-74.0506,-41.84002],[-74.0504,-41.84013],[-74.05037,-41.84024],[-74.050385,-41.84047],[-74.0506,-41.84093],[-74.05076,-41.841378],[-74.049041,-41.841755],[-74.048693,-41.842618],[-74.04864,-41.84262],[-74.04844,-41.84268],[-74.0483,-41.84278],[-74.04834,-41.84332],[-74.048321,-41.843537],[-74.048311,-41.843562],[-74.04827,-41.843615],[-74.04808,-41.84374],[-74.04776,-41.84382],[-74.04726,-41.84386],[-74.04652,-41.8439],[-74.04627,-41.84398],[-74.04586,-41.84424],[-74.04558,-41.84451],[-74.04539,-41.84471],[-74.04509,-41.84498],[-74.04486,-41.84497],[-74.04427,-41.84484],[-74.04382,-41.8448],[-74.04359,-41.84484],[-74.04334,-41.84491],[-74.04309,-41.84504],[-74.04248,-41.84546],[-74.0424,-41.84561],[-74.04234,-41.84582],[-74.04232,-41.84603],[-74.0424,-41.84633],[-74.04251,-41.84647],[-74.04257,-41.8467],[-74.04259,-41.84679],[-74.04252,-41.84683],[-74.04252,-41.84694],[-74.04258,-41.84717],[-74.04257,-41.847335],[-74.041427,-41.847586],[-74.041334,-41.847815],[-74.04133,-41.84781],[-74.04109,-41.8476],[-74.04055,-41.84723],[-74.04021,-41.84721],[-74.04004,-41.84712],[-74.03989,-41.84709],[-74.03942,-41.84709],[-74.03898,-41.84738],[-74.03892,-41.84745],[-74.03876,-41.84751],[-74.03869,-41.84746],[-74.03849,-41.84739],[-74.03841,-41.84728],[-74.03823,-41.84728],[-74.03807,-41.84734],[-74.03782,-41.84739],[-74.03757,-41.8474],[-74.03698,-41.84735],[-74.03665,-41.84727],[-74.03634,-41.84715],[-74.03626,-41.84705],[-74.0362,-41.84704],[-74.03609,-41.84693],[-74.03548,-41.84669],[-74.03467,-41.84683],[-74.03405,-41.84706],[-74.03386,-41.84716],[-74.03338,-41.84732],[-74.0333,-41.84739],[-74.03257,-41.84768],[-74.03255,-41.84777],[-74.03247,-41.84779],[-74.03226,-41.84808],[-74.03198,-41.84863],[-74.0316,-41.84918],[-74.0315,-41.84937],[-74.03142,-41.84962],[-74.031355,-41.84971],[-74.03204,-41.85043],[-74.0322,-41.8505],[-74.03226,-41.85054],[-74.03258,-41.85069],[-74.03275,-41.85073],[-74.03309,-41.85091],[-74.03346,-41.85102],[-74.033975,-41.85123],[-74.03398,-41.85138],[-74.03393,-41.85142],[-74.03393,-41.85153],[-74.03387,-41.85157],[-74.03383,-41.851655],[-74.03379,-41.85173],[-74.03362,-41.85183],[-74.03335,-41.85192],[-74.03317,-41.85197],[-74.03279,-41.85196],[-74.032655,-41.85193],[-74.03246,-41.851885],[-74.03238,-41.85187],[-74.0323,-41.85182],[-74.03207,-41.85172],[-74.03181,-41.85166],[-74.031726,-41.85166],[-74.03164,-41.85166],[-74.03148,-41.85211],[-74.03121,-41.85234],[-74.03122,-41.85245],[-74.03142,-41.85291],[-74.03141,-41.85304],[-74.03126,-41.85321],[-74.03113,-41.85326],[-74.03073,-41.85323],[-74.03054,-41.85319],[-74.03041,-41.85312],[-74.03027,-41.85308],[-74.03029,-41.85288],[-74.03026,-41.85269],[-74.03012,-41.85263],[-74.02987,-41.85274],[-74.02978,-41.8527],[-74.02944,-41.85262],[-74.02933,-41.85263],[-74.02885,-41.85284],[-74.02864,-41.85302],[-74.02859,-41.85311],[-74.02852,-41.85313],[-74.02844,-41.85325],[-74.02823,-41.85341],[-74.02806,-41.85351],[-74.02778,-41.85356],[-74.02724,-41.85378],[-74.02717,-41.85386],[-74.02681,-41.85415],[-74.02651,-41.85441],[-74.02634,-41.85482],[-74.02638,-41.85523],[-74.02648,-41.8557],[-74.02652,-41.85582],[-74.02689,-41.85612],[-74.027175,-41.85632],[-74.02724,-41.85644],[-74.02707,-41.85661],[-74.02698,-41.85665],[-74.02659,-41.85671],[-74.02634,-41.85669],[-74.02612,-41.85663],[-74.02582,-41.85651],[-74.02548,-41.85644],[-74.0253,-41.85646],[-74.02513,-41.85659],[-74.02483,-41.85685],[-74.0247,-41.85719],[-74.02452,-41.85738],[-74.024142,-41.857515],[-74.022274,-41.855942],[-74.016505,-41.857205],[-74.014657,-41.86177],[-74.018577,-41.865072],[-74.022692,-41.864171],[-74.02311,-41.86444],[-74.0234,-41.86456],[-74.02358,-41.86459],[-74.02414,-41.86465],[-74.02442,-41.86472],[-74.0243,-41.86485],[-74.02384,-41.86505],[-74.02373,-41.86514],[-74.02326,-41.86535],[-74.02257,-41.8659],[-74.02188,-41.86633],[-74.02165,-41.86654],[-74.02148,-41.86675],[-74.021355,-41.86697],[-74.0213,-41.86701],[-74.02125,-41.86738],[-74.02124,-41.86779],[-74.02128,-41.86823],[-74.02126,-41.86846],[-74.02125,-41.8686],[-74.02115,-41.86869],[-74.021,-41.86869],[-74.02083,-41.8686],[-74.020715,-41.86852],[-74.02064,-41.86839],[-74.02062,-41.86818],[-74.02048,-41.86792],[-74.02024,-41.8678],[-74.01999,-41.86763],[-74.01985,-41.86743],[-74.01949,-41.86714],[-74.01927,-41.86707],[-74.01893,-41.86703],[-74.01825,-41.867],[-74.01796,-41.8669],[-74.017855,-41.866855],[-74.01766,-41.86677],[-74.01732,-41.86668],[-74.01698,-41.86669],[-74.01649,-41.86677],[-74.01599,-41.86694],[-74.01574,-41.86705],[-74.01549,-41.86708],[-74.01441,-41.86663],[-74.01407,-41.86656],[-74.01373,-41.86652],[-74.01339,-41.86651],[-74.01305,-41.86646],[-74.01296,-41.86646],[-74.01271,-41.86636],[-74.01228,-41.86623],[-74.01203,-41.86624],[-74.01178,-41.86629],[-74.01153,-41.86641],[-74.01131,-41.86656],[-74.01108,-41.86676],[-74.01073,-41.86717],[-74.01055,-41.86735],[-74.01012,-41.86779],[-74.00904,-41.86903],[-74.008925,-41.869185],[-74.00858,-41.86965],[-74.00846,-41.86987],[-74.00844,-41.87007],[-74.00842,-41.87093],[-74.00839,-41.87134],[-74.00834,-41.87155],[-74.00816,-41.87197],[-74.00789,-41.87238],[-74.00751,-41.87279],[-74.00729,-41.873],[-74.00673,-41.87344],[-74.00651,-41.87364],[-74.00632,-41.87385],[-74.00559,-41.8745],[-74.0045,-41.87539],[-74.0042,-41.87564],[-74.00377,-41.87605],[-74.00354,-41.87624],[-74.0033,-41.87649],[-74.003212,-41.876618],[-74.00302,-41.8769],[-74.0029,-41.87711],[-74.00274,-41.87736],[-74.00247,-41.87759],[-74.00205,-41.87786],[-74.00105,-41.87883],[-73.99988,-41.88034],[-73.998809,-41.881876],[-73.995719,-41.882551],[-73.993868,-41.887115],[-73.995262,-41.88829],[-73.99517,-41.88856],[-73.99509,-41.88907],[-73.99501,-41.89008],[-73.99501,-41.89104],[-73.99484,-41.8922],[-73.99474,-41.89278],[-73.99426,-41.89412],[-73.99416,-41.8947],[-73.994142,-41.895375],[-73.990166,-41.896244],[-73.986246,-41.89294],[-73.988097,-41.888376],[-73.984178,-41.885072],[-73.986029,-41.880508],[-73.991799,-41.879248],[-73.99365,-41.874684],[-73.999419,-41.873422],[-74.001269,-41.868858],[-73.99735,-41.865556],[-73.9992,-41.860991],[-74.004968,-41.85973],[-74.006817,-41.855165],[-74.002899,-41.851863],[-74.004748,-41.847299],[-74.00083,-41.843998],[-73.999407,-41.844309],[-73.99952,-41.84386],[-73.99962,-41.84338],[-73.99968,-41.84307],[-73.99972,-41.84286],[-73.99977,-41.84194],[-73.99997,-41.84088],[-74.0,-41.84039],[-74.00001,-41.84023],[-74.00055,-41.83958],[-74.00069,-41.83942],[-74.00051,-41.83864],[-74.0,-41.83859],[-73.99944,-41.83853],[-73.99867,-41.83848],[-73.99753,-41.83825],[-73.99676,-41.83797],[-73.99599,-41.83779],[-73.99521,-41.83766],[-73.99425,-41.83767],[-73.99386,-41.83777],[-73.99308,-41.83781],[-73.99291,-41.83775],[-73.99287,-41.837705],[-73.99277,-41.83759],[-73.99271,-41.83718],[-73.992613,-41.837071],[-73.99254,-41.83699],[-73.992522,-41.836994],[-73.99233,-41.83704],[-73.99133,-41.83765],[-73.99067,-41.8379],[-73.98999,-41.83805],[-73.98931,-41.83799],[-73.98909,-41.83793],[-73.98899,-41.8379],[-73.98887,-41.83785],[-73.98774,-41.83744],[-73.98617,-41.8367],[-73.98538,-41.83613],[-73.984262,-41.835147],[-73.98414,-41.83504],[-73.98323,-41.83443],[-73.98275,-41.83386],[-73.98269,-41.83374],[-73.98251,-41.83335],[-73.98228,-41.83289],[-73.9822,-41.83193],[-73.98229,-41.83058],[-73.9822,-41.83],[-73.9818,-41.82903],[-73.98178,-41.8288],[-73.98172,-41.82807],[-73.981908,-41.827346],[-73.98192,-41.8273],[-73.98184,-41.82653],[-73.98187,-41.82633],[-73.98201,-41.82595],[-73.98265,-41.82499],[-73.98274,-41.82461],[-73.98267,-41.82358],[-73.98261,-41.8234],[-73.98272,-41.82244],[-73.98286,-41.82188],[-73.98298,-41.8217],[-73.9833,-41.82067],[-73.98339,-41.82019],[-73.98325,-41.820105],[-73.982355,-41.82044],[-73.98201,-41.82047],[-73.98176,-41.8205],[-73.98137,-41.82047],[-73.98002,-41.82012],[-73.979116,-41.819799],[-73.97909,-41.81979],[-73.97857,-41.81951],[-73.9779,-41.81907],[-73.97721,-41.81875],[-73.97663,-41.81855],[-73.97605,-41.81851],[-73.97566,-41.81854],[-73.97509,-41.81848],[-73.9747,-41.81834],[-73.97411,-41.81806],[-73.97384,-41.81778],[-73.97377,-41.8176],[-73.97351,-41.81724],[-73.97333,-41.81707],[-73.97306,-41.81692],[-73.97337,-41.81795],[-73.9739,-41.81852],[-73.974,-41.81859],[-73.97489,-41.8187],[-73.97598,-41.81874],[-73.97643,-41.81878],[-73.97684,-41.81886],[-73.97708,-41.81895],[-73.97725,-41.81907],[-73.97852,-41.82018],[-73.9787,-41.82027],[-73.978896,-41.820342],[-73.97911,-41.82042],[-73.98024,-41.82056],[-73.98088,-41.82071],[-73.98135,-41.82092],[-73.98147,-41.82112],[-73.98163,-41.8215],[-73.98155,-41.82197],[-73.98134,-41.8223],[-73.98082,-41.8228],[-73.98055,-41.82314],[-73.9803,-41.82381],[-73.98015,-41.82449],[-73.97988,-41.82516],[-73.97945,-41.82591],[-73.979413,-41.82594],[-73.97934,-41.826],[-73.97866,-41.8263],[-73.97858,-41.82653],[-73.97862,-41.82674],[-73.9789,-41.82695],[-73.97896,-41.82718],[-73.97893,-41.82744],[-73.97884,-41.8277],[-73.97897,-41.82819],[-73.97929,-41.82887],[-73.97927,-41.82971],[-73.97852,-41.83039],[-73.97686,-41.83156],[-73.97616,-41.83214],[-73.97588,-41.83247],[-73.975719,-41.832858],[-73.97559,-41.83317],[-73.97556,-41.83325],[-73.97538,-41.83345],[-73.97497,-41.83371],[-73.97432,-41.83393],[-73.97375,-41.83452],[-73.97315,-41.83476],[-73.973044,-41.834774],[-73.97276,-41.83481],[-73.97122,-41.83465],[-73.97006,-41.83462],[-73.96987,-41.83453],[-73.96951,-41.83445],[-73.96884,-41.83411],[-73.9684,-41.83368],[-73.96823,-41.83325],[-73.96818,-41.83297],[-73.9679,-41.8327],[-73.96726,-41.8323],[-73.96709,-41.83187],[-73.96709,-41.83173],[-73.96695,-41.8315],[-73.96681,-41.83143],[-73.9665,-41.83143],[-73.96632,-41.83138],[-73.9658,-41.8314],[-73.96537,-41.83146],[-73.96503,-41.83167],[-73.96494,-41.83222],[-73.96468,-41.83239],[-73.96442,-41.83235],[-73.96387,-41.8319],[-73.963726,-41.831848],[-73.96343,-41.83174],[-73.96305,-41.83167],[-73.96281,-41.83168],[-73.96222,-41.83188],[-73.96175,-41.83217],[-73.96095,-41.83255],[-73.96065,-41.83255],[-73.96026,-41.83239],[-73.96009,-41.83209],[-73.96029,-41.83161],[-73.96028,-41.83132],[-73.96012,-41.83114],[-73.95969,-41.83093],[-73.95861,-41.83097],[-73.95842,-41.83092],[-73.95812,-41.83075],[-73.95799,-41.83043],[-73.95782,-41.83022],[-73.95709,-41.82955],[-73.95612,-41.82932],[-73.955508,-41.828963],[-73.960047,-41.827971],[-73.961897,-41.823409],[-73.957986,-41.820108],[-73.952224,-41.821368],[-73.950372,-41.825929],[-73.95081,-41.826298],[-73.95022,-41.82658],[-73.94972,-41.82665],[-73.94914,-41.82658],[-73.94894,-41.82642],[-73.94884,-41.82641],[-73.948795,-41.826274],[-73.94878,-41.82623],[-73.94871,-41.82623],[-73.94868,-41.82613],[-73.94871,-41.82575],[-73.94884,-41.82536],[-73.94883,-41.82478],[-73.94849,-41.82431],[-73.94828,-41.82419],[-73.94806,-41.82415],[-73.94783,-41.82413],[-73.9473,-41.82421],[-73.94641,-41.82456],[-73.94565,-41.82477],[-73.94556,-41.82482],[-73.94521,-41.82492],[-73.94485,-41.82494],[-73.94444,-41.82481],[-73.94421,-41.82467],[-73.94407,-41.82463],[-73.94388,-41.82416],[-73.94392,-41.82393],[-73.9439,-41.8238],[-73.9438,-41.82328],[-73.94349,-41.82297],[-73.94315,-41.82277],[-73.94235,-41.82242],[-73.9414,-41.822164],[-73.94031,-41.82187],[-73.93975,-41.82196],[-73.93955,-41.82203],[-73.93937,-41.82216],[-73.93851,-41.82335],[-73.93838,-41.82351],[-73.93807,-41.82373],[-73.93762,-41.82379],[-73.93724,-41.82375],[-73.9364,-41.82339],[-73.93588,-41.82302],[-73.93559,-41.82299],[-73.93522,-41.82302],[-73.93441,-41.8233],[-73.933433,-41.823874],[-73.93281,-41.82424],[-73.93265,-41.82425],[-73.9324,-41.82434],[-73.93185,-41.82456],[-73.93156,-41.82473],[-73.93129,-41.82548],[-73.93087,-41.8258],[-73.93073,-41.82617],[-73.93078,-41.82652],[-73.9309,-41.82677],[-73.93147,-41.82727],[-73.93143,-41.82771],[-73.93111,-41.82855],[-73.93098,-41.82876],[-73.93026,-41.829295],[-73.93017,-41.82935],[-73.93,-41.82962],[-73.92996,-41.83018],[-73.92989,-41.830405],[-73.92975,-41.83085],[-73.92973,-41.83119],[-73.92946,-41.8318],[-73.92872,-41.83207],[-73.92862,-41.83216],[-73.92853,-41.83271],[-73.92837,-41.8329],[-73.92748,-41.83311],[-73.92744,-41.83317],[-73.92707,-41.83337],[-73.92693,-41.8334],[-73.9265,-41.83356],[-73.92641,-41.83369],[-73.92653,-41.83408],[-73.92731,-41.83499],[-73.9276,-41.83524],[-73.92811,-41.83551],[-73.92869,-41.83564],[-73.92956,-41.83572],[-73.92988,-41.83586],[-73.93031,-41.8363],[-73.93047,-41.83685],[-73.93055,-41.83691],[-73.9315,-41.83726],[-73.93214,-41.83741],[-73.9323,-41.83742],[-73.93253,-41.83739],[-73.93276,-41.83731],[-73.93328,-41.837],[-73.9336,-41.83689],[-73.93408,-41.83689],[-73.93423,-41.83693],[-73.93438,-41.836995],[-73.93474,-41.8374],[-73.934884,-41.837626],[-73.93511,-41.83798],[-73.93565,-41.83854],[-73.93618,-41.83865],[-73.936415,-41.838645],[-73.937961,-41.83995],[-73.93748,-41.83995],[-73.93726,-41.83998],[-73.93666,-41.84025],[-73.93569,-41.84112],[-73.93511,-41.84141],[-73.93466,-41.84138],[-73.93376,-41.84121],[-73.93356,-41.84122],[-73.93332,-41.84139],[-73.93329,-41.8419],[-73.93343,-41.84209],[-73.93412,-41.84247],[-73.93504,-41.84324],[-73.93516,-41.84324],[-73.9352,-41.8433],[-73.93549,-41.84336],[-73.93578,-41.84335],[-73.93625,-41.84348],[-73.93649,-41.84376],[-73.93704,-41.84462],[-73.93708,-41.84492],[-73.936842,-41.845512],[-73.93673,-41.84579],[-73.93648,-41.84592],[-73.93626,-41.84597],[-73.93605,-41.84597],[-73.935725,-41.845756],[-73.93555,-41.84564],[-73.9351,-41.84559],[-73.93465,-41.8456],[-73.9342,-41.8455],[-73.93284,-41.84575],[-73.93243,-41.84548],[-73.93214,-41.84444],[-73.9319,-41.84402],[-73.93152,-41.84372],[-73.93062,-41.84338],[-73.9295,-41.84311],[-73.92928,-41.8431],[-73.92801,-41.84263],[-73.927843,-41.84261],[-73.929379,-41.838828],[-73.92547,-41.835526],[-73.919708,-41.836784],[-73.915799,-41.833481],[-73.910038,-41.834738],[-73.908599,-41.838276],[-73.90858,-41.83819],[-73.90849,-41.83816],[-73.90843,-41.838],[-73.90837,-41.83742],[-73.90843,-41.83707],[-73.9083,-41.83681],[-73.90735,-41.8358],[-73.90702,-41.83552],[-73.90582,-41.83477],[-73.90515,-41.83453],[-73.90446,-41.83437],[-73.90397,-41.83396],[-73.9037,-41.8335],[-73.9037,-41.83337],[-73.90387,-41.83304],[-73.90415,-41.83287],[-73.90574,-41.8323],[-73.90661,-41.83215],[-73.906756,-41.831964],[-73.90679,-41.83192],[-73.90676,-41.83164],[-73.90662,-41.83152],[-73.90639,-41.83148],[-73.906221,-41.831511],[-73.90526,-41.83169],[-73.904854,-41.831714],[-73.90459,-41.83173],[-73.90391,-41.83156],[-73.90324,-41.83123],[-73.90281,-41.83096],[-73.90259,-41.83075],[-73.90233,-41.83042],[-73.90177,-41.82969],[-73.90159,-41.82955],[-73.90047,-41.82901],[-73.89935,-41.828305],[-73.8992,-41.82826],[-73.89906,-41.82809],[-73.89911,-41.82781],[-73.89966,-41.82701],[-73.89996,-41.82682],[-73.90034,-41.82668],[-73.90114,-41.82661],[-73.90123,-41.8265],[-73.90121,-41.82637],[-73.90103,-41.82624],[-73.90075,-41.82615],[-73.90008,-41.82577],[-73.8995,-41.82579],[-73.89938,-41.82587],[-73.89929,-41.82587],[-73.89875,-41.82631],[-73.89845,-41.82671],[-73.89801,-41.82702],[-73.89757,-41.82724],[-73.89731,-41.827309],[-73.89712,-41.82736],[-73.89665,-41.82757],[-73.89606,-41.82805],[-73.89616,-41.82889],[-73.89591,-41.8294],[-73.89576,-41.82949],[-73.895721,-41.829552],[-73.89566,-41.82965],[-73.89438,-41.83022],[-73.89387,-41.83081],[-73.89295,-41.83116],[-73.89282,-41.83116],[-73.89242,-41.83156],[-73.89197,-41.83185],[-73.891635,-41.83195],[-73.8914,-41.83197],[-73.8913,-41.83199],[-73.89117,-41.83203],[-73.89078,-41.83221],[-73.89074,-41.83242],[-73.89079,-41.83259],[-73.89111,-41.83286],[-73.89164,-41.83305],[-73.89243,-41.83324],[-73.8928,-41.83333],[-73.89415,-41.83339],[-73.89698,-41.83332],[-73.89766,-41.83344],[-73.89807,-41.83374],[-73.89818,-41.83402],[-73.89801,-41.83486],[-73.89769,-41.83537],[-73.89702,-41.83618],[-73.89699,-41.83648],[-73.89715,-41.83664],[-73.89744,-41.83664],[-73.8978,-41.83652],[-73.89826,-41.8363],[-73.89894,-41.83611],[-73.89898,-41.836109],[-73.89952,-41.83609],[-73.89981,-41.83613],[-73.90009,-41.83633],[-73.90009,-41.83641],[-73.89996,-41.83657],[-73.89996,-41.83669],[-73.90015,-41.83693],[-73.90076,-41.83752],[-73.9013,-41.83829],[-73.9016,-41.83887],[-73.9017,-41.83926],[-73.9017,-41.83945],[-73.9016,-41.83965],[-73.901449,-41.839733],[-73.90116,-41.83989],[-73.90051,-41.84012],[-73.9004,-41.84012],[-73.90006,-41.84034],[-73.90021,-41.84064],[-73.90019,-41.8411],[-73.89975,-41.84212],[-73.89906,-41.84268],[-73.89872,-41.84313],[-73.8982,-41.84345],[-73.89761,-41.84399],[-73.89744,-41.84411],[-73.89642,-41.84456],[-73.89633,-41.84495],[-73.89626,-41.84557],[-73.89616,-41.84596],[-73.896114,-41.846085],[-73.89609,-41.84615],[-73.89581,-41.84647],[-73.8956,-41.84714],[-73.89555,-41.84723],[-73.89523,-41.84743],[-73.895,-41.84754],[-73.89477,-41.84757],[-73.894327,-41.84754],[-73.89432,-41.84754],[-73.89365,-41.84741],[-73.8923,-41.84704],[-73.89117,-41.84703],[-73.89027,-41.8468],[-73.8896,-41.84672],[-73.88937,-41.84667],[-73.88896,-41.8465],[-73.88877,-41.84637],[-73.88787,-41.84603],[-73.88719,-41.84595],[-73.88726,-41.84602],[-73.88724,-41.84618],[-73.88752,-41.84657],[-73.88753,-41.84691],[-73.88705,-41.84736],[-73.88633,-41.84768],[-73.88639,-41.84782],[-73.88665,-41.84784],[-73.88774,-41.84774],[-73.88807,-41.84776],[-73.88837,-41.84789],[-73.88874,-41.84815],[-73.88906,-41.8482],[-73.88974,-41.84786],[-73.89021,-41.84797],[-73.89099,-41.84829],[-73.89207,-41.84845],[-73.89232,-41.84853],[-73.89274,-41.84886],[-73.89273,-41.84911],[-73.89252,-41.84931],[-73.89198,-41.84957],[-73.8919,-41.84957],[-73.89172,-41.84984],[-73.89165,-41.85025],[-73.89158,-41.8503],[-73.89161,-41.85044],[-73.89243,-41.85049],[-73.89301,-41.85065],[-73.893045,-41.85069],[-73.89327,-41.85094],[-73.89329,-41.85116],[-73.893326,-41.85125],[-73.89346,-41.85159],[-73.89419,-41.85237],[-73.89422,-41.85269],[-73.89413,-41.85306],[-73.89377,-41.85322],[-73.89356,-41.85325],[-73.8935,-41.85329],[-73.89303,-41.8533],[-73.89295,-41.85345],[-73.8939,-41.85418],[-73.89409,-41.85451],[-73.89417,-41.85452],[-73.89445,-41.85489],[-73.89451,-41.85532],[-73.89439,-41.85553],[-73.89434,-41.85589],[-73.89445,-41.85618],[-73.89473,-41.85651],[-73.89475,-41.85661],[-73.89486,-41.85669],[-73.89495,-41.85706],[-73.89493,-41.85726],[-73.89385,-41.85794],[-73.89334,-41.8581],[-73.893,-41.85816],[-73.89283,-41.85835],[-73.89286,-41.85868],[-73.89265,-41.85881],[-73.89213,-41.85887],[-73.89162,-41.85874],[-73.89133,-41.85871],[-73.89113,-41.85879],[-73.89085,-41.85909],[-73.89054,-41.85956],[-73.89036,-41.85971],[-73.89026,-41.85971],[-73.8901,-41.85984],[-73.88976,-41.85992],[-73.88916,-41.85994],[-73.888939,-41.859799],[-73.88869,-41.85964],[-73.88817,-41.8593],[-73.88685,-41.85865],[-73.88554,-41.85833],[-73.88516,-41.85814],[-73.88484,-41.85787],[-73.88465,-41.85761],[-73.88435,-41.85733],[-73.883873,-41.857062],[-73.88387,-41.85706],[-73.88322,-41.85677],[-73.8826,-41.85639],[-73.88242,-41.85625],[-73.88181,-41.85545],[-73.88144,-41.85517],[-73.88107,-41.85503],[-73.8803,-41.85496],[-73.87932,-41.85496],[-73.8791,-41.85469],[-73.87871,-41.85365],[-73.87731,-41.85238],[-73.87695,-41.85182],[-73.876918,-41.851607],[-73.877517,-41.850137],[-73.876685,-41.849433],[-73.87655,-41.84912],[-73.87624,-41.84868],[-73.87536,-41.848],[-73.87447,-41.84713],[-73.87437,-41.84665],[-73.87416,-41.84643],[-73.87397,-41.84631],[-73.873832,-41.846294],[-73.875469,-41.842275],[-73.871565,-41.838971],[-73.870227,-41.839263],[-73.87022,-41.83879],[-73.86996,-41.83823],[-73.86962,-41.83787],[-73.86917,-41.83716],[-73.8679,-41.83616],[-73.86771,-41.83607],[-73.86737,-41.83602],[-73.86711,-41.83584],[-73.8671,-41.83578],[-73.86684,-41.83566],[-73.86615,-41.83551],[-73.86598,-41.83539],[-73.86595,-41.83523],[-73.8661,-41.83494],[-73.86662,-41.8346],[-73.86687,-41.83445],[-73.86706,-41.83393],[-73.86702,-41.83387],[-73.86697,-41.83381],[-73.86662,-41.83371],[-73.86599,-41.8338],[-73.86572,-41.83369],[-73.86538,-41.83379],[-73.86497,-41.83401],[-73.86474,-41.83403],[-73.86444,-41.83398],[-73.86428,-41.83387],[-73.86403,-41.83362],[-73.86396,-41.83343],[-73.86385,-41.83337],[-73.863665,-41.833405],[-73.86341,-41.83375],[-73.863184,-41.833777],[-73.86307,-41.83379],[-73.86234,-41.83342],[-73.86218,-41.83327],[-73.86131,-41.8332],[-73.86036,-41.83327],[-73.86007,-41.83318],[-73.8599,-41.83301],[-73.85988,-41.83291],[-73.85971,-41.83283],[-73.85915,-41.83301],[-73.85886,-41.83299],[-73.85859,-41.83286],[-73.85856,-41.83278],[-73.85857,-41.83255],[-73.85884,-41.83196],[-73.85893,-41.83177],[-73.85887,-41.8316],[-73.85863,-41.8315],[-73.85831,-41.83144],[-73.85815,-41.83144],[-73.85767,-41.83155],[-73.85747,-41.83148],[-73.85746,-41.83131],[-73.85795,-41.8311],[-73.85801,-41.83101],[-73.85776,-41.83078],[-73.8577,-41.83036],[-73.85755,-41.83014],[-73.85737,-41.83004],[-73.85698,-41.83003],[-73.85569,-41.8304],[-73.85522,-41.8304],[-73.85506,-41.83032],[-73.854856,-41.830151],[-73.85465,-41.82998],[-73.85409,-41.82973],[-73.85372,-41.82944],[-73.85371,-41.8292],[-73.85378,-41.8291],[-73.85401,-41.82896],[-73.85467,-41.82869],[-73.85524,-41.82818],[-73.8556,-41.82831],[-73.85585,-41.82833],[-73.85618,-41.82826],[-73.85695,-41.82845],[-73.85759,-41.82838],[-73.8585,-41.82815],[-73.85915,-41.82788],[-73.8598,-41.82772],[-73.86055,-41.82725],[-73.860601,-41.827238],[-73.86106,-41.82713],[-73.86123,-41.82704],[-73.86193,-41.82658],[-73.8623,-41.82656],[-73.86297,-41.82664],[-73.8635,-41.82656],[-73.86408,-41.82622],[-73.86469,-41.8262],[-73.86502,-41.82599],[-73.86525,-41.82543],[-73.86549,-41.82533],[-73.86558,-41.82522],[-73.86541,-41.82476],[-73.86538,-41.82452],[-73.86545,-41.82437],[-73.86556,-41.82434],[-73.86603,-41.82398],[-73.86625,-41.82376],[-73.86681,-41.82365],[-73.86706,-41.82337],[-73.867203,-41.823308],[-73.867474,-41.823249],[-73.86748,-41.823233],[-73.86806,-41.82312],[-73.86923,-41.82282],[-73.87123,-41.8227],[-73.87167,-41.82252],[-73.8723,-41.8221],[-73.87345,-41.821605],[-73.87384,-41.82141],[-73.87425,-41.82107],[-73.87439,-41.82091],[-73.87452,-41.82062],[-73.87479,-41.81992],[-73.87489,-41.81982],[-73.87482,-41.81921],[-73.8744,-41.81883],[-73.8734,-41.81854],[-73.87266,-41.81818],[-73.87255,-41.81809],[-73.872504,-41.817999],[-73.87241,-41.81781],[-73.87246,-41.81762],[-73.87301,-41.81689],[-73.87336,-41.81663],[-73.87375,-41.81649],[-73.87501,-41.81645],[-73.87553,-41.816352],[-73.875089,-41.817435],[-73.878991,-41.820738],[-73.88475,-41.819482],[-73.886606,-41.814923],[-73.882703,-41.811621],[-73.883994,-41.808449],[-73.88419,-41.80854],[-73.88492,-41.80907],[-73.88492,-41.80913],[-73.88506,-41.80924],[-73.88517,-41.80955],[-73.8854,-41.80982],[-73.88563,-41.80993],[-73.88633,-41.81003],[-73.88649,-41.81011],[-73.88659,-41.81034],[-73.8866,-41.81072],[-73.88674,-41.81106],[-73.88751,-41.81176],[-73.88754,-41.81197],[-73.88747,-41.81213],[-73.88747,-41.81251],[-73.88762,-41.81293],[-73.88762,-41.81325],[-73.88804,-41.81369],[-73.88841,-41.81391],[-73.88878,-41.81403],[-73.88907,-41.81411],[-73.889895,-41.814206],[-73.88993,-41.81421],[-73.89113,-41.81464],[-73.89141,-41.81464],[-73.89186,-41.81455],[-73.89231,-41.81445],[-73.892944,-41.814157],[-73.89348,-41.81391],[-73.89451,-41.81328],[-73.89489,-41.81297],[-73.89508,-41.81266],[-73.89507,-41.81241],[-73.89491,-41.81222],[-73.89449,-41.81188],[-73.89372,-41.81144],[-73.89342,-41.81117],[-73.893397,-41.81113],[-73.89317,-41.81074],[-73.89291,-41.80999],[-73.89303,-41.80965],[-73.89362,-41.80896],[-73.893648,-41.808625],[-73.89366,-41.80849],[-73.89384,-41.80815],[-73.89391,-41.80808],[-73.89399,-41.80808],[-73.89493,-41.80868],[-73.89531,-41.80869],[-73.89578,-41.80857],[-73.89632,-41.80835],[-73.89667,-41.80808],[-73.89684,-41.80775],[-73.89681,-41.80762],[-73.89678,-41.80748],[-73.89663,-41.80724],[-73.89626,-41.80695],[-73.89618,-41.80677],[-73.89626,-41.80616],[-73.89626,-41.80544],[-73.89683,-41.80457],[-73.89681,-41.80436],[-73.89648,-41.80364],[-73.89655,-41.80339],[-73.89679,-41.80316],[-73.89705,-41.80299],[-73.89767,-41.80279],[-73.89838,-41.80256],[-73.89895,-41.80222],[-73.89923,-41.8022],[-73.89974,-41.80224],[-73.900506,-41.802171],[-73.901831,-41.803292],[-73.90759,-41.802034],[-73.909443,-41.797475],[-73.915201,-41.796217],[-73.917053,-41.791657],[-73.922602,-41.790444],[-73.923207,-41.790734],[-73.926716,-41.793699],[-73.930019,-41.792977],[-73.93077,-41.79311],[-73.93101,-41.79321],[-73.93319,-41.79381],[-73.93343,-41.79384],[-73.9337,-41.79394],[-73.934428,-41.794091],[-73.936381,-41.795741],[-73.938936,-41.795182],[-73.93961,-41.79524],[-73.94134,-41.79548],[-73.94163,-41.79556],[-73.94336,-41.79588],[-73.943845,-41.795921],[-73.946048,-41.797781],[-73.951807,-41.796521],[-73.952033,-41.795964],[-73.95245,-41.7959],[-73.95427,-41.79548],[-73.95513,-41.79528],[-73.95597,-41.795],[-73.9569,-41.79449],[-73.95734,-41.79418],[-73.95812,-41.79348],[-73.95822,-41.79339],[-73.95848,-41.79305],[-73.95867,-41.79272],[-73.95887,-41.79205],[-73.95897,-41.79188],[-73.9594,-41.79135],[-73.95976,-41.79105],[-73.959808,-41.791029],[-73.96013,-41.79089],[-73.96071,-41.79081],[-73.96091,-41.79074],[-73.96156,-41.79062],[-73.96239,-41.79033],[-73.96394,-41.79002],[-73.96453,-41.78984],[-73.96492,-41.78967],[-73.96511,-41.78958],[-73.96648,-41.7888],[-73.96686,-41.78866],[-73.96793,-41.78849],[-73.96841,-41.78848],[-73.96986,-41.7886],[-73.97036,-41.78876],[-73.970627,-41.788936],[-73.97136,-41.78942],[-73.97184,-41.78957],[-73.97271,-41.78969],[-73.97397,-41.78969],[-73.97483,-41.78977],[-73.97512,-41.78983],[-73.97595,-41.79017],[-73.97729,-41.7906],[-73.97804,-41.7908],[-73.98002,-41.79092],[-73.980322,-41.790913],[-73.98184,-41.79088],[-73.9828,-41.79093],[-73.98371,-41.79083],[-73.98434,-41.79055],[-73.98455,-41.79047],[-73.98552,-41.79039],[-73.9861,-41.79029],[-73.98668,-41.79006],[-73.987438,-41.789856],[-73.990278,-41.792251],[-73.98843,-41.796814],[-73.992343,-41.800114],[-73.990495,-41.804676],[-73.994409,-41.807977],[-73.992561,-41.81254],[-73.996475,-41.81584],[-74.002239,-41.814577],[-74.004086,-41.810014],[-74.000171,-41.806714],[-74.002019,-41.802151],[-73.998104,-41.798851],[-73.999952,-41.794288],[-74.005713,-41.793024],[-74.00756,-41.788461],[-74.013321,-41.787197],[-74.015167,-41.782634],[-74.017991,-41.782014],[-74.0183,-41.78225],[-74.01843,-41.78234],[-74.01886,-41.78257],[-74.01929,-41.78271],[-74.0195,-41.78273],[-74.01994,-41.78279],[-74.02045,-41.7829],[-74.02057,-41.78299],[-74.02066,-41.783185],[-74.02072,-41.78324],[-74.02074,-41.783325],[-74.02101,-41.78346],[-74.02123,-41.78346],[-74.02144,-41.78344],[-74.02166,-41.78345],[-74.02188,-41.78348],[-74.02209,-41.78356],[-74.02243,-41.7838],[-74.02293,-41.78432],[-74.02293,-41.78441],[-74.02301,-41.78447],[-74.02301,-41.78454],[-74.02305,-41.78473],[-74.02303,-41.78491],[-74.02298,-41.7851],[-74.0229,-41.78528],[-74.02277,-41.78547],[-74.02262,-41.78565],[-74.02238,-41.78602],[-74.02233,-41.7862],[-74.02236,-41.78639],[-74.0224,-41.78645],[-74.0224,-41.78653],[-74.02245,-41.78658],[-74.02246,-41.78665],[-74.02255,-41.78672],[-74.02266,-41.78695],[-74.02279,-41.78732],[-74.02284,-41.78751],[-74.02273,-41.78825],[-74.02273,-41.78843],[-74.02286,-41.7888],[-74.0229,-41.78917]],[[-74.00061,-41.831569],[-74.006375,-41.830306],[-74.008223,-41.825742],[-74.004307,-41.822441],[-73.998542,-41.823704],[-73.996694,-41.828268],[-74.00061,-41.831569]],[[-74.040969,-41.822723],[-74.042814,-41.818158],[-74.038894,-41.814858],[-74.033129,-41.816123],[-74.031283,-41.820687],[-74.035203,-41.823988],[-74.040969,-41.822723]],[[-73.921159,-41.807379],[-73.919306,-41.811939],[-73.923213,-41.815241],[-73.928974,-41.813982],[-73.930826,-41.809422],[-73.926919,-41.80612],[-73.921159,-41.807379]],[[-73.913547,-41.813197],[-73.909641,-41.809895],[-73.903882,-41.811153],[-73.902028,-41.815712],[-73.905933,-41.819014],[-73.911693,-41.817757],[-73.913547,-41.813197]]]},"properties":{"comuna":"Ancud","mancha_id":"10202-88cea81345fffff-4","clase":"Medio","nivel_medio":2.086,"nivel_medio_min":1.519,"nivel_medio_max":2.486,"pct_alto":21.2,"n_hexagonos":131,"area_ha":7087.29}},{"type":"Feature","geometry":{"type":"Polygon","coordinates":[[[-74.023365,-41.786264],[-74.02338,-41.78632],[-74.02334,-41.78642],[-74.0231,-41.78652],[-74.02301,-41.78644],[-74.0231,-41.7863],[-74.02331,-41.78625],[-74.023365,-41.786264]]]},"properties":{"comuna":"Ancud","mancha_id":"10202-88cea81345fffff-5","clase":"Medio","nivel_medio":2.129,"nivel_medio_min":2.129,"nivel_medio_max":2.129,"pct_alto":37.7,"n_hexagonos":1,"area_ha":0.06}},{"type":"Feature","geometry":{"type":"Polygon","coordinates":[[[-73.551445,-42.156928],[-73.553333,-42.152378],[-73.555366,-42.151946],[-73.555919,-42.152167],[-73.556227,-42.152334],[-73.556499,-42.152466],[-73.556806,-42.152504],[-73.557319,-42.152491],[-73.557832,-42.152414],[-73.558429,-42.152275],[-73.558796,-42.152167],[-73.559186,-42.152],[-73.559759,-42.151698],[-73.563008,-42.15447],[-73.56112,-42.15902],[-73.555338,-42.160249],[-73.551445,-42.156928]]]},"properties":{"comuna":"Ancud","mancha_id":"10202-88ceaea64bfffff","clase":"Alto","nivel_medio":2.639,"nivel_medio_min":2.639,"nivel_medio_max":2.639,"pct_alto":42.4,"n_hexagonos":1,"area_ha":63.16}},{"type":"Feature","geometry":{"type":"Polygon","coordinates":[[[-73.481293,-41.832156],[-73.479411,-41.836698],[-73.47759,-41.837089],[-73.47723,-41.83642],[-73.47673,-41.83565],[-73.4766,-41.83534],[-73.47642,-41.83484],[-73.47621,-41.83417],[-73.47596,-41.83342],[-73.47601,-41.83303],[-73.47612,-41.83253],[-73.47635,-41.83202],[-73.4766,-41.83185],[-73.47687,-41.83167],[-73.47723,-41.83155],[-73.47765,-41.83135],[-73.47823,-41.83122],[-73.47866,-41.83116],[-73.47905,-41.83112],[-73.47945,-41.8311],[-73.47988,-41.83112],[-73.480108,-41.831141],[-73.481293,-41.832156]]]},"properties":{"comuna":"Ancud","mancha_id":"10202-88ceae36b5fffff","clase":"Alto","nivel_medio":2.599,"nivel_medio_min":2.599,"nivel_medio_max":2.599,"pct_alto":47.1,"n_hexagonos":1,"area_ha":20.19}},{"type":"Feature","geometry":{"type":"Polygon","coordinates":[[[-73.50061,-41.848702],[-73.504475,-41.852012],[-73.503466,-41.85445],[-73.50269,-41.85386],[-73.50209,-41.85334],[-73.50192,-41.8531],[-73.50159,-41.85266],[-73.50122,-41.85224],[-73.50056,-41.85185],[-73.49996,-41.85143],[-73.49933,-41.85108],[-73.49881,-41.85086],[-73.49845,-41.85085],[-73.49787,-41.85063],[-73.49701,-41.85045],[-73.49499,-41.85008],[-73.494814,-41.850056],[-73.494864,-41.849936],[-73.50061,-41.848702]]]},"properties":{"comuna":"Ancud","mancha_id":"10202-88ceae369dfffff","clase":"Alto","nivel_medio":2.623,"nivel_medio_min":2.623,"nivel_medio_max":2.623,"pct_alto":49.0,"n_hexagonos":1,"area_ha":17.49}},{"type":"Feature","geometry":{"type":"Polygon","coordinates":[[[-73.962832,-42.106124],[-73.960971,-42.11069],[-73.955178,-42.111943],[-73.951246,-42.10863],[-73.953107,-42.104064],[-73.958899,-42.102811],[-73.962832,-42.106124]]]},"properties":{"comuna":"Ancud","mancha_id":"10202-88ceac6e99fffff","clase":"Alto","nivel_medio":2.643,"nivel_medio_min":2.643,"nivel_medio_max":2.643,"pct_alto":50.1,"n_hexagonos":1,"area_ha":66.48}},{"type":"Feature","geometry":{"type":"Polygon","coordinates":[[[-73.937798,-42.1157],[-73.935935,-42.120266],[-73.930142,-42.121517],[-73.926212,-42.118203],[-73.928075,-42.113637],[-73.933867,-42.112386],[-73.937798,-42.1157]]]},"properties":{"comuna":"Ancud","mancha_id":"10202-88ceac6e89fffff","clase":"Alto","nivel_medio":2.691,"nivel_medio_min":2.691,"nivel_medio_max":2.691,"pct_alto":69.6,"n_hexagonos":1,"area_ha":66.46}},{"type":"Feature","geometry":{"type":"Polygon","coordinates":[[[-73.916892,-42.141029],[-73.915027,-42.145594],[-73.909232,-42.146843],[-73.905302,-42.143527],[-73.907168,-42.138963],[-73.912962,-42.137713],[-73.916892,-42.141029]]]},"properties":{"comuna":"Ancud","mancha_id":"10202-88ceac6e1bfffff","clase":"Alto","nivel_medio":2.532,"nivel_medio_min":2.532,"nivel_medio_max":2.532,"pct_alto":40.2,"n_hexagonos":1,"area_ha":66.45}},{"type":"Feature","geometry":{"type":"Polygon","coordinates":[[[-73.880064,-42.140641],[-73.878197,-42.145205],[-73.872403,-42.146452],[-73.868478,-42.143136],[-73.862684,-42.144383],[-73.860816,-42.148946],[-73.855023,-42.150192],[-73.851098,-42.146876],[-73.852967,-42.142313],[-73.849044,-42.138997],[-73.850913,-42.134434],[-73.856704,-42.133188],[-73.860628,-42.136504],[-73.86642,-42.135257],[-73.868288,-42.130694],[-73.87408,-42.129447],[-73.875947,-42.124883],[-73.881738,-42.123635],[-73.885664,-42.12695],[-73.883798,-42.131514],[-73.887724,-42.13483],[-73.885858,-42.139393],[-73.880064,-42.140641]]]},"properties":{"comuna":"Ancud","mancha_id":"10202-88ceac6e07fffff","clase":"Alto","nivel_medio":2.951,"nivel_medio_min":2.63,"nivel_medio_max":3.337,"pct_alto":70.2,"n_hexagonos":7,"area_ha":464.81}},{"type":"Feature","geometry":{"type":"Polygon","coordinates":[[[-73.8498,-42.059807],[-73.847934,-42.064368],[-73.84215,-42.065616],[-73.838234,-42.062302],[-73.832451,-42.06355],[-73.828535,-42.060236],[-73.830402,-42.055676],[-73.836185,-42.054429],[-73.838051,-42.049868],[-73.843833,-42.048621],[-73.847749,-42.051933],[-73.845883,-42.056494],[-73.8498,-42.059807]]]},"properties":{"comuna":"Ancud","mancha_id":"10202-88ceac6dc1fffff","clase":"Alto","nivel_medio":2.783,"nivel_medio_min":2.65,"nivel_medio_max":2.911,"pct_alto":80.3,"n_hexagonos":3,"area_ha":198.96}},{"type":"Feature","geometry":{"type":"Polygon","coordinates":[[[-73.84365,-42.036187],[-73.841784,-42.040748],[-73.836003,-42.041995],[-73.834136,-42.046556],[-73.828355,-42.047803],[-73.824441,-42.04449],[-73.826308,-42.03993],[-73.832089,-42.038683],[-73.833955,-42.034123],[-73.830041,-42.030811],[-73.831908,-42.026251],[-73.837687,-42.025003],[-73.841601,-42.028315],[-73.839735,-42.032875],[-73.84365,-42.036187]]]},"properties":{"comuna":"Ancud","mancha_id":"10202-88ceac6d85fffff","clase":"Alto","nivel_medio":2.646,"nivel_medio_min":2.615,"nivel_medio_max":2.663,"pct_alto":54.3,"n_hexagonos":3,"area_ha":198.91}},{"type":"Feature","geometry":{"type":"Polygon","coordinates":[[[-73.735898,-42.221471],[-73.734019,-42.226029],[-73.728222,-42.227266],[-73.724306,-42.223945],[-73.726186,-42.219386],[-73.731981,-42.218149],[-73.735898,-42.221471]]]},"properties":{"comuna":"Ancud","mancha_id":"10202-88ceac6a53fffff","clase":"Alto","nivel_medio":2.503,"nivel_medio_min":2.503,"nivel_medio_max":2.503,"pct_alto":63.9,"n_hexagonos":1,"area_ha":66.3}},{"type":"Feature","geometry":{"type":"Polygon","coordinates":[[[-73.712868,-42.238856],[-73.710987,-42.243414],[-73.710193,-42.243583],[-73.71046,-42.24239],[-73.7106,-42.24167],[-73.71076,-42.24086],[-73.71112,-42.23932],[-73.71145,-42.23783],[-73.71146,-42.23777],[-73.711479,-42.237677],[-73.712868,-42.238856]]]},"properties":{"comuna":"Ancud","mancha_id":"10202-88ceac6a4bfffff","clase":"Alto","nivel_medio":2.925,"nivel_medio_min":2.925,"nivel_medio_max":2.925,"pct_alto":75.5,"n_hexagonos":1,"area_ha":5.99}},{"type":"Feature","geometry":{"type":"Polygon","coordinates":[[[-73.75948,-42.100034],[-73.757607,-42.104592],[-73.751823,-42.105833],[-73.747913,-42.102517],[-73.749787,-42.09796],[-73.75557,-42.096718],[-73.75948,-42.100034]]]},"properties":{"comuna":"Ancud","mancha_id":"10202-88ceac68bbfffff","clase":"Alto","nivel_medio":2.518,"nivel_medio_min":2.518,"nivel_medio_max":2.518,"pct_alto":32.6,"n_hexagonos":1,"area_ha":66.25}},{"type":"Feature","geometry":{"type":"Polygon","coordinates":[[[-73.677359,-42.163482],[-73.677233,-42.163433],[-73.677181,-42.163357],[-73.677771,-42.163231],[-73.677697,-42.163348],[-73.677549,-42.163482],[-73.677359,-42.163482]]]},"properties":{"comuna":"Ancud","mancha_id":"10202-88ceac680dfffff","clase":"Alto","nivel_medio":2.737,"nivel_medio_min":2.737,"nivel_medio_max":2.737,"pct_alto":81.2,"n_hexagonos":1,"area_ha":0.07}},{"type":"Feature","geometry":{"type":"Polygon","coordinates":[[[-73.678946,-42.163152],[-73.678734,-42.163075],[-73.678631,-42.163048],[-73.679912,-42.162774],[-73.680028,-42.162892],[-73.680871,-42.163468],[-73.681657,-42.163931],[-73.682128,-42.164198],[-73.682465,-42.164409],[-73.682724,-42.16464],[-73.68283,-42.164844],[-73.68283,-42.16503],[-73.682753,-42.165181],[-73.68264,-42.165287],[-73.68253,-42.16535],[-73.682366,-42.165364],[-73.682114,-42.165308],[-73.681798,-42.165118],[-73.68073,-42.16433],[-73.67981,-42.163678],[-73.678946,-42.163152]]]},"properties":{"comuna":"Ancud","mancha_id":"10202-88ceac680dfffff-2","clase":"Alto","nivel_medio":2.737,"nivel_medio_min":2.737,"nivel_medio_max":2.737,"pct_alto":81.2,"n_hexagonos":1,"area_ha":3.13}},{"type":"Feature","geometry":{"type":"Polygon","coordinates":[[[-74.057641,-42.19812],[-74.061591,-42.201436],[-74.067399,-42.200179],[-74.07135,-42.203494],[-74.069493,-42.208067],[-74.063684,-42.209324],[-74.059734,-42.206008],[-74.053926,-42.207264],[-74.049976,-42.203948],[-74.051834,-42.199377],[-74.057641,-42.19812]]]},"properties":{"comuna":"Ancud","mancha_id":"10202-88ceac66e1fffff","clase":"Alto","nivel_medio":2.64,"nivel_medio_min":2.597,"nivel_medio_max":2.684,"pct_alto":64.0,"n_hexagonos":2,"area_ha":133.31}},{"type":"Feature","geometry":{"type":"Polygon","coordinates":[[[-74.09434,-42.186002],[-74.092486,-42.190575],[-74.086678,-42.191833],[-74.082726,-42.188519],[-74.084582,-42.183946],[-74.080631,-42.180631],[-74.082486,-42.176059],[-74.088292,-42.1748],[-74.092243,-42.178114],[-74.090388,-42.182687],[-74.09434,-42.186002]]]},"properties":{"comuna":"Ancud","mancha_id":"10202-88ceac6683fffff","clase":"Alto","nivel_medio":2.542,"nivel_medio_min":2.507,"nivel_medio_max":2.577,"pct_alto":54.2,"n_hexagonos":2,"area_ha":133.34}},{"type":"Feature","geometry":{"type":"Polygon","coordinates":[[[-74.005909,-42.130122],[-74.004051,-42.13469],[-73.998253,-42.135945],[-73.996393,-42.140514],[-73.990595,-42.141768],[-73.986657,-42.138454],[-73.988517,-42.133886],[-73.98458,-42.130572],[-73.98644,-42.126004],[-73.992236,-42.12475],[-73.996174,-42.128063],[-74.001971,-42.126808],[-74.005909,-42.130122]]]},"properties":{"comuna":"Ancud","mancha_id":"10202-88ceac6589fffff","clase":"Alto","nivel_medio":2.547,"nivel_medio_min":2.535,"nivel_medio_max":2.553,"pct_alto":54.7,"n_hexagonos":3,"area_ha":199.62}},{"type":"Feature","geometry":{"type":"Polygon","coordinates":[[[-73.946701,-42.184571],[-73.944837,-42.189138],[-73.939035,-42.190388],[-73.935099,-42.187071],[-73.936964,-42.182504],[-73.942765,-42.181254],[-73.946701,-42.184571]]]},"properties":{"comuna":"Ancud","mancha_id":"10202-88ceac6541fffff","clase":"Alto","nivel_medio":2.516,"nivel_medio_min":2.516,"nivel_medio_max":2.516,"pct_alto":51.6,"n_hexagonos":1,"area_ha":66.51}},{"type":"Feature","geometry":{"type":"Polygon","coordinates":[[[-74.042783,-42.130467],[-74.03884,-42.127154],[-74.033042,-42.128411],[-74.0291,-42.125098],[-74.030957,-42.120528],[-74.036755,-42.119271],[-74.038611,-42.114701],[-74.044408,-42.113444],[-74.046368,-42.115091],[-74.04635,-42.11513],[-74.04626,-42.11612],[-74.04627,-42.11632],[-74.04615,-42.11654],[-74.04587,-42.1171],[-74.04582,-42.11725],[-74.04565,-42.11757],[-74.04567,-42.11766],[-74.04567,-42.11775],[-74.04536,-42.1187],[-74.04522,-42.1192],[-74.04512,-42.11955],[-74.04512,-42.11971],[-74.0452,-42.12017],[-74.0455,-42.12084],[-74.04562,-42.12106],[-74.04569,-42.12137],[-74.045705,-42.121498],[-74.04574,-42.1218],[-74.04578,-42.12259],[-74.04582,-42.1229],[-74.04602,-42.12326],[-74.04616,-42.12354],[-74.04671,-42.12413],[-74.04722,-42.12471],[-74.04748,-42.12499],[-74.0476,-42.12525],[-74.04775,-42.12551],[-74.04784,-42.12583],[-74.04787,-42.12616],[-74.04796,-42.12642],[-74.04796,-42.12696],[-74.04797,-42.12716],[-74.04806,-42.1273],[-74.0482,-42.1276],[-74.04864,-42.12841],[-74.048832,-42.128593],[-74.048582,-42.129209],[-74.050068,-42.130458],[-74.05021,-42.13077],[-74.05031,-42.13098],[-74.05034,-42.13111],[-74.0499,-42.13184],[-74.04995,-42.13205],[-74.05011,-42.13231],[-74.05038,-42.13248],[-74.05073,-42.13263],[-74.05111,-42.13294],[-74.05133,-42.13329],[-74.05138,-42.1335],[-74.05142,-42.13378],[-74.05145,-42.13422],[-74.05146,-42.13438],[-74.05161,-42.13471],[-74.051628,-42.134732],[-74.05067,-42.137093],[-74.054615,-42.140406],[-74.054367,-42.141017],[-74.05403,-42.14153],[-74.05397,-42.14175],[-74.05377,-42.1421],[-74.05343,-42.143324],[-74.053395,-42.143409],[-74.05337,-42.14346],[-74.053371,-42.14347],[-74.052759,-42.144977],[-74.046958,-42.146234],[-74.043014,-42.142921],[-74.037213,-42.144178],[-74.03327,-42.140864],[-74.035127,-42.136294],[-74.040927,-42.135037],[-74.042783,-42.130467]]]},"properties":{"comuna":"Ancud","mancha_id":"10202-88ceac64a1fffff","clase":"Alto","nivel_medio":2.82,"nivel_medio_min":2.599,"nivel_medio_max":3.065,"pct_alto":60.0,"n_hexagonos":6,"area_ha":372.47}},{"type":"Feature","geometry":{"type":"Polygon","coordinates":[[[-74.01491,-42.19902],[-74.013049,-42.20359],[-74.007243,-42.204844],[-74.003299,-42.201527],[-74.00516,-42.196958],[-74.010965,-42.195704],[-74.01491,-42.19902]]]},"properties":{"comuna":"Ancud","mancha_id":"10202-88ceac6441fffff","clase":"Alto","nivel_medio":2.544,"nivel_medio_min":2.544,"nivel_medio_max":2.544,"pct_alto":54.4,"n_hexagonos":1,"area_ha":66.59}},{"type":"Feature","geometry":{"type":"Polygon","coordinates":[[[-73.80521,-42.197876],[-73.805149,-42.198342],[-73.80341,-42.198714],[-73.801474,-42.197076],[-73.801584,-42.197104],[-73.802173,-42.197198],[-73.802687,-42.197146],[-73.802971,-42.19703],[-73.803139,-42.196862],[-73.803381,-42.196526],[-73.80369,-42.1963],[-73.804043,-42.19618],[-73.8044,-42.196159],[-73.804799,-42.196222],[-73.805123,-42.196493],[-73.805228,-42.196913],[-73.805267,-42.19748],[-73.80521,-42.197876]]]},"properties":{"comuna":"Ancud","mancha_id":"10202-88ceac61e3fffff","clase":"Alto","nivel_medio":3.395,"nivel_medio_min":3.395,"nivel_medio_max":3.395,"pct_alto":86.2,"n_hexagonos":1,"area_ha":5.2}},{"type":"Feature","geometry":{"type":"Polygon","coordinates":[[[-73.803852,-42.171904],[-73.804934,-42.169271],[-73.810727,-42.168028],[-73.8126,-42.163467],[-73.808679,-42.160149],[-73.802886,-42.161392],[-73.798967,-42.158074],[-73.80084,-42.153514],[-73.806631,-42.152271],[-73.808503,-42.14771],[-73.814294,-42.146466],[-73.818215,-42.149783],[-73.824006,-42.148539],[-73.827928,-42.151856],[-73.83372,-42.150612],[-73.837643,-42.153929],[-73.843436,-42.152684],[-73.84736,-42.156001],[-73.846452,-42.158215],[-73.84171,-42.15386],[-73.841229,-42.154035],[-73.84104,-42.15406],[-73.840319,-42.154097],[-73.83926,-42.15411],[-73.838947,-42.154131],[-73.838607,-42.154198],[-73.838402,-42.154248],[-73.838186,-42.154328],[-73.837951,-42.154407],[-73.837677,-42.154491],[-73.837412,-42.154526],[-73.837398,-42.154527],[-73.836373,-42.154552],[-73.83544,-42.15451],[-73.83509,-42.154446],[-73.834704,-42.154352],[-73.834339,-42.154219],[-73.834018,-42.154057],[-73.833726,-42.153849],[-73.833367,-42.153479],[-73.833094,-42.153042],[-73.832952,-42.152759],[-73.832851,-42.152519],[-73.832741,-42.152347],[-73.832589,-42.152186],[-73.832416,-42.152077],[-73.832233,-42.152034],[-73.832055,-42.152025],[-73.831833,-42.152034],[-73.831616,-42.152107],[-73.831346,-42.152239],[-73.828845,-42.154115],[-73.828396,-42.154407],[-73.828173,-42.154585],[-73.827979,-42.154844],[-73.827903,-42.155038],[-73.827742,-42.155297],[-73.82755,-42.155535],[-73.827378,-42.155692],[-73.827211,-42.155925],[-73.827084,-42.156095],[-73.826933,-42.156213],[-73.826706,-42.15631],[-73.826447,-42.156375],[-73.826065,-42.156397],[-73.825961,-42.156403],[-73.82508,-42.15632],[-73.824459,-42.156237],[-73.823849,-42.156085],[-73.823232,-42.15591],[-73.82289,-42.15578],[-73.821503,-42.155271],[-73.820979,-42.155061],[-73.820639,-42.154908],[-73.82023,-42.15481],[-73.819666,-42.15477],[-73.81835,-42.15477],[-73.816952,-42.154859],[-73.816,-42.15492],[-73.81348,-42.15563],[-73.81294,-42.15608],[-73.81272,-42.156668],[-73.812685,-42.157316],[-73.813263,-42.158804],[-73.81334,-42.15924],[-73.813193,-42.159591],[-73.81294,-42.15988],[-73.812458,-42.160729],[-73.812352,-42.161149],[-73.81244,-42.161499],[-73.812773,-42.162235],[-73.813368,-42.163215],[-73.813402,-42.163295],[-73.813527,-42.16359],[-73.813576,-42.163956],[-73.813493,-42.164438],[-73.813267,-42.164861],[-73.81289,-42.165321],[-73.812399,-42.165917],[-73.811879,-42.166596],[-73.811238,-42.167531],[-73.810903,-42.168107],[-73.810885,-42.168162],[-73.810704,-42.168734],[-73.810586,-42.1695],[-73.810527,-42.170207],[-73.810468,-42.17087],[-73.810339,-42.171267],[-73.81002,-42.17164],[-73.809412,-42.171985],[-73.80869,-42.17215],[-73.80786,-42.172167],[-73.80698,-42.17212],[-73.804265,-42.171863],[-73.803852,-42.171904]]]},"properties":{"comuna":"Ancud","mancha_id":"10202-88ceac61a3fffff","clase":"Alto","nivel_medio":2.892,"nivel_medio_min":2.63,"nivel_medio_max":3.469,"pct_alto":70.3,"n_hexagonos":8,"area_ha":268.34}},{"type":"Feature","geometry":{"type":"Polygon","coordinates":[[[-73.797267,-42.175074],[-73.803061,-42.173832],[-73.803281,-42.173295],[-73.803601,-42.173625],[-73.804053,-42.17394],[-73.80485,-42.17442],[-73.805503,-42.174739],[-73.806049,-42.174886],[-73.806562,-42.174902],[-73.807315,-42.175099],[-73.808,-42.17544],[-73.808402,-42.175726],[-73.808633,-42.175989],[-73.808791,-42.176388],[-73.808878,-42.176744],[-73.808974,-42.177132],[-73.809011,-42.177733],[-73.808862,-42.178208],[-73.808626,-42.178576],[-73.808413,-42.17872],[-73.80814,-42.178773],[-73.807761,-42.178741],[-73.807525,-42.178564],[-73.807416,-42.178273],[-73.807434,-42.177891],[-73.807397,-42.177526],[-73.807306,-42.177272],[-73.807033,-42.177144],[-73.807016,-42.177143],[-73.80697,-42.17714],[-73.806543,-42.177113],[-73.80494,-42.17732],[-73.804471,-42.177442],[-73.80386,-42.1777],[-73.80359,-42.17805],[-73.80348,-42.17856],[-73.80357,-42.179729],[-73.80363,-42.18011],[-73.803769,-42.180348],[-73.80395,-42.18058],[-73.804295,-42.180916],[-73.804599,-42.181304],[-73.80471,-42.181797],[-73.804715,-42.181819],[-73.80468,-42.18247],[-73.804335,-42.184134],[-73.804335,-42.184653],[-73.8044,-42.18501],[-73.804599,-42.185254],[-73.804799,-42.185391],[-73.805051,-42.185475],[-73.80552,-42.18551],[-73.80726,-42.18539],[-73.807591,-42.185464],[-73.80778,-42.18561],[-73.807856,-42.186105],[-73.807793,-42.186326],[-73.807611,-42.186418],[-73.80712,-42.18657],[-73.806611,-42.18676],[-73.806102,-42.18704],[-73.805828,-42.187397],[-73.805797,-42.187723],[-73.805954,-42.188017],[-73.806186,-42.18828],[-73.806333,-42.188448],[-73.806427,-42.188721],[-73.806469,-42.189131],[-73.80657,-42.18949],[-73.806735,-42.189682],[-73.806784,-42.18974],[-73.80701,-42.18989],[-73.807341,-42.190076],[-73.807761,-42.190276],[-73.808024,-42.190465],[-73.808203,-42.190759],[-73.808318,-42.191053],[-73.808371,-42.191431],[-73.808339,-42.191725],[-73.808234,-42.19202],[-73.808034,-42.19224],[-73.807819,-42.192484],[-73.80752,-42.192692],[-73.807048,-42.192887],[-73.806658,-42.192954],[-73.806375,-42.192912],[-73.806112,-42.192807],[-73.805881,-42.192534],[-73.805735,-42.192169],[-73.80565,-42.191536],[-73.805639,-42.19098],[-73.805545,-42.190685],[-73.80538,-42.19037],[-73.805175,-42.190173],[-73.804853,-42.190085],[-73.80476,-42.19006],[-73.804102,-42.19007],[-73.802919,-42.190289],[-73.801217,-42.190706],[-73.801213,-42.190708],[-73.80087,-42.190843],[-73.800711,-42.191014],[-73.800597,-42.19119],[-73.800534,-42.191421],[-73.800577,-42.191803],[-73.800704,-42.192435],[-73.800771,-42.192764],[-73.800797,-42.193249],[-73.800733,-42.193574],[-73.800606,-42.193849],[-73.8003,-42.19434],[-73.799956,-42.194698],[-73.799704,-42.19487],[-73.799609,-42.194935],[-73.798762,-42.19555],[-73.793692,-42.196636],[-73.789771,-42.193317],[-73.791645,-42.188756],[-73.79744,-42.187515],[-73.799314,-42.182954],[-73.795394,-42.179635],[-73.797267,-42.175074]]]},"properties":{"comuna":"Ancud","mancha_id":"10202-88ceac61a1fffff","clase":"Alto","nivel_medio":2.804,"nivel_medio_min":2.601,"nivel_medio_max":3.395,"pct_alto":67.4,"n_hexagonos":6,"area_ha":190.6}},{"type":"Feature","geometry":{"type":"Polygon","coordinates":[[[-73.794537,-42.20986],[-73.793104,-42.209242],[-73.793102,-42.209241],[-73.793865,-42.209078],[-73.794924,-42.209975],[-73.794537,-42.20986]]]},"properties":{"comuna":"Ancud","mancha_id":"10202-88ceac6117fffff","clase":"Alto","nivel_medio":2.936,"nivel_medio_min":2.936,"nivel_medio_max":2.936,"pct_alto":55.7,"n_hexagonos":1,"area_ha":0.43}},{"type":"Feature","geometry":{"type":"Polygon","coordinates":[[[-73.78759,-42.213415],[-73.787052,-42.213307],[-73.786838,-42.213309],[-73.788067,-42.210319],[-73.791714,-42.209538],[-73.791619,-42.209887],[-73.791562,-42.210568],[-73.791584,-42.211328],[-73.79162,-42.21186],[-73.791576,-42.212067],[-73.791447,-42.212318],[-73.791168,-42.212561],[-73.790867,-42.212777],[-73.7902,-42.21308],[-73.789425,-42.213293],[-73.78861,-42.21345],[-73.78812,-42.213465],[-73.78759,-42.213415]]]},"properties":{"comuna":"Ancud","mancha_id":"10202-88ceac6117fffff-2","clase":"Alto","nivel_medio":2.936,"nivel_medio_min":2.936,"nivel_medio_max":2.936,"pct_alto":55.7,"n_hexagonos":1,"area_ha":11.92}},{"type":"Feature","geometry":{"type":"Polygon","coordinates":[[[-73.786209,-42.214837],[-73.786228,-42.21491],[-73.786192,-42.21488],[-73.786209,-42.214837]]]},"properties":{"comuna":"Ancud","mancha_id":"10202-88ceac6117fffff-3","clase":"Alto","nivel_medio":2.936,"nivel_medio_min":2.936,"nivel_medio_max":2.936,"pct_alto":55.7,"n_hexagonos":1,"area_ha":0.0}},{"type":"Feature","geometry":{"type":"Polygon","coordinates":[[[-73.865309,-42.189595],[-73.863439,-42.194159],[-73.857641,-42.195404],[-73.853713,-42.192086],[-73.850797,-42.192712],[-73.850742,-42.192558],[-73.850601,-42.192092],[-73.850536,-42.191745],[-73.850398,-42.191438],[-73.850173,-42.191265],[-73.84999,-42.19122],[-73.84951,-42.19124],[-73.84769,-42.19139],[-73.847111,-42.191344],[-73.846754,-42.191268],[-73.846428,-42.191106],[-73.846,-42.19075],[-73.845561,-42.190174],[-73.845453,-42.189946],[-73.845464,-42.18974],[-73.84554,-42.189426],[-73.84581,-42.18915],[-73.847025,-42.188422],[-73.847229,-42.188208],[-73.84728,-42.187973],[-73.84722,-42.18767],[-73.84697,-42.18743],[-73.846638,-42.187301],[-73.84625,-42.187219],[-73.84545,-42.18719],[-73.845147,-42.187185],[-73.84417,-42.18717],[-73.843881,-42.187128],[-73.843643,-42.186997],[-73.843432,-42.186825],[-73.843276,-42.186546],[-73.8432,-42.186344],[-73.843147,-42.186126],[-73.843131,-42.185973],[-73.843131,-42.185783],[-73.84317,-42.1856],[-73.843349,-42.185351],[-73.84353,-42.18516],[-73.84382,-42.18495],[-73.84439,-42.18475],[-73.844928,-42.184662],[-73.845,-42.18465],[-73.84571,-42.18465],[-73.846169,-42.184743],[-73.846597,-42.184876],[-73.847136,-42.185175],[-73.848492,-42.185929],[-73.848785,-42.186],[-73.849814,-42.185994],[-73.850686,-42.186051],[-73.851356,-42.186035],[-73.851879,-42.185959],[-73.852691,-42.185911],[-73.85339,-42.1858],[-73.853486,-42.18575],[-73.853507,-42.185739],[-73.853618,-42.185629],[-73.853663,-42.185433],[-73.853631,-42.185244],[-73.853572,-42.185133],[-73.85347,-42.18498],[-73.8533,-42.18482],[-73.85229,-42.184196],[-73.852157,-42.184063],[-73.852131,-42.183933],[-73.852161,-42.183782],[-73.85223,-42.18365],[-73.852405,-42.183542],[-73.852587,-42.18347],[-73.8528,-42.18339],[-73.85345,-42.1833],[-73.854824,-42.183327],[-73.855633,-42.183281],[-73.856259,-42.183222],[-73.85666,-42.18313],[-73.856879,-42.182987],[-73.85708,-42.18273],[-73.8575,-42.18163],[-73.85789,-42.18011],[-73.858026,-42.179811],[-73.858217,-42.179627],[-73.858431,-42.179492],[-73.85879,-42.17942],[-73.858946,-42.179466],[-73.85906,-42.17956],[-73.859181,-42.179772],[-73.859331,-42.179929],[-73.859598,-42.180014],[-73.859846,-42.179981],[-73.86005,-42.17992],[-73.860159,-42.179824],[-73.86022,-42.17967],[-73.86036,-42.1794],[-73.860433,-42.179334],[-73.860524,-42.179251],[-73.860778,-42.179107],[-73.86109,-42.17902],[-73.861606,-42.178959],[-73.861908,-42.178998],[-73.86207,-42.17907],[-73.862161,-42.179198],[-73.8622,-42.17941],[-73.862262,-42.1796],[-73.862302,-42.179733],[-73.862387,-42.179799],[-73.862518,-42.179805],[-73.86267,-42.179779],[-73.8629,-42.17967],[-73.862996,-42.179544],[-73.86308,-42.17937],[-73.863067,-42.179146],[-73.863,-42.17894],[-73.86279,-42.17863],[-73.861113,-42.17728],[-73.860883,-42.177138],[-73.86001,-42.176718],[-73.861192,-42.173833],[-73.862076,-42.173643],[-73.862144,-42.173794],[-73.862277,-42.173978],[-73.8624,-42.174071],[-73.862528,-42.174096],[-73.862685,-42.174088],[-73.86295,-42.17404],[-73.86342,-42.17375],[-73.86376,-42.1734],[-73.863805,-42.173271],[-73.865377,-42.172933],[-73.865285,-42.173339],[-73.865292,-42.173434],[-73.865343,-42.173504],[-73.865442,-42.173537],[-73.865583,-42.173554],[-73.865733,-42.173537],[-73.865832,-42.173524],[-73.86591,-42.17349],[-73.866026,-42.173407],[-73.866137,-42.17328],[-73.866349,-42.17291],[-73.866403,-42.172712],[-73.866989,-42.172587],[-73.868857,-42.168023],[-73.874653,-42.166776],[-73.876521,-42.162213],[-73.882317,-42.160965],[-73.886246,-42.164282],[-73.884378,-42.168846],[-73.878582,-42.170093],[-73.876713,-42.174657],[-73.870916,-42.175904],[-73.869047,-42.180468],[-73.86325,-42.181714],[-73.861381,-42.186277],[-73.865309,-42.189595]]]},"properties":{"comuna":"Ancud","mancha_id":"10202-88ceac60a5fffff","clase":"Alto","nivel_medio":2.698,"nivel_medio_min":2.543,"nivel_medio_max":2.981,"pct_alto":66.6,"n_hexagonos":8,"area_ha":357.05}},{"type":"Feature","geometry":{"type":"Polygon","coordinates":[[[-74.127654,-42.220503],[-74.128087,-42.220409],[-74.128401,-42.220673],[-74.127654,-42.220503]]]},"properties":{"comuna":"Ancud","mancha_id":"10202-88ceac29e9fffff","clase":"Alto","nivel_medio":3.0,"nivel_medio_min":3.0,"nivel_medio_max":3.0,"pct_alto":100.0,"n_hexagonos":1,"area_ha":0.07}},{"type":"Feature","geometry":{"type":"Polygon","coordinates":[[[-74.13563,-42.20366],[-74.13508,-42.20422],[-74.13454,-42.20463],[-74.134456,-42.204683],[-74.135499,-42.202108],[-74.135664,-42.202072],[-74.13571,-42.20209],[-74.13596,-42.20215],[-74.13623,-42.20216],[-74.13646,-42.20219],[-74.13659,-42.20223],[-74.13684,-42.20233],[-74.13739,-42.20276],[-74.13753,-42.20295],[-74.13765,-42.20304],[-74.13767,-42.20319],[-74.13759,-42.20328],[-74.13746,-42.20335],[-74.13719,-42.20342],[-74.13646,-42.20347],[-74.13606,-42.20353],[-74.13583,-42.20357],[-74.13563,-42.20366]]]},"properties":{"comuna":"Ancud","mancha_id":"10202-88ceac2985fffff","clase":"Alto","nivel_medio":2.546,"nivel_medio_min":2.546,"nivel_medio_max":2.546,"pct_alto":65.8,"n_hexagonos":1,"area_ha":3.06}},{"type":"Feature","geometry":{"type":"Polygon","coordinates":[[[-74.138245,-42.20568],[-74.13832,-42.20575],[-74.138305,-42.20586],[-74.13822,-42.20593],[-74.13814,-42.20594],[-74.13802,-42.20591],[-74.137945,-42.205795],[-74.13794,-42.20567],[-74.13798,-42.2056],[-74.13804,-42.20558],[-74.138097,-42.20558],[-74.13815,-42.20561],[-74.138245,-42.20568]]]},"properties":{"comuna":"Ancud","mancha_id":"10202-88ceac2985fffff-2","clase":"Alto","nivel_medio":2.546,"nivel_medio_min":2.546,"nivel_medio_max":2.546,"pct_alto":65.8,"n_hexagonos":1,"area_ha":0.09}},{"type":"Feature","geometry":{"type":"Polygon","coordinates":[[[-74.13765,-42.20619],[-74.1376,-42.20627],[-74.1375,-42.20632],[-74.137385,-42.20633],[-74.13729,-42.2063],[-74.13722,-42.20623],[-74.13721,-42.20616],[-74.13729,-42.20605],[-74.1374,-42.20603],[-74.13759,-42.20602],[-74.137635,-42.206065],[-74.13765,-42.20613],[-74.13765,-42.20619]]]},"properties":{"comuna":"Ancud","mancha_id":"10202-88ceac2985fffff-3","clase":"Alto","nivel_medio":2.546,"nivel_medio_min":2.546,"nivel_medio_max":2.546,"pct_alto":65.8,"n_hexagonos":1,"area_ha":0.1}},{"type":"Feature","geometry":{"type":"Polygon","coordinates":[[[-74.137705,-42.206435],[-74.13784,-42.20642],[-74.13793,-42.206465],[-74.13794,-42.20659],[-74.13779,-42.20663],[-74.137615,-42.20661],[-74.13761,-42.2065],[-74.137705,-42.206435]]]},"properties":{"comuna":"Ancud","mancha_id":"10202-88ceac2985fffff-4","clase":"Alto","nivel_medio":2.546,"nivel_medio_min":2.546,"nivel_medio_max":2.546,"pct_alto":65.8,"n_hexagonos":1,"area_ha":0.05}},{"type":"Feature","geometry":{"type":"Polygon","coordinates":[[[-74.134004,-42.205802],[-74.1354,-42.20709],[-74.13542,-42.20748],[-74.135411,-42.208161],[-74.133646,-42.206684],[-74.134004,-42.205802]]]},"properties":{"comuna":"Ancud","mancha_id":"10202-88ceac2985fffff-5","clase":"Alto","nivel_medio":2.546,"nivel_medio_min":2.546,"nivel_medio_max":2.546,"pct_alto":65.8,"n_hexagonos":1,"area_ha":1.64}},{"type":"Feature","geometry":{"type":"Polygon","coordinates":[[[-74.13657,-42.20758],[-74.13658,-42.20769],[-74.136465,-42.20778],[-74.136295,-42.207815],[-74.13617,-42.20778],[-74.13616,-42.20768],[-74.1362,-42.20762],[-74.13635,-42.20758],[-74.13657,-42.20758]]]},"properties":{"comuna":"Ancud","mancha_id":"10202-88ceac2985fffff-6","clase":"Alto","nivel_medio":2.546,"nivel_medio_min":2.546,"nivel_medio_max":2.546,"pct_alto":65.8,"n_hexagonos":1,"area_ha":0.07}},{"type":"Feature","geometry":{"type":"Polygon","coordinates":[[[-73.534318,-41.969858],[-73.532435,-41.974405],[-73.526674,-41.975637],[-73.522797,-41.972322],[-73.524681,-41.967777],[-73.530441,-41.966545],[-73.534318,-41.969858]]]},"properties":{"comuna":"Ancud","mancha_id":"10202-88cea8db57fffff","clase":"Alto","nivel_medio":2.744,"nivel_medio_min":2.744,"nivel_medio_max":2.744,"pct_alto":69.8,"n_hexagonos":1,"area_ha":65.92}},{"type":"Feature","geometry":{"type":"Polygon","coordinates":[[[-73.522364,-41.922706],[-73.520481,-41.927251],[-73.520253,-41.9273],[-73.52022,-41.92729],[-73.51989,-41.92718],[-73.51939,-41.92712],[-73.51824,-41.92721],[-73.51713,-41.92718],[-73.51662,-41.92712],[-73.51602,-41.9271],[-73.51539,-41.92714],[-73.5146,-41.92731],[-73.51429,-41.92731],[-73.51342,-41.92706],[-73.512745,-41.926789],[-73.510854,-41.925171],[-73.509651,-41.925428],[-73.50964,-41.92537],[-73.50994,-41.92514],[-73.50997,-41.92495],[-73.50937,-41.92436],[-73.50884,-41.92353],[-73.50865,-41.92307],[-73.50856,-41.92228],[-73.50897,-41.92085],[-73.50928,-41.92035],[-73.50952,-41.92013],[-73.5096,-41.91996],[-73.50977,-41.91925],[-73.50977,-41.91888],[-73.50969,-41.91851],[-73.509457,-41.91782],[-73.512737,-41.920626],[-73.518491,-41.919394],[-73.522364,-41.922706]]]},"properties":{"comuna":"Ancud","mancha_id":"10202-88cea8d951fffff","clase":"Alto","nivel_medio":2.602,"nivel_medio_min":2.53,"nivel_medio_max":2.977,"pct_alto":44.9,"n_hexagonos":2,"area_ha":77.02}},{"type":"Feature","geometry":{"type":"Polygon","coordinates":[[[-73.5144,-41.89583],[-73.512877,-41.894975],[-73.514407,-41.891281],[-73.510538,-41.88797],[-73.504787,-41.889203],[-73.502905,-41.893747],[-73.497154,-41.894979],[-73.49681,-41.895809],[-73.49648,-41.89591],[-73.49578,-41.89621],[-73.49538,-41.89638],[-73.49489,-41.89662],[-73.49442,-41.89697],[-73.49395,-41.89732],[-73.4935,-41.89749],[-73.49299,-41.89759],[-73.49243,-41.89752],[-73.4916,-41.89755],[-73.49119,-41.89761],[-73.49087,-41.89778],[-73.49038,-41.89818],[-73.48975,-41.89878],[-73.48956,-41.89896],[-73.48938,-41.89914],[-73.48898,-41.89951],[-73.48875,-41.89988],[-73.488679,-41.900034],[-73.485653,-41.897443],[-73.479902,-41.898674],[-73.478018,-41.903217],[-73.472268,-41.904447],[-73.470244,-41.902713],[-73.47025,-41.90248],[-73.47035,-41.90234],[-73.47055,-41.90219],[-73.47103,-41.90203],[-73.4711,-41.90202],[-73.4712,-41.90201],[-73.4713,-41.90201],[-73.47155,-41.902],[-73.47185,-41.90196],[-73.47214,-41.90191],[-73.47252,-41.90185],[-73.47311,-41.90173],[-73.47322,-41.90169],[-73.47353,-41.90151],[-73.47364,-41.90121],[-73.47379,-41.90096],[-73.47395,-41.90062],[-73.47427,-41.9002],[-73.47463,-41.89979],[-73.47482,-41.89946],[-73.47496,-41.89907],[-73.47505,-41.89872],[-73.47515,-41.89836],[-73.47521,-41.89787],[-73.47515,-41.89692],[-73.47502,-41.89622],[-73.474914,-41.895602],[-73.476036,-41.895362],[-73.47792,-41.890819],[-73.48367,-41.889588],[-73.487536,-41.8929],[-73.493287,-41.891668],[-73.495169,-41.887124],[-73.496854,-41.886763],[-73.49707,-41.88678],[-73.49723,-41.88682],[-73.4973,-41.88689],[-73.49736,-41.88698],[-73.49745,-41.88708],[-73.49757,-41.88721],[-73.4977,-41.88733],[-73.49786,-41.88744],[-73.49802,-41.88752],[-73.49826,-41.88759],[-73.49845,-41.88761],[-73.49883,-41.88758],[-73.49924,-41.88751],[-73.49958,-41.8874],[-73.50006,-41.88721],[-73.50072,-41.88693],[-73.50143,-41.88678],[-73.501807,-41.886652],[-73.50208,-41.88656],[-73.50269,-41.88628],[-73.50322,-41.88601],[-73.5042,-41.88568],[-73.50527,-41.88552],[-73.50731,-41.88495],[-73.50808,-41.88482],[-73.5091,-41.88453],[-73.51013,-41.88431],[-73.51057,-41.88412],[-73.51108,-41.88371],[-73.51167,-41.88341],[-73.512,-41.88338],[-73.512411,-41.883419],[-73.512419,-41.883426],[-73.512439,-41.883422],[-73.51294,-41.88347],[-73.5134,-41.88337],[-73.51402,-41.88313],[-73.514151,-41.883055],[-73.518169,-41.882193],[-73.518619,-41.881107],[-73.51887,-41.88103],[-73.52,-41.88077],[-73.52066,-41.88076],[-73.52208,-41.88125],[-73.52329,-41.88147],[-73.52393,-41.88175],[-73.52428,-41.88199],[-73.52436,-41.88211],[-73.52429,-41.88231],[-73.52403,-41.88266],[-73.52405,-41.88276],[-73.52416,-41.88282],[-73.52464,-41.88282],[-73.52467,-41.88299],[-73.52492,-41.88314],[-73.52511,-41.88331],[-73.52565,-41.88345],[-73.52743,-41.88342],[-73.528153,-41.883391],[-73.52842,-41.88338],[-73.52964,-41.88313],[-73.52988,-41.883],[-73.53075,-41.88254],[-73.53176,-41.88159],[-73.53207,-41.8812],[-73.53214,-41.88112],[-73.53215,-41.88111],[-73.53217,-41.88108],[-73.53239,-41.8808],[-73.53286,-41.88001],[-73.533179,-41.878972],[-73.53333,-41.87848],[-73.53338,-41.87763],[-73.53315,-41.87703],[-73.53263,-41.87613],[-73.53191,-41.87539],[-73.53195,-41.87533],[-73.53184,-41.87512],[-73.53177,-41.87498],[-73.53109,-41.87423],[-73.53045,-41.87367],[-73.52938,-41.87287],[-73.52816,-41.87214],[-73.52766,-41.871919],[-73.52768,-41.87187],[-73.53343,-41.870636],[-73.5373,-41.873945],[-73.535421,-41.87849],[-73.539292,-41.8818],[-73.537412,-41.886346],[-73.531661,-41.88758],[-73.52779,-41.884269],[-73.522039,-41.885503],[-73.520158,-41.890048],[-73.523045,-41.892518],[-73.52304,-41.89252],[-73.52296,-41.89263],[-73.52302,-41.89289],[-73.52345,-41.89324],[-73.52362,-41.89348],[-73.52358,-41.89375],[-73.52333,-41.89432],[-73.5233,-41.89485],[-73.52314,-41.89498],[-73.52261,-41.89517],[-73.52208,-41.89523],[-73.52132,-41.89523],[-73.51965,-41.8951],[-73.51864,-41.8951],[-73.51831,-41.89513],[-73.5179,-41.89525],[-73.51758,-41.89539],[-73.51642,-41.89626],[-73.51628,-41.8963],[-73.51567,-41.89628],[-73.5144,-41.89583]]]},"properties":{"comuna":"Ancud","mancha_id":"10202-88cea8d917fffff","clase":"Alto","nivel_medio":2.63,"nivel_medio_min":2.516,"nivel_medio_max":2.878,"pct_alto":45.7,"n_hexagonos":10,"area_ha":460.62}},{"type":"Feature","geometry":{"type":"Polygon","coordinates":[[[-73.51844,-41.89847],[-73.51832,-41.89853],[-73.51793,-41.89863],[-73.51685,-41.89854],[-73.51645,-41.89847],[-73.51579,-41.89821],[-73.51567,-41.89791],[-73.51612,-41.89738],[-73.51627,-41.89733],[-73.51644,-41.89733],[-73.51689,-41.89755],[-73.51718,-41.89761],[-73.51749,-41.89774],[-73.51833,-41.89817],[-73.51846,-41.89832],[-73.51844,-41.89847]]]},"properties":{"comuna":"Ancud","mancha_id":"10202-88cea8d917fffff-2","clase":"Alto","nivel_medio":2.61,"nivel_medio_min":2.61,"nivel_medio_max":2.61,"pct_alto":44.4,"n_hexagonos":1,"area_ha":2.04}},{"type":"Feature","geometry":{"type":"Polygon","coordinates":[[[-73.524137,-41.905759],[-73.518384,-41.906993],[-73.516502,-41.911537],[-73.510749,-41.91277],[-73.506878,-41.909458],[-73.508761,-41.904914],[-73.507647,-41.903961],[-73.50804,-41.90359],[-73.50845,-41.9033],[-73.50917,-41.90321],[-73.50973,-41.90306],[-73.51007,-41.90288],[-73.51052,-41.90248],[-73.51146,-41.90228],[-73.51228,-41.90192],[-73.51284,-41.90158],[-73.51319,-41.90129],[-73.51339,-41.90107],[-73.51351,-41.90085],[-73.51352,-41.90062],[-73.51337,-41.90006],[-73.51336,-41.89971],[-73.51345,-41.89935],[-73.51397,-41.89822],[-73.51394,-41.89796],[-73.51389,-41.89789],[-73.5138,-41.89787],[-73.5137,-41.8979],[-73.51318,-41.89869],[-73.51299,-41.89937],[-73.5126,-41.89994],[-73.51194,-41.90057],[-73.51146,-41.90118],[-73.51128,-41.90136],[-73.51106,-41.90147],[-73.51086,-41.90153],[-73.51075,-41.90148],[-73.51068,-41.90136],[-73.51094,-41.90094],[-73.5114,-41.9004],[-73.5117,-41.89979],[-73.51176,-41.89909],[-73.51187,-41.89888],[-73.51282,-41.89808],[-73.51303,-41.89777],[-73.51326,-41.89731],[-73.51349,-41.89702],[-73.51372,-41.896848],[-73.51373,-41.89684],[-73.51429,-41.89679],[-73.51474,-41.8969],[-73.51495,-41.89705],[-73.51512,-41.89728],[-73.51526,-41.89787],[-73.515214,-41.898126],[-73.51505,-41.89905],[-73.51521,-41.89999],[-73.5152,-41.90046],[-73.51493,-41.90156],[-73.515,-41.90174],[-73.515204,-41.902012],[-73.51527,-41.9021],[-73.51572,-41.90254],[-73.51655,-41.90308],[-73.51809,-41.90375],[-73.5191,-41.90416],[-73.52012,-41.90477],[-73.52156,-41.90548],[-73.52169,-41.90562],[-73.52171,-41.90578],[-73.52158,-41.90596],[-73.52125,-41.90624],[-73.52131,-41.90627],[-73.52153,-41.90625],[-73.52183,-41.90617],[-73.52203,-41.90603],[-73.52213,-41.9058],[-73.5221,-41.90566],[-73.52186,-41.90543],[-73.52135,-41.9051],[-73.51923,-41.90353],[-73.51907,-41.90334],[-73.51898,-41.90314],[-73.51902,-41.90298],[-73.51931,-41.90295],[-73.51998,-41.90311],[-73.52067,-41.90346],[-73.52076,-41.90346],[-73.52091,-41.90339],[-73.52093,-41.90332],[-73.52078,-41.90319],[-73.5201,-41.90291],[-73.51894,-41.90229],[-73.5179,-41.90188],[-73.51656,-41.90122],[-73.51613,-41.90068],[-73.51612,-41.90032],[-73.5162,-41.90007],[-73.51633,-41.89988],[-73.51669,-41.89967],[-73.51882,-41.89903],[-73.52102,-41.89862],[-73.52178,-41.89859],[-73.523004,-41.898636],[-73.526018,-41.901214],[-73.524137,-41.905759]]]},"properties":{"comuna":"Ancud","mancha_id":"10202-88cea8d911fffff","clase":"Alto","nivel_medio":2.728,"nivel_medio_min":2.572,"nivel_medio_max":3.032,"pct_alto":49.2,"n_hexagonos":4,"area_ha":143.1}},{"type":"Feature","geometry":{"type":"Polygon","coordinates":[[[-73.895679,-42.024938],[-73.893817,-42.0295],[-73.888035,-42.030751],[-73.884116,-42.02744],[-73.878335,-42.028691],[-73.874417,-42.02538],[-73.876281,-42.020818],[-73.882061,-42.019567],[-73.885979,-42.022878],[-73.89176,-42.021627],[-73.895679,-42.024938]]]},"properties":{"comuna":"Ancud","mancha_id":"10202-88cea8d64dfffff","clase":"Alto","nivel_medio":2.613,"nivel_medio_min":2.554,"nivel_medio_max":2.672,"pct_alto":52.2,"n_hexagonos":2,"area_ha":132.7}},{"type":"Feature","geometry":{"type":"Polygon","coordinates":[[[-73.836414,-41.938004],[-73.834551,-41.942563],[-73.828781,-41.943813],[-73.824874,-41.940504],[-73.826738,-41.935946],[-73.832507,-41.934696],[-73.836414,-41.938004]]]},"properties":{"comuna":"Ancud","mancha_id":"10202-88cea8d555fffff","clase":"Alto","nivel_medio":2.52,"nivel_medio_min":2.52,"nivel_medio_max":2.52,"pct_alto":43.6,"n_hexagonos":1,"area_ha":66.24}},{"type":"Feature","geometry":{"type":"Polygon","coordinates":[[[-73.830284,-41.914406],[-73.828421,-41.918964],[-73.822654,-41.920215],[-73.81875,-41.916907],[-73.820613,-41.91235],[-73.826379,-41.911099],[-73.830284,-41.914406]]]},"properties":{"comuna":"Ancud","mancha_id":"10202-88cea8d539fffff","clase":"Alto","nivel_medio":2.636,"nivel_medio_min":2.636,"nivel_medio_max":2.636,"pct_alto":64.6,"n_hexagonos":1,"area_ha":66.22}},{"type":"Feature","geometry":{"type":"Polygon","coordinates":[[[-73.571445,-41.829329],[-73.569569,-41.833875],[-73.563822,-41.835112],[-73.559951,-41.831804],[-73.561828,-41.827259],[-73.567574,-41.826022],[-73.571445,-41.829329]]]},"properties":{"comuna":"Ancud","mancha_id":"10202-88cea8cb5bfffff","clase":"Alto","nivel_medio":2.605,"nivel_medio_min":2.605,"nivel_medio_max":2.605,"pct_alto":35.4,"n_hexagonos":1,"area_ha":65.87}},{"type":"Feature","geometry":{"type":"Polygon","coordinates":[[[-73.565462,-41.805772],[-73.561593,-41.802466],[-73.563112,-41.798786],[-73.56355,-41.79874],[-73.5668,-41.79739],[-73.56785,-41.797],[-73.568175,-41.796906],[-73.569212,-41.796682],[-73.573081,-41.799989],[-73.571206,-41.804534],[-73.565462,-41.805772]]]},"properties":{"comuna":"Ancud","mancha_id":"10202-88cea8cb13fffff","clase":"Alto","nivel_medio":2.526,"nivel_medio_min":2.526,"nivel_medio_max":2.526,"pct_alto":51.6,"n_hexagonos":1,"area_ha":64.02}},{"type":"Feature","geometry":{"type":"Polygon","coordinates":[[[-73.542599,-41.823118],[-73.540721,-41.827662],[-73.534976,-41.828898],[-73.533098,-41.833442],[-73.527352,-41.834678],[-73.523486,-41.83137],[-73.517741,-41.832605],[-73.515861,-41.837148],[-73.510116,-41.838383],[-73.506251,-41.835074],[-73.500507,-41.836308],[-73.496643,-41.832999],[-73.490899,-41.834232],[-73.488169,-41.831894],[-73.48827,-41.83189],[-73.48861,-41.83188],[-73.48895,-41.83181],[-73.49042,-41.83186],[-73.49097,-41.83182],[-73.49131,-41.8318],[-73.49193,-41.83182],[-73.49251,-41.83185],[-73.49298,-41.83187],[-73.49347,-41.83181],[-73.49381,-41.83181],[-73.49411,-41.83176],[-73.49443,-41.8317],[-73.49483,-41.83158],[-73.4954,-41.83155],[-73.49573,-41.83156],[-73.49594,-41.83153],[-73.49602,-41.83152],[-73.49635,-41.83138],[-73.49666,-41.83123],[-73.49701,-41.83094],[-73.49726,-41.83074],[-73.49755,-41.83064],[-73.497623,-41.830632],[-73.4979,-41.8306],[-73.49827,-41.83061],[-73.4989,-41.83062],[-73.49948,-41.83071],[-73.5,-41.83078],[-73.50063,-41.83086],[-73.50121,-41.83101],[-73.50132,-41.83104],[-73.50163,-41.83111],[-73.50247,-41.83125],[-73.50268,-41.83124],[-73.50315,-41.83137],[-73.5037,-41.83141],[-73.50452,-41.83135],[-73.50593,-41.83154],[-73.50645,-41.83147],[-73.50653,-41.83147],[-73.507758,-41.831432],[-73.50782,-41.83143],[-73.50815,-41.83145],[-73.5088,-41.83161],[-73.5105,-41.83153],[-73.51239,-41.83057],[-73.51306,-41.83029],[-73.514517,-41.829845],[-73.51558,-41.82952],[-73.51582,-41.82945],[-73.51666,-41.82929],[-73.52046,-41.82913],[-73.52079,-41.82908],[-73.52131,-41.82884],[-73.52143,-41.82862],[-73.52162,-41.82828],[-73.52193,-41.82786],[-73.52284,-41.82709],[-73.52348,-41.82675],[-73.52366,-41.8266],[-73.52392,-41.82624],[-73.524131,-41.82577],[-73.525365,-41.826826],[-73.531109,-41.82559],[-73.532987,-41.821047],[-73.538732,-41.81981],[-73.542599,-41.823118]]]},"properties":{"comuna":"Ancud","mancha_id":"10202-88cea8cb09fffff","clase":"Alto","nivel_medio":2.696,"nivel_medio_min":2.503,"nivel_medio_max":2.893,"pct_alto":59.5,"n_hexagonos":6,"area_ha":272.43}},{"type":"Feature","geometry":{"type":"Polygon","coordinates":[[[-73.640551,-41.82685],[-73.634801,-41.828092],[-73.631541,-41.825312],[-73.63183,-41.82528],[-73.63329,-41.82504],[-73.63397,-41.82485],[-73.63503,-41.82446],[-73.63655,-41.82409],[-73.63685,-41.82395],[-73.63748,-41.82354],[-73.63794,-41.82315],[-73.6391,-41.82168],[-73.63956,-41.82123],[-73.64019,-41.82076],[-73.640383,-41.820563],[-73.642422,-41.822302],[-73.640551,-41.82685]]]},"properties":{"comuna":"Ancud","mancha_id":"10202-88cea8ca1bfffff","clase":"Alto","nivel_medio":2.832,"nivel_medio_min":2.832,"nivel_medio_max":2.832,"pct_alto":56.1,"n_hexagonos":1,"area_ha":34.38}},{"type":"Feature","geometry":{"type":"Polygon","coordinates":[[[-73.61921,-41.81526],[-73.618944,-41.814942],[-73.619296,-41.814866],[-73.619607,-41.815132],[-73.61967,-41.81529],[-73.61941,-41.81535],[-73.61921,-41.81526]]]},"properties":{"comuna":"Ancud","mancha_id":"10202-88cea8ca15fffff","clase":"Alto","nivel_medio":3.091,"nivel_medio_min":3.091,"nivel_medio_max":3.091,"pct_alto":78.2,"n_hexagonos":1,"area_ha":0.18}},{"type":"Feature","geometry":{"type":"Polygon","coordinates":[[[-73.616857,-41.823679],[-73.615551,-41.823961],[-73.611675,-41.820654],[-73.605928,-41.821895],[-73.602054,-41.818588],[-73.603927,-41.814041],[-73.600054,-41.810735],[-73.600527,-41.809587],[-73.6006,-41.80965],[-73.60118,-41.81015],[-73.60146,-41.81039],[-73.60252,-41.81155],[-73.60384,-41.81234],[-73.60436,-41.8127],[-73.605527,-41.813696],[-73.6062,-41.81427],[-73.60706,-41.81512],[-73.60782,-41.81581],[-73.60855,-41.81659],[-73.60915,-41.81717],[-73.61016,-41.81791],[-73.61097,-41.81851],[-73.61175,-41.81921],[-73.612143,-41.819519],[-73.61315,-41.82031],[-73.61424,-41.82136],[-73.61508,-41.82182],[-73.61538,-41.82217],[-73.61549,-41.82243],[-73.61554,-41.82275],[-73.61581,-41.82312],[-73.616857,-41.823679]]]},"properties":{"comuna":"Ancud","mancha_id":"10202-88cea8ca15fffff-2","clase":"Alto","nivel_medio":2.937,"nivel_medio_min":2.631,"nivel_medio_max":3.091,"pct_alto":61.0,"n_hexagonos":3,"area_ha":55.3}},{"type":"Feature","geometry":{"type":"Polygon","coordinates":[[[-73.871565,-41.838971],[-73.875469,-41.842275],[-73.873832,-41.846294],[-73.87362,-41.84627],[-73.87323,-41.84631],[-73.87267,-41.84631],[-73.87198,-41.84606],[-73.8713,-41.84594],[-73.87063,-41.84572],[-73.87028,-41.84534],[-73.86989,-41.84447],[-73.86967,-41.8436],[-73.86963,-41.84314],[-73.8698,-41.8423],[-73.87037,-41.84098],[-73.87031,-41.8406],[-73.87024,-41.84021],[-73.870227,-41.839263],[-73.871565,-41.838971]]]},"properties":{"comuna":"Ancud","mancha_id":"10202-88cea8c755fffff","clase":"Alto","nivel_medio":2.569,"nivel_medio_min":2.569,"nivel_medio_max":2.569,"pct_alto":45.2,"n_hexagonos":1,"area_ha":26.64}},{"type":"Feature","geometry":{"type":"Polygon","coordinates":[[[-73.878991,-41.820738],[-73.875089,-41.817435],[-73.87553,-41.816352],[-73.87575,-41.81631],[-73.87635,-41.81562],[-73.876144,-41.814843],[-73.876532,-41.81389],[-73.87718,-41.81394],[-73.87834,-41.81414],[-73.87885,-41.81418],[-73.87959,-41.81416],[-73.8805,-41.81394],[-73.88074,-41.8138],[-73.88109,-41.81345],[-73.88111,-41.81337],[-73.88153,-41.8131],[-73.88189,-41.81268],[-73.88175,-41.81222],[-73.881712,-41.811837],[-73.882703,-41.811621],[-73.886606,-41.814923],[-73.88475,-41.819482],[-73.878991,-41.820738]]]},"properties":{"comuna":"Ancud","mancha_id":"10202-88cea8c717fffff","clase":"Alto","nivel_medio":2.576,"nivel_medio_min":2.576,"nivel_medio_max":2.576,"pct_alto":40.9,"n_hexagonos":1,"area_ha":58.67}},{"type":"Feature","geometry":{"type":"Polygon","coordinates":[[[-73.951517,-41.861926],[-73.95148,-41.86205],[-73.951464,-41.862055],[-73.951517,-41.861926]]]},"properties":{"comuna":"Ancud","mancha_id":"10202-88cea8c65bfffff","clase":"Alto","nivel_medio":3.042,"nivel_medio_min":3.042,"nivel_medio_max":3.042,"pct_alto":74.9,"n_hexagonos":1,"area_ha":0.0}},{"type":"Feature","geometry":{"type":"Polygon","coordinates":[[[-73.916399,-41.870753],[-73.916541,-41.870873],[-73.91636,-41.870762],[-73.916399,-41.870753]]]},"properties":{"comuna":"Ancud","mancha_id":"10202-88cea8c64dfffff","clase":"Alto","nivel_medio":2.97,"nivel_medio_min":2.97,"nivel_medio_max":2.97,"pct_alto":68.8,"n_hexagonos":1,"area_ha":0.0}},{"type":"Feature","geometry":{"type":"Polygon","coordinates":[[[-73.93642,-41.83526],[-73.93632,-41.83519],[-73.936208,-41.834947],[-73.936259,-41.834822],[-73.93633,-41.83469],[-73.93692,-41.83402],[-73.93725,-41.83375],[-73.93759,-41.83366],[-73.93784,-41.83367],[-73.93842,-41.83415],[-73.9388,-41.83434],[-73.93898,-41.83449],[-73.93894,-41.83469],[-73.93878,-41.83481],[-73.93855,-41.83481],[-73.93836,-41.83471],[-73.93809,-41.83471],[-73.93763,-41.83485],[-73.937,-41.83524],[-73.93642,-41.83526]]]},"properties":{"comuna":"Ancud","mancha_id":"10202-88cea8c615fffff","clase":"Alto","nivel_medio":2.782,"nivel_medio_min":2.782,"nivel_medio_max":2.782,"pct_alto":60.7,"n_hexagonos":1,"area_ha":2.26}},{"type":"Feature","geometry":{"type":"Polygon","coordinates":[[[-73.93884,-41.84001],[-73.93816,-41.83995],[-73.937961,-41.83995],[-73.936415,-41.838645],[-73.93663,-41.83864],[-73.93709,-41.83855],[-73.9374,-41.83844],[-73.93813,-41.838],[-73.93858,-41.83787],[-73.93897,-41.83783],[-73.93939,-41.83792],[-73.93993,-41.8381],[-73.94019,-41.83832],[-73.94076,-41.8394],[-73.94081,-41.83971],[-73.94064,-41.83983],[-73.94019,-41.83994],[-73.93884,-41.84001]]]},"properties":{"comuna":"Ancud","mancha_id":"10202-88cea8c615fffff-2","clase":"Alto","nivel_medio":2.782,"nivel_medio_min":2.782,"nivel_medio_max":2.782,"pct_alto":60.7,"n_hexagonos":1,"area_ha":5.85}},{"type":"Feature","geometry":{"type":"Polygon","coordinates":[[[-73.919908,-41.849207],[-73.914145,-41.850464],[-73.910236,-41.847161],[-73.904473,-41.848418],[-73.90283,-41.847029],[-73.90306,-41.84646],[-73.90307,-41.84612],[-73.90317,-41.84569],[-73.90325,-41.84568],[-73.90342,-41.84553],[-73.90379,-41.84548],[-73.90429,-41.84553],[-73.90474,-41.84564],[-73.90558,-41.8459],[-73.90637,-41.84624],[-73.90739,-41.84687],[-73.90769,-41.84697],[-73.90798,-41.84701],[-73.90948,-41.84696],[-73.91026,-41.84689],[-73.910357,-41.846864],[-73.91063,-41.84679],[-73.91096,-41.84653],[-73.91096,-41.84625],[-73.910703,-41.846013],[-73.90963,-41.84502],[-73.90917,-41.84441],[-73.90846,-41.84365],[-73.90861,-41.84346],[-73.90884,-41.84334],[-73.90974,-41.84317],[-73.91034,-41.84292],[-73.91034,-41.84281],[-73.90995,-41.84255],[-73.9095,-41.84238],[-73.90929,-41.84229],[-73.90855,-41.84194],[-73.90817,-41.84161],[-73.90824,-41.84147],[-73.909,-41.84102],[-73.90905,-41.8409],[-73.90893,-41.84067],[-73.90811,-41.8403],[-73.90797,-41.8402],[-73.90777,-41.83992],[-73.90777,-41.83983],[-73.90793,-41.83957],[-73.90815,-41.83935],[-73.908202,-41.839314],[-73.90883,-41.83888],[-73.90879,-41.83844],[-73.9086,-41.83828],[-73.908599,-41.838276],[-73.910038,-41.834738],[-73.915799,-41.833481],[-73.919708,-41.836784],[-73.92547,-41.835526],[-73.929379,-41.838828],[-73.927843,-41.84261],[-73.9271,-41.84252],[-73.92641,-41.8425],[-73.92591,-41.84267],[-73.92572,-41.84285],[-73.9252,-41.8432],[-73.92502,-41.84324],[-73.92487,-41.84351],[-73.92481,-41.84393],[-73.924738,-41.843997],[-73.921763,-41.844647],[-73.921654,-41.844913],[-73.92161,-41.84488],[-73.92141,-41.84436],[-73.921383,-41.844326],[-73.92129,-41.84421],[-73.921254,-41.844217],[-73.92109,-41.84425],[-73.92088,-41.8444],[-73.91992,-41.84533],[-73.9194,-41.84567],[-73.91901,-41.84585],[-73.91822,-41.84602],[-73.91807,-41.84624],[-73.91798,-41.84657],[-73.91833,-41.84702],[-73.91813,-41.84761],[-73.91819,-41.84795],[-73.9183,-41.84806],[-73.91876,-41.84814],[-73.91919,-41.84843],[-73.92,-41.84849],[-73.920174,-41.848553],[-73.919908,-41.849207]]]},"properties":{"comuna":"Ancud","mancha_id":"10202-88cea8c605fffff","clase":"Alto","nivel_medio":2.587,"nivel_medio_min":2.508,"nivel_medio_max":2.611,"pct_alto":47.0,"n_hexagonos":4,"area_ha":208.55}},{"type":"Feature","geometry":{"type":"Polygon","coordinates":[[[-73.8995,-41.79663],[-73.8992,-41.797],[-73.899124,-41.797049],[-73.899454,-41.796236],[-73.89946,-41.79624],[-73.8995,-41.79663]]]},"properties":{"comuna":"Ancud","mancha_id":"10202-88cea8c40dfffff","clase":"Alto","nivel_medio":2.721,"nivel_medio_min":2.721,"nivel_medio_max":2.721,"pct_alto":47.3,"n_hexagonos":1,"area_ha":0.08}},{"type":"Feature","geometry":{"type":"Polygon","coordinates":[[[-73.915201,-41.796217],[-73.909443,-41.797475],[-73.90759,-41.802034],[-73.901831,-41.803292],[-73.900506,-41.802171],[-73.90085,-41.80214],[-73.90105,-41.802],[-73.90141,-41.80187],[-73.90162,-41.80171],[-73.902,-41.80113],[-73.90215,-41.80075],[-73.90227,-41.79959],[-73.90245,-41.79902],[-73.90286,-41.79792],[-73.9032,-41.79761],[-73.90359,-41.79742],[-73.90424,-41.79692],[-73.90493,-41.79665],[-73.9056,-41.79653],[-73.90596,-41.79641],[-73.90611,-41.79644],[-73.90695,-41.79617],[-73.907711,-41.796011],[-73.90843,-41.79586],[-73.90897,-41.7958],[-73.9095,-41.79573],[-73.91011,-41.79571],[-73.91064,-41.79557],[-73.9108,-41.79532],[-73.91059,-41.79518],[-73.91001,-41.7951],[-73.90962,-41.795],[-73.90924,-41.79484],[-73.90843,-41.79434],[-73.90758,-41.79369],[-73.90603,-41.793],[-73.90602,-41.79299],[-73.90558,-41.79253],[-73.90545,-41.79248],[-73.90467,-41.79253],[-73.90423,-41.79232],[-73.90402,-41.79203],[-73.90372,-41.79195],[-73.90333,-41.79196],[-73.90311,-41.79191],[-73.90266,-41.79143],[-73.90214,-41.79124],[-73.90193,-41.79099],[-73.90164,-41.79091],[-73.90144,-41.79072],[-73.90133,-41.79052],[-73.9008,-41.79009],[-73.90053,-41.78979],[-73.90036,-41.78933],[-73.90036,-41.7889],[-73.90019,-41.78817],[-73.90012,-41.78755],[-73.90033,-41.78731],[-73.9004,-41.78703],[-73.900371,-41.786995],[-73.903488,-41.786314],[-73.907392,-41.789615],[-73.913149,-41.788357],[-73.917053,-41.791657],[-73.915201,-41.796217]]]},"properties":{"comuna":"Ancud","mancha_id":"10202-88cea8c401fffff","clase":"Alto","nivel_medio":2.821,"nivel_medio_min":2.721,"nivel_medio_max":2.863,"pct_alto":70.9,"n_hexagonos":3,"area_ha":122.1}},{"type":"Feature","geometry":{"type":"Polygon","coordinates":[[[-73.806867,-41.894564],[-73.805004,-41.899121],[-73.79924,-41.90037],[-73.79534,-41.897063],[-73.789576,-41.898312],[-73.785678,-41.895005],[-73.787542,-41.890449],[-73.793305,-41.8892],[-73.795168,-41.884644],[-73.80093,-41.883395],[-73.80483,-41.886701],[-73.810593,-41.885451],[-73.812455,-41.880895],[-73.818218,-41.879644],[-73.822119,-41.88295],[-73.827882,-41.881699],[-73.831785,-41.885005],[-73.837549,-41.883753],[-73.839409,-41.879196],[-73.840334,-41.878995],[-73.84047,-41.87903],[-73.84108,-41.87901],[-73.84186,-41.87897],[-73.84218,-41.8791],[-73.84237,-41.87926],[-73.8424,-41.87948],[-73.84225,-41.87974],[-73.84243,-41.88016],[-73.84241,-41.88023],[-73.84201,-41.88056],[-73.84183,-41.88094],[-73.841865,-41.881005],[-73.84217,-41.88127],[-73.84307,-41.88171],[-73.84342,-41.88184],[-73.84425,-41.88206],[-73.84493,-41.88219],[-73.84712,-41.88216],[-73.84819,-41.88222],[-73.848676,-41.882232],[-73.84899,-41.88224],[-73.85005,-41.88233],[-73.85115,-41.88227],[-73.85154,-41.8823],[-73.85322,-41.88226],[-73.85428,-41.88233],[-73.8556,-41.88226],[-73.8567,-41.88228],[-73.85734,-41.88224],[-73.85747,-41.882221],[-73.85831,-41.8821],[-73.85905,-41.88196],[-73.86053,-41.88168],[-73.86184,-41.88132],[-73.86242,-41.88128],[-73.86281,-41.88119],[-73.86417,-41.88083],[-73.865071,-41.880674],[-73.86573,-41.88056],[-73.86728,-41.88038],[-73.86786,-41.88024],[-73.86825,-41.88022],[-73.86864,-41.88011],[-73.8698,-41.88],[-73.87077,-41.87978],[-73.87232,-41.8796],[-73.8733,-41.87932],[-73.87446,-41.87908],[-73.875406,-41.879004],[-73.876041,-41.879541],[-73.881806,-41.878287],[-73.882044,-41.877703],[-73.8832,-41.87741],[-73.88456,-41.87719],[-73.88592,-41.8769],[-73.88825,-41.87629],[-73.88883,-41.8761],[-73.88966,-41.8757],[-73.88977,-41.8757],[-73.89061,-41.87513],[-73.89087,-41.87504],[-73.891,-41.87501],[-73.89113,-41.87494],[-73.89124,-41.87486],[-73.89126,-41.87485],[-73.891823,-41.874497],[-73.893337,-41.875777],[-73.899102,-41.874522],[-73.900781,-41.870398],[-73.90093,-41.87036],[-73.90196,-41.87026],[-73.90322,-41.8703],[-73.90477,-41.86999],[-73.90567,-41.87002],[-73.90622,-41.87026],[-73.90646,-41.87068],[-73.90657,-41.87102],[-73.90655,-41.87131],[-73.90663,-41.87154],[-73.90679,-41.87172],[-73.90695,-41.87212],[-73.90686,-41.87243],[-73.90675,-41.87293],[-73.90649,-41.8733],[-73.90629,-41.87357],[-73.90621,-41.87368],[-73.90605,-41.87407],[-73.90599,-41.87436],[-73.90608,-41.874595],[-73.90622,-41.87479],[-73.9066,-41.87497],[-73.90676,-41.87499],[-73.90702,-41.87502],[-73.90742,-41.87478],[-73.90754,-41.87477],[-73.90783,-41.87481],[-73.90807,-41.87481],[-73.90806,-41.87467],[-73.90803,-41.87447],[-73.9083,-41.87391],[-73.90909,-41.8737],[-73.90929,-41.87368],[-73.90958,-41.87359],[-73.90971,-41.87336],[-73.9096,-41.87314],[-73.90949,-41.87298],[-73.90964,-41.87277],[-73.9099,-41.87263],[-73.910353,-41.872698],[-73.9109,-41.87278],[-73.91318,-41.87256],[-73.9134,-41.87257],[-73.91361,-41.87268],[-73.91371,-41.87269],[-73.91382,-41.87277],[-73.91418,-41.87346],[-73.91476,-41.8742],[-73.9149,-41.87435],[-73.91567,-41.87475],[-73.91592,-41.87482],[-73.9161,-41.87487],[-73.91675,-41.87494],[-73.91738,-41.87497],[-73.91762,-41.87502],[-73.918,-41.87522],[-73.91916,-41.87545],[-73.919685,-41.875593],[-73.91993,-41.87566],[-73.92044,-41.87592],[-73.92063,-41.87608],[-73.92109,-41.87683],[-73.92117,-41.87713],[-73.92157,-41.87749],[-73.92178,-41.87764],[-73.92211,-41.87794],[-73.92236,-41.87844],[-73.92227,-41.87882],[-73.92222,-41.87902],[-73.92205,-41.87934],[-73.92134,-41.88058],[-73.92119,-41.88086],[-73.92118,-41.880921],[-73.918455,-41.878619],[-73.912688,-41.879875],[-73.908778,-41.87657],[-73.903012,-41.877826],[-73.901155,-41.882387],[-73.895389,-41.883642],[-73.89148,-41.880337],[-73.885714,-41.881592],[-73.883856,-41.886151],[-73.887765,-41.889457],[-73.885907,-41.894017],[-73.88014,-41.895271],[-73.876232,-41.891965],[-73.870465,-41.893219],[-73.866558,-41.889913],[-73.868417,-41.885354],[-73.864511,-41.882049],[-73.858746,-41.883302],[-73.856887,-41.88786],[-73.851121,-41.889113],[-73.849261,-41.893671],[-73.843496,-41.894923],[-73.839591,-41.891617],[-73.833827,-41.892869],[-73.829924,-41.889562],[-73.824159,-41.890813],[-73.820257,-41.887507],[-73.814494,-41.888758],[-73.812631,-41.893314],[-73.806867,-41.894564]]]},"properties":{"comuna":"Ancud","mancha_id":"10202-88cea8c2c1fffff","clase":"Alto","nivel_medio":2.793,"nivel_medio_min":2.554,"nivel_medio_max":3.239,"pct_alto":64.9,"n_hexagonos":20,"area_ha":1091.17}},{"type":"Feature","geometry":{"type":"Polygon","coordinates":[[[-73.80409,-41.86195],[-73.804482,-41.861865],[-73.804989,-41.860625],[-73.80501,-41.86061],[-73.80547,-41.86047],[-73.80569,-41.86045],[-73.80608,-41.86029],[-73.80625,-41.85998],[-73.80632,-41.85957],[-73.8067,-41.85933],[-73.80737,-41.85941],[-73.80761,-41.85951],[-73.8079,-41.85956],[-73.80835,-41.85955],[-73.81085,-41.8587],[-73.81131,-41.8586],[-73.81295,-41.85846],[-73.81398,-41.85851],[-73.81458,-41.85839],[-73.814866,-41.8584],[-73.81518,-41.85841],[-73.81586,-41.85829],[-73.81694,-41.85794],[-73.81728,-41.85792],[-73.81815,-41.85798],[-73.81892,-41.85812],[-73.81929,-41.85829],[-73.819677,-41.858565],[-73.816003,-41.859363],[-73.814141,-41.86392],[-73.808381,-41.86517],[-73.806518,-41.869727],[-73.802458,-41.870608],[-73.80256,-41.87035],[-73.80249,-41.86958],[-73.80253,-41.86919],[-73.8027,-41.86881],[-73.80295,-41.86843],[-73.8031,-41.86785],[-73.80316,-41.8665],[-73.80333,-41.86515],[-73.8034,-41.864],[-73.80352,-41.86361],[-73.80402,-41.86285],[-73.80409,-41.86265],[-73.80409,-41.86195]]]},"properties":{"comuna":"Ancud","mancha_id":"10202-88cea8c287fffff","clase":"Alto","nivel_medio":2.778,"nivel_medio_min":2.6,"nivel_medio_max":3.329,"pct_alto":73.4,"n_hexagonos":3,"area_ha":80.43}},{"type":"Feature","geometry":{"type":"Polygon","coordinates":[[[-73.79982,-41.86948],[-73.799736,-41.87011],[-73.796859,-41.867671],[-73.797618,-41.865816],[-73.79809,-41.86565],[-73.79883,-41.8658],[-73.79937,-41.86609],[-73.79944,-41.86636],[-73.79915,-41.86685],[-73.79866,-41.86734],[-73.79841,-41.8677],[-73.79823,-41.86804],[-73.79832,-41.86836],[-73.79907,-41.86886],[-73.79982,-41.86948]]]},"properties":{"comuna":"Ancud","mancha_id":"10202-88cea8c287fffff-2","clase":"Alto","nivel_medio":3.063,"nivel_medio_min":3.063,"nivel_medio_max":3.063,"pct_alto":79.1,"n_hexagonos":1,"area_ha":4.9}},{"type":"Feature","geometry":{"type":"Polygon","coordinates":[[[-73.791612,-41.906175],[-73.789747,-41.910732],[-73.783982,-41.91198],[-73.780083,-41.908672],[-73.781948,-41.904116],[-73.787712,-41.902868],[-73.791612,-41.906175]]]},"properties":{"comuna":"Ancud","mancha_id":"10202-88cea8c21bfffff","clase":"Alto","nivel_medio":2.592,"nivel_medio_min":2.592,"nivel_medio_max":2.592,"pct_alto":36.5,"n_hexagonos":1,"area_ha":66.17}},{"type":"Feature","geometry":{"type":"Polygon","coordinates":[[[-73.6982,-41.826819],[-73.696333,-41.83137],[-73.69058,-41.832615],[-73.686697,-41.829309],[-73.688565,-41.824758],[-73.694316,-41.823513],[-73.6982,-41.826819]]]},"properties":{"comuna":"Ancud","mancha_id":"10202-88cea8c117fffff","clase":"Alto","nivel_medio":2.679,"nivel_medio_min":2.679,"nivel_medio_max":2.679,"pct_alto":38.5,"n_hexagonos":1,"area_ha":66.02}},{"type":"Feature","geometry":{"type":"Polygon","coordinates":[[[-73.729609,-41.878091],[-73.727741,-41.882644],[-73.721982,-41.883889],[-73.718091,-41.880581],[-73.719959,-41.876029],[-73.725718,-41.874783],[-73.729609,-41.878091]]]},"properties":{"comuna":"Ancud","mancha_id":"10202-88cea8c045fffff","clase":"Alto","nivel_medio":2.696,"nivel_medio_min":2.696,"nivel_medio_max":2.696,"pct_alto":51.2,"n_hexagonos":1,"area_ha":66.08}},{"type":"Feature","geometry":{"type":"Polygon","coordinates":[[[-73.721518,-41.846654],[-73.71763,-41.843348],[-73.719429,-41.838961],[-73.71988,-41.83936],[-73.72109,-41.8401],[-73.72158,-41.84044],[-73.72238,-41.84113],[-73.72422,-41.84231],[-73.72653,-41.84354],[-73.7276,-41.84419],[-73.727741,-41.844266],[-73.7289,-41.84489],[-73.73013,-41.84547],[-73.73219,-41.84629],[-73.73295,-41.84665],[-73.73351,-41.84699],[-73.73414,-41.84744],[-73.734626,-41.847963],[-73.731162,-41.848713],[-73.727273,-41.845407],[-73.721518,-41.846654]]]},"properties":{"comuna":"Ancud","mancha_id":"10202-88cea8c023fffff","clase":"Alto","nivel_medio":3.035,"nivel_medio_min":3.034,"nivel_medio_max":3.039,"pct_alto":73.9,"n_hexagonos":2,"area_ha":48.79}},{"type":"Feature","geometry":{"type":"Polygon","coordinates":[[[-73.994857,-42.053379],[-73.993,-42.057946],[-73.987211,-42.059202],[-73.98328,-42.055892],[-73.985137,-42.051325],[-73.990925,-42.050069],[-73.994857,-42.053379]]]},"properties":{"comuna":"Ancud","mancha_id":"10202-88cea89b39fffff","clase":"Alto","nivel_medio":2.813,"nivel_medio_min":2.813,"nivel_medio_max":2.813,"pct_alto":43.4,"n_hexagonos":1,"area_ha":66.49}},{"type":"Feature","geometry":{"type":"Polygon","coordinates":[[[-73.979564,-42.065025],[-73.977706,-42.069591],[-73.981638,-42.072903],[-73.987429,-42.071647],[-73.989286,-42.06708],[-73.995076,-42.065824],[-73.996933,-42.061257],[-74.002723,-42.06],[-74.004579,-42.055433],[-74.010368,-42.054176],[-74.014303,-42.057486],[-74.012447,-42.062054],[-74.006657,-42.063311],[-74.0048,-42.067879],[-73.99901,-42.069135],[-73.997153,-42.073703],[-73.991362,-42.074959],[-73.989504,-42.079526],[-73.983713,-42.080781],[-73.97978,-42.07747],[-73.973989,-42.078724],[-73.970058,-42.075413],[-73.964268,-42.076667],[-73.960337,-42.073355],[-73.962197,-42.068789],[-73.958267,-42.065478],[-73.960126,-42.060912],[-73.965915,-42.059657],[-73.969844,-42.062969],[-73.975633,-42.061714],[-73.979564,-42.065025]]]},"properties":{"comuna":"Ancud","mancha_id":"10202-88cea89b05fffff","clase":"Alto","nivel_medio":2.916,"nivel_medio_min":2.535,"nivel_medio_max":3.403,"pct_alto":68.0,"n_hexagonos":8,"area_ha":531.9}},{"type":"Feature","geometry":{"type":"Polygon","coordinates":[[[-74.042091,-42.093111],[-74.038151,-42.089799],[-74.039093,-42.08748],[-74.03935,-42.08754],[-74.03993,-42.08748],[-74.04029,-42.0874],[-74.0408,-42.08732],[-74.04144,-42.08728],[-74.042,-42.08733],[-74.04229,-42.08741],[-74.04281,-42.08772],[-74.04339,-42.08812],[-74.04357,-42.08837],[-74.04356,-42.08871],[-74.0435,-42.08914],[-74.0433,-42.08946],[-74.04308,-42.08967],[-74.04247,-42.08986],[-74.04176,-42.09014],[-74.04168,-42.0902],[-74.04142,-42.09056],[-74.04131,-42.09093],[-74.04129,-42.09121],[-74.04142,-42.09138],[-74.04169,-42.09164],[-74.04214,-42.09195],[-74.0423,-42.09215],[-74.04243,-42.09236],[-74.04253,-42.09258],[-74.04285,-42.09284],[-74.042977,-42.092918],[-74.042091,-42.093111]]]},"properties":{"comuna":"Ancud","mancha_id":"10202-88cea89a0dfffff","clase":"Alto","nivel_medio":2.533,"nivel_medio_min":2.533,"nivel_medio_max":2.533,"pct_alto":62.2,"n_hexagonos":1,"area_ha":15.71}},{"type":"Feature","geometry":{"type":"Polygon","coordinates":[[[-74.03827,-42.07796],[-74.037831,-42.077575],[-74.037922,-42.07735],[-74.040168,-42.076862],[-74.04038,-42.07712],[-74.04041,-42.07742],[-74.0404,-42.07769],[-74.04036,-42.07797],[-74.04017,-42.07833],[-74.03992,-42.07851],[-74.03969,-42.07859],[-74.03952,-42.07852],[-74.03929,-42.07837],[-74.03883,-42.07822],[-74.03865,-42.07822],[-74.03856,-42.07816],[-74.03827,-42.07796]]]},"properties":{"comuna":"Ancud","mancha_id":"10202-88cea89a05fffff","clase":"Alto","nivel_medio":2.862,"nivel_medio_min":2.862,"nivel_medio_max":2.862,"pct_alto":95.3,"n_hexagonos":1,"area_ha":2.62}},{"type":"Feature","geometry":{"type":"Polygon","coordinates":[[[-74.03808,-42.08361],[-74.03808,-42.083611],[-74.036067,-42.081919],[-74.03672,-42.080312],[-74.03763,-42.08117],[-74.03778,-42.08136],[-74.03782,-42.08161],[-74.03777,-42.08191],[-74.03769,-42.08223],[-74.03763,-42.08254],[-74.03767,-42.08273],[-74.03774,-42.08295],[-74.03808,-42.08361]]]},"properties":{"comuna":"Ancud","mancha_id":"10202-88cea89a05fffff-2","clase":"Alto","nivel_medio":2.862,"nivel_medio_min":2.862,"nivel_medio_max":2.862,"pct_alto":95.3,"n_hexagonos":1,"area_ha":2.66}},{"type":"Feature","geometry":{"type":"Polygon","coordinates":[[[-74.03406,-41.95187],[-74.03415,-41.95169],[-74.03429,-41.95176],[-74.03428,-41.95191],[-74.03423,-41.95199],[-74.03406,-41.95187]]]},"properties":{"comuna":"Ancud","mancha_id":"10202-88cea899bbfffff","clase":"Alto","nivel_medio":2.578,"nivel_medio_min":2.578,"nivel_medio_max":2.578,"pct_alto":61.7,"n_hexagonos":1,"area_ha":0.04}},{"type":"Feature","geometry":{"type":"Polygon","coordinates":[[[-74.0352,-41.95232],[-74.03523,-41.95238],[-74.03525,-41.95248],[-74.03523,-41.95254],[-74.03497,-41.952665],[-74.03484,-41.95261],[-74.03475,-41.95255],[-74.03475,-41.95249],[-74.03482,-41.95234],[-74.03491,-41.95227],[-74.035,-41.95227],[-74.0352,-41.95232]]]},"properties":{"comuna":"Ancud","mancha_id":"10202-88cea899bbfffff-2","clase":"Alto","nivel_medio":2.578,"nivel_medio_min":2.578,"nivel_medio_max":2.578,"pct_alto":61.7,"n_hexagonos":1,"area_ha":0.13}},{"type":"Feature","geometry":{"type":"Polygon","coordinates":[[[-74.03693,-41.95298],[-74.03686,-41.95312],[-74.03676,-41.95311],[-74.03662,-41.95323],[-74.03652,-41.9532],[-74.03646,-41.95308],[-74.0367,-41.95295],[-74.03693,-41.95298]]]},"properties":{"comuna":"Ancud","mancha_id":"10202-88cea899bbfffff-3","clase":"Alto","nivel_medio":2.578,"nivel_medio_min":2.578,"nivel_medio_max":2.578,"pct_alto":61.7,"n_hexagonos":1,"area_ha":0.07}},{"type":"Feature","geometry":{"type":"Polygon","coordinates":[[[-74.03692,-41.95334],[-74.03698,-41.95331],[-74.037095,-41.95334],[-74.03711,-41.95346],[-74.037,-41.95354],[-74.0369,-41.95354],[-74.03685,-41.95345],[-74.03692,-41.95334]]]},"properties":{"comuna":"Ancud","mancha_id":"10202-88cea899bbfffff-4","clase":"Alto","nivel_medio":2.578,"nivel_medio_min":2.578,"nivel_medio_max":2.578,"pct_alto":61.7,"n_hexagonos":1,"area_ha":0.04}},{"type":"Feature","geometry":{"type":"Polygon","coordinates":[[[-74.03788,-41.95613],[-74.03788,-41.95626],[-74.037997,-41.956552],[-74.033783,-41.957471],[-74.029854,-41.954165],[-74.030772,-41.951901],[-74.03091,-41.95194],[-74.03113,-41.95206],[-74.03151,-41.9523],[-74.03171,-41.95241],[-74.03214,-41.95261],[-74.03236,-41.95269],[-74.03301,-41.9529],[-74.03409,-41.95316],[-74.03431,-41.95319],[-74.03496,-41.95341],[-74.03517,-41.95351],[-74.03574,-41.95388],[-74.03594,-41.95398],[-74.03637,-41.95414],[-74.03659,-41.95423],[-74.037,-41.95447],[-74.03719,-41.9546],[-74.03749,-41.95497],[-74.03815,-41.9553],[-74.03831,-41.95544],[-74.03834,-41.95565],[-74.03832,-41.95571],[-74.03793,-41.95593],[-74.03788,-41.95613]]]},"properties":{"comuna":"Ancud","mancha_id":"10202-88cea899bbfffff-5","clase":"Alto","nivel_medio":2.578,"nivel_medio_min":2.578,"nivel_medio_max":2.578,"pct_alto":61.7,"n_hexagonos":1,"area_ha":23.18}},{"type":"Feature","geometry":{"type":"Polygon","coordinates":[[[-74.0385,-41.95461],[-74.03863,-41.95458],[-74.03869,-41.95458],[-74.03882,-41.95471],[-74.03866,-41.95481],[-74.0385,-41.95477],[-74.03848,-41.95467],[-74.0385,-41.95461]]]},"properties":{"comuna":"Ancud","mancha_id":"10202-88cea899bbfffff-6","clase":"Alto","nivel_medio":2.578,"nivel_medio_min":2.578,"nivel_medio_max":2.578,"pct_alto":61.7,"n_hexagonos":1,"area_ha":0.05}},{"type":"Feature","geometry":{"type":"Polygon","coordinates":[[[-74.03826,-41.95464],[-74.03834,-41.95478],[-74.03826,-41.95489],[-74.03819,-41.95491],[-74.0381,-41.95487],[-74.03807,-41.95474],[-74.03807,-41.95466],[-74.03813,-41.95456],[-74.03828,-41.95456],[-74.03826,-41.95464]]]},"properties":{"comuna":"Ancud","mancha_id":"10202-88cea899bbfffff-7","clase":"Alto","nivel_medio":2.578,"nivel_medio_min":2.578,"nivel_medio_max":2.578,"pct_alto":61.7,"n_hexagonos":1,"area_ha":0.06}},{"type":"Feature","geometry":{"type":"Polygon","coordinates":[[[-73.961563,-42.031463],[-73.959704,-42.036028],[-73.963632,-42.039339],[-73.969418,-42.038083],[-73.971276,-42.033518],[-73.977061,-42.032262],[-73.98099,-42.035572],[-73.986777,-42.034315],[-73.990707,-42.037625],[-73.996494,-42.036368],[-74.000425,-42.039678],[-73.99857,-42.044245],[-73.992782,-42.045502],[-73.988851,-42.042192],[-73.983063,-42.043448],[-73.981206,-42.048015],[-73.975419,-42.04927],[-73.971489,-42.04596],[-73.965702,-42.047215],[-73.961774,-42.043904],[-73.955988,-42.045159],[-73.954129,-42.049724],[-73.948342,-42.050978],[-73.944415,-42.047667],[-73.938629,-42.048921],[-73.936769,-42.053485],[-73.930983,-42.054738],[-73.929122,-42.059303],[-73.923335,-42.060555],[-73.91941,-42.057243],[-73.913624,-42.058495],[-73.911762,-42.063059],[-73.905976,-42.06431],[-73.902053,-42.060998],[-73.896267,-42.062249],[-73.894404,-42.066812],[-73.898327,-42.070125],[-73.904113,-42.068874],[-73.908037,-42.072186],[-73.913825,-42.070935],[-73.91775,-42.074248],[-73.923538,-42.072996],[-73.925399,-42.068432],[-73.931187,-42.067179],[-73.935114,-42.070491],[-73.940902,-42.069238],[-73.94483,-42.07255],[-73.950619,-42.071297],[-73.954548,-42.074609],[-73.952688,-42.079175],[-73.946898,-42.080428],[-73.945037,-42.084993],[-73.939247,-42.086246],[-73.937386,-42.090811],[-73.931596,-42.092063],[-73.929734,-42.096628],[-73.923943,-42.09788],[-73.92208,-42.102445],[-73.916289,-42.103696],[-73.914426,-42.10826],[-73.908634,-42.109511],[-73.90677,-42.114075],[-73.910698,-42.117389],[-73.908833,-42.121954],[-73.903041,-42.123204],[-73.901176,-42.127768],[-73.895383,-42.129017],[-73.891456,-42.125702],[-73.893322,-42.121138],[-73.889396,-42.117823],[-73.891261,-42.113259],[-73.897052,-42.11201],[-73.898917,-42.107446],[-73.904707,-42.106197],[-73.906571,-42.101632],[-73.902645,-42.098319],[-73.904509,-42.093755],[-73.910299,-42.092504],[-73.914225,-42.095818],[-73.920015,-42.094567],[-73.921878,-42.090002],[-73.917951,-42.086689],[-73.912162,-42.08794],[-73.908236,-42.084627],[-73.910099,-42.080063],[-73.906174,-42.07675],[-73.900387,-42.078001],[-73.898523,-42.082564],[-73.892735,-42.083814],[-73.888812,-42.080501],[-73.883025,-42.081751],[-73.879103,-42.078437],[-73.873316,-42.079686],[-73.869395,-42.076373],[-73.87126,-42.071811],[-73.877046,-42.070562],[-73.878911,-42.065999],[-73.87499,-42.062687],[-73.876855,-42.058124],[-73.882639,-42.056875],[-73.88656,-42.060187],[-73.892345,-42.058937],[-73.894208,-42.054374],[-73.899993,-42.053123],[-73.901855,-42.04856],[-73.897934,-42.045248],[-73.899796,-42.040685],[-73.90558,-42.039434],[-73.907441,-42.034871],[-73.913224,-42.033618],[-73.915085,-42.029055],[-73.920868,-42.027802],[-73.924791,-42.031113],[-73.930575,-42.02986],[-73.934499,-42.03317],[-73.940283,-42.031917],[-73.942142,-42.027352],[-73.947926,-42.026098],[-73.949784,-42.021533],[-73.955568,-42.020278],[-73.959494,-42.023588],[-73.965278,-42.022333],[-73.969205,-42.025642],[-73.967348,-42.030208],[-73.961563,-42.031463]]]},"properties":{"comuna":"Ancud","mancha_id":"10202-88cea89945fffff","clase":"Alto","nivel_medio":2.855,"nivel_medio_min":2.503,"nivel_medio_max":3.427,"pct_alto":71.5,"n_hexagonos":54,"area_ha":3586.65}},{"type":"Feature","geometry":{"type":"Polygon","coordinates":[[[-74.03901,-42.05423],[-74.039065,-42.054265],[-74.038995,-42.05439],[-74.03892,-42.05441],[-74.03884,-42.05442],[-74.038745,-42.0544],[-74.03872,-42.0543],[-74.0388,-42.05424],[-74.0389,-42.05423],[-74.03901,-42.05423]]]},"properties":{"comuna":"Ancud","mancha_id":"10202-88cea89849fffff","clase":"Alto","nivel_medio":3.443,"nivel_medio_min":3.443,"nivel_medio_max":3.443,"pct_alto":97.0,"n_hexagonos":1,"area_ha":0.05}},{"type":"Feature","geometry":{"type":"Polygon","coordinates":[[[-74.038402,-42.054727],[-74.03842,-42.054815],[-74.0384,-42.05488],[-74.03833,-42.05493],[-74.03818,-42.05497],[-74.03803,-42.054945],[-74.03802,-42.05482],[-74.038075,-42.054765],[-74.03819,-42.05471],[-74.03834,-42.05469],[-74.038402,-42.054727]]]},"properties":{"comuna":"Ancud","mancha_id":"10202-88cea89849fffff-2","clase":"Alto","nivel_medio":3.443,"nivel_medio_min":3.443,"nivel_medio_max":3.443,"pct_alto":97.0,"n_hexagonos":1,"area_ha":0.08}},{"type":"Feature","geometry":{"type":"Polygon","coordinates":[[[-74.03674,-42.05504],[-74.03677,-42.0551],[-74.03674,-42.05515],[-74.03667,-42.0552],[-74.03651,-42.055245],[-74.03641,-42.05523],[-74.0364,-42.05515],[-74.03653,-42.05507],[-74.0366,-42.05503],[-74.03667,-42.05503],[-74.03674,-42.05504]]]},"properties":{"comuna":"Ancud","mancha_id":"10202-88cea89849fffff-3","clase":"Alto","nivel_medio":3.443,"nivel_medio_min":3.443,"nivel_medio_max":3.443,"pct_alto":97.0,"n_hexagonos":1,"area_ha":0.05}},{"type":"Feature","geometry":{"type":"Polygon","coordinates":[[[-74.03757,-42.05514],[-74.03756,-42.055215],[-74.03749,-42.05527],[-74.03731,-42.0553],[-74.03717,-42.05531],[-74.03704,-42.0552],[-74.03707,-42.05506],[-74.037185,-42.055001],[-74.03724,-42.05499],[-74.037297,-42.05499],[-74.03739,-42.05501],[-74.03749,-42.05505],[-74.03754,-42.05509],[-74.03757,-42.05514]]]},"properties":{"comuna":"Ancud","mancha_id":"10202-88cea89849fffff-4","clase":"Alto","nivel_medio":3.443,"nivel_medio_min":3.443,"nivel_medio_max":3.443,"pct_alto":97.0,"n_hexagonos":1,"area_ha":0.12}},{"type":"Feature","geometry":{"type":"Polygon","coordinates":[[[-74.03758,-42.05564],[-74.03752,-42.0557],[-74.03742,-42.05574],[-74.03727,-42.05576],[-74.03719,-42.05577],[-74.03712,-42.05575],[-74.03706,-42.05573],[-74.03693,-42.05556],[-74.03711,-42.05551],[-74.03724,-42.0555],[-74.037455,-42.055505],[-74.037565,-42.055555],[-74.03758,-42.05564]]]},"properties":{"comuna":"Ancud","mancha_id":"10202-88cea89849fffff-5","clase":"Alto","nivel_medio":3.443,"nivel_medio_min":3.443,"nivel_medio_max":3.443,"pct_alto":97.0,"n_hexagonos":1,"area_ha":0.12}},{"type":"Feature","geometry":{"type":"Polygon","coordinates":[[[-74.03735,-42.05594],[-74.03745,-42.055965],[-74.03745,-42.05604],[-74.0374,-42.05608],[-74.03733,-42.05609],[-74.03725,-42.05609],[-74.037105,-42.056035],[-74.03706,-42.05598],[-74.03713,-42.05593],[-74.03735,-42.05594]]]},"properties":{"comuna":"Ancud","mancha_id":"10202-88cea89849fffff-6","clase":"Alto","nivel_medio":3.443,"nivel_medio_min":3.443,"nivel_medio_max":3.443,"pct_alto":97.0,"n_hexagonos":1,"area_ha":0.04}},{"type":"Feature","geometry":{"type":"Polygon","coordinates":[[[-74.029592,-42.045834],[-74.035381,-42.044575],[-74.036476,-42.045496],[-74.03635,-42.04564],[-74.03625,-42.04588],[-74.03624,-42.04609],[-74.03622,-42.04633],[-74.03618,-42.04641],[-74.03512,-42.0471],[-74.03467,-42.04749],[-74.03455,-42.0477],[-74.03454,-42.04789],[-74.03464,-42.04807],[-74.03476,-42.0482],[-74.03473,-42.04842],[-74.03459,-42.04861],[-74.03428,-42.0487],[-74.0341,-42.04877],[-74.03389,-42.04894],[-74.03376,-42.04914],[-74.0337,-42.04938],[-74.03352,-42.04965],[-74.03328,-42.0499],[-74.03322,-42.05015],[-74.03331,-42.05048],[-74.03326,-42.05071],[-74.03312,-42.0509],[-74.03282,-42.05113],[-74.03145,-42.05152],[-74.03116,-42.05169],[-74.03106,-42.05175],[-74.0309,-42.05193],[-74.03093,-42.05205],[-74.03116,-42.05219],[-74.03166,-42.0524],[-74.03209,-42.0528],[-74.03247,-42.05333],[-74.032553,-42.053521],[-74.03271,-42.05388],[-74.03309,-42.0542],[-74.03359,-42.05448],[-74.03425,-42.05462],[-74.03496,-42.05471],[-74.03521,-42.05471],[-74.03569,-42.05455],[-74.03609,-42.0545],[-74.03625,-42.05449],[-74.03629,-42.05458],[-74.03629,-42.05467],[-74.03618,-42.05488],[-74.03588,-42.05533],[-74.03539,-42.05568],[-74.03501,-42.056],[-74.0348,-42.05617],[-74.03431,-42.05673],[-74.03381,-42.05716],[-74.03335,-42.05737],[-74.03193,-42.05779],[-74.03168,-42.05788],[-74.03158,-42.05793],[-74.03107,-42.0581],[-74.03035,-42.05846],[-74.030206,-42.058606],[-74.029819,-42.05828],[-74.024028,-42.059539],[-74.020093,-42.056228],[-74.021948,-42.05166],[-74.027737,-42.050402],[-74.029592,-42.045834]]]},"properties":{"comuna":"Ancud","mancha_id":"10202-88cea89841fffff","clase":"Alto","nivel_medio":3.017,"nivel_medio_min":2.902,"nivel_medio_max":3.443,"pct_alto":85.8,"n_hexagonos":3,"area_ha":117.02}},{"type":"Feature","geometry":{"type":"Polygon","coordinates":[[[-74.04077,-42.01268],[-74.0409,-42.01273],[-74.04088,-42.01281],[-74.0408,-42.01286],[-74.04072,-42.01288],[-74.04062,-42.01288],[-74.04054,-42.01287],[-74.04049,-42.01284],[-74.040485,-42.012745],[-74.04061,-42.01267],[-74.04077,-42.01268]]]},"properties":{"comuna":"Ancud","mancha_id":"10202-88cea89839fffff","clase":"Alto","nivel_medio":3.212,"nivel_medio_min":3.212,"nivel_medio_max":3.212,"pct_alto":84.1,"n_hexagonos":1,"area_ha":0.06}},{"type":"Feature","geometry":{"type":"Polygon","coordinates":[[[-74.04066,-42.0131],[-74.040715,-42.01315],[-74.0407,-42.01323],[-74.04061,-42.01331],[-74.04048,-42.01331],[-74.04039,-42.013235],[-74.040463,-42.0131],[-74.04052,-42.0131],[-74.04066,-42.0131]]]},"properties":{"comuna":"Ancud","mancha_id":"10202-88cea89839fffff-2","clase":"Alto","nivel_medio":3.212,"nivel_medio_min":3.212,"nivel_medio_max":3.212,"pct_alto":84.1,"n_hexagonos":1,"area_ha":0.05}},{"type":"Feature","geometry":{"type":"Polygon","coordinates":[[[-74.040855,-42.013625],[-74.04087,-42.0137],[-74.04083,-42.01376],[-74.04076,-42.0138],[-74.04068,-42.01383],[-74.040555,-42.0138],[-74.04056,-42.01364],[-74.04063,-42.0136],[-74.040855,-42.013625]]]},"properties":{"comuna":"Ancud","mancha_id":"10202-88cea89839fffff-3","clase":"Alto","nivel_medio":3.212,"nivel_medio_min":3.212,"nivel_medio_max":3.212,"pct_alto":84.1,"n_hexagonos":1,"area_ha":0.05}},{"type":"Feature","geometry":{"type":"Polygon","coordinates":[[[-74.04135,-42.01481],[-74.041435,-42.014915],[-74.04138,-42.01496],[-74.04131,-42.01497],[-74.0411,-42.01493],[-74.040995,-42.014805],[-74.041085,-42.014701],[-74.04114,-42.01469],[-74.04122,-42.01471],[-74.04135,-42.01481]]]},"properties":{"comuna":"Ancud","mancha_id":"10202-88cea89839fffff-4","clase":"Alto","nivel_medio":3.212,"nivel_medio_min":3.212,"nivel_medio_max":3.212,"pct_alto":84.1,"n_hexagonos":1,"area_ha":0.07}},{"type":"Feature","geometry":{"type":"Polygon","coordinates":[[[-74.03879,-42.01987],[-74.03874,-42.01993],[-74.03864,-42.01995],[-74.03854,-42.01995],[-74.03846,-42.01992],[-74.03841,-42.01987],[-74.03839,-42.019795],[-74.03847,-42.01973],[-74.03859,-42.0197],[-74.03873,-42.0197],[-74.038785,-42.019755],[-74.03879,-42.01987]]]},"properties":{"comuna":"Ancud","mancha_id":"10202-88cea89807fffff","clase":"Alto","nivel_medio":2.759,"nivel_medio_min":2.759,"nivel_medio_max":2.759,"pct_alto":69.7,"n_hexagonos":1,"area_ha":0.07}},{"type":"Feature","geometry":{"type":"Polygon","coordinates":[[[-74.021497,-42.02677],[-74.023351,-42.022202],[-74.019418,-42.018893],[-74.021272,-42.014326],[-74.027057,-42.013066],[-74.02891,-42.008499],[-74.034696,-42.007239],[-74.038629,-42.010547],[-74.04238,-42.00973],[-74.04237,-42.00978],[-74.04242,-42.00994],[-74.04254,-42.01011],[-74.04257,-42.0105],[-74.04256,-42.01076],[-74.04236,-42.01102],[-74.04184,-42.01126],[-74.04107,-42.01137],[-74.04054,-42.01132],[-74.04012,-42.01121],[-74.03969,-42.01097],[-74.0395,-42.01079],[-74.03919,-42.01072],[-74.03893,-42.01074],[-74.038483,-42.010907],[-74.03826,-42.01099],[-74.03769,-42.01133],[-74.03744,-42.01162],[-74.03728,-42.01193],[-74.03718,-42.01209],[-74.03661,-42.01245],[-74.03653,-42.01263],[-74.03659,-42.01277],[-74.03687,-42.01288],[-74.037649,-42.012963],[-74.0379,-42.01299],[-74.03818,-42.01307],[-74.03842,-42.01328],[-74.03863,-42.01355],[-74.03872,-42.01378],[-74.03875,-42.01525],[-74.03873,-42.01549],[-74.03865,-42.01567],[-74.03845,-42.01581],[-74.037904,-42.016063],[-74.03666,-42.01664],[-74.03623,-42.01677],[-74.03597,-42.01678],[-74.03579,-42.01675],[-74.0356,-42.01662],[-74.03539,-42.01643],[-74.0352,-42.01631],[-74.03503,-42.01627],[-74.03483,-42.01636],[-74.03463,-42.01653],[-74.03445,-42.01682],[-74.03436,-42.01723],[-74.03426,-42.01759],[-74.03425,-42.01818],[-74.03427,-42.0184],[-74.03445,-42.01854],[-74.03547,-42.01882],[-74.03586,-42.01893],[-74.03603,-42.01915],[-74.03613,-42.01935],[-74.03608,-42.01955],[-74.03589,-42.01977],[-74.03557,-42.01988],[-74.03537,-42.01987],[-74.03504,-42.01978],[-74.03471,-42.0196],[-74.03436,-42.01951],[-74.03412,-42.01953],[-74.03377,-42.01974],[-74.03353,-42.02009],[-74.0333,-42.02052],[-74.03292,-42.02115],[-74.0325,-42.02198],[-74.03222,-42.02251],[-74.03211,-42.0231],[-74.032097,-42.023432],[-74.03209,-42.02362],[-74.03196,-42.02474],[-74.03193,-42.02531],[-74.03185,-42.02572],[-74.03159,-42.02649],[-74.0313,-42.0275],[-74.03115,-42.02807],[-74.03116,-42.02833],[-74.03106,-42.02883],[-74.031054,-42.028855],[-74.02543,-42.030079],[-74.023576,-42.034647],[-74.017789,-42.035905],[-74.013855,-42.032596],[-74.01571,-42.028028],[-74.021497,-42.02677]]]},"properties":{"comuna":"Ancud","mancha_id":"10202-88cea89805fffff","clase":"Alto","nivel_medio":2.793,"nivel_medio_min":2.554,"nivel_medio_max":3.212,"pct_alto":68.0,"n_hexagonos":6,"area_ha":296.25}},{"type":"Feature","geometry":{"type":"Polygon","coordinates":[[[-74.040867,-41.943435],[-74.039334,-41.94377],[-74.038129,-41.946746],[-74.03805,-41.94682],[-74.03797,-41.94687],[-74.03789,-41.94686],[-74.03766,-41.94692],[-74.03744,-41.94694],[-74.03723,-41.94692],[-74.03639,-41.94676],[-74.03527,-41.94674],[-74.03499,-41.94676],[-74.03478,-41.94673],[-74.03366,-41.94645],[-74.03311,-41.94635],[-74.03283,-41.94628],[-74.0323,-41.94611],[-74.03205,-41.945975],[-74.03192,-41.94591],[-74.03166,-41.94561],[-74.03146,-41.94524],[-74.0313,-41.94506],[-74.03102,-41.94496],[-74.03074,-41.94493],[-74.03046,-41.94491],[-74.03009,-41.94484],[-74.02972,-41.94463],[-74.02946,-41.94453],[-74.02891,-41.9445],[-74.02864,-41.9445],[-74.028488,-41.944538],[-74.0282,-41.94461],[-74.02754,-41.94487],[-74.0272,-41.94506],[-74.02662,-41.94544],[-74.02621,-41.94574],[-74.02598,-41.94586],[-74.0253,-41.94609],[-74.02514,-41.94634],[-74.02506,-41.94663],[-74.02495,-41.94688],[-74.02486,-41.94691],[-74.024848,-41.946932],[-74.021998,-41.947554],[-74.018071,-41.944248],[-74.019923,-41.939682],[-74.015996,-41.936377],[-74.010219,-41.937637],[-74.006294,-41.934332],[-74.008146,-41.929766],[-74.013922,-41.928505],[-74.015171,-41.925424],[-74.01552,-41.92535],[-74.01571,-41.92534],[-74.01645,-41.92537],[-74.01674,-41.925305],[-74.01681,-41.92526],[-74.01686,-41.92519],[-74.017,-41.92512],[-74.017,-41.92506],[-74.01707,-41.92498],[-74.01719,-41.92475],[-74.01735,-41.92454],[-74.01748,-41.92443],[-74.01777,-41.924345],[-74.01814,-41.9244],[-74.01851,-41.92453],[-74.01868,-41.92462],[-74.019,-41.92495],[-74.01916,-41.92508],[-74.01956,-41.92527],[-74.01971,-41.92537],[-74.01982,-41.92549],[-74.01991,-41.92565],[-74.020045,-41.925805],[-74.020225,-41.925923],[-74.02057,-41.92599],[-74.02076,-41.926],[-74.02104,-41.92606],[-74.02113,-41.92612],[-74.0215,-41.92626],[-74.02167,-41.92635],[-74.02193,-41.92654],[-74.022025,-41.92667],[-74.02206,-41.92685],[-74.02211,-41.92692],[-74.02234,-41.92716],[-74.02243,-41.92734],[-74.02255,-41.92751],[-74.02273,-41.92761],[-74.0229,-41.92766],[-74.02346,-41.92762],[-74.02384,-41.92753],[-74.02402,-41.92745],[-74.02418,-41.927345],[-74.02429,-41.9272],[-74.02439,-41.92704],[-74.02452,-41.92671],[-74.02461,-41.92655],[-74.02477,-41.92639],[-74.0248,-41.92633],[-74.02516,-41.92617],[-74.02522,-41.92617],[-74.02534,-41.92622],[-74.025369,-41.926243],[-74.02548,-41.92633],[-74.02551,-41.92641],[-74.02557,-41.92647],[-74.02557,-41.92679],[-74.02552,-41.92684],[-74.02549,-41.92695],[-74.02525,-41.92727],[-74.02528,-41.92749],[-74.0254,-41.92753],[-74.02559,-41.92762],[-74.02616,-41.92785],[-74.02639,-41.92813],[-74.02646,-41.9282],[-74.02659,-41.92821],[-74.02685,-41.9282],[-74.0269,-41.92816],[-74.02697,-41.928135],[-74.02708,-41.92811],[-74.02715,-41.92805],[-74.02787,-41.9276],[-74.02839,-41.92722],[-74.02862,-41.92714],[-74.02923,-41.92717],[-74.02946,-41.92715],[-74.02969,-41.92715],[-74.02977,-41.92719],[-74.02992,-41.92722],[-74.03021,-41.92737],[-74.03047,-41.92755],[-74.03069,-41.92773],[-74.03077,-41.92783],[-74.03076,-41.92807],[-74.03068,-41.92811],[-74.030525,-41.928345],[-74.03051,-41.9285],[-74.03053,-41.92878],[-74.030605,-41.92881],[-74.03069,-41.92888],[-74.03079,-41.92892],[-74.03126,-41.92895],[-74.03157,-41.92894],[-74.03201,-41.9289],[-74.03239,-41.92888],[-74.03255,-41.92889],[-74.03263,-41.92892],[-74.03309,-41.92902],[-74.03371,-41.92906],[-74.03433,-41.92901],[-74.03449,-41.92896],[-74.034826,-41.928894],[-74.03495,-41.92887],[-74.03511,-41.92882],[-74.03541,-41.92867],[-74.03614,-41.92831],[-74.0366,-41.92787],[-74.036687,-41.927697],[-74.038852,-41.927224],[-74.0394,-41.92723],[-74.03948,-41.92726],[-74.03979,-41.9273],[-74.04041,-41.92732],[-74.04087,-41.92728],[-74.04118,-41.92723],[-74.041421,-41.927156],[-74.042897,-41.928398],[-74.04263,-41.92872],[-74.04262,-41.92948],[-74.04267,-41.92955],[-74.04269,-41.92983],[-74.0428,-41.93032],[-74.04286,-41.93048],[-74.04299,-41.93071],[-74.04315,-41.93073],[-74.0433,-41.93072],[-74.0434,-41.93067],[-74.043465,-41.93064],[-74.0436,-41.93057],[-74.04376,-41.93044],[-74.04396,-41.93025],[-74.04415,-41.93003],[-74.04426,-41.92987],[-74.044379,-41.929645],[-74.044883,-41.930069],[-74.045329,-41.929971],[-74.04549,-41.93076],[-74.04561,-41.93108],[-74.04605,-41.93157],[-74.04648,-41.93192],[-74.04663,-41.93198],[-74.04694,-41.93214],[-74.04717,-41.93231],[-74.04731,-41.93237],[-74.04756,-41.93252],[-74.04818,-41.93263],[-74.04833,-41.93263],[-74.0491,-41.93273],[-74.04941,-41.93284],[-74.04957,-41.93288],[-74.05008,-41.93319],[-74.05021,-41.93324],[-74.05037,-41.93325],[-74.05084,-41.9332],[-74.05099,-41.9332],[-74.0513,-41.93324],[-74.05176,-41.93337],[-74.05192,-41.93344],[-74.05238,-41.93373],[-74.05255,-41.93387],[-74.05267,-41.93404],[-74.05274,-41.9342],[-74.05273,-41.93436],[-74.05268,-41.93444],[-74.05233,-41.9346],[-74.05212,-41.93465],[-74.0519,-41.93478],[-74.05177,-41.93503],[-74.05166,-41.93519],[-74.05157,-41.93535],[-74.05154,-41.93567],[-74.05159,-41.93582],[-74.05169,-41.93602],[-74.0518,-41.93637],[-74.05186,-41.93638],[-74.05186,-41.93645],[-74.052152,-41.936807],[-74.046963,-41.937941],[-74.045565,-41.941391],[-74.04544,-41.9414],[-74.04525,-41.94145],[-74.04506,-41.94151],[-74.04448,-41.9419],[-74.04423,-41.94204],[-74.04394,-41.94215],[-74.04338,-41.94244],[-74.04312,-41.94261],[-74.04236,-41.94303],[-74.04208,-41.94315],[-74.04198,-41.94316],[-74.04159,-41.9432],[-74.04122,-41.94329],[-74.04103,-41.94336],[-74.040867,-41.943435]]]},"properties":{"comuna":"Ancud","mancha_id":"10202-88cea88a65fffff","clase":"Alto","nivel_medio":3.004,"nivel_medio_min":2.663,"nivel_medio_max":3.344,"pct_alto":79.6,"n_hexagonos":10,"area_ha":560.44}},{"type":"Feature","geometry":{"type":"Polygon","coordinates":[[[-74.0577,-41.83803],[-74.0574,-41.83805],[-74.05712,-41.8379],[-74.05672,-41.83767],[-74.05637,-41.83754],[-74.056005,-41.837533],[-74.056655,-41.835924],[-74.058673,-41.835481],[-74.05841,-41.83597],[-74.05828,-41.83612],[-74.05806,-41.83648],[-74.05795,-41.8368],[-74.05794,-41.83745],[-74.05796,-41.83761],[-74.05796,-41.83788],[-74.0577,-41.83803]]]},"properties":{"comuna":"Ancud","mancha_id":"10202-88cea889ddfffff","clase":"Alto","nivel_medio":2.638,"nivel_medio_min":2.638,"nivel_medio_max":2.638,"pct_alto":68.6,"n_hexagonos":1,"area_ha":3.4}},{"type":"Feature","geometry":{"type":"Polygon","coordinates":[[[-74.05837,-41.83776],[-74.05833,-41.83759],[-74.05853,-41.83756],[-74.05858,-41.83761],[-74.05862,-41.8378],[-74.05853,-41.83795],[-74.05844,-41.83798],[-74.05837,-41.83793],[-74.05837,-41.83776]]]},"properties":{"comuna":"Ancud","mancha_id":"10202-88cea889ddfffff-2","clase":"Alto","nivel_medio":2.638,"nivel_medio_min":2.638,"nivel_medio_max":2.638,"pct_alto":68.6,"n_hexagonos":1,"area_ha":0.08}},{"type":"Feature","geometry":{"type":"Polygon","coordinates":[[[-74.05605,-41.83779],[-74.05608,-41.83773],[-74.05621,-41.83775],[-74.0563,-41.83781],[-74.05632,-41.8379],[-74.056185,-41.83805],[-74.05605,-41.838],[-74.05605,-41.83779]]]},"properties":{"comuna":"Ancud","mancha_id":"10202-88cea889ddfffff-3","clase":"Alto","nivel_medio":2.638,"nivel_medio_min":2.638,"nivel_medio_max":2.638,"pct_alto":68.6,"n_hexagonos":1,"area_ha":0.06}},{"type":"Feature","geometry":{"type":"Polygon","coordinates":[[[-74.05652,-41.83802],[-74.056645,-41.83816],[-74.056585,-41.83827],[-74.0564,-41.838085],[-74.05652,-41.83802]]]},"properties":{"comuna":"Ancud","mancha_id":"10202-88cea889ddfffff-4","clase":"Alto","nivel_medio":2.638,"nivel_medio_min":2.638,"nivel_medio_max":2.638,"pct_alto":68.6,"n_hexagonos":1,"area_ha":0.03}},{"type":"Feature","geometry":{"type":"Polygon","coordinates":[[[-74.05611,-41.83827],[-74.05598,-41.8382],[-74.05596,-41.83811],[-74.05605,-41.83811],[-74.05614,-41.83815],[-74.0562,-41.8382],[-74.05611,-41.83827]]]},"properties":{"comuna":"Ancud","mancha_id":"10202-88cea889ddfffff-5","clase":"Alto","nivel_medio":2.638,"nivel_medio_min":2.638,"nivel_medio_max":2.638,"pct_alto":68.6,"n_hexagonos":1,"area_ha":0.02}},{"type":"Feature","geometry":{"type":"Polygon","coordinates":[[[-74.05801,-41.83825],[-74.05805,-41.83818],[-74.05812,-41.83817],[-74.0583,-41.83818],[-74.05825,-41.83832],[-74.05818,-41.83833],[-74.05801,-41.83825]]]},"properties":{"comuna":"Ancud","mancha_id":"10202-88cea889ddfffff-6","clase":"Alto","nivel_medio":2.638,"nivel_medio_min":2.638,"nivel_medio_max":2.638,"pct_alto":68.6,"n_hexagonos":1,"area_ha":0.03}},{"type":"Feature","geometry":{"type":"Polygon","coordinates":[[[-74.05578,-41.8382],[-74.0558,-41.83826],[-74.05566,-41.838385],[-74.055735,-41.8382],[-74.05578,-41.8382]]]},"properties":{"comuna":"Ancud","mancha_id":"10202-88cea889ddfffff-7","clase":"Alto","nivel_medio":2.638,"nivel_medio_min":2.638,"nivel_medio_max":2.638,"pct_alto":68.6,"n_hexagonos":1,"area_ha":0.01}},{"type":"Feature","geometry":{"type":"Polygon","coordinates":[[[-74.05841,-41.83845],[-74.05848,-41.8383],[-74.05864,-41.83827],[-74.05873,-41.83827],[-74.058805,-41.83834],[-74.05866,-41.83844],[-74.0585,-41.83849],[-74.05841,-41.83845]]]},"properties":{"comuna":"Ancud","mancha_id":"10202-88cea889ddfffff-8","clase":"Alto","nivel_medio":2.638,"nivel_medio_min":2.638,"nivel_medio_max":2.638,"pct_alto":68.6,"n_hexagonos":1,"area_ha":0.05}},{"type":"Feature","geometry":{"type":"Polygon","coordinates":[[[-74.057749,-41.838427],[-74.05778,-41.83838],[-74.05796,-41.83838],[-74.05805,-41.83843],[-74.05807,-41.83854],[-74.05789,-41.83855],[-74.057749,-41.838427]]]},"properties":{"comuna":"Ancud","mancha_id":"10202-88cea889ddfffff-9","clase":"Alto","nivel_medio":2.638,"nivel_medio_min":2.638,"nivel_medio_max":2.638,"pct_alto":68.6,"n_hexagonos":1,"area_ha":0.04}},{"type":"Feature","geometry":{"type":"Polygon","coordinates":[[[-74.05741,-41.8386],[-74.05738,-41.83842],[-74.057565,-41.838465],[-74.05766,-41.83845],[-74.05755,-41.83858],[-74.05744,-41.83867],[-74.05741,-41.8386]]]},"properties":{"comuna":"Ancud","mancha_id":"10202-88cea889ddfffff-10","clase":"Alto","nivel_medio":2.638,"nivel_medio_min":2.638,"nivel_medio_max":2.638,"pct_alto":68.6,"n_hexagonos":1,"area_ha":0.03}},{"type":"Feature","geometry":{"type":"Polygon","coordinates":[[[-74.05867,-41.83879],[-74.05858,-41.83881],[-74.05852,-41.83881],[-74.05849,-41.83867],[-74.05874,-41.83868],[-74.05867,-41.83879]]]},"properties":{"comuna":"Ancud","mancha_id":"10202-88cea889ddfffff-11","clase":"Alto","nivel_medio":2.638,"nivel_medio_min":2.638,"nivel_medio_max":2.638,"pct_alto":68.6,"n_hexagonos":1,"area_ha":0.02}},{"type":"Feature","geometry":{"type":"Polygon","coordinates":[[[-74.05783,-41.83968],[-74.05783,-41.83958],[-74.05797,-41.83945],[-74.05793,-41.83927],[-74.05815,-41.83944],[-74.05803,-41.83976],[-74.05789,-41.83973],[-74.05783,-41.83968]]]},"properties":{"comuna":"Ancud","mancha_id":"10202-88cea889ddfffff-12","clase":"Alto","nivel_medio":2.638,"nivel_medio_min":2.638,"nivel_medio_max":2.638,"pct_alto":68.6,"n_hexagonos":1,"area_ha":0.08}},{"type":"Feature","geometry":{"type":"Polygon","coordinates":[[[-74.061572,-41.834845],[-74.061647,-41.834829],[-74.06163,-41.83484],[-74.061572,-41.834845]]]},"properties":{"comuna":"Ancud","mancha_id":"10202-88cea889ddfffff-13","clase":"Alto","nivel_medio":2.638,"nivel_medio_min":2.638,"nivel_medio_max":2.638,"pct_alto":68.6,"n_hexagonos":1,"area_ha":0.0}},{"type":"Feature","geometry":{"type":"Polygon","coordinates":[[[-74.06196,-41.83487],[-74.06215,-41.83488],[-74.06207,-41.83494],[-74.061981,-41.834923],[-74.06196,-41.83487]]]},"properties":{"comuna":"Ancud","mancha_id":"10202-88cea889ddfffff-14","clase":"Alto","nivel_medio":2.638,"nivel_medio_min":2.638,"nivel_medio_max":2.638,"pct_alto":68.6,"n_hexagonos":1,"area_ha":0.01}},{"type":"Feature","geometry":{"type":"Polygon","coordinates":[[[-74.06119,-41.834929],[-74.06119,-41.83506],[-74.0611,-41.83515],[-74.06094,-41.83513],[-74.06092,-41.83502],[-74.060952,-41.834981],[-74.06119,-41.834929]]]},"properties":{"comuna":"Ancud","mancha_id":"10202-88cea889ddfffff-15","clase":"Alto","nivel_medio":2.638,"nivel_medio_min":2.638,"nivel_medio_max":2.638,"pct_alto":68.6,"n_hexagonos":1,"area_ha":0.04}},{"type":"Feature","geometry":{"type":"Polygon","coordinates":[[[-74.06157,-41.83522],[-74.06157,-41.83512],[-74.06162,-41.83504],[-74.06172,-41.83509],[-74.06181,-41.83519],[-74.06175,-41.83527],[-74.06166,-41.83529],[-74.06157,-41.83522]]]},"properties":{"comuna":"Ancud","mancha_id":"10202-88cea889ddfffff-16","clase":"Alto","nivel_medio":2.638,"nivel_medio_min":2.638,"nivel_medio_max":2.638,"pct_alto":68.6,"n_hexagonos":1,"area_ha":0.04}},{"type":"Feature","geometry":{"type":"Polygon","coordinates":[[[-74.05944,-41.83544],[-74.05954,-41.83547],[-74.05959,-41.83551],[-74.05961,-41.83557],[-74.05958,-41.83564],[-74.0595,-41.83568],[-74.05934,-41.83569],[-74.05927,-41.83566],[-74.05922,-41.83559],[-74.05924,-41.83549],[-74.05933,-41.83545],[-74.05944,-41.83544]]]},"properties":{"comuna":"Ancud","mancha_id":"10202-88cea889ddfffff-17","clase":"Alto","nivel_medio":2.638,"nivel_medio_min":2.638,"nivel_medio_max":2.638,"pct_alto":68.6,"n_hexagonos":1,"area_ha":0.07}},{"type":"Feature","geometry":{"type":"Polygon","coordinates":[[[-74.05886,-41.83591],[-74.05875,-41.83591],[-74.05878,-41.83571],[-74.05889,-41.83566],[-74.059055,-41.83568],[-74.05886,-41.83591]]]},"properties":{"comuna":"Ancud","mancha_id":"10202-88cea889ddfffff-18","clase":"Alto","nivel_medio":2.638,"nivel_medio_min":2.638,"nivel_medio_max":2.638,"pct_alto":68.6,"n_hexagonos":1,"area_ha":0.04}},{"type":"Feature","geometry":{"type":"Polygon","coordinates":[[[-74.05927,-41.83591],[-74.05931,-41.83587],[-74.05942,-41.83587],[-74.05951,-41.83589],[-74.05952,-41.83599],[-74.05944,-41.83608],[-74.05936,-41.83609],[-74.05928,-41.83601],[-74.05927,-41.83591]]]},"properties":{"comuna":"Ancud","mancha_id":"10202-88cea889ddfffff-19","clase":"Alto","nivel_medio":2.638,"nivel_medio_min":2.638,"nivel_medio_max":2.638,"pct_alto":68.6,"n_hexagonos":1,"area_ha":0.04}},{"type":"Feature","geometry":{"type":"Polygon","coordinates":[[[-74.05869,-41.83646],[-74.05864,-41.83636],[-74.05875,-41.83623],[-74.058955,-41.836255],[-74.05893,-41.83636],[-74.05884,-41.83643],[-74.05869,-41.83646]]]},"properties":{"comuna":"Ancud","mancha_id":"10202-88cea889ddfffff-20","clase":"Alto","nivel_medio":2.638,"nivel_medio_min":2.638,"nivel_medio_max":2.638,"pct_alto":68.6,"n_hexagonos":1,"area_ha":0.04}},{"type":"Feature","geometry":{"type":"Polygon","coordinates":[[[-74.06045,-41.83648],[-74.06053,-41.83652],[-74.06057,-41.83657],[-74.06053,-41.83667],[-74.0604,-41.83676],[-74.06026,-41.836765],[-74.06023,-41.83659],[-74.06036,-41.83648],[-74.06045,-41.83648]]]},"properties":{"comuna":"Ancud","mancha_id":"10202-88cea889ddfffff-21","clase":"Alto","nivel_medio":2.638,"nivel_medio_min":2.638,"nivel_medio_max":2.638,"pct_alto":68.6,"n_hexagonos":1,"area_ha":0.06}},{"type":"Feature","geometry":{"type":"Polygon","coordinates":[[[-74.0585,-41.837195],[-74.05848,-41.83706],[-74.05861,-41.83701],[-74.05878,-41.83703],[-74.05882,-41.83708],[-74.05876,-41.83717],[-74.05866,-41.83721],[-74.0585,-41.837195]]]},"properties":{"comuna":"Ancud","mancha_id":"10202-88cea889ddfffff-22","clase":"Alto","nivel_medio":2.638,"nivel_medio_min":2.638,"nivel_medio_max":2.638,"pct_alto":68.6,"n_hexagonos":1,"area_ha":0.05}},{"type":"Feature","geometry":{"type":"Polygon","coordinates":[[[-74.05908,-41.83843],[-74.05907,-41.83812],[-74.05927,-41.83806],[-74.059327,-41.83806],[-74.05938,-41.83828],[-74.05935,-41.83838],[-74.05924,-41.83846],[-74.05908,-41.83843]]]},"properties":{"comuna":"Ancud","mancha_id":"10202-88cea889ddfffff-23","clase":"Alto","nivel_medio":2.638,"nivel_medio_min":2.638,"nivel_medio_max":2.638,"pct_alto":68.6,"n_hexagonos":1,"area_ha":0.09}},{"type":"Feature","geometry":{"type":"Polygon","coordinates":[[[-74.05898,-41.83893],[-74.05909,-41.83896],[-74.05915,-41.83901],[-74.05924,-41.83916],[-74.05923,-41.83925],[-74.05915,-41.83931],[-74.05885,-41.83931],[-74.05878,-41.83929],[-74.05875,-41.8391],[-74.05883,-41.83896],[-74.05898,-41.83893]]]},"properties":{"comuna":"Ancud","mancha_id":"10202-88cea889ddfffff-24","clase":"Alto","nivel_medio":2.638,"nivel_medio_min":2.638,"nivel_medio_max":2.638,"pct_alto":68.6,"n_hexagonos":1,"area_ha":0.14}},{"type":"Feature","geometry":{"type":"Polygon","coordinates":[[[-74.046504,-41.809027],[-74.04074,-41.810293],[-74.039344,-41.809118],[-74.03938,-41.80911],[-74.03959,-41.80902],[-74.0401,-41.80886],[-74.04075,-41.80872],[-74.04094,-41.80863],[-74.04144,-41.80851],[-74.04187,-41.80845],[-74.04252,-41.80845],[-74.04317,-41.80848],[-74.04339,-41.80851],[-74.04361,-41.80847],[-74.04382,-41.80841],[-74.04404,-41.80832],[-74.04448,-41.8082],[-74.04488,-41.80802],[-74.04568,-41.80761],[-74.04597,-41.8075],[-74.04663,-41.80732],[-74.047257,-41.807166],[-74.046504,-41.809027]]]},"properties":{"comuna":"Ancud","mancha_id":"10202-88cea889bdfffff","clase":"Alto","nivel_medio":3.054,"nivel_medio_min":3.054,"nivel_medio_max":3.054,"pct_alto":89.7,"n_hexagonos":1,"area_ha":9.36}},{"type":"Feature","geometry":{"type":"Polygon","coordinates":[[[-74.05192,-41.79987],[-74.05214,-41.79993],[-74.05222,-41.79997],[-74.05208,-41.80009],[-74.05201,-41.80011],[-74.05183,-41.80003],[-74.05184,-41.79995],[-74.05192,-41.79987]]]},"properties":{"comuna":"Ancud","mancha_id":"10202-88cea889b1fffff","clase":"Alto","nivel_medio":2.944,"nivel_medio_min":2.944,"nivel_medio_max":2.944,"pct_alto":97.5,"n_hexagonos":1,"area_ha":0.05}},{"type":"Feature","geometry":{"type":"Polygon","coordinates":[[[-74.053,-41.80067],[-74.05315,-41.80068],[-74.05322,-41.80072],[-74.0531,-41.80089],[-74.05298,-41.80091],[-74.05287,-41.80077],[-74.053,-41.80067]]]},"properties":{"comuna":"Ancud","mancha_id":"10202-88cea889b1fffff-2","clase":"Alto","nivel_medio":2.944,"nivel_medio_min":2.944,"nivel_medio_max":2.944,"pct_alto":97.5,"n_hexagonos":1,"area_ha":0.05}},{"type":"Feature","geometry":{"type":"Polygon","coordinates":[[[-74.05112,-41.80119],[-74.05119,-41.80124],[-74.0512,-41.8014],[-74.05116,-41.80145],[-74.05103,-41.80149],[-74.05091,-41.80145],[-74.0508,-41.80132],[-74.05081,-41.80125],[-74.05098,-41.80113],[-74.05112,-41.80119]]]},"properties":{"comuna":"Ancud","mancha_id":"10202-88cea889b1fffff-3","clase":"Alto","nivel_medio":2.944,"nivel_medio_min":2.944,"nivel_medio_max":2.944,"pct_alto":97.5,"n_hexagonos":1,"area_ha":0.09}},{"type":"Feature","geometry":{"type":"Polygon","coordinates":[[[-74.05097,-41.80178],[-74.05115,-41.80188],[-74.05125,-41.80206],[-74.05115,-41.80214],[-74.05107,-41.80218],[-74.05087,-41.80207],[-74.05081,-41.80199],[-74.05075,-41.80196],[-74.05076,-41.80183],[-74.05081,-41.80177],[-74.05097,-41.80178]]]},"properties":{"comuna":"Ancud","mancha_id":"10202-88cea889b1fffff-4","clase":"Alto","nivel_medio":2.944,"nivel_medio_min":2.944,"nivel_medio_max":2.944,"pct_alto":97.5,"n_hexagonos":1,"area_ha":0.12}},{"type":"Feature","geometry":{"type":"Polygon","coordinates":[[[-74.05244,-41.80214],[-74.05251,-41.80213],[-74.05258,-41.80214],[-74.05257,-41.80223],[-74.05249,-41.80231],[-74.05239,-41.80231],[-74.05237,-41.80221],[-74.05244,-41.80214]]]},"properties":{"comuna":"Ancud","mancha_id":"10202-88cea889b1fffff-5","clase":"Alto","nivel_medio":2.944,"nivel_medio_min":2.944,"nivel_medio_max":2.944,"pct_alto":97.5,"n_hexagonos":1,"area_ha":0.03}},{"type":"Feature","geometry":{"type":"Polygon","coordinates":[[[-74.05352,-41.80258],[-74.05368,-41.80257],[-74.05374,-41.8026],[-74.05377,-41.80271],[-74.05369,-41.80278],[-74.05355,-41.80278],[-74.05348,-41.80264],[-74.05352,-41.80258]]]},"properties":{"comuna":"Ancud","mancha_id":"10202-88cea889b1fffff-6","clase":"Alto","nivel_medio":2.944,"nivel_medio_min":2.944,"nivel_medio_max":2.944,"pct_alto":97.5,"n_hexagonos":1,"area_ha":0.04}},{"type":"Feature","geometry":{"type":"Polygon","coordinates":[[[-74.05306,-41.80278],[-74.05321,-41.80312],[-74.05318,-41.80338],[-74.053157,-41.803406],[-74.049046,-41.804309],[-74.04909,-41.80413],[-74.04912,-41.80339],[-74.04924,-41.80302],[-74.04934,-41.80283],[-74.04947,-41.80265],[-74.04967,-41.80248],[-74.04981,-41.80242],[-74.04984,-41.80237],[-74.05045,-41.80229],[-74.05066,-41.80229],[-74.05145,-41.80245],[-74.05169,-41.802555],[-74.05187,-41.80258],[-74.05205,-41.80256],[-74.05224,-41.80251],[-74.052625,-41.802525],[-74.0528,-41.80257],[-74.05298,-41.80268],[-74.05306,-41.80278]]]},"properties":{"comuna":"Ancud","mancha_id":"10202-88cea889b1fffff-7","clase":"Alto","nivel_medio":2.944,"nivel_medio_min":2.944,"nivel_medio_max":2.944,"pct_alto":97.5,"n_hexagonos":1,"area_ha":5.03}},{"type":"Feature","geometry":{"type":"Polygon","coordinates":[[[-74.042814,-41.818158],[-74.040969,-41.822723],[-74.035203,-41.823988],[-74.031283,-41.820687],[-74.033129,-41.816123],[-74.038894,-41.814858],[-74.042814,-41.818158]]]},"properties":{"comuna":"Ancud","mancha_id":"10202-88cea88985fffff","clase":"Alto","nivel_medio":2.592,"nivel_medio_min":2.592,"nivel_medio_max":2.592,"pct_alto":44.7,"n_hexagonos":1,"area_ha":66.4}},{"type":"Feature","geometry":{"type":"Polygon","coordinates":[[[-74.05212,-41.81571],[-74.05217,-41.81566],[-74.05225,-41.81567],[-74.05231,-41.8157],[-74.05235,-41.81579],[-74.0523,-41.81584],[-74.05218,-41.81582],[-74.05212,-41.81571]]]},"properties":{"comuna":"Ancud","mancha_id":"10202-88cea88983fffff","clase":"Alto","nivel_medio":2.58,"nivel_medio_min":2.58,"nivel_medio_max":2.58,"pct_alto":79.2,"n_hexagonos":1,"area_ha":0.03}},{"type":"Feature","geometry":{"type":"Polygon","coordinates":[[[-74.05173,-41.81608],[-74.05161,-41.81604],[-74.05167,-41.8159],[-74.0518,-41.81591],[-74.05185,-41.81599],[-74.05173,-41.81608]]]},"properties":{"comuna":"Ancud","mancha_id":"10202-88cea88983fffff-2","clase":"Alto","nivel_medio":2.58,"nivel_medio_min":2.58,"nivel_medio_max":2.58,"pct_alto":79.2,"n_hexagonos":1,"area_ha":0.03}},{"type":"Feature","geometry":{"type":"Polygon","coordinates":[[[-74.05242,-41.81679],[-74.05228,-41.81679],[-74.05213,-41.81665],[-74.05233,-41.81665],[-74.05241,-41.81671],[-74.05242,-41.81679]]]},"properties":{"comuna":"Ancud","mancha_id":"10202-88cea88983fffff-3","clase":"Alto","nivel_medio":2.58,"nivel_medio_min":2.58,"nivel_medio_max":2.58,"pct_alto":79.2,"n_hexagonos":1,"area_ha":0.02}},{"type":"Feature","geometry":{"type":"Polygon","coordinates":[[[-74.05328,-41.81908],[-74.05321,-41.81945],[-74.05299,-41.82001],[-74.052968,-41.82009],[-74.052501,-41.820192],[-74.04858,-41.816892],[-74.049801,-41.813869],[-74.05002,-41.81438],[-74.05035,-41.81494],[-74.05081,-41.8155],[-74.05105,-41.81587],[-74.05122,-41.81603],[-74.05159,-41.81645],[-74.05336,-41.818],[-74.05346,-41.81834],[-74.05349,-41.81853],[-74.05344,-41.81871],[-74.05328,-41.81908]]]},"properties":{"comuna":"Ancud","mancha_id":"10202-88cea88983fffff-4","clase":"Alto","nivel_medio":2.58,"nivel_medio_min":2.58,"nivel_medio_max":2.58,"pct_alto":79.2,"n_hexagonos":1,"area_ha":12.13}},{"type":"Feature","geometry":{"type":"Polygon","coordinates":[[[-74.05344,-41.81753],[-74.05349,-41.81745],[-74.05359,-41.8175],[-74.05364,-41.8176],[-74.05365,-41.81773],[-74.05355,-41.81777],[-74.05342,-41.81767],[-74.05344,-41.81753]]]},"properties":{"comuna":"Ancud","mancha_id":"10202-88cea88983fffff-5","clase":"Alto","nivel_medio":2.58,"nivel_medio_min":2.58,"nivel_medio_max":2.58,"pct_alto":79.2,"n_hexagonos":1,"area_ha":0.05}},{"type":"Feature","geometry":{"type":"Polygon","coordinates":[[[-74.05369,-41.81802],[-74.05381,-41.81799],[-74.05394,-41.81802],[-74.05403,-41.81809],[-74.05401,-41.81824],[-74.053965,-41.818335],[-74.05375,-41.81823],[-74.0537,-41.81815],[-74.05369,-41.81802]]]},"properties":{"comuna":"Ancud","mancha_id":"10202-88cea88983fffff-6","clase":"Alto","nivel_medio":2.58,"nivel_medio_min":2.58,"nivel_medio_max":2.58,"pct_alto":79.2,"n_hexagonos":1,"area_ha":0.07}},{"type":"Feature","geometry":{"type":"Polygon","coordinates":[[[-74.05375,-41.81895],[-74.05379,-41.81902],[-74.05379,-41.81912],[-74.05373,-41.81919],[-74.05364,-41.8192],[-74.0536,-41.81914],[-74.05364,-41.818985],[-74.05375,-41.81895]]]},"properties":{"comuna":"Ancud","mancha_id":"10202-88cea88983fffff-7","clase":"Alto","nivel_medio":2.58,"nivel_medio_min":2.58,"nivel_medio_max":2.58,"pct_alto":79.2,"n_hexagonos":1,"area_ha":0.03}},{"type":"Feature","geometry":{"type":"Polygon","coordinates":[[[-74.05429,-41.8162],[-74.05441,-41.81621],[-74.05442,-41.81627],[-74.05441,-41.81636],[-74.05435,-41.81642],[-74.05414,-41.81643],[-74.05409,-41.81639],[-74.0541,-41.81621],[-74.05429,-41.8162]]]},"properties":{"comuna":"Ancud","mancha_id":"10202-88cea88983fffff-8","clase":"Alto","nivel_medio":2.58,"nivel_medio_min":2.58,"nivel_medio_max":2.58,"pct_alto":79.2,"n_hexagonos":1,"area_ha":0.06}},{"type":"Feature","geometry":{"type":"Polygon","coordinates":[[[-74.05583,-41.81762],[-74.05592,-41.81768],[-74.05594,-41.81774],[-74.05593,-41.81781],[-74.05584,-41.81789],[-74.05575,-41.8179],[-74.05563,-41.81777],[-74.05565,-41.81759],[-74.05583,-41.81762]]]},"properties":{"comuna":"Ancud","mancha_id":"10202-88cea88983fffff-9","clase":"Alto","nivel_medio":2.58,"nivel_medio_min":2.58,"nivel_medio_max":2.58,"pct_alto":79.2,"n_hexagonos":1,"area_ha":0.06}},{"type":"Feature","geometry":{"type":"Polygon","coordinates":[[[-74.05551,-41.81824],[-74.05565,-41.81826],[-74.05571,-41.81829],[-74.05571,-41.81835],[-74.05563,-41.81844],[-74.05555,-41.81847],[-74.05543,-41.81845],[-74.05537,-41.81841],[-74.05539,-41.81829],[-74.05551,-41.81824]]]},"properties":{"comuna":"Ancud","mancha_id":"10202-88cea88983fffff-10","clase":"Alto","nivel_medio":2.58,"nivel_medio_min":2.58,"nivel_medio_max":2.58,"pct_alto":79.2,"n_hexagonos":1,"area_ha":0.05}},{"type":"Feature","geometry":{"type":"Polygon","coordinates":[[[-74.05786,-41.81864],[-74.05781,-41.81854],[-74.05784,-41.81846],[-74.05796,-41.81842],[-74.05818,-41.81859],[-74.05804,-41.81866],[-74.05786,-41.81864]]]},"properties":{"comuna":"Ancud","mancha_id":"10202-88cea88983fffff-11","clase":"Alto","nivel_medio":2.58,"nivel_medio_min":2.58,"nivel_medio_max":2.58,"pct_alto":79.2,"n_hexagonos":1,"area_ha":0.05}},{"type":"Feature","geometry":{"type":"Polygon","coordinates":[[[-74.05382,-41.81866],[-74.05382,-41.81856],[-74.05405,-41.81854],[-74.054135,-41.81862],[-74.05409,-41.81873],[-74.054,-41.81876],[-74.0539,-41.81873],[-74.05382,-41.81866]]]},"properties":{"comuna":"Ancud","mancha_id":"10202-88cea88983fffff-12","clase":"Alto","nivel_medio":2.58,"nivel_medio_min":2.58,"nivel_medio_max":2.58,"pct_alto":79.2,"n_hexagonos":1,"area_ha":0.05}},{"type":"Feature","geometry":{"type":"Polygon","coordinates":[[[-74.05466,-41.81894],[-74.054647,-41.818811],[-74.0547,-41.81879],[-74.054757,-41.81879],[-74.05487,-41.81883],[-74.05485,-41.81894],[-74.05466,-41.81894]]]},"properties":{"comuna":"Ancud","mancha_id":"10202-88cea88983fffff-13","clase":"Alto","nivel_medio":2.58,"nivel_medio_min":2.58,"nivel_medio_max":2.58,"pct_alto":79.2,"n_hexagonos":1,"area_ha":0.03}},{"type":"Feature","geometry":{"type":"Polygon","coordinates":[[[-74.0543,-41.81896],[-74.05426,-41.8189],[-74.05445,-41.81891],[-74.054485,-41.81902],[-74.0544,-41.81905],[-74.0543,-41.81896]]]},"properties":{"comuna":"Ancud","mancha_id":"10202-88cea88983fffff-14","clase":"Alto","nivel_medio":2.58,"nivel_medio_min":2.58,"nivel_medio_max":2.58,"pct_alto":79.2,"n_hexagonos":1,"area_ha":0.02}},{"type":"Feature","geometry":{"type":"Polygon","coordinates":[[[-73.9992,-41.860991],[-73.99735,-41.865556],[-74.001269,-41.868858],[-73.999419,-41.873422],[-73.99365,-41.874684],[-73.991799,-41.879248],[-73.986029,-41.880508],[-73.984178,-41.885072],[-73.988097,-41.888376],[-73.986246,-41.89294],[-73.990166,-41.896244],[-73.988314,-41.900808],[-73.982542,-41.902068],[-73.978623,-41.898763],[-73.972851,-41.900023],[-73.968933,-41.896718],[-73.963162,-41.897977],[-73.961309,-41.90254],[-73.955538,-41.903798],[-73.953684,-41.908361],[-73.957601,-41.911667],[-73.955747,-41.91623],[-73.959665,-41.919535],[-73.957811,-41.924099],[-73.952038,-41.925356],[-73.94812,-41.92205],[-73.949975,-41.917487],[-73.946058,-41.914182],[-73.947912,-41.909619],[-73.943996,-41.906314],[-73.94585,-41.901751],[-73.951621,-41.900494],[-73.953475,-41.895931],[-73.949559,-41.892626],[-73.943789,-41.893884],[-73.941935,-41.898446],[-73.936165,-41.899704],[-73.93431,-41.904266],[-73.92854,-41.905522],[-73.924626,-41.902217],[-73.926481,-41.897655],[-73.932251,-41.896399],[-73.934106,-41.891837],[-73.939874,-41.89058],[-73.941729,-41.886017],[-73.937815,-41.882713],[-73.932047,-41.883971],[-73.930192,-41.888532],[-73.924424,-41.889789],[-73.920511,-41.886484],[-73.922367,-41.881923],[-73.921383,-41.881092],[-73.92157,-41.88056],[-73.92175,-41.88028],[-73.92217,-41.87958],[-73.92238,-41.87911],[-73.92242,-41.87905],[-73.92251,-41.87889],[-73.92258,-41.87854],[-73.92256,-41.87849],[-73.9225,-41.87832],[-73.92229,-41.87789],[-73.92204,-41.87759],[-73.922,-41.8775],[-73.92189,-41.87696],[-73.92144,-41.87614],[-73.92109,-41.8758],[-73.92039,-41.87533],[-73.919896,-41.875076],[-73.91885,-41.87454],[-73.91839,-41.8742],[-73.91835,-41.87414],[-73.91814,-41.87381],[-73.91812,-41.87375],[-73.91808,-41.87362],[-73.91802,-41.87227],[-73.917974,-41.872084],[-73.92031,-41.874058],[-73.926077,-41.872801],[-73.927931,-41.868239],[-73.933697,-41.866982],[-73.936028,-41.86895],[-73.93611,-41.86916],[-73.93639,-41.86953],[-73.93695,-41.86993],[-73.937403,-41.870111],[-73.93761,-41.870286],[-73.937758,-41.870253],[-73.93795,-41.87033],[-73.93856,-41.87033],[-73.9398,-41.87017],[-73.94071,-41.86983],[-73.941049,-41.869535],[-73.943376,-41.869028],[-73.94729,-41.872331],[-73.953057,-41.871073],[-73.95491,-41.86651],[-73.950996,-41.863207],[-73.951381,-41.862261],[-73.95136,-41.86236],[-73.95144,-41.86274],[-73.95176,-41.86301],[-73.95196,-41.8631],[-73.9529,-41.86323],[-73.95331,-41.86339],[-73.95393,-41.86345],[-73.95426,-41.86335],[-73.95458,-41.86309],[-73.95474,-41.86263],[-73.95516,-41.86213],[-73.95534,-41.86179],[-73.95554,-41.86114],[-73.95594,-41.86045],[-73.95614,-41.85997],[-73.95621,-41.85992],[-73.95621,-41.85974],[-73.95608,-41.85959],[-73.95493,-41.85905],[-73.95436,-41.85867],[-73.953878,-41.85842],[-73.958615,-41.857386],[-73.960467,-41.852824],[-73.963128,-41.852242],[-73.96326,-41.85225],[-73.96429,-41.8524],[-73.965,-41.8526],[-73.9654,-41.8528],[-73.96625,-41.85328],[-73.96685,-41.8537],[-73.96714,-41.8539],[-73.96773,-41.85431],[-73.96838,-41.85499],[-73.96921,-41.85555],[-73.969754,-41.855837],[-73.97063,-41.8563],[-73.971,-41.85658],[-73.97181,-41.85688],[-73.97199,-41.85687],[-73.97263,-41.85724],[-73.97382,-41.85728],[-73.97469,-41.8574],[-73.9757,-41.85777],[-73.97592,-41.85779],[-73.97632,-41.85818],[-73.97672,-41.85843],[-73.97767,-41.85856],[-73.97825,-41.85878],[-73.97837,-41.85888],[-73.978974,-41.859019],[-73.97963,-41.85917],[-73.98003,-41.85941],[-73.98015,-41.85953],[-73.98055,-41.85992],[-73.98089,-41.86029],[-73.9828,-41.85999],[-73.98277,-41.85995],[-73.98284,-41.85954],[-73.98288,-41.85931],[-73.98361,-41.85858],[-73.98416,-41.85804],[-73.98508,-41.85771],[-73.98558,-41.85773],[-73.98603,-41.85774],[-73.9865,-41.85761],[-73.98694,-41.85753],[-73.98748,-41.85738],[-73.987594,-41.857331],[-73.98769,-41.85729],[-73.98834,-41.85699],[-73.98923,-41.85631],[-73.98968,-41.85598],[-73.99026,-41.85484],[-73.99075,-41.85448],[-73.99129,-41.85426],[-73.9919,-41.85394],[-73.99272,-41.85377],[-73.99385,-41.85373],[-73.9956,-41.8533],[-73.99601,-41.85293],[-73.996399,-41.852508],[-73.99649,-41.85241],[-73.99669,-41.8519],[-73.99692,-41.85089],[-73.99712,-41.85004],[-73.99729,-41.84918],[-73.99791,-41.84805],[-73.99839,-41.84722],[-73.9991,-41.84606],[-73.99921,-41.84509],[-73.999407,-41.844309],[-74.00083,-41.843998],[-74.004748,-41.847299],[-74.002899,-41.851863],[-74.006817,-41.855165],[-74.004968,-41.85973],[-73.9992,-41.860991]],[[-73.983962,-41.872641],[-73.980045,-41.869338],[-73.974276,-41.870598],[-73.97036,-41.867295],[-73.964592,-41.868555],[-73.96274,-41.873117],[-73.956972,-41.874376],[-73.955119,-41.878939],[-73.959035,-41.882243],[-73.964804,-41.880984],[-73.968721,-41.884288],[-73.97449,-41.883028],[-73.976342,-41.878465],[-73.982111,-41.877205],[-73.983962,-41.872641]]]},"properties":{"comuna":"Ancud","mancha_id":"10202-88cea88901fffff","clase":"Alto","nivel_medio":2.912,"nivel_medio_min":2.571,"nivel_medio_max":3.379,"pct_alto":76.5,"n_hexagonos":38,"area_ha":2315.98}},{"type":"Feature","geometry":{"type":"Polygon","coordinates":[[[-74.012814,-41.775473],[-74.01311,-41.77554],[-74.01297,-41.77562],[-74.01292,-41.77568],[-74.012747,-41.775639],[-74.012814,-41.775473]]]},"properties":{"comuna":"Ancud","mancha_id":"10202-88cea8136bfffff","clase":"Alto","nivel_medio":2.847,"nivel_medio_min":2.847,"nivel_medio_max":2.847,"pct_alto":80.2,"n_hexagonos":1,"area_ha":0.04}},{"type":"Feature","geometry":{"type":"Polygon","coordinates":[[[-74.01377,-41.7767],[-74.01403,-41.77669],[-74.01407,-41.77679],[-74.01397,-41.77691],[-74.01381,-41.77693],[-74.01367,-41.77681],[-74.01377,-41.7767]]]},"properties":{"comuna":"Ancud","mancha_id":"10202-88cea8136bfffff-2","clase":"Alto","nivel_medio":2.847,"nivel_medio_min":2.847,"nivel_medio_max":2.847,"pct_alto":80.2,"n_hexagonos":1,"area_ha":0.06}},{"type":"Feature","geometry":{"type":"Polygon","coordinates":[[[-74.014137,-41.77709],[-74.01425,-41.77715],[-74.01436,-41.77727],[-74.01431,-41.77739],[-74.01423,-41.7774],[-74.01417,-41.77739],[-74.01407,-41.77734],[-74.014,-41.77724],[-74.01399,-41.77715],[-74.01408,-41.77709],[-74.014137,-41.77709]]]},"properties":{"comuna":"Ancud","mancha_id":"10202-88cea8136bfffff-3","clase":"Alto","nivel_medio":2.847,"nivel_medio_min":2.847,"nivel_medio_max":2.847,"pct_alto":80.2,"n_hexagonos":1,"area_ha":0.07}},{"type":"Feature","geometry":{"type":"Polygon","coordinates":[[[-74.01734,-41.7815],[-74.01766,-41.78176],[-74.017991,-41.782014],[-74.015167,-41.782634],[-74.011252,-41.779335],[-74.012379,-41.77655],[-74.0124,-41.77657],[-74.01266,-41.77673],[-74.01288,-41.77682],[-74.01331,-41.77706],[-74.01349,-41.77717],[-74.01355,-41.77723],[-74.01376,-41.77751],[-74.01385,-41.7777],[-74.0139,-41.77788],[-74.01391,-41.77844],[-74.01396,-41.77863],[-74.01409,-41.77881],[-74.01442,-41.77916],[-74.01472,-41.77956],[-74.01484,-41.77975],[-74.01502,-41.78012],[-74.01515,-41.7803],[-74.0153,-41.78047],[-74.01573,-41.78082],[-74.01626,-41.78113],[-74.01646,-41.78121],[-74.01679,-41.7813],[-74.01711,-41.7814],[-74.01734,-41.7815]]]},"properties":{"comuna":"Ancud","mancha_id":"10202-88cea8136bfffff-4","clase":"Alto","nivel_medio":2.847,"nivel_medio_min":2.847,"nivel_medio_max":2.847,"pct_alto":80.2,"n_hexagonos":1,"area_ha":13.54}},{"type":"Feature","geometry":{"type":"Polygon","coordinates":[[[-74.01776,-41.78059],[-74.01788,-41.78065],[-74.01787,-41.78075],[-74.01775,-41.7809],[-74.01766,-41.78093],[-74.01756,-41.78093],[-74.01746,-41.7808],[-74.01747,-41.78067],[-74.01768,-41.78058],[-74.01776,-41.78059]]]},"properties":{"comuna":"Ancud","mancha_id":"10202-88cea8136bfffff-5","clase":"Alto","nivel_medio":2.847,"nivel_medio_min":2.847,"nivel_medio_max":2.847,"pct_alto":80.2,"n_hexagonos":1,"area_ha":0.1}},{"type":"Feature","geometry":{"type":"Polygon","coordinates":[[[-74.01822,-41.7813],[-74.01833,-41.78131],[-74.0184,-41.781355],[-74.01831,-41.78151],[-74.01819,-41.7816],[-74.01809,-41.78159],[-74.01807,-41.78141],[-74.01822,-41.7813]]]},"properties":{"comuna":"Ancud","mancha_id":"10202-88cea8136bfffff-6","clase":"Alto","nivel_medio":2.847,"nivel_medio_min":2.847,"nivel_medio_max":2.847,"pct_alto":80.2,"n_hexagonos":1,"area_ha":0.06}},{"type":"Feature","geometry":{"type":"Polygon","coordinates":[[[-74.018599,-41.78188],[-74.018568,-41.781887],[-74.01857,-41.78188],[-74.018599,-41.78188]]]},"properties":{"comuna":"Ancud","mancha_id":"10202-88cea8136bfffff-7","clase":"Alto","nivel_medio":2.847,"nivel_medio_min":2.847,"nivel_medio_max":2.847,"pct_alto":80.2,"n_hexagonos":1,"area_ha":0.0}},{"type":"Feature","geometry":{"type":"Polygon","coordinates":[[[-74.001579,-41.7773],[-73.99582,-41.778564],[-73.995364,-41.778179],[-73.99542,-41.7781],[-73.9962,-41.77657],[-73.9969,-41.77484],[-73.99717,-41.77445],[-73.99823,-41.77326],[-73.99835,-41.7731],[-73.99877,-41.77277],[-73.999,-41.77272],[-73.99983,-41.77274],[-74.00009,-41.77284],[-74.00067,-41.77297],[-74.00074,-41.77297],[-74.00221,-41.77303],[-74.00273,-41.77309],[-74.00281,-41.77313],[-74.003212,-41.773266],[-74.001579,-41.7773]]]},"properties":{"comuna":"Ancud","mancha_id":"10202-88cea81365fffff","clase":"Alto","nivel_medio":2.962,"nivel_medio_min":2.962,"nivel_medio_max":2.962,"pct_alto":93.7,"n_hexagonos":1,"area_ha":25.81}},{"type":"Feature","geometry":{"type":"Polygon","coordinates":[[[-74.1463,-42.19622],[-74.14654,-42.19588],[-74.14687,-42.19555],[-74.146964,-42.195446],[-74.14697,-42.19544],[-74.1471,-42.19524],[-74.1474,-42.19442],[-74.14765,-42.19411],[-74.14801,-42.19381],[-74.14844,-42.19364],[-74.14902,-42.19353],[-74.149585,-42.193496],[-74.148972,-42.19501],[-74.150129,-42.195978],[-74.14987,-42.19633],[-74.14993,-42.19724],[-74.15057,-42.19789],[-74.1507,-42.19855],[-74.15038,-42.19923],[-74.14935,-42.19971],[-74.14907,-42.19978],[-74.14822,-42.19998],[-74.1474,-42.19993],[-74.14693,-42.19949],[-74.14683,-42.19913],[-74.14714,-42.19857],[-74.14664,-42.19791],[-74.14633,-42.19741],[-74.14627,-42.19732],[-74.1462,-42.19721],[-74.14615,-42.19695],[-74.14614,-42.19664],[-74.1463,-42.19622]]]},"properties":{"comuna":"Ancud","mancha_id":"10202-88ceac2987fffff","clase":"Muy Alto","nivel_medio":3.627,"nivel_medio_min":3.582,"nivel_medio_max":3.801,"pct_alto":96.2,"n_hexagonos":2,"area_ha":17.26}},{"type":"Feature","geometry":{"type":"Polygon","coordinates":[[[-74.15175,-42.1978],[-74.15181,-42.19776],[-74.15195,-42.19768],[-74.15207,-42.19766],[-74.152138,-42.19766],[-74.152666,-42.198102],[-74.15269,-42.19816],[-74.15271,-42.19824],[-74.15271,-42.19833],[-74.152665,-42.198425],[-74.15258,-42.19848],[-74.15241,-42.1985],[-74.15188,-42.19844],[-74.15177,-42.19841],[-74.15167,-42.19835],[-74.15162,-42.19831],[-74.15157,-42.19824],[-74.15155,-42.19817],[-74.15157,-42.19802],[-74.15175,-42.1978]]]},"properties":{"comuna":"Ancud","mancha_id":"10202-88ceac2987fffff-2","clase":"Muy Alto","nivel_medio":3.582,"nivel_medio_min":3.582,"nivel_medio_max":3.582,"pct_alto":95.8,"n_hexagonos":1,"area_ha":0.64}},{"type":"Feature","geometry":{"type":"Polygon","coordinates":[[[-74.15187,-42.19863],[-74.1519,-42.19876],[-74.151855,-42.19884],[-74.151725,-42.198845],[-74.15166,-42.1988],[-74.15164,-42.19874],[-74.151645,-42.19862],[-74.15178,-42.19861],[-74.15187,-42.19863]]]},"properties":{"comuna":"Ancud","mancha_id":"10202-88ceac2987fffff-3","clase":"Muy Alto","nivel_medio":3.582,"nivel_medio_min":3.582,"nivel_medio_max":3.582,"pct_alto":95.8,"n_hexagonos":1,"area_ha":0.05}},{"type":"Feature","geometry":{"type":"Polygon","coordinates":[[[-74.15251,-42.19883],[-74.15259,-42.19877],[-74.15267,-42.19876],[-74.152752,-42.198769],[-74.15267,-42.19897],[-74.15265,-42.19897],[-74.15254,-42.19893],[-74.15251,-42.19883]]]},"properties":{"comuna":"Ancud","mancha_id":"10202-88ceac2987fffff-4","clase":"Muy Alto","nivel_medio":3.582,"nivel_medio_min":3.582,"nivel_medio_max":3.582,"pct_alto":95.8,"n_hexagonos":1,"area_ha":0.03}},{"type":"Feature","geometry":{"type":"Polygon","coordinates":[[[-74.15187,-42.19972],[-74.15182,-42.19975],[-74.15168,-42.19978],[-74.15152,-42.19979],[-74.15146,-42.199755],[-74.15147,-42.19962],[-74.15153,-42.19957],[-74.15162,-42.199515],[-74.151736,-42.199508],[-74.15179,-42.19949],[-74.151875,-42.199515],[-74.151915,-42.19965],[-74.15187,-42.19972]]]},"properties":{"comuna":"Ancud","mancha_id":"10202-88ceac2987fffff-5","clase":"Muy Alto","nivel_medio":3.582,"nivel_medio_min":3.582,"nivel_medio_max":3.582,"pct_alto":95.8,"n_hexagonos":1,"area_ha":0.09}},{"type":"Feature","geometry":{"type":"Polygon","coordinates":[[[-73.94729,-41.872331],[-73.943376,-41.869028],[-73.943563,-41.868568],[-73.94388,-41.86851],[-73.94501,-41.86836],[-73.94584,-41.86809],[-73.9461,-41.86795],[-73.94641,-41.86765],[-73.94655,-41.867],[-73.94745,-41.86648],[-73.94761,-41.86626],[-73.94758,-41.86599],[-73.94749,-41.86587],[-73.94731,-41.86576],[-73.94692,-41.86563],[-73.94664,-41.86546],[-73.94659,-41.8653],[-73.94679,-41.86482],[-73.94675,-41.86453],[-73.94637,-41.86436],[-73.94632,-41.864228],[-73.950996,-41.863207],[-73.95491,-41.86651],[-73.953057,-41.871073],[-73.94729,-41.872331]]]},"properties":{"comuna":"Ancud","mancha_id":"10202-88cea8c659fffff","clase":"Muy Alto","nivel_medio":3.608,"nivel_medio_min":3.608,"nivel_medio_max":3.608,"pct_alto":97.8,"n_hexagonos":1,"area_ha":57.85}},{"type":"Feature","geometry":{"type":"Polygon","coordinates":[[[-74.036476,-42.045496],[-74.035381,-42.044575],[-74.03559,-42.04406],[-74.03572,-42.04406],[-74.03622,-42.04402],[-74.03678,-42.04403],[-74.03713,-42.04406],[-74.03749,-42.0442],[-74.03764,-42.04434],[-74.03763,-42.04445],[-74.03752,-42.0446],[-74.03728,-42.04484],[-74.03656,-42.0454],[-74.036476,-42.045496]]]},"properties":{"comuna":"Ancud","mancha_id":"10202-88cea89843fffff","clase":"Muy Alto","nivel_medio":3.561,"nivel_medio_min":3.561,"nivel_medio_max":3.561,"pct_alto":82.1,"n_hexagonos":1,"area_ha":1.92}}],"bbox":[-74.15276,-42.25432,-73.47024,-41.76652]}