{"type":"FeatureCollection","features":[{"type":"Feature","geometry":{"type":"Polygon","coordinates":[[[-70.757233,-33.019295],[-70.756422,-33.018757],[-70.756537,-33.017976],[-70.756889,-33.018557],[-70.757233,-33.019295]]]},"properties":{"comuna":"Colina","mancha_id":"13301-88b2c5da43fffff","clase":"Muy Bajo","nivel_medio":0.395,"nivel_medio_min":0.395,"nivel_medio_max":0.395,"pct_alto":0.0,"n_hexagonos":1,"area_ha":0.39}},{"type":"Feature","geometry":{"type":"Polygon","coordinates":[[[-70.51641,-33.10349],[-70.517043,-33.09922],[-70.52208,-33.097879],[-70.526483,-33.100807],[-70.525851,-33.105077],[-70.520814,-33.106418],[-70.51641,-33.10349]]]},"properties":{"comuna":"Colina","mancha_id":"13301-88b2c5d5cdfffff","clase":"Muy Bajo","nivel_medio":0.43,"nivel_medio_min":0.43,"nivel_medio_max":0.43,"pct_alto":0.6,"n_hexagonos":1,"area_ha":64.15}},{"type":"Feature","geometry":{"type":"Polygon","coordinates":[[[-70.459817,-33.061135],[-70.46045,-33.056864],[-70.45605,-33.053933],[-70.451017,-33.055273],[-70.446617,-33.052342],[-70.44725,-33.048071],[-70.452284,-33.046731],[-70.452917,-33.042459],[-70.448517,-33.039527],[-70.448763,-33.037869],[-70.449261,-33.037903],[-70.449926,-33.037929],[-70.450271,-33.037943],[-70.450833,-33.038098],[-70.451172,-33.038192],[-70.451398,-33.038309],[-70.451828,-33.038758],[-70.452421,-33.039633],[-70.45282,-33.040693],[-70.453246,-33.041667],[-70.453549,-33.042278],[-70.453554,-33.042289],[-70.453641,-33.042463],[-70.454437,-33.043022],[-70.455279,-33.043696],[-70.455567,-33.043737],[-70.455786,-33.04414],[-70.456301,-33.044593],[-70.456285,-33.045041],[-70.456461,-33.045612],[-70.456569,-33.045963],[-70.457091,-33.04633],[-70.457448,-33.046545],[-70.457871,-33.046843],[-70.458389,-33.047361],[-70.45874,-33.047667],[-70.459186,-33.047854],[-70.459521,-33.048243],[-70.45962,-33.04888],[-70.459661,-33.049143],[-70.459736,-33.049651],[-70.459771,-33.050403],[-70.459887,-33.051247],[-70.459951,-33.051713],[-70.460231,-33.052147],[-70.460686,-33.052767],[-70.461262,-33.053439],[-70.46197,-33.054175],[-70.462467,-33.054693],[-70.462981,-33.055733],[-70.46322,-33.056127],[-70.463292,-33.056245],[-70.463639,-33.056814],[-70.463731,-33.057178],[-70.463834,-33.057947],[-70.463963,-33.05869],[-70.464071,-33.059313],[-70.464211,-33.060873],[-70.464322,-33.061162],[-70.464481,-33.061573],[-70.464734,-33.062105],[-70.465065,-33.062544],[-70.465371,-33.062903],[-70.465793,-33.063031],[-70.466321,-33.063442],[-70.466366,-33.063494],[-70.464217,-33.064066],[-70.459817,-33.061135]]]},"properties":{"comuna":"Colina","mancha_id":"13301-88b2c5d459fffff","clase":"Muy Bajo","nivel_medio":0.237,"nivel_medio_min":0.026,"nivel_medio_max":0.367,"pct_alto":0.0,"n_hexagonos":5,"area_ha":162.21}},{"type":"Feature","geometry":{"type":"Polygon","coordinates":[[[-70.47742,-33.072857],[-70.473019,-33.069927],[-70.473567,-33.06623],[-70.473867,-33.066318],[-70.474738,-33.066492],[-70.475541,-33.066653],[-70.476068,-33.066825],[-70.476521,-33.066973],[-70.476801,-33.067293],[-70.476841,-33.067464],[-70.476825,-33.068379],[-70.476816,-33.06887],[-70.477074,-33.069624],[-70.477335,-33.070388],[-70.477824,-33.071365],[-70.477972,-33.0724],[-70.478047,-33.07269],[-70.47742,-33.072857]]]},"properties":{"comuna":"Colina","mancha_id":"13301-88b2c5d455fffff","clase":"Muy Bajo","nivel_medio":0.46,"nivel_medio_min":0.46,"nivel_medio_max":0.46,"pct_alto":1.7,"n_hexagonos":1,"area_ha":19.88}},{"type":"Feature","geometry":{"type":"Polygon","coordinates":[[[-70.503833,-33.090434],[-70.499431,-33.087505],[-70.499564,-33.086602],[-70.499613,-33.086606],[-70.5,-33.086633],[-70.500604,-33.086673],[-70.501937,-33.086904],[-70.503117,-33.087405],[-70.503453,-33.087596],[-70.50377,-33.087805],[-70.504043,-33.088023],[-70.50439,-33.0881],[-70.505014,-33.08824],[-70.505823,-33.0883],[-70.50679,-33.088366],[-70.507519,-33.088371],[-70.508115,-33.08845],[-70.508572,-33.088513],[-70.508899,-33.088513],[-70.508958,-33.088495],[-70.508869,-33.089093],[-70.503833,-33.090434]]]},"properties":{"comuna":"Colina","mancha_id":"13301-88b2c5d42bfffff","clase":"Muy Bajo","nivel_medio":0.488,"nivel_medio_min":0.488,"nivel_medio_max":0.488,"pct_alto":3.5,"n_hexagonos":1,"area_ha":16.63}},{"type":"Feature","geometry":{"type":"Polygon","coordinates":[[[-70.709472,-33.320436],[-70.711669,-33.321888],[-70.716716,-33.320546],[-70.719789,-33.322576],[-70.719122,-33.324059],[-70.718996,-33.324339],[-70.718963,-33.324411],[-70.717409,-33.324059],[-70.714292,-33.323296],[-70.713789,-33.323173],[-70.713229,-33.323036],[-70.712741,-33.322917],[-70.712195,-33.322783],[-70.711559,-33.322627],[-70.708644,-33.321914],[-70.708898,-33.321439],[-70.70923,-33.320834],[-70.709401,-33.320533],[-70.709472,-33.320436]]]},"properties":{"comuna":"Colina","mancha_id":"13301-88b2c5cde9fffff","clase":"Muy Bajo","nivel_medio":0.081,"nivel_medio_min":0.0,"nivel_medio_max":0.097,"pct_alto":2.4,"n_hexagonos":2,"area_ha":21.89}},{"type":"Feature","geometry":{"type":"Polygon","coordinates":[[[-70.703468,-33.311793],[-70.704099,-33.307533],[-70.709146,-33.306191],[-70.709777,-33.301931],[-70.714823,-33.300589],[-70.719239,-33.303507],[-70.718609,-33.307767],[-70.713562,-33.309109],[-70.712931,-33.313369],[-70.707884,-33.314711],[-70.703468,-33.311793]]]},"properties":{"comuna":"Colina","mancha_id":"13301-88b2c5cd11fffff","clase":"Muy Bajo","nivel_medio":0.492,"nivel_medio_min":0.486,"nivel_medio_max":0.499,"pct_alto":12.8,"n_hexagonos":2,"area_ha":127.99}},{"type":"Feature","geometry":{"type":"Polygon","coordinates":[[[-70.729964,-33.29656],[-70.730595,-33.292299],[-70.733715,-33.291469],[-70.731978,-33.295303],[-70.731903,-33.295467],[-70.731088,-33.297303],[-70.729964,-33.29656]]]},"properties":{"comuna":"Colina","mancha_id":"13301-88b2c5cd0dfffff","clase":"Muy Bajo","nivel_medio":0.399,"nivel_medio_min":0.399,"nivel_medio_max":0.399,"pct_alto":11.7,"n_hexagonos":1,"area_ha":10.96}},{"type":"Feature","geometry":{"type":"Polygon","coordinates":[[[-70.737534,-33.278169],[-70.738165,-33.273907],[-70.742089,-33.272861],[-70.739212,-33.279278],[-70.737534,-33.278169]]]},"properties":{"comuna":"Colina","mancha_id":"13301-88b2c5c893fffff","clase":"Muy Bajo","nivel_medio":0.466,"nivel_medio_min":0.466,"nivel_medio_max":0.466,"pct_alto":13.4,"n_hexagonos":1,"area_ha":15.51}},{"type":"Feature","geometry":{"type":"Polygon","coordinates":[[[-70.743693,-33.269306],[-70.743842,-33.268299],[-70.744207,-33.268202],[-70.743731,-33.269225],[-70.743699,-33.269293],[-70.743693,-33.269306]]]},"properties":{"comuna":"Colina","mancha_id":"13301-88b2c5c891fffff","clase":"Muy Bajo","nivel_medio":0.0,"nivel_medio_min":0.0,"nivel_medio_max":0.0,"pct_alto":0.0,"n_hexagonos":1,"area_ha":0.18}},{"type":"Feature","geometry":{"type":"Polygon","coordinates":[[[-70.47099,-33.213883],[-70.475394,-33.216809],[-70.475052,-33.219104],[-70.474795,-33.21909],[-70.473995,-33.21899],[-70.473145,-33.21883],[-70.472845,-33.21866],[-70.472175,-33.21808],[-70.471785,-33.21779],[-70.471165,-33.21724],[-70.470698,-33.216928],[-70.470296,-33.216231],[-70.470242,-33.215535],[-70.470242,-33.215026],[-70.470175,-33.21454],[-70.469955,-33.21421],[-70.469915,-33.21419],[-70.469913,-33.214168],[-70.47099,-33.213883]]]},"properties":{"comuna":"Colina","mancha_id":"13301-88b2c5c6a5fffff","clase":"Muy Bajo","nivel_medio":0.076,"nivel_medio_min":0.076,"nivel_medio_max":0.076,"pct_alto":1.1,"n_hexagonos":1,"area_ha":16.23}},{"type":"Feature","geometry":{"type":"Polygon","coordinates":[[[-70.681408,-33.198911],[-70.680776,-33.203177],[-70.685189,-33.206098],[-70.684558,-33.210364],[-70.679514,-33.211709],[-70.675102,-33.208787],[-70.670058,-33.210131],[-70.665646,-33.20721],[-70.666277,-33.202944],[-70.661865,-33.200022],[-70.662496,-33.195756],[-70.66754,-33.194411],[-70.668171,-33.190145],[-70.663759,-33.187222],[-70.66439,-33.182955],[-70.669433,-33.181611],[-70.673845,-33.184533],[-70.673214,-33.1888],[-70.677626,-33.191722],[-70.676995,-33.195989],[-70.681408,-33.198911]]]},"properties":{"comuna":"Colina","mancha_id":"13301-88b2c5c181fffff","clase":"Muy Bajo","nivel_medio":0.242,"nivel_medio_min":0.128,"nivel_medio_max":0.426,"pct_alto":6.8,"n_hexagonos":6,"area_ha":384.73}},{"type":"Feature","geometry":{"type":"Polygon","coordinates":[[[-70.705369,-33.135107],[-70.706,-33.130836],[-70.711043,-33.129487],[-70.711674,-33.125215],[-70.716717,-33.123866],[-70.717347,-33.119594],[-70.722391,-33.118244],[-70.726804,-33.121167],[-70.731847,-33.119817],[-70.732477,-33.115544],[-70.737521,-33.114194],[-70.741935,-33.117116],[-70.746979,-33.115765],[-70.751393,-33.118688],[-70.750763,-33.122961],[-70.755177,-33.125883],[-70.757708,-33.125205],[-70.757705,-33.1253],[-70.757705,-33.1253],[-70.757705,-33.125306],[-70.757698,-33.12552],[-70.757808,-33.12632],[-70.757852,-33.127268],[-70.757843,-33.127715],[-70.757725,-33.128106],[-70.757409,-33.128701],[-70.756928,-33.129208],[-70.756559,-33.129727],[-70.755993,-33.130696],[-70.755847,-33.131015],[-70.754976,-33.132912],[-70.754654,-33.133515],[-70.753981,-33.134261],[-70.753684,-33.134598],[-70.753495,-33.134812],[-70.753022,-33.135265],[-70.752514,-33.135863],[-70.75208,-33.13665],[-70.751909,-33.136992],[-70.751638,-33.137608],[-70.748873,-33.135778],[-70.749503,-33.131506],[-70.745089,-33.128584],[-70.740044,-33.129934],[-70.739414,-33.134206],[-70.743828,-33.137128],[-70.743198,-33.1414],[-70.738154,-33.142749],[-70.737524,-33.147021],[-70.732479,-33.14837],[-70.728066,-33.145448],[-70.728696,-33.141177],[-70.724282,-33.138255],[-70.724913,-33.133983],[-70.720499,-33.131061],[-70.715456,-33.13241],[-70.714825,-33.136681],[-70.709782,-33.13803],[-70.705369,-33.135107]]]},"properties":{"comuna":"Colina","mancha_id":"13301-88b2c5c149fffff","clase":"Muy Bajo","nivel_medio":0.059,"nivel_medio_min":0.0,"nivel_medio_max":0.45,"pct_alto":0.6,"n_hexagonos":15,"area_ha":879.38}},{"type":"Feature","geometry":{"type":"Polygon","coordinates":[[[-70.444805,-33.15946],[-70.444691,-33.158922],[-70.444635,-33.15866],[-70.444495,-33.15788],[-70.444435,-33.15687],[-70.444525,-33.1558],[-70.444311,-33.154885],[-70.443785,-33.15399],[-70.443595,-33.15363],[-70.443095,-33.15294],[-70.442585,-33.15206],[-70.442427,-33.151843],[-70.441915,-33.15114],[-70.441625,-33.15068],[-70.441325,-33.15003],[-70.441215,-33.14926],[-70.441205,-33.14825],[-70.441245,-33.14756],[-70.441138,-33.146984],[-70.44093,-33.146533],[-70.440655,-33.14628],[-70.440095,-33.14601],[-70.438995,-33.14574],[-70.437964,-33.145371],[-70.437668,-33.145174],[-70.437547,-33.145094],[-70.437131,-33.144747],[-70.436819,-33.144487],[-70.436485,-33.144088],[-70.436368,-33.143949],[-70.436056,-33.143359],[-70.435815,-33.14279],[-70.434975,-33.14103],[-70.434375,-33.13981],[-70.433828,-33.138466],[-70.433765,-33.13831],[-70.433625,-33.13782],[-70.433482,-33.137402],[-70.43342,-33.13722],[-70.433241,-33.13686],[-70.433173,-33.136788],[-70.432885,-33.13649],[-70.432355,-33.13612],[-70.43198,-33.135936],[-70.431135,-33.13576],[-70.430523,-33.135346],[-70.430323,-33.135145],[-70.430142,-33.134826],[-70.429865,-33.13382],[-70.429752,-33.133354],[-70.429635,-33.13287],[-70.429465,-33.13231],[-70.429035,-33.13131],[-70.428375,-33.13045],[-70.427535,-33.1298],[-70.426645,-33.12897],[-70.425935,-33.12859],[-70.425305,-33.12815],[-70.424542,-33.12791],[-70.424415,-33.12787],[-70.423375,-33.12783],[-70.421605,-33.12746],[-70.421035,-33.12694],[-70.420285,-33.12614],[-70.419975,-33.12579],[-70.419385,-33.12528],[-70.418635,-33.12471],[-70.417875,-33.12413],[-70.417215,-33.12367],[-70.416717,-33.123457],[-70.416445,-33.12334],[-70.415915,-33.12301],[-70.415405,-33.12279],[-70.414775,-33.12266],[-70.412955,-33.12258],[-70.411715,-33.12248],[-70.410675,-33.12239],[-70.409495,-33.12228],[-70.408115,-33.12223],[-70.40724,-33.12216],[-70.407235,-33.12216],[-70.405865,-33.12219],[-70.405385,-33.12226],[-70.404245,-33.12234],[-70.403495,-33.12242],[-70.402765,-33.1224],[-70.402085,-33.12225],[-70.401655,-33.12216],[-70.401195,-33.12204],[-70.400015,-33.12183],[-70.399535,-33.12172],[-70.399145,-33.12162],[-70.398015,-33.12131],[-70.397715,-33.121185],[-70.397655,-33.12116],[-70.397015,-33.12083],[-70.395885,-33.1201],[-70.395095,-33.11955],[-70.393685,-33.11855],[-70.392975,-33.11831],[-70.392075,-33.11804],[-70.390995,-33.11768],[-70.390205,-33.1173],[-70.389835,-33.11698],[-70.389447,-33.116733],[-70.389065,-33.11649],[-70.388285,-33.11605],[-70.387245,-33.11571],[-70.385945,-33.11511],[-70.385395,-33.11442],[-70.384835,-33.11398],[-70.384353,-33.113521],[-70.384205,-33.11338],[-70.383945,-33.11303],[-70.383745,-33.1125],[-70.383705,-33.11191],[-70.383695,-33.11134],[-70.383655,-33.11045],[-70.383555,-33.11014],[-70.383305,-33.10993],[-70.382305,-33.10923],[-70.381635,-33.10882],[-70.381115,-33.10871],[-70.380275,-33.10874],[-70.378865,-33.10876],[-70.378055,-33.1088],[-70.377745,-33.10875],[-70.377245,-33.10851],[-70.376805,-33.10828],[-70.376125,-33.107973],[-70.376095,-33.10796],[-70.375655,-33.1077],[-70.375315,-33.10751],[-70.374825,-33.10712],[-70.374015,-33.10648],[-70.373565,-33.10618],[-70.373255,-33.10597],[-70.37254,-33.10578],[-70.373062,-33.105603],[-70.373346,-33.105487],[-70.373682,-33.105143],[-70.37378,-33.104999],[-70.374019,-33.104396],[-70.374171,-33.104013],[-70.374312,-33.103861],[-70.374689,-33.103457],[-70.375591,-33.102463],[-70.376064,-33.102044],[-70.376513,-33.101638],[-70.376854,-33.101277],[-70.376881,-33.101023],[-70.376851,-33.100467],[-70.376867,-33.100091],[-70.376924,-33.099724],[-70.376954,-33.099532],[-70.377041,-33.098973],[-70.377092,-33.098641],[-70.377134,-33.098371],[-70.377329,-33.098079],[-70.377571,-33.097823],[-70.378407,-33.097177],[-70.37884,-33.096842],[-70.379193,-33.09645],[-70.379619,-33.095975],[-70.380057,-33.095487],[-70.380913,-33.094409],[-70.382421,-33.094008],[-70.382562,-33.093056],[-70.383541,-33.092513],[-70.384304,-33.091901],[-70.384747,-33.091512],[-70.385186,-33.091012],[-70.385658,-33.09054],[-70.386299,-33.090084],[-70.38733,-33.08935],[-70.387791,-33.089023],[-70.387901,-33.088603],[-70.38799,-33.0886],[-70.387933,-33.088446],[-70.387855,-33.088237],[-70.387739,-33.087766],[-70.387202,-33.086925],[-70.386676,-33.086217],[-70.386207,-33.085689],[-70.386051,-33.085513],[-70.38586,-33.085123],[-70.385646,-33.084685],[-70.385587,-33.084519],[-70.385494,-33.084001],[-70.385441,-33.083703],[-70.385521,-33.083105],[-70.385551,-33.082883],[-70.385835,-33.082435],[-70.385934,-33.082279],[-70.386071,-33.082063],[-70.386866,-33.08176],[-70.387604,-33.08158],[-70.388511,-33.081383],[-70.389181,-33.081023],[-70.389701,-33.080743],[-70.38995,-33.080609],[-70.390338,-33.080401],[-70.391217,-33.080251],[-70.392141,-33.080047],[-70.392963,-33.079835],[-70.393486,-33.079904],[-70.393979,-33.079707],[-70.394264,-33.079367],[-70.394276,-33.079353],[-70.394411,-33.079083],[-70.39453,-33.078495],[-70.394531,-33.078493],[-70.394628,-33.078014],[-70.394717,-33.077295],[-70.394986,-33.076501],[-70.395066,-33.076173],[-70.395185,-33.075393],[-70.395251,-33.074873],[-70.395152,-33.074577],[-70.395091,-33.074393],[-70.394631,-33.073973],[-70.394465,-33.073721],[-70.394431,-33.07362],[-70.39456,-33.073392],[-70.394806,-33.073171],[-70.39506,-33.072927],[-70.395397,-33.072573],[-70.395674,-33.072339],[-70.396733,-33.071671],[-70.397574,-33.071274],[-70.39762,-33.071253],[-70.397977,-33.071069],[-70.399011,-33.070759],[-70.399403,-33.070607],[-70.399883,-33.070375],[-70.400712,-33.070387],[-70.401365,-33.070257],[-70.402214,-33.070126],[-70.402933,-33.069375],[-70.403227,-33.068656],[-70.403197,-33.068042],[-70.403292,-33.067513],[-70.403292,-33.067056],[-70.403227,-33.066566],[-70.403357,-33.066423],[-70.403591,-33.066282],[-70.403896,-33.066224],[-70.404015,-33.066184],[-70.404141,-33.066142],[-70.4044,-33.066111],[-70.404936,-33.065884],[-70.405533,-33.065604],[-70.405884,-33.06551],[-70.406037,-33.065311],[-70.406189,-33.064996],[-70.406223,-33.064701],[-70.406267,-33.064385],[-70.406212,-33.063978],[-70.406022,-33.063175],[-70.405611,-33.062483],[-70.405321,-33.062037],[-70.405026,-33.061581],[-70.404781,-33.061203],[-70.404443,-33.060764],[-70.403837,-33.059976],[-70.40361,-33.059681],[-70.403191,-33.059136],[-70.402597,-33.058411],[-70.402045,-33.057745],[-70.401658,-33.057269],[-70.401461,-33.057013],[-70.401293,-33.056795],[-70.401146,-33.056604],[-70.401109,-33.056367],[-70.401149,-33.056023],[-70.401077,-33.055172],[-70.401041,-33.054743],[-70.400968,-33.05456],[-70.400782,-33.054226],[-70.400246,-33.053775],[-70.399562,-33.053355],[-70.398883,-33.052734],[-70.398301,-33.052203],[-70.397215,-33.05152],[-70.39641,-33.051015],[-70.39579,-33.050603],[-70.395481,-33.050383],[-70.395405,-33.050191],[-70.395424,-33.049951],[-70.395687,-33.0492],[-70.395972,-33.048384],[-70.396109,-33.048191],[-70.396882,-33.047394],[-70.397672,-33.046691],[-70.398496,-33.046112],[-70.399147,-33.045506],[-70.39957,-33.045018],[-70.399862,-33.044643],[-70.400054,-33.044397],[-70.400387,-33.04386],[-70.400615,-33.043492],[-70.40068,-33.043218],[-70.400701,-33.042823],[-70.400276,-33.042398],[-70.399814,-33.042003],[-70.399648,-33.041861],[-70.399171,-33.041503],[-70.398691,-33.041153],[-70.398471,-33.040721],[-70.398382,-33.040476],[-70.398291,-33.039933],[-70.398315,-33.039371],[-70.398351,-33.038942],[-70.398372,-33.038688],[-70.39841,-33.038289],[-70.398461,-33.037743],[-70.398428,-33.037445],[-70.398351,-33.036743],[-70.398434,-33.035949],[-70.398522,-33.035108],[-70.398543,-33.034767],[-70.398554,-33.03411],[-70.398561,-33.033693],[-70.398765,-33.033184],[-70.398906,-33.032834],[-70.399234,-33.03257],[-70.399651,-33.032243],[-70.400205,-33.031986],[-70.400784,-33.031717],[-70.401364,-33.031563],[-70.401384,-33.031431],[-70.401878,-33.031157],[-70.402468,-33.030895],[-70.403044,-33.030722],[-70.403648,-33.030508],[-70.404172,-33.030308],[-70.404621,-33.030137],[-70.404954,-33.029955],[-70.405581,-33.029413],[-70.406335,-33.02876],[-70.407251,-33.028297],[-70.40815,-33.027842],[-70.409103,-33.027477],[-70.409237,-33.027425],[-70.410099,-33.027094],[-70.411206,-33.026642],[-70.41163,-33.026352],[-70.412671,-33.025643],[-70.413425,-33.025246],[-70.413969,-33.025008],[-70.414783,-33.024697],[-70.415648,-33.02442],[-70.41673,-33.0241],[-70.416976,-33.024064],[-70.417367,-33.024007],[-70.418758,-33.023873],[-70.419756,-33.023843],[-70.420706,-33.023949],[-70.421456,-33.024183],[-70.422056,-33.024371],[-70.42245,-33.024494],[-70.42285,-33.024476],[-70.422992,-33.02447],[-70.423378,-33.024101],[-70.423576,-33.023708],[-70.423502,-33.023193],[-70.423548,-33.022883],[-70.423571,-33.022733],[-70.423797,-33.022493],[-70.424111,-33.022163],[-70.424925,-33.021589],[-70.425531,-33.021163],[-70.426132,-33.020914],[-70.426451,-33.020783],[-70.426971,-33.020713],[-70.427434,-33.020777],[-70.428223,-33.020885],[-70.429131,-33.021013],[-70.42975,-33.0211],[-70.430293,-33.021278],[-70.430882,-33.021286],[-70.431336,-33.021288],[-70.4319,-33.021201],[-70.432156,-33.021161],[-70.432875,-33.021077],[-70.4335,-33.021055],[-70.434427,-33.021249],[-70.434984,-33.021542],[-70.435571,-33.022163],[-70.435778,-33.022969],[-70.436043,-33.023796],[-70.436638,-33.02476],[-70.43724,-33.025735],[-70.437637,-33.02601],[-70.438053,-33.026298],[-70.439641,-33.027563],[-70.441303,-33.028933],[-70.442398,-33.029893],[-70.443084,-33.030609],[-70.444239,-33.031886],[-70.444638,-33.032353],[-70.439719,-33.033664],[-70.439085,-33.037936],[-70.434053,-33.039276],[-70.433419,-33.043547],[-70.437818,-33.046479],[-70.437184,-33.05075],[-70.441584,-33.053682],[-70.44095,-33.057953],[-70.44535,-33.060884],[-70.444716,-33.065154],[-70.439682,-33.066494],[-70.435283,-33.063562],[-70.43025,-33.064901],[-70.425851,-33.06197],[-70.426485,-33.057699],[-70.422086,-33.054768],[-70.42272,-33.050497],[-70.427752,-33.049158],[-70.428386,-33.044887],[-70.423988,-33.041955],[-70.424621,-33.037683],[-70.420223,-33.034751],[-70.415191,-33.03609],[-70.414557,-33.040361],[-70.409525,-33.0417],[-70.408891,-33.045971],[-70.413289,-33.048903],[-70.412655,-33.053174],[-70.417054,-33.056106],[-70.41642,-33.060376],[-70.420818,-33.063308],[-70.420184,-33.067578],[-70.424583,-33.070509],[-70.423949,-33.074779],[-70.428348,-33.07771],[-70.427714,-33.081979],[-70.432114,-33.08491],[-70.43148,-33.089179],[-70.43588,-33.092109],[-70.435246,-33.096377],[-70.430212,-33.097715],[-70.429578,-33.101983],[-70.433978,-33.104913],[-70.433344,-33.10918],[-70.42831,-33.110517],[-70.423911,-33.107587],[-70.418877,-33.108924],[-70.418243,-33.11319],[-70.422643,-33.116121],[-70.422009,-33.120387],[-70.426408,-33.123317],[-70.431443,-33.121981],[-70.435843,-33.12491],[-70.435209,-33.129177],[-70.43961,-33.132106],[-70.438976,-33.136372],[-70.443377,-33.139301],[-70.442743,-33.143566],[-70.447144,-33.146495],[-70.452179,-33.145159],[-70.456581,-33.148087],[-70.455947,-33.152352],[-70.450912,-33.153689],[-70.450278,-33.157953],[-70.45468,-33.160882],[-70.459715,-33.159545],[-70.464118,-33.162473],[-70.463484,-33.166738],[-70.467887,-33.169665],[-70.467253,-33.173929],[-70.471656,-33.176857],[-70.471022,-33.18112],[-70.465986,-33.182456],[-70.465352,-33.186719],[-70.469755,-33.189646],[-70.469121,-33.193909],[-70.466718,-33.194546],[-70.466355,-33.19408],[-70.465985,-33.19355],[-70.465115,-33.19286],[-70.464415,-33.19261],[-70.463235,-33.19203],[-70.462645,-33.19165],[-70.462305,-33.19141],[-70.461185,-33.19055],[-70.460735,-33.18982],[-70.460295,-33.18887],[-70.460219,-33.188703],[-70.460085,-33.18841],[-70.460031,-33.187865],[-70.459985,-33.1874],[-70.459905,-33.18678],[-70.459745,-33.18559],[-70.459745,-33.18492],[-70.459805,-33.18376],[-70.459925,-33.18312],[-70.460025,-33.18269],[-70.460785,-33.18139],[-70.461385,-33.18022],[-70.461585,-33.17972],[-70.461648,-33.179572],[-70.461905,-33.17897],[-70.461993,-33.177918],[-70.461861,-33.177655],[-70.461465,-33.176861],[-70.460837,-33.176399],[-70.459516,-33.175639],[-70.457825,-33.17436],[-70.457745,-33.1743],[-70.457138,-33.174153],[-70.456148,-33.173724],[-70.455421,-33.173096],[-70.455339,-33.172994],[-70.454967,-33.17253],[-70.45488,-33.171993],[-70.454926,-33.171577],[-70.454925,-33.1707],[-70.454935,-33.16939],[-70.454905,-33.1689],[-70.454707,-33.168476],[-70.454485,-33.16817],[-70.454049,-33.167627],[-70.453702,-33.167177],[-70.453285,-33.16674],[-70.452255,-33.16586],[-70.452066,-33.165671],[-70.451415,-33.16502],[-70.450745,-33.16431],[-70.449835,-33.16327],[-70.449315,-33.16296],[-70.448835,-33.16265],[-70.447766,-33.161743],[-70.44715,-33.161421],[-70.446239,-33.160886],[-70.445731,-33.160644],[-70.445248,-33.16035],[-70.445111,-33.160171],[-70.444995,-33.16002],[-70.444805,-33.15946]],[[-70.403143,-33.117198],[-70.407542,-33.120128],[-70.412575,-33.118793],[-70.41321,-33.114526],[-70.40881,-33.111596],[-70.403777,-33.112931],[-70.403143,-33.117198]]]},"properties":{"comuna":"Colina","mancha_id":"13301-88b2c5892dfffff","clase":"Muy Bajo","nivel_medio":0.121,"nivel_medio_min":0.0,"nivel_medio_max":0.499,"pct_alto":0.7,"n_hexagonos":87,"area_ha":4350.3}},{"type":"Feature","geometry":{"type":"Polygon","coordinates":[[[-70.75397,-33.092247],[-70.750759,-33.09012],[-70.751197,-33.087147],[-70.752851,-33.090213],[-70.753521,-33.091456],[-70.75397,-33.092247]]]},"properties":{"comuna":"Colina","mancha_id":"13301-88b2c5daa7fffff","clase":"Bajo","nivel_medio":1.154,"nivel_medio_min":1.154,"nivel_medio_max":1.154,"pct_alto":3.0,"n_hexagonos":1,"area_ha":5.38}},{"type":"Feature","geometry":{"type":"Polygon","coordinates":[[[-70.75138,-33.020112],[-70.756422,-33.018757],[-70.757233,-33.019295],[-70.757706,-33.020309],[-70.757243,-33.021323],[-70.756562,-33.021798],[-70.755309,-33.022436],[-70.754878,-33.022634],[-70.753873,-33.023096],[-70.752966,-33.023768],[-70.752827,-33.024229],[-70.752823,-33.0247],[-70.75327,-33.025198],[-70.753999,-33.025963],[-70.754927,-33.02716],[-70.755145,-33.02744],[-70.754533,-33.031595],[-70.749491,-33.03295],[-70.745078,-33.030025],[-70.745708,-33.025746],[-70.75075,-33.024392],[-70.75138,-33.020112]]]},"properties":{"comuna":"Colina","mancha_id":"13301-88b2c5da55fffff","clase":"Bajo","nivel_medio":1.321,"nivel_medio_min":0.934,"nivel_medio_max":1.481,"pct_alto":2.8,"n_hexagonos":2,"area_ha":91.16}},{"type":"Feature","geometry":{"type":"Polygon","coordinates":[[[-70.753025,-33.00893],[-70.753269,-33.007272],[-70.756222,-33.006478],[-70.755011,-33.007398],[-70.754014,-33.008149],[-70.753357,-33.008664],[-70.753025,-33.00893]]]},"properties":{"comuna":"Colina","mancha_id":"13301-88b2c5da4bfffff","clase":"Bajo","nivel_medio":1.485,"nivel_medio_min":1.485,"nivel_medio_max":1.485,"pct_alto":1.9,"n_hexagonos":1,"area_ha":2.4}},{"type":"Feature","geometry":{"type":"Polygon","coordinates":[[[-70.760841,-33.054557],[-70.765884,-33.053203],[-70.766588,-33.053669],[-70.766666,-33.053859],[-70.767401,-33.055244],[-70.767316,-33.055413],[-70.767171,-33.055538],[-70.767091,-33.055608],[-70.766974,-33.055709],[-70.766941,-33.055737],[-70.766845,-33.055821],[-70.766818,-33.055844],[-70.766318,-33.056231],[-70.765601,-33.056788],[-70.7651,-33.057203],[-70.76507,-33.057228],[-70.764866,-33.057396],[-70.763797,-33.058278],[-70.762824,-33.059123],[-70.762024,-33.059549],[-70.761612,-33.059762],[-70.761301,-33.059923],[-70.761213,-33.059968],[-70.761095,-33.060029],[-70.760584,-33.060424],[-70.760173,-33.060878],[-70.759707,-33.061116],[-70.75936,-33.061239],[-70.758896,-33.061372],[-70.758523,-33.061496],[-70.758356,-33.061497],[-70.758331,-33.061497],[-70.758089,-33.061471],[-70.75794,-33.061485],[-70.757835,-33.061494],[-70.757638,-33.061586],[-70.757359,-33.061739],[-70.757087,-33.062021],[-70.756711,-33.062281],[-70.756595,-33.062361],[-70.756153,-33.062638],[-70.7555,-33.062812],[-70.754759,-33.062963],[-70.754633,-33.062988],[-70.754252,-33.063066],[-70.754208,-33.063075],[-70.753068,-33.063338],[-70.752379,-33.063519],[-70.75165,-33.063597],[-70.751005,-33.063908],[-70.750492,-33.063969],[-70.750173,-33.064077],[-70.749983,-33.064206],[-70.749698,-33.064436],[-70.749437,-33.06462],[-70.748942,-33.064748],[-70.748635,-33.064866],[-70.748359,-33.065065],[-70.745082,-33.062894],[-70.745711,-33.058617],[-70.741299,-33.055693],[-70.741929,-33.051416],[-70.746971,-33.050063],[-70.751384,-33.052987],[-70.750754,-33.057264],[-70.755168,-33.060188],[-70.760211,-33.058834],[-70.760841,-33.054557]]]},"properties":{"comuna":"Colina","mancha_id":"13301-88b2c5da33fffff","clase":"Bajo","nivel_medio":1.353,"nivel_medio_min":1.305,"nivel_medio_max":1.492,"pct_alto":2.8,"n_hexagonos":4,"area_ha":162.53}},{"type":"Feature","geometry":{"type":"Polygon","coordinates":[[[-70.750763,-33.122961],[-70.751393,-33.118688],[-70.746979,-33.115765],[-70.741935,-33.117116],[-70.737521,-33.114194],[-70.732477,-33.115544],[-70.731847,-33.119817],[-70.726804,-33.121167],[-70.722391,-33.118244],[-70.723021,-33.113971],[-70.728064,-33.112621],[-70.728694,-33.108348],[-70.733738,-33.106997],[-70.734368,-33.102724],[-70.739412,-33.101373],[-70.740042,-33.097098],[-70.745085,-33.095747],[-70.749499,-33.09867],[-70.754543,-33.097318],[-70.757511,-33.099283],[-70.757544,-33.099347],[-70.757677,-33.099588],[-70.757822,-33.09985],[-70.757863,-33.099924],[-70.757884,-33.099962],[-70.758051,-33.100207],[-70.758416,-33.100671],[-70.758515,-33.100868],[-70.758523,-33.100884],[-70.758537,-33.100912],[-70.758549,-33.100937],[-70.758566,-33.10097],[-70.758584,-33.101005],[-70.758596,-33.10103],[-70.758603,-33.101043],[-70.758612,-33.101062],[-70.758619,-33.101075],[-70.758623,-33.101084],[-70.758717,-33.101271],[-70.758785,-33.101407],[-70.758327,-33.104515],[-70.753283,-33.105867],[-70.752653,-33.110141],[-70.756108,-33.112428],[-70.755703,-33.113133],[-70.755526,-33.113646],[-70.75482,-33.115043],[-70.75442,-33.115749],[-70.754134,-33.116369],[-70.753899,-33.117101],[-70.753863,-33.11755],[-70.753843,-33.117929],[-70.753865,-33.118025],[-70.754086,-33.119026],[-70.754331,-33.119681],[-70.754868,-33.12054],[-70.755351,-33.121088],[-70.755871,-33.121598],[-70.75614,-33.121977],[-70.756243,-33.122121],[-70.75637,-33.122244],[-70.756466,-33.122338],[-70.756546,-33.122415],[-70.756547,-33.122416],[-70.756558,-33.122427],[-70.756567,-33.122436],[-70.757292,-33.123025],[-70.757599,-33.123493],[-70.757783,-33.123984],[-70.75776,-33.124331],[-70.757711,-33.125121],[-70.757708,-33.125205],[-70.755177,-33.125883],[-70.750763,-33.122961]]]},"properties":{"comuna":"Colina","mancha_id":"13301-88b2c5d881fffff","clase":"Bajo","nivel_medio":1.038,"nivel_medio_min":0.567,"nivel_medio_max":1.357,"pct_alto":6.8,"n_hexagonos":9,"area_ha":535.99}},{"type":"Feature","geometry":{"type":"Polygon","coordinates":[[[-70.576858,-33.087377],[-70.57749,-33.083105],[-70.582528,-33.081761],[-70.586935,-33.084688],[-70.586303,-33.08896],[-70.581264,-33.090304],[-70.576858,-33.087377]]]},"properties":{"comuna":"Colina","mancha_id":"13301-88b2c5d567fffff","clase":"Bajo","nivel_medio":1.441,"nivel_medio_min":1.441,"nivel_medio_max":1.441,"pct_alto":34.1,"n_hexagonos":1,"area_ha":64.22}},{"type":"Feature","geometry":{"type":"Polygon","coordinates":[[[-70.546632,-33.095438],[-70.547264,-33.091168],[-70.552302,-33.089825],[-70.556707,-33.092753],[-70.561744,-33.091409],[-70.56615,-33.094337],[-70.565518,-33.098607],[-70.56048,-33.099951],[-70.556074,-33.097023],[-70.551037,-33.098366],[-70.546632,-33.095438]]]},"properties":{"comuna":"Colina","mancha_id":"13301-88b2c5d503fffff","clase":"Bajo","nivel_medio":1.217,"nivel_medio_min":1.146,"nivel_medio_max":1.288,"pct_alto":29.9,"n_hexagonos":2,"area_ha":128.37}},{"type":"Feature","geometry":{"type":"Polygon","coordinates":[[[-70.422009,-33.120387],[-70.422643,-33.116121],[-70.418243,-33.11319],[-70.418877,-33.108924],[-70.423911,-33.107587],[-70.42831,-33.110517],[-70.427676,-33.114784],[-70.432077,-33.117714],[-70.431443,-33.121981],[-70.426408,-33.123317],[-70.422009,-33.120387]]]},"properties":{"comuna":"Colina","mancha_id":"13301-88b2c5d499fffff","clase":"Bajo","nivel_medio":0.617,"nivel_medio_min":0.538,"nivel_medio_max":0.697,"pct_alto":0.0,"n_hexagonos":2,"area_ha":128.13}},{"type":"Feature","geometry":{"type":"Polygon","coordinates":[[[-70.489993,-33.085917],[-70.484957,-33.087257],[-70.484324,-33.091527],[-70.479289,-33.092866],[-70.474887,-33.089937],[-70.469852,-33.091276],[-70.469219,-33.095545],[-70.464184,-33.096884],[-70.459783,-33.093955],[-70.454749,-33.095293],[-70.454115,-33.099562],[-70.458516,-33.102492],[-70.457882,-33.10676],[-70.452848,-33.108098],[-70.452214,-33.112365],[-70.447179,-33.113703],[-70.442779,-33.110773],[-70.443413,-33.106506],[-70.439012,-33.103576],[-70.433978,-33.104913],[-70.429578,-33.101983],[-70.430212,-33.097715],[-70.435246,-33.096377],[-70.439646,-33.099308],[-70.44468,-33.09797],[-70.445314,-33.093702],[-70.440914,-33.090771],[-70.43588,-33.092109],[-70.43148,-33.089179],[-70.432114,-33.08491],[-70.437147,-33.083572],[-70.441547,-33.086502],[-70.446581,-33.085164],[-70.450982,-33.088094],[-70.456016,-33.086756],[-70.460417,-33.089686],[-70.465451,-33.088347],[-70.466085,-33.084077],[-70.471119,-33.082738],[-70.471753,-33.078468],[-70.467351,-33.075537],[-70.462317,-33.076877],[-70.461684,-33.081147],[-70.456649,-33.082486],[-70.452249,-33.079556],[-70.452882,-33.075286],[-70.457916,-33.073947],[-70.45855,-33.069677],[-70.45415,-33.066746],[-70.449116,-33.068085],[-70.448482,-33.072356],[-70.443449,-33.073695],[-70.439049,-33.070764],[-70.434015,-33.072102],[-70.429616,-33.069171],[-70.424583,-33.070509],[-70.420184,-33.067578],[-70.420818,-33.063308],[-70.41642,-33.060376],[-70.417054,-33.056106],[-70.412655,-33.053174],[-70.413289,-33.048903],[-70.408891,-33.045971],[-70.409525,-33.0417],[-70.414557,-33.040361],[-70.415191,-33.03609],[-70.420223,-33.034751],[-70.424621,-33.037683],[-70.423988,-33.041955],[-70.428386,-33.044887],[-70.427752,-33.049158],[-70.42272,-33.050497],[-70.422086,-33.054768],[-70.426485,-33.057699],[-70.425851,-33.06197],[-70.43025,-33.064901],[-70.435283,-33.063562],[-70.439682,-33.066494],[-70.444716,-33.065154],[-70.44535,-33.060884],[-70.44095,-33.057953],[-70.441584,-33.053682],[-70.437184,-33.05075],[-70.437818,-33.046479],[-70.433419,-33.043547],[-70.434053,-33.039276],[-70.439085,-33.037936],[-70.439719,-33.033664],[-70.444638,-33.032353],[-70.444984,-33.032759],[-70.445566,-33.03348],[-70.446159,-33.034322],[-70.446577,-33.035029],[-70.446674,-33.035252],[-70.446889,-33.036328],[-70.447027,-33.037006],[-70.447191,-33.037523],[-70.447542,-33.037624],[-70.448531,-33.037853],[-70.448763,-33.037869],[-70.448517,-33.039527],[-70.452917,-33.042459],[-70.452284,-33.046731],[-70.44725,-33.048071],[-70.446617,-33.052342],[-70.451017,-33.055273],[-70.45605,-33.053933],[-70.46045,-33.056864],[-70.459817,-33.061135],[-70.464217,-33.064066],[-70.466366,-33.063494],[-70.466651,-33.063827],[-70.467391,-33.064453],[-70.468299,-33.06503],[-70.468571,-33.065203],[-70.469313,-33.065368],[-70.470229,-33.0654],[-70.470801,-33.065423],[-70.472557,-33.065918],[-70.473223,-33.066129],[-70.473567,-33.06623],[-70.473019,-33.069927],[-70.47742,-33.072857],[-70.478047,-33.07269],[-70.4781,-33.072899],[-70.478191,-33.073723],[-70.478205,-33.07465],[-70.478335,-33.075061],[-70.478635,-33.075481],[-70.478946,-33.075883],[-70.479541,-33.076473],[-70.479816,-33.07703],[-70.48018,-33.077983],[-70.480672,-33.07938],[-70.480821,-33.079713],[-70.48099,-33.079925],[-70.481174,-33.080156],[-70.481355,-33.080383],[-70.481959,-33.081075],[-70.48222,-33.081326],[-70.482758,-33.08152],[-70.483293,-33.081707],[-70.484976,-33.081959],[-70.486369,-33.082134],[-70.487212,-33.082175],[-70.488509,-33.081969],[-70.489362,-33.082132],[-70.490052,-33.082294],[-70.490463,-33.082741],[-70.490656,-33.082951],[-70.491228,-33.083422],[-70.491709,-33.083659],[-70.492486,-33.083864],[-70.493759,-33.084298],[-70.495311,-33.084933],[-70.496274,-33.085441],[-70.497091,-33.085873],[-70.497764,-33.086228],[-70.49876,-33.086528],[-70.499564,-33.086602],[-70.499431,-33.087505],[-70.494395,-33.088846],[-70.489993,-33.085917]]]},"properties":{"comuna":"Colina","mancha_id":"13301-88b2c5d403fffff","clase":"Bajo","nivel_medio":0.92,"nivel_medio_min":0.503,"nivel_medio_max":1.488,"pct_alto":5.2,"n_hexagonos":35,"area_ha":2116.01}},{"type":"Feature","geometry":{"type":"Polygon","coordinates":[[[-70.649325,-32.957074],[-70.644918,-32.954145],[-70.645238,-32.951975],[-70.645417,-32.951932],[-70.645969,-32.951854],[-70.646514,-32.951785],[-70.647414,-32.951785],[-70.647995,-32.951858],[-70.648898,-32.951977],[-70.649541,-32.952114],[-70.649924,-32.952195],[-70.650724,-32.952501],[-70.651494,-32.952795],[-70.651769,-32.953006],[-70.652015,-32.953194],[-70.652173,-32.953315],[-70.652304,-32.953415],[-70.652785,-32.953524],[-70.653038,-32.953447],[-70.653605,-32.953276],[-70.654725,-32.953266],[-70.654363,-32.955721],[-70.649325,-32.957074]]]},"properties":{"comuna":"Colina","mancha_id":"13301-88b2c5d359fffff","clase":"Bajo","nivel_medio":1.45,"nivel_medio_min":1.45,"nivel_medio_max":1.45,"pct_alto":12.0,"n_hexagonos":1,"area_ha":35.39}},{"type":"Feature","geometry":{"type":"Polygon","coordinates":[[[-70.677027,-32.998974],[-70.677658,-32.994694],[-70.682697,-32.993341],[-70.687106,-32.996269],[-70.686476,-33.000548],[-70.681436,-33.001901],[-70.677027,-32.998974]]]},"properties":{"comuna":"Colina","mancha_id":"13301-88b2c5d337fffff","clase":"Bajo","nivel_medio":1.455,"nivel_medio_min":1.455,"nivel_medio_max":1.455,"pct_alto":23.0,"n_hexagonos":1,"area_ha":64.41}},{"type":"Feature","geometry":{"type":"Polygon","coordinates":[[[-70.593917,-32.971936],[-70.588881,-32.973286],[-70.588249,-32.977565],[-70.583213,-32.978914],[-70.579756,-32.976614],[-70.580263,-32.976211],[-70.581206,-32.975465],[-70.581674,-32.975095],[-70.582982,-32.974588],[-70.583923,-32.974224],[-70.584514,-32.973995],[-70.585928,-32.973236],[-70.586514,-32.972835],[-70.586826,-32.972269],[-70.586965,-32.972011],[-70.587114,-32.971735],[-70.588209,-32.971212],[-70.588982,-32.971125],[-70.589925,-32.971035],[-70.590444,-32.970985],[-70.591155,-32.970725],[-70.591629,-32.970531],[-70.591785,-32.97031],[-70.591984,-32.970015],[-70.59228,-32.969849],[-70.592541,-32.969702],[-70.592874,-32.969515],[-70.592891,-32.969336],[-70.592956,-32.968978],[-70.593022,-32.968606],[-70.593022,-32.968206],[-70.592751,-32.967853],[-70.592435,-32.967091],[-70.592058,-32.96642],[-70.591785,-32.965886],[-70.591762,-32.965803],[-70.594549,-32.967657],[-70.593917,-32.971936]]]},"properties":{"comuna":"Colina","mancha_id":"13301-88b2c5d211fffff","clase":"Bajo","nivel_medio":1.02,"nivel_medio_min":0.715,"nivel_medio_max":1.208,"pct_alto":8.3,"n_hexagonos":2,"area_ha":55.04}},{"type":"Feature","geometry":{"type":"Polygon","coordinates":[[[-70.677022,-33.031849],[-70.677652,-33.027572],[-70.682693,-33.02622],[-70.687102,-33.029147],[-70.686472,-33.033424],[-70.681431,-33.034776],[-70.677022,-33.031849]]]},"properties":{"comuna":"Colina","mancha_id":"13301-88b2c5d111fffff","clase":"Bajo","nivel_medio":1.226,"nivel_medio_min":1.226,"nivel_medio_max":1.226,"pct_alto":5.8,"n_hexagonos":1,"area_ha":64.37}},{"type":"Feature","geometry":{"type":"Polygon","coordinates":[[[-70.697814,-33.022165],[-70.698444,-33.017886],[-70.694034,-33.01496],[-70.688994,-33.016312],[-70.684584,-33.013386],[-70.685215,-33.009107],[-70.690255,-33.007754],[-70.690885,-33.003475],[-70.695926,-33.002122],[-70.700336,-33.005049],[-70.705376,-33.003695],[-70.709786,-33.006622],[-70.714827,-33.005268],[-70.719238,-33.008194],[-70.718608,-33.012474],[-70.713567,-33.013827],[-70.712937,-33.018106],[-70.717347,-33.021032],[-70.722389,-33.019679],[-70.7268,-33.022604],[-70.72617,-33.026883],[-70.721129,-33.028236],[-70.716717,-33.025311],[-70.711676,-33.026664],[-70.711046,-33.030942],[-70.706005,-33.032295],[-70.701594,-33.029369],[-70.702224,-33.025091],[-70.697814,-33.022165]]]},"properties":{"comuna":"Colina","mancha_id":"13301-88b2c5d101fffff","clase":"Bajo","nivel_medio":1.235,"nivel_medio_min":0.611,"nivel_medio_max":1.39,"pct_alto":4.9,"n_hexagonos":10,"area_ha":644.03}},{"type":"Feature","geometry":{"type":"Polygon","coordinates":[[[-70.612774,-33.040839],[-70.613405,-33.036563],[-70.618443,-33.035215],[-70.622851,-33.038143],[-70.622219,-33.042418],[-70.617181,-33.043766],[-70.612774,-33.040839]]]},"properties":{"comuna":"Colina","mancha_id":"13301-88b2c5d0e1fffff","clase":"Bajo","nivel_medio":1.303,"nivel_medio_min":1.303,"nivel_medio_max":1.303,"pct_alto":20.5,"n_hexagonos":1,"area_ha":64.31}},{"type":"Feature","geometry":{"type":"Polygon","coordinates":[[[-70.694009,-33.277473],[-70.69464,-33.273212],[-70.699686,-33.271869],[-70.704101,-33.274788],[-70.70347,-33.27905],[-70.698424,-33.280393],[-70.694009,-33.277473]]]},"properties":{"comuna":"Colina","mancha_id":"13301-88b2c5cf33fffff","clase":"Bajo","nivel_medio":1.395,"nivel_medio_min":1.395,"nivel_medio_max":1.395,"pct_alto":8.7,"n_hexagonos":1,"area_ha":64.03}},{"type":"Feature","geometry":{"type":"Polygon","coordinates":[[[-70.620248,-33.252054],[-70.62088,-33.247792],[-70.625923,-33.246452],[-70.630334,-33.249374],[-70.629702,-33.253636],[-70.634114,-33.256557],[-70.639157,-33.255216],[-70.643569,-33.258137],[-70.642937,-33.262399],[-70.637894,-33.26374],[-70.633482,-33.260819],[-70.628439,-33.262159],[-70.624027,-33.259237],[-70.624659,-33.254976],[-70.620248,-33.252054]]]},"properties":{"comuna":"Colina","mancha_id":"13301-88b2c5ce15fffff","clase":"Bajo","nivel_medio":1.083,"nivel_medio_min":0.789,"nivel_medio_max":1.304,"pct_alto":32.3,"n_hexagonos":3,"area_ha":192.03}},{"type":"Feature","geometry":{"type":"Polygon","coordinates":[[[-70.732487,-33.279514],[-70.737534,-33.278169],[-70.739212,-33.279278],[-70.736958,-33.284309],[-70.735968,-33.286493],[-70.733715,-33.291469],[-70.730595,-33.292299],[-70.726179,-33.289381],[-70.726809,-33.285119],[-70.731856,-33.283776],[-70.732487,-33.279514]]]},"properties":{"comuna":"Colina","mancha_id":"13301-88b2c5cd45fffff","clase":"Bajo","nivel_medio":1.064,"nivel_medio_min":0.993,"nivel_medio_max":1.171,"pct_alto":31.3,"n_hexagonos":2,"area_ha":97.64}},{"type":"Feature","geometry":{"type":"Polygon","coordinates":[[[-70.724917,-33.297903],[-70.729964,-33.29656],[-70.731088,-33.297303],[-70.727875,-33.304535],[-70.725427,-33.310046],[-70.724961,-33.311095],[-70.723036,-33.315369],[-70.721881,-33.317933],[-70.721823,-33.318062],[-70.719789,-33.322576],[-70.716716,-33.320546],[-70.711669,-33.321888],[-70.709472,-33.320436],[-70.709725,-33.320093],[-70.710271,-33.319699],[-70.710635,-33.319534],[-70.71095,-33.319377],[-70.711041,-33.319254],[-70.711183,-33.319095],[-70.711314,-33.318896],[-70.71115,-33.31878],[-70.709992,-33.318277],[-70.709265,-33.31797],[-70.707291,-33.318709],[-70.707884,-33.314711],[-70.712931,-33.313369],[-70.717347,-33.316287],[-70.722394,-33.314945],[-70.723025,-33.310685],[-70.718609,-33.307767],[-70.719239,-33.303507],[-70.714823,-33.300589],[-70.715454,-33.296328],[-70.720501,-33.294985],[-70.724917,-33.297903]]]},"properties":{"comuna":"Colina","mancha_id":"13301-88b2c5cd01fffff","clase":"Bajo","nivel_medio":1.007,"nivel_medio_min":0.621,"nivel_medio_max":1.306,"pct_alto":23.8,"n_hexagonos":6,"area_ha":247.3}},{"type":"Feature","geometry":{"type":"Polygon","coordinates":[[[-70.659948,-33.31108],[-70.66058,-33.306821],[-70.665625,-33.305481],[-70.670039,-33.3084],[-70.669408,-33.312659],[-70.664362,-33.313999],[-70.659948,-33.31108]]]},"properties":{"comuna":"Colina","mancha_id":"13301-88b2c5cc31fffff","clase":"Bajo","nivel_medio":0.948,"nivel_medio_min":0.948,"nivel_medio_max":0.948,"pct_alto":26.8,"n_hexagonos":1,"area_ha":63.96}},{"type":"Feature","geometry":{"type":"Polygon","coordinates":[[[-70.684545,-33.308638],[-70.685176,-33.304379],[-70.690222,-33.303038],[-70.694637,-33.305956],[-70.694006,-33.310216],[-70.68896,-33.311557],[-70.684545,-33.308638]]]},"properties":{"comuna":"Colina","mancha_id":"13301-88b2c5cc27fffff","clase":"Bajo","nivel_medio":1.113,"nivel_medio_min":1.113,"nivel_medio_max":1.113,"pct_alto":29.8,"n_hexagonos":1,"area_ha":63.98}},{"type":"Feature","geometry":{"type":"Polygon","coordinates":[[[-70.709149,-33.207905],[-70.70978,-33.203638],[-70.714825,-33.202292],[-70.719239,-33.205213],[-70.724284,-33.203866],[-70.724915,-33.199599],[-70.72996,-33.198252],[-70.734374,-33.201173],[-70.733744,-33.20544],[-70.728699,-33.206787],[-70.728068,-33.211054],[-70.723023,-33.2124],[-70.718608,-33.20948],[-70.713563,-33.210826],[-70.709149,-33.207905]]]},"properties":{"comuna":"Colina","mancha_id":"13301-88b2c5cad3fffff","clase":"Bajo","nivel_medio":1.288,"nivel_medio_min":1.203,"nivel_medio_max":1.353,"pct_alto":7.8,"n_hexagonos":3,"area_ha":192.44}},{"type":"Feature","geometry":{"type":"Polygon","coordinates":[[[-70.731853,-33.21824],[-70.732483,-33.213974],[-70.737529,-33.212627],[-70.741944,-33.215547],[-70.741314,-33.219813],[-70.736268,-33.22116],[-70.731853,-33.21824]]]},"properties":{"comuna":"Colina","mancha_id":"13301-88b2c5ca83fffff","clase":"Bajo","nivel_medio":1.28,"nivel_medio_min":1.28,"nivel_medio_max":1.28,"pct_alto":23.9,"n_hexagonos":1,"area_ha":64.14}},{"type":"Feature","geometry":{"type":"Polygon","coordinates":[[[-70.770325,-33.187467],[-70.775372,-33.186118],[-70.779635,-33.188936],[-70.779575,-33.189071],[-70.777538,-33.193662],[-70.777499,-33.19375],[-70.774112,-33.194655],[-70.769695,-33.191736],[-70.770325,-33.187467]]]},"properties":{"comuna":"Colina","mancha_id":"13301-88b2c5ca3bfffff","clase":"Bajo","nivel_medio":1.395,"nivel_medio_min":1.395,"nivel_medio_max":1.395,"pct_alto":18.6,"n_hexagonos":1,"area_ha":60.19}},{"type":"Feature","geometry":{"type":"Polygon","coordinates":[[[-70.78856,-33.176092],[-70.786724,-33.174878],[-70.787154,-33.171963],[-70.787532,-33.172022],[-70.787634,-33.172026],[-70.788228,-33.172048],[-70.789801,-33.172106],[-70.790713,-33.172331],[-70.791908,-33.172661],[-70.792014,-33.1727],[-70.791699,-33.173314],[-70.791559,-33.173587],[-70.791037,-33.174217],[-70.789542,-33.175344],[-70.78856,-33.176092]]]},"properties":{"comuna":"Colina","mancha_id":"13301-88b2c5ca05fffff","clase":"Bajo","nivel_medio":1.437,"nivel_medio_min":1.437,"nivel_medio_max":1.437,"pct_alto":26.7,"n_hexagonos":1,"area_ha":14.59}},{"type":"Feature","geometry":{"type":"Polygon","coordinates":[[[-70.750919,-33.253225],[-70.751411,-33.249898],[-70.752552,-33.249593],[-70.752348,-33.250048],[-70.752124,-33.250608],[-70.750919,-33.253225]]]},"properties":{"comuna":"Colina","mancha_id":"13301-88b2c5c8d5fffff","clase":"Bajo","nivel_medio":0.619,"nivel_medio_min":0.619,"nivel_medio_max":0.619,"pct_alto":20.6,"n_hexagonos":1,"area_ha":1.93}},{"type":"Feature","geometry":{"type":"Polygon","coordinates":[[[-70.758348,-33.235756],[-70.758978,-33.23149],[-70.760911,-33.230974],[-70.758668,-33.235967],[-70.758348,-33.235756]]]},"properties":{"comuna":"Colina","mancha_id":"13301-88b2c5c8c9fffff","clase":"Bajo","nivel_medio":0.921,"nivel_medio_min":0.921,"nivel_medio_max":0.921,"pct_alto":25.7,"n_hexagonos":1,"area_ha":5.16}},{"type":"Feature","geometry":{"type":"Polygon","coordinates":[[[-70.514978,-33.229055],[-70.516938,-33.230356],[-70.516712,-33.231876],[-70.515565,-33.23121],[-70.515115,-33.22927],[-70.514978,-33.229055]]]},"properties":{"comuna":"Colina","mancha_id":"13301-88b2c5c43dfffff","clase":"Bajo","nivel_medio":1.406,"nivel_medio_min":1.406,"nivel_medio_max":1.406,"pct_alto":4.6,"n_hexagonos":1,"area_ha":2.68}},{"type":"Feature","geometry":{"type":"Polygon","coordinates":[[[-70.485483,-33.218228],[-70.489873,-33.217065],[-70.491838,-33.21837],[-70.491685,-33.21839],[-70.490915,-33.21861],[-70.490085,-33.21882],[-70.489515,-33.21885],[-70.488615,-33.21877],[-70.487865,-33.21863],[-70.486535,-33.21846],[-70.485505,-33.21823],[-70.485483,-33.218228]]]},"properties":{"comuna":"Colina","mancha_id":"13301-88b2c5c41dfffff","clase":"Bajo","nivel_medio":1.043,"nivel_medio_min":1.043,"nivel_medio_max":1.043,"pct_alto":24.2,"n_hexagonos":1,"area_ha":6.16}},{"type":"Feature","geometry":{"type":"Polygon","coordinates":[[[-70.475052,-33.219104],[-70.475394,-33.216809],[-70.47099,-33.213883],[-70.469913,-33.214168],[-70.469875,-33.21373],[-70.469935,-33.21271],[-70.469985,-33.21184],[-70.469985,-33.21117],[-70.469975,-33.21052],[-70.469565,-33.20968],[-70.469165,-33.20907],[-70.468535,-33.20844],[-70.467995,-33.20788],[-70.467225,-33.2072],[-70.466805,-33.206805],[-70.466725,-33.20673],[-70.465775,-33.20591],[-70.465126,-33.205167],[-70.464911,-33.204632],[-70.464697,-33.204096],[-70.464617,-33.203426],[-70.46467,-33.20281],[-70.465554,-33.202489],[-70.466251,-33.202301],[-70.466787,-33.202274],[-70.46751,-33.202247],[-70.467547,-33.202229],[-70.468046,-33.20198],[-70.468205,-33.20146],[-70.467965,-33.20062],[-70.467635,-33.19997],[-70.467465,-33.1992],[-70.467435,-33.19833],[-70.467425,-33.19753],[-70.467325,-33.19644],[-70.467175,-33.19577],[-70.467075,-33.19509],[-70.466745,-33.19458],[-70.466718,-33.194546],[-70.469121,-33.193909],[-70.469755,-33.189646],[-70.465352,-33.186719],[-70.465986,-33.182456],[-70.471022,-33.18112],[-70.471656,-33.176857],[-70.467253,-33.173929],[-70.467887,-33.169665],[-70.463484,-33.166738],[-70.464118,-33.162473],[-70.459715,-33.159545],[-70.45468,-33.160882],[-70.450278,-33.157953],[-70.450912,-33.153689],[-70.455947,-33.152352],[-70.456581,-33.148087],[-70.452179,-33.145159],[-70.447144,-33.146495],[-70.442743,-33.143566],[-70.443377,-33.139301],[-70.438976,-33.136372],[-70.43961,-33.132106],[-70.435209,-33.129177],[-70.435843,-33.12491],[-70.440877,-33.123574],[-70.445278,-33.126503],[-70.450313,-33.125166],[-70.450947,-33.1209],[-70.455981,-33.119562],[-70.460383,-33.122491],[-70.459749,-33.126758],[-70.464151,-33.129687],[-70.469186,-33.128349],[-70.46982,-33.124082],[-70.474855,-33.122744],[-70.475489,-33.118477],[-70.471087,-33.115548],[-70.466052,-33.116886],[-70.46165,-33.113957],[-70.462284,-33.109689],[-70.467319,-33.108351],[-70.47172,-33.11128],[-70.476756,-33.109941],[-70.477389,-33.105673],[-70.482424,-33.104334],[-70.483058,-33.100065],[-70.488093,-33.098725],[-70.492496,-33.101654],[-70.491862,-33.105923],[-70.486827,-33.107263],[-70.486193,-33.111531],[-70.481158,-33.11287],[-70.480524,-33.117138],[-70.484927,-33.120067],[-70.484294,-33.124334],[-70.488696,-33.127262],[-70.493732,-33.125923],[-70.498136,-33.128852],[-70.497502,-33.133119],[-70.492466,-33.134458],[-70.491833,-33.138724],[-70.496236,-33.141652],[-70.495603,-33.145918],[-70.490566,-33.147257],[-70.489933,-33.151523],[-70.484896,-33.15286],[-70.484263,-33.157126],[-70.479226,-33.158463],[-70.474824,-33.155535],[-70.469787,-33.156872],[-70.469154,-33.161137],[-70.473557,-33.164065],[-70.478593,-33.162728],[-70.482996,-33.165655],[-70.482363,-33.16992],[-70.486766,-33.172847],[-70.486133,-33.177111],[-70.481096,-33.178448],[-70.480462,-33.182711],[-70.484866,-33.185638],[-70.484232,-33.189901],[-70.479195,-33.191237],[-70.478562,-33.1955],[-70.482965,-33.198427],[-70.488003,-33.197091],[-70.492407,-33.200017],[-70.491774,-33.204279],[-70.486736,-33.205615],[-70.486102,-33.209877],[-70.481065,-33.211213],[-70.480431,-33.215474],[-70.48444,-33.218138],[-70.483675,-33.21805],[-70.482615,-33.2181],[-70.481467,-33.218294],[-70.480395,-33.218481],[-70.478949,-33.218723],[-70.478118,-33.218723],[-70.4771,-33.218776],[-70.476265,-33.21893],[-70.475335,-33.21912],[-70.475052,-33.219104]],[[-70.471055,-33.148342],[-70.471688,-33.144076],[-70.467286,-33.141148],[-70.46225,-33.142485],[-70.461616,-33.146751],[-70.466019,-33.149679],[-70.471055,-33.148342]]]},"properties":{"comuna":"Colina","mancha_id":"13301-88b2c5c419fffff","clase":"Bajo","nivel_medio":1.08,"nivel_medio_min":0.512,"nivel_medio_max":1.479,"pct_alto":17.4,"n_hexagonos":47,"area_ha":2834.63}},{"type":"Feature","geometry":{"type":"Polygon","coordinates":[[[-70.496287,-33.219458],[-70.499316,-33.218655],[-70.502171,-33.220551],[-70.501244,-33.220551],[-70.500159,-33.220511],[-70.5,-33.220469],[-70.499395,-33.22031],[-70.498645,-33.22019],[-70.497547,-33.220029],[-70.496683,-33.219667],[-70.496287,-33.219458]]]},"properties":{"comuna":"Colina","mancha_id":"13301-88b2c5c403fffff","clase":"Bajo","nivel_medio":1.279,"nivel_medio_min":1.279,"nivel_medio_max":1.279,"pct_alto":24.0,"n_hexagonos":1,"area_ha":5.58}},{"type":"Feature","geometry":{"type":"Polygon","coordinates":[[[-70.684571,-33.111947],[-70.685202,-33.107674],[-70.690244,-33.106326],[-70.690875,-33.102053],[-70.695917,-33.100704],[-70.696548,-33.09643],[-70.692136,-33.093506],[-70.692767,-33.089232],[-70.697809,-33.087883],[-70.698439,-33.083608],[-70.703481,-33.082258],[-70.704112,-33.077984],[-70.6997,-33.075059],[-70.694659,-33.076409],[-70.690248,-33.073485],[-70.690878,-33.069209],[-70.69592,-33.067859],[-70.69655,-33.063584],[-70.69214,-33.060659],[-70.69277,-33.056383],[-70.697811,-33.055032],[-70.698442,-33.050755],[-70.703483,-33.049404],[-70.704114,-33.045127],[-70.699703,-33.042202],[-70.700333,-33.037924],[-70.705374,-33.036572],[-70.709785,-33.039498],[-70.714827,-33.038145],[-70.719238,-33.04107],[-70.718608,-33.045348],[-70.72302,-33.048273],[-70.722389,-33.05255],[-70.726801,-33.055474],[-70.726171,-33.059751],[-70.721129,-33.061103],[-70.720499,-33.065379],[-70.724911,-33.068304],[-70.724281,-33.072579],[-70.719238,-33.073931],[-70.718608,-33.078206],[-70.72302,-33.08113],[-70.72239,-33.085405],[-70.726802,-33.088329],[-70.726172,-33.092603],[-70.721129,-33.093954],[-70.720499,-33.098228],[-70.715456,-33.099578],[-70.714826,-33.103852],[-70.709783,-33.105202],[-70.709153,-33.109475],[-70.70411,-33.110824],[-70.699698,-33.107901],[-70.694656,-33.10925],[-70.694025,-33.113522],[-70.688983,-33.114871],[-70.684571,-33.111947]]]},"properties":{"comuna":"Colina","mancha_id":"13301-88b2c5c301fffff","clase":"Bajo","nivel_medio":1.083,"nivel_medio_min":0.556,"nivel_medio_max":1.468,"pct_alto":5.6,"n_hexagonos":29,"area_ha":1865.3}},{"type":"Feature","geometry":{"type":"Polygon","coordinates":[[[-70.562336,-33.15276],[-70.557929,-33.149834],[-70.552891,-33.151175],[-70.548485,-33.148249],[-70.549117,-33.143982],[-70.544712,-33.141055],[-70.545344,-33.136788],[-70.550382,-33.135447],[-70.551015,-33.131178],[-70.546609,-33.128252],[-70.547242,-33.123983],[-70.542837,-33.121056],[-70.543469,-33.116787],[-70.539064,-33.11386],[-70.539697,-33.109591],[-70.535292,-33.106663],[-70.530255,-33.108005],[-70.529622,-33.112274],[-70.524585,-33.113615],[-70.523952,-33.117884],[-70.518915,-33.119224],[-70.514511,-33.116296],[-70.515144,-33.112028],[-70.510741,-33.1091],[-70.511374,-33.104831],[-70.51641,-33.10349],[-70.520814,-33.106418],[-70.525851,-33.105077],[-70.526483,-33.100807],[-70.52208,-33.097879],[-70.517043,-33.09922],[-70.51264,-33.096292],[-70.513272,-33.092022],[-70.518309,-33.09068],[-70.522712,-33.093609],[-70.527749,-33.092267],[-70.532153,-33.095195],[-70.53152,-33.099465],[-70.535925,-33.102393],[-70.540962,-33.101051],[-70.545367,-33.103979],[-70.544734,-33.108249],[-70.549139,-33.111176],[-70.548507,-33.115445],[-70.552912,-33.118372],[-70.55228,-33.122641],[-70.556686,-33.125568],[-70.556053,-33.129837],[-70.560459,-33.132763],[-70.559827,-33.137032],[-70.554788,-33.138373],[-70.554156,-33.142641],[-70.558562,-33.145567],[-70.563601,-33.144226],[-70.568007,-33.147151],[-70.567375,-33.151419],[-70.562336,-33.15276]]]},"properties":{"comuna":"Colina","mancha_id":"13301-88b2c5c291fffff","clase":"Bajo","nivel_medio":1.219,"nivel_medio_min":0.503,"nivel_medio_max":1.472,"pct_alto":11.5,"n_hexagonos":14,"area_ha":897.96}},{"type":"Feature","geometry":{"type":"Polygon","coordinates":[[[-70.64488,-33.085624],[-70.645511,-33.08135],[-70.650552,-33.080002],[-70.654961,-33.082928],[-70.65433,-33.087201],[-70.649289,-33.088549],[-70.64488,-33.085624]]]},"properties":{"comuna":"Colina","mancha_id":"13301-88b2c5c26dfffff","clase":"Bajo","nivel_medio":1.241,"nivel_medio_min":1.241,"nivel_medio_max":1.241,"pct_alto":6.4,"n_hexagonos":1,"area_ha":64.27}},{"type":"Feature","geometry":{"type":"Polygon","coordinates":[[[-70.658085,-33.192833],[-70.658716,-33.188567],[-70.654305,-33.185644],[-70.649262,-33.186988],[-70.644851,-33.184065],[-70.645483,-33.179798],[-70.650525,-33.178454],[-70.654936,-33.181377],[-70.659979,-33.180033],[-70.66439,-33.182955],[-70.663759,-33.187222],[-70.668171,-33.190145],[-70.66754,-33.194411],[-70.662496,-33.195756],[-70.658085,-33.192833]]]},"properties":{"comuna":"Colina","mancha_id":"13301-88b2c5c1d5fffff","clase":"Bajo","nivel_medio":0.907,"nivel_medio_min":0.86,"nivel_medio_max":0.975,"pct_alto":25.8,"n_hexagonos":3,"area_ha":192.39}},{"type":"Feature","geometry":{"type":"Polygon","coordinates":[[[-70.677621,-33.224504],[-70.673208,-33.221583],[-70.668164,-33.222927],[-70.663752,-33.220005],[-70.664383,-33.21574],[-70.669427,-33.214397],[-70.670058,-33.210131],[-70.675102,-33.208787],[-70.679514,-33.211709],[-70.684558,-33.210364],[-70.688971,-33.213286],[-70.68834,-33.217551],[-70.683296,-33.218895],[-70.682665,-33.22316],[-70.677621,-33.224504]]]},"properties":{"comuna":"Colina","mancha_id":"13301-88b2c5c1b1fffff","clase":"Bajo","nivel_medio":1.19,"nivel_medio_min":0.572,"nivel_medio_max":1.482,"pct_alto":32.9,"n_hexagonos":4,"area_ha":256.4}},{"type":"Feature","geometry":{"type":"Polygon","coordinates":[[[-70.676995,-33.195989],[-70.677626,-33.191722],[-70.673214,-33.1888],[-70.673845,-33.184533],[-70.678888,-33.183188],[-70.683301,-33.18611],[-70.68267,-33.190377],[-70.687082,-33.193299],[-70.686451,-33.197566],[-70.681408,-33.198911],[-70.676995,-33.195989]]]},"properties":{"comuna":"Colina","mancha_id":"13301-88b2c5c18dfffff","clase":"Bajo","nivel_medio":1.189,"nivel_medio_min":0.96,"nivel_medio_max":1.417,"pct_alto":23.0,"n_hexagonos":2,"area_ha":128.28}},{"type":"Feature","geometry":{"type":"Polygon","coordinates":[[[-70.718608,-33.143875],[-70.719239,-33.139604],[-70.714825,-33.136681],[-70.715456,-33.13241],[-70.720499,-33.131061],[-70.724913,-33.133983],[-70.724282,-33.138255],[-70.728696,-33.141177],[-70.728066,-33.145448],[-70.732479,-33.14837],[-70.737524,-33.147021],[-70.738154,-33.142749],[-70.743198,-33.1414],[-70.743828,-33.137128],[-70.739414,-33.134206],[-70.740044,-33.129934],[-70.745089,-33.128584],[-70.749503,-33.131506],[-70.748873,-33.135778],[-70.751638,-33.137608],[-70.751565,-33.137775],[-70.751146,-33.138884],[-70.751134,-33.138916],[-70.751061,-33.139109],[-70.75079,-33.139991],[-70.750722,-33.140663],[-70.750609,-33.141315],[-70.750009,-33.142518],[-70.749728,-33.143081],[-70.749682,-33.143172],[-70.74958,-33.143336],[-70.749512,-33.143448],[-70.749507,-33.143455],[-70.749436,-33.14357],[-70.749393,-33.14364],[-70.749253,-33.143883],[-70.747613,-33.144321],[-70.747547,-33.144768],[-70.747129,-33.144863],[-70.745159,-33.145411],[-70.744896,-33.145487],[-70.744578,-33.14558],[-70.744255,-33.145674],[-70.743921,-33.145841],[-70.743851,-33.145932],[-70.743686,-33.146146],[-70.743666,-33.146575],[-70.743675,-33.147062],[-70.743675,-33.147062],[-70.743645,-33.14745],[-70.743375,-33.147981],[-70.742982,-33.148334],[-70.742529,-33.148796],[-70.742319,-33.149349],[-70.742323,-33.149839],[-70.742327,-33.150282],[-70.742363,-33.150741],[-70.742417,-33.151431],[-70.742435,-33.151512],[-70.742465,-33.15165],[-70.742508,-33.15185],[-70.742593,-33.152249],[-70.742571,-33.152579],[-70.742497,-33.15276],[-70.742373,-33.152793],[-70.742249,-33.152786],[-70.742035,-33.152789],[-70.741805,-33.152851],[-70.741486,-33.153009],[-70.741234,-33.153133],[-70.741203,-33.153155],[-70.740984,-33.153308],[-70.740864,-33.153433],[-70.7408,-33.153681],[-70.740768,-33.153995],[-70.740716,-33.154371],[-70.740705,-33.154451],[-70.740543,-33.155136],[-70.740535,-33.155171],[-70.740499,-33.155322],[-70.740188,-33.155702],[-70.739714,-33.156229],[-70.739336,-33.156866],[-70.739336,-33.156869],[-70.73927,-33.157335],[-70.739277,-33.157862],[-70.739281,-33.15815],[-70.739318,-33.15857],[-70.739176,-33.158852],[-70.738775,-33.159253],[-70.738337,-33.159479],[-70.737865,-33.15989],[-70.737441,-33.160079],[-70.737153,-33.160167],[-70.736488,-33.160176],[-70.736271,-33.160237],[-70.736258,-33.160246],[-70.735633,-33.159833],[-70.736263,-33.155562],[-70.731849,-33.152641],[-70.726805,-33.153989],[-70.722391,-33.151068],[-70.723022,-33.146797],[-70.718608,-33.143875]]]},"properties":{"comuna":"Colina","mancha_id":"13301-88b2c5c145fffff","clase":"Bajo","nivel_medio":1.005,"nivel_medio_min":0.503,"nivel_medio_max":1.324,"pct_alto":11.4,"n_hexagonos":9,"area_ha":440.62}},{"type":"Feature","geometry":{"type":"Polygon","coordinates":[[[-70.737526,-33.179832],[-70.738157,-33.175563],[-70.743202,-33.174214],[-70.747617,-33.177135],[-70.746986,-33.181404],[-70.741941,-33.182753],[-70.737526,-33.179832]]]},"properties":{"comuna":"Colina","mancha_id":"13301-88b2c5c127fffff","clase":"Bajo","nivel_medio":1.408,"nivel_medio_min":1.408,"nivel_medio_max":1.408,"pct_alto":3.3,"n_hexagonos":1,"area_ha":64.2}},{"type":"Feature","geometry":{"type":"Polygon","coordinates":[[[-70.711042,-33.162304],[-70.711673,-33.158034],[-70.70726,-33.155112],[-70.70789,-33.150842],[-70.703477,-33.147919],[-70.698434,-33.149267],[-70.697803,-33.153537],[-70.69276,-33.154884],[-70.688348,-33.151961],[-70.688979,-33.147692],[-70.694022,-33.146344],[-70.694653,-33.142074],[-70.699696,-33.140726],[-70.700326,-33.136455],[-70.695914,-33.133532],[-70.696545,-33.129261],[-70.701588,-33.127913],[-70.702218,-33.123641],[-70.707261,-33.122292],[-70.707892,-33.11802],[-70.712935,-33.116671],[-70.717347,-33.119594],[-70.716717,-33.123866],[-70.711674,-33.125215],[-70.711043,-33.129487],[-70.706,-33.130836],[-70.705369,-33.135107],[-70.709782,-33.13803],[-70.709151,-33.142301],[-70.713564,-33.145223],[-70.712934,-33.149494],[-70.717347,-33.152416],[-70.716717,-33.156686],[-70.72113,-33.159608],[-70.7205,-33.163878],[-70.715456,-33.165225],[-70.711042,-33.162304]]]},"properties":{"comuna":"Colina","mancha_id":"13301-88b2c5c101fffff","clase":"Bajo","nivel_medio":1.164,"nivel_medio_min":0.715,"nivel_medio_max":1.408,"pct_alto":19.3,"n_hexagonos":9,"area_ha":578.03}},{"type":"Feature","geometry":{"type":"Polygon","coordinates":[[[-70.644861,-33.151267],[-70.645492,-33.146998],[-70.650534,-33.145653],[-70.651165,-33.141383],[-70.656207,-33.140038],[-70.656838,-33.135768],[-70.66188,-33.134421],[-70.666291,-33.137345],[-70.671333,-33.135999],[-70.675744,-33.138922],[-70.675113,-33.143192],[-70.670071,-33.144539],[-70.669439,-33.148808],[-70.664397,-33.150154],[-70.659986,-33.147231],[-70.654944,-33.148577],[-70.654313,-33.152846],[-70.649271,-33.154191],[-70.64864,-33.15846],[-70.643598,-33.159804],[-70.639188,-33.156881],[-70.63982,-33.152612],[-70.644861,-33.151267]]]},"properties":{"comuna":"Colina","mancha_id":"13301-88b2c5c001fffff","clase":"Bajo","nivel_medio":1.254,"nivel_medio_min":0.995,"nivel_medio_max":1.407,"pct_alto":7.1,"n_hexagonos":6,"area_ha":385.12}},{"type":"Feature","geometry":{"type":"Polygon","coordinates":[[[-70.403143,-33.117198],[-70.403777,-33.112931],[-70.40881,-33.111596],[-70.41321,-33.114526],[-70.412575,-33.118793],[-70.407542,-33.120128],[-70.403143,-33.117198]]]},"properties":{"comuna":"Colina","mancha_id":"13301-88b2c58b21fffff","clase":"Bajo","nivel_medio":0.717,"nivel_medio_min":0.717,"nivel_medio_max":0.717,"pct_alto":14.6,"n_hexagonos":1,"area_ha":64.05}},{"type":"Feature","geometry":{"type":"Polygon","coordinates":[[[-70.759635,-33.103731],[-70.759023,-33.104976],[-70.759009,-33.105005],[-70.758734,-33.105488],[-70.758557,-33.105801],[-70.758455,-33.105981],[-70.758327,-33.106208],[-70.758163,-33.106499],[-70.75804,-33.106726],[-70.75784,-33.107093],[-70.757656,-33.107473],[-70.757549,-33.107907],[-70.757557,-33.108317],[-70.757569,-33.108387],[-70.757615,-33.108646],[-70.757645,-33.108819],[-70.757624,-33.109227],[-70.757387,-33.109925],[-70.756759,-33.111203],[-70.756448,-33.111835],[-70.756108,-33.112428],[-70.752653,-33.110141],[-70.753283,-33.105867],[-70.758327,-33.104515],[-70.758785,-33.101407],[-70.758872,-33.101581],[-70.758952,-33.10174],[-70.75899,-33.101816],[-70.759053,-33.101949],[-70.759194,-33.102244],[-70.759289,-33.102442],[-70.75932,-33.102507],[-70.759519,-33.102811],[-70.759618,-33.102963],[-70.759765,-33.103344],[-70.759702,-33.103593],[-70.759635,-33.103731]]]},"properties":{"comuna":"Colina","mancha_id":"13301-88b2c5d8c5fffff","clase":"Medio","nivel_medio":1.921,"nivel_medio_min":1.909,"nivel_medio_max":2.05,"pct_alto":10.5,"n_hexagonos":2,"area_ha":33.63}},{"type":"Feature","geometry":{"type":"Polygon","coordinates":[[[-70.747547,-33.144768],[-70.747613,-33.144321],[-70.749253,-33.143883],[-70.749169,-33.144027],[-70.749117,-33.144077],[-70.748977,-33.14421],[-70.748895,-33.144288],[-70.748409,-33.144556],[-70.747855,-33.144698],[-70.747547,-33.144768]]]},"properties":{"comuna":"Colina","mancha_id":"13301-88b2c5d8b3fffff","clase":"Medio","nivel_medio":2.04,"nivel_medio_min":2.04,"nivel_medio_max":2.04,"pct_alto":5.1,"n_hexagonos":1,"area_ha":0.64}},{"type":"Feature","geometry":{"type":"Polygon","coordinates":[[[-70.435246,-33.096377],[-70.43588,-33.092109],[-70.440914,-33.090771],[-70.445314,-33.093702],[-70.44468,-33.09797],[-70.439646,-33.099308],[-70.435246,-33.096377]]]},"properties":{"comuna":"Colina","mancha_id":"13301-88b2c5d4cbfffff","clase":"Medio","nivel_medio":1.589,"nivel_medio_min":1.589,"nivel_medio_max":1.589,"pct_alto":1.7,"n_hexagonos":1,"area_ha":64.1}},{"type":"Feature","geometry":{"type":"Polygon","coordinates":[[[-70.431443,-33.121981],[-70.432077,-33.117714],[-70.427676,-33.114784],[-70.42831,-33.110517],[-70.433344,-33.10918],[-70.433978,-33.104913],[-70.439012,-33.103576],[-70.443413,-33.106506],[-70.442779,-33.110773],[-70.437745,-33.11211],[-70.437111,-33.116377],[-70.441511,-33.119307],[-70.440877,-33.123574],[-70.435843,-33.12491],[-70.431443,-33.121981]]]},"properties":{"comuna":"Colina","mancha_id":"13301-88b2c5d49dfffff","clase":"Medio","nivel_medio":1.577,"nivel_medio_min":1.518,"nivel_medio_max":1.671,"pct_alto":14.8,"n_hexagonos":3,"area_ha":192.22}},{"type":"Feature","geometry":{"type":"Polygon","coordinates":[[[-70.461684,-33.081147],[-70.462317,-33.076877],[-70.467351,-33.075537],[-70.471753,-33.078468],[-70.471119,-33.082738],[-70.466085,-33.084077],[-70.465451,-33.088347],[-70.460417,-33.089686],[-70.456016,-33.086756],[-70.450982,-33.088094],[-70.446581,-33.085164],[-70.441547,-33.086502],[-70.437147,-33.083572],[-70.432114,-33.08491],[-70.427714,-33.081979],[-70.428348,-33.07771],[-70.423949,-33.074779],[-70.424583,-33.070509],[-70.429616,-33.069171],[-70.434015,-33.072102],[-70.439049,-33.070764],[-70.443449,-33.073695],[-70.448482,-33.072356],[-70.449116,-33.068085],[-70.45415,-33.066746],[-70.45855,-33.069677],[-70.457916,-33.073947],[-70.452882,-33.075286],[-70.452249,-33.079556],[-70.456649,-33.082486],[-70.461684,-33.081147]]]},"properties":{"comuna":"Colina","mancha_id":"13301-88b2c5d419fffff","clase":"Medio","nivel_medio":1.8,"nivel_medio_min":1.509,"nivel_medio_max":2.306,"pct_alto":31.6,"n_hexagonos":9,"area_ha":577.18}},{"type":"Feature","geometry":{"type":"Polygon","coordinates":[[[-70.618339,-33.297578],[-70.618971,-33.293319],[-70.624015,-33.29198],[-70.628427,-33.294901],[-70.627795,-33.29916],[-70.622751,-33.300498],[-70.618339,-33.297578]]]},"properties":{"comuna":"Colina","mancha_id":"13301-88b2c5cea7fffff","clase":"Medio","nivel_medio":2.249,"nivel_medio_min":2.249,"nivel_medio_max":2.249,"pct_alto":69.3,"n_hexagonos":1,"area_ha":63.95}},{"type":"Feature","geometry":{"type":"Polygon","coordinates":[[[-70.627807,-33.26642],[-70.628439,-33.262159],[-70.633482,-33.260819],[-70.637894,-33.26374],[-70.637262,-33.268001],[-70.632218,-33.269341],[-70.627807,-33.26642]]]},"properties":{"comuna":"Colina","mancha_id":"13301-88b2c5ce33fffff","clase":"Medio","nivel_medio":2.029,"nivel_medio_min":2.029,"nivel_medio_max":2.029,"pct_alto":49.0,"n_hexagonos":1,"area_ha":64.0}},{"type":"Feature","geometry":{"type":"Polygon","coordinates":[[[-70.614573,-33.257656],[-70.615205,-33.253394],[-70.620248,-33.252054],[-70.624659,-33.254976],[-70.624027,-33.259237],[-70.618984,-33.260577],[-70.614573,-33.257656]]]},"properties":{"comuna":"Colina","mancha_id":"13301-88b2c5ce17fffff","clase":"Medio","nivel_medio":1.87,"nivel_medio_min":1.87,"nivel_medio_max":1.87,"pct_alto":52.0,"n_hexagonos":1,"area_ha":64.0}},{"type":"Feature","geometry":{"type":"Polygon","coordinates":[[[-70.712931,-33.313369],[-70.713562,-33.309109],[-70.718609,-33.307767],[-70.723025,-33.310685],[-70.722394,-33.314945],[-70.717347,-33.316287],[-70.712931,-33.313369]]]},"properties":{"comuna":"Colina","mancha_id":"13301-88b2c5cd15fffff","clase":"Medio","nivel_medio":1.633,"nivel_medio_min":1.633,"nivel_medio_max":1.633,"pct_alto":35.2,"n_hexagonos":1,"area_ha":63.99}},{"type":"Feature","geometry":{"type":"Polygon","coordinates":[[[-70.720501,-33.294985],[-70.721132,-33.290724],[-70.726179,-33.289381],[-70.730595,-33.292299],[-70.729964,-33.29656],[-70.724917,-33.297903],[-70.720501,-33.294985]]]},"properties":{"comuna":"Colina","mancha_id":"13301-88b2c5cd09fffff","clase":"Medio","nivel_medio":1.631,"nivel_medio_min":1.631,"nivel_medio_max":1.631,"pct_alto":51.4,"n_hexagonos":1,"area_ha":64.02}},{"type":"Feature","geometry":{"type":"Polygon","coordinates":[[[-70.624003,-33.324707],[-70.624635,-33.32045],[-70.629679,-33.319112],[-70.634092,-33.322032],[-70.63346,-33.326289],[-70.628415,-33.327627],[-70.624003,-33.324707]]]},"properties":{"comuna":"Colina","mancha_id":"13301-88b2c5cc8dfffff","clase":"Medio","nivel_medio":2.148,"nivel_medio_min":2.148,"nivel_medio_max":2.148,"pct_alto":64.1,"n_hexagonos":1,"area_ha":63.91}},{"type":"Feature","geometry":{"type":"Polygon","coordinates":[[[-70.684549,-33.275896],[-70.685181,-33.271635],[-70.690226,-33.270292],[-70.69464,-33.273212],[-70.694009,-33.277473],[-70.688964,-33.278816],[-70.684549,-33.275896]]]},"properties":{"comuna":"Colina","mancha_id":"13301-88b2c5cc6dfffff","clase":"Medio","nivel_medio":2.47,"nivel_medio_min":2.47,"nivel_medio_max":2.47,"pct_alto":46.9,"n_hexagonos":1,"area_ha":64.03}},{"type":"Feature","geometry":{"type":"Polygon","coordinates":[[[-70.665632,-33.27274],[-70.666264,-33.268479],[-70.671308,-33.267137],[-70.675722,-33.270057],[-70.67509,-33.274319],[-70.670045,-33.27566],[-70.665632,-33.27274]]]},"properties":{"comuna":"Colina","mancha_id":"13301-88b2c5cc45fffff","clase":"Medio","nivel_medio":2.468,"nivel_medio_min":2.468,"nivel_medio_max":2.468,"pct_alto":57.0,"n_hexagonos":1,"area_ha":64.02}},{"type":"Feature","geometry":{"type":"Polygon","coordinates":[[[-70.690222,-33.303038],[-70.690854,-33.298778],[-70.6959,-33.297436],[-70.696531,-33.293176],[-70.692116,-33.290257],[-70.692747,-33.285996],[-70.697793,-33.284654],[-70.698424,-33.280393],[-70.70347,-33.27905],[-70.707885,-33.281969],[-70.707254,-33.28623],[-70.71167,-33.289149],[-70.711039,-33.29341],[-70.715454,-33.296328],[-70.714823,-33.300589],[-70.709777,-33.301931],[-70.709146,-33.306191],[-70.704099,-33.307533],[-70.703468,-33.311793],[-70.707884,-33.314711],[-70.707291,-33.318709],[-70.706698,-33.318931],[-70.70504,-33.318865],[-70.70358,-33.318967],[-70.702078,-33.319202],[-70.70128,-33.319371],[-70.700878,-33.319434],[-70.69779,-33.317393],[-70.698421,-33.313134],[-70.694006,-33.310216],[-70.694637,-33.305956],[-70.690222,-33.303038]]]},"properties":{"comuna":"Colina","mancha_id":"13301-88b2c5cc25fffff","clase":"Medio","nivel_medio":2.049,"nivel_medio_min":1.584,"nivel_medio_max":2.352,"pct_alto":55.5,"n_hexagonos":9,"area_ha":571.6}},{"type":"Feature","geometry":{"type":"Polygon","coordinates":[[[-70.662475,-33.294043],[-70.661843,-33.298303],[-70.666257,-33.301222],[-70.665625,-33.305481],[-70.66058,-33.306821],[-70.659948,-33.31108],[-70.664362,-33.313999],[-70.669408,-33.312659],[-70.670039,-33.3084],[-70.675085,-33.30706],[-70.675716,-33.302801],[-70.680762,-33.30146],[-70.685176,-33.304379],[-70.684545,-33.308638],[-70.68896,-33.311557],[-70.688329,-33.315816],[-70.683282,-33.317156],[-70.682651,-33.321415],[-70.677605,-33.322755],[-70.676974,-33.327013],[-70.681388,-33.329931],[-70.681255,-33.330833],[-70.681134,-33.330822],[-70.68081,-33.33073],[-70.680195,-33.33051],[-70.678495,-33.32979],[-70.677414,-33.329574],[-70.675985,-33.32936],[-70.673565,-33.32936],[-70.672495,-33.32926],[-70.671822,-33.329067],[-70.668455,-33.3281],[-70.667765,-33.32787],[-70.667375,-33.32785],[-70.666895,-33.32801],[-70.666335,-33.32833],[-70.665655,-33.32867],[-70.665195,-33.3288],[-70.663614,-33.329027],[-70.662526,-33.329131],[-70.662125,-33.329078],[-70.662467,-33.326774],[-70.658053,-33.323855],[-70.653008,-33.325194],[-70.648595,-33.322275],[-70.643549,-33.323613],[-70.639136,-33.320694],[-70.639768,-33.316436],[-70.644813,-33.315097],[-70.645445,-33.310839],[-70.641032,-33.30792],[-70.641664,-33.303661],[-70.637251,-33.300741],[-70.637883,-33.296482],[-70.642927,-33.295143],[-70.643559,-33.290883],[-70.648604,-33.289544],[-70.649235,-33.285284],[-70.644823,-33.282363],[-70.639779,-33.283703],[-70.635366,-33.280783],[-70.630323,-33.282122],[-70.625911,-33.279201],[-70.620867,-33.28054],[-70.616456,-33.277619],[-70.617088,-33.273359],[-70.622131,-33.27202],[-70.626543,-33.274941],[-70.631586,-33.273602],[-70.635998,-33.276522],[-70.641042,-33.275182],[-70.645454,-33.278103],[-70.650499,-33.276763],[-70.654911,-33.279683],[-70.65428,-33.283943],[-70.658693,-33.286863],[-70.658061,-33.291123],[-70.662475,-33.294043]]]},"properties":{"comuna":"Colina","mancha_id":"13301-88b2c5cc03fffff","clase":"Medio","nivel_medio":2.072,"nivel_medio_min":1.72,"nivel_medio_max":2.464,"pct_alto":58.2,"n_hexagonos":25,"area_ha":1508.18}},{"type":"Feature","geometry":{"type":"Polygon","coordinates":[[[-70.73564,-33.258199],[-70.73627,-33.253935],[-70.741317,-33.252589],[-70.745733,-33.255508],[-70.750446,-33.254251],[-70.750142,-33.254912],[-70.749554,-33.256189],[-70.747385,-33.26128],[-70.745103,-33.259772],[-70.740056,-33.261117],[-70.73564,-33.258199]]]},"properties":{"comuna":"Colina","mancha_id":"13301-88b2c5c8d3fffff","clase":"Medio","nivel_medio":2.418,"nivel_medio_min":2.411,"nivel_medio_max":2.441,"pct_alto":49.4,"n_hexagonos":2,"area_ha":84.56}},{"type":"Feature","geometry":{"type":"Polygon","coordinates":[[[-70.753301,-33.237103],[-70.758348,-33.235756],[-70.758668,-33.235967],[-70.756993,-33.239695],[-70.755425,-33.243188],[-70.754682,-33.244845],[-70.754597,-33.245035],[-70.752552,-33.249593],[-70.751411,-33.249898],[-70.746994,-33.246979],[-70.741947,-33.248325],[-70.737531,-33.245406],[-70.732485,-33.246752],[-70.72807,-33.243832],[-70.7287,-33.239568],[-70.733746,-33.238222],[-70.734377,-33.233957],[-70.739423,-33.232611],[-70.743839,-33.23553],[-70.748885,-33.234184],[-70.753301,-33.237103]]]},"properties":{"comuna":"Colina","mancha_id":"13301-88b2c5c8cbfffff","clase":"Medio","nivel_medio":2.074,"nivel_medio_min":1.66,"nivel_medio_max":2.486,"pct_alto":47.7,"n_hexagonos":6,"area_ha":330.71}},{"type":"Feature","geometry":{"type":"Polygon","coordinates":[[[-70.739426,-33.265381],[-70.743842,-33.268299],[-70.743693,-33.269306],[-70.743405,-33.269925],[-70.742089,-33.272861],[-70.738165,-33.273907],[-70.733748,-33.270988],[-70.734379,-33.266726],[-70.739426,-33.265381]]]},"properties":{"comuna":"Colina","mancha_id":"13301-88b2c5c89bfffff","clase":"Medio","nivel_medio":2.291,"nivel_medio_min":2.291,"nivel_medio_max":2.291,"pct_alto":67.9,"n_hexagonos":1,"area_ha":62.24}},{"type":"Feature","geometry":{"type":"Polygon","coordinates":[[[-70.461616,-33.146751],[-70.46225,-33.142485],[-70.467286,-33.141148],[-70.471688,-33.144076],[-70.471055,-33.148342],[-70.466019,-33.149679],[-70.461616,-33.146751]]]},"properties":{"comuna":"Colina","mancha_id":"13301-88b2c5c64bfffff","clase":"Medio","nivel_medio":2.328,"nivel_medio_min":2.328,"nivel_medio_max":2.328,"pct_alto":57.9,"n_hexagonos":1,"area_ha":64.05}},{"type":"Feature","geometry":{"type":"Polygon","coordinates":[[[-70.559765,-33.235368],[-70.560397,-33.231106],[-70.565438,-33.229768],[-70.569846,-33.232691],[-70.569213,-33.236953],[-70.564173,-33.238291],[-70.559765,-33.235368]]]},"properties":{"comuna":"Colina","mancha_id":"13301-88b2c5c503fffff","clase":"Medio","nivel_medio":2.186,"nivel_medio_min":2.186,"nivel_medio_max":2.186,"pct_alto":64.4,"n_hexagonos":1,"area_ha":64.0}},{"type":"Feature","geometry":{"type":"Polygon","coordinates":[[[-70.521977,-33.229019],[-70.526383,-33.231944],[-70.531423,-33.230607],[-70.535829,-33.233532],[-70.540869,-33.232195],[-70.545276,-33.235119],[-70.550316,-33.233781],[-70.554724,-33.236705],[-70.554091,-33.240967],[-70.554908,-33.241508],[-70.553265,-33.24159],[-70.551785,-33.24173],[-70.551321,-33.241702],[-70.551295,-33.2417],[-70.550655,-33.24172],[-70.550175,-33.24157],[-70.548745,-33.24087],[-70.54692,-33.24089],[-70.546065,-33.2409],[-70.545265,-33.2406],[-70.544845,-33.24009],[-70.544735,-33.23968],[-70.544584,-33.239396],[-70.544295,-33.23885],[-70.543715,-33.23857],[-70.542715,-33.23859],[-70.541146,-33.238694],[-70.540041,-33.238834],[-70.537685,-33.239444],[-70.535196,-33.237793],[-70.530503,-33.239037],[-70.529774,-33.238875],[-70.529366,-33.238785],[-70.526975,-33.23884],[-70.524195,-33.23855],[-70.523415,-33.2383],[-70.522875,-33.23792],[-70.522215,-33.237142],[-70.522035,-33.23693],[-70.521055,-33.23571],[-70.520035,-33.2349],[-70.518515,-33.2334],[-70.517495,-33.23233],[-70.516712,-33.231876],[-70.516938,-33.230356],[-70.521977,-33.229019]]]},"properties":{"comuna":"Colina","mancha_id":"13301-88b2c5c423fffff","clase":"Medio","nivel_medio":2.316,"nivel_medio_min":2.129,"nivel_medio_max":2.481,"pct_alto":69.2,"n_hexagonos":7,"area_ha":244.73}},{"type":"Feature","geometry":{"type":"Polygon","coordinates":[[[-70.680776,-33.203177],[-70.681408,-33.198911],[-70.686451,-33.197566],[-70.687082,-33.193299],[-70.692126,-33.191953],[-70.696539,-33.194875],[-70.695908,-33.199142],[-70.690864,-33.200487],[-70.690233,-33.204754],[-70.685189,-33.206098],[-70.680776,-33.203177]]]},"properties":{"comuna":"Colina","mancha_id":"13301-88b2c5c185fffff","clase":"Medio","nivel_medio":2.306,"nivel_medio_min":2.149,"nivel_medio_max":2.463,"pct_alto":67.3,"n_hexagonos":2,"area_ha":128.26}},{"type":"Feature","geometry":{"type":"Polygon","coordinates":[[[-70.597596,-33.176161],[-70.598228,-33.171895],[-70.59382,-33.16897],[-70.594452,-33.164703],[-70.599492,-33.163361],[-70.603901,-33.166285],[-70.603269,-33.170552],[-70.607678,-33.173477],[-70.607046,-33.177743],[-70.602005,-33.179085],[-70.597596,-33.176161]]]},"properties":{"comuna":"Colina","mancha_id":"13301-88b2c5c0c3fffff","clase":"Medio","nivel_medio":2.435,"nivel_medio_min":2.417,"nivel_medio_max":2.452,"pct_alto":47.7,"n_hexagonos":2,"area_ha":128.22}},{"type":"Feature","geometry":{"type":"Polygon","coordinates":[[[-70.593804,-33.201753],[-70.594436,-33.197489],[-70.599477,-33.196148],[-70.603886,-33.199071],[-70.608927,-33.19773],[-70.613337,-33.200653],[-70.618378,-33.199311],[-70.622788,-33.202234],[-70.62783,-33.200892],[-70.632241,-33.203815],[-70.631609,-33.20808],[-70.626567,-33.209422],[-70.625935,-33.213687],[-70.630346,-33.216609],[-70.629714,-33.220873],[-70.624671,-33.222215],[-70.62404,-33.226479],[-70.62845,-33.229401],[-70.633493,-33.228059],[-70.637904,-33.230981],[-70.642947,-33.22964],[-70.647359,-33.232561],[-70.652402,-33.231219],[-70.656814,-33.234141],[-70.656183,-33.238404],[-70.660595,-33.241325],[-70.665639,-33.239983],[-70.670052,-33.242904],[-70.66942,-33.247167],[-70.664376,-33.248509],[-70.663745,-33.252772],[-70.658701,-33.254114],[-70.658069,-33.258376],[-70.653025,-33.259717],[-70.652393,-33.263979],[-70.647349,-33.26532],[-70.642937,-33.262399],[-70.643569,-33.258137],[-70.648613,-33.256797],[-70.649244,-33.252534],[-70.644832,-33.249613],[-70.639789,-33.250954],[-70.635377,-33.248033],[-70.630334,-33.249374],[-70.625923,-33.246452],[-70.626555,-33.24219],[-70.622144,-33.239268],[-70.617101,-33.240608],[-70.616469,-33.24487],[-70.611427,-33.24621],[-70.607017,-33.243288],[-70.607649,-33.239026],[-70.612691,-33.237686],[-70.613323,-33.233423],[-70.608913,-33.230501],[-70.609545,-33.226238],[-70.605135,-33.223315],[-70.605767,-33.219051],[-70.601358,-33.216128],[-70.60199,-33.211865],[-70.607031,-33.210524],[-70.611441,-33.213447],[-70.616483,-33.212106],[-70.617115,-33.207841],[-70.612705,-33.204918],[-70.607663,-33.206259],[-70.603254,-33.203336],[-70.598213,-33.204677],[-70.593804,-33.201753]]]},"properties":{"comuna":"Colina","mancha_id":"13301-88b2c5c095fffff","clase":"Medio","nivel_medio":2.167,"nivel_medio_min":1.715,"nivel_medio_max":2.495,"pct_alto":37.7,"n_hexagonos":28,"area_ha":1793.3}},{"type":"Feature","geometry":{"type":"Polygon","coordinates":[[[-70.593898,-33.331652],[-70.593739,-33.332726],[-70.593355,-33.332828],[-70.593491,-33.332149],[-70.593898,-33.331652]]]},"properties":{"comuna":"Colina","mancha_id":"13301-88b2c51b25fffff","clase":"Medio","nivel_medio":1.737,"nivel_medio_min":1.737,"nivel_medio_max":1.737,"pct_alto":57.9,"n_hexagonos":1,"area_ha":0.31}},{"type":"Feature","geometry":{"type":"Polygon","coordinates":[[[-70.76124,-32.99292],[-70.76131,-32.993809],[-70.76131,-32.99381],[-70.76104,-32.99422],[-70.76028,-32.99474],[-70.75973,-32.995158],[-70.759323,-32.995836],[-70.759033,-32.996857],[-70.758957,-32.997392],[-70.759051,-32.998143],[-70.75938,-32.99942],[-70.759547,-33.0],[-70.75957,-33.00008],[-70.7599,-33.00116],[-70.75996,-33.001361],[-70.76012,-33.0019],[-70.75993,-33.00293],[-70.759588,-33.003341],[-70.759187,-33.003795],[-70.758785,-33.004284],[-70.758503,-33.004611],[-70.758348,-33.004791],[-70.758033,-33.005175],[-70.7574,-33.00559],[-70.75696,-33.005917],[-70.756222,-33.006478],[-70.753269,-33.007272],[-70.753025,-33.00893],[-70.751907,-33.009826],[-70.751245,-33.01125],[-70.750957,-33.011675],[-70.75066,-33.011867],[-70.750571,-33.012108],[-70.750543,-33.012186],[-70.750538,-33.012199],[-70.750573,-33.012467],[-70.750975,-33.012974],[-70.750976,-33.012974],[-70.751015,-33.012993],[-70.751956,-33.01347],[-70.754548,-33.015391],[-70.7557,-33.016596],[-70.756537,-33.017976],[-70.756422,-33.018757],[-70.75138,-33.020112],[-70.75075,-33.024392],[-70.745708,-33.025746],[-70.745078,-33.030025],[-70.749491,-33.03295],[-70.754533,-33.031595],[-70.755145,-33.02744],[-70.755486,-33.027881],[-70.757346,-33.03115],[-70.758018,-33.032517],[-70.758282,-33.033626],[-70.758507,-33.034229],[-70.758682,-33.034698],[-70.758872,-33.035024],[-70.759397,-33.035928],[-70.759437,-33.036761],[-70.759551,-33.037903],[-70.759507,-33.039184],[-70.759493,-33.039578],[-70.759493,-33.039591],[-70.759171,-33.041921],[-70.75938,-33.043178],[-70.759957,-33.04443],[-70.761669,-33.046117],[-70.76308,-33.047507],[-70.763834,-33.04803],[-70.765434,-33.049142],[-70.765863,-33.049944],[-70.765884,-33.05005],[-70.765893,-33.0501],[-70.766049,-33.050899],[-70.766116,-33.051628],[-70.766172,-33.052245],[-70.766173,-33.052254],[-70.766221,-33.052776],[-70.766588,-33.053669],[-70.765884,-33.053203],[-70.760841,-33.054557],[-70.760211,-33.058834],[-70.755168,-33.060188],[-70.750754,-33.057264],[-70.751384,-33.052987],[-70.746971,-33.050063],[-70.741929,-33.051416],[-70.741299,-33.055693],[-70.745711,-33.058617],[-70.745082,-33.062894],[-70.748359,-33.065065],[-70.74835,-33.065072],[-70.74803,-33.065568],[-70.747692,-33.065907],[-70.747302,-33.066124],[-70.746991,-33.066228],[-70.74667,-33.066246],[-70.74656,-33.066342],[-70.746586,-33.066459],[-70.746644,-33.066571],[-70.746816,-33.066717],[-70.746874,-33.066756],[-70.746892,-33.066767],[-70.746917,-33.066784],[-70.746933,-33.066795],[-70.746973,-33.066821],[-70.747003,-33.066841],[-70.747003,-33.066841],[-70.747307,-33.067157],[-70.747591,-33.067387],[-70.747707,-33.06748],[-70.747887,-33.06787],[-70.748073,-33.068314],[-70.748226,-33.068772],[-70.748242,-33.069168],[-70.748242,-33.069173],[-70.748214,-33.06939],[-70.748148,-33.069684],[-70.748145,-33.069936],[-70.74815,-33.070207],[-70.748173,-33.07028],[-70.748334,-33.070804],[-70.748427,-33.071398],[-70.7484,-33.071669],[-70.748342,-33.071985],[-70.748194,-33.072272],[-70.748058,-33.072421],[-70.747856,-33.072628],[-70.747653,-33.07287],[-70.7476,-33.073031],[-70.747603,-33.073211],[-70.747631,-33.073411],[-70.747754,-33.073773],[-70.748076,-33.074631],[-70.748118,-33.075509],[-70.748024,-33.077006],[-70.748025,-33.077496],[-70.747985,-33.078544],[-70.747982,-33.078628],[-70.747957,-33.079656],[-70.74798,-33.080269],[-70.748257,-33.081294],[-70.748725,-33.082622],[-70.74939,-33.083879],[-70.749961,-33.084899],[-70.750009,-33.084985],[-70.7506,-33.08604],[-70.751197,-33.087147],[-70.750759,-33.09012],[-70.75397,-33.092247],[-70.754509,-33.093196],[-70.75461,-33.093385],[-70.754846,-33.093827],[-70.755007,-33.094164],[-70.755389,-33.094961],[-70.755589,-33.095377],[-70.755846,-33.095913],[-70.756031,-33.096301],[-70.756645,-33.097585],[-70.756834,-33.097893],[-70.756837,-33.098046],[-70.756966,-33.098234],[-70.756971,-33.098243],[-70.757511,-33.099283],[-70.754543,-33.097318],[-70.749499,-33.09867],[-70.745085,-33.095747],[-70.740042,-33.097098],[-70.739412,-33.101373],[-70.734368,-33.102724],[-70.733738,-33.106997],[-70.728694,-33.108348],[-70.728064,-33.112621],[-70.723021,-33.113971],[-70.722391,-33.118244],[-70.717347,-33.119594],[-70.712935,-33.116671],[-70.707892,-33.11802],[-70.707261,-33.122292],[-70.702218,-33.123641],[-70.701588,-33.127913],[-70.696545,-33.129261],[-70.695914,-33.133532],[-70.700326,-33.136455],[-70.699696,-33.140726],[-70.694653,-33.142074],[-70.694022,-33.146344],[-70.688979,-33.147692],[-70.688348,-33.151961],[-70.69276,-33.154884],[-70.697803,-33.153537],[-70.698434,-33.149267],[-70.703477,-33.147919],[-70.70789,-33.150842],[-70.70726,-33.155112],[-70.711673,-33.158034],[-70.711042,-33.162304],[-70.715456,-33.165225],[-70.7205,-33.163878],[-70.72113,-33.159608],[-70.716717,-33.156686],[-70.717347,-33.152416],[-70.712934,-33.149494],[-70.713564,-33.145223],[-70.709151,-33.142301],[-70.709782,-33.13803],[-70.714825,-33.136681],[-70.719239,-33.139604],[-70.718608,-33.143875],[-70.723022,-33.146797],[-70.722391,-33.151068],[-70.726805,-33.153989],[-70.731849,-33.152641],[-70.736263,-33.155562],[-70.735633,-33.159833],[-70.736258,-33.160246],[-70.736103,-33.160354],[-70.735905,-33.160528],[-70.735867,-33.160557],[-70.735679,-33.160694],[-70.735381,-33.160848],[-70.734711,-33.161234],[-70.734304,-33.161612],[-70.734141,-33.162251],[-70.734111,-33.163438],[-70.73413,-33.163687],[-70.734167,-33.164116],[-70.734209,-33.164628],[-70.734255,-33.165151],[-70.734294,-33.165603],[-70.734519,-33.165797],[-70.734617,-33.16586],[-70.735181,-33.166216],[-70.73583,-33.16667],[-70.73665,-33.16723],[-70.737218,-33.167612],[-70.73836,-33.16838],[-70.739072,-33.168682],[-70.740046,-33.169062],[-70.741398,-33.169476],[-70.742109,-33.169484],[-70.742169,-33.169484],[-70.742237,-33.169485],[-70.743132,-33.169482],[-70.74328,-33.169481],[-70.744467,-33.169732],[-70.744517,-33.169762],[-70.74527,-33.17021],[-70.746297,-33.171011],[-70.747276,-33.171617],[-70.748922,-33.172567],[-70.749999,-33.173313],[-70.750224,-33.173468],[-70.75061,-33.17373],[-70.751146,-33.174355],[-70.751443,-33.174702],[-70.75179,-33.175541],[-70.751964,-33.175973],[-70.752352,-33.176934],[-70.753472,-33.177656],[-70.75404,-33.178054],[-70.755058,-33.178745],[-70.756187,-33.179522],[-70.75674,-33.179556],[-70.756958,-33.179519],[-70.757158,-33.179485],[-70.757737,-33.179189],[-70.758546,-33.179052],[-70.758823,-33.179001],[-70.759413,-33.178964],[-70.75984,-33.178951],[-70.760267,-33.178976],[-70.761206,-33.179296],[-70.761924,-33.179403],[-70.762426,-33.179541],[-70.762815,-33.179586],[-70.763475,-33.179407],[-70.763612,-33.179344],[-70.763765,-33.179275],[-70.764445,-33.178965],[-70.764495,-33.178926],[-70.765434,-33.178192],[-70.766873,-33.177071],[-70.768109,-33.175909],[-70.76891,-33.175288],[-70.769718,-33.174999],[-70.770416,-33.174936],[-70.77188,-33.175054],[-70.772148,-33.175115],[-70.772889,-33.175285],[-70.773294,-33.175205],[-70.773937,-33.174928],[-70.774993,-33.174399],[-70.775887,-33.173906],[-70.776782,-33.173562],[-70.777481,-33.173454],[-70.778151,-33.17335],[-70.779227,-33.17311],[-70.780059,-33.172745],[-70.780785,-33.172233],[-70.781711,-33.171482],[-70.78205,-33.171284],[-70.782368,-33.17129],[-70.782807,-33.171395],[-70.784403,-33.171754],[-70.785973,-33.172025],[-70.786607,-33.171931],[-70.787072,-33.17195],[-70.787154,-33.171963],[-70.786724,-33.174878],[-70.78856,-33.176092],[-70.786692,-33.177513],[-70.784498,-33.179144],[-70.783803,-33.179989],[-70.783287,-33.180874],[-70.782869,-33.181702],[-70.782665,-33.182105],[-70.782082,-33.18342],[-70.781683,-33.184318],[-70.781173,-33.185468],[-70.779635,-33.188936],[-70.775372,-33.186118],[-70.770325,-33.187467],[-70.769695,-33.191736],[-70.774112,-33.194655],[-70.777499,-33.19375],[-70.775755,-33.197681],[-70.774813,-33.199804],[-70.771599,-33.207049],[-70.771296,-33.207731],[-70.76945,-33.211894],[-70.769245,-33.212355],[-70.767257,-33.216837],[-70.766775,-33.217911],[-70.765915,-33.217343],[-70.766546,-33.213076],[-70.762129,-33.210157],[-70.757083,-33.211505],[-70.756452,-33.215772],[-70.760869,-33.218691],[-70.760239,-33.222958],[-70.755192,-33.224305],[-70.754562,-33.228571],[-70.749515,-33.229918],[-70.745099,-33.226999],[-70.74573,-33.222733],[-70.741314,-33.219813],[-70.741944,-33.215547],[-70.737529,-33.212627],[-70.732483,-33.213974],[-70.731853,-33.21824],[-70.726807,-33.219586],[-70.726177,-33.223852],[-70.721131,-33.225198],[-70.716716,-33.222278],[-70.711671,-33.223623],[-70.71104,-33.227889],[-70.705995,-33.229234],[-70.705364,-33.233498],[-70.700319,-33.234843],[-70.699688,-33.239107],[-70.704103,-33.242027],[-70.703472,-33.246291],[-70.698427,-33.247635],[-70.694012,-33.244715],[-70.694643,-33.240451],[-70.69023,-33.237531],[-70.690861,-33.233267],[-70.686447,-33.230346],[-70.681403,-33.23169],[-70.67699,-33.228769],[-70.671946,-33.230112],[-70.667533,-33.227191],[-70.668164,-33.222927],[-70.673208,-33.221583],[-70.677621,-33.224504],[-70.682665,-33.22316],[-70.683296,-33.218895],[-70.68834,-33.217551],[-70.692754,-33.220472],[-70.697798,-33.219127],[-70.702212,-33.222048],[-70.707257,-33.220703],[-70.707888,-33.216437],[-70.703474,-33.213517],[-70.704105,-33.20925],[-70.699691,-33.20633],[-70.700322,-33.202063],[-70.705366,-33.200717],[-70.705997,-33.19645],[-70.701583,-33.193529],[-70.702214,-33.189262],[-70.707258,-33.187915],[-70.707889,-33.183647],[-70.712933,-33.182301],[-70.713564,-33.178032],[-70.70915,-33.175111],[-70.704106,-33.176458],[-70.703476,-33.180726],[-70.698432,-33.182072],[-70.697801,-33.18634],[-70.692757,-33.187686],[-70.688344,-33.184764],[-70.688975,-33.180497],[-70.684563,-33.177574],[-70.685194,-33.173306],[-70.680781,-33.170384],[-70.675738,-33.17173],[-70.675107,-33.175998],[-70.679519,-33.17892],[-70.678888,-33.183188],[-70.673845,-33.184533],[-70.669433,-33.181611],[-70.670064,-33.177343],[-70.665653,-33.17442],[-70.66061,-33.175765],[-70.659979,-33.180033],[-70.654936,-33.181377],[-70.650525,-33.178454],[-70.645483,-33.179798],[-70.644851,-33.184065],[-70.649262,-33.186988],[-70.654305,-33.185644],[-70.658716,-33.188567],[-70.658085,-33.192833],[-70.662496,-33.195756],[-70.661865,-33.200022],[-70.666277,-33.202944],[-70.665646,-33.20721],[-70.670058,-33.210131],[-70.669427,-33.214397],[-70.664383,-33.21574],[-70.663752,-33.220005],[-70.658708,-33.221348],[-70.654296,-33.218426],[-70.654928,-33.214162],[-70.650516,-33.21124],[-70.651148,-33.206974],[-70.646736,-33.204052],[-70.641694,-33.205395],[-70.637283,-33.202473],[-70.637915,-33.198207],[-70.642957,-33.196864],[-70.643588,-33.192598],[-70.639178,-33.189675],[-70.634136,-33.191018],[-70.629725,-33.188095],[-70.624684,-33.189438],[-70.620274,-33.186515],[-70.620906,-33.182248],[-70.616496,-33.179325],[-70.617128,-33.175058],[-70.622169,-33.173715],[-70.626579,-33.176639],[-70.63162,-33.175295],[-70.63603,-33.178219],[-70.641072,-33.176875],[-70.641704,-33.172608],[-70.637294,-33.169684],[-70.637925,-33.165417],[-70.633515,-33.162493],[-70.628474,-33.163837],[-70.627842,-33.168105],[-70.622801,-33.169448],[-70.618391,-33.166524],[-70.619023,-33.162257],[-70.624064,-33.160913],[-70.624696,-33.156645],[-70.629737,-33.155301],[-70.630368,-33.151033],[-70.63541,-33.149688],[-70.636041,-33.145419],[-70.631632,-33.142495],[-70.632263,-33.138225],[-70.627854,-33.135301],[-70.628485,-33.131031],[-70.633526,-33.129686],[-70.637936,-33.132611],[-70.642977,-33.131265],[-70.647386,-33.134189],[-70.652428,-33.132844],[-70.653059,-33.128573],[-70.648649,-33.125649],[-70.64928,-33.121378],[-70.654321,-33.120032],[-70.654953,-33.11576],[-70.659994,-33.114413],[-70.660625,-33.110142],[-70.656215,-33.107217],[-70.651174,-33.108564],[-70.646764,-33.105639],[-70.641724,-33.106986],[-70.641092,-33.111257],[-70.645502,-33.114182],[-70.644871,-33.118453],[-70.63983,-33.119799],[-70.63542,-33.116875],[-70.636052,-33.112603],[-70.631643,-33.109678],[-70.632274,-33.105407],[-70.627866,-33.102481],[-70.628497,-33.098209],[-70.633537,-33.096863],[-70.637946,-33.099789],[-70.642986,-33.098442],[-70.643618,-33.094169],[-70.648658,-33.092822],[-70.653068,-33.095747],[-70.658108,-33.0944],[-70.662518,-33.097325],[-70.667559,-33.095977],[-70.67197,-33.098901],[-70.677011,-33.097553],[-70.681422,-33.100477],[-70.686464,-33.099129],[-70.687094,-33.094855],[-70.692136,-33.093506],[-70.696548,-33.09643],[-70.695917,-33.100704],[-70.690875,-33.102053],[-70.690244,-33.106326],[-70.685202,-33.107674],[-70.684571,-33.111947],[-70.688983,-33.114871],[-70.694025,-33.113522],[-70.694656,-33.10925],[-70.699698,-33.107901],[-70.70411,-33.110824],[-70.709153,-33.109475],[-70.709783,-33.105202],[-70.714826,-33.103852],[-70.715456,-33.099578],[-70.720499,-33.098228],[-70.721129,-33.093954],[-70.726172,-33.092603],[-70.726802,-33.088329],[-70.72239,-33.085405],[-70.72302,-33.08113],[-70.718608,-33.078206],[-70.719238,-33.073931],[-70.724281,-33.072579],[-70.724911,-33.068304],[-70.720499,-33.065379],[-70.721129,-33.061103],[-70.726171,-33.059751],[-70.726801,-33.055474],[-70.722389,-33.05255],[-70.72302,-33.048273],[-70.718608,-33.045348],[-70.719238,-33.04107],[-70.714827,-33.038145],[-70.709785,-33.039498],[-70.705374,-33.036572],[-70.700333,-33.037924],[-70.699703,-33.042202],[-70.704114,-33.045127],[-70.703483,-33.049404],[-70.698442,-33.050755],[-70.697811,-33.055032],[-70.69277,-33.056383],[-70.68836,-33.053457],[-70.683319,-33.054808],[-70.682688,-33.059084],[-70.687098,-33.062009],[-70.69214,-33.060659],[-70.69655,-33.063584],[-70.69592,-33.067859],[-70.690878,-33.069209],[-70.690248,-33.073485],[-70.694659,-33.076409],[-70.6997,-33.075059],[-70.704112,-33.077984],[-70.703481,-33.082258],[-70.698439,-33.083608],[-70.697809,-33.087883],[-70.692767,-33.089232],[-70.688356,-33.086308],[-70.683314,-33.087657],[-70.678904,-33.084732],[-70.673862,-33.086081],[-70.669452,-33.083156],[-70.664411,-33.084505],[-70.66378,-33.088778],[-70.658739,-33.090127],[-70.65433,-33.087201],[-70.654961,-33.082928],[-70.650552,-33.080002],[-70.645511,-33.08135],[-70.64488,-33.085624],[-70.63984,-33.086971],[-70.635431,-33.084045],[-70.630391,-33.085392],[-70.625983,-33.082466],[-70.626615,-33.078193],[-70.622207,-33.075266],[-70.617167,-33.076613],[-70.616536,-33.080886],[-70.620944,-33.083813],[-70.620312,-33.088085],[-70.615273,-33.089431],[-70.610865,-33.086505],[-70.605826,-33.087851],[-70.605194,-33.092123],[-70.609602,-33.095049],[-70.60897,-33.099321],[-70.603931,-33.100666],[-70.603299,-33.104937],[-70.607707,-33.107863],[-70.612746,-33.106518],[-70.617154,-33.109444],[-70.616523,-33.113715],[-70.611483,-33.11506],[-70.610851,-33.11933],[-70.615259,-33.122256],[-70.614628,-33.126526],[-70.619036,-33.129451],[-70.618404,-33.133721],[-70.622813,-33.136646],[-70.622182,-33.140915],[-70.626591,-33.143839],[-70.625959,-33.148108],[-70.620918,-33.149452],[-70.616509,-33.146528],[-70.617141,-33.142259],[-70.612732,-33.139334],[-70.613364,-33.135065],[-70.608956,-33.13214],[-70.603916,-33.133484],[-70.599508,-33.130558],[-70.594468,-33.131902],[-70.593836,-33.136171],[-70.598244,-33.139096],[-70.597612,-33.143365],[-70.592572,-33.144708],[-70.59194,-33.148976],[-70.596348,-33.151901],[-70.595716,-33.156169],[-70.590676,-33.157511],[-70.590044,-33.161778],[-70.585004,-33.16312],[-70.584372,-33.167387],[-70.58878,-33.170312],[-70.588147,-33.174578],[-70.592556,-33.177503],[-70.591924,-33.181769],[-70.586883,-33.18311],[-70.582475,-33.180185],[-70.583107,-33.17592],[-70.5787,-33.172995],[-70.57366,-33.174336],[-70.573027,-33.178602],[-70.577435,-33.181526],[-70.576803,-33.185792],[-70.581211,-33.188716],[-70.586251,-33.187375],[-70.590659,-33.1903],[-70.590027,-33.194565],[-70.584986,-33.195905],[-70.580578,-33.192981],[-70.575538,-33.194322],[-70.574906,-33.198586],[-70.569865,-33.199926],[-70.565458,-33.197001],[-70.560418,-33.198341],[-70.559785,-33.202605],[-70.554745,-33.203944],[-70.550338,-33.201019],[-70.545299,-33.202358],[-70.544666,-33.206621],[-70.549073,-33.209546],[-70.54844,-33.213809],[-70.552847,-33.216733],[-70.557887,-33.215395],[-70.562295,-33.218319],[-70.561662,-33.222581],[-70.556622,-33.22392],[-70.552215,-33.220996],[-70.547175,-33.222334],[-70.546542,-33.226596],[-70.541502,-33.227933],[-70.537095,-33.225009],[-70.532056,-33.226346],[-70.527649,-33.223421],[-70.52261,-33.224758],[-70.518204,-33.221833],[-70.513602,-33.223054],[-70.513325,-33.22061],[-70.512897,-33.220129],[-70.512135,-33.21988],[-70.510025,-33.21921],[-70.508964,-33.218872],[-70.508705,-33.21879],[-70.508405,-33.21872],[-70.507885,-33.2186],[-70.506835,-33.21873],[-70.504095,-33.21994],[-70.503594,-33.220229],[-70.503152,-33.22045],[-70.50253,-33.220551],[-70.502171,-33.220551],[-70.499316,-33.218655],[-70.496287,-33.219458],[-70.496025,-33.21932],[-70.495185,-33.219],[-70.494645,-33.21878],[-70.493605,-33.21856],[-70.493175,-33.21843],[-70.492365,-33.2183],[-70.491838,-33.21837],[-70.489873,-33.217065],[-70.485483,-33.218228],[-70.484635,-33.21816],[-70.48444,-33.218138],[-70.480431,-33.215474],[-70.481065,-33.211213],[-70.486102,-33.209877],[-70.486736,-33.205615],[-70.491774,-33.204279],[-70.492407,-33.200017],[-70.488003,-33.197091],[-70.482965,-33.198427],[-70.478562,-33.1955],[-70.479195,-33.191237],[-70.484232,-33.189901],[-70.484866,-33.185638],[-70.480462,-33.182711],[-70.481096,-33.178448],[-70.486133,-33.177111],[-70.486766,-33.172847],[-70.482363,-33.16992],[-70.482996,-33.165655],[-70.478593,-33.162728],[-70.473557,-33.164065],[-70.469154,-33.161137],[-70.469787,-33.156872],[-70.474824,-33.155535],[-70.479226,-33.158463],[-70.484263,-33.157126],[-70.484896,-33.15286],[-70.489933,-33.151523],[-70.490566,-33.147257],[-70.495603,-33.145918],[-70.496236,-33.141652],[-70.491833,-33.138724],[-70.492466,-33.134458],[-70.497502,-33.133119],[-70.498136,-33.128852],[-70.493732,-33.125923],[-70.488696,-33.127262],[-70.484294,-33.124334],[-70.484927,-33.120067],[-70.480524,-33.117138],[-70.481158,-33.11287],[-70.486193,-33.111531],[-70.486827,-33.107263],[-70.491862,-33.105923],[-70.492496,-33.101654],[-70.488093,-33.098725],[-70.483058,-33.100065],[-70.482424,-33.104334],[-70.477389,-33.105673],[-70.476756,-33.109941],[-70.47172,-33.11128],[-70.467319,-33.108351],[-70.462284,-33.109689],[-70.46165,-33.113957],[-70.466052,-33.116886],[-70.471087,-33.115548],[-70.475489,-33.118477],[-70.474855,-33.122744],[-70.46982,-33.124082],[-70.469186,-33.128349],[-70.464151,-33.129687],[-70.459749,-33.126758],[-70.460383,-33.122491],[-70.455981,-33.119562],[-70.450947,-33.1209],[-70.446546,-33.11797],[-70.447179,-33.113703],[-70.452214,-33.112365],[-70.452848,-33.108098],[-70.457882,-33.10676],[-70.458516,-33.102492],[-70.454115,-33.099562],[-70.454749,-33.095293],[-70.459783,-33.093955],[-70.464184,-33.096884],[-70.469219,-33.095545],[-70.469852,-33.091276],[-70.474887,-33.089937],[-70.479289,-33.092866],[-70.484324,-33.091527],[-70.484957,-33.087257],[-70.489993,-33.085917],[-70.494395,-33.088846],[-70.499431,-33.087505],[-70.503833,-33.090434],[-70.508869,-33.089093],[-70.508958,-33.088495],[-70.509344,-33.088377],[-70.509608,-33.087803],[-70.509842,-33.087226],[-70.510205,-33.086751],[-70.510654,-33.085849],[-70.511093,-33.084965],[-70.51134,-33.084583],[-70.511563,-33.084274],[-70.514538,-33.083481],[-70.51498,-33.080497],[-70.515343,-33.080381],[-70.516407,-33.08012],[-70.51696,-33.079866],[-70.517303,-33.079687],[-70.517637,-33.079513],[-70.518021,-33.079073],[-70.518345,-33.078393],[-70.518375,-33.078357],[-70.518784,-33.07787],[-70.518965,-33.077475],[-70.518907,-33.077248],[-70.518791,-33.076793],[-70.518694,-33.076438],[-70.518525,-33.075951],[-70.518581,-33.075515],[-70.518617,-33.074432],[-70.518634,-33.073489],[-70.518881,-33.072783],[-70.519073,-33.072467],[-70.519103,-33.072442],[-70.519339,-33.072245],[-70.519879,-33.072095],[-70.520257,-33.072086],[-70.520574,-33.071997],[-70.520835,-33.071821],[-70.521015,-33.071471],[-70.521065,-33.071179],[-70.521012,-33.070925],[-70.521024,-33.070621],[-70.52123,-33.07027],[-70.521555,-33.069851],[-70.521839,-33.069439],[-70.522203,-33.068913],[-70.522459,-33.068542],[-70.522625,-33.068301],[-70.522802,-33.067789],[-70.522972,-33.067295],[-70.523091,-33.066895],[-70.523234,-33.065837],[-70.523241,-33.06581],[-70.523371,-33.065313],[-70.523708,-33.064722],[-70.524138,-33.064007],[-70.524411,-33.063613],[-70.524526,-33.063238],[-70.524641,-33.062863],[-70.524624,-33.062311],[-70.524611,-33.061171],[-70.524678,-33.060828],[-70.524919,-33.0602],[-70.527774,-33.059439],[-70.528406,-33.055166],[-70.526828,-33.054116],[-70.526875,-33.054061],[-70.526968,-33.05373],[-70.526981,-33.053553],[-70.526923,-33.053347],[-70.526811,-33.052916],[-70.526711,-33.052493],[-70.526741,-33.052033],[-70.526848,-33.051731],[-70.52703,-33.05144],[-70.527236,-33.050991],[-70.527435,-33.050741],[-70.527805,-33.05036],[-70.528823,-33.050061],[-70.529707,-33.049741],[-70.530783,-33.049288],[-70.531502,-33.048985],[-70.53187,-33.048825],[-70.53234,-33.04906],[-70.532864,-33.049023],[-70.532985,-33.048825],[-70.533261,-33.048373],[-70.533604,-33.047921],[-70.533935,-33.047471],[-70.534621,-33.047127],[-70.53496,-33.046982],[-70.53519,-33.04676],[-70.535384,-33.046352],[-70.535759,-33.045905],[-70.536053,-33.045545],[-70.536474,-33.045291],[-70.53685,-33.045101],[-70.537271,-33.045103],[-70.537615,-33.044931],[-70.537973,-33.044647],[-70.538412,-33.044462],[-70.538928,-33.044337],[-70.539303,-33.044275],[-70.539632,-33.044181],[-70.539721,-33.044084],[-70.539819,-33.043978],[-70.53989,-33.043893],[-70.540054,-33.043696],[-70.540241,-33.043493],[-70.540685,-33.043327],[-70.54107,-33.043212],[-70.541398,-33.043118],[-70.541789,-33.042805],[-70.542274,-33.042414],[-70.542921,-33.041733],[-70.543459,-33.04097],[-70.543751,-33.040583],[-70.543996,-33.040338],[-70.54425,-33.040135],[-70.545173,-33.039925],[-70.545476,-33.039856],[-70.546452,-33.039572],[-70.547304,-33.03954],[-70.547841,-33.039493],[-70.548533,-33.039219],[-70.548969,-33.038777],[-70.549292,-33.038408],[-70.549807,-33.037649],[-70.549886,-33.037262],[-70.549949,-33.037102],[-70.550448,-33.036968],[-70.550593,-33.035988],[-70.550677,-33.035899],[-70.551346,-33.035326],[-70.551833,-33.034789],[-70.552133,-33.034445],[-70.552317,-33.034121],[-70.552844,-33.033215],[-70.552993,-33.032857],[-70.553019,-33.032598],[-70.552865,-33.032217],[-70.552643,-33.031665],[-70.552492,-33.03112],[-70.552359,-33.030455],[-70.552288,-33.029813],[-70.552054,-33.029362],[-70.551833,-33.029035],[-70.551369,-33.028629],[-70.551105,-33.028351],[-70.550931,-33.02808],[-70.550577,-33.027399],[-70.550351,-33.026963],[-70.550199,-33.026671],[-70.550097,-33.026344],[-70.550019,-33.025972],[-70.549739,-33.025535],[-70.549489,-33.025226],[-70.549341,-33.025043],[-70.549306,-33.024956],[-70.549218,-33.02473],[-70.549141,-33.024533],[-70.549033,-33.024258],[-70.549051,-33.023988],[-70.549066,-33.023755],[-70.549089,-33.023403],[-70.549083,-33.022971],[-70.549101,-33.022507],[-70.549125,-33.022207],[-70.549173,-33.021687],[-70.548918,-33.021224],[-70.548509,-33.020838],[-70.548108,-33.020559],[-70.547735,-33.020341],[-70.547473,-33.020175],[-70.546968,-33.019959],[-70.546692,-33.019623],[-70.546541,-33.019262],[-70.546387,-33.018793],[-70.546172,-33.018165],[-70.545886,-33.017923],[-70.545753,-33.017765],[-70.545722,-33.017701],[-70.548573,-33.016939],[-70.549206,-33.012663],[-70.554241,-33.011317],[-70.554874,-33.007041],[-70.559909,-33.005694],[-70.560542,-33.001417],[-70.556997,-32.999059],[-70.557029,-32.998847],[-70.557084,-32.998415],[-70.557294,-32.997845],[-70.558144,-32.997155],[-70.558465,-32.996824],[-70.558794,-32.996485],[-70.559606,-32.996006],[-70.560205,-32.995652],[-70.561454,-32.995055],[-70.56169,-32.994828],[-70.561941,-32.994563],[-70.562171,-32.994123],[-70.562421,-32.993646],[-70.562599,-32.993391],[-70.562906,-32.992951],[-70.56334,-32.992359],[-70.563599,-32.992005],[-70.563966,-32.991503],[-70.564295,-32.991055],[-70.564665,-32.990487],[-70.564913,-32.990106],[-70.565224,-32.989615],[-70.565551,-32.989334],[-70.565864,-32.989065],[-70.566406,-32.988811],[-70.566804,-32.988625],[-70.567644,-32.988315],[-70.56815,-32.988263],[-70.568392,-32.988237],[-70.568764,-32.988115],[-70.568783,-32.988108],[-70.569331,-32.98792],[-70.570058,-32.987646],[-70.571674,-32.986995],[-70.572369,-32.98662],[-70.572804,-32.986385],[-70.573107,-32.986107],[-70.573774,-32.985495],[-70.574001,-32.985142],[-70.574418,-32.984474],[-70.574746,-32.983953],[-70.575111,-32.983401],[-70.575328,-32.983066],[-70.575464,-32.982855],[-70.575896,-32.982459],[-70.576434,-32.981965],[-70.576558,-32.981693],[-70.576774,-32.981222],[-70.576884,-32.980985],[-70.576951,-32.980282],[-70.577161,-32.979746],[-70.577531,-32.978853],[-70.577951,-32.978333],[-70.578327,-32.977904],[-70.578855,-32.977336],[-70.579353,-32.976934],[-70.579756,-32.976614],[-70.583213,-32.978914],[-70.588249,-32.977565],[-70.588881,-32.973286],[-70.593917,-32.971936],[-70.594549,-32.967657],[-70.591762,-32.965803],[-70.591625,-32.965318],[-70.591591,-32.964623],[-70.591497,-32.963635],[-70.591423,-32.962857],[-70.591464,-32.961975],[-70.591514,-32.961245],[-70.591404,-32.960325],[-70.591403,-32.960278],[-70.595812,-32.959097],[-70.596444,-32.954816],[-70.596155,-32.954624],[-70.596474,-32.954445],[-70.596692,-32.954111],[-70.596931,-32.953733],[-70.597095,-32.953087],[-70.597165,-32.952732],[-70.597065,-32.952355],[-70.596714,-32.951965],[-70.596328,-32.951433],[-70.596084,-32.951095],[-70.595694,-32.950325],[-70.5953,-32.950106],[-70.594946,-32.949919],[-70.594234,-32.949685],[-70.594016,-32.949611],[-70.593858,-32.949377],[-70.593763,-32.949056],[-70.593734,-32.948598],[-70.593875,-32.947989],[-70.594104,-32.947515],[-70.594421,-32.947135],[-70.597706,-32.946254],[-70.597926,-32.944764],[-70.59813,-32.944692],[-70.599446,-32.944229],[-70.600222,-32.943973],[-70.600811,-32.943753],[-70.601781,-32.943287],[-70.602521,-32.942933],[-70.603517,-32.942337],[-70.604,-32.942066],[-70.604712,-32.942075],[-70.605338,-32.942118],[-70.605657,-32.94214],[-70.606164,-32.942175],[-70.606593,-32.942365],[-70.607045,-32.942597],[-70.607584,-32.942805],[-70.608375,-32.943392],[-70.60856,-32.943529],[-70.60919,-32.94372],[-70.609554,-32.94383],[-70.609864,-32.944467],[-70.610044,-32.944838],[-70.610264,-32.945414],[-70.610817,-32.946429],[-70.610972,-32.946895],[-70.611195,-32.947826],[-70.611493,-32.948362],[-70.611798,-32.948584],[-70.611988,-32.948935],[-70.612089,-32.949439],[-70.612398,-32.950034],[-70.612617,-32.950467],[-70.612624,-32.950476],[-70.612893,-32.950834],[-70.613403,-32.951278],[-70.613713,-32.951446],[-70.613941,-32.951491],[-70.614304,-32.951455],[-70.614498,-32.951099],[-70.614846,-32.950542],[-70.614991,-32.950093],[-70.61527,-32.949843],[-70.615498,-32.949705],[-70.615753,-32.94955],[-70.616364,-32.94918],[-70.616639,-32.949075],[-70.617116,-32.948892],[-70.617651,-32.948513],[-70.618417,-32.947922],[-70.618888,-32.947738],[-70.619926,-32.947507],[-70.620661,-32.947473],[-70.621538,-32.947371],[-70.622784,-32.947545],[-70.623665,-32.947914],[-70.624647,-32.948366],[-70.625324,-32.948565],[-70.626058,-32.948701],[-70.626371,-32.948686],[-70.62667,-32.948672],[-70.627484,-32.948407],[-70.628504,-32.948235],[-70.629425,-32.948138],[-70.630126,-32.948018],[-70.630654,-32.947925],[-70.631385,-32.947638],[-70.632703,-32.947015],[-70.633168,-32.946941],[-70.633736,-32.946852],[-70.633916,-32.946831],[-70.636105,-32.948286],[-70.637395,-32.94794],[-70.638153,-32.948486],[-70.63892,-32.949157],[-70.639366,-32.949408],[-70.63991,-32.949729],[-70.64044,-32.949924],[-70.641089,-32.950148],[-70.641722,-32.950356],[-70.642112,-32.950566],[-70.642545,-32.950816],[-70.643072,-32.951448],[-70.643618,-32.951764],[-70.644067,-32.95196],[-70.644594,-32.952113],[-70.645012,-32.952029],[-70.645238,-32.951975],[-70.644918,-32.954145],[-70.649325,-32.957074],[-70.654363,-32.955721],[-70.65877,-32.95865],[-70.663809,-32.957297],[-70.668216,-32.960226],[-70.673152,-32.9589],[-70.673326,-32.95896],[-70.673439,-32.958994],[-70.677663,-32.9618],[-70.682702,-32.960446],[-70.687111,-32.963374],[-70.69215,-32.96202],[-70.69278,-32.957738],[-70.689062,-32.955268],[-70.689502,-32.954902],[-70.689794,-32.95467],[-70.690217,-32.954388],[-70.690773,-32.954574],[-70.691027,-32.954655],[-70.691492,-32.954712],[-70.69192,-32.954898],[-70.692191,-32.95496],[-70.6925,-32.954995],[-70.692809,-32.955141],[-70.693589,-32.955353],[-70.694109,-32.955613],[-70.694741,-32.956173],[-70.695325,-32.956707],[-70.695601,-32.956979],[-70.696114,-32.957485],[-70.696432,-32.957816],[-70.69676,-32.958098],[-70.696948,-32.958208],[-70.697246,-32.958067],[-70.697512,-32.957973],[-70.697963,-32.957835],[-70.698613,-32.957624],[-70.699104,-32.957465],[-70.699361,-32.957422],[-70.699384,-32.957422],[-70.702228,-32.959311],[-70.704111,-32.958805],[-70.704605,-32.959382],[-70.704907,-32.959408],[-70.705704,-32.959475],[-70.706297,-32.959607],[-70.706942,-32.959614],[-70.707352,-32.959532],[-70.707679,-32.959406],[-70.708081,-32.959133],[-70.708556,-32.958811],[-70.70859,-32.958787],[-70.709231,-32.958223],[-70.710011,-32.957611],[-70.710603,-32.95715],[-70.710909,-32.956998],[-70.711214,-32.956954],[-70.711837,-32.956793],[-70.712355,-32.956666],[-70.712736,-32.956343],[-70.712909,-32.95594],[-70.713096,-32.955474],[-70.713261,-32.955173],[-70.713656,-32.954842],[-70.714376,-32.954666],[-70.715021,-32.954373],[-70.715671,-32.954132],[-70.715768,-32.954096],[-70.716174,-32.954002],[-70.716363,-32.953882],[-70.716644,-32.953703],[-70.716907,-32.95352],[-70.717282,-32.953585],[-70.717781,-32.953723],[-70.717918,-32.953768],[-70.718267,-32.953884],[-70.718604,-32.954069],[-70.718884,-32.954193],[-70.719134,-32.954272],[-70.719514,-32.954122],[-70.719801,-32.953637],[-70.7199,-32.953204],[-70.719998,-32.952643],[-70.720074,-32.952212],[-70.72019,-32.951865],[-70.721211,-32.952583],[-70.722389,-32.953307],[-70.722466,-32.953357],[-70.72329,-32.95389],[-70.72405,-32.95462],[-70.724416,-32.9549],[-70.724821,-32.955421],[-70.724857,-32.955528],[-70.725024,-32.956029],[-70.72532,-32.95649],[-70.72571,-32.95684],[-70.72642,-32.95747],[-70.726669,-32.957693],[-70.7271,-32.95808],[-70.728107,-32.95883],[-70.728967,-32.959825],[-70.729465,-32.960504],[-70.730234,-32.960911],[-70.731138,-32.960911],[-70.73207,-32.96116],[-70.733174,-32.961499],[-70.73395,-32.96195],[-70.734952,-32.962849],[-70.7356,-32.96343],[-70.736974,-32.964576],[-70.737608,-32.965254],[-70.738332,-32.965797],[-70.73948,-32.96616],[-70.73993,-32.966276],[-70.74076,-32.96649],[-70.741815,-32.966521],[-70.743037,-32.966521],[-70.744303,-32.96634],[-70.74587,-32.966514],[-70.74703,-32.96675],[-70.74807,-32.96726],[-70.74923,-32.9682],[-70.749316,-32.968299],[-70.75,-32.969085],[-70.75003,-32.96912],[-70.75072,-32.96971],[-70.751677,-32.970547],[-70.75213,-32.970864],[-70.752401,-32.971271],[-70.752673,-32.972176],[-70.752854,-32.972854],[-70.753261,-32.973578],[-70.753671,-32.973936],[-70.754058,-32.974162],[-70.75486,-32.97463],[-70.75681,-32.97531],[-70.75885,-32.97683],[-70.76003,-32.97764],[-70.76067,-32.97855],[-70.76087,-32.97909],[-70.76118,-32.97998],[-70.761389,-32.980193],[-70.761562,-32.980369],[-70.76173,-32.98054],[-70.762406,-32.980712],[-70.762874,-32.980748],[-70.763553,-32.9808],[-70.764525,-32.980849],[-70.765348,-32.980937],[-70.76586,-32.98103],[-70.76707,-32.98141],[-70.768016,-32.981834],[-70.768813,-32.982208],[-70.769191,-32.982428],[-70.769412,-32.982557],[-70.769786,-32.982819],[-70.770169,-32.983158],[-70.77055,-32.98354],[-70.770259,-32.983953],[-70.769898,-32.98439],[-70.769661,-32.984664],[-70.769387,-32.984901],[-70.768733,-32.985386],[-70.767873,-32.985974],[-70.766584,-32.986618],[-70.76654,-32.98664],[-70.765952,-32.986884],[-70.76428,-32.98758],[-70.763399,-32.9881],[-70.763168,-32.988236],[-70.762668,-32.988628],[-70.762406,-32.988889],[-70.761856,-32.989819],[-70.76144,-32.99064],[-70.76129,-32.99106],[-70.76112,-32.99184],[-70.76124,-32.99292]],[[-70.714827,-32.972375],[-70.715458,-32.968093],[-70.711048,-32.965166],[-70.706008,-32.966521],[-70.705378,-32.970803],[-70.709787,-32.97373],[-70.714827,-32.972375]],[[-70.654313,-33.152846],[-70.654944,-33.148577],[-70.659986,-33.147231],[-70.664397,-33.150154],[-70.669439,-33.148808],[-70.670071,-33.144539],[-70.675113,-33.143192],[-70.675744,-33.138922],[-70.671333,-33.135999],[-70.666291,-33.137345],[-70.66188,-33.134421],[-70.656838,-33.135768],[-70.656207,-33.140038],[-70.651165,-33.141383],[-70.650534,-33.145653],[-70.645492,-33.146998],[-70.644861,-33.151267],[-70.63982,-33.152612],[-70.639188,-33.156881],[-70.643598,-33.159804],[-70.64864,-33.15846],[-70.649271,-33.154191],[-70.654313,-33.152846]],[[-70.743202,-33.174214],[-70.738157,-33.175563],[-70.737526,-33.179832],[-70.741941,-33.182753],[-70.746986,-33.181404],[-70.747617,-33.177135],[-70.743202,-33.174214]],[[-70.709149,-33.207905],[-70.713563,-33.210826],[-70.718608,-33.20948],[-70.723023,-33.2124],[-70.728068,-33.211054],[-70.728699,-33.206787],[-70.733744,-33.20544],[-70.734374,-33.201173],[-70.72996,-33.198252],[-70.724915,-33.199599],[-70.724284,-33.203866],[-70.719239,-33.205213],[-70.714825,-33.202292],[-70.70978,-33.203638],[-70.709149,-33.207905]],[[-70.61276,-33.073687],[-70.613391,-33.069413],[-70.608984,-33.066486],[-70.603946,-33.067833],[-70.599539,-33.064905],[-70.5945,-33.066252],[-70.593869,-33.070525],[-70.598275,-33.073452],[-70.597643,-33.077725],[-70.60205,-33.080652],[-70.607089,-33.079306],[-70.607721,-33.075033],[-70.61276,-33.073687]],[[-70.586303,-33.08896],[-70.586935,-33.084688],[-70.582528,-33.081761],[-70.57749,-33.083105],[-70.576858,-33.087377],[-70.581264,-33.090304],[-70.586303,-33.08896]],[[-70.577453,-33.148735],[-70.573046,-33.14581],[-70.568007,-33.147151],[-70.563601,-33.144226],[-70.558562,-33.145567],[-70.554156,-33.142641],[-70.554788,-33.138373],[-70.559827,-33.137032],[-70.560459,-33.132763],[-70.556053,-33.129837],[-70.556686,-33.125568],[-70.55228,-33.122641],[-70.552912,-33.118372],[-70.548507,-33.115445],[-70.549139,-33.111176],[-70.544734,-33.108249],[-70.545367,-33.103979],[-70.540962,-33.101051],[-70.535925,-33.102393],[-70.53152,-33.099465],[-70.532153,-33.095195],[-70.527749,-33.092267],[-70.522712,-33.093609],[-70.518309,-33.09068],[-70.513272,-33.092022],[-70.51264,-33.096292],[-70.517043,-33.09922],[-70.51641,-33.10349],[-70.511374,-33.104831],[-70.510741,-33.1091],[-70.515144,-33.112028],[-70.514511,-33.116296],[-70.518915,-33.119224],[-70.523952,-33.117884],[-70.524585,-33.113615],[-70.529622,-33.112274],[-70.530255,-33.108005],[-70.535292,-33.106663],[-70.539697,-33.109591],[-70.539064,-33.11386],[-70.543469,-33.116787],[-70.542837,-33.121056],[-70.547242,-33.123983],[-70.546609,-33.128252],[-70.551015,-33.131178],[-70.550382,-33.135447],[-70.545344,-33.136788],[-70.544712,-33.141055],[-70.549117,-33.143982],[-70.548485,-33.148249],[-70.552891,-33.151175],[-70.557929,-33.149834],[-70.562336,-33.15276],[-70.567375,-33.151419],[-70.571782,-33.154345],[-70.571149,-33.158612],[-70.575557,-33.161537],[-70.580596,-33.160195],[-70.581228,-33.155928],[-70.576821,-33.153003],[-70.577453,-33.148735]],[[-70.57684,-33.120198],[-70.577472,-33.115928],[-70.573065,-33.113002],[-70.568027,-33.114345],[-70.567395,-33.118614],[-70.571801,-33.121541],[-70.57684,-33.120198]],[[-70.537143,-33.159463],[-70.537775,-33.155197],[-70.53337,-33.15227],[-70.528332,-33.15361],[-70.527699,-33.157876],[-70.532104,-33.160802],[-70.537143,-33.159463]],[[-70.630414,-33.019688],[-70.626007,-33.01676],[-70.620969,-33.018109],[-70.620338,-33.022386],[-70.6153,-33.023735],[-70.614668,-33.028011],[-70.619075,-33.030939],[-70.624113,-33.029591],[-70.624745,-33.025314],[-70.629783,-33.023965],[-70.630414,-33.019688]],[[-70.658755,-33.02442],[-70.654346,-33.021493],[-70.649307,-33.022843],[-70.648676,-33.027121],[-70.643637,-33.02847],[-70.643006,-33.032747],[-70.637967,-33.034096],[-70.637336,-33.038373],[-70.641744,-33.0413],[-70.641113,-33.045576],[-70.645521,-33.048502],[-70.64489,-33.052778],[-70.649298,-33.055704],[-70.654338,-33.054355],[-70.658747,-33.057281],[-70.663787,-33.055932],[-70.664418,-33.051656],[-70.660009,-33.04873],[-70.66064,-33.044454],[-70.656231,-33.041528],[-70.656862,-33.037251],[-70.661902,-33.035901],[-70.662533,-33.031624],[-70.667573,-33.030274],[-70.668203,-33.025996],[-70.673243,-33.024645],[-70.673874,-33.020367],[-70.669465,-33.017441],[-70.664425,-33.018792],[-70.663794,-33.02307],[-70.658755,-33.02442]],[[-70.631688,-32.978253],[-70.636095,-32.981182],[-70.641133,-32.97983],[-70.641764,-32.97555],[-70.637357,-32.972621],[-70.632319,-32.973973],[-70.631688,-32.978253]],[[-70.571207,-33.060159],[-70.575613,-33.063088],[-70.58065,-33.061742],[-70.581282,-33.057469],[-70.576877,-33.054541],[-70.571839,-33.055886],[-70.571207,-33.060159]],[[-70.612774,-33.040839],[-70.617181,-33.043766],[-70.622219,-33.042418],[-70.622851,-33.038143],[-70.618443,-33.035215],[-70.613405,-33.036563],[-70.612774,-33.040839]],[[-70.692143,-33.027795],[-70.692773,-33.023517],[-70.688364,-33.020591],[-70.683323,-33.021943],[-70.682693,-33.02622],[-70.677652,-33.027572],[-70.677022,-33.031849],[-70.681431,-33.034776],[-70.686472,-33.033424],[-70.687102,-33.029147],[-70.692143,-33.027795]],[[-70.702224,-33.025091],[-70.701594,-33.029369],[-70.706005,-33.032295],[-70.711046,-33.030942],[-70.711676,-33.026664],[-70.716717,-33.025311],[-70.721129,-33.028236],[-70.72617,-33.026883],[-70.7268,-33.022604],[-70.722389,-33.019679],[-70.717347,-33.021032],[-70.712937,-33.018106],[-70.713567,-33.013827],[-70.718608,-33.012474],[-70.719238,-33.008194],[-70.714827,-33.005268],[-70.709786,-33.006622],[-70.705376,-33.003695],[-70.700336,-33.005049],[-70.695926,-33.002122],[-70.690885,-33.003475],[-70.690255,-33.007754],[-70.685215,-33.009107],[-70.684584,-33.013386],[-70.688994,-33.016312],[-70.694034,-33.01496],[-70.698444,-33.017886],[-70.697814,-33.022165],[-70.702224,-33.025091]],[[-70.680801,-33.039053],[-70.67576,-33.040403],[-70.67513,-33.04468],[-70.679539,-33.047606],[-70.68458,-33.046255],[-70.685211,-33.041979],[-70.680801,-33.039053]],[[-70.686476,-33.000548],[-70.687106,-32.996269],[-70.682697,-32.993341],[-70.677658,-32.994694],[-70.677027,-32.998974],[-70.681436,-33.001901],[-70.686476,-33.000548]],[[-70.677016,-33.064709],[-70.671976,-33.066059],[-70.671345,-33.070334],[-70.675755,-33.073259],[-70.680796,-33.071909],[-70.681427,-33.067634],[-70.677016,-33.064709]],[[-70.614695,-32.962255],[-70.609658,-32.963606],[-70.609027,-32.967886],[-70.613433,-32.970816],[-70.61847,-32.969465],[-70.622875,-32.972395],[-70.627913,-32.971044],[-70.628544,-32.966763],[-70.624138,-32.963834],[-70.619101,-32.965185],[-70.614695,-32.962255]],[[-70.556707,-33.092753],[-70.552302,-33.089825],[-70.547264,-33.091168],[-70.546632,-33.095438],[-70.551037,-33.098366],[-70.556074,-33.097023],[-70.56048,-33.099951],[-70.559847,-33.104221],[-70.564253,-33.107148],[-70.569291,-33.105805],[-70.569924,-33.101534],[-70.565518,-33.098607],[-70.56615,-33.094337],[-70.561744,-33.091409],[-70.556707,-33.092753]]]},"properties":{"comuna":"Colina","mancha_id":"13301-88b2c4a481fffff","clase":"Medio","nivel_medio":2.049,"nivel_medio_min":1.5,"nivel_medio_max":2.499,"pct_alto":31.1,"n_hexagonos":791,"area_ha":48759.92}},{"type":"Feature","geometry":{"type":"Polygon","coordinates":[[[-70.559847,-33.104221],[-70.56048,-33.099951],[-70.565518,-33.098607],[-70.569924,-33.101534],[-70.569291,-33.105805],[-70.564253,-33.107148],[-70.559847,-33.104221]]]},"properties":{"comuna":"Colina","mancha_id":"13301-88b2c5d53dfffff","clase":"Alto","nivel_medio":2.537,"nivel_medio_min":2.537,"nivel_medio_max":2.537,"pct_alto":62.4,"n_hexagonos":1,"area_ha":64.18}},{"type":"Feature","geometry":{"type":"Polygon","coordinates":[[[-70.440877,-33.123574],[-70.441511,-33.119307],[-70.437111,-33.116377],[-70.437745,-33.11211],[-70.442779,-33.110773],[-70.447179,-33.113703],[-70.446546,-33.11797],[-70.450947,-33.1209],[-70.450313,-33.125166],[-70.445278,-33.126503],[-70.440877,-33.123574]]]},"properties":{"comuna":"Colina","mancha_id":"13301-88b2c5d483fffff","clase":"Alto","nivel_medio":2.562,"nivel_medio_min":2.549,"nivel_medio_max":2.574,"pct_alto":64.5,"n_hexagonos":2,"area_ha":128.14}},{"type":"Feature","geometry":{"type":"Polygon","coordinates":[[[-70.682702,-32.960446],[-70.677663,-32.9618],[-70.673439,-32.958994],[-70.674001,-32.959163],[-70.674531,-32.95929],[-70.675038,-32.959333],[-70.675524,-32.959372],[-70.676019,-32.959251],[-70.676366,-32.958945],[-70.676647,-32.958671],[-70.676883,-32.958553],[-70.677639,-32.958505],[-70.678751,-32.958553],[-70.679413,-32.958575],[-70.680017,-32.958611],[-70.681019,-32.95849],[-70.681821,-32.95842],[-70.682679,-32.95816],[-70.683054,-32.958052],[-70.683253,-32.957995],[-70.683918,-32.957693],[-70.684811,-32.957246],[-70.686528,-32.95636],[-70.687697,-32.955926],[-70.68852,-32.955544],[-70.689054,-32.955275],[-70.689062,-32.955268],[-70.69278,-32.957738],[-70.69215,-32.96202],[-70.687111,-32.963374],[-70.682702,-32.960446]]]},"properties":{"comuna":"Colina","mancha_id":"13301-88b2c5d347fffff","clase":"Alto","nivel_medio":2.592,"nivel_medio_min":2.567,"nivel_medio_max":2.683,"pct_alto":63.1,"n_hexagonos":2,"area_ha":77.45}},{"type":"Feature","geometry":{"type":"Polygon","coordinates":[[[-70.668216,-32.960226],[-70.663809,-32.957297],[-70.65877,-32.95865],[-70.654363,-32.955721],[-70.654725,-32.953266],[-70.654773,-32.953266],[-70.655601,-32.953274],[-70.656754,-32.953285],[-70.657371,-32.953217],[-70.658204,-32.953125],[-70.659204,-32.953005],[-70.659805,-32.953193],[-70.66048,-32.953427],[-70.661324,-32.953755],[-70.66185,-32.954074],[-70.662674,-32.954575],[-70.663255,-32.954719],[-70.663741,-32.954893],[-70.664152,-32.954962],[-70.664644,-32.955045],[-70.66494,-32.955095],[-70.666038,-32.955143],[-70.666682,-32.955212],[-70.667204,-32.955299],[-70.667693,-32.955357],[-70.668101,-32.955383],[-70.668479,-32.955407],[-70.668681,-32.955603],[-70.668895,-32.955945],[-70.669132,-32.956649],[-70.669368,-32.957353],[-70.669905,-32.957756],[-70.670171,-32.958013],[-70.671001,-32.958363],[-70.672224,-32.958575],[-70.673152,-32.9589],[-70.668216,-32.960226]]]},"properties":{"comuna":"Colina","mancha_id":"13301-88b2c5d343fffff","clase":"Alto","nivel_medio":2.554,"nivel_medio_min":2.547,"nivel_medio_max":2.559,"pct_alto":65.9,"n_hexagonos":2,"area_ha":64.77}},{"type":"Feature","geometry":{"type":"Polygon","coordinates":[[[-70.554241,-33.011317],[-70.549206,-33.012663],[-70.548573,-33.016939],[-70.545722,-33.017701],[-70.545671,-33.017593],[-70.545703,-33.017545],[-70.546261,-33.017243],[-70.546663,-33.017001],[-70.547002,-33.016712],[-70.547115,-33.016414],[-70.547221,-33.016133],[-70.547139,-33.0157],[-70.547013,-33.015275],[-70.546849,-33.015031],[-70.546463,-33.014455],[-70.546374,-33.014281],[-70.546241,-33.014018],[-70.546172,-33.013804],[-70.546311,-33.013563],[-70.546561,-33.013303],[-70.547134,-33.012868],[-70.547873,-33.012325],[-70.548346,-33.012091],[-70.548643,-33.011945],[-70.548941,-33.011663],[-70.549142,-33.011106],[-70.549192,-33.010847],[-70.54921,-33.010084],[-70.549265,-33.009404],[-70.549396,-33.008925],[-70.549501,-33.008663],[-70.549763,-33.008265],[-70.55009,-33.007775],[-70.550461,-33.007223],[-70.550631,-33.007033],[-70.550941,-33.006686],[-70.551209,-33.006476],[-70.551707,-33.006247],[-70.552522,-33.006059],[-70.553127,-33.005879],[-70.553236,-33.005846],[-70.55369,-33.005692],[-70.553989,-33.005364],[-70.554162,-33.005084],[-70.554394,-33.004708],[-70.554761,-33.00437],[-70.555176,-33.00409],[-70.555639,-33.003849],[-70.555996,-33.003675],[-70.556295,-33.003569],[-70.556691,-33.003337],[-70.557107,-33.003065],[-70.557293,-33.002715],[-70.557383,-33.002405],[-70.557402,-33.002061],[-70.557401,-33.001713],[-70.557189,-33.001232],[-70.556993,-33.00069],[-70.556883,-33.000415],[-70.556912,-33.0],[-70.556925,-32.999825],[-70.556974,-32.999216],[-70.556997,-32.999059],[-70.560542,-33.001417],[-70.559909,-33.005694],[-70.554874,-33.007041],[-70.554241,-33.011317]]]},"properties":{"comuna":"Colina","mancha_id":"13301-88b2c5d291fffff","clase":"Alto","nivel_medio":2.675,"nivel_medio_min":2.564,"nivel_medio_max":2.783,"pct_alto":70.2,"n_hexagonos":3,"area_ha":68.1}},{"type":"Feature","geometry":{"type":"Polygon","coordinates":[[[-70.596444,-32.954816],[-70.595812,-32.959097],[-70.591403,-32.960278],[-70.5914,-32.95983],[-70.591397,-32.959389],[-70.591394,-32.958885],[-70.591741,-32.958574],[-70.592424,-32.95791],[-70.59329,-32.957019],[-70.593543,-32.956612],[-70.593741,-32.956269],[-70.594104,-32.955943],[-70.59433,-32.955725],[-70.594525,-32.955557],[-70.595064,-32.955235],[-70.595593,-32.954938],[-70.596122,-32.954642],[-70.596155,-32.954624],[-70.596444,-32.954816]]]},"properties":{"comuna":"Colina","mancha_id":"13301-88b2c5d257fffff","clase":"Alto","nivel_medio":2.633,"nivel_medio_min":2.633,"nivel_medio_max":2.633,"pct_alto":67.9,"n_hexagonos":1,"area_ha":15.33}},{"type":"Feature","geometry":{"type":"Polygon","coordinates":[[[-70.631688,-32.978253],[-70.632319,-32.973973],[-70.637357,-32.972621],[-70.641764,-32.97555],[-70.641133,-32.97983],[-70.636095,-32.981182],[-70.631688,-32.978253]]]},"properties":{"comuna":"Colina","mancha_id":"13301-88b2c5d227fffff","clase":"Alto","nivel_medio":2.609,"nivel_medio_min":2.609,"nivel_medio_max":2.609,"pct_alto":61.1,"n_hexagonos":1,"area_ha":64.41}},{"type":"Feature","geometry":{"type":"Polygon","coordinates":[[[-70.609027,-32.967886],[-70.609658,-32.963606],[-70.614695,-32.962255],[-70.619101,-32.965185],[-70.624138,-32.963834],[-70.628544,-32.966763],[-70.627913,-32.971044],[-70.622875,-32.972395],[-70.61847,-32.969465],[-70.613433,-32.970816],[-70.609027,-32.967886]]]},"properties":{"comuna":"Colina","mancha_id":"13301-88b2c5d207fffff","clase":"Alto","nivel_medio":2.55,"nivel_medio_min":2.503,"nivel_medio_max":2.598,"pct_alto":57.5,"n_hexagonos":2,"area_ha":128.82}},{"type":"Feature","geometry":{"type":"Polygon","coordinates":[[[-70.67513,-33.04468],[-70.67576,-33.040403],[-70.680801,-33.039053],[-70.685211,-33.041979],[-70.68458,-33.046255],[-70.679539,-33.047606],[-70.67513,-33.04468]]]},"properties":{"comuna":"Colina","mancha_id":"13301-88b2c5d1e9fffff","clase":"Alto","nivel_medio":2.583,"nivel_medio_min":2.583,"nivel_medio_max":2.583,"pct_alto":65.1,"n_hexagonos":1,"area_ha":64.35}},{"type":"Feature","geometry":{"type":"Polygon","coordinates":[[[-70.682688,-33.059084],[-70.683319,-33.054808],[-70.68836,-33.053457],[-70.69277,-33.056383],[-70.69214,-33.060659],[-70.687098,-33.062009],[-70.682688,-33.059084]]]},"properties":{"comuna":"Colina","mancha_id":"13301-88b2c5d1e7fffff","clase":"Alto","nivel_medio":2.754,"nivel_medio_min":2.754,"nivel_medio_max":2.754,"pct_alto":81.6,"n_hexagonos":1,"area_ha":64.33}},{"type":"Feature","geometry":{"type":"Polygon","coordinates":[[[-70.671345,-33.070334],[-70.671976,-33.066059],[-70.677016,-33.064709],[-70.681427,-33.067634],[-70.680796,-33.071909],[-70.675755,-33.073259],[-70.671345,-33.070334]]]},"properties":{"comuna":"Colina","mancha_id":"13301-88b2c5d1abfffff","clase":"Alto","nivel_medio":2.705,"nivel_medio_min":2.705,"nivel_medio_max":2.705,"pct_alto":78.2,"n_hexagonos":1,"area_ha":64.31}},{"type":"Feature","geometry":{"type":"Polygon","coordinates":[[[-70.682693,-33.02622],[-70.683323,-33.021943],[-70.688364,-33.020591],[-70.692773,-33.023517],[-70.692143,-33.027795],[-70.687102,-33.029147],[-70.682693,-33.02622]]]},"properties":{"comuna":"Colina","mancha_id":"13301-88b2c5d11dfffff","clase":"Alto","nivel_medio":2.733,"nivel_medio_min":2.733,"nivel_medio_max":2.733,"pct_alto":69.4,"n_hexagonos":1,"area_ha":64.38}},{"type":"Feature","geometry":{"type":"Polygon","coordinates":[[[-70.593869,-33.070525],[-70.5945,-33.066252],[-70.599539,-33.064905],[-70.603946,-33.067833],[-70.608984,-33.066486],[-70.613391,-33.069413],[-70.61276,-33.073687],[-70.607721,-33.075033],[-70.607089,-33.079306],[-70.60205,-33.080652],[-70.597643,-33.077725],[-70.598275,-33.073452],[-70.593869,-33.070525]]]},"properties":{"comuna":"Colina","mancha_id":"13301-88b2c5d0b1fffff","clase":"Alto","nivel_medio":2.579,"nivel_medio_min":2.521,"nivel_medio_max":2.616,"pct_alto":68.3,"n_hexagonos":3,"area_ha":192.75}},{"type":"Feature","geometry":{"type":"Polygon","coordinates":[[[-70.571207,-33.060159],[-70.571839,-33.055886],[-70.576877,-33.054541],[-70.581282,-33.057469],[-70.58065,-33.061742],[-70.575613,-33.063088],[-70.571207,-33.060159]]]},"properties":{"comuna":"Colina","mancha_id":"13301-88b2c5d091fffff","clase":"Alto","nivel_medio":2.728,"nivel_medio_min":2.728,"nivel_medio_max":2.728,"pct_alto":74.6,"n_hexagonos":1,"area_ha":64.25}},{"type":"Feature","geometry":{"type":"Polygon","coordinates":[[[-70.648676,-33.027121],[-70.649307,-33.022843],[-70.654346,-33.021493],[-70.658755,-33.02442],[-70.663794,-33.02307],[-70.664425,-33.018792],[-70.669465,-33.017441],[-70.673874,-33.020367],[-70.673243,-33.024645],[-70.668203,-33.025996],[-70.667573,-33.030274],[-70.662533,-33.031624],[-70.661902,-33.035901],[-70.656862,-33.037251],[-70.656231,-33.041528],[-70.66064,-33.044454],[-70.660009,-33.04873],[-70.664418,-33.051656],[-70.663787,-33.055932],[-70.658747,-33.057281],[-70.654338,-33.054355],[-70.649298,-33.055704],[-70.64489,-33.052778],[-70.645521,-33.048502],[-70.641113,-33.045576],[-70.641744,-33.0413],[-70.637336,-33.038373],[-70.637967,-33.034096],[-70.643006,-33.032747],[-70.643637,-33.02847],[-70.648676,-33.027121]]]},"properties":{"comuna":"Colina","mancha_id":"13301-88b2c5d023fffff","clase":"Alto","nivel_medio":2.795,"nivel_medio_min":2.54,"nivel_medio_max":3.319,"pct_alto":75.2,"n_hexagonos":11,"area_ha":707.7}},{"type":"Feature","geometry":{"type":"Polygon","coordinates":[[[-70.620338,-33.022386],[-70.620969,-33.018109],[-70.626007,-33.01676],[-70.630414,-33.019688],[-70.629783,-33.023965],[-70.624745,-33.025314],[-70.624113,-33.029591],[-70.619075,-33.030939],[-70.614668,-33.028011],[-70.6153,-33.023735],[-70.620338,-33.022386]]]},"properties":{"comuna":"Colina","mancha_id":"13301-88b2c5d015fffff","clase":"Alto","nivel_medio":2.526,"nivel_medio_min":2.502,"nivel_medio_max":2.549,"pct_alto":60.2,"n_hexagonos":2,"area_ha":128.67}},{"type":"Feature","geometry":{"type":"Polygon","coordinates":[[[-70.629702,-33.253636],[-70.630334,-33.249374],[-70.635377,-33.248033],[-70.639789,-33.250954],[-70.644832,-33.249613],[-70.649244,-33.252534],[-70.648613,-33.256797],[-70.643569,-33.258137],[-70.639157,-33.255216],[-70.634114,-33.256557],[-70.629702,-33.253636]]]},"properties":{"comuna":"Colina","mancha_id":"13301-88b2c5ce39fffff","clase":"Alto","nivel_medio":2.823,"nivel_medio_min":2.501,"nivel_medio_max":3.144,"pct_alto":82.7,"n_hexagonos":2,"area_ha":128.04}},{"type":"Feature","geometry":{"type":"Polygon","coordinates":[[[-70.681255,-33.330833],[-70.681388,-33.329931],[-70.676974,-33.327013],[-70.677605,-33.322755],[-70.682651,-33.321415],[-70.683282,-33.317156],[-70.688329,-33.315816],[-70.68896,-33.311557],[-70.694006,-33.310216],[-70.698421,-33.313134],[-70.69779,-33.317393],[-70.700878,-33.319434],[-70.700481,-33.319496],[-70.699374,-33.319569],[-70.698798,-33.319777],[-70.698512,-33.319967],[-70.698325,-33.32015],[-70.697169,-33.321073],[-70.696161,-33.321817],[-70.695507,-33.322413],[-70.695054,-33.322792],[-70.694583,-33.323113],[-70.694035,-33.32318],[-70.693492,-33.323171],[-70.692871,-33.323319],[-70.692726,-33.323398],[-70.692113,-33.322993],[-70.687066,-33.324333],[-70.686444,-33.32853],[-70.686422,-33.328536],[-70.685718,-33.328782],[-70.685485,-33.328863],[-70.684727,-33.329093],[-70.684048,-33.329265],[-70.683367,-33.329524],[-70.682974,-33.329673],[-70.682282,-33.330229],[-70.682268,-33.33024],[-70.682047,-33.330418],[-70.68168,-33.330872],[-70.681255,-33.330833]]]},"properties":{"comuna":"Colina","mancha_id":"13301-88b2c5cd89fffff","clase":"Alto","nivel_medio":2.894,"nivel_medio_min":2.625,"nivel_medio_max":3.323,"pct_alto":78.6,"n_hexagonos":5,"area_ha":221.2}},{"type":"Feature","geometry":{"type":"Polygon","coordinates":[[[-70.527699,-33.157876],[-70.528332,-33.15361],[-70.53337,-33.15227],[-70.537775,-33.155197],[-70.537143,-33.159463],[-70.532104,-33.160802],[-70.527699,-33.157876]]]},"properties":{"comuna":"Colina","mancha_id":"13301-88b2c5c74bfffff","clase":"Alto","nivel_medio":2.525,"nivel_medio_min":2.525,"nivel_medio_max":2.525,"pct_alto":53.9,"n_hexagonos":1,"area_ha":64.08}},{"type":"Feature","geometry":{"type":"Polygon","coordinates":[[[-70.530503,-33.239037],[-70.535196,-33.237793],[-70.537685,-33.239444],[-70.537424,-33.239511],[-70.536605,-33.2398],[-70.535865,-33.23988],[-70.534495,-33.239598],[-70.533263,-33.239247],[-70.532173,-33.239115],[-70.530555,-33.239049],[-70.530503,-33.239037]]]},"properties":{"comuna":"Colina","mancha_id":"13301-88b2c5c5cdfffff","clase":"Alto","nivel_medio":2.736,"nivel_medio_min":2.736,"nivel_medio_max":2.736,"pct_alto":74.5,"n_hexagonos":1,"area_ha":7.07}},{"type":"Feature","geometry":{"type":"Polygon","coordinates":[[[-70.567395,-33.118614],[-70.568027,-33.114345],[-70.573065,-33.113002],[-70.577472,-33.115928],[-70.57684,-33.120198],[-70.571801,-33.121541],[-70.567395,-33.118614]]]},"properties":{"comuna":"Colina","mancha_id":"13301-88b2c5c2cbfffff","clase":"Alto","nivel_medio":2.578,"nivel_medio_min":2.578,"nivel_medio_max":2.578,"pct_alto":75.7,"n_hexagonos":1,"area_ha":64.17}},{"type":"Feature","geometry":{"type":"Polygon","coordinates":[[[-70.567375,-33.151419],[-70.568007,-33.147151],[-70.573046,-33.14581],[-70.577453,-33.148735],[-70.576821,-33.153003],[-70.581228,-33.155928],[-70.580596,-33.160195],[-70.575557,-33.161537],[-70.571149,-33.158612],[-70.571782,-33.154345],[-70.567375,-33.151419]]]},"properties":{"comuna":"Colina","mancha_id":"13301-88b2c5c295fffff","clase":"Alto","nivel_medio":2.644,"nivel_medio_min":2.605,"nivel_medio_max":2.683,"pct_alto":70.0,"n_hexagonos":2,"area_ha":128.23}},{"type":"Feature","geometry":{"type":"Polygon","coordinates":[[[-70.659979,-33.180033],[-70.66061,-33.175765],[-70.665653,-33.17442],[-70.670064,-33.177343],[-70.669433,-33.181611],[-70.66439,-33.182955],[-70.659979,-33.180033]]]},"properties":{"comuna":"Colina","mancha_id":"13301-88b2c5c1cbfffff","clase":"Alto","nivel_medio":2.546,"nivel_medio_min":2.546,"nivel_medio_max":2.546,"pct_alto":78.0,"n_hexagonos":1,"area_ha":64.14}},{"type":"Feature","geometry":{"type":"Polygon","coordinates":[[[-70.703476,-33.180726],[-70.704106,-33.176458],[-70.70915,-33.175111],[-70.713564,-33.178032],[-70.712933,-33.182301],[-70.707889,-33.183647],[-70.707258,-33.187915],[-70.702214,-33.189262],[-70.701583,-33.193529],[-70.705997,-33.19645],[-70.705366,-33.200717],[-70.700322,-33.202063],[-70.699691,-33.20633],[-70.704105,-33.20925],[-70.703474,-33.213517],[-70.707888,-33.216437],[-70.707257,-33.220703],[-70.702212,-33.222048],[-70.697798,-33.219127],[-70.692754,-33.220472],[-70.68834,-33.217551],[-70.688971,-33.213286],[-70.684558,-33.210364],[-70.685189,-33.206098],[-70.690233,-33.204754],[-70.690864,-33.200487],[-70.695908,-33.199142],[-70.696539,-33.194875],[-70.692126,-33.191953],[-70.687082,-33.193299],[-70.68267,-33.190377],[-70.683301,-33.18611],[-70.678888,-33.183188],[-70.679519,-33.17892],[-70.675107,-33.175998],[-70.675738,-33.17173],[-70.680781,-33.170384],[-70.685194,-33.173306],[-70.684563,-33.177574],[-70.688975,-33.180497],[-70.688344,-33.184764],[-70.692757,-33.187686],[-70.697801,-33.18634],[-70.698432,-33.182072],[-70.703476,-33.180726]]]},"properties":{"comuna":"Colina","mancha_id":"13301-88b2c5c13bfffff","clase":"Alto","nivel_medio":2.752,"nivel_medio_min":2.528,"nivel_medio_max":3.362,"pct_alto":70.5,"n_hexagonos":12,"area_ha":769.69}},{"type":"Feature","geometry":{"type":"Polygon","coordinates":[[[-70.627842,-33.168105],[-70.628474,-33.163837],[-70.633515,-33.162493],[-70.637925,-33.165417],[-70.637294,-33.169684],[-70.641704,-33.172608],[-70.641072,-33.176875],[-70.63603,-33.178219],[-70.63162,-33.175295],[-70.626579,-33.176639],[-70.622169,-33.173715],[-70.617128,-33.175058],[-70.616496,-33.179325],[-70.620906,-33.182248],[-70.620274,-33.186515],[-70.624684,-33.189438],[-70.629725,-33.188095],[-70.634136,-33.191018],[-70.639178,-33.189675],[-70.643588,-33.192598],[-70.642957,-33.196864],[-70.637915,-33.198207],[-70.637283,-33.202473],[-70.641694,-33.205395],[-70.646736,-33.204052],[-70.651148,-33.206974],[-70.650516,-33.21124],[-70.654928,-33.214162],[-70.654296,-33.218426],[-70.658708,-33.221348],[-70.663752,-33.220005],[-70.668164,-33.222927],[-70.667533,-33.227191],[-70.671946,-33.230112],[-70.67699,-33.228769],[-70.681403,-33.23169],[-70.686447,-33.230346],[-70.690861,-33.233267],[-70.69023,-33.237531],[-70.694643,-33.240451],[-70.694012,-33.244715],[-70.698427,-33.247635],[-70.703472,-33.246291],[-70.704103,-33.242027],[-70.709148,-33.240683],[-70.713563,-33.243603],[-70.718608,-33.242258],[-70.719239,-33.237993],[-70.714824,-33.235074],[-70.715455,-33.230809],[-70.71104,-33.227889],[-70.711671,-33.223623],[-70.716716,-33.222278],[-70.721131,-33.225198],[-70.726177,-33.223852],[-70.726807,-33.219586],[-70.731853,-33.21824],[-70.736268,-33.22116],[-70.741314,-33.219813],[-70.74573,-33.222733],[-70.745099,-33.226999],[-70.749515,-33.229918],[-70.754562,-33.228571],[-70.755192,-33.224305],[-70.760239,-33.222958],[-70.760869,-33.218691],[-70.756452,-33.215772],[-70.757083,-33.211505],[-70.762129,-33.210157],[-70.766546,-33.213076],[-70.765915,-33.217343],[-70.766775,-33.217911],[-70.764268,-33.223503],[-70.763534,-33.225136],[-70.760911,-33.230974],[-70.758978,-33.23149],[-70.758348,-33.235756],[-70.753301,-33.237103],[-70.748885,-33.234184],[-70.743839,-33.23553],[-70.739423,-33.232611],[-70.734377,-33.233957],[-70.733746,-33.238222],[-70.7287,-33.239568],[-70.72807,-33.243832],[-70.732485,-33.246752],[-70.737531,-33.245406],[-70.741947,-33.248325],[-70.746994,-33.246979],[-70.751411,-33.249898],[-70.750919,-33.253225],[-70.750446,-33.254251],[-70.745733,-33.255508],[-70.741317,-33.252589],[-70.73627,-33.253935],[-70.73564,-33.258199],[-70.740056,-33.261117],[-70.745103,-33.259772],[-70.747385,-33.26128],[-70.746923,-33.262364],[-70.744207,-33.268202],[-70.743842,-33.268299],[-70.739426,-33.265381],[-70.734379,-33.266726],[-70.733748,-33.270988],[-70.738165,-33.273907],[-70.737534,-33.278169],[-70.732487,-33.279514],[-70.731856,-33.283776],[-70.726809,-33.285119],[-70.726179,-33.289381],[-70.721132,-33.290724],[-70.720501,-33.294985],[-70.715454,-33.296328],[-70.711039,-33.29341],[-70.71167,-33.289149],[-70.707254,-33.28623],[-70.707885,-33.281969],[-70.70347,-33.27905],[-70.704101,-33.274788],[-70.699686,-33.271869],[-70.69464,-33.273212],[-70.690226,-33.270292],[-70.685181,-33.271635],[-70.684549,-33.275896],[-70.688964,-33.278816],[-70.694009,-33.277473],[-70.698424,-33.280393],[-70.697793,-33.284654],[-70.692747,-33.285996],[-70.692116,-33.290257],[-70.696531,-33.293176],[-70.6959,-33.297436],[-70.690854,-33.298778],[-70.690222,-33.303038],[-70.685176,-33.304379],[-70.680762,-33.30146],[-70.675716,-33.302801],[-70.675085,-33.30706],[-70.670039,-33.3084],[-70.665625,-33.305481],[-70.666257,-33.301222],[-70.661843,-33.298303],[-70.662475,-33.294043],[-70.658061,-33.291123],[-70.658693,-33.286863],[-70.65428,-33.283943],[-70.654911,-33.279683],[-70.650499,-33.276763],[-70.645454,-33.278103],[-70.641042,-33.275182],[-70.635998,-33.276522],[-70.631586,-33.273602],[-70.626543,-33.274941],[-70.622131,-33.27202],[-70.617088,-33.273359],[-70.616456,-33.277619],[-70.620867,-33.28054],[-70.625911,-33.279201],[-70.630323,-33.282122],[-70.635366,-33.280783],[-70.639779,-33.283703],[-70.644823,-33.282363],[-70.649235,-33.285284],[-70.648604,-33.289544],[-70.643559,-33.290883],[-70.642927,-33.295143],[-70.637883,-33.296482],[-70.637251,-33.300741],[-70.641664,-33.303661],[-70.641032,-33.30792],[-70.645445,-33.310839],[-70.644813,-33.315097],[-70.639768,-33.316436],[-70.639136,-33.320694],[-70.643549,-33.323613],[-70.648595,-33.322275],[-70.653008,-33.325194],[-70.658053,-33.323855],[-70.662467,-33.326774],[-70.662125,-33.329078],[-70.660876,-33.328912],[-70.659265,-33.32838],[-70.658545,-33.32823],[-70.658036,-33.328376],[-70.658001,-33.328385],[-70.657845,-33.32843],[-70.656915,-33.32959],[-70.656195,-33.33037],[-70.655441,-33.331226],[-70.655294,-33.33138],[-70.654355,-33.33237],[-70.65187,-33.334127],[-70.651868,-33.334128],[-70.650395,-33.33517],[-70.650195,-33.33548],[-70.650045,-33.33626],[-70.649549,-33.336931],[-70.649365,-33.33718],[-70.648665,-33.33763],[-70.64824,-33.337692],[-70.647902,-33.337963],[-70.647505,-33.33856],[-70.647064,-33.339213],[-70.646995,-33.339315],[-70.646755,-33.33967],[-70.646055,-33.3407],[-70.645515,-33.3417],[-70.645245,-33.34196],[-70.644585,-33.34209],[-70.643339,-33.342104],[-70.643323,-33.342104],[-70.643236,-33.342105],[-70.642795,-33.34211],[-70.640385,-33.34262],[-70.639225,-33.34257],[-70.638405,-33.34245],[-70.63757,-33.342266],[-70.636995,-33.34214],[-70.636787,-33.341991],[-70.636554,-33.341825],[-70.63619,-33.341565],[-70.635805,-33.34129],[-70.634875,-33.34077],[-70.634576,-33.340682],[-70.633566,-33.340384],[-70.633215,-33.34028],[-70.633111,-33.340275],[-70.633093,-33.340275],[-70.632266,-33.340237],[-70.632105,-33.34023],[-70.630495,-33.34052],[-70.628915,-33.34036],[-70.627795,-33.34054],[-70.626725,-33.34057],[-70.626492,-33.340577],[-70.623865,-33.34065],[-70.622885,-33.34121],[-70.622041,-33.341523],[-70.622021,-33.341531],[-70.621375,-33.34177],[-70.620695,-33.34185],[-70.619887,-33.342057],[-70.61918,-33.342082],[-70.618645,-33.3421],[-70.617415,-33.34166],[-70.616664,-33.341493],[-70.615295,-33.34119],[-70.612485,-33.34025],[-70.612306,-33.340208],[-70.612195,-33.340182],[-70.611591,-33.340039],[-70.608585,-33.33933],[-70.607286,-33.339383],[-70.606115,-33.33943],[-70.605085,-33.33948],[-70.604495,-33.33923],[-70.603995,-33.33877],[-70.603065,-33.33828],[-70.602958,-33.338265],[-70.601885,-33.33811],[-70.601111,-33.338232],[-70.599969,-33.338414],[-70.598175,-33.338171],[-70.597801,-33.337996],[-70.596806,-33.337532],[-70.596259,-33.337106],[-70.596067,-33.336793],[-70.595925,-33.33656],[-70.595897,-33.336546],[-70.595042,-33.336103],[-70.594464,-33.335586],[-70.593915,-33.33463],[-70.593552,-33.333913],[-70.593325,-33.33298],[-70.593355,-33.332828],[-70.593739,-33.332726],[-70.593898,-33.331652],[-70.594375,-33.33107],[-70.594895,-33.33055],[-70.595585,-33.3291],[-70.596659,-33.327864],[-70.596715,-33.3278],[-70.597445,-33.326766],[-70.598023,-33.325793],[-70.598844,-33.324242],[-70.599328,-33.322402],[-70.599604,-33.321353],[-70.600304,-33.318981],[-70.600334,-33.317886],[-70.600515,-33.31695],[-70.601465,-33.31502],[-70.60172,-33.314634],[-70.602995,-33.31271],[-70.603915,-33.31184],[-70.604415,-33.31102],[-70.604561,-33.310601],[-70.604549,-33.310213],[-70.604275,-33.31011],[-70.603875,-33.310076],[-70.603213,-33.30987],[-70.603114,-33.309796],[-70.602813,-33.309573],[-70.602539,-33.309288],[-70.602254,-33.309037],[-70.601945,-33.308683],[-70.601637,-33.308386],[-70.601335,-33.30813],[-70.600545,-33.30796],[-70.598789,-33.308018],[-70.598715,-33.30802],[-70.597325,-33.30784],[-70.596455,-33.30751],[-70.596426,-33.307479],[-70.595605,-33.3066],[-70.594365,-33.30561],[-70.593765,-33.30531],[-70.592427,-33.304626],[-70.591788,-33.30417],[-70.591606,-33.30344],[-70.591727,-33.302649],[-70.592244,-33.30198],[-70.59267,-33.301311],[-70.59295,-33.300674],[-70.592933,-33.300225],[-70.592924,-33.299963],[-70.592391,-33.2991],[-70.591255,-33.29815],[-70.590581,-33.297358],[-70.589194,-33.296478],[-70.587332,-33.295666],[-70.586622,-33.295395],[-70.585844,-33.294888],[-70.585099,-33.294346],[-70.584925,-33.294224],[-70.583585,-33.29328],[-70.582015,-33.29246],[-70.581777,-33.292073],[-70.581455,-33.29155],[-70.580629,-33.29054],[-70.580195,-33.29001],[-70.579635,-33.28904],[-70.578285,-33.287838],[-70.576495,-33.28681],[-70.574535,-33.28502],[-70.574332,-33.284703],[-70.573693,-33.283702],[-70.573085,-33.282455],[-70.572545,-33.28168],[-70.571746,-33.280022],[-70.571255,-33.27927],[-70.571155,-33.27784],[-70.571196,-33.277352],[-70.571245,-33.27678],[-70.571115,-33.2757],[-70.570935,-33.27447],[-70.571595,-33.27231],[-70.571884,-33.271483],[-70.572185,-33.27062],[-70.573005,-33.26898],[-70.573348,-33.267391],[-70.573672,-33.266053],[-70.573162,-33.265101],[-70.572776,-33.264658],[-70.571785,-33.26352],[-70.570793,-33.262403],[-70.569635,-33.26095],[-70.568925,-33.25988],[-70.567736,-33.257811],[-70.567695,-33.25774],[-70.566405,-33.25601],[-70.565887,-33.255388],[-70.56467,-33.254699],[-70.563535,-33.254131],[-70.563206,-33.253642],[-70.562845,-33.2532],[-70.562061,-33.252999],[-70.56199,-33.252991],[-70.561539,-33.252939],[-70.560976,-33.252597],[-70.560554,-33.252255],[-70.560233,-33.251592],[-70.560088,-33.251049],[-70.560375,-33.25007],[-70.560528,-33.25],[-70.560603,-33.249966],[-70.560945,-33.24981],[-70.561435,-33.24963],[-70.561705,-33.2488],[-70.561965,-33.24842],[-70.561995,-33.24799],[-70.562075,-33.24751],[-70.561675,-33.24664],[-70.560945,-33.24563],[-70.560695,-33.24495],[-70.560035,-33.24437],[-70.559495,-33.24406],[-70.559123,-33.243725],[-70.559085,-33.24369],[-70.558795,-33.24332],[-70.558505,-33.24218],[-70.558405,-33.24162],[-70.558185,-33.24147],[-70.557445,-33.24141],[-70.555665,-33.24147],[-70.554908,-33.241508],[-70.554091,-33.240967],[-70.554724,-33.236705],[-70.550316,-33.233781],[-70.545276,-33.235119],[-70.540869,-33.232195],[-70.535829,-33.233532],[-70.531423,-33.230607],[-70.526383,-33.231944],[-70.521977,-33.229019],[-70.516938,-33.230356],[-70.514978,-33.229055],[-70.514695,-33.22861],[-70.513855,-33.22568],[-70.513725,-33.22516],[-70.513705,-33.22396],[-70.513602,-33.223054],[-70.518204,-33.221833],[-70.52261,-33.224758],[-70.527649,-33.223421],[-70.532056,-33.226346],[-70.537095,-33.225009],[-70.541502,-33.227933],[-70.546542,-33.226596],[-70.547175,-33.222334],[-70.552215,-33.220996],[-70.556622,-33.22392],[-70.561662,-33.222581],[-70.562295,-33.218319],[-70.557887,-33.215395],[-70.552847,-33.216733],[-70.54844,-33.213809],[-70.549073,-33.209546],[-70.544666,-33.206621],[-70.545299,-33.202358],[-70.550338,-33.201019],[-70.554745,-33.203944],[-70.559785,-33.202605],[-70.560418,-33.198341],[-70.565458,-33.197001],[-70.569865,-33.199926],[-70.574906,-33.198586],[-70.575538,-33.194322],[-70.580578,-33.192981],[-70.584986,-33.195905],[-70.590027,-33.194565],[-70.590659,-33.1903],[-70.586251,-33.187375],[-70.581211,-33.188716],[-70.576803,-33.185792],[-70.577435,-33.181526],[-70.573027,-33.178602],[-70.57366,-33.174336],[-70.5787,-33.172995],[-70.583107,-33.17592],[-70.582475,-33.180185],[-70.586883,-33.18311],[-70.591924,-33.181769],[-70.592556,-33.177503],[-70.588147,-33.174578],[-70.58878,-33.170312],[-70.584372,-33.167387],[-70.585004,-33.16312],[-70.590044,-33.161778],[-70.590676,-33.157511],[-70.595716,-33.156169],[-70.596348,-33.151901],[-70.59194,-33.148976],[-70.592572,-33.144708],[-70.597612,-33.143365],[-70.598244,-33.139096],[-70.593836,-33.136171],[-70.594468,-33.131902],[-70.599508,-33.130558],[-70.603916,-33.133484],[-70.608956,-33.13214],[-70.613364,-33.135065],[-70.612732,-33.139334],[-70.617141,-33.142259],[-70.616509,-33.146528],[-70.620918,-33.149452],[-70.625959,-33.148108],[-70.626591,-33.143839],[-70.622182,-33.140915],[-70.622813,-33.136646],[-70.618404,-33.133721],[-70.619036,-33.129451],[-70.614628,-33.126526],[-70.615259,-33.122256],[-70.610851,-33.11933],[-70.611483,-33.11506],[-70.616523,-33.113715],[-70.617154,-33.109444],[-70.612746,-33.106518],[-70.607707,-33.107863],[-70.603299,-33.104937],[-70.603931,-33.100666],[-70.60897,-33.099321],[-70.609602,-33.095049],[-70.605194,-33.092123],[-70.605826,-33.087851],[-70.610865,-33.086505],[-70.615273,-33.089431],[-70.620312,-33.088085],[-70.620944,-33.083813],[-70.616536,-33.080886],[-70.617167,-33.076613],[-70.622207,-33.075266],[-70.626615,-33.078193],[-70.625983,-33.082466],[-70.630391,-33.085392],[-70.635431,-33.084045],[-70.63984,-33.086971],[-70.64488,-33.085624],[-70.649289,-33.088549],[-70.65433,-33.087201],[-70.658739,-33.090127],[-70.66378,-33.088778],[-70.664411,-33.084505],[-70.669452,-33.083156],[-70.673862,-33.086081],[-70.678904,-33.084732],[-70.683314,-33.087657],[-70.688356,-33.086308],[-70.692767,-33.089232],[-70.692136,-33.093506],[-70.687094,-33.094855],[-70.686464,-33.099129],[-70.681422,-33.100477],[-70.677011,-33.097553],[-70.67197,-33.098901],[-70.667559,-33.095977],[-70.662518,-33.097325],[-70.658108,-33.0944],[-70.653068,-33.095747],[-70.648658,-33.092822],[-70.643618,-33.094169],[-70.642986,-33.098442],[-70.637946,-33.099789],[-70.633537,-33.096863],[-70.628497,-33.098209],[-70.627866,-33.102481],[-70.632274,-33.105407],[-70.631643,-33.109678],[-70.636052,-33.112603],[-70.63542,-33.116875],[-70.63983,-33.119799],[-70.644871,-33.118453],[-70.645502,-33.114182],[-70.641092,-33.111257],[-70.641724,-33.106986],[-70.646764,-33.105639],[-70.651174,-33.108564],[-70.656215,-33.107217],[-70.660625,-33.110142],[-70.659994,-33.114413],[-70.654953,-33.11576],[-70.654321,-33.120032],[-70.64928,-33.121378],[-70.648649,-33.125649],[-70.653059,-33.128573],[-70.652428,-33.132844],[-70.647386,-33.134189],[-70.642977,-33.131265],[-70.637936,-33.132611],[-70.633526,-33.129686],[-70.628485,-33.131031],[-70.627854,-33.135301],[-70.632263,-33.138225],[-70.631632,-33.142495],[-70.636041,-33.145419],[-70.63541,-33.149688],[-70.630368,-33.151033],[-70.629737,-33.155301],[-70.624696,-33.156645],[-70.624064,-33.160913],[-70.619023,-33.162257],[-70.618391,-33.166524],[-70.622801,-33.169448],[-70.627842,-33.168105]],[[-70.603886,-33.199071],[-70.599477,-33.196148],[-70.594436,-33.197489],[-70.593804,-33.201753],[-70.598213,-33.204677],[-70.603254,-33.203336],[-70.607663,-33.206259],[-70.612705,-33.204918],[-70.617115,-33.207841],[-70.616483,-33.212106],[-70.611441,-33.213447],[-70.607031,-33.210524],[-70.60199,-33.211865],[-70.601358,-33.216128],[-70.605767,-33.219051],[-70.605135,-33.223315],[-70.609545,-33.226238],[-70.608913,-33.230501],[-70.613323,-33.233423],[-70.612691,-33.237686],[-70.607649,-33.239026],[-70.607017,-33.243288],[-70.611427,-33.24621],[-70.616469,-33.24487],[-70.617101,-33.240608],[-70.622144,-33.239268],[-70.626555,-33.24219],[-70.625923,-33.246452],[-70.62088,-33.247792],[-70.620248,-33.252054],[-70.615205,-33.253394],[-70.614573,-33.257656],[-70.618984,-33.260577],[-70.624027,-33.259237],[-70.628439,-33.262159],[-70.627807,-33.26642],[-70.632218,-33.269341],[-70.637262,-33.268001],[-70.637894,-33.26374],[-70.642937,-33.262399],[-70.647349,-33.26532],[-70.652393,-33.263979],[-70.653025,-33.259717],[-70.658069,-33.258376],[-70.658701,-33.254114],[-70.663745,-33.252772],[-70.664376,-33.248509],[-70.66942,-33.247167],[-70.670052,-33.242904],[-70.665639,-33.239983],[-70.660595,-33.241325],[-70.656183,-33.238404],[-70.656814,-33.234141],[-70.652402,-33.231219],[-70.647359,-33.232561],[-70.642947,-33.22964],[-70.637904,-33.230981],[-70.633493,-33.228059],[-70.62845,-33.229401],[-70.62404,-33.226479],[-70.624671,-33.222215],[-70.629714,-33.220873],[-70.630346,-33.216609],[-70.625935,-33.213687],[-70.626567,-33.209422],[-70.631609,-33.20808],[-70.632241,-33.203815],[-70.62783,-33.200892],[-70.622788,-33.202234],[-70.618378,-33.199311],[-70.613337,-33.200653],[-70.608927,-33.19773],[-70.603886,-33.199071]],[[-70.602005,-33.179085],[-70.607046,-33.177743],[-70.607678,-33.173477],[-70.603269,-33.170552],[-70.603901,-33.166285],[-70.599492,-33.163361],[-70.594452,-33.164703],[-70.59382,-33.16897],[-70.598228,-33.171895],[-70.597596,-33.176161],[-70.602005,-33.179085]],[[-70.569846,-33.232691],[-70.565438,-33.229768],[-70.560397,-33.231106],[-70.559765,-33.235368],[-70.564173,-33.238291],[-70.569213,-33.236953],[-70.569846,-33.232691]],[[-70.668151,-33.288442],[-70.66752,-33.292703],[-70.671933,-33.295622],[-70.676979,-33.294281],[-70.67761,-33.290021],[-70.673196,-33.287101],[-70.668151,-33.288442]],[[-70.627795,-33.29916],[-70.628427,-33.294901],[-70.624015,-33.29198],[-70.618971,-33.293319],[-70.618339,-33.297578],[-70.622751,-33.300498],[-70.627795,-33.29916]],[[-70.666264,-33.268479],[-70.665632,-33.27274],[-70.670045,-33.27566],[-70.67509,-33.274319],[-70.675722,-33.270057],[-70.671308,-33.267137],[-70.67194,-33.262875],[-70.667526,-33.259955],[-70.662482,-33.261297],[-70.66185,-33.265558],[-70.666264,-33.268479]],[[-70.624003,-33.324707],[-70.628415,-33.327627],[-70.63346,-33.326289],[-70.634092,-33.322032],[-70.629679,-33.319112],[-70.624635,-33.32045],[-70.624003,-33.324707]],[[-70.707255,-33.253475],[-70.70221,-33.254818],[-70.701579,-33.259081],[-70.705994,-33.262001],[-70.705363,-33.266264],[-70.709778,-33.269183],[-70.714824,-33.267839],[-70.715455,-33.263576],[-70.711039,-33.260657],[-70.71167,-33.256394],[-70.707255,-33.253475]]]},"properties":{"comuna":"Colina","mancha_id":"13301-88b2c5c017fffff","clase":"Alto","nivel_medio":2.822,"nivel_medio_min":2.501,"nivel_medio_max":3.476,"pct_alto":79.2,"n_hexagonos":311,"area_ha":18935.67}},{"type":"Feature","geometry":{"type":"Polygon","coordinates":[[[-70.705378,-32.970803],[-70.706008,-32.966521],[-70.711048,-32.965166],[-70.715458,-32.968093],[-70.714827,-32.972375],[-70.709787,-32.97373],[-70.705378,-32.970803]]]},"properties":{"comuna":"Colina","mancha_id":"13301-88b2c4a4dbfffff","clase":"Alto","nivel_medio":2.527,"nivel_medio_min":2.527,"nivel_medio_max":2.527,"pct_alto":58.8,"n_hexagonos":1,"area_ha":64.47}},{"type":"Feature","geometry":{"type":"Polygon","coordinates":[[[-70.705364,-33.233498],[-70.705995,-33.229234],[-70.71104,-33.227889],[-70.715455,-33.230809],[-70.714824,-33.235074],[-70.719239,-33.237993],[-70.718608,-33.242258],[-70.713563,-33.243603],[-70.709148,-33.240683],[-70.704103,-33.242027],[-70.699688,-33.239107],[-70.700319,-33.234843],[-70.705364,-33.233498]]]},"properties":{"comuna":"Colina","mancha_id":"13301-88b2c5cf45fffff","clase":"Muy Alto","nivel_medio":3.535,"nivel_medio_min":3.506,"nivel_medio_max":3.561,"pct_alto":90.2,"n_hexagonos":3,"area_ha":192.28}},{"type":"Feature","geometry":{"type":"Polygon","coordinates":[[[-70.701579,-33.259081],[-70.70221,-33.254818],[-70.707255,-33.253475],[-70.71167,-33.256394],[-70.711039,-33.260657],[-70.715455,-33.263576],[-70.714824,-33.267839],[-70.709778,-33.269183],[-70.705363,-33.266264],[-70.705994,-33.262001],[-70.701579,-33.259081]]]},"properties":{"comuna":"Colina","mancha_id":"13301-88b2c5cf07fffff","clase":"Muy Alto","nivel_medio":3.537,"nivel_medio_min":3.505,"nivel_medio_max":3.568,"pct_alto":89.9,"n_hexagonos":2,"area_ha":128.12}},{"type":"Feature","geometry":{"type":"Polygon","coordinates":[[[-70.687066,-33.324333],[-70.692113,-33.322993],[-70.692726,-33.323398],[-70.692071,-33.323753],[-70.691527,-33.324213],[-70.691409,-33.324313],[-70.691199,-33.324491],[-70.69068,-33.325328],[-70.690265,-33.326193],[-70.690001,-33.326626],[-70.689785,-33.32693],[-70.688975,-33.32769],[-70.688028,-33.328099],[-70.687836,-33.328182],[-70.686444,-33.32853],[-70.687066,-33.324333]]]},"properties":{"comuna":"Colina","mancha_id":"13301-88b2c5cdc7fffff","clase":"Muy Alto","nivel_medio":3.567,"nivel_medio_min":3.567,"nivel_medio_max":3.567,"pct_alto":92.0,"n_hexagonos":1,"area_ha":16.71}},{"type":"Feature","geometry":{"type":"Polygon","coordinates":[[[-70.66185,-33.265558],[-70.662482,-33.261297],[-70.667526,-33.259955],[-70.67194,-33.262875],[-70.671308,-33.267137],[-70.666264,-33.268479],[-70.66185,-33.265558]]]},"properties":{"comuna":"Colina","mancha_id":"13301-88b2c5cc4dfffff","clase":"Muy Alto","nivel_medio":3.636,"nivel_medio_min":3.636,"nivel_medio_max":3.636,"pct_alto":95.7,"n_hexagonos":1,"area_ha":64.02}},{"type":"Feature","geometry":{"type":"Polygon","coordinates":[[[-70.66752,-33.292703],[-70.668151,-33.288442],[-70.673196,-33.287101],[-70.67761,-33.290021],[-70.676979,-33.294281],[-70.671933,-33.295622],[-70.66752,-33.292703]]]},"properties":{"comuna":"Colina","mancha_id":"13301-88b2c5cc05fffff","clase":"Muy Alto","nivel_medio":3.539,"nivel_medio_min":3.539,"nivel_medio_max":3.539,"pct_alto":88.6,"n_hexagonos":1,"area_ha":63.99}}],"bbox":[-70.79202,-33.34262,-70.37254,-32.94206]}